time,steer,accel,brake,gear,speedX,speedY,speedZ,trackPos,angle,rpm,damage,wheelSpin_0,wheelSpin_1,wheelSpin_2,wheelSpin_3,track_0,track_1,track_2,track_3,track_4,track_5,track_6,track_7,track_8,track_9,track_10,track_11,track_12,track_13,track_14,track_15,track_16,track_17,track_18
0.016,0.0000,0.4500,0.0000,2,-0.01,-0.00,0.00,0.3334,0.0082,5235.99,0.0,0.00,0.00,0.00,0.00,5.70304,12.6267,22.455,140.486,90.9268,77.357,71.6721,67.3518,64.5773,62.0267,59.6744,57.4982,54.7119,51.8501,47.2417,40.0655,31.0431,22.7658,11.2227
0.037,0.0000,0.6975,0.0000,1,-0.01,-0.00,0.00,0.3334,0.0082,5303.22,0.0,0.00,0.00,0.00,0.00,5.70304,12.6267,22.455,140.486,90.9268,77.357,71.6721,67.3518,64.5773,62.0267,59.6744,57.4982,54.7119,51.8501,47.2417,40.0655,31.0431,22.7658,11.2227
0.055,0.0000,0.8336,0.0000,1,-0.01,-0.00,0.00,0.3334,0.0082,5409.19,0.0,0.00,0.00,0.00,0.00,5.70304,12.6267,22.455,140.486,90.9268,77.357,71.6721,67.3518,64.5773,62.0267,59.6744,57.4982,54.7119,51.8501,47.2417,40.0655,31.0431,22.7658,11.2227
0.074,0.0000,0.9085,0.0000,1,-0.01,-0.00,0.00,0.3334,0.0082,5539.06,0.0,0.00,0.00,0.00,0.00,5.70304,12.6267,22.455,140.486,90.9268,77.357,71.6721,67.3518,64.5773,62.0267,59.6744,57.4982,54.7119,51.8501,47.2417,40.0655,31.0431,22.7658,11.2227
0.099,0.0000,0.9497,0.0000,1,-0.01,-0.00,0.00,0.3334,0.0082,5684.4,0.0,0.00,0.00,0.00,0.00,5.70304,12.6267,22.455,140.486,90.9268,77.357,71.6721,67.3518,64.5773,62.0267,59.6744,57.4982,54.7119,51.8501,47.2417,40.0655,31.0431,22.7658,11.2227
0.119,0.0000,0.9723,0.0000,1,-0.01,-0.00,0.00,0.3334,0.0082,5840.98,0.0,0.00,0.00,0.00,0.00,5.70304,12.6267,22.455,140.486,90.9268,77.357,71.6721,67.3518,64.5773,62.0267,59.6744,57.4982,54.7119,51.8501,47.2417,40.0655,31.0431,22.7658,11.2227
0.137,0.0000,0.9848,0.0000,1,-0.01,-0.00,0.00,0.3334,0.0082,6006.14,0.0,0.00,0.00,0.00,0.00,5.70304,12.6267,22.455,140.486,90.9268,77.357,71.6721,67.3518,64.5773,62.0267,59.6744,57.4982,54.7119,51.8501,47.2417,40.0655,31.0431,22.7658,11.2227
0.155,0.0000,0.9916,0.0000,1,-0.01,-0.00,0.00,0.3334,0.0082,6178.76,0.0,0.00,0.00,0.00,0.00,5.70304,12.6267,22.455,140.486,90.9268,77.357,71.6721,67.3518,64.5773,62.0267,59.6744,57.4982,54.7119,51.8501,47.2417,40.0655,31.0431,22.7658,11.2227
0.175,0.0000,0.9954,0.0000,1,-0.01,-0.00,0.00,0.3334,0.0082,6358.11,0.0,0.00,0.00,0.00,0.00,5.70304,12.6267,22.455,140.486,90.9268,77.357,71.6721,67.3518,64.5773,62.0267,59.6744,57.4982,54.7119,51.8501,47.2417,40.0655,31.0431,22.7658,11.2227
0.199,0.0000,0.9975,0.0000,1,-0.01,-0.00,0.00,0.3334,0.0082,6543.73,0.0,0.00,0.00,0.00,0.00,5.70304,12.6267,22.455,140.486,90.9268,77.357,71.6721,67.3518,64.5773,62.0267,59.6744,57.4982,54.7119,51.8501,47.2417,40.0655,31.0431,22.7658,11.2227
0.218,0.0000,0.9986,0.0000,1,-0.01,-0.00,0.00,0.3334,0.0082,6735.65,0.0,0.00,0.00,0.00,0.00,5.70304,12.6267,22.455,140.486,90.9268,77.357,71.6721,67.3518,64.5773,62.0267,59.6744,57.4982,54.7119,51.8501,47.2417,40.0655,31.0431,22.7658,11.2227
0.237,0.0000,0.9992,0.0000,1,-0.01,-0.00,0.00,0.3334,0.0082,6934.1,0.0,0.00,0.00,0.00,0.00,5.70304,12.6267,22.455,140.486,90.9268,77.357,71.6721,67.3518,64.5773,62.0267,59.6744,57.4982,54.7119,51.8501,47.2417,40.0655,31.0431,22.7658,11.2227
0.256,0.0000,0.9996,0.0000,1,-0.01,-0.00,0.00,0.3334,0.0082,7138.89,0.0,0.00,0.00,0.00,0.00,5.70304,12.6267,22.455,140.486,90.9268,77.357,71.6721,67.3518,64.5773,62.0267,59.6744,57.4982,54.7119,51.8501,47.2417,40.0655,31.0431,22.7658,11.2227
0.274,0.0000,0.9998,0.0000,1,-0.01,-0.00,0.00,0.3334,0.0082,7350.45,0.0,0.00,0.00,0.00,0.00,5.70304,12.6267,22.455,140.486,90.9268,77.357,71.6721,67.3518,64.5773,62.0267,59.6744,57.4982,54.7119,51.8501,47.2417,40.0655,31.0431,22.7658,11.2227
0.300,0.0000,0.9999,0.0000,1,-0.01,-0.00,0.00,0.3334,0.0082,7568.77,0.0,0.00,0.00,0.00,0.00,5.70304,12.6267,22.455,140.486,90.9268,77.357,71.6721,67.3518,64.5773,62.0267,59.6744,57.4982,54.7119,51.8501,47.2417,40.0655,31.0431,22.7658,11.2227
0.318,0.0000,0.9999,0.0000,1,-0.01,-0.00,0.00,0.3334,0.0082,7794.07,0.0,0.00,0.00,0.00,0.00,5.70304,12.6267,22.455,140.486,90.9268,77.357,71.6721,67.3518,64.5773,62.0267,59.6744,57.4982,54.7119,51.8501,47.2417,40.0655,31.0431,22.7658,11.2227
0.337,0.0000,0.9999,0.0000,1,-0.01,-0.00,0.00,0.3334,0.0082,8026.58,0.0,0.00,0.00,0.00,0.00,5.70304,12.6267,22.455,140.486,90.9268,77.357,71.6721,67.3518,64.5773,62.0267,59.6744,57.4982,54.7119,51.8501,47.2417,40.0655,31.0431,22.7658,11.2227
0.355,0.0000,1.0000,0.0000,1,-0.01,-0.00,0.00,0.3334,0.0082,8266.53,0.0,0.00,0.00,0.00,0.00,5.70304,12.6267,22.455,140.486,90.9268,77.357,71.6721,67.3518,64.5773,62.0267,59.6744,57.4982,54.7119,51.8501,47.2417,40.0655,31.0431,22.7658,11.2227
0.375,0.0000,1.0000,0.0000,1,-0.01,-0.00,0.00,0.3334,0.0082,8514.15,0.0,0.00,0.00,0.00,0.00,5.70304,12.6267,22.455,140.486,90.9268,77.357,71.6721,67.3518,64.5773,62.0267,59.6744,57.4982,54.7119,51.8501,47.2417,40.0655,31.0431,22.7658,11.2227
0.399,0.0000,1.0000,0.0000,1,-0.01,-0.00,0.00,0.3334,0.0082,8769.68,0.0,0.00,0.00,0.00,0.00,5.70304,12.6267,22.455,140.486,90.9268,77.357,71.6721,67.3518,64.5773,62.0267,59.6744,57.4982,54.7119,51.8501,47.2417,40.0655,31.0431,22.7658,11.2227
0.419,0.0000,1.0000,0.0000,1,-0.01,-0.00,0.00,0.3334,0.0082,9033.39,0.0,0.00,0.00,0.00,0.00,5.70304,12.6267,22.455,140.486,90.9268,77.357,71.6721,67.3518,64.5773,62.0267,59.6744,57.4982,54.7119,51.8501,47.2417,40.0655,31.0431,22.7658,11.2227
0.437,0.0000,1.0000,0.0000,1,-0.01,-0.00,0.00,0.3334,0.0082,9305.54,0.0,0.00,0.00,0.00,0.00,5.70304,12.6267,22.455,140.486,90.9268,77.357,71.6721,67.3518,64.5773,62.0267,59.6744,57.4982,54.7119,51.8501,47.2417,40.0655,31.0431,22.7658,11.2227
0.455,0.0000,1.0000,0.0000,1,-0.01,-0.00,0.00,0.3334,0.0082,9585.18,0.0,0.00,0.00,0.00,0.00,5.70304,12.6267,22.455,140.486,90.9268,77.357,71.6721,67.3518,64.5773,62.0267,59.6744,57.4982,54.7119,51.8501,47.2417,40.0655,31.0431,22.7658,11.2227
0.474,0.0000,1.0000,0.0000,1,-0.01,-0.00,0.00,0.3334,0.0082,9865.82,0.0,0.00,0.00,0.00,0.00,5.70304,12.6267,22.455,140.486,90.9268,77.357,71.6721,67.3518,64.5773,62.0267,59.6744,57.4982,54.7119,51.8501,47.2417,40.0655,31.0431,22.7658,11.2227
0.500,0.0000,1.0000,0.0000,1,-0.01,-0.00,0.00,0.3334,0.0082,10146.5,0.0,0.00,0.00,0.00,0.00,5.70304,12.6267,22.455,140.486,90.9268,77.357,71.6721,67.3518,64.5773,62.0267,59.6744,57.4982,54.7119,51.8501,47.2417,40.0655,31.0431,22.7658,11.2227
0.518,0.0000,1.0000,0.0000,1,-0.01,-0.00,0.00,0.3334,0.0082,10427.1,0.0,0.00,0.00,0.00,0.00,5.70304,12.6267,22.455,140.486,90.9268,77.357,71.6721,67.3518,64.5773,62.0267,59.6744,57.4982,54.7119,51.8501,47.2417,40.0655,31.0431,22.7658,11.2227
0.537,0.0000,1.0000,0.0000,1,-0.01,-0.00,0.00,0.3334,0.0082,10707.8,0.0,0.00,0.00,0.00,0.00,5.70304,12.6267,22.455,140.486,90.9268,77.357,71.6721,67.3518,64.5773,62.0267,59.6744,57.4982,54.7119,51.8501,47.2417,40.0655,31.0431,22.7658,11.2227
0.555,0.0000,1.0000,0.0000,2,-0.01,-0.00,0.00,0.3334,0.0082,10988.4,0.0,0.00,0.00,0.00,0.00,5.70304,12.6267,22.455,140.486,90.9268,77.357,71.6721,67.3518,64.5773,62.0267,59.6744,57.4982,54.7119,51.8501,47.2417,40.0655,31.0431,22.7658,11.2227
0.574,0.0000,1.0000,0.0000,1,-0.01,-0.00,0.00,0.3334,0.0082,11269.0,0.0,0.00,0.00,0.00,0.00,5.70304,12.6267,22.455,140.486,90.9268,77.357,71.6721,67.3518,64.5773,62.0267,59.6744,57.4982,54.7119,51.8501,47.2417,40.0655,31.0431,22.7658,11.2227
0.599,0.0000,1.0000,0.0000,1,-0.01,-0.00,0.00,0.3334,0.0082,11549.7,0.0,0.00,0.00,0.00,0.00,5.70304,12.6267,22.455,140.486,90.9268,77.357,71.6721,67.3518,64.5773,62.0267,59.6744,57.4982,54.7119,51.8501,47.2417,40.0655,31.0431,22.7658,11.2227
0.618,0.0000,1.0000,0.0000,1,-0.01,-0.00,0.00,0.3334,0.0082,11830.3,0.0,0.00,0.00,0.00,0.00,5.70304,12.6267,22.455,140.486,90.9268,77.357,71.6721,67.3518,64.5773,62.0267,59.6744,57.4982,54.7119,51.8501,47.2417,40.0655,31.0431,22.7658,11.2227
0.637,0.0000,1.0000,0.0000,1,-0.01,-0.00,0.00,0.3334,0.0082,12110.9,0.0,0.00,0.00,0.00,0.00,5.70304,12.6267,22.455,140.486,90.9268,77.357,71.6721,67.3518,64.5773,62.0267,59.6744,57.4982,54.7119,51.8501,47.2417,40.0655,31.0431,22.7658,11.2227
0.655,0.0000,1.0000,0.0000,1,-0.01,-0.00,0.00,0.3334,0.0082,12391.6,0.0,0.00,0.00,0.00,0.00,5.70304,12.6267,22.455,140.486,90.9268,77.357,71.6721,67.3518,64.5773,62.0267,59.6744,57.4982,54.7119,51.8501,47.2417,40.0655,31.0431,22.7658,11.2227
0.674,0.0000,1.0000,0.0000,1,-0.01,-0.00,0.00,0.3334,0.0082,12672.3,0.0,0.00,0.00,0.00,0.00,5.70304,12.6267,22.455,140.486,90.9268,77.357,71.6721,67.3518,64.5773,62.0267,59.6744,57.4982,54.7119,51.8501,47.2417,40.0655,31.0431,22.7658,11.2227
0.699,0.0000,1.0000,0.0000,1,-0.01,-0.00,0.00,0.3334,0.0082,12953.8,0.0,0.00,0.00,0.00,0.00,5.70304,12.6267,22.455,140.486,90.9268,77.357,71.6721,67.3518,64.5773,62.0267,59.6744,57.4982,54.7119,51.8501,47.2417,40.0655,31.0431,22.7658,11.2227
0.718,0.0000,1.0000,0.0000,1,-0.01,-0.00,0.00,0.3334,0.0082,13236.5,0.0,0.00,0.00,0.00,0.00,5.70304,12.6267,22.455,140.486,90.9268,77.357,71.6721,67.3518,64.5773,62.0267,59.6744,57.4982,54.7119,51.8501,47.2417,40.0655,31.0431,22.7658,11.2227
0.737,0.0000,1.0000,0.0000,1,-0.01,-0.00,0.00,0.3334,0.0082,13520.3,0.0,0.00,0.00,0.00,0.00,5.70304,12.6267,22.455,140.486,90.9268,77.357,71.6721,67.3518,64.5773,62.0267,59.6744,57.4982,54.7119,51.8501,47.2417,40.0655,31.0431,22.7658,11.2227
0.755,0.0000,1.0000,0.0000,1,-0.01,-0.00,0.00,0.3334,0.0082,13805.2,0.0,0.00,0.00,0.00,0.00,5.70304,12.6267,22.455,140.486,90.9268,77.357,71.6721,67.3518,64.5773,62.0267,59.6744,57.4982,54.7119,51.8501,47.2417,40.0655,31.0431,22.7658,11.2227
0.775,0.0000,1.0000,0.0000,1,-0.01,-0.00,0.00,0.3334,0.0082,14091.2,0.0,0.00,0.00,0.00,0.00,5.70304,12.6267,22.455,140.486,90.9268,77.357,71.6721,67.3518,64.5773,62.0267,59.6744,57.4982,54.7119,51.8501,47.2417,40.0655,31.0431,22.7658,11.2227
0.799,0.0000,1.0000,0.0000,1,-0.01,-0.00,0.00,0.3334,0.0082,14378.4,0.0,0.00,0.00,0.00,0.00,5.70304,12.6267,22.455,140.486,90.9268,77.357,71.6721,67.3518,64.5773,62.0267,59.6744,57.4982,54.7119,51.8501,47.2417,40.0655,31.0431,22.7658,11.2227
0.818,0.0000,1.0000,0.0000,1,-0.01,-0.00,0.00,0.3334,0.0082,14666.7,0.0,0.00,0.00,0.00,0.00,5.70304,12.6267,22.455,140.486,90.9268,77.357,71.6721,67.3518,64.5773,62.0267,59.6744,57.4982,54.7119,51.8501,47.2417,40.0655,31.0431,22.7658,11.2227
0.837,0.0000,1.0000,0.0000,1,-0.01,-0.00,0.00,0.3334,0.0082,14956.1,0.0,0.00,0.00,0.00,0.00,5.70304,12.6267,22.455,140.486,90.9268,77.357,71.6721,67.3518,64.5773,62.0267,59.6744,57.4982,54.7119,51.8501,47.2417,40.0655,31.0431,22.7658,11.2227
0.855,0.0000,0.9650,0.0000,1,-0.01,-0.00,0.00,0.3334,0.0082,15246.7,0.0,0.00,0.00,0.00,0.00,5.70304,12.6267,22.455,140.486,90.9268,77.357,71.6721,67.3518,64.5773,62.0267,59.6744,57.4982,54.7119,51.8501,47.2417,40.0655,31.0431,22.7658,11.2227
0.874,0.0000,0.7362,0.0000,1,-0.01,-0.00,0.00,0.3334,0.0082,15526.0,0.0,0.00,0.00,0.00,0.00,5.70304,12.6267,22.455,140.486,90.9268,77.357,71.6721,67.3518,64.5773,62.0267,59.6744,57.4982,54.7119,51.8501,47.2417,40.0655,31.0431,22.7658,11.2227
0.900,0.0000,0.4615,0.0000,1,-0.01,-0.00,0.00,0.3334,0.0082,15724.6,0.0,0.00,0.00,0.00,0.00,5.70304,12.6267,22.455,140.486,90.9268,77.357,71.6721,67.3518,64.5773,62.0267,59.6744,57.4982,54.7119,51.8501,47.2417,40.0655,31.0431,22.7658,11.2227
0.918,0.0000,0.2538,0.0000,1,-0.01,-0.00,0.00,0.3334,0.0082,15824.8,0.0,0.00,0.00,0.00,0.00,5.70304,12.6267,22.455,140.486,90.9268,77.357,71.6721,67.3518,64.5773,62.0267,59.6744,57.4982,54.7119,51.8501,47.2417,40.0655,31.0431,22.7658,11.2227
0.937,0.0000,0.1396,0.0000,1,-0.01,-0.00,0.00,0.3334,0.0082,15850.6,0.0,0.00,0.00,0.00,0.00,5.70304,12.6267,22.455,140.486,90.9268,77.357,71.6721,67.3518,64.5773,62.0267,59.6744,57.4982,54.7119,51.8501,47.2417,40.0655,31.0431,22.7658,11.2227
0.956,0.0000,0.0768,0.0000,1,-0.01,-0.00,0.00,0.3334,0.0082,15835.4,0.0,0.00,0.00,0.00,0.00,5.70304,12.6267,22.455,140.486,90.9268,77.357,71.6721,67.3518,64.5773,62.0267,59.6744,57.4982,54.7119,51.8501,47.2417,40.0655,31.0431,22.7658,11.2227
0.999,0.0000,0.0719,0.0000,1,-0.02,0.01,0.00,0.3335,0.0087,15760.4,0.0,0.80,-0.81,1.05,-1.08,5.70582,12.646,22.5471,139.767,90.6271,77.1409,71.4869,67.1886,64.4275,61.8889,59.547,57.3803,54.6054,51.7547,47.163,40.0057,31.0007,22.7402,11.2174
1.018,0.0000,0.4896,0.0000,1,-0.03,-0.00,0.00,0.3335,0.0087,5245.61,0.0,-0.54,0.59,-1.05,0.44,5.70581,12.6462,22.5487,139.753,90.6212,77.1367,71.4834,67.1855,64.4247,61.8864,59.5448,57.3782,54.6035,51.7529,47.1616,40.0047,31.0,22.7398,11.2173
1.038,0.0000,0.7192,0.0000,1,-0.04,-0.01,-0.00,0.3335,0.0089,5260.48,0.0,0.85,-0.73,0.47,-1.02,5.7067,12.6521,22.5766,139.54,90.5322,77.0726,71.4285,67.1374,64.3804,61.8455,59.5071,57.3431,54.572,51.7246,47.1383,39.9869,30.9873,22.7322,11.2156
1.056,0.0000,0.8456,0.0000,1,-0.15,-0.00,-0.00,0.3334,0.0089,5235.99,0.0,-1.10,0.68,0.96,0.96,5.70717,12.655,22.5894,139.443,90.4918,77.0436,71.4036,67.1154,64.3601,61.8268,59.4899,57.3272,54.5576,51.7119,47.1277,39.9788,30.9815,22.7286,11.2148
1.074,0.0000,0.6901,0.0000,1,0.68,0.01,0.00,0.3335,0.0089,5235.99,0.0,-0.07,0.45,0.98,0.98,5.70681,12.6528,22.5803,139.516,90.5216,77.0647,71.4216,67.1313,64.3745,61.8401,59.5021,57.3385,54.5678,51.721,47.1352,39.9844,30.9857,22.7312,11.2155
1.100,0.0000,0.8295,0.0000,2,1.26,0.01,0.01,0.3335,0.0090,5235.99,0.0,1.78,1.28,1.10,1.10,5.7072,12.6563,22.6003,139.375,90.46,77.0195,71.3825,67.0963,64.3425,61.8102,59.4743,57.3126,54.5442,51.6996,47.1172,39.9705,30.9761,22.7258,11.2146
1.118,0.0000,0.9062,0.0000,1,1.28,-0.01,0.03,0.3335,0.0090,5249.36,0.0,1.79,0.94,1.79,1.91,5.70741,12.6575,22.6093,139.335,90.4397,77.0032,71.368,67.0829,64.3298,61.7983,59.463,57.3019,54.5341,51.6903,47.109,39.964,30.9717,22.7234,11.2143
1.137,0.0000,0.9484,0.0000,1,1.35,0.00,0.03,0.3334,0.0090,5264.23,0.0,0.62,1.46,0.55,0.61,5.70742,12.6575,22.6118,139.343,90.4393,77.0015,71.3658,67.0806,64.3273,61.7956,59.4603,57.2992,54.5313,51.6873,47.1061,39.9615,30.9702,22.7228,11.2144
1.155,0.0000,0.9716,0.0000,1,1.25,-0.00,0.02,0.3334,0.0090,5240.44,0.0,1.72,0.93,1.85,1.82,5.70765,12.6589,22.6217,139.293,90.4143,76.9821,71.3486,67.0648,64.3126,61.7819,59.4473,57.2867,54.5198,51.6767,47.0968,39.954,30.9653,22.7201,11.214
1.174,0.0000,0.9844,0.0000,1,1.29,-0.00,0.01,0.3334,0.0090,5255.31,0.0,0.58,1.50,1.81,0.74,5.70778,12.66,22.6302,139.256,90.395,76.9669,71.3348,67.0523,64.3008,61.7707,59.4366,57.2767,54.5104,51.668,47.089,39.9479,30.9612,22.7179,11.2138
1.199,0.0000,0.9914,0.0000,1,1.28,0.00,0.00,0.3334,0.0090,5270.17,0.0,1.82,0.88,0.52,1.49,5.70786,12.6603,22.6348,139.247,90.388,76.9602,71.3288,67.0464,64.2952,61.7652,59.4312,57.2714,54.5053,51.6631,47.0845,39.9442,30.9587,22.7168,11.2138
1.218,0.0000,0.9953,0.0000,1,1.35,0.01,0.00,0.3334,0.0090,5235.99,0.0,0.55,1.49,1.40,1.40,5.70795,12.6609,22.641,139.225,90.3751,76.9496,71.3189,67.0372,64.2863,61.7566,59.4232,57.2637,54.498,51.6563,47.0783,39.9391,30.9556,22.7151,11.2137
1.238,0.0000,0.9974,0.0000,1,2.15,-0.01,0.01,0.3334,0.0091,5235.99,0.0,2.68,1.33,4.09,4.09,5.70837,12.6638,22.6591,139.128,90.3289,76.9144,71.2875,67.0088,64.2597,61.7319,59.4,57.2417,54.4776,51.6375,47.062,39.9262,30.9469,22.7104,11.213
1.256,0.0000,0.9986,0.0000,1,2.99,0.00,0.03,0.3334,0.0091,5235.99,0.0,2.54,3.04,5.58,5.58,5.70848,12.6644,22.6682,139.113,90.3148,76.9015,71.2752,66.9973,64.2484,61.7209,59.389,57.2311,54.4675,51.6277,47.0529,39.9186,30.9421,22.7081,11.2129
1.282,0.0000,0.9992,0.0000,1,3.87,0.00,0.06,0.3333,0.0090,5235.99,0.0,2.79,4.06,6.59,6.59,5.70865,12.6653,22.6807,139.091,90.2954,76.8838,71.2584,66.9809,64.2327,61.7056,59.3741,57.2168,54.4535,51.6143,47.0406,39.9085,30.9357,22.7049,11.2129
1.299,0.0000,0.9996,0.0000,1,4.76,0.00,0.08,0.3333,0.0090,5235.99,0.0,3.72,4.80,7.37,7.37,5.70901,12.6675,22.7015,139.025,90.2556,76.8505,71.2278,66.9523,64.2054,61.6793,59.3489,57.1925,54.4306,51.5926,47.0209,39.8925,30.9254,22.6996,11.2125
1.318,0.0000,0.9997,0.0000,1,5.66,0.00,0.10,0.3333,0.0090,5235.99,0.0,4.65,5.56,8.11,8.11,5.70941,12.6698,22.7252,138.957,90.2115,76.8133,71.1934,66.92,64.1743,61.6495,59.3204,57.165,54.4045,51.5678,46.9984,39.874,30.9134,22.6937,11.2121
1.337,0.0000,0.9999,0.0000,1,6.54,0.00,0.11,0.3332,0.0090,5235.99,0.0,5.67,6.33,8.95,8.95,5.70985,12.6725,22.7529,138.879,90.1611,76.7704,71.1536,66.8826,64.1384,61.6152,59.2874,57.1332,54.3741,51.5391,46.9722,39.8526,30.8997,22.6867,11.2116
1.356,0.0000,0.9999,0.0000,1,7.41,-0.00,0.11,0.3331,0.0090,5235.99,0.0,6.77,7.06,10.01,10.01,5.71036,12.6756,22.7849,138.79,90.1035,76.7215,71.1081,66.8402,64.0977,61.5758,59.2495,57.0967,54.3395,51.5062,46.9423,39.8282,30.8839,22.6788,11.2111
1.381,0.0000,0.9999,0.0000,1,8.26,-0.00,0.11,0.3331,0.0091,5235.99,0.0,7.76,7.65,11.35,11.35,5.71096,12.6794,22.8217,138.684,90.0369,76.6649,71.056,66.7909,64.0506,61.5309,59.2062,57.0551,54.2998,51.4687,46.9082,39.8004,30.8658,22.6696,11.2105
1.399,0.0000,1.0000,0.0000,1,9.10,-0.00,0.11,0.3330,0.0091,5235.99,0.0,8.62,8.20,12.86,12.86,5.71162,12.6835,22.8631,138.568,89.9628,76.6022,70.9979,66.7366,63.9985,61.4809,59.1582,57.0088,54.2558,51.4272,46.8704,39.7696,30.8458,22.6594,11.2098
1.418,0.0000,1.0000,0.0000,1,9.93,-0.00,0.11,0.3329,0.0091,5235.99,0.0,9.30,8.83,14.42,14.42,5.71232,12.6881,22.908,138.444,89.8833,76.5347,70.9356,66.6781,63.9425,61.4271,59.1065,56.9589,54.2085,51.3822,46.8294,39.7361,30.8242,22.6484,11.2091
1.437,0.0000,1.0000,0.0000,1,10.77,-0.00,0.12,0.3328,0.0091,5235.99,0.0,9.91,9.58,15.96,15.96,5.71307,12.6929,22.957,138.316,89.7994,76.4632,70.8693,66.6156,63.8826,61.3695,59.0511,56.9056,54.1576,51.3342,46.7855,39.7004,30.801,22.6366,11.2084
1.456,0.0000,1.0000,0.0000,1,11.61,-0.00,0.13,0.3327,0.0091,5235.99,0.0,10.57,10.41,17.43,17.43,5.71386,12.6983,23.0106,138.178,89.7096,76.3865,70.7983,66.5487,63.8183,61.3079,58.9917,56.8483,54.1031,51.2824,46.7385,39.6616,30.7761,22.6239,11.2076
1.481,0.0000,1.0000,0.0000,1,12.53,0.00,0.15,0.3326,0.0091,5235.99,0.0,11.35,11.47,18.98,18.98,5.71478,12.7046,23.0745,138.019,89.6044,76.2966,70.7149,66.4701,63.7429,61.2354,58.9218,56.781,54.039,51.2216,46.6829,39.6162,30.7466,22.6089,11.2068
1.499,0.0000,1.0000,0.0000,1,13.37,-0.00,0.17,0.3325,0.0091,5235.99,0.0,12.18,12.23,20.34,20.34,5.71571,12.7111,23.1392,137.857,89.4992,76.2066,70.6316,66.3917,63.6679,61.1633,58.8525,56.7142,53.9754,51.1614,46.6279,39.5712,30.7174,22.594,11.2058
1.519,0.0000,1.0000,0.0000,1,14.22,-0.00,0.18,0.3324,0.0091,5235.99,0.0,12.98,13.00,21.66,21.66,5.71671,12.7181,23.2088,137.684,89.387,76.1113,70.5429,66.3085,63.5881,61.0865,58.7786,56.6429,53.9077,51.097,46.5693,39.5231,30.6863,22.578,11.2049
1.543,0.0000,1.0000,0.0000,1,15.07,-0.00,0.20,0.3323,0.0091,5235.99,0.0,13.77,13.77,22.95,22.95,5.71776,12.7258,23.2845,137.501,89.2677,76.01,70.449,66.2202,63.5033,61.0051,58.7002,56.5675,53.8358,51.0289,46.5072,39.4723,30.6533,22.561,11.2038
1.562,0.0000,1.0000,0.0000,1,15.93,-0.00,0.21,0.3322,0.0090,5235.99,0.0,14.55,14.55,24.21,24.21,5.71887,12.734,23.366,137.307,89.142,75.9025,70.3496,66.1267,63.4137,60.9189,58.6175,56.4876,53.7598,50.9568,46.4415,39.4183,30.6182,22.543,11.2028
1.581,0.0000,1.0000,0.0000,1,16.78,-0.00,0.22,0.3320,0.0090,5235.99,0.0,15.33,15.33,25.47,25.47,5.72004,12.743,23.4541,137.103,89.0091,75.7894,70.2444,66.0282,63.3193,60.8282,58.5299,56.4032,53.6795,50.8808,46.3723,39.3617,30.5812,22.5239,11.2016
1.599,0.0000,1.0000,0.0000,1,17.63,-0.00,0.23,0.3319,0.0090,5235.99,0.0,16.11,16.11,26.72,26.72,5.72127,12.7527,23.5491,136.889,88.8693,75.6704,70.1341,65.9245,63.2196,60.7324,58.438,56.3145,53.5952,50.8009,46.2992,39.302,30.5422,22.5036,11.2004
1.618,0.0000,1.0000,0.0000,2,18.49,-0.00,0.24,0.3317,0.0090,5235.99,0.0,16.89,16.89,27.97,27.97,5.72256,12.7631,23.6511,136.663,88.7228,75.5455,70.0183,65.8155,63.1151,60.6322,58.3415,56.2214,53.5065,50.7169,46.2227,39.2392,30.5012,22.4824,11.1991
1.643,0.0000,1.0000,0.0000,2,19.32,-0.00,0.25,0.3316,0.0090,5249.36,0.0,17.66,17.66,17.59,17.59,5.72392,12.7743,23.761,136.428,88.5691,75.4149,69.897,65.7017,63.0059,60.5271,58.2404,56.1241,53.4138,50.6289,46.1426,39.1734,30.4583,22.4599,11.1978
1.662,0.0000,1.0000,0.0000,2,19.31,-0.00,0.25,0.3314,0.0090,5264.23,0.0,17.77,17.77,17.20,17.20,5.7253,12.7861,23.8764,136.186,88.4123,75.2811,69.7733,65.585,62.8942,60.4198,58.137,56.0246,53.319,50.5391,46.0609,39.1061,30.4143,22.437,11.1965
1.681,0.0000,1.0000,0.0000,2,19.33,-0.00,0.23,0.3312,0.0090,5235.99,0.0,17.77,17.77,17.09,17.16,5.72666,12.7982,23.9949,135.944,88.2555,75.1475,69.6495,65.4688,62.7828,60.3126,58.034,55.9252,53.2246,50.4495,45.9792,39.0391,30.3703,22.4139,11.1951
1.699,0.0000,1.0000,0.0000,2,19.86,0.00,0.23,0.3311,0.0091,5235.99,0.0,18.18,18.18,19.39,19.39,5.7281,12.8109,24.1197,135.692,88.0933,75.0099,69.5222,65.3492,62.668,60.2025,57.928,55.8232,53.1276,50.3576,45.8955,38.9703,30.3252,22.3901,11.1937
1.718,0.0000,1.0000,0.0000,2,20.54,0.00,0.24,0.3309,0.0091,5235.99,0.0,18.80,18.80,19.79,19.79,5.72955,12.8244,24.2525,135.438,87.9285,74.8695,69.3921,65.2269,62.5509,60.0899,57.8198,55.719,53.0283,50.2635,45.8097,38.8997,30.2789,22.3656,11.1923
1.743,0.0000,1.0000,0.0000,2,21.21,-0.00,0.26,0.3307,0.0091,5235.99,0.0,19.41,19.41,20.22,20.22,5.73105,12.8386,24.3934,135.177,87.7586,74.725,69.258,65.1006,62.4299,59.9737,57.7079,55.6112,52.9256,50.1663,45.721,38.8269,30.2309,22.3402,11.1908
1.762,0.0000,1.0000,0.0000,2,21.88,-0.00,0.28,0.3305,0.0091,5235.99,0.0,20.02,20.02,20.73,20.73,5.7326,12.8537,24.5438,134.906,87.5832,74.5757,69.1195,64.9706,62.3051,59.8538,57.5926,55.4999,52.8199,50.066,45.6297,38.7516,30.1814,22.3139,11.1893
1.781,0.0000,1.0000,0.0000,2,22.54,-0.00,0.30,0.3304,0.0091,5235.99,0.0,20.63,20.63,21.29,21.29,5.73419,12.8696,24.7045,134.628,87.4025,74.4217,68.9767,64.8365,62.1765,59.7303,57.4736,55.3855,52.7109,49.9627,45.5356,38.674,30.1302,22.2865,11.1877
1.799,0.0000,1.0000,0.0000,2,23.20,-0.00,0.31,0.3302,0.0091,5235.99,0.0,21.23,21.23,21.88,21.88,5.73583,12.8866,24.877,134.341,87.2166,74.2632,68.83,64.6986,62.0441,59.6031,57.3512,55.2675,52.5986,49.8564,45.4385,38.5941,30.0774,22.2582,11.1861
1.818,0.0000,1.0000,0.0000,2,23.85,-0.00,0.32,0.3300,0.0091,5235.99,0.0,21.83,21.83,22.50,22.50,5.73752,12.9045,25.0611,134.046,87.0249,74.1001,68.6789,64.5566,61.9078,59.4722,57.2254,55.1463,52.4832,49.7469,45.3388,38.5118,30.023,22.2291,11.1843
1.843,0.0000,1.0000,0.0000,2,24.51,-0.00,0.33,0.3298,0.0091,5235.99,0.0,22.43,22.43,23.15,23.15,5.73926,12.9235,25.2593,133.743,86.828,73.9327,68.5235,64.4105,61.7679,59.3377,57.0959,55.0213,52.3646,49.6343,45.2363,38.4273,29.967,22.1989,11.1823
1.862,0.0000,1.0000,0.0000,2,25.16,-0.00,0.33,0.3296,0.0091,5235.99,0.0,23.03,23.03,23.81,23.81,5.74105,12.9435,25.4719,133.431,86.6258,73.7604,68.3638,64.2605,61.6242,59.1997,56.9631,54.8932,52.2425,49.5188,45.1309,38.3401,29.9093,22.1676,11.1802
1.881,0.0000,1.0000,0.0000,2,25.82,-0.00,0.33,0.3293,0.0091,5235.99,0.0,23.63,23.63,24.45,24.45,5.74289,12.9647,25.7009,133.112,86.4184,73.5837,68.2001,64.1067,61.4765,59.058,56.8267,54.7617,52.1175,49.4001,45.0229,38.2508,29.8499,22.1354,11.1777
1.899,0.0000,1.0000,0.0000,2,26.47,-0.00,0.33,0.3291,0.0091,5235.99,0.0,24.23,24.23,25.08,25.08,5.74477,12.9871,25.9488,132.784,86.2057,73.4025,68.0321,63.9488,61.325,58.9123,56.6866,54.627,51.989,49.2785,44.9119,38.1592,29.789,22.1021,11.1751
1.918,0.0000,1.0000,0.0000,2,27.13,-0.00,0.32,0.3289,0.0091,5235.99,0.0,24.83,24.83,25.70,25.70,5.74669,13.0107,26.2174,132.447,85.987,73.2166,67.86,63.7867,61.1698,58.7632,56.5431,54.4887,51.8574,49.1536,44.7982,38.0651,29.7263,22.0678,11.1722
1.943,0.0000,1.0000,0.0000,2,27.79,-0.00,0.33,0.3287,0.0091,5235.99,0.0,25.43,25.43,26.31,26.31,5.74867,13.0357,26.5101,132.102,85.7636,73.0259,67.6835,63.6208,61.0106,58.6105,56.3961,54.347,51.7226,49.0259,44.6817,37.9686,29.6619,22.0325,11.169
1.963,0.0000,1.0000,0.0000,2,28.44,-0.00,0.33,0.3284,0.0091,5235.99,0.0,26.03,26.03,26.92,26.92,5.75068,13.0621,26.8296,131.75,85.5344,72.8311,67.5029,63.4508,60.8476,58.454,56.2456,54.202,51.5845,48.8951,44.5624,37.8699,29.5959,21.996,11.1655
1.981,0.0000,1.0000,0.0000,2,29.16,-0.00,0.34,0.3282,0.0091,5235.99,0.0,26.69,26.69,27.59,27.59,5.75296,13.0927,27.2192,131.353,85.2764,72.6115,67.299,63.2597,60.664,58.2776,56.0758,54.0385,51.4289,48.7475,44.4281,37.7584,29.5212,21.9547,11.1614
2.006,0.0000,1.0000,0.0000,2,29.82,-0.00,0.35,0.3279,0.0091,5235.99,0.0,27.29,27.29,28.20,28.20,5.75509,13.1222,27.614,130.982,85.0364,72.407,67.1095,63.0815,60.4934,58.1135,55.918,53.8863,51.2841,48.6102,44.3029,37.6546,29.4516,21.916,11.1573
2.025,0.0000,1.0000,0.0000,2,30.48,-0.00,0.36,0.3277,0.0091,5235.99,0.0,27.89,27.89,28.81,28.81,5.75726,13.1532,28.0564,130.604,84.7909,72.1977,66.9158,62.8993,60.3186,57.9457,55.7566,53.7306,51.1361,48.47,44.1752,37.5486,29.3803,21.8761,11.1529
2.043,0.0000,1.0000,0.0000,2,31.13,-0.00,0.37,0.3274,0.0091,5235.99,0.0,28.49,28.49,29.42,29.42,5.75948,13.186,28.5604,130.217,84.5399,71.9842,66.7179,62.7134,60.1404,57.7744,55.5918,53.5717,50.9849,48.3266,44.0444,37.4398,29.3072,21.8351,11.1481
2.061,0.0000,1.0000,0.0000,2,31.79,-0.00,0.38,0.3271,0.0091,5235.99,0.0,29.09,29.09,30.03,30.03,5.76174,13.2204,29.1422,129.823,84.2837,71.7665,66.5158,62.5234,59.9582,57.5994,55.4234,53.4094,50.8303,48.1802,43.911,37.3289,29.2324,21.7931,11.143
2.081,0.0000,1.0000,0.0000,2,32.44,-0.00,0.39,0.3269,0.0091,5235.99,0.0,29.69,29.69,30.65,30.65,5.76405,13.2567,29.8356,129.42,84.0225,71.5435,66.3093,62.3293,59.7723,57.4208,55.2514,53.2437,50.6727,48.0308,43.7748,37.2155,29.1558,21.7498,11.1375
2.106,0.0000,1.0000,0.0000,2,33.10,-0.00,0.40,0.3266,0.0091,5235.99,0.0,30.29,30.29,31.26,31.26,5.76641,13.2948,30.7021,129.009,83.7555,71.3164,66.0988,62.1315,59.5825,57.2383,55.0759,53.0749,50.5119,47.8784,43.6358,37.0998,29.0775,21.7054,11.1317
2.124,0.0000,1.0000,0.0000,2,33.75,-0.00,0.41,0.3263,0.0091,5235.99,0.0,30.89,30.89,31.88,31.88,5.76881,13.3349,31.8963,128.59,83.4832,71.0848,65.8843,61.9297,59.389,57.0525,54.8969,52.9023,50.3477,47.7228,43.4941,36.9816,28.9975,21.6597,11.1254
2.143,0.0000,1.0000,0.0000,2,34.40,-0.00,0.41,0.3260,0.0091,5235.99,0.0,31.49,31.49,32.49,32.49,5.77126,13.3773,34.5992,128.162,83.2059,70.8485,65.6653,61.7239,59.1916,56.8629,54.7145,52.7267,50.1805,47.5642,43.3496,36.8611,28.9155,21.6129,11.1187
2.163,0.0000,1.0000,0.0000,2,35.06,-0.00,0.42,0.3257,0.0091,5235.99,0.0,32.09,32.09,33.10,33.10,5.77376,13.4218,200.0,127.726,82.923,70.6077,65.442,61.5142,58.9905,56.6696,54.5286,52.5475,50.0101,47.4027,43.2024,36.7381,28.8319,21.5649,11.1116
2.181,0.0000,1.0000,0.0000,2,35.71,-0.00,0.43,0.3254,0.0091,5235.99,0.0,32.69,32.69,33.71,33.71,5.77631,13.4685,200.0,127.282,82.6352,70.3624,65.2148,61.3003,58.7854,56.4728,54.3393,52.3648,49.8362,47.238,43.0522,36.6127,28.7464,21.5156,11.104
2.206,0.0000,1.0000,0.0000,2,36.37,-0.00,0.44,0.3251,0.0091,5235.99,0.0,33.28,33.28,34.33,34.33,5.7789,13.5178,200.0,126.831,82.3414,70.1127,64.9833,61.0829,58.5767,56.2723,54.1464,52.1789,49.6593,47.0702,42.8995,36.4849,28.6592,21.4649,11.096
2.225,0.0000,1.0000,0.0000,2,37.02,-0.00,0.44,0.3248,0.0091,5235.99,0.0,33.88,33.88,34.93,34.93,5.78154,13.5695,200.0,126.37,82.0427,69.8582,64.7477,60.8613,58.3643,56.0683,53.95,51.9897,49.4794,46.8996,42.7438,36.3547,28.5699,21.4132,11.0875
2.243,0.0000,1.0000,0.0000,2,37.66,-0.00,0.43,0.3245,0.0091,5235.99,0.0,34.47,34.47,35.68,35.68,5.78423,13.6237,200.0,125.904,81.7396,69.6002,64.5082,60.6364,58.1486,55.861,53.7506,51.7975,49.2963,46.726,42.5859,36.2221,28.4793,21.3601,11.0785
2.263,0.0000,1.0000,0.0000,2,38.32,-0.00,0.43,0.3242,0.0091,5235.99,0.0,35.07,35.07,36.28,36.28,5.78731,13.6808,200.0,125.428,81.4308,69.3369,64.2642,60.4068,57.9284,55.6497,53.5474,51.6018,49.1098,46.5495,42.4246,36.0871,28.3865,21.3058,11.069
2.281,0.0000,1.0000,0.0000,2,38.97,-0.00,0.43,0.3239,0.0091,5235.99,0.0,35.67,35.67,36.84,36.84,5.79089,13.7407,200.0,124.943,81.1161,69.0692,64.0159,60.1737,57.7048,55.4349,53.3405,51.4024,48.9202,46.3695,42.2609,35.9495,28.2919,21.2501,11.059
2.306,0.0000,1.0000,0.0000,2,39.63,-0.00,0.43,0.3236,0.0091,5235.99,0.0,36.27,36.27,37.41,37.41,5.79502,13.8037,200.0,124.451,80.7963,68.797,63.7638,59.9364,57.4774,55.2162,53.1301,51.1997,48.7274,46.1869,42.0943,35.8096,28.1955,21.193,11.0484
2.325,0.0000,1.0000,0.0000,2,40.28,-0.00,0.43,0.3232,0.0091,5235.99,0.0,36.87,36.87,37.99,37.99,5.7997,13.87,200.0,123.95,80.4712,68.5199,63.5071,59.6951,57.246,54.9941,52.9165,50.9936,48.5312,46.0011,41.9249,35.6671,28.097,21.1346,11.0373
2.343,0.0000,1.0000,0.0000,2,40.93,-0.00,0.44,0.3229,0.0091,5235.99,0.0,37.47,37.47,38.57,38.57,5.80495,13.9395,200.0,123.44,80.1408,68.2387,63.2462,59.4502,57.0111,54.7682,52.6991,50.7843,48.3319,45.8122,41.7529,35.5223,27.9967,21.0748,11.0255
2.363,0.0000,1.0000,0.0000,2,41.59,-0.00,0.45,0.3225,0.0091,5235.99,0.0,38.06,38.06,39.16,39.16,5.8108,14.0127,200.0,122.924,79.8052,67.9529,62.9814,59.2011,56.7723,54.5388,52.4785,50.5716,48.1295,45.6203,41.5778,35.375,27.8946,21.0136,11.0132
2.381,0.0000,1.0000,0.0000,2,42.24,-0.00,0.46,0.3222,0.0091,5235.99,0.0,38.66,38.66,39.76,39.76,5.81734,14.0894,200.0,122.398,79.4641,67.6624,62.7124,58.9481,56.5297,54.3058,52.2541,50.3556,47.924,45.4252,41.4002,35.2252,27.7905,20.951,11.0002
2.407,0.0000,1.0000,0.0000,2,42.89,-0.00,0.47,0.3218,0.0091,5274.66,0.0,39.26,39.26,40.39,40.39,5.82451,14.1699,200.0,121.865,79.1178,67.3678,62.439,58.6914,56.2836,54.0692,52.0264,50.1361,47.7152,45.2274,41.2199,35.0729,27.6846,20.887,10.9866
2.425,0.0000,1.0000,0.0000,2,43.54,-0.00,0.48,0.3215,0.0091,5368.47,0.0,39.85,39.85,41.10,41.10,5.83238,14.2544,200.0,121.324,78.7664,67.0682,62.1615,58.4306,56.0334,53.8291,51.7953,49.9133,47.503,45.0265,41.0368,34.9182,27.5766,20.8216,10.9724
2.443,0.0000,1.0000,0.0000,2,44.21,-0.00,0.49,0.3211,0.0091,5468.6,0.0,40.46,40.46,41.87,41.87,5.84096,14.3434,200.0,120.774,78.4095,66.7645,61.8801,58.1658,55.7795,53.5851,51.5606,49.6872,47.2879,44.8224,40.8507,34.7609,27.4667,20.7547,10.9575
2.463,0.0000,1.0000,0.0000,2,44.89,-0.00,0.47,0.3207,0.0091,5572.97,0.0,41.04,41.04,42.66,42.66,5.85032,14.4368,200.0,120.216,78.0473,66.4557,61.594,57.897,55.5216,53.3374,51.3224,49.4575,47.0693,44.6151,40.6621,34.601,27.3548,20.6863,10.9418
2.481,0.0000,1.0000,0.0000,2,45.58,-0.00,0.36,0.3203,0.0091,5691.11,0.0,41.67,41.67,43.56,43.56,5.86048,14.535,200.0,119.648,77.6787,66.1423,61.3033,57.6238,55.2597,53.0856,51.0801,49.2243,46.8472,44.4047,40.4702,34.4386,27.2407,20.6163,10.9255
2.500,0.0000,1.0000,0.0000,2,46.28,-0.00,0.30,0.3199,0.0091,5814.67,0.0,42.33,42.33,44.51,44.51,5.87149,14.6384,200.0,119.07,77.3044,65.8233,61.0081,57.346,54.9934,52.8299,50.8341,48.9871,46.6215,44.1909,40.2752,34.2733,27.1245,20.5446,10.9083
2.525,0.0000,1.0000,0.0000,2,47.00,0.00,0.28,0.3196,0.0091,5940.44,0.0,43.00,43.00,45.47,45.47,5.88336,14.7472,200.0,118.484,76.9237,65.4998,60.7078,57.0639,54.7228,52.5701,50.584,48.7462,46.3925,43.9735,40.0771,34.1053,27.0061,20.4713,10.8904
2.543,0.0000,1.0000,0.0000,2,47.74,0.00,0.27,0.3192,0.0091,6069.49,0.0,43.68,43.68,46.46,46.46,5.89616,14.8617,200.0,117.887,76.5372,65.1707,60.403,56.7775,54.4481,52.3062,50.3302,48.5015,46.1595,43.753,39.8762,33.9344,26.8855,20.3964,10.8717
2.563,0.0000,1.0000,0.0000,2,48.50,0.00,0.29,0.3188,0.0091,6201.44,0.0,44.37,44.37,47.47,47.47,5.9099,14.9824,200.0,117.281,76.1449,64.8365,60.0934,56.4866,54.1691,52.0383,50.0724,48.253,45.923,43.5288,39.672,33.7606,26.7626,20.3197,10.8522
2.581,0.0000,1.0000,0.0000,2,49.28,0.00,0.31,0.3176,0.0092,6338.12,0.0,45.08,45.08,48.51,48.51,5.93029,15.1226,200.0,116.656,75.7374,64.4896,59.7717,56.1841,53.8792,51.7596,49.8041,47.9945,45.6771,43.2956,39.4593,33.5797,26.6318,20.2353,10.8269
2.600,0.0000,1.0000,0.0000,2,50.07,0.00,0.34,0.3172,0.0110,6483.45,0.0,45.80,45.80,49.62,49.62,5.94606,15.2565,200.0,116.032,75.3325,64.1451,59.4522,55.8839,53.5914,51.4831,49.5382,47.7383,45.433,43.0644,39.2487,33.4004,26.5042,20.1551,10.8057
2.625,0.0297,1.0000,0.0000,2,50.88,0.00,0.36,0.3166,0.0128,6643.3,0.0,46.53,46.53,50.84,50.84,5.96294,15.3979,200.0,115.398,74.9214,63.795,59.1279,55.5791,53.299,51.2024,49.268,47.4779,45.1853,42.8295,39.0346,33.2182,26.3743,20.073,10.7835
2.643,0.0799,1.0000,0.0000,2,51.70,0.07,0.39,0.3160,0.0142,6825.2,0.0,47.34,47.20,52.23,52.23,5.97749,15.5125,200.0,115.323,74.7421,63.6116,58.9461,55.3995,53.1216,51.0271,49.0951,47.3077,45.0188,42.6672,38.8802,33.0782,26.2733,20.0085,10.7652
2.661,0.1312,1.0000,0.0000,2,52.52,0.18,0.41,0.3154,0.0145,7039.31,0.0,48.24,47.79,53.85,53.85,5.98413,15.545,200.0,116.711,75.1675,63.8631,59.1359,55.5474,53.2443,51.1283,49.1777,47.3738,45.0654,42.6957,38.8827,33.0496,26.249,19.9916,10.7584
2.681,0.1706,1.0000,0.0000,3,53.16,0.27,0.27,0.3150,0.0129,7700.14,0.0,49.18,48.31,58.33,58.33,5.97815,15.4499,200.0,120.493,76.5502,64.7973,59.9081,56.2062,53.8351,51.6595,49.6568,47.8069,45.4427,43.0193,39.1276,33.1926,26.3417,20.0471,10.7694
2.700,0.1993,1.0000,0.0000,3,53.74,0.30,0.13,0.3147,0.0094,6228.93,0.0,49.84,48.50,51.83,50.77,5.95772,15.2148,200.0,127.591,79.1692,66.5965,61.4117,57.5034,55.0081,52.7242,50.6259,48.6919,46.2257,43.7037,39.6674,33.5424,26.572,20.1876,10.8012
2.725,0.2193,1.0000,0.0000,3,53.94,0.51,0.09,0.3147,0.0049,6243.54,0.0,50.32,48.84,48.32,46.79,5.92928,14.9253,141.414,137.229,82.5756,68.9177,63.3472,59.1717,56.5158,54.0921,51.8716,49.8298,47.233,44.5857,40.3653,34.0006,26.8692,20.3704,10.8444
2.743,0.2332,1.0000,0.0000,3,53.90,0.74,0.08,0.3151,0.0000,5235.99,0.0,50.36,48.75,48.51,46.93,5.89477,14.6127,82.0553,149.483,86.6472,71.6556,65.6184,61.1221,58.2752,55.6857,53.3204,51.1515,48.4015,45.6078,41.1736,34.5321,27.2075,20.5799,10.8959
2.762,0.2408,1.0000,0.0000,3,54.29,0.86,0.09,0.3160,-0.0055,5235.99,0.0,50.69,48.92,50.45,50.45,5.85283,14.2658,57.3453,166.135,91.7614,75.0368,68.4061,63.5059,60.4198,57.6241,55.0793,52.754,49.8158,46.8429,42.1489,35.1743,27.6078,20.8287,10.9583
2.781,0.2413,1.0000,0.0000,3,54.79,0.93,0.11,0.3173,-0.0116,5267.89,0.0,51.22,49.32,50.88,50.88,5.80503,13.8989,43.9708,186.256,98.1168,79.1462,71.7653,66.3611,62.979,59.9295,57.1657,54.6495,51.4836,48.2953,43.2913,35.9234,28.0635,21.1127,11.0304
2.800,0.2389,1.0000,0.0000,3,55.29,0.97,0.14,0.3189,-0.0179,5310.95,0.0,51.70,49.77,51.29,51.29,5.75372,13.5341,35.8799,195.409,105.757,83.9493,75.6498,69.6368,65.9014,62.5508,59.5288,56.7895,53.3587,49.9212,44.5623,36.7504,28.5516,21.4177,11.1089
2.825,0.2313,1.0000,0.0000,3,55.80,0.99,0.16,0.3208,-0.0242,5355.31,0.0,52.16,50.23,51.72,51.72,5.70037,13.1827,30.5715,200.0,114.809,89.4503,80.0427,73.3084,69.1581,65.4578,62.1375,59.1423,55.41,51.6914,45.9359,37.635,29.0569,21.7343,11.1914
2.843,0.2229,1.0000,0.0000,3,56.31,1.00,0.22,0.3232,-0.0304,5402.27,0.0,52.63,50.73,52.17,52.17,5.64579,12.8487,26.9066,200.0,125.53,95.7137,84.9723,77.3857,72.7527,68.6478,64.9862,61.6998,57.6274,53.5944,47.4,38.5672,29.5706,22.0574,11.2767
2.862,0.2085,1.0000,0.0000,3,56.83,0.99,0.29,0.3258,-0.0365,5451.74,0.0,53.09,51.21,52.65,52.65,5.58977,12.5285,24.5519,200.0,138.484,102.94,90.5669,81.9602,76.7567,72.1797,68.1227,64.5021,60.0426,55.6547,48.9714,39.5557,30.1009,22.3885,11.3651
2.881,0.1741,1.0000,0.0000,3,57.35,0.95,0.35,0.3288,-0.0422,5502.32,0.0,53.52,51.72,53.14,53.14,5.53391,12.2312,22.892,200.0,153.883,111.075,96.7472,86.9473,81.0879,75.9738,71.4715,67.4777,62.5896,57.8136,50.6012,40.5666,30.6358,22.7151,11.4537
2.900,0.1567,1.0000,0.0000,3,57.89,0.85,0.39,0.3320,-0.0472,5552.42,0.0,53.89,52.30,53.62,53.62,5.48107,11.9726,21.6916,200.0,171.154,119.65,103.127,92.0218,85.4566,79.7714,74.8011,70.4186,65.0882,59.916,52.1708,41.5242,31.1333,23.012,11.5367
2.925,0.1410,1.0000,0.0000,3,58.43,0.76,0.41,0.3353,-0.0513,5605.09,0.0,54.28,52.86,54.13,54.13,5.43162,11.7505,20.7901,200.0,185.442,128.462,109.541,97.0484,89.7461,83.4716,78.0227,73.2467,67.4734,61.9078,53.6407,42.4061,31.5827,23.274,11.6125
2.943,0.1269,1.0000,0.0000,3,58.98,0.68,0.41,0.3389,-0.0548,5660.29,0.0,54.70,53.42,54.66,54.66,5.3847,11.5556,20.0759,200.0,191.526,137.605,116.048,102.073,93.9958,87.1096,81.169,75.9928,69.7722,63.8139,55.032,43.2275,31.9936,23.5079,11.6829
2.962,0.1142,1.0000,0.0000,3,59.53,0.61,0.40,0.3425,-0.0577,5716.46,0.0,55.13,53.97,55.20,55.20,5.33985,11.3824,19.4927,200.0,195.615,147.113,122.661,107.102,98.2123,90.6919,84.2469,78.6627,71.9917,65.6417,56.3521,43.9947,32.3705,23.7168,11.7484
2.987,0.1028,1.0000,0.0000,3,60.14,0.53,0.38,0.3467,-0.0604,5778.79,0.0,55.63,54.58,55.81,55.81,5.2926,11.2128,18.9632,128.636,198.988,158.008,130.052,112.632,102.806,94.5629,87.5501,81.5113,74.3421,67.5633,57.7247,44.78,32.7491,23.9207,11.8152
3.007,0.0925,1.0000,0.0000,3,60.77,0.47,0.36,0.3510,-0.0626,5841.71,0.0,56.14,55.19,56.41,56.41,5.24702,11.0601,18.5188,98.2918,200.0,169.46,137.612,118.194,107.381,98.3868,90.7894,84.2876,76.6156,69.4081,59.0284,45.5137,33.0964,24.1017,11.8777
3.031,0.0833,1.0000,0.0000,3,61.42,0.42,0.40,0.3554,-0.0643,5862.56,0.0,56.69,55.82,56.63,56.63,5.20284,10.9217,18.1406,81.5279,200.0,180.328,145.348,123.786,111.935,102.162,93.9657,86.9927,78.8146,71.1803,60.2669,46.2002,33.4152,24.2619,11.9362
3.050,0.0750,1.0000,0.0000,3,62.05,0.40,0.48,0.3598,-0.0655,5915.73,0.0,57.22,56.47,57.13,57.13,5.16056,10.8002,17.8329,71.3714,200.0,185.356,152.895,129.145,116.256,105.714,96.9315,89.5026,80.8393,72.7994,61.3856,46.809,33.691,24.3945,11.9891
3.075,0.0675,1.0000,0.0000,3,62.68,0.37,0.56,0.3644,-0.0663,5988.72,0.0,57.76,57.08,57.83,57.83,5.11968,10.691,17.5742,64.5073,200.0,188.558,160.384,134.369,120.428,109.115,99.7523,91.8755,82.7395,74.3082,62.4167,47.3607,33.9355,24.5063,12.0379
3.093,0.0607,1.0000,0.0000,3,63.31,0.33,0.60,0.3690,-0.0668,6075.04,0.0,58.31,57.68,58.66,58.66,5.07979,10.5904,17.3491,59.4824,200.0,190.97,167.98,139.579,124.549,112.449,102.499,94.1724,84.5666,75.7497,63.392,47.875,34.1588,24.6029,12.0836
3.119,0.0546,1.0000,0.0000,3,63.96,0.28,0.62,0.3737,-0.0671,6159.93,0.0,58.88,58.28,59.48,59.48,5.04074,10.4965,17.1489,55.6044,200.0,192.916,175.783,144.852,128.681,115.765,105.213,96.4314,86.3513,77.1491,64.3301,48.3631,34.3671,24.6878,12.1269
3.138,0.0492,1.0000,0.0000,3,64.61,0.24,0.62,0.3783,-0.0672,6239.37,0.0,59.45,58.90,60.25,60.25,5.00256,10.4088,16.9716,52.5418,200.0,194.527,180.601,150.176,132.813,119.057,107.891,98.6462,88.0904,78.5043,65.2304,48.8249,34.5604,24.7611,12.1678
3.162,0.0443,1.0000,0.0000,3,65.28,0.20,0.65,0.3830,-0.0671,6312.47,0.0,60.06,59.55,60.96,60.96,4.96538,10.328,16.8179,50.1131,200.0,195.859,183.498,155.474,136.886,122.276,110.491,100.786,89.7588,79.796,66.0799,49.254,34.7361,24.8225,12.2058
3.182,0.0398,1.0000,0.0000,3,65.97,0.17,0.70,0.3876,-0.0667,6379.51,0.0,60.66,60.19,61.61,61.61,4.9292,10.2537,16.6865,48.1646,200.0,196.967,185.612,160.716,140.876,125.405,113.003,102.84,91.3505,81.0202,66.8769,49.6503,34.8943,24.8749,12.2412
3.207,0.0358,1.0000,0.0000,3,66.66,0.14,0.74,0.3922,-0.0661,6448.07,0.0,61.26,60.83,62.27,62.27,4.89411,10.186,16.5771,46.6062,200.0,197.875,187.235,165.829,144.729,128.401,115.392,104.784,92.8456,82.1627,67.6127,50.0095,35.0333,24.9176,12.2736
3.225,0.0323,1.0000,0.0000,3,67.35,0.12,0.77,0.3968,-0.0653,6518.72,0.0,61.88,61.48,62.95,62.95,4.86016,10.125,16.4896,45.3598,200.0,198.611,188.507,170.764,148.411,131.243,117.643,106.603,94.2358,83.2175,68.2846,50.331,35.1533,24.9509,12.303
3.250,0.0290,1.0000,0.0000,3,68.06,0.10,0.79,0.4014,-0.0643,6591.45,0.0,62.49,62.14,63.65,63.65,4.82743,10.0708,16.4239,44.3753,200.0,199.192,189.505,175.015,151.879,133.896,119.729,108.281,95.5081,84.1756,68.8873,50.6126,35.2531,24.9745,12.3294
3.269,0.0261,1.0000,0.0000,3,68.77,0.08,0.79,0.4059,-0.0631,6667.04,0.0,63.12,62.80,64.38,64.38,4.79593,10.0228,16.3784,43.5967,200.0,199.643,190.289,177.436,155.133,136.367,121.66,109.824,96.6691,85.0434,69.426,50.8579,35.335,24.9892,12.353
3.293,0.0235,1.0000,0.0000,3,69.49,0.06,0.79,0.4104,-0.0617,6745.72,0.0,63.76,63.46,65.14,65.14,4.7656,9.98074,16.3516,42.9793,200.0,199.986,190.906,179.062,158.19,138.67,123.447,111.243,97.7299,85.8301,69.9077,51.0709,35.401,24.9962,12.3737
3.313,0.0212,1.0000,0.0000,3,70.24,0.05,0.81,0.4148,-0.0602,6795.28,0.0,64.42,64.14,65.65,65.65,4.73635,9.94347,16.3399,42.4732,200.0,200.0,191.404,180.283,161.123,140.864,125.139,112.58,98.7218,86.5605,70.3495,51.2612,35.4559,24.9979,12.3923
3.338,0.0191,1.0000,0.0000,3,70.99,0.04,0.88,0.4191,-0.0586,6834.74,0.0,65.10,64.86,66.01,66.01,4.70842,9.91229,16.3485,42.0993,200.0,200.0,191.766,181.176,163.793,142.844,126.655,113.769,99.5965,87.1982,70.7279,51.4168,35.494,24.9914,12.408
3.356,0.0171,1.0000,0.0000,3,71.73,0.04,0.95,0.4233,-0.0567,6916.37,0.0,65.77,65.56,66.78,66.78,4.68189,9.88782,16.3789,41.8523,200.0,200.0,191.996,181.808,166.146,144.573,127.967,114.79,100.339,87.7322,71.0367,51.5348,35.5144,24.9766,12.4207
3.381,0.0154,1.0000,0.0000,3,72.46,0.04,0.99,0.4275,-0.0547,7022.68,0.0,66.43,66.24,67.80,67.80,4.65669,9.8687,16.427,41.6806,200.0,200.0,192.144,182.281,168.316,146.154,129.158,115.711,101.002,88.2038,71.3029,51.6296,35.5237,24.9565,12.431
3.400,0.0139,1.0000,0.0000,3,73.20,0.03,1.01,0.4315,-0.0526,7135.88,0.0,67.10,66.92,68.90,68.90,4.63276,9.85425,16.4906,41.5592,200.0,200.0,192.233,182.646,170.347,147.64,130.27,116.565,101.612,88.6338,71.5405,51.709,35.5254,24.9327,12.4392
3.425,0.0125,1.0000,0.0000,3,73.96,0.02,1.03,0.4354,-0.0505,7244.65,0.0,67.79,67.61,69.95,69.95,4.6101,9.84412,16.569,41.4696,200.0,200.0,192.281,182.936,171.805,149.074,131.337,117.38,102.189,89.0377,71.7598,51.7781,35.5223,24.9066,12.4456
3.450,0.0113,1.0000,0.0000,3,74.73,0.01,1.08,0.4391,-0.0483,7343.37,0.0,68.51,68.34,70.91,70.91,4.58878,9.83822,16.6618,41.3999,200.0,200.0,192.301,183.174,172.846,150.49,132.386,118.178,102.752,89.4284,71.9696,51.8414,35.5161,24.8788,12.45
3.469,0.0101,1.0000,0.0000,3,75.53,-0.00,1.12,0.4427,-0.0460,7433.17,0.0,69.22,69.06,71.78,71.78,4.5689,9.8376,16.773,41.3682,200.0,200.0,192.274,183.337,173.598,151.815,133.36,118.914,103.266,89.7808,72.1534,51.8908,35.5031,24.848,12.4524
3.494,0.0091,1.0000,0.0000,3,76.33,-0.01,1.15,0.4462,-0.0436,7522.37,0.0,69.94,69.80,72.64,72.64,4.55067,9.8431,16.8945,41.3838,200.0,200.0,192.193,183.422,174.129,153.01,134.23,119.564,103.713,90.0818,72.303,51.9218,35.4816,24.8128,12.4523
3.513,0.0082,1.0000,0.0000,3,77.15,-0.02,1.17,0.4495,-0.0411,7612.66,0.0,70.67,70.54,73.51,73.51,4.5341,9.8544,17.0214,41.4384,200.0,199.815,192.067,183.44,174.502,154.088,135.007,120.14,104.103,90.3381,72.4228,51.9371,35.4527,24.7742,12.4498
3.538,0.0074,1.0000,0.0000,3,77.97,-0.03,1.19,0.4526,-0.0386,7705.09,0.0,71.41,71.29,74.40,74.40,4.51931,9.87231,17.1542,41.5307,200.0,199.576,191.898,183.397,174.747,155.048,135.691,120.639,104.434,90.5492,72.513,51.9366,35.4162,24.7319,12.4449
3.556,0.0066,1.0000,0.0000,3,78.81,-0.03,1.19,0.4555,-0.0359,7801.3,0.0,72.16,72.05,75.33,75.33,4.50634,9.89692,17.2927,41.6583,200.0,199.302,191.687,183.296,174.884,155.885,136.278,121.06,104.705,90.715,72.5734,51.9205,35.3723,24.6861,12.4376
3.581,0.0060,1.0000,0.0000,3,79.69,-0.03,1.23,0.4583,-0.0332,7844.27,0.0,72.94,72.84,75.78,75.78,4.49518,9.92765,17.4337,41.8017,200.0,199.01,191.454,183.166,174.962,156.675,136.827,121.45,104.951,90.8613,72.6206,51.8974,35.3252,24.6385,12.4282
3.600,0.0054,1.0000,0.0000,3,80.56,-0.03,1.29,0.4608,-0.0304,7898.77,0.0,73.74,73.66,76.28,76.28,4.48604,9.96585,17.5805,41.9792,200.0,198.685,191.182,182.983,174.955,157.34,137.278,121.761,105.138,90.9623,72.6385,51.8588,35.2708,24.5875,12.4162
3.625,0.0048,1.0000,0.0000,3,81.42,-0.03,1.35,0.4632,-0.0275,7995.42,0.0,74.53,74.46,77.20,77.20,4.47899,10.0123,17.7343,42.1974,200.0,198.322,190.865,182.743,174.857,157.846,137.606,121.976,105.252,91.0082,72.6205,51.8019,35.2078,24.5324,12.4016
3.644,0.0044,1.0000,0.0000,3,82.26,-0.03,1.38,0.4653,-0.0245,8129.64,0.0,75.31,75.24,78.48,78.48,4.47412,10.0664,17.8919,42.4353,200.0,197.938,190.523,182.471,174.71,158.274,137.875,122.142,105.329,91.0259,72.5847,51.7353,35.1402,24.475,12.3845
3.669,0.0039,1.0000,0.0000,3,83.12,-0.03,1.39,0.4672,-0.0215,8279.12,0.0,76.09,76.02,79.92,79.92,4.47143,10.1286,18.0517,42.6853,200.0,197.539,190.164,182.177,174.531,158.657,138.108,122.279,105.384,91.0267,72.5372,51.663,35.0698,24.4162,12.3652
3.688,0.0035,1.0000,0.0000,3,83.99,-0.04,1.43,0.4689,-0.0184,8428.72,0.0,76.89,76.83,81.37,81.37,4.47103,10.1989,18.2128,42.9393,200.0,197.13,189.794,181.87,174.333,159.022,138.326,122.405,105.429,91.0199,72.4846,51.5872,34.9976,24.3564,12.3436
3.713,0.0032,1.0000,0.0000,4,84.88,-0.04,1.47,0.4703,-0.0154,8572.88,0.0,77.70,77.63,82.77,82.77,4.47289,10.2771,18.373,43.1874,200.0,196.719,189.422,181.562,174.131,159.414,138.562,122.543,105.484,91.0194,72.4355,51.5131,34.9258,24.2966,12.32
3.731,0.0029,1.0000,0.0000,4,85.38,-0.04,1.49,0.4715,-0.0122,6961.03,0.0,78.39,78.34,75.29,75.24,4.47737,10.3658,18.5387,43.4637,200.0,196.281,189.02,181.216,173.876,159.689,138.71,122.611,105.485,90.9791,72.3608,51.4256,34.8479,24.2339,12.2935
3.756,0.0026,1.0000,0.0000,4,85.30,-0.02,1.49,0.4723,-0.0089,6976.06,0.0,78.40,78.36,75.23,75.19,4.48464,10.466,18.7134,43.7945,200.0,195.801,188.567,180.803,173.528,159.723,138.676,122.537,105.382,90.8611,72.2371,51.3139,34.7593,24.1664,12.2642
3.775,0.0023,1.0000,0.0000,4,85.25,-0.01,1.48,0.4730,-0.0057,6342.24,0.0,78.33,78.30,75.36,75.37,4.49448,10.5699,18.8891,44.1339,200.0,195.312,188.102,180.377,173.159,159.706,138.603,122.434,105.257,90.7268,72.1035,51.1974,34.6687,24.098,12.2327
3.800,0.0021,1.0000,0.0000,4,85.61,-0.01,1.49,0.4733,-0.0024,6611.9,0.0,78.50,78.47,78.55,78.55,4.50702,10.6744,19.067,44.4886,200.0,194.808,187.621,179.929,172.763,159.616,138.474,122.287,105.099,90.5687,71.9547,51.0734,34.5749,24.0282,12.1989
3.819,0.0019,1.0000,0.0000,4,86.17,-0.01,1.54,0.4733,0.0010,6649.54,0.0,78.99,78.96,79.00,79.00,4.52226,10.7795,19.2468,44.8524,200.0,194.294,187.129,179.468,172.347,159.483,138.314,122.114,104.923,90.3965,71.7971,50.945,34.4788,23.9574,12.1628
3.844,0.0017,1.0000,0.0000,4,86.73,-0.01,1.58,0.4731,0.0043,6687.26,0.0,79.50,79.47,79.45,79.45,4.54044,10.8855,19.4284,45.2234,200.0,193.772,186.627,178.996,171.919,159.322,138.132,121.925,104.734,90.2143,71.6329,50.8129,34.381,23.8856,12.1243
3.863,0.0015,1.0000,0.0000,4,87.29,-0.01,1.62,0.4726,0.0077,6728.8,0.0,80.00,79.98,79.94,79.94,4.56154,10.9918,19.6109,45.5972,200.0,193.244,186.119,178.517,171.482,159.145,137.937,121.725,104.537,90.0264,71.465,50.6788,34.2822,23.8132,12.0852
3.887,0.0014,1.0000,0.0000,4,87.85,-0.00,1.64,0.4717,0.0112,6774.12,0.0,80.51,80.49,80.48,80.48,4.58568,11.0987,19.7941,45.9739,200.0,192.711,185.605,178.032,171.037,158.957,137.734,121.518,104.335,89.8342,71.2941,50.543,34.1824,23.7403,12.0459
3.907,0.0012,1.0000,0.0000,4,88.41,-0.01,1.65,0.4705,0.0146,6822.19,0.0,81.02,81.00,81.05,81.05,4.61304,11.2067,19.981,46.3669,200.0,192.163,185.075,177.527,170.568,158.691,137.48,121.272,104.104,89.6201,71.1092,50.3999,34.0793,23.6657,12.0062
3.931,0.0011,1.0000,0.0000,4,88.97,-0.01,1.66,0.4691,0.0182,6872.23,0.0,81.54,81.52,81.64,81.64,4.64378,11.3162,20.1715,46.7765,200.0,191.6,184.529,177.003,170.074,158.354,137.177,120.987,103.843,89.3844,70.9105,50.2497,33.9726,23.5894,11.966
3.950,0.0010,1.0000,0.0000,4,89.54,-0.01,1.65,0.4672,0.0217,6921.22,0.0,82.06,82.05,82.22,82.22,4.67788,11.4265,20.3637,47.1922,200.0,191.031,183.975,176.471,169.57,157.991,136.858,120.69,103.573,89.1413,70.7068,50.0968,33.8646,23.5123,11.9255
3.975,0.0009,1.0000,0.0000,4,90.12,-0.01,1.65,0.4651,0.0253,6968.77,0.0,82.59,82.57,82.79,82.79,4.71545,11.5373,20.5568,47.6101,200.0,190.458,183.417,175.934,169.06,157.616,136.532,120.387,103.299,88.895,70.5009,49.9425,33.7558,23.4347,11.8848
3.994,0.0008,1.0000,0.0000,4,90.70,-0.01,1.66,0.4626,0.0289,7015.7,0.0,83.12,83.11,83.35,83.35,4.75657,11.6486,20.7507,48.0294,200.0,189.88,182.855,175.393,168.547,157.232,136.204,120.082,103.023,88.6469,70.2936,49.7873,33.6464,23.3566,11.8439
4.019,0.0007,1.0000,0.0000,4,91.29,-0.01,1.67,0.4597,0.0325,7059.74,0.0,83.66,83.64,83.87,83.87,4.80142,11.7605,20.9457,48.4505,200.0,189.298,182.288,174.847,168.03,156.839,135.872,119.774,102.744,88.3966,70.0847,49.6309,33.5362,23.2781,11.8028
4.044,0.0007,1.0000,0.0000,4,91.88,-0.01,1.68,0.4565,0.0361,7105.4,0.0,84.20,84.18,84.41,84.41,4.84811,11.8728,21.1412,48.8724,200.0,188.712,181.718,174.299,167.509,156.44,135.538,119.463,102.464,88.1449,69.8745,49.4738,33.4255,23.1992,11.7614
4.063,0.0006,1.0000,0.0000,4,92.47,-0.01,1.70,0.4530,0.0398,7152.94,0.0,84.74,84.73,84.98,84.98,4.89511,11.9858,21.3379,49.2963,199.439,188.122,181.144,173.746,166.984,156.032,135.201,119.15,102.181,87.8911,69.6628,49.3154,33.3139,23.1197,11.7198
4.087,0.0005,1.0000,0.0000,4,93.07,-0.01,1.72,0.4490,0.0434,7201.68,0.0,85.28,85.27,85.55,85.55,4.94231,12.0992,21.5353,49.721,198.818,187.528,180.566,173.19,166.456,155.619,134.862,118.836,101.896,87.636,69.4499,49.1563,33.2019,23.0399,11.678
4.106,0.0005,1.0000,0.0000,4,93.67,-0.01,1.73,0.4447,0.0471,7251.18,0.0,85.83,85.82,86.14,86.14,4.98972,12.2131,21.7333,50.1467,198.192,186.931,179.984,172.63,165.924,155.2,134.521,118.519,101.61,87.3793,69.2358,48.9962,33.0893,22.9597,11.6361
4.131,0.0004,1.0000,0.0000,4,94.27,-0.01,1.73,0.4400,0.0509,7301.38,0.0,86.38,86.37,86.74,86.74,5.03759,12.3288,21.9361,50.5932,197.551,186.318,179.385,172.049,165.365,154.724,134.125,118.159,101.292,87.0988,69.0064,48.8283,32.9728,22.8775,11.5935
4.150,0.0004,1.0000,0.0000,4,94.88,-0.01,1.73,0.4349,0.0547,7351.82,0.0,86.93,86.93,87.34,87.34,5.08585,12.4463,22.1437,51.0626,196.894,185.688,178.767,171.446,164.779,154.189,133.669,117.753,100.94,86.7926,68.7607,48.6519,32.8523,22.7933,11.5505
4.175,0.0003,1.0000,0.0000,4,95.50,-0.01,1.73,0.4295,0.0557,7402.21,0.0,87.50,87.49,87.94,87.94,5.13448,12.565,22.3543,51.5441,196.227,185.048,178.138,170.83,164.178,153.625,133.184,117.324,100.57,86.4735,68.5066,48.471,32.7296,22.7079,11.507
4.194,0.0003,1.0000,0.0000,4,96.12,-0.01,1.73,0.4241,0.0557,7452.34,0.0,88.06,88.06,88.53,88.53,5.18345,12.6848,22.5672,52.034,195.553,184.401,177.501,170.205,163.567,153.043,132.682,116.881,100.19,86.1464,68.247,48.2871,32.6053,22.6216,11.4632
4.218,0.0003,1.0000,0.0000,4,96.73,-0.01,1.73,0.4186,0.0557,7509.22,0.0,88.63,88.63,89.20,89.20,5.23272,12.8053,22.7816,52.5278,194.874,183.748,176.859,169.576,162.95,152.456,132.174,116.434,99.8061,85.8161,67.9852,48.1018,32.4801,22.5347,11.4192
4.237,0.0003,1.0000,0.0000,4,97.36,-0.00,1.73,0.4131,0.0557,7562.54,0.0,89.20,89.20,89.84,89.84,5.28226,12.9264,22.9968,53.0221,194.192,183.093,176.215,168.945,162.333,151.87,131.67,115.988,99.4235,85.4865,67.7235,47.9162,32.3545,22.4474,11.3749
4.262,0.0002,1.0000,0.0000,4,98.00,-0.00,1.73,0.4076,0.0557,7610.77,0.0,89.78,89.78,90.42,90.42,5.33219,13.0485,23.2138,53.5212,193.505,182.433,175.565,168.308,161.71,151.278,131.158,115.537,99.0362,85.1531,67.459,47.7287,32.2278,22.3594,11.3303
4.281,0.0002,1.0000,0.0000,4,98.64,-0.00,1.74,0.4020,0.0557,7658.73,0.0,90.37,90.37,90.99,90.99,5.38239,13.1714,23.4322,54.0242,192.813,181.768,174.911,167.666,161.081,150.679,130.641,115.081,98.6452,84.8168,67.1923,47.5399,32.1002,22.2709,11.2854
4.306,0.0002,1.0000,0.0000,4,99.28,-0.00,1.75,0.3964,0.0557,7707.11,0.0,90.95,90.95,91.56,91.56,5.43298,13.2951,23.6524,54.5316,192.115,181.098,174.251,167.02,160.448,150.075,130.118,114.62,98.2502,84.4771,66.9232,47.3494,31.9716,22.1816,11.2401
4.325,0.0002,1.0000,0.0000,4,99.93,-0.00,1.76,0.3907,0.0557,7757.0,0.0,91.55,91.55,92.15,92.15,5.48385,13.4196,23.8739,55.0423,191.413,180.423,173.587,166.368,159.81,149.465,129.591,114.156,97.8523,84.135,66.6522,47.1577,31.8421,22.0918,11.1946
4.350,0.0001,1.0000,0.0000,4,100.58,-0.00,1.78,0.3850,0.0557,7808.58,0.0,92.14,92.14,92.77,92.77,5.53506,13.545,24.0969,55.5566,190.707,179.743,172.918,165.713,159.168,148.852,129.06,113.689,97.4516,83.7905,66.3794,46.9647,31.7118,22.0014,11.1488
4.369,0.0001,1.0000,0.0000,4,101.23,-0.00,1.79,0.3793,0.0557,7861.76,0.0,92.74,92.74,93.40,93.40,5.58662,13.6711,24.3214,56.0743,189.995,179.059,172.245,165.053,158.521,148.234,128.526,113.218,97.0482,83.4437,66.1047,46.7704,31.5806,21.9104,11.1027
4.394,0.0001,1.0000,0.0000,4,101.89,-0.00,1.81,0.3735,0.0557,7916.14,0.0,93.34,93.34,94.04,94.04,5.6385,13.7981,24.5473,56.5952,189.279,178.37,171.568,164.388,157.871,147.612,127.988,112.744,96.6424,83.0948,65.8283,46.5748,31.4486,21.8188,11.0563
4.412,0.0001,1.0000,0.0000,4,102.55,-0.00,1.82,0.3677,0.0557,7971.32,0.0,93.94,93.94,94.70,94.70,5.69072,13.9259,24.7746,57.1195,188.559,177.677,170.886,163.72,157.216,146.987,127.447,112.268,96.234,82.7437,65.5502,46.3781,31.3158,21.7267,11.0096
4.437,0.0001,1.0000,0.0000,4,103.22,-0.00,1.83,0.3619,0.0557,8026.83,0.0,94.55,94.55,95.36,95.36,5.74327,14.0545,25.0034,57.6472,187.834,176.979,170.199,163.046,156.556,146.357,126.903,111.788,95.8229,82.3902,65.2702,46.18,31.182,21.6339,10.9626
4.456,0.0001,1.0000,0.0000,4,103.89,-0.00,1.84,0.3560,0.0557,8082.38,0.0,95.16,95.16,96.02,96.02,5.79616,14.184,25.2338,58.1784,187.104,176.276,169.507,162.368,155.892,145.723,126.354,111.305,95.4089,82.0343,64.9883,45.9807,31.0474,21.5405,10.9153
4.481,0.0001,1.0000,0.0000,4,104.56,-0.00,1.85,0.3501,0.0557,8137.75,0.0,95.78,95.78,96.68,96.68,5.84941,14.3143,25.4656,58.7133,186.369,175.569,168.811,161.686,155.224,145.085,125.802,110.819,94.9922,81.6761,64.7046,45.7799,30.912,21.4465,10.8677
4.500,0.0001,1.0000,0.0000,4,105.24,-0.00,1.85,0.3441,0.0557,8194.48,0.0,96.41,96.41,97.35,97.35,5.90299,14.4454,25.6989,59.251,185.63,174.856,168.111,161.0,154.552,144.444,125.248,110.33,94.5734,81.316,64.4193,45.5781,30.7757,21.352,10.8197
4.525,0.0001,1.0000,0.0000,4,105.93,-0.00,1.86,0.3381,0.0557,8251.79,0.0,97.03,97.03,98.03,98.03,5.95693,14.5774,25.9337,59.7921,184.886,174.14,167.406,160.309,153.876,143.799,124.69,109.839,94.1522,80.9538,64.1323,45.375,30.6385,21.2568,10.7715
4.544,0.0001,1.0000,0.0000,4,106.62,-0.00,1.87,0.3321,0.0557,8307.48,0.0,97.66,97.66,98.69,98.69,6.01122,14.7102,26.17,60.337,184.137,173.418,166.696,159.613,153.195,143.149,124.128,109.344,93.7279,80.5889,63.8432,45.1705,30.5004,21.1609,10.7229
4.569,0.0001,1.0000,0.0000,4,107.32,-0.00,1.88,0.3260,0.0557,8362.79,0.0,98.30,98.30,99.35,99.35,6.06585,14.8439,26.4078,60.8853,183.383,172.691,165.981,158.913,152.509,142.495,123.563,108.846,93.3008,80.2217,63.5524,44.9647,30.3614,21.0645,10.6741
4.595,0.0000,1.0000,0.0000,4,108.02,-0.00,1.89,0.3199,0.0557,8418.38,0.0,98.94,98.94,100.01,100.01,6.12084,14.9785,26.6472,61.4373,182.624,171.96,165.262,158.208,151.819,141.837,122.993,108.344,92.8709,79.8521,63.2595,44.7575,30.2215,20.9675,10.6249
4.612,0.0000,1.0000,0.0000,4,108.72,-0.00,1.90,0.3138,0.0557,8474.75,0.0,99.59,99.59,100.68,100.68,6.17621,15.114,26.8883,61.993,181.861,171.223,164.537,157.498,151.124,141.174,122.42,107.839,92.4381,79.4799,62.9647,44.5489,30.0807,20.8698,10.5754
4.637,0.0000,1.0000,0.0000,4,109.43,-0.00,1.92,0.3076,0.0557,8532.14,0.0,100.24,100.24,101.36,101.36,6.23192,15.2503,27.1308,62.5522,181.092,170.481,163.808,156.783,150.425,140.507,121.843,107.331,92.0026,79.1055,62.668,44.339,29.9389,20.7714,10.5256
4.656,0.0000,1.0000,0.0000,4,110.15,-0.00,1.93,0.3014,0.0557,8590.47,0.0,100.89,100.89,102.05,102.05,6.288,15.3875,27.375,63.115,180.318,169.735,163.074,156.064,149.721,139.836,121.263,106.82,91.5642,78.7286,62.3694,44.1277,29.7963,20.6724,10.4754
4.681,0.0000,1.0000,0.0000,4,110.87,-0.00,1.94,0.2951,0.0557,8649.64,0.0,101.55,101.55,102.76,102.76,6.34444,15.5256,27.6207,63.6815,179.539,168.983,162.335,155.34,149.012,139.16,120.678,106.305,91.1231,78.3492,62.0689,43.9151,29.6527,20.5728,10.4249
4.700,0.0000,1.0000,0.0000,4,111.59,-0.00,1.95,0.2888,0.0557,8709.52,0.0,102.21,102.21,103.47,103.47,6.40127,15.6647,27.8681,64.252,178.755,168.226,161.591,154.611,148.299,138.48,120.09,105.787,90.6786,77.9672,61.7662,43.701,29.5081,20.4725,10.3741
4.725,0.0000,1.0000,0.0000,4,112.32,-0.00,1.96,0.2824,0.0557,8769.8,0.0,102.87,102.87,104.18,104.18,6.45846,15.8047,28.1171,64.8264,177.966,167.464,160.841,153.877,147.581,137.795,119.497,105.265,90.2312,77.5825,61.4616,43.4854,29.3626,20.3716,10.323
4.744,0.0000,1.0000,0.0000,4,113.05,-0.00,1.98,0.2760,0.0557,8830.28,0.0,103.54,103.54,104.90,104.90,6.51603,15.9456,28.3678,65.4045,177.172,166.697,160.087,153.138,146.857,137.105,118.901,104.739,89.7809,77.1953,61.1549,43.2685,29.2161,20.27,10.2715
4.769,0.0000,1.0000,0.0000,4,113.79,-0.00,1.99,0.2696,0.0557,8892.21,0.0,104.22,104.22,105.64,105.64,6.57396,16.0873,28.62,65.9859,176.373,165.924,159.328,152.394,146.13,136.411,118.301,104.211,89.328,76.806,60.8464,43.0502,29.0688,20.1677,10.2197
4.788,0.0000,1.0000,0.0000,4,114.53,-0.00,1.99,0.2631,0.0557,8954.95,0.0,104.90,104.90,106.38,106.38,6.63227,16.23,28.8738,66.5708,175.568,165.147,158.564,151.645,145.398,135.714,117.698,103.68,88.8727,76.4144,60.5361,42.8306,28.9205,20.0648,10.1675
4.813,0.0000,1.0000,0.0000,4,115.28,-0.00,2.00,0.2566,0.0557,9016.11,0.0,105.58,105.58,107.11,107.11,6.69096,16.3736,29.1293,67.1598,174.759,164.364,157.794,150.892,144.661,135.012,117.091,103.145,88.414,76.0199,60.2237,42.6095,28.7712,19.9612,10.115
4.831,0.0000,1.0000,0.0000,4,116.04,-0.00,2.01,0.2500,0.0557,9076.66,0.0,106.27,106.27,107.83,107.83,6.75004,16.5182,29.3865,67.7528,173.943,163.576,157.019,150.133,143.918,134.305,116.479,102.606,87.9522,75.6229,59.9091,42.387,28.6209,19.857,10.0622
4.856,0.0000,1.0000,0.0000,4,116.80,-0.00,2.03,0.2434,0.0557,9137.3,0.0,106.97,106.97,108.55,108.55,6.80951,16.6637,29.6454,68.3496,173.123,162.782,156.239,149.369,143.171,133.593,115.863,102.064,87.4873,75.2232,59.5924,42.1629,28.4696,19.752,10.009
4.875,0.0000,1.0000,0.0000,4,117.57,-0.00,2.04,0.2368,0.0557,9198.64,0.0,107.67,107.67,109.28,109.28,6.86935,16.8102,29.9059,68.9503,172.297,161.983,155.454,148.6,142.419,132.876,115.244,101.518,87.0195,74.821,59.2738,41.9375,28.3174,19.6464,9.95548
4.900,0.0000,1.0000,0.0000,4,118.34,-0.00,2.06,0.2301,0.0557,9260.95,0.0,108.37,108.37,110.02,110.02,6.9296,16.9576,30.1682,69.5549,171.466,161.178,154.663,147.826,141.662,132.155,114.62,100.969,86.5487,74.4161,58.953,41.7105,28.1641,19.5401,9.90159
4.918,0.0000,1.0000,0.0000,4,119.11,-0.00,2.07,0.2233,0.0557,9324.28,0.0,109.08,109.08,110.77,110.77,6.99025,17.106,30.4321,70.1634,170.629,160.368,153.867,147.047,140.9,131.43,113.993,100.416,86.0748,74.0086,58.6302,41.4821,28.0099,19.433,9.84735
4.944,0.0000,1.0000,0.0000,4,119.89,-0.00,2.08,0.2166,0.0557,9388.59,0.0,109.79,109.79,111.53,111.53,7.05128,17.2554,30.6979,70.776,169.787,159.552,153.065,146.262,140.133,130.699,113.361,99.8594,85.5976,73.5983,58.3052,41.2521,27.8546,19.3253,9.79276
4.962,0.0000,1.0000,0.0000,4,120.68,-0.00,2.09,0.2097,0.0557,9452.92,0.0,110.51,110.51,112.30,112.30,7.11272,17.4057,30.9654,71.3929,168.939,158.731,152.258,145.472,139.36,129.963,112.725,99.2988,85.1172,73.1853,57.978,41.0206,27.6983,19.2169,9.73782
4.988,0.0000,1.0000,0.0000,5,121.46,-0.00,2.11,0.2029,0.0557,9513.11,0.0,111.23,111.23,113.02,113.02,7.17457,17.5571,31.2347,72.0139,168.086,157.903,151.446,144.676,138.582,129.222,112.084,98.7345,84.6335,72.7694,57.6485,40.7876,27.5409,19.1077,9.6825
5.006,0.0000,1.0000,0.0000,5,121.80,-0.00,2.12,0.1960,0.0557,8546.49,0.0,111.82,111.82,107.51,107.51,7.23676,17.7093,31.5055,72.6387,167.228,157.071,150.628,143.876,137.8,128.477,111.439,98.1666,84.1468,72.351,57.3172,40.5532,27.3827,18.9979,9.62688
5.031,0.0000,1.0000,0.0000,5,121.67,-0.00,2.11,0.1890,0.0557,8556.88,0.0,111.81,111.81,107.30,107.30,7.29892,17.8614,31.7763,73.2635,166.37,156.239,149.811,143.076,137.018,127.732,110.794,97.5986,83.66,71.9326,56.9858,40.3188,27.2245,18.8882,9.57129
5.050,0.0000,1.0000,0.0000,5,121.56,-0.00,2.10,0.1821,0.0557,8115.87,0.0,111.70,111.70,107.35,107.36,7.36102,18.0134,32.0467,73.8876,165.513,155.408,148.994,142.277,136.236,126.987,110.15,97.0313,83.1739,71.5147,56.6548,40.0847,27.0664,18.7786,9.51575
5.075,0.0000,1.0000,0.0000,5,121.88,-0.00,2.10,0.1752,0.0557,8443.55,0.0,111.79,111.79,111.63,111.63,7.42315,18.1655,32.3174,74.5122,164.655,154.575,148.176,141.477,135.454,126.242,109.505,96.4636,82.6874,71.0965,56.3237,39.8505,26.9083,18.6689,9.46018
5.094,0.0000,1.0000,0.0000,5,122.47,-0.00,2.11,0.1683,0.0557,8500.56,0.0,112.26,112.26,112.42,112.42,7.48557,18.3183,32.5892,75.139,163.794,153.739,147.355,140.673,134.668,125.495,108.859,95.8942,82.1993,70.6768,55.9912,39.6153,26.7495,18.5587,9.40435
5.119,0.0000,1.0000,0.0000,5,123.08,-0.00,2.13,0.1613,0.0557,8533.5,0.0,112.81,112.81,112.86,112.86,7.54831,18.4718,32.8623,75.7687,162.929,152.899,146.53,139.865,133.879,124.744,108.209,95.322,81.7088,70.2551,55.6571,39.3789,26.5899,18.448,9.34824
5.144,0.0000,1.0000,0.0000,5,123.70,-0.00,2.15,0.1543,0.0557,8565.0,0.0,113.37,113.37,113.27,113.27,7.61136,18.6261,33.1368,76.4017,162.059,152.054,145.7,139.054,133.086,123.989,107.557,94.7469,81.2159,69.8313,55.3214,39.1413,26.4295,18.3367,9.29185
5.162,0.0000,1.0000,0.0000,5,124.31,-0.00,2.17,0.1473,0.0557,8601.28,0.0,113.92,113.92,113.75,113.75,7.67471,18.7811,33.4127,77.0379,161.185,151.204,144.866,138.238,132.289,123.23,106.9,94.1689,80.7204,69.4053,54.9839,38.9026,26.2683,18.2249,9.2352
5.187,0.0000,1.0000,0.0000,5,124.92,-0.00,2.18,0.1402,0.0557,8642.95,0.0,114.48,114.48,114.30,114.30,7.73839,18.937,33.69,77.6777,160.307,150.35,144.027,137.417,131.487,122.467,106.24,93.5875,80.2221,68.977,54.6446,38.6626,26.1063,18.1125,9.17825
5.206,0.0000,1.0000,0.0000,5,125.53,-0.00,2.19,0.1331,0.0557,8688.61,0.0,115.04,115.04,114.90,114.90,7.80237,19.0936,33.9687,78.3207,159.424,149.491,143.184,136.592,130.681,121.7,105.577,93.0032,79.7214,68.5465,54.3037,38.4215,25.9435,17.9995,9.12103
5.231,0.0145,1.0000,0.0000,5,126.14,-0.00,2.19,0.1260,0.0557,8737.1,0.0,115.61,115.61,115.54,115.54,7.86667,19.251,34.2488,78.9671,158.537,148.628,142.336,135.763,129.871,120.929,104.91,92.4158,79.218,68.1138,53.961,38.1791,25.7799,17.886,9.06351
5.250,0.0374,1.0000,0.0000,5,126.76,0.03,2.19,0.1188,0.0553,8786.4,0.0,116.21,116.13,116.19,116.19,7.9276,19.3825,34.4448,79.164,157.779,147.918,141.668,135.156,129.348,120.723,104.857,92.3043,79.0637,67.9386,53.7793,38.0166,25.652,17.789,9.00907
5.275,0.0598,1.0000,0.0000,5,127.38,0.05,2.19,0.1118,0.0539,8832.78,0.0,116.88,116.58,116.81,116.81,7.97812,19.4389,34.402,78.1209,157.388,147.641,141.503,135.16,129.594,121.821,106.582,93.5658,79.9128,68.5017,54.058,38.0823,25.6263,17.7396,8.96393
5.294,0.0766,1.0000,0.0000,5,128.00,0.01,2.20,0.1050,0.0510,8878.52,0.0,117.60,116.98,117.41,117.41,8.013,19.3875,34.0261,75.4663,157.53,147.96,142.019,135.969,130.799,124.115,111.156,96.9937,82.3209,70.1976,55.0319,38.4869,25.7511,17.7601,8.93271
5.319,0.0860,1.0000,0.0000,5,128.62,-0.11,2.21,0.0985,0.0465,8925.24,0.0,118.32,117.38,118.03,118.03,8.031,19.2287,33.3378,71.5223,158.226,148.836,143.153,137.466,132.747,127.032,118.66,103.17,86.6421,73.2452,56.8069,39.268,26.0386,17.8553,8.91671
5.337,0.0797,1.0000,0.0000,5,129.24,-0.30,2.22,0.0925,0.0408,8972.97,0.0,119.01,117.81,118.66,118.66,8.03432,18.9883,32.4377,66.976,159.387,150.092,144.688,139.372,135.072,130.1,123.848,112.615,93.1123,77.7405,59.3897,40.4042,26.4725,18.0162,8.91445
5.363,0.0718,1.0000,0.0000,5,129.86,-0.55,2.23,0.0871,0.0345,9020.43,0.0,119.64,118.33,119.29,119.29,8.02834,18.7122,31.4781,62.5849,160.8,151.454,146.312,141.325,137.368,132.93,127.717,120.875,101.65,83.5215,62.6178,41.7916,27.001,18.2181,8.92149
5.382,0.0646,1.0000,0.0000,5,130.49,-0.77,2.25,0.0822,0.0283,9066.72,0.0,120.21,118.90,119.90,119.90,8.01827,18.4397,30.5757,58.7781,162.243,152.704,147.785,143.066,139.377,135.318,130.722,125.216,111.979,90.2853,66.255,43.3016,27.5659,18.4342,8.93317
5.406,0.0581,1.0000,0.0000,5,131.12,-0.94,2.26,0.0779,0.0225,9111.99,0.0,120.75,119.51,120.50,120.50,8.00656,18.1874,29.771,55.6074,163.597,153.827,149.019,144.519,141.035,137.253,133.063,128.256,119.32,97.8439,70.1482,44.8555,28.1339,18.6503,8.94713
5.425,0.0523,1.0000,0.0000,5,131.75,-1.05,2.27,0.0742,0.0172,9156.77,0.0,121.28,120.14,121.09,121.09,7.99405,17.9595,29.068,52.9935,105.546,154.819,150.003,145.679,142.357,138.784,134.882,130.516,123.026,106.085,74.1994,46.4076,28.688,18.8597,8.9624
5.450,0.0471,1.0000,0.0000,5,132.39,-1.10,2.28,0.0711,0.0123,9201.24,0.0,121.81,120.78,121.68,121.68,7.98092,17.7553,28.457,50.8331,96.9773,155.66,150.764,146.575,143.382,139.972,136.285,132.224,125.541,114.049,78.3432,47.9314,29.22,19.0595,8.97865
5.469,0.0424,1.0000,0.0000,5,133.03,-1.12,2.29,0.0686,0.0079,9246.08,0.0,122.35,121.42,122.28,122.28,7.96696,17.571,27.9224,49.0251,90.3661,156.354,151.378,147.244,144.158,140.878,137.359,133.525,127.372,117.993,82.5524,49.4187,29.7289,19.2501,8.99598
5.494,0.0381,1.0000,0.0000,5,133.68,-1.11,2.30,0.0666,0.0040,9290.84,0.0,122.90,122.06,122.87,122.87,7.9519,17.4032,27.4505,47.4934,85.1288,156.908,151.861,147.721,144.724,141.552,138.167,134.509,128.739,120.442,86.8044,50.8643,30.215,19.4323,9.01457
5.514,0.0343,1.0000,0.0000,5,134.33,-1.07,2.31,0.0652,0.0004,9335.25,0.0,123.46,122.70,123.45,123.45,7.93561,17.2491,27.0305,46.1805,80.8876,157.332,152.221,148.038,145.112,142.03,138.756,135.24,129.762,122.158,91.079,52.265,30.6792,19.6067,9.0345
5.537,0.0309,1.0000,0.0000,5,134.99,-1.02,2.32,0.0642,-0.0028,9379.62,0.0,124.03,123.34,124.04,124.04,7.91801,17.1064,26.6538,45.0442,77.3925,157.632,152.466,148.24,145.346,142.342,139.161,135.762,130.515,123.406,95.3535,53.6176,31.1221,19.774,9.0558
5.557,0.0278,1.0000,0.0000,5,135.65,-0.96,2.33,0.0638,-0.0057,9424.18,0.0,124.60,123.98,124.63,124.63,7.899,16.9729,26.3124,44.049,74.4613,157.82,152.607,148.343,145.451,142.513,139.412,136.112,131.054,124.319,99.6176,54.9231,31.5456,19.9353,9.07855
5.582,0.0250,1.0000,0.0000,5,136.31,-0.90,2.34,0.0638,-0.0083,9467.52,0.0,125.18,124.62,125.21,125.21,7.87851,16.8467,25.9999,43.1674,71.9639,157.907,152.653,148.357,145.447,142.565,139.534,136.319,131.419,124.982,103.865,56.1843,31.9519,20.0916,9.10283
5.600,0.0225,1.0000,0.0000,5,136.97,-0.84,2.36,0.0642,-0.0107,9509.9,0.0,125.76,125.26,125.77,125.77,7.85668,16.7273,25.7133,42.3841,69.8223,103.413,152.607,148.284,145.357,142.509,139.539,136.398,131.633,125.439,107.571,57.3939,32.3399,20.2426,9.12844
5.625,0.0203,1.0000,0.0000,5,137.63,-0.77,2.37,0.0651,-0.0128,9552.42,0.0,126.34,125.89,126.33,126.33,7.8335,16.6132,25.4481,41.6811,67.9618,99.4169,152.478,148.134,145.193,142.361,139.445,136.369,131.722,125.731,109.62,58.5555,32.7117,20.3891,9.15541
5.644,0.0182,1.0000,0.0000,5,138.29,-0.71,2.38,0.0662,-0.0147,9595.23,0.0,126.93,126.52,126.89,126.89,7.80909,16.5041,25.2024,41.0494,66.341,96.0347,152.269,147.908,144.956,142.127,139.26,136.241,131.697,125.879,110.911,59.6619,33.066,20.5309,9.18358
5.669,0.0164,1.0000,0.0000,5,138.95,-0.65,2.39,0.0677,-0.0164,9638.17,0.0,127.52,127.15,127.46,127.46,7.78367,16.4001,24.9749,40.4817,64.9261,93.1575,151.981,147.608,144.648,141.815,138.991,136.023,131.57,125.901,111.767,60.7074,33.4019,20.6674,9.2127
5.688,0.0148,1.0000,0.0000,5,139.61,-0.60,2.40,0.0695,-0.0180,9681.48,0.0,128.10,127.78,128.04,128.04,7.75717,16.2998,24.7622,39.9664,63.6773,90.6779,151.624,147.242,144.277,141.44,138.65,135.729,131.356,125.818,112.335,61.6969,33.7216,20.7997,9.24284
5.713,0.0133,1.0000,0.0000,5,140.26,-0.54,2.41,0.0716,-0.0194,9724.62,0.0,128.69,128.40,128.61,128.61,7.72957,16.2021,24.5604,39.4905,62.5532,88.4934,151.21,146.824,143.856,141.016,138.252,135.373,131.074,125.653,112.704,62.6444,34.0296,20.9292,9.27407
5.738,0.0120,1.0000,0.0000,5,140.92,-0.49,2.42,0.0739,-0.0206,9767.7,0.0,129.28,129.01,129.18,129.18,7.70094,16.1066,24.3683,39.0497,61.5381,86.5603,150.743,146.355,143.387,140.547,137.801,134.962,130.73,125.415,112.914,63.5485,34.3261,21.0561,9.3063
5.756,0.0108,1.0000,0.0000,5,141.57,-0.45,2.43,0.0765,-0.0217,9810.75,0.0,129.87,129.63,129.75,129.75,7.67136,16.0131,24.185,38.6401,60.6178,84.8412,150.226,145.839,142.872,140.034,137.303,134.5,130.331,125.112,112.997,64.4092,34.6112,21.1803,9.33945
5.782,0.0097,1.0000,0.0000,5,142.23,-0.41,2.44,0.0793,-0.0227,9853.71,0.0,130.46,130.24,130.31,130.31,7.64081,15.9209,24.008,38.2541,59.77,83.2856,149.668,145.285,142.321,139.486,136.766,133.997,129.886,124.756,112.98,65.2369,34.8882,21.3029,9.37356
5.800,0.0087,1.0000,0.0000,5,142.88,-0.37,2.46,0.0822,-0.0237,9896.63,0.0,131.05,130.85,130.88,130.88,7.60937,15.8296,23.8365,37.8885,58.9844,81.8681,149.072,144.695,141.735,138.905,136.194,133.458,129.401,124.353,112.881,66.034,35.1579,21.4242,9.40856
5.825,0.0079,1.0000,0.0000,5,143.53,-0.34,2.47,0.0854,-0.0245,9939.5,0.0,131.64,131.46,131.45,131.45,7.57708,15.7392,23.67,37.5416,58.255,80.5735,148.441,144.072,141.118,138.293,135.589,132.884,128.879,123.908,112.71,66.7996,35.4202,21.5441,9.4444
5.844,0.0071,1.0000,0.0000,5,144.18,-0.31,2.48,0.0887,-0.0253,9982.37,0.0,132.22,132.06,132.02,132.02,7.54411,15.65,23.5088,37.2131,57.5789,79.3929,147.773,143.415,140.468,137.651,134.954,132.277,128.321,123.422,112.473,67.5303,35.6742,21.6621,9.48087
5.869,0.0064,1.0000,0.0000,5,144.83,-0.28,2.49,0.0922,-0.0260,10025.2,0.0,132.81,132.67,132.58,132.58,7.51057,15.5621,23.353,36.9027,56.9541,78.3198,147.071,142.724,139.787,136.977,134.289,131.638,127.728,122.897,112.174,68.2225,35.9188,21.7779,9.51786
5.888,0.0057,1.0000,0.0000,5,145.48,-0.25,2.50,0.0958,-0.0266,10067.7,0.0,133.40,133.27,133.15,133.15,7.47652,15.4756,23.2027,36.6101,56.3787,77.3485,146.332,142.0,139.073,136.273,133.594,130.966,127.1,122.333,111.819,68.8724,36.1534,21.8911,9.55527
5.914,0.0052,1.0000,0.0000,5,146.12,-0.23,2.52,0.0995,-0.0271,10110.5,0.0,133.99,133.87,133.71,133.71,7.44179,15.3894,23.0551,36.3279,55.8339,76.4421,96.3672,141.253,138.336,135.548,132.879,130.273,126.449,121.743,111.424,69.4985,36.3829,22.0035,9.59334
5.933,0.0046,1.0000,0.0000,5,146.77,-0.21,2.53,0.1034,-0.0276,10153.3,0.0,134.57,134.47,134.28,134.28,7.40643,15.3035,22.9097,36.0548,55.3162,75.5925,94.6161,140.484,137.579,134.802,132.145,129.559,125.776,121.129,110.994,70.1021,36.6078,22.1152,9.63202
5.957,0.0042,1.0000,0.0000,5,147.41,-0.18,2.54,0.1074,-0.0280,10196.1,0.0,135.16,135.06,134.84,134.84,7.37048,15.2175,22.7659,35.7888,54.8197,74.788,93.2535,139.697,136.805,134.04,131.394,128.828,125.084,120.494,110.533,70.6884,36.8294,22.2266,9.67129
5.975,0.0038,1.0000,0.0000,5,148.05,-0.17,2.55,0.1114,-0.0284,10238.6,0.0,135.74,135.66,135.41,135.41,7.33412,15.1319,22.6246,35.5312,54.347,74.0318,92.0858,138.889,136.01,133.259,130.626,128.078,124.373,119.838,110.043,71.2521,37.046,22.337,9.71094
6.000,0.0034,1.0000,0.0000,5,148.69,-0.15,2.56,0.1156,-0.0288,10281.0,0.0,136.33,136.25,135.97,135.97,7.29731,15.0466,22.485,35.2804,53.8939,73.3161,91.0397,138.064,135.199,132.461,129.841,127.312,123.644,119.162,109.525,71.7963,37.2586,22.4466,9.751
6.019,0.0030,1.0000,0.0000,5,149.33,-0.14,2.57,0.1198,-0.0291,10323.3,0.0,136.91,136.84,136.53,136.53,7.26011,14.9618,22.3478,35.0377,53.4629,72.6449,90.1051,137.219,134.369,131.646,129.04,126.528,122.897,118.466,108.981,72.3159,37.4658,22.555,9.7914
6.044,0.0027,1.0000,0.0000,5,149.97,-0.12,2.58,0.1242,-0.0294,10365.5,0.0,137.49,137.43,137.09,137.09,7.22257,14.8773,22.2126,34.8019,53.0511,72.0122,89.264,136.356,133.523,130.814,128.223,125.728,122.132,117.752,108.412,72.813,37.6681,22.6623,9.83209
6.063,0.0025,1.0000,0.0000,5,150.60,-0.11,2.60,0.1285,-0.0297,10407.6,0.0,138.07,138.02,137.64,137.64,7.18452,14.7923,22.0771,34.5674,52.645,71.3928,88.4618,135.484,132.667,129.973,127.397,124.92,121.359,117.029,107.829,73.306,37.8704,22.7703,9.87332
6.088,0.0022,1.0000,0.0000,5,151.24,-0.10,2.61,0.1330,-0.0299,10448.9,0.0,138.66,138.61,138.19,138.19,7.14618,14.7076,21.9434,34.339,52.2557,70.8068,87.7526,134.596,131.795,129.118,126.557,124.097,120.571,116.288,107.225,73.7777,38.068,22.8771,9.91477
6.106,0.0020,1.0000,0.0000,5,151.87,-0.09,2.62,0.1375,-0.0301,10490.8,0.0,139.23,139.19,138.74,138.74,7.10757,14.6234,21.8117,34.117,51.8834,70.2543,87.1604,133.692,130.908,128.248,125.702,123.259,119.767,115.532,106.599,74.2262,38.2606,22.9827,9.95643
6.132,0.0018,1.0000,0.0000,6,152.50,-0.08,2.64,0.1421,-0.0303,10532.9,0.0,139.81,139.78,139.30,139.30,7.06858,14.5388,21.6799,33.8964,51.5164,69.7134,86.6639,132.778,130.012,127.369,124.839,122.414,118.955,114.766,105.962,74.6688,38.4525,23.0885,9.99846
6.150,0.0016,1.0000,0.0000,6,152.71,-0.07,2.65,0.1468,-0.0304,9654.14,0.0,140.26,140.22,134.83,134.80,7.02923,14.4537,21.5479,33.6763,51.1524,69.1799,86.3207,131.858,129.11,126.484,123.971,121.562,118.137,113.994,105.316,75.1085,38.6444,23.1949,10.0409
6.175,0.0015,1.0000,0.0000,6,152.52,-0.06,2.64,0.1514,-0.0306,9659.21,0.0,140.20,140.16,134.54,134.51,6.98963,14.3683,21.4154,33.456,50.7889,68.6484,86.4342,130.938,128.208,125.598,123.102,120.71,117.318,113.221,104.665,75.5501,38.8374,23.3018,10.0836
6.195,0.0013,1.0000,0.0000,6,152.34,-0.06,2.64,0.1562,-0.0307,9316.79,0.0,140.03,140.00,134.45,134.44,6.94995,14.2833,21.2843,33.2397,50.436,68.1371,134.026,130.012,127.3,124.708,122.228,119.853,116.493,112.441,104.005,75.9768,39.0268,23.4077,10.1263
6.219,0.0012,1.0000,0.0000,6,152.61,-0.05,2.64,0.1609,-0.0309,9627.42,0.0,140.04,140.01,138.87,138.87,6.91031,14.1991,21.1555,33.0299,50.0987,67.6553,133.062,129.075,126.381,123.807,121.345,118.987,115.659,111.65,103.33,76.3793,39.2103,23.5118,10.1689
6.238,0.0011,1.0000,0.0000,6,153.16,-0.04,2.65,0.1656,-0.0310,9673.24,0.0,140.46,140.44,139.56,139.56,6.87041,14.1147,21.0266,32.8204,49.7634,67.1782,132.092,128.132,125.458,122.902,120.457,118.116,114.82,110.854,102.648,76.7794,39.3938,23.6161,10.2118
6.264,0.0010,1.0000,0.0000,6,153.73,-0.04,2.67,0.1704,-0.0311,9699.24,0.0,140.97,140.95,139.94,139.94,6.83026,14.0299,20.8973,32.611,49.4294,66.7046,131.115,127.184,124.529,121.991,119.564,117.24,113.975,110.052,101.959,77.1779,39.5774,23.7208,10.2549
6.288,0.0009,1.0000,0.0000,6,154.29,-0.04,2.69,0.1753,-0.0311,9724.87,0.0,141.48,141.46,140.31,140.31,6.78989,13.9448,20.7678,32.4019,49.0973,66.2356,130.133,126.231,123.594,121.075,118.665,116.358,113.125,109.245,101.263,77.5737,39.7608,23.8258,10.2982
6.307,0.0008,1.0000,0.0000,6,154.86,-0.03,2.71,0.1801,-0.0312,9754.8,0.0,141.99,141.97,140.74,140.74,6.74927,13.8594,20.6381,32.193,48.7668,65.7702,129.145,125.271,122.654,120.154,117.762,115.472,112.27,108.432,100.559,77.8814,39.9443,23.931,10.3418
6.326,0.0007,1.0000,0.0000,6,155.41,-0.03,2.73,0.1850,-0.0313,9788.53,0.0,142.50,142.49,141.23,141.23,6.70837,13.7735,20.5078,31.9835,48.4361,65.3058,128.152,124.307,121.71,119.228,116.853,114.581,111.41,107.615,99.8495,78.0431,40.1285,24.0368,10.3857
6.351,0.0006,1.0000,0.0000,6,155.97,-0.03,2.73,0.1900,-0.0314,9824.69,0.0,143.01,142.99,141.75,141.75,6.66718,13.6871,20.3768,31.773,48.1041,64.8402,127.154,123.339,120.761,118.298,115.942,113.686,110.547,106.794,99.135,78.1004,40.3139,24.1433,10.4299
6.376,0.0006,1.0000,0.0000,6,156.51,-0.02,2.73,0.1950,-0.0315,9862.35,0.0,143.52,143.50,142.29,142.29,6.62572,13.6,20.2448,31.5611,47.77,64.3716,126.154,122.367,119.809,117.365,115.027,112.789,109.681,105.969,98.4159,78.0783,40.5009,24.2507,10.4744
6.394,0.0005,1.0000,0.0000,6,157.06,-0.02,2.73,0.2000,-0.0316,9898.6,0.0,144.03,144.01,142.81,142.81,6.58398,13.5124,20.112,31.3477,47.4334,63.8994,125.15,121.393,118.855,116.43,114.11,111.889,108.811,105.141,97.6929,77.9931,40.6898,24.359,10.5193
6.419,0.0005,1.0000,0.0000,6,157.61,-0.02,2.74,0.2050,-0.0316,9932.87,0.0,144.53,144.52,143.31,143.31,6.54196,13.4242,19.9782,31.1327,47.0943,63.4235,124.144,120.416,117.898,115.491,113.189,110.986,107.939,104.311,96.9657,77.8552,40.8805,24.4682,10.5644
6.438,0.0004,1.0000,0.0000,6,158.16,-0.03,2.75,0.2101,-0.0317,9966.26,0.0,145.04,145.03,143.79,143.79,6.49992,13.3367,19.8463,30.923,46.7682,62.9721,123.124,119.426,116.928,114.541,112.258,110.072,107.056,103.468,96.2247,77.657,41.0653,24.5756,10.6095
6.463,0.0004,1.0000,0.0000,6,158.71,-0.02,2.76,0.2152,-0.0317,9997.95,0.0,145.54,145.53,144.25,144.25,6.45788,13.25,19.7167,30.7196,46.4574,62.5493,122.089,118.422,115.945,113.578,111.313,109.146,106.16,102.613,95.4687,77.4042,41.2428,24.6806,10.6544
6.482,0.0003,1.0000,0.0000,6,159.26,-0.02,2.78,0.2203,-0.0317,10030.4,0.0,146.04,146.04,144.72,144.72,6.41575,13.1634,19.5877,30.5183,46.1521,62.1373,121.046,117.41,114.954,112.607,110.362,108.213,105.257,101.75,94.704,77.1126,41.4177,24.785,10.6993
6.507,0.0003,1.0000,0.0000,6,159.81,-0.01,2.79,0.2254,-0.0317,10063.2,0.0,146.54,146.54,145.19,145.19,6.37345,13.0766,19.4586,30.3172,45.8481,61.7281,119.997,116.393,113.958,111.631,109.406,107.276,104.349,100.883,93.9336,76.7903,41.592,24.8894,10.7444
6.525,0.0003,1.0000,0.0000,6,160.35,-0.01,2.81,0.2306,-0.0317,10096.2,0.0,147.04,147.04,145.67,145.67,6.33098,12.9896,19.3291,30.1156,45.5436,61.3186,118.945,115.372,112.958,110.652,108.446,106.335,103.438,100.012,93.1587,76.4419,41.7667,24.994,10.7896
6.551,0.0002,1.0000,0.0000,6,160.89,-0.01,2.82,0.2358,-0.0317,10129.5,0.0,147.54,147.54,146.15,146.15,6.28835,12.9021,19.1991,29.9132,45.2379,60.9076,117.888,114.347,111.955,109.67,107.484,105.391,102.524,99.1373,92.3797,76.0702,41.942,25.0991,10.835
6.569,0.0002,1.0000,0.0000,6,161.44,-0.00,2.83,0.2410,-0.0317,10162.7,0.0,148.04,148.04,146.63,146.63,6.24556,12.8144,19.0686,29.71,44.9309,60.4946,116.829,113.32,110.949,108.684,106.518,104.444,101.607,98.2597,91.5966,75.6774,42.118,25.2046,10.8806
6.594,0.0002,1.0000,0.0000,6,161.98,-0.00,2.85,0.2462,-0.0317,10195.8,0.0,148.54,148.54,147.10,147.10,6.20261,12.7263,18.9376,29.506,44.6226,60.0799,115.766,112.289,109.94,107.695,105.548,103.493,100.686,97.3787,90.8096,75.265,42.2948,25.3105,10.9264
6.614,0.0002,1.0000,0.0000,6,162.52,-0.00,2.86,0.2514,-0.0317,10228.8,0.0,149.03,149.03,147.58,147.58,6.15951,12.6379,18.806,29.3011,44.313,59.6632,114.699,111.254,108.927,106.703,104.576,102.54,99.7624,96.4948,90.0187,74.8345,42.4724,25.4168,10.9723
6.638,0.0002,1.0000,0.0000,6,163.06,-0.00,2.87,0.2567,-0.0317,10260.1,0.0,149.53,149.53,148.03,148.03,6.11624,12.5491,18.674,29.0953,44.0019,59.2445,113.63,110.217,107.911,105.708,103.601,101.584,98.8357,95.6076,89.2239,74.3871,42.6507,25.5235,11.0184
6.657,0.0001,1.0000,0.0000,6,163.59,0.00,2.89,0.2620,-0.0317,10292.5,0.0,150.02,150.02,148.50,148.50,6.07286,12.4601,18.5415,28.889,43.6899,58.8245,112.557,109.176,106.892,104.71,102.623,100.624,97.9058,94.717,88.4251,73.9236,42.8296,25.6306,11.0646
6.682,0.0001,1.0000,0.0000,6,164.13,0.00,2.90,0.2673,-0.0317,10325.5,0.0,150.51,150.51,148.97,148.97,6.0293,12.3708,18.4085,28.6818,43.3766,58.4027,111.48,108.131,105.87,103.708,101.641,99.6619,96.9729,93.8234,87.6223,73.4451,43.0092,25.7381,11.111
6.701,0.0001,1.0000,0.0000,6,164.66,0.00,2.91,0.2726,-0.0317,10358.6,0.0,151.00,151.00,149.45,149.45,5.9856,12.2811,18.2751,28.4739,43.0621,57.9793,110.4,107.084,104.844,102.704,100.656,98.6964,96.0368,92.9264,86.8155,72.9523,43.1895,25.846,11.1576
6.725,0.0001,1.0000,0.0000,6,165.19,0.00,2.92,0.2779,-0.0317,10391.6,0.0,151.50,151.50,149.93,149.93,5.94176,12.1911,18.1412,28.2654,42.7467,57.5546,109.316,106.033,103.815,101.696,99.6683,97.7277,95.0975,92.0262,86.0049,72.4459,43.3703,25.9542,11.2043
6.744,0.0001,1.0000,0.0000,6,165.73,0.00,2.93,0.2832,-0.0317,10424.3,0.0,151.99,151.99,150.40,150.40,5.89779,12.1009,18.007,28.0561,42.4303,57.1317,108.229,104.978,102.783,100.684,98.6772,96.7559,94.1549,91.1226,85.1901,71.9265,43.5517,26.0627,11.2512
6.769,0.0001,1.0000,0.0000,6,166.26,0.00,2.95,0.2886,-0.0317,10456.6,0.0,152.47,152.47,150.87,150.87,5.85366,12.0104,17.8722,27.8462,42.1128,56.7597,107.139,103.921,101.747,99.6697,97.6829,95.7809,93.2093,90.2158,84.3714,71.3948,43.7338,26.1717,11.2982
6.788,0.0001,1.0000,0.0000,6,166.79,0.00,2.96,0.2940,-0.0317,10488.7,0.0,152.96,152.96,151.33,151.33,5.80937,11.9195,17.737,27.6355,41.7941,56.4781,106.045,102.86,100.708,98.652,96.6855,94.8029,92.2605,89.3058,83.5489,70.8515,43.9165,26.281,11.3454
6.813,0.0001,1.0000,0.0000,6,167.32,0.00,2.98,0.2994,-0.0317,10518.7,0.0,153.45,153.45,151.76,151.76,5.76495,11.8284,17.6014,27.4241,41.4743,56.3436,104.947,101.795,99.6659,97.6311,95.6849,93.8219,91.3087,88.3926,82.7225,70.2968,44.0998,26.3907,11.3927
6.832,0.0001,1.0000,0.0000,6,167.84,0.00,2.99,0.3048,-0.0317,10550.3,0.0,153.93,153.93,152.22,152.22,5.7204,11.7369,17.4653,27.2121,41.1536,56.5184,103.847,100.727,98.6204,96.607,94.6812,92.8377,90.3536,87.4761,81.8921,69.7313,44.2837,26.5007,11.4402
6.857,0.0001,1.0000,0.0000,6,168.37,0.00,3.01,0.3102,-0.0317,10582.7,0.0,154.41,154.41,152.69,152.69,5.67567,11.6452,17.3287,26.9993,40.8318,106.532,102.742,99.6562,97.5717,95.5797,93.6744,91.8505,89.3954,86.5563,81.058,69.1553,44.4682,26.6111,11.4878
6.882,0.0000,1.0000,0.0000,6,168.89,0.00,3.02,0.3157,-0.0317,10615.3,0.0,154.90,154.90,153.16,153.16,5.63085,11.5532,17.1919,26.786,40.5092,105.383,101.634,98.5817,96.5196,94.5491,92.6643,90.86,88.4341,85.6333,80.2198,68.5692,44.6532,26.7217,11.5356
6.901,0.0000,1.0000,0.0000,6,169.41,0.00,3.03,0.3212,-0.0317,10647.9,0.0,155.38,155.38,153.63,153.63,5.58585,11.4609,17.0545,26.5719,40.1854,104.231,100.523,97.5039,95.4644,93.5154,91.6513,89.8667,87.4696,84.707,79.3778,67.9734,44.8388,26.8328,11.5835
6.925,0.0000,1.0000,0.0000,6,169.94,0.00,3.05,0.3266,-0.0317,10680.1,0.0,155.86,155.86,154.09,154.09,5.54075,11.3683,16.9168,26.3574,39.8608,103.075,99.4086,96.4226,94.4057,92.4783,90.6349,88.8701,86.5019,83.7775,78.532,67.3681,45.0249,26.9442,11.6316
6.944,0.0000,1.0000,0.0000,6,170.46,0.00,3.06,0.3321,-0.0317,10711.8,0.0,156.34,156.34,154.55,154.55,5.4955,11.2755,16.7786,26.142,39.5351,101.916,98.2905,95.3381,93.3438,91.4382,89.6155,87.8705,85.5311,82.8447,77.6822,66.7537,45.2116,27.0559,11.6798
6.969,0.0000,1.0000,0.0000,6,170.98,0.00,3.07,0.3377,-0.0317,10743.1,0.0,156.81,156.81,155.00,155.00,5.45009,11.1823,16.6399,25.926,39.2084,100.753,97.169,94.2503,92.2788,90.3949,88.593,86.8679,84.5572,81.9088,76.8288,66.1305,45.3989,27.168,11.7282
6.988,0.0000,1.0000,0.0000,6,171.50,0.00,3.09,0.3432,-0.0317,10772.0,0.0,157.29,157.29,155.42,155.42,5.40456,11.0889,16.5009,25.7093,38.8806,99.5869,96.0442,93.1593,91.2106,89.3484,87.5674,85.8624,83.5803,80.9698,75.9716,65.4988,45.5869,27.2804,11.7767
7.013,0.0000,1.0000,0.0000,6,172.01,0.00,3.11,0.3487,-0.0317,10803.3,0.0,157.76,157.76,155.87,155.87,5.35888,10.9951,16.3614,25.492,38.5519,98.417,94.916,92.0649,90.1391,88.2989,86.5387,84.8537,82.6003,80.0274,75.1106,64.8586,45.7624,27.3932,11.8254
7.032,0.0000,1.0000,0.0000,6,172.53,0.00,3.12,0.3543,-0.0317,10835.2,0.0,158.24,158.24,156.33,156.33,5.31308,10.9012,16.2215,25.274,38.2222,97.2436,93.7842,90.9672,89.0644,87.246,85.5068,83.8419,81.617,79.0818,74.2458,64.2102,45.8647,27.5063,11.8742
7.057,0.0000,1.0000,0.0000,6,173.04,0.00,3.14,0.3599,-0.0317,10867.3,0.0,158.71,158.71,156.79,156.79,5.26713,10.8069,16.0812,25.0554,37.8915,96.0667,92.6492,89.8663,87.9864,86.1901,84.472,82.8272,80.6308,78.1331,73.3773,63.5539,45.8978,27.6197,11.9232
7.075,0.0000,1.0000,0.0000,6,173.55,0.00,3.15,0.3655,-0.0317,10899.3,0.0,159.18,159.18,157.26,157.26,5.22106,10.7123,15.9405,24.8362,37.5599,94.8861,91.5107,88.7619,86.9053,85.131,83.434,81.8094,79.6413,77.1811,72.5049,62.8898,45.8722,27.7335,11.9723
7.101,0.0000,1.0000,0.0000,6,174.06,0.00,3.16,0.3711,-0.0317,10930.8,0.0,159.65,159.65,157.71,157.71,5.17484,10.6175,15.7994,24.6163,37.2273,93.7022,90.3689,87.6543,85.8209,84.0688,82.3929,80.7886,78.649,76.226,71.6289,62.2182,45.7958,27.8476,12.0215
7.119,0.0000,1.0000,0.0000,6,174.57,0.00,3.18,0.3767,-0.0317,10961.8,0.0,160.12,160.12,158.16,158.16,5.12847,10.5223,15.6578,24.3957,36.8937,92.5149,89.2237,86.5437,84.7334,83.0034,81.3488,79.7649,77.6535,75.2678,70.7492,61.5392,45.675,27.9621,12.0709
7.145,0.0000,1.0000,0.0000,6,175.09,0.00,3.19,0.3824,-0.0317,10990.6,0.0,160.59,160.59,158.58,158.58,5.08197,10.4269,15.5158,24.1744,36.559,91.3241,88.0752,85.4297,83.6427,81.9351,80.3018,78.7382,76.655,74.3064,69.8659,60.8529,45.5145,28.0769,12.1205
7.163,0.0000,1.0000,0.0000,6,175.59,0.00,3.21,0.3881,-0.0317,11020.3,0.0,161.06,161.06,159.00,159.00,5.03535,10.3313,15.3735,23.9526,36.2234,90.1298,86.9234,84.3124,82.5489,80.8636,79.2516,77.7085,75.6533,73.3418,68.9788,60.1596,45.3185,28.192,12.1702
7.188,0.0000,1.0000,0.0000,6,176.10,0.00,3.23,0.3937,-0.0317,11051.3,0.0,161.52,161.52,159.45,159.45,4.98858,10.2353,15.2307,23.73,35.8869,88.932,85.7683,83.192,81.4518,79.7889,78.1984,76.6757,74.6487,72.3741,68.0881,59.4593,45.0904,28.3075,12.22
7.207,0.0000,1.0000,0.0000,6,176.60,0.00,3.25,0.3994,-0.0317,11082.9,0.0,161.99,161.99,159.91,159.91,4.94171,10.1391,15.0875,23.507,35.5704,87.7306,84.6097,82.0682,80.3515,78.711,77.142,75.6399,73.6409,71.4031,67.1936,58.7521,44.8328,28.4232,12.27
7.232,0.0000,1.0000,0.0000,6,177.11,0.00,3.26,0.4052,-0.0317,11114.5,0.0,162.45,162.45,160.36,160.36,4.89468,10.0426,14.9439,23.2832,35.3365,86.526,83.4478,80.9413,79.2482,77.6303,76.0828,74.6013,72.6302,70.4291,66.2957,58.0384,44.5483,28.5393,12.3201
7.251,0.0000,1.0000,0.0000,6,177.61,0.00,3.27,0.4109,-0.0317,11145.7,0.0,162.91,162.91,160.81,160.81,4.84751,9.94583,14.7999,23.0588,35.2258,85.3179,82.2828,79.8112,78.1417,76.5464,75.0205,73.5597,71.6164,69.452,65.394,57.318,44.239,28.6558,12.3703
7.275,0.0000,1.0000,0.0000,6,178.11,0.00,3.29,0.4166,-0.0317,11176.4,0.0,163.37,163.37,161.26,161.26,4.80021,9.8488,14.6555,22.8338,35.318,84.1064,81.1143,78.6778,77.0321,75.4594,73.9551,72.5151,70.5996,68.4716,64.4887,56.5911,43.9065,28.7725,12.4207
7.294,0.0000,1.0000,0.0000,6,178.61,0.00,3.30,0.4224,-0.0317,11206.4,0.0,163.83,163.83,161.69,161.69,4.75278,9.75146,14.5106,22.6081,35.8482,82.8915,79.9426,77.5413,75.9193,74.3693,72.8868,71.4676,69.5798,67.4883,63.5799,55.858,43.5523,28.8896,12.4713
7.319,0.0000,1.0000,0.0000,6,179.11,0.00,3.32,0.4282,-0.0317,11233.6,0.0,164.29,164.29,162.08,162.08,4.70521,9.65386,14.3654,22.3818,87.7906,81.6731,78.7676,76.4016,74.8035,73.2762,71.8156,70.4172,68.5571,66.5018,62.6675,55.1186,43.1779,29.0071,12.522
7.338,0.0000,1.0000,0.0000,6,179.61,0.00,3.34,0.4340,-0.0317,11263.7,0.0,164.75,164.75,162.51,162.51,4.65753,9.55603,14.2198,22.1549,86.4772,80.4512,77.5893,75.2586,73.6843,72.1801,70.7411,69.3637,67.5314,65.5121,61.7514,54.373,42.7844,29.1248,12.5728
7.363,0.0000,1.0000,0.0000,6,180.10,0.00,3.36,0.4398,-0.0317,11294.6,0.0,165.21,165.21,162.96,162.96,4.60971,9.45791,14.0738,21.9274,85.1603,79.2261,76.4076,74.1124,72.5622,71.0808,69.6638,68.3073,66.503,64.5193,60.8318,53.6213,42.3729,29.2326,12.6237
7.388,0.0000,1.0000,0.0000,6,180.60,0.00,3.37,0.4456,-0.0317,11325.8,0.0,165.66,165.66,163.41,163.41,4.56174,9.35947,13.9273,21.6991,83.8399,77.9976,75.2229,72.9633,71.4371,69.9787,68.5837,67.2482,65.4718,63.5236,59.9088,52.8639,41.9444,29.2945,12.6749
7.407,0.0000,1.0000,0.0000,6,181.09,0.00,3.39,0.4515,-0.0317,11356.7,0.0,166.11,166.11,163.86,163.86,4.51363,9.26075,13.7804,21.4703,82.5158,76.7658,74.0349,71.8111,70.3089,68.8735,67.5005,66.1862,64.4379,62.5248,58.9822,52.1005,41.4997,29.3118,12.7261
7.432,0.0000,1.0000,0.0000,6,181.58,0.00,3.41,0.4573,-0.0317,11387.0,0.0,166.57,166.57,164.29,164.29,4.46538,9.16176,13.6331,21.2407,81.1881,75.5307,72.8437,70.6556,69.1777,67.7653,66.4145,65.1212,63.401,61.5229,58.052,51.3314,41.0397,29.2887,12.7775
7.451,0.0000,1.0000,0.0000,6,182.07,0.00,3.42,0.4632,-0.0317,11416.8,0.0,167.02,167.02,164.72,164.72,4.41702,9.06254,13.4854,21.0107,79.8568,74.2921,71.6492,69.4969,68.0432,66.654,65.3253,64.0533,62.3613,60.5179,57.1184,50.5565,40.5648,29.2288,12.8291
7.475,0.0000,1.0000,0.0000,6,182.56,0.00,3.44,0.4691,-0.0317,11443.1,0.0,167.47,167.47,165.11,165.11,4.36852,8.96302,13.3373,20.7799,78.522,73.0503,70.4515,68.3353,66.9058,65.5399,64.2334,62.9826,61.3189,59.51,56.1814,49.7761,40.076,29.1351,12.8808
7.494,0.0000,1.0000,0.0000,6,183.05,0.00,3.47,0.4750,-0.0317,11472.2,0.0,167.92,167.92,165.53,165.53,4.31989,8.86323,13.1888,20.5485,77.1835,71.8051,69.2506,67.1704,65.7654,64.4227,63.1385,61.9091,60.2737,58.4989,55.2408,48.9901,39.5736,29.0102,12.9326
7.519,0.0000,1.0000,0.0000,6,183.54,0.00,3.48,0.4809,-0.0317,11502.5,0.0,168.37,168.37,165.96,165.96,4.27113,8.76319,13.04,20.336,75.8415,70.5566,68.0465,66.0025,64.6219,63.3026,62.0406,60.8326,59.2257,57.4848,54.2967,48.1985,39.0583,28.8562,12.9845
7.538,0.0000,1.0000,0.0000,6,184.02,0.00,3.50,0.4869,-0.0317,11533.1,0.0,168.81,168.81,166.40,166.40,4.22225,8.66289,12.8907,20.1983,74.4959,69.3047,66.8392,64.8314,63.4753,62.1794,60.9398,59.7533,58.1748,56.4676,53.3492,47.4017,38.5304,28.6753,13.0366
7.563,0.0000,1.0000,0.0000,6,184.51,0.00,3.51,0.4928,-0.0317,11563.7,0.0,169.26,169.26,166.84,166.84,4.17324,8.56232,12.741,20.1616,73.1468,68.0496,65.6288,63.6574,62.3258,61.0533,59.8362,58.6711,57.1213,55.4474,52.3983,46.5993,37.9906,28.469,13.0889
7.582,0.0000,1.0000,0.0000,6,184.99,0.00,3.53,0.4988,-0.0317,11593.6,0.0,169.70,169.70,167.28,167.28,4.1241,8.46149,12.591,20.2661,71.794,66.7911,64.4151,62.4801,61.1731,59.9242,58.7296,57.5861,56.0649,54.4242,51.4439,45.7918,37.439,28.2389,13.1412
7.607,0.0000,1.0000,0.0000,6,185.47,0.00,3.55,0.5048,-0.0317,11623.0,0.0,170.14,170.14,167.70,167.70,4.07484,8.36044,12.4406,20.5879,70.4377,65.5293,63.1981,61.2998,60.0175,58.7921,57.6201,56.4981,55.0056,53.3979,50.486,44.9789,36.8762,27.9863,13.1937
7.626,0.0000,1.0000,0.0000,6,185.96,0.00,3.57,0.5108,-0.0317,11648.6,0.0,170.59,170.59,168.07,168.07,4.02544,8.25906,12.2898,21.3114,69.078,64.2644,61.9781,60.1164,58.8589,57.6572,56.5078,55.4075,53.9439,52.3687,49.5248,44.1609,36.3026,27.7125,13.2464
7.651,0.0000,1.0000,0.0000,6,186.43,0.00,3.59,0.5168,-0.0317,11676.9,0.0,171.03,171.03,168.48,168.48,3.9759,8.15741,12.1385,23.3962,67.7148,62.9961,60.755,58.9301,57.6973,56.5194,55.3927,54.314,52.8793,51.3366,48.5602,43.338,35.7185,27.4185,13.2992
7.669,0.0000,1.0000,0.0000,6,186.91,0.00,3.62,0.5228,-0.0317,11706.6,0.0,171.47,171.47,168.91,168.91,3.92625,8.05553,11.9875,78.2232,66.3479,61.7245,59.5286,57.7405,56.5326,55.3785,54.2745,53.2177,51.8119,50.3013,47.5922,42.5098,35.124,27.1053,13.3521
7.695,0.0000,1.0000,0.0000,6,187.39,0.00,3.63,0.5289,-0.0317,11736.8,0.0,171.90,171.90,169.34,169.34,3.87646,7.95339,11.8717,76.6077,64.9777,60.4497,58.2992,56.548,55.3651,54.2347,53.1536,52.1186,50.7418,49.2632,46.6208,41.6767,34.5196,26.7738,13.4051
7.713,0.0000,1.0000,0.0000,6,187.86,0.00,3.64,0.5350,-0.0317,11766.9,0.0,172.34,172.34,169.78,169.78,3.82655,7.85097,11.8182,74.9882,63.604,59.1717,57.0667,55.3524,54.1946,53.0881,52.0298,51.0166,49.669,48.222,45.6461,40.8386,33.9056,26.4249,13.4553
7.738,0.0000,1.0000,0.0000,6,188.33,0.00,3.67,0.5410,-0.0317,11796.3,0.0,172.78,172.78,170.20,170.20,3.77651,7.74829,11.8402,73.3644,62.2267,57.8905,55.8309,54.1539,53.0211,51.9386,50.9032,49.912,48.5935,47.1778,44.668,39.9956,33.2821,26.0591,13.4863
7.756,0.0129,1.0000,0.0000,6,188.81,0.00,3.68,0.5471,-0.0317,11825.2,0.0,173.21,173.21,170.62,170.62,3.72633,7.6465,11.9561,71.7366,60.8461,56.606,54.5922,52.9523,51.8447,50.7862,49.7737,48.8045,47.5154,46.1311,43.6867,39.1478,32.6494,25.6773,13.4963
7.782,0.0358,1.0000,0.0000,6,189.28,0.02,3.71,0.5533,-0.0322,11850.0,0.0,173.69,173.59,170.98,170.98,3.67396,7.56262,12.1561,70.2231,59.5458,55.3903,53.4169,51.8102,50.7249,49.6879,48.696,47.7466,46.4837,45.1278,42.7456,38.3344,32.0398,25.3031,13.4928
7.801,0.0541,1.0000,0.0000,6,189.75,-0.03,3.73,0.5597,-0.0341,11878.1,0.0,174.26,173.88,171.38,171.38,3.61522,7.48933,12.3864,69.0352,58.4753,54.3714,52.4237,50.8383,49.7678,48.745,47.7671,46.8311,45.5864,44.2503,41.9211,37.6238,31.5086,24.9768,13.4886
7.826,0.0679,1.0000,0.0000,6,190.21,-0.24,3.75,0.5664,-0.0377,11908.5,0.0,174.85,174.11,171.82,171.82,3.54759,7.41632,12.6055,68.2628,57.697,53.6025,51.6614,50.0825,49.017,47.9994,47.0267,46.0961,44.859,43.5318,41.2406,37.0398,31.075,24.7129,13.4896
7.845,0.0779,1.0000,0.0000,6,190.66,-0.58,3.77,0.5738,-0.0430,11940.8,0.0,175.43,174.34,172.28,172.28,3.47062,7.34484,12.8083,67.8716,57.1838,53.0592,51.1074,49.5213,48.4517,47.4309,46.4556,45.5231,44.2841,42.956,40.6826,36.5628,30.7233,24.5008,13.4942
7.870,0.0853,1.0000,0.0000,6,191.10,-0.97,3.83,0.5819,-0.0496,11973.1,0.0,175.98,174.60,172.75,172.75,3.39586,7.27897,13.0046,67.8098,56.8951,52.706,50.728,49.1229,48.0414,47.01,46.0254,45.0845,43.8357,42.4981,40.2183,36.167,30.4325,24.3264,13.4998
7.888,0.0909,1.0000,0.0000,6,191.54,-1.43,3.96,0.5910,-0.0567,12004.2,0.0,176.53,174.85,173.20,173.20,3.33008,7.21288,13.159,68.1373,56.867,52.5717,50.5495,48.9109,47.8084,46.7579,45.756,44.7996,43.5312,42.1743,39.8654,35.8587,30.2081,24.1943,13.5091
7.913,0.0951,1.0000,0.0000,6,191.96,-1.93,4.07,0.5998,-0.0515,12034.9,0.0,176.99,175.12,173.64,173.64,3.274,7.15673,13.3176,68.7522,57.0223,52.5888,50.5083,48.826,47.6955,46.6198,45.5948,44.6173,43.3226,41.9394,39.5902,35.5961,30.017,24.0814,13.5164
7.932,0.0982,1.0000,0.0000,6,192.42,-2.26,4.32,0.6071,-0.0464,12030.3,0.0,177.39,175.49,173.59,173.59,3.22902,7.12648,13.5798,69.4756,57.2346,52.649,50.5048,48.7747,47.6138,46.5104,45.4603,44.46,43.1366,41.7249,39.3322,35.3249,29.8157,23.9571,13.5134
7.957,0.1010,1.0000,0.0000,6,192.83,-2.44,4.66,0.6132,-0.0413,12055.4,0.0,177.79,175.86,173.94,173.94,3.19373,7.11949,13.9634,70.3257,57.5129,52.7594,50.5453,48.7625,47.5684,46.4348,45.3574,44.3322,42.9776,41.5349,39.0948,35.0469,29.6063,23.8236,13.5018
7.982,0.1035,1.0000,0.0000,6,193.22,-2.65,4.92,0.6182,-0.0363,12091.3,0.0,178.15,176.20,174.45,174.45,3.16776,7.1361,14.5182,71.3119,57.8601,52.9213,50.6305,48.7902,47.5598,46.3933,45.2862,44.2339,42.8456,41.3692,38.878,34.764,29.3883,23.6809,13.4819
8.001,0.1061,1.0000,0.0000,6,193.65,-2.75,5.22,0.6220,-0.0310,12095.7,0.0,178.48,176.58,174.53,174.53,3.15244,7.18617,15.4502,72.344,58.2135,53.0821,50.7121,48.8129,47.5454,46.3454,45.2079,44.1282,42.7058,41.1957,38.6535,34.4712,29.144,23.5161,13.4499
8.026,0.1089,1.0000,0.0000,6,194.04,-2.75,5.52,0.6247,-0.0253,12129.5,0.0,178.81,176.97,175.00,175.00,3.14763,7.2729,17.5729,73.3924,58.5532,53.2254,50.7753,48.8169,47.5122,46.2789,45.1113,44.0045,42.5485,41.0054,38.4135,34.1662,28.87,23.3272,13.4055
8.045,0.1110,1.0000,0.0000,6,194.41,-2.86,5.67,0.6262,-0.0198,12176.9,0.0,179.16,177.29,175.68,175.68,3.15216,7.38522,135.271,74.6677,59.0085,53.4562,50.9152,48.8895,47.5428,46.2717,45.0701,43.9326,42.4386,40.8581,38.2102,33.889,28.5965,23.1358,13.3549
8.069,0.1126,1.0000,0.0000,6,194.82,-3.01,5.81,0.6265,-0.0144,12191.9,0.0,179.51,177.61,175.91,175.91,3.1668,7.52733,143.819,76.1891,59.5822,53.7749,51.1311,49.0297,47.6357,46.3222,45.0824,43.9106,42.3741,40.7519,38.0413,33.6374,28.3205,22.9395,13.2973
8.088,0.1138,1.0000,0.0000,6,195.20,-3.12,5.90,0.6256,-0.0089,12231.3,0.0,179.84,177.97,176.47,176.47,3.19276,7.7121,153.889,77.8381,60.195,54.1154,51.3629,49.1819,47.7383,46.3805,45.1011,43.8937,42.3132,40.6479,37.8733,33.3856,28.0232,22.7251,13.2288
8.113,0.1147,1.0000,0.0000,6,195.58,-3.29,5.91,0.6235,-0.0034,12270.7,0.0,180.18,178.29,177.04,177.04,3.22959,7.935,166.559,79.776,60.9341,54.5464,51.6718,49.4016,47.9026,46.4954,45.1719,43.9249,42.2956,40.5827,37.7372,33.1573,27.723,22.5038,13.1528
8.132,0.1153,1.0000,0.0000,6,195.97,-3.47,5.89,0.6201,0.0020,12296.7,0.0,180.53,178.62,177.42,177.42,3.27788,8.20148,182.823,82.0436,61.8098,55.0729,52.0609,49.691,48.1303,46.6682,45.2955,44.0046,42.3215,40.5561,37.6327,32.9514,27.4352,22.2744,13.0686
8.157,0.1158,1.0000,0.0000,6,196.35,-3.63,5.83,0.6154,0.0077,12326.2,0.0,180.84,178.97,177.85,177.85,3.33905,8.52963,200.0,84.5029,62.7312,55.6208,52.4637,49.9889,48.3638,46.8444,45.421,44.0848,42.3461,40.5268,37.5242,32.7414,27.1449,22.0246,12.9727
8.175,0.1162,1.0000,0.0000,6,196.74,-3.72,5.76,0.6094,0.0136,12353.7,0.0,181.16,179.33,178.25,178.25,3.41354,8.9284,200.0,87.1924,63.7095,56.1971,52.8857,50.3003,48.6075,47.0283,45.5518,44.1685,42.3725,40.4979,37.4142,32.529,26.8534,21.7555,12.8654
8.201,0.1161,1.0000,0.0000,6,197.10,-3.84,5.64,0.6022,0.0195,12395.1,0.0,181.50,179.68,178.84,178.84,3.5006,9.39694,200.0,90.345,64.8521,56.8825,53.3975,50.6882,48.9198,47.274,45.7388,44.3034,42.4441,40.5085,37.336,32.3389,26.577,21.4779,12.7499
8.220,0.1160,1.0000,0.0000,6,197.50,-3.99,5.46,0.5936,0.0255,12417.4,0.0,181.82,180.00,179.17,179.17,3.60167,9.95794,200.0,93.9381,66.1228,57.6449,53.9692,51.1249,49.2744,47.5567,45.9581,44.4669,42.5398,40.5394,37.2728,32.1582,26.3069,21.1858,12.6243
8.245,0.1159,1.0000,0.0000,6,197.89,-4.02,5.33,0.5836,0.0320,12434.2,0.0,182.13,180.39,179.41,179.41,3.71853,10.6529,200.0,97.7806,67.4074,58.3947,54.5219,51.5392,49.6053,47.8148,46.1524,44.6051,42.6105,40.5459,37.1872,31.9598,26.0258,20.8733,12.4856
8.263,0.1159,1.0000,0.0000,6,198.24,-4.09,5.11,0.5723,0.0383,12493.8,0.0,182.49,180.74,180.26,180.26,3.84921,11.4844,200.0,102.422,68.9402,59.3045,55.2045,52.0633,50.0343,48.1611,46.4265,44.8157,42.745,40.608,37.1459,31.7922,25.765,20.5739,12.3395
8.288,0.1158,1.0000,0.0000,6,198.64,-4.28,4.82,0.5596,0.0446,12510.9,0.0,182.81,181.04,180.53,180.53,3.99526,12.5091,200.0,107.997,70.729,60.3709,56.0115,52.6908,50.5544,48.5881,46.7725,45.091,42.9355,40.7184,37.1422,31.6496,25.5202,20.2859,12.1848
8.307,0.1158,1.0000,0.0000,6,199.05,-4.28,4.60,0.5454,0.0515,12518.8,0.0,183.11,181.44,180.64,180.64,4.16066,13.8976,200.0,113.873,72.4593,61.3606,56.7409,53.2419,51.0002,48.9432,47.0491,45.2995,43.0631,40.7702,37.0874,31.4689,25.2519,19.9861,12.0149
8.332,0.1158,1.0000,0.0000,6,199.38,-4.33,4.27,0.5299,0.0583,12595.0,0.0,183.47,181.81,181.71,181.71,4.34182,15.2581,200.0,121.188,74.547,62.5671,57.6425,53.9365,51.5727,49.4111,47.4268,45.5991,43.2701,40.8907,37.0868,31.3249,25.0072,19.7026,11.8379
8.351,0.1158,1.0000,0.0000,6,199.79,-4.55,3.85,0.5128,0.0649,12607.6,0.0,183.78,182.08,181.93,181.93,4.5407,16.3856,183.315,130.364,77.0369,64.0068,58.7254,54.779,52.2746,49.9928,47.9054,45.9887,43.5546,41.0773,37.1367,31.2142,24.7831,19.4328,11.6525
8.376,0.1158,1.0000,0.0000,6,200.21,-4.50,3.55,0.4941,0.0724,12605.1,0.0,184.07,182.50,181.89,181.89,4.76377,17.4393,128.972,140.002,79.3469,65.2701,59.6431,55.4678,52.8308,50.4369,48.254,46.2556,43.726,41.1609,37.1002,31.0413,24.5215,19.1437,11.4502
8.395,0.1158,1.0000,0.0000,6,200.52,-4.52,3.11,0.4740,0.0796,12700.1,0.0,184.45,182.88,183.22,183.22,5.00506,18.3056,102.771,152.647,82.2053,66.8454,60.8027,56.3542,53.5601,51.0336,48.7384,46.644,44.0026,41.3349,37.1337,30.9151,24.2891,18.8739,11.2414
8.420,0.1157,1.0000,0.0000,6,200.94,-4.78,2.56,0.4522,0.0866,12709.4,0.0,184.75,183.13,183.41,183.41,5.26681,19.0143,87.1194,169.674,85.731,68.7817,62.2363,57.4609,54.4799,51.7967,49.369,47.1621,44.3898,41.6026,37.2383,30.8347,24.0842,18.6216,11.0245
8.439,0.1157,1.0000,0.0000,6,201.39,-4.69,2.17,0.4288,0.0947,12694.2,0.0,185.05,183.56,183.19,183.19,5.55925,19.7407,79.0472,188.093,88.9103,70.4119,63.3947,58.3184,55.1681,52.3444,49.7993,47.4937,44.6081,41.7189,37.2188,30.6681,23.8288,18.3432,10.7897
8.463,0.1157,1.0000,0.0000,6,201.69,-4.69,1.62,0.4038,0.1024,12809.2,0.0,185.44,183.97,184.78,184.78,5.87254,20.3174,72.4375,196.958,93.0165,72.5285,64.9196,59.4701,56.1109,53.1147,50.4259,47.9996,44.9758,41.9624,37.2969,30.5654,23.6122,18.0892,10.5578
8.482,0.1157,1.0000,0.0000,6,202.12,-4.99,0.95,0.3770,0.1097,12816.0,0.0,185.74,184.19,184.95,184.95,6.19402,20.7681,66.9325,200.0,98.2871,75.2156,66.8628,60.95,57.3337,54.1264,51.2626,48.6902,45.4994,42.3366,37.4725,30.5238,23.4308,17.8568,10.3356
8.507,0.1153,1.0000,0.0000,6,202.59,-4.87,0.49,0.3485,0.1182,12786.2,0.0,186.04,184.64,184.53,184.53,6.50948,21.2933,63.9384,200.0,102.931,77.3915,68.3633,62.0404,58.2007,54.8125,51.8008,49.1064,45.7786,42.4953,37.4757,30.3667,23.184,17.5907,10.1107
8.526,0.1150,1.0000,0.0000,6,202.87,-4.83,-0.15,0.3184,0.1263,12921.9,0.0,186.47,185.08,186.40,186.40,6.80225,21.6856,60.8918,200.0,109.213,80.3269,70.4131,63.5593,59.4326,55.8131,52.6129,49.7634,46.2616,42.8254,37.6078,30.2916,22.9851,17.3538,9.89799
8.551,0.1144,1.0000,0.0000,6,203.28,-5.18,-0.74,0.2865,0.1326,12927.1,0.0,186.90,185.29,186.56,186.56,7.06287,21.8335,57.0037,200.0,119.835,85.2806,73.9308,66.2289,61.6472,57.6625,54.1655,51.072,47.2965,43.6193,38.0875,30.4335,22.907,17.184,9.70493
8.577,0.1139,1.0000,0.0000,6,203.75,-5.33,-1.07,0.2543,0.1258,12883.2,0.0,187.39,185.64,185.94,185.94,7.30201,21.8983,53.581,200.0,134.406,91.6541,78.3787,69.5724,64.4091,59.9635,56.0959,52.7008,48.5899,44.6203,38.7114,30.6574,22.8721,17.0392,9.52286
8.595,0.1132,1.0000,0.0000,6,204.13,-5.43,-1.33,0.2236,0.1170,12907.2,0.0,187.87,186.02,186.24,186.24,7.51696,21.8726,50.4576,200.0,155.702,100.18,84.1909,73.8843,67.9489,62.9006,58.5547,54.7745,50.2401,45.9054,39.5316,30.992,22.8951,16.9274,9.35445
8.620,0.1114,1.0000,0.0000,6,204.52,-5.60,-1.47,0.1946,0.1071,12905.4,0.0,188.36,186.31,186.23,186.23,7.70181,21.71,47.3223,200.0,185.358,112.931,92.6085,80.0212,72.9458,67.0246,61.9969,57.675,52.5527,47.7181,40.7168,31.5319,23.0231,16.8723,9.20496
8.638,0.1081,1.0000,0.0000,6,204.93,-5.66,-1.47,0.1675,0.0971,12890.4,0.0,188.78,186.66,186.02,186.02,7.86352,21.4995,44.5747,200.0,191.287,130.962,103.893,87.9923,79.3275,72.2212,66.2881,61.2601,55.3858,49.9239,42.1524,32.1978,23.2108,16.8498,9.06987
8.664,0.1035,1.0000,0.0000,6,205.33,-5.51,-1.37,0.1425,0.0878,12881.7,0.0,189.10,187.09,185.89,185.89,8.00974,21.3159,42.4134,149.852,194.207,155.144,117.927,97.481,86.746,78.1462,71.1027,65.2285,58.4729,52.2929,43.6638,32.8828,23.4026,16.8321,8.94421
8.682,0.0998,1.0000,0.0000,6,205.72,-5.15,-1.21,0.1195,0.0795,12884.3,0.0,189.39,187.57,185.91,185.91,8.14366,21.1788,40.7736,123.859,195.908,181.294,134.837,108.315,94.9792,84.5729,76.227,69.3851,61.6466,54.6863,45.152,33.5325,23.5735,16.8081,8.82629
8.707,0.0969,1.0000,0.0000,6,206.11,-4.70,-1.06,0.0986,0.0720,12897.4,0.0,189.68,188.05,186.10,186.10,8.26509,21.0718,39.4867,107.923,196.918,185.931,155.628,120.818,104.183,91.58,81.7029,73.754,64.9199,57.1123,46.6241,34.1543,23.7296,16.7818,8.71699
8.726,0.0948,1.0000,0.0000,6,206.50,-4.26,-0.93,0.0796,0.0651,12916.9,0.0,190.00,188.49,186.38,186.38,8.37199,20.9665,38.387,96.7751,197.536,188.207,178.291,136.065,115.012,99.6066,87.8469,78.5761,68.4688,59.7031,48.1671,34.7963,23.8954,16.7654,8.61851
8.751,0.0936,1.0000,0.0000,6,206.89,-3.90,-0.86,0.0624,0.0582,12945.7,0.0,190.36,188.89,186.79,186.79,8.46241,20.8365,37.3482,88.0553,197.949,189.727,182.797,156.316,128.785,109.507,95.2552,84.2915,72.6021,62.6795,49.9156,35.525,24.1008,16.7729,8.53287
8.770,0.0927,1.0000,0.0000,6,207.27,-3.69,-0.84,0.0470,0.0512,12976.0,0.0,190.74,189.25,187.22,187.22,8.53451,20.6615,36.2875,80.6389,198.271,190.908,185.275,177.046,147.933,122.738,104.883,91.5689,77.7598,66.3386,52.0365,36.4151,24.3768,16.8176,8.46203
8.795,0.0916,1.0000,0.0000,6,207.66,-3.59,-0.86,0.0332,0.0439,13003.8,0.0,191.13,189.59,187.63,187.63,8.58897,20.4435,35.2045,74.1938,198.521,191.864,187.053,181.225,173.599,141.231,117.832,101.091,84.3281,70.9045,54.6294,37.4981,24.7326,16.9025,8.40601
8.814,0.0904,1.0000,0.0000,6,208.05,-3.55,-0.89,0.0210,0.0365,13029.3,0.0,191.51,189.93,188.00,188.00,8.62756,20.1944,34.13,68.6226,198.679,192.613,188.389,183.65,179.028,168.018,135.591,113.663,92.6898,76.5588,57.7472,38.7772,25.1642,17.0246,8.36391
8.839,0.0851,1.0000,0.0000,6,208.44,-3.54,-0.93,0.0104,0.0290,13053.1,0.0,191.88,190.30,188.34,188.34,8.65213,19.9262,33.0913,63.8379,145.614,193.163,189.384,185.321,181.692,176.794,160.623,130.48,103.343,83.5085,61.4347,40.2475,25.6642,17.1795,8.33479
8.857,0.0766,1.0000,0.0000,6,208.84,-3.52,-0.97,0.0013,0.0217,13076.6,0.0,192.24,190.69,188.68,188.68,8.66455,19.6499,32.1109,59.7578,124.668,193.513,190.085,186.494,183.425,179.657,174.395,153.367,116.934,91.9803,65.7202,41.8935,26.2217,17.3618,8.31756
8.882,0.0689,1.0000,0.0000,6,209.24,-3.48,-0.99,-0.0062,0.0148,13098.3,0.0,192.59,191.11,188.99,188.99,8.66708,19.3776,31.211,56.3237,109.753,193.657,190.508,187.267,184.567,181.393,177.435,171.585,134.195,102.141,70.5731,43.6755,26.8175,17.5629,8.31061
8.901,0.0620,1.0000,0.0000,6,209.64,-3.39,-1.01,-0.0122,0.0083,13119.5,0.0,192.94,191.55,189.30,189.30,8.66152,19.1178,30.4036,53.4629,98.839,193.597,190.672,187.698,185.261,182.464,179.142,174.896,156.011,114.112,75.923,45.5437,27.4317,17.7746,8.31254
8.926,0.0558,1.0000,0.0000,6,210.05,-3.24,-1.02,-0.0168,0.0024,13140.1,0.0,193.27,192.00,189.60,189.60,8.64908,18.8733,29.6853,51.0788,90.6316,148.172,190.608,187.843,185.602,183.07,180.141,176.604,169.227,128.063,81.7084,47.4597,28.0505,17.9918,8.32233
8.945,0.0502,1.0000,0.0000,6,210.47,-3.04,-1.04,-0.0200,-0.0028,13160.8,0.0,193.59,192.46,189.90,189.90,8.6308,18.6459,29.0519,49.095,84.3464,131.825,190.34,187.742,185.651,183.314,180.655,177.54,171.768,144.071,87.8209,49.378,28.66,18.2093,8.33901
8.970,0.0452,1.0000,0.0000,6,210.88,-2.81,-1.05,-0.0219,-0.0075,13182.2,0.0,193.93,192.92,190.21,190.21,8.607,18.4327,28.4876,47.4201,79.395,119.984,189.905,187.442,185.472,183.285,180.824,177.995,173.029,161.893,94.2258,51.2845,29.258,18.4269,8.3622
8.988,0.0407,1.0000,0.0000,6,211.25,-2.60,-1.07,-0.0226,-0.0114,13206.3,0.0,194.25,193.33,190.55,190.55,8.58018,18.2453,28.0156,46.0861,75.6724,111.632,149.59,187.042,185.162,183.087,180.769,178.135,173.646,165.789,100.379,53.0286,29.8003,18.6284,8.38931
9.007,0.0366,1.0000,0.0000,6,211.64,-2.40,-1.08,-0.0224,-0.0149,13226.7,0.0,194.57,193.72,190.85,190.85,8.54852,18.0609,27.5715,44.8846,72.479,104.818,137.604,186.548,184.746,182.765,180.565,178.088,173.951,167.323,106.917,54.7973,30.3466,18.8354,8.42205
9.026,0.0330,1.0000,0.0000,6,212.02,-2.21,-1.09,-0.0213,-0.0182,13247.1,0.0,194.89,194.12,191.14,191.14,8.51243,17.8799,27.1533,43.7994,69.7194,99.1778,128.078,185.969,184.235,182.335,180.234,177.886,174.02,168.131,113.806,56.5762,30.8931,19.0464,8.45999
9.051,0.0297,1.0000,0.0000,6,212.40,-2.03,-1.10,-0.0194,-0.0211,13267.6,0.0,195.22,194.52,191.44,191.44,8.47257,17.7034,26.7616,42.8221,67.3336,94.4803,120.406,185.31,183.635,181.804,179.788,177.545,173.895,168.515,120.951,58.3391,31.433,19.259,8.50242
9.070,0.0267,1.0000,0.0000,6,212.79,-1.84,-1.12,-0.0168,-0.0238,13288.6,0.0,195.53,194.91,191.74,191.74,8.42965,17.533,26.3978,41.9492,65.2819,90.5724,114.202,148.016,182.95,181.177,179.232,177.078,173.601,168.593,128.184,60.0504,31.9573,19.4698,8.54854
9.089,0.0240,1.0000,0.0000,6,213.17,-1.66,-1.14,-0.0135,-0.0261,13310.2,0.0,195.86,195.31,192.05,192.05,8.38396,17.3681,26.0584,41.1649,63.5034,87.2838,109.107,139.69,182.189,180.468,178.583,176.503,173.169,168.446,135.426,61.6995,32.4646,19.6782,8.59797
9.108,0.0216,1.0000,0.0000,6,213.55,-1.50,-1.18,-0.0096,-0.0282,13339.3,0.0,196.19,195.69,192.47,192.47,8.33548,17.2061,25.7362,40.4454,61.9244,84.4404,104.793,132.828,181.371,179.694,177.862,175.847,172.634,168.141,142.73,63.3055,32.9613,19.8865,8.6507
9.126,0.0195,1.0000,0.0000,6,213.93,-1.36,-1.22,-0.0052,-0.0301,13361.8,0.0,196.52,196.06,192.80,192.80,8.28367,17.0428,25.4199,39.7597,60.4619,81.8667,100.959,126.867,180.517,178.881,177.097,175.14,172.034,167.738,150.352,64.9219,33.4624,20.0999,8.70735
9.151,0.0175,1.0000,0.0000,6,214.32,-1.24,-1.24,-0.0002,-0.0319,13382.4,0.0,196.86,196.44,193.09,193.09,8.22938,16.8806,25.1142,39.116,59.1271,79.569,97.5928,121.742,147.897,178.024,176.283,174.377,171.365,167.236,153.67,66.512,33.9582,20.3146,8.76693
9.169,0.0158,1.0000,0.0000,6,214.71,-1.12,-1.26,0.0051,-0.0335,13403.4,0.0,197.20,196.82,193.40,193.40,8.17277,16.7193,24.8174,38.5082,57.9001,77.5003,94.6091,117.283,141.522,177.128,175.425,173.565,170.637,166.652,154.522,68.074,34.4486,20.5305,8.82928
9.189,0.0142,1.0000,0.0000,6,215.09,-1.02,-1.29,0.0110,-0.0349,13424.5,0.0,197.53,197.19,193.70,193.70,8.11396,16.5589,24.5292,37.9337,56.7704,75.6331,91.9552,113.384,136.041,176.195,174.527,172.709,169.855,165.996,154.804,69.5983,34.9319,20.747,8.89419
9.208,0.0128,1.0000,0.0000,6,215.47,-0.91,-1.32,0.0171,-0.0361,13446.4,0.0,197.86,197.57,194.02,194.02,8.05406,16.4026,24.2557,37.4045,55.7588,73.996,89.6632,110.074,131.461,175.218,173.581,171.8,169.01,165.259,154.742,71.0293,35.3938,20.9586,8.96038
9.226,0.0115,1.0000,0.0000,6,215.85,-0.81,-1.35,0.0237,-0.0372,13474.7,0.0,198.20,197.94,194.40,194.40,7.99248,16.2477,23.9901,36.9035,54.8252,72.5135,87.615,107.16,127.485,174.21,172.601,170.852,168.121,164.465,154.477,72.4027,35.8447,21.169,9.02846
9.251,0.0103,1.0000,0.0000,6,216.23,-0.74,-1.42,0.0305,-0.0382,13502.5,0.0,198.54,198.30,194.83,194.83,7.92916,16.092,23.7272,36.4169,53.9353,71.1207,85.7114,104.484,123.875,173.183,171.6,169.882,167.204,163.635,154.091,73.7601,36.2944,21.3814,9.09858
9.269,0.0093,1.0000,0.0000,6,216.62,-0.67,-1.46,0.0376,-0.0392,13522.2,0.0,198.88,198.66,195.11,195.11,7.86438,15.9364,23.4681,35.946,53.0907,69.8182,83.9499,102.038,120.611,172.135,170.577,168.887,166.259,162.77,153.603,75.0885,36.7398,21.5945,9.17039
9.288,0.0084,1.0000,0.0000,6,217.00,-0.60,-1.48,0.0449,-0.0400,13542.7,0.0,199.23,199.03,195.41,195.41,7.79827,15.7808,23.2128,35.4901,52.2878,68.5978,82.3163,99.7952,117.65,171.069,169.533,167.869,165.288,161.872,153.032,76.3837,37.18,21.8078,9.24373
9.308,0.0075,1.0000,0.0000,6,217.38,-0.54,-1.51,0.0525,-0.0407,13563.2,0.0,199.56,199.39,195.70,195.70,7.73102,15.6258,22.9618,35.0499,51.5273,67.4587,80.8075,97.7478,114.975,139.587,168.468,166.829,164.29,160.942,152.387,77.6343,37.6124,22.0204,9.31833
9.326,0.0068,1.0000,0.0000,6,217.77,-0.48,-1.55,0.0603,-0.0414,13584.6,0.0,199.90,199.75,196.01,196.01,7.66282,15.4714,22.7148,34.6239,50.8043,66.3907,79.4068,95.868,112.543,136.253,167.385,165.769,163.27,159.983,151.682,78.8406,38.0368,22.2319,9.39398
9.351,0.0061,1.0000,0.0000,6,218.15,-0.43,-1.58,0.0683,-0.0420,13607.1,0.0,200.25,200.11,196.33,196.33,7.59353,15.3167,22.4697,34.2068,50.1066,65.3719,78.0819,94.1067,110.284,133.19,166.287,164.693,162.231,159.003,150.93,80.0201,38.4577,22.444,9.47086
9.370,-0.0025,1.0000,0.0000,6,218.51,-0.39,-1.67,0.0765,-0.0425,13644.4,0.0,200.58,200.45,196.87,196.87,7.52325,15.1615,22.2259,33.7963,49.4284,64.3916,76.8164,92.4383,108.16,130.337,165.178,163.604,161.178,158.005,150.142,81.1803,38.8765,22.6567,9.54886
9.389,-0.0023,1.0000,0.0000,6,218.89,-0.37,-1.73,0.0848,-0.0427,13663.0,0.0,200.90,200.84,197.14,197.14,7.45442,15.0178,22.0092,33.4522,48.8968,63.6638,75.9134,91.299,106.765,128.552,164.007,162.449,160.051,156.92,149.214,82.0145,39.223,22.8467,9.62444
9.407,-0.0021,1.0000,0.0000,6,219.28,-0.27,-1.77,0.0931,-0.0426,13682.3,0.0,201.21,201.23,197.42,197.42,7.38726,14.886,21.8203,33.1753,48.5121,63.1878,75.3702,90.6828,106.088,127.81,162.774,161.228,158.848,155.748,148.151,82.4967,39.4915,23.0116,9.69712
9.426,-0.0019,1.0000,0.0000,6,219.66,-0.17,-1.79,0.1016,-0.0423,13702.0,0.0,201.54,201.60,197.71,197.71,7.32031,14.7571,21.6387,32.9169,48.1688,62.7836,74.9306,90.2182,105.62,127.375,161.522,159.985,157.623,154.55,147.048,82.871,39.7365,23.1694,9.76921
9.451,-0.0017,1.0000,0.0000,6,220.04,-0.09,-1.84,0.1100,-0.0421,13722.6,0.0,201.88,201.94,198.00,198.00,7.25317,14.6285,21.4581,32.6618,47.8339,62.3949,74.5142,89.7887,105.202,127.016,160.263,158.736,156.391,153.344,145.935,83.2162,39.9755,23.3256,9.84132
9.470,-0.0015,1.0000,0.0000,6,220.41,-0.04,-1.89,0.1185,-0.0418,13744.2,0.0,202.23,202.29,198.31,198.31,7.18576,14.499,21.2759,32.4035,47.4927,61.9961,74.084,89.3404,104.76,126.624,159.005,157.488,155.16,152.139,144.823,83.5694,40.2165,23.4825,9.91366
9.488,-0.0014,1.0000,0.0000,6,220.77,0.01,-1.99,0.1270,-0.0415,13785.1,0.0,202.57,202.63,198.90,198.90,7.11817,14.3686,21.092,32.1411,47.1431,61.5836,73.6346,88.8649,104.281,126.18,157.747,156.24,153.93,150.936,143.714,83.9361,40.4605,23.6406,9.98619
9.508,-0.0012,1.0000,0.0000,6,221.15,0.04,-2.07,0.1355,-0.0413,13803.3,0.0,202.92,202.97,199.17,199.17,7.05018,14.2361,20.9032,31.8674,46.7693,61.1298,73.1265,88.3041,103.685,125.567,156.498,155.001,152.71,149.745,142.623,84.3567,40.7167,23.8026,10.0593
9.527,-0.0011,1.0000,0.0000,6,221.53,0.05,-2.12,0.1440,-0.0412,13821.3,0.0,203.28,203.31,199.43,199.43,6.98184,14.1015,20.7095,31.582,46.3698,60.6322,72.5556,87.6521,102.964,124.77,155.256,153.771,151.5,148.566,141.548,84.8362,40.9864,23.9691,10.1329
9.552,-0.0010,1.0000,0.0000,6,221.91,0.05,-2.14,0.1525,-0.0411,13840.0,0.0,203.63,203.66,199.70,199.70,6.91334,13.9658,20.5134,31.2907,45.9576,60.1125,71.9531,86.9538,102.179,123.88,154.017,152.544,150.294,147.391,140.479,85.3443,41.2625,24.1376,10.2068
9.570,-0.0009,1.0000,0.0000,6,222.28,0.05,-2.16,0.1610,-0.0410,13859.2,0.0,203.97,204.00,199.97,199.97,6.84475,13.8295,20.3159,30.9962,45.5383,59.5807,71.3331,86.2301,101.359,122.938,152.778,151.318,149.089,146.218,139.413,85.8673,41.5419,24.3072,10.2809
9.588,-0.0008,1.0000,0.0000,6,222.65,0.05,-2.16,0.1695,-0.0409,13879.4,0.0,204.32,204.34,200.26,200.26,6.7762,13.693,20.118,30.7003,45.1156,59.0429,70.7046,85.4936,100.521,121.97,151.539,150.091,147.883,145.044,138.344,86.3964,41.8225,24.4771,10.3549
9.608,-0.0007,1.0000,0.0000,6,223.02,0.05,-2.17,0.1779,-0.0408,13904.5,0.0,204.66,204.68,200.62,200.62,6.7077,13.5566,19.92,30.4042,44.6923,58.5037,70.0738,84.7536,99.6785,120.994,150.298,148.863,146.676,143.869,137.273,86.9253,42.1028,24.6468,10.4288
9.626,-0.0006,1.0000,0.0000,6,223.39,0.05,-2.18,0.1864,-0.0407,13927.2,0.0,205.00,205.02,200.95,200.95,6.63923,13.4202,19.722,30.1079,44.2686,57.964,69.4421,84.0124,98.8341,120.017,149.056,147.633,145.467,142.692,136.198,87.4521,42.3825,24.8163,10.5027
9.650,-0.0006,1.0000,0.0000,6,223.76,0.04,-2.18,0.1948,-0.0406,13949.1,0.0,205.34,205.36,201.27,201.27,6.5708,13.2839,19.5241,29.8117,43.8448,57.4239,68.81,83.2706,97.9887,119.038,147.811,146.4,144.256,141.512,135.12,87.9766,42.6616,24.9855,10.5765
9.670,-0.0005,1.0000,0.0000,6,224.13,0.04,-2.18,0.2033,-0.0405,13970.9,0.0,205.68,205.70,201.58,201.58,6.50244,13.1477,19.3263,29.5156,43.4211,56.8838,68.1777,82.5283,97.1425,118.057,146.564,145.166,143.043,140.33,134.037,88.4985,42.9399,25.1543,10.6501
9.688,-0.0005,1.0000,0.0000,6,224.49,0.04,-2.17,0.2117,-0.0404,13992.5,0.0,206.02,206.04,201.90,201.90,6.43408,13.0115,19.1285,29.2195,42.9973,56.3435,67.5452,81.7857,96.2961,117.077,145.315,143.93,141.828,139.147,132.952,89.0176,43.2175,25.3229,10.7238
9.707,-0.0004,1.0000,0.0000,6,224.86,0.04,-2.16,0.2202,-0.0404,14014.1,0.0,206.36,206.37,202.21,202.21,6.36546,12.8739,18.9277,28.9163,42.5583,55.7772,66.8752,80.9883,95.3739,115.987,144.07,142.697,140.617,137.968,131.873,89.5764,43.5044,25.4946,10.7979
9.726,-0.0004,1.0000,0.0000,6,225.23,0.04,-2.13,0.2286,-0.0403,14032.9,0.0,206.70,206.70,202.48,202.48,6.29663,12.735,18.7238,28.6055,42.1023,55.1816,66.1631,80.1289,94.3654,114.77,142.83,141.47,139.413,136.796,130.802,90.1824,43.8021,25.6699,10.8724
9.751,-0.0003,1.0000,0.0000,6,225.59,0.03,-2.11,0.2371,-0.0403,14054.8,0.0,207.04,207.04,202.79,202.79,6.22767,12.5954,18.5184,28.2916,41.6397,54.5746,65.4346,79.2457,93.324,113.5,141.59,140.244,138.209,135.626,129.731,90.8071,44.1043,25.8468,10.9472
9.770,-0.0003,1.0000,0.0000,6,225.95,0.02,-2.09,0.2455,-0.0404,14077.7,0.0,207.37,207.37,203.12,203.12,6.15862,12.4556,18.3126,27.9766,41.1751,53.9644,64.7016,78.3558,92.2736,112.216,140.348,139.016,137.003,134.453,128.658,91.4373,44.408,26.0241,11.0221
9.789,-0.0003,1.0000,0.0000,6,226.31,0.01,-2.09,0.2540,-0.0404,14101.3,0.0,207.70,207.70,203.46,203.46,6.08946,12.3155,18.1065,27.6612,40.7099,53.3534,63.9677,77.4651,91.2222,110.932,139.105,137.786,135.796,133.279,127.581,92.0685,44.7121,26.2018,11.0972
9.807,-0.0003,1.0000,0.0000,6,226.67,0.01,-2.10,0.2624,-0.0404,14124.9,0.0,208.03,208.03,203.81,203.81,6.0203,12.1755,17.9005,27.3461,40.2452,52.7433,63.2352,76.5763,90.1736,109.653,137.859,136.554,134.586,132.101,126.499,92.6984,45.0159,26.3794,11.1722
9.826,-0.0002,1.0000,0.0000,6,227.03,0.00,-2.12,0.2709,-0.0404,14147.8,0.0,208.36,208.36,204.14,204.14,5.95109,12.0354,17.6944,27.0309,39.7808,52.1339,62.5038,75.6893,89.1277,108.378,136.611,135.319,133.374,130.921,125.413,93.3268,45.3196,26.5569,11.2473
9.851,-0.0002,1.0000,0.0000,6,227.39,0.00,-2.16,0.2794,-0.0404,14174.1,0.0,208.69,208.69,204.52,204.52,5.88174,11.8951,17.4881,26.7155,39.3163,51.5246,61.7728,74.8035,88.0838,107.107,135.361,134.082,132.159,129.739,124.322,93.9541,45.6233,26.7347,11.3225
9.870,-0.0002,1.0000,0.0000,6,227.75,0.00,-2.20,0.2879,-0.0404,14194.6,0.0,209.02,209.02,204.81,204.81,5.81231,11.7547,17.2815,26.3998,38.8515,50.9152,61.0419,73.9179,87.0403,105.837,134.108,132.843,130.942,128.553,123.228,94.5811,45.9271,26.9126,11.3978
9.889,-0.0002,1.0000,0.0000,6,228.11,0.00,-2.22,0.2964,-0.0404,14215.3,0.0,209.35,209.35,205.11,205.11,5.74273,11.6139,17.0746,26.0836,38.3859,50.3048,60.31,73.0313,85.9959,104.567,132.854,131.602,129.723,127.366,122.13,95.2087,46.2315,27.0909,11.4732
9.908,-0.0001,1.0000,0.0000,6,228.47,-0.00,-2.24,0.3050,-0.0404,14235.9,0.0,209.68,209.68,205.41,205.41,5.67307,11.473,16.8674,25.7671,37.9201,49.6942,59.5778,72.1445,84.9516,103.297,131.597,130.359,128.502,126.176,121.029,95.8363,46.536,27.2692,11.5487
9.926,-0.0001,1.0000,0.0000,6,228.82,-0.00,-2.29,0.3135,-0.0404,14256.8,0.0,210.00,210.00,205.71,205.71,5.60324,11.3318,16.6598,25.4499,37.4531,49.0822,58.8439,71.2557,83.9048,102.024,130.339,129.114,127.279,124.984,119.923,96.4653,46.8412,27.4481,11.6245
9.951,-0.0001,1.0000,0.0000,6,229.18,-0.00,-2.33,0.3221,-0.0404,14279.8,0.0,210.33,210.33,206.03,206.03,5.53333,11.1904,16.4519,25.1323,36.9857,48.4696,58.1095,70.3662,82.8573,100.75,129.078,127.866,126.053,123.789,118.815,97.0947,47.1468,27.6271,11.7003
9.970,-0.0001,1.0000,0.0000,6,229.53,-0.00,-2.42,0.3307,-0.0404,14311.0,0.0,210.65,210.65,206.49,206.49,5.46332,11.0488,16.2438,24.8145,36.5182,47.8572,57.3755,69.4777,81.8115,99.4786,127.816,126.617,124.826,122.593,117.702,97.7229,47.4522,27.8062,11.7761
9.989,-0.0278,1.0000,0.0000,6,229.89,-0.00,-2.47,0.3393,-0.0404,14328.6,0.0,210.98,210.98,206.75,206.75,5.39324,10.9071,16.0355,24.4962,36.0498,47.2434,56.6396,68.5866,80.7622,98.2028,126.551,125.366,123.596,121.394,116.586,98.3532,47.7584,27.9856,11.8521
10.007,-0.0510,1.0000,0.0000,6,230.24,-0.02,-2.50,0.3478,-0.0393,14347.4,0.0,211.19,211.41,207.02,207.02,5.32911,10.7961,15.8951,24.3379,35.9291,47.2278,56.7651,68.9618,81.4732,126.266,125.145,123.966,122.207,120.019,115.253,97.6827,47.766,28.0643,11.9137
10.026,-0.0513,1.0000,0.0000,6,230.59,0.20,-2.55,0.3559,-0.0362,14366.9,0.0,211.28,211.93,207.30,207.30,5.27733,10.746,15.8887,24.4966,36.5064,48.4326,58.6727,72.0053,85.9668,124.599,123.47,122.283,120.512,118.309,113.507,94.7911,47.2083,27.9482,11.9462
10.051,-0.0462,1.0000,0.0000,6,230.94,0.64,-2.61,0.3637,-0.0319,14388.0,0.0,211.43,212.40,207.60,207.60,5.23529,10.7391,15.9774,24.886,37.6187,50.6265,62.0965,77.4659,94.1131,122.762,121.617,120.413,118.617,116.381,111.489,90.712,46.3165,27.7085,11.9581
10.070,-0.0415,1.0000,0.0000,6,231.27,1.08,-2.70,0.3709,-0.0272,14422.7,0.0,211.70,212.77,208.08,208.08,5.19891,10.7496,16.102,25.3663,38.9741,53.3414,66.4196,84.5779,121.989,120.882,119.72,118.497,116.672,114.398,109.403,86.7292,45.383,27.4412,11.9619
10.089,-0.0374,1.0000,0.0000,6,231.60,1.45,-2.83,0.3775,-0.0226,14450.8,0.0,212.00,213.07,208.51,208.51,5.167,10.7689,16.2425,25.8902,40.4742,56.4318,71.4845,121.199,120.128,119.005,117.825,116.585,114.731,112.419,107.318,83.1441,44.4942,27.1766,11.9615
10.107,-0.0337,1.0000,0.0000,6,231.95,1.69,-2.90,0.3834,-0.0184,14465.2,0.0,212.36,213.35,208.72,208.72,5.1386,10.7896,16.3805,26.4079,42.0006,59.6902,77.0122,119.389,118.305,117.168,115.974,114.718,112.841,110.496,105.301,80.1199,43.7108,26.9378,11.9603
10.127,-0.0303,1.0000,0.0000,6,232.30,1.79,-2.94,0.3886,-0.0147,14481.2,0.0,212.73,213.62,208.95,208.95,5.11358,10.8088,16.5074,26.8928,43.477,62.962,82.7709,117.632,116.538,115.39,114.186,112.918,111.023,108.654,103.386,77.646,43.0468,26.732,11.9592
10.151,-0.0273,0.5500,0.0000,6,232.65,1.80,-3.03,0.3931,-0.0115,14497.3,0.0,213.11,213.86,209.19,209.19,5.09131,10.8229,16.6137,27.3154,44.813,66.0399,88.5892,115.943,114.842,113.688,112.477,111.202,109.297,106.913,101.602,75.7028,42.5123,26.5655,11.9596
10.170,-0.0245,0.3025,0.0000,6,232.76,1.67,-3.11,0.3970,-0.0091,14352.0,0.0,213.44,214.03,207.11,207.11,5.07111,10.8283,16.6898,27.6441,45.9041,68.658,115.798,114.334,113.231,112.076,110.863,109.587,107.68,105.295,99.9759,74.279,42.117,26.4442,11.9628
10.188,-0.0221,0.1664,0.0000,6,232.60,1.51,-3.26,0.4002,-0.0070,14268.8,0.0,213.49,213.98,205.91,205.91,5.05426,10.8331,16.7553,27.93,46.8732,71.0485,114.238,112.774,111.671,110.516,109.305,108.031,106.127,103.748,98.4432,73.1317,41.7926,26.3437,11.9654
10.207,-0.0199,0.0915,0.0000,6,232.29,1.40,-3.41,0.4028,-0.0049,14203.6,0.0,213.28,213.77,204.75,205.20,5.04232,10.8499,16.8419,28.263,47.9736,73.7883,112.672,111.207,110.105,108.951,107.741,106.468,104.568,102.194,96.9021,71.9641,41.4479,26.2301,11.9627
10.226,-0.0179,0.0503,0.0000,6,231.91,1.34,-3.49,0.4049,-0.0028,14155.1,0.0,212.96,213.46,203.96,204.59,5.03534,10.8791,16.9516,28.6501,49.2322,76.9672,111.098,109.633,108.53,107.377,106.168,104.897,103.0,100.63,95.3487,70.7671,41.0801,26.1023,11.9545
10.251,-0.0161,0.0277,0.0000,6,231.48,1.29,-3.52,0.4065,-0.0006,14115.6,0.0,212.59,213.09,203.35,204.07,5.03287,10.9185,17.0789,29.0773,50.6144,80.5317,109.526,108.06,106.958,105.805,104.597,103.328,101.435,99.0699,93.8003,69.5864,40.7045,25.9663,11.9418
10.270,-0.0145,0.0152,0.0000,6,231.03,1.25,-3.61,0.4076,0.0013,14081.3,0.0,212.22,212.68,202.86,203.56,5.03313,10.9597,17.2038,29.4877,51.9535,109.555,107.981,106.517,105.417,104.267,103.062,101.797,99.91,97.5547,92.3105,68.5492,40.3661,25.8406,11.9281
10.288,-0.0130,0.0084,0.0000,6,230.57,1.17,-3.69,0.4083,0.0030,14049.4,0.0,211.84,212.23,202.42,203.09,5.03603,11.0013,17.3221,29.8668,53.1942,108.042,106.471,105.011,103.914,102.768,101.569,100.31,98.4329,96.0925,90.8895,67.6691,40.0715,25.7282,11.9138
10.308,-0.0117,0.0046,0.0000,6,230.12,1.12,-3.90,0.4086,0.0046,14014.0,0.0,211.42,211.79,201.89,202.59,5.04198,11.0485,17.4481,30.259,54.4765,106.539,104.971,103.516,102.423,101.283,100.089,98.8367,96.9714,94.6475,89.4909,66.8305,39.7833,25.6148,11.8971
10.326,-0.0106,0.0025,0.0000,6,229.65,1.09,-4.05,0.4084,0.0063,13986.5,0.0,210.98,211.36,201.49,202.20,5.05138,11.1046,17.591,30.6929,55.8969,105.033,103.469,102.019,100.93,99.7943,98.6065,97.3613,95.5074,93.2,88.0892,65.9731,39.4811,25.4927,11.8767
10.351,-0.0095,0.0014,0.0000,6,229.18,1.04,-4.11,0.4079,0.0078,13959.0,0.0,210.56,210.92,201.11,201.78,5.06363,11.1656,17.74,31.1355,57.3483,103.539,101.98,100.535,99.4514,98.3212,97.1402,95.9026,94.0617,91.7728,86.7137,65.1638,39.1885,25.3712,11.8543
10.369,-0.0086,0.0008,0.0000,6,228.71,0.99,-4.17,0.4071,0.0092,13931.1,0.0,210.16,210.48,200.73,201.36,5.07828,11.229,17.8893,31.5685,58.7676,102.063,100.51,99.0718,97.9943,96.871,95.6978,94.4693,92.6433,90.3758,85.3768,64.4288,38.9159,25.2548,11.8306
10.388,-0.0077,0.0004,0.0000,6,228.25,0.91,-4.28,0.4059,0.0104,13903.5,0.0,209.77,210.04,200.37,200.93,5.09439,11.29,18.0261,31.9518,60.0089,100.62,99.0747,97.6452,96.5751,95.4604,94.2969,93.0795,91.2719,89.0303,84.1051,63.8261,38.6853,25.1529,11.8074
10.408,-0.0069,0.0002,0.0000,6,227.79,0.81,-4.37,0.4044,0.0113,13875.3,0.0,209.38,209.59,199.99,200.50,5.11192,11.3494,18.1533,32.2939,61.0944,99.2022,97.6672,96.2482,95.1869,94.082,92.9298,91.7251,89.9383,87.7263,82.885,63.326,38.4875,25.0621,11.7844
10.426,-0.0062,0.0001,0.0000,6,227.34,0.75,-4.66,0.4027,0.0122,13841.5,0.0,208.96,209.16,199.48,200.03,5.1315,11.4129,18.2868,32.6475,62.2114,97.7901,96.2654,94.8573,93.8049,92.7103,91.5696,90.3779,88.6125,86.4306,81.6741,62.8339,38.289,24.9693,11.7597
10.451,-0.0056,0.0001,0.0000,6,226.88,0.71,-4.84,0.4007,0.0131,13816.1,0.0,208.53,208.74,199.12,199.65,5.15307,11.4813,18.4288,33.02,63.39,96.3802,94.866,93.469,92.4258,91.3415,90.2124,89.0339,87.29,85.1384,80.4664,62.3369,38.0855,24.8727,11.733
10.470,-0.0051,0.0000,0.0000,6,226.42,0.65,-4.92,0.3985,0.0139,13790.2,0.0,208.11,208.30,198.76,199.26,5.17641,11.5529,18.5751,33.3983,64.5821,94.9773,93.474,92.0886,91.0549,89.9812,88.8642,87.6992,85.9775,83.8568,79.2705,61.8553,37.8844,24.7755,11.705
10.488,-0.0045,0.0000,0.0000,6,225.97,0.61,-4.98,0.3961,0.0147,13763.8,0.0,207.71,207.89,198.39,198.87,5.20125,11.6264,18.7223,33.7715,65.7459,93.5845,92.0929,90.7197,89.6959,88.6334,87.529,86.3781,84.6793,82.5906,78.0923,61.4033,37.6913,24.68,11.6761
10.507,-0.0041,0.0000,0.0000,6,225.52,0.55,-5.05,0.3935,0.0153,13737.1,0.0,207.31,207.46,198.03,198.47,5.22711,11.6995,18.8649,34.122,94.7853,92.2069,90.7279,89.3676,88.3545,87.3039,86.2127,85.0767,83.4019,81.3469,76.94,61.0014,37.5143,24.5898,11.6471
10.526,-0.0037,0.0000,0.0000,6,225.07,0.49,-5.11,0.3907,0.0159,13708.9,0.0,206.90,207.03,197.64,198.06,5.254,11.773,19.0048,34.4565,93.4004,90.8412,89.3756,88.029,87.0269,85.9887,84.9113,83.7907,82.1409,80.1204,75.8068,60.6364,37.3489,24.5033,11.6177
10.551,-0.0033,0.0000,0.0000,6,224.63,0.45,-5.27,0.3878,0.0164,13679.5,0.0,206.49,206.62,197.19,197.64,5.28225,11.8496,19.1504,34.8033,92.0177,89.478,88.0259,86.693,85.7022,84.6764,83.6129,82.5078,80.8829,78.8969,74.6754,60.2677,37.1802,24.4143,11.587
10.569,-0.0030,0.0000,0.0000,6,224.18,0.43,-5.35,0.3847,0.0170,13654.0,0.0,206.08,206.21,196.83,197.26,5.31161,11.9287,19.2995,35.1566,90.6383,88.1188,86.6804,85.3616,84.3821,83.3689,82.3194,81.2299,79.6302,77.6786,73.5485,59.9023,37.011,24.3242,11.5554
10.588,-0.0027,0.0000,0.0000,6,223.74,0.39,-5.38,0.3816,0.0175,13627.9,0.0,205.67,205.79,196.46,196.88,5.34187,12.0089,19.4493,35.5068,89.265,86.7663,85.3421,84.0376,83.0698,82.0695,81.0342,79.9606,78.3862,76.4695,72.4306,59.5518,36.8459,24.2349,11.5233
10.607,-0.0024,0.0000,0.5000,6,223.30,0.36,-5.40,0.3782,0.0179,13601.8,0.0,205.27,205.38,196.09,196.49,5.3731,12.0908,19.6012,35.8585,87.8962,85.4189,84.0091,82.7194,81.7633,80.776,79.7552,78.6976,77.1488,75.2669,71.3186,59.2096,36.6823,24.1454,11.4904
10.626,-0.0022,0.0000,0.7500,6,222.07,0.34,-5.40,0.3748,0.0183,13355.7,0.0,195.45,195.56,192.61,193.00,5.40481,12.172,19.7492,36.1926,86.5383,84.0833,82.6885,81.4139,80.4699,79.4961,78.49,77.4487,75.926,74.0795,70.222,58.8363,36.5289,24.0594,11.4576
10.651,-0.0020,0.0000,0.8750,6,220.00,0.31,-5.40,0.3713,0.0186,13110.5,0.0,186.00,186.14,189.12,189.53,5.43656,12.2508,19.8892,36.4963,85.1998,82.7681,81.3888,80.1298,79.1983,78.2381,77.2471,76.2225,74.7263,72.9155,69.1492,58.392,36.3906,23.9793,11.4253
10.670,-0.0018,0.0000,0.9375,6,217.50,0.29,-5.41,0.3678,0.0189,12872.2,0.0,176.93,177.10,185.65,186.12,5.46826,12.3279,20.0236,36.7793,83.8808,81.473,80.1095,78.8662,77.9474,77.0011,76.0252,75.0174,73.5477,71.7726,68.0963,57.8918,36.2624,23.9032,11.3936
10.688,-0.0016,0.0000,0.9687,6,214.75,0.27,-5.36,0.3643,0.0190,12653.8,0.0,168.54,168.74,182.48,182.99,5.49986,12.4036,20.1539,37.0476,82.5811,80.1975,78.85,77.6227,76.7165,75.784,74.8234,73.8323,72.3889,70.6492,67.0611,57.3483,36.1415,23.83,11.3622
10.708,-0.0014,0.0000,0.9844,6,211.85,0.24,-5.28,0.3607,0.0192,12446.2,0.0,160.79,161.03,179.48,180.00,5.5313,12.4781,20.281,37.3047,81.3008,78.9417,77.6101,76.3988,75.5052,74.5866,73.6411,72.6666,71.2493,69.5444,66.0423,56.7712,36.0259,23.759,11.3312
10.726,-0.0013,0.0000,0.9922,6,208.91,0.22,-5.19,0.3572,0.0193,12248.1,0.0,152.85,153.09,176.61,177.15,5.56234,12.5508,20.4035,37.5474,80.0409,77.7065,76.391,75.1955,74.3146,73.4097,72.4793,71.5212,70.1297,68.4591,65.041,56.1714,35.9168,23.6909,11.3007
10.752,-0.0012,0.0000,0.9961,6,205.96,0.20,-5.09,0.3537,0.0193,12057.3,0.0,144.68,144.93,173.85,174.39,5.59309,12.6218,20.5215,37.7749,78.8014,76.4919,75.1924,74.0129,73.1446,72.2535,71.3379,70.3962,69.0302,67.3933,64.0571,55.5555,35.8145,23.6257,11.2708
10.770,-0.0010,0.0000,0.9980,6,203.02,0.18,-5.00,0.3502,0.0194,11863.0,0.0,136.36,136.63,171.09,171.62,5.62348,12.6912,20.636,37.9916,77.5812,75.2965,74.0131,72.8495,71.9937,71.1161,70.2154,69.2898,67.9489,66.3452,63.0886,54.9258,35.7169,23.5626,11.2414
10.789,-0.0009,0.0000,0.9990,6,200.13,0.16,-4.95,0.3468,0.0194,11656.8,0.0,127.72,128.01,168.06,168.63,5.65356,12.7597,20.7484,38.2023,76.3787,74.119,72.8515,71.7037,70.8602,69.9961,69.11,68.2002,66.884,65.3127,62.1333,54.2834,35.6219,23.5007,11.2124
10.808,-0.0008,0.0000,0.9995,6,197.24,0.14,-4.88,0.3433,0.0194,11477.6,0.0,118.67,118.98,165.46,166.04,5.68335,12.8274,20.8591,38.409,75.1935,72.9585,71.707,70.5747,69.7435,68.8927,68.0209,67.1268,65.8347,64.2951,61.1905,53.631,35.5286,23.4398,11.1836
10.826,-0.0008,0.0000,0.9997,6,194.38,0.12,-4.80,0.3399,0.0194,11305.1,0.0,109.14,109.47,162.97,163.54,5.7129,12.8945,20.969,38.6145,74.0248,71.8145,70.5787,69.4619,68.6428,67.805,66.9473,66.0685,64.8002,63.2914,60.2594,52.97,35.436,23.3793,11.1551
10.851,-0.0007,0.0000,0.9999,6,191.56,0.11,-4.73,0.3366,0.0195,11131.8,0.0,98.98,99.31,160.47,161.04,5.74211,12.9611,21.0782,38.8195,72.8721,70.6864,69.4662,68.3646,67.5575,66.7325,65.8888,65.0251,63.78,62.3013,59.3395,52.3027,35.3438,23.3193,11.1269
10.870,-0.0006,0.0000,0.9999,6,188.83,0.10,-4.68,0.3333,0.0195,10958.0,0.0,87.81,88.14,157.97,158.53,5.77106,13.0272,21.187,39.0249,71.735,69.5737,68.3689,67.2824,66.4871,65.6748,64.8448,63.9958,62.7735,61.3243,58.4305,51.6304,35.2515,23.2595,11.0989
10.888,-0.0006,0.0000,1.0000,6,186.13,0.09,-4.65,0.3300,0.0195,10783.5,0.0,76.17,76.51,155.44,156.02,5.79969,13.0927,21.2951,39.2297,70.6134,68.4763,67.2868,66.2153,65.4316,64.6319,63.8153,62.9809,61.7808,60.3603,57.5325,50.9554,35.1597,23.2001,11.0712
10.907,-0.0005,0.0000,1.0000,6,183.48,0.09,-4.64,0.3267,0.0196,10591.1,0.0,64.31,64.66,152.69,153.27,5.82805,13.1578,21.4026,39.4346,69.5069,67.394,66.2196,65.1629,64.3906,63.6033,62.8,61.9798,60.8016,59.4092,56.6454,50.2787,35.068,23.141,11.0438
10.926,-0.0004,0.0000,1.0000,6,180.85,0.08,-4.64,0.3235,0.0196,10400.6,0.0,52.36,52.72,149.89,150.53,5.85611,13.2222,21.5091,39.6377,68.4156,66.3268,65.1674,64.1253,63.3644,62.5892,61.799,60.9928,59.8361,58.4711,55.7696,49.6021,34.9773,23.0825,11.0166
10.951,-0.0004,0.0000,1.0000,6,178.20,0.08,-4.62,0.3203,0.0196,10228.3,0.0,40.47,40.84,147.38,148.05,5.88388,13.2859,21.6144,39.8383,67.3398,65.2749,64.1305,63.1028,62.3532,61.59,60.8126,60.0202,58.8846,57.5464,54.9054,48.9269,34.8877,23.0247,10.9897
10.969,-0.0004,0.0000,1.0000,6,175.54,0.08,-4.58,0.3172,0.0197,10061.9,0.0,28.75,29.13,144.97,145.65,5.91125,13.3487,21.7184,40.5359,66.2795,64.2384,63.1088,62.0955,61.3569,60.6055,59.8408,59.062,57.947,56.6351,54.0528,48.254,34.7992,22.9676,10.9632
10.988,-0.0003,0.0000,1.0000,6,172.88,0.08,-4.52,0.3141,0.0197,9895.56,0.0,17.22,17.60,142.57,143.26,5.93834,13.411,21.8216,69.0054,65.2345,63.217,62.1021,61.1029,60.3752,59.6356,58.8833,58.1178,57.023,55.7367,53.2115,47.5838,34.7112,22.911,10.937
11.008,-0.0003,0.0000,1.0000,6,170.25,0.08,-4.46,0.3110,0.0198,9727.76,0.0,5.39,5.75,140.15,140.84,5.96508,13.4727,21.924,67.9412,64.2047,62.2107,61.1102,60.1251,59.4082,58.68,57.94,57.1877,56.1127,54.8515,52.3818,46.917,34.6238,22.8549,10.9111
11.026,-0.0003,0.0000,1.0000,6,167.62,0.07,-4.40,0.3080,0.0198,9557.8,0.0,0.00,0.00,137.69,138.39,5.99153,13.5337,22.0254,66.8922,63.1901,61.2194,60.1334,59.1621,58.4559,57.739,57.0111,56.2716,55.216,53.9793,51.5636,46.2545,34.5373,22.7994,10.8855
11.051,-0.0002,0.0000,1.0000,6,165.02,0.07,-4.34,0.3050,0.0198,9386.16,0.0,0.00,0.00,135.21,135.92,6.01761,13.5938,22.1253,65.8587,62.191,60.2435,59.1717,58.2141,57.5184,56.8127,56.0967,55.3698,54.3333,53.1205,50.7572,45.5971,34.4521,22.7447,10.8602
11.069,-0.0002,0.0000,1.0000,6,162.47,0.07,-4.31,0.3021,0.0199,9185.0,0.0,0.00,0.00,132.31,133.04,6.04333,13.6532,22.224,64.8403,61.207,59.2825,58.2249,57.2808,56.5954,55.9008,55.1964,54.4819,53.4641,52.2748,49.9626,44.945,34.368,22.6908,10.8353
11.088,-0.0002,0.0000,1.0000,6,159.91,0.07,-4.26,0.2992,0.0199,9005.26,0.0,0.00,0.00,129.69,130.45,6.06864,13.7114,22.3206,63.8374,60.2385,58.3369,57.2933,56.3625,55.6875,55.0036,54.3108,53.6085,52.6091,51.4427,49.1801,44.2993,34.2811,22.638,10.8108
11.107,-0.0002,0.0000,1.0000,6,157.37,0.07,-4.20,0.2963,0.0200,8836.89,0.0,0.00,0.00,127.24,128.03,6.09363,13.7688,22.4154,62.8498,59.2853,57.4065,56.3767,55.4591,54.7942,54.1211,53.4395,52.7493,51.7678,50.6238,48.4096,43.66,34.1442,22.5862,10.7867
11.126,-0.0002,0.0000,1.0000,6,154.84,0.07,-4.13,0.2935,0.0200,8672.47,0.0,0.00,0.00,124.86,125.66,6.11827,13.8252,22.5087,61.8774,58.3472,56.491,55.4749,54.5704,53.9154,53.2528,52.5825,51.904,50.9401,49.8181,47.651,43.0273,33.9579,22.5352,10.7629
11.151,-0.0001,0.0000,1.0000,6,152.34,0.07,-4.06,0.2907,0.0200,8508.43,0.0,0.00,0.00,122.50,123.30,6.14249,13.8807,22.6003,60.92,57.4241,55.5903,54.5877,53.6962,53.051,52.3989,51.7394,51.0725,50.1259,49.0253,46.9041,42.4015,33.7336,22.4852,10.7395
11.169,-0.0001,0.0000,1.0000,6,149.88,0.06,-4.01,0.2880,0.0200,8342.85,0.0,0.00,0.00,120.11,120.91,6.16637,13.9354,22.6905,59.9773,56.5157,54.704,53.715,52.8361,52.2007,51.5587,50.9101,50.2545,49.3249,48.2453,46.1686,41.7824,33.4792,22.436,10.7164
11.188,-0.0001,0.0000,1.0000,6,147.46,0.06,-3.96,0.2853,0.0201,8175.23,0.0,0.00,0.00,117.69,118.50,6.18987,13.9892,22.7791,59.0493,55.6217,53.8321,52.8564,51.9901,51.3642,50.7323,50.0943,49.4499,48.5369,47.4777,45.4445,41.1703,33.201,22.3876,10.6938
11.208,-0.0001,0.0000,1.0000,6,145.06,0.06,-3.90,0.2826,0.0201,8005.3,0.0,0.00,0.00,115.23,116.05,6.21305,14.0421,22.8663,58.1356,54.7421,52.9743,52.0117,51.1579,50.5415,49.9195,49.2918,48.6584,47.7617,46.7226,44.7316,40.5654,32.9037,22.3401,10.6714
11.226,-0.0001,0.0000,1.0000,6,142.70,0.06,-3.87,0.2800,0.0201,7816.57,0.0,0.00,0.00,112.53,113.35,6.23588,14.0943,22.9521,57.2361,53.8766,52.1305,51.1809,50.3393,49.7322,49.12,48.5025,47.8798,46.9991,45.9796,44.0298,39.9676,32.5908,22.2933,10.6494
11.251,-0.0001,0.0000,1.0000,6,140.36,0.05,-3.84,0.2774,0.0201,7623.38,0.0,0.00,0.00,109.72,110.56,6.25834,14.1455,23.0362,56.3509,53.0251,51.3006,50.3638,49.5344,48.9364,48.3337,47.7264,47.1143,46.2492,45.2489,43.3392,39.3772,32.2657,22.2474,10.6278
11.269,-0.0001,0.0000,1.0000,5,138.03,0.05,-3.80,0.2749,0.0201,7442.23,0.0,0.00,0.00,107.09,107.95,6.28035,14.1955,23.1182,55.4798,52.1878,50.4845,49.5605,48.743,48.154,47.5609,46.9635,46.3617,45.5119,44.5304,42.6598,38.7946,31.931,22.2027,10.6066
11.288,-0.0001,0.0000,1.0000,5,135.70,0.05,-3.74,0.2724,0.0201,8085.07,0.0,0.00,0.00,104.79,105.56,6.302,14.2445,23.1983,54.6229,51.3645,49.6824,48.7709,47.9652,47.3851,46.8013,46.2136,45.622,44.7873,43.824,41.9916,38.2199,31.5888,22.159,10.5858
11.307,-0.0001,0.0000,1.0000,5,133.39,0.05,-3.68,0.2699,0.0201,8070.85,0.0,0.00,0.00,102.50,103.18,6.32335,14.2928,23.2768,53.7802,50.5552,48.894,47.9949,47.2009,46.6295,46.0549,45.4767,44.8951,44.0751,43.1298,41.3345,37.653,31.2404,22.1161,10.5653
11.326,-0.0001,0.0000,0.5000,5,131.09,0.04,-3.61,0.2675,0.0201,7566.84,0.0,0.00,0.00,99.89,100.58,6.34424,14.3398,23.3531,52.9517,49.7599,48.1194,47.2326,46.45,45.8873,45.3217,44.7529,44.1811,43.3755,42.4478,40.6886,37.0942,30.8876,22.0744,10.5452
11.352,-0.0000,0.0000,0.2500,5,128.85,0.04,-3.55,0.2651,0.0201,7862.67,0.0,2.43,2.42,103.47,104.22,6.36481,14.3861,23.4386,52.1367,48.978,47.3581,46.4833,45.712,45.1579,44.601,44.0415,43.4793,42.6879,41.7773,40.0533,36.5431,30.5311,22.0333,10.5255
11.369,-0.0000,0.0000,0.1250,5,126.83,0.04,-3.49,0.2628,0.0201,8220.97,0.0,13.08,13.07,108.37,108.89,6.38529,14.4329,23.6611,51.333,48.2072,46.6075,45.7447,44.9846,44.4388,43.8906,43.3402,42.7874,42.0098,41.1159,39.4263,35.9975,30.1699,21.9913,10.5058
11.388,-0.0000,0.0000,0.0625,5,125.28,0.04,-3.44,0.2605,0.0202,8292.46,0.0,27.44,27.43,109.64,109.82,6.40584,14.4819,24.2054,50.5363,47.4432,45.8635,45.0126,44.2634,43.7258,43.1863,42.6447,42.1013,41.3372,40.4598,38.8037,35.4538,29.8017,21.9461,10.4857
11.407,-0.0000,0.4500,0.0312,5,124.00,0.04,-3.39,0.2582,0.0203,8245.13,0.0,42.95,42.93,109.05,109.18,6.42626,14.5305,54.6468,49.7477,46.6872,45.1276,44.2884,43.5501,43.0207,42.4897,41.957,41.4226,40.672,39.8107,38.1875,34.9146,29.4304,21.9013,10.4658
11.426,-0.0000,0.6975,0.0156,5,123.03,0.04,-3.36,0.2559,0.0203,8340.1,0.0,58.37,58.37,110.34,110.34,6.44627,14.5769,53.8312,48.968,45.9404,44.4008,43.5733,42.8459,42.3246,41.802,41.278,40.7527,40.0154,39.1701,37.5792,34.3815,29.0583,21.846,10.4465
11.451,-0.0000,0.8336,0.0078,5,122.40,0.03,-3.36,0.2536,0.0203,8397.93,0.0,73.07,73.08,111.10,111.10,6.46595,14.621,53.0218,48.1953,45.2008,43.6812,42.8654,42.1489,41.6357,41.1214,40.6062,40.0899,39.3656,38.5361,36.9772,33.8531,28.6851,21.7661,10.4276
11.469,-0.0000,0.9085,0.0039,5,122.00,0.02,-3.37,0.2514,0.0203,8429.6,0.0,86.80,86.81,111.51,111.51,6.48539,14.664,52.2157,47.4265,44.4653,42.9658,42.1617,41.456,40.9509,40.445,39.9384,39.4311,38.7198,37.906,36.3786,33.3268,28.3087,21.6633,10.4091
11.488,0.0361,0.9497,0.0020,5,121.76,0.02,-3.39,0.2491,0.0202,8443.46,0.0,99.35,99.38,111.69,111.69,6.50475,14.7065,51.4104,46.6592,43.7317,42.2524,41.46,40.7651,40.268,39.7705,39.2725,38.7741,38.0758,37.2775,35.7813,32.8006,27.9276,21.5392,10.3906
11.507,0.0826,0.9723,0.0010,5,121.76,0.07,-3.41,0.2469,0.0198,8451.54,0.0,109.01,108.97,111.79,111.79,6.52075,14.7278,50.6285,45.9169,43.0238,41.5649,40.7843,40.1003,39.6113,39.1221,38.6327,38.1432,37.4579,36.675,35.2097,32.2986,27.5658,21.4174,10.3769
11.526,0.1523,0.9848,0.0005,5,122.19,0.15,-3.45,0.2448,0.0174,8469.33,0.0,111.94,111.45,112.02,112.02,6.52249,14.662,49.9402,45.2722,42.415,40.977,40.2085,39.5354,39.0546,38.5737,38.093,37.6123,36.9398,36.1721,34.7371,31.8934,27.2925,21.3609,10.3833
11.551,0.2267,0.9916,0.0002,5,122.74,0.13,-3.48,0.2432,0.0125,8504.68,0.0,112.82,111.79,112.47,112.47,6.50295,14.4717,49.3865,44.7663,41.9465,40.5298,39.7732,39.1112,38.6384,38.1658,37.6935,37.2215,36.5616,35.8087,34.4026,31.6227,27.1428,21.4006,10.4201
11.569,0.2826,0.9954,0.0001,5,123.27,-0.04,-3.53,0.2422,0.0048,8551.29,0.0,113.46,111.88,113.08,113.08,6.4608,14.1622,48.9664,44.3971,41.6152,40.2197,39.4751,38.8237,38.3588,37.8942,37.43,36.9665,36.3185,35.5797,34.2011,31.4804,27.1096,21.5301,10.4906
11.588,0.3244,0.9975,0.0001,5,123.79,-0.35,-3.58,0.2420,-0.0052,8606.15,0.0,114.04,111.96,113.80,113.80,6.39871,13.7626,48.6557,44.1389,41.3949,40.02,39.2869,38.646,38.1886,37.7316,37.2753,36.8196,36.183,35.4576,34.1047,31.4386,27.1658,21.7266,10.5938
11.607,0.3558,0.9986,0.0000,5,124.30,-0.76,-3.62,0.2427,-0.0170,8668.29,0.0,114.58,112.05,114.62,114.62,6.31973,13.3029,48.429,43.9649,41.2579,39.9029,39.1809,38.55,38.0998,37.6502,37.2012,36.753,36.1271,35.4141,34.0854,31.4694,27.285,21.9679,10.7282
11.626,0.3794,0.9992,0.0000,5,124.78,-1.27,-3.66,0.2444,-0.0304,8735.64,0.0,115.09,112.17,115.50,115.50,6.22562,12.8026,48.2714,43.8596,41.1887,39.8528,39.1414,38.5199,38.0766,37.6339,37.192,36.7509,36.1349,35.4336,34.1273,31.5575,27.4527,22.2425,10.8946
11.652,0.3970,0.9996,0.0000,5,125.23,-1.89,-3.70,0.2472,-0.0453,8815.82,0.0,115.59,112.29,116.56,116.56,6.11745,12.2735,48.1771,43.817,41.1807,39.8633,39.1618,38.5492,38.1124,37.6764,37.2411,36.8066,36.2001,35.5095,34.224,31.6967,27.6636,22.5464,11.0961
11.670,0.4103,0.9998,0.0000,5,125.69,-2.60,-3.73,0.2512,-0.0616,8887.19,0.0,116.05,112.41,117.51,117.51,5.99667,11.7278,48.1376,43.8281,41.2251,39.9253,39.2334,38.6291,38.1984,37.7684,37.3393,36.9112,36.3135,35.6331,34.3666,31.8784,27.9099,22.8739,11.3351
11.689,0.4202,0.9999,0.0000,5,126.13,-3.39,-3.74,0.2564,-0.0789,8955.7,0.0,116.47,112.54,118.42,118.42,5.86539,11.1793,48.1375,43.877,41.306,40.0229,39.3401,38.7438,38.3188,37.8946,37.4713,37.0489,36.4595,35.7887,34.54,32.0878,28.1779,23.2141,11.6126
11.707,0.4276,0.9999,0.0000,5,126.55,-4.23,-3.75,0.2630,-0.0970,9023.75,0.0,116.85,112.69,119.32,119.32,5.72552,10.6384,16.5112,43.9481,41.4079,40.1404,39.4663,38.8777,38.4581,38.0394,37.6215,37.2046,36.6229,35.961,34.7292,32.3103,28.4546,23.5564,11.9291
11.726,0.4332,0.9999,0.0000,5,126.97,-5.10,-3.75,0.2711,-0.1157,9091.21,0.0,117.17,112.84,120.21,120.21,5.57866,10.1119,14.9009,44.0283,41.5173,40.2649,39.5988,39.0174,38.6031,38.1896,37.7769,37.3653,36.7908,36.1372,34.9213,32.5339,28.7286,23.8911,12.2853
11.752,0.4322,1.0000,0.0000,5,127.37,-5.97,-3.75,0.2805,-0.1346,9157.72,0.0,117.46,113.01,121.09,121.09,5.426,9.60382,13.6924,44.1057,41.6227,40.3848,39.7265,39.1519,38.7424,38.3338,37.9262,37.5196,36.9522,36.3065,35.1055,32.7481,28.9907,24.2105,12.6524
11.770,0.3667,0.5500,0.0000,5,127.76,-6.85,-3.75,0.2914,-0.1535,9223.52,0.0,117.71,113.20,121.96,121.96,5.26857,9.1166,12.6932,44.1688,41.7126,40.4886,39.8377,39.2697,38.8649,38.461,38.0581,37.6562,37.0956,36.4577,35.271,32.9424,29.2311,24.5066,13.0019
11.788,0.3301,0.3025,0.0000,5,128.05,-7.62,-3.76,0.3039,-0.1720,8984.37,0.0,118.11,113.63,118.93,118.93,5.10806,8.65575,11.8477,44.1951,41.7646,40.5538,39.9103,39.3486,38.9484,38.5491,38.1508,37.7535,37.1993,36.5689,35.3964,33.0958,29.4303,24.7626,13.3263
11.808,0.2971,0.1664,0.0000,5,128.11,-8.11,-3.77,0.3179,-0.1889,8771.12,0.0,118.36,114.09,116.09,116.09,4.94714,8.23534,11.1497,44.1386,41.733,40.5352,39.8987,39.3434,38.9478,38.5531,38.1594,37.7667,37.219,36.5961,35.438,33.1664,29.5491,24.9437,13.6097
11.826,0.2674,0.0915,0.0000,5,128.00,-8.30,-3.78,0.3335,-0.2039,8638.97,0.0,118.39,114.48,115.48,113.15,4.78567,7.85448,10.5689,43.9904,41.6091,40.4241,39.7947,39.2456,38.8546,38.4646,38.0756,37.6876,37.1466,36.5314,35.3879,33.1466,29.5807,25.0444,13.8484
11.852,0.2406,0.0503,0.0000,5,127.80,-8.33,-3.79,0.3506,-0.2179,8563.17,0.0,118.29,114.75,114.77,111.82,4.62029,7.49827,10.0535,43.7884,41.4306,40.2585,39.636,39.0932,38.7067,38.3212,37.9369,37.5537,37.0194,36.4119,35.2831,33.0725,29.5592,25.0949,14.0558
11.870,0.2166,0.0277,0.0000,5,127.54,-8.29,-3.79,0.3694,-0.2316,8513.51,0.0,118.16,114.84,114.21,111.06,4.44863,7.15573,9.57038,43.5652,41.2305,40.0709,39.4553,38.9186,38.5365,38.1555,37.7757,37.3971,36.8694,36.2695,35.1553,32.9748,29.5135,25.1207,14.2433
11.889,0.1949,0.0152,0.0000,5,127.27,-8.23,-3.78,0.3897,-0.2450,8478.17,0.0,118.01,114.81,113.78,110.54,4.27007,6.82327,9.10868,43.3323,41.02,39.8726,39.2637,38.733,38.3552,37.9786,37.6032,37.2291,36.7078,36.1154,35.0154,32.8643,29.4537,25.1309,14.4153
11.908,0.1754,0.0084,0.0000,5,126.99,-8.15,-3.76,0.4116,-0.2584,8450.08,0.0,117.84,114.71,113.43,110.15,4.08448,6.50002,8.66524,43.0919,40.8015,39.6658,39.0635,38.5387,38.1651,37.7928,37.4217,37.052,36.5368,35.9517,34.8657,32.7432,29.382,25.1276,14.5729
11.926,0.1579,0.0046,0.0000,5,126.72,-8.04,-3.72,0.4351,-0.2715,8426.58,0.0,117.65,114.57,113.11,109.84,3.89219,6.1869,8.24128,42.8402,40.5713,39.4471,38.8511,38.3321,37.9627,37.5946,37.2278,36.8624,36.3533,35.7752,34.7028,32.6084,29.296,25.1087,14.7157
11.952,0.1421,0.0025,0.0000,5,126.45,-7.91,-3.69,0.4601,-0.2844,8406.3,0.0,117.42,114.42,112.81,109.60,3.69363,5.88542,7.83936,42.5714,40.3235,39.2105,38.6208,38.1074,37.7422,37.3782,37.0156,36.6545,36.1514,35.5802,34.5213,32.4549,29.1906,25.0702,14.8417
11.970,0.1279,0.0014,0.0000,5,126.19,-7.76,-3.69,0.4866,-0.2966,8387.65,0.0,117.18,114.30,112.51,109.41,3.49354,5.59788,7.4639,13.1097,40.0476,38.946,38.3625,37.8546,37.4934,37.1337,36.7753,36.4184,35.9213,35.3572,34.3117,32.2733,29.0576,25.005,14.948
11.989,0.1151,0.0008,0.0000,5,125.95,-7.55,-3.75,0.5145,-0.3075,8370.35,0.0,116.87,114.24,112.14,109.32,3.30229,5.33204,7.13164,12.0348,39.7124,38.6224,38.0453,37.5432,37.1862,36.8306,36.4766,36.1241,35.6333,35.0765,34.0448,32.0358,28.8712,24.8906,15.0236
12.007,0.1036,0.0004,0.0000,5,125.73,-7.17,-3.83,0.5436,-0.3110,8355.75,0.0,116.51,114.23,111.75,109.32,3.12089,5.09031,6.84756,11.8755,39.3058,38.2279,37.6575,37.1614,36.8088,36.4577,36.1082,35.7603,35.2761,34.727,33.7102,31.7321,28.6221,24.7194,15.0651
12.026,0.0932,0.0002,0.0000,5,125.52,-6.65,-3.91,0.5722,-0.2956,8342.47,0.0,116.16,114.25,111.38,109.34,2.94936,4.87119,6.60823,40.997,38.8351,37.7697,37.2064,36.7166,36.3685,36.0221,35.6774,35.3344,34.8572,34.3161,33.3149,31.3697,28.3177,24.4981,15.0756
12.051,0.0839,0.0001,0.0000,5,125.33,-6.05,-4.02,0.5995,-0.2789,8330.21,0.0,115.85,114.25,111.05,109.34,2.78708,4.67034,6.40423,40.4593,38.3207,37.2684,36.7124,36.2291,35.8859,35.5444,35.2046,34.8666,34.3966,33.864,32.879,30.9678,27.976,24.2426,15.0629
12.071,0.0755,0.0001,0.0000,5,125.15,-5.57,-4.21,0.6253,-0.2620,8315.64,0.0,115.67,114.16,110.86,109.15,2.63321,4.48028,6.21701,39.9196,37.8045,36.7652,36.2165,35.7399,35.4014,35.0647,34.7299,34.3969,33.934,33.4097,32.441,30.5635,27.6312,23.9824,15.0407
12.089,0.0680,0.0000,0.0000,5,124.97,-5.13,-4.38,0.6495,-0.2449,8305.25,0.0,115.52,114.03,110.70,109.02,2.48799,4.30182,6.04851,39.3795,37.2879,36.2616,35.7202,35.2501,34.9164,34.5845,34.2546,33.9266,33.4708,32.9549,32.0021,30.1581,27.2844,23.7186,15.0095
12.108,0.0612,0.0000,0.0000,5,124.80,-4.65,-4.50,0.6722,-0.2273,8295.78,0.0,115.33,113.93,110.52,108.95,2.35261,4.14008,5.91229,38.823,36.7554,35.7423,35.2083,34.7448,34.416,34.089,33.7641,33.4411,32.9925,32.4849,31.5484,29.738,26.9233,23.4406,14.9646
12.126,0.0764,0.0000,0.0000,5,124.64,-4.14,-4.58,0.6932,-0.2094,8286.49,0.0,115.14,113.85,110.33,108.90,2.22739,3.99655,5.81549,38.2477,36.2046,35.205,34.6786,34.2218,33.8979,33.576,33.2561,32.9383,32.497,31.9979,31.0778,29.3016,26.5464,23.1474,14.9058
12.151,0.1533,0.0000,0.0000,5,124.48,-3.61,-4.63,0.7126,-0.1911,8276.96,0.0,114.95,113.72,110.17,108.81,2.11224,3.87035,5.75949,37.6642,35.646,34.6601,34.1412,33.6913,33.3724,33.0555,32.7408,32.4281,31.9942,31.5037,30.6,28.8581,26.1623,22.8463,14.8366
12.171,0.2275,0.0000,0.0000,5,124.31,-3.10,-4.70,0.7304,-0.1735,8265.87,0.0,114.77,113.41,110.11,108.57,2.00584,3.75347,5.72299,37.113,35.1189,34.1461,33.6346,33.1912,32.8771,32.565,32.2552,31.9475,31.5206,31.0383,30.1503,28.441,25.8012,22.5631,14.7695
12.189,0.2831,0.0000,0.0000,5,124.12,-2.74,-4.77,0.7467,-0.1574,8254.04,0.0,114.63,112.99,110.14,108.24,1.90681,3.63886,5.68272,36.6241,34.6522,33.6915,33.1866,32.7493,32.4395,32.1319,31.8265,31.5233,31.1028,30.6279,29.7541,28.0742,25.4848,22.3161,14.7131
12.208,0.3248,0.0000,0.0000,5,123.91,-2.56,-4.83,0.7614,-0.1431,8240.81,0.0,114.52,112.52,110.18,107.85,1.81493,3.52528,5.62901,36.2048,34.2527,33.3027,32.8037,32.3717,32.0657,31.762,31.4606,31.1614,30.7465,30.2781,29.4168,27.7627,25.217,22.1083,14.6689
12.226,0.3561,0.0000,0.0000,5,123.69,-2.54,-4.87,0.7746,-0.1309,8226.33,0.0,114.43,112.02,110.21,107.44,1.72995,3.41215,5.55467,35.8552,33.9201,32.9793,32.4854,32.0579,31.7553,31.4549,31.1569,30.8611,30.4511,29.9883,29.1376,27.5054,24.997,21.939,14.6368
12.251,0.3796,0.0000,0.0000,5,123.45,-2.69,-4.90,0.7865,-0.1205,8210.52,0.0,114.35,111.53,110.21,107.02,1.65198,3.3006,5.45893,35.5699,33.6493,32.7162,32.2266,31.8029,31.5029,31.2054,30.9102,30.6173,30.2114,29.7533,28.9115,27.2976,24.8201,21.8042,14.6153
12.270,0.3972,0.0000,0.0000,5,123.20,-3.03,-4.96,0.7970,-0.1117,8193.13,0.0,114.26,111.04,110.19,106.58,1.58127,3.19192,5.34038,35.3475,33.4383,32.5115,32.0253,31.6047,31.3069,31.0116,30.7186,30.4281,30.0254,29.5711,28.7366,27.1372,24.6847,21.7025,14.6037
12.289,0.4104,0.0000,0.0000,5,122.94,-3.50,-5.03,0.8061,-0.1043,8175.81,0.0,114.14,110.58,110.12,106.19,1.51854,3.09107,5.21585,35.171,33.2708,32.3491,31.8657,31.4474,31.1515,30.8579,30.5668,30.2781,29.878,29.4267,28.598,27.0105,24.578,21.6231,14.5975
12.308,0.4203,0.0000,0.0000,5,122.66,-4.02,-5.08,0.8140,-0.0978,8157.73,0.0,113.94,110.14,110.00,105.84,1.46402,3.00222,5.10249,35.0243,33.1314,32.2137,31.7325,31.3163,31.0218,30.7297,30.44,30.1528,29.7548,29.306,28.4821,26.9043,24.4886,21.5564,14.5924
12.326,0.4277,0.0000,0.0000,5,122.37,-4.57,-5.11,0.8207,-0.0923,8138.75,0.0,113.71,109.70,109.83,105.50,1.41762,2.92688,5.00784,34.8997,33.0126,32.0981,31.6188,31.2042,30.911,30.6201,30.3316,30.0456,29.6494,29.2026,28.3825,26.813,24.4111,21.4979,14.5868
12.352,0.4333,0.0000,0.0000,5,122.07,-5.13,-5.12,0.8262,-0.0873,8118.78,0.0,113.43,109.28,109.64,105.17,1.37937,2.86596,4.93791,34.7922,32.9097,31.9977,31.5197,31.1065,30.8142,30.5243,30.2369,29.9519,29.557,29.1119,28.295,26.7322,24.3419,21.4449,14.5794
12.371,0.4375,0.0000,0.0000,5,121.75,-5.76,-5.16,0.8307,-0.0830,8097.31,0.0,113.15,108.85,109.43,104.81,1.34886,2.81817,4.88888,34.7053,32.8259,31.9157,31.4387,31.0264,30.7347,30.4456,30.1589,29.8746,29.4809,29.037,28.2225,26.6648,24.2836,21.3996,14.5715
12.389,0.4406,0.0000,0.0000,5,121.42,-6.42,-5.19,0.8340,-0.0791,8075.75,0.0,112.84,108.44,109.19,104.48,1.32646,2.78612,4.8714,34.6296,32.7521,31.8431,31.3669,30.9552,30.6641,30.3754,30.0892,29.8056,29.4127,28.9698,28.1572,26.6034,24.2296,21.3564,14.5608
12.408,0.4430,0.0000,0.0000,5,121.08,-7.05,-5.21,0.8363,-0.0753,8053.53,0.0,112.49,108.02,108.92,104.16,1.31213,2.77184,4.89607,34.5564,32.6801,31.7721,31.2965,30.8853,30.5945,30.3062,30.0204,29.7372,29.3449,28.9028,28.0918,26.5414,24.174,21.3104,14.5451
12.427,0.4447,0.0000,0.0000,5,120.73,-7.63,-5.21,0.8377,-0.0719,8030.57,0.0,112.11,107.60,108.63,103.85,1.30541,2.77506,4.96663,34.4836,32.6078,31.7004,31.2252,30.8145,30.524,30.236,29.9506,29.6676,29.2758,28.8343,28.0247,26.4772,24.1155,21.2606,14.5242
12.445,0.4460,0.0000,0.0000,5,120.36,-8.18,-5.19,0.8380,-0.0686,8006.84,0.0,111.71,107.19,108.32,103.53,1.30621,2.79581,5.09079,34.4095,32.534,31.6268,31.1519,30.7414,30.4512,30.1635,29.8783,29.5956,29.2043,28.7632,27.9545,26.4097,24.053,21.2062,14.4981
12.471,0.4470,0.0000,0.0000,5,119.98,-8.74,-5.19,0.8376,-0.0655,7982.01,0.0,111.31,106.77,108.00,103.19,1.31404,2.83224,5.26902,34.3396,32.4636,31.5564,31.0815,30.6711,30.381,30.0934,29.8084,29.5259,29.1348,28.6941,27.8861,26.3432,23.9904,21.1508,14.4682
12.489,0.4478,0.0000,0.0000,5,119.60,-9.30,-5.19,0.8362,-0.0624,7957.01,0.0,110.91,106.36,107.68,102.86,1.32924,2.88646,5.52375,34.2691,32.392,31.4846,31.0096,30.5992,30.309,30.0215,29.7366,29.4542,29.0633,28.6228,27.8153,26.2738,23.9246,21.0913,14.4334
12.509,0.4483,0.0000,0.0000,5,119.21,-9.80,-5.17,0.8339,-0.0593,7931.58,0.0,110.48,105.94,107.33,102.53,1.35133,2.95922,5.89568,34.1933,32.3147,31.4071,30.9319,30.5215,30.2313,29.9438,29.6588,29.3765,28.9857,28.5454,27.7384,26.1981,23.8524,21.0256,14.3929
12.527,0.4487,0.0000,0.0000,5,118.81,-10.25,-5.14,0.8309,-0.0564,7905.71,0.0,110.04,105.53,106.97,102.21,1.38022,3.05141,6.49724,34.1112,32.231,31.3229,30.8476,30.4371,30.1469,29.8593,29.5744,29.2921,28.9013,28.4612,27.6546,26.1156,23.7734,20.9529,14.3466
12.546,0.4491,0.0000,0.0000,5,118.40,-10.65,-5.10,0.8271,-0.0533,7879.42,0.0,109.59,105.11,106.61,101.88,1.41554,3.16259,37.3314,34.0225,32.1405,31.2319,30.7565,30.3459,30.0557,29.7681,29.4831,29.2008,28.8101,28.37,27.5639,26.0262,23.6874,20.8736,14.2948
12.571,0.4493,0.0000,0.0000,5,117.99,-11.04,-5.07,0.8226,-0.0503,7852.51,0.0,109.15,104.70,106.24,101.54,1.45709,3.29231,37.2459,33.9314,32.0475,31.1381,30.6624,30.2517,29.9614,29.6737,29.3887,29.1064,28.7157,28.2757,27.4697,25.9333,23.5975,20.7901,14.2387
12.590,0.4494,0.0000,0.0000,5,117.58,-11.41,-5.04,0.8175,-0.0472,7825.51,0.0,108.72,104.29,105.87,101.19,1.5049,3.44234,37.1571,33.8365,31.9504,31.0402,30.5642,30.1532,29.8628,29.5751,29.29,29.0077,28.6169,28.1769,27.3711,25.8356,23.5028,20.7019,14.178
12.608,0.4483,0.0000,0.0000,5,117.16,-11.73,-5.00,0.8116,-0.0441,7798.35,0.0,108.27,103.88,105.48,100.86,1.55869,3.61496,37.0613,33.7344,31.8459,30.935,30.4586,30.0473,29.7568,29.469,29.1838,28.9015,28.5107,28.0708,27.2652,25.7307,23.4012,20.6069,14.1122
12.628,0.4464,0.0000,0.0000,5,116.74,-12.00,-4.95,0.8051,-0.0410,7771.04,0.0,107.82,103.48,105.09,100.52,1.61819,3.81124,36.9578,33.6245,31.7336,30.8219,30.3453,29.9338,29.6431,29.3551,29.0699,28.7875,28.3968,27.957,27.1517,25.6183,23.2924,20.5054,14.0414
12.647,0.4427,0.0000,0.0000,5,116.32,-12.21,-4.89,0.7980,-0.0378,7743.62,0.0,107.38,103.08,104.70,100.19,1.6834,4.03354,36.8461,33.5064,31.6131,30.7007,30.2238,29.8122,29.5214,29.2333,28.9481,28.6656,28.2749,27.8352,27.0303,25.4983,23.1763,20.397,13.9657
12.671,0.4391,0.0000,0.0000,5,115.90,-12.41,-4.84,0.7904,-0.0345,7716.06,0.0,106.94,102.70,104.31,99.85,1.75384,4.28304,36.7287,33.3825,31.4868,30.5737,30.0965,29.6847,29.3938,29.1057,28.8204,28.5379,28.1472,27.7076,26.9031,25.3726,23.0547,20.2834,13.8861
12.690,0.4364,0.0000,0.0000,5,115.48,-12.57,-4.78,0.7823,-0.0311,7688.56,0.0,106.53,102.32,103.92,99.51,1.82977,4.56444,36.6068,33.2537,31.3556,30.4417,29.9643,29.5523,29.2613,28.9732,28.6879,28.4054,28.0147,27.5751,26.771,25.242,22.9282,20.1652,13.8026
12.709,0.4333,0.0000,0.0000,5,115.06,-12.70,-4.73,0.7736,-0.0276,7661.17,0.0,106.11,101.96,103.53,99.18,1.91054,4.88169,36.4809,33.1182,31.2178,30.3031,29.8253,29.4132,29.1222,28.834,28.5487,28.2662,27.8756,27.4362,26.6326,25.1053,22.7959,20.0417,13.7152
12.728,0.4294,0.0000,0.0000,5,114.65,-12.78,-4.66,0.7645,-0.0242,7633.92,0.0,105.70,101.60,103.14,98.85,1.99651,5.24356,36.3604,32.9749,31.0723,30.1569,29.6789,29.2667,28.9756,28.6874,28.4021,28.1197,27.7292,27.29,26.487,24.9615,22.6571,19.9124,13.6238
12.746,0.4225,0.0000,0.0000,5,114.24,-12.82,-4.59,0.7549,-0.0207,7606.86,0.0,105.29,101.25,102.75,98.52,2.08733,5.66094,36.2457,32.8237,30.919,30.0031,29.525,29.1126,28.8215,28.5333,28.248,27.9658,27.5755,27.1366,26.3342,24.8109,22.5119,19.7773,13.5286
12.772,0.4148,0.0000,0.0000,5,113.83,-12.82,-4.53,0.7449,-0.0170,7580.01,0.0,104.90,100.92,102.36,98.20,2.18294,6.15093,36.1371,32.6649,30.7582,29.8419,29.3637,28.9513,28.6602,28.372,28.0869,27.8047,27.4147,26.9762,26.1747,24.6537,22.3607,19.637,13.43
12.789,0.4076,0.0000,0.0000,5,113.43,-12.79,-4.46,0.7346,-0.0132,7553.45,0.0,104.54,100.60,101.98,97.88,2.28319,6.74165,36.0365,32.5003,30.5918,29.6751,29.1968,28.7844,28.4934,28.2054,27.9203,27.6382,27.2485,26.8104,26.0099,24.4916,22.2049,19.4923,13.3284
12.809,0.4010,0.0000,0.0000,5,113.03,-12.73,-4.39,0.7239,-0.0094,7527.21,0.0,104.18,100.30,101.61,97.56,2.38784,7.49815,35.9442,32.3301,30.4198,29.5029,29.0246,28.6123,28.3213,28.0334,27.7485,27.4666,27.0771,26.6394,25.84,24.3246,22.0445,19.3436,13.224
12.827,0.3954,0.0000,0.0000,5,112.64,-12.64,-4.32,0.7128,-0.0054,7501.35,0.0,103.83,100.00,101.24,97.25,2.49687,8.62563,35.8592,32.1535,30.2417,29.3245,28.8463,28.4341,28.1433,27.8555,27.5708,27.2892,26.9001,26.4628,25.6646,24.1523,21.8792,19.1907,13.1169
12.847,0.3904,0.0000,0.0000,5,112.26,-12.52,-4.25,0.7014,-0.0016,7475.91,0.0,103.49,99.72,100.87,96.94,2.61024,42.7923,35.781,31.9702,30.0571,29.1397,28.6616,28.2496,27.959,27.6714,27.3869,27.1056,26.7169,26.2803,25.4833,23.9746,21.709,19.0336,13.0073
12.872,0.3863,0.0000,0.0000,5,111.89,-12.37,-4.18,0.6898,0.0024,7450.92,0.0,103.15,99.44,100.51,96.64,2.72793,42.7498,35.7092,31.787,29.8656,28.9484,28.4704,28.0586,27.7682,27.4809,27.1968,26.9158,26.5277,26.0917,25.2962,23.7913,21.5338,18.8723,12.8952
12.891,0.3832,0.0000,0.0000,5,111.52,-12.19,-4.10,0.6779,0.0066,7426.42,0.0,102.81,99.16,100.15,96.35,2.85009,42.6899,35.6429,31.6068,29.667,28.7499,28.2722,27.8607,27.5706,27.2836,26.9999,26.7193,26.3318,25.8966,25.1028,23.602,21.3535,18.7065,12.7805
12.909,0.3805,0.0000,0.0000,5,111.16,-11.97,-4.03,0.6657,0.0109,7402.35,0.0,102.48,98.89,99.80,96.06,2.97617,42.6159,35.5849,31.4314,29.4629,28.5462,28.0689,27.6578,27.368,27.0814,26.798,26.5179,26.1311,25.6968,24.9049,23.4085,21.1693,18.5376,12.6641
12.928,0.3785,0.0000,0.0000,5,110.80,-11.73,-3.96,0.6533,0.0152,7378.73,0.0,102.16,98.62,99.46,95.78,3.10628,42.5302,35.5374,31.2622,29.2546,28.3386,27.8616,27.451,27.1615,26.8753,26.5924,26.3127,25.9267,25.4933,24.7034,23.2117,20.9823,18.3662,12.5461
12.946,0.3770,0.0000,0.0000,5,110.45,-11.48,-3.89,0.6407,0.0195,7355.55,0.0,101.85,98.35,99.13,95.49,3.24027,42.433,35.5009,31.0996,29.0435,28.127,27.6505,27.2404,26.9513,26.6656,26.3831,26.104,25.7187,25.2864,24.4986,23.0119,20.7926,18.1926,12.4268
12.971,0.3758,0.0000,0.0000,5,110.11,-11.21,-3.82,0.6280,0.0237,7332.83,0.0,101.54,98.08,98.80,95.22,3.37836,42.3246,35.4748,30.9433,28.8365,27.9114,27.4355,27.026,26.7374,26.4521,26.1702,25.8916,25.5072,25.0759,24.2904,22.809,20.6001,18.0168,12.3062
12.990,0.3753,0.0000,0.0000,5,109.78,-10.92,-3.75,0.6150,0.0280,7310.59,0.0,101.23,97.82,98.48,94.95,3.52025,42.205,35.4402,30.7936,28.6345,27.6919,27.2166,26.8077,26.5197,26.2349,25.9536,25.6756,25.2921,24.862,24.0788,22.603,20.405,17.8389,12.1846
13.009,0.3750,0.0000,0.0000,5,109.45,-10.59,-3.68,0.6020,0.0325,7288.84,0.0,100.93,97.57,98.17,94.69,3.66631,42.0724,35.3869,30.6481,28.4359,27.4723,26.992,26.5839,26.2964,26.0124,25.7317,25.4544,25.0719,24.643,23.8624,22.3926,20.2062,17.6581,12.0616
13.028,0.3743,0.0000,0.0000,5,109.13,-10.25,-3.60,0.5887,0.0370,7267.44,0.0,100.64,97.32,97.86,94.43,3.816,41.933,35.322,30.5121,28.2447,27.2596,26.7691,26.3583,26.0714,25.788,25.508,25.2315,24.8501,24.4225,23.6445,22.1809,20.0063,17.4765,11.9382
13.046,0.3742,0.0000,0.0000,5,108.81,-9.91,-3.53,0.5754,0.0415,7246.42,0.0,100.37,97.07,97.57,94.16,3.96907,41.7899,35.2493,30.3888,28.0638,27.0562,26.5551,26.1358,25.8466,25.5638,25.2845,25.0087,24.6285,24.2022,23.4269,21.9695,19.8069,17.2953,11.8148
13.071,0.3742,0.0000,0.0000,5,108.50,-9.57,-3.47,0.5620,0.0457,7225.81,0.0,100.10,96.83,97.29,93.90,4.12542,41.644,35.1699,30.2797,27.894,26.8629,26.3508,25.9226,25.6274,25.3408,25.0617,24.7867,24.4075,23.9826,23.2101,21.7588,19.6082,17.1149,11.6917
13.091,0.3741,0.0000,0.0000,5,108.20,-9.23,-3.41,0.5484,0.0499,7205.6,0.0,99.85,96.59,97.01,93.64,4.28497,41.4954,35.084,30.1858,27.7359,26.6803,26.1567,25.7191,25.4177,25.1252,24.8412,24.5653,24.1873,23.7638,22.994,21.5488,19.4103,16.9352,11.5688
13.109,0.3737,0.0000,0.0000,5,107.90,-8.89,-3.35,0.5348,0.0540,7185.81,0.0,99.60,96.35,96.74,93.39,4.44771,41.3435,34.9913,30.1073,27.5898,26.5085,25.9728,25.5255,25.2176,24.9189,24.6291,24.3477,23.9675,23.5453,22.7783,21.3395,19.2129,16.756,11.4462
13.128,0.3734,0.0000,0.0000,5,107.61,-8.53,-3.28,0.5211,0.0581,7166.41,0.0,99.34,96.12,96.47,93.15,4.61406,41.1849,34.8885,30.0415,27.4533,26.3451,25.7969,25.3395,25.025,24.7199,24.4241,24.1371,23.7494,23.3253,22.5612,21.1289,19.0147,16.5762,11.3234
13.146,0.3735,0.0000,0.0000,5,107.32,-8.17,-3.21,0.5074,0.0622,7147.27,0.0,99.11,95.90,96.21,92.90,4.7832,41.0268,34.7844,29.9972,27.3331,26.1963,25.6349,25.1669,24.8452,24.5335,24.2313,23.9383,23.5427,23.1105,22.3467,20.9208,18.8187,16.3985,11.2016
13.172,0.3736,0.0000,0.0000,5,107.04,-7.83,-3.15,0.4936,0.0661,7128.42,0.0,98.89,95.67,95.96,92.64,4.95452,40.8728,34.6828,29.9687,27.2338,26.0662,25.4904,25.0111,24.6818,24.3628,24.0538,23.7544,23.3504,22.9094,22.1369,20.7171,18.6266,16.224,11.0811
13.190,0.3737,0.0000,0.0000,5,106.76,-7.51,-3.09,0.4797,0.0696,7109.89,0.0,98.67,95.44,95.73,92.39,5.12753,40.7242,34.5848,29.9406,27.1578,25.9568,25.3656,24.8738,24.5363,24.2096,23.8933,23.5869,23.1739,22.7233,21.9352,20.5182,18.4388,16.0531,10.9622
13.209,0.3737,0.0000,0.0000,5,106.48,-7.21,-3.04,0.4659,0.0729,7091.64,0.0,98.47,95.21,95.50,92.14,5.30194,40.5816,34.4905,29.913,27.1073,25.8698,25.2618,24.7566,24.4101,24.075,23.7508,23.437,23.0142,22.5533,21.7482,20.3245,18.2555,15.8858,10.8448
13.228,0.3738,0.0000,0.0000,5,106.21,-6.93,-2.99,0.4520,0.0760,7073.71,0.0,98.26,94.99,95.27,91.89,5.47798,40.4437,34.3988,29.8846,27.0832,25.8059,25.1796,24.6599,24.3037,23.9595,23.6267,23.3048,22.8715,22.3995,21.5762,20.1351,18.076,15.7218,10.7287
13.247,0.3738,0.0000,0.0000,5,105.94,-6.65,-2.93,0.4380,0.0790,7056.07,0.0,98.05,94.77,95.04,91.65,5.65614,40.3064,34.3049,29.8509,27.0829,25.7626,25.1166,24.5812,24.2147,23.8608,23.5188,23.1883,22.7436,22.2599,21.4171,19.9482,17.8986,15.5594,10.6135
13.272,0.3738,0.0000,0.0000,5,105.68,-6.37,-2.87,0.4241,0.0818,7038.56,0.0,97.85,94.54,94.82,91.41,5.83503,40.1753,34.2152,29.8183,27.1005,25.7476,25.08,24.5275,24.1496,23.785,23.433,23.093,22.6361,22.1396,21.2757,19.7738,17.7259,15.401,10.5
13.290,0.3739,0.0000,0.0000,5,105.42,-6.13,-2.81,0.4102,0.0843,7021.22,0.0,97.66,94.32,94.61,91.16,6.01358,40.055,34.1342,29.7914,27.122,25.7679,25.0762,24.5046,24.1141,23.7377,23.3746,23.0242,22.5537,22.043,21.1558,19.6177,17.5598,15.2477,10.3887
13.309,0.3739,0.0000,0.0000,5,105.16,-5.93,-2.76,0.3962,0.0864,7004.07,0.0,97.48,94.09,94.41,90.90,6.19107,39.946,34.0633,29.771,27.1479,25.8187,25.1092,24.5162,24.1117,23.7221,23.3466,22.9845,22.4989,21.9724,21.0595,19.4813,17.4006,15.1,10.2798
13.328,0.3739,0.0000,0.0000,5,104.90,-5.76,-2.72,0.3823,0.0881,6987.1,0.0,97.30,93.86,94.21,90.65,6.36734,39.8478,34.0019,29.7574,27.1775,25.8736,25.175,24.5649,24.1446,23.7403,23.351,22.976,22.4736,21.9295,20.9881,19.3656,17.2479,14.9577,10.173
13.346,0.3739,0.0000,0.0000,5,104.65,-5.62,-2.68,0.3684,0.0895,6970.3,0.0,97.12,93.63,94.02,90.41,6.54234,39.7598,33.9485,29.7496,27.2092,25.9295,25.2446,24.6444,24.2153,23.7944,23.3897,23.0003,22.4791,21.9156,20.9424,19.271,17.1022,14.8202,10.0682
13.366,0.3739,0.0000,0.0000,5,104.40,-5.47,-2.63,0.3545,0.0908,6953.69,0.0,96.92,93.40,93.81,90.17,6.71664,39.6774,33.8983,29.7424,27.2382,25.9816,25.3098,24.7213,24.3009,23.8804,23.4614,23.056,22.5141,21.9292,20.9211,19.1962,16.9696,14.6859,9.96492
13.391,0.3739,0.0000,0.0000,5,104.15,-5.34,-2.58,0.3406,0.0918,6937.14,0.0,96.73,93.17,93.60,89.94,6.88964,39.6011,33.8519,29.7364,27.2652,26.0307,25.3713,24.794,24.3818,23.9696,23.5578,23.1463,22.5819,21.9732,20.9266,19.143,16.8534,14.5552,9.86311
13.409,0.3739,0.0000,0.0000,5,103.90,-5.24,-2.54,0.3268,0.0925,6920.62,0.0,96.54,92.94,93.41,89.69,7.05931,39.537,33.8151,29.7376,27.2978,26.083,25.4354,24.8688,24.4643,24.0601,23.6563,23.2531,22.6897,22.0563,20.9664,19.117,16.7574,14.43,9.76375
13.429,0.3739,0.0000,0.0000,5,103.65,-5.17,-2.50,0.3131,0.0929,6904.18,0.0,96.36,92.71,93.22,89.45,7.22521,39.4853,33.7883,29.7461,27.3367,26.1386,25.5022,24.9457,24.5486,24.152,23.7558,23.3604,22.8081,22.1791,21.044,19.1207,16.6831,14.3106,9.66682
13.448,0.3739,0.0000,0.0000,5,103.40,-5.14,-2.47,0.2993,0.0928,6887.81,0.0,96.18,92.47,93.04,89.20,7.38729,39.445,33.7712,29.7612,27.3805,26.1978,25.5705,25.0236,24.6336,24.2441,23.8552,23.4671,22.9252,22.3084,21.1623,19.156,16.6314,14.1966,9.57211
13.466,0.3739,0.0000,0.0000,5,103.16,-5.12,-2.44,0.2857,0.0924,6871.49,0.0,95.99,92.23,92.84,88.96,7.54557,39.4142,33.762,29.782,27.4273,26.2595,25.6403,25.101,24.7174,24.3347,23.9527,23.5716,23.0396,22.4343,21.3091,19.2244,16.6029,14.0954,9.47942
13.491,0.3739,0.0000,0.0000,5,102.91,-5.11,-2.40,0.2721,0.0918,6855.25,0.0,95.79,91.99,92.65,88.73,7.70028,39.3908,33.7579,29.8057,27.4744,26.321,25.7096,25.1772,24.7986,24.4215,24.046,23.6714,23.1488,22.5545,21.45,19.3271,16.598,14.0106,9.38845
13.509,0.3739,0.0000,0.0000,5,102.66,-5.10,-2.37,0.2587,0.0911,6839.04,0.0,95.58,91.76,92.44,88.51,7.85249,39.37,33.7539,29.8276,27.5171,26.3776,25.7737,25.248,24.8742,24.502,24.1314,23.7625,23.2489,22.6648,21.5801,19.4634,16.6156,13.9414,9.29865
13.529,0.3739,0.0000,0.0000,5,102.42,-5.10,-2.33,0.2453,0.0902,6822.78,0.0,95.37,91.53,92.24,88.28,8.0005,39.3566,33.7548,29.8522,27.561,26.434,25.8374,25.3181,24.9489,24.5812,24.2153,23.8511,23.3445,22.7701,21.7041,19.6244,16.6605,13.8905,9.21063
13.547,0.3739,0.0000,0.0000,5,102.17,-5.12,-2.31,0.2320,0.0891,6806.5,0.0,95.17,91.29,92.04,88.05,8.14316,39.3531,33.7629,29.8818,27.6092,26.4925,25.9028,25.3896,25.0249,24.6617,24.3002,23.9404,23.4401,22.8732,21.8245,19.7807,16.7368,13.8601,9.12485
13.572,0.3739,0.0000,0.0000,5,101.92,-5.16,-2.28,0.2188,0.0877,6790.22,0.0,94.96,91.05,91.84,87.81,8.2805,39.3586,33.778,29.9158,27.661,26.5533,25.9692,25.4619,25.1014,24.7424,24.3852,24.0297,23.5354,22.9753,21.9409,19.931,16.8468,13.8513,9.04122
13.590,0.3739,0.0000,0.0000,5,101.68,-5.21,-2.27,0.2058,0.0859,6773.94,0.0,94.76,90.81,91.65,87.58,8.40581,39.3716,33.7992,29.9538,27.7148,26.6159,26.0365,25.5337,25.1771,24.8222,24.4691,24.1177,23.629,23.0755,22.0533,20.0742,16.9929,13.865,8.95952
13.609,0.3739,0.0000,0.0000,5,101.43,-5.27,-2.25,0.1929,0.0840,6757.65,0.0,94.54,90.57,91.44,87.35,8.5069,39.3908,33.8247,29.9944,27.7691,26.6787,26.1038,25.605,25.2512,24.8996,24.5503,24.2029,23.7198,23.1726,22.162,20.2097,17.1709,13.902,8.87961
13.628,0.3739,0.0000,0.0000,5,101.18,-5.32,-2.23,0.1802,0.0821,6741.37,0.0,94.32,90.34,91.23,87.13,8.58671,39.4132,33.851,30.0342,27.8207,26.7386,26.1681,25.673,25.322,24.9732,24.6267,24.2825,23.8047,23.2635,22.2643,20.335,17.3423,13.9626,8.80109
13.647,0.3739,0.0000,0.0000,5,100.94,-5.37,-2.21,0.1676,0.0801,6725.07,0.0,94.09,90.11,91.01,86.92,8.64772,39.4366,33.8763,30.0712,27.8683,26.7937,26.2275,25.7362,25.3878,25.0417,24.6978,24.3563,23.8824,23.3469,22.3586,20.4506,17.5007,14.0477,8.72375
13.666,0.3739,0.0000,0.0000,5,100.69,-5.42,-2.19,0.1551,0.0779,6708.71,0.0,93.86,89.87,90.80,86.70,8.69019,39.4655,33.9046,30.1098,27.917,26.8481,26.2861,25.7985,25.4527,25.1091,24.7678,24.4289,23.9585,23.4272,22.449,20.5614,17.6498,14.1616,8.64824
13.690,0.3742,0.0000,0.0000,5,100.44,-5.48,-2.18,0.1429,0.0756,6692.32,0.0,93.64,89.63,90.59,86.47,8.71539,39.5009,33.9376,30.1509,27.9679,26.9038,26.3448,25.8607,25.5174,25.1763,24.8375,24.501,24.0341,23.5066,22.5364,20.6684,17.7908,14.3075,8.5808
13.710,0.3746,0.0000,0.0000,5,100.19,-5.55,-2.18,0.1308,0.0731,6675.91,0.0,93.42,89.39,90.38,86.25,8.72499,39.542,33.9751,30.1947,28.02,26.9606,26.4041,25.9223,25.5814,25.2427,24.9062,24.5721,24.1085,23.5847,22.6213,20.7711,17.9236,14.4798,8.52612
13.728,0.3753,0.0000,0.0000,5,99.94,-5.62,-2.17,0.1189,0.0705,6659.48,0.0,93.19,89.15,90.17,86.03,8.72049,39.5882,34.016,30.2406,28.0724,27.0176,26.4634,25.9838,25.6442,25.3074,24.9732,24.6414,24.181,23.6608,22.704,20.8688,18.0486,14.6459,8.48444
13.747,0.3760,0.0000,0.0000,5,99.69,-5.69,-2.17,0.1072,0.0677,6643.03,0.0,92.96,88.91,89.96,85.81,8.7034,39.6387,34.0591,30.2873,28.1242,27.0737,26.5219,26.0442,25.7061,25.3706,25.0378,24.7078,24.2505,23.7338,22.7834,20.9609,18.1671,14.8017,8.45592
13.766,0.3769,0.0000,0.0000,5,99.44,-5.74,-2.17,0.0958,0.0649,6626.58,0.0,92.73,88.68,89.74,85.59,8.67479,39.691,34.1022,30.3327,28.1737,27.1271,26.5776,26.1019,25.7651,25.431,25.0996,24.7709,24.3156,23.8022,22.8582,21.0475,18.2782,14.9467,8.44099
13.791,0.3778,0.0000,0.0000,5,99.19,-5.80,-2.16,0.0845,0.0621,6610.11,0.0,92.48,88.44,89.51,85.38,8.63605,39.7443,34.1444,30.3761,28.2212,27.1771,26.6298,26.156,25.8206,25.4879,25.1578,24.8304,24.3769,23.8656,22.9274,21.1285,18.3811,15.0807,8.43968
13.810,0.3788,0.0000,0.0000,5,98.94,-5.86,-2.19,0.0735,0.0595,6593.73,0.0,92.24,88.22,89.28,85.18,8.58883,39.7938,34.1818,30.4133,28.2625,27.2203,26.6745,26.2027,25.8687,25.5373,25.2085,24.8825,24.4309,23.9216,22.9878,21.2005,18.4733,15.2016,8.4518
13.828,0.3798,0.0000,0.0000,5,98.70,-5.92,-2.24,0.0626,0.0571,6577.6,0.0,91.98,88.01,89.03,85.00,8.53562,39.8294,34.2055,30.4366,28.2893,27.2493,26.7047,26.2341,25.9015,25.5715,25.2442,24.9196,24.4699,23.9629,23.0331,21.257,18.5488,15.3058,8.47623
13.847,0.3808,0.0000,0.0000,5,98.47,-5.95,-2.30,0.0520,0.0500,6561.76,0.0,91.70,87.82,88.77,84.84,8.47818,39.8457,34.2099,30.4406,28.2965,27.2592,26.7159,26.2465,25.9147,25.586,25.2602,24.9372,24.4896,23.985,23.0596,21.294,18.6051,15.3918,8.51194
13.866,0.3818,0.0000,0.0000,5,98.24,-5.94,-2.37,0.0426,0.0343,6546.25,0.0,91.42,87.63,88.50,84.70,8.41712,39.8399,34.1922,30.4231,28.282,27.2476,26.706,26.238,25.9072,25.5795,25.2548,24.9332,24.488,23.986,23.0654,21.3099,18.6418,15.4588,8.55857
13.891,0.3828,0.0000,0.0000,5,98.01,-5.88,-2.44,0.0347,0.0191,6531.06,0.0,91.13,87.46,88.24,84.56,8.35209,39.8127,34.1535,30.3849,28.2469,27.2158,26.676,26.2096,25.88,25.5534,25.2298,24.9094,24.4662,23.9671,23.0518,21.3066,18.6601,15.5079,8.61651
13.910,0.3839,0.0000,0.0000,5,97.79,-5.82,-2.54,0.0281,0.0042,6516.26,0.0,90.87,87.28,88.00,84.41,8.28123,39.7743,34.1032,30.3352,28.2006,27.1723,26.6344,26.1697,25.8413,25.516,25.1937,24.8745,24.433,23.9362,23.0264,21.2921,18.6666,15.5446,8.68778
13.928,0.3849,0.0000,0.0000,5,97.56,-5.78,-2.66,0.0230,-0.0109,6501.52,0.0,90.65,87.09,87.81,84.21,8.2017,39.7448,34.06,30.2913,28.1598,27.1332,26.5971,26.134,25.8068,25.4826,25.1615,24.8434,24.4035,23.9086,23.0035,21.2795,18.6729,15.5784,8.77605
13.947,0.3859,0.0000,0.0000,4,97.34,-5.76,-2.77,0.0192,-0.0262,6486.75,0.0,90.45,86.87,87.63,83.99,8.11266,39.7317,34.0314,30.2598,28.1305,27.1053,26.57,26.1083,25.7821,25.459,25.1389,24.8219,24.3834,23.8902,22.9883,21.2737,18.6833,15.613,8.87042
13.966,0.3869,0.0000,0.0000,4,97.10,-5.74,-2.83,0.0169,-0.0422,7210.31,0.0,90.30,86.61,87.59,83.85,8.01396,39.757,34.0377,30.2601,28.1307,27.1059,26.5709,26.1096,25.784,25.4616,25.1423,24.8261,24.3887,23.8966,22.9969,21.289,18.7105,15.66,8.96497
13.991,0.3880,0.0000,0.0000,4,96.88,-5.80,-2.91,0.0160,-0.0588,7201.59,0.0,90.18,86.35,87.48,83.62,7.9143,39.8175,34.0752,30.2888,28.157,27.132,26.5969,26.1354,25.8097,25.4874,25.1685,24.8528,24.4161,23.9248,23.0265,21.3225,18.7529,15.7175,9.05904
14.011,0.3890,0.0000,0.0000,4,96.65,-5.89,-2.99,0.0166,-0.0758,7167.57,0.0,90.03,86.10,87.21,83.18,7.81596,39.9015,34.1331,30.3357,28.1996,27.1739,26.6384,26.1765,25.8506,25.5281,25.2089,24.8932,24.457,23.9662,23.0687,21.3664,18.8039,15.7802,9.15065
14.028,0.3900,0.0000,0.0000,4,96.40,-6.01,-3.07,0.0186,-0.0931,7141.38,0.0,89.85,85.85,86.95,82.80,7.72037,40.0013,34.2042,30.3939,28.2523,27.2253,26.6892,26.2269,25.9007,25.5778,25.2582,24.9421,24.5055,24.0149,23.1181,21.4165,18.859,15.8441,9.23833
14.047,0.3911,0.0000,0.0000,4,96.15,-6.14,-3.17,0.0219,-0.1104,7121.41,0.0,89.65,85.60,86.74,82.54,7.62851,40.1113,34.2834,30.4587,28.3114,27.2818,26.7451,26.2822,25.9556,25.6322,25.3123,24.9958,24.5585,24.0672,23.1705,21.4695,18.9151,15.9068,9.32111
14.066,0.3922,0.0000,0.0000,4,95.90,-6.22,-3.22,0.0267,-0.1275,7103.2,0.0,89.40,85.37,86.50,82.34,7.54243,40.217,34.3579,30.518,28.3651,27.3327,26.7948,26.3315,26.0045,25.6808,25.3605,25.0436,24.6058,24.1139,23.2164,21.5162,18.9643,15.9621,9.39695
14.092,0.3933,0.0000,0.0000,4,95.66,-6.23,-3.27,0.0329,-0.1442,7085.12,0.0,89.12,85.16,86.24,82.18,7.46425,40.3025,34.4134,30.5591,28.4009,27.3663,26.8272,26.363,26.0358,25.7119,25.3914,25.0744,24.6363,24.1441,23.246,21.5471,18.9982,16.0041,9.46455
14.110,0.3944,0.0000,0.0000,4,95.41,-6.20,-3.32,0.0406,-0.1605,7067.1,0.0,88.82,84.95,85.98,82.01,7.39243,40.3779,34.4587,30.5904,28.4265,27.3901,26.85,26.3849,26.0571,25.7329,25.4123,25.0952,24.657,24.1647,23.2663,21.5683,19.0231,16.038,9.52582
14.129,0.3955,0.0000,0.0000,4,95.15,-6.16,-3.33,0.0497,-0.1773,7048.67,0.0,88.60,84.70,85.79,81.75,7.31964,40.4855,34.5324,30.6472,28.4757,27.4368,26.8954,26.4291,26.1004,25.7754,25.454,25.1364,24.6978,24.205,23.3057,21.6061,19.0623,16.0822,9.58828
14.148,0.3967,0.0000,0.0000,4,94.89,-6.19,-3.34,0.0603,-0.1950,7029.54,0.0,88.45,84.40,85.66,81.44,7.24236,40.6474,34.6545,30.7482,28.5661,27.5232,26.9799,26.5119,26.182,25.8556,25.533,25.2142,24.7741,24.2801,23.3787,21.6747,19.1277,16.1461,9.65585
14.166,0.3978,0.0000,0.0000,4,94.62,-6.31,-3.35,0.0722,-0.2063,7009.87,0.0,88.33,84.08,85.53,81.10,7.16055,40.8658,34.8271,30.8949,28.6999,27.6508,27.1049,26.6346,26.303,25.9751,25.6508,25.3303,24.8878,24.3913,23.4864,21.7755,19.2199,16.2304,9.7288
14.192,0.3990,0.0000,0.0000,4,94.34,-6.52,-3.37,0.0841,-0.2037,6989.78,0.0,88.19,83.75,85.39,80.76,7.0751,41.1374,35.0475,31.0843,28.8739,27.8171,27.2673,26.7942,26.4606,26.1307,25.8044,25.4818,25.0364,24.5366,23.6258,21.9059,19.3367,16.333,9.80639
14.210,0.4002,0.0000,0.0000,4,94.06,-6.78,-3.39,0.0955,-0.2018,6969.33,0.0,88.02,83.42,85.24,80.43,6.98731,41.4565,35.3099,31.3119,29.0831,28.0177,27.4632,26.986,26.6498,26.3175,25.9889,25.664,25.2153,24.7117,23.7937,22.0618,19.4744,16.4517,9.8882
14.229,0.4015,0.0000,0.0000,4,93.77,-7.00,-3.35,0.1065,-0.2001,6948.88,0.0,87.80,83.10,85.04,80.14,6.90032,41.7987,35.5924,31.5575,29.3084,28.2341,27.6748,27.1933,26.8541,26.5187,26.1874,25.8599,25.4078,24.9002,23.9746,22.2286,19.6214,16.5774,9.97107
14.247,0.4027,0.0000,0.0000,4,93.48,-7.11,-3.27,0.1172,-0.1981,6928.08,0.0,87.49,82.80,84.78,79.91,6.81725,42.1364,35.8698,31.7981,29.5287,28.4455,27.8816,27.3961,27.0539,26.7156,26.3813,26.0509,25.5951,25.0836,24.1509,22.3904,19.7642,16.6989,10.0509
14.266,0.4040,0.0000,0.0000,4,93.18,-7.17,-3.14,0.1275,-0.1961,6906.64,0.0,87.20,82.50,84.51,79.66,6.73501,42.4863,36.1583,32.0481,29.7583,28.6649,28.0964,27.6068,27.2618,26.9205,26.5832,26.2499,25.7899,25.2738,24.3338,22.5588,19.9121,16.8238,10.1309
14.292,0.4053,0.0000,0.0000,4,92.88,-7.24,-3.04,0.1376,-0.1941,6884.86,0.0,86.91,82.21,84.25,79.41,6.65308,42.8472,36.4563,32.3064,29.9957,28.8919,28.3179,27.8241,27.4762,27.132,26.7918,26.4555,25.9914,25.4705,24.522,22.7325,20.064,16.9514,10.2109
14.311,0.4066,0.0000,0.0000,4,92.58,-7.32,-2.96,0.1474,-0.1927,6863.08,0.0,86.62,81.94,83.98,79.16,6.57224,43.2149,36.7601,32.57,30.2374,29.1235,28.5439,28.0453,27.6941,27.347,27.0039,26.6647,26.1965,25.671,24.7137,22.909,20.2176,17.0798,10.29
14.330,0.4079,0.0000,0.0000,4,92.29,-7.43,-2.91,0.1569,-0.1924,6841.36,0.0,86.33,81.66,83.72,78.91,6.49248,43.5909,37.0708,32.8399,30.4844,29.3605,28.7755,28.2721,27.9175,27.5669,27.2205,26.8784,26.4061,25.876,24.91,23.089,20.3739,17.2103,10.3688
14.348,0.4093,0.0000,0.0000,4,91.99,-7.56,-2.88,0.1663,-0.1919,6819.74,0.0,86.03,81.39,83.45,78.66,6.41397,43.9739,37.3876,33.1148,30.7364,29.6018,29.0115,28.5034,28.1453,27.7914,27.4416,27.096,26.6192,26.0845,25.1098,23.2716,20.5329,17.3426,10.4476
14.367,0.4106,0.0000,0.0000,4,91.70,-7.61,-2.82,0.1755,-0.1911,6798.4,0.0,85.72,81.13,83.15,78.45,6.33857,44.3464,37.6946,33.3801,30.9797,29.8339,29.2383,28.7258,28.3646,28.0074,27.6544,27.3056,26.8243,26.2844,25.3016,23.4471,20.6854,17.4692,10.5235
14.392,0.4119,0.4500,0.0000,4,91.41,-7.55,-2.73,0.1846,-0.1896,6777.36,0.0,85.35,80.89,82.83,78.28,6.26743,44.6924,37.9775,33.6235,31.2019,30.046,29.4449,28.928,28.5639,28.2039,27.848,27.4963,27.0109,26.4664,25.4751,23.6064,20.8234,17.5839,10.5943
14.410,0.4130,0.6975,0.0000,4,91.33,-7.50,-2.64,0.1936,-0.1878,7062.88,0.0,85.07,80.68,83.92,83.92,6.19772,45.0339,38.2562,33.8633,31.4203,30.2548,29.6485,29.127,28.7597,28.3967,28.0381,27.6837,27.1944,26.6455,25.6459,23.7628,20.9587,17.6962,10.6637
14.429,0.4137,0.8336,0.0000,4,91.38,-7.49,-2.58,0.2024,-0.1855,7221.01,0.0,84.94,80.62,85.76,85.76,6.13051,45.3604,38.521,34.0902,31.6264,30.4517,29.8406,29.3148,28.9444,28.5784,28.2168,27.8596,27.3669,26.8139,25.8066,23.9094,21.0851,17.8013,10.7297
14.448,0.4141,0.9085,0.0000,4,91.55,-7.53,-2.55,0.2110,-0.1838,7371.42,0.0,84.93,80.65,87.54,87.54,6.06473,45.6815,38.7807,34.3116,31.8277,30.6434,30.0277,29.4979,29.1246,28.7556,28.3911,28.031,27.5343,26.9774,25.9628,24.0513,21.2078,17.9033,10.7935
14.466,0.4141,0.9497,0.0000,4,91.80,-7.63,-2.53,0.2195,-0.1826,7496.44,0.0,85.02,80.77,89.03,89.03,6.0005,46.0002,39.0377,34.5303,32.0262,30.832,30.2115,29.6778,29.3017,28.93,28.5626,28.1997,27.699,27.1377,26.1161,24.1906,21.3281,18.003,10.8559
14.492,0.4137,0.9723,0.0000,4,92.12,-7.77,-2.53,0.2278,-0.1810,7596.71,0.0,85.18,80.95,90.24,90.24,5.93859,46.312,39.288,34.7428,32.2185,31.0148,30.3892,29.8513,29.4725,29.0981,28.7281,28.3624,27.8581,27.2924,26.2631,24.3246,21.4432,18.0982,10.9158
14.510,0.4130,0.9848,0.0000,4,92.51,-7.88,-2.50,0.2359,-0.1789,7645.46,0.0,85.37,81.20,90.84,90.84,5.88064,46.5999,39.5161,34.9347,32.3909,31.1786,30.5483,30.0063,29.6247,29.2477,28.8753,28.5072,27.9995,27.4299,26.3934,24.4429,21.5444,18.1817,10.9703
14.529,0.4120,0.9916,0.0000,4,92.92,-7.88,-2.43,0.2438,-0.1758,7676.54,0.0,85.59,81.54,91.21,91.21,5.82836,46.8434,39.7034,35.0889,32.5276,31.3078,30.6736,30.1281,29.744,29.3646,28.9898,28.6197,28.1092,27.5365,26.4941,24.5334,21.6211,18.2453,11.0162
14.548,0.4108,0.9954,0.0000,4,93.34,-7.84,-2.36,0.2515,-0.1723,7716.84,0.0,85.87,81.93,91.68,91.68,5.77936,47.0661,39.8717,35.2249,32.6475,31.4202,30.7824,30.2339,29.8476,29.466,29.089,28.7167,28.2034,27.628,26.5805,24.6102,21.6858,18.2991,11.0575
14.566,0.4094,0.9975,0.0000,4,93.75,-7.82,-2.30,0.2589,-0.1684,7771.07,0.0,86.19,82.33,92.31,92.31,5.73247,47.2806,40.0323,35.3537,32.7604,31.5255,30.8843,30.3329,29.9445,29.5608,29.1817,28.8073,28.2912,27.7129,26.6606,24.6809,21.7455,18.3487,11.096
14.592,0.4079,0.9986,0.0000,4,94.15,-7.83,-2.28,0.2662,-0.1654,7835.97,0.0,86.54,82.71,93.08,93.08,5.6863,47.5016,40.1984,35.4873,32.8775,31.6349,30.9896,30.4352,30.0447,29.659,29.2778,28.9014,28.3824,27.8008,26.7434,24.7544,21.8071,18.3995,11.1342
14.611,0.4063,0.9992,0.0000,4,94.56,-7.90,-2.26,0.2732,-0.1630,7902.64,0.0,86.92,83.08,93.87,93.87,5.64011,47.7406,40.3795,35.6346,33.0069,31.7564,31.1069,30.5488,30.156,29.768,29.3847,29.0062,28.4842,27.8991,26.8355,24.8366,21.8758,18.4555,11.1736
14.630,0.4047,0.9996,0.0000,4,94.99,-8.01,-2.24,0.2800,-0.1607,7955.33,0.0,87.32,83.44,94.52,94.52,5.5938,48.0015,40.5795,35.7984,33.1514,31.8926,31.2387,30.6767,30.2811,29.8905,29.5048,29.124,28.5988,28.0102,26.9398,24.9297,21.9533,18.5178,11.2146
14.648,0.4029,0.9998,0.0000,4,95.45,-8.08,-2.18,0.2866,-0.1584,7965.97,0.0,87.72,83.81,94.66,94.66,5.54889,48.2671,40.7834,35.9647,33.2985,32.0308,31.3726,30.8067,30.4084,30.015,29.6266,29.2432,28.7149,28.1226,27.0456,25.0235,22.031,18.5799,11.2546
14.667,0.4014,0.9999,0.0000,4,95.89,-8.09,-2.08,0.2930,-0.1559,7987.4,0.0,88.15,84.24,94.90,94.90,5.50514,48.5359,40.9897,36.1331,33.4473,32.1702,31.5075,30.9379,30.5369,30.1409,29.7498,29.3637,28.8317,28.2358,27.1522,25.1175,22.1088,18.6416,11.2937
14.691,0.3999,0.9999,0.0000,4,96.32,-8.15,-2.00,0.2992,-0.1534,8031.13,0.0,88.57,84.64,95.41,95.41,5.4614,48.8324,41.2116,36.3155,33.6089,32.322,31.6542,31.0807,30.6769,30.2781,29.8842,29.4954,28.9595,28.3593,27.2687,25.2207,22.1942,18.7092,11.3339
14.710,0.3982,0.9999,0.0000,4,96.74,-8.27,-1.95,0.3051,-0.1514,8095.38,0.0,88.99,85.01,96.16,96.16,5.4177,49.1764,41.4512,36.5138,33.785,32.488,31.8148,31.2366,30.8298,30.4281,30.0314,29.6397,29.0998,28.495,27.3964,25.3344,22.2883,18.7832,11.3758
14.730,0.3965,1.0000,0.0000,4,97.15,-8.45,-1.93,0.3109,-0.1506,8168.1,0.0,89.39,85.37,97.02,97.02,5.37344,49.5782,41.7138,36.7323,33.9795,32.6719,31.9931,31.4099,30.9996,30.5945,30.1947,29.8,29.2559,28.6462,27.5386,25.4612,22.3933,18.8653,11.4201
14.748,0.3944,1.0000,0.0000,4,97.56,-8.69,-1.92,0.3165,-0.1501,8242.21,0.0,89.79,85.70,97.90,97.90,5.32894,50.0448,42.0007,36.9718,34.194,32.8745,32.1898,31.6014,31.1874,30.7786,30.3751,29.9769,29.4282,28.8135,27.6964,25.6018,22.5094,18.9557,11.4668
14.767,0.3926,1.0000,0.0000,4,98.01,-8.95,-1.88,0.3218,-0.1496,8279.61,0.0,90.19,86.04,98.38,98.38,5.28498,50.5729,42.3044,37.2264,34.4221,33.0899,32.3989,31.8053,31.3874,30.9748,30.5675,30.1655,29.6116,28.9915,27.8646,25.7512,22.6326,19.0511,11.5144
14.786,0.3908,1.0000,0.0000,4,98.46,-9.14,-1.80,0.3270,-0.1489,8303.3,0.0,90.57,86.41,98.65,98.65,5.24297,51.1405,42.6046,37.4777,34.6468,33.3019,32.6043,32.0053,31.5837,31.1674,30.7564,30.3507,29.7917,29.1658,28.0292,25.8971,22.7527,19.1436,11.5598
14.811,0.3890,1.0000,0.0000,4,98.89,-9.33,-1.72,0.3320,-0.1483,8347.19,0.0,90.97,86.80,99.16,99.16,5.20141,51.7744,42.9181,37.7405,34.8817,33.5242,32.8197,32.2147,31.7892,31.3691,30.9544,30.5449,29.9807,29.3488,28.2015,26.0504,22.8788,19.2405,11.606
14.830,0.3871,1.0000,0.0000,4,99.30,-9.58,-1.66,0.3368,-0.1477,8415.23,0.0,91.36,87.16,99.96,99.96,5.1603,52.4871,43.2488,38.018,35.1304,33.7595,33.0481,32.437,32.0071,31.5827,31.1639,30.7507,30.1811,29.5431,28.3844,26.2133,23.0127,19.3431,11.6535
14.848,0.3853,1.0000,0.0000,4,99.70,-9.88,-1.63,0.3414,-0.1483,8497.55,0.0,91.75,87.50,100.93,100.93,5.11925,16.3739,43.6031,38.3166,35.3986,34.0131,33.2945,32.6771,32.2427,31.8139,31.3906,30.9729,30.3975,29.7532,28.5827,26.3896,23.1574,19.4539,11.7034
14.868,0.3834,1.0000,0.0000,4,100.10,-10.25,-1.62,0.3458,-0.1493,8585.09,0.0,92.12,87.82,101.97,101.97,5.07776,14.6955,43.9905,38.641,35.6906,34.2894,33.5627,32.9388,32.4997,32.0661,31.6381,31.2157,30.6338,29.9824,28.7995,26.5821,23.3157,19.5746,11.7564
14.886,0.3816,1.0000,0.0000,4,100.52,-10.65,-1.59,0.3500,-0.1505,8653.16,0.0,92.49,88.12,102.81,102.81,5.0363,13.8466,44.4384,38.99,36.005,34.5877,33.8523,33.2209,32.7768,32.3383,31.9055,31.4782,30.8894,30.2302,29.0337,26.7907,23.4872,19.705,11.8119
14.911,0.3800,1.0000,0.0000,4,100.95,-11.02,-1.52,0.3540,-0.1517,8688.65,0.0,92.86,88.44,103.23,103.23,4.99613,13.2311,44.9351,39.3451,36.3252,34.8915,34.1475,33.5084,33.0589,32.6152,32.1774,31.7452,31.1497,30.4827,29.2716,27.0029,23.6614,19.8371,11.8669
14.930,0.3789,1.0000,0.0000,4,101.37,-11.37,-1.44,0.3578,-0.1530,8741.67,0.0,93.23,88.78,103.84,103.84,4.95617,12.7173,45.4986,39.7178,36.6615,35.2102,34.4575,33.8108,33.3557,32.9065,32.4632,32.0257,31.4231,30.7482,29.5223,27.2262,23.8448,19.9761,11.9235
14.948,0.3780,1.0000,0.0000,4,101.76,-11.78,-1.39,0.3615,-0.1544,8817.54,0.0,93.59,89.10,104.73,104.73,4.91636,12.2635,46.1425,40.1129,37.0185,35.5487,34.7863,34.1318,33.6711,33.2162,32.7672,32.3241,31.7136,31.0303,29.7892,27.4638,24.0398,20.1239,11.9828
14.968,0.3774,1.0000,0.0000,4,102.13,-12.25,-1.36,0.3651,-0.1567,8912.88,0.0,93.94,89.39,105.86,105.86,4.87672,11.8491,46.883,40.5349,37.4003,35.9115,35.139,34.4755,34.0089,33.5482,33.0934,32.6444,32.0257,31.333,30.0756,27.7189,24.2494,20.2824,12.0456
14.986,0.3769,1.0000,0.0000,4,102.50,-12.80,-1.34,0.3684,-0.1597,9017.82,0.0,94.27,89.66,107.10,107.10,4.83664,11.4606,47.7408,41.0016,37.8129,36.3039,35.5208,34.848,34.3747,33.9075,33.4464,32.9913,32.3641,31.6617,30.3862,27.9964,24.4776,20.4547,12.1125
15.012,0.3765,1.0000,0.0000,4,102.87,-13.39,-1.32,0.3716,-0.1631,9111.44,0.0,94.59,89.90,108.23,108.23,4.79631,11.0949,48.7332,41.5476,38.2574,36.7263,35.9321,35.2498,34.7695,34.2954,33.8274,33.3654,32.7292,32.0166,30.722,28.2966,24.7247,20.6414,12.1835
15.029,0.3762,1.0000,0.0000,4,103.26,-13.96,-1.26,0.3746,-0.1664,9169.89,0.0,94.90,90.14,108.93,108.93,4.75673,10.7608,49.8545,42.1666,38.7195,37.166,36.3598,35.6674,35.1803,34.6991,34.224,33.7551,33.109,32.3856,31.0717,28.6088,24.9817,20.8354,12.256
15.048,0.3819,1.0000,0.0000,4,103.62,-14.54,-1.18,0.3775,-0.1700,9243.66,0.0,95.22,90.40,109.80,109.80,4.71715,10.4459,51.1396,42.8779,39.2168,37.6312,36.8127,36.1095,35.6147,35.1263,34.644,34.168,33.5118,32.7768,31.4423,28.9399,25.2542,21.0412,12.332
15.068,0.3989,1.0000,0.0000,4,103.96,-15.18,-1.13,0.3803,-0.1738,9340.09,0.0,95.50,90.62,110.93,110.93,4.67734,10.1442,52.6279,43.7018,39.7944,38.1285,37.2968,36.5825,36.0797,35.5833,35.0932,34.6095,33.9429,33.196,31.8391,29.2955,25.5473,21.262,12.4132
15.086,0.4008,1.0000,0.0000,4,104.27,-15.90,-1.11,0.3829,-0.1787,9457.91,0.0,95.72,90.75,112.32,112.32,4.63729,9.85203,54.3679,44.6627,40.4723,38.6961,37.8214,37.0919,36.5808,36.0761,35.5777,35.0856,34.4076,33.6482,32.268,29.6798,25.8646,21.5014,12.5002
15.111,0.3336,1.0000,0.0000,5,104.56,-16.70,-1.09,0.3854,-0.1843,9578.67,0.0,95.94,90.87,113.76,113.76,4.59693,9.56754,56.4233,45.7904,41.2709,39.368,38.4335,37.6575,37.1254,36.61,36.1029,35.6022,34.9119,34.1386,32.7337,30.0973,26.2099,21.7625,12.5939
15.130,0.3002,1.0000,0.0000,5,104.77,-17.46,-1.07,0.3877,-0.1901,8609.32,0.0,96.35,91.20,105.41,104.96,4.55698,9.29878,58.8225,47.0886,42.1892,40.1415,39.1392,38.3084,37.7396,37.1902,36.6594,36.146,35.4434,34.6558,33.2243,30.5379,26.5741,22.0378,12.6916
15.148,0.2702,1.0000,0.0000,5,104.73,-17.88,-1.01,0.3901,-0.1944,8618.54,0.0,96.64,91.59,99.64,97.65,4.52204,9.08748,61.3339,48.4019,43.1023,40.9043,39.832,38.9449,38.3385,37.7536,37.189,36.6438,35.9114,35.1098,33.6546,30.9232,26.8913,22.2757,12.7754
15.168,0.2432,1.0000,0.0000,5,104.48,-18.03,-0.97,0.3925,-0.1971,7212.02,0.0,96.72,91.92,96.95,94.03,4.49221,8.93016,63.8767,49.6783,43.9701,41.6209,40.4787,39.5356,38.892,38.2719,37.674,37.0973,36.3235,35.4842,34.0055,31.2356,27.1467,22.4656,12.8423
15.186,0.2189,1.0000,0.0000,5,104.32,-18.11,-0.94,0.3950,-0.1987,7662.53,0.0,96.65,92.15,101.19,101.19,4.46484,8.80081,66.5692,50.9839,44.8434,42.3366,41.1219,40.1212,39.4392,38.7829,38.151,37.5421,36.7262,35.8426,34.3122,31.5075,27.3676,22.6292,12.9
15.211,0.1970,1.0000,0.0000,5,104.33,-18.23,-0.93,0.3976,-0.2008,7858.44,0.0,96.64,92.33,103.84,103.84,4.43764,8.67855,69.6007,52.4155,45.7933,43.1132,41.8195,40.7559,40.0323,39.3369,38.6681,38.0245,37.1634,36.2322,34.6239,31.7746,27.5841,22.7894,12.9569
15.230,0.1773,1.0000,0.0000,5,104.43,-18.39,-0.92,0.4003,-0.2030,7989.96,0.0,96.73,92.52,105.61,105.61,4.41006,8.55699,73.1137,54.0312,46.8586,43.9834,42.6011,41.4674,40.6976,39.9587,39.2492,38.5672,37.6562,36.6728,34.9786,32.0499,27.8078,22.9548,13.0155
15.248,0.1595,1.0000,0.0000,5,104.59,-18.57,-0.89,0.4030,-0.2050,8069.14,0.0,96.88,92.74,106.70,106.70,4.38186,8.43837,77.1855,55.8431,48.042,44.9476,43.4665,42.2548,41.4337,40.6468,39.8923,39.1682,38.2024,37.1618,35.374,32.3277,28.0338,23.122,13.075
15.268,0.1436,1.0000,0.0000,5,104.80,-18.69,-0.85,0.4059,-0.2066,8113.87,0.0,97.07,93.01,107.30,107.30,4.35442,8.33123,16.1787,57.8148,49.3104,45.9751,44.3862,43.09,42.2133,41.3747,40.5718,39.8024,38.7779,37.6765,35.7894,32.5926,28.2453,23.2782,13.1307
15.285,0.1292,1.0000,0.0000,5,105.04,-18.77,-0.80,0.4088,-0.2075,8148.75,0.0,97.28,93.33,107.77,107.77,4.32777,8.2355,15.0022,59.9523,50.6619,47.0626,45.3566,43.9689,43.0325,42.1382,41.2834,40.4657,39.3787,38.2126,36.2207,32.8633,28.4388,23.4207,13.1821
15.311,0.1163,1.0000,0.0000,5,105.30,-18.82,-0.77,0.4117,-0.2078,8181.03,0.0,97.50,93.67,108.19,108.19,4.30236,8.15189,14.3535,62.255,52.0898,48.2027,46.37,44.884,43.8835,42.9298,42.0198,41.1506,39.9976,38.7632,36.6614,33.1373,28.6104,23.546,13.2276
15.329,0.1047,1.0000,0.0000,5,105.57,-18.83,-0.77,0.4148,-0.2082,8216.0,0.0,97.73,94.04,108.65,108.65,4.27823,8.08001,13.9174,64.7298,53.5914,49.3913,47.4222,45.8308,44.7619,43.745,42.7764,41.853,40.6302,39.3243,37.1079,33.4114,28.7581,23.6525,13.2667
15.348,0.0942,1.0000,0.0000,5,105.85,-18.82,-0.77,0.4179,-0.2080,8251.58,0.0,97.97,94.41,109.13,109.13,4.25576,8.01938,13.6069,67.4009,55.1755,50.6339,48.5174,46.8128,45.6707,44.5864,43.5556,42.5746,41.2783,39.8972,37.5609,33.6862,28.8826,23.741,13.2993
15.367,0.0848,1.0000,0.0000,5,106.17,-18.73,-0.76,0.4210,-0.2072,8268.15,0.0,98.22,94.80,109.36,109.36,4.23433,7.9694,13.3865,70.2803,56.8409,51.9277,49.6524,47.8264,46.6064,45.4504,44.3537,43.3119,41.9382,40.4784,38.0173,33.959,28.9826,23.8109,13.3257
15.392,0.0763,1.0000,0.0000,5,106.52,-18.56,-0.73,0.4243,-0.2056,8277.83,0.0,98.50,95.23,109.49,109.49,4.21414,7.93139,13.2468,73.3554,58.5702,53.2561,50.8114,48.8569,47.5545,46.3232,45.1575,44.0522,42.598,41.0566,38.4672,34.2222,29.0589,23.8587,13.3449
15.410,0.0687,1.0000,0.0000,5,106.87,-18.33,-0.71,0.4276,-0.2035,8292.32,0.0,98.80,95.68,109.67,109.67,4.19451,7.90082,13.1541,77.1014,60.4085,54.6543,52.0256,49.9322,48.5415,47.2295,45.9902,44.8175,43.2781,41.6507,38.9268,34.4883,29.1337,23.8918,13.3594
15.429,0.0618,1.0000,0.0000,5,107.23,-18.09,-0.70,0.4309,-0.2011,8312.09,0.0,99.12,96.11,109.94,109.94,4.17539,7.87565,13.0954,83.6321,62.3871,56.1444,53.3138,51.0692,49.5826,48.1835,46.8648,45.6197,43.9893,42.2704,39.4044,34.7634,29.2117,23.9132,13.3703
15.448,0.0556,1.0000,0.0000,5,107.60,-17.83,-0.69,0.4343,-0.1989,8332.98,0.0,99.45,96.54,110.21,110.21,4.15661,7.85406,13.0622,165.815,64.5374,57.7476,54.6937,52.2828,50.6914,49.1976,47.7928,46.4695,44.741,42.924,39.9066,35.0522,29.296,23.9256,13.3783
15.467,0.0501,1.0000,0.0000,5,107.98,-17.55,-0.69,0.4378,-0.1964,8349.55,0.0,99.80,96.97,110.44,110.44,4.13826,7.83634,13.0532,159.002,66.8828,59.4773,56.1755,53.5813,51.8749,50.2776,48.7792,47.3712,45.5367,43.6144,40.4355,35.3559,29.387,23.9291,13.3835
15.492,0.0451,1.0000,0.0000,5,108.39,-17.22,-0.67,0.4414,-0.1934,8349.46,0.0,100.15,97.41,110.44,110.44,4.12031,7.8246,13.0785,152.575,69.4112,61.3184,57.7437,54.9495,53.1183,51.409,49.81,48.311,46.3636,44.3295,40.9802,35.6659,29.4792,23.92,13.3848
15.510,0.0406,1.0000,0.0000,5,108.82,-16.82,-0.64,0.4450,-0.1898,8348.03,0.0,100.52,97.88,110.42,110.42,4.10277,7.82009,13.1464,146.549,72.205,63.2573,59.3844,56.3735,54.4081,52.5788,50.8723,49.2768,47.21,45.0583,41.5313,35.9752,29.5679,23.8956,13.3816
15.529,0.0365,1.0000,0.0000,5,109.25,-16.39,-0.61,0.4487,-0.1858,8350.46,0.0,100.89,98.36,110.45,110.45,4.08574,7.82258,13.2581,140.882,76.1956,65.3073,61.1078,57.8613,55.7509,53.7929,51.9716,50.2733,48.0798,45.8043,42.0915,36.2857,29.6544,23.8571,13.3741
15.548,0.0328,1.0000,0.0000,5,109.69,-15.94,-0.60,0.4525,-0.1816,8357.54,0.0,101.27,98.85,110.54,110.54,4.0694,7.83205,13.422,135.555,85.5541,67.4697,62.9126,59.4109,57.1443,55.0483,53.1045,51.2971,48.97,46.5643,42.6579,36.5951,29.7377,23.8044,13.3622
15.566,0.0296,1.0000,0.0000,5,110.14,-15.45,-0.60,0.4564,-0.1773,8366.16,0.0,101.66,99.34,110.66,110.66,4.05386,7.84829,13.6451,130.538,158.758,69.7973,64.8059,61.0272,58.5922,56.3481,54.2736,52.3503,49.882,47.3396,43.2314,36.9042,29.8182,23.746,13.3462
15.592,0.0503,1.0000,0.0000,5,110.61,-14.94,-0.59,0.4603,-0.1725,8368.16,0.0,102.05,99.84,110.69,110.69,4.03923,7.87259,13.9455,125.82,153.56,72.8757,66.7843,62.7053,60.0894,57.6872,55.4737,53.4278,50.8107,48.1254,43.8078,37.21,29.8941,23.6853,13.3257
15.611,0.0968,1.0000,0.0000,5,111.10,-14.35,-0.58,0.4642,-0.1671,8359.35,0.0,102.39,100.28,110.58,110.58,4.02542,7.9069,14.3674,121.427,148.73,77.9861,68.8844,64.4171,61.6095,59.0406,56.6815,54.5077,51.7366,48.9041,44.3728,37.5026,29.96,23.6194,13.3002
15.630,0.1497,1.0000,0.0000,5,111.59,-13.71,-0.56,0.4682,-0.1612,8352.91,0.0,102.62,100.62,110.49,110.49,4.01221,7.94991,14.9664,117.296,144.197,158.271,71.6602,66.1865,63.1739,60.4279,57.9148,55.6066,52.6743,49.6888,44.9373,37.79,30.0211,23.5517,13.271
15.648,0.1927,1.0000,0.0000,5,112.08,-13.05,-0.55,0.4723,-0.1550,8349.87,0.0,102.81,100.87,110.45,110.45,3.99918,7.99848,15.879,113.346,139.877,153.702,76.2831,68.1901,64.8261,61.8882,59.2094,56.757,53.6527,50.505,45.5219,38.087,30.0868,23.4881,13.24
15.667,0.2200,1.0000,0.0000,5,112.56,-12.37,-0.55,0.4764,-0.1492,8349.63,0.0,103.00,101.11,110.44,110.44,3.98618,8.04999,17.6688,109.508,135.698,149.285,156.759,71.0396,66.6564,63.4662,60.6049,57.9947,54.7033,51.3801,46.1483,38.4079,30.1658,23.4335,13.2086
15.692,0.2209,1.0000,0.0000,5,113.04,-11.70,-0.55,0.4806,-0.1433,8350.02,0.0,103.25,101.38,110.45,110.45,3.97297,8.10258,18.8663,105.725,131.601,144.96,152.299,76.3367,69.1681,65.2141,62.1444,59.358,55.8588,52.3419,46.8379,38.7671,30.2663,23.3926,13.1778
15.710,0.2026,1.0000,0.0000,5,113.52,-11.03,-0.54,0.4849,-0.1373,8343.43,0.0,103.61,101.75,110.37,110.37,3.95925,8.15611,19.4558,101.978,127.568,140.708,147.917,154.363,73.3772,67.4757,63.8554,60.8705,57.1387,53.4064,47.6019,39.1707,30.3916,23.367,13.1478
15.729,0.1824,1.0000,0.0000,5,114.00,-10.37,-0.53,0.4891,-0.1312,8337.83,0.0,104.12,102.27,110.29,110.29,3.9451,8.21158,19.7309,98.2755,123.614,136.544,143.627,149.957,154.562,71.004,65.9098,62.5394,58.5472,54.5757,48.4407,39.618,30.5406,23.3561,13.1187
15.748,0.1641,1.0000,0.0000,5,114.48,-9.71,-0.52,0.4934,-0.1250,8335.6,0.0,104.69,102.86,110.26,110.26,3.93075,8.26917,19.8181,94.6093,119.733,132.464,139.427,145.643,150.163,154.754,68.9647,64.4501,60.0995,55.8614,49.3614,40.1121,30.7147,23.3605,13.09
15.767,0.1477,1.0000,0.0000,5,114.96,-9.07,-0.52,0.4977,-0.1190,8336.19,0.0,105.29,103.48,110.27,110.27,3.91644,8.32897,19.7847,90.9725,115.922,128.463,135.31,141.418,145.857,150.364,75.3272,67.1521,61.8114,57.2751,50.371,40.6562,30.9151,23.3806,13.0618
15.792,0.1329,1.0000,0.0000,5,115.45,-8.45,-0.51,0.5020,-0.1131,8338.21,0.0,105.88,104.10,110.29,110.29,3.90244,8.39218,19.6717,87.3591,112.183,124.545,131.281,137.284,141.644,146.069,150.565,71.9627,63.8408,58.8277,51.4754,41.2522,31.142,23.4164,13.0335
15.810,0.1196,1.0000,0.0000,5,115.96,-7.84,-0.51,0.5063,-0.1071,8339.86,0.0,106.46,104.71,110.31,110.31,3.8889,8.46096,19.5106,83.7734,108.527,120.72,127.35,133.254,137.538,141.885,146.298,150.784,66.8149,60.5226,52.6745,41.8983,31.3937,23.4667,13.0045
15.830,0.1077,1.0000,0.0000,5,116.47,-7.25,-0.51,0.5105,-0.1008,8341.79,0.0,107.02,105.32,110.34,110.34,3.87602,8.53844,19.3289,80.2356,104.981,117.017,123.547,129.355,133.567,137.84,142.176,146.58,72.6441,62.4833,53.9576,42.5858,31.665,23.5286,12.9741
15.848,0.0969,1.0000,0.0000,5,116.99,-6.66,-0.50,0.5146,-0.0942,8345.6,0.0,107.56,105.92,110.39,110.39,3.86461,8.62876,19.1518,76.779,101.584,113.476,119.911,125.629,129.774,133.975,138.237,142.565,148.744,65.2262,55.3015,43.299,31.9469,23.5974,12.941
15.867,0.0872,1.0000,0.0000,5,117.51,-6.07,-0.50,0.5185,-0.0873,8350.87,0.0,108.09,106.52,110.46,110.46,3.8554,8.73599,18.9886,73.4165,98.352,110.11,116.457,122.091,126.172,130.305,134.498,138.754,144.828,70.0079,56.6898,44.0274,32.2336,23.67,12.9043
15.892,0.0785,1.0000,0.0000,5,118.05,-5.50,-0.50,0.5223,-0.0805,8357.62,0.0,108.61,107.13,110.55,110.55,3.84891,8.86438,18.8426,70.1494,95.2949,106.931,113.195,118.749,122.77,126.84,130.968,135.156,141.131,148.132,58.1073,44.7613,32.5205,23.7442,12.8635
15.910,0.0706,1.0000,0.0000,5,118.59,-4.93,-0.49,0.5259,-0.0732,8365.97,0.0,109.12,107.73,110.65,110.65,3.84563,9.01977,18.7175,66.9807,92.4226,103.945,110.132,115.612,119.576,123.587,127.654,131.778,137.66,144.55,59.6404,45.4893,32.8019,23.8174,12.8178
15.929,0.0636,1.0000,0.0000,5,119.13,-4.38,-0.48,0.5293,-0.0654,8378.9,0.0,109.61,108.33,110.82,110.82,3.84599,9.19059,18.6127,63.8957,89.735,101.152,107.266,112.676,116.586,120.543,124.551,128.616,134.412,141.198,61.5814,46.2035,33.0743,23.8879,12.7668
15.948,0.0572,1.0000,0.0000,5,119.68,-3.86,-0.49,0.5322,-0.0572,8392.98,0.0,110.10,108.92,111.01,111.01,3.85106,9.34716,18.5359,60.9135,87.2518,98.568,104.614,109.958,113.819,117.724,121.678,125.688,131.402,138.092,64.2363,46.8846,33.3287,23.9514,12.7127
15.967,0.0515,1.0000,0.0000,5,120.23,-3.36,-0.48,0.5348,-0.0484,8408.66,0.0,110.59,109.52,111.22,111.22,3.86188,9.49285,18.4903,58.0321,84.9817,96.2005,102.182,107.464,111.278,115.135,119.04,122.997,128.637,135.238,68.9717,47.5174,33.5585,24.0048,12.6606
15.991,0.0464,1.0000,0.0000,5,120.79,-2.89,-0.47,0.5368,-0.0395,8426.84,0.0,111.07,110.12,111.45,111.45,3.8793,9.62927,18.47,55.1831,82.9055,94.0291,99.9479,105.172,108.942,112.753,116.611,120.521,126.091,132.609,145.325,48.1004,33.7637,24.0483,12.6104
16.010,0.0417,1.0000,0.0000,5,121.35,-2.46,-0.45,0.5382,-0.0303,8448.06,0.0,111.56,110.71,111.73,111.73,3.90396,9.75779,18.4711,52.436,81.0086,92.0364,97.8953,103.063,106.792,110.56,114.373,118.238,123.743,130.185,142.749,48.6321,33.9447,24.0824,12.562
16.028,0.0375,1.0000,0.0000,5,121.91,-2.09,-0.44,0.5390,-0.0206,8478.87,0.0,112.05,111.28,112.13,112.13,3.93667,9.87953,18.4883,50.2822,79.2639,90.1951,95.9951,101.108,104.797,108.525,112.297,116.119,121.563,127.933,140.355,49.1178,34.1043,24.1082,12.5153
16.048,0.0338,1.0000,0.0000,5,122.47,-1.77,-0.44,0.5390,-0.0106,8508.66,0.0,112.53,111.84,112.53,112.53,3.97847,9.99546,18.519,48.6035,77.6546,88.4873,94.2292,99.2904,102.941,106.629,110.361,114.142,119.528,125.83,138.121,49.5596,34.2439,24.1265,12.4702
16.066,0.0304,1.0000,0.0000,5,123.03,-1.49,-0.43,0.5381,-0.0001,8539.07,0.0,113.03,112.41,112.93,112.93,4.03061,10.1078,18.5655,47.3048,76.1801,86.9109,92.5961,97.6064,101.22,104.87,108.564,112.307,117.638,123.875,136.041,49.9509,34.3609,24.1358,12.4259
16.092,0.0274,1.0000,0.0000,5,123.60,-1.25,-0.41,0.5362,0.0102,8570.58,0.0,113.52,112.97,113.35,113.35,4.09404,10.218,18.6269,46.2981,74.8278,85.453,91.0817,96.0414,99.6184,103.233,106.89,110.596,115.874,122.051,134.1,50.2925,34.4557,24.1364,12.3822
16.110,0.0246,1.0000,0.0000,5,124.17,-1.04,-0.38,0.5334,0.0208,8603.59,0.0,114.02,113.53,113.78,113.78,4.1592,10.3265,18.7013,45.5161,73.5814,84.0982,89.6699,94.5803,98.1224,101.701,105.323,108.993,114.222,120.341,132.279,50.5884,34.5304,24.1289,12.3389
16.129,0.0222,1.0000,0.0000,5,124.72,-0.87,-0.36,0.5295,0.0315,8648.27,0.0,114.52,114.08,114.37,114.37,4.22127,10.431,18.7796,44.8749,72.4092,82.8148,88.3296,93.1917,96.6988,100.243,103.831,107.466,112.646,118.709,130.541,50.8622,34.5932,24.1174,12.2969
16.148,0.0200,1.0000,0.0000,5,125.30,-0.74,-0.30,0.5245,0.0425,8685.26,0.0,115.04,114.62,114.86,114.86,4.28077,10.5309,18.8554,44.3089,71.2795,81.5716,87.0297,91.8425,95.3155,98.8257,102.379,105.98,111.112,117.12,128.847,51.1756,34.6519,24.1052,12.2561
16.166,0.0180,1.0000,0.0000,5,125.87,-0.63,-0.25,0.5182,0.0536,8720.54,0.0,115.55,115.16,115.33,115.33,4.33805,10.6282,18.9346,43.8377,70.2075,80.3831,85.7843,90.5488,93.9875,97.4637,100.983,104.551,109.636,115.59,127.217,51.5319,34.7009,24.0896,12.2162
16.191,0.0162,1.0000,0.0000,5,126.45,-0.54,-0.21,0.5113,0.0547,8756.07,0.0,116.06,115.71,115.80,115.80,4.3938,10.7256,19.0241,43.4804,69.208,79.2649,84.6087,89.3243,92.7296,96.1725,99.659,103.194,108.234,114.136,125.665,51.9238,34.7338,24.0675,12.1762
16.210,0.0145,1.0000,0.0000,5,127.02,-0.47,-0.18,0.5045,0.0533,8792.86,0.0,116.56,116.25,116.28,116.28,4.44833,10.824,19.1254,43.2328,68.2815,78.2167,83.503,88.1709,91.5427,94.9529,98.4072,101.911,106.906,112.759,124.193,52.3505,34.7489,24.038,12.1359
16.229,0.0131,1.0000,0.0000,5,127.62,-0.39,-0.12,0.4978,0.0522,8818.04,0.0,117.07,116.81,116.62,116.62,4.50195,10.9243,19.2391,43.085,67.4238,77.235,82.4636,87.0841,90.4231,93.8013,97.2241,100.696,105.649,111.453,122.798,52.8209,34.7459,24.001,12.0951
16.247,0.0118,1.0000,0.0000,5,128.19,-0.33,-0.07,0.4914,0.0512,8860.46,0.0,117.58,117.36,117.17,117.17,4.55479,11.0264,19.3645,43.0262,66.629,76.3141,81.4851,86.0587,89.3652,92.7116,96.104,99.5459,104.457,110.214,121.472,53.3489,34.7256,23.9567,12.0538
16.267,0.0106,1.0000,0.0000,5,128.76,-0.27,-0.06,0.4851,0.0503,8913.83,0.0,118.10,117.89,117.87,117.87,4.60675,11.1286,19.4956,43.019,65.8731,75.431,80.5446,85.0713,88.3457,91.661,95.0228,98.4348,103.305,109.016,120.19,53.9787,34.6951,23.9085,12.0125
16.291,0.0095,1.0000,0.0000,5,129.33,-0.23,-0.07,0.4789,0.0494,8968.28,0.0,118.61,118.42,118.59,118.59,4.65785,11.2298,19.6269,43.0316,65.1362,74.5667,79.6224,84.1018,87.3441,90.6284,93.9594,97.3417,102.171,107.837,118.927,54.7863,34.6605,23.8589,11.9715
16.310,0.0086,1.0000,0.0000,5,129.91,-0.21,-0.09,0.4728,0.0486,9018.52,0.0,119.14,118.96,119.26,119.26,4.70807,11.3294,19.7571,43.0564,64.4125,73.7151,78.7127,83.1451,86.355,89.6079,92.9086,96.2613,101.05,106.67,117.677,55.8713,34.6235,23.8088,11.931
16.328,0.0077,1.0000,0.0000,5,130.50,-0.19,-0.10,0.4668,0.0479,9064.05,0.0,119.68,119.52,119.87,119.87,4.75774,11.4283,19.8881,43.0814,63.7036,72.8778,77.8172,82.2023,85.3801,88.6016,91.8717,95.1947,99.9424,105.517,116.441,57.4611,34.5831,23.7573,11.8906
16.348,0.0070,1.0000,0.0000,5,131.10,-0.17,-0.07,0.4609,0.0471,9104.71,0.0,120.23,120.07,120.41,120.41,4.80654,11.5256,20.0171,43.0557,63.0031,72.0487,76.9298,81.2674,84.4125,87.6028,90.8424,94.1354,98.8425,104.372,115.213,60.6024,34.5416,23.7059,11.8507
16.367,0.0063,1.0000,0.0000,5,131.70,-0.16,-0.05,0.4550,0.0464,9144.32,0.0,120.77,120.62,120.93,120.93,4.85496,11.6228,20.1481,42.9997,62.3186,71.2356,76.0582,80.3482,83.461,86.6201,89.8293,93.0923,97.7593,103.243,114.001,137.668,34.4954,23.6526,11.8108
16.391,0.0056,1.0000,0.0000,5,132.30,-0.15,-0.04,0.4492,0.0458,9184.36,0.0,121.31,121.17,121.46,121.46,4.90295,11.7205,20.2831,42.9261,61.6557,70.4444,75.2086,79.4509,82.5316,85.6595,88.8381,92.0722,96.698,102.137,112.813,136.324,34.4422,23.5965,11.7707
16.410,0.0051,1.0000,0.0000,5,132.91,-0.13,-0.01,0.4435,0.0452,9212.61,0.0,121.85,121.73,121.86,121.86,4.95067,11.8186,20.4213,42.8334,61.009,69.6699,74.3758,78.5707,81.6193,84.7158,87.8644,91.0687,95.6545,101.049,111.645,134.999,34.3834,23.5382,11.7306
16.428,0.0046,1.0000,0.0000,5,133.53,-0.11,0.05,0.4379,0.0447,9234.79,0.0,122.41,122.31,122.13,122.13,4.99826,11.9185,20.5668,42.7366,60.3885,68.9217,73.5701,77.7183,80.7345,83.8,86.9188,90.0937,94.6404,99.9904,110.507,133.71,34.3146,23.4756,11.69
16.447,0.0041,1.0000,0.0000,5,134.13,-0.09,0.10,0.4323,0.0443,9277.41,0.0,122.95,122.87,122.69,122.69,5.04574,12.0197,20.7176,42.6307,59.7865,68.1936,72.7841,76.8853,79.8696,82.9049,85.9938,89.1401,93.6471,98.9539,109.392,132.446,34.2383,23.4099,11.649
16.466,0.0037,1.0000,0.0000,5,134.73,-0.08,0.12,0.4267,0.0439,9329.84,0.0,123.50,123.42,123.37,123.37,5.09298,12.1212,20.871,42.509,59.1949,67.4768,72.0098,76.0643,79.0173,82.0213,85.0809,88.1982,92.666,97.9296,108.289,131.195,34.1576,23.3424,11.608
16.491,0.0033,1.0000,0.0000,5,135.33,-0.07,0.12,0.4212,0.0435,9386.93,0.0,124.04,123.97,124.13,124.13,5.13996,12.2225,21.0248,42.3664,58.6072,66.7643,71.24,75.2478,78.1688,81.1423,84.1722,87.2605,91.6892,96.9093,107.191,129.949,34.0748,23.2742,11.567
16.510,0.0030,1.0000,0.0000,5,135.93,-0.06,0.11,0.4157,0.0431,9440.5,0.0,124.59,124.53,124.84,124.84,5.18674,12.3237,21.1794,42.2058,58.0235,66.057,70.4754,74.4363,77.3255,80.2688,83.2687,86.3283,90.7174,95.8938,106.097,128.708,33.9899,23.2052,11.526
16.528,0.0027,1.0000,0.0000,5,136.54,-0.05,0.12,0.4102,0.0428,9486.33,0.0,125.16,125.10,125.45,125.45,5.2334,12.425,21.3348,42.028,57.4424,65.3531,69.7142,73.6287,76.4859,79.3983,82.3682,85.399,89.7487,94.8816,105.006,127.468,33.903,23.1354,11.485
16.547,0.0024,1.0000,0.0000,5,137.15,-0.05,0.12,0.4047,0.0425,9527.2,0.0,125.72,125.66,126.00,126.00,5.27976,12.5253,21.488,41.8285,56.8578,64.6462,68.9502,72.8176,75.643,78.5242,81.4643,84.4657,88.7759,93.8648,103.911,126.223,33.8169,23.0661,11.4442
16.566,0.0022,1.0000,0.0000,5,137.77,-0.05,0.12,0.3993,0.0421,9566.57,0.0,126.28,126.22,126.52,126.52,5.32615,12.6261,21.6432,41.6174,56.2768,63.9439,68.1908,72.0114,74.8048,77.6551,80.5651,83.5373,87.8073,92.8522,102.819,124.982,33.7281,22.9957,11.4033
16.591,0.0020,1.0000,0.0000,5,138.38,-0.05,0.13,0.3939,0.0418,9601.3,0.0,126.83,126.79,126.99,126.99,5.37249,12.7275,21.8006,41.3974,55.7013,63.2485,67.4383,71.2124,73.9738,76.7931,79.6731,82.6158,86.8463,91.8469,101.734,123.748,33.6358,22.9237,11.3622
16.609,0.0018,1.0000,0.0000,5,139.01,-0.04,0.16,0.3885,0.0416,9625.96,0.0,127.40,127.36,127.31,127.31,5.41867,12.8293,21.96,41.1682,55.1307,62.559,66.6922,70.4198,73.1494,75.9379,78.7874,81.7008,85.8918,90.8482,100.656,122.521,33.5456,22.8505,11.321
16.629,0.0016,1.0000,0.0000,5,139.62,-0.04,0.18,0.3831,0.0413,9664.89,0.0,127.96,127.93,127.81,127.81,5.46483,12.9314,22.1209,40.9283,54.5618,61.8719,65.9494,69.6301,72.3277,75.0853,77.9048,80.7892,84.94,89.8525,99.5807,121.297,33.4725,22.7764,11.2798
16.647,0.0014,1.0000,0.0000,5,140.22,-0.03,0.20,0.3777,0.0411,9709.6,0.0,128.52,128.48,128.40,128.40,5.511,13.0335,22.282,40.6753,53.9914,61.1847,65.2057,68.84,71.5055,74.2319,77.0213,79.8761,83.9868,88.8547,98.5034,120.07,33.4206,22.7019,11.2384
16.666,0.0013,1.0000,0.0000,5,140.82,-0.03,0.20,0.3724,0.0409,9758.0,0.0,129.07,129.04,129.04,129.04,5.55714,13.136,22.4445,40.4125,53.4225,60.4999,64.4649,68.0528,70.6863,73.3816,76.1408,78.9664,83.0367,87.8601,97.4285,118.845,33.3907,22.6265,11.197
16.691,0.0012,1.0000,0.0000,5,141.42,-0.03,0.19,0.3670,0.0407,9804.77,0.0,129.62,129.59,129.66,129.66,5.60326,13.2391,22.6091,40.1424,52.8562,59.8192,63.7285,67.2697,69.8715,72.536,75.2648,78.0604,82.0909,86.8696,96.3582,117.624,33.3846,22.5499,11.1554
16.710,0.0010,1.0000,0.0000,5,142.03,-0.03,0.18,0.3617,0.0405,9847.94,0.0,130.17,130.15,130.24,130.24,5.64939,13.3423,22.7742,39.8619,52.2886,59.138,62.9917,66.4865,69.0565,71.6897,74.3884,77.1542,81.1443,85.878,95.2857,116.4,33.4054,22.4728,11.1138
16.728,0.0009,1.0000,0.0000,5,142.63,-0.02,0.18,0.3564,0.0403,9888.6,0.0,130.72,130.70,130.78,130.78,5.69553,13.4454,22.9392,39.5704,51.7178,58.4545,62.2527,65.7016,68.2391,70.8411,73.5092,76.2455,80.1946,84.8837,94.2096,115.171,33.4568,22.3956,11.0721
16.747,0.0008,1.0000,0.0000,5,143.23,-0.02,0.17,0.3510,0.0401,9928.26,0.0,131.28,131.26,131.30,131.30,5.74166,13.5484,23.1037,39.2677,51.1438,57.7686,61.5117,64.9135,67.4193,69.9898,72.6272,75.3334,79.2414,83.8849,93.1289,113.937,33.543,22.3183,11.0304
16.767,0.0008,1.0000,0.0000,5,143.84,-0.02,0.17,0.3457,0.0399,9962.97,0.0,131.83,131.81,131.77,131.77,5.78775,13.6513,23.2679,38.9546,50.5668,57.0804,60.7681,64.1238,66.5971,69.1362,71.7426,74.4187,78.2855,82.883,92.0446,112.697,33.6683,22.241,10.9887
16.791,0.0007,1.0000,0.0000,5,144.44,-0.02,0.18,0.3403,0.0397,9997.32,0.0,132.38,132.37,132.22,132.22,5.83391,13.7544,23.4328,38.633,49.9884,56.3918,60.0241,63.3331,65.7742,68.2818,70.8574,73.5029,77.3285,81.8796,90.9574,111.453,33.8348,22.1631,10.9469
16.810,0.0006,1.0000,0.0000,5,145.04,-0.02,0.18,0.3350,0.0395,10036.8,0.0,132.94,132.92,132.74,132.74,5.87984,13.857,23.5968,38.3013,49.4068,55.7007,59.278,62.5407,64.9492,67.4251,69.9697,72.5847,76.3683,80.8732,89.867,110.205,34.0499,22.0854,10.9053
16.829,0.0006,1.0000,0.0000,5,145.64,-0.03,0.18,0.3297,0.0393,10078.4,0.0,133.49,133.47,133.28,133.28,5.92578,13.9596,23.7603,37.9611,48.8223,55.0075,58.53,61.746,64.1223,66.5662,69.0793,71.664,75.4057,79.8636,88.7727,108.951,34.3213,22.0075,10.8636
16.847,0.0005,1.0000,0.0000,5,146.24,-0.03,0.18,0.3243,0.0392,10120.9,0.0,134.03,134.01,133.85,133.85,5.97169,14.062,23.8939,37.6117,48.2342,54.3115,57.7792,60.9483,63.2921,65.704,68.1859,70.7397,74.439,78.8499,87.6733,107.69,34.6562,21.9297,10.8219
16.866,0.0004,1.0000,0.0000,5,146.83,-0.03,0.17,0.3190,0.0390,10163.4,0.0,134.58,134.56,134.41,134.41,6.01785,14.1656,23.9878,37.2587,47.6483,53.6188,57.0319,60.1549,62.4662,64.8461,67.2968,69.8197,73.4764,77.8401,86.5779,106.434,35.0599,21.8502,10.7798
16.892,0.0004,1.0000,0.0000,5,147.42,-0.03,0.15,0.3136,0.0389,10204.5,0.0,135.12,135.11,134.95,134.95,6.06418,14.2706,24.0473,36.9029,47.0657,52.9311,56.2901,59.3669,61.646,63.9942,66.4137,68.9056,72.5204,76.8368,85.489,105.184,35.5442,21.769,10.7375
16.910,0.0004,1.0000,0.0000,5,148.02,-0.03,0.14,0.3083,0.0388,10244.7,0.0,135.66,135.66,135.49,135.49,6.11046,14.3759,24.0737,36.5409,46.4827,52.2436,55.5492,58.5801,60.8268,63.1434,65.5315,67.9927,71.565,75.834,84.4006,103.934,36.1277,21.6875,10.6951
16.928,0.0003,1.0000,0.0000,5,148.61,-0.03,0.12,0.3030,0.0387,10284.2,0.0,136.21,136.20,136.01,136.01,6.15688,14.4818,24.0719,36.1727,45.8981,51.556,54.8079,57.7929,60.0075,62.2922,64.6489,67.0793,70.6091,74.8305,83.3109,102.682,36.8394,21.6168,10.6525
16.948,0.0003,1.0000,0.0000,5,149.20,-0.03,0.11,0.2976,0.0386,10323.0,0.0,136.75,136.75,136.52,136.52,6.20343,14.588,24.0445,35.7969,45.3106,50.8661,54.0644,57.0036,59.1861,61.4389,63.7642,66.1636,69.6507,73.824,82.217,101.424,37.7139,21.5625,10.6098
16.966,0.0003,1.0000,0.0000,5,149.79,-0.02,0.10,0.2923,0.0385,10361.3,0.0,137.29,137.29,137.03,137.03,6.25005,14.6944,23.9929,35.4138,44.7197,50.1734,53.3189,56.2121,58.3621,60.5831,62.8767,65.2452,68.6891,72.8141,81.1196,100.161,38.8132,21.5261,10.567
16.991,0.0002,1.0000,0.0000,5,150.44,-0.02,0.09,0.2864,0.0384,10403.3,0.0,137.89,137.89,137.58,137.58,6.30144,14.8117,23.9105,34.9844,44.0661,49.409,52.4958,55.3388,57.4531,59.639,61.8976,64.2316,67.6274,71.6995,79.9071,98.7641,40.4053,21.5083,10.5197
17.010,0.0002,1.0000,0.0000,5,151.09,-0.02,0.08,0.2805,0.0382,10445.4,0.0,138.48,138.48,138.14,138.14,6.35292,14.9292,23.804,34.5469,43.4085,48.6414,51.6702,54.4627,56.5414,58.6916,60.9154,63.2144,66.5627,70.5804,78.6898,97.3603,42.7054,21.5142,10.4724
17.035,0.0002,1.0000,0.0000,5,151.74,-0.03,0.06,0.2745,0.0381,10487.8,0.0,139.08,139.07,138.70,138.70,6.40458,15.0472,23.6759,34.1016,42.7476,47.8711,50.8419,53.5839,55.627,57.7417,59.9305,62.1945,65.4945,69.4578,77.4677,95.9497,47.0664,21.5453,10.4249
17.060,0.0002,1.0000,0.0000,6,152.38,-0.03,0.04,0.2686,0.0381,10530.9,0.0,139.67,139.66,139.27,139.27,6.45616,15.1584,23.5276,33.6484,42.083,47.098,50.0111,52.7028,54.71,56.7892,58.9423,61.1715,64.4228,68.3314,76.2411,94.5326,134.446,21.6043,10.3774
17.078,0.0002,1.0000,0.0000,6,152.60,-0.02,0.02,0.2627,0.0380,9652.41,0.0,140.13,140.13,134.73,134.74,6.50823,15.2423,23.3632,33.1927,41.4206,46.3292,49.1849,51.8267,53.7983,55.8421,57.9601,60.1544,63.3573,67.2111,75.02,93.1215,132.645,21.6897,10.3294
17.104,0.0001,1.0000,0.0000,6,152.43,-0.01,-0.02,0.2568,0.0380,9657.48,0.0,140.09,140.09,134.44,134.44,6.56043,15.2988,23.186,32.7383,40.7666,45.5707,48.3705,50.9631,52.8998,54.9086,56.9918,59.1515,62.3066,66.1063,73.8162,91.7291,130.878,21.8013,10.281
17.123,0.0001,1.0000,0.0000,6,152.26,-0.00,-0.06,0.2509,0.0380,9311.92,0.0,139.93,139.93,134.38,134.37,6.61257,15.3286,22.9946,32.2802,40.1139,44.8152,47.5596,50.1035,52.0052,53.9798,56.0283,58.1536,61.2608,65.0064,72.6167,90.3418,129.122,21.9438,10.2327
17.147,0.0001,1.0000,0.0000,6,152.54,0.00,-0.07,0.2450,0.0380,9626.59,0.0,139.96,139.96,138.85,138.85,6.66457,15.3339,22.7874,31.8148,39.4572,44.0567,46.7458,49.2412,51.108,53.0477,55.0616,57.1525,60.2113,63.9024,71.4125,88.9461,127.358,22.1211,10.1845
17.166,0.0001,1.0000,0.0000,6,153.10,-0.00,-0.07,0.2391,0.0379,9674.24,0.0,140.39,140.39,139.58,139.58,6.71643,15.316,22.5627,31.338,38.7906,43.288,45.9216,48.3681,50.2,52.1046,54.0833,56.1389,59.1491,62.7846,70.1926,87.5299,125.568,22.3375,10.1365
17.191,0.0001,1.0000,0.0000,6,153.68,-0.01,-0.07,0.2331,0.0379,9700.31,0.0,140.91,140.91,139.96,139.96,6.76832,15.2769,22.323,30.8523,38.1174,42.5131,45.0914,47.4885,49.2853,51.1544,53.0978,55.1181,58.0786,61.6578,68.9617,86.1001,123.764,22.5958,10.0886
17.210,0.0001,1.0000,0.0000,6,154.26,-0.01,-0.09,0.2272,0.0378,9726.72,0.0,141.43,141.43,140.34,140.34,6.8204,15.2186,22.0701,30.3601,37.4403,41.7351,44.258,46.6061,48.3672,50.2008,52.1087,54.0933,57.0039,60.5266,67.7254,84.6615,121.953,22.897,10.0405
17.235,0.0001,1.0000,0.0000,6,154.84,-0.01,-0.11,0.2212,0.0378,9757.57,0.0,141.95,141.95,140.78,140.78,6.87271,15.1431,21.8057,29.8625,36.7608,40.9556,43.4232,45.7225,47.4484,49.2464,51.1185,53.0674,55.9279,59.3937,66.4867,83.2187,120.142,23.2444,9.99326
17.254,0.0001,1.0000,0.0000,6,155.41,-0.01,-0.13,0.2152,0.0377,9792.92,0.0,142.48,142.47,141.28,141.28,6.92518,15.0516,21.5306,29.3598,36.0794,40.1751,42.5881,44.8384,46.5291,48.2916,50.1281,52.0412,54.8516,58.2597,65.246,81.7724,118.332,23.6428,9.95577
17.278,0.0001,1.0000,0.0000,6,155.96,-0.01,-0.20,0.2092,0.0377,9842.81,0.0,142.99,142.99,142.01,142.01,6.97518,14.9442,21.2437,28.85,35.3932,39.3904,41.7484,43.9498,45.6053,47.3322,49.1332,51.0098,53.7695,57.1195,63.9979,80.315,116.513,24.0974,9.9301
17.297,0.0001,1.0000,0.0000,6,156.53,-0.01,-0.25,0.2032,0.0377,9876.78,0.0,143.51,143.51,142.50,142.50,7.01329,14.8213,20.9454,28.3337,34.7023,38.6013,40.905,43.0579,44.6775,46.3687,48.1333,49.9737,52.6823,55.974,62.7428,78.8476,114.686,24.6157,9.91687
17.323,0.0000,1.0000,0.0000,6,157.10,-0.01,-0.27,0.1972,0.0376,9908.63,0.0,144.04,144.04,142.96,142.96,7.03909,14.6847,20.637,27.812,34.0086,37.8109,40.0598,42.1638,43.748,45.4035,47.1318,48.9361,51.5931,54.8258,61.4848,77.3749,112.856,25.2024,9.91565
17.341,0.0000,1.0000,0.0000,6,157.66,-0.01,-0.29,0.1912,0.0376,9940.57,0.0,144.56,144.56,143.42,143.42,7.05278,14.5351,20.319,27.2851,33.3118,37.0175,39.2124,41.2678,42.8166,44.4362,46.1282,47.8957,50.5013,53.6748,60.2222,75.8949,111.024,25.8665,9.92646
17.366,0.0000,1.0000,0.0000,6,158.23,-0.01,-0.31,0.1851,0.0376,9972.54,0.0,145.08,145.07,143.88,143.88,7.05513,14.373,19.992,26.7532,32.6124,36.2221,38.363,40.3699,41.8835,43.4671,45.1226,46.8535,49.4073,52.5208,58.9558,74.4087,109.189,26.6169,9.94963
17.385,0.0000,1.0000,0.0000,6,158.79,-0.01,-0.33,0.1791,0.0345,10005.2,0.0,145.59,145.59,144.35,144.35,7.04664,14.1985,19.6558,26.2159,31.9098,35.4245,37.5117,39.47,40.9482,42.4958,44.1151,45.8091,48.3106,51.364,57.6856,72.9162,107.352,27.4672,9.98544
17.409,0.0000,1.0000,0.0000,6,159.36,-0.01,-0.34,0.1743,0.0254,10038.4,0.0,146.12,146.11,144.83,144.83,7.02762,14.0127,19.311,25.6739,31.2047,34.6251,36.6589,38.5688,40.0117,41.5234,43.1063,44.7632,47.2122,50.2052,56.4123,71.4177,105.513,28.4308,10.0333
17.429,0.0000,1.0000,0.0000,6,159.90,-0.01,-0.39,0.1709,0.0162,10084.9,0.0,146.62,146.62,145.50,145.50,6.99808,13.8156,18.9569,25.1256,30.4951,33.8216,35.8021,37.6638,39.0712,40.5469,42.0931,43.7127,46.1091,49.041,55.132,69.9085,103.658,29.5314,10.0941
17.453,0.0000,1.0000,0.0000,6,160.46,-0.01,-0.42,0.1690,0.0071,10115.9,0.0,147.13,147.13,145.95,145.95,6.95877,13.6077,18.5942,24.5717,29.7813,33.0146,34.9415,36.755,38.127,39.5663,41.0755,42.6579,45.0011,47.8711,53.8449,68.3887,101.786,30.7952,10.168
17.473,0.0000,1.0000,0.0000,6,161.03,-0.01,-0.44,0.1685,-0.0014,10146.3,0.0,147.65,147.65,146.39,146.39,6.90987,13.3891,18.2232,24.012,29.0636,32.2042,34.0783,35.8434,37.1798,38.5829,40.0551,41.5995,43.8892,46.6972,52.5523,66.8599,99.8992,32.2589,10.2545
17.497,0.0000,1.0000,0.0000,6,161.59,-0.01,-0.45,0.1694,-0.0099,10177.7,0.0,148.17,148.17,146.84,146.84,6.85165,13.1605,17.8443,23.4474,28.3428,31.3909,33.2122,34.9289,36.2297,37.5965,39.0316,40.5384,42.7737,45.5186,51.2541,65.322,97.9977,33.9749,10.3542
17.516,-0.0079,1.0000,0.0000,6,162.14,-0.00,-0.46,0.1717,-0.0183,10209.2,0.0,148.68,148.68,147.30,147.30,6.78421,12.9223,17.4576,22.8776,27.618,30.5745,32.3429,34.0115,35.2766,36.6071,38.0048,39.4735,41.6551,44.3366,49.9503,63.7745,96.0801,36.0277,10.4674
17.541,-0.0800,1.0000,0.0000,6,162.70,-0.02,-0.46,0.1754,-0.0262,10241.0,0.0,149.16,149.22,147.76,147.76,6.70984,12.6818,17.0757,22.3225,26.9162,29.7856,31.5041,33.1269,34.3584,35.654,37.0167,38.4493,40.579,43.2006,48.6992,62.2936,94.2602,38.44,10.5903
17.561,-0.1491,1.0000,0.0000,6,163.24,-0.10,-0.45,0.1802,-0.0315,10274.3,0.0,149.39,149.89,148.24,148.24,6.64195,12.4945,16.7935,21.9309,26.437,29.2572,30.9481,32.5463,33.7601,35.0376,36.3823,37.797,39.9019,42.4957,47.946,61.4664,93.4186,40.2583,10.6952
17.585,-0.2243,1.0000,0.0000,6,163.76,0.11,-0.46,0.1856,-0.0327,10313.9,0.0,149.38,150.66,148.80,148.80,6.59418,12.4124,16.7011,21.8442,26.3712,29.2111,30.9165,32.5292,33.7552,35.0465,36.4063,37.8378,39.9691,42.5976,48.1282,61.876,94.445,40.0363,10.7519
17.604,-0.2808,1.0000,0.0000,6,164.25,0.67,-0.46,0.1914,-0.0297,10359.6,0.0,149.26,151.33,149.46,149.46,6.56895,12.439,16.8029,22.0706,26.732,29.6649,31.4283,33.0982,34.3682,35.7064,37.1167,38.6019,40.8143,43.5448,49.2927,63.5912,97.4478,38.0297,10.7558
17.628,-0.3231,1.0000,0.0000,6,164.69,1.52,-0.46,0.1971,-0.0228,10410.3,0.0,149.13,151.87,150.19,150.19,6.56486,12.5623,17.078,22.5803,27.4815,30.576,32.4398,34.2057,35.5497,36.9668,38.4606,40.0343,42.379,45.2732,51.367,66.5145,102.497,35.3418,10.7154
17.654,-0.2831,1.0000,0.0000,6,165.10,2.56,-0.47,0.2024,-0.0136,10464.1,0.0,149.02,152.28,150.96,150.96,6.57808,12.7628,17.4959,23.3272,28.5614,31.878,33.878,35.7748,37.2193,38.7424,40.3482,42.0404,44.562,47.674,54.2231,70.4671,109.82,32.7086,10.6443
17.674,-0.2548,1.0000,0.0000,6,165.49,3.70,-0.48,0.2072,-0.0034,10514.8,0.0,149.22,152.82,151.70,151.70,6.60359,13.0167,18.0144,24.2477,29.887,33.4722,35.6373,37.6916,39.256,40.9064,42.646,44.4798,47.2108,50.5801,57.6634,75.18,119.556,30.4289,10.5576
17.698,-0.2293,1.0000,0.0000,6,165.87,4.77,-0.48,0.2114,0.0071,10560.5,0.0,149.56,153.27,152.36,152.36,6.63664,13.2988,18.5895,25.2711,31.3618,35.2463,37.5939,39.822,41.5195,43.3098,45.1969,47.1852,50.1457,53.7954,61.4581,80.3407,131.695,28.5669,10.4674
17.716,-0.2064,1.0000,0.0000,6,166.25,5.69,-0.48,0.2149,0.0172,10601.7,0.0,149.97,153.62,152.96,152.96,6.67397,13.5915,19.1887,26.3433,32.9117,37.111,39.6508,42.0615,43.8977,45.8343,47.8749,50.0242,53.2231,57.163,65.4227,85.7026,138.931,27.0717,10.3804
17.742,-0.1857,1.0000,0.0000,6,166.64,6.42,-0.49,0.2175,0.0262,10637.5,0.0,150.44,153.92,153.48,153.48,6.71322,13.8819,19.7857,27.4191,34.4715,38.9897,41.7228,44.3175,46.2938,48.3767,50.5712,52.8818,56.3183,60.5485,69.4002,91.0611,143.127,25.8782,10.2998
17.760,-0.1672,1.0000,0.0000,6,167.04,6.93,-0.49,0.2193,0.0341,10667.2,0.0,150.94,154.18,153.91,153.91,6.75334,14.159,20.3585,28.4576,35.9823,40.8104,43.7321,46.5051,48.6166,50.842,53.1859,55.6517,59.3181,63.8261,73.2477,96.4678,145.998,24.9294,10.2269
17.785,-0.1504,1.0000,0.0000,6,167.45,7.20,-0.50,0.2203,0.0408,10691.5,0.0,151.49,154.45,154.26,154.26,6.79307,14.4151,20.8888,29.4246,37.3932,42.5135,45.6121,48.5523,50.7905,53.1493,55.6325,58.2442,62.1257,66.8946,76.8472,102.052,148.013,24.1789,10.1619
17.804,-0.1354,1.0000,0.0000,6,167.87,7.26,-0.50,0.2203,0.0461,10712.2,0.0,152.07,154.73,154.56,154.56,6.83193,14.6451,21.364,30.2944,38.667,44.0525,47.312,50.4048,52.7585,55.2389,57.849,60.5933,64.6697,69.6753,80.1121,107.683,149.402,23.5884,10.1043
17.830,-0.1219,1.0000,0.0000,6,168.32,7.12,-0.51,0.2195,0.0501,10728.4,0.0,152.67,155.03,154.80,154.80,6.87022,14.8468,21.7775,31.0529,39.7808,45.4004,48.8026,52.0304,54.4865,57.074,59.7969,62.6585,66.9083,72.1245,82.9923,113.243,150.312,23.1257,10.053
17.848,-0.1097,1.0000,0.0000,6,168.78,6.81,-0.51,0.2178,0.0531,10741.9,0.0,153.29,155.36,155.00,155.00,6.90815,15.0215,22.13,31.6976,40.7296,46.5514,50.0764,53.4212,55.9666,58.6467,61.4672,64.4321,68.8326,74.2329,85.478,118.643,51.8978,22.7633,10.0063
17.873,-0.0987,1.0000,0.0000,6,169.25,6.37,-0.52,0.2152,0.0550,10754.9,0.0,153.90,155.72,155.19,155.19,6.94636,15.1727,22.4266,32.2371,41.5244,47.5174,51.1474,54.5915,57.2121,59.9731,62.8777,65.9298,70.4617,76.0211,87.6339,123.672,48.0223,22.4771,9.9628
17.891,-0.0888,1.0000,0.0000,6,169.74,5.85,-0.53,0.2118,0.0560,10767.6,0.0,154.52,156.12,155.37,155.37,6.98565,15.3046,22.6767,32.6847,42.1837,48.3204,52.0377,55.567,58.2528,61.081,64.0572,67.1861,71.8292,77.5262,89.5761,126.446,45.7573,22.2473,9.92097
17.917,-0.0800,1.0000,0.0000,6,170.24,5.29,-0.53,0.2078,0.0566,10781.2,0.0,155.12,156.54,155.56,155.56,7.02645,15.4225,22.8891,33.0576,42.7312,48.9876,52.7801,56.3798,59.1198,62.007,65.0448,68.2372,72.978,78.7937,91.337,127.999,44.2361,22.0583,9.87962
17.935,-0.0720,1.0000,0.0000,6,170.74,4.72,-0.54,0.2031,0.0566,10797.2,0.0,155.71,156.99,155.79,155.79,7.06903,15.5302,23.0731,33.3717,43.1897,49.5468,53.4021,57.0632,59.8506,62.787,65.8782,69.1274,73.9516,79.8719,92.9543,128.952,43.1339,21.898,9.83779
17.961,-0.0648,1.0000,0.0000,6,171.25,4.19,-0.54,0.1978,0.0561,10815.3,0.0,156.28,157.44,156.05,156.05,7.11368,15.631,23.2362,33.6409,43.5796,50.0217,53.9307,57.6441,60.4725,63.4526,66.5892,69.8881,74.7859,80.7978,94.4666,129.533,42.2925,21.7578,9.79515
17.979,-0.0583,1.0000,0.0000,6,171.76,3.69,-0.55,0.1921,0.0554,10835.5,0.0,156.83,157.91,156.34,156.34,7.15989,15.7262,23.382,33.8735,43.9117,50.4267,54.3821,58.1412,61.0043,64.022,67.1998,70.5422,75.5054,81.6182,95.8971,129.858,41.63,21.6325,9.75174
18.004,-0.0525,1.0000,0.0000,6,172.27,3.26,-0.55,0.1860,0.0544,10858.0,0.0,157.38,158.38,156.67,156.67,7.207,15.8154,23.5111,34.0703,44.1907,50.7656,54.7605,58.5586,61.4527,64.5032,67.7164,71.0958,76.118,82.3637,97.2445,129.985,41.1072,21.5213,9.70781
18.023,-0.0472,1.0000,0.0000,6,172.79,2.88,-0.55,0.1797,0.0531,10882.4,0.0,157.91,158.84,157.02,157.02,7.25441,15.8972,23.6219,34.2306,44.4138,51.0373,55.0642,58.8936,61.8131,64.8921,68.135,71.5472,76.6186,83.0264,98.4969,129.947,40.7075,21.4246,9.66418
18.049,-0.0425,1.0000,0.0000,6,173.30,2.54,-0.56,0.1733,0.0517,10908.1,0.0,158.44,159.30,157.39,157.39,7.30118,15.9705,23.713,34.3522,44.5787,51.2385,55.2913,59.1464,62.086,65.1876,68.456,71.8953,77.0089,83.6003,99.6413,129.769,40.4195,21.3436,9.62158
18.067,-0.0382,1.0000,0.0000,6,173.82,2.25,-0.56,0.1667,0.0500,10935.0,0.0,158.97,159.75,157.77,157.77,7.34641,16.0334,23.7815,34.4324,44.6841,51.3681,55.4378,59.3122,62.2674,65.3859,68.6734,72.1348,77.2988,84.0712,100.658,129.465,40.2396,21.2792,9.5806
18.092,-0.0344,1.0000,0.0000,6,174.34,2.00,-0.56,0.1602,0.0480,10962.9,0.0,159.49,160.21,158.18,158.18,7.38958,16.0849,23.8272,34.471,44.7278,51.4242,55.5039,59.3904,62.3561,65.4875,68.789,72.2659,77.4929,84.4338,101.536,129.052,40.1638,21.2327,9.54184
18.110,-0.0310,1.0000,0.0000,6,174.86,1.78,-0.56,0.1538,0.0459,10991.5,0.0,160.01,160.66,158.59,158.59,7.43005,16.1244,23.849,34.4668,44.7101,51.4069,55.4899,59.3814,62.3526,65.4911,68.8013,72.2892,77.5881,84.6803,102.259,128.538,40.1905,21.205,9.50609
18.135,-0.0279,1.0000,0.0000,6,175.38,1.59,-0.56,0.1475,0.0435,11020.6,0.0,160.52,161.12,159.01,159.01,7.46741,16.1516,23.8477,34.4221,44.6349,51.3203,55.4002,59.2904,62.2628,65.4033,68.7175,72.2096,77.5844,84.8129,102.829,127.937,40.3156,21.1957,9.47334
18.155,-0.0251,1.0000,0.0000,6,175.89,1.42,-0.57,0.1415,0.0410,11050.3,0.0,161.03,161.58,159.44,159.44,7.50111,16.1661,23.8239,34.3393,44.5056,51.1686,55.2388,59.1225,62.0912,65.2295,68.5428,72.0383,77.4873,84.8365,103.249,127.261,40.5381,21.2048,9.44415
18.180,-0.0564,1.0000,0.0000,6,176.41,1.28,-0.57,0.1358,0.0382,11080.2,0.0,161.53,162.03,159.87,159.87,7.53104,16.168,23.7769,34.2182,44.3213,50.9526,55.007,58.8789,61.8396,64.9709,68.278,71.7804,77.2926,84.7447,103.509,126.513,40.8628,21.2335,9.41894
18.198,-0.1006,1.0000,0.0000,6,176.92,1.10,-0.57,0.1303,0.0365,11111.6,0.0,161.89,162.55,160.32,160.32,7.5654,16.2024,23.7993,34.2245,44.324,50.9608,55.0211,58.9012,61.8692,65.0095,68.328,71.8754,77.5088,85.1519,104.529,125.956,40.8584,21.2066,9.38777
18.223,-0.1368,1.0000,0.0000,6,177.41,1.09,-0.57,0.1248,0.0369,11145.4,0.0,162.07,163.15,160.81,160.81,7.61707,16.3352,24.0224,34.5944,44.8545,51.602,55.7319,59.679,62.6992,65.8951,69.2789,72.9908,78.9208,87.0171,107.413,125.922,39.9459,21.017,9.33578
18.248,-0.1593,1.0000,0.0000,6,177.89,1.35,-0.57,0.1192,0.0401,11182.5,0.0,162.17,163.79,161.34,161.34,7.69284,16.5969,24.5065,35.4378,46.0714,53.0673,57.3487,61.4396,64.5693,67.8822,71.5058,75.545,82.0423,91.0038,110.529,126.464,38.1136,20.633,9.25684
18.267,-0.1598,1.0000,0.0000,6,178.34,1.85,-0.57,0.1132,0.0458,11222.0,0.0,162.29,164.39,161.91,161.91,7.79148,16.9787,25.2356,36.727,47.9363,55.3086,59.8181,64.1231,67.4265,71.065,75.124,79.6812,87.0879,97.4611,113.45,127.385,35.8239,20.1025,9.15469
18.292,-0.1439,1.0000,0.0000,6,178.78,2.48,-0.57,0.1066,0.0528,11261.1,0.0,162.51,164.94,162.47,162.47,7.90857,17.4527,26.1544,38.3642,50.3036,58.1506,62.9429,67.5599,71.2779,75.4334,80.1125,85.4158,94.1537,105.509,116.027,128.431,33.5242,19.5009,9.03707
18.311,-0.1295,1.0000,0.0000,6,179.22,3.12,-0.57,0.0993,0.0602,11297.9,0.0,162.87,165.42,163.01,163.01,8.03729,17.9784,27.1809,40.1991,52.953,61.3223,66.4729,71.7078,75.9879,80.8201,86.314,92.618,102.853,109.878,118.136,129.382,31.4774,18.8992,8.91284
18.335,-0.1165,1.0000,0.0000,6,179.66,3.65,-0.57,0.0912,0.0673,11331.0,0.0,163.31,165.80,163.49,163.49,8.17169,18.5192,28.237,42.0864,55.6702,64.5908,70.3817,76.3849,81.35,87.0112,93.5278,100.995,107.616,112.652,119.748,130.115,29.7622,18.3402,8.78803
18.355,-0.1049,1.0000,0.0000,6,180.10,4.00,-0.57,0.0823,0.0735,11360.1,0.0,163.81,166.13,163.91,163.91,8.30833,19.0517,29.2725,43.9308,58.3142,67.9917,74.5521,81.4424,87.207,93.8574,101.104,105.706,110.337,114.548,120.91,130.598,28.3491,17.8368,8.66532
18.379,-0.0944,1.0000,0.0000,6,180.55,4.18,-0.56,0.0726,0.0787,11386.4,0.0,164.33,166.46,164.29,164.29,8.44565,19.5631,30.2575,45.6716,60.7976,71.4706,78.8801,86.7641,93.4431,100.488,104.898,108.246,112.106,115.838,121.688,81.874,27.1845,17.3882,8.5452
18.399,-0.0849,1.0000,0.0000,6,181.01,4.20,-0.56,0.0621,0.0830,11410.5,0.0,164.88,166.78,164.64,164.64,8.58266,20.0457,31.1712,47.268,63.1534,74.9486,83.2667,92.2394,99.2545,103.669,107.012,109.833,113.255,116.668,122.141,60.2827,26.2191,16.9884,8.4274
18.424,-0.0765,1.0000,0.0000,6,181.47,4.09,-0.56,0.0507,0.0863,11432.8,0.0,165.43,167.12,164.96,164.96,8.71903,20.4971,32.0065,48.7074,65.4222,78.3726,87.6509,97.4348,102.047,105.458,108.314,110.83,113.961,117.144,122.327,51.639,25.4073,16.629,8.3112
18.442,-0.0688,1.0000,0.0000,6,181.94,3.88,-0.56,0.0386,0.0887,11454.8,0.0,165.98,167.48,165.28,165.28,8.85493,20.9177,32.7657,49.9897,67.5897,81.7162,91.9979,100.049,103.607,106.542,109.106,111.416,114.338,117.345,122.297,47.3446,24.7125,16.3026,8.19594
18.467,-0.0619,1.0000,0.0000,6,182.42,3.61,-0.56,0.0258,0.0905,11477.2,0.0,166.53,167.85,165.60,165.60,8.99043,21.3108,33.4545,51.1297,69.6609,84.979,95.7174,101.479,104.539,107.18,109.544,111.703,114.465,117.334,122.096,44.4818,24.1055,16.0006,8.08106
18.486,-0.0557,1.0000,0.0000,6,182.90,3.31,-0.56,0.0125,0.0917,11499.7,0.0,167.06,168.25,165.93,165.93,9.12615,21.6811,34.0817,52.1432,71.6481,88.1733,97.5539,102.322,105.073,107.511,109.725,111.768,114.402,117.156,121.759,42.3559,23.5635,15.7173,7.9658
18.510,-0.0502,1.0000,0.0000,6,183.38,3.01,-0.55,-0.0015,0.0923,11523.5,0.0,167.59,168.65,166.27,166.27,9.26172,22.0303,34.6553,53.0473,73.561,91.3054,98.584,102.795,105.33,107.615,109.711,111.66,114.188,116.846,121.312,40.6756,23.071,15.4483,7.84998
18.529,-0.0451,1.0000,0.0000,6,183.87,2.72,-0.55,-0.0158,0.0926,11548.4,0.0,168.10,169.06,166.63,166.63,9.39695,22.3601,35.1791,53.8571,75.4056,93.2772,99.1655,103.005,105.378,107.541,109.542,111.413,113.851,116.426,120.772,39.2991,22.6189,15.191,7.73385
18.554,-0.0406,1.0000,0.0000,6,184.36,2.45,-0.55,-0.0305,0.0925,11573.3,0.0,168.61,169.48,166.99,166.99,9.53133,22.6707,35.655,54.6111,77.1764,94.2885,99.4463,103.013,105.258,107.323,109.245,111.049,113.41,115.913,120.153,38.1462,22.2014,14.9441,7.61752
18.574,-0.0366,1.0000,0.0000,6,184.85,2.20,-0.54,-0.0454,0.0920,11599.7,0.0,169.11,169.90,167.37,167.37,9.66462,22.9642,36.0889,55.3239,78.8867,94.8341,99.5129,102.869,105.009,106.991,108.844,110.591,112.884,115.322,119.468,37.1537,21.8108,14.7056,7.50123
18.598,-0.0329,1.0000,0.0000,6,185.34,1.97,-0.54,-0.0606,0.0914,11626.9,0.0,169.60,170.33,167.76,167.76,9.79647,23.2404,36.4824,55.9976,80.5361,95.0853,99.4149,102.6,104.652,106.562,108.357,110.052,112.285,114.666,118.726,36.2882,21.4438,14.475,7.38518
18.617,-0.0296,1.0000,0.0000,6,185.83,1.77,-0.54,-0.0758,0.0904,11653.7,0.0,170.10,170.76,168.15,168.15,9.92601,23.4989,36.8348,56.6253,82.108,95.1169,99.1786,102.222,104.199,106.047,107.789,109.439,111.619,113.948,117.931,35.5342,21.0998,14.2525,7.2699
18.643,-0.0267,1.0000,0.0000,6,186.31,1.59,-0.53,-0.0911,0.0892,11681.6,0.0,170.58,171.18,168.55,168.55,10.0528,23.7387,37.1465,57.2074,83.5999,94.9819,98.8284,101.752,103.663,105.457,107.152,108.762,110.893,113.175,117.087,34.8763,20.7778,14.0381,7.15581
18.660,-0.0240,1.0000,0.0000,6,186.80,1.43,-0.53,-0.1063,0.0878,11710.1,0.0,171.06,171.61,168.96,168.96,10.1765,23.96,37.4196,57.7463,84.7621,94.7148,98.383,101.203,103.056,104.801,106.454,108.028,110.114,112.353,116.201,34.2993,20.4753,13.8313,7.04304
18.686,-0.0216,1.0000,0.0000,6,187.29,1.29,-0.52,-0.1215,0.0861,11737.8,0.0,171.55,172.04,169.36,169.36,10.2965,24.1622,37.6527,58.2349,85.2881,94.3342,97.8521,100.581,102.382,104.084,105.699,107.239,109.285,111.485,115.273,33.798,20.1928,13.6328,6.93214
18.704,-0.0194,1.0000,0.0000,6,187.78,1.16,-0.51,-0.1365,0.0843,11766.6,0.0,172.02,172.47,169.77,169.77,10.4129,24.3467,37.8503,58.6802,85.4692,93.8629,97.2505,99.8983,101.653,103.315,104.896,106.406,108.414,110.578,114.311,33.3615,19.928,13.442,6.82313
18.730,-0.0175,1.0000,0.0000,6,188.27,1.04,-0.51,-0.1513,0.0823,11795.8,0.0,172.50,172.89,170.19,170.19,10.5248,24.5121,38.0104,59.0734,85.4192,93.3095,96.5831,99.1584,100.871,102.497,104.046,105.528,107.502,109.631,78.5374,32.9908,19.682,13.2596,6.71643
18.748,-0.0157,1.0000,0.0000,6,188.75,0.94,-0.50,-0.1659,0.0801,11823.8,0.0,172.97,173.32,170.60,170.60,10.6319,24.6574,38.1324,59.4132,85.1969,92.6818,95.8547,98.3644,100.039,101.631,103.152,104.607,106.55,108.648,76.2552,32.686,19.4559,13.0863,6.61259
18.773,-0.0142,1.0000,0.0000,6,189.24,0.84,-0.50,-0.1802,0.0778,11853.0,0.0,173.43,173.75,171.02,171.02,10.7346,24.7864,38.2249,59.7171,84.8581,92.001,95.0823,97.5319,99.1712,100.732,102.225,103.657,105.569,107.638,74.3912,32.4309,19.245,12.9202,6.51143
18.792,-0.0128,1.0000,0.0000,6,189.72,0.75,-0.49,-0.1941,0.0755,11882.2,0.0,173.89,174.18,171.44,171.44,10.8327,24.9004,38.2899,59.9868,84.4262,91.273,94.2707,96.6647,98.2704,99.8026,101.269,102.678,104.562,106.602,72.8606,32.2207,19.0488,12.7618,6.41299
18.817,-0.0115,1.0000,0.0000,6,190.21,0.68,-0.48,-0.2077,0.0730,11910.5,0.0,174.35,174.62,171.85,171.85,10.9261,24.9992,38.33,60.2246,83.9179,90.504,93.4242,95.766,97.3408,98.8452,100.288,101.674,103.531,105.545,71.5984,32.0563,18.8669,12.6108,6.3175
18.842,-0.0103,1.0000,0.0000,6,190.69,0.61,-0.47,-0.2210,0.0704,11939.8,0.0,174.81,175.05,172.27,172.27,11.0144,25.0819,38.3514,60.4242,83.3402,89.6946,92.5434,94.8361,96.3811,97.8596,99.2789,100.644,102.475,104.464,70.5921,31.9434,18.7014,12.4679,6.22531
18.860,-0.0093,1.0000,0.0000,6,191.17,0.55,-0.47,-0.2338,0.0677,11968.6,0.0,175.27,175.48,172.69,172.69,11.0976,25.1489,38.3593,60.5852,82.7016,88.8478,91.6299,93.8769,95.3939,96.8474,98.2446,99.5903,101.397,103.36,69.8044,31.8829,18.5529,12.3339,6.13653
18.886,-0.0084,1.0000,0.0000,6,191.65,0.49,-0.45,-0.2462,0.0649,11997.1,0.0,175.72,175.91,173.10,173.10,11.1756,25.2013,38.3571,60.7165,82.0158,87.9715,90.6908,92.8939,94.3842,95.8142,97.1901,98.5167,100.299,102.239,69.1794,31.8711,18.4196,12.2083,6.05139
18.904,-0.0075,1.0000,0.0000,6,192.13,0.44,-0.45,-0.2581,0.0621,12026.4,0.0,176.17,176.34,173.52,173.52,11.2485,25.2397,38.3448,60.8193,81.2894,87.0686,89.7286,91.8898,93.3545,94.7617,96.1171,97.4252,99.1846,101.102,68.6903,31.909,18.3019,12.0907,5.96995
18.929,-0.0068,1.0000,0.0000,6,192.61,0.39,-0.44,-0.2696,0.0593,12054.7,0.0,176.62,176.77,173.93,173.93,11.3163,25.2675,38.3286,60.9087,80.5347,86.1485,88.7513,90.872,92.3118,93.6966,95.032,96.3221,98.0588,99.9537,68.2709,31.9829,18.1975,11.9812,5.89213
18.948,-0.0061,1.0000,0.0000,6,193.08,0.36,-0.42,-0.2805,0.0564,12083.3,0.0,177.06,177.21,174.34,174.34,11.3796,25.2845,38.31,60.9873,79.7552,85.2128,87.7604,89.8417,91.2571,92.6202,93.9359,95.2081,96.9226,98.7953,67.9472,32.0646,18.1062,11.8788,5.81802
18.974,-0.0055,1.0000,0.0000,6,193.56,0.33,-0.42,-0.2910,0.0535,12112.6,0.0,177.50,177.63,174.77,174.77,11.4375,25.2885,38.2824,61.0417,78.9458,84.2563,86.7511,88.7943,90.186,91.528,92.8247,94.0795,95.7723,97.6233,100.88,32.1614,18.032,11.7858,5.74793
18.992,-0.0049,1.0000,0.0000,6,194.03,0.30,-0.41,-0.3009,0.0505,12140.4,0.0,177.95,178.06,175.17,175.17,11.4899,25.2792,38.2447,61.0656,78.106,83.2781,85.7221,87.7286,89.0975,90.4188,91.6969,92.9348,94.6065,96.4363,99.6609,32.2754,17.976,11.7026,5.68207
19.017,-0.0044,1.0000,0.0000,6,194.50,0.26,-0.39,-0.3104,0.0475,12169.1,0.0,178.39,178.49,175.58,175.58,11.5371,25.2581,38.2005,61.0711,77.2446,82.2845,84.6792,86.6501,87.9966,89.2979,90.5577,91.779,93.4297,95.2388,98.4312,32.3996,17.937,11.6286,5.6205
19.035,-0.0040,1.0000,0.0000,6,194.97,0.24,-0.38,-0.3192,0.0445,12198.3,0.0,178.83,178.92,176.00,176.00,11.579,25.2261,38.1506,61.0581,76.3629,81.2766,83.6236,85.5593,86.884,88.1655,89.4074,90.6123,92.2425,94.0308,97.1915,32.5334,17.9152,11.5641,5.56318
19.061,-0.0036,1.0000,0.0000,6,195.44,0.21,-0.37,-0.3275,0.0415,12225.6,0.0,179.27,179.35,176.40,176.40,11.6158,25.1833,38.0959,61.0318,75.4647,80.2568,82.5571,84.4588,85.7618,87.0237,88.2478,89.4366,91.0464,92.8144,95.9432,32.6737,17.9111,11.5091,5.51028
19.080,-0.0032,1.0000,0.0000,6,195.91,0.19,-0.35,-0.3353,0.0384,12254.3,0.0,179.70,179.78,176.81,176.81,11.6479,25.134,38.0417,61.0045,74.5565,79.2306,81.4851,83.3527,84.6345,85.8772,87.0834,88.2561,89.8454,91.5929,94.6899,32.812,17.9231,11.4631,5.46166
19.105,-0.0029,1.0000,0.0000,6,196.38,0.17,-0.35,-0.3425,0.0354,12283.2,0.0,180.13,180.20,177.23,177.23,11.6747,25.083,37.9836,60.8816,73.6337,78.1939,80.4035,82.2378,83.4985,84.7218,85.9108,87.0674,88.6365,90.3635,93.429,32.9555,17.9534,11.4269,5.41758
19.123,-0.0026,1.0000,0.0000,6,196.84,0.16,-0.33,-0.3491,0.0324,12310.2,0.0,180.56,180.63,177.62,177.62,11.6966,25.0303,37.9209,60.6209,72.6966,77.1464,79.3121,81.1136,82.3535,83.558,84.7294,85.8702,87.4192,89.1258,92.1598,33.1057,18.0036,11.4011,5.37802
19.148,-0.0024,1.0000,0.0000,6,197.31,0.14,-0.31,-0.3551,0.0294,12338.9,0.0,180.99,181.05,178.03,178.03,11.7135,24.9776,37.8576,60.267,71.7508,76.0928,78.2152,79.9843,81.2035,82.389,83.5432,84.6681,86.197,87.8831,90.8854,33.2572,18.0734,11.3855,5.34319
19.167,-0.0021,1.0000,0.0000,6,197.77,0.13,-0.30,-0.3606,0.0263,12366.6,0.0,181.42,181.47,178.43,178.43,11.7253,24.9237,37.7896,59.8333,70.792,75.0294,77.1092,78.8464,80.0451,81.212,82.349,83.458,84.9669,86.6328,89.6033,33.4161,18.164,11.3807,5.31301
19.192,-0.0019,1.0000,0.0000,6,198.23,0.12,-0.28,-0.3655,0.0232,12394.1,0.0,181.85,181.89,178.83,178.83,11.7319,24.8674,37.7158,59.3353,69.8199,73.9556,75.9938,77.6992,78.8778,80.0261,81.1463,82.2395,83.7284,85.374,88.3127,33.5851,18.2714,11.3877,5.28773
19.211,-0.0017,1.0000,0.0000,6,198.69,0.10,-0.27,-0.3698,0.0202,12422.7,0.0,182.28,182.31,179.24,179.24,11.7337,24.8109,37.6411,58.7902,68.84,72.8764,74.8732,76.5474,77.7059,78.8358,79.9389,81.0165,82.4853,84.1108,87.0174,33.7552,18.3792,11.406,5.26737
19.235,-0.0016,1.0000,0.0000,6,199.15,0.09,-0.25,-0.3734,0.0172,12449.6,0.0,182.70,182.74,179.63,179.63,11.7308,24.755,37.567,58.2073,67.854,71.7929,73.749,75.3921,76.5307,77.642,78.728,79.7899,81.2387,82.8436,85.718,33.922,18.4851,11.4348,5.25171
19.254,-0.0014,1.0000,0.0000,6,199.61,0.09,-0.23,-0.3765,0.0142,12477.4,0.0,183.12,183.16,180.03,180.03,11.7233,24.7001,37.4944,57.5928,66.8631,70.7063,72.6219,74.234,75.3525,76.4454,77.5145,78.5607,79.9893,81.5735,84.4153,34.0861,18.5897,11.4748,5.24098
19.279,-0.0013,1.0000,0.0000,6,200.06,0.08,-0.22,-0.3790,0.0112,12506.0,0.0,183.54,183.57,180.44,180.44,11.7108,24.6428,37.4161,56.9416,65.8609,69.6108,71.4865,73.0681,74.1669,75.2415,76.2934,77.3239,78.7324,80.296,83.1051,34.2598,18.6965,11.528,5.2353
19.299,-0.0011,1.0000,0.0000,6,200.52,0.07,-0.20,-0.3809,0.0081,12532.1,0.0,183.97,183.99,180.82,180.82,11.693,24.5836,37.332,56.2576,64.8477,68.5061,70.3426,71.894,72.973,74.0294,75.0645,76.0792,77.4676,79.0105,81.7869,34.445,18.8065,11.5941,5.23485
19.324,-0.0010,1.0000,0.0000,6,200.97,0.06,-0.18,-0.3822,0.0051,12560.1,0.0,184.38,184.40,181.22,181.22,11.6705,24.5231,37.246,55.5488,63.8272,67.3959,69.1937,70.7149,71.7743,72.8125,73.8307,74.8298,76.1979,77.7201,80.4633,34.6342,18.9172,11.6646,5.23969
19.342,-0.0009,1.0000,0.0000,6,201.42,0.05,-0.17,-0.3829,0.0021,12587.8,0.0,184.80,184.82,181.63,181.63,11.6434,24.4632,37.1601,54.8198,62.8019,66.2825,68.0417,69.533,70.5728,71.5929,72.5942,73.5774,74.9253,76.4265,79.1363,34.8218,19.0273,11.7347,5.24956
19.367,-0.0008,0.5500,0.0000,6,201.87,0.05,-0.14,-0.3830,-0.0009,12614.2,0.0,185.21,185.23,182.00,182.00,11.6133,24.4035,37.0748,54.0722,61.772,65.1657,66.8865,68.348,69.3683,70.3702,71.3545,72.3219,73.6493,75.1295,77.8054,35.0079,19.1367,11.8042,5.26451
19.385,-0.0007,0.3025,0.0000,6,202.08,0.04,-0.12,-0.3824,-0.0038,12480.1,0.0,185.54,185.56,180.09,180.09,11.5831,24.3443,36.99,53.3079,60.7379,64.0461,65.729,67.1607,68.1616,69.1453,70.1126,71.0641,72.3709,73.8299,76.4716,35.1928,19.2451,11.8735,5.28472
19.411,-0.0007,0.1664,0.0000,6,202.00,0.04,-0.11,-0.3813,-0.0067,12398.8,0.0,185.59,185.60,178.92,178.92,11.5531,24.2852,36.9052,52.5294,59.7012,62.9254,64.5709,65.973,66.9545,67.92,68.8702,69.8059,71.0921,72.5296,75.1368,35.3771,19.3535,11.9424,5.31018
19.435,-0.0006,0.0915,0.0000,6,201.76,0.04,-0.08,-0.3796,-0.0096,12344.0,0.0,185.44,185.45,178.13,178.14,11.5235,24.2268,36.822,51.7392,58.6639,61.8056,63.4139,64.7867,65.7487,66.6962,67.6295,68.5492,69.8147,71.2307,73.8031,35.5573,19.4601,12.0105,5.34043
19.455,-0.0005,0.0503,0.0000,6,201.45,0.04,-0.07,-0.3773,-0.0125,12302.3,0.0,185.18,185.20,177.49,177.58,11.4942,24.1699,36.7419,50.9401,57.6274,60.688,62.2595,63.6031,64.546,65.4753,66.3917,67.2953,68.5401,69.9345,72.4717,35.7304,19.5642,12.0776,5.37145
19.480,-0.0005,0.0277,0.0000,6,201.10,0.04,-0.01,-0.3744,-0.0152,12267.7,0.0,184.85,184.89,176.95,177.13,11.4656,24.1162,36.6691,50.1365,56.5955,59.5761,61.1112,62.4259,63.3495,64.2607,65.16,66.0477,67.2716,68.6442,71.1458,35.8873,19.663,12.1424,5.40194
19.499,-0.0004,0.0152,0.0000,6,200.72,0.06,0.08,-0.3710,-0.0173,12237.6,0.0,184.51,184.54,176.49,176.72,11.4372,24.0631,36.597,49.3233,55.5631,58.4653,59.9643,61.2503,62.1548,63.0481,63.9304,64.8021,66.0051,67.3558,69.8216,36.0421,19.7609,12.2066,5.43219
19.524,-0.0004,0.0084,0.5000,6,200.32,0.07,0.14,-0.3674,-0.0171,12209.8,0.0,184.16,184.19,176.08,176.32,11.4088,24.009,36.5224,48.4991,54.5281,57.3536,58.817,60.0745,60.9601,61.8354,62.7009,63.5566,64.7387,66.0675,68.4973,36.2019,19.8599,12.2711,5.46237
19.542,-0.0004,0.0046,0.7500,6,198.99,0.07,0.27,-0.3638,-0.0170,11956.8,0.0,174.11,174.15,172.49,172.75,11.3806,23.955,36.4226,47.6679,53.4943,56.2445,57.673,58.9023,59.769,60.6267,61.4753,62.3151,63.4763,64.7832,67.1768,36.7819,19.9584,12.3351,5.49227
19.567,-0.0003,0.0025,0.8750,6,196.81,0.07,0.34,-0.3603,-0.0169,11696.4,0.0,163.59,163.64,168.75,169.06,11.3528,23.9012,36.2324,46.8346,52.467,55.1438,56.5379,57.7395,58.5877,59.4278,60.2598,61.0838,62.2243,63.5093,65.8668,70.3842,20.0561,12.3984,5.52173
19.585,-0.0003,0.0014,0.9375,6,194.22,0.08,0.36,-0.3569,-0.0168,11433.1,0.0,152.41,152.47,164.94,165.32,11.3252,23.8477,35.9698,46.0029,51.4497,54.0551,55.4156,56.5901,57.4201,58.2428,59.0584,59.8668,60.9868,62.2501,64.5717,69.0332,20.153,12.461,5.5508
19.610,-0.0003,0.0008,0.9687,6,191.40,0.08,0.39,-0.3535,-0.0167,11176.3,0.0,141.47,141.50,161.19,161.66,11.2982,23.7953,35.6523,45.1754,50.4447,52.9808,54.3085,55.4563,56.2684,57.0741,57.8734,58.6664,59.7661,61.0079,63.2937,67.6993,20.2478,12.5224,5.57932
19.629,-0.0002,0.0004,0.9844,6,188.39,0.09,0.47,-0.3502,-0.0166,10930.0,0.0,131.73,131.77,157.60,158.15,11.2718,23.7441,35.2924,44.3541,49.4536,51.9224,53.218,54.3397,55.1342,55.9232,56.7066,57.4843,58.5639,59.7845,62.0347,66.3843,20.3402,12.5822,5.60719
19.654,-0.0002,0.0002,0.9922,6,185.35,0.09,0.53,-0.3470,-0.0165,10699.5,0.0,121.42,121.46,154.23,154.85,11.2459,23.6939,34.8985,43.5395,48.4765,50.88,52.1443,53.2405,54.0177,54.7902,55.5579,56.3207,57.3805,58.5799,60.7948,65.0886,20.4307,12.6409,5.63449
19.674,-0.0002,0.0001,0.9961,6,182.27,0.09,0.67,-0.3438,-0.0164,10544.7,0.0,110.22,110.28,151.96,152.56,11.2206,23.6448,34.4777,42.7325,47.5139,49.8539,51.0877,52.159,52.9193,53.6757,54.4279,55.1759,56.2161,57.3947,59.5746,63.8126,20.5192,12.6982,5.66122
19.699,-0.0002,0.0001,0.9980,6,179.26,0.09,0.79,-0.3407,-0.0163,10355.1,0.0,98.30,98.38,149.26,149.86,11.1956,23.5958,34.0342,41.9325,46.5646,48.8432,50.0473,51.0941,51.8379,52.5784,53.3154,54.0489,55.0698,56.2278,58.3729,62.5552,20.6073,12.7549,5.68749
19.717,-0.0002,0.0000,0.9990,6,176.34,0.09,0.85,-0.3377,-0.0162,10142.9,0.0,85.48,85.59,146.19,146.81,11.171,23.547,33.5722,41.1396,45.6284,47.8473,49.0223,50.0453,50.7729,51.4977,52.2198,52.939,53.9409,55.0785,57.1891,61.3159,20.6946,12.8108,5.71326
19.742,-0.0001,0.0000,0.9995,6,173.50,0.09,0.86,-0.3347,-0.0162,9929.21,0.0,71.70,71.82,143.09,143.75,11.1468,23.4985,33.0952,40.354,44.7052,46.8661,48.0127,49.0123,49.7239,50.4335,51.1409,51.8459,52.829,53.9465,56.023,60.0944,20.7812,12.8661,5.73856
19.760,-0.0001,0.0000,0.9997,6,170.69,0.09,0.84,-0.3318,-0.0161,9719.95,0.0,57.33,57.45,140.04,140.75,11.1229,23.4501,32.6062,39.5762,43.795,45.8994,47.0184,47.9951,48.6911,49.3856,50.0785,50.7697,51.7342,52.8318,54.8743,58.8903,20.8674,12.9207,5.76349
19.785,-0.0001,0.0000,0.9999,6,167.92,0.08,0.82,-0.3289,-0.0161,9514.26,0.0,42.65,42.77,137.05,137.80,11.0996,23.4026,32.1082,38.8068,42.8981,44.9476,46.0395,46.9937,47.6744,48.3541,49.0328,49.7103,50.6565,51.7342,53.7431,57.704,20.952,12.9742,5.78783
19.805,-0.0001,0.0000,0.9999,6,165.17,0.08,0.79,-0.3261,-0.0160,9312.75,0.0,27.63,27.75,134.11,134.92,11.0764,23.3458,31.6029,38.046,42.0144,44.0104,45.076,46.0082,46.6739,47.3391,48.0038,48.6677,49.5958,50.6541,52.6296,56.5353,21.0362,13.0272,5.81192
19.829,-0.0001,0.0000,1.0000,6,162.40,0.08,0.78,-0.3234,-0.0160,9141.24,0.0,12.44,12.57,131.61,132.43,11.0538,23.2454,31.0926,37.2944,41.1443,43.0884,44.1282,45.0389,45.6897,46.3407,46.9916,47.6422,48.5524,49.5914,51.5337,55.3845,21.1268,13.079,5.83543
19.849,-0.0001,0.0000,0.5000,6,159.66,0.07,0.77,-0.3207,-0.0160,8958.27,0.0,0.00,0.00,128.97,129.82,11.0318,23.1054,30.5787,36.5522,40.2878,42.1813,43.1958,44.0855,44.7218,45.3588,45.996,46.6335,47.5262,48.5461,50.4555,54.2514,21.3667,13.1296,5.85836
19.873,-0.0001,0.0000,0.2500,6,157.05,0.07,0.76,-0.3181,-0.0159,9188.33,0.0,4.02,4.03,132.17,132.88,11.0101,22.9326,30.0629,35.82,39.4452,41.2895,42.2795,43.1485,43.7706,44.3937,45.0177,45.6423,46.5175,47.5185,49.3953,53.1366,21.9268,13.1792,5.88092
19.892,-0.0001,0.0000,0.1250,6,154.87,0.07,0.75,-0.3155,-0.0158,9324.45,0.0,17.14,17.16,134.41,134.74,10.9893,22.7345,29.5481,35.0995,38.6182,40.4145,41.3803,42.2291,42.8373,43.4469,44.0577,44.6695,45.5275,46.5098,48.3543,52.041,23.4172,13.2258,5.90274
19.917,-0.0900,0.0000,0.0625,6,153.10,0.07,0.75,-0.3129,-0.0158,9301.88,0.0,34.15,34.18,134.18,134.38,10.969,22.5122,29.0307,34.3859,37.8011,39.5505,40.4927,41.3217,41.9161,42.5123,43.1101,43.7093,44.5503,45.5141,47.3263,50.9583,56.9686,13.2713,5.92415
19.942,-0.1800,0.0000,0.0312,6,151.55,0.06,0.74,-0.3104,-0.0156,9238.14,0.0,52.13,52.18,133.27,133.46,10.9494,22.2695,28.5117,33.6788,36.9935,38.6971,39.6161,40.4254,41.0063,41.5893,42.1742,42.7609,43.5851,44.5304,46.3105,49.8877,55.8333,13.3148,5.94502
19.960,-0.2475,0.0000,0.0156,6,150.13,0.04,0.72,-0.3080,-0.0152,9164.99,0.0,69.99,70.08,132.18,132.43,10.9337,22.0217,28.0067,32.9951,36.2127,37.8715,38.7678,39.558,40.1255,40.6955,41.2678,41.8422,42.6496,43.5766,45.3249,48.8471,54.7269,13.344,5.96319
19.985,-0.2981,0.4500,0.0078,6,148.80,0.04,0.69,-0.3057,-0.0140,9089.71,0.0,87.29,87.44,131.01,131.42,10.9273,21.7891,27.5392,32.3603,35.4856,37.1016,37.9759,38.7476,39.3022,39.8596,40.4196,40.982,41.7731,42.6822,44.399,47.8667,53.6799,13.3393,5.97553
20.004,-0.3361,0.6975,0.0039,6,147.75,0.08,0.65,-0.3037,-0.0114,9168.25,0.0,103.63,103.96,132.32,132.32,10.9379,21.5955,27.1367,31.8054,34.8451,36.4208,37.2746,38.0287,38.5711,39.1165,39.6647,40.2156,40.9911,41.883,43.5694,46.9839,52.73,13.2739,5.97707
20.030,-0.3646,0.8336,0.0020,6,147.09,0.16,0.61,-0.3022,-0.0064,9221.34,0.0,117.62,118.40,133.07,133.07,10.9787,21.4782,26.8441,31.3808,34.3446,35.8842,36.7193,37.4575,37.9888,38.5232,39.0607,39.601,40.3621,41.2381,42.896,46.2598,51.94,13.1149,5.95983
20.049,-0.3859,0.9085,0.0010,6,146.84,0.41,0.58,-0.3015,0.0025,9262.26,0.0,126.58,128.24,133.65,133.65,11.0709,21.4916,26.7277,31.1614,34.0639,35.5738,36.3934,37.1182,37.6401,38.1652,38.6935,39.2248,39.9736,40.8357,42.4687,45.7868,51.4044,12.8248,5.91249
20.073,-0.4019,0.9497,0.0005,6,146.97,1.00,0.56,-0.3020,0.0158,9306.26,0.0,130.27,132.86,134.27,134.27,11.227,21.6478,26.8,31.1615,34.0186,35.5058,36.3135,37.0278,37.5422,38.06,38.581,39.1051,39.8438,40.6945,42.3069,45.5859,51.1459,12.3828,5.83118
20.092,-0.4139,0.9723,0.0002,6,147.27,1.87,0.56,-0.3040,0.0323,9356.31,0.0,131.51,134.78,134.99,134.99,11.4398,21.8931,26.9921,31.3022,34.1252,35.5948,36.393,37.099,37.6075,38.1194,38.6345,39.1527,39.883,40.7244,42.3193,45.5644,51.0718,11.8531,5.72422
20.117,-0.4230,0.9848,0.0001,6,147.63,2.88,0.53,-0.3076,0.0500,9406.05,0.0,131.97,135.62,135.70,135.70,11.6929,22.1595,27.2171,31.4848,34.2786,35.733,36.5229,37.2217,37.725,38.2317,38.7415,39.2544,39.9775,40.8105,42.3897,45.6039,51.0621,11.315,5.60248
20.136,-0.4297,0.9916,0.0001,6,148.02,3.81,0.49,-0.3128,0.0675,9454.06,0.0,132.24,136.03,136.39,136.39,11.9392,22.3914,27.4053,31.6301,34.395,35.8344,36.6162,37.3079,37.8061,38.3076,38.8123,39.3202,40.0361,40.8609,42.4248,45.6093,51.0204,10.8216,5.47416
20.161,-0.4348,0.5454,0.0000,6,148.41,4.58,0.45,-0.3199,0.0842,9499.57,0.0,132.48,136.25,137.05,137.05,12.1603,22.573,27.5369,31.7155,34.4502,35.8741,36.6477,37.332,37.825,38.3214,38.8209,39.3236,40.0322,40.8488,42.3976,45.5524,50.9178,10.382,5.34089
20.180,-0.4386,0.3000,0.0000,6,148.61,5.18,0.38,-0.3287,0.1002,9338.4,0.0,132.70,136.40,134.78,134.78,12.3562,22.7054,27.6132,31.7425,34.4456,35.8535,36.6184,37.2954,37.7831,38.2741,38.7684,39.2657,39.9671,40.7754,42.3089,45.4343,50.755,9.99058,5.20205
20.205,-0.4414,0.1650,0.0000,6,148.54,5.62,0.29,-0.3394,0.1157,9212.68,0.0,132.82,136.42,132.97,132.97,12.5319,22.8034,27.6522,31.7311,34.4023,35.7941,36.5505,37.2201,37.7024,38.1882,38.6772,39.1693,39.8634,40.6635,42.1819,45.2784,50.5558,9.63355,5.05564
20.223,-0.4436,0.0907,0.0000,6,148.30,5.93,0.25,-0.3520,0.1311,9125.0,0.0,132.78,136.30,130.43,132.97,12.6929,22.8817,27.6721,31.7015,34.3415,35.7177,36.4658,37.128,37.6052,38.0859,38.5698,39.0568,39.7439,40.536,42.0397,45.1081,50.3439,9.29824,4.89965
20.249,-0.4452,0.0499,0.0000,6,147.95,6.25,0.24,-0.3667,0.1473,9066.24,0.0,132.56,136.11,129.22,132.48,12.851,22.9708,27.7101,31.6954,34.3074,35.6693,36.4099,37.0655,37.538,38.0139,38.4932,38.9756,39.6562,40.441,41.9311,44.9734,50.17,8.96212,4.73083
20.267,-0.4464,0.0274,0.0000,6,147.54,6.66,0.25,-0.3834,0.1645,9021.25,0.0,132.20,135.89,128.37,132.03,13.0117,23.084,27.782,31.7305,34.3185,35.6683,36.4022,37.0521,37.5205,37.9923,38.4675,38.9458,39.6207,40.399,41.877,44.8957,50.0562,8.61739,4.55426
20.292,-0.4473,0.0151,0.0000,6,147.09,7.19,0.26,-0.4022,0.1827,8982.55,0.0,131.75,135.61,127.66,131.62,13.1748,23.2193,27.8851,31.8035,34.3714,35.7108,36.4391,37.0841,37.5489,38.0172,38.4888,38.9636,39.6334,40.406,41.8733,44.8709,15.4559,8.26801,4.38161
20.311,-0.4480,0.0083,0.0000,6,146.62,7.79,0.25,-0.4232,0.2015,8947.63,0.0,131.27,135.26,127.07,131.20,13.3338,23.3586,27.9967,31.8886,34.4388,35.7688,36.4921,37.1325,37.5942,38.0593,38.5276,38.9991,39.6644,40.4317,41.8892,44.8674,13.8933,7.92802,4.2151
20.336,-0.4485,0.0046,0.0000,6,146.13,8.40,0.25,-0.4454,0.2055,8914.28,0.0,130.76,134.84,126.54,130.77,13.4863,23.4947,28.1079,31.9758,34.5095,35.8309,36.5496,37.1859,37.6446,38.1067,38.5721,39.0405,39.7015,40.464,41.9124,44.8725,12.8285,7.60248,4.05545
20.355,-0.4488,0.0025,0.0000,6,145.63,9.01,0.24,-0.4667,0.2033,8882.01,0.0,130.24,134.37,126.04,130.33,13.6316,23.6252,28.2155,32.0611,34.5797,35.8932,36.6075,37.2399,37.6959,38.1552,38.6177,39.0833,39.7404,40.4983,41.9382,44.8814,11.9739,7.29268,3.90281
20.380,-0.4491,0.0014,0.0000,6,145.12,9.70,0.19,-0.4870,0.2016,8849.36,0.0,129.69,133.90,125.52,129.91,13.7731,23.7591,28.3304,32.1568,34.6621,35.9685,36.679,37.308,37.7614,38.2182,38.6782,39.1413,39.7948,40.5487,41.9809,44.9088,11.2262,6.99402,3.75654
20.399,-0.4493,0.0008,0.0000,6,144.59,10.40,0.17,-0.5062,0.2001,8816.46,0.0,129.12,133.40,125.01,129.48,13.9096,23.8925,28.4475,32.2573,34.7508,36.0508,36.7578,37.3837,37.8349,38.2894,38.7472,39.208,39.8583,40.6085,42.0336,44.9476,10.5654,6.70892,3.61697
20.423,-0.4495,0.0004,0.0000,6,144.05,11.06,0.15,-0.5244,0.1987,8783.82,0.0,128.56,132.87,124.53,129.01,14.037,24.0146,28.5538,32.3474,34.8296,36.1236,36.8271,37.4501,37.8992,38.3516,38.8072,39.2659,39.9131,40.6597,42.0783,44.9791,9.99162,6.44258,3.48495
20.443,-0.4496,0.0002,0.0000,6,143.50,11.65,0.15,-0.5417,0.1970,8750.44,0.0,128.00,132.30,124.06,128.52,14.153,24.1191,28.6411,32.418,34.8887,36.1766,36.8769,37.497,37.944,38.3943,38.8477,39.3043,39.9485,40.6917,42.1039,44.9918,9.49596,6.19675,3.36057
20.467,-0.4497,0.0001,0.0000,6,142.95,12.16,0.15,-0.5580,0.1948,8717.15,0.0,127.45,131.71,123.62,128.00,14.2561,24.2015,28.704,32.4632,34.9217,36.2033,36.9003,37.5174,37.9622,38.4103,38.8616,39.3161,39.9573,40.6971,42.1028,44.9781,9.06968,5.97203,3.24391
20.486,-0.4498,0.0001,0.0000,6,142.40,12.59,0.16,-0.5734,0.1922,8683.83,0.0,126.91,131.10,123.19,127.47,14.3455,24.2598,28.7399,32.4794,34.925,36.2001,36.8935,37.5075,37.9501,38.396,38.8451,39.2974,39.9355,40.6718,42.071,44.9336,8.70432,5.76801,3.13478
20.511,-0.4498,0.0000,0.0000,6,141.85,12.93,0.17,-0.5880,0.1892,8650.55,0.0,126.38,130.49,122.76,126.94,14.4209,24.2936,28.7484,32.4664,34.8984,36.1665,36.8562,37.4669,37.9073,38.3509,38.7977,39.2477,39.8826,40.6153,42.0079,44.8578,8.39232,5.58397,3.03315
20.530,-0.4499,0.0000,0.0000,6,141.30,13.20,0.17,-0.6017,0.1857,8617.4,0.0,125.87,129.88,122.34,126.41,14.4832,24.3044,28.7311,32.4259,34.8435,36.1043,36.7902,37.3976,37.8356,38.2769,38.7213,39.1689,39.8007,40.5297,41.9155,44.7526,8.12637,5.41854,2.93878
20.555,-0.4499,0.0000,0.0000,6,140.76,13.39,0.17,-0.6144,0.1817,8584.47,0.0,125.36,129.29,121.91,125.88,14.5328,24.2938,28.6898,32.36,34.7624,36.0157,36.6976,37.3016,37.7371,38.1759,38.6179,39.0631,39.6916,40.4169,41.7958,44.62,7.90135,5.27057,2.85144
20.574,-0.4499,0.0000,0.0000,6,140.22,13.52,0.17,-0.6264,0.1773,8551.82,0.0,124.87,128.70,121.49,125.36,14.5704,24.263,28.6261,32.2702,34.6568,35.9024,36.5801,37.1805,37.6135,38.0498,38.4894,38.9321,39.5571,40.2786,41.6506,44.4619,7.71357,5.13918,2.77094
20.598,-0.4499,0.0000,0.0000,6,139.69,13.58,0.17,-0.6375,0.1726,8519.49,0.0,124.39,128.13,121.07,124.84,14.5965,24.213,28.541,32.1578,34.5279,35.7654,36.4389,37.0356,37.466,37.8997,38.3367,38.777,39.3985,40.1161,41.481,44.2791,7.561,5.0238,2.69714
20.624,-0.4500,0.0000,0.0000,6,139.16,13.58,0.17,-0.6478,0.1674,8487.54,0.0,123.92,127.58,120.66,124.33,14.6115,24.1448,28.4356,32.0237,34.3768,35.6059,36.275,36.868,37.2957,37.7268,38.1612,38.5988,39.2168,39.9304,41.2882,44.073,7.44254,4.92397,2.62991
20.643,-0.4500,0.0000,0.0000,6,138.64,13.53,0.17,-0.6572,0.1619,8456.02,0.0,123.46,127.03,120.25,123.83,14.616,24.0595,28.3109,31.8693,34.2047,35.4251,36.0897,36.6788,37.1038,37.5322,37.9639,38.3989,39.0133,39.7228,41.0733,43.8447,7.35788,4.83945,2.56913
20.668,-0.4500,0.0000,0.0000,6,138.13,13.41,0.17,-0.6659,0.1561,8424.95,0.0,123.01,126.50,119.85,123.33,14.6105,23.9579,28.1683,31.6956,34.0127,35.2243,35.8843,36.4694,36.8915,37.3171,37.7461,38.1784,38.789,39.4944,40.8373,43.5951,7.30728,4.76991,2.51464
20.686,-0.4500,0.0000,0.0000,6,137.62,13.25,0.17,-0.6738,0.1499,8394.37,0.0,122.58,125.99,119.45,122.85,14.5955,23.8415,28.0091,31.5045,33.8027,35.0052,35.6604,36.2414,36.6606,37.0833,37.5095,37.939,38.5458,39.247,40.5823,43.3263,7.29179,4.71523,2.4664
20.712,-0.4500,0.0000,0.0000,6,137.13,13.04,0.17,-0.6809,0.1435,8364.28,0.0,122.16,125.49,119.06,122.37,14.5718,23.7115,27.8349,31.2973,33.5761,34.7693,35.4196,35.9963,36.4126,36.8324,37.2557,37.6824,38.2853,38.9821,40.3096,43.0395,7.31316,4.67528,2.42425
20.729,-0.4500,0.0000,0.0000,6,136.64,12.78,0.17,-0.6873,0.1368,8334.7,0.0,121.75,125.00,118.67,121.91,14.54,23.5695,27.6475,31.0761,33.3352,34.5187,35.164,35.7365,36.1497,36.5666,36.9869,37.4107,38.0097,38.7021,40.0217,42.7373,7.37421,4.64996,2.38806
20.755,-0.4500,0.0000,0.0000,6,136.16,12.49,0.16,-0.6929,0.1299,8305.62,0.0,121.35,124.54,118.29,121.45,14.501,23.4171,27.4487,30.8429,33.0819,34.2556,34.8959,35.464,35.8742,36.288,36.7054,37.1262,37.7212,38.409,39.7206,42.4218,7.47907,4.6392,2.35773
20.774,-0.4500,0.0000,0.0000,6,135.69,12.17,0.16,-0.6979,0.1228,8277.02,0.0,120.96,124.09,117.90,121.01,14.4556,23.2559,27.2406,30.6,32.8186,33.9824,34.6175,35.1813,35.5883,35.9991,36.4135,36.8314,37.4222,38.1055,39.409,42.0956,7.63372,4.64287,2.3331
20.799,-0.4500,0.0000,0.0000,6,135.22,11.83,0.16,-0.7021,0.1157,8248.89,0.0,120.58,123.66,117.52,120.58,14.4045,23.0878,27.0252,30.3495,32.5475,33.7014,34.3313,34.8906,35.2946,35.7022,36.1136,36.5285,37.1152,37.794,39.0893,41.7612,7.84825,4.66124,2.31415
20.817,-0.4500,0.0000,0.0000,6,134.76,11.48,0.16,-0.7056,0.1084,8221.21,0.0,120.20,123.25,117.14,120.16,14.3484,22.9141,26.8042,30.0934,32.2708,33.4148,34.0396,34.5944,34.9952,35.3998,35.808,36.2199,36.8026,37.4768,38.7639,41.4211,8.1387,4.69446,2.30075
20.842,-0.4500,0.0000,0.0000,6,134.31,11.11,0.16,-0.7084,0.1012,8193.93,0.0,119.83,122.85,116.76,119.75,14.2882,22.7369,26.58,29.8343,31.9912,33.1253,33.7449,34.2952,34.693,35.0944,35.4997,35.9086,36.4872,37.1568,38.4358,41.0784,8.53261,4.74242,2.29276
20.862,-0.4500,0.0000,0.0000,6,133.87,10.75,0.16,-0.7106,0.0940,8167.04,0.0,119.47,122.46,116.38,119.35,14.2245,22.5575,26.3542,29.5741,31.7107,32.835,33.4495,33.9955,34.3901,34.7886,35.1908,35.5968,36.1713,36.8364,38.1074,40.7355,9.09089,4.80529,2.29006
20.886,-0.4500,0.0000,0.0000,6,133.43,10.39,0.16,-0.7121,0.0869,8140.49,0.0,119.11,122.09,116.00,118.97,14.158,22.3773,26.1286,29.3146,31.4314,32.5461,33.1556,33.6972,34.0889,34.4843,34.8836,35.2867,35.8572,36.5179,37.7809,40.3948,10.008,4.88347,2.29259
20.905,-0.4500,0.0000,0.0000,6,132.99,10.05,0.16,-0.7129,0.0799,8114.25,0.0,118.75,121.73,115.62,118.59,14.0895,22.1979,25.905,29.0581,31.1556,32.2609,32.8655,33.4029,33.7916,34.1841,34.5806,34.9808,35.5474,36.2038,37.4591,40.0591,44.6185,4.97702,2.30023
20.930,-0.4500,0.0000,0.0000,6,132.56,9.73,0.16,-0.7131,0.0731,8088.28,0.0,118.40,121.39,115.24,118.22,14.0194,22.0205,25.685,28.8063,30.885,31.9813,32.5811,33.1145,33.5003,33.8901,34.2837,34.6812,35.2441,35.8963,37.1441,39.7308,44.273,5.08608,2.31282
20.949,-0.4500,0.0000,0.0000,6,132.13,9.43,0.16,-0.7127,0.0666,8062.56,0.0,118.04,121.05,114.85,117.87,13.9482,21.8463,25.4698,28.5606,30.6214,31.709,32.3043,32.8338,33.2169,33.6039,33.9949,34.3898,34.9491,35.5973,36.838,39.4118,43.9377,5.21098,2.3303
20.974,-0.4500,0.0000,0.0000,6,131.71,9.16,0.16,-0.7117,0.0604,8037.03,0.0,117.68,120.72,114.47,117.52,13.8764,21.6761,25.2607,28.3225,30.3662,31.4456,32.0366,32.5624,32.9429,33.3273,33.7158,34.1082,34.6641,35.3085,36.5424,39.1041,43.6148,5.35191,2.35251
20.992,-0.4500,0.0000,0.0000,6,131.29,8.93,0.16,-0.7102,0.0544,8011.67,0.0,117.32,120.39,114.08,117.17,13.8043,21.5108,25.0587,28.0931,30.1207,31.1923,31.7793,32.3016,32.6796,33.0617,33.4478,33.8378,34.3905,35.0314,36.2589,38.8093,43.3058,5.50906,2.37935
21.018,-0.4500,0.0000,0.0000,6,130.87,8.73,0.16,-0.7080,0.0488,7986.45,0.0,116.95,120.07,113.69,116.83,13.7323,21.3508,24.8642,27.8731,29.8857,30.9501,31.5332,32.0523,32.4281,32.8079,33.1918,33.5797,34.1293,34.7669,35.9886,38.5285,43.012,5.68276,2.41062
21.036,-0.4500,0.0000,0.0000,6,130.46,8.57,0.16,-0.7052,0.0436,7961.33,0.0,116.58,119.75,113.30,116.50,13.6605,21.1967,24.678,27.6631,29.6619,30.7195,31.2993,31.8153,32.189,32.5668,32.9486,33.3345,33.8814,34.516,35.7323,38.2627,42.7345,5.87341,2.44623
21.062,-0.4500,0.0000,0.0000,6,130.04,8.45,0.16,-0.7020,0.0388,7936.28,0.0,116.21,119.43,112.91,116.17,13.5889,21.0484,24.5002,27.4634,29.4495,30.501,31.0775,31.5909,31.9626,32.3385,32.7185,33.1026,33.647,34.2788,35.4902,38.0121,42.4738,6.08172,2.48611
21.086,-0.4500,0.0000,0.0000,6,129.63,8.36,0.15,-0.6981,0.0343,7911.29,0.0,115.83,119.11,112.52,115.84,13.5178,20.9062,24.3307,27.274,29.2485,30.2944,30.8681,31.379,31.749,32.1232,32.5015,32.884,33.4263,34.0556,35.2627,37.7771,42.2302,6.30821,2.52998
21.105,-0.4500,0.0000,0.0000,6,129.21,8.31,0.15,-0.6938,0.0302,7886.33,0.0,115.45,118.78,112.12,115.51,13.4471,20.7697,24.1693,27.0945,29.0586,30.0996,30.6707,31.1795,31.5479,31.9206,32.2975,32.6785,33.2188,33.846,35.0492,37.5571,42.0126,6.55401,2.57777
21.130,-0.4500,0.0000,0.0000,6,128.80,8.29,0.15,-0.6890,0.0265,7861.37,0.0,115.06,118.45,111.73,115.18,13.3767,20.6386,24.0157,26.9246,28.8794,29.916,30.4849,30.9917,31.3588,31.7302,32.1058,32.4855,33.0241,33.6495,34.8495,37.3519,41.8274,6.82035,2.6293
21.149,-0.4500,0.0000,0.0000,6,128.39,8.30,0.15,-0.6837,0.0231,7836.4,0.0,114.67,118.12,111.35,114.85,13.3065,20.5125,23.8692,26.7636,28.7102,29.743,30.3099,30.815,31.181,31.5512,31.9257,32.3044,32.8415,33.4653,34.6625,37.1605,41.6758,7.10901,2.68458
21.173,-0.4500,0.0000,0.0000,6,127.97,8.34,0.15,-0.6780,0.0201,7811.41,0.0,114.28,117.78,110.96,114.51,13.2364,20.3911,23.7293,26.6108,28.5502,29.5796,30.1448,30.6486,31.0135,31.3828,31.7563,32.1341,32.67,33.2925,34.4875,36.9819,41.5592,7.42208,2.74333
21.193,-0.4500,0.0000,0.0000,6,127.56,8.40,0.15,-0.6718,0.0174,7786.37,0.0,113.88,117.43,110.57,114.17,13.1663,20.2736,23.5953,26.4654,28.3986,29.4252,29.9889,30.4914,30.8556,31.2241,31.5968,31.9738,32.5088,33.1301,34.3234,36.8153,41.4787,7.7627,2.80548
21.218,-0.4500,0.0000,0.0000,6,127.14,8.48,0.15,-0.6652,0.0149,7761.29,0.0,113.48,117.08,110.19,113.83,13.0961,20.1597,23.4665,26.3266,28.2544,29.2786,29.8411,30.3426,30.7061,31.0739,31.446,31.8225,32.3566,32.9772,34.1691,36.6592,41.4356,8.13511,2.8709
21.236,-0.4500,0.0000,0.0000,6,126.72,8.57,0.15,-0.6582,0.0127,7736.16,0.0,113.09,116.72,109.81,113.49,13.0255,20.0486,23.3421,26.1934,28.1167,29.1388,29.7004,30.2011,30.564,30.9313,31.303,31.6789,32.2125,32.8325,34.0235,36.5126,41.4313,8.5458,2.93956
21.261,-0.4500,0.0000,0.0000,6,126.31,8.68,0.15,-0.6508,0.0107,7710.96,0.0,112.69,116.35,109.43,113.14,12.9545,19.9401,23.2215,26.0651,27.9846,29.0051,29.5659,30.0659,30.4285,30.7954,31.1666,31.5423,32.0755,32.695,33.8855,36.377,41.4676,9.00358,3.01118
21.280,-0.4500,0.0000,0.0000,6,125.89,8.79,0.15,-0.6430,0.0089,7685.71,0.0,112.28,115.98,109.06,112.79,12.8829,19.8333,23.1039,25.9408,27.8571,28.8763,29.4365,29.9361,30.2983,30.6649,31.036,31.4114,31.9443,32.5636,33.7539,36.2665,41.5459,9.52368,3.08575
21.305,-0.4500,0.0000,0.0000,6,125.47,8.91,0.15,-0.6350,0.0073,7660.41,0.0,111.88,115.60,108.68,112.43,12.8106,19.7279,22.9887,25.8198,27.7334,28.7516,29.3114,29.8106,30.1726,30.5391,30.91,31.2853,31.818,32.4373,33.6277,36.184,41.6686,10.1323,3.16309
21.324,-0.4500,0.0000,0.0000,6,125.05,9.03,0.15,-0.6266,0.0059,7635.05,0.0,111.48,115.22,108.31,112.07,12.7375,19.6234,22.8752,25.7013,27.6128,28.6302,29.1897,29.6887,30.0506,30.417,30.7878,31.1631,31.6958,32.3152,33.5059,36.1303,41.8381,10.8846,3.24318
21.349,-0.4500,0.0000,0.0000,6,124.63,9.14,0.15,-0.6179,0.0046,7609.66,0.0,111.08,114.83,107.94,111.71,12.6636,19.5197,22.7633,25.585,27.4948,28.5117,29.071,29.5699,29.9317,30.2981,30.669,31.0443,31.5772,32.1968,33.3916,36.1067,42.0578,11.9501,3.32566
21.367,-0.4500,0.0000,0.0000,6,124.20,9.26,0.15,-0.6089,0.0035,7584.22,0.0,110.68,114.44,107.57,111.35,12.589,19.4165,22.6526,25.4704,27.3789,28.3955,28.9546,29.4536,29.8154,30.1818,30.5528,30.9282,31.4614,32.0812,33.2997,36.1146,42.3313,56.7045,3.41041
21.393,-0.4500,0.4500,0.0000,6,123.78,9.37,0.15,-0.5997,0.0024,7558.77,0.0,110.28,114.04,107.20,110.98,12.5135,19.3133,22.5423,25.3567,27.2641,28.2806,28.8398,29.3388,29.7007,30.0673,30.4383,30.814,31.3474,31.973,33.2328,36.1552,42.6625,58.0004,3.49743
21.412,-0.4500,0.6975,0.0000,6,123.37,9.45,0.14,-0.5903,0.0011,7666.26,0.0,109.89,113.62,110.54,110.54,12.4342,19.2024,22.4228,25.2326,27.1383,28.1542,28.7132,29.2121,29.574,29.9406,30.3117,30.6874,31.2265,31.872,33.1754,36.2102,43.0269,59.4301,3.58809
21.436,-0.4500,0.8336,0.0000,6,123.23,9.47,0.15,-0.5806,-0.0008,7830.15,0.0,109.58,113.24,112.93,112.93,12.3479,19.0751,22.2828,25.0847,26.9866,28.001,28.5594,29.0577,29.4193,29.7855,30.157,30.5389,31.0943,31.7601,33.1067,36.2545,43.3887,60.9333,3.6839
21.455,-0.4500,0.9085,0.0000,6,123.27,9.48,0.15,-0.5706,-0.0031,7936.77,0.0,109.42,113.00,114.49,114.49,12.2558,18.9353,22.1272,24.9189,26.8156,27.8278,28.385,28.8825,29.2435,29.6124,29.9931,30.3861,30.9579,31.6442,33.0346,36.2979,43.7637,62.5533,3.78482
21.480,-0.4500,0.9497,0.0000,6,123.42,9.47,0.15,-0.5603,-0.0059,8005.49,0.0,109.39,112.89,115.49,115.49,12.1577,18.7821,21.955,24.7339,26.6239,27.633,28.1887,28.6859,29.0529,29.4316,29.8226,30.2265,30.8148,31.5215,32.9561,36.337,44.1482,64.2957,3.89156
21.498,-0.4500,0.9723,0.0000,6,123.63,9.42,0.15,-0.5496,-0.0094,8049.5,0.0,109.46,112.88,116.14,116.14,12.0515,18.6108,21.7603,24.5228,26.4038,27.4088,27.9637,28.4701,28.8459,29.2341,29.635,30.0495,30.6536,31.3803,32.8581,36.3557,44.5182,66.1214,4.00584
21.524,-0.4500,0.9848,0.0000,6,123.89,9.30,0.15,-0.5386,-0.0137,8076.94,0.0,109.63,112.92,116.54,116.54,11.936,18.4177,21.5381,24.2797,26.1488,27.1489,27.7122,28.2293,28.6132,29.01,29.4202,29.8445,30.4634,31.2088,32.7273,36.3369,44.8471,67.9767,4.12913
21.542,-0.4500,0.9916,0.0000,6,124.19,9.09,0.14,-0.5271,-0.0188,8095.68,0.0,109.86,113.02,116.81,116.81,11.8105,18.2015,21.2868,24.0026,25.8567,26.8591,27.4321,27.9585,28.3496,28.7541,29.1726,29.6056,30.238,31.0003,32.5564,36.2708,45.1177,69.8243,4.26286
21.567,-0.4500,0.9954,0.0000,6,124.50,8.80,0.14,-0.5152,-0.0249,8109.96,0.0,110.15,113.16,117.02,117.02,11.6761,17.965,21.0099,23.6954,25.5318,26.5443,27.1257,27.6603,28.0578,28.469,28.8948,29.3357,29.9801,30.7578,32.348,36.1602,45.333,71.6705,4.40755
21.586,-0.4500,0.9975,0.0000,6,124.82,8.45,0.13,-0.5028,-0.0314,8122.28,0.0,110.48,113.35,117.20,117.20,11.5348,17.7135,20.7142,23.3661,25.1886,26.2129,26.8017,27.3436,27.7468,28.1643,28.5967,29.0448,29.7002,30.4922,32.1146,36.0203,45.5156,73.5764,4.56303
21.611,-0.4500,0.9986,0.0000,6,125.15,8.07,0.12,-0.4899,-0.0383,8134.46,0.0,110.84,113.60,117.37,117.37,11.3892,17.4544,20.409,23.0258,24.8418,25.8773,26.4733,27.0222,27.431,27.8545,28.2934,28.7486,29.415,30.221,31.8754,35.8757,45.7061,75.6631,4.72829
21.630,-0.4500,0.9992,0.0000,6,125.48,7.70,0.11,-0.4765,-0.0451,8146.4,0.0,111.20,113.90,117.55,117.55,11.2413,17.1932,20.1016,22.683,24.5013,25.5485,26.152,26.7083,27.1229,27.5527,27.9985,28.4612,29.1391,29.96,31.6484,35.7498,45.945,78.0769,4.90252
21.655,-0.4500,0.9996,0.0000,6,125.81,7.36,0.11,-0.4626,-0.0517,8157.64,0.0,111.56,114.25,117.71,117.71,11.0925,16.9335,19.7966,22.3434,24.1742,25.2343,25.8461,26.4106,26.8316,27.2684,27.7218,28.1927,28.8833,29.7208,31.4467,35.6604,46.2659,80.9737,5.08493
21.674,-0.4500,0.9998,0.0000,6,126.14,7.07,0.12,-0.4482,-0.0581,8170.18,0.0,111.91,114.61,117.89,117.89,10.9432,16.6769,19.4961,22.0131,23.8646,24.9394,25.5605,26.1343,26.5626,27.0073,27.4693,27.9495,28.6544,29.5105,31.2789,35.6196,46.6952,84.5258,5.27522
21.699,-0.4500,0.9999,0.0000,6,126.48,6.81,0.12,-0.4332,-0.0641,8183.76,0.0,112.25,115.00,118.08,118.08,10.7934,16.4236,19.2007,21.6992,23.5746,24.6662,25.2981,25.8824,26.319,26.7727,27.2444,27.7351,28.4564,29.3336,31.1502,35.6358,47.2556,88.9458,5.47338
21.718,-0.4500,0.9999,0.0000,6,126.81,6.61,0.12,-0.4177,-0.0698,8198.66,0.0,112.58,115.38,118.30,118.30,10.643,16.1733,18.9099,21.4026,23.3053,24.416,25.0601,25.6564,26.1024,26.5663,27.0491,27.5519,28.2917,29.1929,31.0645,35.7158,47.9687,94.5166,5.6795
21.743,-0.4500,0.9999,0.0000,6,127.14,6.45,0.12,-0.4016,-0.0752,8215.02,0.0,112.91,115.75,118.53,118.53,10.4917,15.9254,18.6228,21.1233,23.057,24.1894,24.8472,25.4571,25.9138,26.3893,26.8846,27.4009,28.1617,29.0902,31.0242,35.8649,48.8574,101.644,5.89392
21.767,-0.4500,1.0000,0.0000,6,127.47,6.33,0.12,-0.3850,-0.0804,8232.91,0.0,113.22,116.12,118.79,118.79,10.3392,15.679,18.3386,20.8614,22.83,23.9867,24.6602,25.2853,25.754,26.2425,26.7519,27.2836,28.0682,29.0275,31.0322,36.0896,49.9501,110.952,6.11699
21.786,-0.4500,1.0000,0.0000,6,127.81,6.24,0.13,-0.3678,-0.0853,8252.27,0.0,113.53,116.49,119.07,119.07,10.1851,15.4335,18.0584,20.6171,22.6248,23.809,24.4998,25.1421,25.6243,26.1274,26.6527,27.2017,28.0131,29.0073,31.0923,36.3981,51.2839,123.469,6.34898
21.812,-0.4500,1.0000,0.0000,6,128.14,6.19,0.13,-0.3500,-0.0899,8272.97,0.0,113.84,116.84,119.36,119.36,10.0293,15.1884,17.791,20.391,22.4424,23.6572,24.3676,25.0292,25.5266,26.0461,26.5894,27.1579,27.9996,29.0332,31.2097,36.8011,52.9084,141.009,6.59026
21.830,-0.4421,1.0000,0.0000,6,128.47,6.18,0.13,-0.3316,-0.0942,8294.83,0.0,114.14,117.18,119.68,119.68,9.87168,14.9434,17.5378,20.1838,22.2842,23.5332,24.2655,24.9488,25.4633,26.0014,26.5649,27.1554,28.0314,29.1099,31.3907,37.3123,54.8902,167.1,6.84106
21.855,-0.3617,1.0000,0.0000,6,128.80,6.19,0.13,-0.3127,-0.0984,8317.62,0.0,114.46,117.55,120.01,120.01,9.71189,14.6977,17.2989,19.9961,22.1511,23.4385,24.1954,24.9031,25.4368,25.9959,26.5822,27.1977,28.1126,29.2421,31.6423,37.9477,57.317,200.0,7.1018
21.874,-0.3255,1.0000,0.0000,6,129.14,6.23,0.13,-0.2931,-0.1024,8340.84,0.0,115.09,118.18,120.34,120.34,9.54939,14.4497,17.0728,19.8262,22.0412,23.3712,24.1555,24.8903,25.4455,26.028,26.64,27.2835,28.2423,29.4295,31.9657,38.716,60.2824,200.0,7.37366
21.899,-0.2929,1.0000,0.0000,6,129.49,6.28,0.12,-0.2730,-0.1064,8363.93,0.0,115.72,118.79,120.68,120.68,9.38317,14.1983,16.8564,19.6697,21.9496,23.326,24.1401,24.9047,25.4835,26.0919,26.7322,27.4069,28.4144,29.6662,32.3557,39.6182,63.8878,200.0,7.65908
21.918,-0.2636,1.0000,0.0000,6,129.85,6.32,0.12,-0.2522,-0.1106,8386.67,0.0,116.32,119.33,121.00,121.00,9.21255,13.9515,16.6472,19.5234,21.8725,23.2986,24.1451,24.942,25.5466,26.1832,26.8546,27.5633,28.6247,29.9481,32.8093,40.6592,68.2803,200.0,7.96044
21.942,-0.2373,1.0000,0.0000,6,130.23,6.35,0.12,-0.2308,-0.1149,8408.73,0.0,116.89,119.83,121.32,121.32,9.03669,13.7088,16.442,19.3828,21.8044,23.2832,24.1641,24.9956,25.6279,26.295,26.9999,27.7458,28.8659,30.2679,33.3195,41.8391,73.6471,200.0,8.28094
21.961,-0.2136,1.0000,0.0000,6,130.63,6.34,0.12,-0.2088,-0.1196,8429.87,0.0,117.45,120.30,121.63,121.63,8.85497,13.4682,16.2377,19.2434,21.7393,23.273,24.1901,25.0581,25.7196,26.4191,27.1598,27.9455,29.1289,30.6161,33.8768,43.1543,80.2352,182.942,8.62435
21.987,-0.1922,1.0000,0.0000,6,131.04,6.29,0.12,-0.1861,-0.1248,8449.96,0.0,118.00,120.74,121.92,121.92,8.66679,13.2276,16.0309,19.1002,21.6709,23.2608,24.2151,25.1209,25.813,26.5463,27.3247,28.1523,29.4029,30.9814,34.4687,44.597,88.3848,124.074,8.994
22.005,-0.1730,1.0000,0.0000,6,131.46,6.19,0.12,-0.1627,-0.1306,8468.96,0.0,118.56,121.17,122.19,122.19,8.4718,12.9856,15.8189,18.9488,21.5933,23.2393,24.2313,25.1757,25.8991,26.6673,27.4847,28.356,29.6769,31.3517,35.0819,46.1566,98.5817,97.8149,9.35629
22.030,-0.1557,1.0000,0.0000,6,131.90,6.03,0.12,-0.1386,-0.1370,8486.89,0.0,119.12,121.58,122.45,122.45,8.2696,12.7406,15.5992,18.7851,21.5004,23.2018,24.2313,25.2142,25.9691,26.7727,27.6297,28.5457,29.9391,31.7141,35.7011,47.8184,111.547,83.1477,9.69778
22.049,-0.1401,1.0000,0.0000,6,132.35,5.81,0.12,-0.1137,-0.1440,8503.88,0.0,119.68,122.00,122.70,122.70,8.06008,12.4919,15.3702,18.606,21.3881,23.1426,24.2087,25.2296,26.0157,26.8544,27.7512,28.7123,30.1793,32.0571,36.3121,49.5679,128.419,73.9264,10.0217
22.075,-0.1138,1.0000,0.0000,6,132.81,5.54,0.12,-0.0880,-0.1518,8520.1,0.0,120.26,122.41,122.94,122.94,7.84329,12.2391,15.1308,18.4095,21.2527,23.0574,24.1585,25.2161,26.0325,26.9057,27.8417,28.8475,30.3882,32.3698,36.9009,51.3877,151.083,67.7038,10.3307
22.093,-0.1424,1.0000,0.0000,6,133.29,5.22,0.12,-0.0615,-0.1603,8535.44,0.0,120.88,122.85,123.16,123.16,7.61865,11.9801,14.8772,18.1892,21.0849,22.9346,24.0676,25.1591,26.0039,26.9095,27.8826,28.931,30.5428,32.626,37.4324,53.2156,182.406,63.3829,10.629
22.118,-0.1864,1.0000,0.0000,6,133.77,4.83,0.12,-0.0341,-0.1693,8551.53,0.0,121.33,123.18,123.39,123.39,7.3942,11.7203,14.6182,17.9576,20.9012,22.7935,23.957,25.0813,25.9537,26.8911,27.9009,28.9918,30.6749,32.8611,37.9522,55.1476,200.0,60.1305,10.913
22.137,-0.2079,1.0000,0.0000,6,134.25,4.43,0.12,-0.0058,-0.1782,8571.05,0.0,121.65,123.49,123.67,123.67,7.17822,11.472,14.3739,17.7464,20.745,22.6855,23.8838,25.0455,25.9494,26.9231,27.9749,29.1146,30.8797,33.1851,38.6096,57.5289,200.0,57.2691,11.1723
22.162,-0.1871,1.0000,0.0000,6,134.71,4.11,0.12,0.0233,-0.1865,8594.72,0.0,121.96,123.88,124.00,124.00,6.973,11.2442,14.1593,17.5791,20.6495,22.6517,23.8941,25.1028,26.0464,27.0657,28.1704,29.3714,31.2401,33.6962,39.5462,60.7618,200.0,54.5026,11.3995
22.180,-0.1684,1.0000,0.0000,6,135.17,3.91,0.12,0.0534,-0.1943,8621.18,0.0,122.40,124.44,124.39,124.39,6.77834,11.0366,13.9746,17.4576,20.6188,22.698,23.9953,25.2628,26.2558,27.3322,28.503,29.7809,31.7797,34.4266,40.8229,65.1616,200.0,51.8552,11.5962
22.205,-0.1516,1.0000,0.0000,6,135.63,3.78,0.12,0.0844,-0.1996,8648.82,0.0,122.89,124.99,124.78,124.78,6.59295,10.8447,13.8128,17.3715,20.6403,22.8106,24.1731,25.5104,26.5626,27.7074,28.9577,30.3286,32.4858,35.3671,42.4483,71.0258,200.0,49.4283,11.7683
22.224,-0.1364,1.0000,0.0000,6,136.11,3.70,0.12,0.1149,-0.1896,8676.62,0.0,123.39,125.51,125.19,125.19,6.41568,10.6643,13.6668,17.3103,20.6998,22.9734,24.4103,25.8279,26.9483,28.1725,29.5156,30.9956,33.3404,36.5029,44.4272,78.7828,200.0,47.2743,11.9214
22.249,-0.1228,1.0000,0.0000,6,136.59,3.64,0.12,0.1442,-0.1799,8703.83,0.0,123.91,125.99,125.58,125.58,6.24534,10.4907,13.5289,17.2618,20.7809,23.1669,24.6856,26.1923,27.3888,28.7022,30.1503,31.7548,34.3158,37.8074,46.7504,89.0441,200.0,45.4163,12.061
22.268,-0.1105,1.0000,0.0000,6,137.08,3.56,0.12,0.1721,-0.1705,8730.01,0.0,124.44,126.44,125.96,125.96,6.08087,10.3202,13.3925,17.2147,20.8673,23.3716,24.9775,26.5797,27.8588,29.2695,30.8332,32.576,35.3802,39.2487,49.4017,102.76,180.792,43.8491,12.1918
22.292,-0.0995,1.0000,0.0000,6,137.58,3.45,0.12,0.1988,-0.1617,8755.5,0.0,124.99,126.88,126.33,126.33,5.92173,10.1503,13.2528,17.1609,20.9466,23.5718,25.2679,26.9702,28.3365,29.851,31.5391,33.4322,36.5044,40.7964,52.3674,121.535,150.841,42.547,12.3166
22.318,-0.0895,1.0000,0.0000,6,138.09,3.31,0.12,0.2243,-0.1536,8780.51,0.0,125.55,127.31,126.69,126.69,5.76732,9.97888,13.106,17.0928,21.0069,23.7518,25.5388,27.3432,28.7993,30.4217,32.2404,34.2931,37.6542,42.4127,55.6202,148.181,131.59,41.4823,12.438
22.337,-0.0806,1.0000,0.0000,6,138.61,3.14,0.12,0.2487,-0.1461,8805.5,0.0,126.12,127.73,127.05,127.05,5.6174,9.80538,12.9504,17.0069,21.0416,23.9024,25.7791,27.6855,29.2324,30.9648,32.9182,35.1374,38.8049,44.0699,59.1463,186.239,118.373,40.6189,12.5571
22.362,-0.0725,1.0000,0.0000,6,139.13,2.93,0.12,0.2718,-0.1393,8830.92,0.0,126.69,128.16,127.41,127.41,5.4719,9.62995,12.7861,16.9022,21.0479,24.0193,25.983,27.9898,29.627,31.4702,33.5606,35.9515,39.94,45.7488,62.9456,195.425,108.852,39.9216,12.6743
22.380,-0.0653,1.0000,0.0000,6,139.66,2.71,0.12,0.2940,-0.1331,8857.03,0.0,127.27,128.60,127.79,127.79,5.33049,9.45244,12.6128,16.7777,21.0232,24.0979,26.1448,28.2488,29.9747,31.9276,34.1556,36.7209,41.0415,47.4278,67.0129,199.851,101.758,39.3625,12.7899
22.405,-0.0587,1.0000,0.0000,6,140.20,2.49,0.12,0.3151,-0.1274,8884.0,0.0,127.84,129.05,128.18,128.18,5.19322,9.27347,12.4312,16.6337,20.9667,24.1362,26.261,28.4577,30.269,32.3292,34.6932,37.4332,42.0926,49.0841,71.3363,200.0,96.3472,38.9193,12.9042
22.424,-0.0529,1.0000,0.0000,6,140.74,2.26,0.12,0.3354,-0.1224,8911.98,0.0,128.41,129.50,128.58,128.58,5.05967,9.09301,12.2416,16.4707,20.8783,24.1333,26.3301,28.6138,30.5066,32.6702,35.167,38.0801,43.0819,50.7021,75.9178,200.0,92.1317,38.5717,13.0174
22.449,-0.0476,1.0000,0.0000,6,141.28,2.04,0.12,0.3548,-0.1178,8941.01,0.0,128.97,129.96,129.00,129.00,4.92979,8.91183,12.0454,16.2908,20.7605,24.0914,26.3541,28.7188,30.6885,32.951,35.5766,38.66,44.0051,52.2744,80.7753,200.0,88.787,38.3018,13.1292
22.467,-0.0428,1.0000,0.0000,6,141.82,1.84,0.12,0.3734,-0.1136,8971.06,0.0,129.53,130.42,129.43,129.43,4.8034,8.73036,11.8437,16.0957,20.6152,24.0124,26.3344,28.7736,30.8152,33.1713,35.9206,39.17,44.8566,53.7912,85.9229,200.0,86.0974,38.096,13.2396
22.492,-0.0385,1.0000,0.0000,6,142.38,1.65,0.12,0.3913,-0.1098,9002.06,0.0,130.09,130.90,129.88,129.88,4.68024,8.54869,11.6368,15.8859,20.4432,23.8965,26.2709,28.7775,30.8852,33.3288,36.1954,39.6046,45.6271,55.2367,91.3591,200.0,83.919,37.9451,13.3488
22.512,-0.0347,1.0000,0.0000,6,142.93,1.48,0.12,0.4086,-0.1064,9033.91,0.0,130.64,131.37,130.34,130.34,4.56,8.36691,11.4252,15.6627,20.2456,23.7452,26.1648,28.7312,30.8989,33.4231,36.3993,39.9609,46.3105,56.5989,97.0894,200.0,82.1435,37.8409,13.457
22.536,-0.0312,1.0000,0.0000,6,143.48,1.32,0.13,0.4253,-0.1033,9066.54,0.0,131.19,131.85,130.81,130.81,4.44249,8.18518,11.2095,15.4269,20.0241,23.5598,26.0175,28.6359,30.8568,33.4541,36.5317,40.2364,46.9011,57.8656,103.115,200.0,80.692,37.7769,13.5642
22.555,-0.0281,1.0000,0.0000,6,144.04,1.19,0.13,0.4414,-0.1005,9099.81,0.0,131.74,132.34,131.29,131.29,4.32737,8.00316,10.9894,15.1782,19.7774,23.3386,25.8262,28.4876,30.7542,33.4155,36.584,40.4197,47.3805,59.0039,109.361,200.0,79.5196,37.751,13.6711
22.581,-0.0253,1.0000,0.0000,6,144.60,1.06,0.13,0.4571,-0.0979,9133.67,0.0,132.29,132.82,131.78,131.78,4.2144,7.82089,10.7651,14.9175,19.5071,23.083,25.5924,28.2879,30.5922,33.3079,36.5558,40.509,47.7433,59.9999,115.793,200.0,78.5784,37.7585,13.7776
22.599,-0.0228,1.0000,0.0000,6,145.16,0.95,0.13,0.4724,-0.0957,9168.03,0.0,132.83,133.31,132.27,132.27,4.10327,7.63827,10.5369,14.6454,19.2144,22.7948,25.3182,28.0387,30.3726,33.1332,36.4487,40.505,47.9877,60.8445,122.382,200.0,77.8288,37.7953,13.884
22.624,-0.0205,1.0000,0.0000,6,145.73,0.85,0.13,0.4874,-0.0936,9202.85,0.0,133.37,133.81,132.77,132.77,3.99401,7.45591,10.3062,14.3645,18.9035,22.4795,25.01,27.7475,30.1039,32.9004,36.2727,40.4187,48.1261,61.5508,129.177,200.0,77.2291,37.855,13.9898
22.643,-0.0184,1.0000,0.0000,6,146.29,0.77,0.13,0.5020,-0.0918,9238.03,0.0,133.92,134.31,133.28,133.28,3.886,7.27289,10.0717,14.0734,18.5725,22.1345,24.6646,27.4104,29.7813,32.604,36.0207,40.2409,48.1435,62.0902,136.058,200.0,76.768,37.938,14.096
22.668,-0.0166,1.0000,0.0000,6,146.86,0.69,0.13,0.5163,-0.0901,9273.5,0.0,134.46,134.81,133.79,133.79,3.77988,7.09056,9.83551,13.7751,18.2253,21.7646,24.287,27.0327,29.4104,32.2493,35.6979,39.9757,48.0416,62.4546,142.916,200.0,76.4284,38.0412,14.2016
22.687,-0.0149,1.0000,0.0000,6,147.43,0.62,0.13,0.5303,-0.0886,9309.28,0.0,135.00,135.32,134.31,134.31,3.67499,6.90836,9.59743,13.4703,17.8644,21.3737,23.8828,26.6215,28.9995,31.8468,35.3169,39.6392,47.8426,62.6783,149.914,200.0,76.1761,38.1591,14.307
22.712,-0.0134,1.0000,0.0000,6,148.01,0.56,0.13,0.5441,-0.0872,9345.3,0.0,135.54,135.83,134.83,134.83,3.57109,6.72605,9.35732,13.1591,17.4902,20.9627,23.4528,26.1779,28.5501,31.3978,34.8793,39.2327,47.5468,62.7577,157.017,200.0,76.0007,38.2906,14.4124
22.731,-0.0350,1.0000,0.0000,6,148.58,0.51,0.13,0.5577,-0.0860,9381.5,0.0,136.08,136.35,135.35,135.35,3.46792,6.54307,9.11428,12.8401,17.1002,20.5279,22.9925,25.6961,28.0551,30.8936,34.3741,38.7416,47.1313,62.6475,163.89,200.0,75.9115,38.439,14.5184
22.755,-0.0746,1.0000,0.0000,6,149.16,0.42,0.13,0.5711,-0.0842,9418.39,0.0,136.54,136.92,135.88,135.88,3.36805,6.37061,8.89038,12.5571,16.7722,20.1814,22.6425,25.3518,27.7239,30.5882,34.1155,38.5656,47.1893,63.4041,170.947,200.0,75.4848,38.4969,14.6123
22.774,-0.1023,1.0000,0.0000,6,149.72,0.37,0.13,0.5841,-0.0807,9456.23,0.0,136.86,137.58,136.43,136.43,3.27594,6.22779,8.72353,12.3866,16.6443,20.125,22.6588,25.4685,27.9464,30.9611,34.7078,39.4895,48.9339,67.3568,175.604,200.0,74.0265,38.2785,14.6716
22.799,-0.0882,1.0000,0.0000,6,150.28,0.51,0.13,0.5964,-0.0749,9495.53,0.0,137.11,138.30,136.99,136.99,3.19434,6.12408,8.63237,12.3681,16.7937,20.4801,23.2033,26.2631,28.9971,32.3693,36.6321,42.1918,53.5838,77.5181,180.529,200.0,71.3975,37.722,14.6859
22.817,-0.0794,1.0000,0.0000,6,150.84,0.84,0.13,0.6081,-0.0678,9535.01,0.0,137.51,138.97,137.56,137.56,3.12082,6.04586,8.58974,12.4498,17.1367,21.1388,24.1543,27.6045,30.744,34.6923,39.8076,46.6965,61.6375,97.1966,184.839,200.0,68.3628,37.0056,14.6736
22.843,-0.0714,1.0000,0.0000,6,151.39,1.16,0.13,0.6191,-0.0607,9572.66,0.0,138.00,139.50,138.11,138.11,3.05245,5.97754,8.56377,12.567,17.5607,21.9447,25.3238,29.2726,32.9451,37.6745,43.9933,52.8637,73.6682,133.93,188.213,158.125,65.5536,36.3011,14.6545
22.862,-0.0643,1.0000,0.0000,6,151.95,1.41,0.13,0.6293,-0.0539,9608.44,0.0,138.55,139.98,138.63,138.63,2.98843,5.91373,8.54241,12.6936,18.0168,22.8287,26.6297,31.1767,35.5111,41.249,49.2029,60.9628,91.6372,170.845,190.797,143.39,63.1235,35.6638,14.6358
22.887,-0.0579,1.0000,0.0000,6,152.51,1.56,0.13,0.6388,-0.0477,9642.63,0.0,139.12,140.44,139.12,139.12,2.92866,5.8527,8.52115,12.8176,18.4806,23.7544,28.0284,33.2718,38.4077,45.4226,55.5777,71.588,119.998,176.506,192.75,132.21,61.0715,35.1064,14.6197
22.912,-0.0521,1.0000,0.0000,6,153.07,1.64,0.13,0.6474,-0.0421,9675.7,0.0,139.69,140.89,139.60,139.60,2.87317,5.79425,8.49884,12.9348,18.9406,24.7027,29.4975,35.5389,41.6336,50.2559,63.3885,85.8214,163.851,179.864,194.205,123.584,59.3474,34.6245,14.6068
22.930,-0.0469,1.0000,0.0000,6,153.62,1.65,0.13,0.6553,-0.0370,9708.06,0.0,140.27,141.35,140.07,140.07,2.82201,5.73864,8.47553,13.0435,19.3896,25.6605,31.0202,37.9649,45.1965,55.8367,73.0365,105.561,170.826,182.149,195.261,116.812,57.8984,34.2098,14.5966
22.956,-0.0422,1.0000,0.0000,6,154.19,1.62,0.14,0.6625,-0.0325,9740.08,0.0,140.84,141.81,140.53,140.53,2.77519,5.68635,8.45197,13.1438,19.8246,26.6194,32.5856,40.5432,49.1151,62.2895,85.1311,134.441,174.138,183.755,195.995,111.407,56.6752,33.8527,14.5886
22.974,-0.0380,1.0000,0.0000,6,154.75,1.55,0.14,0.6689,-0.0285,9772.04,0.0,141.42,142.28,140.99,140.99,2.73264,5.63775,8.42892,13.2364,20.2436,27.5728,34.1836,43.2676,53.4108,69.773,100.599,163.035,176.255,184.883,196.464,107.026,55.6372,33.5442,14.5823
22.999,-0.0342,1.0000,0.0000,6,155.31,1.46,0.14,0.6747,-0.0249,9804.09,0.0,141.98,142.75,141.45,141.45,2.69429,5.59332,8.40749,13.3231,20.6476,28.519,35.8107,46.1406,58.1216,78.5148,120.969,167.297,177.692,185.652,196.718,103.422,54.7489,33.276,14.577
23.018,-0.0308,1.0000,0.0000,6,155.87,1.35,0.14,0.6798,-0.0216,9836.33,0.0,142.54,143.23,141.92,141.92,2.65996,5.55326,8.38839,13.4053,21.0376,29.4562,37.4627,49.1636,63.2889,88.8129,148.857,169.594,178.669,186.143,196.794,100.416,53.983,33.0412,14.5723
23.043,-0.0277,1.0000,0.0000,6,156.43,1.25,0.14,0.6844,-0.0187,9868.79,0.0,143.10,143.72,142.38,142.38,2.62949,5.51782,8.37253,13.4852,21.4166,30.3872,39.1431,52.3507,68.9828,101.116,161.376,171.064,179.315,186.416,196.724,97.8728,53.3152,32.8333,14.5677
23.062,-0.0249,1.0000,0.0000,6,156.99,1.14,0.14,0.6884,-0.0161,9901.46,0.0,143.65,144.21,142.86,142.86,2.60265,5.48706,8.36049,13.5644,21.7876,31.3152,40.8559,55.7188,75.2897,116.067,164.024,172.038,179.712,186.515,196.534,95.6909,52.7267,32.6472,14.5628
23.087,-0.0224,1.0000,0.0000,6,157.55,1.05,0.14,0.6919,-0.0138,9934.29,0.0,144.19,144.70,143.33,143.33,2.57915,5.46063,8.35192,13.6424,22.1479,32.2323,42.5867,59.2511,82.2472,134.433,165.553,172.661,179.904,186.464,196.236,93.8126,52.2079,32.4807,14.5578
23.106,-0.0202,1.0000,0.0000,6,158.11,0.95,0.14,0.6950,-0.0116,9967.23,0.0,144.74,145.19,143.81,143.81,2.55869,5.43802,8.34606,13.7175,22.4921,33.1239,44.3072,62.8988,89.8317,154.108,166.487,173.009,179.918,186.277,195.839,92.2015,51.7536,32.333,14.5527
23.130,-0.0182,1.0000,0.0000,6,158.67,0.86,0.14,0.6976,-0.0098,10000.3,0.0,145.28,145.68,144.28,144.28,2.54108,5.41918,8.34318,13.7906,22.8217,33.9901,46.0135,66.6553,98.0982,157.48,167.042,173.143,179.786,185.977,195.357,90.8081,51.3532,32.2011,14.5476
23.149,-0.0163,1.0000,0.0000,6,159.23,0.78,0.14,0.6999,-0.0081,10033.5,0.0,145.81,146.17,144.76,144.76,2.52604,5.40389,8.34337,13.8629,23.1397,34.8351,47.7103,70.532,107.153,158.976,167.331,173.114,179.537,185.584,194.806,89.5883,50.9963,32.0818,14.5421
23.174,-0.0147,1.0000,0.0000,6,159.78,0.70,0.14,0.7019,-0.0066,10066.7,0.0,146.34,146.67,145.24,145.24,2.51343,5.39203,8.3466,13.9344,23.4454,35.654,49.3841,74.4988,117.018,159.803,167.414,172.945,179.186,185.109,194.19,88.5195,50.6782,31.9739,14.5364
23.193,-0.0132,1.0000,0.0000,6,160.34,0.63,0.14,0.7035,-0.0052,10100.0,0.0,146.87,147.16,145.72,145.72,2.50282,5.38305,8.35249,14.0057,23.742,36.4548,51.0486,78.5904,127.887,160.259,167.344,172.671,178.753,184.568,193.524,87.5674,50.3903,31.8749,14.5303
23.218,-0.0119,1.0000,0.0000,6,160.89,0.57,0.14,0.7049,-0.0039,10133.3,0.0,147.40,147.66,146.20,146.20,2.49448,5.37761,8.36214,14.0787,24.0317,37.2369,52.6962,82.7812,139.808,160.454,167.146,172.301,178.248,183.966,192.811,86.7189,50.1292,31.7834,14.5236
23.237,-0.0107,1.0000,0.0000,6,161.45,0.52,0.14,0.7059,-0.0028,10166.6,0.0,147.92,148.16,146.68,146.68,2.48812,5.3752,8.37484,14.1522,24.3123,37.9946,54.3127,87.0346,148.656,160.454,166.838,171.849,177.677,183.309,192.053,85.9633,49.8929,31.6991,14.5164
23.262,-0.0097,1.0000,0.0000,6,162.00,0.47,0.14,0.7068,-0.0018,10200.0,0.0,148.44,148.66,147.16,147.16,2.48346,5.3755,8.39047,14.2271,24.5876,38.7369,55.9149,91.3921,150.273,160.313,166.445,171.331,177.054,182.609,191.261,85.2791,49.6755,31.6202,14.5087
23.280,-0.0087,1.0000,0.0000,6,162.55,0.42,0.14,0.7075,-0.0009,10233.3,0.0,148.95,149.15,147.64,147.64,2.47995,5.37742,8.40745,14.301,24.8539,39.4574,57.4911,95.8305,150.981,160.057,165.979,170.755,176.384,181.869,190.437,84.6593,49.476,31.5468,14.501
23.306,-0.0078,1.0000,0.0000,6,163.10,0.39,0.14,0.7080,-0.0000,10266.5,0.0,149.47,149.65,148.12,148.12,2.47782,5.3815,8.42668,14.3755,25.113,40.1567,59.0359,100.322,151.28,159.703,165.446,170.127,175.671,181.091,189.583,84.0977,49.2925,31.4781,14.4929
23.324,-0.0070,1.0000,0.0000,6,163.65,0.35,0.14,0.7083,0.0008,10299.7,0.0,149.98,150.15,148.60,148.60,2.47712,5.38783,8.44827,14.4505,25.3644,40.8304,60.5351,104.811,151.321,159.261,164.853,169.448,174.916,180.278,188.7,83.5914,49.1244,31.4139,14.4844
23.349,-0.0063,1.0000,0.0000,6,164.19,0.32,0.14,0.7085,0.0014,10332.9,0.0,150.49,150.64,149.08,149.08,2.47744,5.39554,8.4708,14.5235,25.6021,41.4653,61.9589,109.202,151.169,158.738,164.199,168.719,174.119,179.429,187.787,83.1416,48.9729,31.3551,14.4759
23.367,-0.0057,1.0000,0.0000,6,164.74,0.29,0.14,0.7085,0.0020,10366.0,0.0,151.01,151.13,149.56,149.56,2.47866,5.40435,8.49385,14.5935,25.8236,42.0529,63.2842,113.397,150.864,158.139,163.489,167.943,173.282,178.545,186.844,82.7472,48.8382,31.3018,14.4676
23.393,-0.0051,1.0000,0.0000,6,165.29,0.26,0.15,0.7084,0.0026,10399.0,0.0,151.51,151.63,150.04,150.04,2.48093,5.41492,8.51888,14.6645,26.0404,42.6215,64.5689,117.555,150.462,157.491,162.741,167.135,172.418,177.637,143.728,82.3856,48.7125,31.2512,14.4589
23.412,-0.0046,1.0000,0.0000,6,165.83,0.23,0.15,0.7081,0.0031,10432.0,0.0,152.02,152.12,150.51,150.51,2.48408,5.42691,8.54545,14.736,26.2515,43.1691,65.8077,121.647,149.98,156.799,161.959,166.298,171.529,176.707,142.985,82.0542,48.5955,31.203,14.45
23.437,-0.0042,1.0000,0.0000,6,166.37,0.21,0.15,0.7078,0.0035,10464.9,0.0,152.52,152.62,150.99,150.99,2.48797,5.44011,8.57334,14.8079,26.4585,43.7006,67.0116,125.704,149.436,156.072,161.149,165.436,170.619,175.758,183.906,81.747,48.4853,31.1568,14.4408
23.462,-0.0037,1.0000,0.0000,6,166.91,0.19,0.15,0.7074,0.0039,10497.7,0.0,153.02,153.11,151.46,151.46,2.49265,5.45461,8.60261,14.8801,26.6596,44.2096,68.162,129.643,148.831,155.307,160.31,164.55,169.687,174.79,182.892,81.466,48.3828,31.1129,14.4314
23.481,-0.0034,1.0000,0.0000,6,167.45,0.17,0.15,0.7069,0.0043,10530.5,0.0,153.53,153.60,151.93,151.93,2.49793,5.47002,8.63276,14.952,26.8544,44.6966,69.2604,133.458,148.177,154.51,159.445,163.641,168.735,173.804,181.864,81.2083,48.2871,31.0711,14.4218
23.506,-0.0030,1.0000,0.0000,6,167.99,0.16,0.15,0.7063,0.0046,10563.2,0.0,154.03,154.09,152.41,152.41,2.50373,5.4861,8.66327,15.0223,27.0392,45.1509,70.2792,135.54,147.47,153.679,158.551,162.706,167.762,172.798,180.819,80.9777,48.1998,31.0322,14.4123
23.524,-0.0027,1.0000,0.0000,6,168.53,0.14,0.15,0.7056,0.0049,10595.8,0.0,154.52,154.58,152.88,152.88,2.50997,5.50272,8.69402,15.0909,27.2146,45.5745,71.2228,135.809,146.718,152.816,157.631,161.749,166.768,171.775,179.758,80.771,48.1201,30.9958,14.4029
23.549,-0.0025,1.0000,0.0000,6,169.06,0.13,0.15,0.7049,0.0051,10628.3,0.0,155.02,155.07,153.35,153.35,2.51685,5.52063,8.72663,15.1622,27.3931,46.0003,72.1668,135.734,145.947,151.941,156.701,160.783,165.766,170.743,178.689,80.57,48.0413,30.9592,14.393
23.567,-0.0022,1.0000,0.0000,6,169.60,0.12,0.15,0.7041,0.0054,10660.8,0.0,155.51,155.56,153.81,153.81,2.52414,5.53909,8.75954,15.2322,27.563,46.3971,73.0364,135.435,145.139,151.038,155.749,159.796,164.745,169.695,177.607,80.3899,47.969,30.9248,14.3831
23.593,-0.0020,1.0000,0.0000,6,170.13,0.10,0.15,0.7033,0.0056,10693.2,0.0,156.01,156.05,154.28,154.28,2.53169,5.55769,8.79209,15.2995,27.7216,46.7585,73.8168,134.985,144.295,150.109,154.773,158.789,163.707,168.63,176.51,80.2322,47.904,30.893,14.3734
23.612,-0.0018,1.0000,0.0000,6,170.67,0.09,0.15,0.7024,0.0057,10725.5,0.0,156.50,156.54,154.75,154.75,2.53967,5.57715,8.82581,15.3682,27.8808,47.1165,74.5834,134.462,143.434,149.169,153.788,157.773,162.66,167.558,175.405,80.0803,47.8405,30.8614,14.3634
23.636,-0.0016,1.0000,0.0000,6,171.20,0.08,0.15,0.7015,0.0059,10757.7,0.0,156.99,157.03,155.21,155.21,2.548,5.59732,8.86062,15.4388,28.043,47.4796,75.3602,133.894,142.566,148.222,152.797,156.752,161.608,166.48,174.296,79.9291,47.7766,30.8295,14.3532
23.655,-0.0014,1.0000,0.0000,6,171.73,0.07,0.15,0.7005,0.0061,10789.9,0.0,157.47,157.51,155.68,155.68,2.5567,5.61835,8.89683,15.5119,28.2106,47.8542,76.1623,133.295,141.692,147.271,151.802,155.727,160.552,165.399,173.183,79.7758,47.7115,30.7967,14.3426
23.681,-0.0013,1.0000,0.0000,6,172.25,0.07,0.15,0.6995,0.0062,10821.9,0.0,157.96,158.00,156.14,156.14,2.56564,5.63955,8.93279,15.5829,28.3683,48.1969,76.8807,132.625,140.79,146.298,150.788,154.685,159.481,164.304,172.057,79.6409,47.6524,30.766,14.3321
23.699,-0.0012,1.0000,0.0000,6,172.78,0.06,0.15,0.6985,0.0063,10853.9,0.0,158.45,158.48,156.60,156.60,2.57483,5.6609,8.96838,15.6511,28.5137,48.4997,77.4929,131.887,139.856,145.301,149.753,153.623,158.392,163.193,170.917,79.5277,47.6004,30.738,14.3218
23.724,-0.0011,1.0000,0.0000,6,173.31,0.05,0.15,0.6974,0.0064,10885.8,0.0,158.94,158.96,157.06,157.06,2.58411,5.68232,9.00386,15.7183,28.6547,48.7886,78.0681,131.117,138.907,144.292,148.708,152.552,157.295,162.073,169.769,79.4224,47.5511,30.7109,14.3116
23.743,-0.0010,1.0000,0.0000,6,173.83,0.05,0.15,0.6963,0.0065,10917.7,0.0,159.42,159.44,157.52,157.52,2.59358,5.7041,9.03985,15.7862,28.7964,49.0769,78.6394,130.33,137.952,143.277,147.657,151.476,156.192,160.948,168.615,79.3187,47.502,30.6838,14.3012
23.767,-0.0009,1.0000,0.0000,6,174.36,0.04,0.15,0.6952,0.0066,10949.4,0.0,159.90,159.92,157.98,157.98,2.6034,5.72666,9.07708,15.8564,28.9421,49.3727,79.2242,129.532,136.993,142.259,146.603,150.396,155.086,159.819,167.458,79.2136,47.452,30.656,14.2906
23.786,-0.0008,1.0000,0.0000,6,174.88,0.04,0.15,0.6941,0.0067,10981.1,0.0,160.38,160.40,158.44,158.44,2.61334,5.74951,9.1148,15.9275,29.09,49.6734,79.8202,128.724,136.03,141.237,145.546,149.313,153.976,158.687,166.297,79.1073,47.4014,30.6278,14.2798
23.812,-0.0007,1.0000,0.0000,6,175.40,0.04,0.15,0.6929,0.0068,11012.7,0.0,160.86,160.88,158.89,158.89,2.62346,5.77275,9.15318,15.9998,29.2408,49.9804,80.4303,127.907,135.064,140.213,144.486,148.227,152.863,157.551,165.133,78.9995,47.35,30.5993,14.2688
23.831,-0.0006,1.0000,0.0000,6,175.92,0.03,0.16,0.6917,0.0069,11044.2,0.0,161.34,161.36,159.35,159.35,2.63383,5.79659,9.19253,16.074,29.3953,50.2952,81.0569,127.082,134.094,139.186,143.422,147.138,151.747,156.412,163.964,78.8899,47.2976,30.5701,14.2575
23.855,-0.0006,1.0000,0.0000,6,176.44,0.03,0.16,0.6905,0.0069,11075.6,0.0,161.81,161.83,159.80,159.80,2.6443,5.82066,9.23229,16.149,29.5519,50.6149,81.6954,126.248,133.121,138.155,142.356,146.046,150.627,155.27,162.792,78.7791,47.2447,30.5406,14.2461
23.874,-0.0005,1.0000,0.0000,6,176.95,0.03,0.16,0.6893,0.0070,11107.0,0.0,162.29,162.31,160.25,160.25,2.65502,5.84529,9.27297,16.2258,29.7119,50.9418,82.349,125.407,132.145,137.122,141.287,144.95,149.504,154.123,161.616,78.6668,47.1909,30.5106,14.2345
23.899,-0.0005,1.0000,0.0000,6,177.47,0.03,0.16,0.6881,0.0071,11138.3,0.0,162.76,162.78,160.71,160.71,2.6659,5.87031,9.31428,16.3037,29.8745,51.2744,83.0153,124.557,131.165,136.085,140.214,143.851,148.378,152.974,160.436,78.5534,47.1364,30.4801,14.2228
23.918,-0.0004,1.0000,0.0000,6,177.98,0.03,0.16,0.6868,0.0072,11169.4,0.0,163.24,163.25,161.16,161.16,2.67684,5.89506,9.35457,16.3778,30.0227,51.5625,83.5629,123.667,130.159,135.027,139.122,142.735,147.236,151.809,159.243,78.4602,47.089,30.4524,14.2113
23.943,-0.0004,1.0000,0.0000,6,178.50,0.03,0.16,0.6855,0.0072,11200.6,0.0,163.72,163.72,161.60,161.60,2.68783,5.91946,9.3936,16.4472,30.1537,51.7976,83.9685,122.734,129.125,133.946,138.01,141.6,146.076,150.629,158.036,78.3903,47.0495,30.4278,14.2003
23.962,-0.0003,1.0000,0.0000,6,179.01,0.02,0.16,0.6842,0.0072,11231.6,0.0,164.19,164.19,162.05,162.05,2.69882,5.94369,9.43207,16.5146,30.2778,52.0117,84.318,121.783,128.078,132.854,136.888,140.455,144.907,149.44,156.82,78.3295,47.0133,30.4045,14.1895
23.987,-0.0003,1.0000,0.0000,6,179.52,0.02,0.16,0.6829,0.0072,11262.5,0.0,164.66,164.66,162.50,162.50,2.70985,5.96794,9.47049,16.5816,30.3998,52.2191,84.6486,120.822,127.025,131.755,135.76,139.305,143.733,148.245,155.599,78.2717,46.9781,30.3815,14.1786
24.012,-0.0003,1.0000,0.0000,6,180.03,0.01,0.16,0.6816,0.0072,11293.4,0.0,165.13,165.12,162.94,162.94,2.72101,5.99246,9.5093,16.6493,30.5226,52.4269,84.9779,119.856,125.969,130.654,134.628,138.151,142.556,147.047,154.374,78.2141,46.9427,30.3583,14.1677
24.031,-0.0002,1.0000,0.0000,6,180.53,0.01,0.16,0.6803,0.0072,11324.2,0.0,165.59,165.59,163.39,163.39,2.73221,6.01706,9.54826,16.7172,30.6462,52.6366,85.3116,118.887,124.909,129.55,133.494,136.994,141.374,145.844,153.145,78.1556,46.907,30.335,14.1567
24.055,-0.0002,1.0000,0.0000,6,181.04,0.00,0.16,0.6790,0.0072,11354.9,0.0,166.06,166.06,163.83,163.83,2.74343,6.04174,9.58736,16.7855,30.7705,52.8479,85.6488,117.914,123.848,128.443,132.357,135.834,140.19,144.639,151.911,78.0966,46.8711,30.3116,14.1457
24.075,-0.0002,1.0000,0.0000,6,181.54,0.00,0.16,0.6777,0.0072,11385.5,0.0,166.52,166.52,164.27,164.27,2.75469,6.06649,9.62659,16.854,30.8955,53.0609,85.9903,116.937,122.783,127.333,131.217,134.671,139.002,143.43,150.675,78.0369,46.8348,30.288,14.1346
24.099,-0.0002,1.0000,0.0000,6,182.05,0.00,0.16,0.6764,0.0072,11416.1,0.0,166.99,166.99,164.71,164.71,2.76606,6.09151,9.66626,16.9233,31.0222,53.2774,86.3385,115.958,121.717,126.221,130.074,133.505,137.812,142.217,149.434,77.9761,46.7981,30.2642,14.1234
24.118,-0.0002,1.0000,0.0000,6,182.55,0.00,0.16,0.6750,0.0072,11446.5,0.0,167.45,167.45,165.15,165.15,2.77737,6.11641,9.70574,16.9923,31.1485,53.4935,86.6867,114.974,120.647,125.106,128.928,132.336,136.617,141.001,148.189,77.9153,46.7614,30.2404,14.1123
24.143,-0.0001,1.0000,0.0000,6,183.05,0.00,0.16,0.6737,0.0072,11476.9,0.0,167.91,167.91,165.59,165.59,2.78879,6.14153,9.74559,17.062,31.2759,53.7115,87.0381,113.986,119.574,123.989,127.779,131.164,135.42,139.781,146.94,77.8539,46.7244,30.2164,14.101
24.161,-0.0001,1.0000,0.0000,6,183.55,0.00,0.16,0.6724,0.0072,11507.2,0.0,168.37,168.37,166.03,166.03,2.8003,6.16688,9.78581,17.1324,31.4049,53.9329,87.3965,112.995,118.5,122.868,126.628,129.988,134.219,138.558,145.688,77.7914,46.6868,30.1921,14.0897
24.187,-0.0001,1.0000,0.0000,6,184.05,0.00,0.16,0.6710,0.0072,11537.4,0.0,168.83,168.83,166.47,166.47,2.81174,6.19207,9.82578,17.2024,31.5332,54.1532,87.7534,112.0,117.422,121.745,125.473,128.81,133.014,137.331,144.431,77.7292,46.6495,30.1679,14.0784
24.206,-0.0001,1.0000,0.0000,6,184.55,0.00,0.16,0.6697,0.0072,11567.6,0.0,169.28,169.28,166.90,166.90,2.82325,6.21742,9.866,17.2728,31.6622,54.3748,88.1126,111.001,116.341,120.618,124.315,127.628,131.806,136.1,143.17,77.6665,46.6119,30.1436,14.0671
24.230,-0.0001,1.0000,0.0000,6,185.04,0.00,0.16,0.6683,0.0072,11597.6,0.0,169.74,169.74,167.34,167.34,2.83481,6.24289,9.90642,17.3436,31.792,54.5977,88.4737,109.998,115.257,119.489,123.154,126.443,130.595,134.866,141.906,77.6036,46.5741,30.1191,14.0557
24.249,-0.0001,1.0000,0.0000,6,185.54,0.00,0.16,0.6670,0.0072,11627.6,0.0,170.20,170.20,167.77,167.77,2.84637,6.26834,9.94681,17.4143,31.9216,54.8202,88.8343,108.991,114.169,118.356,121.99,125.254,129.38,133.628,140.637,77.5407,46.5363,30.0947,14.0443
24.274,-0.0001,1.0000,0.0000,6,186.03,0.00,0.17,0.6656,0.0072,11657.5,0.0,170.65,170.65,168.20,168.20,2.85795,6.29384,9.98727,17.4851,32.0514,55.0432,89.1956,107.98,113.079,117.221,120.823,124.062,128.161,132.386,139.364,77.4777,46.4985,30.0703,14.0329
24.293,-0.0001,1.0000,0.0000,6,186.52,0.00,0.17,0.6642,0.0072,11687.4,0.0,171.10,171.10,168.63,168.63,2.86962,6.31954,10.0281,17.5565,32.1823,55.268,89.5599,106.965,111.986,116.082,119.652,122.867,126.939,131.14,138.087,77.4142,46.4604,30.0456,14.0214
24.320,-0.0001,1.0000,0.0000,6,187.01,0.00,0.17,0.6629,0.0072,11717.1,0.0,171.55,171.55,169.06,169.06,2.88127,6.3452,10.0688,17.6278,32.313,55.4924,89.9235,105.946,110.89,114.941,118.478,121.668,125.713,129.89,136.805,77.3507,46.4223,30.021,14.0099
24.338,-0.0001,1.0000,0.0000,6,187.50,0.00,0.17,0.6615,0.0072,11746.8,0.0,172.00,172.00,169.49,169.49,2.89297,6.37097,10.1097,17.6994,32.4442,55.7178,90.2888,104.924,109.791,113.796,117.302,120.467,124.484,128.637,135.52,77.287,46.3841,29.9963,13.9983
24.362,-0.0000,1.0000,0.0000,6,187.99,0.00,0.17,0.6601,0.0072,11776.4,0.0,172.45,172.45,169.91,169.91,2.90473,6.39687,10.1508,17.7713,32.5761,55.9442,90.6557,103.897,108.689,112.649,116.122,119.262,123.252,127.38,134.23,77.2231,46.3457,29.9715,13.9868
24.381,-0.0000,1.0000,0.0000,6,188.48,0.00,0.17,0.6588,0.0072,11805.9,0.0,172.90,172.90,170.34,170.34,2.91647,6.42271,10.1918,17.8431,32.7077,56.1703,90.8799,102.867,107.584,111.498,114.939,118.053,122.016,126.119,132.936,77.1592,46.3074,29.9467,13.9752
24.405,-0.0000,1.0000,0.0000,6,188.97,0.00,0.17,0.6574,0.0072,11835.3,0.0,173.35,173.35,170.76,170.76,2.92826,6.44869,10.233,17.9153,32.84,56.3974,90.6546,101.833,106.476,110.345,113.752,116.842,120.776,124.855,131.639,77.095,46.2688,29.9218,13.9636
24.424,-0.0000,1.0000,0.0000,6,189.45,0.00,0.17,0.6560,0.0072,11864.6,0.0,173.79,173.79,171.19,171.19,2.94007,6.47469,10.2743,17.9876,32.9724,56.6249,90.2293,100.795,105.365,109.189,112.563,115.627,119.533,123.587,130.336,77.0307,46.2303,29.8968,13.9519
24.449,-0.0000,1.0000,0.0000,6,189.93,0.00,0.17,0.6546,0.0072,11893.9,0.0,174.24,174.24,171.61,171.61,2.95189,6.50072,10.3156,18.0599,33.105,56.8525,89.6942,99.7533,104.251,108.029,111.371,114.409,118.286,122.315,129.03,76.9664,46.1917,29.8718,13.9403
24.468,-0.0000,1.0000,0.0000,6,190.41,-0.00,0.17,0.6532,0.0072,11923.1,0.0,174.68,174.68,172.03,172.03,2.96375,6.52685,10.357,18.1325,33.238,57.081,89.086,98.7081,103.134,106.867,110.175,113.187,117.036,121.039,127.72,76.9018,46.1529,29.8468,13.9286
24.493,-0.0000,1.0000,0.0000,6,190.89,-0.00,0.17,0.6518,0.0072,11952.2,0.0,175.12,175.12,172.45,172.45,2.97568,6.55311,10.3987,18.2054,33.3717,57.3107,88.4248,97.6593,102.014,105.702,108.977,111.963,115.782,119.759,126.405,76.8369,46.114,29.8216,13.9168
24.518,-0.0000,1.0000,0.0000,6,191.37,-0.00,0.17,0.6504,0.0072,11981.2,0.0,175.56,175.56,172.87,172.87,2.98764,6.57945,10.4405,18.2786,33.5059,57.541,87.7221,96.6068,100.891,104.533,107.775,110.735,114.525,118.476,125.087,76.7718,46.0749,29.7963,13.905
24.537,-0.0000,1.0000,0.0000,6,191.85,-0.00,0.17,0.6490,0.0072,12010.1,0.0,176.00,176.00,173.29,173.29,2.99958,6.60575,10.4822,18.3517,33.6398,57.7711,86.9853,95.5506,99.7651,103.362,106.571,109.504,113.264,117.189,123.763,76.7068,46.0359,29.7711,13.8933
24.562,-0.0000,1.0000,0.0000,6,192.33,-0.00,0.17,0.6476,0.0072,12039.0,0.0,176.44,176.44,173.70,173.70,3.0116,6.63221,10.5242,18.4252,33.7746,58.0024,86.2208,94.4909,98.6364,102.188,105.363,108.269,112.0,115.898,122.436,76.6414,45.9966,29.7457,13.8814
24.580,-0.0000,1.0000,0.0000,6,192.80,-0.00,0.17,0.6462,0.0072,12067.8,0.0,176.88,176.88,174.12,174.12,3.02362,6.65869,10.5662,18.4987,33.9094,58.234,85.4321,93.4276,97.5048,101.011,104.152,107.032,110.733,114.604,121.105,76.576,45.9574,29.7203,13.8696
24.605,-0.0000,1.0000,0.0000,6,193.28,-0.00,0.16,0.6448,0.0072,12096.7,0.0,177.31,177.31,174.54,174.54,3.0357,6.68528,10.6084,18.5726,34.0448,58.4666,84.6221,92.3609,96.3703,99.8317,102.939,105.791,109.462,113.305,119.769,76.5103,45.9179,29.6948,13.8577
24.624,-0.0000,1.0000,0.0000,6,193.75,-0.00,0.15,0.6434,0.0072,12125.5,0.0,177.74,177.74,174.95,174.95,3.04777,6.71187,10.6506,18.6465,34.1802,58.6991,83.7932,91.2906,95.2328,98.6489,101.722,104.547,108.187,112.003,118.429,76.4446,45.8785,29.6693,13.8458
24.650,-0.0000,1.0000,0.0000,6,194.22,-0.00,0.12,0.6420,0.0072,12158.7,0.0,178.18,178.18,175.43,175.43,3.05985,6.73847,10.6928,18.7204,34.3157,58.9318,82.9474,90.2165,94.0924,97.4632,100.502,103.3,106.909,110.697,117.085,76.3788,45.839,29.6438,13.8338
24.668,-0.0000,1.0000,0.0000,6,194.69,-0.00,0.10,0.6406,0.0072,12186.4,0.0,178.61,178.61,175.83,175.83,3.072,6.76524,10.7353,18.7947,34.452,59.1659,82.0867,89.1393,92.9492,96.2748,99.2792,102.049,105.627,109.388,115.736,76.348,45.7993,29.6181,13.8219
24.693,-0.0000,1.0000,0.0000,6,195.16,-0.00,0.09,0.6391,0.0072,12213.6,0.0,179.04,179.04,176.22,176.22,3.08421,6.79212,10.778,18.8694,34.5889,59.401,81.2122,88.0586,91.8032,95.0835,98.0535,100.796,104.342,108.074,114.384,76.4978,45.7595,29.5923,13.8098
24.712,-0.0000,1.0000,0.0000,6,195.63,-0.00,0.08,0.6377,0.0072,12240.5,0.0,179.47,179.47,176.61,176.61,3.09639,6.81895,10.8205,18.944,34.7256,59.6356,80.3247,86.9743,90.6541,93.8893,96.8246,99.5388,103.054,106.757,113.027,76.975,45.7197,29.5666,13.7978
24.736,-0.0000,1.0000,0.0000,6,196.09,-0.00,0.07,0.6363,0.0072,12267.4,0.0,179.90,179.90,177.00,177.00,3.10863,6.8459,10.8633,19.0188,34.8628,59.8713,79.4254,85.8867,89.5023,92.6922,95.5928,98.2788,101.762,105.436,111.665,78.3231,45.6797,29.5408,13.7858
24.755,-0.0000,1.0000,0.0000,6,196.56,-0.00,0.05,0.6348,0.0072,12295.1,0.0,180.33,180.33,177.40,177.40,3.12092,6.87297,10.9063,19.094,35.0007,60.1081,78.5154,84.7957,88.3475,91.4924,94.358,97.0157,100.467,104.112,110.3,120.904,45.6395,29.5148,13.7736
24.780,-0.0000,1.0000,0.0000,6,197.02,-0.00,0.04,0.6334,0.0072,12324.6,0.0,180.76,180.76,177.82,177.82,3.13321,6.90004,10.9492,19.1692,35.1385,60.3447,77.5946,83.7012,87.1899,90.2896,93.1202,95.7493,99.1678,102.783,108.93,119.486,45.5994,29.4888,13.7615
24.800,-0.0000,1.0000,0.0000,6,197.48,-0.00,-0.01,0.6320,0.0072,12359.0,0.0,181.18,181.18,178.32,178.32,3.14553,6.92715,10.9922,19.2445,35.2765,60.5819,76.6641,82.6034,86.0296,89.0841,91.8794,94.4798,97.8655,101.451,107.555,118.062,45.5592,29.4628,13.7494
24.824,-0.0000,1.0000,0.0000,6,197.94,-0.00,-0.03,0.6305,0.0072,12384.7,0.0,181.60,181.60,178.69,178.69,3.15786,6.95431,11.0353,19.32,35.4148,60.8194,75.7244,81.5022,84.8663,87.8757,90.6357,93.207,96.5597,100.114,106.176,116.632,45.5189,29.4368,13.7372
24.843,-0.0000,1.0000,0.0000,6,198.41,-0.00,-0.05,0.6291,0.0072,12410.8,0.0,182.03,182.03,179.07,179.07,3.17021,6.9815,11.0785,19.3955,35.5533,61.0572,74.776,80.3977,83.7001,86.6644,89.3889,91.9311,95.2504,98.7744,104.793,115.198,45.4786,29.4107,13.7251
24.868,-0.0000,1.0000,0.0000,6,198.87,-0.00,-0.05,0.6276,0.0072,12436.6,0.0,182.46,182.46,179.44,179.44,3.18259,7.00877,11.1217,19.4713,35.6922,61.2957,73.8191,79.2897,82.5311,85.4503,88.1392,90.652,93.9375,97.4307,103.406,113.758,45.4381,29.3845,13.7129
24.886,-0.0000,1.0000,0.0000,6,199.33,-0.00,-0.06,0.6262,0.0072,12462.8,0.0,182.88,182.88,179.82,179.82,3.19501,7.03614,11.1652,19.5473,35.8315,61.535,72.8543,78.1785,81.3593,84.2334,86.8865,89.3698,92.6214,96.0829,102.014,112.312,45.3975,29.3583,13.7006
24.912,-0.0000,1.0000,0.0000,6,199.78,0.00,-0.07,0.6247,0.0072,12489.8,0.0,183.30,183.30,180.21,180.21,3.20745,7.06352,11.2086,19.6234,35.971,61.7731,71.8819,77.0641,80.1847,83.0137,85.6309,88.0844,91.3016,94.7314,100.617,110.861,45.3569,29.332,13.6883
24.931,-0.0000,1.0000,0.0000,6,200.24,0.00,-0.09,0.6233,0.0072,12522.2,0.0,183.72,183.72,180.68,180.68,3.21996,7.09106,11.2523,19.6999,36.1113,61.7441,70.9023,75.9465,79.0074,81.7913,84.3724,86.7959,89.9785,93.3762,99.2162,109.405,45.3161,29.3056,13.676
24.955,-0.0000,1.0000,0.0000,6,200.69,-0.00,-0.11,0.6218,0.0072,12549.4,0.0,184.13,184.13,181.07,181.07,3.23247,7.11863,11.2961,19.7765,36.2517,61.4482,69.9155,74.8255,77.8272,80.5661,83.1109,85.5043,88.6519,92.017,97.8109,107.943,45.2752,29.2792,13.6637
24.975,-0.0000,1.0000,0.0000,6,201.14,-0.00,-0.12,0.6203,0.0072,12575.9,0.0,184.55,184.55,181.45,181.45,3.24502,7.14625,11.3399,19.8532,36.3923,61.0091,68.9218,73.7014,76.6443,79.3382,81.8466,84.2095,87.3218,90.654,96.4009,106.475,45.2342,29.2527,13.6513
24.999,-0.0000,1.0000,0.0000,6,201.60,-0.00,-0.13,0.6189,0.0072,12602.2,0.0,184.97,184.97,181.83,181.83,3.2576,7.17396,11.3839,19.9302,36.5334,60.4768,67.9216,72.5741,75.4586,78.1074,80.5794,82.9116,85.9883,89.2872,94.9864,105.002,45.1931,29.2261,13.6389
25.018,-0.0000,1.0000,0.0000,6,202.05,0.00,-0.13,0.6174,0.0072,12628.5,0.0,185.38,185.38,182.21,182.21,3.27021,7.20172,11.4279,20.0073,36.6748,59.8766,66.9147,71.4436,74.2701,76.8739,79.3092,81.6107,84.6514,87.9164,93.5673,103.523,45.1519,29.1995,13.6265
25.042,-0.0000,1.0000,0.0000,6,202.50,0.00,-0.14,0.6159,0.0072,12655.2,0.0,185.79,185.79,182.60,182.60,3.28289,7.22965,11.4722,20.0849,36.817,59.2246,65.902,70.31,73.079,75.6379,78.0363,80.3066,83.311,86.5419,92.1437,102.039,45.1105,29.1727,13.614
25.068,-0.0000,1.0000,0.0000,6,202.95,0.00,-0.14,0.6144,0.0072,12683.8,0.0,186.21,186.21,183.01,183.01,3.29553,7.25749,11.5164,20.1623,36.9588,58.5303,64.8828,69.1729,71.8849,74.3988,76.7603,78.9993,81.967,85.1634,90.7153,100.548,45.0692,29.146,13.6015
25.086,-0.0000,1.0000,0.0000,6,203.39,-0.00,-0.16,0.6129,0.0072,12712.2,0.0,186.62,186.62,183.42,183.42,3.30822,7.28544,11.5608,20.2399,37.1011,57.8009,63.8577,68.0329,70.6882,73.1571,75.4814,77.689,80.6195,83.7809,89.2823,99.0513,45.0278,29.1192,13.589
25.111,-0.0000,1.0000,0.0000,6,203.84,0.00,-0.17,0.6114,0.0072,12739.1,0.0,187.03,187.03,183.81,183.81,3.32094,7.31345,11.6052,20.3177,37.2438,57.0416,62.827,66.8896,69.4886,71.9127,74.1997,76.3755,79.2687,82.3946,87.8447,97.5488,44.9862,29.0923,13.5765
25.131,-0.0000,1.0000,0.0000,6,204.29,0.00,-0.17,0.6099,0.0072,12765.5,0.0,187.44,187.44,184.19,184.19,3.33369,7.34153,11.6498,20.3957,37.3868,56.2563,61.7906,65.7432,68.2864,70.6655,72.9151,75.0589,77.9143,81.0043,86.4023,96.0402,44.9446,29.0654,13.5639
25.155,-0.0000,1.0000,0.0000,6,204.73,0.00,-0.18,0.6085,0.0072,12791.8,0.0,187.85,187.85,184.57,184.57,3.34648,7.36971,11.6945,20.474,37.5303,55.4483,60.7488,64.5936,67.0814,69.4156,71.6276,73.7393,76.5564,79.6101,84.9551,94.5254,44.9028,29.0383,13.5513
25.175,-0.0000,1.0000,0.0000,6,205.18,0.00,-0.18,0.6070,0.0072,12818.2,0.0,188.26,188.26,184.95,184.95,3.35926,7.39783,11.7391,20.5522,37.6735,54.6197,59.7014,63.4409,65.8736,68.1629,70.3372,72.4165,75.195,78.2118,83.503,93.0043,44.8611,29.0114,13.5387
25.199,-0.0000,1.0000,0.0000,6,205.62,0.00,-0.18,0.6055,0.0072,12844.9,0.0,188.67,188.67,185.33,185.33,3.37209,7.4261,11.784,20.6307,37.8175,53.773,58.649,62.2851,64.6631,66.9076,69.044,71.0905,73.8301,76.8096,82.0461,91.477,44.8191,28.9842,13.526
25.219,-0.0000,1.0000,0.0000,6,206.06,0.00,-0.18,0.6040,0.0072,12872.5,0.0,189.07,189.07,185.73,185.73,3.38496,7.45444,11.829,20.7094,37.9618,52.9096,57.5914,61.1263,63.45,65.6496,67.7479,69.7616,72.4618,75.4035,80.5844,89.9434,44.7771,28.9571,13.5134
25.242,-0.0000,1.0000,0.0000,6,206.50,0.00,-0.18,0.6024,0.0072,12899.3,0.0,189.48,189.48,186.12,186.12,3.39785,7.48282,11.874,20.7883,38.1063,52.031,56.5287,59.9643,62.234,64.3888,66.449,68.4295,71.0899,73.9933,79.1178,88.4033,44.7504,28.9298,13.5007
25.262,-0.0000,1.0000,0.0000,6,206.94,0.00,-0.18,0.6009,0.0072,12926.0,0.0,189.88,189.88,186.50,186.50,3.41076,7.51126,11.9191,20.8673,38.2511,51.1385,55.4612,58.7993,61.0155,63.1254,65.1472,67.0943,69.7146,72.5791,77.6462,86.8567,44.8271,28.9026,13.4879
25.286,-0.0000,1.0000,0.0000,6,207.38,0.00,-0.18,0.5994,0.0072,12952.5,0.0,190.29,190.29,186.89,186.89,3.42373,7.53981,11.9644,20.9466,38.3965,50.2329,54.3888,57.6312,59.7942,61.8594,63.8426,65.7561,68.3356,71.161,76.1697,85.3034,45.0553,28.8752,13.4752
25.305,-0.0000,1.0000,0.0000,6,207.82,0.00,-0.18,0.5979,0.0072,12979.0,0.0,190.69,190.69,187.27,187.27,3.43669,7.56836,12.0097,21.0259,38.5419,49.315,53.3116,56.46,58.5702,60.5906,62.5352,64.4148,66.9532,69.7387,74.688,83.7434,45.5028,28.8478,13.4624
25.330,-0.0000,1.0000,0.0000,6,208.25,0.00,-0.17,0.5964,0.0072,13005.4,0.0,191.09,191.09,187.65,187.65,3.44965,7.59691,12.055,21.1052,38.6499,48.3856,52.2296,55.2858,57.3434,59.319,61.2248,63.0702,65.5672,68.3124,73.2013,82.1765,46.3157,28.8204,13.4496
25.349,-0.0000,1.0000,0.0000,6,208.69,0.00,-0.17,0.5949,0.0072,13030.8,0.0,191.49,191.49,188.02,188.02,3.46269,7.62562,12.1006,21.185,38.5292,47.4456,51.1431,54.1086,56.114,58.0449,59.9118,61.7228,64.1778,66.882,71.7095,80.6027,47.9365,28.7929,13.4367
25.374,-0.0000,1.0000,0.0000,6,209.13,0.00,-0.16,0.5933,0.0072,13057.2,0.0,191.89,191.89,188.40,188.40,3.47572,7.65432,12.1461,21.2647,38.2418,46.4953,50.052,52.9283,54.882,56.7682,58.5958,60.3722,62.7847,65.4475,70.2125,79.0218,92.0219,28.7654,13.4239
25.393,-0.0000,1.0000,0.0000,6,209.56,0.00,-0.16,0.5918,0.0072,13083.9,0.0,192.29,192.29,188.78,188.78,3.48877,7.68305,12.1917,21.3445,37.8431,45.5351,48.9564,51.7451,53.6472,55.4887,57.277,59.0184,61.3881,64.0088,68.7102,77.4337,90.3671,28.7378,13.411
25.418,-0.0000,1.0000,0.0000,6,209.99,0.00,-0.15,0.5903,0.0072,13110.6,0.0,192.69,192.69,189.17,189.17,3.50188,7.71192,12.2375,21.4247,37.3628,44.5657,47.8566,50.5589,52.4098,54.2066,55.9554,57.6617,59.988,62.566,67.2027,75.8383,88.7026,28.7101,13.3981
25.437,-0.0000,1.0000,0.0000,6,210.42,0.00,-0.14,0.5887,0.0072,13137.2,0.0,193.09,193.09,189.55,189.55,3.51502,7.74086,12.2834,21.5051,36.8193,43.5875,46.7525,49.3697,51.1698,52.9219,54.6312,56.3019,58.5844,61.1191,65.6898,74.2353,87.0281,28.6823,13.3852
25.461,-0.0000,1.0000,0.0000,6,210.85,0.00,-0.13,0.5872,0.0072,13163.5,0.0,193.48,193.48,189.93,189.93,3.52821,7.7699,12.3295,21.5858,36.2244,42.6007,45.644,48.1777,49.9271,51.6346,53.3041,54.9391,57.1772,59.668,64.1715,72.6247,85.3433,28.6545,13.3722
25.480,-0.0000,1.0000,0.0000,6,211.28,0.00,-0.12,0.5856,0.0072,13187.0,0.0,193.88,193.88,190.27,190.27,3.54142,7.799,12.3757,21.6667,35.5864,41.6059,44.5313,46.9826,48.6818,50.3447,51.9742,53.5732,55.7664,58.2127,62.6476,71.0062,83.648,28.6266,13.3591
25.505,-0.0000,1.0000,0.0000,6,211.71,0.00,-0.10,0.5841,0.0072,13212.7,0.0,194.27,194.27,190.64,190.64,3.55463,7.82808,12.4219,21.7474,34.9114,40.6032,43.4144,45.7845,47.4339,49.0521,50.6415,52.2041,54.3519,56.753,61.1182,69.3798,81.9419,28.5987,13.3461
25.525,-0.0495,1.0000,0.0000,6,212.14,0.00,-0.09,0.5826,0.0072,13239.4,0.0,194.66,194.66,191.03,191.03,3.56787,7.85725,12.4681,21.8285,34.2048,39.593,42.2935,44.5835,46.1833,47.7569,49.3059,50.8321,52.934,55.2891,59.5831,67.7452,80.2247,28.5774,13.3331
25.549,-0.1473,1.0000,0.0000,6,212.56,-0.04,-0.09,0.5808,0.0091,13266.7,0.0,194.83,195.22,191.42,191.42,3.58978,7.93516,12.6379,22.2877,33.8623,38.9396,41.522,43.725,45.2703,46.7947,48.2987,49.7837,51.8337,54.1362,58.3475,66.389,78.7543,28.4483,13.2934
25.568,-0.2229,1.0000,0.0000,6,212.95,0.26,-0.07,0.5783,0.0159,13297.1,0.0,194.60,195.88,191.86,191.86,3.63617,8.14783,13.1529,23.8469,34.3858,39.1391,41.5913,43.6965,45.1799,46.6468,48.0978,49.5343,51.5217,53.7595,57.866,65.7453,77.9277,27.9356,13.1849
25.593,-0.2797,1.0000,0.0000,6,213.29,1.28,-0.06,0.5745,0.0285,13334.3,0.0,194.16,196.50,192.39,192.39,3.71775,8.55188,14.184,26.3694,35.7741,40.2289,42.5527,44.5597,45.9782,47.3846,48.7798,50.1636,52.0813,54.2471,58.2321,65.912,77.844,26.9627,12.9955
25.618,-0.3223,1.0000,0.0000,6,213.58,2.74,-0.03,0.5688,0.0449,13370.2,0.0,193.75,196.90,192.91,192.91,3.83455,9.14797,15.7945,28.9228,37.5743,41.7818,43.9946,45.9119,47.2712,48.622,49.9636,51.2962,53.1474,55.2408,59.103,66.5714,78.2216,25.7466,12.7524
25.636,-0.3542,1.0000,0.0000,6,213.81,4.31,-0.00,0.5609,0.0631,13410.4,0.0,193.41,197.04,193.49,193.49,3.98491,9.93083,18.0693,31.3015,39.4255,43.435,45.5533,47.3947,48.7019,50.0026,51.2967,52.5836,54.3727,56.3995,60.1451,67.4086,78.7748,24.4903,12.4824
25.662,-0.3781,1.0000,0.0000,6,214.01,5.80,0.02,0.5506,0.0818,13448.4,0.0,193.12,197.01,194.04,194.04,4.16805,10.9068,20.95,33.4186,41.1481,44.9945,47.0337,48.8087,50.0711,51.3284,52.5799,53.8255,55.5597,57.5257,61.1644,68.2348,79.3312,23.2926,12.201
25.681,-0.3961,1.0000,0.0000,6,214.17,7.11,0.03,0.5375,0.1000,13481.1,0.0,192.89,196.85,194.51,194.51,4.38394,12.0904,23.4168,35.2422,42.6551,46.3645,48.335,50.0531,51.2756,52.494,53.7082,54.9176,56.6015,58.5127,62.0537,68.9466,79.7897,22.1907,11.9159
25.706,-0.4096,1.0000,0.0000,6,214.31,8.15,0.05,0.5218,0.1176,13507.9,0.0,192.70,196.64,194.90,194.90,4.63362,13.5117,25.4568,36.79,43.9381,47.5276,49.438,51.1046,52.292,53.4761,54.6563,55.8322,57.4714,59.3327,62.7844,69.5131,35.5205,21.1833,11.6284
25.725,-0.4197,1.0000,0.0000,6,214.44,8.99,0.08,0.5032,0.1344,13529.5,0.0,192.55,196.43,195.22,195.22,4.91915,15.213,27.17,38.0947,45.0108,48.4942,50.35,51.9711,53.1262,54.2785,55.4278,56.5739,58.1716,59.9868,63.3563,69.9331,31.7191,20.2579,11.3378
25.750,-0.4273,1.0000,0.0000,6,214.58,9.54,0.11,0.4818,0.1501,13537.7,0.0,192.46,196.21,195.35,195.35,5.24002,16.8732,28.5784,39.1432,45.8517,49.2375,51.0442,52.6227,53.7482,54.872,55.9931,57.1111,58.6705,60.444,63.7371,70.1749,29.3701,19.4163,11.0455
25.768,-0.4329,1.0000,0.0000,6,214.72,9.77,0.15,0.4574,0.1643,13544.0,0.0,192.44,196.01,195.44,195.44,5.59463,18.2602,29.6886,39.9194,46.4345,49.731,51.4911,53.0306,54.1292,55.2259,56.3205,57.4127,58.9375,60.6714,63.895,70.2057,27.6574,18.66,10.7524
25.793,-0.4372,1.0000,0.0000,6,214.86,9.72,0.18,0.4301,0.1771,13550.6,0.0,192.49,195.84,195.53,195.53,5.98362,19.4143,30.5481,40.4627,46.7964,50.0079,51.7249,53.2279,54.3005,55.3719,56.4419,57.5104,59.0018,60.6992,63.8577,70.0522,26.3065,17.9727,10.4561
25.812,-0.4404,1.0000,0.0000,6,215.02,9.50,0.18,0.4000,0.1890,13557.0,0.0,192.59,195.73,195.62,195.62,6.40934,20.386,31.2202,40.8337,46.9947,50.1253,51.8014,53.269,54.3171,55.3648,56.4117,57.4569,58.9169,60.58,63.6765,69.7627,25.1688,17.3338,10.1528
25.836,-0.4428,1.0000,0.0000,6,215.17,9.17,0.21,0.3670,0.2004,13561.9,0.0,192.72,195.72,195.69,195.69,6.87768,21.2364,31.7822,41.1131,47.1098,50.1639,51.8002,53.2342,54.2591,55.284,56.3082,57.3313,58.7613,60.3913,63.4283,69.4101,24.1279,16.7177,9.83811
25.856,-0.4446,1.0000,0.0000,6,215.32,8.89,0.23,0.3313,0.2120,13566.7,0.0,192.86,195.79,195.76,195.76,7.39591,22.0144,32.2947,41.3635,47.2056,50.1865,51.785,53.187,54.1895,55.192,56.1943,57.1962,58.5974,60.1948,63.1744,69.0536,23.1119,16.1053,9.50852
25.880,-0.4459,1.0000,0.0000,6,215.49,8.62,0.27,0.2927,0.2235,13562.3,0.0,193.00,195.90,195.71,195.71,7.95012,22.7245,32.7558,41.5791,47.2747,50.185,51.7476,53.1187,54.0992,55.0804,56.0619,57.0435,58.4162,59.9821,62.9065,68.6848,22.1276,15.4995,9.16493
25.899,-0.4470,1.0000,0.0000,6,215.65,8.31,0.32,0.2513,0.2349,13563.1,0.0,193.16,196.03,195.71,195.71,8.48467,23.3535,33.1429,41.7325,47.2871,50.1299,51.6578,52.9987,53.9582,54.9189,55.8803,56.8417,58.187,59.7226,62.5939,68.2737,21.1981,14.9093,8.81022
25.925,-0.4477,1.0000,0.0000,6,215.81,8.02,0.35,0.2071,0.2461,13569.9,0.0,193.34,196.18,195.81,195.81,8.9971,23.9182,33.4746,41.8413,47.2609,50.0392,51.5329,52.8448,53.7842,54.7251,55.6667,56.6086,57.9274,59.434,62.254,67.8365,20.3046,14.3297,8.45637
25.943,-0.4483,1.0000,0.0000,6,215.96,7.80,0.36,0.1602,0.2575,13580.9,0.0,193.50,196.34,195.97,195.97,9.49086,24.4406,33.7782,41.9343,47.2254,49.9413,51.4024,52.6867,53.6066,54.5279,55.4503,56.3735,57.6668,59.1454,61.9158,67.401,19.4229,13.7536,8.10592
25.968,-0.4487,1.0000,0.0000,6,216.10,7.68,0.39,0.1106,0.2695,13592.5,0.0,193.66,196.55,196.13,196.13,9.9717,24.9502,34.0901,42.0529,47.223,49.8791,51.3095,52.5671,53.468,54.3705,55.2745,56.1797,57.4487,58.9002,61.6215,67.0094,18.523,13.1705,7.7572
25.986,-0.4490,1.0000,0.0000,6,216.24,7.74,0.42,0.0592,0.2707,13605.1,0.0,193.77,196.78,196.31,196.31,10.4456,25.4697,34.4366,42.2237,47.2814,49.8818,51.2828,52.5146,53.3973,54.2821,55.1688,56.0569,57.3025,58.7281,61.4001,66.6908,17.5904,12.5742,7.40898
26.012,-0.4493,1.0000,0.0000,6,216.38,7.89,0.47,0.0084,0.2674,13607.4,0.0,193.86,196.98,196.36,196.36,10.9078,25.9732,34.7811,42.404,47.3555,49.903,51.2756,52.4829,53.3485,54.2165,55.0865,55.9584,57.1817,58.5821,61.2049,66.399,16.6637,11.9786,7.0639
26.031,-0.4494,1.0000,0.0000,6,216.52,7.98,0.53,-0.0415,0.2638,13612.7,0.0,193.97,197.13,196.43,196.43,11.3482,26.4205,35.0687,42.5317,47.3799,49.8754,51.2206,52.4046,53.2537,54.1056,54.9597,55.816,57.0176,58.3918,60.9672,66.0655,15.786,11.4006,6.72523
26.055,-0.4496,1.0000,0.0000,6,216.65,8.01,0.61,-0.0906,0.2600,13623.5,0.0,194.08,197.25,196.58,196.58,11.7698,26.8253,35.3153,42.6235,47.3716,49.8168,51.1358,52.2973,53.1307,53.967,54.8059,55.6469,56.826,58.1748,60.703,65.707,14.9424,10.8356,6.39214
26.075,-0.4497,1.0000,0.0000,6,216.77,8.12,0.66,-0.1389,0.2562,13638.1,0.0,194.18,197.38,196.79,196.79,12.1768,27.2051,35.5445,42.7041,47.3564,49.7537,51.0477,52.1878,53.0062,53.8277,54.6514,55.4765,56.6336,57.9581,60.4388,65.3499,14.1169,10.2778,6.06372
26.099,-0.4498,1.0000,0.0000,6,216.91,8.22,0.74,-0.1862,0.2521,13639.5,0.0,194.27,197.49,196.82,196.82,12.565,27.5459,35.7365,42.7519,47.311,49.6623,50.9325,52.052,52.8558,53.662,54.47,55.2798,56.4158,57.7157,60.1499,22.5398,13.3219,9.73306,5.74115
26.118,-0.4498,1.0000,0.0000,6,217.04,8.22,0.80,-0.2326,0.2476,13646.8,0.0,194.39,197.58,196.92,196.92,12.9275,27.8251,35.8606,42.732,47.1987,49.5052,50.752,51.8511,52.6395,53.4302,54.2232,55.0181,56.133,57.408,59.7972,20.2579,12.5742,9.20932,5.42639
26.144,-0.4499,1.0000,0.0000,6,217.16,8.20,0.86,-0.2781,0.2428,13660.1,0.0,194.51,197.67,197.11,197.11,13.2711,28.0677,35.9504,42.6805,47.0581,49.3213,50.5451,51.6229,52.3963,53.1722,53.9505,54.7305,55.8238,57.0747,59.419,18.5355,11.8519,8.69807,5.11802
26.163,-0.4499,1.0000,0.0000,6,217.29,8.25,0.90,-0.3225,0.2378,13672.4,0.0,194.62,197.79,197.29,197.29,13.5987,28.2878,36.0231,42.6169,46.9094,49.1308,50.331,51.3882,52.1471,52.9088,53.6722,54.4369,55.5093,56.7369,59.0362,17.0455,11.1457,8.19567,4.81558
26.186,-0.4499,1.0000,0.0000,6,217.43,8.26,0.95,-0.3658,0.2326,13672.5,0.0,194.74,197.89,197.29,197.29,13.9059,28.4702,36.0578,42.5178,46.7278,48.9069,50.084,51.1214,51.866,52.6126,53.361,54.111,55.1634,56.3676,58.6228,15.7433,10.4665,7.70722,4.52022
26.211,-0.4499,1.0000,0.0000,6,217.56,8.20,1.01,-0.4079,0.2269,13681.2,0.0,194.87,197.99,197.41,197.41,14.1894,28.6048,36.0418,42.3688,46.4975,48.6334,49.788,50.8053,51.535,52.2669,53.0008,53.7366,54.7689,55.9493,58.162,14.5954,9.81936,7.23588,4.23299
26.230,-0.4499,1.0000,0.0000,6,217.69,8.18,1.04,-0.4489,0.2211,13693.6,0.0,194.99,198.10,197.59,197.59,14.4562,28.7164,36.0075,42.2056,46.2542,48.3484,49.4805,50.4774,51.1926,51.9104,52.6304,53.352,54.3635,55.521,57.6916,13.5211,9.18843,6.77503,3.95276
26.256,-0.4500,1.0000,0.0000,6,217.82,8.21,1.08,-0.4886,0.2152,13700.6,0.0,195.11,198.23,197.70,197.70,14.7069,28.8085,35.9576,42.0323,46.0019,48.0556,49.1648,50.1419,50.8433,51.5474,52.2531,52.9602,53.9518,55.0871,57.2153,12.5067,8.57356,6.32495,3.67991
26.275,-0.4500,1.0000,0.0000,6,217.96,8.19,1.12,-0.5271,0.2090,13704.1,0.0,195.23,198.34,197.75,197.75,14.9367,28.8649,35.871,41.8247,45.7152,47.7275,48.8144,49.7724,50.4601,51.1499,51.8413,52.5342,53.5066,54.6201,56.7063,11.5695,7.98391,5.8899,3.41531
26.300,-0.4500,1.0000,0.0000,6,218.09,8.14,1.17,-0.5642,0.2026,13714.0,0.0,195.36,198.45,197.89,197.89,15.1465,28.8895,35.7534,41.5879,45.3996,47.3705,48.4357,49.3747,50.0482,50.7239,51.4014,52.0808,53.0343,54.1253,56.1709,10.6935,7.417,5.46902,3.15933
26.318,-0.4500,1.0000,0.0000,6,218.21,8.14,1.19,-0.5999,0.1960,13725.8,0.0,195.48,198.58,198.06,198.06,15.3405,28.8969,35.6233,41.3413,45.0756,47.0065,48.0505,48.9698,49.6296,50.2916,50.9559,51.622,52.5561,53.6252,55.6313,9.85579,6.86636,5.05983,2.91177
26.344,-0.4500,1.0000,0.0000,6,218.35,8.17,1.23,-0.6342,0.1892,13729.7,0.0,195.59,198.71,198.12,198.12,15.5177,28.8833,35.4753,41.0787,44.7363,46.6283,47.6503,48.5508,49.1972,49.8462,50.4972,51.1495,52.0646,53.1124,55.0793,9.06038,6.33485,4.66442,2.67313
26.362,-0.4500,1.0000,0.0000,6,218.48,8.15,1.27,-0.6670,0.1822,13737.1,0.0,195.71,198.82,198.22,198.22,15.6743,28.8374,35.2952,40.7839,44.3646,46.2169,47.2175,48.0996,48.7332,49.3688,50.0062,50.6451,51.5416,52.5689,13.4043,8.31648,5.82728,4.28524,2.44403
26.388,-0.4500,1.0000,0.0000,6,218.60,8.15,1.30,-0.6983,0.1751,13747.9,0.0,195.83,198.94,198.38,198.38,15.813,28.7691,35.0962,40.4701,43.9754,45.788,46.7679,47.6321,48.2523,48.8745,49.4986,50.1244,51.0031,52.0099,11.7679,7.61114,5.34018,3.92081,2.22478
26.406,-0.4500,1.0000,0.0000,6,218.73,8.18,1.32,-0.7279,0.1676,13757.5,0.0,195.94,199.06,198.52,198.52,15.9355,28.6828,34.8824,40.1425,43.5732,45.3475,46.3073,47.153,47.76,48.3692,48.9805,49.5936,50.4548,51.4406,10.4607,6.94049,4.87344,3.57119,2.01574
26.431,-0.4500,1.0000,0.0000,6,218.86,8.19,1.35,-0.7559,0.1600,13762.3,0.0,196.06,199.17,198.59,198.59,16.0394,28.5713,34.6434,39.7903,43.1467,44.8836,45.8226,46.6501,47.2443,47.8409,48.4397,49.0405,49.8834,50.8488,9.35676,6.31028,4.43032,3.23863,1.81737
26.450,-0.4500,1.0000,0.0000,6,218.99,8.19,1.38,-0.7822,0.1522,13771.4,0.0,196.18,199.28,198.71,198.71,16.1237,28.4336,34.3778,39.4118,42.694,44.3933,45.3117,46.1215,46.7032,47.2875,47.8739,48.4617,49.2869,50.2326,8.39599,5.72097,4.01164,2.92412,1.63005
26.474,-0.4500,1.0000,0.0000,6,219.12,8.20,1.39,-0.8068,0.1440,13781.5,0.0,196.29,199.40,198.86,198.86,16.1906,28.2767,34.0938,39.0153,42.2247,43.886,44.7845,45.5771,46.1467,46.7185,47.2921,47.8673,48.6753,49.6018,7.53417,5.16834,3.61623,2.6274,1.4544
26.494,-0.4500,1.0000,0.0000,6,219.24,8.21,1.41,-0.8295,0.1357,13788.0,0.0,196.41,199.51,198.96,198.96,16.2403,28.1003,33.7901,38.5996,41.7371,43.3612,44.2403,45.0161,45.5732,46.1324,46.6936,47.2566,48.0479,48.9601,6.75921,4.65384,3.24573,2.34937,1.29092
26.519,-0.4500,1.0000,0.0000,6,219.37,8.22,1.42,-0.8504,0.1272,13795.8,0.0,196.52,199.62,199.07,199.07,16.2713,27.9005,33.461,38.159,41.2247,42.8126,43.6726,44.4309,44.9756,45.5225,46.0717,46.623,47.3989,48.3173,6.06908,4.1805,2.90285,2.09156,1.13993
26.537,-0.4500,1.0000,0.0000,6,219.49,8.21,1.48,-0.8693,0.1187,13806.6,0.0,196.64,199.74,199.22,199.22,16.2878,27.6892,33.1229,37.7119,40.7068,42.2597,43.1001,43.8414,44.374,44.9092,45.4468,45.987,46.7653,8.30361,5.44122,3.74234,2.58568,1.854,1.00167
26.563,-0.4500,1.0000,0.0000,6,219.58,8.36,1.58,-0.8864,0.1107,13820.7,0.0,196.72,199.91,199.43,199.43,16.3011,27.4951,32.8118,37.2981,40.2258,41.7444,42.5661,43.2913,43.8126,44.3366,44.866,45.4109,46.2023,7.08602,4.83901,3.3266,2.28892,1.63415,0.875954
26.581,-0.4500,1.0000,0.0000,6,219.66,8.65,1.64,-0.9015,0.1034,13834.9,0.0,196.76,200.07,199.63,199.63,16.3076,27.3078,32.513,36.9009,39.7652,41.25,42.0539,42.7638,43.2746,43.7969,44.3354,44.8908,45.698,6.12361,4.28724,2.94567,2.01795,1.43478,0.763439
26.606,-0.4500,1.0000,0.0000,6,219.77,8.94,1.77,-0.9147,0.0959,13826.2,0.0,196.80,200.16,199.61,199.61,16.2943,27.0918,32.1825,36.4716,39.2719,40.7236,41.5103,42.2087,42.7242,43.2559,43.8042,44.3701,45.1933,5.43101,3.82798,2.61812,1.7823,1.26041,0.664958
26.625,-0.4500,1.0000,0.0000,6,219.88,9.00,1.81,-0.9259,0.0867,13845.0,0.0,196.89,200.18,199.68,199.68,16.2482,26.8119,31.7781,35.9623,38.6955,40.1137,40.8867,41.5916,42.1141,42.6531,43.2095,43.784,44.6202,5.05216,3.49521,2.3595,1.58951,1.11556,0.581978
26.650,-0.4500,1.0000,0.0000,6,220.01,8.89,1.88,-0.9350,0.0762,13845.1,0.0,197.02,200.16,199.93,199.93,16.1688,26.4683,31.3,35.373,38.0359,39.4219,40.1977,40.9087,41.436,41.9803,42.5423,43.123,43.9688,5.06559,3.30308,2.17441,1.44217,1.0019,0.515465
26.668,-0.4500,1.0000,0.0000,6,220.15,8.70,1.79,-0.9417,0.0649,13864.9,0.0,197.17,200.16,200.04,200.04,16.0637,26.0819,30.7735,34.7323,37.3241,38.6928,39.4729,40.1882,40.719,41.2672,41.8336,42.419,43.2723,44.2989,3.27323,2.06884,1.34261,0.92092,0.466259
26.693,-0.4500,1.0000,0.0000,6,220.30,8.50,1.74,-0.9461,0.0527,13865.1,0.0,197.33,200.20,200.27,200.27,15.9348,25.6584,30.206,34.0487,36.5696,37.9362,38.7188,39.437,39.9702,40.5212,41.0907,41.6797,42.5388,43.5731,3.49586,2.06297,1.30018,0.877691,0.435997
26.712,-0.4500,1.0000,0.0000,6,220.44,8.34,1.48,-0.9478,0.0401,13914.2,0.0,197.50,200.27,200.72,200.72,15.787,25.2109,29.6146,33.3416,35.8035,37.1722,37.9567,38.6772,39.2124,39.7657,40.338,40.9302,41.7945,42.836,4.29657,2.18564,1.32485,0.877527,0.426842
26.737,-0.4500,1.0000,0.0000,6,220.61,8.30,1.33,-0.9469,0.0276,13906.1,0.0,197.64,200.40,200.91,200.91,15.6241,24.7502,29.0128,32.626,35.0469,36.4181,37.2049,37.928,38.4655,39.0215,39.5968,40.1925,41.0626,42.1121,44.2561,2.4907,1.42885,0.925467,0.440071
26.756,-0.4500,1.0000,0.0000,6,220.78,8.23,1.11,-0.9432,0.0154,13910.8,0.0,197.79,200.56,200.74,200.74,15.4492,24.2852,28.4113,31.9141,34.3142,35.6899,36.4802,37.207,37.7477,38.3073,38.8867,39.487,40.3644,41.424,43.5924,3.0915,1.62937,1.02677,0.476273
26.781,-0.4500,1.0000,0.0000,6,220.92,8.21,1.04,-0.9368,0.0031,13919.9,0.0,197.94,200.75,200.92,200.92,15.2613,23.8138,27.807,31.2032,33.6033,34.9852,35.7801,36.5117,37.0564,37.6205,38.205,38.8109,39.6974,40.7691,42.9664,4.36808,1.95116,1.18895,0.53672
26.800,-0.4500,1.0000,0.0000,6,221.05,8.27,0.87,-0.9276,-0.0087,13946.3,0.0,198.06,200.94,201.18,201.18,15.0607,23.3353,27.1995,30.5069,32.9159,34.3061,35.1068,35.8446,36.3942,36.9638,37.5544,38.1672,39.0645,40.1507,42.3824,47.7915,2.43087,1.41955,0.622231
26.825,-0.4500,1.0000,0.0000,6,221.23,8.37,0.71,-0.9156,-0.0213,13933.0,0.0,198.16,201.06,201.30,201.30,14.8346,22.8166,26.5473,29.7816,32.1924,33.5868,34.3909,35.1326,35.6856,36.2591,36.8541,37.4719,38.3775,39.475,41.7345,47.2374,3.16617,1.73794,0.73554
26.849,-0.4500,1.0000,0.0000,6,221.38,8.18,0.61,-0.9008,-0.0337,13934.3,0.0,198.33,201.20,201.06,201.06,14.5929,22.2856,25.8852,29.0672,31.4809,32.8804,33.6886,34.4348,34.9915,35.5694,36.1694,36.7929,37.7077,38.8178,41.1085,46.716,4.33126,2.15504,0.876583
26.868,-0.4500,1.0000,0.0000,6,221.44,8.44,0.63,-0.8835,-0.0433,13954.9,0.0,198.41,201.49,201.55,201.55,14.3612,21.8079,25.2948,28.4715,30.9126,32.3324,33.1539,33.9132,34.4805,35.0698,35.6823,36.3194,37.2555,38.3934,40.7482,46.5523,6.53852,2.66385,1.04201
26.894,-0.4500,1.0000,0.0000,6,221.56,8.87,0.81,-0.8638,-0.0513,13927.4,0.0,198.40,201.78,200.99,200.99,14.1293,21.3529,24.7417,27.9553,30.4408,31.8919,32.7333,33.5123,34.0949,34.701,35.3316,35.9885,36.955,38.1323,40.5774,46.6541,62.6635,3.28815,1.23088
26.913,-0.4500,1.0000,0.0000,6,221.67,8.92,1.07,-0.8419,-0.0616,13902.6,0.0,198.47,201.89,200.62,200.62,13.8692,20.8458,24.1525,27.3927,29.9118,31.3877,32.2455,33.0408,33.6364,34.2566,34.9028,35.5767,36.5697,37.7819,40.308,46.6383,63.6804,4.10788,1.44865
26.937,-0.4500,1.0000,0.0000,6,221.76,8.70,1.24,-0.8176,-0.0736,13918.8,0.0,198.60,201.88,200.84,200.84,13.5792,20.285,23.5227,26.7716,29.3097,30.8019,31.6708,32.4777,33.0827,33.7133,34.3712,35.0579,36.0715,37.3111,39.9031,46.45,64.4529,5.26976,1.69884
26.956,-0.4500,1.0000,0.0000,6,221.86,8.48,1.32,-0.7908,-0.0860,13938.5,0.0,198.74,201.89,201.12,201.12,13.2697,19.6975,22.8855,26.1369,28.6893,30.1952,31.0738,31.891,32.5045,33.1446,33.8131,34.5118,35.5447,36.8103,39.4659,46.2284,65.2431,7.14285,1.98531
26.980,-0.4500,1.0000,0.0000,6,221.97,8.36,1.33,-0.7612,-0.0997,13956.8,0.0,198.87,201.95,201.38,201.38,12.9448,19.0955,22.2571,25.5108,28.0782,29.5986,30.4877,31.3157,31.9383,32.5886,33.2686,33.9802,35.0337,36.3276,39.0521,46.0521,66.2231,161.127,2.31279
26.999,-0.4500,1.0000,0.0000,6,222.09,8.35,1.29,-0.7286,-0.1131,13970.5,0.0,198.98,202.04,201.59,201.59,12.6044,18.4941,21.6415,24.8994,27.4843,29.0211,29.9219,30.7623,31.395,32.0567,32.7496,33.4756,34.5524,35.8779,38.6802,45.9503,67.4834,168.566,2.68545
27.025,-0.4500,1.0000,0.0000,6,222.21,8.38,1.24,-0.6930,-0.1263,13980.7,0.0,199.09,202.15,201.74,201.74,12.2479,17.9042,21.0377,24.3014,26.9063,28.4614,29.3753,30.2294,30.8734,31.5479,32.2551,32.9973,34.1001,35.461,38.3508,45.9281,69.077,175.647,3.1112
27.043,-0.4500,1.0000,0.0000,6,222.33,8.43,1.18,-0.6542,-0.1407,13988.0,0.0,199.19,202.26,201.84,201.84,11.8746,17.3237,20.4428,23.7127,26.3388,27.9138,28.8417,29.7107,30.367,31.0554,31.7782,32.538,33.6692,35.0691,38.0555,45.9781,71.0396,182.384,3.59612
27.068,-0.4500,1.0000,0.0000,6,222.46,8.42,1.16,-0.6123,-0.1551,13990.2,0.0,199.31,202.37,201.88,201.88,11.484,16.7492,19.8513,23.1257,25.7726,27.3675,28.3099,29.1942,29.8632,30.566,31.3051,32.0833,33.2446,34.6857,37.7758,46.0775,73.3789,188.716,4.15244
27.087,-0.4500,1.0000,0.0000,6,222.59,8.37,1.15,-0.5671,-0.1694,13995.9,0.0,199.43,202.47,201.96,201.96,11.0761,16.1839,19.2681,22.547,25.2159,26.8321,27.7899,28.6907,29.3734,30.0918,30.8486,31.6469,32.841,34.3274,37.532,46.2617,76.2675,194.805,4.79081
27.112,-0.4500,1.0000,0.0000,6,222.70,8.35,1.14,-0.5186,-0.1848,14002.2,0.0,199.54,202.59,202.05,202.05,10.6523,15.6314,18.6985,21.9842,24.6784,26.3187,27.294,28.2134,28.9116,29.6476,30.4244,31.2455,32.4766,34.0146,37.3504,46.5788,79.9705,200.0,5.52809
27.131,-0.4500,1.0000,0.0000,6,222.83,8.32,1.16,-0.4668,-0.2000,14004.0,0.0,199.65,202.71,202.07,202.07,10.2125,15.09,18.1398,21.4334,24.1555,25.8223,26.8168,27.7566,28.472,29.2275,30.0265,30.8729,32.1455,33.7411,37.2251,47.0308,84.7035,200.0,6.38473
27.156,-0.4500,1.0000,0.0000,6,222.94,8.27,1.20,-0.4116,-0.2148,14010.1,0.0,199.76,202.84,202.16,202.16,9.75958,14.5626,17.5962,20.901,23.6553,25.3524,26.3689,27.3321,28.0669,28.8446,29.669,30.5443,31.8645,33.5266,37.1826,47.6745,90.9803,124.351,7.23715
27.175,-0.4500,1.0000,0.0000,6,223.05,8.29,1.23,-0.3531,-0.2308,14018.2,0.0,199.86,202.97,202.28,202.28,9.31554,14.0509,17.0708,20.3914,23.1843,24.9168,25.9588,26.9492,27.7068,28.5104,29.3644,30.2735,31.6493,33.3895,37.2491,48.5749,99.6279,95.5623,8.01319
27.200,-0.4500,1.0000,0.0000,6,223.16,8.30,1.27,-0.2910,-0.2465,14020.1,0.0,199.96,203.08,202.31,202.31,8.88529,13.5506,16.5566,19.8946,22.7294,24.5008,25.5708,26.5913,27.3741,28.2067,29.0937,30.0407,31.4792,33.3082,37.4019,49.7221,111.645,80.5727,8.72143
27.218,-0.4500,1.0000,0.0000,6,223.28,8.27,1.30,-0.2255,-0.2620,14027.6,0.0,200.07,203.18,202.41,202.41,8.4684,13.06,16.0506,19.406,22.2848,24.0976,25.198,26.2511,27.0614,27.9255,28.8489,29.8378,31.3461,33.2745,37.635,51.1388,128.013,71.3771,9.36879
27.243,-0.4500,1.0000,0.0000,6,223.38,8.26,1.32,-0.1588,-0.2538,14038.3,0.0,200.18,203.28,202.57,202.57,8.0661,12.5836,15.56,18.9363,21.8651,23.7249,24.8597,25.9499,26.7916,27.6919,28.6571,29.6943,31.2835,33.3281,38.0049,52.9766,140.631,64.9259,9.95642
27.262,-0.4500,1.0000,0.0000,6,223.50,8.28,1.34,-0.0948,-0.2411,14043.7,0.0,200.27,203.39,202.65,202.65,7.67851,12.1221,15.0861,18.4878,21.474,23.3875,24.5617,25.6946,26.5725,27.5148,28.5285,29.6221,31.3063,33.4884,38.5457,55.3808,150.665,60.0633,10.4881
27.287,-0.4500,1.0000,0.0000,6,223.61,8.29,1.35,-0.0335,-0.2284,14050.9,0.0,200.38,203.49,202.75,202.75,7.30519,11.6736,14.6255,18.0556,21.1051,23.0784,24.2969,25.478,26.397,27.387,28.4563,29.6149,31.4092,33.7526,39.2655,58.4839,159.36,56.286,10.9697
27.306,-0.4500,1.0000,0.0000,6,223.72,8.29,1.36,0.0250,-0.2158,14058.8,0.0,200.48,203.58,202.86,202.86,6.94645,11.2391,14.1798,17.6423,20.7625,22.8031,24.0718,25.3078,26.2739,27.3188,28.4526,29.6868,31.6106,34.1457,40.2132,62.5711,167.23,53.2239,11.4043
27.331,-0.4500,1.0000,0.0000,6,223.84,8.29,1.37,0.0808,-0.2032,14066.5,0.0,200.58,203.68,202.97,202.97,6.6028,10.8206,13.7523,17.2528,20.4539,22.5718,23.8984,25.1983,26.2194,27.3289,28.5387,29.8629,31.942,34.7101,41.4697,68.1407,174.568,50.6392,11.7938
27.356,-0.4500,1.0000,0.0000,6,223.94,8.31,1.38,0.1338,-0.1904,14074.0,0.0,200.68,203.79,203.08,203.08,6.27525,10.422,13.3495,16.8986,20.1968,22.4072,23.8034,25.1803,26.268,27.4562,28.7592,30.1945,32.4671,35.5297,43.1909,76.1967,181.629,48.3468,12.1379
27.374,-0.4500,1.0000,0.0000,6,224.05,8.35,1.39,0.1841,-0.1776,14079.2,0.0,200.77,203.90,203.16,203.16,5.9639,10.0433,12.9717,16.5806,19.9939,22.3145,23.7942,25.2641,26.4329,27.7173,29.1352,30.7085,33.2245,36.6643,45.5247,88.4349,188.438,46.2993,12.4399
27.399,-0.4500,1.0000,0.0000,6,224.16,8.36,1.42,0.2314,-0.1648,14083.1,0.0,200.87,204.00,203.22,203.22,5.66824,9.68194,12.614,16.2912,19.836,22.2841,23.8616,25.4415,26.7071,28.1074,29.665,31.408,34.2278,38.1491,48.6172,108.198,194.895,44.5009,12.7059
27.418,-0.4500,1.0000,0.0000,6,224.28,8.33,1.44,0.2760,-0.1522,14089.3,0.0,200.97,204.08,203.30,203.30,5.38842,9.33814,12.2768,16.0312,19.7256,22.3215,24.0138,25.7244,27.1061,28.647,30.3761,32.3299,35.5342,40.0817,52.771,127.111,200.0,42.9083,12.939
27.444,-0.4302,1.0000,0.0000,6,224.38,8.30,1.46,0.3178,-0.1397,14096.8,0.0,201.08,204.17,203.41,203.41,5.12508,9.01448,11.9645,15.8088,19.6774,22.448,24.2781,26.1476,27.6721,29.3878,31.3329,33.5564,37.2633,42.6562,58.5828,138.656,114.225,41.4623,13.1399
27.462,-0.3385,1.0000,0.0000,6,224.50,8.27,1.47,0.3567,-0.1272,14104.7,0.0,201.31,204.38,203.53,203.53,4.87935,8.71578,11.6861,15.641,19.7209,22.7067,24.709,26.7796,28.4874,30.4302,32.6602,35.2457,39.6446,46.2498,67.3112,148.223,99.0791,40.0982,13.3072
27.487,-0.3046,1.0000,0.0000,6,224.62,8.28,1.49,0.3928,-0.1146,14112.2,0.0,202.03,205.05,203.63,203.63,4.6512,8.44222,11.4421,15.5308,19.8664,23.118,25.337,27.665,29.611,31.8542,34.468,37.5521,42.9362,51.3615,81.3227,156.696,88.2731,38.8164,13.4438
27.506,-0.2742,1.0000,0.0000,6,224.77,8.24,1.51,0.4260,-0.1024,14115.3,0.0,202.73,205.62,203.68,203.68,4.43975,8.18955,11.2246,15.4645,20.0964,23.6661,26.151,28.8019,31.0531,33.6889,36.8168,40.5883,47.3908,58.6319,105.664,164.198,80.0903,37.6579,13.5571
27.530,-0.2468,1.0000,0.0000,6,224.95,8.11,1.53,0.4565,-0.0907,14121.3,0.0,203.34,206.09,203.77,203.77,4.24471,7.95624,11.03,15.4358,20.4046,24.3501,27.1587,30.2129,32.855,36.0065,39.83,44.566,53.4743,69.3236,122.835,170.838,73.7656,36.6266,13.6513
27.550,-0.2221,1.0000,0.0000,6,225.15,7.91,1.54,0.4842,-0.0795,14128.5,0.0,203.90,206.49,203.87,203.87,4.06641,7.74365,10.8605,15.4485,20.8014,25.1936,28.3999,31.9647,35.1164,38.9609,43.7544,49.8972,62.1134,86.2666,133.117,176.754,68.7351,35.7017,13.7278
27.574,-0.1999,1.0000,0.0000,6,225.37,7.65,1.55,0.5092,-0.0688,14136.6,0.0,204.42,206.86,203.99,203.99,3.90521,7.5543,10.7208,15.5128,21.3106,26.2435,29.9495,34.1782,38.0158,42.8277,49.0387,57.3619,75.2526,110.316,141.212,182.097,64.6045,34.8566,13.7866
27.594,-0.1799,1.0000,0.0000,6,225.60,7.36,1.55,0.5315,-0.0585,14145.3,0.0,204.90,207.22,204.11,204.11,3.76159,7.39141,10.6176,15.6439,21.9692,27.574,31.9275,37.0521,41.8546,48.0916,56.5181,68.531,97.5802,122.436,148.101,187.004,61.1037,34.0658,13.8273
27.619,-0.1619,1.0000,0.0000,6,225.86,7.04,1.57,0.5512,-0.0485,14152.1,0.0,205.36,207.57,204.21,204.21,3.63565,7.25615,10.5534,15.8486,22.8022,29.2515,34.4597,40.8269,47.0394,55.487,67.6393,86.6155,114.823,131.025,154.12,191.498,58.0984,33.324,13.8512
27.637,-0.1457,1.0000,0.0000,6,226.13,6.69,1.58,0.5684,-0.0391,14160.9,0.0,205.81,207.90,204.34,204.34,3.52715,7.14838,10.5279,16.1284,23.8267,31.3412,37.6923,45.825,54.1802,66.2678,85.3062,108.232,124.157,137.926,159.397,195.78,55.509,32.6329,13.8605
27.662,-0.1311,1.0000,0.0000,6,226.41,6.32,1.59,0.5831,-0.0301,14171.6,0.0,206.24,208.22,204.49,204.49,3.43614,7.06975,10.5451,16.4947,25.0851,33.9683,41.8929,52.6487,64.4795,83.1768,106.41,118.446,131.312,143.759,164.08,105.173,53.2422,31.9827,13.8556
27.681,-0.1180,1.0000,0.0000,6,226.71,5.95,1.60,0.5953,-0.0215,14183.8,0.0,206.66,208.54,204.66,204.66,3.3626,7.02226,10.6101,16.9634,26.6394,37.3274,47.507,62.4093,80.4406,104.122,116.365,125.862,137.263,148.843,168.288,95.2167,51.2216,31.3624,13.8367
27.706,-0.1062,1.0000,0.0000,6,227.01,5.59,1.60,0.6052,-0.0132,14197.0,0.0,207.07,208.86,204.85,204.85,3.30646,7.00798,10.7289,17.5552,28.5785,41.7263,55.3154,77.3777,101.462,114.034,123.613,131.942,142.43,153.382,172.126,88.528,49.3869,30.7619,13.8037
27.725,-0.0956,1.0000,0.0000,6,227.32,5.26,1.61,0.6130,-0.0052,14209.6,0.0,207.47,209.18,205.04,205.04,3.26717,7.02644,10.9016,18.2777,30.9764,47.5483,66.5597,98.2704,111.382,121.093,129.476,137.099,146.952,157.424,175.594,82.9424,47.7213,30.1842,13.7585
27.750,-0.0860,1.0000,0.0000,6,227.65,4.92,1.62,0.6185,0.0023,14223.2,0.0,207.87,209.48,205.23,205.23,3.24418,7.07653,11.1266,19.132,33.9041,55.328,83.4913,108.279,118.203,126.679,134.35,141.493,150.877,160.97,178.662,78.2494,46.2184,29.6346,13.7029
27.768,-0.0774,1.0000,0.0000,6,227.98,4.58,1.63,0.6221,0.0093,14238.5,0.0,208.27,209.78,205.45,205.45,3.2368,7.15734,11.4029,20.1231,37.4646,65.9655,99.582,114.903,123.519,131.266,138.455,145.247,154.266,164.052,181.339,74.267,44.86,29.1129,13.6382
27.794,-0.0697,1.0000,0.0000,6,228.32,4.24,1.64,0.6237,0.0158,14254.7,0.0,208.67,210.07,205.68,205.68,3.24439,7.26823,11.7302,21.2571,41.7912,81.0204,107.19,119.979,127.835,135.089,141.924,148.446,157.173,166.704,183.718,70.8532,43.6279,28.6175,13.5656
27.812,-0.0627,1.0000,0.0000,6,228.66,3.92,1.64,0.6235,0.0218,14271.7,0.0,209.07,210.37,205.93,205.93,3.26646,7.40963,12.1114,22.5512,47.1059,95.4142,112.626,124.095,131.437,138.329,144.89,151.193,159.678,168.992,185.957,67.8737,42.496,28.1423,13.4849
27.837,-0.0564,1.0000,0.0000,6,229.01,3.61,1.65,0.6217,0.0275,14288.7,0.0,209.46,210.67,206.18,206.18,3.30228,7.58065,12.5459,24.0138,53.6681,102.352,116.877,127.499,134.464,141.075,147.415,153.539,161.819,170.945,188.041,65.2501,41.4515,27.6856,13.397
27.856,-0.0508,1.0000,0.0000,6,229.36,3.32,1.65,0.6182,0.0327,14306.2,0.0,209.86,210.97,206.43,206.43,3.35101,7.77888,13.0285,25.6345,61.721,107.161,120.258,130.283,136.958,143.345,149.504,155.477,163.582,172.545,100.701,62.947,40.4938,27.2503,13.3032
27.881,-0.0457,1.0000,0.0000,6,229.72,3.03,1.66,0.6133,0.0374,14324.9,0.0,210.25,211.26,206.70,206.70,3.41172,8.00277,13.557,27.4144,71.6623,110.813,122.981,132.554,139.0,145.202,151.207,157.051,165.004,173.823,92.479,60.9069,39.6107,26.8339,13.2041
27.906,-0.0412,1.0000,0.0000,6,230.08,2.76,1.66,0.6070,0.0418,14344.3,0.0,210.64,211.57,206.98,206.98,3.48363,8.25156,14.1315,29.3636,83.372,113.701,125.199,134.413,140.667,146.713,152.588,158.318,166.136,174.839,87.4203,59.0745,38.7874,26.4323,13.0998
27.925,-0.0370,1.0000,0.0000,6,230.44,2.51,1.67,0.5994,0.0457,14364.3,0.0,211.02,211.87,207.26,207.26,3.5661,8.52392,14.7496,31.4803,89.911,116.007,126.991,135.909,142.002,147.913,153.672,159.303,167.001,175.665,83.5599,57.4187,38.0169,26.0441,12.9908
27.949,-0.0333,1.0000,0.0000,6,230.80,2.28,1.67,0.5907,0.0494,14384.5,0.0,211.41,212.18,207.56,207.56,3.65809,8.81759,15.4072,33.7578,94.0252,117.843,128.414,137.085,143.037,148.83,154.487,160.028,167.617,176.307,80.3913,55.9144,37.2935,25.6685,12.8777
27.968,-0.0300,1.0000,0.0000,6,231.17,2.06,1.67,0.5809,0.0526,14404.8,0.0,211.79,212.48,207.85,207.85,3.75894,9.13098,16.1011,36.1864,96.9984,119.283,129.513,137.969,143.799,149.486,155.052,160.512,168.002,176.763,77.6907,54.5413,36.6123,25.3044,12.7609
27.993,-0.0270,1.0000,0.0000,6,231.53,1.86,1.68,0.5702,0.0556,14425.7,0.0,212.16,212.79,208.15,208.15,3.86799,9.46289,16.8293,38.7637,99.2539,120.396,130.335,138.604,144.324,149.916,155.398,160.784,168.184,177.046,75.3226,53.2766,35.9663,24.9497,12.6406
28.013,-0.0243,1.0000,0.0000,6,231.90,1.68,1.68,0.5586,0.0583,14446.9,0.0,212.53,213.11,208.46,208.46,3.98455,9.81204,17.5899,41.489,101.002,121.238,130.925,139.026,144.646,150.151,155.557,160.874,168.209,177.17,73.1983,52.1009,35.3492,24.6026,12.517
28.037,-0.0219,1.0000,0.0000,6,232.26,1.52,1.68,0.5462,0.0607,14468.3,0.0,212.90,213.42,208.76,208.76,4.10778,10.1761,18.3777,44.3399,102.342,121.834,131.296,139.245,144.775,150.2,155.534,160.787,168.087,177.132,71.271,51.0069,34.7599,24.2633,12.3906
28.056,-0.0197,1.0000,0.0000,6,232.63,1.37,1.68,0.5330,0.0629,14489.9,0.0,213.27,213.74,209.07,209.07,4.23725,10.5544,19.1919,47.3174,103.367,122.225,131.486,139.296,144.741,150.091,155.358,160.551,167.836,176.95,69.4996,49.9784,34.1927,23.9298,12.2614
28.082,-0.0177,1.0000,0.0000,6,233.00,1.24,1.68,0.5192,0.0649,14511.7,0.0,213.62,214.05,209.39,209.39,4.37258,10.9468,20.0332,50.4311,104.148,122.452,131.528,139.208,144.574,149.854,155.058,160.193,167.478,176.649,67.8491,49.0006,33.6419,23.6,12.1294
28.099,-0.0159,1.0000,0.0000,6,233.36,1.12,1.68,0.5048,0.0668,14533.4,0.0,213.98,214.37,209.70,209.70,4.51318,11.3515,20.8981,53.6657,104.718,122.529,131.434,138.993,144.284,149.498,154.641,159.721,167.015,176.232,66.3061,48.0689,33.1064,23.2738,11.9949
28.125,-0.0143,1.0000,0.0000,6,233.73,1.02,1.68,0.4898,0.0684,14555.1,0.0,214.34,214.69,210.02,210.02,4.6585,11.7667,21.7814,56.9911,105.094,122.46,131.206,138.651,143.871,149.021,154.107,159.134,166.44,88.7469,64.8646,47.1819,32.5866,22.9519,11.8584
28.143,-0.0129,1.0000,0.0000,6,234.09,0.92,1.68,0.4743,0.0699,14576.9,0.0,214.70,215.01,210.33,210.33,4.80789,12.1898,22.6758,60.3618,105.283,122.246,130.842,138.179,143.333,148.421,153.451,158.43,165.747,85.2589,63.5229,46.3404,32.0835,22.6352,11.7203
28.168,-0.0116,1.0000,0.0000,6,234.46,0.82,1.68,0.4584,0.0712,14598.7,0.0,215.05,215.33,210.65,210.65,4.9611,12.621,23.5832,63.7712,105.327,121.916,130.372,137.606,142.694,147.723,152.7,157.638,164.957,82.6684,62.2564,45.5329,31.5925,22.3217,11.5804
28.187,-0.0105,1.0000,0.0000,6,234.82,0.74,1.68,0.4421,0.0724,14621.3,0.0,215.40,215.65,210.97,210.97,5.11803,13.0614,24.5082,66.4419,105.268,121.508,129.828,136.963,141.988,146.96,151.885,156.787,164.102,80.4805,61.0386,44.7461,31.1078,22.009,11.4386
28.212,-0.0094,1.0000,0.0000,6,235.18,0.67,1.67,0.4253,0.0735,14643.1,0.0,215.75,215.97,211.29,211.29,5.27806,13.5079,25.4418,68.3198,105.094,121.004,129.195,136.233,141.198,146.115,150.988,155.858,163.162,78.6291,59.8802,43.9867,30.6331,21.699,11.2954
28.231,-0.0085,1.0000,0.0000,6,235.54,0.60,1.67,0.4083,0.0744,14664.7,0.0,216.09,216.29,211.60,211.60,5.44065,13.9584,26.378,69.6958,104.806,120.406,128.472,135.417,140.322,145.185,150.009,154.848,162.133,77.0561,58.7812,43.2554,30.1691,21.3925,11.1512
28.256,-0.0076,1.0000,0.0000,6,235.91,0.54,1.67,0.3909,0.0753,14686.2,0.0,216.44,216.61,211.91,211.91,5.60565,14.4133,27.3181,70.7284,104.427,119.73,127.675,134.53,139.377,144.187,148.962,153.77,161.029,75.6867,57.7282,42.5457,29.713,21.0883,11.0059
28.274,-0.0069,1.0000,0.0000,6,236.27,0.48,1.67,0.3733,0.0760,14707.9,0.0,216.78,216.94,212.22,212.22,5.77324,14.8745,28.2707,71.535,103.994,119.011,126.839,133.604,138.394,143.152,147.879,152.658,159.887,74.4182,56.6983,41.845,29.2591,20.7836,10.8591
28.300,-0.0062,1.0000,0.0000,6,236.62,0.43,1.66,0.3553,0.0768,14730.9,0.0,217.11,217.27,212.55,212.55,5.94331,15.3423,29.2366,72.1669,103.516,118.257,125.97,132.648,137.382,142.088,146.767,151.517,158.714,73.231,55.6899,41.1507,28.8063,20.4781,10.7107
28.318,-0.0056,1.0000,0.0000,6,236.98,0.40,1.65,0.3372,0.0774,14752.5,0.0,217.45,217.59,212.87,212.87,6.1152,15.8133,30.2058,72.6321,102.976,117.451,125.051,131.643,136.322,140.977,145.608,150.329,157.489,72.1788,54.7171,40.4701,28.3584,20.1739,10.5615
28.343,-0.0050,1.0000,0.0000,6,237.34,0.36,1.65,0.3188,0.0780,14773.8,0.0,217.79,217.91,213.17,213.17,6.28899,16.2888,31.1827,72.9716,102.393,116.609,124.099,130.606,135.231,139.834,144.419,149.109,156.229,71.22,53.7688,39.797,27.9125,19.8695,10.4112
28.362,-0.0045,1.0000,0.0000,6,237.70,0.33,1.63,0.3003,0.0785,14795.1,0.0,218.12,218.23,213.48,213.48,6.46451,16.7677,32.1636,73.1972,101.763,115.727,123.109,129.533,134.102,138.656,143.194,147.853,154.928,70.3788,52.8494,39.1329,27.4695,19.5655,10.2598
28.387,-0.0041,1.0000,0.0000,6,238.06,0.29,1.61,0.2815,0.0790,14816.6,0.0,218.45,218.56,213.79,213.79,6.64154,17.2495,33.1482,73.3254,101.092,114.812,122.087,128.428,132.944,137.447,141.939,146.565,153.593,69.6562,51.9564,38.4764,27.0289,19.2617,10.1077
28.406,-0.0036,1.0000,0.0000,6,238.41,0.27,1.57,0.2626,0.0795,14843.5,0.0,218.78,218.87,214.18,214.18,6.81993,17.7339,34.1351,73.3684,100.384,113.864,121.034,127.293,131.756,136.21,140.655,145.247,152.225,69.0708,51.0899,37.8271,26.5906,18.9583,9.95473
28.431,-0.0033,1.0000,0.0000,6,238.76,0.24,1.54,0.2435,0.0799,14863.2,0.0,219.11,219.20,214.46,214.46,6.99966,18.2211,35.1265,73.3404,99.6466,112.893,119.958,126.137,130.546,134.95,139.35,143.907,150.832,68.6326,50.2458,37.1823,26.1534,18.6546,9.80097
28.456,-0.0030,1.0000,0.0000,6,239.12,0.22,1.52,0.2243,0.0802,14883.3,0.0,219.45,219.52,214.75,214.75,7.18046,18.7096,36.1161,73.2398,98.8713,111.888,118.851,124.949,129.305,133.661,138.014,142.534,149.403,68.4337,49.4314,36.545,25.7189,18.3516,9.64661
28.474,-0.0027,1.0000,0.0000,6,239.47,0.20,1.50,0.2049,0.0805,14903.5,0.0,219.77,219.84,215.04,215.04,7.3622,19.1987,37.1023,73.0726,98.0609,110.851,117.713,123.731,128.035,132.341,136.649,141.13,147.94,68.6131,48.6482,35.9152,25.2871,18.0491,9.49169
28.499,-0.0024,1.0000,0.0000,6,239.83,0.18,1.47,0.1855,0.0808,14924.8,0.0,220.10,220.16,215.35,215.35,7.54502,19.6905,38.0938,72.8606,97.2335,109.801,116.563,122.502,126.753,131.01,135.274,139.714,146.463,69.4623,47.8837,35.2864,24.8549,17.746,9.33606
28.518,-0.0022,1.0000,0.0000,6,240.17,0.16,1.42,0.1659,0.0810,14951.2,0.0,220.43,220.48,215.73,215.73,7.72867,20.1831,39.0828,72.5968,96.3777,108.728,115.39,121.249,125.448,129.657,133.875,138.273,144.96,153.47,47.1488,34.6627,24.4245,17.4431,9.1799
28.543,-0.0019,1.0000,0.0000,6,240.53,0.14,1.39,0.1462,0.0812,14970.4,0.0,220.75,220.80,216.01,216.01,7.91299,20.6759,40.0427,72.2848,95.4964,107.632,114.195,119.975,124.123,128.282,132.454,136.81,143.432,151.859,46.444,34.0437,23.9957,17.1406,9.02333
28.562,-0.0017,1.0000,0.0000,6,240.88,0.12,1.38,0.1264,0.0814,14990.0,0.0,221.08,221.12,216.29,216.29,8.09818,21.1711,40.8674,71.9406,94.6037,106.528,112.992,118.695,122.79,126.9,131.027,135.339,141.895,150.24,45.7608,33.4246,23.5662,16.8373,8.86613
28.587,-0.0016,1.0000,0.0000,6,241.23,0.11,1.36,0.1065,0.0816,15009.6,0.0,221.40,221.44,216.58,216.58,8.28431,21.6691,41.5651,71.5696,93.7023,105.418,111.785,117.41,121.453,125.515,129.597,133.865,140.354,148.616,45.097,32.8041,23.1355,16.5329,8.70826
28.606,-0.0014,1.0000,0.0000,6,241.57,0.10,1.35,0.0866,0.0818,15031.1,0.0,221.72,221.76,216.88,216.88,8.47134,22.1702,42.1556,71.1741,92.7951,104.305,110.576,116.123,120.115,124.128,128.164,132.388,138.812,146.989,44.4545,32.1819,22.7033,16.2275,8.54976
28.631,-0.0013,1.0000,0.0000,6,241.92,0.10,1.33,0.0665,0.0820,15053.6,0.0,222.04,222.08,217.21,217.21,8.65877,22.6703,42.6418,70.7379,91.8618,103.169,109.344,114.815,118.755,122.719,126.708,130.888,137.243,145.333,43.8525,31.565,22.2732,15.9226,8.39098
28.650,-0.0011,1.0000,0.0000,6,242.27,0.09,1.32,0.0464,0.0821,15073.9,0.0,222.37,222.39,217.50,217.50,8.84644,23.1685,43.0346,70.2632,90.903,102.01,108.089,113.482,117.371,121.286,125.23,129.362,135.645,143.645,43.2967,30.9536,21.8453,15.6185,8.232
28.675,-0.0010,1.0000,0.0000,6,242.61,0.07,1.32,0.0262,0.0822,15093.9,0.0,222.69,222.71,217.79,217.79,9.03465,23.6676,43.3526,69.7636,89.9323,100.841,106.826,112.142,115.979,119.845,123.742,127.827,134.038,141.947,42.7774,30.343,21.4173,15.314,8.07261
28.694,-0.0009,1.0000,0.0000,6,242.96,0.06,1.32,0.0060,0.0823,15114.0,0.0,223.00,223.02,218.08,218.08,9.2235,24.1685,43.6058,69.2442,88.9552,99.6682,105.559,110.798,114.584,118.401,122.251,126.288,132.428,140.245,42.2948,29.7413,20.9883,15.0087,7.91274
28.718,-0.0008,1.0000,0.0000,6,243.30,0.06,1.32,-0.0143,0.0824,15135.0,0.0,223.32,223.34,218.38,218.38,9.41299,24.6715,43.8015,68.7075,87.9734,98.4931,104.29,109.453,113.187,116.955,120.759,124.749,130.816,138.541,41.8517,29.1538,20.5581,14.7026,7.75238
28.737,-0.0008,1.0000,0.0000,6,243.64,0.05,1.31,-0.0347,0.0825,15156.0,0.0,223.63,223.66,218.69,218.69,9.60306,25.1765,43.9444,68.1538,86.9865,97.3156,103.02,108.107,111.789,115.509,119.266,123.208,129.202,136.835,41.4539,28.5818,20.1268,14.3956,7.59162
28.763,-0.0007,1.0000,0.0000,6,243.98,0.05,1.32,-0.0551,0.0826,15176.5,0.0,223.95,223.97,218.98,218.98,9.79371,25.6718,44.0392,67.5843,85.995,96.1358,101.748,106.759,110.39,114.061,117.772,121.665,127.587,135.129,41.1081,28.026,19.6945,14.0879,7.43043
28.781,-0.0006,1.0000,0.0000,6,244.32,0.05,1.32,-0.0756,0.0827,15196.9,0.0,224.26,224.28,219.28,219.28,9.98499,26.1165,44.0902,66.9992,84.9975,94.953,100.474,105.41,108.99,112.612,116.275,120.121,125.971,133.42,40.8238,27.4878,19.2611,13.7794,7.2688
28.806,-0.0005,0.9870,0.0000,6,244.66,0.05,1.33,-0.0961,0.0828,15217.3,0.0,224.57,224.60,219.57,219.57,10.1769,26.5103,44.0997,66.3992,83.9961,93.7676,99.1976,104.058,107.588,111.16,114.777,118.576,124.352,131.709,40.6134,26.9682,18.8267,13.4702,7.10673
28.825,-0.0005,0.9690,0.0000,6,244.99,0.05,1.34,-0.1167,0.0829,15231.8,0.0,224.88,224.90,219.78,219.78,10.3693,26.8569,44.0706,65.7841,82.9885,92.5787,97.9183,102.705,106.182,109.707,113.277,117.027,122.73,129.995,40.4925,26.469,18.3914,13.1602,6.94426
28.850,-0.0004,0.9495,0.0000,6,245.31,0.05,1.36,-0.1373,0.0829,15244.6,0.0,225.18,225.19,219.97,219.97,10.5616,27.1544,43.9965,65.1402,81.958,91.3679,96.6173,101.329,104.756,108.23,111.753,115.454,121.082,128.252,40.5171,25.999,17.9584,12.8511,6.78171
28.868,-0.0004,0.9301,0.0000,6,245.60,0.03,1.37,-0.1580,0.0829,15256.1,0.0,225.47,225.47,220.13,220.13,10.7536,27.4058,43.8785,64.4675,80.9049,90.1351,95.2945,99.9306,103.306,106.732,110.207,113.856,119.407,126.477,40.7346,25.5613,17.5303,12.5431,6.61921
28.894,-0.0004,0.9113,0.0000,6,245.87,0.02,1.39,-0.1787,0.0829,15267.0,0.0,225.73,225.73,220.29,220.29,10.9459,27.617,43.7275,63.7789,79.8421,88.8945,93.9641,98.5254,101.85,105.225,108.653,112.25,117.722,124.693,41.194,25.1517,17.117,12.2348,6.45641
28.913,-0.0003,0.8938,0.0000,6,246.13,0.01,1.41,-0.1994,0.0829,15276.6,0.0,225.98,225.97,220.43,220.43,11.1383,27.7912,43.5465,63.0774,78.7748,87.6507,92.6313,97.1177,100.391,103.717,107.096,110.642,116.035,122.905,42.0236,24.7716,16.7206,11.9262,6.29346
28.937,-0.0003,0.8793,0.0000,6,246.37,0.01,1.44,-0.2202,0.0829,15283.0,0.0,226.20,226.20,220.53,220.53,11.331,27.9313,43.3387,62.3654,77.7038,86.406,91.2985,95.7102,98.9315,102.208,105.539,109.033,114.349,121.118,43.5643,24.4221,16.3416,11.6171,6.13027
28.956,-0.0003,0.8648,0.0000,6,246.59,0.00,1.46,-0.2410,0.0829,15291.8,0.0,226.41,226.41,220.65,220.65,11.524,28.0389,43.1055,61.6432,76.6306,85.1605,89.9641,94.3021,97.4726,100.7,103.982,107.425,112.661,119.331,134.308,24.107,15.9809,11.3076,5.96687
28.981,-0.0002,0.8499,0.0000,6,246.80,0.00,1.48,-0.2618,0.0829,15301.0,0.0,226.61,226.61,220.78,220.78,11.7169,28.1155,42.8478,60.9107,75.5533,83.913,88.6296,92.8936,96.0129,99.1906,102.425,105.816,110.974,117.543,132.296,23.83,15.6399,11.0072,5.80339
28.999,-0.0002,0.8358,0.0000,6,246.99,0.00,1.52,-0.2826,0.0829,15308.8,0.0,226.80,226.80,220.90,220.90,11.8999,28.1628,42.5669,60.1683,74.4734,82.664,87.2938,91.4842,94.5526,97.6806,100.867,104.206,109.285,115.755,130.283,23.5942,15.3194,10.7215,5.63967
29.025,-0.0002,0.8232,0.0000,6,247.17,-0.00,1.55,-0.3034,0.0829,15315.3,0.0,226.97,226.97,221.00,221.00,12.0675,28.1823,42.2637,59.4161,73.3892,81.4137,85.9573,90.0737,93.0913,96.17,99.3074,102.595,107.596,113.966,128.269,23.4053,15.0209,10.4512,5.47587
29.050,-0.0002,0.8149,0.0000,6,247.34,-0.00,1.60,-0.3243,0.0829,15317.2,0.0,227.13,227.13,221.02,221.02,12.2201,28.1752,41.9396,58.6548,72.3025,80.1619,84.6192,88.6634,91.63,94.6589,97.7484,100.985,105.907,112.176,126.255,23.2688,14.7455,10.1971,5.31196
29.068,-0.0002,0.8045,0.0000,6,247.50,-0.00,1.64,-0.3452,0.0829,15324.9,0.0,227.27,227.27,221.13,221.13,12.3578,28.1424,41.5955,57.8837,71.2116,78.9078,83.2808,87.2514,90.1674,93.1469,96.1879,99.3724,104.216,110.385,124.24,23.1912,14.4948,9.95958,5.14903
29.093,-0.0001,0.7934,0.0000,6,247.64,-0.00,1.67,-0.3660,0.0829,15332.1,0.0,227.41,227.41,221.24,221.24,12.481,28.0856,41.232,57.1043,70.1177,77.6526,81.9401,85.8388,88.7039,91.634,94.6266,97.7595,102.525,108.594,122.223,23.1815,14.2701,9.73933,4.99481
29.112,-0.0001,0.7829,0.0000,6,247.77,-0.00,1.72,-0.3869,0.0815,15337.9,0.0,227.54,227.54,221.32,221.32,12.5898,28.0051,40.8497,56.3153,69.02,76.3949,80.5982,84.4247,87.2395,90.1199,93.0641,96.1453,100.832,106.801,120.205,23.2511,14.0736,9.53749,4.85092
29.137,-0.0001,0.7761,0.0000,6,247.90,-0.00,1.76,-0.4067,0.0757,15339.4,0.0,227.66,227.66,221.35,221.35,12.6847,27.9027,40.45,55.5187,67.9192,75.1361,79.2565,83.0104,85.7747,88.6057,91.5014,94.5309,99.1384,105.008,118.187,23.4122,13.9068,9.35429,4.71747
29.156,-0.0001,0.7701,0.0000,6,248.02,-0.00,1.83,-0.4251,0.0698,15342.3,0.0,227.77,227.77,221.38,221.38,12.7659,27.7788,40.0337,54.7136,66.816,73.8761,77.913,81.5956,84.3093,87.0909,89.9384,92.9162,97.445,103.214,116.168,23.6834,13.7719,9.19076,4.5946
29.181,-0.0001,0.7622,0.0000,6,248.13,-0.00,1.88,-0.4420,0.0639,15348.5,0.0,227.88,227.88,221.47,221.47,12.8335,27.6346,39.6009,53.9005,65.7089,72.6139,76.568,80.1794,82.843,85.5749,88.3738,91.3,95.7502,101.418,114.147,24.0917,13.6713,9.04782,4.48261
29.200,-0.0001,0.7532,0.0000,6,248.23,-0.00,1.91,-0.4574,0.0580,15354.6,0.0,227.97,227.97,221.56,221.56,12.8877,27.4703,39.1522,53.0799,64.5988,71.3501,75.2227,78.7624,81.3759,84.0586,86.8089,89.6832,94.0547,99.6223,112.126,24.6717,13.6078,8.9264,4.38159
29.225,-0.0001,0.7453,0.0000,6,248.32,-0.00,1.94,-0.4713,0.0521,15358.7,0.0,228.06,228.06,221.62,221.62,12.9288,27.287,38.6885,52.2516,63.4854,70.085,73.8758,77.345,79.9083,82.5415,85.2435,88.066,92.3586,97.8256,110.104,25.483,13.5848,8.82766,4.29192
29.243,-0.0001,0.7401,0.0000,6,248.41,-0.00,1.96,-0.4837,0.0462,15359.7,0.0,228.14,228.14,221.65,221.65,12.9571,27.0856,38.2106,51.4158,62.3699,68.8185,72.5282,75.9263,78.4403,81.0242,83.677,86.4478,90.6615,96.0286,108.081,26.6212,13.6051,8.75241,4.21353
29.268,-0.0001,0.7362,0.0000,6,248.49,-0.00,2.01,-0.4946,0.0403,15361.2,0.0,228.22,228.22,221.66,221.66,12.9728,26.8667,37.719,50.5736,61.2516,67.551,71.1802,74.5081,76.9719,79.5064,82.1106,84.83,88.9647,94.2312,106.058,28.2802,13.6726,8.70177,4.14674
29.287,-0.0001,0.7306,0.0000,6,248.56,-0.00,2.04,-0.5040,0.0344,15365.7,0.0,228.29,228.29,221.72,221.72,12.9758,26.6303,37.2134,49.7239,60.1298,66.2818,69.8305,73.0889,75.5022,77.9876,80.5435,83.2106,87.267,92.4324,104.034,31.0045,13.7933,8.67766,4.09192
29.312,-0.0000,0.7243,0.0000,6,248.63,-0.00,2.06,-0.5120,0.0284,15370.0,0.0,228.35,228.35,221.79,221.79,12.9669,26.3779,36.6954,48.8681,59.0056,65.011,68.4801,71.6688,74.033,76.4688,78.9759,81.5913,85.5685,90.6337,102.01,136.558,13.9707,8.68029,4.04885
29.331,-0.0000,0.7190,0.0000,6,248.69,-0.00,2.07,-0.5184,0.0225,15372.5,0.0,228.42,228.42,221.82,221.82,12.9456,26.1093,36.1643,48.0052,57.8782,63.739,67.1294,70.248,72.5627,74.9494,77.4072,79.9713,83.8695,88.8343,99.9846,133.847,14.2131,8.71238,4.01823
29.356,-0.0000,0.7152,0.0000,6,248.75,-0.00,2.09,-0.5234,0.0166,15373.6,0.0,228.47,228.47,221.84,221.84,12.9128,25.8257,35.6216,47.1365,56.7493,62.4663,65.7777,68.8271,71.0926,73.4296,75.8388,78.3512,82.1706,87.0349,97.9588,131.136,14.5265,8.77453,3.99982
29.375,-0.0000,0.7127,0.0000,6,248.81,-0.00,2.12,-0.5269,0.0106,15374.2,0.0,228.53,228.53,221.85,221.85,12.8681,25.5267,35.067,46.2615,55.6169,61.1918,64.4252,67.4055,69.6214,71.9094,74.2695,76.7308,80.4707,85.2345,95.933,128.424,14.9223,8.86935,3.99429
29.399,-0.0282,0.7089,0.0000,6,248.86,0.00,2.14,-0.5288,0.0047,15377.4,0.0,228.57,228.57,221.89,221.89,12.812,25.2138,34.5012,45.3804,54.483,59.9163,63.0721,65.984,68.1502,70.3892,72.7001,75.1097,78.7709,83.4342,93.9062,125.711,15.4107,8.99823,4.00151
29.418,-0.0583,0.7048,0.0000,6,248.90,0.01,2.15,-0.5294,0.0002,15380.2,0.0,228.46,228.76,221.93,221.93,12.7625,24.967,34.0636,44.7061,53.6173,58.9436,62.0403,64.8998,67.029,69.2307,71.5037,73.8851,77.5082,82.1256,92.5071,124.134,15.8513,9.11888,4.01499
29.443,-0.0774,0.7006,0.0000,6,248.94,0.35,2.16,-0.5290,-0.0015,15382.7,0.0,228.18,229.07,221.97,221.97,12.7396,24.87,33.8973,44.454,53.2962,58.5847,61.6598,64.5008,66.6163,68.8043,71.0699,73.4788,77.1493,81.8369,92.4118,124.949,16.0438,9.17629,4.02531
29.463,-0.0787,0.6965,0.0000,6,248.96,1.02,2.16,-0.5279,-0.0003,15385.1,0.0,227.89,229.35,222.01,222.01,12.7447,24.9184,33.9899,44.6035,53.4924,58.8072,61.8976,64.7515,66.8767,69.0751,71.4004,73.8935,77.7024,82.5819,93.6578,128.334,15.9627,9.16346,4.02962
29.487,-0.0708,0.6933,0.0000,6,248.96,1.83,2.18,-0.5266,0.0023,15386.4,0.0,227.73,229.50,222.02,222.02,12.7643,25.0429,34.2184,44.9632,53.9592,59.3344,62.458,65.3417,67.4889,69.7589,72.1927,74.8084,78.8166,83.9734,95.7722,133.568,15.7454,9.11456,4.03065
29.506,-0.0637,0.6904,0.0000,6,248.96,2.51,2.18,-0.5251,0.0048,15387.9,0.0,227.72,229.50,222.05,222.05,12.7828,25.1651,34.4439,45.319,54.4214,59.8561,63.013,65.9265,68.1418,70.5165,73.0687,75.8182,80.0457,85.5102,98.12,139.551,15.5442,9.06952,4.03261
29.532,-0.0573,0.6888,0.0000,6,248.95,2.91,2.19,-0.5237,0.0065,15387.8,0.0,227.79,229.42,222.05,222.05,12.7918,25.2421,34.5902,45.5537,54.7283,60.2036,63.3829,66.3546,68.6567,71.1297,73.7935,76.6706,81.1082,86.8701,100.279,145.473,15.4295,9.04852,4.03781
29.550,-0.0516,0.6885,0.0000,6,248.95,3.06,2.19,-0.5223,0.0073,15387.2,0.0,227.90,229.31,222.04,222.04,12.7892,25.2629,34.6378,45.6365,54.8407,60.3325,63.5281,66.5854,68.9624,71.5213,74.2828,77.2723,81.8974,87.9278,102.073,150.929,15.412,9.05529,4.04665
29.575,-0.0465,0.6891,0.0000,6,248.95,3.02,2.18,-0.5210,0.0071,15386.0,0.0,228.00,229.22,222.02,222.02,12.7759,25.2328,34.5953,45.5808,54.7758,60.2634,63.4945,66.6259,69.0656,71.6961,74.5408,77.6267,82.4136,88.6797,103.486,155.82,15.4809,9.08727,4.05885
29.600,-0.0418,0.6899,0.0000,6,248.96,2.87,2.18,-0.5196,0.0061,15385.5,0.0,228.09,229.16,222.01,222.01,12.7532,25.1588,34.4755,45.4074,54.5605,60.0269,63.3081,66.4987,68.9886,71.6781,74.5913,77.7581,82.6822,89.1513,104.54,160.136,15.6268,9.14216,4.07443
29.618,-0.0376,0.6905,0.0000,6,248.97,2.66,2.18,-0.5181,0.0046,15385.2,0.0,228.17,229.11,222.01,222.01,12.7224,25.0493,34.2945,45.1402,54.2261,59.6743,62.9968,66.2342,68.7645,71.5018,74.4717,77.7052,82.7461,89.3887,105.293,163.946,15.8408,9.21725,4.09354
29.643,-0.0339,0.6909,0.0000,6,248.98,2.43,2.17,-0.5164,0.0026,15385.2,0.0,228.24,229.08,222.01,222.01,12.6845,24.9116,34.0656,44.801,53.7998,59.2367,62.5907,65.8646,68.4274,71.2033,74.2203,77.5104,82.6495,89.4435,105.806,167.362,16.1177,9.31152,4.11646
29.663,-0.0305,0.6911,0.0000,6,249.00,2.21,2.16,-0.5144,0.0002,15385.2,0.0,228.31,229.05,222.01,222.01,12.6391,24.7472,33.7921,44.3959,53.2902,58.718,62.0943,65.395,67.9824,70.7886,73.8421,77.1772,82.3978,89.3191,106.081,170.344,16.4641,9.42654,4.14398
29.687,-0.0274,0.6907,0.0000,6,249.02,2.00,2.15,-0.5119,-0.0026,15385.9,0.0,228.37,229.03,222.02,222.02,12.5857,24.5557,33.475,43.9264,52.6995,58.119,61.5069,64.8243,67.4272,70.2539,73.3342,76.703,81.9856,89.0082,106.103,172.815,16.892,9.56565,4.17726
29.706,-0.0578,0.6893,0.0000,6,249.04,1.80,2.13,-0.5089,-0.0058,15387.4,0.0,228.43,229.02,222.04,222.04,12.5246,24.3416,33.1226,43.4063,52.0456,57.4569,60.8479,64.1731,66.7854,69.6255,72.7233,76.1156,81.4451,88.5466,105.918,174.861,17.4063,9.72925,4.21681
29.731,-0.0968,0.6884,0.0000,6,249.05,1.63,2.11,-0.5054,-0.0077,15387.6,0.0,228.29,229.13,222.04,222.04,12.4739,24.1879,32.8792,43.0568,51.6229,57.0833,60.5143,63.8845,66.5372,69.425,72.5816,76.0441,81.4983,88.7921,106.763,179.946,17.8122,9.86637,4.25539
29.750,-0.1273,0.6866,0.0000,6,249.04,1.84,2.11,-0.5017,-0.0067,15389.4,0.0,227.94,229.35,222.07,222.07,12.4553,24.1881,32.9072,43.1256,51.7799,57.4254,60.9895,64.5028,67.2771,70.3065,73.6269,77.2834,83.0691,90.8594,110.312,193.574,17.8447,9.91096,4.28299
29.775,-0.1212,0.6835,0.0000,6,249.00,2.48,2.09,-0.4981,-0.0026,15392.1,0.0,227.54,229.55,222.11,222.11,12.473,24.3545,33.2255,43.6401,52.6003,58.5999,62.415,66.1961,69.1967,72.488,76.1143,80.1288,86.5295,95.2414,117.478,200.0,17.4812,9.85148,4.29568
29.793,-0.1091,0.6804,0.0000,6,248.96,3.35,2.07,-0.4950,0.0029,15394.0,0.0,227.32,229.68,222.13,222.13,12.512,24.6125,33.703,44.3975,53.8652,60.3506,64.512,68.6658,71.983,75.6435,79.7019,84.2271,91.5143,101.575,128.032,200.0,16.9516,9.73787,4.29811
29.818,-0.0982,0.6778,0.0000,6,248.90,4.12,2.02,-0.4925,0.0083,15395.3,0.0,227.26,229.65,222.16,222.16,12.5556,24.8814,34.198,45.1827,55.2995,62.3454,66.9117,71.5059,75.201,79.3048,83.8889,89.0432,97.4364,109.223,141.355,200.0,16.4533,9.61945,4.2962
29.837,-0.0884,0.6792,0.0000,6,248.84,4.59,2.00,-0.4906,0.0129,15391.4,0.0,227.29,229.52,222.10,222.10,12.5942,25.1133,34.6237,45.9159,56.7108,64.3434,69.3403,74.4089,78.5152,83.1081,88.2786,94.1435,103.811,117.64,156.909,200.0,16.0616,9.52028,4.29287
29.862,-0.0795,0.6832,0.0000,6,248.79,4.75,1.99,-0.4894,0.0162,15387.1,0.0,227.39,229.36,222.04,222.04,12.624,25.2869,34.9415,46.5439,57.988,66.1971,71.6255,77.1754,81.7054,86.8066,92.5955,99.2193,110.278,126.401,174.259,200.0,15.7874,9.44693,4.28904
29.881,-0.0716,0.6880,0.0000,6,248.76,4.66,1.96,-0.4888,0.0181,15383.7,0.0,227.50,229.21,221.99,221.99,12.6437,25.3955,35.1391,47.033,59.069,67.8195,73.6601,79.6773,84.6223,90.2296,96.6402,104.04,116.55,135.143,192.963,200.0,15.6216,9.39992,4.28517
29.906,-0.0644,0.6923,0.0000,6,248.74,4.37,1.94,-0.4889,0.0190,15381.5,0.0,227.62,229.08,221.95,221.95,12.6542,25.4452,35.2269,47.3888,59.9518,69.1989,75.4245,81.8841,87.2281,93.3257,100.349,108.524,122.511,143.706,200.0,200.0,15.5442,9.37527,4.28128
29.925,-0.0580,0.6930,0.0000,6,248.73,4.05,1.87,-0.4894,0.0191,15383.7,0.0,227.71,229.00,221.99,221.99,12.6597,25.4595,35.2482,47.6767,60.7347,70.4594,77.0626,83.9608,89.7045,96.2999,103.951,112.931,128.488,152.529,200.0,160.076,15.5162,9.3625,4.27663
29.950,-0.0522,0.6961,0.0000,6,248.73,3.71,1.83,-0.4901,0.0187,15380.0,0.0,227.79,228.97,221.94,221.94,12.6613,25.4475,35.2206,47.9236,61.4584,71.654,78.6338,85.9752,92.1285,99.2383,107.545,117.38,134.633,161.852,200.0,88.7819,15.5249,9.35883,4.27171
29.968,-0.0470,0.6992,0.0000,6,248.74,3.37,1.82,-0.4911,0.0178,15378.2,0.0,227.87,228.94,221.91,221.91,12.6587,25.4099,35.1567,48.1279,62.1177,72.7727,80.1257,87.9126,94.4798,102.116,111.103,121.836,140.911,171.655,200.0,71.1169,15.5709,9.36528,4.26718
29.993,-0.0610,0.7016,0.0000,6,248.76,3.04,1.78,-0.4922,0.0164,15377.3,0.0,227.95,228.91,221.90,221.90,12.6498,25.3413,35.0629,48.2707,62.6768,73.7636,81.4733,89.6903,96.6631,104.819,114.489,126.134,147.1,181.639,200.0,63.7661,15.6661,9.38631,4.26448
30.012,-0.0830,0.7022,0.0000,6,248.78,2.72,1.75,-0.4932,0.0151,15378.2,0.0,227.93,228.92,221.91,221.91,12.6432,25.2837,35.0166,48.4996,63.3874,74.9761,83.1031,91.8273,99.2808,108.061,118.554,131.315,154.638,194.065,200.0,58.3891,15.7461,9.40259,4.26111
30.038,-0.0812,0.6971,0.0000,6,248.78,2.66,1.66,-0.4942,0.0154,15385.5,0.0,227.76,229.03,222.01,222.01,12.6554,25.3158,35.1711,49.1223,64.7924,77.1875,85.9855,95.5282,103.763,113.561,125.413,140.039,167.391,200.0,200.0,51.7098,15.6815,9.37408,4.25107
30.056,-0.0731,0.6959,0.0000,6,248.78,2.89,1.61,-0.4954,0.0170,15383.3,0.0,227.62,229.18,221.98,221.98,12.6848,25.4283,35.5223,50.1475,66.9419,80.5119,90.3004,101.068,110.489,121.857,135.845,153.473,187.575,200.0,200.0,45.3807,15.4887,9.30464,4.23433
30.081,-0.0658,0.6960,0.0000,6,248.77,3.16,1.59,-0.4968,0.0188,15382.3,0.0,227.60,229.22,221.97,221.97,12.7179,25.5546,35.9498,51.3461,69.4647,84.4578,95.476,107.799,118.758,132.21,149.109,170.978,200.0,200.0,200.0,40.7899,15.2792,9.22811,4.21558
30.100,-0.0592,0.6970,0.0000,6,248.78,3.31,1.55,-0.4983,0.0199,15381.1,0.0,227.67,229.17,221.95,221.95,12.7449,25.6485,36.359,52.5251,72.0157,88.5401,100.919,115.008,127.759,143.702,164.207,191.554,200.0,200.0,200.0,37.7953,15.1237,9.16633,4.19791
30.125,-0.0533,0.6983,0.0000,6,248.78,3.26,1.51,-0.4999,0.0201,15380.1,0.0,227.78,229.09,221.94,221.94,12.7612,25.7082,36.7019,53.5764,74.3852,92.4374,106.216,122.169,136.866,155.596,180.281,200.0,200.0,200.0,200.0,35.9249,15.0483,9.12909,4.18317
30.144,-0.0480,0.6935,0.0000,6,248.79,3.16,1.40,-0.5017,0.0197,15387.4,0.0,227.86,229.04,222.04,222.04,12.7704,25.7566,37.0136,54.568,76.6883,96.3159,111.579,129.566,146.442,168.385,198.083,200.0,200.0,200.0,189.832,34.5942,15.0243,9.10768,4.17036
30.169,-0.0432,0.6947,0.0000,6,248.80,2.99,1.34,-0.5034,0.0188,15382.3,0.0,227.94,229.01,221.97,221.97,12.7738,25.8017,37.3097,55.5293,78.9769,100.254,117.116,137.351,156.706,182.426,200.0,200.0,200.0,200.0,138.667,33.5687,15.0407,9.09914,4.15953
30.194,-0.0389,0.6965,0.0000,6,248.82,2.78,1.32,-0.5050,0.0174,15380.8,0.0,228.02,228.98,221.95,221.95,12.7697,25.8372,37.5764,56.4271,81.178,104.132,122.664,145.319,167.421,197.469,200.0,200.0,200.0,200.0,113.57,32.8016,15.1078,9.10762,4.15198
30.212,-0.0350,0.6984,0.0000,6,248.85,2.55,1.26,-0.5064,0.0154,15379.6,0.0,228.11,228.95,221.93,221.93,12.7571,25.8577,37.8003,57.2248,83.2033,107.789,127.998,153.147,178.168,200.0,200.0,200.0,200.0,200.0,99.2279,32.2604,15.2347,9.13575,4.14819
30.237,-0.0315,0.6992,0.0000,6,248.87,2.28,1.22,-0.5075,0.0129,15379.8,0.0,228.20,228.92,221.93,221.93,12.7349,25.8602,37.9743,57.901,84.993,111.111,132.936,160.559,188.562,200.0,200.0,200.0,200.0,200.0,90.3324,31.9122,15.4097,9.18694,4.1494
30.256,-0.0283,0.6922,0.0000,6,248.90,2.06,1.10,-0.5082,0.0100,15389.8,0.0,228.26,228.92,222.08,222.08,12.7061,25.8628,38.1388,58.5482,86.7378,114.408,137.912,168.169,199.484,200.0,200.0,200.0,200.0,200.0,83.8229,31.6165,15.5662,9.25558,4.15538
30.281,-0.0255,0.6919,0.0000,6,248.93,1.88,1.02,-0.5083,0.0070,15385.1,0.0,228.31,228.93,222.01,222.01,12.6709,25.8697,38.3041,59.1917,88.4921,117.772,143.059,176.19,200.0,200.0,200.0,200.0,200.0,200.0,78.7125,31.3398,15.7,9.34171,4.16682
30.300,-0.0229,0.6926,0.0000,6,248.96,1.70,0.99,-0.5078,0.0038,15383.9,0.0,228.37,228.94,221.99,221.99,12.6279,25.8744,38.4557,59.7952,90.1713,121.054,148.162,184.303,200.0,200.0,200.0,200.0,200.0,200.0,74.7706,31.1108,15.8221,9.44997,4.18472
30.325,-0.0206,0.6931,0.0000,6,248.99,1.53,0.93,-0.5067,0.0002,15383.8,0.0,228.44,228.93,221.99,221.99,12.5776,25.8715,38.5812,60.3273,91.6991,124.107,152.989,192.146,200.0,200.0,200.0,200.0,200.0,199.346,71.8035,30.9491,15.9412,9.57263,4.21007
30.344,-0.0186,0.6930,0.0000,6,249.02,1.36,0.87,-0.5047,-0.0037,15384.3,0.0,228.50,228.93,222.00,222.00,12.5282,25.8591,38.6769,60.7767,93.0404,126.853,157.408,200.0,200.0,200.0,200.0,200.0,200.0,187.651,69.5961,30.8528,16.061,9.68928,4.24373
30.369,-0.0167,0.6842,0.0000,6,249.05,1.23,0.73,-0.5019,-0.0078,15395.9,0.0,228.54,228.95,222.16,222.16,12.4828,25.8501,38.7729,61.2191,94.3699,129.607,161.895,200.0,200.0,200.0,200.0,200.0,200.0,169.816,67.6775,30.7559,16.1667,9.79496,4.2856
30.387,-0.0151,0.6836,0.0000,6,249.08,1.13,0.65,-0.4982,-0.0119,15390.3,0.0,228.58,228.97,222.08,222.08,12.4411,25.8456,38.8729,61.6643,95.7111,132.415,166.523,200.0,200.0,200.0,200.0,200.0,200.0,155.978,65.9574,30.6518,16.2582,9.89034,4.3363
30.412,-0.0135,0.6841,0.0000,6,249.11,1.03,0.61,-0.4936,-0.0161,15389.1,0.0,228.63,228.98,222.07,222.07,12.4018,25.8385,38.96,62.0691,96.958,135.072,170.966,200.0,200.0,200.0,200.0,200.0,200.0,145.613,64.5407,30.5721,16.3453,9.97931,4.3905
30.431,-0.0122,0.6848,0.0000,6,249.13,0.93,0.52,-0.4879,-0.0206,15388.6,0.0,228.68,228.98,222.06,222.06,12.3639,25.8243,39.0241,62.4069,98.0409,137.432,174.98,200.0,200.0,200.0,200.0,200.0,200.0,138.031,63.4529,30.533,16.4343,10.0645,4.44119
30.456,-0.0110,0.6846,0.0000,6,249.16,0.82,0.43,-0.4817,-0.0202,15389.4,0.0,228.73,228.98,222.07,222.07,12.3263,25.7982,39.0545,62.6495,98.8852,139.338,178.291,200.0,200.0,200.0,200.0,200.0,198.753,132.796,62.7212,30.5516,16.5318,10.1492,4.48929
30.475,-0.0099,0.6707,0.0000,6,249.18,0.74,0.19,-0.4759,-0.0191,15407.7,0.0,228.76,228.99,222.34,222.34,12.2908,25.773,39.082,62.8772,99.6888,141.173,181.512,200.0,200.0,200.0,200.0,200.0,196.364,128.374,62.0746,30.5711,16.6231,10.2284,4.5344
30.499,-0.0089,0.6709,0.0000,6,249.21,0.68,0.04,-0.4705,-0.0181,15397.3,0.0,228.79,229.01,222.19,222.19,12.2581,25.7533,39.118,63.1209,100.529,143.093,200.0,200.0,200.0,200.0,200.0,200.0,193.935,124.27,61.4216,30.572,16.703,10.3005,4.57644
30.519,-0.0080,0.6736,0.0000,6,249.23,0.62,-0.03,-0.4654,-0.0171,15393.9,0.0,228.82,229.03,222.14,222.14,12.227,25.7334,39.1492,63.3455,101.319,144.919,200.0,200.0,200.0,200.0,200.0,200.0,191.552,120.792,60.8522,30.5782,16.779,10.3687,4.61606
30.544,-0.0072,0.6759,0.0000,6,249.25,0.56,-0.13,-0.4605,-0.0162,15392.7,0.0,228.85,229.03,222.12,222.12,12.1968,25.7089,39.1649,63.5229,101.982,146.495,200.0,200.0,200.0,200.0,200.0,200.0,189.295,118.096,60.4266,30.6072,16.8569,10.435,4.65366
30.562,-0.0065,0.6773,0.0000,6,249.27,0.49,-0.23,-0.4560,-0.0156,15392.6,0.0,228.89,229.03,222.12,222.12,12.1664,25.6753,39.1552,63.6264,102.449,147.667,200.0,200.0,200.0,200.0,200.0,198.144,187.253,116.29,60.1961,30.6757,16.9424,10.5021,4.68989
30.587,-0.0058,0.6631,0.0000,6,249.28,0.44,-0.47,-0.4516,-0.0150,15412.6,0.0,228.91,229.04,222.40,222.40,12.137,25.6403,39.1389,63.7067,102.85,148.702,200.0,200.0,200.0,200.0,200.0,196.324,185.293,114.815,60.0271,30.7518,17.0268,10.567,4.72448
30.606,-0.0052,0.6635,0.0000,6,249.30,0.40,-0.63,-0.4475,-0.0144,15401.6,0.0,228.93,229.06,222.25,222.25,12.1094,25.6101,39.1313,63.8058,103.295,149.831,200.0,200.0,200.0,200.0,199.791,194.488,183.292,113.28,59.8185,30.8105,17.1029,10.6274,4.75729
30.631,-0.0047,0.6669,0.0000,6,249.32,0.36,-0.71,-0.4435,-0.0138,15397.4,0.0,228.95,229.07,222.19,222.19,12.083,25.5805,39.1223,63.8967,103.715,150.905,200.0,200.0,200.0,200.0,197.998,192.676,181.331,111.909,59.6341,30.8687,17.176,10.685,4.78862
30.650,-0.0043,0.6699,0.0000,6,249.34,0.33,-0.79,-0.4397,-0.0133,15395.8,0.0,228.97,229.08,222.16,222.16,12.0572,25.5496,39.1079,63.969,104.08,151.867,200.0,200.0,200.0,200.0,196.236,190.902,179.442,110.765,59.4957,30.9333,17.2485,10.7412,4.81877
30.675,-0.0038,0.6720,0.0000,6,249.36,0.29,-0.86,-0.4361,-0.0129,15395.3,0.0,229.00,229.09,222.16,222.16,12.0316,25.5146,39.0808,64.0022,104.337,152.593,200.0,200.0,200.0,198.927,194.527,189.196,177.696,109.983,59.4461,31.0161,17.3241,10.7972,4.84791
30.700,-0.0034,0.6616,0.0000,6,249.36,0.26,-1.02,-0.4326,-0.0125,15410.7,0.0,229.01,229.09,222.38,222.38,12.0066,25.4788,39.0498,64.022,104.554,153.233,200.0,200.0,200.0,197.233,192.841,187.519,176.011,109.339,59.4263,31.1032,17.3993,10.8521,4.87622
30.719,-0.0031,0.6613,0.0000,6,249.38,0.24,-1.15,-0.4292,-0.0121,15403.4,0.0,229.03,229.10,222.27,222.27,11.9824,25.444,39.0192,64.039,104.759,153.845,200.0,200.0,199.339,195.548,191.165,185.854,174.354,108.749,59.4122,31.1878,17.4718,10.905,4.90348
30.744,-0.0028,0.6637,0.0000,6,249.40,0.21,-1.21,-0.4259,-0.0118,15400.0,0.0,229.05,229.12,222.22,222.22,11.9587,25.4083,38.9848,64.0427,104.924,154.37,200.0,200.0,197.662,193.88,189.511,184.217,172.758,108.282,59.4263,31.2767,17.5441,10.957,4.92998
30.762,-0.0025,0.6659,0.0000,6,249.41,0.19,-1.26,-0.4228,-0.0115,15398.8,0.0,229.06,229.13,222.21,222.21,11.9358,25.3737,38.9513,64.0457,105.082,154.877,200.0,199.339,195.989,192.218,187.863,182.589,171.183,107.847,59.4412,31.3623,17.6136,11.007,4.95549
30.787,-0.0023,0.6675,0.0000,6,249.43,0.17,-1.32,-0.4197,-0.0112,15398.4,0.0,229.08,229.14,222.20,222.20,11.9133,25.339,38.9163,64.0428,105.223,155.344,200.0,197.664,194.324,190.565,186.226,180.975,169.64,107.468,59.4679,31.449,17.6825,11.0563,4.98048
30.806,-0.0020,0.6597,0.0000,6,249.43,0.16,-1.43,-0.4167,-0.0110,15409.8,0.0,229.09,229.15,222.36,222.36,11.891,25.3026,38.876,64.0227,105.314,155.7,200.0,196.006,192.677,188.933,184.613,179.391,168.165,107.226,59.5301,31.543,17.7524,11.1052,5.00495
30.831,-0.0018,0.6590,0.0000,6,249.45,0.14,-1.54,-0.4138,-0.0108,15405.1,0.0,229.11,229.15,222.30,222.30,11.8692,25.266,38.8335,63.9934,105.375,155.988,198.478,194.357,191.041,187.313,183.016,177.828,166.73,107.061,59.6103,31.6393,17.8216,11.1532,5.02868
30.850,-0.0016,0.6607,0.0000,6,249.46,0.13,-1.59,-0.4109,-0.0106,15402.3,0.0,229.12,229.16,222.26,222.26,11.8473,25.229,38.7899,63.9612,105.428,156.259,196.819,192.711,189.408,185.698,181.424,176.271,165.309,106.919,59.696,31.7366,17.891,11.2011,5.05234
30.875,-0.0015,0.6624,0.0000,6,249.47,0.12,-1.63,-0.4081,-0.0104,15401.4,0.0,229.13,229.18,222.24,222.24,11.8266,25.1942,38.7496,63.9344,105.491,156.552,195.159,191.065,187.775,184.082,179.832,174.713,163.886,106.758,59.7687,31.8268,17.9565,11.2466,5.07492
30.894,-0.0013,0.6636,0.0000,6,249.49,0.11,-1.67,-0.4054,-0.0102,15400.9,0.0,229.15,229.18,222.24,222.24,11.8053,25.1558,38.7002,63.8818,105.482,197.613,193.516,189.439,186.164,182.492,178.27,173.194,162.539,106.771,59.8947,31.9316,18.0262,11.2936,5.09764
30.919,-0.0012,0.6584,0.0000,6,249.49,0.09,-1.74,-0.4027,-0.0101,15408.8,0.0,229.16,229.19,222.35,222.35,11.7839,25.1148,38.6435,63.8075,105.412,195.97,191.888,187.83,184.573,180.924,176.734,171.707,161.254,106.935,60.0648,32.0473,18.0986,11.3411,5.12011
30.937,-0.0011,0.6578,0.0000,6,249.50,0.08,-1.82,-0.4001,-0.0100,15405.7,0.0,229.17,229.19,222.31,222.31,11.7629,25.0742,38.5871,63.7323,105.336,194.329,190.262,186.223,182.985,179.359,175.202,170.224,159.97,107.109,60.2358,32.162,18.17,11.388,5.14221
30.962,-0.0010,0.6587,0.0000,6,249.51,0.07,-1.85,-0.3975,-0.0099,15404.2,0.0,229.18,229.20,222.28,222.28,11.7419,25.0339,38.5311,63.6584,105.264,192.687,188.636,184.616,181.396,177.794,173.669,168.741,158.679,107.273,60.4032,32.2755,18.241,11.4346,5.16423
30.981,-0.0009,0.6596,0.0000,6,249.52,0.06,-1.87,-0.3949,-0.0098,15403.5,0.0,229.19,229.21,222.27,222.27,11.7212,24.9943,38.4767,63.5877,105.199,191.042,187.007,183.006,179.805,176.227,172.134,167.255,157.377,107.419,60.5633,32.386,18.3106,11.4804,5.18595
31.006,-0.0008,0.6603,0.0000,6,249.53,0.05,-1.90,-0.3924,-0.0097,15403.3,0.0,229.20,229.22,222.27,222.27,11.7013,24.9564,38.4247,63.521,105.142,189.397,185.378,181.396,178.213,174.659,170.598,165.768,156.069,107.548,60.7136,32.4916,18.3775,11.5246,5.20693
31.025,-0.0007,0.6579,0.0000,6,249.54,0.05,-1.93,-0.3899,-0.0096,15407.0,0.0,229.21,229.23,222.32,222.32,11.6815,24.9188,38.3734,63.456,105.088,187.751,183.748,179.786,176.621,173.09,169.062,164.281,154.755,107.666,60.8596,32.5955,18.4436,11.5683,5.22774
31.050,-0.0006,0.6571,0.0000,6,249.55,0.05,-1.97,-0.3874,-0.0095,15406.3,0.0,229.22,229.24,222.31,222.31,11.6618,24.8816,38.3229,63.393,105.039,186.104,182.116,178.174,175.027,171.521,167.525,162.792,153.434,107.769,61.0007,32.6979,18.5092,11.6118,5.24852
31.069,-0.0006,0.6574,0.0000,6,249.56,0.05,-1.99,-0.3849,-0.0094,15405.3,0.0,229.22,229.25,222.30,222.30,11.6421,24.8445,38.2727,63.3309,104.993,184.456,180.485,176.562,173.434,169.951,165.988,161.302,152.109,107.866,61.1392,32.7995,18.5745,11.6553,5.26927
31.093,-0.0005,0.6578,0.0000,6,249.57,0.05,-2.00,-0.3824,-0.0093,15405.0,0.0,229.23,229.25,222.29,222.29,11.6226,24.808,38.2234,63.2705,104.951,182.807,178.852,174.949,171.84,168.381,164.451,159.813,150.78,107.953,61.2733,32.899,18.6388,11.6981,5.28977
31.112,-0.0005,0.6580,0.0000,6,249.57,0.05,-2.00,-0.3801,-0.0092,15405.1,0.0,229.24,229.26,222.30,222.30,11.6041,24.7735,38.1773,63.2151,104.917,181.157,177.218,173.336,170.245,166.81,162.912,158.322,149.445,108.021,61.3958,32.9923,18.6996,11.7387,5.30927
31.137,-0.0004,0.6575,0.0000,6,249.58,0.05,-2.00,-0.3777,-0.0091,15405.8,0.0,229.25,229.26,222.31,222.31,11.5851,24.7354,38.1222,63.1351,104.815,179.52,175.6,171.74,168.669,165.261,161.399,156.862,148.157,108.249,61.5699,33.1004,18.7651,11.7811,5.32906
31.156,-0.0004,0.6569,0.0000,6,249.59,0.04,-2.00,-0.3754,-0.0091,15406.3,0.0,229.26,229.26,222.31,222.31,11.5654,24.6936,38.0581,63.0298,104.642,177.897,173.997,170.161,167.113,163.734,159.911,155.431,146.914,108.642,61.7972,33.2239,18.8354,11.8254,5.34914
31.181,-0.0003,0.6566,0.0000,6,249.60,0.02,-2.00,-0.3730,-0.0091,15406.3,0.0,229.27,229.27,222.31,222.31,11.5455,24.6507,37.9914,62.9174,104.45,176.277,172.399,168.588,165.563,162.214,158.43,154.009,145.677,109.083,62.04,33.3518,18.9071,11.8702,5.3693
31.200,-0.0003,0.6562,0.0000,6,249.60,0.01,-2.00,-0.3707,-0.0092,15406.6,0.0,229.28,229.28,222.32,222.32,11.5256,24.6077,37.9244,62.8042,104.256,174.657,170.8,167.014,164.013,160.694,156.95,152.587,144.434,109.529,62.2843,33.4801,18.9791,11.9151,5.38947
31.225,-0.0003,0.6561,0.0000,6,249.61,0.01,-1.98,-0.3683,-0.0092,15406.4,0.0,229.28,229.28,222.31,222.31,11.5058,24.5649,37.8578,62.6921,104.065,173.036,169.201,165.44,162.462,159.172,155.468,151.163,143.183,109.967,62.5265,33.6079,19.0508,11.9599,5.40966
31.244,-0.0002,0.6566,0.0000,6,249.62,0.00,-1.96,-0.3660,-0.0092,15405.7,0.0,229.29,229.29,222.31,222.31,11.486,24.5223,37.7918,62.5816,103.879,171.414,167.6,163.865,160.91,157.65,153.985,149.736,141.923,110.396,62.7652,33.7347,19.1222,12.0046,5.4298
31.269,-0.0002,0.6570,0.0000,6,249.62,0.00,-1.93,-0.3636,-0.0092,15405.5,0.0,229.29,229.29,222.30,222.30,11.4662,24.4799,37.7262,62.4722,103.695,169.791,165.999,162.288,159.357,156.126,152.5,148.308,140.655,110.817,63.0017,33.8608,19.1934,12.0492,5.44993
31.294,-0.0002,0.6567,0.0000,6,249.63,0.00,-1.90,-0.3613,-0.0092,15406.2,0.0,229.30,229.30,222.31,222.31,11.4464,24.4376,37.6608,62.3636,103.513,168.167,164.396,160.712,157.803,154.602,151.015,146.878,139.382,111.233,63.2365,33.9864,19.2644,12.0937,5.47005
31.312,-0.0002,0.6555,0.0000,6,249.63,0.00,-1.88,-0.3589,-0.0092,15407.5,0.0,229.31,229.31,222.33,222.33,11.4266,24.3953,37.5956,62.2554,103.333,166.542,162.793,159.134,156.249,153.077,149.529,145.447,138.102,111.647,63.4704,34.1117,19.3354,12.1382,5.49016
31.337,-0.0002,0.6546,0.0000,6,249.64,0.00,-1.84,-0.3566,-0.0092,15407.9,0.0,229.31,229.31,222.34,222.34,11.4069,24.3532,37.5307,62.1477,103.154,164.917,161.19,157.556,154.695,151.552,148.043,144.015,136.818,112.057,63.7031,34.2367,19.4061,12.1826,5.51024
31.356,-0.0001,0.6553,0.0000,6,249.64,0.00,-1.80,-0.3543,-0.0092,15406.3,0.0,229.31,229.31,222.32,222.32,11.3872,24.3111,37.4657,62.04,102.975,163.291,159.586,155.979,153.141,150.027,146.556,142.583,135.529,112.467,63.936,34.3617,19.477,12.2271,5.53035
31.381,-0.0001,0.6575,0.0000,6,249.65,-0.00,-1.73,-0.3519,-0.0092,15403.9,0.0,229.32,229.32,222.28,222.28,11.3674,24.2689,37.4007,61.9324,102.796,161.665,157.982,154.401,151.586,148.502,145.07,141.15,134.236,112.876,64.1686,34.4867,19.5478,12.2716,5.55046
31.400,-0.0001,0.6574,0.0000,6,249.65,-0.00,-1.67,-0.3496,-0.0092,15405.6,0.0,229.32,229.32,222.30,222.30,11.3478,24.2269,37.3359,61.8251,102.618,160.038,156.378,152.822,150.031,146.977,143.583,139.716,132.938,113.284,64.4003,34.6112,19.6184,12.3159,5.57051
31.425,-0.0001,0.6556,0.0000,6,249.65,-0.00,-1.65,-0.3473,-0.0092,15408.0,0.0,229.32,229.32,222.34,222.34,11.3283,24.1854,37.272,61.7193,102.443,158.409,154.772,151.242,148.475,145.451,142.095,138.281,131.635,113.686,64.629,34.7341,19.6881,12.3596,5.59029
31.444,-0.0001,0.6538,0.0000,6,249.66,-0.00,-1.58,-0.3449,-0.0092,15409.0,0.0,229.33,229.33,222.35,222.35,11.3088,24.1437,37.2078,61.6129,102.266,156.781,153.166,149.663,146.92,143.925,140.607,136.846,130.33,114.091,64.859,34.8577,19.7581,12.4036,5.61018
31.469,-0.0001,0.6537,0.0000,6,249.66,-0.00,-1.53,-0.3426,-0.0092,15407.9,0.0,229.33,229.33,222.34,222.34,11.2894,24.1023,37.1439,61.5072,102.091,155.151,151.56,148.083,145.364,142.398,139.119,135.409,129.02,114.492,65.0874,34.9805,19.8277,12.4473,5.62996
31.487,-0.0001,0.6579,0.0000,6,249.67,-0.00,-1.41,-0.3403,-0.0092,15402.2,0.0,229.34,229.34,222.25,222.25,11.27,24.0608,37.08,61.4014,101.915,153.521,149.953,146.503,143.808,140.872,137.63,133.973,127.707,114.642,65.3161,35.1034,19.8974,12.491,5.64974
31.512,-0.0001,0.6582,0.0000,6,249.67,-0.00,-1.32,-0.3380,-0.0092,15404.8,0.0,229.34,229.34,222.29,222.29,11.2505,24.0194,37.0161,61.2956,101.74,151.891,148.347,144.923,142.252,139.346,136.142,132.536,126.392,114.285,65.5448,35.2263,19.9671,12.5348,5.66952
31.531,-0.0001,0.6558,0.0000,6,249.67,-0.00,-1.28,-0.3357,-0.0092,15408.3,0.0,229.34,229.34,222.34,222.34,11.2311,23.9779,36.9522,61.1898,101.564,150.26,146.739,143.343,140.696,137.819,134.654,131.098,125.073,113.702,65.7734,35.3492,20.0367,12.5785,5.6893
31.556,-0.0001,0.6535,0.0000,6,249.67,-0.00,-1.19,-0.3334,-0.0092,15409.6,0.0,229.34,229.34,222.36,222.36,11.2117,23.9364,36.8884,61.0841,101.389,148.629,145.132,141.763,139.139,136.293,133.165,129.66,123.751,112.989,66.0019,35.4721,20.1064,12.6222,5.70908
31.575,-0.0001,0.6524,0.0000,6,249.67,-0.00,-1.13,-0.3311,-0.0092,15409.4,0.0,229.34,229.34,222.36,222.36,11.1924,23.8952,36.8249,60.979,101.214,146.997,143.524,140.182,137.583,134.766,131.676,128.221,122.427,112.185,66.229,35.5942,20.1756,12.6657,5.72875
31.600,-0.0000,0.6589,0.0000,6,249.68,-0.00,-0.98,-0.3288,-0.0092,15399.8,0.0,229.35,229.35,222.22,222.22,11.173,23.8538,36.761,60.8732,101.039,145.364,141.916,138.601,136.027,133.24,130.187,126.783,121.1,111.318,66.4576,35.7171,20.2453,12.7094,5.74853
31.619,-0.0000,0.6598,0.0000,6,249.68,-0.00,-0.85,-0.3265,-0.0092,15403.5,0.0,229.35,229.35,222.27,222.27,11.1536,23.8123,36.6971,60.7674,100.863,143.732,140.308,137.021,134.471,131.714,128.699,125.343,119.77,110.399,66.6863,35.84,20.315,12.7532,5.76831
31.644,-0.0000,0.6567,0.0000,6,249.68,-0.00,-0.79,-0.3242,-0.0092,15408.2,0.0,229.35,229.35,222.34,222.34,11.1341,23.7708,36.6332,60.6616,100.688,142.098,138.699,135.44,132.914,130.187,127.21,123.904,118.439,109.441,66.915,35.9629,20.3846,12.7969,5.78809
31.662,-0.0000,0.6536,0.0000,6,249.68,-0.00,-0.69,-0.3218,-0.0092,15410.1,0.0,229.35,229.35,222.37,222.37,11.1147,23.7294,36.5693,60.5559,100.512,140.464,137.09,133.859,131.358,128.661,125.721,122.464,117.104,108.448,67.1434,36.0858,20.4543,12.8406,5.80787
31.687,-0.0000,0.6519,0.0000,6,249.67,0.00,-0.61,-0.3195,-0.0092,15410.1,0.0,229.35,229.35,222.37,222.37,11.0952,23.6877,36.5051,60.4496,100.348,138.83,135.481,132.278,129.802,127.135,124.232,121.023,115.768,107.429,67.373,36.2092,20.5243,12.8846,5.82776
31.706,-0.0000,0.6602,0.0000,6,249.68,0.00,-0.43,-0.3172,-0.0092,15397.8,0.0,229.35,229.35,222.19,222.19,11.0758,23.6462,36.4412,60.3437,100.596,137.195,133.871,130.697,128.245,125.609,122.743,119.583,114.429,106.384,67.6018,36.3322,20.594,12.9283,5.84754
31.731,-0.0000,0.6618,0.0000,6,249.68,-0.00,-0.26,-0.3149,-0.0092,15401.8,0.0,229.35,229.35,222.25,222.25,11.0563,23.6048,36.3773,60.2379,141.056,135.56,132.261,129.115,126.689,124.082,121.254,118.142,113.088,105.318,67.8305,36.4551,20.6636,12.9721,5.86732
31.750,-0.0000,0.6582,0.0000,6,249.68,-0.00,-0.18,-0.3126,-0.0092,15407.7,0.0,229.35,229.35,222.33,222.33,11.0369,23.5633,36.3134,60.1321,139.386,133.924,130.651,127.534,125.132,122.556,119.765,116.7,111.745,104.233,68.0592,36.578,20.7333,13.0158,5.8871
31.775,-0.0000,0.6542,0.0000,6,249.68,-0.00,-0.10,-0.3103,-0.0092,15410.4,0.0,229.35,229.35,222.37,222.37,11.0175,23.5219,36.2495,60.0264,137.715,132.287,129.041,125.952,123.576,121.03,118.276,115.258,110.4,103.131,68.2877,36.7008,20.8029,13.0595,5.90688
31.800,-0.0000,0.6517,0.0000,6,249.68,0.00,-0.06,-0.3080,-0.0092,15410.8,0.0,229.35,229.35,222.38,222.38,10.9982,23.4807,36.186,59.9213,136.042,130.649,127.43,124.37,122.019,119.503,116.786,113.815,109.053,102.014,68.5148,36.8229,20.8722,13.103,5.92655
31.819,-0.0000,0.6577,0.0000,6,249.68,0.00,0.06,-0.3057,-0.0092,15401.0,0.0,229.35,229.35,222.24,222.24,10.9788,23.4392,36.1221,59.8155,134.369,129.012,125.818,122.788,120.462,117.977,115.297,112.373,107.704,100.883,68.7435,36.9458,20.9418,13.1467,5.94633
31.844,-0.0000,0.6586,0.0000,6,249.68,0.00,0.17,-0.3034,-0.0092,15404.1,0.0,229.35,229.35,222.28,222.28,10.9594,23.3977,36.0582,59.7097,132.695,127.373,124.207,121.206,118.906,116.451,113.808,110.93,106.353,99.7407,68.9722,37.0687,21.0115,13.1905,5.96611
31.862,-0.0000,0.6560,0.0000,6,249.67,0.00,0.22,-0.3011,-0.0092,15408.4,0.0,229.34,229.34,222.34,222.34,10.9399,23.3563,35.9943,59.6039,131.02,125.735,122.595,119.624,117.349,114.924,112.318,109.486,105.0,98.5865,69.2008,37.1916,21.0812,13.2342,5.98589
31.887,-0.0000,0.6531,0.0000,6,249.67,0.00,0.25,-0.2987,-0.0092,15410.2,0.0,229.34,229.34,222.37,222.37,10.9205,23.3148,35.9304,59.498,129.344,124.095,120.983,118.041,115.792,113.398,110.829,108.043,103.646,97.4221,69.4295,37.3145,21.1508,13.2779,6.00567
31.906,-0.0000,0.6516,0.0000,6,249.67,0.00,0.26,-0.2964,-0.0092,15410.2,0.0,229.34,229.34,222.37,222.37,10.901,23.2731,35.8662,59.3916,127.666,122.455,119.371,116.459,114.236,111.872,109.34,106.599,102.29,96.2487,69.6595,37.4381,21.2209,13.3219,6.02556
31.931,-0.0000,0.6546,0.0000,6,249.67,0.00,0.30,-0.2941,-0.0092,15405.0,0.0,229.34,229.34,222.30,222.30,10.8816,23.2316,35.8023,59.2858,125.988,120.815,117.758,114.876,112.679,110.346,107.85,105.155,100.932,95.0658,69.8882,37.561,21.2906,13.3657,6.04534
31.950,-0.0000,0.6551,0.0000,6,249.66,0.00,0.35,-0.2918,-0.0092,15406.6,0.0,229.34,229.34,222.32,222.32,10.8621,23.1902,35.7384,59.18,124.308,119.173,116.145,113.294,111.122,108.819,106.36,103.71,99.5728,93.8745,70.1168,37.6839,21.3602,13.4094,6.06512
31.975,-0.0000,0.6541,0.0000,6,249.66,0.00,0.36,-0.2895,-0.0092,15408.2,0.0,229.33,229.33,222.34,222.34,10.8427,23.1487,35.6745,59.0742,122.628,117.532,114.531,111.711,109.565,107.293,104.87,102.265,98.212,92.6754,70.3455,37.8068,21.4299,13.4531,6.0849
31.994,-0.0000,0.6532,0.0000,6,249.65,0.00,0.38,-0.2872,-0.0092,15408.8,0.0,229.33,229.33,222.35,222.35,10.8233,23.1073,35.6106,58.9684,120.946,115.889,112.917,110.128,108.008,105.767,103.381,100.819,96.8495,91.4688,70.5742,37.9297,21.4996,13.4969,6.10469
32.019,-0.0000,0.6529,0.0000,6,249.65,0.00,0.41,-0.2849,-0.0092,15408.5,0.0,229.32,229.32,222.34,222.34,10.8039,23.0658,35.5468,58.8627,119.263,114.246,111.303,108.544,106.451,104.24,101.891,99.3736,95.4855,90.2554,70.8026,38.0525,21.5691,13.5405,6.12444
32.037,-0.0000,0.6560,0.0000,6,249.65,0.00,0.46,-0.2825,-0.0092,15404.1,0.0,229.32,229.32,222.28,222.28,10.7842,23.0237,35.4818,58.7551,117.58,112.604,109.69,106.962,104.896,102.715,100.402,97.9289,94.1214,89.0371,71.0351,38.1774,21.6399,13.585,6.14455
32.063,-0.0000,0.6572,0.0000,6,249.65,0.00,0.53,-0.2802,-0.0092,15404.8,0.0,229.32,229.32,222.29,222.29,10.7644,22.9815,35.4169,58.6476,115.896,110.961,108.076,105.38,103.34,101.19,98.9133,96.4838,92.756,87.8125,71.2675,38.3024,21.7108,13.6294,6.16466
32.082,-0.0000,0.6566,0.0000,6,249.64,0.00,0.57,-0.2778,-0.0092,15406.5,0.0,229.32,229.32,222.31,222.31,10.7447,22.9394,35.3519,58.54,114.21,109.317,106.462,103.797,101.784,99.6652,97.4245,95.0384,91.3891,86.5823,71.5,38.4273,21.7816,13.6739,6.18476
32.106,-0.0000,0.6550,0.0000,6,249.64,0.00,0.60,-0.2755,-0.0092,15408.1,0.0,229.31,229.31,222.34,222.34,10.7249,22.8973,35.287,58.4325,112.523,107.672,104.847,102.214,100.228,98.1401,95.9356,93.5927,90.0208,85.3464,71.6582,38.5522,21.8524,13.7184,6.20487
32.125,-0.0000,0.6543,0.0000,6,249.64,0.00,0.63,-0.2731,-0.0092,15408.0,0.0,229.31,229.31,222.34,222.34,10.7051,22.8549,35.2216,58.3243,110.836,106.027,103.232,100.632,98.672,96.6152,94.4469,92.1468,88.6516,84.1058,71.4671,38.6778,21.9236,13.7631,6.22509
32.149,-0.0000,0.6571,0.0000,6,249.64,0.00,0.68,-0.2708,-0.0092,15403.7,0.0,229.31,229.31,222.28,222.28,10.6853,22.8127,35.1567,58.2168,109.146,104.382,101.617,99.0487,97.1159,95.0902,92.9578,90.7005,87.2807,82.8598,71.0556,38.8028,21.9944,13.8075,6.2452
32.168,-0.0000,0.6581,0.0000,6,249.63,0.00,0.74,-0.2684,-0.0092,15404.4,0.0,229.31,229.31,222.28,222.28,10.6656,22.7706,35.0917,58.1092,107.456,102.735,100.002,97.4655,95.5598,93.5651,91.4687,89.2538,85.9085,81.6091,70.5065,38.9277,22.0652,13.852,6.2653
32.194,-0.0000,0.6573,0.0000,6,249.63,0.00,0.78,-0.2661,-0.0092,15406.2,0.0,229.31,229.31,222.31,222.31,10.6459,22.7284,35.0268,58.0017,105.764,101.088,98.3856,95.8822,94.0036,92.04,89.9796,87.8068,84.5351,80.3539,69.8594,39.0526,22.136,13.8964,6.28541
32.213,-0.0000,0.6559,0.0000,6,249.63,0.00,0.80,-0.2637,-0.0092,15407.5,0.0,229.30,229.30,222.33,222.33,10.6261,22.6863,34.9618,57.8941,104.071,99.4405,96.7693,94.2987,92.4474,90.5149,88.4904,86.3594,83.1604,79.0944,69.1381,39.1775,22.2068,13.9409,6.30552
32.238,-0.0000,0.6549,0.0000,6,249.62,0.00,0.84,-0.2614,-0.0092,15407.8,0.0,229.30,229.30,222.33,222.33,10.6065,22.6444,34.8972,57.7871,102.377,97.7919,95.1524,92.7149,90.891,88.9896,87.0009,84.9116,81.7843,77.8305,68.3582,39.3018,22.2773,13.9851,6.32551
32.256,-0.0000,0.3602,0.0000,6,249.62,0.00,0.88,-0.2591,-0.0092,15403.7,0.0,229.30,229.30,222.28,222.28,10.5867,22.6022,34.8323,57.6796,100.681,96.1428,93.5353,91.131,89.3347,87.4645,85.5115,83.4637,80.4072,76.5627,67.5316,39.4267,22.3481,14.0295,6.34562
32.282,-0.0000,0.1981,0.0000,6,249.43,0.00,0.94,-0.2567,-0.0092,15302.2,0.0,229.22,229.22,220.82,220.82,10.567,22.5601,34.7674,57.5721,98.9847,94.4933,91.9182,89.5474,87.7787,85.9398,84.0224,82.0159,79.0293,75.2914,66.6658,39.5515,22.4188,14.074,6.36571
32.300,-0.0000,0.1090,0.0000,6,249.04,0.00,0.98,-0.2544,-0.0092,15230.6,0.0,228.94,228.94,219.79,219.80,10.5475,22.5184,34.7031,57.4657,97.2887,92.845,90.3024,87.9653,86.2243,84.4166,82.5349,80.5691,77.6516,74.0176,65.7665,39.6751,22.4889,14.1179,6.3856
32.325,-0.0000,0.0599,0.0000,6,248.55,0.00,1.00,-0.2521,-0.0092,15173.7,0.0,228.53,228.53,218.92,219.04,10.5281,22.4777,34.6414,57.5092,95.5915,91.1959,88.686,86.3827,84.6692,82.8927,81.0462,79.1209,76.271,72.7379,64.8337,39.793,22.5572,14.1613,6.40544
32.350,-0.0000,0.0330,0.0000,6,248.01,0.02,1.03,-0.2497,-0.0091,15125.2,0.0,228.03,228.05,218.16,218.39,10.5092,22.4402,34.5874,58.049,93.889,89.5412,87.064,84.7941,83.108,81.3622,79.5505,77.665,74.8813,71.4456,63.8617,39.8934,22.6199,14.2025,6.42491
32.368,-0.0000,0.0181,0.0000,6,247.43,0.03,1.08,-0.2474,-0.0090,15082.5,0.0,227.51,227.54,217.52,217.81,10.4911,22.4062,34.5418,99.835,92.1808,87.881,85.4363,83.1996,81.5408,79.8253,78.0479,76.2013,73.4823,70.1408,62.8554,39.9747,22.6763,14.2411,6.44385
32.393,-0.0000,0.0100,0.0000,6,246.84,0.06,1.16,-0.2451,-0.0088,15042.0,0.0,226.97,227.00,216.92,217.24,10.4734,22.3746,34.5018,98.0652,90.4703,86.2187,83.8065,81.6031,79.9714,78.2861,76.5428,74.7348,72.0793,68.8295,61.8246,40.0435,22.7285,14.278,6.46247
32.412,-0.0000,0.0055,0.0000,6,246.24,0.07,1.20,-0.2429,-0.0087,15002.7,0.0,226.43,226.46,216.34,216.68,10.456,22.3443,34.4649,96.2944,88.76,84.5571,82.1778,80.0078,78.4032,76.7482,75.0387,73.269,70.6762,67.516,60.777,40.1048,22.7781,14.3138,6.4808
32.437,-0.0000,0.0030,0.0000,6,245.64,0.09,1.22,-0.2406,-0.0085,14964.2,0.0,225.88,225.91,215.78,216.13,10.439,22.3153,34.4304,94.5238,87.0512,82.8977,80.5516,78.4152,76.8377,75.213,73.5373,71.8058,69.275,66.2026,59.7168,40.161,22.8255,14.3485,6.49876
32.456,-0.0000,0.0017,0.0000,6,245.04,0.10,1.26,-0.2385,-0.0083,14926.9,0.0,225.32,225.36,215.24,215.60,10.4226,22.2876,34.3982,92.7536,85.3444,81.241,78.9282,76.8257,75.2756,73.6811,72.0393,70.3455,67.8761,64.8897,58.6456,40.2122,22.8705,14.3817,6.51616
32.481,-0.0000,0.0009,0.0000,6,244.44,0.11,1.29,-0.2363,-0.0081,14890.7,0.0,224.77,224.81,214.72,215.07,10.4064,22.2604,34.3668,90.9847,83.6404,79.5879,77.3091,75.2406,73.718,72.1538,70.5457,68.8897,66.481,63.5793,57.5665,40.2616,22.9146,14.4145,6.53332
32.499,-0.0000,0.0005,0.0000,6,243.84,0.12,1.36,-0.2342,-0.0079,14854.6,0.0,224.22,224.26,214.20,214.55,10.3904,22.2336,34.3356,89.2175,81.9401,77.9394,75.6948,73.6607,72.1656,70.6319,69.0576,67.4391,65.0907,62.2719,56.4813,40.3106,22.958,14.4466,6.55018
32.525,-0.0000,0.0003,0.5000,6,243.25,0.12,1.40,-0.2321,-0.0078,14817.9,0.0,223.68,223.71,213.67,214.02,10.3748,22.2071,34.3046,87.4522,80.2434,76.2954,74.0853,72.0861,70.6187,69.1155,67.575,65.9938,63.7052,60.9681,55.3908,40.3595,23.0007,14.4783,6.56671
32.543,-0.0000,0.0002,0.7500,6,241.72,0.12,1.41,-0.2301,-0.0076,14556.0,0.0,213.62,213.66,209.94,210.32,10.3594,22.1809,34.2737,85.6914,78.5529,74.6583,72.4833,70.519,69.0795,67.6069,66.0999,64.556,62.3264,59.6695,54.2972,40.4082,23.0428,14.5093,6.58291
32.568,-0.0000,0.0001,0.8750,6,239.22,0.12,1.42,-0.2282,-0.0075,14294.8,0.0,204.66,204.71,206.19,206.61,10.3446,22.1555,34.2435,83.9435,76.8768,73.0361,70.8961,68.9668,67.5551,66.1129,64.6394,63.1323,60.9609,58.3821,53.206,40.382,23.0837,14.5394,6.59856
32.587,-0.0000,0.0000,0.9375,6,236.26,0.13,1.42,-0.2262,-0.0073,14037.1,0.0,196.15,196.21,202.47,202.93,10.3298,22.13,34.2129,82.2136,75.2197,71.4333,69.3285,67.4342,66.0501,64.6382,63.1977,61.727,59.6125,57.1102,52.1217,40.182,23.1246,14.5693,6.6141
32.612,-0.0000,0.0000,0.9687,6,233.02,0.13,1.49,-0.2244,-0.0072,13806.5,0.0,188.13,188.21,199.13,199.62,10.3157,22.1058,34.1839,80.5034,73.5833,69.8514,67.7817,65.9221,64.5656,63.1836,61.7758,60.3407,58.2822,55.854,51.0446,39.8603,23.1634,14.5978,6.62891
32.631,-0.0000,0.0000,0.9844,6,229.68,0.13,1.53,-0.2226,-0.0070,13564.7,0.0,180.41,180.51,195.63,196.15,10.3021,22.0822,34.1553,78.8148,71.9694,68.2921,66.2574,64.4326,63.1033,61.751,60.3754,58.9754,56.9717,54.6153,49.9775,39.4534,23.2011,14.6253,6.64317
32.656,-0.0000,0.0000,0.9922,6,226.29,0.13,1.56,-0.2208,-0.0069,13330.9,0.0,172.69,172.81,192.24,192.79,10.2883,22.0577,34.1249,77.149,70.3793,66.7569,64.7573,62.9669,61.6648,60.3417,58.998,57.6327,55.6824,53.3961,48.9226,38.9853,23.2404,14.6536,6.65767
32.675,-0.0000,0.0000,0.9961,6,222.87,0.13,1.60,-0.2191,-0.0068,13105.6,0.0,165.01,165.14,188.98,189.54,10.2748,22.0336,34.1707,75.5056,68.8124,65.245,63.2802,61.5243,60.2489,58.9549,57.6425,56.3111,54.4133,52.1951,47.8789,38.4688,23.2789,14.6812,6.67175
32.700,-0.0000,0.0000,0.9980,6,219.46,0.13,1.64,-0.2174,-0.0067,12885.9,0.0,157.24,157.38,185.80,186.37,10.2617,22.0101,34.39,73.8848,67.2689,63.7565,61.8266,60.1046,58.8559,57.5904,56.3091,55.011,53.1644,51.0122,46.8467,37.9148,23.3165,14.708,6.68538
32.718,-0.0000,0.0000,0.9990,6,216.08,0.13,1.69,-0.2158,-0.0066,12684.2,0.0,148.77,148.93,182.87,183.43,10.2489,21.9868,34.8601,72.2867,65.7489,62.2916,60.3962,58.7083,57.4858,56.2487,54.9976,53.7323,51.9358,49.8477,45.8269,37.3326,23.3539,14.7344,6.69867
32.744,-0.0000,0.0000,0.9995,6,212.76,0.12,1.74,-0.2142,-0.0065,12483.9,0.0,139.44,139.62,180.01,180.55,10.2366,21.9638,35.7629,70.7115,64.2524,60.8502,58.9893,57.335,56.1386,54.9294,53.7083,52.475,50.7274,48.7017,44.8194,36.7281,23.3909,14.7601,6.71149
32.763,-0.0000,0.0000,0.9997,6,209.53,0.12,1.76,-0.2127,-0.0064,12269.5,0.0,129.20,129.40,176.92,177.46,10.2247,21.9412,37.8375,69.1584,62.7788,59.4316,57.6051,55.9841,54.8135,53.6318,52.4401,51.2384,49.5386,47.5734,43.8242,36.1054,23.4273,14.7851,6.72378
32.787,-0.0000,0.0000,0.9999,6,206.37,0.11,1.73,-0.2112,-0.0063,12055.7,0.0,118.06,118.28,173.82,174.39,10.213,21.9185,77.2072,67.6269,61.3274,58.0353,56.243,54.655,53.5099,52.3555,51.1928,50.0221,48.369,46.4626,42.8413,35.469,23.4639,14.8099,6.73587
32.806,-0.0000,0.0000,0.9999,6,203.24,0.11,1.70,-0.2098,-0.0063,11846.1,0.0,106.54,106.77,170.78,171.37,10.2015,21.8961,75.6296,66.1158,59.8971,56.66,54.9018,53.3467,52.2268,51.0992,49.9651,48.8246,47.2173,45.368,41.8699,34.8212,23.5001,14.8343,6.7477
32.831,-0.0000,0.0000,1.0000,6,200.13,0.10,1.67,-0.2084,-0.0062,11639.4,0.0,94.97,95.21,167.79,168.40,10.1902,21.874,74.0703,64.6249,58.4875,55.3055,53.5811,52.0585,50.9635,49.8625,48.7564,47.6458,46.0831,44.2893,40.9098,34.1644,23.5347,14.8583,6.75932
32.851,-0.0000,0.0000,1.0000,6,197.03,0.10,1.64,-0.2070,-0.0062,11443.6,0.0,83.12,83.37,164.92,165.54,10.1792,21.8528,72.5289,63.1535,57.0978,53.9708,52.2801,50.7897,49.7195,48.6445,47.5661,46.4846,44.9656,43.2258,39.9606,33.5004,23.5108,14.8814,6.77061
32.876,-0.0000,0.0000,1.0000,6,193.94,0.09,1.66,-0.2057,-0.0061,11263.2,0.0,71.05,71.31,162.35,162.96,10.1686,21.8327,71.0053,61.7016,55.7281,52.6559,50.9986,49.5403,48.4944,47.4452,46.3939,45.3411,43.8648,42.1775,39.0224,32.8311,23.4105,14.9038,6.78154
32.901,-0.0000,0.0000,1.0000,6,190.91,0.09,1.66,-0.2044,-0.0061,11060.1,0.0,58.80,59.08,159.42,160.04,10.1583,21.8528,69.4994,60.2692,54.3784,51.361,49.737,48.3103,47.2884,46.2646,45.2401,44.2152,42.7807,41.1444,38.0957,32.1583,23.2502,14.9254,6.79214
32.919,-0.0000,0.0000,1.0000,6,187.90,0.09,1.64,-0.2032,-0.0060,10853.2,0.0,46.35,46.64,156.43,157.07,10.1483,21.9445,68.0113,58.8563,53.0486,50.0858,48.4949,47.0996,46.1015,45.1027,44.1044,43.1072,41.7133,40.1268,37.1807,31.4837,23.0417,14.9463,6.80246
32.944,-0.0000,0.0000,0.5000,6,184.92,0.09,1.62,-0.2019,-0.0059,10647.9,0.0,33.71,34.01,153.45,154.12,10.1385,22.118,66.5409,57.4629,51.7387,48.8304,47.2724,45.9081,44.9336,43.9594,42.9869,42.0167,40.6628,39.1246,36.2775,30.8087,22.7933,14.9669,6.81257
32.963,0.0317,0.0000,0.2500,6,182.10,0.09,1.62,-0.2007,-0.0059,10810.4,0.0,40.33,40.62,155.73,156.26,10.1292,22.3913,65.0865,56.0871,50.4469,47.593,46.0676,44.734,43.7827,42.8329,41.8859,40.9421,39.6272,38.1361,35.3849,30.1328,22.5107,14.9862,6.82224
32.987,0.0981,0.0000,0.1250,6,179.77,0.09,1.62,-0.1996,-0.0058,10857.9,0.0,55.98,56.29,156.58,156.89,10.12,22.7864,63.6465,54.7276,49.1719,46.3724,44.8795,43.5765,42.6481,41.7223,40.8003,39.8825,38.6058,37.1607,34.5024,29.4573,22.2003,15.0051,6.83172
33.006,0.1861,0.0000,0.0625,6,177.96,0.09,1.64,-0.1985,-0.0059,10817.3,0.0,73.48,73.79,156.05,156.26,10.1101,23.2659,62.3629,53.5197,48.0419,45.2918,43.8284,42.5529,41.6453,40.741,39.8414,38.9468,37.7041,36.2996,33.7231,28.8571,21.9084,15.0251,6.84138
33.025,0.2521,0.0000,0.0312,6,176.34,0.08,1.68,-0.1974,-0.0065,10748.0,0.0,91.86,92.16,155.12,155.20,10.0952,23.8593,61.1331,52.3696,46.9707,44.27,42.8358,41.5874,40.7001,39.8169,38.9391,38.0673,36.8573,35.4922,32.9937,28.2964,21.6305,15.0331,6.85464
33.044,0.3016,0.4500,0.0156,6,174.85,0.03,1.69,-0.1962,-0.0080,10669.6,0.0,109.88,110.09,154.25,153.79,10.0696,24.5307,60.0052,51.3269,46.0076,43.3558,41.9499,40.7279,39.8601,38.9972,38.1403,37.2899,36.1113,34.7829,32.3572,27.814,21.3981,15.0474,6.87579
33.063,0.3387,0.6975,0.0078,6,173.70,-0.09,1.69,-0.1948,-0.0113,10749.7,0.0,126.69,126.64,155.15,155.15,10.0258,25.1795,59.0413,50.455,45.2152,42.6103,41.2315,40.0341,39.1848,38.3409,37.503,36.6723,35.5221,34.2272,31.8661,27.4571,21.2499,15.0963,6.91078
33.087,0.3665,0.8336,0.0039,6,172.96,-0.32,1.66,-0.1928,-0.0170,10795.9,0.0,140.89,140.21,155.80,155.80,9.95353,25.5664,58.3186,49.8322,44.6704,42.1094,40.7554,39.5802,38.7473,37.9201,37.0991,36.2854,35.1596,33.8933,31.5858,27.2843,21.2342,15.2158,6.96881
33.106,0.3874,0.9085,0.0020,6,172.62,-0.77,1.64,-0.1900,-0.0263,10832.3,0.0,150.48,148.76,156.31,156.31,9.8421,25.3164,57.929,49.5515,44.4646,41.9426,40.6103,39.4538,38.6343,37.8209,37.0138,36.2136,35.1065,33.8619,31.5939,27.3656,21.4087,15.4469,7.06127
33.125,0.4030,0.9497,0.0010,6,172.62,-1.56,1.62,-0.1860,-0.0393,10870.2,0.0,155.37,152.66,156.84,156.84,9.68968,24.3699,57.8801,49.6199,44.6038,42.1163,40.8021,39.6614,38.8523,38.0493,37.2526,36.4628,35.3694,34.1394,31.8975,27.7096,21.7837,15.8029,7.19589
33.144,0.4148,0.9723,0.0005,6,172.78,-2.63,1.61,-0.1805,-0.0550,10911.9,0.0,157.53,154.12,157.44,157.44,9.5088,23.1384,58.0495,49.9126,44.9643,42.5087,41.2098,40.0823,39.2826,38.4883,37.6996,36.9176,35.8349,34.6159,32.3908,28.2236,22.291,16.2446,7.36971
33.162,0.4236,0.9848,0.0002,6,173.01,-3.79,1.61,-0.1735,-0.0717,10948.3,0.0,158.51,154.71,157.97,157.97,9.31412,21.9548,58.2918,50.2789,45.3982,42.9723,41.6889,40.5734,39.782,38.9958,38.2151,37.4402,36.3664,35.157,32.9463,28.7933,22.8438,16.7167,7.57526
33.187,0.4302,0.9916,0.0001,6,173.28,-4.82,1.63,-0.1649,-0.0883,10977.5,0.0,158.94,154.98,158.39,158.39,9.12172,20.9554,58.49,50.5979,45.7836,43.3882,42.1199,41.0173,40.2346,39.4562,38.6832,37.9161,36.8523,35.6527,33.4583,29.3238,23.3653,17.17,7.79708
33.206,0.4351,0.9954,0.0001,6,173.54,-5.67,1.66,-0.1545,-0.1040,11009.2,0.0,159.12,155.17,158.84,158.84,8.94022,20.149,58.5888,50.8124,46.0636,43.6993,42.4462,41.3566,40.5831,39.8139,39.0492,38.29,37.2371,36.0495,33.8736,29.7658,23.8163,17.5774,8.00986
33.225,0.4389,0.9975,0.0000,6,173.79,-6.32,1.67,-0.1423,-0.1188,11041.7,0.0,159.18,155.33,159.31,159.31,8.76946,19.4954,58.5853,50.9176,46.2343,43.9005,42.6639,41.5878,40.8236,40.0636,39.3083,38.558,37.5166,36.3419,34.1882,30.1149,24.1915,17.9332,8.21118
33.244,0.4416,0.9986,0.0000,6,174.04,-6.83,1.67,-0.1282,-0.1328,11076.5,0.0,159.22,155.49,159.81,159.81,8.6069,18.9433,58.5053,50.9409,46.3216,44.019,42.7985,41.7367,40.9822,40.2316,39.4856,38.7446,37.7161,36.5547,34.4254,30.3919,24.5062,18.2476,8.40295
33.263,0.4437,0.9992,0.0000,6,174.28,-7.26,1.67,-0.1124,-0.1466,11109.2,0.0,159.27,155.65,160.28,160.28,8.44951,18.448,58.3834,50.918,46.3614,44.0902,42.8855,41.8375,41.0931,40.3523,39.6156,38.8837,37.8681,36.7212,34.6163,30.6252,24.7842,18.5359,8.58796
33.288,0.4453,0.9996,0.0000,6,174.51,-7.66,1.69,-0.0946,-0.1605,11137.6,0.0,159.38,155.79,160.70,160.70,8.29385,17.9669,58.2617,50.8907,46.3965,44.1554,42.9671,41.9324,41.1975,40.4664,39.7394,39.0166,38.0133,36.8803,34.8,30.8508,25.0545,18.8176,8.77105
33.306,0.4465,0.9998,0.0000,6,174.74,-8.08,1.71,-0.0755,-0.1652,11163.3,0.0,159.51,155.92,161.07,161.07,8.13978,17.4983,58.1414,50.8598,46.4273,44.2161,43.0436,42.0228,41.2971,40.5752,39.8574,39.144,38.1532,37.0336,34.9779,31.0701,25.3179,19.0942,8.95257
33.325,0.4474,0.9999,0.0000,6,174.97,-8.47,1.74,-0.0565,-0.1659,11181.5,0.0,159.65,156.05,161.34,161.34,7.98881,17.0575,58.0031,50.8055,46.4337,44.2526,43.0954,42.0882,41.3723,40.6596,39.9507,39.2463,38.2681,37.1625,35.1308,31.2652,25.5605,19.3554,9.12985
33.343,0.4480,0.5499,0.0000,6,175.20,-8.74,1.79,-0.0377,-0.1660,11189.3,0.0,159.76,156.20,161.45,161.45,7.84348,16.6689,57.8126,50.6939,46.3814,44.2302,43.0885,42.0946,41.3884,40.6855,39.9861,39.2907,38.3251,37.2339,35.2275,31.4073,25.7575,19.5827,9.29818
33.363,0.4485,0.3025,0.0000,6,175.30,-8.84,1.85,-0.0191,-0.1654,10985.7,0.0,159.83,156.36,158.59,158.59,7.70535,16.343,57.5518,50.5061,46.252,44.1301,43.0046,42.0242,41.3275,40.6343,39.9448,39.2592,38.3066,37.2301,35.2512,31.4805,25.8945,19.766,9.45479
33.388,0.4489,0.1664,0.0000,6,175.15,-8.69,1.87,-0.0007,-0.1631,10833.8,0.0,159.77,156.49,156.38,156.38,7.57755,16.1077,57.1799,50.2028,46.0053,43.913,42.8037,41.8378,41.1511,40.4679,39.7884,39.113,38.1748,37.114,35.1648,31.4502,25.9426,19.8835,9.59357
33.407,0.4492,0.0915,0.0000,6,174.83,-8.35,1.88,0.0175,-0.1597,10736.9,0.0,159.57,156.52,155.91,154.03,7.45817,15.9429,56.7227,49.8112,45.6689,43.6068,42.5135,41.5623,40.8862,40.2132,39.544,38.8791,37.9557,36.912,34.9937,31.3397,25.9215,19.948,9.71674
33.425,0.4494,0.0503,0.0000,6,174.42,-7.96,1.89,0.0354,-0.1562,10672.4,0.0,159.31,156.44,155.19,152.87,7.34211,15.7982,56.2483,49.4001,45.3119,43.2799,42.2025,41.2656,40.5999,39.9375,39.2786,38.6239,37.7152,36.6884,34.8013,31.2082,25.8802,19.9952,9.83305
33.443,0.4495,0.0277,0.0000,6,173.96,-7.72,1.87,0.0530,-0.1533,10623.4,0.0,159.04,156.23,154.64,152.00,7.22416,15.6183,55.8289,49.0412,45.0054,43.0026,41.941,41.0176,40.3619,39.7095,39.0609,38.4161,37.5209,36.5101,34.6526,31.116,25.8693,20.0624,9.95244
33.463,0.4496,0.0152,0.0000,6,173.47,-7.66,1.84,0.0703,-0.1512,10582.1,0.0,158.78,155.90,154.19,151.25,7.10267,15.3848,55.4887,48.7575,44.772,42.7969,41.7507,40.8403,40.1938,39.5508,38.9116,38.2763,37.3941,36.3976,34.5674,31.0815,25.9052,20.1615,10.0782
33.487,0.4497,0.0084,0.0000,6,172.96,-7.76,1.81,0.0872,-0.1500,10544.6,0.0,158.50,155.49,153.79,150.57,6.97829,15.1034,55.2231,48.5438,44.6051,42.6561,41.6244,40.7269,40.0891,39.4547,38.8242,38.1977,37.3279,36.3449,34.5391,31.0986,25.9835,20.2891,10.2096
33.506,0.4498,0.0046,0.0000,6,172.44,-7.97,1.80,0.1037,-0.1497,10508.9,0.0,158.17,155.01,153.39,149.95,6.8519,14.7864,55.0186,48.386,44.4902,42.5659,41.5478,40.6624,40.0333,39.4074,38.7849,38.1665,37.308,36.338,34.5547,31.1555,26.0936,20.4389,10.3455
33.524,0.4499,0.0025,0.0000,6,171.91,-8.32,1.76,0.1199,-0.1501,10474.4,0.0,157.81,154.50,153.00,149.35,6.72405,14.4382,54.8746,48.2828,44.4258,42.5245,41.519,40.6449,40.024,39.4063,38.7919,38.181,37.3329,36.3747,34.6128,31.2511,26.2348,20.6107,10.4861
33.544,0.4499,0.0014,0.0000,6,171.37,-8.77,1.72,0.1358,-0.1509,10440.1,0.0,157.42,153.96,152.58,148.77,6.59637,14.0748,54.7738,48.2172,44.3945,42.515,41.5213,40.6576,40.0443,39.4342,38.8275,38.2243,37.3863,36.4389,34.6972,31.3702,26.3953,20.7952,10.6288
33.563,0.4499,0.0008,0.0000,6,170.83,-9.23,1.69,0.1513,-0.1519,10406.0,0.0,156.97,153.42,152.14,148.23,6.47059,13.7162,54.6914,48.1651,44.3727,42.5128,41.5303,40.6765,40.0703,39.4674,38.8678,38.272,37.4442,36.5079,34.7851,31.4918,26.5569,20.9795,10.7701
33.587,0.4499,0.0004,0.0000,6,170.28,-9.68,1.66,0.1665,-0.1531,10372.1,0.0,156.47,152.87,151.66,147.72,6.34772,13.373,54.611,48.1108,44.3456,42.5026,41.5308,40.6865,40.0871,39.491,38.8984,38.3094,37.4913,36.5662,34.8625,31.6031,26.7083,21.1558,10.9081
33.606,0.4500,0.0002,0.0000,6,169.73,-10.14,1.61,0.1814,-0.1541,10337.5,0.0,155.96,152.32,151.17,147.22,6.22788,13.0447,54.5327,48.0545,44.3137,42.4856,41.5232,40.6879,40.095,39.5055,38.9194,38.337,37.5282,36.6136,34.9296,31.7038,26.8496,21.3233,11.0422
33.624,0.4500,0.0001,0.0000,6,169.17,-10.58,1.56,0.1959,-0.1548,10303.2,0.0,155.42,151.77,150.68,146.72,6.11184,12.7347,54.4494,47.9896,44.2704,42.4568,41.5021,40.6747,40.0881,39.5048,38.9251,38.3491,37.5491,36.6448,34.9799,31.7879,26.9762,21.4782,11.1712
33.644,0.4500,0.0001,0.0000,6,168.62,-10.94,1.52,0.2100,-0.1552,10269.4,0.0,154.86,151.24,150.17,146.26,6.00049,12.4513,54.3445,47.9009,44.2013,42.4009,41.4539,40.6333,40.052,39.4747,38.9012,38.3313,37.5401,36.6458,34.9997,31.8429,27.0761,21.6122,11.2927
33.663,0.4500,0.0000,0.0000,6,168.06,-11.23,1.49,0.2239,-0.1555,10235.3,0.0,154.27,150.70,149.64,145.80,5.89353,12.1921,54.2198,47.7903,44.1088,42.3199,41.3806,40.5666,39.9901,39.4178,38.8498,38.286,37.5034,36.6188,34.9912,31.8707,27.1509,21.7261,11.4067
33.687,0.4500,0.0000,0.0000,6,167.50,-11.50,1.45,0.2374,-0.1553,10201.1,0.0,153.70,150.16,149.13,145.32,5.79035,11.9515,54.084,47.6661,44.0011,42.2228,41.2901,40.4827,39.9109,39.3433,38.7801,38.2214,37.4469,36.572,34.9624,31.8778,27.2072,21.8238,11.5141
33.707,0.4500,0.0000,0.0000,6,166.95,-11.74,1.41,0.2505,-0.1548,10167.1,0.0,153.14,149.64,148.62,144.85,5.69115,11.7287,53.9366,47.5282,43.8784,42.1104,41.1833,40.3819,39.8146,39.2517,38.6931,38.1391,37.3715,36.5057,34.9138,31.8644,27.2445,21.9058,11.6151
33.724,0.4500,0.0000,0.0000,6,166.39,-11.88,1.39,0.2633,-0.1540,10133.7,0.0,152.56,149.12,148.10,144.41,5.59674,11.5299,53.7642,47.3645,43.7286,41.9708,41.0494,40.2531,39.69,39.1317,38.5778,38.0285,37.2675,36.4096,34.8351,31.8209,27.254,21.9654,11.7073
33.744,0.4500,0.0000,0.0000,6,165.84,-11.97,1.38,0.2758,-0.1530,10100.0,0.0,151.99,148.60,147.58,143.95,5.50599,11.3478,53.5783,47.1861,43.5634,41.8144,40.8988,40.1075,39.548,38.9936,38.4443,37.8997,37.1453,36.295,34.7363,31.7569,27.2441,22.0083,11.7928
33.763,0.4500,0.0000,0.0000,6,165.29,-12.05,1.35,0.2880,-0.1516,10066.2,0.0,151.44,148.09,147.08,143.48,5.41847,11.1786,53.3872,47.0006,43.3899,41.6488,40.7387,39.9524,39.3965,38.8458,38.3001,37.7598,37.0118,36.169,34.6245,31.679,27.2205,22.0388,11.8723
33.788,0.4500,0.0000,0.0000,6,164.74,-12.11,1.32,0.2997,-0.1500,10032.8,0.0,150.91,147.58,146.58,143.01,5.33466,11.0236,53.1894,46.8068,43.2071,41.4737,40.5681,39.7866,39.2344,38.6872,38.1452,37.6085,36.8662,36.0307,34.5001,31.5864,27.1819,22.0564,11.9458
33.806,0.4500,0.0000,0.0000,6,164.19,-12.07,1.33,0.3112,-0.1480,10000.3,0.0,150.36,147.09,146.08,142.58,5.25531,10.8899,52.9686,46.5899,43.0009,41.2756,40.3744,39.5971,39.0485,38.505,37.9667,37.4338,36.6969,35.8681,34.3516,31.4687,27.1188,22.0538,12.011
33.824,0.4500,0.0000,0.0000,6,163.65,-11.99,1.34,0.3223,-0.1460,9967.35,0.0,149.83,146.59,145.58,142.13,5.17917,10.7689,52.7415,46.3658,42.7866,41.0688,40.172,39.3988,38.8531,38.3132,37.7787,37.2495,36.5178,35.6951,34.192,31.3381,27.0422,22.039,12.0702
33.843,0.4500,0.0000,0.0000,6,163.11,-11.93,1.33,0.3331,-0.1436,9934.38,0.0,149.32,146.10,145.09,141.66,5.10598,10.6576,52.516,46.1416,42.5713,40.8598,39.9675,39.1981,38.6553,38.1182,37.587,37.0615,36.335,35.5183,34.0271,31.2008,26.9571,22.0155,12.1245
33.863,0.4500,0.0000,0.0000,6,162.57,-11.88,1.32,0.3434,-0.1410,9901.86,0.0,148.82,145.62,144.62,141.19,5.03627,10.5577,52.2909,45.9163,42.3538,40.6481,39.7598,38.9942,38.4542,37.9199,37.3916,36.8691,36.1477,35.3368,33.8568,31.0569,26.8629,21.9831,12.1736
33.887,0.4500,0.0000,0.0000,6,162.04,-11.71,1.35,0.3534,-0.1382,9870.32,0.0,148.31,145.15,144.13,140.77,4.9708,10.478,52.0474,45.6727,42.1181,40.4185,39.5336,38.772,38.2349,37.7036,37.1781,36.6587,35.9418,35.1369,33.6684,30.8944,26.7494,21.9338,12.2151
33.906,0.4500,0.0000,0.0000,6,161.50,-11.54,1.39,0.3631,-0.1355,9838.23,0.0,147.81,144.67,143.66,140.32,4.90806,10.4074,51.808,45.4316,41.884,40.1902,39.3087,38.5503,38.0159,37.4875,36.965,36.4485,35.7357,34.9361,33.4787,30.7289,26.6306,21.8779,12.2523
33.925,0.4500,0.0000,0.0000,6,160.98,-11.41,1.40,0.3724,-0.1324,9806.01,0.0,147.34,144.20,143.20,139.85,4.84772,10.3429,51.5803,45.2003,41.6581,39.9694,39.091,38.3354,37.8032,37.2773,36.7576,36.2439,35.5351,34.74,33.2929,30.5653,26.5105,21.8185,12.2862
33.945,0.4500,0.0000,0.0000,6,160.45,-11.30,1.41,0.3813,-0.1294,9774.36,0.0,146.89,143.74,142.75,139.38,4.7906,10.2871,51.363,44.9772,41.4392,39.7545,38.879,38.126,37.5958,37.072,36.5547,36.0437,35.3386,34.548,33.1096,30.4029,26.3883,21.7548,12.3164
33.963,0.4500,0.0000,0.0000,6,159.93,-11.09,1.48,0.3898,-0.1261,9743.64,0.0,146.41,143.27,142.28,138.96,4.73761,10.2514,51.1333,44.7417,41.2079,39.527,38.6545,37.9043,37.3761,36.8544,36.3392,35.8306,35.1295,34.3434,32.9138,30.228,26.2528,21.6775,12.3399
33.987,0.4500,0.0000,0.0000,6,159.41,-10.89,1.54,0.3980,-0.1231,9712.12,0.0,145.95,142.80,141.84,138.50,4.6868,10.2209,50.9203,44.5204,40.9893,39.3116,38.4412,37.6936,37.1673,36.6475,36.1343,35.6277,34.9297,34.1479,32.7264,30.0596,26.1209,21.5999,12.361
34.007,0.4500,0.0000,0.0000,6,158.89,-10.76,1.58,0.4058,-0.1198,9680.38,0.0,145.51,142.33,141.40,138.02,4.6381,10.1936,50.7299,44.3184,40.788,39.1129,38.2441,37.4981,36.9735,36.4554,35.9439,35.4391,34.7436,33.9651,32.5511,29.9008,25.9951,21.5241,12.3802
34.025,0.4500,0.0000,0.0000,6,158.37,-10.68,1.61,0.4132,-0.1167,9649.24,0.0,145.09,141.87,140.98,137.54,4.59233,10.1728,50.5599,44.1338,40.6021,38.9287,38.0611,37.3163,36.7926,36.276,35.766,35.2628,34.5696,33.7937,32.386,29.75,25.8741,21.4488,12.3971
34.044,0.4500,0.0000,0.0000,6,157.86,-10.48,1.71,0.4202,-0.1135,9619.03,0.0,144.63,141.40,140.52,137.13,4.551,10.1744,50.3816,43.9407,40.4077,38.7355,37.8692,37.1257,36.6031,36.0874,35.5789,35.0773,34.3865,33.6133,32.2114,29.5899,25.7428,21.3624,12.4076
34.063,0.4500,0.0000,0.0000,6,157.34,-10.31,1.81,0.4268,-0.1105,9587.76,0.0,144.19,140.93,140.09,136.66,4.51147,10.1789,50.2296,43.7705,40.234,38.5617,37.6962,36.9537,36.4318,35.9169,35.4091,34.9086,34.2197,33.449,32.0517,29.4427,25.6209,21.28,12.4169
34.087,0.4500,0.0000,0.0000,6,156.83,-10.24,1.87,0.4331,-0.1074,9556.15,0.0,143.77,140.46,139.67,136.16,4.47363,10.1838,50.11,43.6281,40.0856,38.4121,37.5464,36.8043,36.2828,35.7683,35.2611,34.7611,34.0732,33.3043,31.9107,29.3114,25.5109,21.2045,12.4257
34.106,0.4500,0.0000,0.0000,6,156.31,-10.22,1.93,0.4389,-0.1046,9525.18,0.0,143.36,140.00,139.26,135.68,4.43891,10.1956,50.0178,43.5091,39.9581,38.2825,37.416,36.6734,36.1519,35.6377,35.1306,34.6308,33.9433,33.1752,31.7844,29.1923,25.4096,21.1334,12.4327
34.125,0.4500,0.0000,0.0000,6,155.80,-10.08,2.06,0.4443,-0.1016,9495.18,0.0,142.90,139.52,138.81,135.27,4.40856,10.2336,49.9178,43.3823,39.8225,38.145,37.2777,36.5345,36.0128,35.4987,34.9919,34.4925,33.8055,33.0381,31.6499,29.0648,25.2995,21.0533,12.4335
34.145,0.4500,0.0000,0.0000,6,155.28,-9.97,2.19,0.4494,-0.0989,9463.88,0.0,142.46,139.04,138.38,134.79,4.38005,10.2752,49.8497,43.2829,39.712,38.0306,37.1621,36.4181,35.8957,35.381,34.874,34.3745,33.6877,32.9205,31.5331,28.9531,25.2013,20.9801,12.4336
34.163,0.4500,0.0000,0.0000,6,154.77,-9.97,2.28,0.4541,-0.0961,9432.19,0.0,142.05,138.56,137.97,134.29,4.35327,10.3172,49.8195,43.2162,39.6311,37.9443,37.0737,36.3282,35.8048,35.2891,34.7812,34.2809,33.5936,32.826,31.4382,28.8605,25.118,20.9162,12.4334
34.187,0.4500,0.0000,0.0000,6,154.26,-10.04,2.35,0.4583,-0.0935,9401.08,0.0,141.64,138.09,137.56,133.80,4.32975,10.3645,49.8228,43.178,39.5758,37.8824,37.0086,36.2609,35.7361,35.2192,34.71,34.2085,33.5196,32.7509,31.3617,28.7834,25.0462,20.8594,12.4315
34.206,0.4500,0.0000,0.0000,6,153.75,-9.95,2.51,0.4621,-0.0908,9371.27,0.0,141.17,137.60,137.10,133.40,4.31104,10.4429,49.8146,43.1287,39.5094,37.81,36.9331,36.1829,35.6568,35.1387,34.6284,34.1259,33.4356,32.6655,31.2751,28.6963,24.965,20.7938,12.423
34.225,0.4500,0.0000,0.0000,6,153.23,-9.88,2.68,0.4656,-0.0884,9339.98,0.0,140.72,137.11,136.67,132.92,4.29464,10.5257,49.8387,43.1071,39.4681,37.7609,36.8805,36.1274,35.5992,35.0792,34.5674,34.0636,33.3715,32.5994,31.2062,28.6247,24.8954,20.7355,12.4137
34.245,0.4500,0.0000,0.0000,6,152.71,-9.94,2.78,0.4687,-0.0858,9308.21,0.0,140.30,136.63,136.26,132.42,4.27989,10.6036,49.905,43.1218,39.4597,37.7426,36.8581,36.1013,35.5707,35.0483,34.5342,34.0283,33.3338,32.5591,31.1613,28.5746,24.8428,20.6883,12.4051
34.263,0.4500,0.0000,0.0000,6,152.20,-10.08,2.86,0.4713,-0.0835,9276.78,0.0,139.88,136.14,135.85,131.92,4.26849,10.6774,50.0101,43.1695,39.4809,37.7527,36.8625,36.1016,35.5681,35.0429,34.526,34.0175,33.3195,32.5416,31.1381,28.5429,24.8044,20.6506,12.3957
34.288,0.4500,0.4500,0.0000,6,151.68,-10.04,3.06,0.4734,-0.0809,9246.97,0.0,139.40,135.65,135.39,131.53,4.26284,10.7831,50.0996,43.2024,39.4878,37.7491,36.8536,36.0882,35.552,35.0242,34.5048,33.9938,33.2924,32.511,31.1024,28.4993,24.7551,20.6034,12.3794
34.306,0.4500,0.6975,0.0000,6,151.40,-9.99,3.25,0.4752,-0.0783,9461.21,0.0,138.96,135.20,136.52,136.52,4.26085,10.9044,50.1943,43.2391,39.4978,37.7479,36.847,36.0771,35.5377,35.0071,34.4853,33.9718,33.2671,32.482,31.0677,28.456,24.7053,20.5551,12.3601
34.326,0.4500,0.8336,0.0000,6,151.29,-9.99,3.39,0.4766,-0.0748,9580.74,0.0,138.63,134.90,138.21,138.21,4.26456,11.0608,50.2691,43.2574,39.4903,37.7295,36.8237,36.0497,35.5074,34.974,34.4495,33.9337,33.2261,32.4378,31.018,28.3992,24.6435,20.4961,12.3347
34.344,0.4500,0.9085,0.0000,6,151.31,-10.05,3.49,0.4775,-0.0709,9680.12,0.0,138.44,134.74,139.65,139.65,4.27407,11.2487,50.332,43.2642,39.4718,37.7003,36.7895,36.0116,35.4667,34.9307,34.4035,33.8854,33.1748,32.3836,30.9587,28.3333,24.5734,20.4299,12.3041
34.363,0.4500,0.9497,0.0000,6,151.47,-9.92,3.70,0.4777,-0.0661,9709.56,0.0,138.33,134.71,140.10,140.10,4.29232,11.5179,50.3299,43.213,39.3995,37.62,36.705,35.924,35.3773,34.8395,34.3106,33.7908,33.078,32.2849,30.8573,28.2289,24.471,20.3386,12.2619
34.388,0.4500,0.9723,0.0000,6,151.68,-9.65,3.94,0.4775,-0.0606,9738.35,0.0,138.31,134.81,140.51,140.51,4.31825,11.8715,50.271,43.1116,39.2809,37.4952,36.5775,35.7941,35.2459,34.707,34.1772,33.6564,32.9425,32.1482,30.7199,28.0918,24.3413,20.2263,12.2103
34.407,0.4500,0.9848,0.0000,6,151.90,-9.37,4.13,0.4767,-0.0545,9767.84,0.0,138.37,134.98,140.93,140.93,4.35198,12.3149,50.1683,42.9714,39.1266,37.3361,36.4165,35.6316,35.0824,34.5427,34.0124,33.4913,32.777,31.9824,30.5544,27.9298,24.1905,20.0975,12.1512
34.425,0.4500,0.9916,0.0000,6,152.15,-9.14,4.26,0.4753,-0.0480,9800.47,0.0,138.48,135.20,141.40,141.40,4.39281,12.8676,50.035,42.8039,38.9472,37.1526,36.2317,35.4461,34.8964,34.3561,33.8255,33.3043,32.5902,31.796,30.3691,27.75,24.0249,19.9566,12.086
34.445,0.4500,0.9954,0.0000,6,152.47,-8.74,4.47,0.4732,-0.0406,9775.24,0.0,138.63,135.47,141.07,141.07,4.44256,13.6225,49.8346,42.5776,38.7141,36.9181,35.997,35.2117,34.6623,34.1225,33.5923,33.0717,32.3588,31.5663,30.143,27.5337,23.8291,19.7927,12.0108
34.463,0.4500,0.5475,0.0000,6,152.78,-8.18,4.67,0.4705,-0.0321,9774.19,0.0,138.79,135.82,141.03,141.03,4.50364,14.8136,49.5287,42.2595,38.3973,36.6043,35.6851,34.9018,34.3542,33.8162,33.2878,32.7691,32.059,31.2702,29.8544,27.2616,23.5879,19.5949,11.9221
34.487,0.4500,0.3011,0.0000,6,152.94,-7.55,4.81,0.4671,-0.0233,9591.21,0.0,138.97,136.19,138.45,138.45,4.5748,17.3191,49.1555,41.8834,38.028,36.2407,35.3248,34.5447,33.9996,33.4644,32.9388,32.4229,31.7168,30.9328,29.5269,26.955,23.3186,19.3761,11.8244
34.507,0.4500,0.1656,0.0000,6,152.85,-6.87,4.89,0.4630,-0.0144,9462.33,0.0,139.08,136.48,136.58,136.58,4.65499,60.7155,48.7326,41.4647,37.6204,35.8408,34.9295,34.1536,33.6116,33.0796,32.5575,32.0451,31.344,30.5658,29.1715,26.6238,23.0294,19.1423,11.7201
34.525,0.4500,0.0911,0.0000,6,152.60,-6.15,4.99,0.4584,-0.0054,9376.47,0.0,139.10,136.63,136.10,134.56,4.74239,60.3068,48.2987,41.0373,37.2054,35.4339,34.5275,33.7561,33.2173,32.6887,32.1702,31.6616,30.9657,30.1936,28.8113,26.2888,22.7371,18.9057,11.6132
34.544,0.4500,0.0501,0.0000,6,152.26,-5.55,5.09,0.4531,0.0026,9322.66,0.0,139.08,136.62,135.60,133.49,4.83074,60.0002,47.9509,40.6843,36.858,35.0913,34.1881,33.4197,32.8831,32.3568,31.8408,31.3348,30.6428,29.8752,28.5016,25.9988,22.4814,18.6958,11.5134
34.563,0.4500,0.0276,0.0000,6,151.87,-5.24,5.15,0.4473,0.0086,9281.81,0.0,139.06,136.42,135.26,132.65,4.91571,59.8737,47.7531,40.46,36.6267,34.8586,33.9555,33.1873,32.6511,32.1252,31.6096,31.1042,30.4135,29.6476,28.2775,25.784,22.286,18.5299,11.4262
34.588,0.4500,0.0152,0.0000,6,151.46,-5.19,5.20,0.4409,0.0124,9247.28,0.0,139.01,136.10,134.99,131.93,4.99547,59.9329,47.709,40.3666,36.5131,34.7373,33.8306,33.0598,32.5219,31.9945,31.4773,30.9706,30.2782,29.5109,28.1389,25.6443,22.1505,18.4072,11.3516
34.607,0.4500,0.0083,0.0000,6,151.03,-5.30,5.27,0.4340,0.0147,9215.93,0.0,138.89,135.69,134.72,131.29,5.07111,60.1481,47.7933,40.3817,36.4966,34.7079,33.7946,33.0185,32.4773,31.9466,31.4264,30.9165,30.2201,29.4486,28.0702,25.5654,22.0632,18.319,11.2868
34.625,0.4500,0.0046,0.0000,6,150.59,-5.50,5.36,0.4267,0.0160,9185.99,0.0,138.69,135.24,134.42,130.72,5.1432,60.4922,47.9836,40.4864,36.56,34.7535,33.8314,33.048,32.5016,31.9662,31.4416,30.9274,30.2251,29.4471,28.058,25.5358,22.0147,18.2582,11.2297
34.645,0.4500,0.0025,0.0000,6,150.14,-5.88,5.41,0.4191,0.0160,9156.9,0.0,138.45,134.75,134.13,130.17,5.21061,60.9773,48.2893,40.6884,36.7101,34.8804,33.9472,33.1542,32.6012,32.0593,31.5284,31.0084,30.2982,29.5116,28.1072,25.5599,22.0084,18.2274,11.1808
34.663,0.4500,0.0014,0.0000,6,149.69,-6.38,5.44,0.4112,0.0145,9127.79,0.0,138.17,134.25,133.82,129.65,5.27351,61.5827,48.6935,40.9729,36.9338,35.0767,34.1295,33.3252,32.7643,32.2146,31.6761,31.1486,30.4285,29.6314,28.2081,25.6288,22.0372,18.2214,11.1387
34.687,0.4500,0.0008,0.0000,6,149.22,-6.94,5.48,0.4030,0.0123,9098.68,0.0,137.82,133.73,133.48,129.15,5.33379,62.2767,49.1701,41.3179,37.2106,35.3231,34.3604,33.5428,32.9729,32.4146,31.8676,31.3317,30.6002,29.7906,28.3461,25.7291,22.0901,18.2321,11.1009
34.706,0.4500,0.0004,0.0000,6,148.75,-7.46,5.53,0.3946,0.0100,9069.7,0.0,137.41,133.22,133.08,128.72,5.39376,63.0089,49.6773,41.6881,37.5097,35.5896,34.6107,33.7794,33.1999,32.6321,32.0761,31.5317,30.7883,29.9655,28.4981,25.8413,22.1516,18.2482,11.0642
34.725,0.4500,0.0002,0.0000,6,148.26,-8.02,5.56,0.3861,0.0075,9039.65,0.0,136.97,132.71,132.68,128.25,5.45176,63.801,50.2335,42.0991,37.845,35.8902,34.8937,34.0477,33.4579,32.8801,32.3142,31.7601,31.0041,30.1673,28.6747,25.9748,22.2296,18.2754,11.0302
34.745,0.4500,0.0001,0.0000,6,147.77,-8.61,5.56,0.3775,0.0040,9009.55,0.0,136.51,132.19,132.27,127.79,5.50744,64.6529,50.8389,42.5512,38.216,36.2246,35.2092,34.3472,33.7466,33.1582,32.5818,32.0174,31.2472,30.3953,28.8762,26.1292,22.3233,18.3134,10.9987
34.764,0.4500,0.0001,0.0000,6,147.28,-9.21,5.56,0.3688,0.0003,8979.32,0.0,136.04,131.68,131.85,127.33,5.56142,65.5523,51.4832,43.036,38.6162,36.5857,35.5508,34.672,34.0596,33.4598,32.8724,32.2974,31.5125,30.6443,29.0968,26.2996,22.4291,18.3594,10.9694
34.788,0.4500,0.0000,0.0000,6,146.77,-9.72,5.58,0.3601,-0.0032,8949.1,0.0,135.52,131.16,131.39,126.92,5.61601,66.4511,52.1271,43.5194,39.0149,36.9451,35.8904,34.995,34.3709,33.7596,33.161,32.575,31.7757,30.8912,29.3149,26.4678,22.5322,18.4029,10.939
34.806,0.4500,0.0000,0.0000,6,146.27,-10.19,5.60,0.3514,-0.0066,8918.19,0.0,134.99,130.65,130.93,126.50,5.66966,67.3702,52.7849,44.015,39.4236,37.3144,36.2392,35.3266,34.6907,34.0679,33.4578,32.8607,32.0461,31.1452,29.5397,26.6413,22.6393,18.4486,10.9093
34.825,0.4500,0.0000,0.0000,6,145.75,-10.67,5.59,0.3427,-0.0103,8887.0,0.0,134.46,130.14,130.47,126.05,5.72149,68.3736,53.4677,44.5314,39.8511,37.7008,36.6049,35.6744,35.026,34.3912,33.7696,33.1611,32.3307,31.4125,29.777,26.8252,22.7541,18.4996,10.8809
34.844,0.4500,0.0000,0.0000,6,145.24,-11.14,5.57,0.3341,-0.0143,8855.65,0.0,133.94,129.63,130.01,125.61,5.77156,69.4835,54.1736,45.0671,40.2958,38.1031,36.9857,36.0373,35.3762,34.7288,34.095,33.4746,32.6284,31.6924,30.0255,27.0184,22.8756,18.5552,10.8539
34.864,0.4500,0.0000,0.0000,6,144.72,-11.55,5.57,0.3256,-0.0181,8824.56,0.0,133.40,129.12,129.53,125.19,5.82111,70.6767,54.8774,45.6015,40.7387,38.5042,37.3651,36.3983,35.7247,35.0649,34.4189,33.7866,32.9241,31.9707,30.2722,27.21,22.9955,18.609,10.8268
34.888,0.4500,0.0000,0.0000,6,144.20,-11.85,5.57,0.3173,-0.0214,8793.19,0.0,132.83,128.62,129.03,124.78,5.87074,22.9233,55.5642,46.1211,41.1688,38.8926,37.7325,36.7477,36.0614,35.3895,34.7317,34.0878,33.2094,32.2382,30.5094,27.393,23.1084,18.6578,10.7986
34.907,0.4500,0.0000,0.0000,6,143.68,-12.15,5.56,0.3092,-0.0247,8761.71,0.0,132.28,128.13,128.55,124.36,5.9186,20.9631,56.2589,46.6479,41.6052,39.287,38.1056,37.1027,36.4039,35.7194,35.0495,34.3939,33.4996,32.5108,30.7507,27.5794,23.224,18.7086,10.7714
34.925,0.4500,0.0000,0.0000,6,143.16,-12.43,5.53,0.3012,-0.0284,8730.26,0.0,131.75,127.64,128.07,123.93,5.96434,20.0339,56.9644,47.1844,42.05,39.6897,38.4864,37.4651,36.7536,36.0568,35.3745,34.7067,33.7963,32.7897,30.9977,27.7708,23.3431,18.762,10.7455
34.945,0.4500,0.0000,0.0000,6,142.65,-12.68,5.51,0.2934,-0.0319,8699.05,0.0,131.22,127.16,127.60,123.50,6.00869,19.3924,57.6731,47.7235,42.4978,40.0947,38.8699,37.83,37.1055,36.3962,35.7017,35.0219,34.095,33.0703,31.2466,27.9636,23.4632,18.8158,10.7204
34.963,0.4500,0.0000,0.0000,6,142.13,-12.82,5.50,0.2859,-0.0349,8668.13,0.0,130.67,126.68,127.10,123.11,6.05281,18.95,58.3496,48.236,42.9214,40.4772,39.2314,38.1739,37.4369,36.7153,36.0089,35.3178,34.375,33.3329,31.4788,28.1419,23.5722,18.8619,10.6941
34.982,0.4500,0.4500,0.0000,6,141.62,-12.91,5.48,0.2787,-0.0376,8637.22,0.0,130.12,126.22,126.61,122.71,6.09557,18.5996,59.0165,48.7406,43.3382,40.8535,39.5867,38.5117,37.7626,37.0289,36.3108,35.608,34.6499,33.5907,31.7061,28.316,23.6782,18.9065,10.6683
35.007,0.4500,0.6975,0.0000,6,141.30,-12.99,5.45,0.2717,-0.0403,8880.98,0.0,129.61,125.78,128.12,128.12,6.13732,18.3279,59.6624,49.2264,43.7388,41.2143,39.9273,38.8349,38.0739,37.3288,36.5993,35.8853,34.9118,33.8361,31.9221,28.4806,23.7766,18.9462,10.642
35.026,0.4500,0.8336,0.0000,6,141.15,-13.00,5.42,0.2650,-0.0425,9021.07,0.0,129.19,125.46,130.12,130.12,6.17986,18.1573,60.2818,49.6611,44.0932,41.5317,40.2261,39.1178,38.3456,37.5894,36.8495,36.1254,35.1379,34.0466,32.1059,28.6174,23.8538,18.9715,10.6128
35.045,0.4500,0.9085,0.0000,6,141.14,-12.95,5.40,0.2585,-0.0441,9134.93,0.0,128.88,125.26,131.77,131.77,6.22369,18.0727,60.8789,50.0393,44.397,41.8017,40.4786,39.3559,38.5735,37.8076,37.0578,36.3243,35.3243,34.2191,32.254,28.7234,23.9077,18.9811,10.5804
35.064,0.4500,0.9497,0.0000,6,141.24,-12.82,5.41,0.2524,-0.0449,9216.18,0.0,128.67,125.19,132.95,132.95,6.26937,18.0702,61.4397,50.3524,44.6429,42.0168,40.6782,39.5423,38.7511,37.9764,37.2181,36.4761,35.4649,34.3477,32.361,28.7943,23.9348,18.9728,10.544
35.082,0.4500,0.9723,0.0000,6,141.42,-12.64,5.41,0.2464,-0.0452,9272.46,0.0,128.57,125.22,133.78,133.78,6.31619,18.1305,61.9726,50.6104,44.8393,42.1852,40.8328,39.685,38.8856,38.1032,37.3374,36.5881,35.5667,34.4388,32.4336,28.8355,23.9393,18.9497,10.5046
35.107,0.4500,0.9848,0.0000,6,141.65,-12.40,5.40,0.2407,-0.0452,9309.78,0.0,128.56,125.33,134.32,134.32,6.36433,18.2544,62.4675,50.8086,44.9817,42.303,40.9384,39.7805,38.9739,38.1844,37.4121,36.6566,35.6267,34.4894,32.4687,28.8448,23.9196,18.9107,10.4617
35.126,0.4500,0.9916,0.0000,6,141.92,-12.11,5.39,0.2352,-0.0446,9332.64,0.0,128.61,125.52,134.67,134.67,6.4144,18.4458,62.9144,50.9425,45.0668,42.367,40.9916,39.8252,39.0127,38.2175,37.4394,36.6787,35.6419,34.497,32.4637,28.8198,23.8743,18.8545,10.4153
35.145,0.4500,0.9954,0.0000,6,142.22,-11.71,5.41,0.2299,-0.0433,9337.93,0.0,128.72,125.77,134.74,134.74,6.46723,18.7226,63.29,51.0002,45.0839,42.3668,40.983,39.8095,38.9926,38.193,37.4107,36.6458,35.6039,34.4536,32.4112,28.7544,23.7986,18.7783,10.3646
35.163,0.4500,0.9975,0.0000,6,142.53,-11.23,5.42,0.2248,-0.0414,9343.59,0.0,128.89,126.08,134.82,134.82,6.52142,19.0654,63.6191,51.0031,45.052,42.3204,40.93,39.751,38.9303,38.1274,37.342,36.574,35.5281,34.374,32.3254,28.6607,23.702,18.689,10.3113
35.182,0.4500,0.9986,0.0000,6,142.85,-10.73,5.43,0.2200,-0.0394,9351.98,0.0,129.11,126.42,134.94,134.94,6.57526,19.4454,63.9396,50.9779,44.9954,42.2512,40.8549,39.6712,38.8473,38.0415,37.2535,36.4831,35.434,34.2767,32.2236,28.5539,23.596,18.5943,10.2578
35.207,0.4500,0.9992,0.0000,6,143.17,-10.25,5.42,0.2153,-0.0375,9362.63,0.0,129.38,126.77,135.09,135.09,6.62769,19.835,64.29,50.9495,44.9361,42.1797,40.7778,39.5896,38.7627,37.954,37.1635,36.3909,35.3388,34.1784,32.1212,28.4471,23.4908,18.5009,10.2057
35.226,0.4500,0.9996,0.0000,6,143.50,-9.78,5.43,0.2109,-0.0356,9362.94,0.0,129.70,127.13,135.11,135.11,6.67814,20.219,64.6932,50.9299,44.8853,42.1164,40.7084,39.5157,38.6859,37.8743,37.081,36.306,35.2509,34.0874,32.0257,28.3467,23.3913,18.412,10.1561
35.245,0.4500,0.9998,0.0000,6,143.84,-9.29,5.45,0.2066,-0.0337,9362.91,0.0,130.04,127.51,135.10,135.10,6.72669,20.5966,65.1507,50.9267,44.841,42.0595,40.6455,39.448,38.6151,37.8007,37.0047,36.227,35.1689,34.0024,31.9358,28.2517,23.2968,18.3273,10.1087
35.263,0.4500,0.9999,0.0000,6,144.17,-8.84,5.46,0.2026,-0.0320,9368.69,0.0,130.41,127.89,135.18,135.18,6.77162,20.9279,65.7094,50.9721,44.8243,42.0286,40.6081,39.4051,38.5686,37.7509,36.9517,36.1711,35.1091,33.9389,31.8662,28.1745,23.2166,18.2532,10.0654
35.283,0.4500,0.9999,0.0000,6,144.49,-8.45,5.47,0.1987,-0.0308,9378.99,0.0,130.79,128.25,135.33,135.33,6.81253,21.196,66.3917,51.0764,44.8407,42.0291,40.6011,39.3919,38.5511,37.7295,36.9268,36.1426,35.076,33.901,31.8208,28.1184,23.153,18.1912,10.0264
35.308,0.4500,0.9999,0.0000,6,144.82,-8.12,5.47,0.1951,-0.0299,9390.67,0.0,131.18,128.61,135.50,135.50,6.84959,21.3886,67.2213,51.2492,44.8944,42.065,40.6281,39.4119,38.5663,37.7399,36.9327,36.1445,35.0724,33.8914,31.8019,28.0854,23.1072,18.142,9.99174
35.326,0.4500,1.0000,0.0000,6,145.16,-7.81,5.48,0.1916,-0.0292,9394.65,0.0,131.57,128.96,135.56,135.56,6.88323,21.516,68.1986,51.4864,44.9778,42.1288,40.6821,39.458,38.6071,37.7756,36.9634,36.1704,35.0922,33.9047,31.8042,28.0708,23.0761,18.1028,9.96101
35.345,0.4500,1.0000,0.0000,6,145.49,-7.53,5.50,0.1884,-0.0288,9405.59,0.0,131.96,129.31,135.71,135.71,6.91291,21.5678,69.3568,51.8014,45.0967,42.2259,40.7687,39.5356,38.6788,37.8415,37.0237,36.2253,35.14,33.945,31.8315,28.0777,23.062,18.0758,9.9345
35.363,0.4500,1.0000,0.0000,6,145.82,-7.31,5.51,0.1853,-0.0287,9422.05,0.0,132.34,129.64,135.95,135.95,6.93799,21.5325,70.7421,52.2123,45.259,42.364,40.895,39.6518,38.788,37.9442,37.1201,36.3156,35.2218,34.0181,31.8895,28.1111,23.0682,18.0631,9.91278
35.383,0.4500,1.0000,0.0000,6,146.14,-7.16,5.51,0.1825,-0.0292,9441.94,0.0,132.73,129.96,136.23,136.23,6.95825,21.4106,72.4007,52.7349,45.4825,42.5473,41.0645,39.8104,38.9387,38.0872,37.2559,36.4444,35.3411,34.127,31.981,28.1733,23.0962,18.0657,9.89606
35.407,0.4500,1.0000,0.0000,6,146.47,-7.06,5.52,0.1798,-0.0300,9456.58,0.0,133.10,130.27,136.45,136.45,6.97415,21.2155,74.3774,53.3805,45.7861,42.7748,41.2771,40.0102,39.1299,38.27,37.4303,36.6109,35.4971,34.2712,32.1051,28.2635,23.1458,18.083,9.88422
35.426,0.4500,1.0000,0.0000,6,146.79,-6.98,5.53,0.1774,-0.0309,9472.38,0.0,133.47,130.58,136.67,136.67,6.98622,20.9749,76.6989,54.1485,46.1666,43.0377,41.5235,40.2429,39.3532,38.4842,37.6357,36.8075,35.682,34.4436,32.2551,28.3757,23.2125,18.112,9.87657
35.445,0.4500,1.0000,0.0000,6,147.11,-6.94,5.54,0.1751,-0.0322,9492.86,0.0,133.82,130.87,136.97,136.97,6.99349,20.682,79.468,55.0718,46.6437,43.3686,41.8136,40.5181,39.618,38.7389,37.8807,37.0429,35.9044,34.6517,32.4386,28.5166,23.3012,18.1563,9.87391
35.464,0.4500,1.0000,0.0000,6,147.42,-6.96,5.55,0.1731,-0.0340,9516.58,0.0,134.17,131.16,137.31,137.31,6.9961,20.3486,82.7835,56.1726,47.2287,43.7867,42.1596,40.8363,39.9249,39.0347,38.1656,37.3175,36.1649,34.8964,32.6561,28.6867,23.4116,18.2158,9.87617
35.482,0.4500,1.0000,0.0000,6,147.73,-7.03,5.54,0.1714,-0.0362,9540.15,0.0,134.50,131.43,137.65,137.65,6.9944,19.9857,86.7729,57.4764,47.9337,44.3005,42.5904,41.2053,40.2732,39.3712,38.4904,37.6307,36.4627,35.1773,32.9069,28.8853,23.5439,18.29,9.88328
35.508,0.4500,1.0000,0.0000,6,148.04,-7.10,5.55,0.1698,-0.0384,9557.57,0.0,134.82,131.69,137.90,137.90,6.98919,19.6154,91.5493,58.9911,48.757,44.9065,43.103,41.6462,40.6681,39.7379,38.8445,37.9728,36.7882,35.4849,33.1825,29.1051,23.6927,18.3753,9.89448
35.526,0.4500,1.0000,0.0000,6,148.35,-7.19,5.57,0.1686,-0.0409,9579.4,0.0,135.13,131.96,138.21,138.21,6.98029,19.2398,97.3357,60.754,49.7158,45.6173,43.7076,42.1696,41.1395,40.1614,39.2317,38.3444,37.1425,35.8199,33.484,29.3469,23.8582,18.4725,9.90982
35.545,0.4500,1.0000,0.0000,6,148.65,-7.31,5.57,0.1676,-0.0435,9603.95,0.0,135.43,132.22,138.57,138.57,6.96767,18.8609,104.45,62.8128,50.8311,46.4473,44.4166,42.7866,41.6974,40.6654,39.686,38.7557,37.5265,36.1838,33.812,29.6118,24.0411,18.5818,9.92928
35.563,0.4500,1.0000,0.0000,6,148.95,-7.45,5.57,0.1668,-0.0465,9629.54,0.0,135.71,132.46,138.94,138.94,6.95146,18.4812,113.337,65.2217,52.1244,47.4112,45.2418,43.507,42.3508,41.2575,40.2223,39.2407,37.9489,36.5755,34.166,29.8989,24.2413,18.7029,9.95294
35.583,0.4500,1.0000,0.0000,6,149.25,-7.60,5.57,0.1664,-0.0496,9649.41,0.0,135.99,132.71,139.23,139.23,6.93215,18.1086,124.622,68.0352,53.613,48.5186,46.1905,44.3361,43.1039,41.9416,40.8432,39.8039,38.4394,36.9968,34.5413,30.2044,24.4559,18.8338,9.9805
35.608,0.4500,1.0000,0.0000,6,149.55,-7.73,5.57,0.1663,-0.0526,9670.23,0.0,136.25,132.96,139.53,139.53,6.91029,17.75,139.226,71.3099,55.3103,49.7755,47.266,45.276,43.9579,42.7176,41.5485,40.4446,38.9991,37.4752,34.9305,30.5223,24.68,18.972,10.0112
35.626,0.4163,1.0000,0.0000,6,149.84,-7.86,5.58,0.1665,-0.0556,9693.16,0.0,136.51,133.20,139.86,139.86,6.88534,17.3996,158.895,75.1734,57.2644,51.2145,48.4953,46.3495,44.9334,43.6045,42.3551,41.1782,39.6415,38.0265,35.3453,30.8563,24.9168,19.1192,10.0456
35.645,0.3258,1.0000,0.0000,6,150.13,-8.01,5.57,0.1670,-0.0589,9717.07,0.0,136.88,133.59,140.20,140.20,6.85769,17.0599,186.601,79.7588,59.5142,52.8579,49.8955,47.5701,46.0417,44.6118,43.2711,42.0117,40.372,38.6549,35.8175,31.2035,25.1644,19.274,10.0831
35.663,0.2933,1.0000,0.0000,6,150.43,-8.15,5.57,0.1679,-0.0620,9738.11,0.0,137.52,134.29,140.51,140.51,6.82816,16.7378,200.0,85.2046,62.0858,54.7163,51.4721,48.9408,47.2841,45.7393,44.2955,42.9432,41.1882,39.3571,36.3467,31.5561,25.4165,19.4326,10.1231
35.683,0.2639,1.0000,0.0000,6,150.75,-8.24,5.57,0.1690,-0.0648,9755.32,0.0,138.11,134.99,140.76,140.76,6.79802,16.4448,200.0,91.6185,64.9741,56.774,53.2074,50.4426,48.6417,46.9683,45.4097,43.9543,42.0721,40.1161,36.9175,31.8977,25.6612,19.5874,10.1636
35.708,0.2375,1.0000,0.0000,6,151.08,-8.29,5.57,0.1705,-0.0673,9773.42,0.0,138.63,135.61,141.02,141.02,6.76745,16.1791,200.0,99.24,68.2206,59.0496,55.1133,52.0837,50.1201,48.3029,46.6164,45.0468,43.0243,40.9316,37.5289,32.2372,25.8961,19.7366,10.2042
35.726,0.2138,1.0000,0.0000,6,151.42,-8.29,5.57,0.1723,-0.0695,9791.26,0.0,139.10,136.20,141.28,141.28,6.73668,15.9415,200.0,108.358,71.8593,61.5524,57.193,53.8636,51.7178,49.7402,47.9117,46.2162,44.04,41.7984,38.1753,32.5939,26.1162,19.877,10.244
35.745,0.1924,1.0000,0.0000,6,151.78,-8.25,5.57,0.1745,-0.0713,9808.16,0.0,139.53,136.76,141.52,141.52,6.70611,15.733,200.0,119.346,75.9197,64.2861,59.4442,55.7772,53.4278,51.2722,49.2872,47.4539,45.1103,42.7078,38.8489,32.9622,26.3162,20.0056,10.2826
35.763,0.1732,1.0000,0.0000,6,152.16,-8.12,5.57,0.1770,-0.0726,9819.72,0.0,139.95,137.31,141.69,141.69,6.6764,15.5567,194.537,132.644,80.4086,67.2347,61.8473,57.8039,55.2297,52.879,50.7238,48.741,46.2176,43.6434,39.5356,33.3318,26.4894,20.118,10.3188
35.782,0.1559,1.0000,0.0000,6,152.55,-7.92,5.58,0.1798,-0.0731,9831.41,0.0,140.35,137.87,141.86,141.86,6.64802,15.4136,91.7563,148.885,85.3391,70.3856,64.386,59.9261,57.1058,54.543,52.2041,50.0613,47.3466,44.5912,40.2237,33.6946,26.631,20.2108,10.3518
35.808,0.1403,1.0000,0.0000,6,152.95,-7.66,5.59,0.1829,-0.0731,9842.81,0.0,140.74,138.42,142.02,142.02,6.62082,15.3016,66.5385,169.033,90.7426,73.7364,67.0525,62.1343,59.0461,56.2544,53.7187,51.4055,48.4885,45.5433,40.9065,34.0463,26.7394,20.2831,10.3813
35.826,0.1262,1.0000,0.0000,6,153.37,-7.33,5.59,0.1862,-0.0727,9853.48,0.0,141.14,138.97,142.18,142.18,6.59526,15.2206,55.308,194.492,96.6423,77.276,69.8318,64.4126,61.0348,57.9979,55.2529,52.7599,49.6311,46.4888,41.5757,34.3815,26.8172,20.334,10.4068
35.845,0.1136,1.0000,0.0000,6,153.80,-6.94,5.60,0.1899,-0.0716,9861.35,0.0,141.53,139.52,142.29,142.29,6.57139,15.1699,49.075,200.0,103.054,80.9873,72.704,66.7418,63.054,59.7566,56.7912,54.11,50.7615,47.4168,42.2228,34.6957,26.8794,20.3628,10.4283
35.864,0.1023,1.0000,0.0000,6,154.24,-6.49,5.61,0.1937,-0.0698,9869.29,0.0,141.93,140.08,142.41,142.41,6.54933,15.1492,45.2049,200.0,109.98,84.8431,75.6429,69.0976,65.0811,61.5104,58.3152,55.4396,51.8658,48.3151,42.8392,34.9839,26.9256,20.3691,10.4456
35.883,0.0920,1.0000,0.0000,6,154.69,-6.00,5.62,0.1977,-0.0674,9878.1,0.0,142.33,140.64,142.53,142.53,6.52933,15.1584,42.6235,200.0,117.456,88.8355,78.6372,71.4696,67.1066,63.2501,59.8172,56.7418,52.9382,49.1796,43.4223,35.2454,26.9562,20.3538,10.4585
35.908,0.0828,1.0000,0.0000,6,155.15,-5.49,5.64,0.2019,-0.0647,9887.7,0.0,142.74,141.19,142.67,142.67,6.51145,15.1966,40.8247,200.0,125.508,92.9482,81.6704,73.8426,69.117,64.9644,61.2869,58.0077,53.9717,50.0047,43.9687,35.4793,26.9713,20.3179,10.4669
35.926,0.0745,1.0000,0.0000,6,155.61,-4.97,5.66,0.2061,-0.0614,9897.59,0.0,143.15,141.73,142.81,142.81,6.49613,15.2644,39.534,200.0,134.172,97.1695,84.73,76.2058,71.1027,66.6449,62.7177,59.2318,54.9621,50.7874,44.4771,35.6855,26.9714,20.2624,10.471
35.945,0.0671,1.0000,0.0000,6,156.08,-4.45,5.68,0.2103,-0.0576,9908.8,0.0,143.57,142.27,142.97,142.97,6.48373,15.3629,38.5939,200.0,143.474,101.48,87.7979,78.5442,73.0514,68.2815,64.1008,60.4068,55.9038,51.5238,44.9453,35.864,26.9574,20.1884,10.4705
35.963,0.0604,1.0000,0.0000,6,156.56,-3.95,5.71,0.2144,-0.0533,9922.47,0.0,143.99,142.81,143.17,143.17,6.47472,15.4942,37.9055,200.0,153.444,105.86,90.8576,80.8452,74.9522,69.8649,65.429,61.5271,56.7928,52.2111,45.3722,36.0147,26.9296,20.0964,10.4652
35.982,0.0543,1.0000,0.0000,6,157.03,-3.48,5.75,0.2184,-0.0488,9938.31,0.0,144.41,143.33,143.40,143.40,6.4696,15.6607,37.4063,200.0,164.101,110.285,93.8889,83.0927,76.7923,71.385,66.6939,62.5858,57.6241,52.8457,45.7561,36.1375,26.8884,19.9897,10.4547
36.008,0.0489,1.0000,0.0000,6,157.51,-3.04,5.78,0.2221,-0.0439,9956.15,0.0,144.83,143.85,143.65,143.65,6.46885,15.8653,37.049,200.0,175.486,114.74,96.8806,85.2791,78.5661,72.8379,67.8932,63.5815,58.3971,53.4281,46.0981,36.2339,26.8348,19.8785,10.439
36.026,0.0440,1.0000,0.0000,6,157.99,-2.64,5.83,0.2256,-0.0386,9975.96,0.0,145.25,144.35,143.94,143.94,6.47315,16.112,36.7982,200.0,187.683,119.226,99.832,87.4054,80.2752,74.2258,69.0292,64.5171,59.1151,53.9613,46.4015,36.3065,26.7705,19.7643,10.4179
36.045,0.0396,1.0000,0.0000,6,158.47,-2.30,5.88,0.2285,-0.0330,9997.52,0.0,145.68,144.85,144.25,144.25,6.48349,16.3774,36.6364,200.0,200.0,123.716,102.724,89.4571,81.9083,75.5397,70.0949,65.3869,59.774,54.4428,46.6644,36.3545,26.695,19.6467,10.3908
36.064,0.0357,1.0000,0.0000,6,158.95,-1.99,5.93,0.2310,-0.0272,10020.6,0.0,146.10,145.34,144.58,144.58,6.5002,16.6358,36.5457,200.0,200.0,128.192,105.546,91.4278,83.4612,76.777,71.089,66.1903,60.3738,54.8729,46.888,36.379,26.6092,19.5261,10.3575
36.083,0.0321,1.0000,0.0000,6,159.43,-1.73,5.99,0.2328,-0.0213,10044.8,0.0,146.52,145.83,144.93,144.93,6.52411,16.8887,36.5152,200.0,200.0,132.637,108.286,93.3104,84.9287,77.9341,72.0091,66.926,60.9141,55.2519,47.0731,36.3808,26.5132,19.4025,10.3177
36.108,0.0289,1.0000,0.0000,6,159.91,-1.50,6.05,0.2340,-0.0150,10070.9,0.0,146.94,146.31,145.31,145.31,6.55593,17.1381,36.5399,200.0,200.0,136.997,110.909,95.0819,86.2934,78.9976,72.8444,67.5852,61.3884,55.575,47.2166,36.3586,26.4067,19.2755,10.2713
36.126,0.0260,1.0000,0.0000,6,160.39,-1.31,6.11,0.2344,-0.0085,10097.1,0.0,147.36,146.78,145.68,145.68,6.5967,17.3865,36.617,183.213,200.0,141.221,113.387,96.722,87.5396,79.9552,73.5853,68.1604,61.7909,55.8376,47.3158,36.3107,26.2885,19.1444,10.2176
36.145,0.0234,1.0000,0.0000,6,160.87,-1.14,6.17,0.2341,-0.0019,10123.9,0.0,147.78,147.26,146.07,146.07,6.64668,17.6341,36.7385,170.031,200.0,145.284,115.708,98.2263,88.6658,80.807,74.2329,68.6531,62.1234,56.0421,47.3727,36.239,26.1597,19.0095,10.1566
36.163,0.0211,1.0000,0.0000,6,161.35,-0.99,6.24,0.2329,0.0049,10151.0,0.0,148.19,147.73,146.46,146.46,6.7066,17.8821,36.9031,160.337,200.0,149.126,117.839,99.5745,89.6568,81.5414,74.7785,69.0563,62.3813,56.185,47.3855,36.1424,26.0199,18.8707,10.0883
36.183,0.0189,1.0000,0.0000,6,161.82,-0.87,6.30,0.2307,0.0119,10179.8,0.0,148.62,148.19,146.87,146.87,6.7774,18.131,37.103,152.979,200.0,152.76,119.794,100.779,90.5244,82.1694,75.2315,69.3788,62.5721,56.2726,47.3587,36.0239,25.8702,18.7281,10.0125
36.208,0.0171,1.0000,0.0000,6,162.30,-0.76,6.37,0.2277,0.0191,10207.8,0.0,149.03,148.65,147.28,147.28,6.85932,18.3798,37.3307,147.271,200.0,156.192,121.582,101.851,91.2782,82.6996,75.6004,69.6285,62.7023,56.311,47.2972,35.8861,25.7121,18.5828,9.92931
36.226,0.0153,1.0000,0.0000,6,162.78,-0.67,6.43,0.2236,0.0263,10235.4,0.0,149.46,149.10,147.68,147.68,6.95318,18.6303,37.5877,142.839,200.0,159.377,123.183,102.776,91.9087,83.1256,75.88,69.8012,62.7693,56.2979,47.1994,35.7284,25.5451,18.4339,9.83842
36.245,0.0138,1.0000,0.0000,6,163.25,-0.58,6.50,0.2185,0.0336,10263.1,0.0,149.88,149.56,148.08,148.08,7.05948,18.8825,37.8728,139.428,200.0,162.268,124.573,103.543,92.4087,83.4419,76.0668,69.8943,62.7715,56.2325,47.0652,35.5509,25.3694,18.2819,9.74045
36.264,0.0124,1.0000,0.0000,6,163.72,-0.51,6.57,0.2123,0.0410,10293.1,0.0,150.30,150.01,148.51,148.51,7.17744,19.1358,38.1779,136.737,200.0,164.927,125.796,104.184,92.8037,83.6705,76.1792,69.9241,62.722,56.1254,46.9021,35.3578,25.187,18.1274,9.6412
36.283,0.0112,1.0000,0.0000,6,164.19,-0.45,6.63,0.2050,0.0486,10321.4,0.0,150.72,150.46,148.92,148.92,7.29635,19.3905,38.5039,134.663,200.0,167.309,126.832,104.687,93.0863,83.8058,76.2135,69.8873,62.6187,55.9754,46.7094,35.1488,24.9977,17.9703,9.54246
36.308,0.0101,1.0000,0.0000,6,164.66,-0.39,6.69,0.1967,0.0562,10349.2,0.0,151.14,150.91,149.32,149.32,7.41431,19.6478,38.8522,133.126,200.0,169.374,127.662,105.043,93.2496,83.843,76.1656,69.7812,62.4594,55.7808,46.4861,34.9233,24.8011,17.8104,9.44403
36.326,0.0091,1.0000,0.0000,6,165.13,-0.34,6.76,0.1872,0.0638,10376.8,0.0,151.56,151.35,149.72,149.72,7.53136,19.9066,39.2169,131.986,200.0,171.176,128.322,105.277,93.3149,83.7998,76.0508,69.6185,62.2549,55.5501,46.2381,34.6848,24.5989,17.6483,9.34593
36.345,0.0082,1.0000,0.0000,6,165.60,-0.30,6.83,0.1765,0.0715,10407.1,0.0,151.98,151.79,150.15,150.15,7.6476,20.1664,39.5943,131.151,200.0,172.749,128.836,105.407,93.2968,83.6882,75.8793,69.408,62.0121,55.2891,45.9695,34.4354,24.3919,17.4846,9.24815
36.363,0.0073,1.0000,0.0000,6,166.07,-0.26,6.91,0.1647,0.0792,10434.8,0.0,152.41,152.23,150.56,150.56,7.763,20.4265,39.9805,130.547,200.0,174.134,129.23,105.452,93.2104,83.5209,75.6616,69.1589,61.7384,55.0037,45.6845,34.1774,24.1815,17.3196,9.15076
36.383,0.0066,1.0000,0.0000,6,166.54,-0.23,6.99,0.1518,0.0831,10461.9,0.0,152.83,152.67,150.95,150.95,7.8779,20.6887,40.3819,130.214,200.0,175.238,129.455,105.381,93.0321,83.2793,75.3825,68.8584,61.4239,54.686,45.3776,33.9079,23.9659,17.1527,9.05351
36.408,0.0059,1.0000,0.0000,6,167.00,-0.19,7.05,0.1389,0.0824,10489.4,0.0,153.24,153.10,151.34,151.34,7.99222,20.9521,40.7939,130.081,200.0,176.114,129.545,105.217,92.7803,82.9783,75.0547,68.5172,61.077,54.3431,45.0537,33.6296,23.7466,16.9843,8.9565
36.426,0.0054,1.0000,0.0000,6,167.47,-0.16,7.13,0.1260,0.0819,10511.6,0.0,153.66,153.53,151.66,151.66,8.10626,21.2177,41.2193,130.154,200.0,176.726,129.482,104.95,92.4472,82.6119,74.6732,68.1312,60.6948,53.9721,44.7109,33.3412,23.5229,16.8142,8.85953
36.445,0.0048,1.0000,0.0000,6,167.93,-0.14,7.18,0.1132,0.0814,10544.5,0.0,154.08,153.97,152.13,152.13,8.22014,21.4865,41.6613,130.451,200.0,177.019,129.241,104.563,92.021,82.171,74.2308,67.6947,60.2726,53.5699,44.3471,33.0417,23.2942,16.6419,8.76253
36.464,0.0043,1.0000,0.0000,6,168.39,-0.11,7.19,0.1004,0.0809,10581.1,0.0,154.49,154.39,152.66,152.66,8.33385,21.7567,42.1117,130.87,200.0,177.121,128.892,104.104,91.5383,81.6848,73.7514,67.2273,59.826,53.1485,43.9703,32.7353,23.0624,16.4684,8.66553
36.483,0.0039,1.0000,0.0000,6,168.84,-0.10,7.18,0.0878,0.0805,10615.2,0.0,154.90,154.81,153.15,153.15,8.44726,22.0277,42.5683,131.388,200.0,177.059,128.45,103.584,91.0079,81.1604,73.241,66.7343,59.3592,52.7113,43.583,32.4235,22.8284,16.2941,8.56865
36.508,0.0035,1.0000,0.0000,6,169.30,-0.08,7.18,0.0751,0.0801,10646.3,0.0,155.32,155.24,153.60,153.60,8.56046,22.2995,43.0301,131.985,200.0,176.855,127.929,103.011,90.4363,80.6033,72.7038,66.2191,58.8749,52.2605,43.1866,32.107,22.5923,16.1189,8.47183
36.526,0.0032,1.0000,0.0000,6,169.76,-0.06,7.30,0.0625,0.0797,10672.8,0.0,155.78,155.69,153.99,153.99,8.67295,22.5675,43.4801,132.5,200.0,176.756,127.459,102.469,89.8888,80.0651,72.182,65.7166,58.4008,51.8178,42.7959,31.7939,22.3581,15.9449,8.37543
36.551,0.0028,1.0000,0.0000,6,170.22,-0.06,7.41,0.0500,0.0793,10697.8,0.0,156.19,156.11,154.35,154.35,8.78493,22.8339,43.9266,133.012,200.0,176.641,126.976,101.918,89.3333,79.5205,71.655,65.21,57.9235,51.3726,42.4037,31.4803,22.1239,15.7711,8.27932
36.564,0.0026,1.0000,0.0000,6,170.68,-0.05,7.50,0.0374,0.0789,10723.5,0.0,156.60,156.53,154.72,154.72,8.8968,23.1012,44.378,133.594,200.0,176.394,126.419,101.318,88.7402,78.9458,71.1035,64.683,57.4302,50.915,42.0032,31.1622,21.8878,15.5964,8.18321
36.583,0.0023,1.0000,0.0000,6,171.18,-0.04,7.71,0.0249,0.0786,10708.2,0.0,157.03,156.97,154.51,154.51,9.00893,23.372,44.8441,134.327,200.0,175.876,125.718,100.624,88.0749,78.314,70.5056,64.1175,56.9066,50.4336,41.5866,30.8356,21.6476,15.4199,8.08683
36.608,0.0021,1.0000,0.0000,6,171.63,-0.03,7.91,0.0125,0.0783,10735.0,0.0,157.45,157.40,154.88,154.88,9.12138,23.6471,45.3281,135.239,200.0,175.036,124.851,99.8235,87.3275,77.6172,69.855,63.5086,56.3489,49.9255,41.1522,30.4993,21.403,15.2414,7.99021
36.626,0.0019,1.0000,0.0000,6,172.07,-0.01,8.05,0.0000,0.0781,10774.2,0.0,157.85,157.81,155.44,155.44,9.23395,23.9246,45.8219,136.251,200.0,174.002,123.883,98.9584,86.5307,76.8814,69.173,62.8738,55.7708,49.4016,40.707,30.1574,21.1558,15.0618,7.89347
36.645,0.0017,1.0000,0.0000,6,172.50,-0.00,8.09,-0.0124,0.0779,10821.1,0.0,158.25,158.20,156.12,156.12,9.34644,24.2015,46.3138,137.25,200.0,172.958,122.909,98.0881,85.7297,76.1421,68.488,62.2365,55.1908,48.8761,40.2608,29.8149,20.9082,14.8819,7.79671
36.664,0.0015,1.0000,0.0000,6,172.93,0.00,8.08,-0.0249,0.0777,10863.8,0.0,158.64,158.60,156.74,156.74,9.45856,24.4765,46.7995,138.204,200.0,171.955,121.953,97.2297,84.9379,75.4101,67.8089,61.6041,54.6147,48.3537,39.8169,29.4738,20.6615,14.7026,7.70015
36.683,0.0014,1.0000,0.0000,6,173.37,0.00,8.08,-0.0373,0.0774,10898.9,0.0,159.06,159.01,157.25,157.25,9.5704,24.7494,47.2783,139.106,200.0,171.009,121.024,96.3873,84.1579,74.6874,67.1373,60.9778,54.0433,47.8351,39.3754,29.1341,20.4155,14.5237,7.60371
36.708,0.0012,1.0000,0.0000,6,173.82,0.00,8.08,-0.0497,0.0772,10928.1,0.0,159.46,159.42,157.67,157.67,9.68237,25.0238,47.7627,140.064,200.0,169.94,120.031,95.5041,83.3467,73.9399,66.4456,60.335,53.459,47.3063,38.9271,28.7906,20.1678,14.3439,7.50713
36.727,0.0011,1.0000,0.0000,6,174.27,0.00,8.07,-0.0621,0.0770,10952.0,0.0,159.87,159.83,158.03,158.03,9.79471,25.3012,48.2583,141.121,200.0,168.681,118.941,94.5586,82.4878,73.1547,65.7234,59.6668,52.8547,46.7619,38.4682,28.4414,19.9172,14.1628,7.41026
36.745,0.0010,1.0000,0.0000,6,174.74,0.01,8.13,-0.0745,0.0768,10959.1,0.0,160.29,160.26,158.12,158.12,9.90731,25.5809,48.7625,142.255,200.0,167.269,117.774,93.564,81.5912,72.3399,64.9773,58.979,52.235,46.2053,38.001,28.0877,19.6645,13.9806,7.31319
36.765,0.0009,1.0000,0.0000,6,175.18,0.01,8.18,-0.0869,0.0767,10985.5,0.0,160.70,160.68,158.50,158.50,10.0199,25.8608,49.2676,143.4,200.0,165.813,116.584,92.5546,80.6834,71.516,64.2238,58.285,51.6104,45.6449,37.5313,27.7326,19.4111,13.7981,7.21606
36.783,0.0008,1.0000,0.0000,6,175.62,0.02,8.22,-0.0993,0.0765,11016.5,0.0,161.11,161.08,158.94,158.94,10.1325,26.1406,49.7725,144.546,200.0,164.328,115.379,91.5355,79.768,70.6863,63.4655,57.5871,50.9827,45.0821,37.06,27.3766,19.1573,13.6153,7.1189
36.807,0.0007,1.0000,0.0000,6,176.06,0.02,8.23,-0.1118,0.0764,11049.6,0.0,161.51,161.48,159.42,159.42,10.2452,26.4201,50.2761,145.68,200.0,162.836,114.169,90.5124,78.8496,69.8539,62.705,56.8874,50.3535,44.5181,36.5877,27.02,18.9031,13.4324,7.02166
36.826,0.0007,1.0000,0.0000,6,176.50,0.02,8.22,-0.1242,0.0762,11080.9,0.0,161.91,161.88,159.88,159.88,10.3578,26.6993,50.7784,146.804,200.0,161.333,112.952,89.4849,77.9274,69.0186,61.942,56.1854,49.7225,43.9526,36.1145,26.6628,18.6487,13.2493,6.92436
36.845,0.0006,1.0000,0.0000,6,176.94,0.02,8.19,-0.1366,0.0761,11110.3,0.0,162.31,162.28,160.30,160.30,10.4704,26.9785,51.2808,147.932,200.0,159.799,111.718,88.4464,76.997,68.1767,61.1736,55.479,49.0881,43.3844,35.6393,26.3047,18.3937,13.066,6.82702
36.864,0.0005,1.0000,0.0000,6,177.38,0.02,8.16,-0.1491,0.0759,11137.8,0.0,162.72,162.68,160.70,160.70,10.5832,27.2589,51.7867,149.088,200.0,158.197,110.45,87.3859,76.0495,67.3211,60.3942,54.7635,48.4463,42.8103,35.1601,25.9441,18.1375,12.882,6.72946
36.883,0.0005,1.0000,0.0000,6,177.81,0.02,8.13,-0.1615,0.0758,11169.9,0.0,163.12,163.09,161.16,161.16,10.6961,27.5397,52.2947,150.263,200.0,156.54,109.154,86.3079,75.0887,66.4551,59.6063,54.0409,47.7991,42.2321,34.6781,25.5821,17.8806,12.6976,6.63186
36.908,0.0004,1.0000,0.0000,6,178.25,0.02,8.10,-0.1740,0.0757,11196.1,0.0,163.52,163.49,161.54,161.54,10.8093,27.8223,52.8082,151.48,200.0,154.795,107.815,85.2018,74.1063,65.572,58.8045,53.3068,47.1426,41.6465,34.1909,25.2172,17.6222,12.5125,6.53399
36.926,0.0004,1.0000,0.0000,6,178.69,0.03,8.08,-0.1864,0.0756,11219.3,0.0,163.92,163.91,161.88,161.88,10.9231,28.1087,53.3357,152.813,200.0,152.86,106.382,84.037,73.0794,64.654,57.9745,52.5496,46.4681,41.0467,33.6943,24.847,17.3612,12.326,6.43584
36.945,0.0003,1.0000,0.0000,6,179.13,0.03,8.08,-0.1989,0.0755,11242.7,0.0,164.32,164.31,162.22,162.22,11.0371,28.3976,53.8719,154.217,200.0,150.805,104.891,82.8358,72.0249,63.7143,57.1271,51.778,45.7822,40.4381,33.1916,24.4736,17.0986,12.1388,6.33751
36.965,0.0003,1.0000,0.0000,6,179.57,0.04,8.09,-0.2114,0.0755,11266.2,0.0,164.73,164.72,162.56,162.56,11.1515,28.6883,54.4142,155.667,200.0,148.674,103.361,81.6103,70.9518,62.7599,56.2677,50.9963,45.0884,39.8232,32.6845,24.0976,16.8347,11.9508,6.23893
36.982,0.0003,1.0000,0.0000,6,180.01,0.04,8.09,-0.2239,0.0754,11290.6,0.0,165.12,165.12,162.91,162.91,11.2662,28.9802,54.96,157.14,200.0,146.498,101.81,80.3707,69.8677,61.7968,55.4011,50.2086,44.3898,39.2043,32.1747,23.7199,16.5698,11.7622,6.14014
37.008,0.0003,1.0000,0.0000,6,180.45,0.05,8.08,-0.2364,0.0754,11316.2,0.0,165.53,165.52,163.27,163.27,11.3811,29.273,55.5083,158.631,200.0,144.291,100.242,79.1205,68.7755,60.827,54.5291,49.4164,43.6875,38.5826,31.6627,23.341,16.3042,11.5733,6.04118
37.026,0.0002,1.0000,0.0000,6,180.88,0.05,8.08,-0.2490,0.0754,11342.7,0.0,165.93,165.92,163.66,163.66,11.4962,29.5669,56.0598,160.143,200.0,142.048,98.6568,77.8585,67.6742,59.85,53.6512,48.6193,42.9812,37.9576,31.1485,22.9607,16.0378,11.3838,5.94205
37.045,0.0002,1.0000,0.0000,6,181.30,0.06,8.05,-0.2616,0.0753,11381.9,0.0,166.32,166.31,164.22,164.22,11.6115,29.8609,56.6105,161.643,200.0,139.813,97.074,76.5979,66.5736,58.8733,52.7732,47.8219,42.2745,37.3322,30.6337,22.5799,15.771,11.194,5.84271
37.064,0.0002,1.0000,0.0000,6,181.74,0.06,8.03,-0.2742,0.0753,11405.8,0.0,166.71,166.71,164.57,164.57,11.727,30.155,57.161,163.135,200.0,137.58,95.4913,75.3369,65.4723,57.8959,51.8946,47.0238,41.5672,36.7061,30.1183,22.1986,15.5038,11.004,5.74321
37.083,0.0002,1.0000,0.0000,6,182.17,0.06,8.02,-0.2868,0.0753,11428.4,0.0,167.11,167.11,164.90,164.90,11.8427,30.45,57.7134,164.638,200.0,135.326,93.8971,74.0679,64.3648,56.9133,51.0116,46.2221,40.8568,36.0775,29.601,21.816,15.2359,10.8134,5.64347
37.108,0.0001,1.0000,0.0000,6,182.60,0.06,8.03,-0.2994,0.0752,11451.5,0.0,167.51,167.51,165.23,165.23,11.9586,30.7456,58.2674,166.149,200.0,133.053,92.2936,72.793,63.2525,55.9269,50.1254,45.4175,40.1442,35.447,29.0825,21.4326,14.9674,10.6225,5.54361
37.126,0.0001,1.0000,0.0000,6,183.03,0.06,8.04,-0.3121,0.0752,11474.7,0.0,167.91,167.91,165.56,165.56,12.0748,31.0419,58.8229,167.666,200.0,130.766,90.6818,71.5123,62.1357,54.9366,49.2359,44.6102,39.4291,34.8145,28.5623,21.0482,14.6982,10.4312,5.44352
37.145,0.0001,1.0000,0.0000,6,183.47,0.06,8.05,-0.3248,0.0752,11498.7,0.0,168.30,168.30,165.91,165.91,12.1912,31.3388,59.3794,169.186,200.0,128.469,89.0645,70.2274,61.0153,53.9434,48.3438,43.8004,38.712,34.1803,28.0407,20.6627,14.4284,10.2394,5.34321
37.165,0.0001,1.0000,0.0000,6,183.89,0.06,8.07,-0.3375,0.0751,11523.6,0.0,168.70,168.69,166.27,166.27,12.3076,31.6355,59.9348,170.694,200.0,126.178,87.4493,68.9437,59.8958,52.9506,47.452,42.991,37.9951,33.5461,27.5191,20.2772,14.1585,10.0475,5.24282
37.183,0.0001,1.0000,0.0000,6,184.32,0.06,8.09,-0.3502,0.0751,11551.8,0.0,169.09,169.09,166.67,166.67,12.4244,31.9325,60.4896,172.187,200.0,123.894,85.8357,67.6602,58.7758,51.9572,46.5595,42.1806,37.2772,32.9108,26.9965,19.8908,13.8879,9.85504,5.14215
37.208,0.0001,1.0000,0.0000,6,184.74,0.06,8.09,-0.3630,0.0751,11579.6,0.0,169.48,169.47,167.08,167.08,12.5413,32.2302,61.0462,173.691,200.0,121.59,84.2119,66.3699,57.6505,50.9595,45.6632,41.3671,36.5567,32.2735,26.4723,19.5034,13.6167,9.66222,5.04129
37.226,0.0001,1.0000,0.0000,6,185.16,0.06,8.10,-0.3758,0.0750,11605.5,0.0,169.87,169.86,167.45,167.45,12.6585,32.5285,61.6039,175.197,200.0,119.275,82.5817,65.0749,56.5212,49.9584,44.7641,40.551,35.834,31.6343,25.9467,19.115,13.3448,9.46894,4.94021
37.245,0.0001,1.0000,0.0000,6,185.59,0.06,8.10,-0.3886,0.0750,11631.1,0.0,170.26,170.25,167.82,167.82,12.7759,32.8272,62.1616,176.697,200.0,116.957,80.9488,63.7776,55.39,48.9555,43.8633,39.7334,35.11,30.9939,25.4201,18.7257,13.0723,9.27526,4.83891
37.264,0.0001,1.0000,0.0000,6,186.01,0.06,8.11,-0.4014,0.0750,11656.3,0.0,170.65,170.64,168.18,168.18,12.8934,33.1257,62.7186,178.189,200.0,114.639,79.3154,62.4799,54.2584,47.9522,42.9622,38.9155,34.3856,30.3532,24.8932,18.3363,12.7998,9.08148,4.73756
37.283,0.0001,1.0000,0.0000,6,186.43,0.06,8.11,-0.4143,0.0749,11681.4,0.0,171.03,171.03,168.54,168.54,13.011,33.4245,63.2754,179.675,200.0,112.318,77.6794,61.1801,53.1248,46.947,42.0594,38.0961,33.6598,29.7112,24.3652,17.9462,12.5266,8.8873,4.636
37.308,0.0097,1.0000,0.0000,6,186.85,0.06,8.11,-0.4272,0.0749,11706.6,0.0,171.42,171.41,168.91,168.91,13.1289,33.7236,63.832,181.151,200.0,109.995,76.0414,59.8781,51.9892,45.9402,41.1549,37.275,32.9327,29.068,23.8362,17.5551,12.2529,8.69268,4.53419
37.327,0.0241,1.0000,0.0000,6,187.27,0.07,8.11,-0.4400,0.0745,11732.4,0.0,171.83,171.76,169.28,169.28,13.2419,33.9821,64.2404,181.431,200.0,108.751,74.917,58.8938,51.0928,45.1199,40.4,36.5766,32.301,28.499,23.3569,17.1909,11.9919,8.50423,4.4336
37.345,0.0374,1.0000,0.0000,6,187.68,0.04,8.09,-0.4528,0.0734,11761.2,0.0,172.30,172.06,169.69,169.69,13.3417,34.1342,64.2647,178.717,200.0,110.388,75.137,58.7347,50.8156,44.7812,40.0306,36.1938,31.9154,28.1214,23.006,16.896,11.7645,8.33233,4.33664
37.364,0.0473,1.0000,0.0000,6,188.10,-0.07,8.08,-0.4654,0.0712,11786.6,0.0,172.79,172.31,170.06,170.06,13.423,34.1435,63.7879,172.427,200.0,116.543,77.3325,59.7515,51.408,45.1122,40.1929,36.2435,31.8642,28.0024,22.8275,16.6938,11.5819,8.18271,4.24484
37.383,0.0548,1.0000,0.0000,6,188.51,-0.28,8.08,-0.4778,0.0679,11812.2,0.0,173.29,172.56,170.43,170.43,13.4852,34.0137,62.8485,163.413,200.0,129.201,82.0087,62.1539,52.9942,46.1905,40.9379,36.7603,32.1688,28.1549,22.8268,16.5857,11.4445,8.05574,4.15869
37.408,0.0604,1.0000,0.0000,6,188.92,-0.53,8.07,-0.4897,0.0637,11838.5,0.0,173.76,172.83,170.81,170.81,13.5296,33.7684,61.5598,153.023,200.0,152.372,89.9161,66.188,55.6948,48.0766,42.2945,37.7565,32.8294,28.5732,22.9958,16.5652,11.3491,7.95015,4.07856
37.426,0.0646,1.0000,0.0000,6,189.32,-0.82,8.05,-0.5011,0.0589,11865.3,0.0,174.20,173.11,171.20,171.20,13.5593,33.4409,60.0613,142.471,200.0,195.904,102.375,72.2182,59.6685,50.8381,44.2873,39.2347,33.8349,29.2409,23.3176,16.6204,11.2894,7.86315,4.00434
37.445,0.0673,1.0000,0.0000,6,189.72,-1.10,8.03,-0.5120,0.0536,11892.6,0.0,174.61,173.41,171.59,171.59,13.5767,33.0591,58.4621,132.469,200.0,200.0,122.192,80.9448,65.2241,54.6203,46.9852,41.2256,35.1909,30.1521,23.7807,16.7421,11.2604,7.79237,3.93589
37.464,0.0678,1.0000,0.0000,6,190.12,-1.37,8.01,-0.5221,0.0481,11919.8,0.0,175.01,173.73,171.98,171.98,13.5835,32.6424,56.834,123.323,200.0,200.0,156.012,93.728,72.9358,59.6975,50.5297,43.8058,36.9307,31.3188,24.3846,16.9266,11.26,7.73708,3.87356
37.483,0.0605,1.0000,0.0000,6,190.50,-1.62,7.98,-0.5315,0.0423,11950.4,0.0,175.38,174.06,172.43,172.43,13.5813,32.2062,55.2264,115.13,200.0,200.0,200.0,113.263,83.807,66.5142,55.1406,47.0916,39.1053,32.7615,25.1312,17.1709,11.2862,7.69638,3.81743
37.508,0.0544,1.0000,0.0000,6,190.90,-1.84,7.95,-0.5401,0.0366,11975.5,0.0,175.74,174.43,172.79,172.79,13.5743,31.7831,53.7339,108.129,200.0,200.0,200.0,144.061,98.9771,75.3898,60.8849,51.0641,41.6615,34.4238,25.9766,17.4509,11.3282,7.66549,3.76681
37.526,0.0490,1.0000,0.0000,6,191.29,-1.98,7.92,-0.5480,0.0314,11999.0,0.0,176.07,174.84,173.13,173.13,13.5668,31.4022,52.4299,102.407,200.0,200.0,200.0,195.121,119.876,86.5185,67.6882,55.5929,44.473,36.2036,26.8555,17.736,11.3735,7.63914,3.72091
37.545,0.0441,1.0000,0.0000,6,191.69,-2.04,7.90,-0.5550,0.0266,12021.4,0.0,176.38,175.26,173.45,173.45,13.56,31.0675,51.3113,97.7609,200.0,200.0,200.0,200.0,149.472,100.423,75.6159,60.6408,47.4821,38.0523,27.7388,18.0142,11.4177,7.61562,3.67939
37.565,0.0403,1.0000,0.0000,6,192.09,-2.03,7.88,-0.5613,0.0223,12043.2,0.0,176.69,175.69,173.77,173.77,13.5539,30.7768,50.3589,93.982,197.368,200.0,200.0,200.0,193.478,117.882,84.7672,66.1811,50.6425,39.9342,28.6081,18.2801,11.46,7.59486,3.64233
37.583,0.0407,1.0000,0.0000,6,192.49,-1.96,7.86,-0.5668,0.0186,12064.7,0.0,177.00,176.12,174.08,174.08,13.5483,30.5255,49.5505,90.8947,183.512,200.0,200.0,200.0,200.0,140.026,95.2576,72.1845,53.9104,41.8189,29.4503,18.5307,11.4999,7.5769,3.60967
37.608,0.0381,1.0000,0.0000,6,192.89,-1.84,7.85,-0.5716,0.0151,12086.5,0.0,177.33,176.52,174.39,174.39,13.5408,30.2929,48.822,88.2176,172.368,200.0,200.0,200.0,200.0,170.46,107.985,79.0274,57.462,43.8078,30.3173,18.7882,11.5464,7.56549,3.58188
37.626,0.0343,1.0000,0.0000,6,193.28,-1.74,7.83,-0.5756,0.0118,12110.9,0.0,177.68,176.91,174.74,174.74,13.5299,30.0673,48.1379,85.7998,162.95,200.0,200.0,200.0,200.0,200.0,124.269,87.1583,61.4677,45.9854,31.2463,19.067,11.6048,7.56278,3.55918
37.645,0.0309,1.0000,0.0000,6,193.68,-1.65,7.82,-0.5791,0.0087,12133.6,0.0,178.03,177.31,175.07,175.07,13.5164,29.8534,47.5075,83.6475,155.035,200.0,200.0,200.0,200.0,200.0,145.237,96.7142,65.8996,48.3154,32.2157,19.3586,11.6721,7.56738,3.54118
37.664,0.0278,1.0000,0.0000,6,194.08,-1.55,7.81,-0.5819,0.0058,12155.7,0.0,178.37,177.71,175.39,175.39,13.5013,29.6541,46.9352,81.7544,148.41,200.0,200.0,200.0,200.0,200.0,172.509,107.822,70.711,50.7553,33.2041,19.6555,11.7456,7.57816,3.52759
37.682,0.0250,1.0000,0.0000,6,194.48,-1.44,7.81,-0.5841,0.0032,12177.8,0.0,178.72,178.11,175.71,175.71,13.4849,29.4697,46.4186,80.0937,142.843,200.0,200.0,200.0,200.0,200.0,200.0,120.686,75.8737,53.2757,34.1977,19.9532,11.8236,7.59413,3.51792
37.708,0.0225,1.0000,0.0000,6,194.88,-1.33,7.81,-0.5857,0.0009,12200.0,0.0,179.06,178.51,176.03,176.03,13.4676,29.3005,45.9559,78.6453,138.167,200.0,200.0,200.0,200.0,200.0,200.0,135.461,81.3269,55.8359,35.1804,20.2471,11.9045,7.61458,3.5119
37.726,0.0203,1.0000,0.0000,6,195.28,-1.22,7.81,-0.5869,-0.0012,12222.5,0.0,179.40,178.91,176.35,176.35,13.4492,29.1442,45.5389,77.3733,134.196,200.0,200.0,200.0,200.0,200.0,200.0,152.485,87.063,58.426,36.1512,20.5384,11.9889,7.63965,3.50944
37.746,0.0182,1.0000,0.0000,6,195.68,-1.12,7.81,-0.5876,-0.0031,12245.4,0.0,179.74,179.31,176.68,176.68,13.43,28.9998,45.1631,76.2551,130.81,200.0,200.0,200.0,200.0,200.0,200.0,172.058,93.0375,61.0205,37.1021,20.8249,12.0758,7.66875,3.51015
37.764,0.0164,1.0000,0.0000,6,196.07,-1.01,7.82,-0.5879,-0.0047,12269.6,0.0,180.09,179.70,177.03,177.03,13.4103,28.8667,44.8248,75.2714,127.91,197.029,200.0,200.0,200.0,200.0,200.0,194.509,99.1943,63.5924,38.0251,21.1044,12.1642,7.70097,3.51354
37.783,0.0148,1.0000,0.0000,6,196.47,-0.91,7.82,-0.5878,-0.0062,12292.9,0.0,180.43,180.09,177.37,177.37,13.3898,28.7423,44.5166,74.3959,125.393,191.116,200.0,200.0,200.0,200.0,200.0,200.0,105.543,66.1467,38.9258,21.3794,12.2548,7.73658,3.51954
37.808,0.0133,1.0000,0.0000,6,196.87,-0.82,7.83,-0.5874,-0.0076,12316.0,0.0,180.78,180.47,177.70,177.70,13.3682,28.6237,44.2299,73.6005,123.161,185.996,200.0,200.0,200.0,200.0,200.0,200.0,112.162,68.7139,39.8173,21.6548,12.3492,7.77608,3.5281
37.827,0.0120,1.0000,0.0000,6,197.26,-0.74,7.84,-0.5866,-0.0088,12339.2,0.0,181.13,180.85,178.04,178.04,13.3456,28.5105,43.9632,72.8776,121.179,181.548,200.0,200.0,200.0,200.0,200.0,200.0,119.005,71.2751,40.6954,21.9296,12.447,7.81918,3.53908
37.845,0.0108,1.0000,0.0000,6,197.66,-0.67,7.85,-0.5856,-0.0099,12362.4,0.0,181.48,181.23,178.37,178.37,13.3222,28.4025,43.7153,72.2209,119.417,177.673,200.0,200.0,200.0,200.0,200.0,200.0,126.016,73.8091,41.5545,22.202,12.5473,7.86524,3.55213
37.864,0.0097,1.0000,0.0000,6,198.05,-0.60,7.86,-0.5842,-0.0110,12385.6,0.0,181.83,181.60,178.71,178.71,13.2979,28.2981,43.4809,71.6137,117.821,174.226,200.0,200.0,200.0,200.0,200.0,200.0,133.273,76.3436,42.405,22.4752,12.6508,7.91442,3.56714
37.883,0.0087,1.0000,0.0000,6,198.44,-0.54,7.88,-0.5827,-0.0119,12408.9,0.0,182.19,181.97,179.04,179.04,13.2727,28.1967,43.2585,71.0496,116.367,171.14,200.0,200.0,200.0,200.0,200.0,200.0,140.77,78.8747,43.2466,22.7489,12.7572,7.96634,3.58389
37.908,0.0079,1.0000,0.0000,6,198.84,-0.49,7.89,-0.5809,-0.0127,12432.3,0.0,182.54,182.34,179.38,179.38,13.2468,28.0983,43.0474,70.5255,115.042,168.374,200.0,200.0,200.0,200.0,200.0,200.0,148.46,81.3878,44.0766,23.0225,12.8662,8.02089,3.60231
37.926,0.0071,1.0000,0.0000,6,199.23,-0.44,7.91,-0.5789,-0.0135,12455.8,0.0,182.89,182.71,179.72,179.72,13.2203,28.0031,42.8477,70.0406,113.841,165.904,200.0,200.0,200.0,200.0,200.0,200.0,156.25,83.8573,44.8888,23.2943,12.9771,8.07763,3.6222
37.944,0.0064,1.0000,0.0000,6,199.62,-0.40,7.93,-0.5768,-0.0142,12479.3,0.0,183.24,183.08,180.06,180.06,13.1934,27.9114,42.6598,69.5946,112.758,163.711,200.0,200.0,200.0,200.0,200.0,200.0,164.017,86.2531,45.6758,23.5623,13.089,8.13611,3.64339
37.964,0.0057,1.0000,0.0000,6,200.01,-0.36,7.94,-0.5744,-0.0148,12502.7,0.0,183.59,183.45,180.40,180.40,13.1662,27.8237,42.4843,69.1881,111.791,161.785,200.0,200.0,200.0,200.0,200.0,200.0,171.596,88.5384,46.4292,23.8241,13.2011,8.19581,3.66566
37.983,0.0052,1.0000,0.0000,6,200.40,-0.32,7.97,-0.5720,-0.0153,12526.2,0.0,183.94,183.81,180.74,180.74,13.1385,27.7376,42.3151,68.8038,110.894,160.021,200.0,200.0,200.0,200.0,200.0,200.0,179.243,90.7905,47.172,24.0861,13.3152,8.25741,3.68909
38.008,0.0046,1.0000,0.0000,6,200.78,-0.29,7.99,-0.5693,-0.0158,12549.5,0.0,184.29,184.18,181.07,181.07,13.1102,27.6528,42.1517,68.4396,110.058,158.399,200.0,200.0,200.0,200.0,200.0,200.0,186.927,93.0049,47.9037,24.3477,13.431,8.32063,3.71353
38.027,0.0042,1.0000,0.0000,6,201.17,-0.26,8.01,-0.5666,-0.0163,12572.2,0.0,184.64,184.54,181.40,181.40,13.0813,27.5688,41.9922,68.0909,109.271,156.892,200.0,200.0,200.0,200.0,200.0,200.0,194.693,95.1975,48.6299,24.611,13.5491,8.38579,3.73907
38.045,0.0038,1.0000,0.0000,6,201.55,-0.23,8.03,-0.5637,-0.0167,12594.9,0.0,184.99,184.90,181.73,181.73,13.0522,27.4868,41.8392,67.7624,108.543,155.516,200.0,200.0,200.0,200.0,200.0,200.0,200.0,97.3227,49.3374,24.8712,13.6675,8.45181,3.76528
38.064,0.0034,1.0000,0.0000,6,201.94,-0.21,8.06,-0.5608,-0.0171,12618.4,0.0,185.34,185.25,182.07,182.07,13.0228,27.4061,41.6911,67.4503,107.864,154.248,200.0,200.0,200.0,200.0,200.0,200.0,200.0,99.3918,50.0307,25.1301,13.7869,8.51896,3.79224
38.083,0.0030,1.0000,0.0000,6,202.32,-0.19,8.08,-0.5577,-0.0175,12642.0,0.0,185.69,185.61,182.41,182.41,12.9931,27.3272,41.5489,67.1573,107.239,153.1,198.414,200.0,200.0,200.0,200.0,200.0,200.0,101.367,50.7016,25.3857,13.9068,8.58704,3.81993
38.108,0.0027,1.0000,0.0000,6,202.70,-0.17,8.10,-0.5546,-0.0177,12665.6,0.0,186.03,185.97,182.75,182.75,12.9633,27.2501,41.4122,66.8811,106.662,152.055,196.777,200.0,200.0,200.0,200.0,200.0,200.0,103.255,51.3514,25.6379,14.0267,8.65578,3.84817
38.127,0.0025,1.0000,0.0000,6,203.09,-0.15,8.13,-0.5514,-0.0180,12689.1,0.0,186.38,186.32,183.09,183.09,12.933,27.1726,41.2757,66.608,106.097,151.039,195.196,200.0,200.0,200.0,200.0,200.0,200.0,105.159,52.0062,25.8931,14.1485,8.72578,3.87703
38.144,0.0022,1.0000,0.0000,6,203.47,-0.14,8.15,-0.5481,-0.0183,12712.4,0.0,186.73,186.68,183.42,183.42,12.9025,27.0964,41.1438,66.3492,105.572,150.11,193.766,200.0,200.0,200.0,200.0,200.0,200.0,106.975,52.6416,26.1454,14.2706,8.79647,3.90643
38.164,0.0020,1.0000,0.0000,6,203.85,-0.12,8.18,-0.5448,-0.0185,12733.7,0.0,187.08,187.03,183.73,183.73,12.8719,27.0222,41.0174,66.1069,105.092,149.277,192.499,200.0,200.0,200.0,200.0,200.0,200.0,108.675,53.2498,26.3926,14.392,8.86741,3.93623
38.183,0.0018,1.0000,0.0000,6,204.23,-0.11,8.21,-0.5414,-0.0187,12756.3,0.0,187.42,187.38,184.06,184.06,12.8411,26.948,40.8921,65.869,104.626,148.475,191.288,200.0,200.0,200.0,200.0,200.0,200.0,110.357,53.856,26.6408,14.5146,8.93923,3.9665
38.208,0.0016,1.0000,0.0000,6,204.61,-0.10,8.24,-0.5379,-0.0189,12779.8,0.0,187.77,187.73,184.40,184.40,12.8099,26.8731,40.766,65.6307,104.162,147.679,190.091,200.0,200.0,200.0,200.0,200.0,200.0,112.068,54.4702,26.8923,14.6388,9.01209,3.99722
38.226,0.0015,1.0000,0.0000,6,204.98,-0.09,8.26,-0.5344,-0.0191,12803.4,0.0,188.12,188.08,184.74,184.74,12.7782,26.7973,40.6386,65.3906,103.696,146.882,188.897,200.0,200.0,200.0,200.0,200.0,200.0,113.82,55.0962,27.1482,14.7652,9.08618,4.02846
38.245,0.0013,1.0000,0.0000,6,205.36,-0.09,8.29,-0.5308,-0.0193,12827.0,0.0,188.46,188.43,185.08,185.08,12.7466,26.7232,40.5158,65.1639,103.265,146.16,187.827,200.0,200.0,200.0,200.0,200.0,200.0,115.46,55.6969,27.3989,14.8907,9.16021,4.05992
38.264,0.0012,1.0000,0.0000,6,205.74,-0.08,8.32,-0.5272,-0.0194,12850.3,0.0,188.81,188.78,185.41,185.41,12.7151,26.6513,40.3988,64.9534,102.878,145.526,186.907,200.0,200.0,200.0,200.0,200.0,200.0,116.948,56.2636,27.6427,15.0146,9.23404,4.09158
38.283,0.0011,1.0000,0.0000,6,206.11,-0.07,8.34,-0.5236,-0.0195,12873.1,0.0,189.15,189.12,185.74,185.74,12.6834,26.5798,40.2836,64.7488,102.507,144.927,186.045,200.0,200.0,200.0,200.0,200.0,200.0,118.384,56.8202,27.885,15.1388,9.30826,4.12353
38.308,0.0010,1.0000,0.0000,6,206.49,-0.06,8.38,-0.5199,-0.0196,12893.1,0.0,189.49,189.47,186.03,186.03,12.6516,26.5081,40.1683,64.5451,102.14,144.338,185.201,200.0,200.0,200.0,200.0,200.0,200.0,119.818,57.3781,28.1288,15.2639,9.38313,4.1558
38.327,0.0009,1.0000,0.0000,6,206.86,-0.05,8.41,-0.5162,-0.0197,12915.9,0.0,189.84,189.82,186.36,186.36,12.6194,26.4359,40.0523,64.3405,101.772,143.748,184.357,200.0,200.0,200.0,200.0,200.0,200.0,121.272,57.9419,28.3749,15.3902,9.45864,4.18834
38.345,0.0008,1.0000,0.0000,6,207.24,-0.05,8.44,-0.5125,-0.0198,12939.3,0.0,190.18,190.16,186.70,186.70,12.5871,26.3632,39.9356,64.1345,101.402,143.155,183.511,200.0,200.0,200.0,200.0,200.0,200.0,122.75,58.5127,28.6234,15.5176,9.53481,4.22115
38.364,0.0007,1.0000,0.0000,6,207.61,-0.05,8.46,-0.5087,-0.0199,12963.0,0.0,190.52,190.50,187.04,187.04,12.5544,26.2897,39.8176,63.9264,101.028,142.557,182.657,200.0,200.0,200.0,200.0,200.0,200.0,124.26,59.0924,28.8752,15.6465,9.61183,4.2543
38.383,0.0006,1.0000,0.0000,6,207.98,-0.04,8.50,-0.5049,-0.0200,12986.3,0.0,190.87,190.84,187.38,187.38,12.5215,26.216,39.6993,63.718,100.654,141.96,181.805,200.0,200.0,200.0,200.0,200.0,200.0,125.787,59.6766,29.1285,15.776,9.68922,4.28761
38.408,0.0006,1.0000,0.0000,6,208.35,-0.04,8.52,-0.5011,-0.0201,13009.3,0.0,191.21,191.18,187.71,187.71,12.4884,26.1417,39.5803,63.5088,100.28,141.363,180.956,200.0,200.0,200.0,200.0,200.0,200.0,127.332,60.2665,29.3843,15.9069,9.76743,4.32128
38.426,0.0005,1.0000,0.0000,6,208.72,-0.04,8.56,-0.4972,-0.0202,13029.0,0.0,191.54,191.52,187.99,187.99,12.4551,26.0673,39.4612,63.2999,99.9071,140.771,180.115,200.0,200.0,200.0,200.0,200.0,200.0,128.887,60.8589,29.641,16.0382,9.8459,4.35505
38.445,0.0005,1.0000,0.0000,6,209.09,-0.04,8.59,-0.4933,-0.0203,13050.4,0.0,191.88,191.86,188.30,188.30,12.4215,25.992,39.3407,63.0883,99.5296,140.17,179.263,200.0,200.0,200.0,200.0,200.0,200.0,130.481,61.4624,29.9016,16.1714,9.92537,4.38923
38.464,0.0004,1.0000,0.0000,6,209.46,-0.04,8.63,-0.4894,-0.0204,13073.4,0.0,192.22,192.20,188.63,188.63,12.3882,25.919,39.2259,62.8923,99.1916,139.649,178.541,200.0,200.0,200.0,200.0,200.0,200.0,131.887,62.0248,30.153,16.302,10.0041,4.42339
38.483,0.0004,1.0000,0.0000,6,209.82,-0.04,8.65,-0.4855,-0.0204,13096.9,0.0,192.55,192.55,188.97,188.97,12.3552,25.8488,39.1179,62.7142,98.8991,139.219,177.969,200.0,200.0,200.0,200.0,200.0,200.0,133.064,62.5375,30.3931,16.4297,10.0818,4.45751
38.508,0.0003,1.0000,0.0000,6,210.19,-0.03,8.68,-0.4816,-0.0204,13120.6,0.0,192.89,192.89,189.31,189.31,12.3223,25.7793,39.0121,62.5429,98.6245,138.826,177.458,200.0,200.0,200.0,200.0,200.0,200.0,134.148,63.0311,30.6295,16.5567,10.1595,4.49174
38.527,0.0003,1.0000,0.0000,6,210.55,-0.02,8.71,-0.4776,-0.0204,13143.5,0.0,193.22,193.22,189.64,189.64,12.2893,25.7103,38.9075,62.3747,98.3583,138.45,176.975,200.0,200.0,200.0,200.0,200.0,200.0,135.186,63.5155,30.8641,16.6833,10.2372,4.52605
38.546,0.0003,1.0000,0.0000,6,210.92,-0.01,8.74,-0.4736,-0.0204,13165.2,0.0,193.56,193.56,189.96,189.96,12.2563,25.6413,38.8032,62.2079,98.0961,138.082,176.506,200.0,200.0,200.0,200.0,200.0,200.0,136.203,63.9958,31.0981,16.81,10.3149,4.56045
38.564,0.0002,1.0000,0.0000,6,211.28,-0.01,8.78,-0.4697,-0.0204,13183.5,0.0,193.89,193.89,190.22,190.22,12.2231,25.5718,38.698,62.039,97.8291,137.705,176.024,200.0,200.0,200.0,200.0,200.0,199.596,137.242,64.4824,31.3341,16.9374,10.3931,4.595
38.583,0.0002,1.0000,0.0000,6,211.65,-0.01,8.82,-0.4657,-0.0205,13205.8,0.0,194.23,194.23,190.54,190.54,12.1898,25.5019,38.5918,61.8679,97.5575,137.32,175.528,200.0,200.0,200.0,200.0,200.0,198.55,138.307,64.9754,31.5721,17.0657,10.4717,4.62971
38.608,0.0002,1.0000,0.0000,6,212.01,-0.01,8.85,-0.4617,-0.0205,13229.1,0.0,194.56,194.56,190.88,190.88,12.1564,25.4318,38.4856,61.6968,97.2858,136.934,175.031,200.0,200.0,200.0,200.0,200.0,197.5,139.372,65.4687,31.8103,17.194,10.5503,4.66443
38.627,0.0002,1.0000,0.0000,6,212.37,-0.00,8.88,-0.4576,-0.0205,13252.8,0.0,194.89,194.89,191.22,191.22,12.123,25.3619,38.3795,61.5262,97.0155,136.552,174.54,200.0,200.0,200.0,200.0,200.0,196.446,140.43,65.9606,32.0481,17.3223,10.629,4.69917
38.645,0.0002,1.0000,0.0000,6,212.73,-0.00,8.93,-0.4536,-0.0205,13275.5,0.0,195.23,195.23,191.55,191.55,12.0895,25.2917,38.2733,61.3558,96.7465,136.173,174.055,200.0,200.0,200.0,200.0,200.0,195.388,141.478,66.4517,32.2865,17.4511,10.708,4.7341
38.664,0.0001,1.0000,0.0000,6,213.09,-0.00,8.97,-0.4496,-0.0205,13297.6,0.0,195.56,195.56,191.87,191.87,12.056,25.2217,38.1674,61.1863,96.4798,135.798,173.577,200.0,200.0,200.0,200.0,200.0,194.324,142.513,66.9399,32.5242,17.5797,10.7869,4.769
38.683,0.0001,1.0000,0.0000,6,213.45,-0.00,9.03,-0.4455,-0.0205,13311.8,0.0,195.89,195.89,192.08,192.08,12.0224,25.1514,38.0611,61.0159,96.2113,135.421,173.095,200.0,200.0,200.0,200.0,199.484,193.258,143.556,67.4309,32.7629,17.7088,10.8661,4.80402
38.708,0.0001,1.0000,0.0000,6,213.81,0.00,9.09,-0.4415,-0.0205,13332.7,0.0,196.22,196.22,192.37,192.37,11.9886,25.0806,37.9538,60.8436,95.9387,135.036,172.601,200.0,200.0,200.0,200.0,198.342,192.191,144.622,67.9277,33.0034,17.8386,10.9457,4.83919
38.727,0.0001,1.0000,0.0000,6,214.16,0.00,9.14,-0.4374,-0.0205,13356.2,0.0,196.54,196.54,192.71,192.71,11.9549,25.0101,37.8469,60.6718,95.6668,134.651,172.108,200.0,200.0,200.0,200.0,197.197,191.12,145.685,68.423,33.2433,17.9681,11.0251,4.87426
38.746,0.0001,1.0000,0.0000,6,214.52,0.00,9.18,-0.4334,-0.0205,13381.3,0.0,196.87,196.87,193.07,193.07,11.9212,24.9393,37.7398,60.5,95.3955,134.269,171.618,200.0,200.0,200.0,199.272,196.05,190.046,146.742,68.9184,33.4836,18.0979,11.1048,4.90946
38.764,0.0001,1.0000,0.0000,6,214.87,0.00,9.23,-0.4293,-0.0205,13405.2,0.0,197.20,197.20,193.42,193.42,11.8874,24.8686,37.6328,60.3284,95.125,133.888,171.132,200.0,200.0,200.0,198.096,194.9,188.968,147.795,69.4127,33.7238,18.2277,11.1844,4.94468
38.783,0.0001,1.0000,0.0000,6,215.22,0.00,9.27,-0.4252,-0.0205,13427.9,0.0,197.52,197.52,193.75,193.75,11.8534,24.7976,37.5254,60.1563,94.8535,133.506,170.643,200.0,200.0,199.616,196.919,193.749,187.887,148.851,69.9088,33.9648,18.358,11.2643,4.98002
38.802,0.0001,1.0000,0.0000,6,215.58,0.00,9.33,-0.4211,-0.0205,13441.2,0.0,197.85,197.85,193.94,193.94,11.8194,24.7265,37.4177,59.9837,94.5813,133.123,170.154,200.0,200.0,198.419,195.74,192.595,186.803,149.91,70.4063,34.2065,18.4886,11.3445,5.01545
38.827,0.0001,1.0000,0.0000,6,215.94,0.00,9.40,-0.4171,-0.0205,13461.7,0.0,198.18,198.18,194.24,194.24,11.7854,24.6554,37.3102,59.8112,94.3095,132.74,169.665,200.0,199.551,197.22,194.559,191.439,185.716,150.968,70.9031,34.4479,18.6191,11.4245,5.05085
38.845,0.0001,1.0000,0.0000,6,216.29,0.00,9.45,-0.4130,-0.0205,13485.1,0.0,198.50,198.50,194.57,194.57,11.7514,24.5842,37.2024,59.6385,94.037,132.357,169.175,200.0,198.337,196.02,193.376,190.281,184.626,152.028,71.401,34.6898,18.7498,11.5048,5.08632
38.864,0.0000,1.0000,0.0000,6,216.63,0.00,9.49,-0.4089,-0.0205,13510.2,0.0,198.82,198.81,194.94,194.94,11.7173,24.5128,37.0943,59.4653,93.7639,131.973,168.683,199.175,197.122,194.817,192.191,189.122,183.533,153.091,71.9001,34.9323,18.8809,11.5852,5.12187
38.883,0.0000,1.0000,0.0000,6,216.98,0.00,9.52,-0.4047,-0.0205,13534.1,0.0,199.14,199.14,195.28,195.28,11.6831,24.4412,36.9861,59.2917,93.4902,131.587,168.191,197.947,195.904,193.613,191.004,187.96,182.438,154.156,72.4004,35.1753,19.0122,11.6658,5.15751
38.908,0.0000,1.0000,0.0000,6,217.33,0.00,9.54,-0.4006,-0.0205,13556.6,0.0,199.46,199.46,195.61,195.61,11.6489,24.3698,36.878,59.1184,93.217,131.203,167.699,196.717,194.684,192.406,189.815,186.796,181.339,155.219,72.8997,35.4179,19.1434,11.7463,5.19307
38.927,0.0000,1.0000,0.0000,6,217.68,0.00,9.58,-0.3965,-0.0205,13573.0,0.0,199.78,199.78,195.84,195.84,11.6145,24.2979,36.769,58.9436,92.941,130.814,167.201,195.485,193.462,191.198,188.625,185.631,180.239,156.296,73.4036,35.6624,19.2754,11.8273,5.22887
38.946,0.0000,1.0000,0.0000,6,218.03,0.00,9.62,-0.3924,-0.0205,13593.7,0.0,200.10,200.10,196.14,196.14,11.5802,24.2261,36.6604,58.7695,92.6664,130.427,166.707,194.251,192.239,189.987,187.432,184.463,179.135,157.365,73.9055,35.9063,19.4072,11.9081,5.26463
38.964,0.0000,1.0000,0.0000,6,218.38,0.00,9.65,-0.3882,-0.0205,13616.0,0.0,200.42,200.42,196.46,196.46,11.5458,24.1541,36.5515,58.5949,92.3912,130.04,166.37,193.015,191.013,188.775,186.238,183.294,178.028,158.436,74.4085,36.1506,19.5393,11.9892,5.30046
38.984,0.0000,1.0000,0.0000,6,218.72,0.00,9.67,-0.3841,-0.0205,13638.9,0.0,200.73,200.73,196.79,196.79,11.5113,24.0819,36.4422,58.4197,92.1149,129.651,194.25,191.777,189.785,187.561,185.041,182.122,176.919,159.511,74.9135,36.396,19.6719,12.0705,5.33643
39.002,0.0000,1.0000,0.0000,6,219.06,0.00,9.69,-0.3799,-0.0205,13661.2,0.0,201.05,201.05,197.12,197.12,11.4768,24.0097,36.333,58.2446,91.8389,129.263,192.999,190.537,188.556,186.345,183.843,180.948,175.807,160.585,75.4179,36.6411,19.8044,12.1518,5.37236
39.027,0.0000,1.0000,0.0000,6,219.41,0.00,9.70,-0.3758,-0.0205,13682.8,0.0,201.37,201.37,197.43,197.43,11.4423,23.9374,36.2236,58.0693,91.5624,128.873,191.747,189.295,187.324,185.127,182.643,179.773,174.692,161.661,75.9232,36.8866,19.9371,12.2332,5.40836
39.046,0.0000,1.0000,0.0000,6,219.75,0.00,9.72,-0.3716,-0.0205,13702.6,0.0,201.68,201.68,197.71,197.71,11.4076,23.8649,36.1139,57.8934,91.2851,128.483,190.492,188.052,186.091,183.907,181.441,178.595,173.575,161.91,76.4299,37.1327,20.0701,12.3149,5.44446
39.064,0.0000,1.0000,0.0000,6,220.09,0.00,9.74,-0.3675,-0.0205,13723.4,0.0,202.00,202.00,198.01,198.01,11.3729,23.7923,36.004,57.7172,91.0073,128.092,189.235,186.806,184.856,182.685,180.237,177.416,172.455,161.512,76.9378,37.3795,20.2035,12.3967,5.48063
39.084,0.0000,1.0000,0.0000,6,220.44,0.00,9.75,-0.3633,-0.0205,13744.4,0.0,202.31,202.31,198.32,198.32,11.3382,23.7197,35.8942,57.5412,90.7297,127.701,187.976,185.558,183.618,181.461,179.031,176.234,171.333,160.929,77.4451,37.6259,20.3367,12.4784,5.51677
39.108,0.0000,1.0000,0.0000,6,220.78,0.00,9.76,-0.3591,-0.0205,13765.4,0.0,202.62,202.62,198.62,198.62,11.3034,23.647,35.7842,57.3648,90.4515,127.31,186.715,184.308,182.379,180.235,177.823,175.051,170.208,160.247,77.9535,37.8729,20.4702,12.5604,5.55298
39.127,0.0000,1.0000,0.0000,6,221.12,0.00,9.77,-0.3549,-0.0205,13786.3,0.0,202.94,202.94,198.92,198.92,11.2686,23.5741,35.6737,57.1877,90.172,126.916,185.452,183.056,181.138,179.008,176.613,173.866,169.08,159.501,78.4641,38.1207,20.6041,12.6425,5.58928
39.146,0.0000,1.0000,0.0000,6,221.46,0.00,9.77,-0.3507,-0.0205,13807.2,0.0,203.25,203.25,199.22,199.22,11.2337,23.5011,35.5632,57.0103,89.8918,126.521,184.187,181.803,179.895,177.779,175.402,172.679,167.951,158.709,78.976,38.3688,20.738,12.7246,5.62559
39.164,0.0000,1.0000,0.0000,6,221.79,0.00,9.76,-0.3465,-0.0205,13831.2,0.0,203.56,203.56,199.57,199.57,11.1988,23.428,35.4526,56.833,89.6123,126.127,182.92,180.547,178.65,176.548,174.188,171.489,166.818,157.878,79.487,38.6171,20.8722,12.807,5.66198
39.183,0.0000,1.0000,0.0000,6,222.13,0.00,9.76,-0.3423,-0.0205,13851.0,0.0,203.87,203.87,199.86,199.86,11.1638,23.3549,35.342,56.6556,89.3325,125.734,181.651,179.289,177.403,175.314,172.973,170.298,165.682,157.019,79.9983,38.8655,21.0064,12.8893,5.6984
39.201,0.0000,1.0000,0.0000,6,222.47,0.00,9.76,-0.3381,-0.0205,13870.8,0.0,204.18,204.18,200.14,200.14,11.1287,23.2815,35.2309,56.4774,89.0517,125.338,180.379,178.029,176.154,174.079,171.756,169.105,164.545,156.135,80.5116,39.1148,21.1412,12.972,5.73497
39.227,0.0000,1.0000,0.0000,6,222.81,0.00,9.76,-0.3339,-0.0205,13890.3,0.0,204.49,204.49,200.42,200.42,11.0936,23.208,35.1197,56.2992,88.7707,124.943,179.106,176.768,174.904,172.842,170.537,167.91,163.404,155.231,81.0251,39.3643,21.2761,13.0548,5.77155
39.245,0.0000,1.0000,0.0000,6,223.15,0.00,9.75,-0.3296,-0.0205,13910.1,0.0,204.80,204.80,200.71,200.71,11.0584,23.1343,35.0081,56.1201,88.4876,124.543,177.831,175.505,173.651,171.604,169.316,166.714,162.263,154.311,81.5423,39.6149,21.4114,13.1378,5.8082
39.264,0.0000,1.0000,0.0000,6,223.49,0.00,9.74,-0.3254,-0.0205,13930.2,0.0,205.11,205.11,201.00,201.00,11.0232,23.0605,34.8963,55.9404,88.2035,124.142,176.554,174.24,172.397,170.364,168.094,165.515,161.118,153.375,82.0613,39.866,21.5469,13.2208,5.8449
39.283,0.0000,1.0000,0.0000,6,223.81,0.00,9.70,-0.3212,-0.0205,13958.8,0.0,205.41,205.41,201.41,201.41,10.9879,22.9867,34.7845,55.7614,87.9211,123.745,175.275,172.972,171.141,169.121,166.869,164.314,159.971,152.423,82.5775,40.1168,21.6824,13.304,5.88167
39.302,0.0000,1.0000,0.0000,6,224.15,0.00,9.68,-0.3169,-0.0205,13976.7,0.0,205.72,205.72,201.67,201.67,10.9526,22.9128,34.6727,55.5821,87.6386,123.347,173.994,171.703,169.882,167.877,165.643,163.112,158.821,151.458,83.094,40.3677,21.818,13.3872,5.91846
39.327,0.0000,1.0000,0.0000,6,224.49,0.00,9.67,-0.3127,-0.0205,13995.0,0.0,206.03,206.03,201.93,201.93,10.9172,22.8388,34.5607,55.4026,87.3554,122.949,172.71,170.431,168.622,166.63,164.414,161.907,157.668,150.482,83.6116,40.6192,21.9539,13.4706,5.95533
39.346,-0.0059,1.0000,0.0000,6,224.82,0.00,9.65,-0.3084,-0.0205,14013.3,0.0,206.34,206.34,202.20,202.20,10.8818,22.7647,34.4485,55.2227,87.0716,122.549,171.425,169.158,167.36,165.382,163.184,160.7,156.513,149.495,84.1303,40.871,22.09,13.5541,5.99222
39.364,-0.0053,1.0000,0.0000,6,225.16,-0.00,9.63,-0.3042,-0.0203,14032.3,0.0,206.62,206.67,202.47,202.47,10.8488,22.7043,34.3687,55.1267,86.9971,122.564,170.1,167.84,166.05,164.081,161.894,159.426,155.272,148.351,84.2774,41.0346,22.2002,13.6279,6.02757
39.383,-0.0048,1.0000,0.0000,6,225.49,0.04,9.60,-0.3000,-0.0198,14057.2,0.0,206.90,207.00,202.81,202.81,10.8183,22.6577,34.3213,55.1152,87.1341,123.001,168.735,166.478,164.691,162.727,160.546,158.086,153.947,147.057,84.0535,41.1088,22.2842,13.692,6.06132
39.408,-0.0043,1.0000,0.0000,6,225.81,0.09,9.53,-0.2958,-0.0193,14084.8,0.0,207.19,207.31,203.23,203.23,10.7889,22.616,34.2848,55.1313,87.3402,123.578,167.357,165.102,163.317,161.356,159.179,156.725,152.596,145.721,83.718,41.1531,22.3584,13.752,6.09415
39.427,-0.0039,1.0000,0.0000,6,226.14,0.13,9.49,-0.2917,-0.0188,14100.5,0.0,207.50,207.61,203.46,203.46,10.7596,22.574,34.2469,55.1428,87.5345,124.134,165.98,163.727,161.945,159.988,157.816,155.368,151.253,144.4,83.4122,41.2012,22.4328,13.8117,6.12664
39.446,-0.0035,1.0000,0.0000,6,226.48,0.16,9.48,-0.2877,-0.0184,14117.5,0.0,207.81,207.92,203.70,203.70,10.7304,22.5301,34.2037,55.139,87.6895,124.611,164.609,162.36,160.581,158.629,156.465,154.025,149.926,143.111,83.1794,41.2634,22.5102,13.8719,6.15886
39.464,-0.0032,1.0000,0.0000,6,226.81,0.17,9.44,-0.2837,-0.0180,14134.8,0.0,208.12,208.21,203.95,203.95,10.7015,22.4854,34.1574,55.1255,87.8178,125.036,163.242,160.997,159.223,157.277,155.12,152.691,148.613,141.847,82.9953,41.334,22.5887,13.9319,6.1906
39.483,-0.0028,1.0000,0.0000,6,227.14,0.17,9.40,-0.2798,-0.0177,14152.9,0.0,208.43,208.51,204.21,204.21,10.6723,22.4373,34.1023,55.0876,87.8834,125.333,161.885,159.646,157.878,155.94,153.793,151.376,147.324,140.628,82.9148,41.4277,22.6732,13.9938,6.22232
39.502,-0.0026,1.0000,0.0000,6,227.46,0.17,9.33,-0.2759,-0.0174,14187.7,0.0,208.74,208.80,204.70,204.70,10.643,22.3871,34.0412,55.0319,87.901,125.531,160.534,158.303,156.542,154.613,152.477,150.075,146.054,139.444,82.9111,41.5378,22.7615,14.0564,6.25377
39.527,-0.0023,1.0000,0.0000,6,227.78,0.16,9.24,-0.2721,-0.0171,14208.4,0.0,209.03,209.09,205.02,205.02,10.6143,22.3378,33.9813,54.9778,87.9205,125.732,159.183,156.959,155.205,153.285,151.161,148.774,144.785,138.261,82.9041,41.6445,22.8477,14.1177,6.28463
39.545,-0.0021,1.0000,0.0000,6,228.12,0.15,9.20,-0.2684,-0.0169,14222.3,0.0,209.34,209.40,205.22,205.22,10.5856,22.287,33.917,54.9109,87.9058,125.862,157.835,155.62,153.874,151.964,149.853,147.483,143.528,137.1,82.95,41.7626,22.9365,14.1797,6.3153
39.565,-0.0019,1.0000,0.0000,6,228.45,0.14,9.17,-0.2647,-0.0167,14237.9,0.0,209.65,209.70,205.44,205.44,10.5569,22.2344,33.8476,54.8289,87.8503,125.908,156.494,154.288,152.551,150.652,148.554,146.203,142.286,135.963,83.0579,41.8944,23.0285,14.2423,6.34576
39.583,-0.0017,1.0000,0.0000,6,228.78,0.13,9.11,-0.2611,-0.0165,14254.4,0.0,209.95,209.99,205.68,205.68,10.5283,22.1809,33.7753,54.7381,87.7704,125.901,155.154,152.959,151.231,149.344,147.262,144.929,141.053,134.84,83.2019,42.034,23.1222,14.3053,6.37604
39.602,-0.0015,1.0000,0.0000,6,229.11,0.11,9.06,-0.2575,-0.0163,14272.2,0.0,210.25,210.29,205.93,205.93,10.5,22.1274,33.7022,54.6434,87.6784,125.868,153.816,151.631,149.913,148.038,145.971,143.658,139.823,133.721,83.3627,42.176,23.2159,14.3678,6.40592
39.627,-0.0014,1.0000,0.0000,6,229.41,0.10,8.94,-0.2539,-0.0162,14315.1,0.0,210.55,210.59,206.55,206.55,10.472,22.0747,33.6306,54.5522,87.5944,154.7,152.474,150.3,148.592,146.729,144.677,142.384,138.59,132.596,83.5097,42.3134,23.3076,14.4294,6.43547
39.645,-0.0012,1.0000,0.0000,6,229.74,0.10,8.84,-0.2504,-0.0160,14329.5,0.0,210.84,210.88,206.77,206.77,10.4439,22.021,33.5564,54.4533,87.4898,153.351,151.134,148.971,147.273,145.423,143.387,141.115,137.364,131.479,83.6868,42.4578,23.4012,14.4914,6.465
39.664,-0.0164,1.0000,0.0000,6,230.08,0.09,8.79,-0.2469,-0.0159,14342.2,0.0,211.16,211.18,206.95,206.95,10.4157,21.9657,33.4775,54.341,87.3491,152.005,149.799,147.647,145.961,144.124,142.105,139.854,136.148,130.378,83.9174,42.6149,23.4981,14.5545,6.49447
39.683,-0.0257,1.0000,0.0000,6,230.41,0.07,8.74,-0.2435,-0.0153,14356.7,0.0,211.40,211.53,207.16,207.16,10.3938,21.9452,33.4816,54.4493,87.7802,150.574,148.368,146.219,144.535,142.701,140.686,138.44,134.743,128.983,83.2841,42.5464,23.526,14.5913,6.51955
39.702,-0.0232,1.0000,0.0000,6,230.73,0.17,8.67,-0.2403,-0.0137,14372.9,0.0,211.59,211.92,207.39,207.39,10.3829,21.9857,33.6305,54.9446,89.2289,148.999,146.777,144.613,142.916,141.068,139.035,136.766,133.014,127.076,81.2537,42.0991,23.4354,14.5821,6.53657
39.727,-0.0208,1.0000,0.0000,6,231.05,0.38,8.60,-0.2373,-0.0116,14395.7,0.0,211.82,212.29,207.68,207.68,10.3792,22.0624,33.8651,55.674,91.3237,147.341,145.095,142.905,141.188,139.315,137.251,134.942,131.096,124.833,78.6124,41.4597,23.2796,14.5463,6.54821
39.746,-0.0188,1.0000,0.0000,6,231.35,0.59,8.42,-0.2345,-0.0093,14439.0,0.0,212.08,212.59,208.34,208.34,10.3791,22.1528,34.1313,56.4933,93.6996,145.659,143.385,141.168,139.428,137.527,135.429,133.072,129.114,122.408,75.9715,40.7844,23.1044,14.5002,6.55661
39.765,-0.0169,1.0000,0.0000,6,231.68,0.75,8.32,-0.2321,-0.0071,14448.7,0.0,212.38,212.89,208.49,208.49,10.3808,22.2456,34.4007,57.3248,96.1524,143.981,141.681,139.438,137.675,135.748,133.615,131.21,127.135,119.867,73.571,40.1437,22.932,14.4522,6.56291
39.783,-0.0152,1.0000,0.0000,6,232.00,0.83,8.28,-0.2300,-0.0052,14460.9,0.0,212.71,213.17,208.66,208.66,10.3832,22.3321,34.651,58.1033,98.4929,142.33,140.008,137.743,135.961,134.01,131.847,129.4,125.216,117.264,71.537,39.5817,22.7769,14.4077,6.56776
39.802,-0.0137,1.0000,0.0000,6,232.33,0.86,8.21,-0.2283,-0.0035,14474.3,0.0,213.03,213.43,208.85,208.85,10.3855,22.4066,34.8673,58.7831,100.576,140.721,138.383,136.101,134.305,132.337,130.152,127.671,123.398,114.635,69.9058,39.119,22.6472,14.37,6.57169
39.827,-0.0123,1.0000,0.0000,6,232.66,0.82,8.15,-0.2269,-0.0022,14489.4,0.0,213.37,213.69,209.07,209.07,10.3879,22.4684,35.0463,59.3488,102.335,139.159,136.81,134.518,132.713,130.735,128.535,126.033,121.696,111.925,68.6404,38.7514,22.5422,14.3388,6.57441
39.846,-0.0111,1.0000,0.0000,6,232.95,0.77,8.06,-0.2258,-0.0010,14527.5,0.0,213.69,213.96,209.60,209.60,10.3906,22.5225,35.2017,59.8402,103.88,137.626,135.271,132.972,131.163,129.179,126.97,124.455,120.075,109.11,67.6032,38.4433,22.4522,14.3111,6.576
39.864,-0.0100,1.0000,0.0000,6,233.27,0.72,7.95,-0.2250,0.0000,14546.2,0.0,213.98,214.23,209.89,209.89,10.3951,22.5781,35.3564,60.3235,105.404,136.099,133.739,131.437,129.624,127.635,125.42,122.894,118.476,106.544,66.6357,38.1466,22.3617,14.281,6.57559
39.883,-0.0090,1.0000,0.0000,6,233.60,0.67,7.89,-0.2245,0.0010,14558.0,0.0,214.29,214.52,210.06,210.06,10.4006,22.6331,35.5063,60.7878,106.874,134.582,132.219,129.914,128.099,126.107,123.888,121.355,116.907,104.25,65.7501,37.8679,22.2738,14.2503,6.57382
39.902,-0.0081,1.0000,0.0000,6,233.92,0.62,7.87,-0.2242,0.0019,14571.9,0.0,214.60,214.81,210.26,210.26,10.4076,22.6873,35.6495,61.2257,136.906,133.077,130.712,128.407,126.591,124.6,122.379,119.842,115.376,102.232,64.9514,37.6088,22.1886,14.2185,6.57033
39.927,-0.0073,1.0000,0.0000,6,234.25,0.56,7.83,-0.2241,0.0027,14586.6,0.0,214.91,215.09,210.47,210.47,10.4152,22.7374,35.7786,61.6149,135.42,131.589,129.226,126.923,125.11,123.121,120.904,118.369,113.899,100.544,64.2685,37.3811,22.111,14.188,6.56577
39.945,-0.0065,1.0000,0.0000,6,234.56,0.50,7.81,-0.2243,0.0033,14602.8,0.0,215.22,215.37,210.71,210.71,10.4232,22.7827,35.8919,61.9508,133.949,130.12,127.761,125.463,123.655,121.672,119.462,116.937,112.48,99.1636,63.698,37.1852,22.0415,14.1592,6.5603
39.965,-0.0059,1.0000,0.0000,6,234.87,0.45,7.74,-0.2246,0.0039,14636.0,0.0,215.51,215.65,211.18,211.18,10.4323,22.8284,36.003,62.274,132.481,128.656,126.302,124.011,122.209,120.234,118.033,115.518,111.083,97.8978,63.1643,36.9968,21.9721,14.1292,6.55358
39.984,-0.0053,1.0000,0.0000,6,235.18,0.41,7.69,-0.2252,0.0045,14652.1,0.0,215.80,215.93,211.42,211.42,10.4427,22.8766,36.1175,62.6025,131.011,127.192,124.844,122.559,120.764,118.796,116.605,114.102,109.69,96.6666,62.6356,36.8057,21.8995,14.0966,6.54552
40.002,-0.0048,1.0000,0.0000,6,235.50,0.38,7.66,-0.2258,0.0050,14667.4,0.0,216.10,216.22,211.64,211.64,10.4537,22.9236,36.2264,62.9094,129.547,125.735,123.393,121.118,119.33,117.372,115.192,112.704,108.324,95.5653,62.1535,36.6266,21.8293,14.0639,6.53661
40.027,-0.0043,1.0000,0.0000,6,235.82,0.34,7.65,-0.2266,0.0055,14683.4,0.0,216.40,216.51,211.87,211.87,10.4656,22.9704,36.3322,63.2016,128.086,124.282,121.949,119.683,117.904,115.957,113.79,111.32,106.978,94.5584,61.7042,36.4552,21.7598,14.0305,6.52676
40.046,-0.0039,1.0000,0.0000,6,236.14,0.31,7.61,-0.2276,0.0059,14700.0,0.0,216.69,216.79,212.11,212.11,10.4777,23.015,36.4299,63.4654,126.631,122.838,120.515,118.26,116.491,114.556,112.405,109.956,105.661,93.6839,61.3058,36.2986,21.694,13.9977,6.51636
40.064,-0.0035,1.0000,0.0000,6,236.45,0.27,7.59,-0.2286,0.0062,14717.5,0.0,216.99,217.07,212.36,212.36,10.4903,23.0581,36.5221,63.7082,125.181,121.4,119.087,116.845,115.087,113.166,111.033,108.607,104.365,92.9077,60.9446,36.1524,21.6305,13.9651,6.50535
40.083,-0.0031,1.0000,0.0000,6,236.75,0.25,7.51,-0.2297,0.0065,14750.2,0.0,217.28,217.34,212.83,212.83,10.5033,23.1008,36.611,63.937,123.732,119.966,117.665,115.436,113.69,111.784,109.669,107.268,103.085,92.1994,60.6085,36.0126,21.568,13.9321,6.4937
40.107,-0.0028,1.0000,0.0000,6,237.06,0.23,7.46,-0.2310,0.0068,14764.7,0.0,217.57,217.63,213.04,213.04,10.5169,23.1432,36.6979,64.1566,122.285,118.533,116.244,114.03,112.297,110.406,108.311,105.936,101.815,91.5381,60.2896,35.8769,21.5059,13.8987,6.48152
40.127,-0.0025,1.0000,0.0000,6,237.38,0.21,7.44,-0.2323,0.0071,14780.3,0.0,217.86,217.92,213.27,213.27,10.5311,23.1872,36.787,64.3794,120.835,117.099,114.823,112.623,110.903,109.028,106.953,104.605,100.545,90.8816,59.9693,35.7389,21.4419,13.8639,6.46862
40.145,-0.0023,1.0000,0.0000,6,237.69,0.19,7.41,-0.2337,0.0074,14796.2,0.0,218.15,218.21,213.50,213.50,10.546,23.2326,36.8786,64.6079,119.383,115.662,113.399,111.214,109.507,107.648,105.594,103.272,99.2742,90.2214,59.6449,35.5978,21.376,13.8278,6.45513
40.164,-0.0021,1.0000,0.0000,6,238.00,0.18,7.39,-0.2352,0.0076,14812.9,0.0,218.44,218.49,213.74,213.74,10.5611,23.2766,36.9649,64.8168,117.933,114.23,111.981,109.811,108.118,106.277,104.244,101.951,98.0191,89.6317,59.3502,35.4655,21.3122,13.7921,6.44123
40.183,-0.0018,1.0000,0.0000,6,238.31,0.16,7.35,-0.2367,0.0078,14838.6,0.0,218.73,218.77,214.09,214.09,10.5762,23.3187,37.0454,65.0058,116.487,112.802,110.568,108.415,106.737,104.913,102.903,100.64,96.7784,88.9682,59.085,35.3426,21.2512,13.7571,6.42719
40.201,-0.0017,1.0000,0.0000,6,238.61,0.15,7.29,-0.2383,0.0080,14860.0,0.0,219.00,219.04,214.42,214.42,10.5918,23.3618,37.1273,65.1959,115.038,111.373,109.153,107.017,105.355,103.549,101.563,99.3303,95.5379,88.181,58.8199,35.2183,21.1887,13.721,6.41255
40.226,-0.0015,1.0000,0.0000,6,238.92,0.14,7.26,-0.2399,0.0082,14874.9,0.0,219.29,219.33,214.63,214.63,10.608,23.4063,37.2116,65.3921,113.586,109.941,107.736,105.618,103.97,102.183,100.22,98.0177,94.2941,87.3138,58.5485,35.0906,21.1245,13.684,6.39749
40.246,-0.0013,1.0000,0.0000,6,239.23,0.14,7.25,-0.2416,0.0083,14890.9,0.0,219.58,219.61,214.87,214.87,10.6242,23.4492,37.2911,65.5712,112.136,108.512,106.323,104.222,102.591,100.823,98.8837,96.7135,93.0608,86.4246,58.3009,34.9706,21.0625,13.6474,6.38225
40.265,-0.0012,1.0000,0.0000,6,239.54,0.13,7.23,-0.2434,0.0084,14907.2,0.0,219.87,219.89,215.10,215.10,10.6402,23.4898,37.3638,65.7273,110.689,107.087,104.915,102.833,101.218,99.471,97.5567,95.4197,91.8405,85.5256,58.0843,34.8608,21.0037,13.6119,6.36695
40.284,-0.0011,1.0000,0.0000,6,239.85,0.11,7.21,-0.2451,0.0085,14924.2,0.0,220.15,220.17,215.34,215.34,10.6564,23.53,37.4345,65.8756,109.242,105.662,103.508,101.446,99.8477,98.121,96.2324,94.1289,90.6235,84.6003,57.8783,34.754,20.9455,13.5763,6.35144
40.302,-0.0010,1.0000,0.0000,6,240.14,0.10,7.17,-0.2469,0.0086,14952.1,0.0,220.43,220.44,215.74,215.74,10.6728,23.5705,37.5057,66.0246,107.792,104.236,102.1,100.057,98.4758,96.7699,94.9071,92.8371,89.4045,83.6448,57.6721,34.6467,20.8868,13.5404,6.33571
40.327,-0.0009,1.0000,0.0000,6,240.45,0.10,7.13,-0.2488,0.0087,14968.6,0.0,220.71,220.72,215.99,215.99,10.6896,23.6121,37.5789,66.1784,106.339,102.807,100.688,98.6651,97.1014,95.4162,93.5792,91.5425,88.1814,82.6608,57.4602,34.5367,20.8268,13.5037,6.31968
40.346,-0.0008,1.0000,0.0000,6,240.76,0.10,7.11,-0.2506,0.0088,14984.4,0.0,220.99,221.01,216.21,216.21,10.7067,23.6547,37.6541,66.3373,104.883,101.374,99.2741,97.2707,95.7243,94.0599,92.2486,90.245,86.9541,81.6527,57.2425,34.4239,20.7654,13.4662,6.30334
40.365,-0.0007,1.0000,0.0000,6,241.06,0.10,7.10,-0.2525,0.0089,15000.6,0.0,221.27,221.29,216.45,216.45,10.724,23.6979,37.7306,66.4994,103.423,99.9395,97.8575,95.8741,94.3452,92.7017,90.9161,88.9455,85.7237,80.6256,57.0215,34.3096,20.7032,13.4283,6.28682
40.384,-0.0006,1.0000,0.0000,6,241.37,0.10,7.09,-0.2544,0.0090,15017.1,0.0,221.55,221.56,216.69,216.69,10.7416,23.7416,37.8079,66.6627,101.962,98.5026,96.4391,94.4761,92.9647,91.3423,89.5825,87.6448,84.4914,79.5837,56.7997,34.1944,20.6404,13.3899,6.27005
40.402,-0.0006,1.0000,0.0000,6,241.67,0.10,7.08,-0.2564,0.0091,15035.3,0.0,221.82,221.84,216.94,216.94,10.7593,23.7857,37.8858,66.8273,100.497,97.0635,95.0187,93.0762,91.5826,89.9814,88.2476,86.3428,83.2569,78.5281,56.5769,34.0784,20.577,13.3512,6.25311
40.427,-0.0005,1.0000,0.0000,6,241.96,0.10,7.03,-0.2583,0.0092,15060.6,0.0,222.10,222.12,217.31,217.31,10.7773,23.8306,37.9651,66.9946,99.0296,95.622,93.5963,91.6746,90.1989,88.619,86.9111,85.0391,82.0199,77.4598,56.3516,33.9609,20.5127,13.3118,6.23589
40.446,-0.0005,1.0000,0.0000,6,242.26,0.10,7.01,-0.2603,0.0093,15076.3,0.0,222.37,222.39,217.54,217.54,10.7956,23.876,38.0455,67.1649,97.5593,94.1781,92.1717,90.2709,88.8133,87.2548,85.5729,83.7336,80.78,76.3797,56.1234,33.842,20.4476,13.272,6.2185
40.464,-0.0004,1.0000,0.0000,6,242.56,0.10,7.00,-0.2623,0.0094,15092.6,0.0,222.66,222.67,217.78,217.78,10.8135,23.919,38.1189,67.3126,96.0913,92.7376,90.7512,88.8721,87.4331,85.8967,84.2415,82.4357,79.5487,75.3047,55.9228,33.7327,20.3859,13.2335,6.2012
40.484,-0.0004,1.0000,0.0000,6,242.87,0.10,6.99,-0.2644,0.0094,15108.9,0.0,222.94,222.94,218.01,218.01,10.8311,23.9588,38.1839,67.4329,94.6262,91.3013,89.3357,87.4792,86.0593,84.5456,82.9179,81.1462,78.3269,74.236,55.7548,33.6349,20.3281,13.1964,6.18409
40.502,-0.0003,1.0000,0.0000,6,243.16,0.09,6.98,-0.2664,0.0094,15125.7,0.0,223.21,223.21,218.25,218.25,10.8485,23.9975,38.2458,67.5818,93.1607,89.8654,87.921,86.0873,84.687,83.1963,81.5963,79.859,77.1068,73.1629,55.5993,33.5414,20.2717,13.1598,6.16696
40.527,-0.0003,1.0000,0.0000,6,243.46,0.08,6.96,-0.2684,0.0094,15149.5,0.0,223.49,223.48,218.59,218.59,10.866,24.036,38.3069,97.2124,91.6929,88.4277,86.5049,84.6943,83.3136,81.8461,80.2737,78.5707,75.8847,72.0806,55.4464,33.4487,20.2155,13.1233,6.1498
40.546,-0.0003,1.0000,0.0000,6,243.75,0.08,6.94,-0.2705,0.0094,15166.8,0.0,223.76,223.75,218.85,218.85,10.8836,24.0748,38.3687,95.7079,90.2222,86.9875,85.0865,83.2991,81.9382,80.4938,78.9492,77.2801,74.6591,70.988,55.2919,33.3552,20.1589,13.0865,6.13254
40.565,-0.0002,1.0000,0.0000,6,244.05,0.07,6.93,-0.2725,0.0094,15183.1,0.0,224.03,224.03,219.08,219.08,10.9012,24.1139,38.4309,94.1995,88.7484,85.5448,83.6657,81.9019,80.5608,79.1396,77.6225,75.9872,73.4301,69.8857,55.1355,33.2609,20.1019,13.0496,6.11523
40.583,-0.0002,1.0000,0.0000,6,244.35,0.07,6.93,-0.2746,0.0094,15199.5,0.0,224.30,224.30,219.32,219.32,10.919,24.1533,38.4939,92.687,87.2715,84.0995,82.2426,80.5023,79.1812,77.7832,76.2937,74.6919,72.1976,68.7743,54.977,33.1657,20.0445,13.0123,6.09782
40.602,-0.0002,0.9879,0.0000,6,244.64,0.07,6.92,-0.2767,0.0094,15216.1,0.0,224.57,224.57,219.56,219.56,10.9367,24.1924,38.5565,91.1708,85.792,82.652,80.8176,79.1012,77.8002,76.4255,74.9635,73.395,70.9625,67.6554,54.8193,33.0709,19.9874,12.9753,6.0805
40.627,-0.0002,0.9719,0.0000,6,244.93,0.07,6.92,-0.2787,0.0094,15228.6,0.0,224.84,224.84,219.74,219.74,10.9544,24.2318,38.6193,89.6509,84.3098,81.2023,79.3907,77.6983,76.4175,75.0662,73.6317,72.0963,69.7247,66.5292,54.6616,32.976,19.9301,12.9381,6.06308
40.646,-0.0002,0.9509,0.0000,6,245.20,0.08,6.89,-0.2808,0.0094,15244.8,0.0,225.10,225.09,219.97,219.97,10.9722,24.2711,38.6819,88.1272,82.825,79.7505,77.962,76.2939,75.0333,73.7055,72.2985,70.7961,68.4844,65.3964,54.5044,32.8811,19.8727,12.9009,6.04563
40.664,-0.0001,0.9342,0.0000,6,245.46,0.08,6.88,-0.2829,0.0094,15251.8,0.0,225.34,225.34,220.07,220.07,10.9899,24.3102,38.7443,86.5999,81.3375,78.2968,76.5316,74.888,73.6478,72.3435,70.9639,69.4943,67.2417,64.2572,54.3479,32.7867,19.8157,12.8638,6.02827
40.684,-0.0001,0.9190,0.0000,6,245.70,0.08,6.88,-0.2850,0.0094,15259.7,0.0,225.58,225.57,220.19,220.19,11.0077,24.3495,38.8068,85.0689,79.8475,76.841,75.0994,73.4804,72.2609,70.9801,69.628,68.1908,65.9965,63.1119,54.1911,32.692,19.7584,12.8266,6.01083
40.702,-0.0001,0.9048,0.0000,6,245.93,0.08,6.88,-0.2870,0.0094,15267.5,0.0,225.79,225.78,220.30,220.30,11.0254,24.3885,38.8687,83.5345,78.3553,75.3836,73.6659,72.0719,70.8729,69.6159,68.2912,66.8864,64.7495,61.9614,53.9547,32.5981,19.7014,12.7896,5.99343
40.727,-0.0001,0.8912,0.0000,6,246.14,0.08,6.87,-0.2891,0.0094,15275.2,0.0,225.99,225.99,220.41,220.41,11.0431,24.4273,38.9301,81.9968,76.8609,73.9247,72.2311,70.6623,69.4841,68.2508,66.9536,65.581,63.5007,60.806,53.4735,32.5048,19.6447,12.7526,5.97603
40.746,-0.0001,0.8759,0.0000,6,246.34,0.08,6.87,-0.2912,0.0094,15285.7,0.0,226.18,226.18,220.56,220.56,11.0607,24.4659,38.9909,80.4557,75.3645,72.4643,70.7953,69.2518,68.0946,66.885,65.6152,64.2746,62.2502,59.646,52.8508,32.4124,19.5883,12.7158,5.95867
40.765,-0.0001,0.8629,0.0000,6,246.53,0.08,6.85,-0.2933,0.0094,15291.8,0.0,226.36,226.35,220.65,220.65,11.0784,24.5045,39.0517,78.9112,73.8658,71.0022,69.358,67.8401,66.7039,65.5182,64.2757,62.967,60.9976,58.4811,52.1368,32.3199,19.5318,12.6789,5.9413
40.783,-0.0001,0.8517,0.0000,6,246.70,0.09,6.85,-0.2953,0.0094,15297.2,0.0,226.53,226.52,220.73,220.73,11.096,24.543,39.1123,77.3632,72.3648,69.5385,67.9193,66.4272,65.3122,64.1504,62.9353,61.6582,59.7431,57.3115,51.358,32.2276,19.4755,12.6422,5.92396
40.802,-0.0001,0.8412,0.0000,6,246.87,0.09,6.85,-0.2974,0.0094,15302.9,0.0,226.69,226.68,220.81,220.81,11.1136,24.5814,39.1726,75.8119,70.8618,68.0733,66.4796,65.0135,63.9198,62.782,61.5941,60.3484,58.4869,56.1378,50.5303,32.1358,19.4192,12.6054,5.90661
40.827,-0.0001,0.8315,0.0000,6,247.02,0.09,6.85,-0.2995,0.0094,15308.2,0.0,226.83,226.83,220.89,220.89,11.1311,24.6194,39.2321,74.2573,69.3569,66.6069,65.0389,63.5991,62.5268,61.413,60.2523,59.0379,57.2292,54.9604,49.6641,32.0449,19.3634,12.5689,5.88933
40.846,-0.0001,0.8221,0.0000,6,247.17,0.09,6.85,-0.3015,0.0094,15313.7,0.0,226.97,226.97,220.97,220.97,11.1486,24.6572,39.2909,72.6995,67.8502,65.1393,63.5974,62.1841,61.1332,60.0435,58.9101,57.7267,55.9701,53.7793,48.7663,31.9548,19.308,12.5325,5.8721
40.864,-0.0001,0.8116,0.0000,6,247.30,0.09,6.84,-0.3036,0.0093,15320.7,0.0,227.10,227.09,221.07,221.07,11.166,24.6947,39.3493,71.1382,66.3413,63.6704,62.1547,60.7682,59.7389,58.6734,57.5671,56.4147,54.7094,52.5946,47.8415,31.8653,19.2528,12.4963,5.85492
40.884,-0.0000,0.8029,0.0000,6,247.43,0.09,6.84,-0.3056,0.0093,15324.7,0.0,227.22,227.22,221.13,221.13,11.1833,24.732,39.4073,69.5735,64.8305,62.2001,60.7111,59.3515,58.344,57.3026,56.2235,55.1017,53.4472,51.4062,46.8937,31.7764,19.1979,12.4603,5.83785
40.902,-0.0000,0.7951,0.0000,6,247.55,0.10,6.84,-0.3077,0.0093,15328.6,0.0,227.34,227.33,221.19,221.19,11.2004,24.769,39.4647,68.0054,63.3178,60.7285,59.2666,57.9341,56.9485,55.9313,54.8793,53.788,52.1835,50.2146,45.9258,31.6883,19.1435,12.4245,5.82088
40.927,0.0450,0.7880,0.0000,6,247.66,0.10,6.85,-0.3097,0.0093,15332.4,0.0,227.44,227.44,221.24,221.24,11.2177,24.8062,39.5818,66.4338,61.8029,59.2556,57.8209,56.5159,55.5522,54.5593,53.5343,52.4733,50.9182,49.0194,44.94,31.5999,19.0888,12.3886,5.80379
40.946,0.1269,0.7815,0.0000,6,247.76,0.12,6.85,-0.3115,0.0075,15335.9,0.0,227.72,227.33,221.29,221.29,11.213,24.7078,39.7045,65.0064,60.4524,57.9589,56.5588,55.2882,54.3518,53.3891,52.3974,51.3737,49.8789,48.0651,44.2321,31.951,19.1934,12.4185,5.79854
40.965,0.2077,0.7737,0.0000,6,247.83,-0.26,6.83,-0.3127,0.0012,15341.5,0.0,228.12,226.86,221.37,221.37,11.1529,24.2809,38.7317,63.9328,59.4976,57.083,55.7323,54.5101,53.612,52.691,51.7453,50.7724,49.3592,47.6585,44.1386,33.4957,19.7175,12.62,5.82431
40.983,0.2683,0.7628,0.0000,6,247.85,-1.35,6.79,-0.3127,-0.0102,15350.3,0.0,228.44,226.18,221.50,221.50,11.0268,23.4988,36.3817,63.2526,58.9755,56.6615,55.3726,54.2103,53.3588,52.4884,51.5975,50.6847,49.3661,47.7932,44.604,36.3268,20.8331,13.0532,5.89241
41.002,0.3137,0.7490,0.0000,6,247.81,-2.92,6.70,-0.3109,-0.0251,15360.7,0.0,228.53,225.49,221.64,221.64,10.8541,22.5236,33.8601,62.8058,58.7018,56.4948,55.2705,54.1699,53.3661,52.5466,51.7104,50.8567,49.6295,48.1764,45.2776,38.3767,22.5581,13.7035,5.99998
41.027,0.3478,0.7351,0.0000,6,247.71,-4.62,6.57,-0.3070,-0.0415,15369.1,0.0,228.37,224.86,221.77,221.77,10.657,21.5123,31.5784,62.423,58.4871,56.3819,55.2181,54.1749,53.4148,52.6416,51.8548,51.0536,49.9065,48.5559,45.8927,39.8419,24.8788,14.5365,6.14056
41.046,0.3537,0.7242,0.0000,6,247.56,-6.19,6.40,-0.3008,-0.0581,15373.5,0.0,228.00,224.28,221.84,221.84,10.4492,20.5453,29.5277,62.0035,58.2219,56.2087,55.0991,54.1068,53.3852,52.6526,51.9085,51.1526,50.0734,48.8083,46.3343,40.8706,27.8194,15.5286,6.30937
41.064,0.2970,0.7181,0.0000,6,247.38,-7.51,6.20,-0.2923,-0.0740,15373.6,0.0,227.60,223.83,221.84,221.84,10.2368,19.6513,27.7271,61.4991,57.8557,55.9241,54.8624,53.9145,53.2265,52.529,51.8217,51.1045,50.0829,48.8893,46.5695,41.5418,30.9441,16.6658,6.50359
41.084,0.2673,0.7174,0.0000,6,247.20,-8.52,5.98,-0.2813,-0.0888,15370.1,0.0,227.43,223.76,221.79,221.79,10.0231,18.8373,26.1653,60.9014,57.3648,55.505,54.4851,53.5761,52.9173,52.2502,51.5747,50.8907,49.9183,48.7851,46.5934,41.9066,32.6778,17.9334,6.72064
41.102,0.2406,0.7213,0.0000,6,247.03,-9.16,5.75,-0.2678,-0.1022,15364.4,0.0,227.26,223.84,221.71,221.71,9.80861,18.0984,24.811,60.216,56.7426,54.9462,53.963,53.0881,52.4548,51.8142,51.1664,50.5113,49.5814,48.5001,46.417,42.0078,33.6641,19.316,6.95871
41.127,0.2165,0.7286,0.0000,6,246.88,-9.45,5.53,-0.2519,-0.1142,15357.4,0.0,227.09,223.97,221.62,221.62,9.59235,17.4213,23.6216,59.4371,55.9993,54.2592,53.3087,52.4641,51.8533,51.2363,50.613,49.9833,49.0908,48.055,46.0661,41.8912,34.2027,20.806,7.21705
41.146,0.1948,0.7378,0.0000,6,246.76,-9.42,5.31,-0.2334,-0.1248,15350.6,0.0,226.95,224.16,221.52,221.52,9.37188,16.79,22.5563,58.5691,55.1516,53.4624,52.5414,51.7242,51.1338,50.538,49.9367,49.3299,48.4709,47.4758,45.5707,41.5998,34.4355,22.4038,7.49644
41.164,0.1754,0.7484,0.0000,6,246.67,-9.15,5.10,-0.2125,-0.1344,15343.2,0.0,226.84,224.36,221.41,221.41,9.14564,16.1912,21.5813,57.6221,54.2182,52.5757,51.6819,50.8897,50.3181,49.7418,49.1607,48.5748,47.7465,46.7885,44.9593,41.1707,34.4474,23.878,7.797
41.184,0.1578,0.7606,0.0000,6,246.61,-8.69,4.90,-0.1892,-0.1429,15334.7,0.0,226.78,224.57,221.29,221.29,8.91205,15.615,20.6735,56.6029,53.2118,51.6128,50.7444,49.9756,49.4215,48.8633,48.3009,47.7345,46.9347,46.0111,44.252,40.6295,34.2904,24.7585,8.11929
41.202,0.1420,0.7713,0.0000,6,246.58,-8.09,4.70,-0.1636,-0.1506,15329.4,0.0,226.74,224.79,221.21,221.21,8.67045,15.0545,19.816,55.5187,52.1436,50.5855,49.7409,48.9942,48.4566,47.9155,47.3709,46.8228,46.0499,45.1585,43.465,39.9962,34.0005,25.2688,8.46289
41.227,0.1278,0.7804,0.0000,6,246.58,-7.42,4.50,-0.1357,-0.1576,15325.1,0.0,226.75,225.00,221.15,221.15,8.41952,14.5007,18.9945,54.3849,51.0328,49.5106,48.689,47.9635,47.4417,46.9169,46.3892,45.8587,45.1113,44.2507,42.6195,39.295,33.6122,25.54,8.82899
41.245,0.1196,0.7875,0.0000,6,246.60,-6.75,4.31,-0.1056,-0.1641,15322.3,0.0,226.79,225.19,221.10,221.10,8.15827,13.9464,18.2197,53.2167,49.894,48.4034,47.6041,46.8992,46.3926,45.8837,45.3723,44.8587,44.136,43.3049,41.7333,38.5457,33.152,25.645,9.21901
41.264,0.1696,0.7924,0.0000,6,246.64,-6.13,4.13,-0.0735,-0.1705,15321.0,0.0,226.87,225.34,221.09,221.09,7.88519,13.3825,17.4815,52.0387,48.748,47.2854,46.5079,45.8232,45.3316,44.8381,44.3428,43.8456,43.1468,42.3444,40.8303,37.7735,32.6493,25.6386,9.63676
41.283,0.2397,0.7950,0.0000,6,246.67,-5.62,3.95,-0.0394,-0.1776,15321.0,0.0,226.80,225.20,221.09,221.09,7.59656,12.7919,16.7457,50.9019,47.6373,46.1975,45.4417,44.7769,44.3001,43.8219,43.3422,42.8613,42.1859,41.4115,39.9532,37.0219,32.1498,25.5794,10.0935
41.302,0.2923,0.7978,0.0000,6,246.69,-5.38,3.80,-0.0031,-0.1861,15319.3,0.0,226.65,224.82,221.06,221.06,7.28912,12.1618,15.9779,49.855,46.603,45.1755,44.4414,43.7964,43.3343,42.8711,42.4069,41.9418,41.2894,40.5422,39.138,36.3268,31.6895,25.5105,10.6037
41.327,0.3317,0.7967,0.0000,6,246.67,-5.45,3.63,0.0352,-0.1961,15322.8,0.0,226.48,224.36,221.11,221.11,6.96336,11.4959,15.1769,48.9051,45.6506,44.2241,43.5069,42.8814,42.4336,41.9851,41.536,41.0864,40.4563,39.7354,38.3832,35.6858,31.2663,25.4359,11.1756
41.346,0.3613,0.7925,0.0000,6,246.62,-5.77,3.45,0.0757,-0.2073,15327.6,0.0,226.29,223.88,221.17,221.17,6.62176,10.8061,14.3652,48.0325,44.7632,43.3326,42.618,42.0108,41.577,41.1427,40.7082,40.2735,39.6647,38.9691,37.6663,35.0764,30.8586,25.3411,11.8035
41.364,0.3835,0.7870,0.0000,6,246.54,-6.25,3.28,0.1185,-0.2195,15331.8,0.0,226.08,223.40,221.23,221.23,6.26616,10.1169,13.5618,47.2232,43.9288,42.4898,41.7717,41.1695,40.7489,40.3283,39.9078,39.4873,38.899,38.2274,36.9717,34.483,30.4522,25.2178,12.3689
41.384,0.4001,0.7817,0.0000,6,246.43,-6.88,3.09,0.1635,-0.2326,15334.8,0.0,225.87,222.92,221.28,221.28,5.89722,9.45014,12.7763,46.4768,43.1464,41.6949,40.9712,40.3647,39.9459,39.5372,39.1299,38.723,38.1542,37.5055,36.2942,33.9007,30.0434,25.0665,12.8439
41.402,0.4126,0.7844,0.0000,6,246.31,-7.54,2.92,0.2109,-0.2461,15327.4,0.0,225.62,222.48,221.18,221.18,5.51752,8.81925,12.0437,45.7551,42.3842,40.9184,40.1884,39.5769,39.1549,38.7447,38.3459,37.952,37.4017,36.7747,35.6057,33.3021,29.6071,24.868,13.231
41.427,0.4219,0.7885,0.0000,6,246.18,-8.05,2.77,0.2608,-0.2592,15323.9,0.0,225.31,222.09,221.12,221.12,5.12921,8.23931,11.406,45.0057,41.5985,40.1205,39.3852,38.7696,38.345,37.9325,37.5316,37.1419,36.6088,36.0026,34.8741,32.6564,29.1157,24.6009,13.5289
41.446,0.4289,0.7897,0.0000,6,246.04,-8.44,2.58,0.3130,-0.2719,15325.3,0.0,224.99,221.76,221.15,221.15,4.73213,7.71563,10.8808,44.2196,40.7821,39.2947,38.5554,37.937,37.5106,37.0966,36.6943,36.3034,35.7744,35.1878,34.0983,31.9632,28.5702,24.2688,13.7447
41.464,0.4342,0.7909,0.0000,6,245.91,-8.73,2.37,0.3678,-0.2841,15324.6,0.0,224.68,221.47,221.14,221.14,4.3395,7.25212,10.4885,43.4019,39.9395,38.445,37.7031,37.0828,36.6554,36.2405,35.8376,35.4461,34.9167,34.3369,33.285,31.2296,27.9784,23.8806,13.8874
41.483,0.4382,0.7944,0.0000,6,245.75,-8.90,2.23,0.4249,-0.2946,15320.8,0.0,224.38,221.20,221.08,221.08,3.9849,6.84924,10.2511,42.584,39.0965,37.5951,36.8506,36.2287,35.8004,35.3847,34.9813,34.5895,34.0598,33.48,32.4541,30.4753,27.3596,23.4549,13.9694
41.502,0.4411,0.7988,0.0000,6,245.55,-9.19,2.22,0.4796,-0.2655,15317.5,0.0,224.21,220.85,221.03,221.03,3.66722,6.49026,10.1399,41.8833,38.3486,36.8317,36.0806,35.4537,35.0222,34.6036,34.1976,33.8035,33.271,32.6884,31.6656,29.7579,26.7677,23.0395,14.0164
41.527,0.4433,0.8142,0.0000,6,245.31,-9.80,2.38,0.5275,-0.2382,15300.2,0.0,224.15,220.41,220.80,220.80,3.38596,6.17051,10.1764,41.3684,37.7501,36.2035,35.439,34.8016,34.3632,33.9383,33.5263,33.1267,32.587,31.9972,30.9627,29.1011,26.2243,22.6537,14.041
41.546,0.4450,0.8457,0.0000,6,245.09,-10.49,2.66,0.5687,-0.2110,15269.4,0.0,224.06,220.00,220.37,220.37,3.14584,5.9218,10.8149,40.9326,37.2129,35.6301,34.8492,34.1989,33.7521,33.3193,32.8999,32.4934,31.9449,31.346,30.2969,28.4468,25.6764,22.2531,14.0262
41.565,0.4463,0.8836,0.0000,6,244.94,-10.45,3.01,0.6031,-0.1802,15242.1,0.0,223.66,219.78,219.97,219.97,2.95835,5.82477,49.0111,40.2632,36.486,34.885,34.0965,33.4405,32.9902,32.5542,32.1321,31.7231,31.1717,30.57,29.5172,27.6691,25.0089,21.7405,13.9302
41.584,0.4472,0.8952,0.0000,6,244.81,-9.66,3.38,0.6306,-0.1461,15254.3,0.0,223.16,219.72,220.07,220.07,2.82582,5.91933,48.2117,39.3672,35.578,33.9771,33.1899,32.5355,32.0865,31.6521,31.2317,30.8246,30.276,29.6778,28.6322,26.7996,24.2417,21.1351,13.7641
41.602,0.4479,0.8964,0.0000,6,244.66,-9.17,3.65,0.6511,-0.1126,15261.3,0.0,222.94,219.64,220.24,220.24,2.74448,6.21065,47.5406,38.5503,34.7331,33.1265,32.3378,31.6828,31.2337,30.7995,30.3795,29.9731,29.4257,28.8293,27.7879,25.966,23.4867,20.532,13.5719
41.627,0.4484,0.9143,0.0000,6,244.57,-8.90,3.94,0.6644,-0.0795,15238.3,0.0,222.87,219.54,219.91,219.91,2.72058,6.85272,46.9535,37.7813,33.9257,32.3098,31.5179,30.861,30.411,29.9762,29.5559,29.1494,28.6023,28.0067,26.9681,25.1546,22.7305,19.9203,13.3499
41.646,0.4488,0.9352,0.0000,6,244.47,-8.48,4.36,0.6704,-0.0461,15223.5,0.0,222.81,219.47,219.69,219.69,2.76126,8.47625,46.3746,37.0108,33.1166,31.4916,30.6968,30.0383,29.5876,29.1524,28.732,28.3257,27.7792,27.1849,26.1496,24.346,21.9572,19.2871,13.0938
41.665,0.4491,0.5144,0.0000,6,244.33,-8.32,4.74,0.6692,-0.0140,15239.6,0.0,222.83,219.36,219.92,219.92,2.86951,74.5843,45.9823,36.3463,32.3889,30.7462,29.9445,29.2811,28.8276,28.39,27.9676,27.5597,27.0115,26.4159,25.3801,23.5798,21.2042,18.6575,12.8159
41.683,0.4493,0.2829,0.0000,6,243.98,-8.38,5.27,0.6610,0.0163,15057.2,0.0,222.90,219.15,217.32,217.32,3.04948,77.0533,45.8895,35.8482,31.7876,30.1126,29.2973,28.6238,28.164,27.7207,27.2932,26.8807,26.3271,25.7262,24.683,22.8754,20.5001,18.0406,12.5211
41.702,0.4492,0.1556,0.0000,6,243.34,-8.51,5.93,0.6461,0.0451,14929.9,0.0,222.76,218.73,215.48,215.48,3.30884,80.7227,46.0539,35.4804,31.282,29.5628,28.7286,28.0408,27.5718,27.1203,26.6853,26.2661,25.704,25.0948,24.0393,22.2167,19.8333,17.4245,12.2058
41.727,0.4474,0.0856,0.0000,6,242.53,-8.70,6.68,0.6247,0.0725,14833.9,0.0,222.37,218.12,216.11,212.08,3.65564,85.6924,46.5067,35.2481,30.873,29.0965,28.2378,27.5312,27.0502,26.5877,26.1427,25.7143,25.1407,24.5201,23.4473,21.6021,19.2025,16.8066,11.8703
41.746,0.4427,0.0471,0.0000,6,241.62,-9.05,7.53,0.5971,0.0979,14755.2,0.0,221.86,217.31,215.29,210.63,4.09595,90.6191,47.4096,35.2225,30.6095,28.7554,27.8631,27.1307,26.6331,26.1553,25.6964,25.2551,24.6653,24.0284,22.9303,21.0502,18.6211,16.2122,11.5189
41.765,0.4368,0.0259,0.0000,6,240.62,-9.70,8.52,0.5640,0.1201,14681.5,0.0,221.32,216.28,214.59,209.21,4.62938,95.8119,49.1507,35.5737,30.6085,28.6386,27.6957,26.9243,26.4014,25.9005,25.42,24.959,24.3439,23.6814,22.5429,20.6048,18.1206,15.6779,11.1599
41.784,0.4317,0.0142,0.0000,6,239.57,-10.84,9.44,0.5254,0.1397,14609.4,0.0,220.71,215.21,213.81,207.91,5.26772,101.054,51.9202,36.3249,30.8698,28.7406,27.7282,26.9034,26.3459,25.8131,25.3032,24.815,24.1653,23.4673,22.273,20.2539,17.6908,15.1959,10.7889
41.802,0.4279,0.0078,0.0000,6,238.50,-11.81,10.45,0.4818,0.1588,14540.9,0.0,219.82,214.19,212.80,206.95,6.04914,105.789,55.5275,37.2915,31.2441,28.9275,27.8345,26.9479,26.3508,25.7814,25.2381,24.719,24.0301,23.2926,22.0361,19.9278,17.2798,14.731,10.394
41.827,0.4251,0.0043,0.0000,6,237.43,-12.39,11.47,0.4335,0.1783,14472.2,0.0,218.70,213.18,211.69,206.07,7.00261,110.705,59.9863,38.3899,31.6609,29.1364,27.9554,27.0019,26.3622,25.7539,25.1749,24.6233,23.8933,23.1145,21.794,19.596,16.8661,14.2688,9.97261
41.846,0.4229,0.0024,0.0000,6,236.31,-13.28,12.40,0.3808,0.1957,14401.2,0.0,217.74,212.09,210.83,204.89,7.85912,117.091,66.8373,40.0793,32.407,29.6031,28.3048,27.2629,26.5668,25.9073,25.2817,24.6873,23.9037,23.071,21.6672,19.3527,16.5154,13.8525,9.53898
41.865,0.4213,0.0013,0.0000,6,235.19,-14.44,13.23,0.3237,0.2118,14332.3,0.0,216.79,211.01,209.90,203.82,8.57562,125.077,76.9034,42.4345,33.48,30.3119,28.8632,27.7088,26.9417,26.2178,25.5336,24.8862,24.0359,23.1368,21.6311,19.1755,16.2098,13.469,9.09956
41.884,0.4201,0.0007,0.0000,6,234.12,-14.88,14.12,0.2627,0.2300,14265.4,0.0,215.60,210.11,208.61,203.19,9.22696,132.993,83.7476,44.8807,34.4815,30.9288,29.3255,28.0573,27.219,26.4313,25.6898,24.9906,24.0763,23.1141,21.5134,18.9313,15.8581,13.0603,8.66883
41.902,0.4192,0.0004,0.0000,6,233.11,-14.90,14.73,0.1976,0.2506,14199.4,0.0,214.31,209.37,207.31,202.58,9.84037,139.637,87.9614,47.1632,35.2584,31.3346,29.5867,28.214,27.3115,26.4668,25.6747,24.9305,23.9613,22.9459,21.2675,18.5873,15.4409,12.6158,8.24513
41.927,0.4186,0.0002,0.0000,6,232.17,-14.75,15.05,0.1289,0.2601,14137.5,0.0,213.15,208.75,206.12,201.98,10.4223,145.121,90.7618,49.2608,35.8098,31.5353,29.6555,28.1897,27.2308,26.3369,25.5017,24.7197,23.705,22.6468,20.9079,18.1577,14.9697,12.1436,7.82916
41.946,0.4181,0.0001,0.0000,6,231.31,-14.22,15.11,0.0619,0.2483,14082.4,0.0,212.09,208.25,204.92,201.57,11.0011,67.6657,92.2096,50.637,35.881,31.3446,29.3722,27.8435,26.8479,25.9229,25.0614,24.2571,23.2169,22.1361,20.3691,17.5969,14.417,11.6275,7.41568
41.965,0.4177,0.0001,0.0000,6,230.56,-13.27,14.85,-0.0021,0.2405,14028.9,0.0,211.09,207.88,203.74,201.21,11.5995,66.054,92.3327,50.735,35.2566,30.6162,28.6154,27.0717,26.0695,25.1407,24.2776,23.4735,22.4361,21.3611,19.6098,16.8779,13.7677,11.0592,7.00126
41.983,0.4174,0.0000,0.0000,6,229.86,-12.18,14.30,-0.0638,0.2351,13980.2,0.0,210.23,207.57,202.75,200.78,12.2047,66.2211,91.6541,49.8586,34.1453,29.522,27.5408,26.0171,25.0303,24.1173,23.2704,22.4825,21.4677,20.4182,18.7128,16.0635,13.0631,10.4638,6.59046
42.002,0.4172,0.0000,0.0000,6,229.20,-11.00,13.63,-0.1233,0.2310,13937.1,0.0,209.46,207.25,201.94,200.35,12.8033,67.4188,90.5608,48.4151,32.7691,28.2344,26.3005,24.8171,23.8581,22.9722,22.1513,21.3886,20.4075,19.3944,17.7515,15.2072,12.3375,9.86142,6.18696
42.027,0.4170,0.0000,0.0000,6,228.54,-9.82,12.96,-0.1808,0.2273,13898.4,0.0,208.76,206.90,201.29,199.87,13.3777,70.004,89.3872,46.8463,31.3424,26.9148,25.0355,23.5975,22.6695,21.8133,21.021,20.2857,19.3411,18.3669,16.7903,14.356,11.6209,9.26989,5.79474
42.046,0.4169,0.0000,0.0000,6,227.89,-8.72,12.29,-0.2363,0.2236,13862.0,0.0,208.17,206.53,200.73,199.38,13.926,148.19,88.1964,45.2353,29.9044,25.5924,23.7709,22.3807,21.4851,20.6599,19.8972,19.1903,18.2832,17.3492,15.8403,13.5176,10.918,8.69178,5.41395
42.065,0.4165,0.0000,0.0000,6,227.24,-7.67,11.71,-0.2901,0.2196,13826.4,0.0,207.61,206.09,200.24,198.85,14.4394,147.582,87.1272,43.7745,28.5378,24.3275,22.5586,21.2124,20.347,19.5508,18.816,18.1358,17.2642,16.3682,14.9238,12.708,10.2387,8.1329,5.04586
42.084,0.4165,0.0000,0.0000,6,226.59,-7.04,11.07,-0.3419,0.2138,13782.8,0.0,207.12,205.55,199.80,198.03,14.8837,148.134,86.6432,43.1451,27.5142,23.3137,21.5637,20.2378,19.388,18.6081,17.8898,17.2262,16.3777,15.5076,14.1097,11.9759,9.61332,7.61104,4.69475
42.102,0.4165,0.0000,0.0000,6,225.90,-6.96,10.52,-0.3919,0.2051,13743.9,0.0,206.73,204.88,199.55,197.16,15.2311,150.591,87.1446,44.0718,27.0607,22.7014,20.9105,19.5632,18.7041,17.9186,17.1977,16.5337,15.6878,14.8237,13.4427,11.3516,9.05976,7.13631,4.36294
42.127,0.4165,0.0000,0.0000,6,225.20,-7.30,10.08,-0.4399,0.1939,13703.6,0.0,206.37,204.12,199.27,196.28,15.4925,64.7028,88.5861,46.923,27.1628,22.456,20.5613,19.1506,18.2575,17.4453,16.7034,16.0233,15.161,14.285,12.8949,10.8134,8.56345,6.6998,4.04869
42.146,0.4165,0.0000,0.0000,6,224.48,-7.93,9.70,-0.4857,0.1808,13660.7,0.0,205.98,203.31,198.89,195.42,15.6823,59.5994,90.9375,52.6705,27.861,22.5674,20.496,18.9751,18.0215,17.1605,16.3791,15.667,14.7698,13.865,12.4424,10.3421,8.11133,6.29354,3.7504
42.165,0.4165,0.0000,0.0000,6,223.76,-8.76,9.30,-0.5294,0.1668,13616.3,0.0,205.53,202.52,198.39,194.64,15.8238,55.9238,94.0359,60.305,29.1656,22.9871,20.6586,18.9795,17.9396,17.0089,16.1712,15.4133,14.466,13.5188,12.0465,9.90909,7.68513,5.90686,3.46584
42.184,0.4165,0.0000,0.0000,6,223.03,-9.52,8.92,-0.5709,0.1529,13571.4,0.0,204.96,201.76,197.75,193.98,15.9445,53.0354,97.5474,64.7164,31.0072,23.6012,20.9394,19.0615,17.9154,16.9005,15.9956,15.1838,14.1782,13.1828,11.6549,9.47804,7.26314,5.52755,3.19229
42.202,0.4165,0.0000,0.0000,6,222.31,-10.19,8.49,-0.6101,0.1394,13523.8,0.0,204.31,201.00,197.06,193.31,16.0484,50.5825,101.477,67.9638,33.6244,24.4548,21.3545,19.225,17.9482,16.8316,15.847,14.9722,13.8999,12.8503,11.262,9.0453,6.8437,5.15507,2.92981
42.227,0.4165,0.0000,0.0000,6,221.58,-10.96,8.02,-0.6471,0.1255,13476.6,0.0,203.64,200.24,196.42,192.58,16.1211,48.2919,106.344,70.8636,38.0335,25.8881,22.1257,19.6323,18.1713,16.9138,15.8202,14.8605,13.6989,12.5776,10.9092,8.63641,6.44099,4.79712,2.67992
42.246,0.4165,0.0000,0.0000,6,220.84,-11.73,7.59,-0.6819,0.1113,13430.6,0.0,202.95,199.46,195.80,191.88,16.1674,46.1784,111.908,73.5054,46.0136,28.225,23.4053,20.3656,18.6383,17.1823,15.9384,14.8635,13.5828,12.3673,10.5952,8.24893,6.05343,4.45305,2.44276
42.265,0.4165,0.0000,0.0000,6,220.09,-12.42,7.19,-0.7145,0.0971,13384.6,0.0,202.22,198.69,195.14,191.21,16.1946,44.2754,117.728,75.8827,55.3574,32.038,25.4144,21.5241,19.4043,17.6657,16.2142,14.9842,13.5472,12.211,10.31,7.87505,5.67687,4.12104,2.21822
42.284,0.4165,0.0000,0.0000,6,219.33,-13.01,6.83,-0.7447,0.0832,13338.5,0.0,201.47,197.91,194.46,190.55,16.2069,42.575,123.668,78.3361,59.9197,38.7361,28.6367,23.3202,20.5915,18.4357,16.6897,15.2469,13.6023,12.1115,10.0515,7.51225,5.31048,3.80121,2.00667
42.302,0.4165,0.0000,0.0000,6,218.57,-13.49,6.49,-0.7725,0.0695,13292.2,0.0,200.70,197.15,193.77,189.91,16.2051,41.0451,129.676,81.0956,63.2704,50.2003,34.2653,26.2288,22.467,19.65,17.4621,15.7136,13.7833,12.0883,9.82768,7.16389,4.9567,3.49546,1.80887
42.327,0.4165,0.0000,0.0000,6,217.82,-13.84,6.17,-0.7980,0.0563,13246.1,0.0,199.92,196.41,193.06,189.28,16.1926,39.678,135.614,84.1448,65.9486,55.5204,45.5807,31.2424,25.5096,21.5559,18.6644,16.458,14.1227,12.1539,9.63952,6.82898,4.61588,3.20463,1.62528
42.346,0.4165,0.4500,0.0000,6,217.07,-14.04,5.87,-0.8211,0.0436,13201.0,0.0,199.13,195.69,192.34,188.70,16.1726,38.4674,141.335,87.4419,68.1254,58.8892,52.4711,41.058,30.7877,24.6289,20.5247,17.5941,14.6645,12.322,9.48607,6.50581,4.28828,2.92948,1.45618
42.365,0.4165,0.6975,0.0000,6,216.57,-14.05,5.58,-0.8417,0.0318,13431.5,0.0,198.36,195.04,193.81,193.81,16.1501,37.4214,146.604,90.8504,69.8393,61.3177,55.8866,49.8053,41.0762,29.8224,23.41,19.2686,15.4453,12.5921,9.3565,6.18947,3.97374,2.6709,1.30204
42.384,0.4162,0.8336,0.0000,6,216.28,-13.83,5.30,-0.8601,0.0213,13552.5,0.0,197.69,194.55,195.53,195.53,16.1301,36.5469,151.178,94.156,71.2727,63.0342,58.1202,53.0911,48.561,39.4507,27.981,21.6797,16.4846,12.9425,9.2293,5.87273,3.67146,2.42927,1.16288
42.403,0.4157,0.9085,0.0000,6,216.18,-13.42,5.04,-0.8761,0.0117,13636.9,0.0,197.16,194.22,196.76,196.76,16.1089,35.7955,155.163,97.3447,72.5757,64.2658,59.6854,55.1852,51.4666,46.819,36.3697,25.4923,17.9701,13.4403,9.13012,5.5702,3.38976,2.20892,1.03947
42.427,0.4238,0.9497,0.0000,6,216.13,-13.08,4.75,-0.8898,0.0021,13726.2,0.0,196.82,194.01,197.97,197.97,16.0684,35.0367,159.301,100.797,74.1181,65.4223,61.1062,56.9748,53.7042,49.9755,45.259,33.8991,20.8477,14.4792,9.20956,5.33705,3.15028,2.01921,0.933321
42.446,0.3549,0.9723,0.0000,6,216.16,-12.96,4.48,-0.9013,-0.0084,13767.9,0.0,196.63,193.83,198.54,198.54,15.9997,34.2092,164.051,104.882,76.2078,66.8129,62.6165,58.7784,55.8211,52.5946,48.9281,44.3304,27.8062,16.7979,9.64453,5.21506,2.96522,1.86437,0.8446
42.465,0.3194,0.9848,0.0000,6,216.29,-12.69,4.37,-0.9106,-0.0185,13732.3,0.0,196.84,194.09,198.08,198.08,15.9207,33.4247,168.703,108.9,78.4758,68.2998,63.8982,60.2733,57.5312,54.6079,51.4242,47.8173,40.8988,21.3132,10.4516,5.18215,2.82633,1.74154,0.773126
42.483,0.2874,0.9916,0.0000,6,216.52,-11.81,4.41,-0.9175,-0.0262,13672.0,0.0,197.13,194.62,197.20,197.20,15.8601,32.8489,171.986,111.517,79.9784,69.1789,64.5481,60.9486,58.34,55.5917,52.6546,49.4401,44.0614,28.4201,11.3603,5.16826,2.71785,1.64699,0.719439
42.502,0.2587,0.9954,0.0000,6,216.77,-10.36,4.50,-0.9219,-0.0312,13631.7,0.0,197.41,195.35,196.62,196.62,15.8219,32.49,173.359,112.417,80.3414,69.1954,64.4447,60.8008,58.2751,55.631,52.8309,49.813,44.9689,36.37,12.142,5.15764,2.64245,1.58314,0.684165
42.527,0.2328,0.9975,0.0000,6,217.02,-8.66,4.59,-0.9241,-0.0347,13611.5,0.0,197.78,196.18,196.35,196.35,15.7875,32.2286,173.619,112.378,80.0449,68.7234,63.9191,60.2438,57.776,55.2087,52.5062,49.6203,45.0893,38.1574,12.9899,5.21733,2.6213,1.55753,0.667972
42.547,0.2095,0.9986,0.0000,6,217.25,-7.03,4.75,-0.9240,-0.0384,13608.5,0.0,198.33,197.08,196.34,196.34,15.7322,31.9178,174.122,112.532,79.9283,68.3847,63.5101,59.7905,57.3582,54.8692,52.2647,49.5075,45.2612,39.2639,14.5496,5.45618,2.68154,1.57896,0.671608
42.565,0.1886,0.9992,0.0000,6,217.45,-6.00,4.98,-0.9216,-0.0452,13624.5,0.0,199.20,197.70,196.62,196.62,15.6148,31.3297,177.376,114.805,81.5611,69.3095,64.1849,60.2936,57.7961,55.4089,52.9356,50.3472,46.453,41.3385,19.157,6.12274,2.87859,1.66575,0.697682
42.584,0.1697,0.9996,0.0000,6,217.64,-5.78,5.16,-0.9170,-0.0551,13645.6,0.0,200.04,197.94,196.99,196.99,15.4391,30.4955,183.833,119.226,85.3044,71.7048,66.1006,61.879,59.1843,56.7187,54.3772,51.9613,48.4001,43.949,32.0407,7.43239,3.23959,1.82405,0.746425
42.602,0.1528,0.9998,0.0000,6,217.92,-5.72,5.47,-0.9102,-0.0658,13612.6,0.0,200.61,198.19,196.58,196.58,15.2397,29.6131,50.8284,124.283,89.8678,74.8819,68.6466,63.9941,61.0445,58.3591,55.9041,53.6068,50.2973,46.2757,37.3617,9.55994,3.76258,2.05025,0.817166
42.628,0.1375,0.9999,0.0000,6,218.17,-5.51,5.74,-0.9013,-0.0754,13622.1,0.0,200.88,198.58,196.65,196.65,15.0429,28.8196,46.8858,128.658,93.8738,78.015,71.1164,66.019,62.809,59.901,57.2544,54.8358,51.6781,47.9356,40.122,12.6591,4.43185,2.33749,0.908873
42.647,0.1237,0.9999,0.0000,6,218.44,-5.20,5.88,-0.8902,-0.0836,13648.3,0.0,201.06,199.03,196.94,196.94,14.8509,28.1159,44.7149,132.195,97.1524,80.8981,73.3419,67.8109,64.3504,61.2302,58.4027,55.8291,52.5914,49.0489,41.8775,17.0775,5.24812,2.68336,1.02034
42.665,0.1114,0.9999,0.0000,6,218.71,-4.91,5.94,-0.8773,-0.0911,13676.6,0.0,201.26,199.44,197.33,197.33,14.6568,27.4581,43.099,135.267,100.031,83.6023,75.5127,69.5349,65.8192,62.4847,59.4763,56.7484,53.3308,49.8532,43.1371,23.6893,6.23599,3.09106,1.15078
42.685,0.1002,1.0000,0.0000,6,218.95,-4.67,6.23,-0.8625,-0.1000,13706.3,0.0,201.76,199.71,197.76,197.76,14.4348,26.7192,41.166,139.356,103.891,87.2509,78.8334,72.2031,68.1167,64.4728,61.2035,58.2538,54.5783,50.9162,44.5686,29.5144,7.5539,3.59452,1.3036
42.703,0.0902,1.0000,0.0000,6,219.21,-4.93,6.49,-0.8457,-0.1106,13733.5,0.0,202.25,199.82,198.15,198.15,14.1819,25.8885,38.9829,144.719,108.986,92.0993,83.5048,76.292,71.6466,67.5391,63.8818,60.6046,56.5505,52.5431,46.2387,32.9448,9.38696,4.22456,1.4822
42.722,0.0812,1.0000,0.0000,6,219.56,-5.05,6.90,-0.8269,-0.1209,13679.3,0.0,202.51,200.12,197.43,197.43,13.9245,25.0956,37.146,149.853,113.908,96.8181,88.0765,80.6985,75.6102,70.9557,66.8458,63.1903,58.7037,54.307,47.642,35.3904,11.7417,4.96411,1.68372
42.746,0.0731,1.0000,0.0000,6,219.87,-4.51,7.44,-0.8061,-0.1281,13674.2,0.0,202.51,200.76,197.31,197.31,13.6888,24.4724,36.0493,152.997,116.854,99.6769,90.8683,83.4165,78.2651,73.2984,68.8352,64.8891,60.0751,55.3891,48.3445,36.7045,14.3171,5.7559,1.90409
42.766,0.0658,1.0000,0.0000,6,220.17,-3.78,7.85,-0.7834,-0.1332,13696.6,0.0,202.57,201.31,197.62,197.62,13.4634,23.9572,35.3696,154.821,118.46,101.261,92.4335,84.9587,79.7862,74.7697,70.0568,65.8974,60.8474,55.9569,48.6514,37.3811,17.0708,6.59487,2.1416
42.784,0.0592,1.0000,0.0000,6,220.47,-3.21,8.09,-0.7590,-0.1377,13734.8,0.0,202.76,201.71,198.17,198.17,13.2347,23.4787,34.8241,156.248,119.635,102.44,93.6089,86.1283,80.9477,75.9211,71.0815,66.7267,61.4629,56.3893,48.8543,37.8134,19.8247,7.50223,2.39624
42.803,0.0533,1.0000,0.0000,6,220.76,-2.79,8.41,-0.7333,-0.1426,13768.4,0.0,203.16,202.00,198.66,198.66,12.9929,22.9812,34.1977,158.166,121.139,103.938,95.0968,87.6014,82.4068,77.3627,72.4843,67.8978,62.362,57.0559,49.2288,38.2554,21.7988,8.51693,2.66955
42.828,0.0479,1.0000,0.0000,6,221.06,-2.76,8.87,-0.7062,-0.1492,13792.6,0.0,203.66,202.13,199.01,199.01,12.7272,22.408,33.2755,161.648,123.756,106.508,97.6282,90.0883,84.856,79.7676,74.8381,70.083,64.1022,58.4156,50.108,38.9232,23.5366,9.71686,2.96728
42.847,0.0431,1.0000,0.0000,6,221.40,-2.84,9.33,-0.6777,-0.1559,13778.6,0.0,203.95,202.39,198.92,198.92,12.4532,21.8361,32.3538,165.586,126.497,109.203,100.285,92.7026,87.4331,82.3005,77.3198,72.5076,66.1473,60.0117,51.1446,39.5288,24.9572,11.0616,3.28483
42.866,0.0388,1.0000,0.0000,6,221.77,-2.45,10.13,-0.6478,-0.1606,13745.5,0.0,204.07,202.97,198.34,198.34,12.1891,21.365,31.7932,167.958,127.937,110.651,101.733,94.1455,88.8691,83.7279,78.7349,73.9072,67.4511,60.9861,51.7195,39.731,25.862,12.4209,3.61319
42.884,0.0349,1.0000,0.0000,6,222.08,-1.91,10.83,-0.6166,-0.1636,13769.4,0.0,204.17,203.46,198.67,198.67,11.9326,20.9837,31.5581,168.748,128.213,110.98,102.092,94.5327,89.2767,84.1558,79.1832,74.3747,67.944,61.3179,51.8311,39.6484,26.3788,13.6433,3.94959
42.903,0.0315,1.0000,0.0000,6,222.37,-1.52,11.27,-0.5844,-0.1661,13813.6,0.0,204.38,203.81,199.29,199.29,11.6746,20.6405,31.4722,169.011,128.107,110.943,102.096,94.5753,89.3481,84.2571,79.3151,74.5375,68.1497,61.4511,51.8019,39.4865,26.7174,14.6134,4.29589
42.922,0.0283,1.0000,0.0000,6,222.66,-1.30,11.52,-0.5514,-0.1685,13860.3,0.0,204.67,204.09,199.97,199.97,11.4117,20.312,31.4534,169.311,128.006,110.91,102.105,94.6223,89.424,84.3622,79.4504,74.703,68.3577,61.6236,51.8005,39.3427,26.9723,15.4163,4.65293
42.947,0.0255,1.0000,0.0000,6,222.96,-1.24,12.02,-0.5176,-0.1718,13893.9,0.0,205.08,204.30,200.47,200.47,11.1379,19.9611,31.34,170.506,128.448,111.398,102.619,95.1596,89.9777,84.9316,80.0352,75.3017,68.9737,62.2093,52.0879,39.3641,27.2497,16.1393,5.0259
42.966,0.0229,1.0000,0.0000,6,223.27,-1.34,12.41,-0.4832,-0.1754,13917.2,0.0,205.39,204.55,200.81,200.81,10.8572,19.6097,31.2174,172.183,129.133,112.121,103.36,95.917,90.7452,85.7091,80.8207,76.0937,69.7716,63.0071,52.5383,39.4758,27.4982,16.7746,5.41302
42.985,0.0206,1.0000,0.0000,6,223.68,-1.24,13.20,-0.4480,-0.1784,13852.0,0.0,205.65,204.96,199.88,199.88,10.5806,19.3077,31.3343,173.241,129.389,112.43,103.699,96.2829,91.1311,86.1144,81.2456,76.5378,70.2398,63.4998,52.8161,39.4893,27.612,17.2738,5.80666
43.003,0.0186,1.0000,0.0000,6,223.98,-0.97,14.02,-0.4120,-0.1802,13872.6,0.0,205.82,205.39,200.16,200.16,10.3223,19.0819,31.741,173.039,128.878,112.001,103.322,95.954,90.8386,85.8606,81.0314,76.3641,70.1243,63.4505,52.7278,39.3014,27.5529,17.6223,6.19313
43.022,0.0167,1.0000,0.0000,6,224.27,-0.76,14.57,-0.3754,-0.1816,13915.5,0.0,206.03,205.71,200.76,200.76,10.0793,18.9042,32.2251,172.327,128.064,111.283,102.664,95.3529,90.2812,85.3481,80.567,75.9487,69.7803,63.1879,52.4995,39.0389,27.4073,17.8752,6.54629
43.047,0.0150,1.0000,0.0000,6,224.55,-0.66,14.77,-0.3384,-0.1829,13967.9,0.0,206.27,205.97,201.52,201.52,9.85024,18.7613,32.6994,171.533,127.2,110.517,101.959,94.7062,89.6792,84.7934,80.06,75.4919,69.3952,62.886,52.2573,38.7707,27.218,18.0621,6.8665
43.066,0.0135,1.0000,0.0000,6,224.83,-0.61,15.11,-0.3010,-0.1844,14010.2,0.0,206.60,206.24,202.14,202.14,9.63366,18.6423,33.095,170.986,126.472,109.881,101.379,94.1814,89.1947,84.3511,79.6621,75.1394,69.1074,62.6726,52.101,38.5506,27.0147,18.2057,7.15766
43.085,0.0122,1.0000,0.0000,6,225.13,-0.66,15.43,-0.2638,-0.1781,14038.3,0.0,206.90,206.47,202.56,202.56,9.42909,18.543,33.383,170.833,125.956,109.447,100.994,93.8429,88.8918,84.0849,79.4334,74.949,68.971,62.5968,52.075,38.402,26.8327,18.3166,7.4224
43.103,0.0110,1.0000,0.0000,6,225.52,-0.68,15.91,-0.2285,-0.1673,13983.5,0.0,207.19,206.78,201.83,201.83,9.2402,18.4894,33.6688,170.593,125.38,108.954,100.553,93.4489,88.5337,83.7643,79.1515,74.706,68.7834,62.4721,52.033,38.2451,26.648,18.3762,7.65803
43.122,0.0099,1.0000,0.0000,6,225.84,-0.57,16.67,-0.1955,-0.1557,13990.0,0.0,207.44,207.18,201.86,201.86,9.07139,18.5186,34.0867,169.619,124.398,108.074,99.7356,92.6924,87.8237,83.1021,78.5389,74.1447,68.2955,62.0677,51.7768,37.9754,26.4113,18.3624,7.86062
43.147,0.0089,1.0000,0.0000,6,226.12,-0.43,17.51,-0.1647,-0.1438,14020.3,0.0,207.71,207.51,202.29,202.29,8.9207,18.6194,34.5479,168.337,123.248,107.036,98.7654,91.7882,86.9695,82.2999,77.7911,73.4534,67.6839,61.549,51.4241,37.6633,26.1563,18.2988,8.03456
43.165,0.0080,1.0000,0.0000,6,226.39,-0.38,18.18,-0.1363,-0.1320,14063.5,0.0,207.97,207.74,202.91,202.91,8.78642,18.7809,34.9663,167.168,122.158,106.053,97.8509,90.9372,86.1663,81.5474,77.0912,72.8064,67.1136,61.0666,51.0984,37.3759,25.9146,18.2056,8.18379
43.184,0.0072,1.0000,0.0000,6,226.72,-0.37,18.77,-0.1103,-0.1201,14048.8,0.0,208.22,208.00,202.77,202.77,8.67034,19.0211,35.3708,165.983,121.059,105.062,96.9274,90.0777,85.3552,80.7864,76.3821,72.1507,66.5341,60.5737,50.7604,37.0914,25.6755,18.0793,8.3079
43.203,0.0065,1.0000,0.0000,6,227.01,-0.31,19.50,-0.0867,-0.1078,14066.9,0.0,208.49,208.32,202.96,202.96,8.57528,19.314,35.828,164.477,119.788,103.91,95.8474,89.0673,84.3979,79.8843,75.5361,71.3637,65.8303,59.9652,50.3227,36.7601,25.4156,17.9107,8.40531
43.222,0.0058,1.0000,0.0000,6,227.28,-0.26,20.04,-0.0657,-0.0954,14110.6,0.0,208.72,208.60,203.58,203.58,8.50165,19.6139,36.3164,162.763,118.408,102.654,94.6686,87.9617,83.3478,78.8927,74.6051,70.4942,65.048,59.2835,49.8202,36.3999,25.1431,17.7107,8.4775
43.247,0.0052,1.0000,0.0000,6,227.54,-0.24,20.34,-0.0472,-0.0829,14154.8,0.0,208.96,208.83,204.22,204.22,8.44897,19.9074,36.7882,161.073,117.039,101.409,93.5014,86.8672,82.3087,77.9113,73.6829,69.6327,64.2729,58.6064,49.3182,36.0471,24.8748,17.5101,8.52683
43.266,0.0047,1.0000,0.0000,6,227.85,-0.24,20.57,-0.0312,-0.0704,14156.4,0.0,209.21,209.08,204.31,204.31,8.41834,20.1962,37.2488,159.38,115.669,100.164,92.3329,85.773,81.2696,76.9288,72.7596,68.7694,63.4955,57.9264,48.8103,35.6976,24.6091,17.3112,8.55388
43.285,0.0042,1.0000,0.0000,6,228.14,-0.23,20.84,-0.0179,-0.0578,14177.9,0.0,209.48,209.37,204.56,204.56,8.41179,20.4885,37.7265,157.565,114.234,98.8585,91.1072,84.6221,80.176,75.8948,71.7868,67.8585,62.6718,57.2025,48.2625,35.3316,24.3362,17.1094,8.55828
43.303,0.0038,1.0000,0.0000,6,228.42,-0.21,20.93,-0.0073,-0.0450,14214.9,0.0,209.72,209.63,205.10,205.10,8.43048,20.7845,38.2197,155.642,112.74,97.499,89.83,83.4233,79.0358,74.815,70.7697,66.9051,61.8081,56.4401,47.6798,34.9507,24.0569,16.9051,8.54075
43.322,0.0034,1.0000,0.0000,6,228.70,-0.20,20.89,0.0007,-0.0322,14247.1,0.0,209.96,209.88,205.56,205.56,8.47523,21.0806,38.7172,153.664,111.217,96.1124,88.5274,82.2001,77.8725,73.7136,69.7312,65.931,60.9248,55.6586,47.0783,34.5639,23.7754,16.7001,8.50232
43.347,0.0031,1.0000,0.0000,6,228.98,-0.20,20.79,0.0059,-0.0193,14277.2,0.0,210.21,210.14,206.00,206.00,8.54754,21.3774,39.2524,151.636,109.666,94.7002,87.2012,80.9544,76.6869,72.5912,68.6725,64.9367,60.022,54.8586,46.4576,34.1708,23.4915,16.4942,8.4435
43.366,0.0028,1.0000,0.0000,6,229.27,-0.19,20.66,0.0085,-0.0063,14299.1,0.0,210.47,210.41,206.32,206.32,8.6488,21.6744,39.8548,149.567,108.091,93.2678,85.8561,79.6908,75.4845,71.4517,67.5973,63.9274,59.1038,54.0428,45.8216,33.7732,23.2059,16.2878,8.36486
43.384,0.0025,1.0000,0.0000,6,229.57,-0.18,20.45,0.0083,0.0066,14315.5,0.0,210.72,210.66,206.56,206.56,8.77222,21.971,40.5288,147.467,106.498,91.8196,84.4957,78.4133,74.2695,70.2999,66.5102,62.9059,58.174,53.2157,45.1731,33.3728,22.9193,16.0813,8.26713
43.403,0.0023,1.0000,0.0000,6,229.87,-0.17,20.19,0.0053,0.0197,14333.2,0.0,210.98,210.93,206.82,206.82,8.897,22.2699,41.2938,145.307,104.872,90.3414,83.1073,77.1102,73.0287,69.1235,65.4004,61.862,57.2226,52.3677,44.5042,32.9642,22.6293,15.8733,8.15738
43.422,0.0020,1.0000,0.0000,6,230.11,-0.17,19.80,-0.0004,0.0328,14410.2,0.0,211.25,211.21,207.84,207.84,9.02162,22.5702,42.1585,143.098,103.218,88.8382,81.6963,75.7854,71.7677,67.9286,64.2721,60.8005,56.2545,51.5034,43.8195,32.5496,22.3368,15.6645,8.04757
43.447,0.0018,1.0000,0.0000,6,230.39,-0.17,19.35,-0.0090,0.0458,14445.0,0.0,211.48,211.43,208.45,208.45,9.14569,22.8671,43.1139,140.915,101.574,87.3461,80.2962,74.4708,70.5171,66.7429,63.1521,59.747,55.2928,50.644,43.1351,32.1334,22.0468,15.4568,7.93809
43.466,0.0016,1.0000,0.0000,6,230.74,-0.17,18.87,-0.0203,0.0589,14428.1,0.0,211.73,211.67,208.21,208.21,9.26951,23.1636,44.1898,138.714,99.9184,85.844,78.887,73.1483,69.2587,65.55,62.0251,58.6868,54.3243,49.7769,42.4423,31.7053,21.7563,15.2491,7.82873
43.484,0.0015,1.0000,0.0000,6,231.06,-0.16,18.38,-0.0339,0.0641,14428.1,0.0,212.00,211.95,208.19,208.19,9.39408,23.4668,45.4447,136.413,98.205,84.2913,77.4308,71.7814,67.9582,64.317,60.8605,57.5901,53.3213,48.8776,41.7202,31.253,21.4588,15.0382,7.71886
43.503,0.0196,1.0000,0.0000,6,231.27,-0.14,17.76,-0.0478,0.0640,14537.8,0.0,212.30,212.26,209.63,209.63,9.51895,23.7738,46.9018,134.052,96.4558,82.7066,75.9459,70.3882,66.6329,63.0603,59.6731,56.4717,52.298,47.9591,40.98,30.7827,21.1575,14.8257,7.60881
43.522,0.0456,1.0000,0.0000,6,231.52,-0.14,17.07,-0.0616,0.0632,14603.9,0.0,212.57,212.41,210.76,210.76,9.6356,24.0189,48.1989,132.364,95.0759,81.459,74.777,69.2927,65.5909,62.0733,58.7404,55.5927,51.4941,47.2374,40.3976,30.4099,20.9089,14.6383,7.50389
43.547,0.0684,1.0000,0.0000,6,231.90,-0.30,16.71,-0.0751,0.0606,14549.0,0.0,213.06,212.52,209.98,209.98,9.72977,24.0979,48.5955,132.481,94.6784,81.101,74.4427,68.9796,65.2934,61.7916,58.4744,55.3427,51.2661,47.0325,40.2328,30.3052,20.8004,14.5176,7.41269
43.566,0.0842,1.0000,0.0000,6,232.25,-0.74,16.53,-0.0881,0.0556,14512.5,0.0,213.65,212.57,209.44,209.44,9.79276,23.9601,47.6864,135.151,95.5812,81.9187,75.2097,69.6995,65.9795,62.4425,59.0905,55.924,51.7988,47.5125,40.6232,30.5593,20.8841,14.4879,7.34067
43.584,0.0905,1.0000,0.0000,6,232.58,-1.34,16.31,-0.1005,0.0494,14498.0,0.0,214.02,212.67,209.21,209.21,9.83607,23.72,46.2485,139.462,97.1568,83.3421,76.5468,70.9565,67.1769,63.5797,60.1667,56.94,52.732,48.3537,41.3071,31.0044,21.0828,14.5123,7.28162
43.603,0.0735,1.0000,0.0000,6,232.88,-1.78,16.22,-0.1120,0.0430,14499.0,0.0,214.34,212.87,209.22,209.22,9.86841,23.4614,44.8254,144.712,99.0053,84.9145,78.0258,72.3503,68.5066,64.8447,61.3661,58.0734,53.7736,49.2949,42.0753,31.5058,21.3337,14.5622,7.23127
43.622,0.0662,1.0000,0.0000,6,233.06,-2.33,15.89,-0.1225,0.0362,14595.3,0.0,214.64,213.08,210.58,210.58,9.889,23.1782,43.3876,152.437,101.255,86.6861,79.6982,73.9284,70.0149,66.2809,62.7298,59.3643,54.9633,50.3714,42.9562,32.0828,21.6313,14.6426,7.1904
43.647,0.0595,1.0000,0.0000,6,233.35,-2.89,15.67,-0.1321,0.0290,14601.1,0.0,214.94,213.28,210.70,210.70,9.89672,22.8645,41.9169,167.896,104.04,88.7151,81.6161,75.7428,71.7519,67.9382,64.3063,60.8586,56.343,51.6228,43.9832,32.7575,21.9799,14.76,7.16026
43.666,0.0536,1.0000,0.0000,6,233.64,-3.24,15.57,-0.1405,0.0221,14598.0,0.0,215.18,213.57,210.65,210.65,9.89867,22.577,40.6728,190.873,106.901,90.6047,83.4083,77.4416,73.3821,69.4973,65.7911,62.2697,57.6489,52.811,44.964,33.4061,22.3174,14.8883,7.13704
43.684,0.0482,1.0000,0.0000,6,233.93,-3.39,15.53,-0.1478,0.0160,14597.8,0.0,215.37,213.92,210.65,210.65,9.89883,22.345,39.7442,200.0,109.476,92.1585,84.8395,78.803,74.691,70.7508,66.9894,63.4099,58.7089,53.7793,45.7681,33.9452,22.6028,15.0106,7.11837
43.703,0.0434,1.0000,0.0000,6,234.22,-3.27,15.53,-0.1539,0.0111,14599.6,0.0,215.51,214.32,210.67,210.67,9.90096,22.1917,39.1893,200.0,111.358,93.1902,85.6987,79.6256,75.4843,71.5137,67.7211,64.1098,59.363,54.3807,46.2744,34.2944,22.7966,15.1086,7.10163
43.722,0.0391,1.0000,0.0000,6,234.49,-2.99,15.56,-0.1588,0.0071,14614.0,0.0,215.67,214.71,210.86,210.86,9.90288,22.0985,38.9035,200.0,112.611,93.7623,86.0928,80.0061,75.8542,71.8734,68.0692,64.446,59.6813,54.6787,46.5345,34.486,22.9148,15.1787,7.08808
43.747,0.0352,1.0000,0.0000,6,234.77,-2.71,15.57,-0.1626,0.0036,14631.7,0.0,215.87,215.04,211.13,211.13,9.90006,22.0307,38.7369,200.0,113.58,94.1235,86.2648,80.1751,76.0225,72.0404,68.2341,64.6088,59.8412,54.8333,46.678,34.6048,22.9998,15.236,7.08071
43.766,0.0356,1.0000,0.0000,6,235.06,-2.44,15.58,-0.1654,0.0004,14645.1,0.0,216.11,215.35,211.32,211.32,9.89223,21.9804,38.6503,200.0,114.358,94.3401,86.3065,80.1988,76.0513,72.0737,68.2725,64.6517,59.8902,54.8879,46.7406,34.6728,23.0614,15.2842,7.07939
43.784,0.0637,1.0000,0.0000,6,235.34,-2.19,15.62,-0.1673,-0.0027,14658.8,0.0,216.35,215.64,211.52,211.52,9.87831,21.9371,38.5984,200.0,115.08,94.5085,86.3038,80.1555,76.0161,72.0473,68.2537,64.6406,59.8888,54.8974,46.7667,34.7186,23.1127,15.329,7.08484
43.803,0.0996,1.0000,0.0000,6,235.61,-1.98,15.82,-0.1682,-0.0072,14673.9,0.0,216.75,215.71,211.73,211.73,9.84168,21.7858,38.1245,200.0,117.362,95.7028,87.1487,80.831,76.6716,72.6826,68.8673,65.232,60.4475,55.4183,47.216,35.0446,23.309,15.4417,7.10966
43.822,0.1293,1.0000,0.0000,6,235.86,-2.14,16.00,-0.1678,-0.0145,14691.8,0.0,217.22,215.59,211.99,211.99,9.77005,21.4394,36.9264,200.0,122.937,99.0042,89.7136,82.9194,78.6428,74.5799,70.6882,66.9732,62.077,56.918,48.4808,35.9132,23.7835,15.6851,7.16583
43.847,0.1468,1.0000,0.0000,6,236.12,-2.57,16.30,-0.1659,-0.0240,14680.7,0.0,217.62,215.48,211.84,211.84,9.67118,20.9406,35.2605,200.0,132.951,104.634,94.1284,86.5392,81.8341,77.6004,73.5892,69.7512,64.6775,59.3135,50.4997,37.2925,24.5222,16.0519,7.25302
43.866,0.1411,1.0000,0.0000,6,236.33,-3.06,16.61,-0.1623,-0.0346,14698.6,0.0,217.88,215.48,212.09,212.09,9.55623,20.3829,33.5259,200.0,162.476,112.267,100.054,91.3717,86.0456,81.3116,77.0728,73.0954,67.8201,62.2194,52.964,38.9873,25.4285,16.4985,7.35973
43.885,0.1270,1.0000,0.0000,6,236.52,-3.58,16.83,-0.1567,-0.0453,14725.1,0.0,218.09,215.60,212.46,212.46,9.43225,19.8192,31.901,200.0,193.52,121.821,107.339,97.2391,91.1232,85.7376,80.9584,76.6894,71.2114,65.3714,55.6616,40.8642,26.437,16.9953,7.48011
43.903,0.1143,1.0000,0.0000,6,236.71,-4.07,16.95,-0.1493,-0.0558,14757.5,0.0,218.27,215.82,212.93,212.93,9.30407,19.2794,30.4531,173.878,200.0,135.352,115.877,104.005,96.9205,90.7466,85.318,80.5082,74.6238,68.5601,58.4158,42.8096,27.4935,17.5181,7.60998
43.922,0.1028,1.0000,0.0000,6,236.91,-4.51,17.00,-0.1402,-0.0644,14785.4,0.0,218.43,216.06,213.34,213.34,9.17215,18.7627,29.1538,140.406,200.0,172.873,126.282,111.819,103.541,96.4103,90.2048,84.7558,78.1577,71.7457,61.1946,44.8033,28.5892,18.0638,7.74905
43.947,0.0925,1.0000,0.0000,6,237.12,-4.82,17.03,-0.1299,-0.0704,14796.2,0.0,218.57,216.33,213.52,213.52,9.03915,18.2818,28.0161,57.6625,200.0,194.696,146.247,120.56,110.831,102.575,95.4707,89.2932,81.8858,74.8067,63.8585,46.7499,29.6782,18.6127,7.89408
43.966,0.0833,1.0000,0.0000,6,237.35,-4.86,17.07,-0.1184,-0.0752,14806.0,0.0,218.66,216.68,213.64,213.64,8.9091,17.858,27.0791,51.4532,200.0,200.0,178.7,131.624,118.164,108.69,100.629,93.6877,85.4472,77.6558,66.1508,48.4659,30.6688,19.127,8.03978
43.984,0.0750,1.0000,0.0000,6,237.58,-4.72,17.08,-0.1060,-0.0789,14821.4,0.0,218.76,217.05,213.86,213.86,8.78091,17.4806,26.2963,47.8171,200.0,200.0,193.253,158.558,126.487,114.624,105.571,97.8512,88.7738,80.2774,68.0668,49.9408,31.5535,19.6041,8.18594
44.003,0.0675,1.0000,0.0000,6,237.82,-4.47,17.06,-0.0927,-0.0817,14834.9,0.0,218.89,217.40,214.06,214.06,8.65305,17.1347,25.6183,45.2534,200.0,200.0,200.0,177.238,140.056,120.781,110.368,101.847,91.9236,82.7267,69.6913,51.2197,32.3534,20.0531,8.33359
44.024,0.0607,1.0000,0.0000,6,238.07,-4.18,16.93,-0.0785,-0.0834,14847.1,0.0,219.01,217.74,214.24,214.24,8.52772,16.8283,25.0574,43.4714,200.0,200.0,200.0,187.5,164.462,127.956,114.601,105.325,94.6189,84.7847,70.9889,52.2154,33.0196,20.4518,8.47858
44.048,0.0546,1.0000,0.0000,6,238.34,-3.74,16.77,-0.0638,-0.0839,14859.2,0.0,219.13,218.13,214.41,214.41,8.40659,16.5648,24.6154,42.3071,200.0,200.0,200.0,193.857,174.325,137.176,118.236,107.988,96.6337,86.2804,71.8807,52.8782,33.522,20.7862,8.61806
44.067,0.0492,1.0000,0.0000,6,238.55,-3.39,16.42,-0.0485,-0.0841,14925.6,0.0,219.32,218.44,215.35,215.35,8.28408,16.3078,24.1978,41.2935,200.0,200.0,200.0,199.182,181.391,156.171,122.597,110.584,98.5767,87.7091,72.7165,53.4578,33.9869,21.1086,8.75885
44.085,0.0443,1.0000,0.0000,6,238.83,-3.22,16.14,-0.0330,-0.0847,14929.8,0.0,219.61,218.67,215.44,215.44,8.15591,16.0282,23.7296,40.1138,200.0,200.0,200.0,200.0,188.431,168.151,130.406,114.167,101.133,89.6048,73.8604,54.1814,34.5312,21.4684,8.90713
44.103,0.0398,1.0000,0.0000,6,239.12,-3.04,15.99,-0.0171,-0.0853,14923.7,0.0,219.90,218.95,215.35,215.35,8.02586,15.7465,23.2621,38.9791,155.049,200.0,200.0,200.0,194.681,176.795,150.119,118.902,103.917,91.6609,75.0953,54.9016,35.0776,21.8316,9.05788
44.122,0.0359,1.0000,0.0000,6,239.41,-2.84,15.90,-0.0009,-0.0856,14924.7,0.0,220.14,219.25,215.36,215.36,7.89508,15.472,22.8184,37.972,144.58,200.0,200.0,200.0,200.0,183.417,162.477,125.292,106.673,93.6752,76.2884,55.5372,35.5837,22.1813,9.20892
44.148,0.0323,1.0000,0.0000,6,239.69,-2.57,15.83,0.0155,-0.0853,14928.6,0.0,220.34,219.59,215.41,215.41,7.76721,15.2201,22.4336,37.2006,138.346,200.0,200.0,200.0,200.0,188.05,169.42,135.131,109.064,95.316,77.2196,55.974,35.9855,22.4871,9.3549
44.166,0.0290,1.0000,0.0000,6,239.97,-2.25,15.80,0.0321,-0.0844,14942.9,0.0,220.55,219.93,215.58,215.58,7.6413,14.9847,22.0916,36.5963,133.383,200.0,200.0,200.0,200.0,191.466,174.095,149.609,111.358,96.6436,77.9385,56.2541,36.3039,22.7575,9.49675
44.184,0.0261,1.0000,0.0000,6,240.23,-2.01,15.72,0.0488,-0.0834,14969.3,0.0,220.79,220.21,216.00,216.00,7.51537,14.7512,21.7561,36.0197,128.517,200.0,200.0,200.0,200.0,194.883,178.053,157.093,114.134,97.9931,78.6658,56.5013,36.604,23.0194,9.63769
44.203,0.0235,1.0000,0.0000,6,240.51,-1.82,15.70,0.0654,-0.0824,14979.5,0.0,221.05,220.48,216.15,216.15,7.38966,14.5193,21.4242,35.4598,123.669,200.0,200.0,200.0,200.0,198.407,181.544,162.644,117.739,99.3967,79.4209,56.7394,36.8901,23.2747,9.7776
44.222,0.0212,1.0000,0.0000,6,240.79,-1.65,15.71,0.0820,-0.0812,14990.7,0.0,221.29,220.76,216.31,216.31,7.26518,14.2927,21.1049,34.9454,119.037,200.0,200.0,200.0,200.0,200.0,184.51,166.986,122.671,100.766,80.1477,56.9613,37.1471,23.5162,9.91492
44.247,0.0191,1.0000,0.0000,6,241.07,-1.49,15.72,0.0985,-0.0798,15002.5,0.0,221.53,221.04,216.48,216.48,7.14285,14.0755,20.8074,34.5051,114.874,200.0,200.0,200.0,200.0,200.0,187.0,170.312,131.225,102.072,80.7796,57.1358,37.3583,23.7351,10.0482
44.266,0.0171,1.0000,0.0000,6,241.35,-1.33,15.75,0.1148,-0.0781,15015.6,0.0,221.76,221.34,216.67,216.67,7.02347,13.8699,20.5358,34.1535,111.347,200.0,200.0,200.0,200.0,200.0,189.095,172.779,141.32,103.323,81.2804,57.2448,37.5159,23.9277,10.1761
44.285,0.0154,1.0000,0.0000,6,241.62,-1.18,15.78,0.1309,-0.0762,15034.7,0.0,221.99,221.62,216.94,216.94,6.90698,13.6739,20.2853,33.8703,108.34,200.0,200.0,200.0,200.0,200.0,190.89,174.661,146.393,104.578,81.6829,57.3068,37.6305,24.0977,10.2989
44.303,0.0139,1.0000,0.0000,6,241.90,-1.06,15.80,0.1466,-0.0741,15051.2,0.0,222.22,221.89,217.18,217.18,6.7933,13.4866,20.0525,33.6437,105.752,200.0,200.0,200.0,200.0,200.0,192.464,176.134,149.885,105.901,82.0155,57.3355,37.7107,24.2486,10.4168
44.322,0.0125,1.0000,0.0000,6,242.18,-0.94,15.82,0.1621,-0.0719,15067.4,0.0,222.46,222.16,217.41,217.41,6.68277,13.3074,19.8356,33.4684,103.512,200.0,200.0,200.0,200.0,200.0,193.857,177.295,152.507,107.35,82.2932,57.339,37.7608,24.3813,10.5297
44.346,0.0113,1.0000,0.0000,6,242.45,-0.84,15.86,0.1771,-0.0696,15083.3,0.0,222.71,222.43,217.64,217.64,6.57561,13.1361,19.6331,33.3369,101.533,200.0,200.0,200.0,200.0,200.0,195.139,178.266,154.595,109.035,82.5374,57.3277,37.7855,24.4988,10.6374
44.366,0.0101,1.0000,0.0000,6,242.72,-0.77,15.93,0.1917,-0.0673,15098.8,0.0,222.96,222.69,217.87,217.87,6.4718,12.9726,19.4446,33.2493,99.7803,200.0,200.0,200.0,200.0,200.0,196.316,179.144,156.288,111.07,82.7517,57.3029,37.7875,24.6008,10.74
44.384,0.0091,1.0000,0.0000,6,243.00,-0.70,16.00,0.2059,-0.0648,15112.1,0.0,223.20,222.96,218.07,218.07,6.3721,12.8191,19.2755,33.226,98.346,200.0,200.0,200.0,200.0,200.0,197.285,179.851,157.573,113.545,82.9037,57.2499,37.7593,24.6843,10.8366
44.403,0.0082,1.0000,0.0000,6,243.28,-0.62,16.12,0.2195,-0.0622,15121.3,0.0,223.44,223.23,218.19,218.19,6.27682,12.6771,19.1288,33.2805,97.2563,200.0,200.0,200.0,200.0,200.0,197.989,180.33,158.457,116.724,82.9714,57.1586,37.6972,24.747,10.9265
44.422,0.0074,1.0000,0.0000,6,243.55,-0.55,16.22,0.2327,-0.0594,15138.4,0.0,223.67,223.50,218.43,218.43,6.18587,12.546,19.0043,33.4173,96.4516,200.0,200.0,200.0,200.0,200.0,198.429,180.591,159.014,121.708,82.9611,57.0322,37.6045,24.7902,11.0101
44.447,0.0066,1.0000,0.0000,6,243.82,-0.48,16.29,0.2453,-0.0565,15158.0,0.0,223.91,223.75,218.72,218.72,6.09985,12.4269,18.9013,33.6402,95.8366,200.0,200.0,200.0,200.0,200.0,198.661,180.68,159.32,125.62,82.8864,56.877,37.4842,24.8147,11.0869
44.466,0.0060,1.0000,0.0000,6,244.08,-0.42,16.44,0.2573,-0.0536,15177.9,0.0,224.16,224.01,219.00,219.00,6.01805,12.3159,18.8128,33.9216,95.1966,200.0,200.0,200.0,200.0,200.0,198.904,180.779,159.579,128.259,82.8215,56.7276,37.3519,24.8284,11.1582
44.484,0.0054,1.0000,0.0000,6,244.35,-0.39,16.56,0.2687,-0.0508,15195.6,0.0,224.41,224.25,219.26,219.26,5.94083,12.2138,18.739,34.2646,94.5058,200.0,200.0,200.0,200.0,200.0,199.195,180.912,159.815,130.314,82.7732,56.5871,37.2101,24.8319,11.2239
44.503,0.0048,1.0000,0.0000,6,244.64,-0.36,16.76,0.2795,-0.0478,15191.6,0.0,224.65,224.51,219.21,219.21,5.86871,12.124,18.6893,34.7236,93.9599,200.0,200.0,200.0,200.0,200.0,199.286,180.883,159.853,131.739,82.6731,56.4208,37.0548,24.8179,11.2829
44.522,0.0044,0.9944,0.0000,6,244.90,-0.31,16.97,0.2897,-0.0447,15207.4,0.0,224.89,224.78,219.43,219.43,5.80224,12.0482,18.6672,35.2507,93.5669,200.0,200.0,200.0,200.0,200.0,199.128,180.647,159.673,132.648,82.521,56.2203,36.8861,24.7851,11.3346
44.547,0.0039,0.9765,0.0000,6,245.16,-0.27,17.12,0.2992,-0.0416,15227.3,0.0,225.12,225.03,219.71,219.71,5.74118,11.9854,18.6719,35.795,93.2584,200.0,200.0,200.0,200.0,200.0,198.796,180.269,159.347,133.23,82.3463,55.9977,36.7093,24.7361,11.3795
44.566,0.0035,0.9528,0.0000,6,245.40,-0.24,17.28,0.3080,-0.0384,15245.7,0.0,225.35,225.27,219.98,219.98,5.68556,11.9351,18.7,36.338,92.9478,200.0,200.0,200.0,200.0,200.0,198.401,179.839,158.956,133.642,82.1825,55.7677,36.5305,24.6743,11.4181
44.585,0.0032,0.9316,0.0000,6,245.62,-0.22,17.48,0.3162,-0.0352,15256.5,0.0,225.57,225.48,220.14,220.14,5.63516,11.8945,18.7454,36.8425,92.5086,200.0,200.0,200.0,200.0,200.0,198.151,179.527,158.642,134.091,82.1053,55.5615,36.3617,24.6057,11.4511
44.603,0.0029,0.9299,0.0000,6,245.85,-0.21,17.69,0.3236,-0.0320,15243.3,0.0,225.77,225.68,219.99,219.99,5.59033,11.8668,18.8166,37.3456,92.0678,200.0,200.0,200.0,200.0,200.0,197.852,179.177,158.276,134.413,82.0516,55.3504,36.1921,24.525,11.4778
44.622,0.0026,0.9276,0.0000,6,246.06,-0.19,18.02,0.3304,-0.0288,15245.2,0.0,225.97,225.89,219.98,219.98,5.55176,11.855,18.9223,37.8775,91.7203,200.0,200.0,200.0,200.0,200.0,197.339,178.651,157.753,134.486,81.9616,55.1106,36.0114,24.4276,11.4974
44.647,0.0023,0.9133,0.0000,6,246.25,-0.16,18.28,0.3364,-0.0255,15262.4,0.0,226.14,226.08,220.22,220.22,5.51928,11.8584,19.0599,38.4205,91.3949,200.0,200.0,200.0,200.0,200.0,196.726,178.041,157.163,134.432,81.8764,54.8585,35.8257,24.317,11.5102
44.666,0.0021,0.8906,0.0000,6,246.42,-0.14,18.44,0.3417,-0.0221,15282.3,0.0,226.30,226.25,220.51,220.51,5.49308,11.8775,19.233,38.9772,91.0948,200.0,200.0,200.0,200.0,200.0,196.003,177.341,156.503,134.25,81.7917,54.5921,35.6346,24.1931,11.5162
44.685,0.0019,0.8698,0.0000,6,246.58,-0.13,18.72,0.3462,-0.0187,15293.4,0.0,226.47,226.41,220.67,220.67,5.47311,11.9115,19.439,39.5253,90.7566,200.0,200.0,200.0,200.0,200.0,195.285,176.648,155.846,134.037,81.7548,54.328,35.4451,24.0595,11.5159
44.703,0.0017,0.8537,0.0000,6,246.73,-0.12,18.92,0.3500,-0.0154,15299.6,0.0,226.60,226.55,220.77,220.77,5.45926,11.9603,19.6775,40.0571,90.362,200.0,200.0,200.0,200.0,200.0,194.614,175.993,155.218,133.828,81.7895,54.0723,35.2595,23.9256,11.5096
44.722,0.0015,0.8700,0.0000,6,246.90,-0.11,19.36,0.3530,-0.0120,15266.0,0.0,226.75,226.70,220.28,220.28,5.45193,12.0256,19.9544,40.5916,89.9663,200.0,200.0,200.0,200.0,200.0,193.894,175.296,154.561,133.553,81.8629,53.8107,35.0723,23.7914,11.497
44.748,0.0014,0.8663,0.0000,6,247.03,-0.10,19.75,0.3553,-0.0086,15282.9,0.0,226.87,226.83,220.52,220.52,5.45135,12.109,20.2455,41.1377,89.5832,200.0,200.0,200.0,200.0,200.0,193.09,174.532,153.851,133.195,81.9601,53.5385,34.8806,23.6554,11.4776
44.766,0.0012,0.8488,0.0000,6,247.15,-0.09,19.98,0.3568,-0.0051,15303.5,0.0,226.98,226.95,220.81,220.81,5.45767,12.2116,20.54,41.7025,89.2255,200.0,200.0,200.0,200.0,200.0,192.169,173.672,153.066,132.735,82.0697,53.2509,34.6831,23.5172,11.4515
44.784,0.0011,0.8282,0.0000,6,247.26,-0.07,20.28,0.3575,-0.0017,15318.2,0.0,227.10,227.07,221.03,221.03,5.47091,12.3337,20.836,42.2753,88.8683,200.0,200.0,200.0,200.0,200.0,191.186,172.761,152.242,132.216,82.2223,52.9562,34.4827,23.3781,11.419
44.803,0.0010,0.8125,0.0000,6,247.36,-0.07,20.56,0.3574,0.0018,15324.0,0.0,227.19,227.17,221.12,221.12,5.49115,12.4744,21.1286,42.837,88.4678,200.0,200.0,200.0,200.0,200.0,190.247,171.887,151.445,131.71,82.4769,52.6676,34.2854,23.24,11.3802
44.822,0.0009,0.8329,0.0000,6,247.49,-0.06,20.98,0.3565,0.0053,15285.3,0.0,227.30,227.27,220.58,220.58,5.51831,12.6352,21.4198,43.3949,88.0482,200.0,200.0,200.0,200.0,200.0,189.297,171.005,150.645,131.182,82.8279,52.3787,34.088,23.1025,11.3353
44.847,0.0008,0.8350,0.0000,6,247.59,-0.05,21.51,0.3548,0.0088,15297.4,0.0,227.40,227.37,220.73,220.73,5.55282,12.8108,21.7133,43.9647,87.6322,200.0,200.0,200.0,200.0,200.0,188.284,170.071,149.801,130.597,83.2549,52.0817,33.8874,22.9636,11.284
44.866,0.0007,0.8223,0.0000,6,247.67,-0.05,21.87,0.3524,0.0123,15315.9,0.0,227.48,227.46,220.99,220.99,5.59458,12.9865,22.0064,44.5349,87.2031,200.0,200.0,200.0,200.0,200.0,187.25,169.119,148.948,129.988,83.8072,51.7827,33.6864,22.8247,11.2266
44.885,0.0007,0.8013,0.0000,6,247.75,-0.04,22.15,0.3491,0.0158,15334.7,0.0,227.56,227.54,221.27,221.27,5.64378,13.1615,22.298,45.1003,86.7486,200.0,200.0,200.0,200.0,200.0,186.23,168.18,148.1,129.376,84.5426,51.4859,33.4863,22.6862,11.163
44.904,0.0006,0.7843,0.0000,6,247.81,-0.05,22.53,0.3450,0.0193,15341.8,0.0,227.63,227.60,221.37,221.37,5.7002,13.3345,22.5842,45.6446,86.2478,200.0,200.0,200.0,200.0,200.0,185.284,167.3,147.302,128.794,85.5771,51.2,33.2912,22.5501,11.0945
44.922,0.0005,0.7970,0.0000,6,247.90,-0.05,22.89,0.3401,0.0228,15312.5,0.0,227.69,227.65,221.04,221.04,5.76416,13.5065,22.8678,46.1801,85.7196,200.0,200.0,200.0,200.0,200.0,184.363,166.439,146.518,128.213,86.9533,50.9181,33.0977,22.4148,11.0255
44.947,0.0005,0.8104,0.0000,6,247.98,-0.05,23.56,0.3345,0.0262,15303.9,0.0,227.77,227.75,220.83,220.83,5.836,13.6793,23.1543,46.7287,85.2027,200.0,200.0,200.0,200.0,200.0,183.372,165.524,145.691,127.582,88.1244,50.6271,32.9006,22.278,10.9562
44.966,0.0004,0.8057,0.0000,6,248.04,-0.04,24.08,0.3280,0.0298,15320.0,0.0,227.82,227.81,221.05,221.05,5.91094,13.8535,23.4467,47.3062,84.7347,200.0,200.0,200.0,200.0,200.0,182.241,164.495,144.777,126.862,88.9173,50.3183,32.6966,22.1385,10.8868
44.985,0.0004,0.7858,0.0000,6,248.09,-0.03,24.34,0.3207,0.0334,15343.1,0.0,227.87,227.87,221.38,221.38,5.98633,14.0303,23.7459,47.91,84.3251,200.0,200.0,200.0,200.0,200.0,181.006,163.38,143.796,126.075,89.4474,49.9995,32.4863,21.9961,10.8168
45.004,0.0003,0.7662,0.0000,6,248.13,-0.02,24.65,0.3126,0.0370,15354.7,0.0,227.91,227.91,221.56,221.56,6.06193,14.2076,24.0462,48.4993,83.9381,200.0,200.0,200.0,200.0,200.0,179.764,162.26,142.811,125.276,89.8396,49.6944,32.2751,21.8532,10.7466
45.022,0.0003,0.7524,0.0000,6,248.16,-0.02,24.81,0.3040,0.0371,15358.6,0.0,227.94,227.94,221.62,221.62,6.13695,14.3834,24.3439,49.0032,83.5683,200.0,200.0,200.0,200.0,200.0,178.532,161.149,141.832,124.477,90.1314,49.4082,32.0657,21.7115,10.677
45.047,0.0003,0.7755,0.0000,6,248.23,-0.01,25.28,0.2955,0.0371,15317.8,0.0,228.00,228.00,221.03,221.03,6.21216,14.5601,24.6435,49.4356,83.2302,200.0,200.0,200.0,200.0,198.728,177.278,160.019,140.84,123.661,90.3173,49.1356,31.8548,21.5691,10.6071
45.066,0.0003,0.7774,0.0000,6,248.25,-0.01,25.67,0.2870,0.0371,15332.2,0.0,228.03,228.03,221.23,221.23,6.28747,14.7368,24.9429,49.799,82.9135,200.0,200.0,200.0,200.0,197.334,176.035,158.897,139.854,122.842,90.4321,48.8818,31.6442,21.4266,10.5371
45.085,0.0002,0.7649,0.0000,6,248.28,-0.01,25.86,0.2784,0.0371,15350.2,0.0,228.05,228.05,221.49,221.49,6.36292,14.9137,25.2425,50.1004,82.6228,200.0,200.0,200.0,200.0,195.944,174.797,157.781,138.871,122.02,90.4825,48.6467,31.4337,21.2841,10.4671
45.104,0.0002,0.7501,0.0000,6,248.31,-0.01,25.94,0.2699,0.0371,15360.8,0.0,228.08,228.08,221.65,221.65,6.43837,15.0906,25.5422,50.3474,82.3613,200.0,200.0,200.0,200.0,194.556,173.557,156.661,137.888,121.193,90.4736,48.4305,31.2229,21.1415,10.397
45.123,0.0002,0.7402,0.0000,6,248.32,-0.01,26.04,0.2613,0.0371,15363.1,0.0,228.10,228.10,221.69,221.69,6.51374,15.2674,25.8415,50.5433,82.1319,200.0,200.0,200.0,200.0,193.167,172.32,155.545,136.905,120.36,90.4144,48.2357,31.0126,20.9991,10.327
45.147,0.0002,0.7468,0.0000,6,248.35,-0.01,26.14,0.2528,0.0371,15347.1,0.0,228.11,228.11,221.51,221.51,6.58874,15.4433,26.1395,50.6924,81.9333,200.0,200.0,200.0,200.0,191.778,171.082,154.429,135.922,119.521,90.309,48.0638,30.8031,20.8574,10.2574
45.166,0.0001,0.7558,0.0000,6,248.37,-0.01,26.41,0.2443,0.0371,15339.9,0.0,228.14,228.14,221.35,221.35,6.66376,15.6193,26.438,50.8008,81.7766,200.0,200.0,200.0,200.0,190.384,169.84,153.308,134.937,118.675,90.1598,47.9138,30.5932,20.7155,10.1877
45.185,0.0001,0.7541,0.0000,6,248.39,-0.01,26.61,0.2358,0.0371,15348.8,0.0,228.16,228.16,221.48,221.48,6.73899,15.7959,26.7371,50.8704,81.6614,200.0,200.0,200.0,200.0,188.991,168.599,152.189,133.953,117.824,89.9708,47.7869,30.383,20.5732,10.1179
45.204,0.0001,0.7458,0.0000,6,248.40,-0.01,26.70,0.2273,0.0371,15358.6,0.0,228.17,228.17,221.62,221.62,6.81425,15.9724,27.0361,50.9045,81.592,200.0,200.0,200.0,200.0,187.601,167.359,151.07,132.971,116.969,89.7494,47.6863,30.1727,20.431,10.048
45.222,0.0001,0.7379,0.0000,6,248.41,-0.01,26.80,0.2187,0.0371,15363.0,0.0,228.18,228.18,221.69,221.69,6.8895,16.1489,27.335,50.9045,81.5734,200.0,200.0,200.0,200.0,186.213,166.123,149.955,131.989,116.111,89.4979,47.6128,29.9627,20.2889,9.9781
45.247,0.0001,0.7333,0.0000,6,248.42,-0.01,26.89,0.2102,0.0371,15363.4,0.0,228.19,228.19,221.69,221.69,6.96475,16.3253,27.6337,50.8728,81.612,200.0,200.0,200.0,200.0,184.831,164.888,148.841,131.009,115.25,89.2159,47.5693,29.7528,20.1468,9.90824
45.266,0.0001,0.7452,0.0000,6,248.44,-0.01,27.06,0.2017,0.0371,15344.2,0.0,228.20,228.20,221.43,221.43,7.04,16.5018,27.9327,50.8132,81.7189,200.0,200.0,200.0,200.0,183.444,163.653,147.726,130.027,114.386,88.9061,47.5556,29.5428,20.0046,9.83837
45.285,0.0001,0.7494,0.0000,6,248.45,-0.01,27.28,0.1931,0.0371,15347.2,0.0,228.21,228.21,221.46,221.46,7.11554,16.679,28.233,50.728,81.9096,200.0,200.0,200.0,200.0,182.049,162.41,146.605,129.041,113.518,88.5682,47.5735,29.3333,19.8618,9.76823
45.304,0.0001,0.7465,0.0000,6,248.45,-0.01,27.44,0.1846,0.0371,15354.3,0.0,228.22,228.22,221.56,221.56,7.19106,16.8562,28.5166,50.6166,82.189,200.0,200.0,200.0,200.0,180.659,161.169,145.487,128.057,112.654,88.2066,47.6274,29.1353,19.7191,9.69811
45.323,0.0001,0.7393,0.0000,6,248.46,-0.01,27.50,0.1760,0.0371,15361.6,0.0,228.22,228.23,221.66,221.66,7.26657,17.0333,28.7681,50.4804,82.5778,200.0,200.0,200.0,200.0,179.27,159.932,144.369,127.074,111.79,87.8246,47.7206,28.9494,19.5765,9.628
45.347,0.0001,0.7334,0.0000,6,248.46,-0.01,27.60,0.1674,0.0371,15364.3,0.0,228.23,228.23,221.71,221.71,7.34209,17.2104,28.9899,50.3216,83.1015,200.0,200.0,200.0,200.0,177.882,158.694,143.252,126.091,110.925,87.4227,47.855,28.7766,19.4339,9.55789
45.366,0.0001,0.7300,0.0000,6,248.46,-0.01,27.66,0.1589,0.0371,15364.5,0.0,228.23,228.23,221.71,221.71,7.4176,17.3875,29.1831,50.1406,83.7953,200.0,200.0,200.0,200.0,176.494,157.456,142.135,125.11,110.061,87.0,48.0351,28.617,19.2912,9.48778
45.384,0.0000,0.7401,0.0000,6,248.48,-0.01,27.82,0.1503,0.0371,15348.5,0.0,228.24,228.24,221.48,221.48,7.49314,17.5647,29.3495,49.9401,84.7239,200.0,200.0,200.0,200.0,175.101,156.214,141.015,124.123,109.195,86.5572,48.2645,28.4713,19.1485,9.41765
45.403,0.0000,0.7422,0.0000,6,248.48,-0.01,27.97,0.1417,0.0371,15353.2,0.0,228.24,228.24,221.54,221.54,7.56867,17.7419,29.4906,49.7196,85.9772,200.0,200.0,200.0,200.0,173.707,154.972,139.894,123.138,108.328,86.0978,48.5472,28.3394,19.0058,9.34752
45.422,0.0000,0.7384,0.0000,6,248.48,-0.01,28.05,0.1332,0.0371,15359.7,0.0,228.24,228.25,221.64,221.64,7.64419,17.9191,29.6068,49.4806,87.7493,200.0,200.0,200.0,200.0,172.317,153.733,138.777,122.155,107.465,85.6226,48.8931,28.2224,18.8631,9.2774
45.447,0.0000,0.7333,0.0000,6,248.48,-0.01,28.09,0.1246,0.0371,15363.7,0.0,228.25,228.25,221.69,221.69,7.71971,18.0952,29.6995,49.2235,90.5879,200.0,200.0,200.0,200.0,170.931,152.496,137.66,121.172,106.6,85.1326,49.3062,28.1206,18.7219,9.20729
45.466,0.0000,0.7300,0.0000,6,248.47,-0.01,28.14,0.1161,0.0371,15364.5,0.0,228.24,228.25,221.71,221.71,7.79523,18.2581,29.77,48.9488,176.241,200.0,200.0,200.0,200.0,169.542,151.258,136.544,120.19,105.736,84.6276,49.787,28.0347,18.5889,9.13718
45.485,0.0000,0.7314,0.0000,6,248.48,-0.01,28.18,0.1075,0.0371,15360.1,0.0,228.24,228.24,221.67,221.67,7.87075,18.4046,29.8193,48.6617,176.109,200.0,200.0,200.0,200.0,168.155,150.02,135.427,119.207,104.871,84.1083,50.2226,27.9647,18.4652,9.06707
45.503,0.0000,0.7368,0.0000,6,248.48,-0.01,28.29,0.0989,0.0371,15353.9,0.0,228.25,228.25,221.56,221.56,7.94629,18.5358,29.8482,48.3882,175.784,200.0,200.0,200.0,200.0,166.762,148.778,134.307,118.223,104.005,83.5743,50.5896,27.9118,18.3511,8.99694
45.522,0.0000,0.7369,0.0000,6,248.48,-0.01,28.38,0.0904,0.0372,15357.8,0.0,228.25,228.25,221.61,221.61,8.02183,18.6513,29.8577,48.1325,175.338,198.888,200.0,200.0,200.0,165.37,147.537,133.187,117.237,103.14,83.0277,50.8933,27.876,18.2467,8.92682
45.547,0.0000,0.7339,0.0000,6,248.48,-0.01,28.42,0.0818,0.0372,15361.8,0.0,228.25,228.25,221.67,221.67,8.09736,18.7518,29.8481,47.8936,174.808,197.731,200.0,200.0,200.0,163.981,146.3,132.07,116.254,102.275,82.4692,51.1425,27.8591,18.1526,8.8567
45.566,0.0000,0.7309,0.0000,6,248.47,-0.01,28.44,0.0733,0.0372,15363.7,0.0,228.24,228.25,221.70,221.70,8.17288,18.8379,29.8202,47.6746,174.213,196.573,200.0,200.0,200.0,162.594,145.063,130.953,115.272,101.412,81.9004,51.3426,27.8615,18.0685,8.7866
45.585,0.0000,0.7291,0.0000,6,248.47,-0.01,28.46,0.0647,0.0372,15363.8,0.0,228.24,228.24,221.70,221.70,8.2484,18.9099,29.775,47.475,173.57,195.415,200.0,200.0,200.0,161.207,143.826,129.837,114.289,100.548,81.3206,51.4963,27.8833,17.9949,8.71649
45.604,0.0000,0.7321,0.0000,6,248.47,-0.01,28.48,0.0561,0.0372,15358.5,0.0,228.24,228.24,221.63,221.63,8.32373,18.9683,29.7131,47.298,172.887,194.258,200.0,200.0,200.0,159.818,142.587,128.719,113.306,99.6836,80.7286,51.6064,27.926,17.932,8.64638
45.622,0.0000,0.7336,0.0000,6,248.47,-0.01,28.53,0.0476,0.0372,15358.8,0.0,228.24,228.24,221.63,221.63,8.39468,19.0134,29.6354,47.1425,172.169,193.102,200.0,200.0,200.0,158.426,141.346,127.599,112.322,98.8175,80.125,51.6778,27.99,17.8801,8.57939
45.647,0.0000,0.7326,0.0000,6,248.47,-0.01,28.56,0.0390,0.0372,15361.1,0.0,228.24,228.24,221.66,221.66,8.45942,19.0452,29.542,47.0124,171.424,191.945,200.0,200.0,200.0,157.034,140.105,126.48,111.338,97.9514,79.5119,51.7127,28.0764,17.8392,8.51745
45.666,0.0000,0.7311,0.0000,6,248.47,-0.01,28.57,0.0305,0.0372,15362.4,0.0,228.24,228.24,221.68,221.68,8.51805,19.0645,29.4333,46.9062,170.655,190.788,200.0,200.0,200.0,155.643,138.866,125.362,110.353,97.0864,78.8897,51.7148,28.1866,17.8099,8.46073
45.685,0.0000,0.7311,0.0000,6,248.46,-0.01,28.79,0.0219,0.0372,15361.3,0.0,228.23,228.23,221.66,221.66,8.57067,19.0716,29.3103,46.8263,169.861,189.63,199.799,200.0,200.0,154.258,137.629,124.246,109.372,96.2232,78.2596,51.6867,28.3216,17.7924,8.40934
45.704,0.0000,0.7322,0.0000,6,248.45,-0.01,29.00,0.0136,0.0348,15359.9,0.0,228.23,228.23,221.64,221.64,8.6172,19.0662,29.1724,46.7746,169.048,188.472,198.579,200.0,200.0,152.87,136.393,123.131,108.39,95.3597,77.62,51.6288,28.4834,17.787,8.36323
45.722,0.0000,0.7524,0.0000,6,248.47,-0.01,29.37,0.0059,0.0319,15333.8,0.0,228.24,228.24,221.27,221.27,8.65804,19.0495,29.0219,46.7555,168.221,187.317,197.362,200.0,200.0,151.474,135.149,122.009,107.402,94.4922,76.9696,51.5413,28.671,17.7936,8.32228
45.747,0.0000,0.7592,0.0000,6,248.47,-0.01,29.76,-0.0011,0.0290,15339.5,0.0,228.24,228.24,221.35,221.35,8.69279,19.0212,28.858,46.7677,167.375,186.161,196.143,200.0,200.0,150.084,133.909,120.89,106.418,93.6274,76.3123,51.4294,28.8888,17.8132,8.28681
45.766,0.0000,0.7559,0.0000,6,248.48,-0.01,30.07,-0.0075,0.0262,15348.9,0.0,228.25,228.25,221.47,221.47,8.72193,18.9816,28.6812,46.8157,166.516,185.004,194.925,200.0,200.0,148.693,132.669,119.772,105.435,92.7615,75.6454,51.2934,29.1346,17.8456,8.25664
45.785,0.0000,0.7462,0.0000,6,248.48,-0.00,30.47,-0.0132,0.0233,15359.3,0.0,228.25,228.25,221.63,221.63,8.74522,18.9313,28.4975,46.9018,165.644,183.847,193.706,200.0,200.0,147.304,131.43,118.654,104.451,91.8967,74.9732,51.1337,29.3655,17.8914,8.23188
45.803,0.0000,0.7377,0.0000,6,248.47,-0.00,30.72,-0.0182,0.0204,15363.7,0.0,228.25,228.25,221.69,221.69,8.7627,18.87,28.3257,47.0281,164.76,182.691,192.488,200.0,200.0,145.912,130.189,117.534,103.467,91.0314,74.2918,50.9532,29.5679,17.9509,8.21274
45.822,0.0000,0.7569,0.0000,6,248.50,-0.00,31.20,-0.0226,0.0176,15331.7,0.0,228.26,228.26,221.24,221.24,8.77487,18.7991,28.1682,47.2029,163.87,181.538,191.273,200.0,200.0,144.51,128.94,116.408,102.476,90.1612,73.5996,50.7484,29.7412,18.0239,8.19882
45.847,0.0000,0.7594,0.0000,6,248.50,-0.00,31.59,-0.0264,0.0147,15342.6,0.0,228.26,228.26,221.39,221.39,8.78142,18.7179,28.0243,47.4262,162.967,180.383,190.057,199.448,200.0,143.113,127.696,115.285,101.488,89.2933,72.903,50.5254,29.8888,18.1114,8.19044
45.866,0.0000,0.7494,0.0000,6,248.49,-0.00,31.79,-0.0294,0.0118,15357.6,0.0,228.26,228.26,221.60,221.60,8.78239,18.6264,27.8945,47.7027,162.054,179.228,188.84,198.171,200.0,141.717,126.451,114.162,100.502,88.4252,72.1985,50.2836,30.0114,18.2139,8.18777
45.885,0.0000,0.7372,0.0000,6,248.49,-0.00,31.82,-0.0319,0.0090,15366.7,0.0,228.26,228.26,221.73,221.73,8.77783,18.5254,27.7796,48.0392,161.133,178.073,187.624,196.895,200.0,140.32,125.206,113.04,99.5146,87.5573,71.4902,50.0241,30.1105,18.3318,8.19077
45.904,0.0000,0.7274,0.0000,6,248.48,-0.00,31.74,-0.0336,0.0061,15370.7,0.0,228.25,228.25,221.79,221.79,8.76762,18.4144,27.6796,48.4414,160.202,176.917,186.406,195.618,200.0,138.926,123.963,111.918,98.5282,86.6894,70.7833,49.7476,30.187,18.4655,8.19961
45.922,0.0000,0.7226,0.0000,6,248.47,0.00,31.61,-0.0347,0.0032,15369.9,0.0,228.25,228.25,221.79,221.79,8.75194,18.2938,27.595,48.9193,159.263,175.762,185.189,194.341,200.0,137.532,122.721,110.798,97.5418,85.8238,70.0757,49.4562,30.2429,18.6137,8.21434
45.947,0.0000,0.7212,0.0000,6,248.46,0.00,31.47,-0.0351,0.0004,15368.3,0.0,228.23,228.24,221.76,221.76,8.73083,18.1718,27.5264,49.482,158.318,174.606,183.972,193.064,200.0,136.139,121.48,109.678,96.5565,84.9578,69.3697,49.149,30.2774,18.7514,8.23496
45.966,0.0000,0.7224,0.0000,6,248.44,0.00,31.30,-0.0348,-0.0025,15365.7,0.0,228.22,228.22,221.73,221.73,8.70444,18.0595,27.475,50.1424,157.365,173.451,182.755,191.787,198.824,134.747,120.237,108.558,95.5723,84.0916,68.6637,48.8269,30.2926,18.874,8.2614
45.985,0.0000,0.7233,0.0000,6,248.44,0.00,30.98,-0.0339,-0.0054,15365.4,0.0,228.21,228.21,221.72,221.72,8.67261,17.957,27.4409,50.9171,156.404,172.294,181.536,190.509,197.499,133.356,118.998,107.439,94.5882,83.2262,67.9574,48.4903,30.2887,18.9812,8.29391
46.004,0.0000,0.7062,0.0000,6,248.41,0.00,30.60,-0.0323,-0.0082,15388.8,0.0,228.20,228.21,221.96,221.96,8.63564,17.8644,27.425,51.8286,155.438,171.137,180.317,189.229,196.173,131.968,117.761,106.323,93.6056,82.3624,67.2524,48.1412,30.2667,19.0741,8.33231
46.022,0.0000,0.6750,0.0000,6,248.35,0.00,29.94,-0.0301,-0.0111,15417.8,0.0,228.15,228.15,222.49,222.49,8.59366,17.7827,27.4296,52.91,154.467,169.982,179.1,187.953,194.849,130.576,116.519,105.203,92.6204,81.4964,66.5465,47.7772,30.226,19.1519,8.37647
46.048,0.0000,0.6890,0.0000,6,248.35,0.01,29.55,-0.0273,-0.0140,15376.4,0.0,228.13,228.13,221.91,221.91,8.5466,17.7115,27.4537,54.2007,153.491,168.828,177.885,186.677,193.527,129.182,115.277,104.081,91.6351,80.6293,65.8389,47.4001,30.1681,19.2157,8.42677
46.066,0.0000,0.7072,0.0000,6,248.32,0.01,29.16,-0.0237,-0.0168,15362.3,0.0,228.12,228.12,221.69,221.69,8.49431,17.651,27.4986,55.7673,152.509,167.673,176.668,185.401,192.205,127.789,114.035,102.96,90.6484,79.7627,65.1328,47.011,30.0943,19.2659,8.48321
46.085,0.0000,0.7205,0.0000,6,248.32,0.01,28.62,-0.0196,-0.0197,15358.0,0.0,228.11,228.11,221.62,221.62,8.43698,17.6015,27.5649,57.6782,151.52,166.516,175.449,184.121,190.878,126.405,112.8,101.845,89.6675,78.899,64.4277,46.611,30.0046,19.3034,8.54585
46.104,0.0000,0.6865,0.0000,6,248.26,0.01,27.92,-0.0147,-0.0226,15413.0,0.0,228.10,228.10,222.31,222.31,8.37713,17.5628,27.6533,59.6738,150.525,165.358,174.229,182.841,189.551,125.02,111.565,100.732,88.6865,78.0367,63.7229,46.2002,29.9006,19.3282,8.60803
46.122,0.0000,0.6178,0.0000,6,248.16,0.01,26.86,-0.0092,-0.0254,15479.7,0.0,228.01,228.01,223.37,223.37,8.32196,17.5358,27.7662,61.6763,149.531,164.205,173.015,181.567,188.231,123.626,110.323,99.6113,87.7001,77.1698,63.0168,45.7767,29.781,19.3403,8.66413
46.147,0.0000,0.6449,0.0000,6,248.17,0.01,26.20,-0.0030,-0.0283,15393.2,0.0,227.97,227.97,222.18,222.18,8.27245,17.5214,27.9049,63.6807,148.531,163.051,171.799,180.292,186.908,122.233,109.081,98.491,86.7147,76.303,62.3097,45.3422,29.6466,19.3394,8.71372
46.166,0.0000,0.6873,0.0000,6,248.15,0.01,25.53,0.0038,-0.0312,15356.5,0.0,227.96,227.96,221.62,221.62,8.22799,17.5187,28.0687,65.6792,147.525,161.895,170.581,179.013,185.583,120.849,107.846,97.3751,85.7338,75.4398,61.6043,44.8983,29.4991,19.3274,8.7577
46.185,0.0000,0.7168,0.0000,6,248.14,0.01,24.71,0.0111,-0.0310,15348.3,0.0,227.95,227.95,221.49,221.49,8.18875,17.5274,28.2578,67.6622,146.508,160.732,169.355,177.727,184.249,119.484,106.627,96.274,84.7627,74.5839,60.9055,44.4482,29.3401,19.3045,8.79593
46.205,0.0000,0.6579,0.0000,6,248.06,0.01,23.60,0.0178,-0.0281,15448.5,0.0,227.94,227.94,222.78,222.78,8.15463,17.5484,28.4745,69.6315,145.484,159.565,168.125,176.435,182.91,118.129,105.416,95.1788,83.7967,73.7337,60.209,43.9901,29.1693,19.271,8.8285
46.223,0.0000,0.5315,0.0000,6,247.88,0.01,22.14,0.0240,-0.0253,15573.8,0.0,227.82,227.82,224.66,224.66,8.12602,17.5826,28.7225,71.6119,144.462,158.404,166.901,175.151,181.578,116.764,104.195,94.0756,82.8253,72.8784,59.5099,43.5203,28.9851,19.226,8.85517
46.247,0.0000,0.5525,0.0000,6,247.86,0.01,21.11,0.0294,-0.0224,15453.1,0.0,227.70,227.70,223.10,223.10,8.10276,17.6306,29.0043,73.6069,143.442,157.25,165.686,173.876,180.256,115.378,102.959,92.9604,81.8443,72.0156,58.8063,43.04,28.7878,19.1697,8.87621
46.266,0.0000,0.6468,0.0000,6,247.85,0.01,20.36,0.0343,-0.0195,15342.7,0.0,227.69,227.69,221.46,221.46,8.08504,17.6919,29.3199,75.5978,142.416,156.093,164.467,172.596,178.93,113.999,101.73,91.851,80.8674,71.1555,58.1041,42.5513,28.5791,19.1033,8.8916
46.284,0.0000,0.7119,0.0000,6,247.84,0.01,19.53,0.0384,-0.0167,15325.1,0.0,227.67,227.67,221.16,221.16,8.07266,17.7668,29.6701,77.5678,141.382,154.93,163.241,171.31,177.596,112.64,100.515,90.7529,79.8999,70.3033,57.4072,42.0566,28.3607,19.0275,8.90152
46.304,0.0000,0.7083,0.0000,6,247.81,0.00,18.75,0.0420,-0.0138,15377.7,0.0,227.67,227.67,221.74,221.74,8.06583,17.8559,30.0576,79.5286,140.341,153.764,162.012,170.019,176.258,111.288,99.306,89.6599,78.9363,69.454,56.7126,41.5548,28.1314,18.9415,8.90589
46.323,0.0080,0.6052,0.0000,6,247.68,-0.00,17.52,0.0448,-0.0110,15512.5,0.0,227.59,227.59,223.78,223.78,8.06475,17.96,30.4863,81.4852,139.297,152.597,160.782,168.728,174.918,109.942,98.1013,88.5695,77.9744,68.6065,56.0185,41.0456,27.8912,18.8454,8.90454
46.347,0.0285,0.6243,0.0000,6,247.72,-0.01,16.71,0.0470,-0.0084,15411.4,0.0,227.57,227.50,222.46,222.46,8.06653,18.0611,30.898,82.9324,138.105,151.263,159.366,167.23,173.358,109.052,97.2607,87.7774,77.2426,67.9364,55.4432,40.599,27.6732,18.7557,8.90073
46.366,0.0483,0.6882,0.0000,6,247.74,-0.11,16.23,0.0487,-0.0071,15340.2,0.0,227.71,227.39,221.40,221.40,8.06257,18.1015,31.0901,82.313,136.314,149.25,157.194,164.899,170.899,110.146,97.9505,88.2282,77.471,68.0074,55.3587,40.4137,27.5779,18.7204,8.90376
46.386,0.0611,0.7348,0.0000,6,247.76,-0.42,15.63,0.0500,-0.0069,15325.0,0.0,227.80,227.29,221.16,221.16,8.05292,18.0864,31.0769,80.052,134.011,146.675,154.397,161.88,167.701,173.97,100.11,89.8592,78.6005,68.7664,55.7246,40.4642,27.5886,18.733,8.91315
46.404,0.0547,0.7603,0.0000,6,247.80,-0.70,15.26,0.0511,-0.0074,15325.1,0.0,227.90,227.21,221.12,221.12,8.04004,18.0379,30.9411,77.0758,131.405,143.806,151.276,158.505,164.123,170.167,103.384,92.3624,80.3778,70.0081,56.3973,40.6714,27.6624,18.7743,8.92629
46.422,0.0492,0.6714,0.0000,6,247.71,-1.25,14.32,0.0520,-0.0091,15462.4,0.0,228.02,227.05,223.09,223.09,8.01869,17.9229,30.5717,72.9201,128.219,140.396,147.557,154.478,159.846,165.615,171.83,96.6248,83.4433,72.2005,57.6641,41.1748,27.8621,18.8743,8.94887
46.448,0.0443,0.6759,0.0000,6,247.77,-1.94,13.73,0.0528,-0.0120,15391.1,0.0,228.18,226.90,222.14,222.14,7.98822,17.7426,29.9859,68.0437,124.431,136.516,143.325,149.89,154.975,160.429,166.295,103.197,88.143,75.5589,59.6307,42.0099,28.1941,19.0359,8.98186
46.466,0.0399,0.7087,0.0000,6,247.79,-2.46,13.44,0.0538,-0.0150,15350.7,0.0,228.24,226.89,221.53,221.53,7.9564,17.5586,29.4054,63.7873,120.549,132.733,139.205,145.435,150.251,155.409,160.947,166.907,93.7127,79.473,61.8779,42.9533,28.5458,19.2067,9.01685
46.485,0.0359,0.7370,0.0000,6,247.82,-2.72,13.04,0.0549,-0.0167,15337.0,0.0,228.16,227.00,221.33,221.33,7.93291,17.4426,29.0603,61.0621,117.27,129.604,135.832,141.802,146.412,151.343,156.63,162.313,98.5209,82.7576,63.6874,43.6611,28.7663,19.3171,9.04256
46.504,0.0323,0.7570,0.0000,6,247.87,-2.48,12.78,0.0563,-0.0165,15331.2,0.0,227.99,227.23,221.24,221.24,7.92245,17.425,29.0321,59.9374,114.975,127.312,133.405,139.207,143.684,148.471,153.599,159.107,101.661,84.532,64.5741,43.9291,28.7807,19.3321,9.05275
46.522,0.0291,0.7064,0.0000,6,247.84,-2.26,12.20,0.0579,-0.0159,15413.3,0.0,227.91,227.35,222.40,222.40,7.91469,17.4298,29.056,59.1557,112.925,125.224,131.213,136.871,141.234,145.896,150.889,156.247,164.443,85.9927,65.2705,44.1092,28.7577,19.3249,9.05987
46.548,0.0262,0.7078,0.0000,6,247.90,-2.19,11.77,0.0594,-0.0159,15374.3,0.0,227.98,227.34,221.88,221.88,7.90178,17.4009,28.9534,57.9513,110.545,122.878,128.773,134.266,138.499,143.019,147.855,153.042,160.968,88.2659,66.4191,44.4922,28.8223,19.3504,9.07284
46.566,0.0235,0.7247,0.0000,6,247.94,-2.10,11.57,0.0610,-0.0159,15352.7,0.0,228.04,227.38,221.55,221.55,7.88818,17.3699,28.8269,56.7655,108.151,120.531,126.36,131.692,135.798,140.179,144.864,149.885,157.548,90.7836,67.6831,44.922,28.9085,19.3778,9.08652
46.585,0.0212,0.7402,0.0000,6,247.98,-1.97,11.37,0.0627,-0.0155,15344.6,0.0,228.04,227.45,221.43,221.43,7.87693,17.3587,28.7431,55.8477,105.972,118.36,124.14,129.331,133.326,137.585,142.137,147.012,154.448,93.0529,68.7908,45.2793,28.9681,19.386,9.09726
46.604,0.0191,0.7514,0.0000,6,248.04,-1.71,11.25,0.0644,-0.0143,15340.9,0.0,228.01,227.58,221.37,221.37,7.87152,17.3872,28.7558,55.3676,104.206,116.508,122.237,127.316,131.223,135.387,139.835,144.597,151.855,95.1347,69.4711,45.4532,28.9575,19.3553,9.1013
46.623,0.0172,0.7349,0.0000,6,248.07,-1.46,11.06,0.0661,-0.0129,15371.1,0.0,228.01,227.67,221.79,221.79,7.86895,17.4336,28.7954,55.0424,102.61,114.786,120.458,125.441,129.269,133.348,137.705,142.367,149.47,158.538,69.9952,45.5635,28.926,19.3082,9.10215
46.648,0.0154,0.7324,0.0000,6,248.12,-1.31,10.89,0.0676,-0.0115,15362.4,0.0,228.06,227.70,221.69,221.69,7.86644,17.4758,28.7966,54.6169,100.944,113.01,118.627,123.517,127.264,131.256,135.517,140.075,147.017,155.874,70.6669,45.7388,28.9238,19.2661,9.10293
46.667,0.0139,0.7357,0.0000,6,248.18,-1.18,10.80,0.0689,-0.0102,15356.1,0.0,228.11,227.76,221.59,221.59,7.86592,17.5245,28.7898,54.2034,99.3119,111.259,116.82,121.623,125.291,129.199,133.368,137.826,144.612,153.265,71.3548,45.9225,28.9281,19.2254,9.1018
46.685,0.0125,0.7394,0.0000,6,248.23,-1.06,10.80,0.0700,-0.0087,15353.7,0.0,228.15,227.82,221.56,221.56,7.86799,17.5747,28.7845,53.8316,97.7438,109.557,115.058,119.78,123.375,127.201,131.284,135.647,142.286,150.746,72.0134,46.0956,28.9315,19.1869,9.09808
46.703,0.0113,0.7425,0.0000,6,248.28,-0.95,10.85,0.0709,-0.0071,15352.2,0.0,228.18,227.88,221.53,221.53,7.87302,17.6218,28.7806,53.4956,96.233,107.897,113.336,117.984,121.507,125.257,129.257,133.53,140.029,148.306,72.6431,46.2588,28.9341,19.1501,9.09128
46.723,0.0101,0.7448,0.0000,6,248.33,-0.84,10.94,0.0715,-0.0054,15351.4,0.0,228.21,227.95,221.52,221.52,7.88159,17.6694,28.7882,53.2289,94.8127,106.305,111.678,116.257,119.714,123.393,127.314,131.504,137.873,145.981,73.1886,46.3899,28.9273,19.1117,9.08095
46.748,0.0091,0.7450,0.0000,6,248.38,-0.73,11.05,0.0718,-0.0035,15352.9,0.0,228.24,228.02,221.54,221.54,7.8944,17.7199,28.8118,53.04,93.4891,104.788,110.091,114.604,117.999,121.612,125.463,129.575,135.826,143.779,73.6224,46.4791,28.9073,19.0697,9.06636
46.766,0.0082,0.7424,0.0000,6,248.43,-0.64,11.14,0.0718,-0.0015,15356.4,0.0,228.28,228.08,221.59,221.59,7.91115,17.771,28.8442,52.9014,92.2315,103.323,108.553,113.002,116.34,119.89,123.674,127.714,133.853,141.661,73.9799,46.5413,28.8793,19.0264,9.04789
46.785,0.0074,0.7379,0.0000,6,248.48,-0.55,11.29,0.0713,0.0006,15360.6,0.0,228.31,228.14,221.65,221.65,7.9323,17.8214,28.8801,52.7897,91.0128,101.889,107.046,111.432,114.714,118.205,121.924,125.895,131.928,139.598,74.2967,46.5892,28.8483,18.9832,9.02538
46.804,0.0067,0.7335,0.0000,6,248.52,-0.50,11.56,0.0704,0.0027,15363.1,0.0,228.36,228.17,221.69,221.69,7.95663,17.8628,28.8978,52.6308,89.762,100.433,105.516,109.839,113.065,116.495,120.148,124.049,129.972,137.501,74.6955,46.6714,28.8325,18.9478,9.00009
46.823,0.0060,0.7389,0.0000,6,248.57,-0.47,11.81,0.0691,0.0047,15352.7,0.0,228.40,228.21,221.59,221.59,7.98457,17.8996,28.9079,52.4611,88.5135,98.9796,103.99,108.251,111.42,114.789,118.378,122.208,128.024,135.413,75.1186,46.7649,28.8228,18.9163,8.97229
46.848,0.0054,0.7491,0.0000,6,248.62,-0.41,12.23,0.0674,0.0070,15343.1,0.0,228.43,228.28,221.40,221.40,8.01399,17.9417,28.9373,52.3679,87.3454,97.5936,102.527,106.727,109.845,113.158,116.687,120.452,126.169,133.43,75.4097,46.8094,28.7967,18.8793,8.94424
46.866,0.0048,0.7478,0.0000,6,248.66,-0.34,12.58,0.0651,0.0094,15352.3,0.0,228.45,228.34,221.53,221.53,8.04316,17.9896,28.9864,52.3507,86.2521,96.2729,101.128,105.267,108.336,111.598,115.072,118.778,124.404,131.548,75.5911,46.8027,28.7533,18.8364,8.91623
46.885,0.0044,0.7371,0.0000,6,248.70,-0.29,12.79,0.0624,0.0118,15365.6,0.0,228.48,228.38,221.72,221.72,8.0716,18.0382,29.0406,52.3581,85.1825,94.9764,99.7517,103.83,106.853,110.066,113.486,117.135,122.674,129.706,76.502,46.7799,28.7053,18.7925,8.88887
46.904,0.0039,0.7244,0.0000,6,248.73,-0.26,12.91,0.0591,0.0142,15374.7,0.0,228.51,228.42,221.85,221.85,8.09894,18.0847,29.0922,52.3638,84.1133,93.6847,98.3808,102.399,105.375,108.539,111.907,115.5,120.952,127.873,143.326,46.7586,28.6593,18.7502,8.86252
46.923,0.0035,0.7144,0.0000,6,248.76,-0.24,12.94,0.0557,0.0138,15378.7,0.0,228.53,228.44,221.91,221.91,8.12535,18.1294,29.1409,52.3662,83.0426,92.396,97.0132,100.971,103.902,107.016,110.332,113.869,119.235,126.047,141.25,46.7401,28.6153,18.7095,8.83703
46.948,0.0032,0.7185,0.0000,6,248.79,-0.22,13.06,0.0523,0.0134,15365.9,0.0,228.56,228.48,221.73,221.73,8.151,18.1729,29.189,52.3712,81.9747,91.1139,95.6524,99.5495,102.435,105.502,108.766,112.247,117.529,124.232,139.189,46.7201,28.5719,18.6697,8.81223
46.967,0.0029,0.7146,0.0000,6,248.81,-0.20,13.10,0.0491,0.0131,15374.1,0.0,228.58,228.50,221.84,221.84,8.17616,18.2172,29.2415,52.396,80.9227,89.8501,94.3098,98.1465,100.988,104.008,107.222,110.649,115.849,122.447,137.166,46.6863,28.5244,18.6289,8.78786
46.985,0.0026,0.7091,0.0000,6,248.82,-0.19,13.09,0.0459,0.0128,15378.5,0.0,228.59,228.52,221.91,221.91,8.20096,18.2623,29.2974,52.4363,79.8815,88.6002,92.9813,96.7578,99.5566,102.53,105.695,109.07,114.19,120.686,135.173,46.6416,28.4737,18.5873,8.7638
47.004,0.0023,0.7045,0.0000,6,248.84,-0.17,12.93,0.0429,0.0125,15380.7,0.0,228.60,228.54,221.94,221.94,8.22543,18.3075,29.3551,52.4854,78.8449,87.3591,91.662,95.3786,98.1349,101.063,104.18,107.503,112.544,118.939,133.2,46.5904,28.4213,18.5454,8.74002
47.023,0.0021,0.7012,0.0000,6,248.86,-0.16,12.73,0.0398,0.0123,15381.7,0.0,228.61,228.56,221.96,221.96,8.2498,18.3548,29.4199,52.5605,77.8249,86.1374,90.3623,94.0191,96.7343,99.6189,102.689,105.962,110.926,117.225,131.267,46.5204,28.3627,18.5014,8.71629
47.047,0.0019,0.3857,0.0000,6,248.84,-0.14,12.34,0.0368,0.0122,15413.0,0.0,228.60,228.56,222.41,222.41,8.27413,18.403,29.4879,52.6479,76.8093,84.9246,89.0722,92.6697,95.3444,98.1857,101.209,104.434,109.323,115.526,129.354,46.4416,28.3013,18.4565,8.6926
47.066,0.0017,0.2121,0.0000,6,248.71,-0.13,12.02,0.0339,0.0120,15283.3,0.0,228.56,228.52,220.56,220.56,8.29787,18.4493,29.5519,52.7246,75.7836,83.7071,87.7781,91.3163,93.9502,96.7482,99.7258,102.9,107.715,113.822,127.434,46.3703,28.2431,18.4132,8.66946
47.085,0.0015,0.1167,0.0000,6,248.37,-0.12,11.83,0.0310,0.0118,15197.5,0.0,228.34,228.30,219.32,219.32,8.32082,18.4936,29.6119,52.7924,74.7502,82.4873,86.4823,89.9616,92.5547,95.3094,98.2405,101.366,106.105,112.116,125.512,46.3053,28.1882,18.3719,8.64707
47.104,0.0014,0.0642,0.0000,6,247.91,-0.12,11.67,0.0282,0.0116,15137.7,0.0,227.99,227.94,218.54,218.38,8.34324,18.5359,29.6677,52.8488,73.7083,81.2639,85.1838,88.6046,91.1568,93.8677,96.7523,99.8277,104.491,110.405,123.585,46.2488,28.1367,18.3321,8.62519
47.123,0.0012,0.0353,0.0000,6,247.40,-0.13,11.55,0.0255,0.0114,15089.7,0.0,227.55,227.50,217.90,217.64,8.36512,18.5769,29.7213,52.9004,72.6638,80.0422,83.8878,87.2502,89.7615,92.4288,95.2671,98.2928,102.88,108.698,121.661,46.1955,28.0871,18.2936,8.60382
47.148,0.0011,0.0194,0.0000,6,246.86,-0.13,11.40,0.0228,0.0112,15044.9,0.0,227.05,227.00,217.29,216.96,8.38658,18.6166,29.7723,52.946,71.616,78.8211,82.5931,85.8975,88.3679,90.9917,93.7835,96.7595,101.272,106.994,119.74,46.1468,28.0394,18.2561,8.58285
47.166,0.0010,0.0107,0.0000,6,246.31,-0.14,11.25,0.0201,0.0109,15006.5,0.0,226.55,226.49,216.75,216.38,8.40726,18.6531,29.816,52.9703,70.5567,77.5926,81.2917,84.5381,86.9672,89.5471,92.2921,95.2179,99.6535,105.278,117.805,46.1133,27.9979,18.2215,8.56262
47.185,0.0009,0.0059,0.0000,6,245.74,-0.16,11.18,0.0175,0.0107,14970.7,0.0,226.03,225.97,216.24,215.86,8.42728,18.6873,29.8544,52.9803,69.4905,76.3611,79.9879,83.1768,85.5642,88.0999,90.7975,93.6729,98.0318,103.558,115.864,46.0905,27.9608,18.1889,8.54301
47.204,0.0008,0.0032,0.0000,6,245.17,-0.17,11.14,0.0149,0.0104,14935.4,0.0,225.51,225.45,215.74,215.35,8.44669,18.7197,29.8895,52.8889,68.4221,75.1306,78.6857,81.8171,84.1633,86.6546,89.3053,92.1301,96.4122,101.84,113.926,46.0736,27.9265,18.1579,8.52399
47.223,0.0007,0.0018,0.0000,6,244.60,-0.18,11.09,0.0125,0.0101,14900.5,0.0,225.00,224.93,215.23,214.85,8.46562,18.7512,29.9233,52.6373,67.3553,73.9047,77.389,80.4633,82.7683,85.2159,87.8196,90.5945,94.8004,100.131,111.998,46.0576,27.8929,18.1276,8.50541
47.248,0.0007,0.0010,0.0000,6,244.04,-0.18,11.04,0.0100,0.0098,14864.8,0.0,224.47,224.41,214.72,214.33,8.48407,18.7819,29.9564,52.2757,66.2906,72.6843,76.0981,79.1156,81.3797,83.784,86.3412,89.0665,93.1967,98.4312,110.081,46.0417,27.8602,18.0981,8.48728
47.267,0.0006,0.0005,0.0000,6,243.47,-0.19,10.96,0.0077,0.0096,14829.7,0.0,223.95,223.89,214.22,213.82,8.50188,18.811,29.9867,51.8302,65.2251,71.4659,74.8101,77.7711,79.9946,82.3554,84.8664,87.5423,91.5974,96.7361,108.17,46.0302,27.8297,18.0699,8.46976
47.285,0.0005,0.0003,0.0000,6,242.91,-0.19,10.91,0.0054,0.0093,14796.0,0.0,223.43,223.37,213.73,213.34,8.5191,18.8387,30.0147,51.326,64.1594,70.2501,73.5253,76.4302,78.6132,80.9309,83.396,86.0225,90.0027,95.046,106.265,46.0224,27.8013,18.043,8.45281
47.304,0.0005,0.0002,0.0000,6,242.35,-0.19,10.87,0.0031,0.0090,14761.9,0.0,222.91,222.85,213.23,212.84,8.53586,18.8654,30.0411,50.7767,63.0946,69.0383,72.2451,75.0941,77.2367,79.5116,81.9308,84.5086,88.4141,93.3625,104.369,46.0999,27.774,18.0169,8.43628
47.323,0.0004,0.0001,0.0000,6,241.79,-0.19,10.85,0.0010,0.0088,14728.0,0.0,222.39,222.34,212.74,212.36,8.55233,18.8932,30.072,50.1997,62.0402,67.8398,70.9789,73.7727,75.8761,78.1089,80.4833,83.0132,86.8461,91.7019,102.5,46.582,27.7431,17.9899,8.42004
47.348,0.0004,0.0000,0.0000,6,241.23,-0.18,10.83,-0.0011,0.0086,14694.3,0.0,221.87,221.83,212.24,211.88,8.56886,18.9232,30.1094,49.6015,60.9978,66.6562,69.7285,72.4682,74.5329,76.7247,79.0555,81.5389,85.3011,90.067,100.664,48.3274,27.7066,17.9609,8.40375
47.367,0.0003,0.0000,0.0000,6,240.68,-0.16,10.82,-0.0032,0.0084,14660.4,0.0,221.36,221.32,211.75,211.40,8.58522,18.9536,30.1491,48.9787,59.9606,65.4804,68.4867,71.1726,73.1993,75.3507,77.6386,80.076,83.7684,88.4456,98.8445,149.998,27.6682,17.9314,8.38762
47.385,-0.0215,0.0000,0.0000,6,240.12,-0.15,10.80,-0.0052,0.0083,14626.8,0.0,220.85,220.82,211.26,210.91,8.6012,18.9836,30.1885,48.3332,58.9249,64.3087,67.2497,69.8823,71.8711,73.9826,76.2275,78.6194,82.2424,86.8315,97.0337,148.817,27.6302,17.9024,8.37185
47.404,-0.0363,0.0000,0.0000,6,239.57,-0.15,10.79,-0.0073,0.0091,14593.2,0.0,220.24,220.41,210.66,210.55,8.6259,19.0684,30.3706,47.8556,58.0786,63.3348,66.2152,68.8039,70.7677,72.8528,75.0704,77.4333,81.0134,85.5496,95.6398,147.527,27.4727,17.8246,8.3479
47.423,-0.0327,0.0000,0.0000,6,239.02,0.07,10.80,-0.0096,0.0117,14559.7,0.0,219.51,220.09,209.67,210.57,8.66841,19.2607,30.8319,47.6812,57.5701,62.7145,65.5439,68.1122,70.0746,72.1589,74.377,76.7417,80.3276,84.8754,95.0104,146.038,27.0944,17.6549,8.30753
47.448,-0.0294,0.0000,0.0000,6,238.47,0.54,10.82,-0.0122,0.0155,14526.1,0.0,218.86,219.74,209.02,210.25,8.72582,19.5395,31.5211,47.6856,57.2858,62.334,65.1209,67.7007,69.6787,71.7816,74.0209,76.4106,80.0383,84.6466,94.9453,144.405,26.5652,17.4193,8.25413
47.466,-0.0265,0.0000,0.0000,6,237.92,0.99,10.87,-0.0153,0.0197,14493.8,0.0,218.32,219.27,208.53,209.81,8.79,19.8497,32.2957,47.678,57.0225,61.9849,64.7453,67.3485,69.3462,71.4718,73.7376,76.1577,79.8365,84.5175,95.0117,142.742,26.0137,17.1693,8.19554
47.485,-0.0238,0.0000,0.0000,6,237.37,1.28,10.93,-0.0190,0.0235,14460.4,0.0,217.85,218.73,208.09,209.29,8.85665,20.1595,33.0688,47.5693,56.6814,61.5605,64.3123,66.9339,68.9478,71.0925,73.3804,75.8264,79.5489,84.2936,94.9628,141.115,25.5004,16.9297,8.13554
47.504,-0.0215,0.0000,0.0000,6,236.82,1.44,10.97,-0.0232,0.0269,14426.6,0.0,217.39,218.18,207.65,208.75,8.92525,20.4621,33.6826,47.3531,56.2483,61.0439,63.7983,66.4318,68.4565,70.614,72.9177,75.3825,79.1382,83.9321,94.7421,139.539,25.0315,16.7035,8.07435
47.523,-0.0193,0.0000,0.0000,6,236.28,1.51,11.00,-0.0280,0.0299,14392.8,0.0,216.94,217.63,207.21,208.22,8.99584,20.7569,34.0346,47.0439,55.7301,60.4486,63.2056,65.8438,67.8735,70.038,72.3509,74.8274,78.6042,83.4325,94.3468,138.015,24.6012,16.489,8.01175
47.548,-0.0174,0.0000,0.0000,6,235.74,1.51,11.07,-0.0334,0.0327,14359.5,0.0,216.45,217.09,206.75,207.72,9.06992,21.0541,34.2199,46.6763,55.1619,59.8143,62.5698,65.2087,67.2405,69.4086,71.7267,74.2109,78.0028,82.8565,93.8552,136.522,24.1889,16.2778,7.94644
47.566,-0.0156,0.0000,0.0000,6,235.19,1.49,11.12,-0.0394,0.0352,14326.7,0.0,215.99,216.57,206.30,207.21,9.14728,21.3519,34.2824,46.2521,54.5436,59.1375,61.887,64.5222,66.5525,68.7201,71.0392,73.5262,77.326,82.1957,93.2549,135.063,23.7948,16.0701,7.87851
47.585,-0.0141,0.0000,0.0000,6,234.65,1.39,11.27,-0.0459,0.0374,14296.7,0.0,215.54,216.04,205.93,206.72,9.22641,21.6403,34.2277,45.7581,53.8581,58.3959,61.1327,63.7574,65.7806,67.9418,70.2556,72.7381,76.5342,81.4041,92.4858,133.654,23.4289,15.8709,7.80904
47.604,-0.0127,0.0000,0.0000,6,234.12,1.27,11.38,-0.0530,0.0392,14263.8,0.0,215.09,215.51,205.50,206.20,9.30691,21.9175,34.0761,45.2004,53.1087,57.5903,60.3072,62.9144,64.9252,67.0742,69.3756,71.8463,75.6267,80.4809,91.5456,132.293,23.0895,15.68,7.73823
47.623,-0.0114,0.0000,0.0000,6,233.59,1.14,11.43,-0.0605,0.0408,14230.2,0.0,214.63,215.00,205.03,205.70,9.38961,22.1909,33.8573,44.6008,52.3192,56.745,59.4377,62.0229,64.0176,66.1502,68.4352,70.8892,74.646,79.4741,90.4953,130.964,22.7641,15.4922,7.66542
47.648,-0.0103,0.0000,0.0000,6,233.06,1.04,11.53,-0.0685,0.0423,14197.2,0.0,214.13,214.48,204.56,205.22,9.47527,22.4687,33.5927,43.9797,51.5119,55.885,58.5518,61.113,63.0902,65.2048,67.4711,69.9063,73.6365,78.4339,89.4008,129.651,22.4411,15.3029,7.59018
47.667,-0.0315,0.0000,0.0000,6,232.53,0.97,11.62,-0.0768,0.0437,14164.7,0.0,213.65,213.99,204.09,204.75,9.56461,22.7348,33.2958,43.35,50.7016,55.027,57.6673,60.2046,62.1639,64.2601,66.5078,68.9239,72.6271,77.3933,88.3046,128.342,22.1238,15.109,7.51206
47.685,-0.0810,0.0000,0.0000,6,232.00,0.89,11.75,-0.0856,0.0461,14135.9,0.0,213.07,213.60,203.57,204.43,9.66688,22.9661,33.0555,42.8188,50.0178,54.3207,56.9498,59.4783,61.4321,63.5236,65.7676,68.1816,71.8845,76.6563,87.6053,126.938,21.7885,14.8782,7.42503
47.704,-0.0984,0.0000,0.0000,6,231.45,0.94,11.96,-0.0951,0.0510,14103.3,0.0,212.26,213.36,202.78,204.29,9.80443,23.2831,33.0407,42.6062,49.7346,54.0904,56.7578,59.327,61.3153,63.4463,65.7362,68.2029,71.994,76.8929,88.19,125.222,21.2621,14.5437,7.3152
47.723,-0.0886,0.0000,0.0000,6,230.90,1.49,12.09,-0.1056,0.0590,14068.3,0.0,211.41,213.19,201.92,204.14,9.98768,23.7251,33.2879,42.7655,49.9499,54.457,57.2272,59.9032,61.9791,64.209,66.6107,69.2045,73.2045,78.3977,90.4788,123.107,20.485,14.0941,7.1784
47.748,-0.0797,0.0000,0.0000,6,230.35,2.31,12.16,-0.1173,0.0685,14032.1,0.0,210.72,212.87,201.23,203.79,10.2035,24.1952,33.6468,43.0979,50.455,55.1768,58.0928,60.9199,63.1195,65.4892,68.0493,70.823,75.1195,80.7314,93.9377,120.747,19.6175,13.5951,7.02524
47.767,-0.0717,0.0000,0.0000,6,229.79,3.11,12.31,-0.1303,0.0789,13996.3,0.0,210.07,212.44,200.61,203.38,10.4474,24.6606,34.055,43.523,51.1697,56.1586,59.2569,62.2727,64.6282,67.1744,69.9348,72.9375,77.6127,83.7645,124.329,118.196,18.7318,13.0746,6.85989
47.785,-0.0646,0.0000,0.0000,6,229.22,3.87,12.40,-0.1448,0.0893,13960.7,0.0,209.54,211.94,200.09,202.87,10.7124,25.085,34.4472,43.9581,51.9839,57.2729,60.5773,63.8088,66.3428,69.0918,72.0845,75.3539,80.4738,87.2663,122.157,115.545,17.8931,12.5573,6.6867
47.804,-0.0581,0.0000,0.0000,6,228.65,4.21,12.65,-0.1608,0.0986,13931.4,0.0,209.15,211.30,199.84,202.27,10.9843,25.402,34.7154,44.296,52.6793,58.2534,61.7562,65.197,67.9055,70.8546,74.0773,77.6132,83.1829,90.6323,120.048,112.994,17.1831,12.0733,6.51145
47.823,-0.0523,0.0000,0.0000,6,228.09,4.14,12.88,-0.1785,0.1059,13897.3,0.0,208.85,210.58,199.57,201.56,11.2522,25.5769,34.7948,44.4257,53.0831,58.883,62.5457,66.1569,69.0091,72.1243,75.5399,79.3017,85.2562,93.7707,118.104,110.71,16.6397,11.6338,6.33652
47.848,-0.0471,0.0000,0.0000,6,227.55,3.90,13.01,-0.1976,0.1118,13862.5,0.0,208.53,209.93,199.22,200.90,11.5198,25.6451,34.7368,44.399,53.2633,59.2398,63.0298,66.7787,69.7482,73.0,76.5761,80.527,86.8084,118.926,116.292,108.648,16.2226,11.2325,6.15936
47.867,-0.0507,0.0000,0.0000,6,227.02,3.60,13.12,-0.2182,0.1171,13828.3,0.0,208.11,209.32,198.80,200.34,11.7808,25.6576,34.6127,44.3115,53.3551,59.4888,63.3938,67.2684,70.3458,73.724,77.4495,81.578,88.1692,117.244,114.542,106.688,15.8819,10.87,5.97663
47.885,-0.1121,0.0000,0.0000,6,226.48,3.44,13.27,-0.2401,0.1231,13794.8,0.0,207.53,208.90,198.22,199.94,12.0192,25.6974,34.549,44.3587,53.6463,59.9903,64.0483,68.0894,71.3094,74.8553,78.7785,83.1424,116.74,115.483,112.695,104.559,15.5158,10.5146,5.78205
47.904,-0.1728,0.0000,0.0000,6,225.92,3.40,13.39,-0.2634,0.1313,13762.2,0.0,206.73,208.55,197.47,199.75,12.2561,25.8462,34.6722,44.7629,54.4748,61.1764,65.4922,69.8127,73.2722,77.0986,81.3535,86.112,114.818,113.496,110.567,101.928,15.0212,10.1326,5.56931
47.923,-0.1669,0.0000,0.0000,6,225.31,3.55,13.73,-0.2886,0.1420,13730.6,0.0,205.82,208.16,196.74,199.58,12.5069,26.1377,35.0367,45.6483,56.0462,63.3261,68.0604,72.8368,76.6881,80.9759,85.7855,113.734,112.618,111.201,108.051,98.537,14.369,9.70769,5.33546
47.948,-0.1502,0.0000,0.0000,6,224.71,4.05,13.98,-0.3157,0.1543,13692.3,0.0,205.07,207.81,196.01,199.21,12.7623,26.5183,35.6091,46.9285,58.2628,66.3457,71.6691,77.094,81.5086,112.945,112.201,111.404,110.192,108.653,105.211,94.2985,13.6468,9.26503,5.08551
47.966,-0.1352,0.0000,0.0000,6,224.11,4.73,14.09,-0.3448,0.1671,13652.1,0.0,204.48,207.38,195.37,198.69,13.0081,26.9282,36.3123,48.4756,60.9601,70.0564,76.1375,82.41,111.376,110.618,109.808,108.941,107.621,105.937,102.149,88.7762,12.9371,8.83262,4.83344
47.985,-0.1216,0.0000,0.0000,6,223.50,5.31,14.40,-0.3758,0.1809,13612.2,0.0,203.71,206.90,194.66,198.25,13.2588,27.4098,37.2363,50.4764,64.4791,74.9569,82.1064,109.704,108.926,108.095,107.205,106.252,104.796,102.933,98.6889,24.3329,12.2076,8.39831,4.59168
48.004,-0.1095,0.0000,0.0000,6,222.84,6.44,14.97,-0.4088,0.1899,13570.3,0.0,202.61,206.83,193.58,198.12,13.565,28.1689,38.8016,53.7867,70.3611,109.136,107.955,106.816,105.935,104.992,103.98,102.89,101.22,99.0622,93.9712,19.4701,11.3214,7.9017,4.34817
48.023,-0.0985,0.0000,0.0000,6,222.14,7.96,15.67,-0.4408,0.1901,13532.8,0.0,201.73,206.51,192.67,197.91,13.9096,29.1335,40.9621,58.4759,79.0638,106.123,104.763,103.447,102.425,101.325,100.141,98.8609,96.8724,94.2403,87.3269,16.4868,10.407,7.38512,4.10777
48.048,-0.0887,0.0000,0.0000,6,221.43,7.99,17.11,-0.4719,0.1873,13499.0,0.0,201.41,205.44,192.67,196.97,14.2177,30.0306,43.0797,63.3425,105.637,103.156,101.618,100.121,98.9556,97.6969,96.3285,94.8328,92.46,89.1613,53.7816,14.6653,9.6564,6.92876,3.87972
48.066,-0.0798,0.0000,0.0000,6,220.78,7.26,18.47,-0.5024,0.1824,13459.6,0.0,201.31,204.37,192.64,195.86,14.4688,30.7437,44.8448,67.6552,103.174,100.46,98.7685,97.1205,95.828,94.4221,92.8807,91.1659,88.3631,84.0972,27.9103,13.4829,9.05923,6.53451,3.66337
48.085,-0.0718,0.0000,0.0000,6,220.16,6.11,19.63,-0.5325,0.1746,13424.6,0.0,201.22,203.40,192.61,194.87,14.6612,31.2339,46.131,70.9961,101.008,98.1222,96.32,94.5558,93.1655,91.6436,89.9539,88.0466,84.8007,78.9274,22.7249,12.6854,8.58179,6.19225,3.45884
48.104,-0.0646,0.0000,0.0000,6,219.60,4.69,20.64,-0.5619,0.1634,13387.8,0.0,201.12,202.51,192.45,193.97,14.8017,31.5181,46.9403,73.2385,99.1327,96.1376,94.2666,92.428,90.9751,89.3731,87.5825,85.5289,81.9012,65.2824,21.1023,12.1306,8.18882,5.88755,3.26322
48.123,-0.0582,0.0000,0.5000,6,219.06,3.86,21.09,-0.5900,0.1536,13349.6,0.0,200.75,201.97,191.92,193.41,14.9299,31.7935,47.7162,101.974,97.2993,94.2057,92.2696,90.3626,88.8479,87.1679,85.2724,83.059,78.931,49.2796,19.9118,11.6081,7.80847,5.59141,3.07386
48.148,-0.0524,0.0000,0.7500,6,217.76,3.44,21.30,-0.6167,0.1439,13108.4,0.0,190.30,191.50,188.50,190.00,15.0468,32.0768,48.5024,100.301,95.482,92.2936,90.293,88.3175,86.738,84.9768,82.9622,80.5604,75.6409,40.7385,18.9073,11.1107,7.4426,5.30744,2.89402
48.166,-0.0471,0.0000,0.8750,6,215.81,3.19,21.20,-0.6413,0.1328,12847.6,0.0,178.13,179.07,184.85,186.22,15.1312,32.2604,49.045,98.7345,93.8176,90.5676,88.5257,86.5045,84.8823,83.0642,80.9635,78.4096,72.4795,36.9282,18.4508,10.7292,7.12862,5.05309,2.72795
48.184,-0.0424,0.0000,0.9375,6,213.61,2.97,20.85,-0.6637,0.1221,12576.1,0.0,164.04,164.30,181.03,182.27,15.181,32.3269,49.2999,97.2912,92.326,89.0516,86.995,84.9569,83.3197,81.4796,79.3442,76.7198,69.8523,35.6623,18.4629,10.4769,6.87301,4.83275,2.57822
48.204,-0.0382,0.0000,0.9687,6,211.39,2.75,20.29,-0.6839,0.1104,12275.9,0.0,148.31,147.33,176.74,177.97,15.2021,32.3081,49.3422,95.9417,90.9644,87.6926,85.6404,83.6078,81.9763,80.1426,78.0147,75.3974,68.3912,35.7212,18.7733,10.3384,6.66881,4.64475,2.44547
48.223,-0.0344,0.0000,0.9844,6,209.26,2.51,19.54,-0.7018,0.0982,11975.7,0.0,129.60,127.49,172.35,173.65,15.1998,32.2278,49.2303,94.6628,89.699,86.4485,84.4143,82.403,80.7917,78.9844,76.8945,74.3409,68.0676,36.6324,19.2956,10.3102,6.51273,4.48711,2.32844
48.248,-0.0309,0.0000,0.9922,6,206.97,2.21,18.90,-0.7174,0.0867,11745.2,0.0,111.47,108.33,168.87,170.39,15.177,32.0973,48.9943,93.443,88.5124,85.2976,83.2915,81.3133,79.7328,77.967,75.9364,73.4841,68.0009,38.2819,20.0098,10.4038,6.40676,4.35935,2.2276
48.266,-0.0278,0.0000,0.9961,6,204.88,1.92,18.05,-0.7309,0.0751,11348.2,0.0,93.31,88.86,163.22,165.00,15.1392,31.9432,48.6978,92.2598,87.3716,84.199,82.2254,80.2852,78.74,77.021,75.0565,72.7147,67.843,40.3913,20.8332,10.6169,6.34355,4.25878,2.142
48.285,-0.0250,0.0000,0.9980,6,202.93,1.62,17.13,-0.7423,0.0633,11049.5,0.0,70.94,65.89,158.10,161.09,15.0872,31.766,48.3445,91.1091,86.2717,83.1468,81.2094,79.3112,77.8045,76.1362,74.2427,72.0145,67.6408,43.0644,21.7883,10.9726,6.32874,4.18742,2.07114
48.304,-0.0225,0.0000,0.9990,6,200.68,1.26,16.46,-0.7518,0.0522,10900.5,0.0,50.30,44.75,155.47,159.29,15.0282,31.5613,47.9244,89.9965,85.2192,82.1481,80.2509,78.3991,76.9344,75.3206,73.5024,71.39,67.4387,46.5776,22.9263,11.388,6.36862,4.14523,2.01472
48.323,-0.0203,0.0000,0.9995,6,198.85,0.92,15.45,-0.7595,0.0412,10343.7,0.0,30.73,24.21,147.71,152.02,14.9692,31.3541,47.4984,88.8992,84.1822,81.1645,79.3068,77.4998,76.0758,74.5138,72.7665,70.7578,67.1348,50.6265,24.1497,11.8176,6.45861,4.13067,1.97237
48.348,-0.0183,0.0000,0.9997,6,197.35,0.60,14.30,-0.7653,0.0302,9910.61,0.0,4.26,0.00,140.34,146.05,14.9099,31.144,47.0659,87.8134,83.1569,80.1921,78.3733,76.6102,75.2256,73.7129,72.0322,70.1177,66.763,55.3684,25.4769,12.2644,6.60526,4.14524,1.94323
48.366,-0.0164,0.0000,0.9999,6,195.44,0.27,13.45,-0.7695,0.0200,9728.55,0.0,0.00,0.00,137.18,143.75,14.85,30.93,46.6249,86.7414,82.1457,79.2335,77.4531,75.7327,74.3866,72.921,71.303,69.4751,66.3475,59.919,26.9324,12.7328,6.80205,4.18956,1.92725
48.386,-0.0148,0.0000,0.9999,6,193.86,-0.05,12.38,-0.7722,0.0100,9081.09,0.0,0.00,0.00,128.10,135.39,14.7911,30.7208,46.1964,85.6762,81.1389,78.277,76.5332,74.8531,73.5432,72.1213,70.5601,68.8099,65.8717,60.665,28.4706,13.2107,7.00287,4.26372,1.92422
48.404,-0.0133,0.0000,1.0000,6,193.13,-0.36,10.93,-0.7733,-0.0001,8339.44,0.0,0.00,0.00,116.35,124.88,14.7321,30.5112,45.7682,84.6164,80.1367,77.324,75.6158,73.9747,72.6996,71.3192,69.8112,68.1325,65.3582,60.8163,30.1434,13.7084,7.2078,4.36759,1.93379
48.423,-0.0120,0.0000,1.0000,6,191.82,-0.67,9.84,-0.7729,-0.0096,8100.53,0.0,0.00,0.00,112.56,121.42,14.6732,30.302,45.3419,83.5618,79.1388,76.3742,74.7007,73.097,71.8549,70.5142,69.056,67.4435,64.8124,60.7274,31.9619,14.2257,7.4168,4.47741,1.95564
48.447,-0.0108,0.0000,1.0000,6,190.28,-0.94,8.84,-0.7712,-0.0186,7615.75,0.0,0.00,0.00,106.01,115.14,14.6174,30.1107,44.9583,82.4999,78.1274,75.4062,73.764,72.1939,70.9814,69.6759,68.2612,66.7059,64.1933,60.4309,33.7645,14.7289,7.62058,4.58503,1.98933
48.467,-0.0097,0.0000,1.0000,5,189.86,-1.22,7.30,-0.7682,-0.0276,6667.62,0.0,0.00,0.00,92.27,101.52,14.5625,29.9244,44.5871,81.4378,77.1137,74.4341,72.8217,71.2836,70.099,68.8268,67.4525,65.9494,63.5425,60.0379,35.6646,15.2408,7.8255,4.69281,2.0298
48.485,-0.0087,0.0000,1.0000,5,189.07,-1.51,5.99,-0.7640,-0.0324,7156.95,0.0,0.00,0.00,79.62,89.48,14.5056,29.7268,44.1911,80.3879,76.1148,73.4781,71.8965,70.3909,69.2345,67.9957,66.6616,65.2097,62.9044,59.6279,37.8736,15.797,8.04071,4.80392,2.07067
48.503,-0.0079,0.0000,1.0000,5,187.19,-1.80,5.24,-0.7598,-0.0341,7148.53,0.0,0.00,0.00,76.28,86.05,14.4486,29.5286,43.7943,79.3472,75.1247,72.5303,70.9786,69.5046,68.3753,67.1691,65.8731,64.4693,62.2575,59.177,40.3182,16.3782,8.26042,4.91609,2.11145
48.523,-0.0071,0.0000,1.0000,5,185.70,-2.09,4.32,-0.7556,-0.0357,5235.99,0.0,0.00,0.00,63.87,74.20,14.3917,29.3302,43.3979,78.3158,74.1431,71.5902,70.0678,68.6245,67.5213,66.3461,65.0866,63.7279,61.6026,58.6926,43.0334,16.9858,8.48483,5.02943,2.15221
48.548,-0.0064,0.0000,1.0000,5,183.42,-2.38,3.84,-0.7514,-0.0374,5235.99,0.0,0.00,0.00,59.63,69.79,14.3348,29.1307,42.9998,77.2968,73.1738,70.6616,69.1678,67.7544,66.6766,65.5314,64.3068,62.9908,60.946,58.186,46.0893,17.624,8.71425,5.14381,2.19279
48.566,-0.0057,0.0000,1.0000,5,180.64,-2.63,3.69,-0.7473,-0.0390,5235.99,0.0,0.00,0.00,59.03,68.88,14.2803,28.9445,42.6323,76.281,72.2033,69.7289,68.2614,66.8756,65.821,64.7029,63.5102,62.2324,60.2589,57.6253,48.9432,18.2539,8.93929,5.2561,2.23278
48.585,-0.0052,0.0000,1.0000,5,177.52,-2.83,3.76,-0.7433,-0.0404,5235.99,0.0,0.00,0.00,60.20,69.83,14.2289,28.7738,42.3,75.2691,71.2324,68.7923,67.3488,65.9881,64.9546,63.8611,62.6972,61.4534,59.5426,57.0164,49.6026,18.8627,9.15653,5.3649,2.27183
48.604,-0.0046,0.0000,1.0000,5,174.38,-2.99,3.86,-0.7393,-0.0417,5235.99,0.0,0.00,0.00,61.83,71.17,14.1801,28.6165,41.9978,74.2638,70.2643,67.8557,66.4343,65.0968,64.0826,63.0115,61.8737,60.6608,58.8056,56.3727,49.6691,19.452,9.36721,5.47098,2.31022
48.623,-0.0042,0.0000,1.0000,5,171.27,-3.11,3.98,-0.7354,-0.0427,5235.99,0.0,0.00,0.00,64.06,73.14,14.1343,28.4749,41.7307,73.2629,69.2964,66.9163,65.5149,64.1984,63.2017,62.1508,61.0367,59.8513,58.0455,55.6935,49.4826,20.0075,9.56798,5.57306,2.34767
48.648,-0.0038,0.0000,1.0000,5,168.20,-3.18,4.10,-0.7315,-0.0436,5350.19,0.0,0.00,0.00,66.23,75.12,14.0916,28.3487,41.4974,72.2665,68.3292,65.975,64.5917,63.2944,62.3135,61.281,60.1883,59.0277,57.2656,54.9844,49.1448,20.5243,9.7581,5.67097,2.38417
48.667,-0.0034,0.0000,1.0000,5,165.36,-3.24,4.08,-0.7277,-0.0444,5331.91,0.0,0.00,0.00,66.11,75.09,14.0513,28.2336,41.2885,71.2779,67.3672,65.0367,63.6703,62.3907,61.4245,60.409,59.336,58.1981,56.476,54.2584,48.718,21.0114,9.93978,5.76543,2.41979
48.684,-0.0030,0.0000,1.0000,5,162.75,-3.28,3.94,-0.7240,-0.0450,5237.79,0.0,0.00,0.00,64.92,73.75,14.0123,28.1255,41.0949,70.2986,66.4129,64.1051,62.7547,61.4918,60.5397,59.5401,58.4857,57.3694,55.6845,53.5253,48.2392,21.482,10.1168,5.85802,2.45496
48.704,-0.0027,0.0000,1.0000,5,160.26,-3.30,3.77,-0.7203,-0.0455,5235.99,0.0,0.00,0.00,64.11,72.78,13.9756,28.0286,40.9255,69.3242,65.4612,63.1743,61.8386,60.5914,59.6523,58.6675,57.6303,56.5338,54.8829,52.7769,47.7063,21.9163,10.2844,5.94699,2.48928
48.723,-0.0025,0.0000,1.0000,5,157.82,-3.29,3.60,-0.7166,-0.0459,5235.99,0.0,0.00,0.00,63.48,71.99,13.9413,27.9436,40.7823,68.3531,64.5101,62.2425,60.9204,59.6877,58.7606,57.7895,56.7681,55.6897,54.0702,52.0122,47.1265,22.3076,10.442,6.03239,2.52295
48.748,-0.0022,0.0000,1.0000,5,155.50,-3.26,3.36,-0.7130,-0.0461,5235.99,0.0,0.00,0.00,61.67,70.28,13.9089,27.8686,40.6609,67.3868,63.562,61.3122,60.0028,58.7836,57.8677,56.9095,55.9028,54.8415,53.2509,51.237,46.5137,22.6606,10.5904,6.11448,2.55595
48.766,-0.0020,0.0000,1.0000,5,153.33,-3.23,3.07,-0.7094,-0.0463,5235.99,0.0,0.00,0.00,58.80,67.22,13.8777,27.7991,40.5624,66.4283,62.6209,60.3884,59.0913,57.885,56.98,56.034,55.0414,53.9965,52.4334,50.4612,45.886,22.9915,10.7332,6.19433,2.5884
48.785,-0.0018,0.0000,1.0000,5,151.16,-3.18,2.80,-0.7058,-0.0463,5235.99,0.0,0.00,0.00,56.89,65.10,13.8484,27.7387,40.5797,65.4743,61.6827,59.4664,58.1808,56.9869,56.0921,55.1578,54.1784,53.1488,51.6117,49.6783,45.2365,23.2844,10.867,6.27089,2.62016
48.804,-0.0016,0.0000,1.0000,5,148.93,-3.11,2.60,-0.7023,-0.0462,5235.99,0.0,0.00,0.00,55.42,63.46,13.8208,27.6872,40.7915,64.5246,60.7474,58.5463,57.2716,56.0893,55.2042,54.2808,53.3139,52.2988,50.786,48.8887,44.5677,23.5374,10.9918,6.34442,2.65141
48.823,-0.0015,0.0000,1.0000,5,146.62,-3.02,2.47,-0.6988,-0.0460,5235.99,0.0,0.00,0.00,54.10,61.99,13.7949,27.644,41.3932,63.5809,59.817,57.6304,56.3659,55.1947,54.3189,53.4058,52.4508,51.4495,49.9596,48.0962,43.8861,23.7525,11.1073,6.41436,2.68183
48.848,-0.0013,0.0000,1.0000,5,144.44,-2.93,2.27,-0.6954,-0.0458,5235.99,0.0,0.00,0.00,50.39,58.37,13.7695,27.6019,67.5137,62.6497,58.8994,56.7275,55.4732,54.3132,53.4465,52.5439,51.6006,50.6128,49.1457,47.3157,43.2123,23.9613,11.2206,6.48317,2.71184
48.867,-0.0012,0.0000,1.0000,5,142.29,-2.85,2.07,-0.6920,-0.0456,5235.99,0.0,0.00,0.00,47.51,55.27,13.7446,27.561,66.6031,61.7303,57.9939,55.8367,54.5927,53.4438,52.5862,51.6939,50.7623,49.7881,48.3433,46.546,42.5454,24.1629,11.3314,6.55081,2.74145
48.885,-0.0011,0.0000,1.0000,5,140.09,-2.76,1.93,-0.6886,-0.0454,5235.99,0.0,0.00,0.00,45.27,52.85,13.7207,27.5246,65.7012,60.82,57.0973,54.9545,53.7205,52.5826,51.7339,50.8517,49.9314,48.9704,47.5473,45.7815,41.8784,24.3427,11.4363,6.616,2.77038
48.904,-0.0010,0.0000,1.0000,5,137.83,-2.67,1.85,-0.6853,-0.0451,5235.99,0.0,0.00,0.00,43.31,50.74,13.6976,27.4915,64.809,59.9202,56.2111,54.0826,52.8585,51.7313,50.8915,50.0191,49.1101,48.1619,46.76,45.0249,41.215,24.506,11.5369,6.67942,2.79885
48.923,-0.0009,0.0000,1.0000,5,135.54,-2.57,1.79,-0.6821,-0.0447,5235.99,0.0,0.00,0.00,41.19,48.69,13.675,27.4601,63.9281,59.0326,55.3375,53.2232,52.0091,50.8927,50.0616,49.199,48.301,47.3655,45.9846,44.2796,40.5596,24.6598,11.6344,6.74141,2.82686
48.948,-0.0008,0.0000,1.0000,5,133.42,-2.49,1.65,-0.6789,-0.0445,5235.99,0.0,0.00,0.00,36.87,44.25,13.6521,27.4253,63.0614,58.1616,54.4817,52.3823,51.1784,50.0729,49.2508,48.3982,47.5115,46.589,45.2292,43.5544,39.9236,24.8275,11.7338,6.80351,2.85456
48.966,-0.0007,0.0000,1.0000,5,131.35,-2.42,1.49,-0.6757,-0.0443,5235.99,0.0,0.00,0.00,33.60,40.77,13.6292,27.3894,62.207,57.3045,53.6405,51.5562,50.3629,49.2684,48.4552,47.6127,46.7374,45.8278,44.4891,42.8444,39.301,24.9992,11.8332,6.86519,2.88193
48.985,-0.0006,0.0000,1.0000,4,129.26,-2.34,1.36,-0.6726,-0.0440,5235.99,0.0,0.00,0.00,30.86,37.86,13.6068,27.3547,61.3631,56.4589,52.811,50.7419,49.5591,48.4757,47.6715,46.8389,45.9748,45.078,43.7602,42.145,38.6859,25.1637,11.9302,6.92581,2.90895
49.004,-0.0006,0.0000,1.0000,4,127.14,-2.27,1.27,-0.6695,-0.0438,5235.99,0.0,0.00,0.00,28.17,35.00,13.5847,27.321,60.53,55.6253,51.9939,49.94,48.7678,47.6954,46.9,46.0774,45.2245,44.3403,43.043,41.4568,38.0794,25.3225,12.0253,6.98537,2.9356
49.023,-0.0005,0.0000,1.0000,4,124.99,-2.20,1.22,-0.6665,-0.0435,5235.99,0.0,0.00,0.00,25.61,32.28,13.563,27.2882,59.7085,54.8043,51.1899,49.1512,47.9895,46.9281,46.1416,45.3288,44.4871,43.6154,42.3384,40.7807,37.4824,25.4765,12.1179,7.0436,2.9617
49.048,-0.0005,0.0000,1.0000,4,123.01,-2.14,1.06,-0.6635,-0.0434,5235.99,0.0,0.00,0.00,20.34,27.15,13.5407,27.2502,58.902,54.0006,50.4043,48.3815,47.2308,46.1806,45.4032,44.6005,43.7699,42.911,41.6545,40.1255,36.9058,25.6531,12.215,7.10295,2.98774
49.067,-0.0004,0.0000,1.0000,4,121.05,-2.09,0.91,-0.6606,-0.0433,5235.99,0.0,0.00,0.00,15.94,22.53,13.5182,27.2098,58.1085,53.2116,49.6342,47.6276,46.488,45.4492,44.6809,43.8883,43.0691,42.2228,40.9868,39.4863,36.3435,25.8407,12.3133,7.16212,3.01337
49.086,-0.0004,0.0000,1.0000,4,119.09,-2.04,0.78,-0.6577,-0.0432,5235.99,0.0,0.00,0.00,12.30,18.66,13.4958,27.1688,57.3263,52.435,48.877,46.8868,45.7583,44.7308,43.9717,43.1892,42.3813,41.5476,40.3318,38.8593,35.7911,26.0303,12.4112,7.22081,3.0387
49.104,-0.0003,0.0000,1.0000,4,117.10,-2.00,0.68,-0.6548,-0.0431,5235.99,0.0,0.00,0.00,9.57,14.57,13.4737,27.1276,56.5555,51.671,48.1327,46.1589,45.0416,44.0255,43.2754,42.5029,41.7062,40.885,39.6892,38.2442,35.2485,26.2207,12.5084,7.27878,3.06363
49.123,-0.0003,0.0000,1.0000,4,115.06,-1.96,0.62,-0.6520,-0.0431,5235.99,0.0,0.00,0.00,7.00,10.71,13.4516,27.0854,55.797,50.9203,47.4022,45.4449,44.3388,43.334,42.593,41.8306,41.045,40.2362,39.0601,37.6421,34.7168,26.3234,12.6057,7.33641,3.08826
49.148,-0.0003,0.0000,1.0000,4,113.03,-1.92,0.57,-0.6493,-0.0431,5235.99,0.0,0.00,0.00,3.85,6.41,13.4292,27.045,55.0526,50.1852,46.688,44.7474,43.6527,42.6593,41.9274,41.1749,40.4005,39.604,38.4475,37.0563,34.1997,26.3129,12.7053,7.39439,3.11265
49.167,-0.0002,0.0000,1.0000,4,111.14,-1.90,0.45,-0.6466,-0.0432,5235.99,0.0,0.00,0.00,0.00,0.00,13.4059,27.0327,54.3241,49.468,45.9927,44.0694,42.9863,42.0045,41.2818,40.5394,39.7762,38.9921,37.8553,36.4908,33.7018,26.2465,12.8111,7.45386,3.13691
49.186,-0.0002,0.0000,1.0000,4,109.27,-1.89,0.32,-0.6440,-0.0433,5235.99,0.0,0.00,0.00,0.00,0.00,13.3821,27.0599,53.6096,48.7662,45.3135,43.4078,42.3363,41.3661,40.6527,39.9206,39.1685,38.3967,37.2794,35.9413,33.2184,26.1386,12.9212,7.51444,3.16113
49.204,-0.0002,0.0000,0.5000,4,107.38,-1.88,0.21,-0.6413,-0.0436,5235.99,0.0,0.00,0.00,0.00,0.00,13.3583,27.1372,52.9075,48.0774,44.6476,42.7594,41.6996,40.7411,40.0368,39.3147,38.5737,37.814,36.7159,35.4037,32.7448,25.9955,13.0321,7.57481,3.18498
49.223,-0.0002,0.0000,0.2500,4,105.47,-1.88,0.14,-0.6388,-0.0438,5235.99,0.0,0.00,0.00,3.66,3.54,13.3345,27.2756,52.2176,47.4015,43.9949,42.1243,41.0761,40.1291,39.4339,38.7218,37.9917,37.244,36.1647,34.8778,32.2807,25.827,13.1444,7.63525,3.20864
49.248,-0.0002,0.0000,0.1250,4,103.53,-1.87,0.10,-0.6363,-0.0441,5235.99,0.0,7.57,7.59,11.19,10.97,13.3108,27.4983,51.5402,46.7387,43.3553,41.5023,40.4656,39.53,38.8439,38.1416,37.4223,36.6864,35.6256,34.3633,31.8259,25.639,13.257,7.6953,3.23187
49.267,-0.0001,0.0000,0.0625,4,101.58,-1.86,0.10,-0.6338,-0.0444,5235.99,0.0,19.93,20.00,20.56,20.25,13.2869,27.8412,50.8762,46.0898,42.7301,40.8946,39.8694,38.9451,38.2679,37.5754,36.8667,36.1424,35.0997,33.8615,31.3819,25.4387,13.3719,7.75565,3.2549
49.286,-0.0001,0.0000,0.0312,4,99.82,-1.86,-0.01,-0.6314,-0.0448,5235.99,0.0,34.63,34.64,28.08,28.01,13.2617,28.3672,50.2296,45.4602,42.1249,40.3074,39.2938,38.381,37.7128,37.0301,36.3321,35.6193,34.5946,33.3803,30.9574,25.2409,13.4969,7.81891,3.27808
49.304,-0.0001,0.0000,0.0156,4,98.07,-1.86,-0.10,-0.6290,-0.0454,5235.99,0.0,49.47,49.59,36.90,36.68,13.2355,29.3823,49.5988,44.8476,41.5374,39.738,38.7362,37.8348,37.1757,36.5027,35.8153,35.1141,34.1073,32.9164,30.5489,25.0429,13.6305,7.88467,3.30139
49.323,-0.0001,0.4500,0.0078,4,96.36,-1.86,-0.20,-0.6266,-0.0461,5235.99,0.0,63.47,63.61,46.62,46.25,13.2076,54.161,48.9849,44.2534,40.9691,39.1883,38.1983,37.3085,36.6584,35.9953,35.3185,34.6286,33.6396,32.472,30.1586,24.8495,13.7766,7.95442,3.32521
49.348,-0.0001,0.6975,0.0039,4,94.67,-1.83,-0.28,-0.6242,-0.0470,5235.99,0.0,77.22,77.34,59.71,59.71,13.1766,53.5785,48.3932,43.6839,40.427,38.6654,37.6875,36.8095,36.1686,35.5155,34.8494,34.1711,33.1999,32.0555,29.7957,24.673,13.9459,8.03176,3.35018
49.367,-0.0001,0.8336,0.0020,4,93.34,-1.72,-0.32,-0.6217,-0.0487,6371.15,0.0,85.89,85.54,74.94,74.94,13.1369,53.0285,47.8446,43.1641,39.9388,38.1986,37.2338,36.3686,35.7377,35.0953,34.4406,33.7745,32.822,31.7018,29.4973,24.5589,14.1799,8.13049,3.37848
49.385,-0.0001,0.9085,0.0010,4,93.12,-1.46,-0.34,-0.6189,-0.0506,7153.13,0.0,85.68,85.26,84.89,84.89,13.0916,52.4914,47.3138,42.6649,39.4729,37.7549,36.8036,35.9515,35.3307,34.6993,34.0563,33.4024,32.4687,31.3728,29.2231,24.4602,14.4544,8.24468,3.41069
49.404,0.0266,0.9497,0.0005,4,93.58,-1.18,-0.32,-0.6157,-0.0518,7247.46,0.0,85.91,85.64,86.11,86.11,13.0512,51.9279,46.7483,42.1256,38.9632,37.2655,36.3266,35.4865,34.8752,34.2537,33.6217,32.9792,32.0629,30.9894,28.8903,24.2845,14.6883,8.34955,3.44412
49.423,0.1054,0.9723,0.0002,4,94.09,-0.89,-0.37,-0.6121,-0.0531,7321.93,0.0,86.37,86.05,86.98,86.98,13.007,51.3626,46.183,41.5882,38.4564,36.7794,35.8533,35.0255,34.4236,33.8124,33.1913,32.5603,31.6615,30.6105,28.5617,24.1073,14.9472,8.46576,3.48134
49.448,0.1997,0.9848,0.0001,4,94.64,-0.59,-0.44,-0.6080,-0.0557,7358.03,0.0,86.87,86.31,87.43,87.43,12.9442,50.8382,45.6764,41.121,38.0275,36.3754,35.4639,34.6502,34.0592,33.4595,32.8509,32.2328,31.3533,30.3268,28.3325,24.0352,15.3551,8.63245,3.52803
49.467,0.2697,0.9916,0.0001,4,95.21,-0.40,-0.57,-0.6034,-0.0598,7389.2,0.0,87.32,86.47,87.79,87.79,12.8592,50.3662,45.2428,40.7398,37.693,36.0699,35.1754,34.3776,33.7987,33.2121,32.6171,32.0137,31.1551,30.1551,28.2192,24.0823,15.9657,8.86466,3.58626
49.486,0.3206,0.9954,0.0000,4,95.77,-0.30,-0.71,-0.5982,-0.0652,7430.66,0.0,87.74,86.64,88.28,88.28,12.7571,49.9314,44.861,40.419,37.4241,35.8327,34.9566,34.1756,33.6096,33.0365,32.456,31.8678,31.0312,30.0581,28.1812,24.2008,16.6721,9.1571,3.65531
49.504,0.3145,0.9975,0.0000,4,96.31,-0.23,-0.82,-0.5924,-0.0717,7482.1,0.0,88.22,86.86,88.88,88.88,12.6385,49.532,44.528,40.1542,37.2158,35.6578,34.8015,34.038,33.4852,32.926,32.3603,31.7877,30.9741,30.0279,28.2091,24.3787,17.331,9.51784,3.73615
49.523,0.2451,0.9986,0.0000,4,96.83,-0.21,-0.88,-0.5859,-0.0797,7543.06,0.0,88.93,87.22,89.60,89.60,12.5005,49.1768,44.2558,39.9585,37.0819,35.5593,34.724,33.9792,33.44,32.8952,32.3445,31.7878,30.9977,30.0792,28.3176,24.6309,17.9897,9.97048,3.8315
49.548,0.2206,0.9992,0.0000,4,97.34,-0.29,-0.91,-0.5785,-0.0893,7612.47,0.0,89.92,87.79,90.42,90.42,12.343,48.8666,44.0461,39.8329,37.0232,35.5374,34.7239,33.9993,33.4743,32.9439,32.4083,31.8674,31.101,30.2114,28.5054,24.9559,18.6644,10.5381,3.94351
49.566,0.1985,0.9996,0.0000,4,97.80,-0.54,-1.02,-0.5704,-0.1003,7775.99,0.0,90.74,88.24,92.31,92.31,12.1687,48.594,43.8892,39.7659,37.0267,35.5786,34.7869,34.0828,33.573,33.0576,32.5369,32.0116,31.2681,30.4066,28.7561,25.3367,19.3448,11.2404,4.07308
49.584,0.1787,0.9998,0.0000,4,98.33,-0.98,-1.13,-0.5616,-0.1128,7885.33,0.0,91.43,88.57,93.66,93.66,11.9782,48.3601,43.786,39.7597,37.0934,35.685,34.9153,34.2314,33.7369,33.2372,32.7323,32.2222,31.5011,30.6666,29.0715,25.7744,20.0443,12.1186,4.22241
49.604,0.1608,0.9999,0.0000,4,98.92,-1.50,-1.25,-0.5519,-0.1257,7938.11,0.0,91.98,89.01,94.31,94.31,11.7843,48.1234,43.6797,39.7503,37.1538,35.7853,35.0364,34.3716,33.8914,33.4065,32.9169,32.4226,31.7226,30.9132,29.3694,26.1846,20.687,13.1225,4.38653
49.623,0.1447,0.9999,0.0000,4,99.53,-1.93,-1.35,-0.5415,-0.1381,7971.5,0.0,92.47,89.58,94.71,94.71,11.5945,47.859,43.5364,39.699,37.1668,35.8355,35.1069,34.4597,33.9925,33.5211,33.0455,32.5657,31.8867,31.1005,29.603,26.5216,21.2299,14.008,4.56188
49.642,0.1303,0.9999,0.0000,4,100.14,-2.24,-1.41,-0.5302,-0.1497,7993.62,0.0,92.94,90.21,94.98,94.98,11.4103,47.5599,43.3462,39.5942,37.1207,35.8231,35.114,34.4835,34.0282,33.5691,33.1063,32.6396,31.9798,31.2165,29.7612,26.7755,21.6684,14.7436,4.74731
49.666,0.1172,1.0000,0.0000,4,100.76,-2.43,-1.42,-0.5180,-0.1604,8010.79,0.0,93.40,90.89,95.19,95.19,11.2315,47.2239,43.106,39.4324,37.012,35.7452,35.0537,34.4395,33.9955,33.5476,33.0964,32.6417,31.9994,31.2571,29.842,26.9452,22.0073,15.3503,4.94232
49.686,0.1055,1.0000,0.0000,4,101.37,-2.49,-1.42,-0.5049,-0.1701,8036.99,0.0,93.86,91.58,95.46,95.46,11.0577,46.8505,42.8161,39.2137,36.8417,35.6028,34.9274,34.3281,33.8951,33.458,33.0174,32.5738,31.9475,31.2244,29.8477,27.0328,22.2537,15.8408,5.14604
49.704,0.0950,1.0000,0.0000,4,101.91,-2.58,-1.53,-0.4909,-0.1791,8171.83,0.0,94.33,92.20,97.03,97.03,10.8857,46.4517,42.4926,38.9566,36.6296,35.4167,34.7564,34.1708,33.7481,33.3216,32.8915,32.4581,31.8468,31.1417,29.8013,27.0633,22.4336,16.2467,5.36038
49.723,0.0855,1.0000,0.0000,4,102.50,-2.73,-1.64,-0.4761,-0.1882,8256.37,0.0,94.82,92.74,98.08,98.08,10.7106,46.0456,42.1605,38.6896,36.4063,35.2185,34.5725,34.0001,33.5872,33.171,32.7513,32.3282,31.7312,31.0433,29.7374,27.0733,22.5841,16.6068,5.58971
49.741,0.0769,1.0000,0.0000,4,103.14,-2.87,-1.78,-0.4605,-0.1966,8294.91,0.0,95.29,93.31,98.56,98.56,10.5372,45.6159,41.7967,38.3863,36.1437,34.9794,34.3469,33.7869,33.3832,32.9764,32.5666,32.1537,31.5706,30.8987,29.6253,27.032,22.6757,16.8979,5.82889
49.766,0.0692,1.0000,0.0000,4,103.80,-2.91,-1.90,-0.4441,-0.2041,8314.67,0.0,95.78,93.99,98.80,98.80,10.3672,45.1553,41.3906,38.0347,35.8296,34.6871,34.0671,33.5186,33.1235,32.7256,32.3249,31.9214,31.352,30.6954,29.4524,26.9268,22.6977,17.1115,6.07464
49.786,0.0652,0.5500,0.0000,4,104.47,-2.83,-1.98,-0.4268,-0.2107,8324.61,0.0,96.29,94.72,98.92,98.92,10.1996,44.6646,40.9437,37.6365,35.4664,34.3442,33.736,33.1983,32.8112,32.4216,32.0294,31.6349,31.0784,30.4367,29.2226,26.7623,22.6559,17.2549,6.3264
49.805,0.1252,0.3025,0.0000,4,105.00,-2.58,-2.03,-0.4087,-0.2162,8027.04,0.0,96.78,95.45,95.45,95.45,10.0345,44.1426,40.4545,37.1904,35.0528,33.9497,33.3525,32.8251,32.4455,32.0638,31.6797,31.2935,30.7492,30.1222,28.9359,26.5385,22.5516,17.3315,6.58231
49.823,0.2064,0.1664,0.0000,4,105.19,-2.07,-2.08,-0.3897,-0.2209,7902.9,0.0,96.95,95.82,93.92,93.92,9.86958,43.5972,39.9337,36.7088,34.6023,33.5176,32.931,32.4133,32.041,31.6668,31.2906,30.9124,30.3798,29.7669,28.6077,26.2714,22.4011,17.3579,6.84426
49.841,0.2673,0.0915,0.0000,4,105.19,-1.65,-2.22,-0.3698,-0.2269,7858.93,0.0,97.05,95.71,93.94,92.86,9.69129,43.0827,39.4567,36.2771,34.2042,33.1386,32.563,32.0554,31.6906,31.3241,30.9558,30.5858,30.0652,29.4664,28.3346,26.0581,22.2992,17.4185,7.1277
49.867,0.3130,0.0503,0.0000,4,105.12,-1.43,-2.36,-0.3489,-0.2352,7820.32,0.0,97.16,95.40,93.85,92.03,9.49501,42.622,39.0537,35.9291,33.8934,32.8482,32.2841,31.787,31.43,31.0714,30.7113,30.3497,29.8412,29.2569,28.153,25.9344,22.28,17.5437,7.42011
49.886,0.3472,0.0277,0.0000,4,105.00,-1.34,-2.48,-0.3271,-0.2450,7793.41,0.0,97.20,95.07,93.78,91.46,9.28973,42.1989,38.7015,35.6383,33.6427,32.6181,32.0657,31.5792,31.23,30.8794,30.5274,30.1742,29.6777,29.1076,28.0318,25.8689,22.3128,17.7063,7.71478
49.904,0.3725,0.0152,0.0000,4,104.84,-1.32,-2.55,-0.3042,-0.2566,7772.87,0.0,97.23,94.69,93.77,90.98,9.07767,41.8133,38.4002,35.4048,33.4522,32.4486,31.9079,31.432,31.0906,30.7479,30.404,30.0591,29.5744,29.0182,27.9696,25.8612,22.3975,17.9068,8.01466
49.923,0.3909,0.0084,0.0000,4,104.65,-1.39,-2.57,-0.2803,-0.2701,7754.09,0.0,97.25,94.28,93.78,90.53,8.8578,41.4658,38.1507,35.2302,33.3244,32.3419,31.813,31.3476,31.0139,30.679,30.3431,30.0063,29.5332,28.9905,27.9684,25.9133,22.5366,18.1492,8.32391
49.942,0.4048,0.0046,0.0000,4,104.44,-1.55,-2.55,-0.2551,-0.2854,7736.08,0.0,97.28,93.87,93.79,90.09,8.63056,41.1521,37.9484,35.1099,33.2547,32.2937,31.7765,31.3215,30.9953,30.6682,30.3401,30.0112,29.5493,29.0198,28.0231,26.0209,22.7261,18.4314,8.64359
49.967,0.4151,0.0025,0.0000,4,104.22,-1.95,-2.62,-0.2288,-0.3027,7716.01,0.0,97.31,93.44,93.77,89.64,8.39526,40.8731,37.7958,35.0477,33.2448,32.3089,31.8032,31.3586,31.0398,30.7202,30.3998,30.0785,29.6277,29.1109,28.1386,26.1874,22.9695,18.7591,8.9776
49.985,0.4229,0.0014,0.0000,4,103.99,-2.58,-2.72,-0.2013,-0.3224,7697.29,0.0,97.36,92.97,93.83,89.13,8.152,18.1917,37.6946,35.0469,33.2976,32.3904,31.8981,31.4636,31.1522,30.8399,30.5269,30.2132,29.773,29.2685,28.3196,26.4166,23.2721,19.1366,9.33055
50.004,0.4287,0.0008,0.0000,4,103.76,-3.35,-2.87,-0.1726,-0.3431,7678.34,0.0,97.27,92.57,93.76,88.76,7.90861,15.9791,37.6026,35.0583,33.3626,32.4833,32.0064,31.5846,31.2808,30.9757,30.6698,30.3633,29.9332,29.4405,28.5139,26.6563,23.5837,19.52,9.6876
50.023,0.4331,0.0004,0.0000,4,103.53,-4.08,-3.04,-0.1427,-0.3630,7660.57,0.0,96.99,92.31,93.49,88.60,7.67393,14.8618,37.4707,35.0211,33.3803,32.5267,32.0639,31.6548,31.3603,31.0638,30.7655,30.4658,30.0453,29.5636,28.658,26.8434,23.8428,19.854,10.0258
50.042,0.4364,0.0002,0.0000,4,103.29,-4.63,-3.20,-0.1118,-0.3781,7642.91,0.0,96.58,92.09,93.12,88.55,7.4502,14.0655,37.2815,34.9195,33.333,32.5026,32.0527,31.6551,31.3689,31.081,30.7913,30.5,30.0893,29.618,28.7322,26.9584,24.0279,20.1196,10.3345
50.067,0.4388,0.0001,0.0000,4,103.05,-4.96,-3.31,-0.0807,-0.3783,7625.94,0.0,96.11,91.88,92.74,88.52,7.2366,13.4458,37.0414,34.7602,33.2255,32.4169,31.9787,31.5916,31.3131,31.0329,30.7511,30.4678,30.0686,29.6088,28.7418,27.0069,24.1439,20.3193,10.6135
50.086,0.4407,0.0001,0.0000,4,102.80,-5.16,-3.42,-0.0500,-0.3774,7608.16,0.0,95.64,91.67,92.40,88.45,7.03004,12.9206,36.7682,34.5633,33.0761,32.291,31.8636,31.4863,31.2149,30.9419,30.6675,30.3916,30.0031,29.5557,28.7089,27.0112,24.2132,20.4731,10.8701
50.104,0.4421,0.0000,0.0000,4,102.55,-5.49,-3.62,-0.0196,-0.3772,7586.44,0.0,95.31,91.41,92.17,88.17,6.82416,12.4002,36.4992,34.3732,32.9324,32.1728,31.7571,31.3893,31.1248,30.8588,30.5915,30.3228,29.9445,29.5092,28.685,27.0233,24.2869,20.6287,11.1252
50.123,0.4432,0.0000,0.0000,4,102.29,-6.16,-3.96,0.0102,-0.3783,7564.32,0.0,95.17,91.06,92.08,87.73,6.61736,11.8606,36.2496,34.2085,32.8143,32.0802,31.6787,31.3218,31.0641,30.805,30.5446,30.283,29.9147,29.491,28.6893,27.0659,24.3871,20.8063,11.387
50.142,0.4148,0.0000,0.0000,4,102.05,-6.88,-4.35,0.0394,-0.3786,7545.49,0.0,94.96,90.88,91.86,87.49,6.41858,11.3884,35.9733,34.0128,32.6614,31.9506,31.5622,31.2171,30.9676,30.7156,30.4617,30.2067,29.8477,29.4349,28.6542,27.0711,24.4479,20.9438,11.6258
50.167,0.3372,0.0000,0.0000,4,101.83,-7.31,-4.71,0.0680,-0.3763,7529.43,0.0,94.61,90.78,91.45,87.52,6.23403,11.0316,35.6376,33.7426,32.4294,31.7386,31.3614,31.0263,30.7843,30.5399,30.2932,30.0443,29.6938,29.2909,28.5294,26.9867,24.4188,20.9932,11.8178
50.186,0.3035,0.0000,0.0000,4,101.62,-7.39,-4.98,0.0960,-0.3708,7515.41,0.0,94.24,90.79,90.99,87.65,6.06208,10.7694,35.2505,33.4075,32.1283,31.4546,31.087,30.7608,30.5251,30.2873,30.0474,29.8054,29.4632,29.0694,28.3255,26.8208,24.31,20.9645,11.9662
50.205,0.2731,0.0000,0.0000,4,101.41,-7.16,-5.16,0.1234,-0.3635,7502.33,0.0,93.89,90.87,90.60,87.72,5.89919,10.5682,34.8316,33.032,31.7839,31.1255,30.7666,30.4482,30.2184,29.9866,29.7528,29.5171,29.1839,28.7989,28.0717,26.6029,24.1502,20.8852,12.0841
50.223,0.2458,0.0000,0.0000,4,101.21,-7.12,-5.44,0.1502,-0.3565,7482.67,0.0,93.71,90.91,90.27,87.59,5.73872,10.3624,34.4195,32.6634,31.4476,30.8043,30.454,30.1434,29.9194,29.6934,29.4656,29.2361,28.9117,28.5368,27.826,26.3921,23.9971,20.8088,12.1978
50.242,0.2212,0.0000,0.0000,4,101.01,-7.57,-5.92,0.1762,-0.3519,7459.15,0.0,93.81,90.77,90.19,87.11,5.57537,10.0915,34.0487,32.3435,31.1655,30.5383,30.197,29.8946,29.6765,29.4567,29.2352,29.012,28.6967,28.3326,27.6398,26.24,23.9018,20.7822,12.3302
50.267,0.1991,0.0000,0.0000,4,100.80,-8.16,-6.40,0.2013,-0.3483,7444.98,0.0,93.88,90.65,90.23,86.73,5.41555,9.81055,33.695,32.0364,30.897,30.2873,29.9549,29.6605,29.4483,29.2344,29.019,28.802,28.4957,28.142,27.4692,26.1022,23.8207,20.7651,12.4608
50.286,0.1792,0.0000,0.0000,4,100.61,-8.50,-6.79,0.2256,-0.3431,7434.02,0.0,93.70,90.58,90.07,86.63,5.26654,9.59255,33.3196,31.6926,30.5867,29.9948,29.6705,29.3833,29.1764,28.968,28.7581,28.5468,28.2486,27.9045,27.2503,25.9166,23.6913,20.7011,12.5609
50.305,0.1654,0.0000,0.0000,4,100.43,-8.52,-7.07,0.2491,-0.3353,7424.24,0.0,93.40,90.52,89.79,86.67,5.12806,9.44079,32.9166,31.3109,30.2338,29.6584,29.3418,29.0613,28.8592,28.6557,28.4509,28.2447,27.9539,27.6186,26.9816,25.6812,23.5104,20.5887,12.6296
50.323,0.2323,0.0000,0.0000,4,100.25,-8.25,-7.25,0.2718,-0.3258,7414.72,0.0,93.09,90.49,89.50,86.74,4.99824,9.34607,32.491,30.9006,29.8487,29.2882,28.9798,28.7054,28.5078,28.3089,28.1087,27.9073,27.6234,27.2963,26.6754,25.4082,23.2904,20.4394,12.6735
50.342,0.2875,0.0000,0.0000,4,100.09,-7.98,-7.46,0.2939,-0.3160,7400.55,0.0,92.70,90.32,89.21,86.70,4.87379,9.28025,32.0625,30.4836,29.4559,28.9094,28.6092,28.3415,28.1482,27.9537,27.7581,27.5613,27.2841,26.9648,26.3594,25.1258,23.0595,20.2794,12.7061
50.367,0.3291,0.0000,0.0000,4,99.91,-8.05,-7.83,0.3152,-0.3076,7381.06,0.0,92.49,90.02,89.08,86.36,4.75038,9.18851,31.6653,30.0928,29.0908,28.559,28.2672,28.0073,27.819,27.6289,27.4379,27.2458,26.9753,26.6638,26.0739,24.8738,22.8581,20.1459,12.7463
50.386,0.3606,0.0000,0.0000,4,99.72,-8.23,-8.21,0.3356,-0.2998,7367.96,0.0,92.27,89.79,89.04,86.08,4.63163,9.10041,31.2845,29.7114,28.735,28.2179,27.9345,27.6821,27.4994,27.3146,27.1281,26.9406,26.6766,26.3728,25.798,24.6303,22.665,20.0191,12.7836
50.404,0.3845,0.0000,0.0000,4,99.52,-8.25,-8.50,0.3551,-0.2915,7357.28,0.0,91.94,89.54,88.92,85.95,4.52058,9.05971,30.897,29.3186,28.3661,27.8626,27.5869,27.3417,27.1642,26.9848,26.8036,26.6206,26.3628,26.0664,25.5059,24.3692,22.4544,19.8755,12.8059
50.423,0.4027,0.0000,0.0000,4,99.32,-8.09,-8.71,0.3738,-0.2815,7346.08,0.0,91.58,89.23,88.75,85.86,4.41661,9.07437,30.5025,28.9151,27.9848,27.4942,27.2258,26.9872,26.8146,26.6404,26.4643,26.2866,26.0351,25.7457,25.1989,24.0919,22.2278,19.716,12.8144
50.443,0.4166,0.0000,0.0000,4,99.12,-7.79,-8.84,0.3917,-0.2709,7333.7,0.0,91.25,88.89,88.57,85.75,4.31859,9.15586,30.1051,28.5053,27.5962,27.1178,26.8564,26.6242,26.4563,26.2868,26.1158,25.9431,25.6988,25.4164,24.8828,23.8046,21.9912,19.545,12.8127
50.468,0.4271,0.0000,0.0000,4,98.91,-7.53,-8.99,0.4089,-0.2605,7317.19,0.0,91.00,88.56,88.36,85.57,4.2253,9.30646,29.7162,28.0986,27.2104,26.744,26.4895,26.2635,26.1002,25.9355,25.7693,25.6016,25.3644,25.09,24.5695,23.519,21.7566,19.3737,12.8069
50.486,0.4346,0.0000,0.0000,4,98.69,-7.52,-9.23,0.4253,-0.2514,7298.36,0.0,90.89,88.26,88.25,85.23,4.13459,9.5,29.3575,27.7136,26.8444,26.3903,26.1426,25.9229,25.7643,25.6043,25.443,25.2803,25.0503,24.7843,24.2777,23.2545,21.542,19.2196,12.8057
50.505,0.4397,0.0000,0.0000,4,98.47,-7.54,-9.42,0.4408,-0.2432,7282.7,0.0,90.80,87.95,88.19,84.92,4.0474,9.80497,29.0242,27.3493,26.492,26.0501,25.8094,25.596,25.4419,25.2867,25.1301,24.9723,24.7494,24.4917,24.0008,23.0039,21.3394,19.0764,12.8059
50.523,0.4435,0.0000,0.0000,4,98.23,-7.54,-9.56,0.4555,-0.2355,7267.59,0.0,90.67,87.64,88.10,84.64,3.9648,31.9426,28.7077,26.9989,26.1448,25.7149,25.4809,25.2736,25.1241,24.9734,24.8215,24.6685,24.4524,24.2028,23.7277,22.7578,21.1394,18.9355,12.8031
50.542,0.4465,0.0000,0.0000,4,97.99,-7.51,-9.64,0.4695,-0.2265,7252.11,0.0,90.51,87.32,87.98,84.40,3.88702,31.7104,28.4038,26.6593,25.7991,25.3808,25.1533,24.9519,24.8067,24.6604,24.513,24.3646,24.1551,23.9133,23.4534,22.5119,20.9378,18.7932,12.7957
50.567,0.4491,0.0000,0.0000,4,97.75,-7.44,-9.69,0.4826,-0.2175,7236.1,0.0,90.32,87.03,87.83,84.17,3.81485,31.4904,28.1088,26.3275,25.4519,25.0446,24.8234,24.6276,24.4866,24.3445,24.2015,24.0575,23.8543,23.62,23.1746,22.2629,20.7314,18.6465,12.7824
50.586,0.4486,0.0000,0.0000,4,97.51,-7.34,-9.71,0.4950,-0.2087,7218.77,0.0,90.12,86.75,87.65,83.94,3.74873,31.2847,27.824,26.0044,25.1101,24.7071,24.4919,24.3017,24.1646,24.0266,23.8878,23.748,23.551,23.3238,22.8924,22.0108,20.5212,18.4964,12.764
50.605,0.4458,0.0000,0.0000,4,97.24,-7.26,-9.68,0.5066,-0.2011,7199.04,0.0,90.03,86.39,87.52,83.60,3.68523,31.1294,27.5745,25.7097,24.7934,24.3839,24.1744,23.9896,23.8565,23.7225,23.5878,23.4522,23.2611,23.0409,22.6232,21.7709,20.3244,18.3582,12.7499
50.624,0.4393,0.0000,0.0000,4,96.97,-7.30,-9.64,0.5176,-0.1948,7179.16,0.0,89.99,86.06,87.44,83.21,3.62366,31.033,27.3655,25.4473,24.5054,24.0842,23.8721,23.6919,23.5627,23.4328,23.302,23.1706,22.9854,22.7721,22.3677,21.5438,20.1417,18.2308,12.7412
50.642,0.4340,0.0000,0.0000,4,96.69,-7.42,-9.61,0.5279,-0.1885,7159.77,0.0,89.92,85.75,87.32,82.87,3.56569,30.983,27.1879,25.2098,24.2394,23.8056,23.587,23.4027,23.275,23.1488,23.022,22.8946,22.715,22.5083,22.1169,21.3204,19.9642,18.1059,12.7331
50.667,0.4304,0.0000,0.0000,4,96.42,-7.58,-9.58,0.5374,-0.1813,7140.54,0.0,89.77,85.47,87.16,82.57,3.51266,30.967,27.0324,24.99,23.9893,23.542,23.3166,23.1266,22.9948,22.8663,22.7409,22.6172,22.4431,22.2428,21.8636,21.0933,19.7842,17.9765,12.7221
50.687,0.4280,0.0000,0.0000,4,96.15,-7.75,-9.55,0.5461,-0.1742,7121.35,0.0,89.55,85.20,86.97,82.31,3.46689,30.9749,26.8917,24.7819,23.7498,23.2886,23.0563,22.8604,22.7245,22.592,22.4627,22.3366,22.1651,21.9708,21.6033,20.8578,19.594,17.8382,12.7052
50.705,0.4250,0.0000,0.0000,4,95.84,-7.67,-9.30,0.5541,-0.1675,7101.07,0.0,89.33,84.84,86.77,82.03,3.42673,31.0258,26.7783,24.5949,23.529,23.0529,22.8132,22.611,22.4708,22.334,22.2006,22.0704,21.8934,21.6986,21.3421,20.6204,19.3998,17.6973,12.6868
50.723,0.4181,0.0000,0.0000,4,95.52,-7.62,-8.99,0.5615,-0.1624,7077.83,0.0,89.27,84.43,86.65,81.60,3.38707,31.2519,26.7272,24.4562,23.3501,22.8566,22.6081,22.3985,22.2532,22.1115,21.9732,21.8383,21.6549,21.453,21.0952,20.3965,19.2173,17.5696,12.6758
50.742,0.4100,0.0000,0.0000,4,95.20,-7.74,-8.74,0.5685,-0.1582,7054.77,0.0,89.15,84.09,86.49,81.20,3.35017,31.8555,26.7249,24.3545,23.2034,22.6904,22.4321,22.2144,22.0635,21.9163,21.7726,21.6325,21.4421,21.2323,20.8607,20.1757,19.0361,17.4449,12.6643
50.762,0.4039,0.0000,0.0000,4,94.89,-7.97,-8.57,0.5748,-0.1523,7031.87,0.0,88.96,83.79,86.29,80.86,3.318,33.6442,26.7613,24.2815,23.0815,22.5473,22.2786,22.0521,21.8951,21.742,21.5927,21.447,21.249,21.0309,20.6446,19.9513,18.8495,17.3151,12.6484
50.786,0.3997,0.0000,0.0000,4,94.58,-8.33,-8.46,0.5803,-0.1463,7009.05,0.0,88.73,83.50,86.06,80.56,3.29197,59.3702,26.833,24.2339,22.9812,22.4244,22.1445,21.9087,21.7453,21.5859,21.4305,21.2789,21.0729,20.8461,20.4443,19.7248,18.6545,17.1741,12.6259
50.806,0.3968,0.0000,0.0000,4,94.25,-8.56,-8.26,0.5849,-0.1403,6986.38,0.0,88.41,83.17,85.79,80.28,3.27308,57.7587,26.9355,24.2076,22.8988,22.3182,22.0265,21.7808,21.6107,21.4448,21.283,21.1253,20.911,20.6751,20.2572,19.509,18.4487,17.0197,12.5952
50.825,0.3951,0.0000,0.0000,4,93.89,-8.39,-7.71,0.5890,-0.1351,6961.71,0.0,88.19,82.73,85.57,79.92,3.25555,56.1142,27.1039,24.2288,22.8565,22.249,21.9441,21.6875,21.5098,21.3366,21.1678,21.0032,20.7796,20.5336,20.0981,19.3185,18.2438,16.8636,12.5647
50.843,0.3942,0.0000,0.0000,4,93.53,-8.32,-7.25,0.5927,-0.1301,6935.95,0.0,87.92,82.39,85.29,79.58,3.24055,54.4757,27.3199,24.2827,22.8413,22.2049,21.8858,21.6174,21.4317,21.2507,21.0743,20.9024,20.6691,20.4123,19.9581,19.1456,18.0328,16.6988,12.5298
50.862,0.3939,0.0000,0.0000,4,93.19,-8.40,-6.92,0.5959,-0.1250,6910.44,0.0,87.61,82.11,84.98,79.29,3.22991,52.8598,27.6267,24.3639,22.8485,22.1812,21.847,21.5662,21.3719,21.1827,20.9983,20.8188,20.5751,20.3071,19.8333,18.9866,17.8277,16.5223,12.4851
50.887,0.3940,0.0000,0.0000,4,92.86,-8.66,-6.73,0.5985,-0.1200,6885.46,0.0,87.31,81.81,84.69,78.99,3.22434,51.2542,28.3362,24.481,22.8845,22.1838,21.8333,21.539,21.3355,21.1374,20.9446,20.7568,20.502,20.2221,19.7274,18.8446,17.6375,16.3363,12.4308
50.906,0.3945,0.0000,0.0000,4,92.53,-9.07,-6.65,0.6003,-0.1151,6860.93,0.0,87.01,81.50,84.41,78.69,3.22819,49.6631,56.4013,24.635,22.9498,22.2126,21.8445,21.5356,21.3222,21.1146,20.9126,20.7159,20.4494,20.1566,19.6398,18.7187,17.4613,16.14,12.3659
50.925,0.3952,0.0000,0.0000,4,92.19,-9.09,-6.31,0.6014,-0.1092,6837.01,0.0,86.59,81.19,84.02,78.50,3.24734,48.148,54.8434,24.7911,23.0147,22.2405,21.8545,21.5309,21.3076,21.0904,20.8791,20.6736,20.3952,20.0897,19.5509,18.5922,17.2858,15.9246,12.2846
50.943,0.3961,0.0000,0.0000,4,91.87,-8.72,-5.87,0.6021,-0.1013,6813.33,0.0,86.03,81.00,83.49,78.48,3.28415,46.7729,53.4172,24.902,23.0405,22.2321,21.8297,21.4927,21.2603,21.0344,20.8148,20.6013,20.3122,19.9952,19.4367,18.4446,17.0955,15.6911,12.1826
50.963,0.3971,0.0000,0.0000,4,91.57,-8.32,-5.53,0.6023,-0.0916,6789.99,0.0,85.51,80.88,83.00,78.41,3.33861,45.5083,52.0923,25.01,23.0367,22.1963,21.7786,21.4292,21.1883,20.9544,20.7271,20.5063,20.2074,19.88,19.3036,18.2815,16.8947,15.4529,12.0641
50.987,0.3982,0.0000,0.0000,4,91.29,-8.06,-5.34,0.6020,-0.0778,6767.95,0.0,85.13,80.72,82.65,78.23,3.40932,44.287,50.8056,25.2866,23.0388,22.1655,21.7322,21.3701,21.1207,20.8785,20.6435,20.4152,20.1064,19.7684,19.1741,18.122,16.698,15.22,11.9364
51.007,0.3993,0.0000,0.0000,4,91.00,-7.94,-5.24,0.6004,-0.0615,6746.81,0.0,84.87,80.51,82.41,77.97,3.50427,43.0671,49.5185,26.0492,23.0742,22.1645,21.7139,21.3377,21.0789,20.8277,20.5841,20.3476,20.028,19.6784,19.0645,17.98,16.5159,14.9997,11.8015
51.025,0.4104,0.0000,0.0000,4,90.72,-7.93,-5.20,0.5975,-0.0459,6726.07,0.0,84.67,80.25,82.20,77.68,3.63256,41.8395,48.2222,52.5964,23.1535,22.201,21.731,21.3391,21.0696,20.8084,20.5552,20.3095,19.9779,19.6154,18.9796,17.8592,16.3512,14.7935,11.6584
51.043,0.4342,0.0000,0.0000,4,90.47,-7.82,-5.13,0.5933,-0.0292,6706.69,0.0,84.37,80.05,81.86,77.56,3.81026,40.6939,47.0003,51.3291,23.2931,22.2198,21.7309,21.3237,21.044,20.7731,20.5106,20.2562,19.913,19.5382,18.8818,17.7276,16.179,14.584,11.4989
51.062,0.3818,0.0000,0.0000,4,90.24,-7.45,-5.07,0.5878,-0.0097,6689.32,0.0,83.84,79.92,81.33,77.67,4.07114,39.7232,45.9409,50.2186,23.4657,22.152,21.6471,21.2282,20.9407,20.6625,20.393,20.1321,19.7802,19.3963,18.7248,17.5464,15.9699,14.3504,11.3163
51.087,0.3436,0.0000,0.0000,4,90.04,-6.95,-5.04,0.5810,0.0117,6673.34,0.0,83.42,80.00,80.88,77.74,4.54,38.8732,44.994,49.2165,23.7566,22.0577,21.5046,21.0767,20.7832,20.4994,20.2247,19.9587,19.6004,19.2098,18.5272,17.3317,15.7364,14.1017,11.1174
51.106,0.3092,0.0000,0.0000,4,89.84,-6.36,-5.01,0.5726,0.0422,6658.52,0.0,83.17,80.13,80.58,77.69,5.49994,38.0741,44.094,48.2593,24.5199,22.0054,21.3591,20.9092,20.6103,20.3213,20.0419,19.7715,19.4075,19.0109,18.3187,17.1085,15.4978,13.8513,10.909
51.125,0.2783,0.0000,0.0000,4,89.65,-5.76,-4.95,0.5622,0.0736,6644.31,0.0,83.09,80.23,80.40,77.54,6.45625,37.2768,43.1946,47.3023,49.7419,22.0808,21.2818,20.7641,20.453,20.1585,19.8739,19.5987,19.2284,18.8254,18.1227,16.8965,15.2689,13.6097,10.6954
51.143,0.2505,0.0000,0.0000,4,89.48,-5.32,-5.00,0.5497,0.1044,6630.97,0.0,83.09,80.25,80.25,77.37,7.28923,36.4817,42.2962,46.3461,48.7555,22.4153,21.3102,20.6813,20.3221,20.0114,19.7212,19.4407,19.0636,18.6535,17.9394,16.6958,15.05,13.3771,10.4767
51.162,0.2254,0.0000,0.0000,4,89.37,-5.34,-5.42,0.5348,0.1360,6620.25,0.0,82.95,80.28,79.99,77.36,8.07249,35.7711,41.4775,45.4677,47.8454,23.2131,21.3939,20.6031,20.1832,19.8309,19.5258,19.2415,18.8595,18.4444,17.7224,16.4674,14.811,13.1317,10.2452
51.188,0.2029,0.0000,0.0000,4,89.28,-5.10,-5.76,0.5174,0.1692,6614.73,0.0,82.69,80.29,79.66,77.55,8.84808,35.1708,40.7648,44.6928,47.0382,48.2099,21.4781,20.4816,19.996,19.6027,19.2692,18.9773,18.5935,18.1766,17.4523,16.1952,14.5397,12.8652,9.99955
51.207,0.1826,0.0000,0.0000,4,89.18,-4.43,-5.91,0.4977,0.2063,6609.12,0.0,82.37,80.50,79.33,77.75,9.62412,34.6632,40.1427,44.0074,46.3202,47.4772,21.5454,20.3029,19.7513,19.3214,18.9641,18.6565,18.2727,17.8572,17.1357,15.8852,14.2412,12.5812,9.7433
51.226,0.1643,0.0000,0.0000,4,89.07,-3.56,-5.85,0.4753,0.2551,6600.52,0.0,82.36,80.70,79.25,77.64,10.3279,34.1364,39.5029,43.3046,45.585,46.7273,47.3368,20.2379,19.5753,19.0889,18.6974,18.3664,17.9712,17.5563,16.8365,15.5905,13.9556,12.3081,9.49228
51.245,0.1479,0.0000,0.0000,4,88.96,-2.71,-5.64,0.4498,0.3011,6592.5,0.0,82.52,80.65,79.30,77.40,10.9283,33.5534,38.8091,42.5482,44.796,45.9235,46.5254,20.4895,19.5778,18.9747,18.5207,18.15,17.7194,17.3001,16.5783,15.3309,13.6979,12.0562,9.25209
51.263,0.1331,0.0000,0.0000,4,88.86,-2.20,-5.49,0.4216,0.3433,6586.05,0.0,82.78,80.37,79.45,77.09,11.397,32.8846,38.0307,41.7067,43.9216,45.0338,45.6282,46.1487,20.0424,19.1251,18.5222,18.0698,17.5699,17.1127,16.3827,15.1239,13.481,11.8345,9.02502
51.282,0.1198,0.0000,0.0000,4,88.77,-2.63,-5.63,0.3904,0.3795,6573.4,0.0,83.26,79.84,79.57,76.67,11.6708,32.0536,37.0896,40.7,42.8807,43.9762,44.5624,45.0761,45.4435,20.6246,19.0707,18.3475,17.6617,17.0928,16.3038,15.0131,13.336,11.6632,8.81457
51.307,0.1078,0.0000,0.0000,4,88.68,-2.90,-5.61,0.3562,0.4131,6569.07,0.0,83.18,79.76,79.80,76.33,11.8848,31.2121,36.135,39.6778,41.8227,42.9008,43.4782,43.9846,44.3469,44.7097,45.0728,19.3008,18.0274,17.2177,16.2575,14.9255,13.2082,11.5044,8.61103
51.326,0.0970,0.0000,0.0000,4,88.59,-2.87,-5.55,0.3195,0.4423,6564.03,0.0,82.86,79.91,79.55,76.46,12.1359,30.469,35.2763,38.7514,40.8595,41.9208,42.489,42.9879,43.345,43.7027,44.061,44.4198,18.8698,17.4608,16.213,14.7997,13.0527,11.3277,8.40729
51.344,0.0873,0.0000,0.0000,4,88.51,-2.52,-5.45,0.2825,0.4326,6558.92,0.0,82.45,80.17,79.08,76.81,12.4575,29.8567,34.5486,37.9564,40.0286,41.0737,41.6331,42.1243,42.4762,42.8289,43.1823,43.5364,44.033,17.8244,16.1391,14.6097,12.851,11.1211,8.20035
51.363,0.0786,0.0000,0.0000,4,88.44,-1.95,-5.35,0.2465,0.4263,6554.72,0.0,82.05,80.48,78.60,77.19,12.8625,29.3771,33.9566,37.2989,39.3365,40.3658,40.917,41.4011,41.748,42.0958,42.4445,42.7939,43.2843,18.4836,15.993,14.3459,12.5968,10.8808,7.98895
51.382,0.0707,0.0000,0.0000,4,88.39,-1.26,-5.13,0.2115,0.4229,6552.69,0.0,81.67,80.77,78.20,77.54,13.3352,29.0049,33.4768,36.7563,38.761,39.7752,40.3187,40.796,41.1383,41.4815,41.8257,42.1708,42.6553,43.2108,15.7548,14.0187,12.298,10.6122,7.77406
51.407,0.0637,0.0000,0.0000,4,88.34,-0.71,-4.98,0.1772,0.4211,6548.64,0.0,81.40,80.90,78.04,77.61,13.7619,28.6803,33.0486,36.2676,38.2405,39.24,39.7761,40.247,40.5848,40.9236,41.2635,41.6043,42.0831,42.6323,15.4738,13.6631,11.9798,10.3318,7.55915
51.426,0.0573,0.0000,0.0000,4,88.30,-0.40,-5.06,0.1434,0.4194,6544.49,0.0,81.31,80.90,78.00,77.55,14.1049,28.3548,32.6221,35.7813,37.7228,38.7079,39.2365,39.7011,40.0344,40.3689,40.7045,41.0411,41.5142,42.057,15.2163,13.3121,11.6633,10.0536,7.34689
51.444,0.0516,0.0000,0.0000,4,88.26,-0.27,-5.37,0.1099,0.4175,6540.6,0.0,81.30,80.87,77.97,77.48,14.3788,28.0221,32.19,35.29,37.2003,38.1708,38.6921,39.1502,39.4791,39.8092,40.1405,40.4729,40.9402,41.4767,14.9982,12.9721,11.3507,9.77862,7.13675
51.463,0.0464,0.0000,0.0000,4,88.23,-0.19,-5.77,0.0766,0.4157,6536.85,0.0,81.29,80.84,77.94,77.43,14.6015,27.6881,31.7585,34.7998,36.6789,37.6348,38.1487,38.6006,38.9249,39.2506,39.5776,39.9058,40.3673,40.8975,14.8214,12.64,11.0387,9.50449,6.92784
51.482,0.0418,0.0000,0.0000,4,88.21,-0.15,-6.17,0.0436,0.4138,6534.38,0.0,81.27,80.81,77.92,77.39,14.78,27.3504,31.3249,34.308,36.1559,37.0973,37.6038,38.0493,38.3691,38.6903,39.013,39.337,39.7927,40.3164,14.7187,12.3182,10.7283,9.23174,6.72011
51.507,0.0376,0.0000,0.0000,4,88.18,-0.11,-6.53,0.0107,0.4118,6532.44,0.0,81.25,80.78,77.91,77.35,14.9206,27.0089,30.889,33.814,35.6308,36.5577,37.0567,37.4958,37.8111,38.1279,38.4462,38.7659,39.2157,39.7329,14.7781,12.0082,10.4192,8.96024,6.51344
51.526,0.0338,0.0000,0.0000,4,88.16,-0.09,-6.87,-0.0220,0.4097,6528.38,0.0,81.23,80.75,77.90,77.27,15.0297,26.6652,30.4524,33.3199,35.1056,36.0179,36.5094,36.9421,37.2529,37.5652,37.8791,38.1944,38.6384,39.149,40.1158,11.7112,10.111,8.68975,6.30786
51.544,0.0305,0.0000,0.0000,4,88.14,-0.09,-7.21,-0.0545,0.4077,6522.22,0.0,81.22,80.74,77.88,77.14,15.1143,26.3208,30.0166,32.827,34.5817,35.4795,35.9635,36.3898,36.6959,37.0038,37.3132,37.6243,38.0622,38.5663,39.5211,11.4274,9.8026,8.41938,6.10296
51.564,0.0274,0.0000,0.0000,4,88.13,-0.14,-7.74,-0.0869,0.4056,6520.1,0.0,81.21,80.72,77.82,77.14,15.1766,25.9746,29.5804,32.3342,34.0579,34.941,35.4175,35.8374,36.139,36.4423,36.7473,37.054,37.4859,37.9833,38.9261,11.1615,9.49462,8.14956,5.89882
51.582,0.0247,0.0000,0.0000,4,88.12,-0.19,-8.25,-0.1192,0.4036,6523.73,0.0,81.19,80.72,77.82,77.23,15.221,25.6296,29.1471,31.8446,33.5375,34.406,34.8749,35.2883,35.5854,35.8842,36.1847,36.487,36.913,37.4036,38.3343,10.9134,9.18499,7.87883,5.69483
51.607,0.0222,0.0000,0.0000,4,88.10,-0.20,-8.73,-0.1513,0.4019,6524.71,0.0,81.18,80.74,77.79,77.28,15.2529,25.2927,28.724,31.3663,33.0288,33.8829,34.3444,34.7514,35.044,35.3383,35.6344,35.9323,36.3523,36.8364,37.755,10.6801,8.8716,7.60558,5.49078
51.626,0.0200,0.0000,0.0000,4,88.10,-0.19,-9.16,-0.1834,0.4006,6524.96,0.0,81.14,80.77,77.75,77.33,15.2732,24.9627,28.3101,30.8983,32.5308,33.3707,33.8248,34.2255,34.5136,34.8035,35.0953,35.3889,35.803,36.2804,37.1871,10.4604,8.5606,7.32978,5.2865
51.644,0.0180,0.0000,0.0000,4,88.09,-0.15,-9.51,-0.2153,0.3994,6525.34,0.0,81.09,80.78,77.73,77.36,15.2806,24.636,27.9014,30.4364,32.0393,32.8651,33.3119,33.7064,33.9901,34.2756,34.563,34.8523,35.2606,35.7314,36.6263,10.2628,8.25613,7.05256,5.08228
51.664,0.0162,0.0000,0.0000,4,88.09,-0.12,-9.80,-0.2471,0.3983,6525.73,0.0,81.05,80.80,77.72,77.38,15.2745,24.3106,27.4959,29.9784,31.5521,32.3638,32.8034,33.1917,33.471,33.7521,34.0352,34.3203,34.7227,35.187,36.07,10.1007,7.9607,6.77504,4.87858
51.682,0.0146,0.0000,0.0000,4,88.10,-0.09,-10.15,-0.2787,0.3973,6517.12,0.0,81.04,80.81,77.71,77.19,15.2554,23.9857,27.0926,29.5234,31.068,31.8659,32.2982,32.6802,32.9552,33.232,33.5108,33.7917,34.1882,34.6459,35.5171,9.99434,7.67548,6.49709,4.67519
51.707,0.0131,0.0000,0.0000,4,88.11,-0.07,-10.56,-0.3103,0.3964,6512.78,0.0,81.04,80.83,77.69,77.10,15.2239,23.6604,26.6905,29.0702,30.586,31.3701,31.7952,32.1711,32.4417,32.7142,32.9887,33.2653,33.6559,34.1072,34.9664,9.99386,7.40232,6.21881,4.47204
51.726,0.0118,0.0000,0.0000,4,88.11,-0.08,-10.95,-0.3419,0.3955,6519.96,0.0,81.04,80.83,77.70,77.25,15.1804,23.3329,26.2874,28.6164,30.1036,30.8739,31.2918,31.6615,31.9277,32.1958,32.4661,32.7385,33.1232,33.5678,34.4152,10.332,7.14455,5.94071,4.26919
51.745,0.0106,0.0000,0.0000,4,88.11,-0.07,-11.21,-0.3734,0.3946,6524.47,0.0,81.04,80.84,77.71,77.36,15.1269,23.0049,25.8852,28.1643,29.623,30.3795,30.7903,31.1538,31.4156,31.6795,31.9454,32.2135,32.5924,33.0304,33.8658,35.5924,6.90404,5.66555,4.0665
51.764,0.0096,0.0000,0.0000,4,88.12,-0.06,-11.42,-0.4048,0.3938,6527.06,0.0,81.04,80.85,77.70,77.42,15.064,22.6769,25.4846,27.7143,29.1448,29.8877,30.2913,30.6486,30.9062,31.1657,31.4273,31.6912,32.0642,32.4957,33.319,35.0227,6.68458,5.40146,3.86395
51.782,0.0086,0.0000,0.0000,4,88.13,-0.05,-11.59,-0.4361,0.3930,6528.7,0.0,81.03,80.87,77.70,77.46,14.9924,22.3491,25.0856,27.2667,28.6693,29.3986,29.7951,30.1463,30.3996,30.6548,30.9122,31.1718,31.539,31.9639,32.7752,34.4561,6.48893,5.15009,3.66154
51.807,0.0077,0.0000,0.0000,4,88.14,-0.04,-11.73,-0.4674,0.3924,6529.91,0.0,81.03,80.88,77.70,77.49,14.9121,22.0216,24.6885,26.8217,28.1966,28.9125,29.302,29.6471,29.8961,30.147,30.4001,30.6556,31.0169,31.4353,32.2346,33.8926,6.31879,4.91361,3.45959
51.826,0.0070,0.0000,0.0000,4,88.15,-0.03,-11.87,-0.4986,0.3918,6530.62,0.0,81.03,80.90,77.70,77.51,14.8236,21.6941,24.2927,26.3786,27.7262,28.4287,28.8112,29.1503,29.3949,29.6416,29.8906,30.1418,30.4974,30.9091,31.6966,33.3317,6.18104,4.69373,3.25773
51.844,0.0063,0.0000,0.0000,4,88.16,-0.03,-12.01,-0.5297,0.3914,6531.63,0.0,81.03,80.92,77.70,77.53,14.727,21.3663,23.8979,25.9372,27.2577,27.947,28.3225,28.6556,28.896,29.1384,29.3832,29.6302,29.98,30.3852,31.1607,32.7728,6.08802,4.49337,3.05596
51.863,0.0056,0.0000,0.0000,4,88.17,-0.02,-12.21,-0.5608,0.3910,6533.2,0.0,81.03,80.93,77.71,77.57,14.6229,21.0387,23.5047,25.498,26.7916,27.4678,27.8365,28.1635,28.3996,28.6379,28.8785,29.1213,29.4653,29.8641,30.6276,32.2168,6.06167,4.31623,2.85423
51.881,0.0051,0.0000,0.0000,4,88.19,-0.01,-12.54,-0.5919,0.3907,6534.69,0.0,81.03,80.93,77.70,77.61,14.5115,20.7112,23.1129,25.0609,26.328,26.9912,27.353,27.6741,27.906,28.1401,28.3765,28.6152,28.9535,29.3457,30.0973,31.6637,6.15144,4.16439,2.65375
51.907,0.0046,0.0000,0.0000,4,88.22,-0.02,-12.97,-0.6231,0.3904,6536.38,0.0,81.03,80.93,77.71,77.64,14.3928,20.3832,22.7219,24.6252,25.866,26.5163,26.8713,27.1865,27.4142,27.6441,27.8763,28.111,28.4435,28.8293,29.5689,31.1123,6.46957,4.03783,2.46812
51.926,0.0041,0.0000,0.0000,4,88.26,-0.02,-13.42,-0.6542,0.3875,6538.52,0.0,81.03,80.93,77.73,77.67,14.2673,20.0547,22.3314,24.1905,25.4054,26.0429,26.391,26.7003,26.9239,27.1496,27.3777,27.6083,27.935,28.3143,29.0421,30.5625,33.2998,3.94315,2.30238
51.944,0.0037,0.0000,0.0000,4,88.30,-0.03,-13.89,-0.6834,0.3433,6541.08,0.0,81.03,80.93,77.76,77.70,14.1353,19.7251,21.9412,23.7567,24.9457,25.5704,25.9119,26.2153,26.4347,26.6563,26.8803,27.1067,27.4278,27.8006,28.5164,30.0137,32.7154,3.88955,2.15805
51.963,-0.0118,0.0000,0.0000,4,88.35,-0.04,-14.39,-0.7092,0.2977,6544.22,0.0,81.03,80.93,77.79,77.74,13.997,19.3946,21.5509,23.3232,24.4867,25.0987,25.4334,25.731,25.9462,26.1637,26.3836,26.6059,26.9213,27.2876,27.9915,29.4656,32.1313,3.89117,2.03665
51.982,-0.1053,0.0000,0.0000,4,88.42,-0.03,-15.03,-0.7314,0.2508,6536.89,0.0,81.03,80.93,77.83,77.54,13.8529,19.0638,21.1617,22.8915,24.0298,24.6292,24.9572,25.249,25.4601,25.6735,25.8893,26.1075,26.4172,26.7771,27.469,28.92,31.5497,3.96989,1.94015
52.007,-0.2081,0.0000,0.0000,4,88.50,-0.01,-15.82,-0.7498,0.2029,6520.75,0.0,81.03,80.93,77.75,77.26,13.7034,18.7334,20.7742,22.4622,23.5756,24.1626,24.484,24.7701,24.9771,25.1864,25.3981,25.6123,25.9164,26.2699,26.95,28.378,30.9717,4.15025,1.86543
52.026,-0.2850,0.0000,0.0000,4,88.59,-0.01,-16.66,-0.7644,0.1544,6501.1,0.0,81.03,80.93,77.56,76.97,13.5476,18.4013,20.3858,22.0325,23.1211,23.6957,24.0106,24.2909,24.4938,24.6991,24.9067,25.1169,25.4153,25.7624,26.4306,27.8355,30.3929,4.51914,1.81365
52.045,-0.3427,0.0000,0.0000,4,88.65,-0.16,-17.38,-0.7755,0.1165,6481.81,0.0,81.03,81.05,77.38,76.70,13.3891,18.0743,20.0049,21.6117,22.6764,23.2391,23.5476,23.8223,24.0213,24.2226,24.4264,24.6326,24.9256,25.2665,25.9232,27.3055,29.8277,5.42543,1.78627
52.064,-0.3859,0.0000,0.0000,4,88.64,-0.35,-17.84,-0.7839,0.0825,6462.87,0.0,81.03,81.64,77.20,76.43,13.2548,17.8066,19.696,21.2729,22.3202,22.8742,23.1781,23.4488,23.645,23.8435,24.0445,24.248,24.5372,24.8738,25.5226,26.8898,29.3897,33.4421,1.77634
52.082,-0.4184,0.0000,0.0000,4,88.59,-0.15,-18.17,-0.7897,0.0548,6444.28,0.0,81.03,82.58,77.02,76.16,13.1585,17.6279,19.4955,21.0579,22.0979,22.6483,22.9504,23.2195,23.4146,23.6122,23.8124,24.0151,24.3032,24.6385,25.2851,26.6492,29.1479,33.2299,1.77714
52.107,-0.4429,0.0000,0.0000,4,88.51,0.65,-18.46,-0.7930,0.0345,6426.03,0.0,81.03,83.57,76.85,75.90,13.1044,17.55,19.4188,20.9853,22.0297,22.5826,22.8861,23.1569,23.3533,23.5523,23.7539,23.958,24.248,24.5858,25.237,26.6129,29.1364,33.3226,1.781
52.126,-0.4613,0.0000,0.0000,4,88.45,2.04,-18.68,-0.7938,0.0222,6408.11,0.0,79.09,84.41,76.68,75.65,13.0937,17.5764,19.4699,21.0608,22.122,22.6843,22.9935,23.2693,23.4694,23.6721,23.8774,24.0853,24.3807,24.7247,25.3882,26.7923,29.3692,33.7679,1.78633
52.145,-0.4754,0.0000,0.0000,4,88.26,4.10,-18.75,-0.7928,0.0275,6390.51,0.0,76.76,85.63,76.51,75.40,13.1466,17.7516,19.7033,21.3468,22.4432,23.0253,23.3452,23.6306,23.8377,24.0473,24.2596,24.4745,24.7802,25.1363,25.824,27.2783,29.9497,34.768,1.78514
52.163,-0.4865,0.0000,0.0000,4,87.90,7.15,-18.79,-0.7902,0.0445,6360.66,0.0,75.10,86.62,76.19,75.15,13.2768,18.107,20.1596,21.8886,23.0444,23.6575,23.9942,24.2947,24.5127,24.7337,24.9576,25.1843,25.5068,25.8823,26.6069,28.1397,31.0055,36.5679,1.77519
52.181,-0.4953,0.0000,0.0000,4,87.48,9.89,-18.27,-0.7865,0.0680,6159.35,0.0,74.02,86.87,71.53,74.99,13.4607,18.5905,20.775,22.6167,23.8468,24.4998,24.8588,25.1791,25.4115,25.6469,25.8853,26.1266,26.4696,26.8693,27.6412,29.2738,32.5543,5.12963,1.76328
52.206,-0.5029,0.0000,0.0000,4,86.84,12.29,-17.68,-0.7823,0.0909,6110.18,0.0,73.30,86.32,70.38,74.87,13.6568,19.1072,21.4318,23.3927,24.7036,25.3992,25.7813,26.1221,26.3695,26.6201,26.874,27.1312,27.4968,27.9226,28.7442,30.5738,34.4334,4.41565,1.75574
52.226,-0.5095,0.4500,0.0000,4,86.10,14.36,-17.10,-0.7778,0.1111,6092.19,0.0,72.68,84.91,70.07,74.75,13.8492,19.6184,22.0845,24.1655,25.5563,26.2944,26.7002,27.0622,27.3249,27.5909,27.8602,28.1329,28.5237,28.9892,29.9205,32.0443,36.5928,4.03505,1.75401
52.245,-0.5157,0.6975,0.0000,4,85.22,15.52,-16.22,-0.7732,0.1283,6416.68,0.0,72.47,82.85,76.04,76.04,14.0037,20.0488,22.6396,24.8277,26.2903,27.0667,27.4933,27.8745,28.1551,28.4437,28.7404,29.0456,29.4877,30.0154,31.0743,33.5064,38.7997,3.83982,1.76138
52.263,-0.5209,0.8336,0.0000,4,84.84,15.43,-15.24,-0.7693,0.1356,6705.88,0.0,72.33,80.42,79.61,79.61,14.0725,20.291,22.9647,25.2251,26.7379,27.543,27.9969,28.4111,28.7173,29.0323,29.3566,29.6905,30.1748,30.7538,31.9188,34.6112,40.5551,3.80689,1.78169
52.288,-0.5247,0.9085,0.0000,4,84.88,14.77,-14.42,-0.7659,0.1329,6819.7,0.0,72.33,78.67,81.04,81.04,14.0625,20.3536,23.0697,25.3698,26.9108,27.754,28.2337,28.672,28.9961,29.3299,29.6738,30.0282,30.5427,31.1585,32.4004,35.2846,41.7238,3.88841,1.81264
52.307,-0.5273,0.9497,0.0000,4,85.11,14.10,-14.02,-0.7627,0.1232,6946.71,0.0,72.33,77.68,82.50,82.50,13.9952,20.2841,23.0122,25.3271,26.889,27.7602,28.2564,28.7101,29.0458,29.3918,29.7484,30.1161,30.6503,31.2904,32.5834,35.5973,42.3843,4.06165,1.85326
52.325,-0.5287,0.9723,0.0000,4,85.42,13.61,-13.95,-0.7591,0.1097,7108.62,0.0,72.33,77.21,84.38,84.38,13.8955,20.1409,22.8639,25.1797,26.7582,27.6478,28.155,28.6189,28.9625,29.3166,29.6818,30.0585,30.6063,31.2631,32.5915,35.6975,42.7409,4.30822,1.90215
52.343,-0.5293,0.9848,0.0000,4,85.79,13.25,-14.11,-0.7548,0.0938,7297.44,0.0,72.33,77.02,86.57,86.57,13.7724,19.9459,22.6516,24.9583,26.5481,27.449,27.9629,28.4333,28.7817,29.141,29.5118,29.8943,30.4508,31.1186,32.4706,35.6398,42.8685,4.64276,1.96115
52.362,-0.5293,0.9916,0.0000,4,86.16,13.02,-14.43,-0.7496,0.0789,7582.55,0.0,72.33,76.95,89.87,89.87,13.6295,19.7088,22.3875,24.6766,26.2712,27.1772,27.6943,28.1679,28.5188,28.8808,29.2543,29.6399,30.2011,30.8749,32.2403,35.4472,42.7971,5.10925,2.03307
52.387,-0.5288,0.9954,0.0000,4,86.51,12.80,-14.81,-0.7433,0.0624,7957.51,0.0,72.36,76.95,94.35,94.35,13.4701,19.4383,22.0821,24.3472,25.94,26.8461,27.3635,27.8375,28.1888,28.5513,28.9255,29.3119,29.8744,30.55,31.9201,35.1436,42.56,5.78686,2.12035
52.406,-0.5280,0.9975,0.0000,4,86.80,12.31,-14.95,-0.7360,0.0469,8306.98,0.0,73.50,77.17,98.53,98.53,13.3169,19.1853,21.7986,24.044,25.6403,26.5492,27.0686,27.5445,27.8974,28.2616,28.6377,29.0262,29.5919,30.2718,31.6518,34.9048,42.4241,6.74377,2.21749
52.425,-0.5270,0.9986,0.0000,4,87.12,11.98,-14.95,-0.7280,0.0348,8578.1,0.0,74.42,77.80,101.78,101.78,13.1917,19.0,21.5991,23.8422,25.4607,26.3837,26.9115,27.3955,27.7546,28.1254,28.5084,28.9042,29.4811,30.1748,31.5848,34.919,42.682,8.19684,2.31416
52.444,-0.5254,0.9992,0.0000,4,87.72,11.80,-14.78,-0.7194,0.0259,8481.68,0.0,74.98,78.67,100.89,100.89,13.0914,18.8751,21.4752,23.7369,25.3959,26.344,26.8869,27.385,27.7549,28.1371,28.5321,28.9407,29.5365,30.2539,31.7147,35.1837,43.3424,64.4706,2.40871
52.462,-0.5233,0.9996,0.0000,4,88.41,11.77,-14.59,-0.7103,0.0197,8278.5,0.0,75.43,79.59,98.51,98.51,13.0056,18.7859,21.3963,23.6961,25.4088,26.39,26.9527,27.4695,27.8536,28.2508,28.6617,29.087,29.7078,30.4564,31.9841,35.6307,44.3143,66.6793,2.50292
52.487,-0.5207,0.9998,0.0000,4,89.09,11.78,-14.42,-0.7008,0.0157,8064.18,0.0,75.83,80.38,95.95,95.95,12.9224,18.7047,21.328,23.6805,25.4529,26.471,27.0559,27.5938,27.9938,28.4079,28.8366,29.2807,29.9298,30.7136,32.3173,36.1671,45.4631,69.0239,2.60037
52.506,-0.5180,0.9999,0.0000,4,89.74,11.75,-14.31,-0.6909,0.0107,7911.07,0.0,76.18,80.98,94.08,94.08,12.8318,18.6073,21.2397,23.6519,25.4824,26.5369,27.1437,27.7023,28.1183,28.5491,28.9956,29.4585,30.136,30.9552,32.6357,36.6937,46.6343,71.2214,2.70478
52.525,-0.5150,0.9999,0.0000,4,90.36,11.53,-14.17,-0.6807,0.0042,7783.53,0.0,76.61,81.45,92.58,92.58,12.7286,18.4813,21.1169,23.5873,25.4696,26.5569,27.1835,27.761,28.1915,28.6376,29.1004,29.5808,30.2844,31.1365,32.8888,37.1446,47.7178,73.1212,2.81741
52.544,-0.5120,0.9999,0.0000,4,90.94,11.09,-14.02,-0.6702,-0.0039,7697.0,0.0,77.20,81.87,91.49,91.49,12.6136,18.3268,20.9638,23.4828,25.4091,26.5246,27.1684,27.7624,28.2056,28.6652,29.1424,29.6381,30.365,31.2465,33.0634,37.5002,48.6735,74.7043,2.93815
52.562,-0.4571,1.0000,0.0000,4,91.46,10.60,-13.95,-0.6594,-0.0133,7704.9,0.0,77.84,82.27,91.54,91.54,12.4896,18.15,20.7873,23.3464,25.3099,26.4498,27.1086,27.7171,28.1713,28.6429,29.1328,29.6421,30.3897,31.2976,33.1729,37.7762,49.5216,76.0337,3.0673
52.587,-0.3792,1.0000,0.0000,4,91.96,10.11,-13.92,-0.6483,-0.0222,7752.8,0.0,78.65,82.89,92.10,92.10,12.3617,17.9629,20.6025,23.1981,25.1965,26.3593,27.0322,27.6544,28.1193,28.6023,29.1045,29.6268,30.3944,31.3278,33.2602,38.0281,50.356,77.2482,3.20403
52.606,-0.3214,1.0000,0.0000,4,92.46,9.66,-13.92,-0.6369,-0.0303,7807.34,0.0,79.65,83.74,92.75,92.75,12.2327,17.7733,20.4196,23.0519,25.0854,26.2716,26.9591,27.5954,28.0712,28.5659,29.0806,29.6165,30.4049,31.3647,33.3565,38.2977,51.2531,78.44,3.34749
52.624,-0.2926,1.0000,0.0000,4,93.00,9.24,-13.93,-0.6252,-0.0384,7851.09,0.0,80.74,84.65,93.28,93.28,12.1039,17.5844,20.2435,22.9142,24.985,26.1959,26.8989,27.5501,28.0376,28.5448,29.073,29.6234,30.4338,31.4221,33.4778,38.607,52.2587,79.6491,3.49603
52.643,-0.2934,1.0000,0.0000,4,93.60,8.70,-13.80,-0.6132,-0.0464,7801.57,0.0,82.00,85.51,92.74,92.74,11.9764,17.3989,20.0783,22.7909,24.9021,26.1402,26.86,27.5277,28.0279,28.5488,29.0917,29.658,30.4928,31.5124,33.6387,38.977,53.415,80.9057,3.64895
52.662,-0.3093,1.0000,0.0000,4,94.21,8.14,-13.66,-0.6010,-0.0544,7764.88,0.0,82.96,86.23,92.29,92.29,11.8503,17.2162,19.9235,22.681,24.836,26.1033,26.8413,27.5268,28.0408,28.5766,29.1356,29.7191,30.5806,31.6342,33.838,39.4074,54.6448,82.1931,3.80576
52.686,-0.3228,1.0000,0.0000,4,94.80,7.60,-13.57,-0.5886,-0.0626,7768.51,0.0,83.67,86.78,92.31,92.31,11.7229,17.0314,19.7705,22.573,24.7722,26.0694,26.8261,27.5297,28.058,28.6091,29.1846,29.7861,30.6751,31.7643,34.0489,39.8631,55.8495,83.4396,3.96913
52.705,-0.3319,1.0000,0.0000,4,95.37,7.11,-13.52,-0.5759,-0.0698,7801.51,0.0,84.28,87.28,92.69,92.69,11.5945,16.8493,19.6204,22.4683,24.7126,26.0404,26.8164,27.5388,28.0818,28.6489,29.2416,29.8616,30.7793,31.9057,34.2754,40.35,57.0339,84.6515,4.13842
52.725,-0.3381,1.0000,0.0000,4,95.95,6.67,-13.51,-0.5630,-0.0768,7842.82,0.0,84.83,87.78,93.18,93.18,11.4655,16.6719,19.4755,22.3701,24.6613,26.0211,26.8173,27.5596,28.1181,28.7019,29.3128,29.9525,30.9007,32.0666,34.5271,40.8832,58.2159,85.8481,4.31345
52.744,-0.3421,1.0000,0.0000,4,96.55,6.26,-13.50,-0.5499,-0.0838,7866.51,0.0,85.38,88.30,93.52,93.52,11.336,16.4995,19.3365,22.2797,24.6199,26.0133,26.8308,27.594,28.1689,28.7705,29.4007,30.0614,31.042,32.2502,34.8084,41.4706,59.3989,87.0344,4.49502
52.762,-0.3441,1.0000,0.0000,4,97.19,5.68,-13.35,-0.5366,-0.0910,7817.0,0.0,86.10,88.90,92.91,92.91,11.2063,16.3328,19.2042,22.1979,24.5896,26.0185,26.8585,27.6439,28.2362,28.8567,29.5074,30.1904,31.2058,32.4593,35.1227,42.1193,60.5819,88.2095,4.68308
52.787,-0.3446,1.0000,0.0000,4,97.80,5.12,-13.21,-0.5231,-0.0982,7817.39,0.0,86.76,89.53,92.89,92.89,11.0773,16.1741,19.0821,22.1297,24.5766,26.0437,26.908,27.7173,28.3284,28.9694,29.6424,30.3498,31.4029,32.7058,35.4848,42.8529,61.7855,89.4641,4.87666
52.806,-0.3427,1.0000,0.0000,4,98.38,4.63,-13.13,-0.5093,-0.1054,7855.39,0.0,87.37,90.14,93.32,93.32,10.9489,16.0242,18.9713,22.0768,24.5831,26.0914,26.982,27.8173,28.449,29.1122,29.8095,30.5434,31.6379,32.9952,35.9016,43.685,63.0111,90.9013,5.07453
52.824,-0.3399,1.0000,0.0000,4,98.95,4.24,-13.09,-0.4954,-0.1110,7909.95,0.0,87.97,90.75,93.96,93.96,10.8218,15.8869,18.8782,22.0486,24.6216,26.1763,27.0965,27.9611,28.6159,29.3044,30.0292,30.7932,31.9346,33.3537,36.4059,44.6707,64.3066,92.6393,5.27619
52.843,-0.3396,1.0000,0.0000,4,99.54,3.95,-13.09,-0.4812,-0.1162,7966.22,0.0,88.54,91.38,94.63,94.63,10.6962,15.765,18.8072,22.052,24.7014,26.3094,27.2637,28.162,28.8435,29.5611,30.3177,31.1165,32.3124,33.8034,37.026,45.8616,65.6992,94.836,5.48122
52.868,-0.3472,1.0000,0.0000,4,100.17,3.68,-13.02,-0.4667,-0.1212,7963.38,0.0,89.15,92.00,94.66,94.66,10.5719,15.657,18.7564,22.0848,24.8204,26.4887,27.4816,28.4183,29.1301,29.881,30.6738,31.5124,32.7708,34.3446,37.7646,47.2731,67.1641,97.6943,5.69037
52.887,-0.3681,1.0000,0.0000,4,100.80,3.28,-12.84,-0.4519,-0.1260,7955.21,0.0,89.81,92.67,94.53,94.53,10.4488,15.5632,18.7265,22.1482,24.9804,26.7167,27.7533,28.7335,29.4798,30.2684,31.1027,31.9868,33.3169,34.986,38.6351,48.8264,68.6903,101.786,5.90183
52.905,-0.3886,1.0000,0.0000,4,101.39,2.97,-12.70,-0.4371,-0.1305,7997.32,0.0,90.33,93.26,95.00,95.00,10.3282,15.4885,18.7249,22.2536,25.1972,27.012,28.0993,29.13,29.9166,30.7493,31.6321,32.5696,33.984,35.7658,39.6876,50.4865,70.3141,171.254,6.11276
52.924,-0.4039,1.0000,0.0000,4,101.96,2.78,-12.62,-0.4219,-0.1341,8067.36,0.0,90.77,93.80,95.82,95.82,10.2103,15.4359,18.7572,22.4104,25.484,27.3912,28.5383,29.6288,30.463,31.3481,32.2887,33.29,34.8056,36.723,40.9768,52.2756,72.059,167.099,6.32221
52.943,-0.4154,1.0000,0.0000,4,102.53,2.73,-12.59,-0.4066,-0.1362,8145.77,0.0,91.18,94.35,96.75,96.75,10.0956,15.4103,18.8321,22.6329,25.8617,27.8797,29.099,30.2618,31.1539,32.1028,33.1138,34.1933,35.8332,37.9186,42.5877,54.2296,73.9616,162.39,6.52775
52.967,-0.4241,1.0000,0.0000,4,103.10,2.79,-12.59,-0.3910,-0.1377,8221.33,0.0,91.58,94.90,97.66,97.66,9.98349,15.4126,18.9522,22.9272,26.3411,28.4924,29.7988,31.0495,32.0122,33.039,34.1366,35.3124,37.1064,39.4014,44.5941,56.3404,76.0146,156.953,6.71385
52.987,-0.4294,1.0000,0.0000,4,103.75,2.77,-12.45,-0.3751,-0.1390,8201.68,0.0,92.06,95.44,97.46,97.46,9.87453,15.4348,19.1055,23.2773,26.903,29.2087,30.6168,31.9706,33.0163,34.1355,35.336,36.6269,38.6064,41.1559,46.7803,58.5059,78.1166,43.8633,6.87745
53.005,-0.4032,1.0000,0.0000,4,104.33,2.69,-12.27,-0.3592,-0.1399,8235.35,0.0,92.58,96.07,97.83,97.83,9.77631,15.4837,19.3036,23.702,27.5758,30.0643,31.594,33.0715,34.2177,35.449,36.7752,38.2075,40.4163,43.2836,49.0605,60.7609,80.3011,38.9526,7.01655
53.024,-0.3262,1.0000,0.0000,4,104.89,2.72,-12.15,-0.3431,-0.1405,8311.77,0.0,93.16,96.75,98.72,98.72,9.68971,15.563,19.5538,24.2161,28.3837,31.092,32.769,34.3979,35.6675,37.0374,38.5198,40.129,42.6275,45.6729,51.4442,63.1152,82.6233,35.1359,7.13197
53.043,-0.2936,1.0000,0.0000,4,105.45,2.90,-12.09,-0.3268,-0.1399,8407.03,0.0,93.91,97.59,99.85,99.85,9.61462,15.6742,19.8609,24.8312,29.3487,32.3233,34.1807,35.9963,37.4195,38.963,40.6425,42.4717,45.1136,48.1587,53.9223,65.5605,85.4842,32.0532,7.22602
53.068,-0.2642,1.0000,0.0000,4,106.04,3.19,-12.07,-0.3104,-0.1387,8504.88,0.0,94.59,98.31,101.01,101.01,9.55019,15.8166,20.2258,25.554,30.4883,33.7861,35.8654,37.9131,39.5287,41.2914,43.1515,45.0254,47.6685,50.7118,56.4658,68.0684,89.2616,29.523,7.30218
53.086,-0.2378,1.0000,0.0000,4,106.68,3.51,-12.04,-0.2936,-0.1375,8546.45,0.0,95.23,98.95,101.59,101.59,9.49462,15.9843,20.641,26.3779,31.8017,35.4879,37.8379,40.1719,41.9957,43.8449,45.708,47.5831,50.2253,53.2655,59.0076,70.5714,94.7969,27.4502,7.36513
53.105,-0.2140,1.0000,0.0000,4,107.31,3.44,-11.61,-0.2768,-0.1359,8544.63,0.0,96.18,99.86,101.52,101.52,9.45284,16.1964,21.1417,27.368,33.3958,37.5737,40.2723,42.8189,44.6573,46.5098,48.3744,50.2497,52.8905,55.9262,61.6547,73.1764,162.853,25.6334,7.40889
53.124,-0.1926,1.0000,0.0000,4,107.90,3.55,-11.12,-0.2602,-0.1319,8607.26,0.0,96.61,100.86,102.23,102.23,9.44154,16.5245,21.8619,28.7708,35.6703,40.5594,43.4453,46.0048,47.8497,49.7066,51.574,53.4504,56.0903,59.1224,64.8373,76.3136,156.308,23.7658,7.41219
53.142,-0.1733,1.0000,0.0000,4,108.48,4.00,-10.80,-0.2438,-0.1248,8706.79,0.0,97.07,101.48,103.40,103.40,9.45061,16.9315,22.7467,30.5228,38.5843,43.9016,46.8051,49.375,51.2247,53.0845,54.9532,56.8296,59.4673,62.4941,68.1928,79.7101,148.427,22.0994,7.39512
53.167,-0.1560,1.0000,0.0000,4,109.06,4.58,-10.64,-0.2281,-0.1062,8824.22,0.0,97.60,101.93,104.79,104.79,9.47044,17.3814,23.7391,32.5516,41.8066,47.1668,50.0816,52.6572,54.509,56.3694,58.2373,60.1117,62.7447,65.7639,71.4431,83.8708,138.701,20.719,7.37267
53.186,-0.1404,1.0000,0.0000,4,109.65,5.24,-10.63,-0.2136,-0.0885,8954.67,0.0,98.16,102.29,106.33,106.33,9.49586,17.8538,24.8067,34.8232,44.8442,50.2278,53.1481,55.7251,57.5762,59.4349,61.2999,63.1704,65.7967,68.8064,74.4632,89.5044,39.233,19.5993,7.35108
53.205,-0.1264,1.0000,0.0000,4,110.60,5.27,-10.29,-0.2004,-0.0744,8656.67,0.0,98.94,102.54,103.01,103.01,9.50527,18.2364,25.7195,36.8789,47.1523,52.5355,55.4515,58.0231,59.8695,61.7227,63.5817,65.4457,68.062,71.0593,76.7039,98.4692,35.6327,18.8593,7.35188
53.224,-0.1137,1.0000,0.0000,4,111.39,4.43,-9.96,-0.1886,-0.0679,8593.82,0.0,100.02,102.55,102.10,102.10,9.46547,18.3362,26.0505,37.7256,47.9245,53.2697,56.1661,58.7209,60.5556,62.3974,64.2453,66.0984,68.6999,71.6808,77.3854,158.5,34.5016,18.6741,7.40415
53.243,-0.1024,1.0000,0.0000,4,112.05,3.44,-9.91,-0.1781,-0.0661,8703.83,0.0,101.14,102.59,103.34,103.34,9.39614,18.2495,25.9792,37.6947,47.7438,53.0272,55.8941,58.4249,60.2435,62.07,63.9033,65.7425,68.3256,71.2872,76.9823,157.528,34.5268,18.7948,7.48504
53.268,-0.0921,1.0000,0.0000,4,112.68,2.69,-10.08,-0.1685,-0.0650,8875.36,0.0,102.22,103.00,105.36,105.36,9.3288,18.1499,25.8716,37.5668,47.4566,52.6743,55.5099,58.0153,59.8168,61.627,63.4447,65.2693,67.8332,70.7744,76.4454,156.735,34.6568,18.9351,7.56274
53.286,-0.0829,1.0000,0.0000,4,113.30,2.21,-10.33,-0.1596,-0.0626,9064.45,0.0,103.08,103.71,107.61,107.61,9.27681,18.1131,25.8904,37.661,47.413,52.5715,55.3782,57.8599,59.6453,61.4401,63.2433,65.0537,67.5989,70.5202,76.2058,155.547,34.4718,18.9749,7.6234
53.305,-0.0746,1.0000,0.0000,4,113.96,1.99,-10.59,-0.1512,-0.0587,9242.59,0.0,103.71,104.55,109.74,109.74,9.24208,18.1533,26.0688,38.0226,47.666,52.7748,55.5566,58.0176,59.7887,61.5698,63.3597,65.1573,67.6852,70.5877,76.3603,153.847,33.9203,18.8959,7.66507
53.324,-0.0672,1.0000,0.0000,4,114.66,1.96,-10.83,-0.1435,-0.0536,9387.59,0.0,104.27,105.39,111.48,111.48,9.22194,18.2597,26.3884,38.5919,48.1516,53.2193,55.9801,58.4232,60.1819,61.9507,63.7286,65.5146,68.0268,70.9121,76.8823,151.702,33.1059,18.7243,7.69091
53.342,-0.0567,1.0000,0.0000,4,115.41,2.04,-10.99,-0.1362,-0.0475,9488.82,0.0,104.91,106.23,112.71,112.71,9.21333,18.4179,26.8219,39.2944,48.7885,53.8215,56.564,58.9912,60.7387,62.4967,64.2639,66.0393,68.5368,71.4059,77.727,149.21,32.1535,18.4929,7.70465
53.367,-0.0675,1.0000,0.0000,5,116.19,2.19,-11.00,-0.1295,-0.0405,9536.05,0.0,105.57,107.17,113.30,113.30,9.21768,18.6366,27.3932,40.1449,49.5916,54.5969,57.324,59.7377,61.4757,63.2239,64.9816,66.7474,69.2318,72.1205,79.0165,146.296,31.0734,18.2011,7.7055
53.386,-0.0772,1.0000,0.0000,5,116.82,2.26,-11.02,-0.1234,-0.0331,8564.14,0.0,106.18,107.88,104.52,105.42,9.23127,18.8953,28.0606,41.0498,50.4575,55.4381,58.1514,60.5528,62.2819,64.0213,65.77,67.5269,69.9988,73.0247,80.7244,143.103,29.9884,17.8865,7.69779
53.405,-0.0694,1.0000,0.0000,5,116.87,2.04,-11.05,-0.1181,-0.0266,8573.52,0.0,106.53,108.05,102.40,103.88,9.24457,19.1331,28.6837,41.7892,51.1446,56.0959,58.7935,61.1811,62.9004,64.6301,66.3691,68.1164,70.5974,73.8327,82.4861,140.121,29.1066,17.6217,7.69061
53.424,-0.0625,1.0000,0.0000,5,116.82,1.81,-11.10,-0.1137,-0.0208,7799.71,0.0,106.61,107.97,102.51,103.82,9.25977,19.3599,29.2809,42.4066,51.7009,56.6202,59.3007,61.6735,63.3823,65.1018,66.8305,68.5678,71.1264,74.5841,84.4601,137.286,28.3581,17.3876,7.68163
53.443,-0.0562,1.0000,0.0000,5,117.13,1.54,-11.03,-0.1102,-0.0158,8070.63,0.0,106.79,107.95,106.70,106.70,9.27488,19.5646,29.8241,42.8796,52.1017,56.985,59.6467,62.0037,63.7012,65.4094,67.1274,68.8603,71.5383,75.2167,86.7387,134.687,27.7446,17.1896,7.67248
53.468,-0.0506,1.0000,0.0000,5,117.71,1.26,-10.91,-0.1074,-0.0118,8117.51,0.0,107.35,108.30,107.35,107.35,9.2878,19.7347,30.2505,43.1809,52.3172,57.1594,59.8001,62.1392,63.8244,65.5205,67.2266,68.9833,71.7674,75.6443,89.7154,132.447,27.2727,17.0341,7.66482
53.487,-0.0456,1.0000,0.0000,5,118.29,1.03,-10.84,-0.1052,-0.0083,8164.91,0.0,107.95,108.75,107.97,107.97,9.30082,19.8872,30.5907,43.3776,52.4206,57.2189,59.8372,62.1574,63.8296,65.5131,67.2074,69.0073,71.8877,75.9521,149.986,130.418,26.8781,16.9004,7.65662
53.504,-0.0410,1.0000,0.0000,5,118.86,0.86,-10.85,-0.1036,-0.0052,8229.25,0.0,108.51,109.24,108.81,108.81,9.31575,20.0338,30.877,43.5116,52.4579,57.2108,59.8062,62.1069,63.7656,65.4361,67.131,68.9772,71.9498,76.2026,148.503,128.502,26.5235,16.7757,7.64628
53.524,-0.0369,1.0000,0.0000,5,119.43,0.76,-10.94,-0.1024,-0.0023,8296.69,0.0,109.06,109.73,109.70,109.70,9.33264,20.18,31.1258,43.6057,52.454,57.1611,59.7332,62.0144,63.6595,65.3168,67.028,68.9195,71.9852,76.4389,147.065,126.633,26.1908,16.6548,7.634
53.543,-0.0332,1.0000,0.0000,5,120.02,0.69,-11.07,-0.1016,0.0004,8357.92,0.0,109.61,110.24,110.52,110.52,9.35166,20.3271,31.3429,43.6664,52.4162,57.0771,59.6259,61.8873,63.519,65.163,66.9045,68.8414,72.0022,76.6718,145.662,124.797,25.8744,16.5361,7.61963
53.567,-0.0299,1.0000,0.0000,5,120.62,0.65,-11.22,-0.1012,0.0030,8410.33,0.0,110.17,110.77,111.22,111.22,9.37225,20.4735,31.5264,43.6916,52.3423,56.9567,59.4818,61.7233,63.3411,64.9803,66.7555,68.7374,71.9943,76.8938,144.299,123.033,25.576,16.4208,7.60371
53.586,-0.0269,1.0000,0.0000,5,121.23,0.60,-11.32,-0.1011,0.0055,8455.6,0.0,110.78,111.33,111.82,111.82,9.39433,20.6191,31.6785,43.684,52.2347,56.8021,59.3034,61.525,63.1288,64.774,66.5818,68.6081,71.9618,77.1106,142.976,121.383,25.2975,16.3084,7.58634
53.605,-0.0242,1.0000,0.0000,5,121.86,0.56,-11.39,-0.1013,0.0078,8493.39,0.0,111.37,111.91,112.32,112.32,9.4187,20.7686,31.8095,43.6563,52.1075,56.6281,59.1056,61.3069,62.897,64.5588,66.3994,68.4713,71.9271,77.3595,141.667,119.8,25.0313,16.1951,7.56688
53.624,-0.0218,1.0000,0.0000,5,122.48,0.53,-11.45,-0.1018,0.0100,8530.18,0.0,111.96,112.46,112.81,112.81,9.44437,20.9163,31.91,43.596,51.9464,56.4196,58.8731,61.0542,62.6317,64.3166,66.1885,68.3042,71.8622,77.602,140.4,118.325,24.7882,16.0851,7.54611
53.643,-0.0196,1.0000,0.0000,5,123.11,0.49,-11.51,-0.1026,0.0121,8568.42,0.0,112.55,113.01,113.31,113.31,9.47049,21.0585,31.975,43.4968,51.7449,56.1699,58.5988,60.7592,62.3312,64.0372,65.9377,68.0936,71.7493,77.8145,139.191,116.973,24.5746,15.9806,7.52477
53.668,-0.0176,1.0000,0.0000,5,123.74,0.44,-11.57,-0.1036,0.0139,8598.32,0.0,113.14,113.56,113.75,113.75,9.49725,21.1953,32.0068,43.3608,51.5046,55.8804,58.2844,60.4237,61.9959,63.7197,65.6455,67.8379,71.5848,77.9924,138.039,115.737,24.3903,15.8811,7.50264
53.687,-0.0159,1.0000,0.0000,5,124.40,0.38,-11.55,-0.1049,0.0154,8606.47,0.0,113.77,114.12,113.82,113.82,9.52369,21.3216,31.9987,43.1794,51.2158,55.5411,57.9194,60.037,61.6122,63.3495,65.2949,67.5166,71.3406,78.0778,136.966,114.641,24.2445,15.7896,7.48046
53.705,-0.0143,1.0000,0.0000,5,125.03,0.31,-11.55,-0.1064,0.0168,8646.14,0.0,114.39,114.68,114.34,114.34,9.5498,21.4362,31.9528,42.9548,50.8807,55.154,57.5059,59.6013,61.1801,62.9257,64.8846,67.1276,71.0117,78.0469,135.971,113.678,24.1389,15.7057,7.45819
53.724,-0.0129,1.0000,0.0000,5,125.65,0.25,-11.56,-0.1082,0.0179,8698.86,0.0,114.98,115.23,115.03,115.03,9.57611,21.5318,31.8788,42.6993,50.5131,54.7334,57.0584,59.1319,60.7136,62.4644,64.4323,66.691,70.6219,77.9354,135.028,112.803,24.0667,15.6261,7.43547
53.743,-0.0116,1.0000,0.0000,5,126.27,0.21,-11.61,-0.1101,0.0189,8760.34,0.0,115.56,115.78,115.84,115.84,9.60326,21.6092,31.7855,42.4248,50.1257,54.2927,56.5904,58.6444,60.2274,61.9814,63.9555,66.2267,70.1982,77.7921,134.114,111.977,24.0211,15.5477,7.41185
53.768,-0.0104,1.0000,0.0000,5,126.89,0.17,-11.68,-0.1122,0.0199,8819.07,0.0,116.13,116.35,116.62,116.62,9.63138,21.6716,31.6781,42.1375,49.726,53.8395,56.1099,58.1463,59.7297,61.4858,63.4654,65.7476,69.7564,77.6532,133.214,111.175,23.9993,15.4689,7.38727
53.786,-0.0094,1.0000,0.0000,5,127.52,0.15,-11.76,-0.1145,0.0209,8872.03,0.0,116.72,116.92,117.32,117.32,9.66024,21.7181,31.5551,41.8356,49.3115,53.3714,55.6143,57.6346,59.2173,60.9745,62.9574,65.2482,69.29,77.5049,132.331,110.404,24.0063,15.3906,7.36197
53.805,-0.0084,1.0000,0.0000,5,128.16,0.13,-11.86,-0.1169,0.0217,8921.22,0.0,117.30,117.48,117.97,117.97,9.68966,21.7484,31.4156,41.5175,48.8805,52.8864,55.1016,57.107,58.6875,60.4437,62.4278,64.7241,68.792,77.3255,131.47,109.67,24.0473,15.3134,7.33603
53.824,-0.0345,1.0000,0.0000,5,128.81,0.11,-11.97,-0.1194,0.0225,8967.49,0.0,117.88,118.05,118.59,118.59,9.7193,21.7622,31.2588,41.1823,48.4319,52.3833,54.5706,56.5617,58.1382,59.8917,61.8743,64.1726,68.2577,77.0973,130.635,108.976,24.1289,15.2379,7.30975
53.843,-0.0999,1.0000,0.0000,5,129.46,0.04,-12.09,-0.1221,0.0237,9013.25,0.0,118.42,118.67,119.19,119.19,9.75524,21.7931,31.1393,40.9014,48.0468,51.9474,54.1086,56.094,57.675,59.4364,61.4321,63.7528,67.9108,77.9069,129.648,108.068,24.1705,15.1408,7.27886
53.868,-0.1601,1.0000,0.0000,5,130.10,-0.05,-12.20,-0.1251,0.0267,9059.23,0.0,118.78,119.36,119.80,119.80,9.81183,21.9161,31.1763,40.8325,47.9043,51.7679,53.9096,55.926,57.5444,59.3562,61.4224,63.8498,68.3209,135.864,128.109,106.396,23.967,14.9699,7.23357
53.887,-0.1803,1.0000,0.0000,5,130.73,0.01,-12.33,-0.1286,0.0323,9123.96,0.0,119.00,120.11,120.62,120.62,9.9012,22.1869,31.4569,41.0892,48.1338,51.9813,54.1345,56.2541,57.971,59.913,62.1649,64.8834,70.3416,133.653,125.683,103.627,23.3739,14.6902,7.16649
53.904,-0.1431,1.0000,0.0000,5,131.33,0.32,-12.50,-0.1328,0.0404,9202.93,0.0,119.24,120.91,121.69,121.69,10.025,22.6016,31.97,41.6539,48.7142,52.5649,54.8363,57.1453,59.047,61.246,63.8864,67.303,134.594,130.678,122.319,99.9718,22.4624,14.3165,7.07849
53.924,-0.1288,1.0000,0.0000,5,131.96,0.82,-12.65,-0.1377,0.0498,9262.89,0.0,119.69,121.75,122.49,122.49,10.173,23.0958,32.6085,42.3823,49.4796,53.4116,55.9109,58.5094,60.7123,63.3656,66.8204,72.7205,131.306,127.201,118.273,96.0408,21.4549,13.9028,6.97802
53.943,-0.1159,1.0000,0.0000,5,132.59,1.32,-12.79,-0.1433,0.0596,9320.47,0.0,120.22,122.44,123.25,123.25,10.3351,23.6087,33.2734,43.1424,50.2798,54.4509,57.2556,60.2731,62.9626,66.5058,73.0506,131.311,127.817,123.48,113.778,92.2731,20.4989,13.4907,6.87225
53.967,-0.1043,1.0000,0.0000,5,133.23,1.78,-12.91,-0.1497,0.0692,9375.66,0.0,120.81,123.03,123.98,123.98,10.5074,24.1154,33.9244,43.8816,51.0701,55.658,58.8751,62.5377,66.1667,73.7923,130.365,127.9,124.225,119.608,108.856,88.7934,19.6272,13.0934,6.76342
53.986,-0.0939,1.0000,0.0000,5,133.87,2.16,-13.03,-0.1569,0.0785,9428.69,0.0,121.43,123.59,124.68,124.68,10.6875,24.5998,34.5366,44.5679,51.9096,57.0318,60.8349,65.676,131.857,129.512,127.057,124.473,120.588,115.629,104.197,85.6382,18.8454,12.7168,6.65262
54.004,-0.0845,1.0000,0.0000,5,134.52,2.46,-13.14,-0.1650,0.0872,9477.48,0.0,122.08,124.13,125.33,125.33,10.8738,25.0521,35.0956,45.1834,52.8014,58.6045,63.3356,131.115,128.785,126.346,123.78,121.064,116.938,111.554,100.072,82.7188,18.1476,12.3625,6.54029
54.024,-0.0761,1.0000,0.0000,5,135.18,2.71,-13.35,-0.1740,0.0950,9523.58,0.0,122.67,124.56,125.94,125.94,11.0609,25.446,35.5613,45.6781,53.6807,60.3498,66.8953,128.283,125.871,123.337,120.658,117.802,113.407,107.505,96.5437,79.9004,17.5478,12.0389,6.4282
54.043,-0.0685,1.0000,0.0000,5,135.85,2.83,-13.61,-0.1837,0.1015,9568.76,0.0,123.33,124.98,126.54,126.54,11.2356,25.7444,35.8787,45.983,54.4203,62.1511,129.057,125.769,123.285,120.666,117.882,114.893,110.231,104.036,93.7041,77.4027,17.0695,11.7581,6.31903
54.068,-0.0616,1.0000,0.0000,5,136.51,2.80,-13.85,-0.1942,0.1069,9611.61,0.0,124.08,125.46,127.11,127.11,11.3945,25.9664,36.0791,46.1396,55.0476,64.2144,126.872,123.511,120.964,118.268,115.39,112.275,107.344,101.187,91.3509,75.2017,16.6764,11.5084,6.21069
54.086,-0.0555,1.0000,0.0000,5,137.18,2.69,-14.06,-0.2054,0.1116,9655.84,0.0,124.85,126.03,127.66,127.66,11.5434,26.1419,36.2096,46.2124,55.6445,67.6053,124.823,121.395,118.788,116.02,113.047,109.806,104.608,98.6933,89.2762,73.1741,16.3299,11.2762,6.10064
54.105,-0.0499,1.0000,0.0000,5,137.67,2.71,-14.47,-0.2174,0.1165,9869.67,0.0,125.47,126.64,130.45,130.45,11.6932,26.3258,36.3553,46.3402,56.4472,126.416,122.684,119.179,116.503,113.648,110.562,107.162,101.832,96.1936,87.1889,71.008,15.9724,11.0396,5.9851
54.124,-0.0449,1.0000,0.0000,5,138.31,2.85,-14.76,-0.2300,0.1224,9942.41,0.0,125.96,127.28,131.50,131.50,11.8523,26.5594,36.5796,46.6273,57.7612,124.091,120.266,116.656,113.886,110.909,107.658,104.016,98.8,93.4607,84.903,68.3837,15.5654,10.7839,5.86172
54.143,-0.0404,1.0000,0.0000,5,139.01,3.00,-14.96,-0.2434,0.1285,9939.64,0.0,126.55,127.95,131.49,131.49,12.0134,26.8049,36.8234,47.0097,59.6852,121.65,117.717,113.983,111.096,107.965,104.496,100.708,95.7879,90.7384,82.6166,30.1597,15.1494,10.5244,5.73303
54.168,-0.0364,1.0000,0.0000,5,139.74,3.07,-15.09,-0.2574,0.1343,9911.39,0.0,127.23,128.59,131.12,131.12,12.1686,27.0262,37.0322,47.4174,62.7055,119.237,115.19,111.321,108.304,104.993,101.289,97.6578,93.0021,88.2121,80.4826,27.4914,14.7576,10.274,5.60137
54.186,-0.0327,1.0000,0.0000,5,140.47,3.01,-15.19,-0.2723,0.1394,9883.45,0.0,127.97,129.19,130.75,130.75,12.312,27.1949,37.1627,47.777,123.945,116.98,112.825,108.823,105.672,102.169,98.4585,95.0055,90.5704,85.9978,78.5996,26.176,14.4124,10.0419,5.47149
54.205,-0.0295,1.0000,0.0000,5,141.19,2.81,-15.25,-0.2880,0.1436,9874.55,0.0,128.74,129.76,130.61,130.61,12.4402,27.2976,37.1954,48.0396,122.033,114.951,110.701,106.581,103.306,99.6547,96.091,92.7801,88.5213,84.1237,76.993,25.4681,14.1213,9.83128,5.34563
54.224,-0.0265,1.0000,0.0000,5,141.89,2.56,-15.42,-0.3045,0.1466,9889.18,0.0,129.41,130.19,130.79,130.79,12.5497,27.321,37.111,48.1454,120.39,113.227,108.91,104.701,101.33,97.6659,94.2189,91.0131,86.8859,82.6191,75.689,25.3131,13.8943,9.6465,5.22473
54.243,-0.0239,1.0000,0.0000,5,142.58,2.22,-15.67,-0.3217,0.1482,9924.01,0.0,130.04,130.62,131.24,131.24,12.635,27.2466,36.8832,48.0093,119.102,111.91,107.567,103.322,99.9073,96.2839,92.9083,89.7682,85.723,81.5386,74.7342,26.0035,13.7496,9.49515,5.11078
54.268,-0.0215,1.0000,0.0000,5,143.25,1.83,-15.92,-0.3392,0.1434,9974.34,0.0,130.79,131.17,131.90,131.90,12.7047,27.1177,36.5779,47.7389,118.006,110.815,106.47,102.219,98.7949,95.2147,91.8881,88.7928,84.8044,80.6773,73.9641,28.5927,13.655,9.36403,5.00187
54.286,-0.0193,1.0000,0.0000,5,143.90,1.47,-16.15,-0.3562,0.1371,10047.7,0.0,131.57,131.82,132.80,132.80,12.7678,26.9763,36.2584,47.4592,116.936,109.75,105.407,101.155,97.7259,94.1914,90.9098,87.8557,83.9197,79.846,73.2183,55.3429,13.5768,9.2398,4.89589
54.305,-0.0174,1.0000,0.0000,5,144.34,1.29,-16.63,-0.3729,0.1312,10318.5,0.0,132.13,132.44,136.39,136.39,12.8329,26.8601,35.9818,47.3029,115.732,108.531,104.173,99.8974,96.4436,92.9727,89.7496,86.7488,82.88,78.8742,72.3518,54.9503,13.4803,9.10946,4.79082
54.324,-0.0157,1.0000,0.0000,5,145.00,1.25,-16.92,-0.3889,0.1262,10379.0,0.0,132.60,133.06,137.30,137.30,12.9034,26.7861,35.774,47.3531,114.307,107.057,102.655,98.3165,94.8278,91.4447,88.3007,85.3723,81.5944,77.6799,71.292,54.1191,13.3481,8.96774,4.68653
54.343,-0.0141,1.0000,0.0000,5,145.76,1.23,-17.09,-0.4043,0.1213,10334.4,0.0,133.23,133.76,136.74,136.74,12.9717,26.7192,35.582,47.5097,112.803,105.491,101.032,96.6119,93.1235,89.8332,86.7735,83.922,80.2405,76.4231,70.1709,53.1706,13.2129,8.82707,4.58502
54.367,-0.0127,1.0000,0.0000,5,146.54,1.19,-17.23,-0.4192,0.1162,10267.9,0.0,133.92,134.41,135.86,135.86,13.0312,26.6317,35.3686,47.6759,111.341,103.973,99.4618,94.9626,91.5179,88.3126,85.3303,82.549,78.9561,75.228,69.098,52.3426,13.1035,8.698,4.48807
54.387,-0.0114,1.0000,0.0000,5,147.29,1.07,-17.30,-0.4336,0.1106,10229.4,0.0,134.68,135.07,135.32,135.32,13.0784,26.5092,35.1214,47.7848,109.992,102.586,98.0375,93.48,90.1034,86.9685,84.0506,81.3281,77.8098,74.1569,68.1333,51.7456,13.0378,8.5867,4.39674
54.406,-0.0103,1.0000,0.0000,5,148.00,0.90,-17.30,-0.4473,0.1045,10232.5,0.0,135.42,135.70,135.34,135.34,13.1137,26.3544,34.8425,47.8311,108.753,101.327,96.7571,92.1727,88.8596,85.7825,82.9178,80.2441,76.7876,73.1974,67.2695,51.3415,13.0179,8.49316,4.31105
54.424,-0.0092,1.0000,0.0000,5,148.66,0.72,-17.30,-0.4605,0.0980,10281.7,0.0,136.11,136.31,135.95,135.95,13.139,26.1763,34.5443,47.8466,107.584,100.153,95.5719,90.9834,87.7248,84.6979,81.8787,79.2472,75.8439,72.3087,66.4701,51.0404,13.0394,8.41541,4.23086
54.443,-0.0083,1.0000,0.0000,5,149.31,0.58,-17.34,-0.4729,0.0914,10339.6,0.0,136.73,136.90,136.74,136.74,13.1566,25.986,34.244,47.8919,106.435,99.0019,94.4143,89.8327,86.6255,83.6453,80.8691,78.2774,74.9252,71.4417,65.6903,50.7489,13.0957,8.35064,4.15602
54.468,-0.0075,1.0000,0.0000,5,149.98,0.47,-17.36,-0.4847,0.0847,10382.7,0.0,137.34,137.51,137.31,137.31,13.1672,25.7867,33.9472,47.9966,105.29,97.8556,93.2625,88.6945,85.5369,82.6027,79.8688,77.3159,74.0133,70.5806,64.9153,50.4429,13.1876,8.29889,4.08674
54.486,-0.0067,1.0000,0.0000,5,150.64,0.38,-17.38,-0.4956,0.0779,10423.8,0.0,137.96,138.10,137.85,137.85,13.1703,25.5776,33.6529,48.17,104.151,96.7193,92.1222,87.5745,84.4653,81.5754,78.8824,76.3672,73.1128,69.7296,64.1488,50.1297,13.3232,8.26184,4.0235
54.504,-0.0061,1.0000,0.0000,5,151.31,0.30,-17.41,-0.5057,0.0710,10464.9,0.0,138.57,138.70,138.40,138.40,13.1659,25.3588,33.3612,48.4466,103.019,95.591,90.9917,86.4707,83.4082,80.5612,77.9078,75.4292,72.2218,68.8867,63.389,49.8088,13.51,8.24109,3.96672
54.523,-0.0055,1.0000,0.0000,6,151.97,0.24,-17.44,-0.5149,0.0641,10505.4,0.0,139.19,139.31,138.93,138.93,13.1539,25.1308,33.0737,48.8849,101.89,94.4676,89.8677,85.378,82.3612,79.5561,76.9415,74.4989,71.3375,68.0495,62.6339,49.4771,13.7577,8.23782,3.91674
54.543,-0.0049,1.0000,0.0000,6,152.28,0.18,-17.45,-0.5232,0.0570,9628.89,0.0,139.72,139.82,134.46,134.53,13.1341,24.8923,32.7876,49.5895,100.774,93.3604,88.7624,84.3086,81.3354,78.5708,75.9936,73.5854,70.468,67.2257,61.8896,49.1456,14.082,8.25442,3.87397
54.568,-0.0044,1.0000,0.0000,6,152.20,0.13,-17.46,-0.5306,0.0499,9633.63,0.0,139.79,139.88,134.16,134.26,13.1064,24.6448,32.505,51.0652,99.6714,92.269,87.6756,83.261,80.3301,77.6041,75.0627,72.6879,69.6132,66.4149,61.1561,48.8096,14.5006,8.29258,3.83899
54.586,-0.0040,1.0000,0.0000,6,152.11,0.09,-17.42,-0.5370,0.0428,9299.95,0.0,139.72,139.81,134.17,134.23,13.0716,24.3906,32.2303,110.85,98.5717,91.1817,86.5932,82.2211,79.3317,76.6439,74.1379,71.7958,68.7635,65.6087,60.4258,48.4593,15.035,8.35293,3.81183
54.606,-0.0036,1.0000,0.0000,6,152.42,0.06,-17.34,-0.5425,0.0356,9598.88,0.0,139.79,139.87,138.45,138.45,13.0294,24.1293,31.9631,109.733,97.4754,90.0987,85.5161,81.1892,78.3405,75.6905,73.2194,70.9096,67.9188,64.8068,59.6981,48.0967,15.7279,8.43779,3.79287
54.623,-0.0032,1.0000,0.0000,6,153.00,0.04,-17.27,-0.5470,0.0284,9651.5,0.0,140.24,140.33,139.24,139.24,12.9804,23.8618,31.7066,108.609,96.3714,89.0078,84.4307,80.1524,77.3447,74.7324,72.2962,70.019,67.07,64.0012,58.9659,47.7139,16.6483,8.54827,3.78198
54.643,-0.0029,1.0000,0.0000,6,153.59,0.03,-17.21,-0.5504,0.0212,9684.12,0.0,140.77,140.85,139.72,139.72,12.924,23.5862,31.4576,107.484,95.2684,87.9192,83.3485,79.1216,76.3541,73.7792,71.3774,69.1322,66.2245,63.198,58.235,47.3214,17.96,8.68857,3.77975
54.668,-0.0026,1.0000,0.0000,6,154.19,0.01,-17.17,-0.5529,0.0138,9715.81,0.0,141.31,141.38,140.18,140.18,12.86,23.307,31.2149,106.36,94.1692,86.8362,82.274,78.1004,75.3723,72.8339,70.4659,68.2521,65.3847,62.4002,57.5072,46.9227,20.1757,8.86264,3.78674
54.686,-0.0024,1.0000,0.0000,6,154.78,0.00,-17.13,-0.5544,0.0065,9744.82,0.0,141.85,141.91,140.59,140.59,12.7887,23.0321,30.9817,105.234,93.0692,85.7538,81.2006,77.0826,74.3937,71.8913,69.5569,67.3742,64.5469,61.6037,56.7792,46.5136,22.3931,9.07341,3.80302
54.705,-0.0021,1.0000,0.0000,6,155.37,-0.01,-17.11,-0.5548,-0.0010,9779.97,0.0,142.38,142.44,141.10,141.10,12.7098,22.7603,30.7567,104.111,91.9743,84.6784,80.1366,76.0759,73.4248,70.9576,68.6559,66.5038,63.7156,60.813,56.0549,46.099,23.8574,9.3266,3.82921
54.724,-0.0019,1.0000,0.0000,6,155.95,-0.02,-17.12,-0.5541,-0.0085,9819.48,0.0,142.92,142.96,141.66,141.66,12.6235,22.4924,30.5414,102.99,90.8829,83.6086,79.0804,75.0769,72.4635,70.0308,67.7612,65.6389,62.8893,60.0267,55.3337,45.6767,24.9344,9.62733,3.86557
54.743,-0.0017,1.0000,0.0000,6,156.53,-0.03,-17.09,-0.5524,-0.0160,9860.56,0.0,143.47,143.51,142.26,142.26,12.5299,22.2294,30.339,101.865,89.7889,82.537,78.0253,74.0791,71.5026,69.1044,66.8668,64.7742,62.063,59.2401,54.6119,45.2425,25.7578,9.98199,3.91249
54.767,-0.0015,1.0000,0.0000,6,157.10,-0.04,-17.08,-0.5495,-0.0236,9899.78,0.0,144.00,144.04,142.83,142.83,12.4292,21.972,30.1516,100.734,88.6901,81.461,76.9683,73.0794,70.54,68.176,65.9703,63.9075,61.2348,58.4517,53.8883,44.7958,26.4031,10.3988,3.97051
54.787,-0.0014,1.0000,0.0000,6,157.68,-0.04,-17.08,-0.5456,-0.0311,9937.13,0.0,144.53,144.57,143.37,143.37,12.3214,21.7209,29.9815,99.5975,87.5863,80.3804,75.9095,72.0775,69.575,67.2454,65.0716,63.0386,60.4045,57.6611,53.1625,44.3369,26.9096,10.8883,4.03986
54.805,-0.0012,1.0000,0.0000,6,158.28,-0.05,-17.04,-0.5405,-0.0388,9957.31,0.0,145.07,145.10,143.67,143.67,12.2062,21.4751,29.8277,98.461,86.4842,79.3034,74.857,71.0812,68.6152,66.3195,64.1773,62.1737,59.5773,56.8734,52.4389,43.8713,27.3126,11.4664,4.12124
54.824,-0.0011,1.0000,0.0000,6,158.86,-0.05,-16.99,-0.5343,-0.0465,9987.77,0.0,145.61,145.64,144.10,144.10,12.0837,21.235,29.6924,97.3244,85.3839,78.2296,73.8112,70.0907,67.6607,65.3983,63.2871,61.3125,58.7534,56.0884,51.7173,43.3991,27.6311,12.1532,4.21511
54.843,-0.0010,1.0000,0.0000,6,159.43,-0.06,-16.95,-0.5269,-0.0542,10026.1,0.0,146.14,146.17,144.65,144.65,11.9541,21.0017,29.5794,96.1842,84.281,77.1542,72.7661,69.1006,66.7064,64.4773,62.3969,60.4511,57.9296,55.3031,50.9953,42.9178,27.8737,12.9594,4.32192
54.868,-0.0009,1.0000,0.0000,6,159.99,-0.06,-16.84,-0.5184,-0.0620,10067.2,0.0,146.69,146.72,145.24,145.24,11.8173,20.7758,29.4926,95.0393,83.1743,76.0759,71.7204,68.1097,65.7513,63.5552,61.5058,59.5886,57.1043,54.5167,50.272,42.4264,28.0527,13.7162,4.44228
54.887,-0.0008,1.0000,0.0000,6,160.56,-0.07,-16.76,-0.5087,-0.0698,10106.6,0.0,147.21,147.24,145.81,145.81,11.6736,20.5584,29.4377,93.8902,82.0646,74.9954,70.6747,67.1184,64.7955,62.6326,60.614,58.7256,56.2784,53.7291,49.5476,41.9249,28.176,14.3827,4.57662
54.905,-0.0007,1.0000,0.0000,6,161.12,-0.07,-16.71,-0.4977,-0.0776,10144.0,0.0,147.72,147.75,146.35,146.35,11.5227,20.3493,29.4184,92.7371,80.9519,73.9128,69.6292,66.1272,63.8399,61.71,59.7218,57.8623,55.4518,52.9413,48.8226,41.4143,28.2491,14.97,4.72581
54.924,-0.0007,1.0000,0.0000,6,161.72,-0.08,-16.62,-0.4856,-0.0855,10153.3,0.0,148.25,148.27,146.50,146.50,11.3648,20.1493,29.4404,91.5801,79.8364,72.8284,68.5841,65.1366,62.8843,60.7869,58.8295,56.9983,54.6251,52.1527,48.0968,40.8947,28.278,15.4869,4.89029
54.942,-0.0006,1.0000,0.0000,6,162.29,-0.08,-16.51,-0.4723,-0.0933,10181.5,0.0,148.78,148.81,146.89,146.89,11.2001,19.9602,29.5199,90.4133,78.7112,71.7341,67.5313,64.1383,61.9218,59.8577,57.931,56.1286,53.7924,51.3589,47.3662,40.3626,28.2647,15.9395,5.07072
54.968,-0.0005,1.0000,0.0000,6,162.85,-0.08,-16.43,-0.4578,-0.1012,10222.1,0.0,149.29,149.32,147.47,147.47,11.0286,19.7832,29.6699,89.2381,77.5779,70.6316,66.4726,63.1347,60.9539,58.9232,57.0276,55.2542,52.9556,50.5609,46.632,39.8197,28.2126,16.3332,5.26776
54.987,-0.0005,1.0000,0.0000,6,163.40,-0.08,-16.27,-0.4420,-0.1090,10267.7,0.0,149.84,149.87,148.13,148.13,10.8513,19.6185,29.9068,88.0567,76.4392,69.5243,65.4117,62.1288,59.984,57.9866,56.122,54.3776,52.1165,49.7609,45.8958,39.2678,28.1257,16.6751,5.48235
55.006,-0.0004,1.0000,0.0000,6,163.95,-0.08,-16.15,-0.4250,-0.1170,10309.9,0.0,150.34,150.37,148.74,148.74,10.6768,19.4648,30.2602,86.8784,75.306,68.4249,64.3607,61.1319,59.0223,57.0576,55.2234,53.5075,51.2833,48.9659,45.1636,38.7131,28.0129,16.9716,5.71566
55.024,-0.0004,1.0000,0.0000,6,164.50,-0.09,-16.08,-0.4067,-0.1250,10349.1,0.0,150.84,150.86,149.31,149.31,10.507,19.3224,30.782,85.7044,74.1802,67.3358,63.3218,60.1455,58.0702,56.1373,54.3329,52.6449,50.4567,48.177,44.4363,38.1561,27.8772,17.2269,5.96317
55.043,-0.0004,1.0000,0.0000,6,165.10,-0.10,-15.91,-0.3871,-0.1330,10342.4,0.0,151.37,151.37,149.24,149.24,10.3422,19.194,31.6147,84.5324,73.0589,66.2534,62.291,59.1663,57.1244,55.223,53.4479,51.7873,49.6346,47.3918,43.712,37.5953,27.7188,17.4444,6.2009
55.068,-0.0003,1.0000,0.0000,6,165.66,-0.10,-15.72,-0.3663,-0.1411,10371.1,0.0,151.89,151.90,149.63,149.63,10.1832,19.0844,33.361,83.3469,71.9233,65.156,61.2476,58.1753,56.1679,54.2985,52.5532,50.9205,48.8041,46.5989,42.9808,37.021,27.5297,17.6207,6.42564
55.087,-0.0003,1.0000,0.0000,6,166.20,-0.10,-15.59,-0.3442,-0.1491,10413.8,0.0,152.38,152.41,150.24,150.24,10.0304,18.9943,98.1202,82.1505,70.7771,64.0477,60.1957,57.1766,55.204,53.3668,51.6517,50.0473,47.9675,45.8004,42.2446,36.4352,27.3137,17.7594,6.63768
55.106,-0.0003,1.0000,0.0000,6,166.74,-0.11,-15.66,-0.3208,-0.1571,10466.7,0.0,152.82,152.83,151.00,151.00,9.88376,18.9252,96.8755,80.947,69.6244,62.9333,59.1402,56.1745,54.2368,52.432,50.7475,49.1712,47.1279,44.9992,41.5059,35.8406,27.0749,17.8646,6.83665
55.125,-0.0002,1.0000,0.0000,6,167.28,-0.11,-15.85,-0.2962,-0.1596,10518.3,0.0,153.28,153.27,151.74,151.74,9.74369,18.8812,95.6204,79.7338,68.462,61.8094,58.0778,55.1661,53.2635,51.4916,49.8373,48.2899,46.2837,44.1934,40.7633,35.236,26.8136,17.9369,7.02264
55.142,-0.0002,1.0000,0.0000,6,167.82,-0.11,-16.07,-0.2721,-0.1533,10564.5,0.0,153.77,153.75,152.42,152.42,9.61064,18.8654,94.3522,78.5071,67.286,60.6712,57.0046,54.1477,52.2809,50.5422,48.9191,47.4006,45.4318,43.3807,40.0146,34.6204,26.5294,17.9765,7.19573
55.167,-0.0002,1.0000,0.0000,6,168.25,-0.10,-16.54,-0.2490,-0.1468,10709.4,0.0,154.25,154.22,154.46,154.46,9.48552,18.8832,93.0658,77.2614,66.0895,59.5104,55.9138,53.1134,51.2834,49.5788,47.9875,46.4986,44.5685,42.5573,39.2567,33.9915,26.2199,17.9844,7.35508
55.187,-0.0002,1.0000,0.0000,6,168.78,-0.11,-16.95,-0.2267,-0.1404,10767.0,0.0,154.72,154.68,155.35,155.35,9.36724,18.9311,91.7896,76.03,64.9121,58.3741,54.8464,52.0998,50.3051,48.6333,47.0726,45.6122,43.7192,41.7466,38.5093,33.3653,25.9003,17.971,7.50227
55.206,-0.0002,1.0000,0.0000,6,169.38,-0.12,-17.25,-0.2055,-0.1336,10768.5,0.0,155.25,155.21,155.40,155.40,9.25678,19.021,90.5032,74.7888,63.7255,57.2312,53.7734,51.0811,49.3217,47.6829,46.1529,44.7215,42.8656,40.9319,37.7583,32.7307,25.562,17.9304,7.63673
55.225,-0.0001,1.0000,0.0000,6,169.97,-0.11,-17.47,-0.1852,-0.1266,10762.5,0.0,155.79,155.77,155.31,155.31,9.15521,19.1617,89.2,73.5305,62.521,56.0726,52.6862,50.0494,48.3262,46.7211,45.2226,43.8204,42.0026,40.1084,36.9995,32.0848,25.2035,17.8622,7.75778
55.243,-0.0001,1.0000,0.0000,6,170.56,-0.10,-17.62,-0.1659,-0.1195,10767.3,0.0,156.35,156.33,155.36,155.36,9.06274,19.3649,87.8848,72.261,61.3056,54.9068,51.5924,49.0116,47.3249,45.7537,44.2868,42.9143,41.1348,39.2803,36.2368,31.4307,24.828,17.7696,7.86555
55.268,-0.0001,1.0000,0.0000,6,171.13,-0.09,-17.73,-0.1477,-0.1123,10783.6,0.0,156.88,156.87,155.59,155.59,8.97974,19.6455,86.556,70.9779,60.077,53.7314,50.49,47.9657,46.3159,44.7792,43.3444,42.0017,40.2608,38.4467,35.469,30.768,24.4351,17.6535,7.96024
55.287,-0.0001,1.0000,0.0000,6,171.69,-0.08,-17.82,-0.1306,-0.1046,10807.3,0.0,157.39,157.39,155.93,155.93,8.90691,20.0274,85.2128,69.6808,58.8343,52.5462,49.3785,46.9117,45.2992,43.7973,42.3948,41.0823,39.3807,37.6072,34.6961,30.0997,24.0245,17.5136,8.04165
55.305,-0.0001,1.0000,0.0000,6,172.24,-0.06,-17.87,-0.1147,-0.0968,10830.4,0.0,157.91,157.91,156.26,156.26,8.84507,20.5519,83.8582,68.3731,57.5818,51.356,48.2627,45.8533,44.2786,42.8114,41.4414,40.1593,38.497,36.7644,33.9202,29.4288,23.5986,17.3515,8.10954
55.325,-0.0001,1.0000,0.0000,6,172.79,-0.05,-17.92,-0.0999,-0.0891,10863.3,0.0,158.42,158.42,156.73,156.73,8.79464,21.289,82.4946,67.0577,56.3229,50.1649,47.1456,44.7937,43.2563,41.8241,40.4866,39.235,37.6118,35.9202,33.1428,28.7565,23.1589,17.1693,8.16425
55.343,-0.0001,1.0000,0.0000,6,173.33,-0.04,-18.00,-0.0863,-0.0807,10901.5,0.0,158.92,158.91,157.28,157.28,8.75606,22.4304,81.1203,65.7325,55.0551,48.9704,46.0253,43.7312,42.2314,40.8341,39.5291,38.3079,36.7242,35.0734,32.3632,28.0822,22.706,16.9679,8.20594
55.368,-0.0001,1.0000,0.0000,6,173.87,-0.03,-18.09,-0.0741,-0.0722,10934.9,0.0,159.41,159.41,157.77,157.77,8.73088,24.8842,79.7343,64.3966,53.7774,47.7717,44.9012,42.6649,41.2028,39.8406,38.5683,37.3775,35.8334,34.2237,31.5807,27.4055,22.2399,16.7466,8.23399
55.387,-0.0001,1.0000,0.0000,6,174.42,-0.02,-18.15,-0.0631,-0.0637,10967.9,0.0,159.93,159.92,158.24,158.24,8.71986,28.3309,78.3395,63.0531,52.4938,46.5732,43.7769,41.5983,40.1738,38.8465,37.6068,36.4465,34.9419,33.3732,30.7973,26.7277,21.7621,16.5065,8.24842
55.405,-0.0001,1.0000,0.0000,6,174.95,-0.01,-18.24,-0.0536,-0.0548,11006.8,0.0,160.42,160.41,158.80,158.80,8.72365,31.8079,76.9333,61.6994,51.201,45.3718,42.6499,40.5288,39.142,37.8498,36.6428,35.5131,34.0477,32.5202,30.0117,26.0479,21.2713,16.2478,8.24949
55.424,-0.0000,1.0000,0.0000,6,175.49,0.00,-18.36,-0.0454,-0.0454,11043.7,0.0,160.90,160.90,159.34,159.34,8.74419,35.3205,75.514,60.3334,49.8966,44.1655,41.5183,39.4552,38.1062,36.8491,35.6749,34.5759,33.1502,31.664,29.223,25.3655,20.7671,15.9714,8.23698
55.443,-0.0000,1.0000,0.0000,6,176.04,0.01,-18.40,-0.0388,-0.0360,11063.3,0.0,161.42,161.41,159.62,159.62,8.78284,38.8616,74.0841,58.9581,48.5842,42.9581,40.3854,38.3804,37.0691,35.8471,34.7057,33.6372,32.2513,30.8063,28.4328,24.6817,20.251,15.6785,8.2104
55.468,-0.0000,1.0000,0.0000,6,176.58,0.02,-18.44,-0.0337,-0.0265,11095.4,0.0,161.92,161.91,160.08,160.08,8.84054,42.43,72.6433,57.5732,47.2637,41.7497,39.2513,37.3041,36.0306,34.8437,33.735,32.6971,31.3508,29.947,27.6411,23.9963,19.7235,15.3685,8.16993
55.487,-0.0000,1.0000,0.0000,6,177.11,0.03,-18.50,-0.0302,-0.0161,11130.7,0.0,162.41,162.40,160.59,160.59,8.91992,89.9177,71.1896,56.1765,45.9327,40.5386,38.1147,36.2253,34.9896,33.8379,32.7619,31.7547,30.448,29.0855,26.8473,23.3091,19.1847,15.0414,8.11592
55.506,-0.0000,1.0000,0.0000,6,177.66,0.03,-18.51,-0.0284,-0.0056,11150.3,0.0,162.91,162.91,160.88,160.88,9.02336,88.4377,69.7231,54.7679,44.5909,39.3248,36.9755,35.144,33.9462,32.8295,31.7865,30.8099,29.543,28.2219,26.0515,22.6199,18.6352,14.698,8.04777
55.524,-0.0000,1.0000,0.0000,6,178.20,0.04,-18.47,-0.0283,0.0048,11179.2,0.0,163.42,163.42,161.29,161.29,9.15245,86.9455,68.2449,53.3492,43.2405,38.1106,35.8357,34.062,32.9019,31.8204,30.8101,29.8641,28.6369,27.3571,25.2544,21.9295,18.0756,14.3393,7.96513
55.543,-0.0000,1.0000,0.0000,6,178.72,0.05,-18.45,-0.0299,0.0162,11213.9,0.0,163.90,163.90,161.79,161.79,9.31189,85.44,66.7541,51.919,41.8802,36.8954,34.6946,32.9786,31.8561,30.8098,29.8322,28.9169,27.7293,26.4908,24.4558,21.2376,17.5076,13.9659,7.86834
55.568,-0.0000,1.0000,0.0000,6,179.26,0.05,-18.43,-0.0335,0.0279,11237.7,0.0,164.38,164.38,162.16,162.16,9.50532,83.9197,65.249,50.4754,40.5078,35.6775,33.551,31.8928,30.808,29.7968,28.852,27.9673,26.8194,25.6223,23.6551,20.5438,16.9371,13.5773,7.75748
55.587,-0.0000,1.0000,0.0000,6,179.80,0.06,-18.30,-0.0391,0.0395,11262.3,0.0,164.90,164.90,162.49,162.49,9.7369,82.3858,63.7307,49.0197,39.1248,34.4588,32.4064,30.8059,29.7588,28.7826,27.8705,27.0165,25.9083,24.7524,22.853,19.8486,16.3653,13.1732,7.63169
55.606,0.0108,1.0000,0.0000,6,180.32,0.06,-18.20,-0.0466,0.0519,11297.2,0.0,165.38,165.38,162.99,162.99,10.0154,80.8378,62.1988,47.5519,37.737,33.2396,31.2612,29.7182,28.7087,27.7676,26.8881,26.0646,24.9961,23.8815,22.0498,19.1522,15.7924,12.7543,7.49101
55.625,0.0756,1.0000,0.0000,6,180.84,0.08,-18.13,-0.0563,0.0647,11331.2,0.0,165.89,165.82,163.51,163.51,10.3414,79.3251,60.7076,46.1315,36.414,32.0701,30.1596,28.6697,27.695,26.7863,25.9373,25.1423,24.1109,23.035,21.2671,18.4707,15.2288,12.328,7.33783
55.643,0.1692,1.0000,0.0000,6,181.37,0.17,-17.93,-0.0680,0.0753,11345.5,0.0,166.61,166.03,163.69,163.69,10.6945,78.1239,59.559,45.091,35.5045,31.2194,29.339,27.8743,26.9169,26.0251,25.1923,24.4129,23.4023,22.3491,20.6201,17.8898,14.7312,11.9306,7.18389
55.668,0.2394,1.0000,0.0000,6,181.85,-0.04,-17.75,-0.0812,0.0819,11381.9,0.0,167.34,165.90,164.21,164.21,11.031,77.5522,59.097,44.8012,35.419,31.0016,29.0745,27.5788,26.6037,25.6971,24.8521,24.0626,23.0409,21.9783,20.2391,17.5056,14.3625,11.5987,7.04076
55.687,0.2921,1.0000,0.0000,6,182.29,-0.72,-17.63,-0.0958,0.0855,11429.4,0.0,168.01,165.66,164.89,164.89,11.3035,77.6133,59.3171,45.2419,36.1286,31.4905,29.4242,27.8307,26.7966,25.8385,24.9484,24.1194,23.0499,21.9421,20.1381,17.3257,14.1264,11.3425,6.90881
55.705,0.3315,1.0000,0.0000,6,182.71,-1.62,-17.40,-0.1115,0.0860,11450.7,0.0,168.52,165.45,165.21,165.21,11.4978,78.0908,59.9787,46.1381,37.2921,32.6095,30.3087,28.5507,27.4172,26.3723,25.4059,24.5097,23.359,22.1734,20.2565,17.3015,13.9885,11.1463,6.78128
55.725,0.3612,1.0000,0.0000,6,183.07,-2.65,-17.14,-0.1281,0.0845,11497.1,0.0,168.91,165.28,165.87,165.87,11.6298,78.8543,60.9384,47.3297,38.728,34.2338,31.7617,29.7565,28.4751,27.3014,26.2226,25.2277,23.9581,22.6591,20.5781,17.4159,13.9348,11.0007,6.65452
55.743,0.3834,1.0000,0.0000,6,183.38,-3.82,-16.96,-0.1456,0.0842,11552.7,0.0,169.13,165.15,166.67,166.67,11.7193,79.7612,62.0411,48.6503,40.2621,35.9284,33.5642,31.4572,29.9737,28.6211,27.3875,26.2576,24.827,23.3757,21.0768,17.6438,13.946,10.8929,6.52182
55.768,0.4000,1.0000,0.0000,6,183.71,-4.92,-16.73,-0.1641,0.0836,11572.4,0.0,169.24,165.07,166.98,166.98,11.7845,80.6811,63.148,49.9554,41.7501,37.5452,35.2673,33.2498,31.7924,30.3194,28.8834,27.5771,25.9381,24.2926,21.7204,17.9562,14.0007,10.8093,6.37895
55.787,0.4125,1.0000,0.0000,6,183.98,-5.76,-16.42,-0.1834,0.0832,11603.8,0.0,169.28,165.04,167.41,167.41,11.8325,81.5512,64.1939,51.1816,43.1342,39.0354,36.8255,34.8766,33.4748,32.0638,30.6427,29.2103,27.3056,25.4152,22.5059,18.3451,14.0921,10.7459,6.22555
55.806,0.4163,1.0000,0.0000,6,184.22,-6.61,-16.19,-0.2036,0.0856,11649.5,0.0,169.29,165.03,168.07,168.07,11.8643,82.3726,65.1815,52.3341,44.4258,40.4165,38.2626,36.3685,35.0099,33.6465,32.2778,30.9033,28.9684,26.7994,23.4666,18.8249,14.2255,10.705,6.07492
55.824,0.3431,1.0000,0.0000,6,184.48,-7.40,-15.99,-0.2252,0.0892,11670.1,0.0,169.31,165.07,168.42,168.42,11.8842,83.1188,66.0833,53.3874,45.6022,41.67,39.5631,37.7145,36.3911,35.0655,33.7377,32.4078,30.5422,28.4052,24.6203,19.3971,14.398,10.6842,5.93627
55.843,0.3088,1.0000,0.0000,6,184.66,-7.66,-15.33,-0.2478,0.0919,11679.9,0.0,169.92,165.64,168.52,168.52,11.8711,36.2747,67.0869,54.5371,46.8658,43.0026,40.9368,39.1272,37.8338,36.54,35.2458,33.9518,32.1411,30.0743,26.2122,20.1985,14.6782,10.7188,5.81827
55.868,0.2779,1.0000,0.0000,6,184.77,-8.48,-14.65,-0.2707,0.0817,11721.5,0.0,170.80,165.87,169.10,169.10,11.7833,32.1775,68.6038,56.2066,48.6453,44.8452,42.8162,41.0407,39.7727,38.5054,37.2393,35.9747,34.2075,32.1942,28.4465,21.6111,15.2436,10.8944,5.73907
55.887,0.2501,1.0000,0.0000,6,184.89,-9.94,-14.13,-0.2914,0.0580,11765.3,0.0,171.36,165.93,169.82,169.82,11.6525,29.2813,70.389,58.1429,50.6841,46.9404,44.9431,43.1963,41.9498,40.7047,39.4613,38.2199,36.4867,34.5142,30.8484,23.7308,16.0909,11.1945,5.69247
55.906,0.2251,1.0000,0.0000,6,185.23,-10.39,-13.21,-0.3092,0.0378,11644.1,0.0,171.37,166.32,168.07,168.07,11.5544,27.5121,71.6425,59.5283,52.1607,48.4673,46.4986,44.7777,43.5503,42.3246,41.1014,39.8809,38.1776,36.2408,32.6467,25.6849,16.9331,11.4778,5.6518
55.925,0.2026,1.0000,0.0000,6,185.58,-9.45,-12.40,-0.3239,0.0262,11620.0,0.0,170.92,167.17,167.68,167.68,11.5405,26.8519,71.7206,59.7098,52.4234,48.778,46.837,45.1421,43.934,42.7285,41.5261,40.3274,38.6565,36.7587,33.2448,26.4728,17.3724,11.5814,5.59202
55.943,0.1824,1.0000,0.0000,6,185.96,-7.86,-11.96,-0.3359,0.0212,11652.3,0.0,170.55,168.15,168.11,168.11,11.5836,26.9038,70.9112,58.988,51.7806,48.1845,46.2729,44.6058,43.4187,42.2353,41.056,39.8815,38.2468,36.3934,32.9721,26.4265,17.4315,11.5319,5.51923
55.968,0.1641,1.0000,0.0000,6,186.30,-6.25,-11.64,-0.3457,0.0172,11710.8,0.0,170.69,169.22,168.94,168.94,11.621,27.1058,69.9544,58.1205,50.9949,47.4499,45.5688,43.9303,42.765,41.6045,40.4493,39.2999,37.7021,35.8944,32.5678,26.2492,17.4672,11.4845,5.45836
55.987,0.1477,1.0000,0.0000,6,186.63,-5.47,-11.47,-0.3535,0.0101,11770.8,0.0,171.45,169.75,169.81,169.81,11.6031,26.9415,69.4254,57.6883,50.6443,47.1485,45.2963,43.6846,42.5394,41.3997,40.2663,39.1395,37.5749,35.8072,32.5618,26.4276,17.8086,11.5743,5.43082
56.005,0.1329,1.0000,0.0000,6,186.98,-5.37,-11.44,-0.3595,0.0007,11821.9,0.0,172.18,170.02,170.56,170.56,11.5437,26.4947,69.2064,57.5678,50.6019,47.1517,45.3259,43.7385,42.6113,41.4902,40.376,39.269,37.7331,35.9994,32.8221,26.8348,18.4119,11.7808,5.43093
56.024,0.1250,1.0000,0.0000,6,187.52,-4.92,-10.98,-0.3637,-0.0080,11714.6,0.0,172.64,170.49,169.05,169.05,11.4801,26.1575,68.8716,57.3291,50.4407,47.0358,45.2363,43.6728,42.5635,41.4609,40.3657,39.2784,37.7708,36.071,32.9607,27.1177,18.9201,12.0055,5.44272
56.042,0.1669,1.0000,0.0000,6,187.95,-4.16,-10.63,-0.3660,-0.0139,11735.2,0.0,172.82,171.16,169.31,169.31,11.4331,26.1683,68.169,56.7223,49.915,46.5587,44.7874,43.2503,42.1604,41.0781,40.0038,38.9382,37.4622,35.8002,32.7653,27.0875,19.1641,12.1769,5.45598
56.068,0.2377,1.0000,0.0000,6,188.34,-3.48,-10.50,-0.3667,-0.0191,11788.8,0.0,172.96,171.55,170.07,170.07,11.3807,26.2993,67.3771,56.0271,49.3025,45.9957,44.2532,42.7428,41.6728,40.6111,39.5579,38.5143,37.0704,35.4465,32.4874,26.9742,19.3213,12.3616,5.47997
56.087,0.2908,1.0000,0.0000,6,188.71,-3.12,-10.50,-0.3658,-0.0260,11847.2,0.0,173.16,171.62,170.91,170.91,11.2997,26.2576,66.7849,55.5308,48.8848,45.6243,43.9085,42.4225,41.3707,40.3276,39.2938,38.2699,36.8545,35.2643,32.3714,26.9978,19.5606,12.6455,5.52661
56.106,0.3306,1.0000,0.0000,6,189.06,-3.24,-10.58,-0.3635,-0.0355,11901.4,0.0,173.48,171.51,171.70,171.70,11.1799,25.8662,66.5315,55.3682,48.7924,45.5718,43.8784,42.4128,41.3761,40.3484,39.3302,38.3222,36.9294,35.3658,32.5239,27.2523,19.9558,13.0838,5.60344
56.125,0.3604,1.0000,0.0000,6,189.39,-3.76,-10.71,-0.3596,-0.0473,11949.2,0.0,173.79,171.36,172.40,172.40,11.0278,25.1971,66.5567,55.4779,48.9631,45.7758,44.1011,42.6521,41.6273,40.6118,39.6059,38.6104,37.2351,35.6916,32.8873,27.6864,20.4719,13.6057,5.71019
56.143,0.3828,1.0000,0.0000,6,189.76,-4.35,-10.74,-0.3541,-0.0600,11948.8,0.0,174.03,171.25,172.40,172.40,10.858,24.4535,66.6901,55.6904,49.2309,46.0732,44.4148,42.9803,41.966,40.9609,39.9656,38.9807,37.6202,36.0935,33.3201,28.1748,21.0174,14.135,5.84178
56.168,0.3996,1.0000,0.0000,6,190.06,-4.93,-10.83,-0.3468,-0.0728,11989.5,0.0,174.17,171.21,172.98,172.98,10.68,23.7589,66.811,55.8869,49.48,46.3506,44.7075,43.2868,42.2824,41.2871,40.3017,39.3268,37.9803,36.4693,33.7247,28.6317,21.5284,14.6349,5.994
56.187,0.4122,1.0000,0.0000,6,190.35,-5.52,-10.97,-0.3379,-0.0855,12033.5,0.0,174.26,171.20,173.61,173.61,10.494,23.1084,66.9188,56.067,49.7104,46.6078,44.9793,43.5714,42.5764,41.5906,40.6145,39.6489,38.3155,36.8195,34.1022,29.0583,22.0068,15.1068,6.1679
56.205,0.4217,1.0000,0.0000,6,190.67,-6.16,-11.28,-0.3272,-0.0976,12075.2,0.0,174.31,171.22,174.22,174.22,10.307,22.5737,66.9205,56.1397,49.8333,46.7578,45.1443,43.7497,42.7642,41.7882,40.822,39.8662,38.5464,37.0661,34.3778,29.3881,22.4013,15.5183,6.35821
56.224,0.4287,1.0000,0.0000,6,191.00,-6.52,-11.65,-0.3151,-0.1077,12111.9,0.0,174.28,171.31,174.75,174.75,10.132,22.2599,66.6718,55.9639,49.7121,46.6671,45.0706,43.6914,42.717,41.7522,40.7976,39.8534,38.5502,37.0889,34.4369,29.5182,22.6312,15.8168,6.55419
56.243,0.4341,1.0000,0.0000,6,191.32,-6.63,-12.04,-0.3014,-0.1165,12160.1,0.0,174.25,171.47,175.37,175.37,9.97421,22.1016,66.2491,55.6155,49.4217,46.4093,44.8313,43.4687,42.5066,41.5542,40.6122,39.6809,38.396,36.9561,34.3448,29.5081,22.7427,16.0299,6.7556
56.268,0.4380,1.0000,0.0000,6,191.50,-7.06,-12.66,-0.2864,-0.1263,12306.7,0.0,174.33,171.62,177.53,177.53,9.8159,21.8673,65.9435,55.3789,49.2374,46.2541,44.6925,43.3446,42.3932,41.4517,40.5206,39.6005,38.3314,36.9099,34.3331,29.5648,22.8971,16.2598,6.95661
56.287,0.4410,1.0000,0.0000,6,191.79,-7.69,-13.08,-0.2699,-0.1382,12327.7,0.0,174.55,171.70,177.90,177.90,9.64861,21.4559,65.8793,55.3743,49.2752,46.3148,44.7656,43.4288,42.4854,41.552,40.629,39.717,38.4592,37.0507,34.4979,29.7746,23.1628,16.5523,7.16275
56.306,0.4433,1.0000,0.0000,6,192.10,-8.39,-13.37,-0.2517,-0.1514,12316.6,0.0,174.84,171.77,177.74,177.74,9.47836,20.9571,65.954,55.5018,49.4381,46.4963,44.957,43.629,42.6919,41.7648,40.848,39.9422,38.6931,37.2942,34.7589,30.066,23.4862,16.8757,7.36944
56.324,0.4450,1.0000,0.0000,6,192.40,-9.07,-13.66,-0.2319,-0.1644,12304.0,0.0,175.06,171.86,177.56,177.56,9.31589,20.5053,65.9973,55.5959,49.5667,46.6429,45.1135,43.7941,42.8631,41.9421,41.0316,40.1319,38.8912,37.5018,34.9839,30.3218,23.7763,17.172,7.56554
56.343,0.4462,1.0000,0.0000,6,192.70,-9.39,-13.85,-0.2106,-0.1682,12292.1,0.0,175.20,172.00,177.38,177.38,9.16839,20.1813,65.8888,55.5405,49.5491,46.6457,45.1275,43.8182,42.8943,41.9806,41.0773,40.185,38.9547,37.577,35.0809,30.4602,23.9691,17.3993,7.74225
56.369,0.4472,1.0000,0.0000,6,192.97,-9.44,-13.99,-0.1897,-0.1647,12300.9,0.0,175.33,172.20,177.45,177.45,9.03189,19.9444,65.6735,55.38,49.4288,46.5475,45.0415,43.7431,42.8272,41.9215,41.0263,40.1421,38.9234,37.5589,35.0876,30.5153,24.0919,17.5756,7.90366
56.387,0.4479,1.0000,0.0000,6,193.18,-9.58,-14.16,-0.1695,-0.1616,12339.4,0.0,175.52,172.40,178.05,178.05,8.89655,19.6823,65.5082,55.2662,49.3522,46.491,44.9962,43.7077,42.7991,41.9006,41.0127,40.1358,38.9274,37.5749,35.1256,30.5956,24.2304,17.7574,8.06175
56.406,0.4484,1.0000,0.0000,6,193.42,-9.75,-14.25,-0.1498,-0.1592,12341.3,0.0,175.76,172.58,178.09,178.09,8.76035,19.3762,65.4196,55.225,49.3441,46.5007,45.0155,43.7356,42.8332,41.9409,41.0592,40.1886,38.9889,37.6464,35.2156,30.72,24.3997,17.9556,8.21947
56.425,0.4488,1.0000,0.0000,6,193.66,-9.88,-14.27,-0.1307,-0.1570,12334.3,0.0,176.00,172.75,177.99,177.99,8.62614,19.064,65.3539,55.2044,49.3546,46.5278,45.0517,43.7797,42.883,41.9964,41.1207,40.2558,39.0642,37.7307,35.3168,30.8524,24.5722,18.1523,8.37357
56.443,0.4491,1.0000,0.0000,6,193.90,-9.92,-14.24,-0.1121,-0.1546,12325.8,0.0,176.22,172.94,177.87,177.87,8.49694,18.7817,65.2561,55.1518,49.3334,46.5233,45.0564,43.7924,42.9015,42.0209,41.151,40.2921,39.1087,37.7846,35.388,30.9564,24.7193,18.3289,8.52019
56.461,0.4493,1.0000,0.0000,6,194.15,-9.80,-14.20,-0.0938,-0.1514,12320.4,0.0,176.38,173.15,177.79,177.79,8.37578,18.5647,65.0697,55.0129,49.2283,46.4366,44.9799,43.7251,42.8407,41.9667,41.1034,40.2511,39.0772,37.764,35.3875,30.9946,24.8118,18.466,8.655
56.487,0.4495,1.0000,0.0000,6,194.40,-9.50,-14.14,-0.0759,-0.1473,12315.3,0.0,176.52,173.40,177.71,177.71,8.26446,18.4323,64.7648,54.7592,49.0128,46.242,44.7969,43.5526,42.6758,41.8094,40.9539,40.1095,38.9466,37.6461,35.2936,30.9481,24.8347,18.5532,8.77524
56.506,0.4496,1.0000,0.0000,6,194.66,-9.05,-14.10,-0.0585,-0.1422,12319.1,0.0,176.66,173.69,177.76,177.76,8.16262,18.3819,64.3494,54.3992,48.6948,45.9476,44.5155,43.283,42.4148,41.5572,40.7104,39.8749,38.7247,37.4389,35.1141,30.8235,24.7932,18.5938,8.88126
56.525,0.4497,1.0000,0.0000,6,194.92,-8.55,-14.09,-0.0416,-0.1365,12330.2,0.0,176.83,173.99,177.92,177.92,8.06812,18.3893,63.8674,53.9752,48.3154,45.5932,44.1751,42.9551,42.0961,41.2479,40.4106,39.5846,38.4478,37.1775,34.8826,30.6514,24.7116,18.6038,8.97621
56.543,0.4498,1.0000,0.0000,6,195.18,-8.10,-14.11,-0.0252,-0.1306,12344.1,0.0,177.05,174.30,178.12,178.12,7.97867,18.4272,63.3663,53.533,47.9184,45.2214,43.8175,42.6102,41.7604,40.9215,40.0938,39.2774,38.1543,36.8998,34.6349,30.4634,24.6146,18.5997,9.06366
56.562,0.4498,1.0000,0.0000,6,195.45,-7.71,-14.16,-0.0095,-0.1249,12357.1,0.0,177.31,174.61,178.30,178.30,7.89299,18.4776,62.8747,53.0993,47.5292,44.857,43.4669,42.2719,41.4313,40.6015,39.783,38.9761,37.8663,36.6272,34.3913,30.2777,24.5168,18.5914,9.14574
56.587,0.4499,1.0000,0.0000,6,195.71,-7.40,-14.21,0.0056,-0.1194,12370.1,0.0,177.60,174.90,178.49,178.49,7.81063,18.5323,62.4057,52.6868,47.1596,44.5112,43.1344,41.9514,41.1193,40.2983,39.4887,38.6908,37.5937,36.3693,34.161,30.1024,24.4243,18.583,9.22332
56.606,0.4499,1.0000,0.0000,6,195.98,-7.18,-14.26,0.0199,-0.1142,12383.7,0.0,177.91,175.18,178.69,178.69,7.73102,18.5809,61.9721,52.307,46.8206,44.1946,42.8304,41.6586,40.8347,40.0219,39.2206,38.431,37.3458,36.1352,33.9527,29.9449,24.343,18.5787,9.29739
56.625,0.4499,1.0000,0.0000,6,196.24,-7.04,-14.32,0.0335,-0.1093,12396.6,0.0,178.24,175.46,178.87,178.87,7.65423,18.6202,61.5767,51.9623,46.5144,43.9093,42.5567,41.3953,40.5789,39.7738,38.9802,38.1984,37.1242,35.9261,33.7675,29.8063,24.2738,18.5791,9.36816
56.644,0.4499,0.5500,0.0000,6,196.50,-6.96,-14.37,0.0464,-0.1047,12410.4,0.0,178.55,175.71,179.07,179.07,7.58097,18.6584,61.2077,51.6417,46.23,43.6447,42.303,41.1515,40.3422,39.5443,38.7579,37.9834,36.9194,35.7332,33.5967,29.6789,24.2108,18.5803,9.43483
56.662,0.4500,0.3025,0.0000,6,196.60,-6.86,-14.42,0.0586,-0.1002,12223.1,0.0,178.82,175.94,176.43,176.43,7.51291,18.7179,60.8405,51.3216,45.9455,43.3794,42.0484,40.9064,40.104,39.3131,38.5338,37.7664,36.7124,35.5376,33.4228,29.5472,24.1418,18.5743,9.4954
56.687,0.4500,0.1664,0.0000,6,196.42,-6.66,-14.45,0.0701,-0.0956,12095.3,0.0,178.96,176.10,174.57,174.57,7.45128,18.822,60.4525,50.9808,45.6406,43.0942,41.774,40.6416,39.8462,39.0624,38.2903,37.5301,36.4863,35.3231,33.2303,29.3977,24.0563,18.5539,9.54823
56.706,0.4500,0.0915,0.0000,6,196.06,-6.50,-14.47,0.0809,-0.0914,12013.7,0.0,178.95,176.10,174.49,172.28,7.39106,18.8968,60.1201,50.6914,45.3834,42.8546,41.544,40.4202,39.6311,38.8535,38.0876,37.3338,36.299,35.1462,33.0726,29.2775,23.9917,18.545,9.60016
56.725,0.4500,0.0503,0.0000,6,195.61,-6.53,-14.46,0.0910,-0.0887,11954.8,0.0,178.87,175.91,173.97,171.09,7.32578,18.8366,59.939,50.5426,45.258,42.7417,41.4379,40.32,39.5351,38.7619,38.0004,37.2509,36.2222,35.0763,33.0155,29.245,23.9938,18.5793,9.65993
56.743,0.4500,0.0277,0.0000,6,195.11,-6.81,-14.44,0.1007,-0.0874,11906.1,0.0,178.72,175.57,173.50,170.17,7.25463,18.6275,59.9159,50.5403,45.2698,42.7606,41.4605,40.3459,39.5634,38.7923,38.0331,37.2858,36.2601,35.1178,33.0631,29.3036,24.0657,18.6594,9.72877
56.762,0.4500,0.0152,0.0000,6,194.57,-7.25,-14.41,0.1098,-0.0874,11863.5,0.0,178.46,175.10,173.05,169.38,7.17897,18.3008,60.0268,50.6619,45.3972,42.8906,41.5918,40.4781,39.6961,38.9256,38.1669,37.42,36.3948,35.2528,33.1988,29.4389,24.1964,18.7782,9.80523
56.787,0.4500,0.0084,0.0000,6,194.01,-7.84,-14.37,0.1184,-0.0884,11822.8,0.0,178.13,174.55,172.61,168.65,7.09972,17.8891,60.2516,50.8889,45.6231,43.1153,41.8155,40.7008,39.918,39.1466,38.3868,37.6389,36.612,35.468,33.4097,29.6398,24.3776,18.9302,9.88838
56.806,0.4500,0.0046,0.0000,6,193.43,-8.58,-14.35,0.1267,-0.0905,11783.0,0.0,177.73,173.95,172.16,167.95,7.01742,17.4164,60.5805,51.2122,45.9393,43.4266,42.124,41.0066,40.2217,39.4481,38.686,37.9357,36.9053,35.7569,33.69,29.9014,24.6057,19.1136,9.97793
56.825,0.4500,0.0025,0.0000,6,192.83,-9.38,-14.32,0.1346,-0.0931,11744.4,0.0,177.25,173.31,171.69,167.31,6.93432,16.9271,60.9754,51.5969,46.3127,43.7929,42.4861,41.3649,40.5771,39.8005,39.0353,38.2817,37.2466,36.0927,34.0145,30.2017,24.8637,19.3166,10.0711
56.844,0.4500,0.0014,0.0000,6,192.22,-10.19,-14.30,0.1422,-0.0959,11705.6,0.0,176.71,172.68,171.16,166.72,6.85315,16.4627,61.3868,51.9964,46.7,44.1724,42.8611,41.7357,40.9449,40.165,39.3965,38.6395,37.5994,36.4395,34.3494,30.5109,25.1282,19.5235,10.1638
56.863,0.4500,0.0008,0.0000,6,191.60,-10.93,-14.29,0.1495,-0.0985,11666.4,0.0,176.10,172.05,170.58,166.16,6.77635,16.0504,61.7697,52.3686,47.0611,44.5267,43.2113,42.0821,41.2884,40.5057,39.7342,38.9741,37.9294,36.7641,34.6632,30.8013,25.3774,19.7192,10.2524
56.887,0.4500,0.0004,0.0000,6,190.99,-11.56,-14.28,0.1566,-0.1008,11627.7,0.0,175.44,171.43,169.99,165.65,6.70439,15.692,62.1083,52.6988,47.3824,44.8424,43.5236,42.3912,41.5951,40.8099,40.0359,39.2732,38.2248,37.055,34.9451,31.0632,25.6036,19.8984,10.3354
56.906,0.4500,0.0002,0.0000,6,190.36,-12.15,-14.29,0.1634,-0.1028,11588.0,0.0,174.77,170.81,169.39,165.10,6.63618,15.37,62.4197,53.0032,47.6788,45.1337,43.8119,42.6768,41.8786,41.0913,40.3149,39.5499,38.4981,37.3244,35.2064,31.3066,25.8148,20.0666,10.4144
56.925,0.4500,0.0001,0.0000,6,189.74,-12.65,-14.29,0.1701,-0.1046,11549.4,0.0,174.10,170.19,168.80,164.57,6.57143,15.08,62.7036,53.2811,47.95,45.4005,44.0761,42.9385,42.1386,41.3493,40.5711,39.804,38.7493,37.5719,35.447,31.5316,26.0107,20.2236,10.4893
56.944,0.4500,0.0001,0.0000,6,189.11,-13.04,-14.29,0.1765,-0.1059,11511.0,0.0,173.42,169.59,168.20,164.06,6.51091,14.8292,62.9396,53.5135,48.1778,45.6253,44.299,43.1597,42.3585,41.5678,40.7882,40.0196,38.9626,37.7826,35.6524,31.725,26.1813,20.3625,10.5585
56.962,0.4500,0.0000,0.0000,6,188.49,-13.30,-14.28,0.1827,-0.1066,11473.0,0.0,172.74,169.01,167.58,163.59,6.45589,14.6276,63.1019,53.676,48.3391,45.7855,44.4586,43.3185,42.5167,41.7255,40.9452,40.176,39.118,37.9367,35.8038,31.8701,26.3129,20.4736,10.6195
56.987,0.4500,0.0000,0.0000,6,187.88,-13.42,-14.27,0.1888,-0.1067,11435.6,0.0,172.05,168.44,166.96,163.13,6.406,14.4707,63.1907,53.769,48.4342,45.8815,44.555,43.4153,42.6136,41.8226,41.0424,40.2733,39.2156,38.0344,35.9014,31.967,26.4057,20.5571,10.6722
57.006,0.4500,0.0000,0.0000,6,187.27,-13.46,-14.28,0.1948,-0.1063,11397.9,0.0,171.38,167.89,166.35,162.64,6.3596,14.3417,63.2332,53.8179,48.4874,45.9367,44.6114,43.4726,42.6716,41.8813,41.1017,40.3332,39.2763,38.0961,35.9648,32.0329,26.4735,20.6227,10.7194
57.025,0.4500,0.0000,0.0000,6,186.67,-13.45,-14.28,0.2006,-0.1058,11361.3,0.0,170.75,167.34,165.79,162.15,6.31526,14.2258,63.2568,53.8486,48.5229,45.9748,44.6507,43.5132,42.7131,41.9235,41.1449,40.3772,39.3214,38.1424,36.0134,32.0854,26.5301,20.6798,10.7636
57.044,0.4500,0.0000,0.0000,6,186.07,-13.37,-14.27,0.2063,-0.1051,11325.4,0.0,170.14,166.81,165.23,161.67,6.27333,14.128,63.2494,53.8498,48.5303,45.9856,44.6633,43.5273,42.7284,41.9401,41.1625,40.396,39.3417,38.1645,36.0389,32.117,26.5697,20.7247,10.8038
57.062,0.4500,0.0000,0.0000,6,185.48,-13.20,-14.26,0.2119,-0.1038,11290.0,0.0,169.54,166.30,164.66,161.22,6.23492,14.0586,63.1892,53.801,48.4902,45.9503,44.6306,43.497,42.6997,41.913,41.1372,40.3725,39.3207,38.1463,36.0257,32.1139,26.5812,20.7496,10.8381
57.087,0.4500,0.0000,0.0000,6,184.91,-12.93,-14.24,0.2174,-0.1021,11255.3,0.0,168.95,165.80,164.10,160.78,6.20002,14.0177,63.0753,53.7015,48.402,45.8683,44.5521,43.4216,42.6265,41.8421,41.0686,40.3062,39.2577,38.0871,35.9736,32.0758,26.5643,20.7541,10.8662
57.106,0.4500,0.4500,0.0000,6,184.34,-12.62,-14.24,0.2228,-0.1001,11220.7,0.0,168.38,165.32,163.54,160.33,6.1675,13.9958,62.9269,53.5695,48.2828,45.7563,44.4442,43.3173,42.5248,41.7431,40.9722,40.2124,39.1678,38.0017,35.8965,32.0152,26.529,20.7455,10.8902
57.125,0.4500,0.6975,0.0000,6,184.01,-12.30,-14.25,0.2281,-0.0979,11434.2,0.0,167.88,164.88,164.98,164.98,6.13688,13.9877,62.7553,53.4156,48.143,45.6242,44.3165,43.1935,42.4039,41.6251,40.8571,40.1003,39.0598,37.8985,35.8025,31.9394,26.4811,20.7278,10.9111
57.144,0.4500,0.8336,0.0000,6,183.89,-11.88,-14.24,0.2333,-0.0950,11551.2,0.0,167.49,164.57,166.65,166.65,6.11075,14.0198,62.5113,53.1937,47.9386,45.4298,44.1276,43.0095,42.2236,41.4485,40.6843,39.9312,38.8961,37.741,35.6568,31.8173,26.3959,20.6833,10.9239
57.162,0.4500,0.9085,0.0000,6,183.93,-11.42,-14.25,0.2383,-0.0914,11635.6,0.0,167.25,164.40,167.88,167.88,6.08976,14.0984,62.1877,52.8971,47.6638,45.1673,43.8719,42.7601,41.9787,41.2082,40.4486,39.7004,38.6718,37.5244,35.4551,31.645,26.2701,20.6098,10.928
57.187,0.4500,0.9497,0.0000,6,184.09,-10.87,-14.27,0.2432,-0.0870,11685.4,0.0,167.13,164.38,168.61,168.61,6.07504,14.2354,61.7733,52.5155,47.3089,44.8274,43.5404,42.4362,41.6604,40.8954,40.1416,39.3991,38.3788,37.2409,35.1895,31.416,26.0985,20.5034,10.9219
57.207,0.4500,0.9723,0.0000,6,184.32,-10.24,-14.30,0.2478,-0.0817,11713.0,0.0,167.13,164.48,169.01,169.01,6.06715,14.4385,61.2692,52.0506,46.8755,44.4119,43.1349,42.0397,41.2703,40.5121,39.765,39.0294,38.0188,36.8921,34.8621,31.1317,25.8823,20.3649,10.9055
57.225,0.4500,0.9848,0.0000,6,184.59,-9.56,-14.34,0.2520,-0.0759,11733.6,0.0,167.22,164.68,169.31,169.31,6.06544,14.7048,60.6994,51.5249,46.3852,43.9414,42.6757,41.5905,40.8285,40.0777,39.3381,38.6102,37.6104,36.4963,34.4901,30.8077,25.634,20.2027,10.8806
57.245,0.4500,0.9916,0.0000,6,184.89,-8.86,-14.38,0.2560,-0.0698,11741.8,0.0,167.41,164.94,169.43,169.43,6.06898,15.0286,60.0922,50.965,45.8631,43.4406,42.1868,41.1123,40.3581,39.6151,38.8836,38.1637,37.1755,36.0746,34.0937,30.4618,25.3677,20.0269,10.8499
57.262,0.4500,0.5454,0.0000,6,185.21,-8.16,-14.41,0.2595,-0.0634,11745.0,0.0,167.67,165.25,169.48,169.48,6.07709,15.408,59.4675,50.3894,45.3266,42.9261,41.6845,40.6211,39.8749,39.1401,38.4167,37.7051,36.7288,35.6416,33.6865,30.1063,25.0931,19.844,10.815
57.288,0.4500,0.3000,0.0000,6,185.37,-7.43,-14.43,0.2625,-0.0569,11544.9,0.0,167.97,165.60,166.65,166.65,6.09026,15.8579,58.8231,49.7965,44.7744,42.3965,41.1677,40.1156,39.3777,38.6513,37.9365,37.2334,36.2691,35.1959,33.2674,29.7401,24.8094,19.6535,10.7758
57.307,0.4500,0.1650,0.0000,6,185.25,-6.61,-14.42,0.2652,-0.0503,11412.7,0.0,168.19,165.89,164.72,164.72,6.10814,16.3919,58.1641,49.1909,44.2107,41.8563,40.6404,39.6001,38.8706,38.1528,37.4467,36.7524,35.8005,34.7416,32.8402,29.3666,24.5194,19.4576,10.7328
57.325,0.4500,0.0907,0.0000,6,184.95,-5.92,-14.40,0.2675,-0.0445,11335.4,0.0,168.32,166.04,164.43,162.76,6.12496,16.9289,57.5884,48.6627,43.7199,41.386,40.1817,39.1516,38.4297,37.7194,37.021,36.3344,35.3933,34.347,32.4693,29.0427,24.2681,19.2876,10.6952
57.344,0.4500,0.0499,0.0000,6,184.56,-5.53,-14.34,0.2694,-0.0406,11281.1,0.0,168.42,165.97,163.99,161.62,6.13322,17.3143,57.2148,48.3202,43.4018,41.0817,39.8849,38.8617,38.1447,37.4395,36.746,36.0645,35.1307,34.0926,32.2305,28.8348,24.1078,19.1802,10.6734
57.362,0.4500,0.0274,0.0000,6,184.11,-5.47,-14.27,0.2710,-0.0388,11237.7,0.0,168.45,165.71,163.66,160.71,6.13095,17.4706,57.062,48.1797,43.2714,40.9572,39.7636,38.7432,38.0283,37.3252,36.634,35.9547,35.024,33.9894,32.134,28.7516,24.0451,19.1402,10.6692
57.388,0.4500,0.0151,0.0000,6,183.64,-5.70,-14.19,0.2723,-0.0388,11199.5,0.0,168.39,165.30,163.34,159.92,6.11967,17.4089,57.0961,48.2096,43.2993,40.9839,39.7899,38.769,38.0538,37.3503,36.6588,35.9793,35.0482,34.0131,32.1568,28.773,24.0642,19.1566,10.6797
57.407,0.4500,0.0083,0.0000,6,183.15,-6.14,-14.11,0.2734,-0.0402,11164.0,0.0,168.22,164.81,163.02,159.22,6.10104,17.1734,57.2831,48.3793,43.4566,41.1347,39.937,38.913,38.1955,37.4898,36.7959,36.114,35.1796,34.1409,32.2776,28.88,24.1502,19.2191,10.7022
57.426,0.4500,0.0046,0.0000,6,182.63,-6.75,-14.05,0.2742,-0.0428,11129.1,0.0,167.95,164.26,162.66,158.57,6.07663,16.8201,57.5933,48.6615,43.7185,41.3856,40.182,39.1527,38.4313,37.7216,37.0238,36.3379,35.398,34.3529,32.4777,29.0565,24.2907,19.3194,10.7347
57.444,0.4500,0.0025,0.0000,6,182.11,-7.50,-14.00,0.2750,-0.0465,11094.6,0.0,167.61,163.67,162.29,157.95,6.04735,16.39,58.0113,49.0428,44.0727,41.7251,40.5132,39.4767,38.7501,38.0352,37.3321,36.6409,35.6934,34.6396,32.7482,29.295,24.48,19.4533,10.776
57.463,0.4500,0.0014,0.0000,6,181.57,-8.32,-13.95,0.2757,-0.0508,11060.0,0.0,167.19,163.07,161.88,157.37,6.01517,15.9366,58.5004,49.4897,44.4883,42.1237,40.9024,39.8574,39.1247,38.4037,37.6944,36.997,36.0407,34.9768,33.0663,29.5756,24.7025,19.6103,10.8233
57.482,0.4500,0.0008,0.0000,6,181.02,-9.18,-13.95,0.2763,-0.0552,11024.6,0.0,166.72,162.48,161.40,156.82,5.98318,15.5128,59.0061,49.9526,44.9193,42.5372,41.3063,40.2527,39.5137,38.7863,38.0706,37.3668,36.4015,35.3272,33.397,29.8674,24.9339,19.7735,10.872
57.507,0.4500,0.0004,0.0000,6,180.47,-9.95,-13.96,0.2768,-0.0591,10989.9,0.0,166.15,161.92,160.86,156.36,5.95534,15.1675,59.4571,50.3658,45.304,42.9064,41.667,40.6057,39.8612,39.1282,38.4068,37.6973,36.7239,35.6404,33.6927,30.1283,25.1409,19.9194,10.9154
57.526,0.4500,0.0002,0.0000,6,179.92,-10.58,-13.98,0.2773,-0.0624,10954.9,0.0,165.53,161.37,160.30,155.91,5.93167,14.8891,59.8492,50.7248,45.6386,43.2274,41.9805,40.9126,40.1633,39.4255,38.6993,37.9847,37.0043,35.9127,33.95,30.3554,25.3212,20.0464,10.953
57.545,0.4500,0.0001,0.0000,6,179.36,-11.24,-14.07,0.2777,-0.0658,10917.9,0.0,164.91,160.80,159.75,155.39,5.90893,14.6288,60.2412,51.084,45.9733,43.5489,42.2946,41.22,40.4659,39.7233,38.9922,38.2727,37.2854,36.1857,34.2078,30.5831,25.5019,20.1735,10.9903
57.563,0.4500,0.0001,0.0000,6,178.78,-11.92,-14.11,0.2780,-0.0695,10882.8,0.0,164.33,160.19,159.28,154.85,5.88428,14.3519,60.6858,51.4923,46.3544,43.915,42.6523,41.5703,40.8108,40.0627,39.3261,38.6011,37.6059,36.4971,34.502,30.8432,25.7084,20.3186,11.0322
57.582,0.4500,0.0000,0.0000,6,178.19,-12.52,-14.12,0.2784,-0.0734,10847.5,0.0,163.73,159.58,158.78,154.33,5.85963,14.0876,61.1433,51.9065,46.7414,44.2869,43.016,41.9266,41.1617,40.408,39.6658,38.9352,37.9321,36.8143,34.8018,31.1084,25.9191,20.4669,11.0749
57.607,0.4500,0.0000,0.0000,6,177.62,-13.06,-14.17,0.2787,-0.0764,10812.0,0.0,163.13,159.04,158.21,153.88,5.83945,13.8838,61.5699,52.2442,47.0569,44.5901,43.3124,42.217,41.4477,40.6896,39.9428,39.2077,38.1981,37.0729,35.0464,31.3248,26.0912,20.588,11.1101
57.626,0.4500,0.0000,0.0000,6,177.06,-13.33,-14.22,0.2791,-0.0781,10777.3,0.0,162.45,158.53,157.57,153.51,5.82673,13.7656,61.9011,52.4494,47.248,44.7736,43.4917,42.3923,41.6204,40.8596,40.1101,39.3721,38.3586,37.2287,35.1937,31.455,26.1947,20.6609,11.1317
57.645,0.4500,0.0000,0.0000,6,176.51,-13.38,-14.25,0.2794,-0.0788,10743.5,0.0,161.74,158.03,156.95,153.16,5.81966,13.7115,62.1535,52.5469,47.3378,44.8595,43.5754,42.4742,41.7008,40.9385,40.1878,39.4484,38.433,37.3009,35.2617,31.5149,26.2422,20.6945,11.1425
57.663,0.4500,0.0000,0.0000,6,175.96,-13.56,-14.38,0.2798,-0.0798,10706.7,0.0,161.12,157.52,156.41,152.63,5.81121,13.6416,62.4927,52.674,47.4556,44.9723,43.6854,42.5819,41.8067,41.0427,40.2901,39.549,38.5311,37.3962,35.3515,31.5942,26.3051,20.739,11.1562
57.682,0.4500,0.0000,0.0000,6,175.39,-13.75,-14.43,0.2802,-0.0814,10673.4,0.0,160.57,156.97,155.97,152.12,5.7997,13.5404,62.9671,52.8599,47.6287,45.1384,43.8478,42.7408,41.9632,41.1967,40.4415,39.6979,38.6764,37.5374,35.485,31.7123,26.399,20.8052,11.1758
57.707,0.4500,0.0000,0.0000,6,174.82,-13.88,-14.45,0.2806,-0.0829,10640.0,0.0,160.03,156.42,155.49,151.63,5.78732,13.4367,63.5181,53.0518,47.8077,45.3103,44.0158,42.9054,42.1252,41.3562,40.5985,39.8523,38.8271,37.6839,35.6236,31.835,26.4969,20.8744,11.1968
57.726,0.4500,0.0000,0.0000,6,174.27,-13.92,-14.49,0.2811,-0.0838,10606.8,0.0,159.48,155.93,154.95,151.21,5.77831,13.3734,64.0334,53.1689,47.9162,45.4145,44.1175,43.0049,42.2233,41.4527,40.6934,39.9455,38.9181,37.7723,35.7072,31.909,26.556,20.9167,11.2106
57.745,0.4500,0.0000,0.0000,6,173.73,-13.74,-14.50,0.2817,-0.0836,10574.6,0.0,158.88,155.47,154.37,150.86,5.7742,13.3649,64.4573,53.182,47.9254,45.4228,44.1253,43.0123,42.2303,41.4595,40.7001,39.952,38.9243,37.7782,35.7126,31.9136,26.56,20.9203,11.214
57.764,0.4500,0.0000,0.0000,6,173.21,-13.41,-14.51,0.2824,-0.0827,10542.6,0.0,158.27,155.03,153.80,150.51,5.77338,13.3969,64.8143,53.1359,47.8588,45.358,44.0616,42.9496,42.1685,41.3984,40.6398,39.8926,38.8661,37.7214,35.6586,31.8658,26.5223,20.895,11.2101
57.782,0.4500,0.0000,0.0000,6,172.69,-13.18,-14.58,0.2832,-0.0820,10509.7,0.0,157.74,154.59,153.32,150.04,5.77045,13.4116,65.2797,53.1498,47.8205,45.3206,44.0249,42.9135,42.1327,41.3631,40.6049,39.8582,38.8325,37.6887,35.6275,31.8383,26.5012,20.8816,11.2097
57.808,0.4500,0.0000,0.0000,6,172.17,-12.95,-14.60,0.2841,-0.0816,10479.1,0.0,157.27,154.12,152.89,149.58,5.7649,13.4051,65.8771,53.2358,47.8166,45.3164,44.0206,42.9092,42.1284,41.3589,40.6007,39.854,38.8283,37.6846,35.6238,31.8353,26.4997,20.8823,11.2137
57.826,0.4500,0.0000,0.0000,6,171.65,-12.71,-14.60,0.2852,-0.0813,10448.5,0.0,156.81,153.67,152.45,149.14,5.75797,13.3928,66.5662,53.3656,47.8183,45.3179,44.0219,42.9105,42.1297,41.3601,40.6019,39.8551,38.8294,37.6859,35.6251,31.8371,26.5025,20.8863,11.2193
57.845,0.4500,0.0000,0.0000,6,171.14,-12.42,-14.61,0.2863,-0.0806,10418.4,0.0,156.35,153.25,151.97,148.75,5.75231,13.4011,67.2614,53.4839,47.7796,45.2804,43.9852,42.8744,42.0942,41.3251,40.5675,39.8213,38.7965,37.6539,35.5952,31.8112,26.4835,20.8755,11.2213
57.863,0.4500,0.0000,0.0000,6,170.65,-12.02,-14.61,0.2876,-0.0793,10389.0,0.0,155.87,152.85,151.48,148.39,5.74854,13.4364,67.9363,53.5747,47.6946,45.194,43.9006,42.7914,42.0124,41.2447,40.4883,39.7435,38.7206,37.5801,35.5257,31.7505,26.4371,20.8457,11.2187
57.882,0.4500,0.4500,0.0000,6,170.17,-11.56,-14.62,0.2890,-0.0777,10359.7,0.0,155.39,152.47,151.00,148.03,5.74544,13.4879,68.6274,53.6601,47.6002,45.0775,43.7866,42.6797,41.9023,41.1363,40.3817,39.6388,38.6184,37.4809,35.4322,31.6688,26.3742,20.8048,11.2137
57.908,0.4500,0.6975,0.0000,6,169.90,-11.20,-14.66,0.2905,-0.0763,10578.4,0.0,154.99,152.10,152.63,152.63,5.74068,13.5287,69.4494,53.8059,47.5484,44.9766,43.6881,42.5833,41.8075,41.0429,40.2899,39.5485,38.5305,37.3957,35.3521,31.599,26.3212,20.7712,11.2112
57.927,0.4500,0.8336,0.0000,6,169.83,-10.82,-14.68,0.2922,-0.0747,10703.1,0.0,154.71,151.85,154.41,154.41,5.73609,13.5781,70.3389,53.9714,47.5069,44.8653,43.5748,42.4725,41.6983,40.9356,40.1844,39.4449,38.4295,37.2978,35.26,31.519,26.2603,20.7322,11.2076
57.945,0.4500,0.9085,0.0000,6,169.93,-10.46,-14.70,0.2939,-0.0728,10794.5,0.0,154.58,151.73,155.73,155.73,5.73228,13.6419,71.2805,54.1453,47.4668,44.7519,43.4389,42.3394,41.5675,40.8069,40.0579,39.3206,38.3083,37.1803,35.1495,31.4227,26.1866,20.6846,11.2019
57.964,0.4500,0.9497,0.0000,6,170.13,-10.08,-14.74,0.2956,-0.0703,10851.2,0.0,154.56,151.74,156.56,156.56,5.73117,13.7374,72.2093,54.2894,47.3992,44.613,43.2686,42.162,41.3928,40.6351,39.8889,39.1545,38.1463,37.0231,35.0016,31.2932,26.0866,20.6184,11.1911
57.983,0.4500,0.9723,0.0000,6,170.41,-9.64,-14.77,0.2973,-0.0673,10884.8,0.0,154.62,151.86,157.06,157.06,5.73422,13.88,73.0643,54.3707,47.2797,44.4273,43.054,41.9266,41.1582,40.4043,39.662,38.9315,37.9287,36.8119,34.8025,31.1185,25.9505,20.5269,11.1729
58.002,0.4500,0.9848,0.0000,6,170.73,-9.13,-14.81,0.2989,-0.0635,10906.3,0.0,154.75,152.08,157.36,157.36,5.74196,14.0767,73.8238,54.3797,47.1023,44.1898,42.7906,41.6434,40.8646,40.1139,39.3763,38.6507,37.6548,36.5458,34.5515,30.898,25.7781,20.4095,11.147
58.027,0.4500,0.9916,0.0000,6,171.07,-8.60,-14.87,0.3003,-0.0593,10927.3,0.0,154.96,152.37,157.67,157.67,5.75333,14.3164,74.5609,54.3569,46.8974,43.9274,42.5037,41.3378,40.5472,39.7892,39.0565,38.3362,37.348,36.248,34.2705,30.6509,25.5844,20.277,11.1161
58.046,0.4500,0.9954,0.0000,6,171.43,-8.07,-14.92,0.3016,-0.0549,10939.4,0.0,155.24,152.71,157.85,157.85,5.76707,14.5859,75.3623,54.3469,46.6979,43.6687,42.2198,41.035,40.2322,39.4632,38.726,38.0112,37.031,35.9402,33.9801,30.3956,25.384,20.1393,11.0829
58.065,0.4500,0.9975,0.0000,6,171.78,-7.56,-14.95,0.3028,-0.0507,10947.7,0.0,155.58,153.08,157.97,157.97,5.78223,14.8737,76.3082,54.387,46.5305,43.4368,41.9604,40.7549,39.9389,39.158,38.4098,37.6925,36.7201,35.6383,33.6954,30.1451,25.1873,20.0037,11.0492
58.083,0.4500,0.9986,0.0000,6,172.14,-7.10,-14.96,0.3037,-0.0467,10955.9,0.0,155.97,153.46,158.09,158.09,5.79757,15.164,77.5002,54.5217,46.4257,43.2574,41.7495,40.5199,39.6887,38.8937,38.1328,37.404,36.4319,35.3585,33.4315,29.913,25.0048,19.8776,11.0173
58.102,0.4500,0.9992,0.0000,6,172.50,-6.71,-14.96,0.3044,-0.0431,10966.3,0.0,156.40,153.84,158.24,158.24,5.81244,15.4452,79.0255,54.783,46.4044,43.148,41.6026,40.3446,39.4952,38.6836,37.9076,37.1649,36.1772,35.1089,33.1962,29.7059,24.8418,19.7647,10.9882
58.127,0.4500,0.9996,0.0000,6,172.85,-6.41,-14.95,0.3049,-0.0400,10978.5,0.0,156.84,154.21,158.41,158.41,5.82663,15.7097,80.968,55.1953,46.4808,43.1199,41.53,40.2381,39.367,38.5357,37.7416,36.9823,35.9737,34.8925,32.992,29.5261,24.7,19.6661,10.962
58.146,0.4500,0.9998,0.0000,6,173.20,-6.19,-14.94,0.3052,-0.0374,10993.6,0.0,157.28,154.57,158.63,158.63,5.84006,15.9531,83.4136,55.7778,46.6645,43.1802,41.5376,40.2057,39.309,38.4543,37.6387,36.8598,35.8264,34.7203,32.8181,29.3727,24.5787,19.5813,10.9388
58.164,0.4500,0.9999,0.0000,6,173.54,-6.05,-14.92,0.3053,-0.0351,11012.0,0.0,157.71,154.91,158.89,158.89,5.85284,16.1721,86.4735,56.5526,46.966,43.3362,41.6316,40.2527,39.3259,38.4437,37.603,36.8011,35.7385,34.6031,32.673,29.2444,24.4767,19.5094,10.9182
58.183,0.4500,0.9999,0.0000,6,173.87,-5.99,-14.90,0.3051,-0.0334,11033.3,0.0,158.12,155.23,159.19,159.19,5.86482,16.3601,90.3176,57.5552,47.4029,43.6011,41.8236,40.3894,39.4272,38.5126,37.6424,36.8133,35.7166,34.5467,32.564,29.1419,24.3947,19.4508,10.9004
58.202,0.4500,0.9999,0.0000,6,174.19,-6.01,-14.86,0.3048,-0.0323,11056.4,0.0,158.55,155.54,159.53,159.53,5.87439,16.4865,95.3254,58.8829,48.0321,44.0199,42.1538,40.6522,39.647,38.6932,37.7871,36.9252,35.7869,34.5752,32.5274,29.0786,24.3429,19.4129,10.8875
58.227,0.4500,1.0000,0.0000,6,174.51,-6.14,-14.83,0.3042,-0.0318,11081.1,0.0,158.94,155.81,159.88,159.88,5.88243,16.5623,101.799,60.5651,48.8596,44.5946,42.6221,41.0403,39.984,38.9836,38.0348,37.1339,35.9466,34.6854,32.5607,29.0456,24.3146,19.3909,10.8782
58.247,0.4500,1.0000,0.0000,6,174.84,-6.32,-14.80,0.3034,-0.0315,11101.7,0.0,159.30,156.07,160.19,160.19,5.89037,16.6114,110.092,62.6113,49.8766,45.3134,43.2166,41.5413,40.4256,39.3712,38.3732,37.4274,36.1835,34.8655,32.6527,29.0289,24.2987,19.3768,10.8703
58.265,0.4500,1.0000,0.0000,6,175.16,-6.48,-14.76,0.3025,-0.0313,11119.1,0.0,159.61,156.32,160.43,160.43,5.90019,16.6743,120.545,64.9832,51.0424,46.1391,43.9019,42.1216,40.9394,39.8248,38.7721,37.7765,36.47,35.0895,32.7804,29.0216,24.2779,19.359,10.8605
58.283,0.4500,1.0000,0.0000,6,175.47,-6.61,-14.74,0.3014,-0.0308,11142.9,0.0,159.89,156.59,160.78,160.78,5.91263,16.7655,133.896,67.7043,52.3543,47.0655,44.6711,42.7738,41.5181,40.3369,39.2241,38.1738,36.799,35.3504,32.937,29.0337,24.2467,19.3333,10.8476
58.302,0.4500,1.0000,0.0000,6,175.78,-6.72,-14.70,0.3001,-0.0304,11170.0,0.0,160.17,156.86,161.16,161.16,5.92667,16.8652,151.848,70.9231,53.8781,48.1408,45.5655,43.5347,42.1952,40.9388,39.7579,38.6462,37.1948,35.6703,33.1411,29.0787,24.2133,19.3056,10.8332
58.328,0.4500,1.0000,0.0000,6,176.07,-6.89,-14.65,0.2986,-0.0305,11195.9,0.0,160.48,157.12,161.54,161.54,5.93857,16.9058,178.684,75.0348,55.8018,49.5058,46.708,44.5138,43.0725,41.7247,40.4616,39.2757,37.7322,36.1167,33.4494,29.198,24.2041,19.2944,10.8229
58.347,0.4500,1.0000,0.0000,6,176.36,-7.13,-14.62,0.2970,-0.0309,11221.5,0.0,160.78,157.34,161.91,161.91,5.94958,16.9106,200.0,80.2312,58.165,51.1775,48.1083,45.7168,44.153,42.6957,41.3346,40.0606,38.4082,36.6855,33.8563,29.3858,24.2097,19.2931,10.8147
58.365,0.4500,1.0000,0.0000,6,176.67,-7.37,-14.57,0.2953,-0.0314,11232.9,0.0,161.04,157.57,162.09,162.09,5.96195,16.9221,200.0,86.6708,60.9642,53.1361,49.7431,47.1181,45.4106,43.8257,42.3507,40.9749,39.1972,37.3519,34.3393,29.6232,24.2292,19.2898,10.8053
58.384,0.4500,1.0000,0.0000,6,176.98,-7.48,-14.50,0.2934,-0.0312,11242.9,0.0,161.26,157.81,162.22,162.22,5.97921,17.0139,200.0,94.2869,64.0674,55.265,51.5049,48.6183,46.751,45.0252,43.4254,41.9385,40.025,38.048,34.8398,29.8664,24.2492,19.2644,10.7891
58.402,0.4500,1.0000,0.0000,6,177.28,-7.50,-14.46,0.2914,-0.0303,11263.4,0.0,161.45,158.09,162.51,162.51,6.00172,17.1956,199.485,103.351,67.4936,57.5636,53.3889,50.2108,48.167,46.2865,44.5506,42.9433,40.8837,38.7659,35.3511,30.1103,24.2668,19.2152,10.7655
58.427,0.4500,1.0000,0.0000,6,177.57,-7.44,-14.39,0.2893,-0.0293,11289.1,0.0,161.67,158.38,162.88,162.88,6.02635,17.4071,191.595,114.977,71.5502,60.2334,55.5616,52.0383,49.7876,47.7272,45.8337,44.0881,41.8614,39.5838,35.9369,30.3997,24.31,19.16,10.7396
58.446,0.4500,1.0000,0.0000,6,177.85,-7.50,-14.32,0.2871,-0.0290,11313.1,0.0,161.97,158.64,163.23,163.23,6.0475,17.5239,167.253,131.823,76.9042,63.6968,58.3667,54.3926,51.8745,49.5828,47.4886,45.5675,43.1302,40.6526,36.7174,30.8168,24.4279,19.1262,10.7194
58.465,0.4500,1.0000,0.0000,6,178.12,-7.65,-14.28,0.2847,-0.0291,11336.6,0.0,162.26,158.88,163.57,163.57,6.06728,17.5139,95.1298,157.054,83.8747,68.0788,61.8803,57.3226,54.4623,51.8776,49.5308,47.3906,44.6927,41.9698,37.685,31.3504,24.6108,19.1104,10.7019
58.483,0.4500,1.0000,0.0000,6,178.44,-7.76,-14.19,0.2823,-0.0291,11332.2,0.0,162.52,159.11,163.53,163.53,6.08906,17.4512,69.8012,200.0,92.699,73.4032,66.0845,60.7906,57.5055,54.5612,51.9074,49.5034,46.4947,43.4825,38.791,31.9621,24.833,19.1154,10.682
58.502,0.4118,1.0000,0.0000,6,178.74,-7.69,-14.10,0.2798,-0.0280,11338.5,0.0,162.72,159.38,163.60,163.60,6.11778,17.4254,57.6229,200.0,103.214,79.4115,70.7313,64.5661,60.7871,57.4302,54.4285,51.7288,48.3757,45.0468,39.9179,32.5705,25.0459,19.1152,10.6524
58.528,0.3217,1.0000,0.0000,6,179.05,-7.53,-14.04,0.2771,-0.0261,11359.0,0.0,163.06,159.86,163.89,163.89,6.15301,17.4173,50.4608,200.0,116.025,86.2844,75.9257,68.7177,64.3593,60.5252,57.1264,54.0929,50.3557,46.6786,41.0767,33.1829,25.2547,19.1133,10.6142
58.547,0.2896,1.0000,0.0000,6,179.33,-7.33,-13.93,0.2743,-0.0244,11384.5,0.0,163.84,160.78,164.26,164.26,6.18885,17.3412,45.2202,196.861,133.772,95.1367,82.4572,73.8563,68.7407,64.2926,60.3895,56.9373,52.7245,48.6218,42.451,33.9151,25.5237,19.1447,10.5762
58.565,0.2606,1.0000,0.0000,6,179.64,-7.30,-13.84,0.2714,-0.0233,11408.3,0.0,164.60,161.55,164.60,164.60,6.22101,17.1579,40.8776,190.37,161.66,107.701,91.4471,80.7907,74.5892,69.2767,64.6752,60.6513,55.7981,51.1316,44.2212,34.8706,25.906,19.2366,10.544
58.584,0.2345,1.0000,0.0000,6,179.96,-7.37,-13.79,0.2684,-0.0225,11431.4,0.0,165.22,162.17,164.94,164.94,6.25351,16.9279,37.4003,181.995,200.0,125.463,103.587,89.8872,82.1357,75.6202,70.0675,65.279,59.5856,54.1938,46.3541,36.0126,26.3743,19.3721,10.5124
58.603,0.2111,1.0000,0.0000,6,180.36,-7.26,-13.64,0.2651,-0.0210,11411.0,0.0,165.70,162.77,164.66,164.66,6.29259,16.7248,34.8137,160.155,200.0,149.593,119.057,101.028,91.1742,83.0777,76.3072,70.5621,63.841,57.5836,48.6656,37.2182,26.8601,19.5149,10.4726
58.628,0.1900,1.0000,0.0000,6,180.75,-6.94,-13.52,0.2618,-0.0179,11420.4,0.0,166.09,163.42,164.78,164.78,6.34358,16.5919,33.0169,116.71,196.502,200.0,137.496,113.664,101.151,91.1258,82.9143,76.0658,68.1892,60.9836,50.9219,38.3502,27.2946,19.6318,10.4182
58.647,0.1710,1.0000,0.0000,6,181.13,-6.51,-13.42,0.2581,-0.0137,11444.8,0.0,166.46,164.09,165.13,165.13,6.40479,16.4927,31.6643,95.0907,192.094,200.0,160.431,128.495,112.508,100.066,90.1076,81.9577,72.7545,64.4903,53.1903,39.4511,27.7031,19.7369,10.3525
58.665,0.1539,1.0000,0.0000,6,181.51,-6.10,-13.27,0.2542,-0.0100,11471.2,0.0,166.99,164.69,165.51,165.51,6.46594,16.3297,30.3096,80.0533,187.02,197.546,200.0,150.0,128.389,112.229,99.6889,89.6756,78.6285,68.9359,56.0188,40.8129,28.2258,19.8986,10.2932
58.684,0.1385,1.0000,0.0000,6,181.91,-5.90,-13.15,0.2500,-0.0068,11495.5,0.0,167.52,165.16,165.86,165.86,6.52691,16.1075,28.9542,68.8586,180.866,193.094,197.951,200.0,151.972,129.588,112.958,100.118,86.3822,74.686,59.5895,42.5013,28.8836,20.1244,10.2529
58.703,0.1246,1.0000,0.0000,6,182.34,-5.74,-13.03,0.2454,-0.0034,11498.5,0.0,167.98,165.62,165.96,165.96,6.58548,15.8714,27.7273,60.7205,173.04,188.286,193.701,197.767,200.0,153.812,130.697,113.629,96.077,81.6731,63.7798,44.4159,29.6203,20.3854,10.2261
58.728,0.1122,1.0000,0.0000,6,182.80,-5.33,-12.82,0.2404,0.0013,11487.8,0.0,168.33,166.20,165.76,165.76,6.63723,15.6847,26.7908,55.2988,154.741,183.568,189.626,194.056,196.878,199.477,151.716,128.985,106.632,89.018,67.9954,46.2523,30.3008,20.6203,10.2021
58.747,0.1010,1.0000,0.0000,6,183.24,-4.78,-12.65,0.2350,0.0075,11506.3,0.0,168.63,166.83,166.02,166.02,6.68321,15.5457,26.0943,51.6113,126.146,179.043,185.834,190.632,193.648,196.405,198.95,145.645,117.559,96.3441,72.0161,47.9213,30.8954,20.8187,10.1794
58.765,0.0909,1.0000,0.0000,6,183.67,-4.17,-12.41,0.2289,0.0142,11537.0,0.0,169.05,167.47,166.46,166.46,6.71749,15.4025,25.4596,48.5961,107.835,174.158,181.956,187.189,190.42,193.348,196.034,198.518,130.395,104.633,76.3816,49.67,31.5107,21.029,10.1663
58.784,0.0818,1.0000,0.0000,6,184.10,-3.84,-12.18,0.2223,0.0193,11566.6,0.0,169.60,167.86,166.88,166.88,6.73039,15.1875,24.6919,45.4464,92.4445,167.22,177.196,183.119,186.662,189.826,192.701,195.344,149.772,116.581,82.392,52.0061,32.3406,21.3332,10.1768
58.802,0.0736,1.0000,0.0000,6,184.55,-3.67,-12.04,0.2161,0.0118,11595.2,0.0,170.02,168.28,167.30,167.30,6.73151,14.9606,23.9539,42.7017,81.1251,147.794,171.771,178.745,182.695,186.149,189.247,192.069,195.655,131.687,89.5,54.6249,33.2506,21.6706,10.1993
58.828,0.0662,1.0000,0.0000,6,185.07,-3.37,-11.83,0.2113,0.0054,11565.2,0.0,170.34,168.82,166.89,166.89,6.72892,14.7687,23.359,40.6324,73.5699,123.954,165.946,174.511,178.935,182.699,186.022,189.02,192.8,148.14,96.6605,57.1043,34.0838,21.9764,10.2229
58.846,0.0596,1.0000,0.0000,6,185.54,-2.83,-11.65,0.2079,0.0012,11593.8,0.0,170.58,169.49,167.27,167.27,6.72921,14.6482,22.9865,39.376,69.3,111.979,160.301,171.079,175.926,179.939,183.434,186.562,190.48,194.456,102.173,58.9029,34.6657,22.1847,10.2372
58.865,0.0537,1.0000,0.0000,6,185.97,-2.38,-11.67,0.2056,-0.0022,11654.4,0.0,170.88,170.04,168.13,168.13,6.72637,14.5491,22.6943,38.4331,66.275,104.102,149.726,167.962,173.238,177.481,181.126,184.363,188.396,192.471,107.016,60.422,35.1498,22.3588,10.2519
58.883,0.0483,1.0000,0.0000,6,186.42,-2.09,-11.85,0.2042,-0.0054,11713.7,0.0,171.26,170.49,168.99,168.99,6.71642,14.4385,22.3929,37.5171,63.5047,97.3239,135.99,164.609,170.46,174.975,178.789,182.144,186.299,190.478,112.33,62.039,35.6651,22.5491,10.2738
58.903,0.0435,1.0000,0.0000,6,186.87,-1.89,-11.93,0.2036,-0.0092,11760.4,0.0,171.78,170.95,169.67,169.67,6.69679,14.297,22.0326,36.4827,60.551,90.5094,123.005,160.345,167.234,172.15,176.193,179.705,184.015,188.323,119.189,64.0507,36.3036,22.7899,10.3077
58.927,0.0391,1.0000,0.0000,6,187.34,-1.87,-12.01,0.2038,-0.0135,11793.7,0.0,172.29,171.33,170.16,170.16,6.66675,14.1205,21.6045,35.3118,57.3842,83.6109,110.603,153.237,163.267,168.847,173.23,176.958,181.475,185.949,128.41,66.6148,37.1048,23.0944,10.3553
58.947,0.0352,1.0000,0.0000,6,187.82,-1.90,-12.09,0.2047,-0.0179,11818.3,0.0,172.74,171.75,170.54,170.54,6.63056,13.9338,21.1694,34.1722,54.4571,77.5666,100.297,134.911,158.564,165.263,170.099,174.093,178.852,183.511,139.364,69.4619,37.9739,23.4249,10.4105
58.964,0.0317,1.0000,0.0000,6,188.37,-1.76,-11.95,0.2064,-0.0216,11776.5,0.0,173.14,172.31,169.93,169.93,6.59296,13.7654,20.7947,33.2356,52.168,73.0594,92.9356,121.998,153.129,161.814,167.168,171.432,176.42,181.25,150.372,72.0841,38.7603,23.7263,10.4651
58.985,0.0285,1.0000,0.0000,6,188.85,-1.51,-11.84,0.2089,-0.0243,11803.0,0.0,173.50,172.87,170.29,170.29,6.55508,13.621,20.4907,32.5159,50.4948,69.8978,87.9469,113.643,143.632,158.718,164.599,169.104,174.283,179.247,186.898,74.2489,39.4086,23.9806,10.5169
59.002,0.0257,1.0000,0.0000,6,189.31,-1.28,-11.79,0.2121,-0.0266,11843.5,0.0,173.88,173.36,170.87,170.87,6.51456,13.4829,20.2131,31.8877,49.0941,67.3375,84.0117,107.273,133.733,155.684,162.177,166.92,172.276,177.36,185.149,76.234,40.0044,24.2194,10.57
59.028,0.0231,1.0000,0.0000,6,189.77,-1.11,-11.78,0.2158,-0.0288,11889.3,0.0,174.31,173.82,171.53,171.53,6.4702,13.3409,19.9356,31.2793,47.7797,64.9953,80.486,101.714,125.338,152.371,159.725,164.739,170.283,175.49,183.414,78.258,40.6091,24.4644,10.6273
59.047,0.0208,1.0000,0.0000,6,190.23,-1.01,-11.72,0.2201,-0.0312,11927.0,0.0,174.77,174.25,172.08,172.08,6.42054,13.1853,19.6356,30.6324,46.4096,62.6005,76.9391,96.2437,117.272,147.927,157.025,162.406,168.184,173.536,181.617,80.5693,41.287,24.7379,10.6915
59.065,0.0187,1.0000,0.0000,6,190.70,-0.97,-11.70,0.2249,-0.0336,11958.7,0.0,175.19,174.67,172.54,172.54,6.36698,13.0228,19.3274,29.982,45.0642,60.2974,73.5856,91.1826,109.979,138.55,154.115,159.981,166.034,171.548,179.796,83.0577,42.0052,25.0276,10.7607
59.083,0.0168,1.0000,0.0000,6,191.21,-0.92,-11.63,0.2301,-0.0358,11954.3,0.0,175.61,175.13,172.51,172.51,6.31091,12.8604,19.0271,29.3657,43.8253,58.2254,70.6215,86.8074,103.811,129.112,151.081,157.567,163.918,169.596,178.007,85.5429,42.7166,25.317,10.8324
59.102,0.0152,1.0000,0.0000,6,191.69,-0.80,-11.49,0.2358,-0.0375,11971.3,0.0,176.02,175.64,172.72,172.72,6.25404,12.7073,18.7549,28.8309,42.7928,56.5475,68.2714,83.4173,99.1373,122.168,148.158,155.347,161.972,167.788,176.332,87.7171,43.3482,25.5815,10.9031
59.127,0.0136,1.0000,0.0000,6,192.15,-0.68,-11.39,0.2419,-0.0390,12004.7,0.0,176.41,176.11,173.20,173.20,6.19589,12.5596,18.5005,28.3498,41.8968,55.13,66.3217,80.6626,95.4084,116.761,145.232,153.272,160.15,166.087,174.741,89.6568,43.923,25.8295,10.9738
59.147,0.0123,1.0000,0.0000,6,192.61,-0.58,-11.36,0.2484,-0.0402,12046.0,0.0,176.81,176.54,173.79,173.79,6.13578,12.4116,18.2508,27.8888,41.0591,53.8293,64.5563,78.2062,92.1286,112.092,141.9,151.236,158.376,164.428,173.183,91.5252,44.4817,26.0746,11.0463
59.164,0.0110,1.0000,0.0000,6,193.06,-0.51,-11.32,0.2552,-0.0415,12084.4,0.0,177.24,176.99,174.35,174.35,6.07352,12.2608,17.9987,27.4298,40.2377,52.5688,62.8619,75.8726,89.0463,107.765,136.46,149.164,156.597,162.769,171.627,93.4328,45.0501,26.3249,11.1212
59.184,0.0099,1.0000,0.0000,6,193.53,-0.47,-11.30,0.2622,-0.0427,12117.5,0.0,177.66,177.41,174.83,174.83,6.00905,12.1062,17.7425,26.9681,39.4209,51.3283,61.2066,73.6145,86.0892,103.663,130.264,147.02,154.798,161.099,170.064,95.4136,45.6357,26.583,11.1988
59.202,0.0089,1.0000,0.0000,6,193.99,-0.43,-11.29,0.2696,-0.0439,12143.5,0.0,178.08,177.84,175.23,175.23,5.94276,11.9497,17.4855,26.5108,38.6233,50.1308,59.6225,71.4757,83.314,99.8613,124.623,144.821,152.998,159.434,168.506,97.4192,46.227,26.8448,11.2786
59.227,0.0081,1.0000,0.0000,6,194.48,-0.39,-11.20,0.2772,-0.0450,12151.7,0.0,178.50,178.29,175.33,175.33,5.87523,11.7937,17.2332,26.0706,37.871,49.0189,58.1681,69.5358,80.8256,96.5008,119.73,142.629,151.243,157.809,166.978,99.341,46.7997,27.1023,11.3592
59.246,0.0072,1.0000,0.0000,6,194.94,-0.34,-11.12,0.2850,-0.0459,12180.4,0.0,178.91,178.74,175.74,175.74,5.80671,11.6391,16.9871,25.65,37.1679,47.9973,56.8478,67.7973,78.6222,93.5682,115.541,140.468,149.547,156.233,165.488,101.136,47.3457,27.3528,11.4403
59.265,0.0065,1.0000,0.0000,6,195.40,-0.30,-11.07,0.2931,-0.0467,12213.4,0.0,179.32,179.17,176.22,176.22,5.73706,11.4846,16.744,25.2411,36.4962,47.0345,55.6156,66.1929,76.6071,90.9182,111.815,138.286,147.89,154.689,164.021,102.853,47.8761,27.6,11.5222
59.283,0.0059,1.0000,0.0000,6,195.85,-0.26,-11.05,0.3013,-0.0474,12247.5,0.0,179.74,179.59,176.71,176.71,5.66614,11.3288,16.5004,24.8352,35.8362,46.0965,54.4229,64.6511,74.684,88.4107,108.33,135.978,146.236,153.152,162.561,104.566,48.4068,27.8488,11.6055
59.303,0.0053,1.0000,0.0000,6,196.31,-0.24,-11.05,0.3098,-0.0482,12279.1,0.0,180.15,180.01,177.16,177.16,5.59397,11.1714,16.2557,24.4307,35.1845,45.1773,53.2605,63.1582,72.8329,86.0156,105.036,133.424,144.583,151.619,161.104,106.283,48.9401,28.0999,11.6902
59.327,0.0048,1.0000,0.0000,6,196.76,-0.22,-11.05,0.3184,-0.0488,12308.3,0.0,180.56,180.44,177.59,177.59,5.52089,11.0137,16.0124,24.0327,34.5508,44.2923,52.149,61.7423,71.09,83.7806,101.996,130.315,142.948,150.104,159.66,107.956,49.465,28.3496,11.7756
59.346,0.0043,1.0000,0.0000,6,197.22,-0.20,-11.06,0.3271,-0.0495,12336.5,0.0,180.98,180.86,178.00,178.00,5.44679,10.8551,15.7691,23.638,33.9285,43.4296,51.0724,60.3797,69.4226,81.6586,99.14,126.157,141.322,148.599,158.224,109.607,49.987,28.5997,11.8621
59.364,0.0039,1.0000,0.0000,6,197.68,-0.19,-11.06,0.3360,-0.0500,12363.5,0.0,181.39,181.29,178.39,178.39,5.37185,10.6958,15.5262,23.2468,33.3172,42.5885,50.0281,59.066,67.8241,79.6387,96.4465,122.259,139.704,147.103,156.795,111.234,50.5052,28.8497,11.9494
59.384,0.0035,1.0000,0.0000,6,198.13,-0.17,-11.06,0.3451,-0.0506,12390.3,0.0,181.81,181.71,178.77,178.77,5.29605,10.5358,15.2835,22.8591,32.7165,41.7685,49.0153,57.7998,66.292,77.7163,93.9068,118.63,138.096,145.619,155.374,112.829,51.0183,29.0994,12.0375
59.403,0.0031,1.0000,0.0000,6,198.59,-0.16,-11.06,0.3543,-0.0511,12416.7,0.0,182.21,182.13,179.16,179.16,5.21952,10.3756,15.0418,22.4761,32.1289,40.9721,48.0381,56.5857,64.8317,75.8979,91.5276,115.277,136.505,144.15,153.964,114.374,51.5229,29.3474,12.1262
59.427,0.0028,1.0000,0.0000,6,199.04,-0.14,-11.12,0.3636,-0.0515,12443.7,0.0,182.61,182.54,179.54,179.54,5.14237,10.2154,14.8016,22.0988,31.556,40.2026,47.0994,55.4283,63.4487,74.1894,89.3167,112.202,134.94,142.702,152.568,115.849,52.0148,29.5925,12.2152
59.446,0.0025,1.0000,0.0000,6,199.49,-0.12,-11.18,0.3730,-0.0519,12471.4,0.0,183.02,182.96,179.94,179.94,5.06458,10.0548,14.5618,21.7244,30.9917,39.4492,46.1847,54.3069,62.115,72.552,87.2127,109.309,133.386,141.264,151.179,117.286,52.5005,29.8365,12.3048
59.465,0.0023,1.0000,0.0000,6,199.91,-0.11,-11.31,0.3825,-0.0522,12528.9,0.0,183.43,183.37,180.75,180.75,4.98609,9.89321,14.3212,21.3503,30.43,38.7024,45.2804,53.2013,60.8042,70.9489,85.1644,106.514,131.826,139.827,149.791,118.717,52.9867,30.0818,12.3951
59.483,0.0020,1.0000,0.0000,6,200.36,-0.11,-11.45,0.3921,-0.0526,12557.4,0.0,183.83,183.76,181.19,181.19,4.90675,9.72984,14.0778,20.9717,29.8619,37.9466,44.3659,52.0837,59.4798,69.3303,83.0985,103.7,130.232,138.374,148.391,120.209,53.486,30.332,12.4867
59.502,0.0018,1.0000,0.0000,6,200.82,-0.10,-11.53,0.4018,-0.0530,12572.3,0.0,184.26,184.19,181.41,181.41,4.8268,9.56584,13.8343,20.5944,29.2985,37.2007,43.466,50.9879,58.1856,67.7562,81.1014,101.003,128.636,136.923,146.993,122.22,53.9831,30.5823,12.5788
59.527,0.0017,1.0000,0.0000,6,201.28,-0.10,-11.57,0.4116,-0.0533,12591.1,0.0,184.68,184.62,181.68,181.68,4.74629,9.40133,13.5906,20.2186,28.7404,36.465,42.5814,49.9155,56.9237,66.2271,79.1728,98.4187,127.04,135.478,145.599,159.375,54.4764,30.8322,12.6715
59.547,0.0015,1.0000,0.0000,6,201.74,-0.09,-11.72,0.4215,-0.0536,12612.1,0.0,185.05,185.00,181.98,181.98,4.66528,9.23655,13.3475,19.8456,28.1897,35.743,41.7168,48.8715,55.7002,64.7531,77.3267,95.9704,125.452,134.044,144.212,158.011,54.9618,31.0806,12.7645
59.564,0.0013,1.0000,0.0000,6,202.19,-0.08,-11.87,0.4315,-0.0539,12636.4,0.0,185.46,185.41,182.32,182.32,4.58402,9.0725,13.1068,19.4794,27.6546,35.0475,40.8893,47.8801,54.5465,63.375,75.6202,93.7408,123.907,132.639,142.844,156.658,55.4255,31.3228,12.8571
59.583,0.0012,1.0000,0.0000,6,202.59,-0.06,-12.11,0.4415,-0.0540,12715.1,0.0,185.87,185.84,183.38,183.38,4.50247,8.90901,12.8682,19.1193,27.1335,34.3758,40.0954,46.9359,53.4556,62.0835,74.0395,91.7073,122.405,131.262,141.494,155.317,55.8677,31.5591,12.9495
59.603,0.0011,1.0000,0.0000,6,203.01,-0.05,-12.46,0.4516,-0.0542,12769.4,0.0,186.25,186.20,184.25,184.25,4.42024,8.74368,12.6264,18.7531,26.6014,33.6877,39.2799,45.9633,52.3279,60.7443,72.3927,89.5771,120.845,129.859,140.126,153.961,56.3284,31.8018,13.043
59.627,0.0010,1.0000,0.0000,6,203.49,-0.05,-12.66,0.4618,-0.0544,12768.5,0.0,186.68,186.63,184.25,184.25,4.33745,8.57702,12.3824,18.3833,26.0633,32.991,38.4532,44.9766,51.1833,59.3826,70.7162,87.4049,119.236,128.437,138.746,152.596,56.8009,32.0487,13.1375
59.647,0.0009,1.0000,0.0000,6,203.96,-0.05,-12.77,0.4720,-0.0546,12774.2,0.0,187.12,187.08,184.32,184.32,4.25423,8.40986,12.1381,18.0139,25.5274,32.2989,37.6342,44.0011,50.0542,58.0436,69.0741,85.2888,117.614,127.016,137.366,151.23,57.2709,32.2954,13.2324
59.665,0.0008,1.0000,0.0000,6,204.42,-0.04,-12.90,0.4823,-0.0548,12785.3,0.0,187.52,187.49,184.48,184.48,4.17064,8.24246,11.894,17.6459,24.996,31.6151,36.8269,43.0424,48.9479,56.7366,67.4798,83.2486,115.986,125.602,135.989,149.865,57.7337,32.5406,13.3275
59.684,0.0007,1.0000,0.0000,6,204.88,-0.03,-12.98,0.4927,-0.0549,12801.6,0.0,187.94,187.92,184.71,184.71,4.08671,8.07485,11.6501,17.2796,24.469,30.9394,36.0314,42.101,47.8647,55.4618,65.9322,81.2824,114.354,124.196,134.618,148.501,58.1886,32.7839,13.4226
59.703,0.0006,1.0000,0.0000,6,205.31,-0.01,-13.07,0.5031,-0.0550,12844.4,0.0,188.37,188.34,185.28,185.28,4.0024,7.90684,11.4061,16.914,23.9447,30.269,35.244,41.1717,46.798,54.2103,64.4184,79.3703,112.708,122.795,133.249,147.137,58.6379,33.026,13.518
59.727,0.0006,1.0000,0.0000,6,205.74,-0.01,-13.22,0.5136,-0.0551,12884.1,0.0,188.76,188.74,185.90,185.90,3.91765,7.73793,11.1608,16.5463,23.4173,29.5944,34.4514,40.2359,45.7237,52.9496,62.8938,77.4439,110.997,121.381,131.871,145.767,59.0931,33.2704,13.6141
59.747,0.0005,1.0000,0.0000,6,206.19,-0.00,-13.31,0.5241,-0.0553,12901.3,0.0,189.18,189.15,186.15,186.15,3.83246,7.56805,10.9139,16.1762,22.8861,28.9149,33.6525,39.2923,44.64,51.6773,61.3541,75.4969,109.192,119.954,130.485,144.389,59.5557,33.5178,13.7108
59.765,0.0005,1.0000,0.0000,6,206.64,-0.00,-13.36,0.5346,-0.0554,12920.7,0.0,189.59,189.57,186.43,186.43,3.74689,7.39751,10.6662,15.8049,22.3536,28.2338,32.8526,38.3479,43.556,50.4054,59.8164,73.5553,107.268,118.518,129.093,143.006,60.0216,33.7664,13.808
59.784,0.0004,1.0000,0.0000,6,207.09,0.00,-13.37,0.5453,-0.0555,12940.6,0.0,190.01,189.99,186.72,186.72,3.66102,7.22685,10.4188,15.4355,21.8259,27.5616,32.0651,37.4213,42.4957,49.1663,58.3264,71.6879,105.216,117.093,127.707,141.625,60.4758,34.0122,13.9051
59.802,-0.0207,1.0000,0.0000,6,207.53,0.01,-13.32,0.5559,-0.0556,12961.4,0.0,190.42,190.41,187.02,187.02,3.57501,7.05643,10.1724,15.0688,21.3045,26.8997,31.292,36.515,41.462,47.9635,56.8884,69.9006,102.849,115.682,126.33,140.249,60.916,34.2538,14.0019
59.827,-0.0527,1.0000,0.0000,6,207.97,-0.01,-13.26,0.5665,-0.0549,12984.1,0.0,190.74,190.90,187.34,187.34,3.49169,6.89956,9.95492,14.7662,20.9118,26.4435,30.7975,35.9883,40.918,47.4169,56.375,69.5129,102.873,114.67,125.199,139.036,61.0545,34.4021,14.0864
59.846,-0.0712,1.0000,0.0000,6,208.42,0.09,-13.16,0.5769,-0.0522,12998.7,0.0,190.91,191.49,187.56,187.56,3.41607,6.77815,9.81205,14.6282,20.8498,26.5184,31.0262,36.4544,41.665,48.6179,58.3614,72.9961,105.255,114.625,124.689,138.243,60.435,34.3114,14.1382
59.865,-0.0641,1.0000,0.0000,6,208.84,0.42,-13.05,0.5869,-0.0475,13025.0,0.0,191.05,192.11,187.93,187.93,3.35026,6.698,9.75511,14.6815,21.1823,27.2442,32.1626,38.2035,44.1277,52.2311,63.9861,82.5769,107.927,115.451,124.806,137.889,59.044,33.9645,14.1527
59.884,-0.0577,1.0000,0.0000,6,209.25,0.92,-12.96,0.5962,-0.0417,13055.7,0.0,191.31,192.62,188.37,188.37,3.29184,6.64276,9.74846,14.849,21.7678,28.4202,33.9665,40.9688,48.049,58.0924,73.4511,99.4729,110.109,116.474,125.145,137.715,57.3705,33.5043,14.1466
59.902,-0.0519,1.0000,0.0000,6,209.66,1.35,-12.91,0.6049,-0.0360,13088.9,0.0,191.67,193.01,188.85,188.85,3.23833,6.59688,9.75749,15.0526,22.4504,29.8087,36.1357,44.3869,53.043,65.8993,86.9901,104.61,111.637,117.275,125.394,137.5,55.7932,33.0514,14.1355
59.928,-0.0467,1.0000,0.0000,6,210.07,1.67,-12.86,0.6128,-0.0306,13120.4,0.0,192.08,193.35,189.31,189.31,3.1892,6.55566,9.77068,15.2634,23.1694,31.3144,38.5543,48.3413,59.0549,75.8769,100.127,106.787,112.641,117.789,125.473,137.181,54.4053,32.6408,14.1243
59.946,-0.0421,1.0000,0.0000,6,210.49,1.86,-12.83,0.6200,-0.0257,13148.9,0.0,192.51,193.68,189.72,189.72,3.14457,6.51823,9.78491,15.4713,23.8984,32.8938,41.171,52.8062,66.1696,88.599,103.042,108.048,113.242,118.038,125.376,136.745,53.2103,32.2786,14.114
59.964,-0.0379,1.0000,0.0000,6,210.91,1.95,-12.81,0.6264,-0.0214,13171.1,0.0,192.95,193.99,190.05,190.05,3.10425,6.4833,9.79654,15.6647,24.605,34.4844,43.8981,57.6866,74.3813,97.9794,104.446,108.737,113.505,118.038,125.099,136.184,52.2067,31.969,14.1058
59.984,-0.0341,1.0000,0.0000,6,211.33,1.93,-12.77,0.6321,-0.0177,13193.1,0.0,193.41,194.31,190.36,190.36,3.06819,6.45022,9.80323,15.8345,25.2583,36.0165,46.6209,62.813,83.5496,99.9804,105.126,109.001,113.471,117.807,124.647,93.9875,51.3855,31.7129,14.1003
60.003,-0.0307,1.0000,0.0000,6,211.75,1.85,-12.75,0.6370,-0.0145,13219.0,0.0,193.86,194.64,190.73,190.73,3.03647,6.42009,9.80729,15.9845,25.8599,37.48,49.3129,68.1498,92.917,100.852,105.363,108.961,113.211,117.391,124.05,91.4065,50.7082,31.4995,14.0964
60.027,-0.0276,1.0000,0.0000,6,212.16,1.73,-12.75,0.6412,-0.0117,13246.1,0.0,194.30,194.97,191.12,191.12,3.00909,6.3943,9.81239,16.1235,26.4269,38.9,52.0075,73.7694,95.2678,101.201,105.315,108.71,112.787,116.838,123.345,89.3452,50.1338,31.3159,14.0927
60.046,-0.0248,1.0000,0.0000,6,212.58,1.60,-12.76,0.6449,-0.0093,13272.9,0.0,194.72,195.32,191.51,191.51,2.98591,6.37375,9.82112,16.2586,26.9746,40.3018,54.7435,79.7676,96.1316,101.237,105.07,108.306,112.241,116.184,122.558,87.5935,49.6332,31.1531,14.0882
60.065,-0.0224,1.0000,0.0000,6,213.00,1.48,-12.78,0.6479,-0.0071,13299.1,0.0,195.14,195.68,191.89,191.89,2.96673,6.35841,9.83387,16.3907,27.5029,41.6791,57.5039,86.1353,96.4417,101.049,104.669,107.777,111.593,115.443,121.7,86.0945,49.1946,31.0077,14.0829
60.084,-0.0201,1.0000,0.0000,6,213.42,1.35,-12.80,0.6504,-0.0051,13324.7,0.0,195.56,196.03,192.26,192.26,2.9511,6.34765,9.84982,16.5185,28.0072,43.0151,60.2536,89.6519,96.4209,100.686,104.139,107.141,110.855,114.624,120.778,84.8118,48.8111,30.8781,14.077
60.102,-0.0181,1.0000,0.0000,6,213.84,1.23,-12.84,0.6525,-0.0034,13352.1,0.0,195.97,196.40,192.65,192.65,2.93876,6.34154,9.86996,16.6454,28.4964,44.3269,63.0171,90.4484,96.1861,100.194,103.511,106.423,110.048,113.744,119.805,83.6907,48.4689,30.7601,14.07
60.128,-0.0163,1.0000,0.0000,6,214.25,1.12,-12.87,0.6541,-0.0019,13376.7,0.0,196.38,196.77,193.01,193.01,2.92961,6.34038,9.89532,16.7749,28.9789,45.63,65.8199,90.6657,95.8022,99.6064,102.807,105.639,109.185,112.815,118.791,82.6931,48.1575,30.6501,14.0618
60.147,-0.0147,1.0000,0.0000,6,214.68,1.01,-12.90,0.6553,-0.0005,13401.2,0.0,196.79,197.14,193.36,193.36,2.92337,6.34364,9.92511,16.9052,29.4497,46.9083,68.6264,90.5701,95.2955,98.9331,102.034,104.796,108.271,111.841,117.738,81.809,47.8755,30.548,14.0524
60.165,-0.0132,1.0000,0.0000,6,215.09,0.91,-12.93,0.6562,0.0008,13425.7,0.0,197.19,197.51,193.72,193.72,2.9197,6.35098,9.95932,17.0377,29.9137,48.1726,71.4552,90.279,94.6962,98.1929,101.206,103.905,107.315,110.83,116.654,81.0131,47.6163,30.4519,14.042
60.183,-0.0119,1.0000,0.0000,6,215.51,0.83,-12.98,0.6567,0.0019,13450.7,0.0,197.59,197.87,194.08,194.08,2.91837,6.36155,9.99596,17.1667,30.3525,49.3706,74.1839,89.8231,94.0022,97.3802,100.317,102.959,106.311,109.775,115.532,80.3211,47.3863,30.3645,14.0311
60.202,-0.0107,1.0000,0.0000,6,215.93,0.74,-13.04,0.6570,0.0029,13476.0,0.0,198.00,198.23,194.44,194.44,2.91904,6.37473,10.0343,17.2911,30.7635,50.4928,76.7775,89.2398,93.228,96.504,99.3726,101.965,105.263,108.681,114.376,79.7209,47.1828,30.2854,14.0198
60.227,-0.0096,1.0000,0.0000,6,216.34,0.66,-13.13,0.6570,0.0037,13514.4,0.0,198.39,198.60,194.99,194.99,2.9217,6.39136,10.0768,17.4192,31.1727,51.6052,79.1512,88.5833,92.4075,95.5916,98.3976,100.943,104.191,107.565,113.2,79.1738,46.9911,30.2089,14.0075
60.246,-0.0087,1.0000,0.0000,6,216.76,0.61,-13.22,0.6567,0.0046,13537.6,0.0,198.77,198.98,195.33,195.33,2.92621,6.41164,10.1245,17.5552,31.5952,52.7503,79.7888,87.8811,91.5592,94.658,97.4047,99.9051,103.104,106.436,112.013,78.716,46.8029,30.132,13.9939
60.265,-0.0078,1.0000,0.0000,6,217.18,0.55,-13.29,0.6563,0.0054,13558.8,0.0,199.17,199.36,195.64,195.64,2.93238,6.43488,10.176,17.695,32.0183,53.894,79.8099,87.1282,90.6765,93.6968,96.3878,98.8455,101.998,105.289,110.809,78.4214,46.6231,30.0568,13.9792
60.284,-0.0070,1.0000,0.0000,6,217.59,0.50,-13.33,0.6556,0.0061,13580.9,0.0,199.56,199.74,195.96,195.96,2.94011,6.46068,10.2304,17.836,32.4338,55.0086,79.5527,86.3242,89.757,92.705,95.3439,97.7615,100.869,104.121,109.588,78.4273,46.4546,29.9846,13.964
60.303,-0.0063,1.0000,0.0000,6,218.01,0.46,-13.42,0.6548,0.0067,13603.5,0.0,199.95,200.10,196.28,196.28,2.94901,6.48782,10.285,17.9714,32.8201,56.0344,79.0997,85.4604,88.7916,91.6742,94.2652,96.6452,99.7117,102.926,108.341,79.4703,46.3046,29.9185,13.9487
60.327,-0.0057,1.0000,0.0000,6,218.43,0.40,-13.50,0.6538,0.0071,13627.4,0.0,200.35,200.47,196.63,196.63,2.95898,6.5159,10.3389,18.0984,33.1672,56.9364,78.4982,84.5371,87.7788,90.6022,93.1493,95.4945,98.5223,101.702,107.069,116.207,46.1755,29.8596,13.9336
60.346,-0.0051,1.0000,0.0000,6,218.82,0.36,-13.63,0.6526,0.0076,13672.5,0.0,200.74,200.84,197.25,197.25,2.96997,6.54564,10.3947,18.2259,33.5067,57.8075,77.8219,83.5854,86.7441,89.5114,92.0163,94.328,97.3183,100.464,105.784,114.864,46.0533,29.8025,13.9182
60.365,-0.0046,1.0000,0.0000,6,219.24,0.32,-13.79,0.6514,0.0080,13699.4,0.0,201.11,201.21,197.67,197.67,2.98205,6.57768,10.454,18.3592,33.8566,58.7014,77.104,82.6212,85.7004,88.4131,90.8767,93.1552,96.1082,99.2198,104.492,113.515,45.9306,29.7444,13.9018
60.384,-0.0041,1.0000,0.0000,6,219.66,0.29,-13.88,0.6500,0.0084,13716.3,0.0,201.50,201.59,197.91,197.91,2.9951,6.61175,10.5164,18.4976,34.2157,59.6147,76.3504,81.6448,84.6477,87.3072,89.7301,91.976,94.8919,97.9699,103.195,112.16,45.8078,29.6853,13.8846
60.402,-0.0037,1.0000,0.0000,6,220.08,0.27,-13.95,0.6485,0.0088,13735.6,0.0,201.89,201.98,198.19,198.19,3.00895,6.64726,10.5805,18.6373,34.5721,60.5127,75.5559,80.6496,83.58,86.1883,88.5717,90.7855,93.6651,96.7098,101.888,110.796,45.689,29.6271,13.867
60.427,-0.0034,1.0000,0.0000,6,220.49,0.24,-14.03,0.6469,0.0091,13755.6,0.0,202.27,202.35,198.48,198.48,3.02355,6.6839,10.6457,18.7764,34.919,61.373,74.7209,79.6329,82.4948,85.0538,87.3989,89.5816,92.4256,95.4376,100.57,109.421,45.5765,29.5708,13.8491
60.446,-0.0030,1.0000,0.0000,6,220.91,0.22,-14.11,0.6453,0.0094,13777.3,0.0,202.65,202.72,198.79,198.79,3.03877,6.72113,10.7105,18.9107,35.2416,62.1506,73.8397,78.5885,81.3863,83.8985,86.2068,88.3593,91.1687,94.149,99.2364,108.031,45.4748,29.5181,13.8313
60.465,-0.0027,1.0000,0.0000,6,221.30,0.19,-14.21,0.6435,0.0096,13815.5,0.0,203.04,203.10,199.31,199.31,3.05451,6.759,10.7756,19.0426,35.5496,62.8764,72.9263,77.525,80.2614,82.7283,85.0008,87.1239,89.8995,92.8484,97.8913,106.631,45.3797,29.4677,13.8135
60.483,-0.0024,1.0000,0.0000,6,221.71,0.17,-14.35,0.6417,0.0098,13847.0,0.0,203.40,203.46,199.80,199.80,3.07086,6.79833,10.8433,19.1796,35.871,63.4246,72.0045,76.4591,79.1352,81.5573,83.794,85.8874,88.6289,91.5461,96.5438,105.227,45.2818,29.4157,13.795
60.503,-0.0022,1.0000,0.0000,6,222.12,0.16,-14.45,0.6398,0.0101,13864.6,0.0,203.79,203.84,200.05,200.05,3.08772,6.83851,10.9118,19.3169,36.1874,63.3397,71.0622,75.3815,77.9991,80.377,82.5784,84.6427,87.3503,90.2359,95.1886,103.816,45.1868,29.3643,13.7763
60.528,-0.0020,1.0000,0.0000,6,222.53,0.14,-14.51,0.6378,0.0102,13884.4,0.0,204.18,204.22,200.34,200.34,3.105,6.87921,10.9806,19.4522,36.4916,62.9793,70.097,74.2889,76.8501,79.185,81.3518,83.3872,86.0613,88.9156,93.8234,102.394,45.0972,29.3148,13.7575
60.546,-0.0018,1.0000,0.0000,6,222.95,0.13,-14.57,0.6358,0.0104,13904.5,0.0,204.55,204.59,200.63,200.63,3.12267,6.92058,11.0501,19.588,36.7934,62.4794,69.1174,73.1878,75.6938,77.9864,80.119,82.1257,84.7663,87.5893,92.4519,100.966,45.0093,29.2656,13.7385
60.565,0.0196,1.0000,0.0000,6,223.36,0.11,-14.62,0.6338,0.0105,13925.8,0.0,204.93,204.97,200.93,200.93,3.14071,6.96267,11.1206,19.7248,37.0951,61.8881,68.1261,72.0798,74.5318,76.7825,78.8809,80.8589,83.466,86.2575,91.0748,99.5309,44.9225,29.2165,13.7192
60.583,0.0512,1.0000,0.0000,6,223.75,0.12,-14.67,0.6318,0.0099,13955.7,0.0,205.38,205.26,201.35,201.35,3.15597,6.98762,11.1465,19.7209,36.9015,60.7856,66.8479,70.7368,73.1561,75.3802,77.4565,79.4154,81.9996,84.7694,89.5552,97.9729,44.9958,29.2329,13.7109
60.603,0.0810,1.0000,0.0000,6,224.15,-0.03,-14.73,0.6300,0.0073,13981.8,0.0,205.94,205.39,201.74,201.74,3.16275,6.96625,11.0561,19.3625,35.5147,58.4862,64.8619,68.8101,71.2492,73.4849,75.5685,77.5321,80.1204,82.8931,87.6824,96.1104,45.4862,29.4199,13.7315
60.628,0.0965,1.0000,0.0000,6,224.54,-0.45,-14.78,0.6287,0.0020,14006.6,0.0,206.55,205.43,202.10,202.10,3.15683,6.88266,10.8167,18.5827,32.8771,53.5259,61.8668,66.0864,68.6266,70.9304,73.0641,75.0662,77.6958,80.5051,85.3454,93.8475,46.5636,29.8426,13.7925
60.646,0.0820,1.0000,0.0000,6,224.92,-1.13,-14.81,0.6282,-0.0055,14033.2,0.0,207.13,205.49,202.48,202.48,3.13742,6.74389,10.4582,17.5185,29.6441,45.4127,57.6321,62.5447,65.3046,67.7507,69.9851,72.0641,74.7754,77.6557,82.5929,91.2281,48.2382,30.4951,13.8926
60.665,0.0738,1.0000,0.0000,6,225.29,-1.91,-14.84,0.6287,-0.0138,14059.6,0.0,207.60,205.72,202.86,202.86,3.10816,6.58046,10.0644,16.4388,26.6857,38.8325,51.3023,58.4398,61.587,64.2551,66.637,68.8225,71.6439,74.6159,79.6746,88.468,50.262,31.269,14.0142
60.683,0.0664,1.0000,0.0000,6,225.66,-2.50,-14.86,0.6302,-0.0216,14084.2,0.0,207.91,206.09,203.22,203.22,3.07206,6.41411,9.68936,15.4861,24.3073,34.0407,43.3013,53.8795,57.7373,60.7217,63.2915,65.6038,68.5486,71.6195,76.8025,85.7488,52.5065,32.0615,14.1415
60.702,0.0598,1.0000,0.0000,6,226.03,-2.87,-14.88,0.6329,-0.0286,14108.7,0.0,208.16,206.50,203.57,203.57,3.0296,6.24886,9.34057,14.6627,22.4133,30.5116,37.8086,47.8241,53.7665,57.2307,60.0363,62.4945,65.5715,68.7424,74.0441,83.1279,95.6603,32.8354,14.2697
60.727,0.0538,1.0000,0.0000,6,226.40,-3.03,-14.89,0.6367,-0.0348,14130.3,0.0,208.41,206.94,203.88,203.88,2.98059,6.0836,9.01293,13.941,20.8693,27.8109,33.8208,41.7152,49.4259,53.774,56.8892,59.5139,62.7311,66.0002,71.4121,80.6155,93.278,33.5792,14.398
60.746,0.0484,1.0000,0.0000,6,226.77,-3.04,-14.90,0.6417,-0.0402,14150.5,0.0,208.67,207.38,204.18,204.18,2.92483,5.91641,8.69983,13.2941,19.5721,25.6593,30.7726,37.2791,43.9154,50.2863,53.8399,56.6598,60.0248,63.3901,68.9024,78.2069,90.9765,34.2901,14.5266
60.764,0.0436,1.0000,0.0000,6,227.15,-2.94,-14.90,0.6479,-0.0450,14170.2,0.0,208.94,207.82,204.46,204.46,2.86228,5.74566,8.39573,12.7013,18.4505,23.8822,28.3398,33.8787,39.3797,46.5885,50.8683,53.924,57.4448,60.9038,66.5061,75.8935,88.7494,34.9678,14.656
60.783,0.0392,1.0000,0.0000,6,227.53,-2.76,-14.88,0.6551,-0.0491,14190.0,0.0,209.24,208.25,204.75,204.75,2.79291,5.56895,8.09339,12.1399,17.4395,22.3404,26.2883,31.1022,35.7869,42.1363,47.8913,51.256,54.9501,58.5035,64.1895,73.6465,86.5731,35.6268,14.788
60.803,0.0353,1.0000,0.0000,6,227.91,-2.57,-14.85,0.6633,-0.0529,14210.1,0.0,209.54,208.67,205.04,205.04,2.71686,5.38539,7.78967,11.5989,16.5063,20.9642,24.5004,28.7481,32.8148,38.2249,44.8143,48.6294,52.524,56.174,61.9386,71.4544,84.4383,36.2715,14.9234
60.828,0.0318,1.0000,0.0000,6,228.30,-2.35,-14.81,0.6726,-0.0561,14226.3,0.0,209.85,209.08,205.27,205.27,2.63475,5.19596,7.48518,11.0763,15.6391,19.723,22.9222,26.7187,30.3068,35.0113,41.4409,46.0452,50.1729,53.9206,59.757,69.3195,82.347,36.895,15.061
60.846,0.0286,1.0000,0.0000,6,228.68,-2.11,-14.77,0.6827,-0.0590,14247.1,0.0,210.16,209.49,205.57,205.57,2.547,5.00069,7.1788,10.5669,14.8216,18.5832,21.4995,24.9264,28.1318,32.2862,37.8834,43.4778,47.8875,51.735,57.6368,67.2346,80.2933,37.4979,15.2007
60.865,0.0257,1.0000,0.0000,6,229.06,-1.90,-14.73,0.6936,-0.0616,14269.8,0.0,210.49,209.89,205.90,205.90,2.45388,4.79896,6.86809,10.0629,14.0345,17.5088,20.1789,23.2903,26.1757,29.8798,34.8084,40.8504,45.6362,49.5917,55.5563,65.1818,78.2628,38.0905,15.3436
60.884,0.0232,1.0000,0.0000,6,229.44,-1.70,-14.68,0.7052,-0.0639,14293.7,0.0,210.82,210.28,206.24,206.24,2.35586,4.59091,6.55225,9.56068,13.267,16.4793,18.9292,21.7638,24.373,27.6955,32.0696,38.0247,43.3941,47.4724,53.5007,63.1487,76.2452,38.6788,15.49
60.903,0.0209,1.0000,0.0000,6,229.83,-1.55,-14.62,0.7175,-0.0661,14317.1,0.0,211.16,210.65,206.58,206.58,2.25315,4.37606,6.2295,9.05493,12.507,15.4735,17.7202,20.3028,22.6644,25.6499,29.5439,34.8353,41.1176,45.3477,51.4469,61.117,74.2257,39.4142,15.6412
60.928,0.0188,1.0000,0.0000,6,230.21,-1.42,-14.56,0.7304,-0.0682,14338.6,0.0,211.50,211.02,206.90,206.90,2.14627,4.15564,5.90173,8.54861,11.7583,14.4953,16.5554,18.91,21.0506,23.7396,27.2185,31.895,38.8069,43.2267,49.4036,59.0935,72.2098,40.5814,15.796
60.946,-0.0180,1.0000,0.0000,6,230.60,-1.28,-14.47,0.7439,-0.0700,14352.5,0.0,211.83,211.41,207.09,207.09,2.03574,3.93096,5.57114,8.04534,11.0261,13.5513,15.4418,17.5922,19.5373,21.968,25.0915,29.2532,36.4708,41.1286,47.3866,57.0912,70.2083,42.685,15.9523
60.965,-0.0844,1.0000,0.0000,6,230.98,-1.18,-14.39,0.7577,-0.0702,14374.9,0.0,212.02,211.95,207.41,207.41,1.92525,3.71638,5.26568,7.60141,10.4131,12.7932,14.5739,16.5983,18.4283,20.7137,23.6481,27.5537,34.7126,39.4419,45.6848,55.3369,68.4073,83.6407,16.0832
60.984,-0.1675,1.0000,0.0000,6,231.36,-0.83,-14.33,0.7715,-0.0666,14399.6,0.0,211.92,212.66,207.77,207.77,1.82143,3.53512,5.02968,7.30514,10.0805,12.4613,14.2618,16.3289,18.2165,20.5994,23.7015,27.9061,34.5135,38.7934,44.7691,54.2049,67.1183,82.2714,16.1419
61.003,-0.2381,1.0000,0.0000,6,231.70,0.02,-14.26,0.7846,-0.0576,14430.2,0.0,211.53,213.38,208.20,208.20,1.73066,3.40544,4.89722,7.22748,10.1708,12.7889,14.8291,17.2381,19.5029,22.4548,26.462,31.5562,35.8112,39.3925,44.8777,53.9161,66.5378,81.4976,16.0961
61.028,-0.2911,1.0000,0.0000,6,231.98,1.49,-14.22,0.7964,-0.0435,14467.6,0.0,211.03,213.93,208.74,208.74,1.65692,3.33406,4.8814,7.40773,10.8052,14.0407,16.7148,20.0613,23.4115,28.1075,32.1068,34.7678,37.8214,40.8424,45.8074,54.3623,66.5989,81.274,15.9514
61.046,-0.3308,1.0000,0.0000,6,232.22,3.27,-14.17,0.8064,-0.0264,14495.2,0.0,210.57,214.19,209.15,209.15,1.60073,3.31408,4.96976,7.84396,12.0851,16.5883,20.7102,26.4694,30.5061,33.152,35.3628,37.3389,39.8611,42.5116,47.0547,55.1521,66.9873,40.1667,15.7499
61.065,-0.3606,1.0000,0.0000,6,232.41,4.94,-14.10,0.8143,-0.0088,14526.8,0.0,210.22,214.17,209.59,209.59,1.56196,3.33671,5.14502,8.52828,14.1789,21.2396,27.9968,31.7884,33.9382,35.8684,37.6555,39.3399,41.5685,43.9768,48.2058,55.9206,67.3892,36.9151,15.5329
61.083,-0.3829,1.0000,0.0000,6,232.56,6.38,-14.09,0.8199,0.0082,14564.5,0.0,209.94,213.97,210.14,210.14,1.5413,3.40123,5.40793,9.50549,17.5587,27.9596,31.6833,34.3661,36.1126,37.7628,39.3382,40.8541,42.8957,45.1356,49.1274,56.5279,67.675,34.7254,15.3167
61.103,-0.3997,1.0000,0.0000,6,232.69,7.56,-14.13,0.8230,0.0244,14598.2,0.0,209.71,213.70,210.63,210.63,1.53965,3.51127,5.77126,10.8777,23.3891,30.9472,33.8117,36.0963,37.6414,39.1303,40.5731,41.9769,43.8861,46.0001,49.8062,56.9447,67.8116,33.0553,15.1049
61.128,-0.4123,1.0000,0.0000,6,232.78,8.51,-14.11,0.8237,0.0403,14626.4,0.0,209.48,213.43,211.04,211.04,1.56005,3.68333,6.28519,12.9408,27.5561,32.9004,35.383,37.4355,38.8492,40.227,41.5736,42.8926,44.6982,46.7111,50.3609,57.2702,67.8823,31.6145,14.8864
61.146,-0.4217,1.0000,0.0000,6,232.86,9.43,-14.13,0.8218,0.0562,14649.7,0.0,209.27,213.23,211.38,211.38,1.6047,3.93202,7.00624,16.2286,29.832,34.3971,36.6442,38.5376,39.8559,41.1493,42.4202,43.6712,45.3922,47.3198,50.8347,57.5387,67.9152,30.3123,14.6578
61.165,-0.4288,1.0000,0.0000,6,232.97,10.05,-14.08,0.8173,0.0712,14636.5,0.0,209.12,213.00,211.21,211.21,1.67368,4.25739,7.95406,21.0708,31.3409,35.4637,37.5502,39.3277,40.5733,41.8009,43.0123,44.2088,45.8601,47.7163,51.1164,57.6406,67.8072,29.2219,14.4305
61.184,-0.4341,1.0000,0.0000,6,233.08,10.20,-14.03,0.8100,0.0840,14636.6,0.0,209.07,212.73,211.20,211.20,1.76632,4.65065,9.1111,23.6027,32.2261,36.0549,38.0241,39.7129,40.9019,42.0778,43.2414,44.3933,45.9873,47.7842,51.0874,57.4579,67.4453,28.4142,14.2159
61.203,-0.4381,1.0000,0.0000,6,233.20,10.00,-14.04,0.8001,0.0951,14646.3,0.0,209.11,212.48,211.34,211.34,1.88309,5.11721,10.5087,24.9315,32.6882,36.2957,38.1706,39.7871,40.9293,42.0617,43.1845,44.2982,45.8429,47.5885,50.8067,57.0418,66.8721,27.8238,14.0081
61.228,-0.4410,1.0000,0.0000,6,233.32,9.60,-14.06,0.7877,0.1052,14657.9,0.0,209.20,212.31,211.51,211.51,2.02543,5.6751,12.2449,25.7663,32.9204,36.3447,38.1389,39.6924,40.7932,41.8866,42.9729,44.0523,45.5523,47.2509,50.391,56.5009,66.1862,27.355,13.7964
61.246,-0.4433,1.0000,0.0000,6,233.41,9.33,-14.06,0.7726,0.1162,14668.3,0.0,209.29,212.32,211.66,211.66,2.19898,6.38094,14.6327,26.4994,33.1782,36.441,38.1621,39.6576,40.7196,41.7765,42.8284,43.8753,45.3327,46.9858,50.05,56.0359,65.5745,26.8267,13.561
61.264,-0.4450,1.0000,0.0000,6,233.51,9.28,-14.06,0.7550,0.1279,14669.4,0.0,209.34,212.43,211.71,211.71,2.40542,7.2653,16.6898,27.1627,33.4554,36.5759,38.2311,39.6731,40.6993,41.7223,42.742,43.7583,45.175,46.7847,49.7758,55.6403,65.0322,26.2443,13.3037
61.283,-0.4462,1.0000,0.0000,6,233.66,9.04,-13.97,0.7347,0.1390,14641.9,0.0,209.43,212.50,211.29,211.29,2.6426,8.31422,18.0369,27.6237,33.5943,36.5896,38.185,39.5785,40.5721,41.564,42.5541,43.5418,44.9206,46.49,49.4123,55.1623,64.4155,25.7489,13.039
61.303,-0.4472,1.0000,0.0000,6,233.79,8.61,-13.91,0.7118,0.1490,14643.0,0.0,209.57,212.53,211.29,211.29,2.90919,9.51884,18.9416,27.861,33.5509,36.4326,37.9732,39.322,40.2853,41.2483,42.2106,43.1716,44.5149,46.0464,48.9039,54.5463,63.6699,25.3988,12.7714
61.328,-0.4479,1.0000,0.0000,6,233.92,8.16,-13.94,0.6864,0.1583,14657.1,0.0,209.75,212.58,211.49,211.49,3.20633,10.7929,19.5859,27.962,33.4004,36.1768,37.6664,38.9732,39.9081,40.8436,41.7793,42.715,44.0245,45.5198,48.315,53.8538,62.853,25.1483,12.496
61.346,-0.4484,1.0000,0.0000,6,234.02,7.78,-13.91,0.6586,0.1685,14673.9,0.0,209.91,212.72,211.73,211.73,3.54077,11.8503,20.1488,28.0782,33.2929,35.9724,37.4144,38.6819,39.5897,40.499,41.4095,42.3211,43.5983,45.0584,47.793,53.23,62.1041,24.8575,12.2007
61.365,-0.4488,1.0000,0.0000,6,234.10,7.90,-13.90,0.6282,0.1808,14691.5,0.0,209.99,213.02,211.99,211.99,3.92426,12.8131,20.7661,28.3415,33.3638,35.9569,37.356,38.5871,39.4698,40.3549,41.242,42.1308,43.3773,44.8038,47.48,52.8164,61.5615,24.3643,11.8754
61.383,-0.4491,1.0000,0.0000,6,234.21,8.24,-13.82,0.5953,0.1943,14673.7,0.0,210.00,213.27,211.77,211.77,4.35708,13.6738,21.3588,28.6421,33.4961,36.0121,37.3717,38.5697,39.4294,40.2921,41.1574,42.0251,43.2428,44.6376,47.2583,52.4983,61.1159,23.7864,11.5471
61.402,-0.4493,0.5500,0.0000,6,234.32,8.32,-13.67,0.5597,0.2068,14664.5,0.0,210.06,213.38,211.61,211.61,4.83001,14.3616,21.7839,28.7953,33.4909,35.9335,37.2558,38.4221,39.26,40.1015,40.946,41.7933,42.9834,44.348,46.9159,52.0638,60.5608,23.3504,11.2379
61.428,-0.4495,0.3025,0.0000,6,234.22,8.13,-13.59,0.5216,0.2180,14486.1,0.0,210.15,213.37,209.07,209.07,5.28978,14.8838,22.0367,28.784,33.3261,35.6971,36.983,38.1187,38.9354,39.756,40.5802,41.4077,42.571,43.9062,46.4229,51.4819,59.8645,23.0989,10.951
61.446,-0.4496,0.1664,0.0000,6,233.84,7.77,-13.57,0.4809,0.2283,14365.8,0.0,210.17,213.19,207.33,207.33,5.70508,15.282,22.1692,28.6634,33.0573,35.3587,36.6093,37.7151,38.511,39.3113,40.1157,40.9238,42.0609,43.3676,45.8343,50.8065,59.0786,22.9958,10.6836
61.465,-0.4497,0.0915,0.0000,6,233.22,7.58,-13.29,0.4376,0.2417,14274.1,0.0,209.87,213.08,204.59,207.44,6.11198,15.7478,22.4535,28.7536,33.0261,35.2689,36.4892,37.569,38.3465,39.1287,39.9155,40.7064,41.82,43.1008,45.5215,50.4113,58.5723,22.5893,10.4036
61.483,-0.4498,0.0503,0.0000,6,232.46,8.54,-13.03,0.3936,0.2399,14198.1,0.0,209.17,213.12,202.73,207.11,6.53763,16.3864,23.0265,29.2141,33.4041,35.6044,36.8018,37.8615,38.6247,39.3929,40.1657,40.9427,42.0372,43.2965,45.6782,50.4937,58.5443,21.6389,10.0934
61.502,-0.4498,0.0277,0.0000,6,231.64,9.63,-12.48,0.3511,0.2392,14132.8,0.0,208.32,212.84,201.47,206.48,6.95857,17.0508,23.6603,29.7656,33.8898,36.0546,37.2326,38.2753,39.0265,39.7826,40.5433,41.3084,42.3862,43.6266,45.9734,50.7206,58.6651,20.6039,9.78068
61.527,-0.4499,0.0152,0.0000,6,230.82,10.22,-11.94,0.3098,0.2364,14073.7,0.0,207.57,212.08,200.81,205.43,7.34217,17.5757,24.1144,30.118,34.1695,36.2964,37.4542,38.4794,39.2181,39.9618,40.7102,41.4631,42.5241,43.7456,46.0572,50.7376,58.5821,19.8361,9.49272
61.546,-0.4499,0.0084,0.0000,6,230.01,10.45,-11.47,0.2698,0.2320,14016.9,0.0,206.87,211.08,200.17,204.44,7.6903,17.9845,24.4246,30.3137,34.2877,36.3753,37.5124,38.5197,39.2458,39.9769,40.713,41.4536,42.4977,43.7,45.9765,50.5913,58.3405,19.2493,9.22573
61.564,-0.4499,0.0046,0.0000,6,229.15,11.07,-11.14,0.2312,0.2289,13958.6,0.0,206.05,210.31,199.16,203.77,8.03421,18.4196,24.7898,30.5873,34.4961,36.5502,37.6695,38.6612,39.3762,40.0963,40.8215,41.5512,42.58,43.7649,46.0096,50.5635,58.2211,18.5828,8.95765
61.583,-0.4499,0.0025,0.0000,6,228.28,12.16,-10.93,0.1941,0.2271,13902.6,0.0,205.19,209.64,198.15,203.15,8.37234,18.8741,25.1977,30.9232,34.7782,36.8041,37.9082,38.8865,39.592,40.3026,41.018,41.738,42.7531,43.9225,46.1387,50.6363,58.2068,17.8688,8.69154
61.602,-0.4499,0.0014,0.0000,6,227.43,12.71,-10.58,0.1584,0.2234,13852.3,0.0,204.42,208.78,197.63,202.22,8.67233,19.2111,25.4582,31.0955,34.8902,36.8855,37.9732,38.9373,39.6325,40.3329,41.0381,41.7479,42.7489,43.9026,46.0894,50.5312,58.0182,17.3282,8.44831
61.627,-0.4500,0.0008,0.0000,6,226.63,12.90,-10.46,0.1242,0.2168,13798.5,0.0,203.77,207.78,197.15,201.16,8.92292,19.3948,25.5237,31.0479,34.7709,36.7308,37.7999,38.7478,39.4315,40.1204,40.8144,41.5132,42.4989,43.6355,45.7911,50.1755,57.5815,17.0011,8.23343
61.646,-0.4500,0.0004,0.0000,6,225.85,12.91,-10.43,0.0917,0.2092,13747.0,0.0,203.12,206.77,196.54,200.27,9.14115,19.5038,25.5028,30.9081,34.5574,36.4811,37.531,38.4623,39.1343,39.8117,40.4944,41.182,42.1524,43.2716,45.3959,49.7233,57.0506,16.7718,8.03674
61.664,-0.4500,0.0002,0.0000,6,225.05,13.12,-10.47,0.0611,0.2020,13695.8,0.0,202.43,205.95,195.77,199.56,9.34409,19.6057,25.487,30.7841,34.3655,36.2555,37.2875,38.2034,38.8646,39.5313,40.2033,40.8804,41.8362,42.9391,45.0341,49.3071,56.5588,16.5412,7.84888
61.683,-0.4500,0.0001,0.0000,6,224.25,13.27,-10.42,0.0322,0.1947,13650.6,0.0,201.72,205.20,195.10,198.92,9.52631,19.6787,25.4457,30.6391,34.1555,36.0128,37.0278,37.9288,38.5796,39.236,39.8977,40.5646,41.5063,42.5935,44.6602,48.8808,56.0595,16.3475,7.67374
61.702,-0.4500,0.0001,0.0000,6,223.49,12.95,-10.32,0.0051,0.1855,13605.5,0.0,201.08,204.35,194.66,198.06,9.66922,19.6516,25.281,30.3557,33.7992,35.6205,36.6167,37.5016,38.141,38.7861,39.4367,40.0925,41.0192,42.0896,44.1263,48.2922,55.3976,16.3198,7.52207
61.727,-0.4500,0.0000,0.0000,6,222.75,12.42,-10.29,-0.0203,0.1750,13559.1,0.0,200.49,203.49,194.16,197.22,9.77989,19.5535,25.0319,29.9793,33.3449,35.1282,36.1046,36.9725,37.5998,38.233,38.8718,39.5162,40.4272,41.4801,43.4855,47.5951,54.6265,16.4387,7.39074
61.746,-0.4500,0.0000,0.0000,6,222.00,11.96,-10.24,-0.0439,0.1651,13512.9,0.0,199.83,202.74,193.46,196.59,9.88007,19.4624,24.8033,29.6338,32.927,34.6749,35.6327,36.4845,37.1004,37.7224,38.3503,38.9838,39.8798,40.9162,42.8916,46.9474,53.9068,16.5775,7.26802
61.764,-0.4500,0.0000,0.0000,6,221.24,11.82,-10.22,-0.0657,0.1562,13466.5,0.0,199.14,202.15,192.66,196.04,9.97586,19.3969,24.6201,29.3489,32.578,34.2943,35.2353,36.0726,36.6783,37.2902,37.9081,38.5318,39.4143,40.4355,42.3834,46.3892,53.2806,16.6901,7.15073
61.782,-0.4500,0.0000,0.0000,6,220.47,11.63,-10.07,-0.0858,0.1477,13424.3,0.0,198.46,201.55,192.01,195.47,10.0582,19.3224,24.4344,29.0668,32.2352,33.9212,34.8463,35.6697,36.2657,36.8679,37.4763,38.0905,38.9601,39.9666,41.8882,45.8457,52.6712,16.8553,7.04462
61.802,-0.4500,0.0000,0.0000,6,219.73,11.33,-9.93,-0.1042,0.1385,13379.6,0.0,197.81,200.88,191.43,194.77,10.1192,19.2094,24.2054,28.7382,31.8443,33.4992,34.4079,35.2172,35.8032,36.3956,36.9942,37.5989,38.455,39.4467,41.3415,45.2502,52.0098,17.1758,6.95478
61.827,-0.4500,0.0000,0.0000,6,218.99,10.99,-9.79,-0.1210,0.1294,13334.1,0.0,197.14,200.19,190.78,194.11,10.166,19.0821,23.9656,28.4016,31.4469,33.0716,33.9643,34.7599,35.3362,35.919,36.5081,37.1032,37.9464,38.9235,40.7922,44.653,51.3479,17.6304,6.87753
61.846,-0.4500,0.0000,0.0000,6,218.23,10.92,-9.65,-0.1361,0.1214,13287.6,0.0,196.43,199.62,189.99,193.56,10.2113,18.9818,23.7703,28.1231,31.1156,32.7137,33.5925,34.376,34.9437,35.5179,36.0985,36.6853,37.5168,38.481,40.3263,44.1436,50.7789,18.0963,6.80516
61.864,-0.4500,0.0000,0.0000,6,217.47,11.07,-9.52,-0.1496,0.1144,13241.9,0.0,195.70,199.07,189.19,193.03,10.2527,18.8988,23.6057,27.8863,30.8325,32.4073,33.2738,34.0466,34.6066,35.1732,35.7462,36.3255,37.1467,38.0994,39.9236,43.7016,50.282,18.6029,6.73939
61.882,-0.4500,0.0000,0.0000,6,216.71,11.12,-9.31,-0.1615,0.1074,13197.7,0.0,194.98,198.45,188.57,192.38,10.2801,18.7976,23.423,27.6323,30.5326,32.0846,32.9389,33.701,34.2535,34.8126,35.3782,35.9501,36.7613,37.7026,39.506,43.2457,49.7725,19.4169,6.68681
61.902,-0.4500,0.0000,0.0000,6,215.97,11.10,-9.12,-0.1718,0.0999,13152.0,0.0,194.31,197.76,187.95,191.68,10.2907,18.6678,23.2077,27.3431,30.1965,31.7249,32.5667,33.3179,33.8627,34.4142,34.9722,35.5367,36.3376,37.2673,39.0496,42.7504,49.2238,21.4059,6.64963
61.926,-0.4500,0.0000,0.0000,6,215.21,11.07,-8.91,-0.1806,0.0927,13105.6,0.0,193.58,197.07,187.25,191.04,10.2926,18.5357,22.9952,27.061,29.8702,31.3764,32.2063,32.9473,33.4848,34.0292,34.5801,35.1376,35.9287,36.8474,38.6096,42.2737,48.6963,59.4805,6.62279
61.945,-0.4500,0.0000,0.0000,6,214.45,11.24,-8.72,-0.1880,0.0864,13058.7,0.0,192.84,196.46,186.48,190.46,10.2912,18.4176,22.8071,26.812,29.5826,31.069,31.8885,32.6205,33.1516,33.6896,34.2343,34.7855,35.5678,36.4767,38.2212,41.8523,48.2288,59.2729,6.60266
61.965,-0.4500,0.0000,0.0000,6,213.69,11.47,-8.50,-0.1939,0.0805,13013.6,0.0,192.10,195.83,185.78,189.86,10.2823,18.2991,22.624,26.5728,29.3074,30.7758,31.5858,32.3094,32.8347,33.3668,33.9056,34.4509,35.2252,36.125,37.8532,41.4535,47.7875,59.1485,6.59225
61.984,-0.4500,0.0000,0.0000,6,212.93,11.55,-8.26,-0.1983,0.0741,12968.0,0.0,191.39,195.13,185.17,189.15,10.2582,18.1533,22.4088,26.2982,28.9949,30.4444,31.2444,31.9593,32.4784,33.0043,33.5369,34.0762,34.8421,35.7326,37.4439,41.0127,47.3036,59.0018,6.59726
62.002,-0.4500,0.0000,0.0000,6,212.18,11.54,-8.02,-0.2014,0.0674,12921.9,0.0,190.70,194.39,184.56,188.44,10.2198,17.9827,22.1646,25.9915,28.6488,30.0785,30.8681,31.5739,32.0865,32.606,33.1324,33.6654,34.4227,35.3035,36.9973,40.5339,46.7907,58.835,6.61768
62.027,-0.4500,0.0000,0.0000,6,211.42,11.57,-7.77,-0.2032,0.0611,12875.2,0.0,189.97,193.70,183.84,187.81,10.176,17.815,21.9288,25.698,28.3188,29.7304,30.5102,31.2076,31.7143,32.2279,32.7483,33.2756,34.025,34.8969,36.5743,40.0812,46.327,58.767,6.64706
62.046,-0.4500,0.0000,0.0000,6,210.66,11.74,-7.55,-0.2036,0.0553,12828.4,0.0,189.24,193.06,183.09,187.20,10.1276,17.6522,21.7038,25.4205,28.0084,29.4033,30.1743,30.8641,31.3653,31.8736,32.3888,32.9108,33.653,34.5168,36.1793,39.6592,45.9221,58.82,6.68473
62.064,-0.4500,0.0000,0.0000,6,209.90,11.87,-7.29,-0.2027,0.0495,12783.8,0.0,188.53,192.39,182.46,186.55,10.0699,17.4786,21.4683,25.1331,27.6883,29.0669,29.8292,30.5115,31.0075,31.5105,32.0206,32.5375,33.2725,34.1282,35.7764,39.23,45.5353,58.9294,6.73445
62.082,-0.4500,0.0000,0.0000,6,209.16,11.86,-7.03,-0.2006,0.0431,12738.2,0.0,187.85,191.67,181.87,185.82,9.9982,17.2772,21.1991,24.8069,27.3266,28.6874,29.4404,30.1146,30.6049,31.1023,31.6067,32.118,32.8453,33.6925,35.3252,38.7505,45.1137,59.0034,6.80072
62.101,-0.4500,0.0000,0.0000,6,208.42,11.79,-6.79,-0.1972,0.0365,12692.4,0.0,187.18,190.94,181.25,185.12,9.9155,17.0581,20.9095,24.4585,26.9413,28.2838,29.0272,29.6931,30.1774,30.6689,31.1675,31.6731,32.3924,33.2308,34.8477,38.2441,44.6826,59.0884,6.88163
62.127,-0.4500,0.0000,0.0000,6,207.67,11.79,-6.55,-0.1926,0.0304,12646.6,0.0,186.47,190.27,180.54,184.51,9.82842,16.8421,20.6274,24.1219,26.5704,27.8959,28.6304,29.2885,29.7674,30.2534,30.7466,31.2468,31.9589,32.7891,34.3914,37.7611,44.308,59.3103,6.97138
62.145,-0.4500,0.0000,0.0000,6,206.93,11.89,-6.34,-0.1867,0.0246,12600.8,0.0,185.78,189.63,179.84,183.89,9.73559,16.6248,20.3471,23.7896,26.2057,27.5153,28.2413,28.892,29.3657,29.8466,30.3347,30.83,31.5351,32.3577,33.9462,37.291,43.9808,59.6632,7.07139
62.164,-0.4500,0.0000,0.0000,6,206.19,11.88,-6.09,-0.1797,0.0186,12557.6,0.0,185.11,188.96,179.27,183.21,9.63217,16.3898,20.0459,23.4339,25.8162,27.109,27.8261,28.4692,28.9374,29.413,29.8958,30.3858,31.0839,31.8985,33.4726,36.7917,43.6445,60.0464,7.18695
62.182,-0.4500,0.0000,0.0000,6,205.47,11.78,-5.88,-0.1716,0.0119,12513.1,0.0,184.49,188.25,178.69,182.50,9.51605,16.1298,19.7139,23.0422,25.3875,26.6619,27.3692,28.0039,28.4662,28.9359,29.413,29.8973,30.5876,31.3934,32.9517,36.2451,43.2662,60.3973,7.32129
62.208,-0.4500,0.0000,0.0000,6,204.75,11.65,-5.66,-0.1622,0.0053,12468.7,0.0,183.84,187.56,178.06,181.85,9.39243,15.8614,19.3734,22.642,24.9504,26.2062,26.9038,27.5302,27.9866,28.4504,28.9217,29.4004,30.0829,30.8799,32.4225,35.7043,42.9053,60.8406,7.46969
62.226,-0.4500,0.0000,0.0000,6,204.03,11.63,-5.48,-0.1517,-0.0009,12424.3,0.0,183.18,186.93,177.38,181.25,9.26444,15.5943,19.0379,22.2502,24.5235,25.762,26.4505,27.069,27.5198,27.9782,28.4442,28.9175,29.5925,30.3813,31.9093,35.1989,42.6059,61.4823,7.62875
62.245,-0.4500,0.0000,0.0000,6,203.32,11.65,-5.30,-0.1401,-0.0071,12381.6,0.0,182.53,186.31,176.75,180.64,9.12985,15.3219,18.698,21.855,24.0939,25.3154,25.995,26.6058,27.0512,27.5043,27.9649,28.4329,29.1007,29.8816,31.3953,34.7121,42.3449,62.2946,7.80139
62.264,-0.4500,0.0000,0.0000,6,202.62,11.53,-5.11,-0.1272,-0.0137,12339.3,0.0,181.92,185.65,176.22,179.96,8.98398,15.028,18.3312,21.4282,23.6296,24.8325,25.5024,26.1048,26.5443,26.9914,27.4461,27.9085,28.5684,29.3405,30.8386,34.1934,42.0456,63.1202,7.99491
62.282,-0.4500,0.0000,0.0000,6,201.93,11.37,-4.96,-0.1133,-0.0208,12296.5,0.0,181.34,184.97,175.66,179.28,8.82761,14.715,17.9407,20.9736,23.1348,24.3178,24.9772,25.5705,26.0036,26.4443,26.8928,27.3489,28.0003,28.7629,30.2442,33.6457,41.7116,63.9736,8.21003
62.308,-0.4500,0.0000,0.0000,6,201.25,11.24,-4.82,-0.0982,-0.0276,12254.1,0.0,180.72,184.32,175.03,178.69,8.66603,14.3999,17.55,20.5203,22.6424,23.8061,24.4553,25.0397,25.4664,25.901,26.3433,26.7934,27.4366,28.19,29.6597,33.1221,41.4279,65.0786,8.43991
62.327,-0.4500,0.0000,0.0000,6,200.56,11.22,-4.71,-0.0819,-0.0341,12211.9,0.0,180.11,183.73,174.38,178.12,8.50015,14.0855,17.1632,20.0735,22.1584,23.3036,23.943,24.519,24.9398,25.3685,25.805,26.2494,26.8848,27.6296,29.1026,32.6356,41.2197,66.5444,8.6832
62.345,-0.4500,0.0000,0.0000,6,199.88,11.21,-4.59,-0.0645,-0.0405,12171.6,0.0,179.50,183.14,173.80,177.53,8.32772,13.7646,16.7702,19.6207,21.6685,22.7952,23.4249,23.9924,24.4073,24.8301,25.2609,25.6996,26.3272,27.0635,28.5546,32.1634,41.054,68.3426,8.94397
62.363,-0.4500,0.0000,0.0000,6,199.22,11.09,-4.47,-0.0459,-0.0475,12130.8,0.0,178.92,182.51,173.28,176.88,8.1449,13.4239,16.3518,19.1376,21.1447,22.2511,22.87,23.4283,23.8366,24.253,24.6774,25.1099,25.7289,26.4634,27.9741,31.6518,40.8422,70.2704,9.23168
62.383,-0.4500,0.0000,0.0000,6,198.56,10.93,-4.40,-0.0262,-0.0547,12090.0,0.0,178.36,181.87,172.74,176.24,7.95336,13.069,15.9161,18.634,20.5983,21.6831,22.2907,22.8391,23.2406,23.6502,24.0678,24.4936,25.1059,25.8465,27.375,31.1183,40.614,72.4553,9.54562
62.402,-0.4500,0.0000,0.0000,6,197.90,10.85,-4.32,-0.0054,-0.0613,12049.5,0.0,177.77,181.26,172.11,175.69,7.75826,12.7165,15.486,18.1391,20.0625,21.1268,21.7237,22.2628,22.6577,23.0607,23.4719,23.8925,24.5087,25.2579,26.8084,30.6306,40.4911,75.3896,9.87521
62.427,-0.4500,0.0000,0.0000,6,197.24,10.90,-4.28,0.0166,-0.0675,12008.9,0.0,177.16,180.71,171.47,175.16,7.55988,12.3669,15.0624,17.6541,19.5387,20.5838,21.1705,21.7009,22.0896,22.4865,22.8941,23.3182,23.9422,24.7021,26.2798,30.198,40.5006,79.3861,10.2191
62.446,-0.4500,0.0000,0.0000,6,196.59,10.96,-4.20,0.0396,-0.0735,11970.3,0.0,176.56,180.15,170.90,174.62,7.3557,12.0119,14.6339,17.1643,19.0102,20.0362,20.6127,21.1344,21.517,21.9121,22.3237,22.7529,23.3852,24.1569,25.7645,29.789,40.5966,84.5905,10.5838
62.464,-0.4500,0.0000,0.0000,6,195.94,10.89,-4.13,0.0638,-0.0801,11930.9,0.0,176.00,179.54,170.41,173.98,7.14189,11.6379,14.1805,16.6437,18.447,19.4516,20.0169,20.5292,20.9107,21.3083,21.723,22.1559,22.7948,23.576,25.209,29.3312,40.6476,90.7834,10.9853
62.482,-0.4500,0.0000,0.0000,6,195.31,10.77,-4.10,0.0890,-0.0871,11891.4,0.0,175.45,178.91,169.89,173.35,6.91998,11.2502,13.7097,16.1019,17.8597,18.8413,19.3947,19.9043,20.287,20.6862,21.1032,21.5389,22.183,22.9723,24.6281,28.8442,40.6926,98.5665,11.423
62.502,-0.4500,0.0000,0.0000,6,194.67,10.73,-4.05,0.1153,-0.0932,11852.1,0.0,174.86,178.32,169.27,172.84,6.69602,10.8682,13.2492,15.5745,17.2897,18.2501,18.7998,19.312,19.697,20.0993,20.52,20.9603,21.6123,22.4131,24.1,28.4377,40.9665,110.366,11.8755
62.527,-0.4500,0.0000,0.0000,6,194.02,10.89,-4.03,0.1426,-0.0985,11812.1,0.0,174.25,177.79,168.60,172.36,6.47044,10.4932,12.8008,15.0643,16.7405,17.6884,18.2421,18.7588,19.148,19.5553,19.9818,20.4288,21.0922,21.9093,23.6386,28.1365,41.5581,129.782,12.3378
62.545,-0.4500,0.0000,0.0000,6,193.37,11.09,-3.98,0.1710,-0.1033,11774.3,0.0,173.63,177.27,168.01,171.85,6.24066,10.1163,12.3518,14.5546,16.193,17.1425,17.7011,18.2236,18.6178,19.031,19.4644,19.9196,20.5966,21.4329,23.2123,27.9007,42.4309,163.815,12.8206
62.563,-0.4500,0.0000,0.0000,6,192.74,11.10,-3.89,0.2002,-0.1089,11735.9,0.0,173.06,176.67,167.54,171.22,6.00191,9.71986,11.876,14.0108,15.6146,16.5655,17.1266,17.6526,18.0502,18.4676,18.9062,19.3677,20.0556,20.9081,22.7317,27.6016,43.3203,200.0,13.3565
62.582,-0.4500,0.0000,0.0000,6,192.12,11.00,-3.87,0.2304,-0.1152,11697.0,0.0,172.53,176.03,167.07,170.56,5.75461,9.30523,11.3753,13.4351,15.0092,15.957,16.518,17.045,17.4442,17.8639,18.3057,18.7714,19.4673,20.3324,22.1931,27.2313,44.2171,200.0,13.9534
62.608,-0.4500,0.0000,0.0000,6,191.48,10.88,-3.77,0.2615,-0.1208,11658.2,0.0,171.93,175.38,166.47,170.04,5.5054,8.89455,10.8818,12.8697,14.4287,15.3761,15.9388,16.4688,16.871,17.2947,17.7417,18.2138,18.921,19.8035,21.7136,26.9698,45.6508,200.0,14.5122
62.627,-0.4500,0.0000,0.0000,6,190.83,11.10,-3.72,0.2934,-0.1248,11618.2,0.0,171.29,174.88,165.75,169.61,5.25744,8.49812,10.4109,12.3421,13.9022,14.8568,15.4261,15.9639,16.3731,16.8052,17.2621,17.7458,18.4729,19.3842,21.3721,26.9538,48.2193,200.0,14.9659
62.646,-0.4500,0.0000,0.0000,6,190.17,11.51,-3.67,0.3262,-0.1278,11579.1,0.0,170.63,174.41,165.07,169.15,5.00799,8.10654,9.94892,11.8428,13.4113,14.3786,14.9582,15.5077,15.9271,16.3711,16.8418,17.3418,18.0962,19.0467,21.1394,27.1617,52.2857,200.0,15.3374
62.664,-0.4500,0.0000,0.0000,6,189.52,11.63,-3.50,0.3597,-0.1316,11541.5,0.0,170.03,173.82,164.59,168.55,4.75134,7.69766,9.46239,11.3246,12.8943,13.8702,14.4579,15.017,15.4451,15.8995,16.3828,16.8977,17.6778,18.666,20.8637,27.3603,57.5572,171.565,15.6851
62.682,-0.4500,0.0000,0.0000,6,188.90,11.52,-3.38,0.3938,-0.1367,11502.7,0.0,169.50,173.14,164.20,167.83,4.48615,7.26577,8.94406,10.7709,12.328,13.3037,13.8941,14.4578,14.8907,15.3515,15.843,16.3684,17.1675,18.1854,20.4721,27.4224,63.9912,137.365,16.0314
62.708,-0.4500,0.0000,0.0000,6,188.27,11.23,-3.23,0.4287,-0.1422,11464.0,0.0,168.93,172.42,163.72,167.19,4.21617,6.8245,8.42341,10.2097,11.7487,12.7209,13.3121,13.8788,14.3154,14.7815,15.2802,15.815,16.6321,17.6791,20.0568,27.5112,73.3664,116.836,16.3486
62.726,-0.4500,0.0000,0.0000,6,187.60,11.28,-3.05,0.4640,-0.1454,11423.9,0.0,168.27,171.88,162.95,166.80,3.95023,6.40364,7.94902,9.71291,11.2535,12.237,12.839,13.4188,13.8674,14.3481,14.8646,15.4208,16.2756,17.3797,19.9241,28.2517,94.8489,99.811,16.5608
62.745,-0.4500,0.0000,0.0000,6,186.92,11.79,-2.95,0.5000,-0.1464,11381.7,0.0,167.56,171.47,162.12,166.42,3.68629,6.00002,7.51448,9.27311,10.8355,11.8459,12.4696,13.0741,13.5442,14.0506,14.5975,15.1898,16.107,17.3041,20.1182,29.9017,162.45,86.0694,16.6824
62.763,-0.4500,0.0000,0.0000,6,186.23,12.23,-2.68,0.5364,-0.1469,11344.0,0.0,166.87,170.99,161.49,165.96,3.41978,5.60808,7.09315,8.85001,10.4411,11.4857,12.1368,12.7724,13.27,13.809,14.3948,15.0337,16.0319,17.3517,20.5317,32.5101,200.0,75.9186,16.7635
62.782,-0.4500,0.0000,0.0000,6,185.57,12.20,-2.37,0.5732,-0.1496,11304.2,0.0,166.29,170.28,161.13,165.17,3.14605,5.2064,6.64537,8.37786,9.97609,11.0409,11.7109,12.3698,12.8889,13.4545,14.0732,14.7527,15.8244,17.2605,20.8128,35.4876,200.0,69.4279,16.8745
62.808,-0.4500,0.0000,0.0000,6,184.96,11.88,-2.16,0.6102,-0.1544,11265.0,0.0,165.82,169.50,160.82,164.35,2.86607,4.79768,6.17425,7.85858,9.43939,10.5074,11.1855,11.857,12.3894,12.9729,13.6152,14.3255,15.4564,16.9925,20.8974,38.8061,200.0,65.1248,17.0119
62.826,-0.4500,0.0000,0.0000,6,184.35,11.46,-2.00,0.6477,-0.1598,11226.4,0.0,165.33,168.75,160.37,163.69,2.59124,4.39696,5.7053,7.33266,8.88741,9.95318,10.6365,11.3182,11.8624,12.4625,13.1276,13.8689,15.0613,16.7061,21.0208,43.6504,200.0,61.6807,17.1367
62.846,-0.4500,0.0000,0.0000,6,183.74,11.30,-1.92,0.6855,-0.1575,11188.1,0.0,164.82,168.17,159.76,163.19,2.33159,4.01574,5.25895,6.83456,8.37124,9.44286,10.1379,10.8377,11.4008,12.0266,12.7261,13.5132,14.7962,16.6003,21.535,53.3522,194.976,58.3938,17.2165
62.864,-0.4500,0.4500,0.0000,6,183.13,11.34,-1.91,0.7215,-0.1438,11150.3,0.0,164.29,167.67,159.14,162.71,2.08605,3.65135,4.83107,6.35833,7.88376,8.96924,9.68308,10.4097,11.0003,11.6629,12.4114,13.2636,14.6765,16.7141,22.6122,77.3233,157.441,55.3163,17.2582
62.882,-0.4500,0.6975,0.0000,6,182.59,11.14,-1.78,0.7551,-0.1310,11282.8,0.0,163.79,167.12,162.74,162.74,1.85232,3.29296,4.40121,5.86692,7.3671,8.45745,9.18511,9.93463,10.5505,11.2488,12.047,12.9682,14.525,16.8381,24.0239,165.98,134.433,52.8517,17.3008
62.908,-0.4500,0.8336,0.0000,6,182.42,10.66,-1.74,0.7863,-0.1205,11429.9,0.0,163.47,166.55,164.89,164.89,1.62911,2.93454,3.95682,5.33458,6.77618,7.84453,8.56742,9.32042,9.94573,10.6619,11.4901,12.4588,14.1282,16.6866,25.2835,200.0,120.727,51.1583,17.3725
62.927,-0.4500,0.9085,0.0000,6,182.45,10.14,-1.80,0.8155,-0.1113,11525.4,0.0,163.31,166.15,166.28,166.28,1.4172,2.58339,3.51173,4.78522,6.14603,7.17379,7.87874,8.62144,9.24474,9.96602,10.8103,11.8118,13.5741,16.3681,26.6764,200.0,111.207,49.8516,17.4516
62.945,-0.4500,0.9497,0.0000,6,182.59,9.63,-1.92,0.8427,-0.1028,11588.2,0.0,163.30,165.94,167.19,167.19,1.21668,2.24314,3.07335,4.23224,5.49701,6.47088,7.14838,7.8707,8.4838,9.20124,10.0521,11.0772,12.9242,15.9702,28.6406,200.0,103.854,48.7391,17.5262
62.963,-0.4500,0.9723,0.0000,6,182.81,9.16,-2.08,0.8680,-0.0947,11628.3,0.0,163.38,165.89,167.78,167.78,1.02735,1.91507,2.64442,3.6805,4.83591,5.74368,6.38472,7.077,7.67185,8.37659,9.22466,10.2647,12.1904,15.521,31.8543,200.0,97.8764,47.7497,17.5926
62.982,-0.4500,0.9848,0.0000,6,183.07,8.65,-2.24,0.8916,-0.0870,11651.7,0.0,163.55,165.93,168.12,168.12,0.848883,1.59931,2.22545,3.13056,4.16231,4.99001,5.58383,6.23396,6.80011,7.47998,8.31161,9.35209,11.3412,14.9866,37.7673,200.0,92.9515,46.8707,17.6522
63.007,-0.3731,0.9916,0.0000,6,183.32,8.24,-2.44,0.9136,-0.0793,11695.3,0.0,163.78,166.07,168.72,168.72,0.68154,1.29825,1.8212,2.59139,3.49058,4.22887,4.76812,5.36793,5.89846,6.54592,7.35367,8.38955,10.4522,14.5403,54.6308,200.0,88.4776,45.9922,17.6946
63.026,-0.3358,0.9954,0.0000,6,183.59,7.92,-2.54,0.9338,-0.0709,11701.4,0.0,164.35,166.62,168.94,168.94,0.525513,1.01335,1.43466,2.06863,2.8299,3.47266,3.95262,4.49723,4.98864,5.6011,6.38555,7.42617,9.6229,14.5415,200.0,200.0,84.0435,45.0196,17.7088
63.045,-0.3022,0.9975,0.0000,6,183.88,7.70,-2.72,0.9524,-0.0621,11727.8,0.0,165.01,167.32,169.07,169.07,0.380836,0.74415,1.06429,1.55782,2.17,2.70432,3.1142,3.59102,4.03239,4.59785,5.34824,6.39193,8.79624,15.4336,200.0,195.228,79.8127,44.0014,17.7
63.064,-0.2720,0.9986,0.0000,6,184.22,7.46,-2.75,0.9693,-0.0534,11690.5,0.0,165.68,167.96,168.92,168.92,0.247469,0.490148,0.708527,1.05398,1.49806,1.90054,2.21916,2.60115,2.96612,3.45051,4.12438,5.12582,7.76717,18.9023,200.0,171.875,76.0183,43.0195,17.6785
63.083,-0.2448,0.9992,0.0000,6,184.57,7.05,-2.82,0.9845,-0.0453,11683.6,0.0,166.37,168.58,168.61,168.61,0.125854,0.252509,0.368823,0.557604,0.809314,1.04672,1.24129,1.48267,1.72202,2.05374,2.54396,3.34191,5.9597,56.9898,200.0,154.973,72.8532,42.1562,17.6561
63.108,-0.2203,0.9996,0.0000,6,184.88,6.70,-2.87,0.9980,-0.0370,11723.0,0.0,167.03,169.24,169.02,169.02,0.0166976,0.0339576,0.050156,0.0771959,0.114771,0.15191,0.183662,0.224815,0.267681,0.330777,0.432834,0.626037,1.66965,200.0,200.0,140.915,69.8641,41.2844,17.617
63.126,-0.1983,0.9998,0.0000,6,185.25,6.34,-2.77,1.0097,-0.0283,11693.0,0.0,167.63,169.86,168.76,168.76,-1.0,-1.0,-1.0,-1.0,-1.0,-1.0,-1.0,-1.0,-1.0,-1.0,-1.0,-1.0,-1.0,-1.0,-1.0,-1.0,-1.0,-1.0,-1.0
63.145,-0.1785,0.9999,0.0000,6,185.59,6.05,-2.79,1.0196,-0.0200,11727.2,0.0,168.24,170.32,169.02,169.02,-1.0,-1.0,-1.0,-1.0,-1.0,-1.0,-1.0,-1.0,-1.0,-1.0,-1.0,-1.0,-1.0,-1.0,-1.0,-1.0,-1.0,-1.0,-1.0
63.164,-0.1606,0.9999,0.0000,6,185.91,5.76,-2.76,1.0278,-0.0118,11769.1,0.0,168.80,170.83,169.82,169.82,-1.0,-1.0,-1.0,-1.0,-1.0,-1.0,-1.0,-1.0,-1.0,-1.0,-1.0,-1.0,-1.0,-1.0,-1.0,-1.0,-1.0,-1.0,-1.0
63.182,-0.1446,0.9999,0.0000,6,186.29,5.68,-2.80,1.0345,-0.0027,11783.2,0.0,169.20,171.37,169.80,169.80,-1.0,-1.0,-1.0,-1.0,-1.0,-1.0,-1.0,-1.0,-1.0,-1.0,-1.0,-1.0,-1.0,-1.0,-1.0,-1.0,-1.0,-1.0,-1.0
63.207,-0.1301,1.0000,0.0000,6,186.69,5.46,-2.72,1.0394,0.0053,11767.1,0.0,169.73,171.69,169.90,169.90,-1.0,-1.0,-1.0,-1.0,-1.0,-1.0,-1.0,-1.0,-1.0,-1.0,-1.0,-1.0,-1.0,-1.0,-1.0,-1.0,-1.0,-1.0,-1.0
63.226,-0.1171,1.0000,0.0000,6,186.91,5.55,-3.04,1.0429,0.0136,11935.4,0.0,170.14,172.14,172.07,172.07,-1.0,-1.0,-1.0,-1.0,-1.0,-1.0,-1.0,-1.0,-1.0,-1.0,-1.0,-1.0,-1.0,-1.0,-1.0,-1.0,-1.0,-1.0,-1.0
63.245,-0.1054,1.0000,0.0000,6,187.22,6.09,-3.32,1.0453,0.0228,11996.6,0.0,170.34,172.46,173.12,173.12,-1.0,-1.0,-1.0,-1.0,-1.0,-1.0,-1.0,-1.0,-1.0,-1.0,-1.0,-1.0,-1.0,-1.0,-1.0,-1.0,-1.0,-1.0,-1.0
63.264,-0.0948,1.0000,0.0000,6,187.61,6.28,-3.28,1.0464,0.0317,11978.3,0.0,170.65,172.88,172.86,172.86,-1.0,-1.0,-1.0,-1.0,-1.0,-1.0,-1.0,-1.0,-1.0,-1.0,-1.0,-1.0,-1.0,-1.0,-1.0,-1.0,-1.0,-1.0,-1.0
63.283,-0.0854,1.0000,0.0000,6,187.98,6.46,-3.27,1.0461,0.0401,11976.7,0.0,171.04,173.19,172.81,172.81,-1.0,-1.0,-1.0,-1.0,-1.0,-1.0,-1.0,-1.0,-1.0,-1.0,-1.0,-1.0,-1.0,-1.0,-1.0,-1.0,-1.0,-1.0,-1.0
63.308,-0.0768,1.0000,0.0000,6,188.34,6.38,-3.22,1.0445,0.0475,11990.2,0.0,171.50,173.46,173.02,173.02,-1.0,-1.0,-1.0,-1.0,-1.0,-1.0,-1.0,-1.0,-1.0,-1.0,-1.0,-1.0,-1.0,-1.0,-1.0,-1.0,-1.0,-1.0,-1.0
63.326,-0.0691,1.0000,0.0000,6,188.72,6.26,-3.13,1.0415,0.0544,11984.7,0.0,171.95,173.75,172.96,172.96,-1.0,-1.0,-1.0,-1.0,-1.0,-1.0,-1.0,-1.0,-1.0,-1.0,-1.0,-1.0,-1.0,-1.0,-1.0,-1.0,-1.0,-1.0,-1.0
63.345,-0.0622,1.0000,0.0000,6,189.09,5.89,-2.98,1.0372,0.0602,11995.1,0.0,172.47,174.03,173.07,173.07,-1.0,-1.0,-1.0,-1.0,-1.0,-1.0,-1.0,-1.0,-1.0,-1.0,-1.0,-1.0,-1.0,-1.0,-1.0,-1.0,-1.0,-1.0,-1.0
63.364,-0.0560,1.0000,0.0000,6,189.45,5.63,-3.02,1.0315,0.0656,12028.5,0.0,172.91,174.30,173.55,173.55,-1.0,-1.0,-1.0,-1.0,-1.0,-1.0,-1.0,-1.0,-1.0,-1.0,-1.0,-1.0,-1.0,-1.0,-1.0,-1.0,-1.0,-1.0,-1.0
63.383,-0.0504,1.0000,0.0000,6,189.96,5.09,-2.84,1.0246,0.0703,11932.1,0.0,173.37,174.63,172.40,172.40,-1.0,-1.0,-1.0,-1.0,-1.0,-1.0,-1.0,-1.0,-1.0,-1.0,-1.0,-1.0,-1.0,-1.0,-1.0,-1.0,-1.0,-1.0,-1.0
63.407,-0.0454,1.0000,0.0000,6,190.41,4.20,-2.61,1.0162,0.0732,11937.4,0.0,174.12,174.92,172.25,172.25,-1.0,-1.0,-1.0,-1.0,-1.0,-1.0,-1.0,-1.0,-1.0,-1.0,-1.0,-1.0,-1.0,-1.0,-1.0,-1.0,-1.0,-1.0,-1.0
63.426,-0.0408,1.0000,0.0000,6,190.79,3.56,-2.71,1.0067,0.0761,12004.9,0.0,174.59,175.29,173.00,173.00,-1.0,-1.0,-1.0,-1.0,-1.0,-1.0,-1.0,-1.0,-1.0,-1.0,-1.0,-1.0,-1.0,-1.0,-1.0,-1.0,-1.0,-1.0,-1.0
63.445,-0.0367,1.0000,0.0000,6,191.17,3.15,-2.88,0.9960,0.0790,12073.1,0.0,175.02,175.63,174.10,174.10,0.036657,0.0951901,0.182883,0.550798,200.0,200.0,200.0,194.842,170.665,151.835,136.758,124.412,110.466,97.937,80.7984,59.9477,42.108,30.0056,15.7441
63.464,-0.0331,1.0000,0.0000,6,191.63,2.85,-3.08,0.9846,0.0820,12086.1,0.0,175.37,176.05,174.18,174.18,0.143258,0.375129,0.729197,2.30861,200.0,200.0,200.0,184.53,162.593,145.328,131.387,119.894,106.826,95.0085,78.7228,58.7197,41.4376,29.6244,15.6128
63.483,-0.0298,1.0000,0.0000,6,192.06,2.60,-3.27,0.9723,0.0848,12102.4,0.0,175.79,176.44,174.65,174.65,0.257957,0.680669,1.33767,4.45041,200.0,200.0,200.0,175.853,155.712,139.72,126.716,115.934,103.606,92.3947,76.8447,57.5861,40.8045,29.2566,15.4799
63.508,-0.0268,1.0000,0.0000,6,192.52,2.32,-3.44,0.9593,0.0872,12113.2,0.0,176.25,176.83,174.58,174.58,0.380347,1.0105,2.00569,6.99981,200.0,200.0,198.303,168.592,149.885,134.924,122.687,112.493,100.783,90.0821,75.1602,56.5486,40.2112,28.9039,15.3461
63.526,-0.0241,1.0000,0.0000,6,193.01,2.00,-3.44,0.9455,0.0893,12078.5,0.0,176.71,177.23,174.32,174.32,0.50986,1.36257,2.72809,9.95056,200.0,200.0,194.808,162.586,145.012,130.875,119.257,109.542,98.3397,88.0631,73.6686,55.6094,39.6602,28.5682,15.212
63.545,-0.0217,1.0000,0.0000,6,193.44,1.71,-3.44,0.9311,0.0911,12102.3,0.0,177.18,177.63,174.89,174.89,0.645993,1.73504,3.49992,13.2872,200.0,200.0,188.864,157.558,140.89,127.42,116.309,106.988,96.2057,86.284,72.3357,54.7524,39.1446,28.2465,15.0774
63.564,-0.0195,1.0000,0.0000,6,193.88,1.42,-3.43,0.9161,0.0926,12126.6,0.0,177.63,178.04,174.97,174.97,0.788262,2.12664,4.31905,17.0313,200.0,200.0,182.787,153.115,137.218,124.319,113.646,104.667,94.2538,84.6452,71.0944,53.9406,38.647,27.9306,14.9409
63.582,-0.0176,1.0000,0.0000,6,194.32,1.18,-3.28,0.9005,0.0941,12141.2,0.0,178.07,178.45,175.34,175.34,0.936077,2.53626,5.18476,21.2446,200.0,198.166,177.173,148.966,133.766,121.39,111.117,102.455,92.3842,83.0677,69.8906,53.1448,38.1533,27.614,14.8016
63.607,-0.0158,1.0000,0.0000,6,194.74,1.00,-3.27,0.8845,0.0955,12193.3,0.0,178.49,178.84,175.73,175.73,1.08893,2.96262,6.09518,25.9722,200.0,196.251,171.925,145.05,130.491,118.597,108.696,100.329,90.5796,81.5386,68.7159,52.3606,37.662,27.2962,14.6595
63.626,-0.0142,1.0000,0.0000,6,195.19,0.86,-3.14,0.8680,0.0968,12198.1,0.0,178.91,179.22,176.00,176.00,1.24621,3.40366,7.04515,31.2092,200.0,194.302,167.099,141.41,127.429,115.972,106.413,98.3161,88.8617,80.076,67.584,51.5972,37.178,26.9799,14.5157
63.645,-0.0128,1.0000,0.0000,6,195.62,0.74,-3.05,0.8512,0.0980,12225.5,0.0,179.32,179.60,176.39,176.39,1.40732,3.85713,8.02785,36.8989,200.0,192.337,162.752,138.097,124.624,113.554,104.298,96.4434,87.2551,78.7007,66.5105,50.8637,36.7065,26.6681,14.3709
63.664,-0.0115,1.0000,0.0000,6,196.04,0.65,-3.02,0.8340,0.0990,12262.6,0.0,179.73,179.98,176.92,176.92,1.57195,4.32231,9.04247,43.0851,200.0,190.317,158.732,135.006,121.993,111.276,102.297,94.6651,85.7227,77.383,65.4749,50.149,36.2421,26.3582,14.2248
63.683,-0.0104,1.0000,0.0000,6,196.47,0.58,-3.04,0.8165,0.1001,12295.7,0.0,180.13,180.36,177.41,177.41,1.73971,4.79832,10.088,49.8241,199.242,188.186,154.941,132.069,119.482,109.093,100.374,92.9512,84.2406,76.104,64.4644,49.4463,35.7818,26.0489,14.0774
63.708,-0.0093,1.0000,0.0000,6,196.90,0.53,-3.07,0.7987,0.1010,12324.4,0.0,180.53,180.74,177.82,177.82,1.91032,5.28384,11.1598,57.064,197.812,185.895,151.415,129.316,117.117,107.029,98.547,91.3177,82.8225,74.8753,63.4875,48.7606,35.3285,25.7419,13.9291
63.726,-0.0084,1.0000,0.0000,6,197.33,0.48,-3.09,0.7807,0.1019,12350.0,0.0,180.94,181.13,178.19,178.19,2.08346,5.77756,12.2538,64.7577,196.394,183.247,148.145,126.741,114.894,105.08,96.8171,89.7655,81.4689,73.6977,62.5451,48.0931,34.8827,25.4375,13.78
63.744,-0.0076,1.0000,0.0000,6,197.76,0.43,-3.10,0.7625,0.1026,12374.0,0.0,181.34,181.52,178.54,178.54,2.25898,6.27913,13.3693,72.9252,194.984,179.355,145.074,124.305,112.782,103.221,95.1612,88.2754,80.1648,72.5589,61.6288,47.439,34.4424,25.1347,13.6302
63.764,-0.0068,1.0000,0.0000,6,198.19,0.39,-3.10,0.7440,0.1034,12396.6,0.0,181.75,181.91,178.87,178.87,2.43678,6.7885,14.5073,81.6392,193.575,175.311,142.136,121.961,110.743,101.422,93.5542,86.8258,78.8926,71.4451,60.7289,46.7927,34.0046,24.8323,13.4794
63.782,-0.0061,1.0000,0.0000,6,198.63,0.35,-3.08,0.7253,0.1040,12416.9,0.0,182.15,182.31,179.16,179.16,2.6167,7.30487,15.6647,90.8515,192.171,171.5,139.341,119.717,108.784,99.6873,92.0013,85.4217,77.6563,70.3594,59.8478,46.1561,33.5705,24.5308,13.3278
63.807,-0.0055,1.0000,0.0000,6,199.06,0.32,-3.06,0.7064,0.1046,12441.6,0.0,182.56,182.69,179.51,179.51,2.79846,7.82664,16.835,100.375,190.78,167.975,136.727,117.604,106.93,98.0399,90.5204,84.0785,76.4697,69.3135,58.994,45.5338,33.1427,24.2317,13.1757
63.826,-0.0050,1.0000,0.0000,6,199.48,0.28,-3.03,0.6874,0.1052,12467.5,0.0,182.95,183.08,179.89,179.89,2.98197,8.35392,18.0201,110.302,189.394,164.636,134.231,115.572,105.143,96.4467,89.0854,82.7739,75.3134,68.2915,58.1564,44.9201,32.7182,23.9334,13.023
63.845,-0.0045,1.0000,0.0000,6,199.90,0.25,-3.01,0.6682,0.1057,12494.2,0.0,183.35,183.46,180.27,180.27,3.16713,8.88641,19.2187,120.61,188.013,161.457,131.834,113.614,103.414,94.9014,87.6894,81.5023,74.184,67.2908,57.333,44.3133,32.2964,23.6358,12.8696
63.864,-0.0040,1.0000,0.0000,6,200.32,0.23,-2.99,0.6488,0.1061,12520.9,0.0,183.75,183.85,180.66,180.66,3.35372,9.42262,20.4247,131.074,186.642,158.482,129.57,111.75,101.762,93.4195,86.3475,80.2764,73.0914,66.3196,56.53,43.7177,31.8793,23.34,12.7158
63.883,-0.0036,1.0000,0.0000,6,200.75,0.20,-2.96,0.6293,0.1065,12547.2,0.0,184.14,184.23,181.04,181.04,3.54169,9.96281,21.6402,141.78,185.277,155.64,127.391,109.947,100.16,91.9793,85.0396,79.0794,72.022,65.3668,55.7395,43.1284,31.4648,23.0448,12.5614
63.908,-0.0033,1.0000,0.0000,6,201.17,0.18,-2.94,0.6097,0.1069,12572.6,0.0,184.53,184.61,181.41,181.41,3.73105,10.5078,22.8697,152.955,183.907,152.852,125.244,108.167,98.5754,90.5525,83.7428,77.8915,70.9594,64.4189,54.9518,42.54,31.0499,22.7488,12.4063
63.926,-0.0029,1.0000,0.0000,6,201.59,0.16,-2.90,0.5899,0.1072,12594.1,0.0,184.92,185.00,181.72,181.72,3.9216,11.0562,24.1069,164.332,182.541,150.172,123.167,106.437,97.0316,89.1594,82.4743,76.7274,69.916,63.4864,54.1745,41.9568,30.637,22.4533,12.2506
63.945,0.0070,1.0000,0.0000,6,202.01,0.14,-2.87,0.5701,0.1075,12619.6,0.0,185.31,185.38,182.08,182.08,4.11325,11.6073,25.3488,191.529,181.181,147.609,121.166,104.762,95.5319,87.8029,81.2367,75.5896,68.8936,62.5706,53.4087,41.3798,30.2266,22.1585,12.0946
63.964,0.0226,1.0000,0.0000,6,202.43,0.14,-2.84,0.5501,0.1074,12646.0,0.0,185.73,185.72,182.46,182.46,4.3039,12.1433,26.5114,190.337,179.932,145.856,119.709,103.493,94.3697,86.7308,80.2414,74.661,68.0449,61.7975,52.7459,40.8633,29.8474,21.8794,11.9413
63.983,0.0455,1.0000,0.0000,6,202.84,0.09,-2.82,0.5302,0.1065,12672.9,0.0,186.21,186.00,182.85,182.85,4.48914,12.6267,27.4219,189.251,178.995,146.239,119.686,103.291,94.0932,86.4057,79.885,74.2847,67.6534,61.4005,52.3558,40.5087,29.5524,21.6435,11.7971
64.008,0.0654,1.0000,0.0000,6,203.25,-0.06,-2.80,0.5104,0.1040,12699.9,0.0,186.75,186.20,183.24,183.24,4.66358,13.0159,27.9004,161.24,178.533,150.33,122.111,104.898,95.3106,87.3344,80.5961,74.8284,68.0223,61.6272,52.416,40.4201,29.3957,21.4787,11.6683
64.026,0.0780,1.0000,0.0000,6,203.66,-0.36,-2.77,0.4910,0.0996,12727.1,0.0,187.31,186.35,183.63,183.63,4.82276,13.2843,27.8699,135.522,178.544,159.826,127.967,108.977,98.5412,89.935,82.7174,76.5776,69.3773,62.6557,53.0478,40.6643,29.4102,21.4015,11.559
64.045,0.0734,1.0000,0.0000,6,204.05,-0.81,-2.74,0.4721,0.0937,12753.9,0.0,187.84,186.52,184.02,184.02,4.96564,13.4407,27.4339,111.383,178.833,168.775,137.971,115.906,104.032,94.371,86.358,79.6049,71.758,64.5033,54.2493,41.2299,29.5856,21.4058,11.4684
64.064,0.0660,1.0000,0.0000,6,204.45,-1.31,-2.70,0.4540,0.0871,12777.7,0.0,188.30,186.78,184.36,184.36,5.09572,13.5335,26.8479,93.4566,179.106,171.228,151.96,125.341,111.411,100.274,91.1671,83.583,74.8728,66.9154,55.822,41.9904,29.8536,21.4561,11.3898
64.083,0.0594,1.0000,0.0000,6,204.84,-1.74,-2.65,0.4366,0.0806,12803.4,0.0,188.66,187.14,184.73,184.73,5.21751,13.61,26.3131,81.375,179.181,172.538,165.307,136.547,119.997,107.032,96.602,88.0305,78.3123,69.5502,57.5156,42.7976,30.1378,21.514,11.3156
64.108,0.0535,1.0000,0.0000,6,205.23,-2.02,-2.61,0.4201,0.0747,12828.6,0.0,188.96,187.55,185.10,185.10,5.33341,13.6919,25.896,73.2739,179.027,173.194,167.929,148.999,129.305,114.216,102.288,92.6218,81.8096,72.1914,59.1785,43.5669,30.3977,21.5603,11.2425
64.126,0.0481,1.0000,0.0000,6,205.62,-2.17,-2.58,0.4044,0.0694,12853.3,0.0,189.25,187.99,185.46,185.46,5.44425,13.7846,25.5974,67.7165,178.673,173.413,169.023,161.411,139.022,121.558,107.999,97.1682,85.2147,74.723,60.7354,44.2613,30.6174,21.5881,11.1694
64.144,0.0433,1.0000,0.0000,6,206.02,-2.20,-2.54,0.3896,0.0647,12877.5,0.0,189.54,188.42,185.81,185.81,5.54997,13.8857,25.3915,63.7538,178.163,173.333,169.471,164.132,149.05,128.967,113.661,101.609,88.4856,77.1167,62.173,44.8781,30.7983,21.599,11.0968
64.163,0.0390,1.0000,0.0000,6,206.41,-2.16,-2.51,0.3756,0.0605,12901.2,0.0,189.84,188.85,186.15,186.15,5.65064,13.992,25.2552,60.829,177.533,173.04,169.539,165.09,158.774,136.408,119.246,105.927,91.6125,79.3696,63.4945,45.4235,30.945,21.5957,11.0253
64.183,0.0351,1.0000,0.0000,6,206.81,-2.07,-2.48,0.3624,0.0569,12923.6,0.0,190.16,189.28,186.47,186.47,5.74638,14.1017,25.1732,58.6273,176.807,172.583,169.348,165.428,161.033,143.811,124.702,110.083,94.5726,81.4694,64.6975,45.8998,31.0602,21.5801,10.9551
64.208,0.0316,1.0000,0.0000,6,207.21,-1.94,-2.45,0.3499,0.0536,12945.1,0.0,190.48,189.70,186.78,186.78,5.83761,14.2146,25.1376,56.961,176.002,171.995,168.964,165.398,161.732,151.063,129.948,114.02,97.3305,83.3948,65.7735,46.3062,31.1449,21.5528,10.8863
64.226,0.0284,1.0000,0.0000,6,207.60,-1.80,-2.42,0.3381,0.0508,12968.5,0.0,190.80,190.12,187.12,187.12,5.9245,14.3286,25.1358,55.6755,175.134,171.306,168.439,165.131,161.893,156.29,134.992,117.75,99.8997,85.161,66.7366,46.6529,31.2044,21.5165,10.8192
64.245,0.0256,1.0000,0.0000,6,208.00,-1.65,-2.40,0.3270,0.0483,12992.7,0.0,191.13,190.53,187.47,187.47,6.00736,14.4431,25.1608,54.6778,174.216,170.537,167.803,164.693,161.745,157.298,139.805,121.259,102.278,86.7709,67.5927,46.9446,31.2417,21.4726,10.7538
64.264,0.0230,1.0000,0.0000,6,208.40,-1.50,-2.39,0.3164,0.0460,13017.0,0.0,191.47,190.93,187.82,187.82,6.08637,14.5563,25.2041,53.8863,173.258,169.706,167.084,164.132,161.397,157.535,144.431,124.585,104.498,88.2512,68.3613,47.1928,31.2621,21.4236,10.6903
64.283,0.0207,1.0000,0.0000,6,208.80,-1.37,-2.38,0.3064,0.0439,13041.1,0.0,191.82,191.33,188.17,188.17,6.16175,14.6672,25.2594,53.2452,172.268,168.827,166.301,163.479,160.909,157.428,148.911,127.765,106.587,89.6261,69.0592,47.4068,31.2699,21.3711,10.6288
64.308,0.0187,1.0000,0.0000,6,209.20,-1.25,-2.37,0.2969,0.0421,13065.1,0.0,192.16,191.72,188.51,188.51,6.23384,14.776,25.3247,52.7259,171.252,167.907,165.463,162.752,160.315,157.108,151.547,130.791,108.549,90.8987,69.6903,47.5888,31.2664,21.3157,10.5692
64.326,0.0168,1.0000,0.0000,6,209.60,-1.13,-2.35,0.2878,0.0404,13088.0,0.0,192.51,192.11,188.84,188.84,6.30298,14.883,25.3987,52.3077,145.241,166.951,164.579,161.964,159.635,156.637,151.973,133.662,110.382,92.0712,70.2577,47.7415,31.2524,21.2577,10.5114
64.345,0.0151,1.0000,0.0000,6,210.00,-1.03,-2.34,0.2791,0.0389,13111.3,0.0,192.86,192.50,189.18,189.18,6.3695,14.989,25.4826,51.9856,139.814,165.962,163.653,161.118,158.88,156.047,151.893,136.328,112.056,93.125,70.7521,47.8614,31.2268,21.1964,10.455
64.365,0.0136,1.0000,0.0000,6,210.39,-0.93,-2.33,0.2707,0.0375,13135.3,0.0,193.21,192.88,189.53,189.53,6.43388,15.0951,25.5779,51.7536,135.542,164.943,162.687,160.222,158.06,155.358,151.547,138.749,113.55,94.0474,71.168,47.9462,31.1886,21.1313,10.3997
64.383,0.0122,1.0000,0.0000,6,210.79,-0.84,-2.32,0.2627,0.0363,13159.5,0.0,193.56,193.27,189.88,189.88,6.49619,15.2004,25.6801,51.5861,132.079,163.899,161.69,159.286,157.19,154.596,151.04,140.977,114.903,94.8673,71.5232,48.0046,31.1414,21.0639,10.3457
64.408,0.0110,1.0000,0.0000,6,211.19,-0.76,-2.32,0.2550,0.0352,13183.8,0.0,193.91,193.65,190.22,190.22,6.55666,15.3052,25.7894,51.4785,129.281,162.832,160.665,158.315,156.275,153.773,150.415,142.995,116.105,95.5803,71.8164,48.0367,31.0851,20.994,10.2928
64.426,0.0099,1.0000,0.0000,6,211.58,-0.68,-2.31,0.2475,0.0343,13208.0,0.0,194.26,194.03,190.57,190.57,6.61555,15.41,25.906,51.4253,127.032,161.745,159.615,157.312,155.322,152.897,149.697,143.941,117.153,96.1861,72.0485,48.0431,31.0201,20.9216,10.2407
64.445,0.0089,1.0000,0.0000,6,211.98,-0.61,-2.31,0.2403,0.0334,13232.1,0.0,194.61,194.40,190.92,190.92,6.67292,15.5139,26.0265,51.4097,125.177,160.642,158.546,156.285,154.338,151.981,148.914,143.852,118.087,96.7117,72.2354,48.0306,30.949,20.8479,10.1896
64.464,0.0080,1.0000,0.0000,6,212.37,-0.55,-2.31,0.2333,0.0326,13256.0,0.0,194.97,194.78,191.27,191.27,6.72894,15.6171,26.1508,51.4278,123.647,159.525,157.459,155.237,153.329,151.031,148.077,143.455,118.909,97.1605,72.3794,48.0009,30.8724,20.7728,10.1394
64.483,0.0072,1.0000,0.0000,6,212.76,-0.50,-2.30,0.2264,0.0319,13279.9,0.0,195.32,195.15,191.61,191.61,6.78382,15.7203,26.2798,51.4803,122.42,158.394,156.354,154.167,152.294,150.05,147.191,142.886,119.609,97.5265,72.4778,47.9526,30.7896,20.6961,10.0899
64.508,0.0065,1.0000,0.0000,6,213.16,-0.45,-2.30,0.2197,0.0313,13303.7,0.0,195.67,195.52,191.96,191.96,6.83775,15.8237,26.4142,51.5673,121.47,157.249,155.233,153.077,151.236,149.038,146.262,142.198,120.18,97.806,72.5289,47.885,30.7003,20.6175,10.0409
64.526,0.0059,1.0000,0.0000,6,213.55,-0.40,-2.30,0.2132,0.0307,13327.5,0.0,196.03,195.89,192.30,192.30,6.89062,15.9262,26.5497,51.6707,120.679,156.095,154.102,151.975,150.162,148.007,145.306,141.438,120.68,98.0379,72.5545,47.8075,30.6082,20.5386,9.99271
64.545,0.0053,1.0000,0.0000,6,213.94,-0.37,-2.30,0.2068,0.0302,13351.2,0.0,196.38,196.25,192.64,192.64,6.94258,16.0279,26.6864,51.7892,120.023,154.932,152.96,150.86,149.075,146.96,144.325,140.624,121.113,98.2249,72.5562,47.7212,30.5137,20.4593,9.94514
64.564,0.0047,1.0000,0.0000,6,214.33,-0.33,-2.31,0.2006,0.0297,13375.0,0.0,196.73,196.62,192.98,192.98,6.99395,16.1305,26.8289,51.9389,119.585,153.758,151.804,149.729,147.968,145.888,143.312,139.748,121.417,98.3275,72.5125,47.6163,30.4126,20.378,9.89784
64.583,0.0043,1.0000,0.0000,6,214.72,-0.30,-2.31,0.1944,0.0293,13399.1,0.0,197.08,196.98,193.33,193.33,7.04466,16.2331,26.974,52.1067,119.278,152.575,150.639,148.585,146.848,144.8,142.277,138.832,121.64,98.3764,72.4404,47.5006,30.3082,20.2958,9.85099
64.607,0.0038,1.0000,0.0000,6,215.11,-0.27,-2.32,0.1884,0.0289,13423.6,0.0,197.44,197.35,193.69,193.69,7.09486,16.3359,27.1221,52.2925,119.098,151.384,149.464,147.431,145.714,143.697,141.222,137.881,121.78,98.3715,72.34,47.3736,30.2,20.2125,9.80444
64.627,0.0035,1.0000,0.0000,6,215.50,-0.24,-2.32,0.1824,0.0286,13447.2,0.0,197.79,197.71,194.03,194.03,7.14453,16.4387,27.2723,52.4921,119.017,150.185,148.28,146.267,144.57,142.581,140.151,136.902,121.853,98.3233,72.217,47.2378,30.0892,20.1286,9.75824
64.645,0.0031,1.0000,0.0000,6,215.89,-0.22,-2.33,0.1765,0.0283,13470.4,0.0,198.14,198.07,194.36,194.36,7.19384,16.542,27.4261,52.7102,119.05,148.979,147.088,145.093,143.414,141.451,139.062,135.895,121.841,98.2205,72.0653,47.0909,29.9745,20.0435,9.71223
64.664,0.0028,1.0000,0.0000,6,216.27,-0.19,-2.33,0.1707,0.0281,13493.4,0.0,198.49,198.43,194.69,194.69,7.24287,16.646,27.583,52.9447,119.185,147.766,145.887,143.91,142.248,140.308,137.957,134.864,121.755,98.0694,71.8884,46.934,29.8564,19.9573,9.66637
64.683,0.0025,1.0000,0.0000,6,216.66,-0.17,-2.34,0.1649,0.0278,13516.6,0.0,198.84,198.79,195.03,195.03,7.29146,16.7493,27.7396,53.1811,119.346,146.549,144.682,142.721,141.076,139.16,136.845,133.822,121.648,97.9054,71.7051,46.775,29.738,19.8713,9.62086
64.708,0.0023,1.0000,0.0000,6,217.04,-0.15,-2.35,0.1592,0.0276,13539.8,0.0,199.20,199.14,195.36,195.36,7.33955,16.8514,27.8939,53.413,119.498,145.329,143.475,141.531,139.902,138.009,135.729,132.773,121.545,97.7447,71.5242,46.6176,29.6207,19.7861,9.57577
64.726,0.0020,1.0000,0.0000,6,217.43,-0.14,-2.36,0.1535,0.0274,13565.9,0.0,199.55,199.50,195.74,195.74,7.38741,16.9539,28.0508,53.6577,119.726,144.103,142.261,140.332,138.72,136.849,134.602,131.708,121.383,97.5455,71.3233,46.4524,29.5009,19.7001,9.53081
64.746,0.0018,1.0000,0.0000,6,217.81,-0.13,-2.38,0.1479,0.0272,13589.0,0.0,199.90,199.85,196.07,196.07,7.43522,17.0575,28.2115,53.9191,120.045,142.871,141.039,139.125,137.528,135.677,133.462,130.624,121.147,97.2996,71.098,46.2776,29.3774,19.6128,9.48582
64.764,0.0017,1.0000,0.0000,6,218.19,-0.11,-2.39,0.1423,0.0271,13611.8,0.0,200.25,200.21,196.40,196.40,7.48276,17.1608,28.3723,54.1829,120.387,141.635,139.814,137.914,136.331,134.501,132.316,129.531,120.893,97.0422,70.8669,46.1005,29.2535,19.5255,9.44102
64.783,0.0015,1.0000,0.0000,6,218.57,-0.10,-2.40,0.1368,0.0269,13634.3,0.0,200.60,200.56,196.73,196.73,7.52998,17.2633,28.5317,54.4438,120.721,140.396,138.586,136.701,135.133,133.322,131.167,128.435,120.64,96.7859,70.637,45.9247,29.1303,19.4387,9.39651
64.807,0.0013,1.0000,0.0000,6,218.96,-0.10,-2.41,0.1312,0.0268,13656.7,0.0,200.94,200.91,197.05,197.05,7.5772,17.367,28.695,54.7209,141.793,139.151,137.351,135.48,133.925,132.134,130.006,127.323,120.228,96.4859,70.3841,45.7393,29.0037,19.3506,9.35192
64.826,0.0012,1.0000,0.0000,6,219.34,-0.08,-2.42,0.1257,0.0267,13679.3,0.0,201.29,201.27,197.38,197.38,7.62456,17.4724,28.8637,55.0196,140.533,137.899,136.109,134.25,132.708,130.934,128.832,126.193,119.537,96.1306,70.1022,45.5422,28.8726,19.2607,9.30714
64.845,0.0011,1.0000,0.0000,6,219.72,-0.07,-2.44,0.1202,0.0266,13704.5,0.0,201.64,201.62,197.73,197.73,7.67182,17.578,29.0336,55.3232,139.271,136.643,134.862,133.015,131.486,129.729,127.652,125.055,118.74,95.76,69.8125,45.3419,28.7404,19.1706,9.26241
64.864,0.0010,1.0000,0.0000,6,220.09,-0.06,-2.47,0.1148,0.0265,13729.7,0.0,201.98,201.96,198.10,198.10,7.71898,17.6835,29.2032,55.6272,138.005,135.385,133.612,131.778,130.261,128.522,126.47,123.914,117.885,95.3859,69.5212,45.1412,28.6082,19.0804,9.21776
64.883,0.0009,1.0000,0.0000,6,220.47,-0.05,-2.49,0.1093,0.0265,13751.6,0.0,202.33,202.31,198.42,198.42,7.766,17.7885,29.372,55.9286,136.737,134.124,132.361,130.539,129.035,127.313,125.285,122.771,116.992,95.0155,69.2319,44.9416,28.4766,18.9906,9.17324
64.908,0.0008,1.0000,0.0000,6,220.85,-0.05,-2.50,0.1039,0.0264,13773.5,0.0,202.68,202.66,198.74,198.74,7.81288,17.893,29.5395,56.2263,135.467,132.861,131.108,129.299,127.807,126.102,124.1,121.626,116.073,94.651,68.946,44.7435,28.3457,18.9012,9.12885
64.926,0.0007,1.0000,0.0000,6,221.22,-0.04,-2.51,0.0984,0.0263,13795.3,0.0,203.03,203.00,199.05,199.05,7.85962,17.997,29.706,56.5206,134.194,131.597,129.853,128.057,126.578,124.89,122.913,120.48,115.133,94.2919,68.6631,44.5469,28.2154,18.8121,9.08458
64.945,0.0006,1.0000,0.0000,6,221.60,-0.04,-2.53,0.0930,0.0262,13817.3,0.0,203.37,203.35,199.37,199.37,7.90627,18.1007,29.8718,56.813,132.919,130.33,128.595,126.812,125.347,123.676,121.724,119.331,114.172,93.9345,68.3812,44.3507,28.0855,18.7232,9.04037
64.964,0.0006,1.0000,0.0000,6,221.98,-0.04,-2.55,0.0876,0.0262,13839.6,0.0,203.71,203.69,199.69,199.69,7.95282,18.2041,30.0368,57.103,131.642,129.061,127.336,125.566,124.114,122.461,120.533,118.179,113.195,93.5803,68.1012,44.1554,27.9559,18.6345,8.99625
64.989,0.0005,1.0000,0.0000,6,222.38,-0.04,-2.60,0.0816,0.0261,13871.1,0.0,204.09,204.07,200.14,200.14,8.00388,18.3173,30.2172,57.4191,130.234,127.662,125.949,124.193,122.755,121.122,119.221,116.91,112.104,93.1942,67.7951,43.9416,27.8139,18.5372,8.94784
65.007,0.0005,1.0000,0.0000,6,222.79,-0.04,-2.63,0.0757,0.0260,13894.3,0.0,204.47,204.45,200.48,200.48,8.05483,18.4302,30.3971,57.7335,128.823,126.261,124.559,122.818,121.394,119.78,117.906,115.638,110.997,92.8088,67.4894,43.7283,27.6722,18.4401,8.89952
65.033,0.0004,1.0000,0.0000,6,223.21,-0.04,-2.65,0.0698,0.0259,13917.7,0.0,204.84,204.83,200.82,200.82,8.10605,18.5452,30.5831,58.0715,127.405,124.852,123.16,121.433,120.023,118.427,116.579,114.35,109.854,92.3685,67.155,43.503,27.5258,18.3411,8.85091
65.052,0.0004,1.0000,0.0000,6,223.62,-0.03,-2.67,0.0638,0.0259,13940.8,0.0,205.21,205.21,201.15,201.15,8.15768,18.6631,30.7769,58.4373,125.98,123.435,121.753,120.039,118.642,117.063,115.238,113.046,108.678,91.8663,66.7879,43.2639,27.374,18.2398,8.80189
65.076,0.0003,1.0000,0.0000,6,224.02,-0.02,-2.69,0.0579,0.0259,13964.4,0.0,205.59,205.59,201.49,201.49,8.20946,18.7819,30.9734,58.8124,124.55,122.013,120.341,118.64,117.256,115.693,113.892,111.734,107.485,91.3438,66.41,43.0202,27.2204,18.1377,8.75272
65.095,0.0003,1.0000,0.0000,6,224.43,-0.01,-2.70,0.0520,0.0259,13989.7,0.0,205.96,205.96,201.85,201.85,8.26128,18.9008,31.1702,59.1891,123.117,120.589,118.926,117.238,115.866,114.321,112.542,110.42,106.285,90.8182,66.0305,42.7759,27.0665,18.0354,8.70352
65.121,0.0003,1.0000,0.0000,6,224.83,-0.01,-2.73,0.0460,0.0259,14017.3,0.0,206.33,206.33,202.25,202.25,8.31314,19.0198,31.3672,59.5662,121.681,119.161,117.508,115.833,114.475,112.946,111.191,109.103,105.078,90.2923,65.6507,42.5316,26.9125,17.9331,8.65428
65.139,0.0002,1.0000,0.0000,6,225.24,-0.00,-2.75,0.0401,0.0259,14041.0,0.0,206.70,206.71,202.60,202.60,8.36506,19.1389,31.5641,59.9425,120.242,117.731,116.088,114.426,113.081,111.569,109.837,107.784,103.865,89.7688,65.2721,42.2875,26.7586,17.8307,8.60499
65.165,0.0002,1.0000,0.0000,6,225.64,-0.00,-2.77,0.0341,0.0259,14064.4,0.0,207.08,207.08,202.94,202.94,8.41704,19.2581,31.761,60.3177,118.8,116.298,114.666,113.017,111.685,110.19,108.482,106.463,102.647,89.2482,64.8948,42.0437,26.6047,17.7283,8.55564
65.182,0.0002,1.0000,0.0000,6,226.04,-0.00,-2.78,0.0281,0.0259,14087.8,0.0,207.45,207.45,203.27,203.27,8.46908,19.3772,31.9577,60.6922,117.354,114.862,113.241,111.606,110.287,108.81,107.124,105.14,101.423,88.7295,64.5183,41.8004,26.4509,17.6258,8.50624
65.208,0.0002,1.0000,0.0000,6,226.45,-0.00,-2.79,0.0222,0.0259,14111.4,0.0,207.82,207.82,203.61,203.61,8.52119,19.4965,32.1545,61.0662,115.906,113.424,111.813,110.192,108.886,107.427,105.765,103.814,100.194,88.2123,64.1425,41.5569,26.2969,17.5233,8.45676
65.226,0.0002,1.0000,0.0000,6,226.85,0.00,-2.79,0.0162,0.0259,14136.4,0.0,208.19,208.19,203.97,203.97,8.57337,19.6159,32.3514,61.4401,114.454,111.982,110.383,108.776,107.484,106.041,104.403,102.486,98.9599,87.6955,63.7668,41.3134,26.1429,17.4206,8.40722
65.252,0.0001,1.0000,0.0000,6,227.24,0.00,-2.80,0.0102,0.0259,14160.8,0.0,208.55,208.55,204.32,204.32,8.62566,19.7356,32.5488,61.8148,112.999,110.538,108.95,107.357,106.079,104.654,103.039,101.156,97.72,87.1777,63.3902,41.0695,25.9885,17.3177,8.35758
65.270,0.0001,1.0000,0.0000,6,227.64,0.00,-2.81,0.0042,0.0259,14184.8,0.0,208.92,208.92,204.67,204.67,8.67802,19.8554,32.7464,62.1901,111.541,109.091,107.514,105.936,104.671,103.264,101.672,99.8223,96.4747,86.6591,63.0131,40.8252,25.8339,17.2147,8.30786
65.295,0.0001,1.0000,0.0000,6,228.04,0.00,-2.81,-0.0019,0.0259,14208.6,0.0,209.28,209.28,205.01,205.01,8.73049,19.9754,32.9443,62.5661,110.079,107.641,106.076,104.512,103.261,101.871,100.303,98.4862,95.2242,86.1395,62.6353,40.5804,25.679,17.1115,8.25805
65.314,0.0001,1.0000,0.0000,6,228.44,0.00,-2.82,-0.0079,0.0259,14232.5,0.0,209.65,209.65,205.36,205.36,8.78307,20.0957,33.1427,62.9429,108.615,106.188,104.634,103.085,101.848,100.476,98.9316,97.1473,93.9685,85.6189,62.2567,40.3351,25.5238,17.0081,8.20813
65.339,0.0001,1.0000,0.0000,6,228.83,0.00,-2.83,-0.0139,0.0259,14256.4,0.0,210.01,210.01,205.71,205.71,8.83571,20.2162,33.3414,63.3202,107.146,104.732,103.191,101.656,100.433,99.0791,97.5576,95.8058,92.708,85.0975,61.8776,40.0895,25.3684,16.9045,8.15815
65.365,0.0001,1.0000,0.0000,6,229.22,0.00,-2.84,-0.0200,0.0259,14281.1,0.0,210.38,210.38,206.06,206.06,8.88845,20.3368,33.5404,63.6981,105.675,103.273,101.744,100.225,99.0156,97.6794,96.1812,94.4617,91.4427,84.5752,61.4979,39.8435,25.2127,16.8008,8.10808
65.383,0.0001,1.0000,0.0000,6,229.62,0.00,-2.85,-0.0260,0.0259,14304.9,0.0,210.74,210.74,206.40,206.40,8.94127,20.4577,33.7397,64.0766,104.2,101.812,100.294,98.7904,97.5956,96.2773,94.8024,93.1148,90.1728,84.0248,61.1175,39.597,25.0568,16.6969,8.05793
65.407,0.0001,1.0000,0.0000,6,230.01,0.00,-2.85,-0.0321,0.0259,14328.5,0.0,211.10,211.10,206.75,206.75,8.9942,20.5788,33.9394,64.4559,102.722,100.347,98.8423,97.3536,96.1731,94.8728,93.4211,91.7653,88.8983,83.2701,60.7364,39.3501,24.9005,16.5927,8.00768
65.426,0.0001,1.0000,0.0000,6,230.40,0.00,-2.86,-0.0382,0.0259,14352.0,0.0,211.46,211.46,207.08,207.08,9.04718,20.7,34.1394,64.8356,101.24,98.8791,97.3874,95.9143,94.7481,93.4659,92.0375,90.4132,87.6194,82.3878,60.3548,39.1029,24.7441,16.4885,7.95738
65.452,0.0001,1.0000,0.0000,6,230.79,0.00,-2.87,-0.0443,0.0259,14375.5,0.0,211.82,211.82,207.42,207.42,9.1003,20.8216,34.3398,65.2163,99.7557,97.4085,95.9298,94.4723,93.3207,92.0566,90.6514,89.0584,86.3361,81.4302,59.9723,38.8551,24.5872,16.384,7.90695
65.470,0.0001,1.0000,0.0000,6,231.18,0.00,-2.87,-0.0504,0.0259,14399.2,0.0,212.17,212.17,207.76,207.76,9.15349,20.9433,34.5405,65.5975,98.2675,95.9349,94.4694,93.0279,91.8908,90.6449,89.2629,87.701,85.0485,80.4214,59.5893,38.6069,24.4302,16.2794,7.85645
65.495,0.0000,1.0000,0.0000,6,231.57,0.00,-2.88,-0.0565,0.0259,14422.7,0.0,212.53,212.53,208.10,208.10,9.20678,21.0652,34.7416,65.9794,96.7759,94.4584,93.0063,91.5809,90.4585,89.2309,87.8721,86.341,83.7569,79.3744,59.2056,38.3583,24.2729,16.1745,7.80586
65.514,0.0000,1.0000,0.0000,6,231.95,0.00,-2.88,-0.0626,0.0259,14446.2,0.0,212.89,212.89,208.44,208.44,9.26014,21.1873,34.943,66.3618,95.281,92.979,91.5405,90.1313,89.0238,87.8144,86.4788,84.9783,82.4611,78.2974,58.8213,38.1094,24.1154,16.0695,7.75519
65.539,0.0000,1.0000,0.0000,6,232.34,0.00,-2.88,-0.0688,0.0259,14469.6,0.0,213.24,213.24,208.78,208.78,9.3136,21.3096,35.1447,66.7449,93.7827,91.4966,90.072,88.6792,87.5867,86.3957,85.0832,83.6131,81.1613,77.1957,58.4363,37.8599,23.9575,15.9644,7.70444
65.557,0.0000,1.0000,0.0000,6,232.72,0.00,-2.89,-0.0749,0.0259,14492.9,0.0,213.59,213.59,209.12,209.12,9.36716,21.4321,35.3468,67.1287,92.2811,90.0113,88.6008,87.2246,86.1471,84.9745,83.6852,82.2453,79.8576,76.0731,58.0507,37.6101,23.7994,15.859,7.65359
65.583,0.0000,0.5500,0.0000,6,233.11,0.00,-2.89,-0.0811,0.0259,14516.1,0.0,213.95,213.95,209.45,209.45,9.42078,21.5548,35.5491,67.513,90.776,88.523,87.1268,85.7675,84.7051,83.551,82.2848,80.8748,78.55,74.9327,57.6645,37.3599,23.6411,15.7535,7.60268
65.601,0.0000,0.3025,0.0000,6,233.22,0.00,-2.89,-0.0872,0.0259,14375.9,0.0,214.20,214.20,207.45,207.45,9.4745,21.6777,35.7518,67.8979,89.2681,87.0324,85.6508,84.3085,83.2613,82.1258,80.8827,79.5025,77.2392,73.7771,57.2777,37.1093,23.4825,15.6479,7.55168
65.626,0.0000,0.1664,0.0000,6,233.03,0.00,-2.89,-0.0934,0.0259,14288.3,0.0,214.15,214.15,206.19,206.19,9.52817,21.8005,35.9544,68.283,87.7599,85.5419,84.175,82.8499,81.818,80.7011,79.481,78.1302,75.9273,72.6098,56.8912,36.8589,23.3241,15.5423,7.50073
65.645,0.0000,0.0915,0.0000,6,232.69,0.00,-2.89,-0.0995,0.0259,14225.8,0.0,213.90,213.90,205.29,205.30,9.58179,21.9232,36.1567,89.6499,86.2524,84.0526,82.7007,81.3929,80.3764,79.2781,78.0809,76.7593,74.6153,71.4332,56.5051,36.6088,23.1658,15.4368,7.44982
65.671,0.0000,0.0503,0.0000,6,232.26,0.00,-2.87,-0.1057,0.0260,14176.7,0.0,213.54,213.54,204.53,204.65,9.63544,22.0467,36.3616,88.1334,84.7454,82.5639,81.227,79.9365,78.9353,77.8555,76.681,75.388,73.3013,70.2452,56.1107,36.3553,23.0063,15.3309,7.39892
65.690,0.0000,0.0277,0.0000,6,231.79,0.01,-2.86,-0.1118,0.0260,14134.7,0.0,213.11,213.13,203.88,204.09,9.68954,22.1735,36.5759,86.6152,83.2367,81.0733,79.7512,78.4776,77.4914,76.4296,75.2772,74.0119,71.9797,69.0394,55.6891,36.0907,22.8425,15.2232,7.34773
65.714,0.0000,0.0152,0.0000,6,231.29,0.03,-2.83,-0.1179,0.0261,14097.7,0.0,212.66,212.68,203.31,203.59,9.74405,22.3034,36.7992,85.0957,81.7268,79.5812,78.2737,77.0169,76.0454,75.0013,73.8703,72.6318,70.6519,67.8189,55.2418,35.8155,22.6746,15.1137,7.2963
65.733,0.0000,0.0084,0.5000,6,230.78,0.05,-2.80,-0.1241,0.0263,14062.5,0.0,212.19,212.22,202.79,203.09,9.79883,22.4355,37.0287,83.5757,80.2168,78.0893,76.7963,75.5562,74.5993,73.5726,72.4628,71.2506,69.3214,66.5894,54.7785,35.5334,22.5041,15.0033,7.24472
65.757,0.0000,0.0046,0.7500,6,229.32,0.07,-2.78,-0.1302,0.0264,13799.6,0.0,202.23,202.26,199.05,199.38,9.85374,22.5687,37.2614,82.0587,78.7106,76.6014,75.3231,74.0997,73.1575,72.1482,71.0592,69.8729,67.9933,65.3573,54.3083,35.2487,22.3325,14.8923,7.1931
65.777,0.0000,0.0025,0.8750,6,226.93,0.08,-2.76,-0.1363,0.0266,13541.8,0.0,192.76,192.81,195.34,195.72,9.90842,22.7014,37.4937,80.5528,77.2167,75.1262,73.8627,72.6561,71.7284,70.7364,69.6684,68.5077,66.6765,64.1322,53.8411,34.9657,22.1619,14.782,7.14173
65.802,0.0000,0.0014,0.9375,6,224.07,0.09,-2.72,-0.1423,0.0267,13288.7,0.0,183.74,183.80,191.68,192.11,9.96263,22.833,37.724,79.0626,75.7395,73.668,72.4194,71.2297,70.3167,69.342,68.2946,67.1592,65.3754,62.9188,53.3804,34.686,21.9931,14.6728,7.09083
65.820,0.0000,0.0008,0.9687,6,220.95,0.10,-2.66,-0.1483,0.0269,13046.3,0.0,175.21,175.28,188.16,188.64,10.0163,22.9632,37.9516,77.5904,74.2813,72.2293,70.9958,69.8231,68.9246,67.967,66.9402,65.8297,64.0923,61.7196,52.9281,34.4105,21.8266,14.5649,7.04049
65.845,0.0000,0.0004,0.9844,6,217.69,0.11,-2.58,-0.1542,0.0270,12814.7,0.0,167.02,167.11,184.80,185.32,10.0693,23.0918,38.1762,76.1376,72.8436,70.8113,69.593,68.4372,67.5533,66.6128,65.6062,64.5203,62.8281,60.5356,52.4842,34.1397,21.6624,14.4583,6.99068
65.864,0.0000,0.0002,0.9922,6,214.38,0.12,-2.49,-0.1600,0.0272,12590.1,0.0,158.91,159.01,181.55,182.09,10.1217,23.2183,38.3967,74.705,71.4271,69.4149,68.212,67.0732,66.2038,65.2802,64.2937,63.2321,61.584,59.3685,52.0517,33.8745,21.5012,14.3535,6.94156
65.890,0.0000,0.0001,0.9961,6,211.07,0.12,-2.41,-0.1658,0.0273,12373.1,0.0,150.47,150.59,178.41,178.96,10.1733,23.3426,38.6125,73.293,70.0322,68.0405,66.853,65.7312,64.8762,63.9696,63.003,61.9651,60.3603,58.2186,51.631,33.6152,21.343,14.2504,6.8931
65.914,0.0000,0.0001,0.9980,6,207.77,0.12,-2.33,-0.1715,0.0274,12161.8,0.0,141.64,141.79,175.35,175.91,10.2242,23.4646,38.8233,71.9017,68.659,66.688,65.5161,64.4113,63.5708,62.6808,61.7339,60.7196,59.157,57.0863,51.1027,33.3623,21.1879,14.149,6.8453
65.933,0.0000,0.0000,0.9990,6,204.51,0.12,-2.25,-0.1771,0.0275,11954.0,0.0,132.32,132.49,172.35,172.91,10.2743,23.5842,39.0292,70.5308,67.3072,65.3573,64.201,63.1133,62.2871,61.4139,60.4864,59.4953,57.9738,55.9713,50.4476,33.1157,21.036,14.0494,6.79817
65.958,0.0000,0.0000,0.9995,6,201.31,0.11,-2.18,-0.1827,0.0276,11752.3,0.0,122.24,122.42,169.43,170.00,10.3237,23.7014,39.2299,69.1802,65.9766,64.048,62.9075,61.8368,61.025,60.1682,59.26,58.2916,56.8104,54.8734,49.726,32.8752,20.8872,13.9517,6.75173
65.977,0.0000,0.0000,0.9997,6,198.16,0.11,-2.12,-0.1882,0.0276,11552.8,0.0,111.37,111.57,166.56,167.12,10.3724,23.8165,39.4262,67.8494,64.6666,62.7596,61.6349,60.5812,59.7835,58.9431,58.0539,57.1078,55.6659,53.7918,48.9639,32.64,20.7411,13.8554,6.70592
66.001,0.0000,0.0000,0.9999,6,195.07,0.10,-2.08,-0.1936,0.0277,11349.5,0.0,99.75,99.96,163.62,164.19,10.4204,23.9296,39.6186,66.5378,63.3766,61.4914,60.3825,59.3457,58.5621,57.7379,56.8675,55.9433,54.5395,52.726,48.1761,32.4096,20.5977,13.7607,6.66076
66.020,0.0000,0.0000,0.9999,6,192.04,0.10,-2.07,-0.1990,0.0277,11147.7,0.0,87.54,87.77,160.70,161.28,10.4677,24.0409,39.8074,65.2451,62.1062,60.2428,59.1498,58.1298,57.3603,56.552,55.7,54.7974,53.4309,51.6754,47.3717,32.1834,20.4566,13.6675,6.6162
66.045,0.0000,0.0000,1.0000,6,189.03,0.09,-2.05,-0.2042,0.0278,10947.9,0.0,74.99,75.24,157.81,158.41,10.5144,24.1505,39.9932,63.9709,60.8549,59.0136,57.9363,56.9331,56.1774,55.385,54.5511,53.6696,52.3392,50.6396,46.5566,31.961,20.3176,13.5756,6.57227
66.064,0.0000,0.0000,1.0000,6,186.04,0.09,-2.04,-0.2095,0.0278,10749.7,0.0,62.39,62.65,154.94,155.56,10.5604,24.2587,40.1767,62.7149,59.6224,57.8032,56.7418,55.7551,55.0132,54.2364,53.4203,52.5594,51.2642,49.6182,45.7349,31.7417,20.1805,13.485,6.52891
66.090,0.0000,0.0000,1.0000,6,183.07,0.09,-2.02,-0.2146,0.0279,10552.9,0.0,49.72,49.99,152.09,152.72,10.6058,24.3655,40.3578,61.477,58.4086,56.6116,55.5659,54.5957,53.8674,53.1059,52.3074,51.4668,50.2058,48.6113,44.9101,31.5254,20.0454,13.3956,6.48615
66.107,0.0000,0.0000,1.0000,6,180.10,0.08,-1.98,-0.2197,0.0279,10366.1,0.0,37.03,37.31,149.38,150.03,10.6506,24.4709,40.5812,60.2574,57.2136,55.4388,54.4088,53.455,52.7401,51.9938,51.2125,50.3916,49.1639,47.619,44.0851,31.3122,19.9121,13.3075,6.44401
66.133,0.0000,0.0000,1.0000,6,177.15,0.08,-1.93,-0.2247,0.0280,10172.8,0.0,24.34,24.62,146.59,147.25,10.6948,24.575,62.9564,59.0557,56.037,54.2845,53.2702,52.3326,51.6309,50.8995,50.1352,49.3337,48.1382,46.641,43.2616,31.1014,19.7806,13.2205,6.40245
66.152,0.0000,0.0000,1.0000,6,174.21,0.08,-1.89,-0.2296,0.0280,9975.72,0.0,11.62,11.91,143.74,144.42,10.7384,24.6779,61.7701,57.872,54.8788,53.1487,52.1499,51.2284,50.5398,49.8232,49.0755,48.2928,47.1288,45.6775,42.4414,30.8933,19.6507,13.1348,6.36149
66.177,0.0000,0.0000,1.0000,6,171.29,0.08,-1.85,-0.2344,0.0281,9777.77,0.0,0.00,0.00,140.88,141.57,10.7813,24.7792,60.6004,56.7064,53.7392,52.0315,51.0482,50.1426,49.467,48.7649,48.0335,47.2694,46.1359,44.7289,41.6265,30.6886,19.523,13.0503,6.32115
66.196,0.0000,0.0000,1.0000,6,168.39,0.08,-1.81,-0.2392,0.0281,9580.04,0.0,0.00,0.00,138.01,138.73,10.8236,24.8789,59.4472,55.5589,52.6182,50.9329,49.9651,49.0753,48.4125,47.7247,47.0093,46.2633,45.1596,43.7953,40.818,30.4875,19.3973,12.9673,6.28144
66.221,0.0000,0.0000,1.0000,6,165.52,0.07,-1.77,-0.2439,0.0282,9383.04,0.0,0.00,0.00,135.15,135.90,10.8652,24.9769,58.3106,54.4295,51.5157,49.8528,48.9004,48.0263,47.3762,46.7025,46.0029,45.2746,44.1999,42.8767,40.017,30.2902,19.2739,12.8856,6.24236
66.240,0.0000,0.0000,1.0000,6,162.67,0.07,-1.73,-0.2485,0.0282,9187.65,0.0,0.00,0.00,132.32,133.09,10.9061,25.0732,57.1904,53.3179,50.4315,48.7911,47.854,46.9954,46.3578,45.698,45.0139,44.303,43.2564,41.973,39.2239,30.0963,19.1525,12.8053,6.20387
66.264,0.0000,0.0000,1.0000,6,159.85,0.07,-1.68,-0.2531,0.0282,9001.58,0.0,0.00,0.00,129.61,130.41,10.9464,25.1678,56.0866,52.224,49.3654,47.7475,46.8257,45.9825,45.3572,44.7111,44.0422,43.3483,42.3292,41.0841,38.4395,29.9062,19.0334,12.7263,6.16601
66.282,0.0000,0.0000,1.0000,6,157.07,0.07,-1.64,-0.2576,0.0283,8816.27,0.0,0.00,0.00,126.94,127.74,10.986,25.2609,54.999,51.1477,48.3172,46.7218,45.8151,44.9872,44.3741,43.7415,43.0875,42.4102,41.4179,40.2097,37.6639,29.7193,18.9162,12.6486,6.12876
66.307,0.0000,0.0000,1.0000,6,154.34,0.07,-1.60,-0.2620,0.0283,8623.41,0.0,0.00,0.00,124.16,124.97,11.025,25.3524,53.9274,50.0887,47.2867,45.7138,44.8222,44.0093,43.4083,42.7889,42.1496,41.4886,40.5222,39.3498,36.8976,29.5359,18.8009,12.5722,6.09211
66.327,0.0000,0.0000,1.0000,6,151.64,0.07,-1.57,-0.2663,0.0283,8427.22,0.0,0.00,0.00,121.32,122.15,11.0633,25.4422,52.8717,49.0468,46.2736,44.7233,43.8465,43.0486,42.4595,41.8532,41.2283,40.5831,39.6422,38.5043,36.141,29.3559,18.6879,12.4972,6.05608
66.352,0.0000,0.0000,1.0000,6,148.97,0.06,-1.55,-0.2706,0.0284,8229.73,0.0,0.00,0.00,118.46,119.31,11.1009,25.5303,51.8318,48.0218,45.2778,43.75,42.8881,42.1049,41.5276,40.9342,40.3234,39.6939,38.7775,37.6731,35.3944,29.1576,18.577,12.4235,6.02067
66.370,0.0000,0.0000,1.0000,6,146.32,0.06,-1.52,-0.2748,0.0284,8031.67,0.0,0.00,0.00,115.59,116.46,11.1379,25.6164,50.8076,47.0139,44.2993,42.794,41.9469,41.1784,40.6126,40.0319,39.435,38.8207,37.9284,36.8563,34.6582,28.8709,18.4684,12.3513,5.98586
66.396,0.0000,0.0000,1.0000,6,143.66,0.06,-1.47,-0.2789,0.0284,7832.71,0.0,0.00,0.00,112.72,113.60,11.1741,25.7005,49.7994,46.023,43.3382,41.8554,41.0229,40.2689,39.7146,39.1463,38.563,37.9636,37.0948,36.054,33.9327,28.5225,18.3622,12.2805,5.9517
66.414,0.0000,0.0000,1.0000,6,141.03,0.05,-1.42,-0.2830,0.0284,7632.9,0.0,0.00,0.00,109.83,110.72,11.2097,25.783,48.8069,45.0489,42.3941,40.9337,40.1157,39.376,38.833,38.277,37.707,37.1222,36.2763,35.2657,33.2177,28.1328,18.258,12.211,5.91813
66.439,0.0000,0.0000,1.0000,5,138.42,0.05,-1.37,-0.2870,0.0284,7434.83,0.0,0.00,0.00,106.94,107.86,11.2446,25.8638,47.83,44.0914,41.4669,40.0289,39.2253,38.4998,37.9679,37.4239,36.867,36.2965,35.4727,34.4914,32.5136,27.7148,18.1559,12.1428,5.88519
66.457,0.0000,0.0000,1.0000,5,135.80,0.05,-1.28,-0.2909,0.0284,8080.73,0.0,0.00,0.00,104.97,105.78,11.2788,26.0109,46.869,43.1509,40.5569,39.1411,38.3518,37.6403,37.1194,36.5872,36.0432,35.4866,34.6845,33.7316,31.8207,27.2774,18.0562,12.0762,5.85287
66.483,0.0000,0.0000,1.0000,5,133.25,0.04,-1.22,-0.2948,0.0284,8065.12,0.0,0.00,0.00,102.56,103.25,11.3124,26.5402,45.9236,42.2268,39.6635,38.2699,37.4947,36.797,36.2868,35.7663,35.2349,34.6919,33.9109,32.9854,31.1386,26.8256,17.9583,12.0107,5.82114
66.508,0.0000,0.0000,1.0000,5,130.76,0.04,-1.18,-0.2985,0.0284,7525.4,0.0,0.00,0.00,99.33,100.07,11.3454,49.1291,44.9933,41.3188,38.7862,37.4147,36.6535,35.9694,35.4699,34.9609,34.4418,33.9121,33.1516,32.2526,30.4672,26.3639,17.8623,11.9465,5.78999
66.527,0.0000,0.0000,1.0000,5,128.31,0.04,-1.16,-0.3022,0.0284,7262.89,0.0,0.00,0.00,95.82,96.64,11.3777,48.2256,44.0779,40.4265,37.9249,36.5754,35.8281,35.1575,34.6684,34.1706,33.6636,33.1469,32.4063,31.5331,29.8066,25.8954,17.7682,11.8835,5.75942
66.551,0.0000,0.0000,1.0000,5,125.89,0.03,-1.14,-0.3059,0.0284,6996.0,0.0,0.00,0.00,92.25,93.15,11.4094,47.335,43.1774,39.55,37.0794,35.7518,35.0182,34.3609,33.8822,33.3954,32.9003,32.3963,31.6751,30.8268,29.1569,25.4229,17.6762,11.8218,5.72943
66.571,0.0000,0.0000,1.0000,5,123.47,0.03,-1.11,-0.3094,0.0284,6726.78,0.0,0.00,0.00,88.66,89.62,11.4405,46.4573,42.2917,38.689,36.2497,34.9438,34.2238,33.5796,33.111,32.6351,32.1516,31.66,30.9578,30.1336,28.518,24.9481,17.586,11.7613,5.70003
66.595,0.0000,0.0000,1.0000,5,121.08,0.03,-1.08,-0.3129,0.0284,6455.92,0.0,0.00,0.00,85.06,86.06,11.4709,45.5923,41.4206,37.8435,35.4354,34.1512,33.4446,32.8134,32.3548,31.8895,31.4173,30.9379,30.2541,29.4533,27.8898,24.4727,17.4977,11.702,5.67121
66.614,0.0000,0.0000,1.0000,5,118.71,0.03,-1.05,-0.3164,0.0284,6182.99,0.0,0.00,0.00,81.44,82.46,11.5008,44.7401,40.5641,37.0132,34.6364,33.3737,32.6804,32.0619,31.6131,31.1583,30.6972,30.2297,29.5638,28.7857,27.2723,23.9978,17.4109,11.6438,5.64289
66.640,0.0000,0.0000,1.0000,5,116.35,0.02,-1.00,-0.3197,0.0284,5937.33,0.0,0.00,0.00,78.14,79.21,11.53,43.9009,39.7222,36.1983,33.8528,32.6116,31.9314,31.3255,30.8863,30.4418,29.9916,29.5356,28.8872,28.1311,26.6658,23.5249,17.3263,11.587,5.61518
66.658,0.0000,0.0000,0.5000,5,114.00,0.02,-0.96,-0.3230,0.0284,5688.9,0.0,0.00,0.00,74.87,75.94,11.5587,43.0745,38.8949,35.3985,33.0845,31.8644,31.1972,30.6037,30.174,29.7395,29.3,28.8554,28.224,27.4891,26.0701,23.0547,17.2432,11.5312,5.588
66.683,0.0856,0.0000,0.2500,5,111.72,0.02,-0.92,-0.3263,0.0283,6002.63,0.0,0.84,0.84,78.70,79.77,11.5869,42.2607,38.0818,34.6135,32.3309,31.1319,30.4775,29.8961,29.4758,29.0511,28.622,28.1884,27.5736,26.8593,25.4849,22.5876,17.1596,11.4763,5.56134
66.701,0.1767,0.0000,0.1250,5,109.50,0.02,-0.90,-0.3295,0.0283,6542.56,0.0,10.86,10.86,85.73,86.77,11.6147,41.4588,37.2821,33.8424,31.5911,30.413,29.7712,29.2019,28.7907,28.3757,27.9568,27.534,26.9352,26.241,24.9093,22.1235,17.0392,11.4221,5.53511
66.727,0.2450,0.0000,0.0625,5,107.52,0.03,-0.89,-0.3326,0.0283,7015.88,0.0,25.22,25.21,92.38,92.94,11.6415,40.6694,36.4964,33.0862,30.8663,29.709,29.0797,28.5222,28.1201,27.7145,27.3056,26.8933,26.3103,25.6355,24.3452,21.6651,16.8816,11.3698,5.50959
66.746,0.2963,0.0000,0.0312,5,106.12,0.05,-0.87,-0.3356,0.0281,7058.46,0.0,41.03,40.99,93.39,93.42,11.6654,39.8946,35.728,32.3486,30.1608,29.0243,28.4076,27.862,27.4688,27.0727,26.6737,26.2718,25.7043,25.0486,23.7985,21.2194,16.7048,11.3246,5.48566
66.771,0.3347,0.0000,0.0156,5,104.97,0.08,-0.86,-0.3385,0.0272,6997.65,0.0,56.47,56.38,92.73,92.48,11.6796,39.1472,34.9921,31.6469,29.4929,28.3779,27.774,27.2403,26.8562,26.4696,26.0806,25.6892,25.1371,24.5004,23.29,20.8086,16.5383,11.3023,5.4663
66.789,0.3635,0.0000,0.0078,5,103.93,0.12,-0.87,-0.3412,0.0250,6933.27,0.0,70.87,70.65,92.03,91.48,11.6758,38.4457,34.3098,31.0036,28.886,27.7934,27.2027,26.6814,26.3065,25.9297,25.5508,25.1699,24.6334,24.0157,22.8446,20.4577,16.4102,11.3232,5.45549
66.815,0.3851,0.0000,0.0039,5,103.03,0.19,-0.88,-0.3435,0.0205,6873.64,0.0,83.28,82.65,91.49,90.42,11.6408,37.82,33.7148,30.4549,28.3773,27.3083,26.7314,26.2229,25.8576,25.4907,25.1221,24.752,24.2312,23.6325,22.5003,20.2048,16.3594,11.4219,5.45999
66.833,0.4014,0.0000,0.0020,5,102.41,0.27,-0.89,-0.3450,0.0122,6827.22,0.0,91.12,89.58,91.29,89.37,11.5544,37.3171,33.2594,30.056,28.0237,26.9801,26.4178,25.9226,25.5673,25.2106,24.8526,24.4933,23.9884,23.4087,22.315,20.1073,16.442,11.6595,5.49123
66.858,0.4135,0.0000,0.0010,5,102.07,0.17,-0.92,-0.3455,-0.0007,6800.43,0.0,93.93,91.40,91.40,88.53,11.4088,36.9545,32.9619,29.8251,27.8429,26.8266,26.2793,25.7979,25.4526,25.1063,24.7589,24.4105,23.9213,23.3603,22.3037,20.1793,16.6709,12.0866,5.5577
66.877,0.4226,0.0000,0.0005,5,101.84,-0.15,-0.94,-0.3446,-0.0171,6783.67,0.0,94.73,91.44,91.54,87.94,11.2194,36.6962,32.7798,29.7152,27.7849,26.7971,26.2649,25.7969,25.4615,25.1253,24.7881,24.4503,23.9762,23.4329,22.4112,20.3632,16.992,12.6146,5.65856
66.901,0.4294,0.0000,0.0002,5,101.63,-0.61,-0.96,-0.3424,-0.0358,6769.63,0.0,94.96,91.14,91.60,87.51,11.0034,36.5004,32.665,29.6738,27.795,26.8353,26.3186,25.8638,25.5378,25.2111,24.8838,24.5559,24.0959,23.5692,22.5799,20.6011,17.3519,13.1419,5.79116
66.921,0.4341,0.0000,0.0001,5,101.41,-1.13,-0.98,-0.3387,-0.0560,6755.38,0.0,94.96,90.79,91.56,87.17,10.7726,36.3391,32.5857,29.6669,27.8379,26.9051,26.4032,25.9618,25.6453,25.3279,25.0097,24.691,24.2443,23.733,22.7734,20.8575,17.7188,13.6494,5.95442
66.946,0.4375,0.0000,0.0001,5,101.19,-1.68,-0.98,-0.3334,-0.0772,6740.55,0.0,94.84,90.43,91.47,86.87,10.533,36.1971,32.5246,29.6761,27.8947,26.9875,26.4997,26.0709,25.7636,25.4554,25.1465,24.8369,24.4025,23.9055,22.9734,21.115,18.0772,14.13,6.14919
66.964,0.4399,0.0000,0.0000,5,100.94,-2.25,-0.98,-0.3264,-0.0991,6724.92,0.0,94.67,90.08,91.34,86.58,10.2875,36.0671,32.4739,29.6931,27.9573,27.0742,26.5998,26.1828,25.8841,25.5847,25.2846,24.9839,24.562,24.0789,23.1722,21.3666,18.4199,14.5835,6.378
66.989,0.4417,0.0000,0.0000,5,100.69,-2.86,-1.00,-0.3178,-0.1216,6708.52,0.0,94.46,89.73,91.18,86.31,10.039,35.9414,32.4249,29.7091,28.0166,27.1564,26.6944,26.2887,25.998,25.7068,25.4149,25.1226,24.7126,24.2432,23.3614,21.6045,18.741,15.0074,6.64286
67.008,0.4426,0.0000,0.0000,5,100.43,-3.45,-1.03,-0.3076,-0.1441,6691.56,0.0,94.18,89.41,90.97,86.07,9.79085,35.8096,32.366,29.7119,28.0602,27.2215,26.7714,26.3761,26.0931,25.8095,25.5254,25.2409,24.8419,24.3853,23.5281,21.8174,19.0306,15.3947,6.94442
67.033,0.4385,0.0000,0.0000,5,100.16,-4.02,-1.05,-0.2957,-0.1667,6673.84,0.0,93.88,89.07,90.75,85.83,9.54283,35.672,32.2975,29.7019,28.089,27.2707,26.8317,26.4463,26.1703,25.8939,25.6171,25.34,24.9514,24.5068,23.6725,22.0072,19.2917,15.7483,7.28669
67.051,0.4350,0.0000,0.0000,5,99.87,-4.55,-1.05,-0.2821,-0.1895,6655.3,0.0,93.59,88.74,90.52,85.57,9.29414,35.5307,32.2221,29.6824,28.1062,27.3072,26.8787,26.5026,26.2334,25.9638,25.6938,25.4235,25.0447,24.6114,23.7987,22.1775,19.529,16.0715,7.66626
67.077,0.4321,0.0000,0.0000,5,99.57,-5.08,-1.06,-0.2667,-0.2125,6636.0,0.0,93.29,88.41,90.28,85.30,9.04423,35.3875,32.1419,29.6554,28.1142,27.3335,26.915,26.5477,26.2849,26.0217,25.7582,25.4945,25.1249,24.7023,23.9097,22.3299,19.7464,16.369,8.03452
67.102,0.4299,0.0000,0.0000,5,99.25,-5.69,-1.10,-0.2497,-0.2361,6616.04,0.0,93.02,88.04,90.07,84.98,8.79133,35.2517,32.067,29.6318,28.1241,27.3609,26.9518,26.5929,26.3362,26.0791,25.8218,25.5642,25.2033,24.7907,24.0173,22.4763,19.9555,16.6522,8.38792
67.120,0.4275,0.0000,0.0000,5,98.92,-6.32,-1.13,-0.2310,-0.2603,6595.08,0.0,92.74,87.65,89.86,84.64,8.53823,35.1239,31.9982,29.6125,28.1369,27.3902,26.9902,26.6394,26.3883,26.1371,25.8855,25.6338,25.2812,24.8781,24.1227,22.6182,20.1579,16.9233,8.72808
67.146,0.4221,0.0000,0.0000,5,98.58,-6.94,-1.14,-0.2105,-0.2848,6573.15,0.0,92.43,87.26,89.60,84.32,8.29108,34.9952,31.9258,29.5874,28.1423,27.4115,27.0201,26.6768,26.4312,26.1854,25.9394,25.6933,25.3485,24.9544,24.216,22.7459,20.3429,17.175,9.05221
67.164,0.4147,0.0000,0.0000,5,98.22,-7.53,-1.13,-0.1884,-0.3092,6550.42,0.0,92.08,86.89,89.31,84.01,8.05103,34.8603,31.8442,29.5504,28.1344,27.4186,27.0353,26.6993,26.4589,26.2183,25.9775,25.7367,25.3993,25.0137,24.2914,22.854,20.5052,17.4031,9.35855
67.189,0.4077,0.0000,0.0000,5,97.86,-8.07,-1.12,-0.1645,-0.3335,6527.02,0.0,91.71,86.53,88.99,83.71,7.81882,34.715,31.7492,29.4973,28.1088,27.4073,27.0318,26.7025,26.4671,26.2315,25.9957,25.7598,25.4295,25.052,24.345,22.9386,20.6415,17.6047,9.64571
67.208,0.4021,0.0000,0.0000,5,97.49,-8.56,-1.09,-0.1389,-0.3575,6503.12,0.0,91.31,86.18,88.64,83.43,7.59485,34.5571,31.6382,29.4257,28.0632,27.3753,27.0071,26.6843,26.4536,26.2226,25.9916,25.7604,25.4368,25.0671,24.3747,22.9979,20.7501,17.7783,9.91287
67.233,0.3979,0.0000,0.0000,4,97.11,-9.00,-1.08,-0.1116,-0.3810,6478.87,0.0,90.91,85.84,88.28,83.15,7.37951,34.3844,31.5092,29.3335,27.9956,27.3205,26.9593,26.6427,26.4163,26.1899,25.9633,25.7367,25.4195,25.0571,24.3787,23.0301,20.8298,17.9213,10.1592
67.252,0.3951,0.0000,0.0000,4,96.74,-9.40,-1.09,-0.0827,-0.4038,7199.82,0.0,90.48,85.53,87.98,83.03,7.17368,34.1933,31.358,29.2166,27.9019,27.2389,26.8842,26.5735,26.3514,26.1292,25.9069,25.6846,25.3735,25.0181,24.353,23.0316,20.8771,18.0304,10.382
67.277,0.3935,0.0000,0.0000,4,96.38,-9.74,-1.11,-0.0521,-0.4251,7190.3,0.0,90.03,85.22,87.62,82.84,6.97756,33.9826,31.1837,29.0744,27.7812,27.1297,26.7813,26.4761,26.258,26.0399,25.8217,25.6035,25.2982,24.9496,24.2972,23.002,20.8919,18.1058,10.5801
67.296,0.3923,0.0000,0.0000,4,96.02,-9.99,-1.13,-0.0212,-0.4188,7125.72,0.0,89.59,84.92,87.06,82.35,6.79101,33.7541,30.9883,28.9089,27.6359,26.9953,26.6529,26.353,26.1388,25.9245,25.7102,25.496,25.1962,24.854,24.214,22.9439,20.8768,18.1502,10.7547
67.321,0.3902,0.0000,0.0000,4,95.65,-10.19,-1.15,0.0087,-0.4117,7090.48,0.0,89.15,84.61,86.59,81.96,6.61342,33.5115,30.7759,28.7245,27.4706,26.8403,26.5036,26.2088,25.9982,25.7876,25.5771,25.3666,25.0722,24.7362,24.1079,22.8622,20.8369,18.1683,10.908
67.340,0.3878,0.0000,0.0000,4,95.26,-10.35,-1.17,0.0375,-0.4041,7060.75,0.0,88.73,84.29,86.20,81.64,6.44377,33.2609,30.5534,28.5285,27.2929,26.6722,26.341,26.051,25.8439,25.6369,25.4299,25.2231,24.9338,24.6037,23.9868,22.7644,20.7793,18.1671,11.0439
67.364,0.3853,0.0000,0.0000,4,94.88,-10.52,-1.21,0.0654,-0.3963,7032.21,0.0,88.35,83.95,85.85,81.31,6.28092,33.0096,30.3285,28.3289,27.1107,26.4993,26.1731,25.8877,25.684,25.4803,25.2768,25.0734,24.7891,24.4646,23.8586,22.6586,20.7122,18.1541,11.1664
67.384,0.3838,0.0000,0.0000,4,94.49,-10.67,-1.23,0.0922,-0.3883,7004.07,0.0,87.98,83.59,85.52,80.98,6.12481,32.7585,30.1022,28.1267,26.925,26.3225,26.0012,25.7202,25.5196,25.3191,25.1189,24.9188,24.6392,24.3202,23.7245,22.546,20.6367,18.1306,11.2766
67.408,0.3831,0.0000,0.0000,4,94.10,-10.80,-1.24,0.1179,-0.3800,6975.91,0.0,87.62,83.24,85.18,80.65,5.97593,32.5054,29.8723,27.9197,26.7339,26.1399,25.8232,25.5464,25.3488,25.1514,24.9542,24.7573,24.4822,24.1684,23.5827,22.4249,20.5512,18.0952,11.3739
67.426,0.3829,0.0000,0.0000,4,93.71,-10.90,-1.25,0.1426,-0.3715,6947.72,0.0,87.24,82.88,84.83,80.33,5.83522,32.2489,29.6375,27.7067,26.536,25.9501,25.6379,25.3651,25.1704,24.9759,24.7817,24.5878,24.3168,24.0081,23.432,22.294,20.4548,18.0473,11.4582
67.452,0.3829,0.0000,0.0000,4,93.33,-10.97,-1.25,0.1663,-0.3625,6919.59,0.0,86.86,82.53,84.48,80.01,5.70309,31.9882,29.3969,27.4866,26.3304,25.7523,25.4444,25.1753,24.9834,24.7917,24.6004,24.4093,24.1425,23.8385,23.2717,22.1528,20.3469,17.9865,11.5294
67.471,0.3832,0.0000,0.0000,4,92.94,-11.01,-1.26,0.1890,-0.3532,6891.58,0.0,86.48,82.19,84.12,79.70,5.5798,31.7224,29.1498,27.2588,26.1165,25.5459,25.2421,24.9767,24.7875,24.5985,24.4099,24.2216,23.9587,23.6593,23.1012,22.0009,20.2273,17.9128,11.5875
67.496,0.3843,0.0000,0.0000,4,92.56,-11.03,-1.26,0.2106,-0.3434,6863.77,0.0,86.09,81.85,83.76,79.40,5.46558,31.451,28.8958,27.0231,25.8941,25.3306,25.0308,24.769,24.5823,24.396,24.21,24.0244,23.7653,23.4702,22.9207,21.8382,20.096,17.8264,11.6319
67.515,0.3855,0.0000,0.0000,4,92.19,-11.01,-1.26,0.2312,-0.3332,6836.2,0.0,85.71,81.52,83.40,79.10,5.36062,31.1743,28.6352,26.7798,25.6635,25.1069,24.8109,24.5525,24.3683,24.1845,24.001,23.818,23.5626,23.2719,22.7305,21.6653,19.9536,17.7277,11.6632
67.539,0.3868,0.0000,0.0000,4,91.82,-10.97,-1.27,0.2506,-0.3215,6808.92,0.0,85.32,81.19,83.05,78.81,5.26504,30.8926,28.3684,26.5294,25.4253,24.8754,24.5831,24.328,24.1462,23.9648,23.7839,23.6034,23.3515,23.0649,22.5315,21.4829,19.801,17.6179,11.6822
67.558,0.3882,0.0000,0.0000,4,91.45,-10.90,-1.27,0.2689,-0.3091,6781.91,0.0,84.95,80.87,82.70,78.52,5.17893,30.6066,28.0962,26.2728,25.1804,24.637,24.3482,24.0963,23.9169,23.7378,23.5593,23.3812,23.1328,22.8502,22.3246,21.2922,19.6391,17.4979,11.6896
67.584,0.3871,0.0000,0.0000,4,91.08,-10.81,-1.28,0.2860,-0.2963,6755.2,0.0,84.58,80.55,82.36,78.22,5.10243,30.3168,27.8193,26.0107,24.9296,24.3923,24.107,23.8582,23.681,23.5043,23.3281,23.1524,22.9073,22.6286,22.1105,21.0939,19.4688,17.3685,11.6861
67.602,0.3799,0.0000,0.0000,4,90.72,-10.70,-1.29,0.3018,-0.2832,6728.78,0.0,84.23,80.24,82.02,77.93,5.03564,30.0241,27.5382,25.7439,24.6735,24.1423,23.8603,23.6145,23.4395,23.265,23.091,22.9176,22.6758,22.4009,21.8902,20.8889,19.291,17.2307,11.6725
67.628,0.3744,0.0000,0.0000,4,90.37,-10.56,-1.29,0.3165,-0.2698,6702.68,0.0,83.91,79.95,81.69,77.64,4.97873,29.7337,27.2536,25.4729,24.4129,23.8874,23.6087,23.3659,23.193,23.0206,22.8489,22.6777,22.439,22.1679,21.6642,20.6779,19.1065,17.0852,11.6494
67.652,0.3706,0.0000,0.0000,4,90.02,-10.41,-1.30,0.3300,-0.2562,6676.98,0.0,83.60,79.68,81.36,77.36,4.93265,29.4472,26.9655,25.198,24.1479,23.6281,23.3525,23.1125,22.9417,22.7714,22.6018,22.4328,22.1972,21.9297,21.433,20.4612,18.9157,16.9325,11.6172
67.671,0.3681,0.0000,0.0000,4,89.68,-10.24,-1.30,0.3423,-0.2423,6651.69,0.0,83.29,79.41,81.04,77.08,4.89857,29.1645,26.6741,24.9193,23.8788,23.3644,23.0919,22.8547,22.6859,22.5177,22.3501,22.1832,21.9507,21.6866,21.1967,20.2393,18.719,16.773,11.5765
67.696,0.3665,0.0000,0.0000,4,89.34,-10.06,-1.30,0.3535,-0.2282,6626.85,0.0,82.99,79.15,80.73,76.80,4.87687,28.8853,26.3797,24.637,23.606,23.0968,22.8273,22.5927,22.4259,22.2597,22.0942,21.9293,21.6997,21.4391,20.9559,20.0124,18.5169,16.6072,11.5277
67.715,0.3657,0.0000,0.0000,4,89.01,-9.85,-1.30,0.3634,-0.2140,6602.46,0.0,82.68,78.88,80.42,76.53,4.86814,28.6095,26.0821,24.3513,23.3294,22.8253,22.5587,22.3267,22.1618,21.9976,21.834,21.6712,21.4445,21.1873,20.7105,19.7807,18.3094,16.4353,11.4711
67.740,0.3654,0.0000,0.0000,4,88.69,-9.63,-1.31,0.3722,-0.1995,6578.52,0.0,82.39,78.62,80.11,76.26,4.87307,28.3366,25.7813,24.062,23.0491,22.55,22.2861,22.0567,21.8936,21.7313,21.5697,21.4089,21.185,20.9311,20.4607,19.5443,18.0969,16.2576,11.407
67.758,0.3654,0.0000,0.0000,4,88.37,-9.39,-1.31,0.3799,-0.1846,6555.04,0.0,82.09,78.37,79.81,76.00,4.89234,28.0667,25.4776,23.7695,22.7653,22.2711,22.01,21.7831,21.6218,21.4613,21.3017,21.1428,20.9217,20.671,20.2069,19.3037,17.8797,16.0746,11.3359
67.783,0.3658,0.0000,0.0000,4,88.06,-9.14,-1.31,0.3863,-0.1681,6532.0,0.0,81.81,78.12,79.52,75.75,4.92675,27.8001,25.1714,23.4742,22.4786,21.9892,21.7308,21.5063,21.3468,21.1882,21.0303,20.8733,20.6549,20.4074,19.9495,19.0593,17.6583,15.8868,11.2583
67.802,0.3664,0.0000,0.0000,4,87.75,-8.87,-1.31,0.3914,-0.1514,6509.39,0.0,81.53,77.87,79.24,75.50,4.97712,27.5372,24.8632,23.1766,22.1895,21.7049,21.4491,21.227,21.0693,20.9124,20.7564,20.6012,20.3855,20.1411,19.6892,18.8117,17.4334,15.6949,11.1746
67.827,0.3671,0.0000,0.0000,4,87.45,-8.59,-1.31,0.3953,-0.1348,6487.19,0.0,81.26,77.62,78.96,75.24,5.04446,27.2788,24.5536,22.8775,21.8986,21.4187,21.1655,20.9457,20.7897,20.6346,20.4804,20.327,20.1139,19.8725,19.4266,18.5616,17.2056,15.4995,11.0853
67.846,0.3679,0.0000,0.0000,4,87.16,-8.31,-1.30,0.3979,-0.1181,6465.38,0.0,81.00,77.38,78.69,74.99,5.12992,27.0258,24.2433,22.5774,21.6067,21.1313,20.8807,20.6633,20.509,20.3556,20.2031,20.0515,19.8409,19.6025,19.1623,18.3097,16.9755,15.3011,10.9909
67.871,0.3688,0.0000,0.0000,4,86.87,-8.03,-1.30,0.3993,-0.1014,6443.96,0.0,80.75,77.14,78.43,74.75,5.23503,26.7788,23.9327,22.2767,21.314,20.8431,20.5951,20.3799,20.2273,20.0756,19.9248,19.775,19.5669,19.3314,18.8969,18.0563,16.7435,15.1003,10.8917
67.889,0.3697,0.0000,0.0000,4,86.58,-7.74,-1.30,0.3994,-0.0849,6422.91,0.0,80.50,76.90,78.18,74.50,5.36168,26.538,23.6258,21.9756,21.0208,20.5543,20.3088,20.0958,19.9448,19.7948,19.6457,19.4976,19.292,19.0594,18.6304,17.8016,16.5099,14.8971,10.788
67.914,0.3707,0.0000,0.0000,4,86.31,-7.44,-1.29,0.3984,-0.0684,6402.22,0.0,80.27,76.67,77.93,74.26,5.51225,26.3041,23.3241,21.6743,20.7272,20.2651,20.022,19.8113,19.6619,19.5135,19.3661,19.2197,19.0165,18.7867,18.3632,17.5459,16.2748,14.6919,10.6801
67.934,0.3717,0.0000,0.0000,4,86.03,-7.15,-1.29,0.3962,-0.0521,6381.91,0.0,80.04,76.45,77.68,74.02,5.68979,26.0776,23.0279,21.3731,20.4336,19.9758,19.7351,19.5265,19.3787,19.232,19.0862,18.9415,18.7406,18.5136,18.0955,17.2895,16.0386,14.485,10.5682
67.958,0.3727,0.0000,0.0000,4,85.76,-6.86,-1.28,0.3929,-0.0359,6361.96,0.0,79.81,76.22,77.44,73.78,5.89824,25.8594,22.7377,21.0722,20.1403,19.6867,19.4483,19.2419,19.0957,18.9505,18.8064,18.6633,18.4648,18.2405,17.8277,17.0328,15.8016,14.2767,10.4526
67.977,0.3737,0.0000,0.0000,4,85.50,-6.57,-1.27,0.3884,-0.0199,6342.36,0.0,79.60,76.01,77.21,73.55,6.14296,25.6506,22.4541,20.7721,19.8475,19.3981,19.1621,18.9577,18.8131,18.6694,18.5269,18.3854,18.1892,17.9676,17.56,16.776,15.5641,14.0673,10.3336
68.001,0.3747,0.0000,0.0000,4,85.24,-6.29,-1.26,0.3829,-0.0042,6323.1,0.0,79.39,75.79,76.99,73.31,6.4311,25.452,22.1776,20.473,19.5557,19.1103,18.8766,18.6743,18.5311,18.389,18.248,18.1081,17.9142,17.6953,17.2927,16.5194,15.3263,13.8569,10.2114
68.021,0.3757,0.0000,0.0000,4,84.98,-6.01,-1.25,0.3762,0.0113,6304.17,0.0,79.18,75.58,76.77,73.08,6.77301,25.2648,21.9087,20.1751,19.2649,18.8235,18.5921,18.3918,18.2501,18.1095,17.9701,17.8317,17.64,17.4237,17.0261,16.2632,15.0886,13.6459,10.0862
68.046,0.3767,0.0000,0.0000,4,84.73,-5.74,-1.24,0.3686,0.0264,6285.56,0.0,78.99,75.36,76.55,72.86,7.18655,25.0902,21.648,19.8792,18.9755,18.5381,18.3088,18.1105,17.9703,17.8312,17.6932,17.5564,17.3668,17.153,16.7604,16.0077,14.851,13.4345,9.9582
68.065,0.3777,0.0000,0.0000,4,84.48,-5.48,-1.24,0.3599,0.0413,6267.26,0.0,78.79,75.15,76.34,72.63,7.705,24.9296,21.3962,19.5895,18.6877,18.2541,18.027,17.8306,17.6918,17.5541,17.4176,17.2823,17.0949,16.8836,16.4957,15.753,14.6139,13.2227,9.82766
68.090,0.3787,0.0000,0.0000,4,84.24,-5.24,-1.23,0.3502,0.0558,6249.26,0.0,78.61,74.95,76.14,72.40,8.40609,24.7844,21.1539,19.3077,18.4016,17.9717,17.7467,17.5523,17.4148,17.2786,17.1435,17.0097,16.8243,16.6154,16.2322,15.4993,14.3774,13.0108,9.6947
68.108,0.3796,0.0000,0.0000,4,84.00,-5.00,-1.21,0.3396,0.0699,6231.53,0.0,78.42,74.74,75.94,72.18,9.61744,24.6565,20.9221,19.0344,18.1175,17.6913,17.4683,17.2757,17.1396,17.0047,16.8711,16.7387,16.5553,16.3488,15.9702,15.2468,14.1416,12.7989,9.55951
68.133,0.3806,0.0000,0.0000,4,83.77,-4.78,-1.20,0.3280,0.0836,6214.07,0.0,78.25,74.54,75.75,71.96,120.504,24.5477,20.7016,18.77,17.8358,17.4129,17.1919,17.0011,16.8664,16.7328,16.6005,16.4695,16.2881,16.0839,15.7097,14.9957,13.9067,12.5872,9.42221
68.153,0.3815,0.0000,0.0000,4,83.53,-4.58,-1.19,0.3155,0.0969,6196.85,0.0,78.07,74.33,75.56,71.74,139.203,24.4602,20.4934,18.5152,17.5614,17.1367,16.9177,16.7287,16.5952,16.4629,16.3319,16.2022,16.0228,15.8208,15.451,14.746,13.6728,12.3759,9.2829
68.177,0.3824,0.0000,0.0000,4,83.30,-4.39,-1.18,0.3021,0.1097,6179.87,0.0,77.90,74.13,75.38,71.52,167.365,24.3965,20.2985,18.2705,17.2961,16.8636,16.6457,16.4584,16.3261,16.1951,16.0654,15.9371,15.7595,15.5597,15.194,14.4978,13.44,12.165,9.14172
68.196,0.3834,0.0000,0.0000,4,83.08,-4.22,-1.17,0.2879,0.1221,6163.1,0.0,77.73,73.93,75.19,71.30,200.0,24.3592,20.1178,18.0366,17.0404,16.5989,16.3771,16.1903,16.0593,15.9295,15.8011,15.674,15.4982,15.3005,14.9389,14.2512,13.2084,11.9546,8.99873
68.221,0.3843,0.0000,0.0000,4,82.85,-4.06,-1.16,0.2729,0.1340,6146.53,0.0,77.57,73.73,75.01,71.09,200.0,24.351,19.9524,17.814,16.7945,16.3435,16.1171,15.9267,15.7948,15.666,15.5388,15.4129,15.2389,15.0432,14.6856,14.0062,12.9778,11.7447,8.85399
68.246,0.3851,0.0000,0.0000,4,82.63,-3.92,-1.15,0.2571,0.1452,6130.16,0.0,77.40,73.52,74.84,70.88,200.0,24.3752,19.8035,17.6032,16.5589,16.0978,15.8666,15.6722,15.5376,15.4064,15.2786,15.1538,14.9815,14.7878,14.434,13.7626,12.7483,11.5352,8.70756
68.265,0.3860,0.0000,0.0000,4,82.41,-3.79,-1.14,0.2405,0.1559,6113.95,0.0,77.23,73.32,74.66,70.66,200.0,24.4356,19.6723,17.4049,16.3341,15.8623,15.6259,15.4273,15.2898,15.1559,15.0255,14.8984,14.7259,14.5342,14.1841,13.5205,12.5198,11.3262,8.5595
68.290,0.3869,0.0000,0.0000,4,82.19,-3.68,-1.12,0.2233,0.1661,6097.89,0.0,77.07,73.12,74.49,70.46,90.4434,24.5365,19.5601,17.2198,16.1205,15.6373,15.3954,15.1923,15.0518,14.915,14.7818,14.652,14.476,14.2825,13.9357,13.2797,12.2923,11.1175,8.40985
68.308,0.3878,0.0000,0.0000,4,81.98,-3.58,-1.11,0.2054,0.1758,6081.97,0.0,76.90,72.92,74.32,70.25,54.2438,24.6832,19.4686,17.0486,15.9186,15.4231,15.1755,14.9675,14.8238,14.6839,14.5478,14.4152,14.2354,14.0378,13.6889,13.0401,12.0656,10.9092,8.25866
68.333,0.3886,0.0000,0.0000,4,81.76,-3.49,-1.10,0.1868,0.1850,6066.17,0.0,76.73,72.72,74.15,70.05,42.1854,24.8818,19.3996,16.8922,15.729,15.2204,14.9664,14.7534,14.6063,14.4631,14.3238,14.1882,14.0044,13.8026,13.4464,12.8018,11.8398,10.7012,8.10599
68.352,0.3895,0.0000,0.0000,4,81.55,-3.41,-1.09,0.1676,0.1938,6050.47,0.0,76.57,72.52,73.98,69.84,36.0565,25.1399,19.3552,16.7516,15.5523,15.0295,14.7688,14.5504,14.3995,14.2529,14.1102,13.9715,13.7835,13.5771,13.2133,12.5644,11.6146,10.4934,7.9519
68.378,0.3903,0.0000,0.0000,4,81.34,-3.35,-1.07,0.1479,0.2022,6034.88,0.0,76.40,72.33,73.81,69.64,32.2859,25.4668,19.3379,16.628,15.3892,14.8511,14.5832,14.3589,14.2041,14.0537,13.9075,13.7653,13.5728,13.3616,12.9897,12.3288,11.3902,10.2859,7.79649
68.396,0.3911,0.0000,0.0000,4,81.13,-3.29,-1.06,0.1275,0.2100,6019.37,0.0,76.23,72.13,73.64,69.44,29.6926,25.8736,19.3505,16.5224,15.2406,14.6859,14.4101,14.1794,14.0204,13.8659,13.7159,13.57,13.3727,13.1564,12.7758,12.1007,11.1662,10.0785,7.63985
68.421,0.3920,0.0000,0.0000,4,80.92,-3.25,-1.05,0.1067,0.2175,6003.94,0.0,76.06,71.93,73.47,69.25,27.7723,26.3747,19.3965,16.4365,15.1074,14.5345,14.2502,14.0127,13.849,13.6902,13.536,13.3862,13.1837,12.9619,12.5721,11.882,10.9428,9.87124,7.48204
68.440,0.3928,0.0000,0.0000,4,80.71,-3.21,-1.04,0.0854,0.2245,5988.57,0.0,75.89,71.73,73.30,69.05,26.2736,26.9882,19.4798,16.372,14.9906,14.3979,14.1043,13.8593,13.6907,13.5271,13.3684,13.2144,13.0063,12.7786,12.3788,11.6728,10.7198,9.66405,7.32311
68.465,0.3936,0.0000,0.0000,4,80.50,-3.18,-1.03,0.0636,0.2311,5973.24,0.0,75.71,71.54,73.13,68.86,25.0571,27.7373,19.6056,16.3308,14.8916,14.277,13.9733,13.7201,13.546,13.3773,13.2138,13.0551,12.841,12.6069,12.1965,11.4734,10.5005,9.4569,7.16315
68.484,0.3944,0.0000,0.0000,4,80.29,-3.15,-1.01,0.0414,0.2373,5957.96,0.0,75.54,71.34,72.96,68.66,24.0391,28.6526,19.7797,16.3155,14.8118,14.1731,13.8582,13.5961,13.4161,13.2417,13.0729,12.9092,12.6885,12.4475,12.0256,11.2841,10.2902,9.24975,7.00219
68.509,0.3952,0.0000,0.0000,4,80.09,-3.13,-1.00,0.0188,0.2430,5942.73,0.0,75.37,71.15,72.78,68.47,23.167,29.7748,20.0094,16.3286,14.7529,14.0875,13.7603,13.4883,13.3017,13.1212,12.9465,12.7774,12.5494,12.3009,11.8666,11.1054,10.089,9.04253,6.84031
68.528,0.3960,0.0000,0.0000,4,79.88,-3.11,-0.99,-0.0041,0.2482,5927.54,0.0,75.19,70.95,72.61,68.28,22.4049,31.1598,20.3038,16.3737,14.717,14.0217,13.6809,13.398,13.2042,13.0169,12.8358,12.6606,12.4248,12.1681,11.7201,10.9376,9.89736,8.83526,6.67759
68.553,0.3968,0.0000,0.0000,4,79.67,-3.10,-0.98,-0.0274,0.2530,5912.37,0.0,75.01,70.76,72.44,68.10,21.7282,32.8863,20.6744,16.4549,14.7064,13.9778,13.6217,13.3267,13.1249,12.9301,12.742,12.5601,12.3157,12.0499,11.5871,10.7814,9.71546,8.63239,6.51409
68.572,0.3976,0.0000,0.0000,4,79.47,-3.08,-0.97,-0.0510,0.2575,5897.23,0.0,74.83,70.57,72.27,67.91,21.119,35.0691,21.1361,16.5774,14.7242,13.9581,13.5849,13.2764,13.0656,12.8625,12.6665,12.4773,12.2232,11.9474,11.4683,10.6373,9.54373,8.43849,6.34989
68.596,0.3984,0.0000,0.0000,4,79.26,-3.07,-0.96,-0.0749,0.2616,5882.11,0.0,74.65,70.37,72.09,67.72,20.5643,37.8814,21.7078,16.7472,14.7739,13.9653,13.5728,13.2491,13.0284,12.8159,12.6111,12.4137,12.149,11.8622,11.365,10.5062,9.38263,8.25381,6.18508
68.616,0.3992,0.0000,0.0000,4,79.06,-3.06,-0.95,-0.0990,0.2654,5867.02,0.0,74.47,70.18,71.92,67.54,20.0541,41.5973,22.4147,16.9723,14.8601,14.0028,13.5885,13.2476,13.0156,12.7926,12.5779,12.3713,12.0948,11.7955,11.2783,10.3889,9.23269,8.07864,6.01974
68.641,0.4000,0.4500,0.0000,4,78.85,-3.06,-0.94,-0.1233,0.2689,5851.95,0.0,74.29,69.99,71.75,67.35,19.5811,46.6785,23.2902,17.2623,14.9877,14.0746,13.6354,13.275,13.0301,12.7952,12.5694,12.3525,12.0625,11.7494,11.2099,10.2866,9.09447,7.91326,5.85393
68.659,0.4006,0.6975,0.0000,4,78.90,-3.09,-0.93,-0.1478,0.2723,6065.98,0.0,74.17,69.89,72.09,72.09,19.1536,53.8254,24.3509,17.614,15.1521,14.1757,13.7084,13.3261,13.067,12.8187,12.5807,12.3522,12.0475,11.7192,11.1552,10.1952,8.96491,7.75538,5.68668
68.684,0.4076,0.8336,0.0000,4,79.04,-3.11,-0.91,-0.1727,0.2763,6168.17,0.0,74.14,69.98,73.28,73.28,18.79,64.1269,25.5811,18.0055,15.3346,14.2892,13.7915,13.3857,13.1114,12.849,12.5979,12.3573,12.037,11.6928,11.1033,10.1056,8.83694,7.59995,5.5161
68.703,0.4441,0.9085,0.0000,4,79.29,-3.11,-0.90,-0.1980,0.2808,6256.78,0.0,74.20,70.14,74.33,74.33,18.4754,80.3131,27.0295,18.4459,15.5395,14.418,13.8873,13.4561,13.1653,12.8878,12.6227,12.3692,12.0324,11.6713,11.0552,10.0184,8.71098,7.44716,5.34211
68.728,0.4744,0.9497,0.0000,4,79.61,-3.11,-0.90,-0.2237,0.2857,6322.42,0.0,74.27,70.30,75.11,75.11,18.1967,109.647,28.7732,18.9503,15.7742,14.568,14.0009,13.5417,13.233,12.939,12.6587,12.3912,12.0366,11.6576,11.0131,9.93541,8.58814,7.29765,5.1665
68.747,0.4201,0.9723,0.0000,4,79.98,-3.12,-0.91,-0.2499,0.2910,6372.25,0.0,74.39,70.48,75.71,75.71,17.9519,178.176,30.8846,19.5217,16.0373,14.7368,14.1296,13.6401,13.3118,13.0,12.7034,12.4209,12.0474,11.6492,10.9749,9.85469,8.46699,7.15041,4.99572
68.772,0.3781,0.9848,0.0000,4,80.39,-3.13,-0.96,-0.2767,0.2972,6409.79,0.0,74.68,70.93,76.16,76.16,17.7518,200.0,33.3759,20.1321,16.3063,14.9049,14.2554,13.734,13.3855,13.0552,12.7417,12.4439,12.0511,11.6336,10.9294,9.76734,8.34124,7.00128,4.82906
68.791,0.3403,0.9916,0.0000,4,80.82,-3.09,-1.02,-0.3041,0.3046,6442.19,0.0,75.02,71.51,76.54,76.54,17.6005,200.0,36.2571,20.7514,16.5594,15.0539,14.3615,13.808,13.4392,13.0906,12.7606,12.4477,12.0361,11.5999,10.8671,9.6662,8.20601,6.84715,4.66546
68.816,0.3063,0.9954,0.0000,4,81.28,-2.99,-1.08,-0.3322,0.3106,6472.99,0.0,75.40,72.16,76.91,76.91,17.4834,200.0,39.687,21.3942,16.8045,15.1902,14.4536,13.8675,13.4783,13.1113,12.7648,12.437,12.0068,11.5523,10.7921,9.55465,8.06392,6.68989,4.50531
68.835,0.2756,0.9975,0.0000,4,81.74,-2.84,-1.11,-0.3599,0.2968,6503.48,0.0,75.86,72.82,77.27,77.27,17.3822,200.0,44.0303,22.1085,17.068,15.3351,14.5512,13.9303,13.5195,13.1332,12.7693,12.4259,11.9766,11.5033,10.7151,9.44112,7.92099,6.5335,4.34967
68.859,0.2481,0.9986,0.0000,4,82.22,-2.67,-1.13,-0.3865,0.2832,6533.16,0.0,76.37,73.44,77.62,77.62,17.2833,171.992,49.933,22.9551,17.38,15.5116,14.6743,14.0146,13.5798,13.1721,12.7892,12.4288,11.9585,11.4648,10.6464,9.33354,7.78266,6.38148,4.19948
68.878,0.2233,0.9992,0.0000,4,82.69,-2.55,-1.17,-0.4120,0.2696,6597.04,0.0,76.91,74.01,78.36,78.36,17.1774,136.742,58.6607,24.0139,17.7748,15.7449,14.8448,14.1398,13.6771,13.2447,12.8397,12.4597,11.9654,11.4485,10.5958,9.23905,7.65361,6.23677,4.05545
68.904,0.2009,0.9996,0.0000,4,83.16,-2.57,-1.25,-0.4365,0.2555,6673.18,0.0,77.47,74.49,79.27,79.27,17.0528,113.368,73.4094,25.4311,18.3115,16.0768,15.0983,14.337,13.8398,13.377,12.945,12.541,12.0174,11.4722,10.578,9.16806,7.54027,6.10304,3.91823
68.923,0.1808,0.9998,0.0000,4,83.68,-2.63,-1.30,-0.4600,0.2412,6709.03,0.0,78.00,74.98,79.71,79.71,16.9202,97.0219,102.03,27.284,18.9966,16.5059,15.4311,14.6015,14.0627,13.5633,13.0991,12.6666,12.1084,11.5298,10.5869,9.11528,7.43863,5.97757,3.78687
68.947,0.1628,0.9999,0.0000,4,84.22,-2.67,-1.33,-0.4826,0.2273,6730.06,0.0,78.47,75.54,79.97,79.97,16.7972,85.4304,173.844,29.587,19.7955,16.9991,15.8122,14.904,14.3179,13.7771,13.2767,12.8123,12.2157,11.6005,10.6047,9.06723,7.33981,5.85489,3.65999
68.967,0.1465,0.9999,0.0000,4,84.77,-2.65,-1.35,-0.5041,0.2143,6743.29,0.0,78.90,76.15,80.13,80.13,16.6953,77.1116,200.0,32.3386,20.663,17.5177,16.2064,15.2124,14.5752,13.9903,13.4515,12.9536,12.3169,11.6639,10.6143,9.01164,7.23615,5.7306,3.53658
68.991,0.1318,0.9999,0.0000,4,85.34,-2.54,-1.35,-0.5247,0.2026,6753.91,0.0,79.29,76.80,80.25,80.25,16.621,71.0884,200.0,35.5123,21.5462,18.0201,16.5777,15.4949,14.8055,14.1759,13.5986,13.0675,12.3915,11.7018,10.6012,8.93864,7.12199,5.60166,3.41596
69.010,0.1187,1.0000,0.0000,4,85.91,-2.36,-1.36,-0.5442,0.1922,6766.89,0.0,79.68,77.47,80.41,80.41,16.5754,66.6905,200.0,39.065,22.3937,18.4702,16.896,15.7257,14.9857,14.3132,13.6995,13.1372,12.4249,11.7018,10.5557,8.84243,6.99442,5.46671,3.29787
69.034,0.1068,1.0000,0.0000,4,86.49,-2.13,-1.40,-0.5629,0.1834,6784.25,0.0,80.04,78.14,80.61,80.61,16.5606,63.5229,200.0,42.8262,23.1283,18.8184,17.1214,15.8716,15.0864,14.3763,13.7309,13.142,12.3991,11.6487,10.4666,8.71602,6.84987,5.32398,3.18177
69.054,0.0961,1.0000,0.0000,4,87.07,-1.85,-1.45,-0.5807,0.1762,6808.98,0.0,80.43,78.85,80.90,80.90,16.574,61.2575,200.0,46.62,23.6997,19.0377,17.2343,15.9175,15.0951,14.3545,13.6842,13.0746,12.3085,11.5381,10.3311,8.55865,6.68844,5.1737,3.06751
69.079,0.0865,1.0000,0.0000,4,87.65,-1.56,-1.50,-0.5978,0.1699,6840.32,0.0,80.87,79.53,81.27,81.27,16.6052,59.5577,200.0,50.5374,24.142,19.1572,17.261,15.8876,15.0345,14.2694,13.5793,12.9539,12.1707,11.386,10.1629,8.38025,6.51644,5.01954,2.95569
69.104,0.0778,1.0000,0.0000,4,88.24,-1.28,-1.54,-0.6141,0.1644,6875.27,0.0,81.36,80.18,81.68,81.68,16.6447,58.1894,200.0,54.8461,24.5146,19.2184,17.237,15.813,14.9331,14.147,13.4406,12.8022,12.0055,11.2102,9.97645,8.19098,6.33999,4.86491,2.84683
69.123,0.0701,1.0000,0.0000,4,88.84,-1.04,-1.57,-0.6298,0.1593,6912.17,0.0,81.89,80.80,82.12,82.12,16.6879,57.0325,195.112,59.8391,24.8534,19.2453,17.1821,15.7109,14.8067,14.0019,13.281,12.6316,11.8238,11.0203,9.77955,7.99604,6.1621,4.71133,2.74097
69.148,0.0631,1.0000,0.0000,4,89.41,-0.88,-1.63,-0.6450,0.1545,6990.19,0.0,82.41,81.39,83.01,83.01,16.7318,56.0114,179.661,65.9539,25.1902,19.2569,17.1119,15.5945,14.6668,13.8443,13.1101,12.4507,11.6331,10.8229,9.57727,7.79879,5.98453,4.55959,2.63796
69.167,0.0568,1.0000,0.0000,4,90.01,-0.79,-1.71,-0.6597,0.1498,7047.14,0.0,82.94,81.94,83.73,83.73,16.773,55.0595,166.933,74.0509,25.5707,19.2779,17.0453,15.4792,14.5271,13.6863,12.9385,12.269,11.4417,10.6248,9.37487,7.60237,5.80879,4.41023,2.53749
69.191,0.0511,1.0000,0.0000,4,90.64,-0.72,-1.76,-0.6740,0.1454,7072.78,0.0,83.47,82.55,84.04,84.04,16.8175,54.238,156.836,84.3876,25.9186,19.2629,16.9465,15.3354,14.3614,13.5047,12.7454,12.0678,11.2332,10.4121,9.16143,7.3996,5.63064,4.26078,2.43878
69.210,0.0460,1.0000,0.0000,4,91.27,-0.63,-1.79,-0.6879,0.1414,7099.69,0.0,84.00,83.18,84.35,84.35,16.8692,53.5795,149.072,97.1417,26.1608,19.1732,16.7864,15.1397,14.1496,13.2819,12.5154,11.8334,10.996,10.1749,8.92947,7.18575,5.44744,4.10976,2.34137
69.235,0.0414,1.0000,0.0000,4,91.90,-0.54,-1.80,-0.7015,0.1381,7131.29,0.0,84.53,83.82,84.73,84.73,16.9287,53.0766,143.147,112.734,26.2619,18.9941,16.5551,14.885,13.8857,13.0131,12.2445,11.5625,10.7274,9.91106,8.67762,6.96012,5.25882,3.95692,2.24507
69.254,0.0372,1.0000,0.0000,4,92.53,-0.45,-1.80,-0.7148,0.1351,7169.76,0.0,85.06,84.44,85.18,85.18,16.9952,52.7035,138.585,132.079,26.2159,18.7274,16.2554,14.5744,13.573,12.7013,11.9356,11.2578,10.43,9.62303,8.40786,6.72405,5.06552,3.80259,2.14982
69.280,0.0335,1.0000,0.0000,4,93.15,-0.37,-1.79,-0.7279,0.1326,7214.88,0.0,85.60,85.06,85.71,85.71,17.067,52.4293,134.99,157.135,26.0377,18.3847,15.8971,14.2161,13.2189,12.3534,11.595,10.9251,10.1088,9.31511,8.12354,6.47967,4.86863,3.64724,2.0555
69.298,0.0302,1.0000,0.0000,4,93.78,-0.31,-1.79,-0.7407,0.1303,7265.08,0.0,86.15,85.67,86.31,86.31,17.1421,52.2227,132.046,192.341,25.754,17.9825,15.4932,13.8213,12.8333,11.978,11.2303,10.5712,9.76984,8.99237,7.82852,6.22936,4.66938,3.4914,1.96208
69.323,0.0271,1.0000,0.0000,4,94.41,-0.26,-1.79,-0.7533,0.1282,7318.72,0.0,86.71,86.27,86.94,86.94,17.22,52.0699,129.598,200.0,25.3729,17.5266,15.0488,13.394,12.4196,11.5782,10.8444,10.1987,9.41516,8.65666,7.52416,5.9739,4.46805,3.33512,1.8694
69.342,0.0244,1.0000,0.0000,4,95.05,-0.23,-1.80,-0.7658,0.1263,7374.13,0.0,87.27,86.87,87.60,87.60,17.3003,51.964,127.555,200.0,24.8944,17.0191,14.5655,12.9358,11.9795,11.1555,10.4384,9.80867,9.0458,8.30877,7.21103,5.71355,4.26467,3.17829,1.77728
69.367,0.0220,1.0000,0.0000,4,95.69,-0.20,-1.81,-0.7782,0.1246,7428.62,0.0,87.84,87.47,88.25,88.25,17.3829,51.8985,125.846,200.0,24.3205,16.4622,14.0455,12.4485,11.5143,10.7114,10.0138,9.40222,8.66263,7.94945,6.88965,5.44856,4.0593,3.02086,1.68558
69.386,0.0198,1.0000,0.0000,4,96.34,-0.19,-1.83,-0.7905,0.1230,7482.05,0.0,88.41,88.08,88.88,88.88,17.4675,51.8677,124.41,200.0,23.6544,15.8591,13.4914,11.9343,11.0263,10.2474,9.57197,8.9807,8.26689,7.57974,6.56077,5.17934,3.85207,2.86282,1.59422
69.411,0.0371,1.0000,0.0000,4,96.99,-0.17,-1.85,-0.8027,0.1215,7535.14,0.0,89.00,88.69,89.52,89.52,17.5539,51.8663,123.199,200.0,22.9007,15.2128,12.9057,11.3953,10.5171,9.76523,9.11435,8.54543,7.85959,7.20047,6.225,4.90621,3.6431,2.70416,1.5031
69.429,0.0582,1.0000,0.0000,4,97.65,-0.11,-1.86,-0.8148,0.1198,7588.67,0.0,89.63,89.25,90.15,90.15,17.632,51.7874,121.601,200.0,22.2536,14.6103,12.351,10.8805,10.0286,9.30108,8.67258,8.12422,7.46441,6.8316,5.89732,4.63858,3.43761,2.54778,1.41301
69.454,0.0738,1.0000,0.0000,4,98.31,-0.06,-1.88,-0.8267,0.1172,7643.16,0.0,90.32,89.75,90.80,90.80,17.6885,51.4982,118.925,200.0,21.9787,14.1593,11.9038,10.449,9.61089,8.89789,8.28395,7.74982,7.109,6.49632,5.59514,4.38736,3.24176,2.39714,1.325
69.473,0.0845,1.0000,0.0000,4,98.97,-0.05,-1.89,-0.8383,0.1135,7699.06,0.0,91.02,90.24,91.46,91.46,17.7189,50.968,115.119,200.0,22.2251,13.9016,11.5898,10.1189,9.27865,8.56784,7.95876,7.43106,6.80066,6.20061,5.32288,4.1554,3.05731,2.25343,1.23966
69.498,0.0910,1.0000,0.0000,4,99.63,-0.08,-1.91,-0.8496,0.1089,7756.35,0.0,91.72,90.75,92.14,92.14,17.726,50.2436,110.566,200.0,23.0917,13.8351,11.4008,9.88102,9.02272,8.30222,7.68881,7.16032,6.53252,5.93856,5.07596,3.93987,2.88289,2.11611,1.15715
69.517,0.0957,1.0000,0.0000,4,100.30,-0.15,-1.93,-0.8606,0.1036,7814.75,0.0,92.38,91.28,92.84,92.84,17.7147,49.3904,105.691,200.0,24.7525,13.9555,11.324,9.72162,8.82993,8.08859,7.46265,6.92711,6.29545,5.70224,4.84827,3.73701,2.71662,1.98434,1.07751
69.541,0.0987,1.0000,0.0000,4,100.97,-0.23,-1.94,-0.8711,0.0978,7873.23,0.0,93.05,91.83,93.53,93.53,17.6884,48.4553,100.769,200.0,27.6412,14.2866,11.3619,9.63715,8.69512,7.92141,7.27462,6.72598,6.08435,5.48712,4.63633,3.54474,2.55754,1.85781,1.00091
69.561,0.0933,1.0000,0.0000,4,101.64,-0.33,-1.94,-0.8812,0.0916,7932.01,0.0,93.68,92.40,94.23,94.23,17.651,47.484,96.0164,200.0,32.7085,14.8665,11.5184,9.62354,8.61233,7.79396,7.11811,6.55059,5.89349,5.28824,4.43634,3.36083,2.40465,1.73615,0.927438
69.586,0.0840,1.0000,0.0000,4,102.32,-0.43,-1.94,-0.8908,0.0854,7990.43,0.0,94.33,93.02,94.92,94.92,17.6091,46.5385,91.6681,200.0,42.1488,15.7112,11.775,9.65916,8.56109,7.68772,6.97654,6.38621,5.71051,5.0953,4.24094,3.18107,2.25592,1.61843,0.857014
69.605,0.0756,1.0000,0.0000,4,103.00,-0.54,-1.95,-0.8999,0.0793,8053.69,0.0,94.92,93.66,95.68,95.68,17.5683,45.6656,87.8535,200.0,63.1922,16.8371,12.1044,9.71625,8.51679,7.58139,6.83163,6.21725,5.52265,4.89813,4.04308,3.00163,2.10955,1.50382,0.789477
69.629,0.0680,1.0000,0.0000,4,103.68,-0.64,-2.00,-0.9086,0.0737,8134.61,0.0,95.54,94.30,96.55,96.55,17.5323,44.8882,84.5931,200.0,142.905,18.2789,12.4782,9.76757,8.45622,7.4558,6.6675,6.03034,5.31942,4.68855,3.83735,2.81967,1.96416,1.39156,0.724544
69.648,0.0612,1.0000,0.0000,4,104.36,-0.74,-2.07,-0.9168,0.0683,8227.45,0.0,96.16,94.96,97.53,97.53,17.5003,44.1908,81.7722,200.0,200.0,20.2155,12.9155,9.81554,8.3797,7.31082,6.48421,5.82593,5.10152,4.4675,3.62477,2.63605,1.82028,1.28193,0.662217
69.673,0.0551,1.0000,0.0000,4,105.09,-0.79,-2.11,-0.9246,0.0635,8247.96,0.0,96.75,95.67,97.89,97.89,17.4756,43.5935,79.4163,196.973,200.0,22.7443,13.3621,9.81931,8.25647,7.12327,6.26402,5.59012,4.85891,4.22771,3.40112,2.44889,1.67714,1.17456,0.602371
69.691,0.0496,1.0000,0.0000,4,105.80,-0.78,-2.10,-0.9321,0.0592,8303.24,0.0,97.39,96.39,98.47,98.47,17.4572,43.0826,77.4416,184.157,200.0,26.2178,13.8158,9.77227,8.08322,6.89245,6.00786,5.32486,4.59423,3.97211,3.16917,2.26031,1.53607,1.07024,0.54525
69.717,0.0446,1.0000,0.0000,4,106.52,-0.75,-2.04,-0.9390,0.0553,8333.95,0.0,98.00,97.10,99.08,99.08,17.4432,42.6395,75.7581,173.999,200.0,31.4674,14.2984,9.67914,7.86491,6.62387,5.72148,5.03579,4.31278,3.70544,2.9327,2.07274,1.39839,0.969656,0.491013
69.742,0.0402,1.0000,0.0000,4,107.27,-0.70,-1.97,-0.9456,0.0518,8333.99,0.0,98.56,97.81,99.44,99.44,17.4353,42.2704,74.3651,166.044,200.0,39.9148,14.7435,9.50198,7.57815,6.30262,5.39496,4.71614,4.01024,3.42499,2.6903,1.88552,1.26369,0.872494,0.439429
69.761,0.0362,1.0000,0.0000,4,108.01,-0.66,-2.01,-0.9518,0.0488,8401.46,0.0,99.17,98.49,99.84,99.84,17.4328,41.9657,73.2155,159.747,200.0,55.9711,15.114,9.22404,7.21599,5.92625,5.02801,4.3665,3.68776,3.13193,2.4429,1.69905,1.13196,0.778547,0.390244
69.786,0.0325,1.0000,0.0000,4,108.70,-0.64,-2.07,-0.9577,0.0462,8535.79,0.0,99.79,99.19,101.05,101.05,17.4356,41.7184,72.2735,154.738,200.0,99.2512,15.3536,8.82645,6.77101,5.49241,4.62029,3.98744,3.3462,2.82713,2.19105,1.5134,1.00294,0.687482,0.343161
69.805,0.0397,1.0000,0.0000,4,109.39,-0.60,-2.16,-0.9634,0.0439,8645.5,0.0,100.45,99.89,102.50,102.50,17.4416,41.512,71.4799,150.616,200.0,200.0,15.4678,8.31739,6.25321,5.01017,4.17965,3.58555,2.99077,2.51455,1.93722,1.32962,0.876928,0.59928,0.298022
69.830,0.0756,1.0000,0.0000,4,110.12,-0.55,-2.21,-0.9687,0.0416,8704.02,0.0,101.13,100.58,103.51,103.51,17.4464,41.3103,70.7196,146.801,200.0,200.0,15.6933,7.76011,5.70182,4.50679,3.72612,3.17618,2.63256,2.2022,1.68627,1.14998,0.754811,0.514273,0.254809
69.848,0.1218,1.0000,0.0000,4,110.81,-0.48,-2.37,-0.9738,0.0384,8870.83,0.0,101.82,101.13,105.08,105.08,17.431,40.9805,69.5974,141.612,200.0,200.0,17.9227,7.49319,5.29344,4.09237,3.33575,2.81543,2.31105,1.9186,1.45584,0.983569,0.641121,0.434933,0.214378
69.873,0.1572,1.0000,0.0000,4,111.59,-0.47,-2.36,-0.9784,0.0332,8866.5,0.0,102.58,101.50,105.85,105.85,17.3729,40.3726,67.6975,133.57,200.0,200.0,36.9238,8.25439,5.30989,3.91394,3.0994,2.56565,2.06747,1.69225,1.26312,0.839312,0.540563,0.36403,0.177863
69.892,0.1661,1.0000,0.0000,4,112.31,-0.63,-2.46,-0.9823,0.0253,8998.08,0.0,103.58,101.89,106.55,106.55,17.2617,39.437,64.941,122.909,200.0,200.0,200.0,13.6163,6.42594,4.20549,3.12562,2.4872,1.93432,1.54269,1.11865,0.722874,0.456621,0.303958,0.146514
69.917,0.1314,1.0000,0.0000,4,113.05,-0.99,-2.52,-0.9855,0.0153,9072.14,0.0,104.46,102.34,107.58,107.58,17.1118,38.2994,61.7544,111.693,200.0,200.0,200.0,200.0,13.18,5.66719,3.6098,2.64852,1.92942,1.47272,1.02042,0.633026,0.389281,0.255161,0.120855
69.936,0.1183,1.0000,0.0000,4,113.83,-1.46,-2.47,-0.9880,0.0046,9059.11,0.0,105.25,102.99,108.30,108.30,16.946,37.1287,58.6267,101.645,182.903,200.0,200.0,200.0,200.0,15.8191,5.42307,3.27263,2.10454,1.49499,0.969209,0.569753,0.339086,0.218296,0.101376
69.961,0.1065,1.0000,0.0000,4,114.61,-1.81,-2.49,-0.9897,-0.0059,9145.73,0.0,106.01,103.72,108.29,108.29,16.7835,36.0476,55.8603,93.4438,157.756,200.0,200.0,200.0,200.0,200.0,22.2114,5.38679,2.6145,1.64644,0.972122,0.535075,0.307055,0.193958,0.0882879
69.980,0.0958,1.0000,0.0000,4,115.37,-2.13,-2.48,-0.9905,-0.0159,9205.82,0.0,106.67,104.47,109.16,109.16,16.6274,35.0677,53.4493,86.7687,139.497,200.0,200.0,200.0,200.0,200.0,200.0,36.9232,4.15124,2.06103,1.06048,0.538718,0.297098,0.184034,0.0821253
70.005,0.0862,1.0000,0.0000,4,116.18,-2.37,-2.47,-0.9904,-0.0251,9198.48,0.0,107.21,105.21,109.64,109.64,16.4807,34.1996,51.3879,81.3824,126.009,173.878,200.0,200.0,200.0,200.0,200.0,200.0,12.5937,3.10379,1.2867,0.593371,0.313746,0.190592,0.0834489
70.024,0.0776,1.0000,0.0000,4,116.94,-2.49,-2.50,-0.9895,-0.0334,9320.09,0.0,107.83,106.02,110.40,110.40,16.3447,33.4412,49.6441,77.0443,115.871,155.134,189.423,200.0,200.0,200.0,200.0,200.0,200.0,6.16562,1.7345,0.712381,0.360654,0.214977,0.092468
70.048,0.0698,1.0000,0.0000,4,117.67,-2.61,-2.55,-0.9877,-0.0410,9410.79,0.0,108.48,106.80,112.14,112.14,16.2145,32.7565,48.1155,73.3986,107.811,141.026,168.814,200.0,200.0,200.0,200.0,200.0,200.0,28.4515,2.57014,0.912482,0.441241,0.258132,0.10916
70.068,0.0629,1.0000,0.0000,4,118.50,-2.69,-2.60,-0.9851,-0.0482,9447.6,0.0,109.06,107.55,112.41,112.41,16.0872,32.1244,46.7421,70.242,101.148,129.861,153.081,181.51,200.0,200.0,200.0,200.0,200.0,200.0,4.14991,1.21303,0.558369,0.320558,0.133344
70.093,0.0566,1.0000,0.0000,5,119.25,-2.72,-2.69,-0.9816,-0.0551,9590.19,0.0,109.86,108.36,113.50,113.50,15.9594,31.5237,45.4698,67.4149,95.4167,120.594,140.393,163.975,186.351,200.0,200.0,200.0,200.0,200.0,7.51462,1.64793,0.718359,0.404486,0.165525
70.111,0.0509,1.0000,0.0000,5,119.73,-2.65,-2.77,-0.9773,-0.0614,8642.54,0.0,110.40,109.08,106.95,105.89,15.8354,30.975,44.3374,64.9774,90.6488,113.118,130.394,150.534,169.22,193.218,200.0,200.0,200.0,200.0,16.2748,2.2453,0.924192,0.510614,0.205753
70.136,0.0458,1.0000,0.0000,5,119.65,-2.26,-2.80,-0.9720,-0.0662,8652.54,0.0,110.40,109.39,106.04,105.04,15.7271,30.542,43.4743,63.185,87.2608,107.945,123.606,141.607,158.063,178.863,200.0,200.0,200.0,200.0,46.4772,3.00175,1.17639,0.640202,0.254909
70.154,0.0412,1.0000,0.0000,5,119.55,-1.94,-2.90,-0.9658,-0.0703,7985.18,0.0,110.26,109.39,106.03,105.20,15.6219,30.1523,42.7189,61.6606,84.4567,103.748,118.179,134.58,149.404,167.913,191.674,200.0,200.0,200.0,200.0,3.95352,1.47798,0.793428,0.312616
70.180,0.0371,1.0000,0.0000,5,119.92,-1.63,-2.79,-0.9588,-0.0741,8307.17,0.0,110.33,109.52,109.89,109.89,15.5151,29.7783,42.01,60.2634,81.9429,100.048,113.449,128.535,142.04,158.728,179.876,200.0,200.0,200.0,200.0,5.13971,1.83019,0.969585,0.37824
70.199,0.0334,1.0000,0.0000,5,120.45,-1.50,-2.86,-0.9512,-0.0779,8440.32,0.0,110.83,110.02,111.46,111.46,15.4038,29.4013,41.3062,58.9006,79.5345,96.5513,109.024,122.939,135.285,150.402,169.335,193.738,200.0,200.0,200.0,6.62449,2.2348,1.16773,0.450947
70.223,0.0301,1.0000,0.0000,5,121.13,-1.36,-2.83,-0.9428,-0.0814,8416.79,0.0,111.33,110.60,111.42,111.42,15.2929,29.0444,40.6542,57.6658,77.396,93.4918,105.189,118.142,129.549,143.405,160.595,182.483,200.0,200.0,200.0,8.41131,2.68617,1.38536,0.529996
70.242,0.0271,1.0000,0.0000,5,121.72,-1.24,-2.83,-0.9339,-0.0843,8498.38,0.0,111.89,111.22,112.24,112.24,15.1847,28.7178,40.0725,56.5918,75.5766,90.9266,102.006,114.199,124.874,137.761,153.626,173.637,200.0,200.0,200.0,10.4808,3.17781,1.62004,0.614757
70.268,-0.0193,1.0000,0.0000,5,122.42,-1.05,-2.73,-0.9244,-0.0867,8444.01,0.0,112.40,111.86,111.96,111.96,15.08,28.4231,39.5631,55.6781,74.0645,88.8273,99.4258,111.035,121.152,133.307,148.186,166.819,200.0,200.0,200.0,12.7915,3.70348,1.8698,0.704799
70.286,-0.0727,1.0000,0.0000,5,123.06,-0.97,-2.73,-0.9146,-0.0876,8489.37,0.0,112.83,112.62,112.34,112.34,14.9918,28.2225,39.249,55.1672,73.2825,87.7916,98.1883,109.559,119.45,131.315,145.81,163.915,198.438,200.0,200.0,14.8224,4.21618,2.12105,0.79755
70.311,-0.1056,1.0000,0.0000,5,123.64,-0.88,-2.82,-0.9046,-0.0857,8597.22,0.0,113.11,113.45,113.52,113.52,14.9373,28.1942,39.2852,55.3675,73.772,88.5924,99.2558,110.959,121.177,133.478,148.572,167.529,200.0,200.0,200.0,15.7008,4.63692,2.35071,0.888571
70.330,-0.0887,1.0000,0.0000,5,124.29,-0.63,-2.82,-0.8948,-0.0809,8608.83,0.0,113.36,114.31,113.85,113.85,14.9219,28.3612,39.72,56.3853,75.7459,91.5659,103.078,115.838,127.089,140.771,157.768,179.451,200.0,200.0,200.0,15.2729,4.92015,2.54263,0.97413
70.355,-0.0799,1.0000,0.0000,5,124.89,-0.19,-2.88,-0.8854,-0.0743,8695.31,0.0,113.77,115.09,114.95,114.95,14.931,28.6502,40.4112,57.9547,78.7795,96.1608,109.021,123.492,136.441,152.436,172.694,199.179,200.0,200.0,200.0,14.3666,5.10447,2.70263,1.05385
70.380,-0.0719,1.0000,0.0000,5,125.55,0.22,-2.88,-0.8762,-0.0675,8721.0,0.0,114.33,115.72,115.25,115.25,14.9461,28.9679,41.1711,59.7034,82.2305,101.488,116.012,132.643,147.79,166.856,191.587,200.0,200.0,200.0,200.0,13.5928,5.24962,2.84457,1.12883
70.399,-0.0647,1.0000,0.0000,5,126.17,0.54,-2.88,-0.8676,-0.0610,8781.51,0.0,114.94,116.28,116.19,116.19,14.9626,29.2876,41.9442,61.5189,85.9077,107.293,123.76,142.985,160.847,183.824,200.0,200.0,200.0,200.0,90.1085,12.9964,5.37253,2.97238,1.19905
70.423,-0.0582,1.0000,0.0000,5,126.83,0.76,-2.85,-0.8594,-0.0550,8805.48,0.0,115.57,116.83,116.46,116.46,14.9773,29.5912,42.691,63.3142,89.647,113.342,131.985,154.205,175.301,200.0,200.0,200.0,200.0,200.0,56.794,12.5615,5.48325,3.0889,1.26454
70.442,-0.0524,1.0000,0.0000,5,127.48,0.89,-2.82,-0.8517,-0.0496,8851.63,0.0,116.23,117.37,117.05,117.05,14.9882,29.8648,43.3784,65.0093,93.2825,119.373,140.35,165.881,190.675,200.0,200.0,200.0,200.0,200.0,43.959,12.2643,5.58841,3.19635,1.32537
70.467,-0.0472,1.0000,0.0000,5,128.12,0.97,-2.82,-0.8446,-0.0447,8905.87,0.0,116.87,117.91,117.77,117.77,14.9971,30.1173,44.0233,66.6356,96.8668,125.467,148.967,178.203,200.0,200.0,200.0,200.0,200.0,200.0,37.1172,12.0443,5.68438,3.29418,1.3815
70.486,-0.0424,1.0000,0.0000,5,128.77,1.01,-2.83,-0.8380,-0.0402,8957.26,0.0,117.50,118.45,118.45,118.45,15.005,30.3532,44.634,68.2069,100.422,131.661,157.904,191.301,200.0,200.0,200.0,200.0,200.0,200.0,32.8508,11.8721,5.77048,3.38271,1.4331
70.512,-0.0382,1.0000,0.0000,5,129.43,1.02,-2.84,-0.8320,-0.0362,8995.63,0.0,118.14,119.01,118.97,118.97,15.0113,30.5693,45.2021,69.6988,103.885,137.845,167.011,200.0,200.0,200.0,200.0,200.0,200.0,135.485,29.9947,11.7413,5.84914,3.46322,1.48048
70.530,-0.0344,1.0000,0.0000,5,130.10,1.00,-2.85,-0.8264,-0.0326,9038.19,0.0,118.80,119.57,119.53,119.53,15.0153,30.7606,45.7142,71.0723,107.158,143.833,176.013,200.0,200.0,200.0,200.0,200.0,200.0,94.6659,28.0242,11.6507,5.92336,3.53716,1.52396
70.554,-0.0309,1.0000,0.0000,5,130.76,0.96,-2.87,-0.8212,-0.0295,9085.31,0.0,119.46,120.13,120.15,120.15,15.0176,30.9306,46.1767,72.3372,110.245,149.615,184.882,200.0,200.0,200.0,200.0,200.0,200.0,75.73,26.5952,11.5876,5.99263,3.60485,1.56376
70.574,-0.0278,1.0000,0.0000,5,131.43,0.90,-2.89,-0.8165,-0.0266,9133.71,0.0,120.11,120.71,120.79,120.79,15.0189,31.0836,46.5988,73.5116,113.175,155.226,193.659,200.0,200.0,200.0,200.0,200.0,200.0,64.7852,25.5072,11.5414,6.05618,3.66645,1.60012
70.599,-0.0251,1.0000,0.0000,5,132.10,0.85,-2.91,-0.8122,-0.0241,9181.55,0.0,120.75,121.30,121.42,121.42,15.0198,31.2234,46.9883,74.6109,115.974,160.7,200.0,200.0,200.0,200.0,200.0,200.0,200.0,57.63,24.6464,11.5051,6.11376,3.72228,1.63328
70.617,-0.0226,1.0000,0.0000,5,132.78,0.79,-2.93,-0.8083,-0.0218,9228.69,0.0,121.41,121.90,122.04,122.04,15.0204,31.3512,47.3475,75.6385,118.641,166.022,200.0,200.0,200.0,200.0,200.0,200.0,145.488,52.6062,23.9506,11.4761,6.1657,3.77276,1.66347
70.642,-0.0203,1.0000,0.0000,5,133.46,0.73,-2.91,-0.8047,-0.0196,9274.84,0.0,122.06,122.52,122.66,122.66,15.0218,31.4742,47.6932,76.6359,121.271,171.371,200.0,200.0,200.0,200.0,200.0,200.0,116.304,48.7543,23.3455,11.4443,6.21009,3.81747,1.69075
70.661,-0.0028,1.0000,0.0000,5,134.14,0.68,-2.90,-0.8014,-0.0176,9320.26,0.0,122.70,123.12,123.26,123.26,15.0236,31.5895,48.0183,77.5826,123.809,176.63,200.0,200.0,200.0,200.0,200.0,200.0,98.695,45.7684,22.8286,11.414,6.24885,3.85733,1.71541
70.686,0.0357,1.0000,0.0000,5,134.83,0.66,-2.89,-0.7984,-0.0162,9365.62,0.0,123.40,123.69,123.86,123.86,15.0181,31.6546,48.2211,78.2065,125.543,180.321,200.0,200.0,200.0,200.0,200.0,200.0,90.0794,44.1635,22.5887,11.4392,6.29955,3.89949,1.73896
70.704,0.0718,1.0000,0.0000,5,135.53,0.65,-2.86,-0.7955,-0.0166,9395.43,0.0,124.21,124.14,124.26,124.26,14.9882,31.5702,48.0634,77.8678,124.792,178.898,200.0,200.0,200.0,200.0,200.0,200.0,94.0365,45.4316,23.0791,11.6466,6.40328,3.96062,1.76486
70.730,0.0832,1.0000,0.0000,5,136.23,0.52,-2.82,-0.7924,-0.0195,9434.7,0.0,125.10,124.51,124.77,124.77,14.9206,31.2654,47.3811,76.1463,120.525,170.362,200.0,200.0,200.0,200.0,200.0,200.0,122.899,51.6893,24.7818,12.1556,6.59776,4.05627,1.79673
70.749,0.0748,1.0000,0.0000,5,136.91,0.23,-2.79,-0.7890,-0.0245,9488.42,0.0,125.94,124.92,125.47,125.47,14.8218,30.7889,46.3047,73.445,113.976,157.656,198.231,200.0,200.0,200.0,200.0,200.0,200.0,66.1795,27.9471,12.9807,6.88364,4.18712,1.8356
70.773,0.0674,1.0000,0.0000,5,137.58,-0.15,-2.79,-0.7852,-0.0304,9549.18,0.0,126.66,125.44,126.28,126.28,14.7081,30.2463,45.0955,70.4878,107.088,144.858,178.485,200.0,200.0,200.0,200.0,200.0,200.0,97.2225,32.6865,14.0584,7.23544,4.34337,1.88045
70.793,0.0606,1.0000,0.0000,5,138.25,-0.49,-2.81,-0.7809,-0.0363,9607.73,0.0,127.29,126.04,127.05,127.05,14.5912,29.707,43.9184,67.6978,100.859,133.771,162.015,198.768,200.0,200.0,200.0,200.0,200.0,180.019,39.2669,15.3316,7.63145,4.51697,1.93035
70.817,0.0546,1.0000,0.0000,5,138.92,-0.76,-2.81,-0.7761,-0.0421,9660.48,0.0,127.90,126.69,127.75,127.75,14.4747,29.1929,42.8218,65.1789,95.454,124.508,148.69,179.165,200.0,200.0,200.0,200.0,200.0,200.0,48.4159,16.788,8.06424,4.70537,1.98521
70.836,0.0491,1.0000,0.0000,5,139.60,-0.97,-2.77,-0.7707,-0.0476,9706.48,0.0,128.50,127.34,128.37,128.37,14.3578,28.6997,41.7928,62.884,90.7021,116.628,137.651,163.461,188.759,200.0,200.0,200.0,200.0,200.0,61.9147,18.4662,8.53912,4.91059,2.04567
70.861,0.0442,1.0000,0.0000,5,140.27,-1.11,-2.74,-0.7646,-0.0527,9750.0,0.0,129.08,127.99,128.94,128.94,14.2425,28.2383,40.8527,60.8477,86.6234,110.054,128.652,151.004,172.417,200.0,200.0,200.0,200.0,200.0,82.627,20.3514,9.04887,5.13034,2.11155
70.886,0.0398,1.0000,0.0000,5,140.95,-1.19,-2.73,-0.7579,-0.0573,9792.56,0.0,129.64,128.66,129.51,129.51,14.1301,27.8142,40.0102,59.0745,83.1779,104.64,121.379,141.16,159.775,184.059,200.0,200.0,200.0,200.0,116.419,22.4165,9.58557,5.36228,2.18263
70.905,0.0358,1.0000,0.0000,5,141.66,-1.19,-2.65,-0.7506,-0.0614,9801.34,0.0,130.21,129.35,129.63,129.63,14.0214,27.4303,39.2678,57.5569,80.3123,100.236,115.56,133.43,150.013,171.318,199.695,200.0,200.0,200.0,176.791,24.614,10.1402,5.604,2.25865
70.930,0.0322,1.0000,0.0000,5,142.34,-1.11,-2.58,-0.7427,-0.0647,9839.18,0.0,130.77,130.05,130.12,130.12,13.9171,27.0892,38.628,56.2893,77.9855,96.7337,110.998,127.464,142.588,161.796,187.001,200.0,200.0,200.0,200.0,26.8618,10.7009,5.85233,2.33925
70.949,0.0290,1.0000,0.0000,5,143.01,-1.02,-2.54,-0.7342,-0.0675,9891.73,0.0,131.33,130.73,130.81,130.81,13.8149,26.7764,38.0575,55.1905,76.0186,93.8257,107.256,122.636,136.645,154.28,177.156,200.0,200.0,200.0,200.0,29.1814,11.273,6.1089,2.42438
70.974,0.0261,1.0000,0.0000,5,143.66,-0.94,-2.54,-0.7252,-0.0700,9951.62,0.0,131.91,131.37,131.60,131.60,13.7127,26.4782,37.5253,54.1888,74.2626,91.267,103.997,118.476,131.572,147.937,168.964,196.978,200.0,200.0,200.0,31.6356,11.8661,6.37611,2.51402
70.993,0.0235,1.0000,0.0000,5,144.33,-0.88,-2.57,-0.7157,-0.0724,10007.0,0.0,132.50,132.00,132.34,132.34,13.6094,26.1873,37.0152,53.2466,72.6394,88.9313,101.048,114.745,127.059,142.347,161.83,187.51,200.0,200.0,200.0,34.2748,12.4858,6.65507,2.60801
71.018,0.0211,1.0000,0.0000,5,144.99,-0.82,-2.51,-0.7057,-0.0747,10054.4,0.0,133.14,132.66,132.97,132.97,13.504,25.8976,36.5135,52.3334,71.0879,86.7218,98.277,111.268,122.882,137.214,155.344,179.01,200.0,200.0,200.0,37.1721,13.1396,6.94758,2.7064
71.036,0.0190,1.0000,0.0000,5,145.66,-0.78,-2.46,-0.6953,-0.0769,10095.7,0.0,133.75,133.28,133.52,133.52,13.3962,25.6081,36.0178,51.4429,69.5945,84.6152,95.653,107.998,118.977,132.451,149.381,171.287,200.0,200.0,200.0,40.3663,13.8294,7.25394,2.80913
71.062,0.0171,1.0000,0.0000,5,146.33,-0.74,-2.42,-0.6846,-0.0789,10137.0,0.0,134.34,133.91,134.06,134.06,13.2879,25.3262,35.5433,50.6057,68.2135,82.6888,93.2722,105.054,115.484,128.225,144.138,164.576,200.0,200.0,200.0,43.7581,14.5408,7.56991,2.91552
71.079,0.0154,1.0000,0.0000,5,147.03,-0.69,-2.34,-0.6734,-0.0807,10144.7,0.0,134.93,134.55,134.19,134.19,13.1797,25.0557,35.0967,49.8343,66.9645,80.9686,91.163,102.468,112.438,124.567,139.642,158.882,196.882,200.0,200.0,47.2536,15.2631,7.89254,3.02512
71.104,-0.0142,1.0000,0.0000,5,147.71,-0.60,-2.23,-0.6618,-0.0821,10174.3,0.0,135.52,135.22,134.55,134.55,13.0732,24.8035,34.6919,49.156,65.8942,79.5195,89.4049,100.335,109.945,121.603,136.037,154.373,190.308,200.0,200.0,50.6311,15.9754,8.21642,3.13722
71.124,-0.0487,1.0000,0.0000,5,148.37,-0.57,-2.14,-0.6500,-0.0824,10225.6,0.0,136.02,135.94,135.22,135.22,12.9769,24.6096,34.4093,48.7326,65.2916,78.7577,88.5205,99.3075,108.787,120.277,134.493,152.532,187.824,200.0,200.0,52.8144,16.5737,8.51365,3.24788
71.148,-0.0504,1.0000,0.0000,5,149.01,-0.48,-2.12,-0.6382,-0.0807,10289.5,0.0,136.40,136.73,136.06,136.06,12.9027,24.5289,34.3587,48.7861,65.5557,79.2648,89.2443,100.311,110.07,121.944,136.701,155.534,192.732,200.0,200.0,52.3459,16.907,8.74251,3.35087
71.167,-0.0453,1.0000,0.0000,5,149.66,-0.22,-2.14,-0.6265,-0.0774,10351.2,0.0,136.82,137.50,136.88,136.88,12.847,24.5408,34.4984,49.2352,66.5494,80.854,91.3531,103.082,113.501,126.274,142.299,162.997,200.0,200.0,200.0,50.0246,17.016,8.90944,3.44572
71.192,-0.0408,1.0000,0.0000,5,150.30,0.09,-2.09,-0.6150,-0.0734,10404.3,0.0,137.38,138.21,137.59,137.59,12.8002,24.5947,34.7261,49.8747,67.9128,83.0155,94.2171,106.85,118.18,132.208,150.028,173.415,200.0,200.0,200.0,47.3395,17.0268,9.04435,3.53523
71.211,-0.0367,1.0000,0.0000,5,150.96,0.38,-2.01,-0.6038,-0.0691,10448.0,0.0,137.95,138.84,138.18,138.18,12.758,24.6671,34.9937,50.6077,69.4765,85.5116,97.5471,111.268,123.708,139.292,159.383,186.264,200.0,200.0,200.0,44.8431,16.9986,9.16135,3.62049
71.236,-0.0330,1.0000,0.0000,5,151.61,0.60,-1.95,-0.5929,-0.0651,10489.3,0.0,138.55,139.41,138.72,138.72,12.7163,24.7362,35.2553,51.337,71.0612,88.0782,101.007,115.915,129.588,146.931,169.649,200.0,200.0,200.0,200.0,42.8123,16.9791,9.27333,3.70271
71.254,-0.0297,1.0000,0.0000,5,152.30,0.73,-1.85,-0.5824,-0.0615,10488.5,0.0,139.19,139.96,138.74,138.74,12.6726,24.7866,35.4773,51.9883,72.5203,90.4877,104.3,120.4,135.335,154.514,180.04,200.0,200.0,200.0,200.0,41.3101,16.9958,9.38871,3.78276
71.280,-0.0268,1.0000,0.0000,6,152.97,0.74,-1.69,-0.5723,-0.0586,10514.5,0.0,139.88,140.51,139.05,139.05,12.6244,24.803,35.6253,52.4812,73.6858,92.468,107.052,124.215,140.293,161.166,189.354,200.0,200.0,200.0,200.0,40.3706,17.0727,9.51558,3.86153
71.299,-0.0241,1.0000,0.0000,6,153.14,0.68,-1.57,-0.5626,-0.0562,9637.58,0.0,140.39,140.90,134.88,135.35,12.5731,24.7929,35.7135,52.8419,74.599,94.0679,109.316,127.407,144.501,166.908,197.557,200.0,200.0,200.0,192.82,39.8069,17.1919,9.64961,3.93853
71.323,-0.0217,1.0000,0.0000,6,152.97,0.63,-1.54,-0.5534,-0.0541,9642.74,0.0,140.36,140.80,134.69,135.13,12.5221,24.7735,35.7786,53.1491,75.4093,95.5172,111.39,130.369,148.448,172.365,200.0,200.0,200.0,200.0,170.54,39.3957,17.3203,9.7813,4.01255
71.343,-0.0195,1.0000,0.0000,6,152.80,0.60,-1.56,-0.5445,-0.0520,9344.64,0.0,140.21,140.64,134.64,135.05,12.4737,24.7587,35.8506,53.4702,76.2529,97.0319,113.57,133.502,152.653,178.233,200.0,200.0,200.0,200.0,153.581,38.9889,17.4333,9.90368,4.08298
71.367,-0.0176,1.0000,0.0000,6,153.07,0.59,-1.45,-0.5359,-0.0499,9659.38,0.0,140.22,140.68,139.32,139.32,12.4288,24.7537,35.9411,53.8324,77.1869,98.7073,115.989,136.998,157.373,184.885,200.0,200.0,200.0,200.0,139.596,38.5411,17.5231,10.0145,4.14968
71.386,-0.0158,1.0000,0.0000,6,153.63,0.61,-1.33,-0.5277,-0.0477,9706.91,0.0,140.67,141.13,140.05,140.05,12.3869,24.7572,36.0484,54.2328,78.2089,100.546,118.654,140.877,162.651,192.405,200.0,200.0,200.0,200.0,127.919,38.0651,17.5929,10.1152,4.21309
71.411,-0.0142,1.0000,0.0000,6,154.21,0.63,-1.24,-0.5197,-0.0457,9734.53,0.0,141.21,141.63,140.45,140.45,12.3449,24.7528,36.1361,54.5882,79.1454,102.26,121.169,144.586,167.759,199.796,200.0,200.0,200.0,200.0,119.288,37.6949,17.6724,10.2155,4.27467
71.436,-0.0128,1.0000,0.0000,6,154.84,0.58,-1.06,-0.5121,-0.0440,9716.64,0.0,141.79,142.13,140.21,140.21,12.3005,24.7279,36.1762,54.832,79.8513,103.602,123.178,147.608,171.987,200.0,200.0,200.0,200.0,200.0,113.641,37.5122,17.7823,10.3225,4.33544
71.454,-0.0115,1.0000,0.0000,6,155.42,0.49,-0.86,-0.5046,-0.0429,9743.74,0.0,142.37,142.62,140.58,140.58,12.2528,24.6768,36.1555,54.9306,80.2473,104.427,124.466,149.61,174.857,200.0,200.0,200.0,200.0,200.0,110.555,37.5442,17.9321,10.4399,4.39596
71.480,-0.0104,1.0000,0.0000,6,155.98,0.40,-0.74,-0.4974,-0.0421,9790.27,0.0,142.91,143.10,141.24,141.24,12.204,24.6135,36.1047,54.9556,80.4834,104.983,125.374,151.074,177.008,200.0,200.0,200.0,200.0,200.0,108.637,37.6758,18.0986,10.5604,4.45555
71.498,-0.0093,1.0000,0.0000,6,156.52,0.35,-0.72,-0.4904,-0.0413,9849.29,0.0,143.43,143.59,142.09,142.09,12.1554,24.546,36.0429,54.9518,80.6553,105.43,126.128,152.321,178.869,200.0,200.0,200.0,200.0,200.0,107.203,37.8411,18.2685,10.6804,4.51398
71.523,-0.0084,1.0000,0.0000,6,157.07,0.31,-0.75,-0.4836,-0.0406,9902.95,0.0,143.94,144.09,142.87,142.87,12.1074,24.4782,35.9785,54.9397,80.8084,105.844,126.84,153.509,180.658,200.0,200.0,200.0,200.0,200.0,105.958,38.0117,18.4362,10.7983,4.57126
71.543,-0.0076,1.0000,0.0000,6,157.63,0.28,-0.70,-0.4768,-0.0398,9945.03,0.0,144.48,144.64,143.48,143.48,12.0609,24.415,35.9231,54.9474,81.0029,106.331,127.659,154.862,182.685,200.0,200.0,200.0,200.0,200.0,104.593,38.1496,18.5931,10.9113,4.6271
71.567,-0.0068,1.0000,0.0000,6,158.19,0.27,-0.66,-0.4702,-0.0390,9979.01,0.0,144.99,145.16,143.98,143.98,12.0157,24.3556,35.8749,54.9704,81.2312,106.879,128.567,156.353,184.916,200.0,200.0,200.0,200.0,200.0,103.164,38.2612,18.7409,11.02,4.68162
71.586,-0.0061,1.0000,0.0000,6,158.76,0.27,-0.62,-0.4637,-0.0382,10005.4,0.0,145.51,145.67,144.39,144.39,11.9709,24.2955,35.8237,54.9848,81.4399,107.394,129.433,157.789,187.084,200.0,200.0,200.0,200.0,200.0,101.912,38.3805,18.8875,11.1273,4.73526
71.612,-0.0055,1.0000,0.0000,6,159.37,0.24,-0.46,-0.4573,-0.0376,10001.7,0.0,146.06,146.19,144.31,144.31,11.9253,24.2275,35.7538,54.9528,81.5452,107.731,130.041,158.849,188.734,200.0,200.0,200.0,200.0,200.0,101.162,38.5575,19.0455,11.2374,4.78864
71.629,-0.0050,1.0000,0.0000,6,159.93,0.21,-0.32,-0.4510,-0.0371,10037.0,0.0,146.60,146.70,144.81,144.81,11.8793,24.1539,35.6699,54.8856,81.5711,107.928,130.447,159.611,189.968,200.0,200.0,200.0,200.0,200.0,100.771,38.7764,19.2113,11.3492,4.84166
71.654,-0.0045,1.0000,0.0000,6,160.47,0.18,-0.24,-0.4448,-0.0367,10083.7,0.0,147.11,147.20,145.47,145.47,11.8332,24.0777,35.5789,54.7997,81.5541,108.05,130.744,160.211,190.974,200.0,200.0,200.0,200.0,200.0,100.566,39.0153,19.3802,11.4612,4.8942
71.674,-0.0040,1.0000,0.0000,6,161.01,0.17,-0.22,-0.4386,-0.0363,10133.0,0.0,147.61,147.69,146.19,146.19,11.7869,23.9989,35.4812,54.6964,81.4973,108.102,130.938,160.659,191.771,200.0,200.0,200.0,200.0,200.0,100.525,39.2729,19.5522,11.5736,4.94639
71.698,-0.0036,1.0000,0.0000,6,161.56,0.15,-0.24,-0.4325,-0.0359,10176.6,0.0,148.11,148.19,146.82,146.82,11.7408,23.919,35.3805,54.5849,81.4207,108.119,131.08,161.031,192.46,200.0,200.0,200.0,200.0,200.0,100.561,39.5379,19.7248,11.6858,4.99821
71.717,-0.0033,1.0000,0.0000,6,162.11,0.14,-0.22,-0.4265,-0.0356,10213.3,0.0,148.63,148.70,147.35,147.35,11.6953,23.8406,35.2826,54.479,81.3563,108.157,131.255,161.452,193.222,200.0,200.0,200.0,200.0,200.0,100.551,39.7911,19.8935,11.7961,5.04946
71.742,-0.0029,1.0000,0.0000,6,162.66,0.13,-0.20,-0.4205,-0.0352,10246.1,0.0,149.13,149.21,147.83,147.83,11.6498,23.7616,35.1824,54.367,81.2773,108.169,131.391,161.817,193.907,200.0,200.0,200.0,200.0,200.0,100.597,40.0495,20.0624,11.9061,5.10039
71.761,-0.0026,1.0000,0.0000,6,163.22,0.12,-0.18,-0.4145,-0.0349,10271.6,0.0,149.65,149.71,148.22,148.22,11.6042,23.6806,35.0773,54.2422,81.1692,108.128,131.452,162.068,194.43,200.0,200.0,200.0,200.0,200.0,100.75,40.3212,20.2339,12.0166,5.15114
71.786,-0.0024,1.0000,0.0000,6,163.79,0.11,-0.11,-0.4086,-0.0347,10289.8,0.0,150.17,150.22,148.46,148.46,11.5586,23.598,34.9682,54.1069,81.0366,108.044,131.447,162.22,194.814,200.0,200.0,200.0,200.0,200.0,100.991,40.6041,20.4073,12.1274,5.2017
71.804,-0.0021,1.0000,0.0000,6,164.34,0.10,-0.05,-0.4027,-0.0345,10324.1,0.0,150.68,150.73,148.95,148.95,11.5126,23.5128,34.8528,53.9556,80.8669,107.894,131.344,162.221,194.981,200.0,200.0,200.0,200.0,200.0,101.366,40.906,20.5849,12.2393,5.25222
71.829,-0.0019,1.0000,0.0000,6,164.88,0.09,-0.02,-0.3968,-0.0343,10363.7,0.0,151.18,151.22,149.52,149.52,11.4665,23.4255,34.7322,53.7912,80.6666,107.689,131.16,162.102,194.973,200.0,200.0,200.0,200.0,200.0,101.845,41.2234,20.7657,12.3521,5.30272
71.848,-0.0017,1.0000,0.0000,6,165.42,0.08,-0.01,-0.3910,-0.0341,10404.6,0.0,151.68,151.72,150.11,150.11,11.4204,23.3379,34.6105,53.6238,80.4596,107.471,130.957,161.953,194.924,200.0,200.0,200.0,200.0,200.0,102.345,41.543,20.9468,12.4648,5.35307
71.873,-0.0016,1.0000,0.0000,6,165.96,0.07,-0.00,-0.3852,-0.0339,10442.1,0.0,152.19,152.22,150.66,150.66,11.3744,23.2507,34.4895,53.4575,80.2548,107.257,130.76,161.811,194.884,200.0,200.0,200.0,200.0,200.0,102.832,41.8587,21.1265,12.5769,5.40322
71.893,-0.0014,1.0000,0.0000,6,166.50,0.07,0.04,-0.3794,-0.0337,10475.6,0.0,152.69,152.72,151.14,151.14,11.3287,23.1645,34.3705,53.2959,80.0603,107.062,130.59,161.712,194.909,200.0,200.0,200.0,200.0,200.0,103.272,42.1658,21.3037,12.6879,5.45312
71.917,-0.0013,1.0000,0.0000,6,167.05,0.07,0.07,-0.3736,-0.0336,10507.6,0.0,153.19,153.22,151.60,151.60,11.2828,23.0767,34.2477,53.1247,79.8434,106.826,130.36,161.522,194.804,200.0,200.0,200.0,200.0,200.0,103.789,42.4848,21.4836,12.7998,5.50306
71.936,-0.0011,1.0000,0.0000,6,167.60,0.06,0.12,-0.3678,-0.0335,10526.7,0.0,153.69,153.71,151.89,151.89,11.2366,22.9863,34.1191,52.9391,79.5938,106.531,130.043,161.197,194.499,200.0,200.0,200.0,200.0,200.0,104.423,42.8225,21.6681,12.9131,5.55316
71.961,-0.0010,1.0000,0.0000,6,168.15,0.05,0.19,-0.3621,-0.0334,10553.3,0.0,154.19,154.21,152.26,152.26,11.1901,22.8947,33.9873,52.7458,79.3261,106.204,129.677,160.8,194.09,200.0,200.0,200.0,200.0,200.0,105.117,43.1703,21.855,13.0273,5.60334
71.986,-0.0009,1.0000,0.0000,6,168.68,0.04,0.25,-0.3563,-0.0333,10589.0,0.0,154.69,154.71,152.78,152.78,11.1435,22.8026,33.8546,52.5497,79.0523,105.867,129.295,160.376,193.642,200.0,200.0,200.0,200.0,200.0,105.831,43.5208,22.0425,13.1416,5.65352
72.004,-0.0008,1.0000,0.0000,6,169.21,0.04,0.28,-0.3505,-0.0332,10629.5,0.0,155.17,155.19,153.36,153.36,11.097,22.7104,33.7216,52.3533,78.7778,105.528,128.91,159.949,193.191,200.0,200.0,200.0,200.0,200.0,106.543,43.8708,22.2299,13.2559,5.70369
72.030,-0.0007,1.0000,0.0000,6,169.74,0.03,0.27,-0.3448,-0.0331,10668.7,0.0,155.66,155.68,153.93,153.93,11.0505,22.6185,33.5891,52.1577,78.5054,105.191,128.532,159.528,192.75,200.0,200.0,200.0,200.0,200.0,107.243,44.2186,22.4166,13.3699,5.75379
72.049,-0.0007,1.0000,0.0000,6,170.27,0.03,0.31,-0.3390,-0.0331,10704.0,0.0,156.16,156.18,154.44,154.44,11.004,22.5267,33.457,51.9635,78.2361,104.862,128.162,159.124,192.332,200.0,200.0,200.0,200.0,200.0,107.925,44.5634,22.6027,13.4837,5.80389
72.074,-0.0006,1.0000,0.0000,6,170.80,0.03,0.34,-0.3332,-0.0330,10736.1,0.0,156.64,156.66,154.90,154.90,10.9576,22.4352,33.3257,51.7712,77.9711,104.54,127.804,158.738,191.941,200.0,200.0,200.0,200.0,200.0,108.586,44.9044,22.7877,13.5971,5.85395
72.092,-0.0005,1.0000,0.0000,6,171.33,0.03,0.36,-0.3274,-0.0329,10767.4,0.0,157.13,157.15,155.35,155.35,10.9111,22.3438,33.1945,51.5791,77.7066,104.219,127.447,158.357,191.558,200.0,200.0,200.0,200.0,200.0,109.237,45.2439,22.9724,13.7104,5.90398
72.117,-0.0005,1.0000,0.0000,6,171.88,0.03,0.44,-0.3217,-0.0328,10782.3,0.0,157.62,157.64,155.57,155.57,10.8646,22.252,33.0624,51.3849,77.437,103.889,127.077,157.952,191.141,200.0,200.0,200.0,200.0,200.0,109.905,45.5857,23.1577,13.824,5.95405
72.136,-0.0004,1.0000,0.0000,6,172.41,0.03,0.50,-0.3159,-0.0327,10814.2,0.0,158.12,158.13,156.03,156.03,10.8177,22.1579,32.9252,51.1781,77.1395,103.508,126.632,157.431,190.554,200.0,200.0,200.0,200.0,200.0,110.679,45.946,23.3477,13.9392,6.00437
72.161,-0.0004,1.0000,0.0000,6,172.93,0.03,0.55,-0.3101,-0.0327,10851.4,0.0,158.60,158.60,156.56,156.56,10.7704,22.0615,32.7826,50.9583,76.8117,103.074,126.106,156.787,189.786,200.0,200.0,200.0,200.0,200.0,111.568,46.3263,23.5429,14.0563,6.05501
72.180,-0.0004,1.0000,0.0000,6,173.44,0.02,0.56,-0.3043,-0.0327,10890.7,0.0,159.07,159.08,157.13,157.13,10.7228,21.964,32.6378,50.7333,76.4729,102.62,125.55,156.097,188.952,200.0,200.0,200.0,200.0,200.0,112.502,46.7147,23.7405,14.1742,6.10583
72.205,-0.0003,1.0000,0.0000,6,173.96,0.01,0.57,-0.2985,-0.0327,10927.0,0.0,159.56,159.56,157.65,157.65,10.675,21.8662,32.4922,50.5066,76.1306,102.159,124.986,155.393,188.096,200.0,200.0,200.0,200.0,200.0,113.451,47.1061,23.9389,14.2926,6.15678
72.223,-0.0003,1.0000,0.0000,6,174.48,0.01,0.61,-0.2927,-0.0327,10959.5,0.0,160.04,160.04,158.12,158.12,10.6272,21.7681,32.3464,50.2796,75.7878,101.698,124.422,154.691,187.245,200.0,200.0,200.0,200.0,200.0,114.397,47.4979,24.1377,14.4112,6.20784
72.248,-0.0003,1.0000,0.0000,6,175.00,0.01,0.63,-0.2869,-0.0327,10990.5,0.0,160.52,160.52,158.57,158.57,10.5793,21.6698,32.2003,50.0523,75.4449,101.238,123.858,153.989,186.394,200.0,200.0,200.0,200.0,200.0,115.345,47.8903,24.3369,14.5301,6.25903
72.267,-0.0002,1.0000,0.0000,6,175.54,0.01,0.69,-0.2810,-0.0327,11007.8,0.0,161.00,161.00,158.83,158.83,10.5312,21.5712,32.0536,49.8239,75.0998,100.773,123.288,153.279,185.533,200.0,200.0,200.0,200.0,200.0,116.301,48.2846,24.5369,14.6493,6.31036
72.292,-0.0002,1.0000,0.0000,6,176.06,0.00,0.76,-0.2752,-0.0327,11036.3,0.0,161.48,161.48,159.23,159.23,10.483,21.4723,31.9066,49.595,74.7541,100.308,122.719,152.568,184.669,200.0,200.0,200.0,200.0,200.0,117.259,48.6798,24.7373,14.7689,6.36182
72.311,-0.0002,1.0000,0.0000,6,176.57,0.00,0.81,-0.2693,-0.0327,11071.0,0.0,161.95,161.95,159.73,159.73,10.4346,21.3732,31.7593,49.366,74.4085,99.8442,122.15,151.86,183.811,200.0,200.0,200.0,200.0,200.0,118.215,49.0754,24.9381,14.8888,6.41342
72.336,-0.0002,1.0000,0.0000,6,177.08,0.00,0.83,-0.2634,-0.0327,11109.3,0.0,162.42,162.42,160.28,160.28,10.3861,21.274,31.6117,49.1366,74.0622,99.3792,121.581,151.153,182.955,200.0,200.0,200.0,200.0,200.0,119.17,49.4718,25.1394,15.0089,6.46517
72.355,-0.0002,1.0000,0.0000,6,177.59,0.00,0.84,-0.2575,-0.0327,11145.7,0.0,162.89,162.89,160.81,160.81,10.3376,21.1744,31.4638,48.9065,73.7154,98.9143,121.011,150.445,182.097,200.0,200.0,200.0,200.0,200.0,120.128,49.8688,25.3411,15.1293,6.51705
72.380,-0.0001,1.0000,0.0000,6,178.10,0.00,0.87,-0.2516,-0.0327,11178.3,0.0,163.37,163.37,161.28,161.28,10.2888,21.0746,31.3155,48.6761,73.3686,98.4487,120.443,149.737,181.241,200.0,200.0,200.0,200.0,200.0,121.085,50.2667,25.5434,15.2501,6.56907
72.398,-0.0001,1.0000,0.0000,6,178.61,0.00,0.90,-0.2456,-0.0327,11209.1,0.0,163.83,163.83,161.73,161.73,10.24,20.9746,31.1669,48.4452,73.0208,97.9823,119.873,149.03,180.386,200.0,200.0,200.0,200.0,200.0,122.042,50.6654,25.7461,15.3712,6.62124
72.423,-0.0001,1.0000,0.0000,6,179.13,0.00,0.95,-0.2397,-0.0327,11228.5,0.0,164.30,164.30,162.02,162.02,10.191,20.8742,31.0177,48.2132,72.671,97.5128,119.298,148.315,179.521,200.0,200.0,200.0,200.0,200.0,123.008,51.066,25.9496,15.4926,6.67357
72.443,-0.0001,1.0000,0.0000,6,179.64,0.00,1.02,-0.2337,-0.0327,11254.5,0.0,164.78,164.78,162.38,162.38,10.1418,20.7735,30.868,47.9804,72.3198,97.0413,118.721,147.596,178.649,200.0,200.0,200.0,200.0,200.0,123.98,51.4681,26.1538,15.6145,6.72605
72.467,-0.0001,1.0000,0.0000,6,180.15,0.00,1.07,-0.2277,-0.0327,11287.8,0.0,165.24,165.24,162.86,162.86,10.0925,20.6725,30.718,47.7473,71.9684,96.5697,118.144,146.879,177.781,200.0,200.0,200.0,200.0,200.0,124.95,51.8707,26.3584,15.7367,6.77866
72.486,-0.0001,1.0000,0.0000,6,180.64,0.00,1.10,-0.2217,-0.0327,11324.6,0.0,165.70,165.70,163.39,163.39,10.0431,20.5713,30.5676,47.5136,71.6163,96.0974,117.566,146.161,176.912,200.0,200.0,200.0,200.0,200.0,125.921,52.2743,26.5635,15.8592,6.83143
72.511,-0.0001,1.0000,0.0000,6,181.14,0.00,1.10,-0.2156,-0.0327,11360.5,0.0,166.16,166.15,163.91,163.91,9.99355,20.4698,30.4168,47.2793,71.2629,95.6238,116.986,145.441,176.041,200.0,200.0,200.0,200.0,200.0,126.895,52.6789,26.7692,15.982,6.88434
72.536,-0.0001,1.0000,0.0000,6,181.64,0.00,1.14,-0.2096,-0.0327,11392.8,0.0,166.62,166.62,164.38,164.38,9.94386,20.3681,30.2657,47.0445,70.9092,95.1495,116.406,144.72,175.17,200.0,200.0,200.0,200.0,200.0,127.869,53.0843,26.9754,16.1051,6.93739
72.554,-0.0001,1.0000,0.0000,6,182.14,0.00,1.17,-0.2035,-0.0327,11423.1,0.0,167.08,167.08,164.82,164.82,9.89405,20.2661,30.1142,46.809,70.5549,94.6739,115.826,143.999,174.298,200.0,200.0,200.0,200.0,200.0,128.845,53.4907,27.1821,16.2285,6.99058
72.580,-0.0001,1.0000,0.0000,6,182.65,0.00,1.21,-0.1975,-0.0327,11443.2,0.0,167.54,167.54,165.12,165.12,9.84408,20.1637,29.9621,46.5727,70.1986,94.1958,115.241,143.271,173.416,200.0,200.0,200.0,200.0,200.0,129.83,53.8989,27.3895,16.3524,7.04392
72.599,-0.0000,1.0000,0.0000,6,183.15,0.00,1.28,-0.1914,-0.0327,11468.6,0.0,168.00,168.00,165.47,165.47,9.79396,20.061,29.8095,46.3353,69.8403,93.7151,114.652,142.539,172.53,200.0,200.0,200.0,200.0,200.0,130.819,54.3089,27.5977,16.4766,7.09743
72.624,-0.0000,1.0000,0.0000,6,183.65,0.00,1.33,-0.1853,-0.0327,11501.0,0.0,168.46,168.46,165.94,165.94,9.74372,19.9581,29.6565,46.0976,69.482,93.2344,114.063,141.808,171.645,200.0,200.0,200.0,200.0,200.0,131.808,54.7194,27.8063,16.6012,7.15108
72.643,-0.0000,1.0000,0.0000,6,184.13,0.00,1.36,-0.1791,-0.0327,11536.7,0.0,168.91,168.91,166.45,166.45,9.69335,19.855,29.5032,45.8594,69.1231,92.7524,113.474,141.076,170.759,200.0,200.0,200.0,200.0,200.0,132.798,55.1309,28.0154,16.726,7.20486
72.667,-0.0000,1.0000,0.0000,6,184.62,0.00,1.36,-0.1730,-0.0327,11571.5,0.0,169.36,169.36,166.96,166.96,9.64283,19.7515,29.3495,45.6204,68.7632,92.2696,112.884,140.342,169.871,200.0,200.0,200.0,200.0,200.0,133.79,55.5433,28.2251,16.8512,7.25879
72.686,-0.0000,1.0000,0.0000,6,185.11,0.00,1.40,-0.1668,-0.0327,11603.1,0.0,169.82,169.82,167.41,167.41,9.5922,19.6478,29.1955,45.3811,68.4027,91.7861,112.293,139.606,168.981,200.0,200.0,200.0,200.0,200.0,134.785,55.9565,28.4352,16.9767,7.31285
72.711,-0.0000,1.0000,0.0000,6,185.60,0.00,1.43,-0.1606,-0.0327,11632.9,0.0,170.27,170.27,167.84,167.84,9.54143,19.5439,29.0411,45.1413,68.0412,91.302,111.7,138.871,168.092,200.0,200.0,200.0,200.0,200.0,135.779,56.3704,28.6457,17.1025,7.36706
72.730,-0.0000,1.0000,0.0000,6,186.10,0.00,1.47,-0.1545,-0.0327,11652.0,0.0,170.72,170.72,168.13,168.13,9.49051,19.4396,28.8861,44.9003,67.6778,90.8142,111.103,138.129,167.193,200.0,200.0,200.0,200.0,200.0,136.783,56.7869,28.8572,17.2287,7.42142
72.755,-0.0000,1.0000,0.0000,6,186.59,0.00,1.54,-0.1482,-0.0327,11678.4,0.0,171.17,171.17,168.50,168.50,9.43946,19.3349,28.7306,44.6585,67.3132,90.3246,110.504,137.383,166.29,200.0,200.0,200.0,200.0,200.0,137.791,57.2043,29.0692,17.3553,7.47593
72.773,-0.0000,1.0000,0.0000,6,187.08,0.00,1.58,-0.1420,-0.0327,11710.4,0.0,171.62,171.62,168.96,168.96,9.38828,19.2301,28.5748,44.4163,66.9482,89.8349,109.905,136.638,165.389,200.0,200.0,200.0,200.0,200.0,138.798,57.6224,29.2817,17.4821,7.53057
72.799,-0.0000,1.0000,0.0000,6,187.56,0.00,1.61,-0.1358,-0.0327,11745.2,0.0,172.06,172.06,169.46,169.46,9.33696,19.125,28.4186,44.1736,66.5826,89.3438,109.305,135.893,164.486,200.0,200.0,200.0,200.0,200.0,139.806,58.0416,29.4948,17.6093,7.58536
72.817,-0.0000,1.0000,0.0000,6,188.04,0.00,1.62,-0.1295,-0.0327,11778.7,0.0,172.50,172.50,169.95,169.95,9.28552,19.0197,28.2621,43.9303,66.216,88.8521,108.703,135.144,163.58,200.0,200.0,200.0,200.0,200.0,140.818,58.4616,29.7083,17.7368,7.64029
72.842,-0.0000,1.0000,0.0000,6,188.52,0.00,1.65,-0.1232,-0.0327,11809.2,0.0,172.95,172.95,170.39,170.39,9.23395,18.914,28.1052,43.6866,65.8485,88.3597,108.101,134.396,162.675,200.0,200.0,200.0,200.0,199.735,141.83,58.8823,29.9222,17.8646,7.69534
72.861,-0.0000,1.0000,0.0000,6,189.00,0.00,1.68,-0.1170,-0.0327,11838.3,0.0,173.39,173.39,170.81,170.81,9.18225,18.8082,27.948,43.4422,65.4807,87.866,107.498,133.646,161.768,200.0,200.0,200.0,200.0,198.82,142.843,59.3041,30.1367,17.9927,7.75054
72.886,-0.0000,1.0000,0.0000,6,189.49,0.00,1.73,-0.1106,-0.0327,11856.2,0.0,173.83,173.83,171.07,171.07,9.1304,18.702,27.7901,43.1967,65.1104,87.3688,106.889,132.889,160.851,200.0,200.0,200.0,200.0,197.902,143.867,59.7283,30.3521,18.1212,7.8059
72.904,-0.0000,1.0000,0.0000,6,189.97,0.00,1.79,-0.1043,-0.0327,11884.2,0.0,174.27,174.27,171.47,171.47,9.07843,18.5955,27.6318,42.9507,64.7392,86.871,106.279,132.131,159.934,200.0,200.0,200.0,200.0,196.98,144.892,60.1532,30.5679,18.2501,7.86139
72.930,-0.0000,1.0000,0.0000,6,190.44,0.00,1.83,-0.0980,-0.0327,11916.0,0.0,174.71,174.71,171.93,171.93,9.02633,18.4888,27.4732,42.7042,64.3677,86.3724,105.669,131.373,159.016,200.0,200.0,200.0,200.0,196.053,145.917,60.5791,30.7842,18.3792,7.91702
72.948,-0.0000,1.0000,0.0000,6,190.91,0.00,1.85,-0.0916,-0.0327,11949.9,0.0,175.14,175.14,172.41,172.41,8.97409,18.3818,27.3143,42.457,63.9955,85.8726,105.058,130.613,158.096,200.0,200.0,200.0,200.0,195.122,146.945,61.0055,31.0011,18.5087,7.97278
72.974,-0.0000,1.0000,0.0000,6,191.38,0.00,1.87,-0.0853,-0.0327,11981.8,0.0,175.58,175.58,172.88,172.88,8.92174,18.2745,27.155,42.2095,63.6221,85.3721,104.445,129.852,157.175,200.0,200.0,200.0,200.0,194.187,147.973,61.4329,31.2184,18.6384,8.02868
72.992,-0.0000,1.0000,0.0000,6,191.85,0.00,1.90,-0.0789,-0.0327,12011.2,0.0,176.01,176.01,173.30,173.30,8.86925,18.1671,26.9952,41.9613,63.2484,84.8704,103.832,129.09,156.254,200.0,200.0,200.0,200.0,193.248,149.002,61.8614,31.4362,18.7685,8.08472
73.017,-0.0000,1.0000,0.0000,6,192.32,0.00,1.93,-0.0725,-0.0327,12037.6,0.0,176.44,176.44,173.70,173.70,8.81664,18.0593,26.8351,41.7124,62.8734,84.3674,103.217,128.326,155.329,200.0,200.0,200.0,200.0,192.305,150.036,62.291,31.6546,18.8988,8.1409
73.036,-0.0000,1.0000,0.0000,6,192.80,0.00,1.99,-0.0661,-0.0327,12057.0,0.0,176.88,176.88,173.97,173.97,8.76388,17.9512,26.6745,41.4626,62.4964,83.8615,102.597,127.554,154.394,200.0,200.0,200.0,200.0,191.359,151.08,62.7226,31.8737,19.0297,8.19722
73.061,-0.0000,1.0000,0.0000,6,193.27,0.00,2.04,-0.0596,-0.0327,12086.1,0.0,177.31,177.31,174.38,174.38,8.711,17.8429,26.5135,41.2123,62.1193,83.3551,101.978,126.783,153.461,200.0,200.0,200.0,200.0,190.411,152.122,63.1549,32.0933,19.1608,8.25368
73.086,-0.0000,1.0000,0.0000,6,193.73,0.00,2.07,-0.0532,-0.0327,12118.0,0.0,177.74,177.74,174.84,174.84,8.658,17.7343,26.3522,40.9616,61.7414,82.8479,101.358,126.012,152.527,200.0,200.0,200.0,200.0,189.459,153.165,63.5879,32.3133,19.2921,8.31027
73.105,-0.0000,1.0000,0.0000,6,194.19,0.00,2.08,-0.0467,-0.0327,12150.5,0.0,178.16,178.16,175.31,175.31,8.60487,17.6255,26.1905,40.7102,61.3625,82.3395,100.736,125.24,151.593,200.0,200.0,200.0,200.0,188.506,154.208,64.0219,32.5339,19.4238,8.36699
73.130,-0.0000,1.0000,0.0000,6,194.66,0.00,2.11,-0.0402,-0.0327,12180.6,0.0,178.59,178.59,175.75,175.75,8.55163,17.5164,26.0284,40.4584,60.983,81.8305,100.113,124.466,150.656,200.0,200.0,200.0,200.0,187.55,155.031,64.4566,32.7549,19.5557,8.42384
73.148,-0.0000,1.0000,0.0000,6,195.12,0.00,2.14,-0.0337,-0.0327,12208.9,0.0,179.02,179.02,176.16,176.16,8.49825,17.4071,25.8661,40.2061,60.6029,81.3207,99.4898,123.69,149.718,200.0,200.0,200.0,199.015,186.591,155.429,64.892,32.9763,19.688,8.48083
73.174,-0.0000,1.0000,0.0000,6,195.59,0.00,2.18,-0.0272,-0.0327,12228.8,0.0,179.44,179.44,176.45,176.45,8.44473,17.2975,25.7031,39.9528,60.2207,80.8081,98.8626,122.91,148.773,200.0,200.0,200.0,197.991,185.631,155.592,65.3295,33.1986,19.8207,8.53797
73.192,-0.0000,1.0000,0.0000,6,196.05,0.00,2.23,-0.0207,-0.0327,12254.6,0.0,179.87,179.87,176.81,176.81,8.39108,17.1876,25.5398,39.6988,59.8379,80.2937,98.2331,122.127,147.826,200.0,200.0,200.0,196.966,184.669,155.6,65.7685,33.4215,19.9537,8.59525
73.217,-0.0000,1.0000,0.0000,6,196.51,0.00,2.27,-0.0142,-0.0327,12284.3,0.0,180.29,180.29,177.24,177.24,8.33731,17.0774,25.3761,39.4444,59.4542,79.7792,97.6028,121.345,146.877,200.0,200.0,200.0,195.937,183.704,155.492,66.2077,33.6447,20.087,8.65266
73.236,-0.0000,1.0000,0.0000,6,196.96,0.00,2.29,-0.0076,-0.0327,12316.0,0.0,180.71,180.71,177.70,177.70,8.28342,16.967,25.2121,39.1894,59.0702,79.2636,96.9727,120.56,145.928,200.0,200.0,200.0,194.905,182.737,155.297,66.648,33.8684,20.2206,8.7102
73.261,-0.0000,1.0000,0.0000,6,197.41,0.00,2.31,-0.0010,-0.0327,12346.6,0.0,181.13,181.13,178.14,178.14,8.2294,16.8564,25.0477,38.9339,58.685,78.7467,96.3404,119.774,144.978,200.0,200.0,200.0,193.871,181.768,155.033,67.0893,34.0926,20.3544,8.76787
73.280,-0.0000,1.0000,0.0000,6,197.86,0.00,2.34,0.0055,-0.0327,12375.0,0.0,181.54,181.54,178.55,178.55,8.17527,16.7455,24.8829,38.6778,58.2992,78.2291,95.7073,118.987,144.026,200.0,200.0,200.0,192.835,180.796,154.711,67.5312,34.3173,20.4886,8.82567
73.305,-0.0000,1.0000,0.0000,6,198.32,0.00,2.36,0.0121,-0.0327,12401.0,0.0,181.96,181.96,178.94,178.94,8.121,16.6344,24.7178,38.4212,57.9122,77.7103,95.072,118.198,143.07,200.0,200.0,200.0,191.796,179.822,154.34,67.9742,34.5425,20.6231,8.8836
73.324,-0.0000,1.0000,0.0000,6,198.78,0.00,2.41,0.0188,-0.0327,12421.0,0.0,182.38,182.38,179.22,179.22,8.0666,16.5229,24.5521,38.1635,57.5238,77.1884,94.4338,117.405,142.108,200.0,200.0,200.0,190.755,178.847,153.929,68.4196,34.7686,20.7579,8.94168
73.348,-0.0000,1.0000,0.0000,6,199.23,0.00,2.46,0.0254,-0.0327,12448.9,0.0,182.79,182.79,179.62,179.62,8.01208,16.4113,24.3861,37.9055,57.1348,76.6663,93.7948,116.61,141.146,200.0,200.0,200.0,189.713,177.869,153.48,68.8653,34.995,20.8931,8.9999
73.367,-0.0000,1.0000,0.0000,6,199.67,0.00,2.48,0.0320,-0.0327,12478.9,0.0,183.20,183.20,180.05,180.05,7.95745,16.2994,24.2199,37.647,56.7452,76.1435,93.1553,115.814,140.184,200.0,200.0,200.0,188.667,176.889,152.999,69.3117,35.2218,21.0285,9.05822
73.392,-0.0000,1.0000,0.0000,6,200.12,0.00,2.50,0.0387,-0.0327,12509.5,0.0,183.61,183.61,180.49,180.49,7.90269,16.1872,24.0532,37.388,56.3547,75.6195,92.5142,115.017,139.226,200.0,200.0,199.261,187.619,175.906,152.488,69.7591,35.4492,21.1642,9.11669
73.411,-0.0000,1.0000,0.0000,6,200.56,0.00,2.53,0.0454,-0.0327,12538.0,0.0,184.03,184.03,180.91,180.91,7.84781,16.0748,23.8862,37.1284,55.9633,75.0948,91.8724,114.219,138.278,200.0,200.0,198.145,186.568,174.921,151.95,70.207,35.6769,21.3003,9.17528
73.436,-0.0000,1.0000,0.0000,6,201.00,0.00,2.55,0.0521,-0.0327,12565.3,0.0,184.43,184.43,181.30,181.30,7.79281,15.9621,23.7188,36.8683,55.5713,74.5689,91.2285,113.42,137.344,200.0,200.0,197.027,185.516,173.934,151.388,70.656,35.9052,21.4366,9.234
73.455,-0.0000,1.0000,0.0000,6,201.46,0.00,2.59,0.0588,-0.0327,12585.0,0.0,184.84,184.84,181.59,181.59,7.73767,15.8492,23.5509,36.6073,55.1779,74.0405,90.5824,112.615,136.42,200.0,200.0,195.907,184.461,172.945,150.805,71.1072,36.1342,21.5733,9.29287
73.480,-0.0000,1.0000,0.0000,6,201.90,0.00,2.63,0.0655,-0.0327,12611.3,0.0,185.25,185.25,181.96,181.96,7.68242,15.736,23.3827,36.3458,54.7834,73.5114,89.9343,111.81,135.516,200.0,200.0,194.785,183.404,171.954,150.202,71.5589,36.3637,21.7102,9.35186
73.499,-0.0000,1.0000,0.0000,6,202.34,0.00,2.66,0.0722,-0.0327,12640.0,0.0,185.66,185.66,182.38,182.38,7.62705,15.6226,23.2142,36.0837,54.3886,72.9811,89.2861,111.003,134.638,200.0,200.0,193.659,182.345,170.961,149.578,72.0116,36.5936,21.8475,9.41098
73.524,-0.0000,1.0000,0.0000,6,202.78,0.00,2.68,0.0790,-0.0327,12670.0,0.0,186.06,186.06,182.81,182.81,7.57156,15.5089,23.0453,35.8212,53.9929,72.4501,88.6365,110.196,133.788,200.0,200.0,192.531,181.283,169.965,148.938,72.465,36.824,21.985,9.47023
73.542,-0.0000,1.0000,0.0000,6,203.21,0.00,2.70,0.0857,-0.0327,12698.7,0.0,186.46,186.46,183.22,183.22,7.51595,15.395,22.876,35.5581,53.5964,71.918,87.9855,109.386,132.985,200.0,200.0,191.401,180.219,168.967,148.28,72.9193,37.0549,22.1228,9.5296
73.568,-0.0000,1.0000,0.0000,6,203.65,0.00,2.72,0.0925,-0.0327,12725.9,0.0,186.86,186.86,183.62,183.62,7.46022,15.2808,22.7064,35.2946,53.199,71.3852,87.3331,108.576,132.243,200.0,199.111,190.268,179.152,167.967,147.607,73.3742,37.2861,22.261,9.5891
73.586,-0.0000,1.0000,0.0000,6,204.09,0.00,2.75,0.0993,-0.0327,12747.5,0.0,187.27,187.27,183.93,183.93,7.40437,15.1664,22.5364,35.0302,52.8004,70.8503,86.6793,107.762,131.597,200.0,197.924,189.134,178.083,166.965,146.92,73.8309,37.5181,22.3994,9.64874
73.611,-0.0000,1.0000,0.0000,6,204.53,0.00,2.79,0.1061,-0.0327,12772.1,0.0,187.67,187.67,184.28,184.28,7.34839,15.0518,22.3659,34.7652,52.401,70.3138,86.0227,106.946,131.175,200.0,196.734,187.996,177.013,165.962,146.22,74.289,37.7507,22.5382,9.70851
73.636,-0.0000,1.0000,0.0000,6,204.96,0.00,2.83,0.1129,-0.0327,12799.8,0.0,188.07,188.07,184.68,184.68,7.29229,14.9368,22.1952,34.4997,52.0008,69.7767,85.3654,106.129,200.0,200.0,195.542,186.857,175.939,164.956,145.505,74.7477,37.9837,22.6773,9.7684
73.654,-0.0000,1.0000,0.0000,6,205.40,0.00,2.84,0.1198,-0.0327,12828.7,0.0,188.47,188.47,185.10,185.10,7.23608,14.8217,22.0241,34.2338,51.5999,69.2388,84.7074,105.31,200.0,200.0,194.346,185.714,174.864,163.947,144.778,75.2069,38.217,22.8167,9.82842
73.680,-0.0000,1.0000,0.0000,6,205.82,0.00,2.86,0.1266,-0.0327,12857.2,0.0,188.87,188.87,185.51,185.51,7.17975,14.7063,21.8526,33.9673,51.1983,68.6998,84.048,104.49,200.0,200.0,193.148,184.569,173.786,162.936,144.039,75.6671,38.4509,22.9563,9.88856
73.699,-0.0000,1.0000,0.0000,6,206.26,0.00,2.89,0.1335,-0.0327,12884.2,0.0,189.26,189.26,185.90,185.90,7.1233,14.5907,21.6808,33.7002,50.7957,68.1597,83.3871,103.669,200.0,200.0,191.947,183.422,172.706,161.924,143.288,76.1283,38.6852,23.0962,9.94883
73.724,-0.0000,1.0000,0.0000,6,206.69,0.00,2.91,0.1404,-0.0327,12907.5,0.0,189.66,189.66,186.25,186.25,7.06673,14.4748,21.5086,33.4326,50.3921,67.6184,82.725,102.846,200.0,200.0,190.744,182.273,171.623,160.909,142.527,76.5904,38.9201,23.2364,10.0092
73.742,-0.0000,1.0000,0.0000,6,207.12,0.00,2.94,0.1473,-0.0327,12930.7,0.0,190.06,190.05,186.57,186.57,7.01004,14.3587,21.336,33.1642,49.9877,67.0752,82.0602,102.019,200.0,198.794,189.539,181.121,170.539,159.892,141.755,77.0543,39.1556,23.377,10.0698
73.767,-0.0000,1.0000,0.0000,6,207.55,0.00,2.98,0.1542,-0.0327,12957.5,0.0,190.45,190.45,186.96,186.96,6.95323,14.2423,21.1631,32.8954,49.5824,66.5312,81.3946,101.191,200.0,197.527,188.332,179.967,169.453,158.873,140.973,77.5188,39.3916,23.5178,10.1304
73.786,-0.0000,1.0000,0.0000,6,207.98,0.00,2.99,0.1611,-0.0327,12985.4,0.0,190.84,190.84,187.36,187.36,6.89631,14.1257,20.9898,32.6261,49.1762,65.9866,80.7276,100.363,200.0,196.258,187.122,178.811,168.363,157.852,140.181,77.9843,39.6279,23.6589,10.1912
73.811,-0.0000,1.0000,0.0000,6,208.40,0.00,3.01,0.1680,-0.0327,13013.5,0.0,191.23,191.23,187.77,187.77,6.83927,14.0089,20.8162,32.3561,48.7695,65.4404,80.06,99.5316,200.0,194.986,185.908,177.651,167.272,156.829,139.38,78.4502,39.8648,23.8003,10.2521
73.830,-0.0000,1.0000,0.0000,6,208.82,0.00,3.03,0.1750,-0.0327,13040.2,0.0,191.62,191.62,188.15,188.15,6.78212,13.8918,20.6423,32.0857,48.362,64.8936,79.3909,98.7007,200.0,193.711,184.693,176.49,166.178,155.804,138.569,78.9172,40.1021,23.9419,10.3131
73.855,-0.0000,1.0000,0.0000,6,209.25,0.00,3.05,0.1820,-0.0327,13064.7,0.0,192.01,192.01,188.51,188.51,6.72484,13.7745,20.4679,31.8148,47.9536,64.3456,78.7205,97.8663,200.0,192.433,183.475,175.326,165.083,154.776,137.75,79.3851,40.3398,24.0839,10.3743
73.874,-0.0000,1.0000,0.0000,6,209.68,0.00,3.08,0.1889,-0.0327,13087.1,0.0,192.40,192.40,188.83,188.83,6.66745,13.6569,20.2932,31.5431,47.5439,63.7956,78.0475,97.0302,200.0,191.154,182.255,174.16,163.985,153.747,136.922,79.8548,40.5783,24.2262,10.4355
73.899,-0.0000,1.0000,0.0000,6,210.10,0.00,3.11,0.1959,-0.0327,13113.2,0.0,192.79,192.79,189.21,189.21,6.60994,13.5391,20.1181,31.2709,47.1336,63.245,77.3738,96.1924,199.635,189.872,181.032,172.992,162.885,152.716,136.086,80.3251,40.8172,24.3688,10.4969
73.917,-0.0000,1.0000,0.0000,6,210.52,0.00,3.13,0.2030,-0.0327,13140.2,0.0,193.18,193.18,189.60,189.60,6.55232,13.4211,19.9427,30.9983,46.7225,62.6937,76.6987,95.353,198.284,188.587,179.808,171.822,161.783,151.682,135.242,80.7963,41.0564,24.5116,10.5585
73.942,-0.0000,1.0000,0.0000,6,210.94,0.00,3.14,0.2100,-0.0327,13167.6,0.0,193.57,193.57,189.99,189.99,6.49458,13.3028,19.767,30.7251,46.3108,62.1409,76.0229,94.5119,196.93,187.3,178.58,170.648,160.678,150.646,134.391,81.268,41.2962,24.6548,10.6201
73.961,-0.0000,1.0000,0.0000,6,211.35,0.00,3.16,0.2170,-0.0327,13193.9,0.0,193.95,193.95,190.37,190.37,6.43673,13.1843,19.5909,30.4514,45.8981,61.5874,75.3457,93.67,195.574,186.009,177.35,169.472,159.571,149.609,133.531,81.7407,41.5364,24.7982,10.6819
73.986,-0.0000,1.0000,0.0000,6,211.77,0.00,3.18,0.2241,-0.0327,13218.8,0.0,194.33,194.33,190.74,190.74,6.37876,13.0656,19.4144,30.1771,45.4848,61.0324,74.6666,92.8265,194.214,184.716,176.117,168.295,158.462,148.569,132.664,82.2147,41.7771,24.9418,10.7438
74.005,-0.0000,1.0000,0.0000,6,212.19,0.00,3.21,0.2311,-0.0327,13241.1,0.0,194.72,194.72,191.05,191.05,6.32067,12.9465,19.2376,29.9022,45.0702,60.4762,73.9861,91.9794,192.853,183.422,174.883,167.115,157.351,147.527,131.79,82.6897,42.0184,25.0859,10.8058
74.030,-0.0000,1.0000,0.0000,6,212.61,0.00,3.23,0.2382,-0.0327,13266.7,0.0,195.10,195.10,191.42,191.42,6.26247,12.8273,19.0604,29.6268,44.655,59.919,73.3037,91.1316,191.489,182.124,173.645,165.933,156.238,146.484,130.909,83.1657,42.2601,25.2302,10.8679
74.048,-0.0000,1.0000,0.0000,6,213.03,0.00,3.25,0.2453,-0.0327,13293.1,0.0,195.48,195.48,191.80,191.80,6.20415,12.7079,18.8829,29.3508,44.2391,59.3606,72.6211,90.2822,190.122,180.824,172.405,164.748,155.123,145.438,130.021,83.6426,42.5024,25.3748,10.9302
74.074,-0.0000,1.0000,0.0000,6,213.44,0.00,3.26,0.2524,-0.0327,13319.6,0.0,195.87,195.87,192.18,192.18,6.14572,12.5882,18.7051,29.0743,43.8223,58.8013,71.9367,89.432,188.752,179.521,171.163,163.561,154.005,144.39,129.126,84.1204,42.7451,25.5196,10.9926
74.092,-0.0000,1.0000,0.0000,6,213.85,0.00,3.28,0.2595,-0.0327,13345.4,0.0,196.25,196.25,192.56,192.56,6.08719,12.4683,18.5269,28.7974,43.4049,58.2412,71.2515,88.5793,187.379,178.216,169.919,162.371,152.885,143.34,128.224,84.5986,42.9881,25.6647,11.0551
74.117,-0.0000,1.0000,0.0000,6,214.26,0.00,3.29,0.2667,-0.0327,13369.9,0.0,196.62,196.62,192.92,192.92,6.02853,12.3481,18.3483,28.5198,42.9865,57.6797,70.5644,87.7258,186.004,176.907,168.672,161.18,151.763,142.288,127.316,85.0783,43.2317,25.8101,11.1177
74.136,-0.0000,1.0000,0.0000,6,214.68,0.00,3.31,0.2738,-0.0327,13392.8,0.0,197.00,197.00,193.24,193.24,5.96976,12.2277,18.1694,28.2417,42.567,57.117,69.876,86.8689,184.627,175.598,167.423,159.986,150.639,141.234,126.402,85.559,43.4758,25.9559,11.1805
74.161,-0.0000,1.0000,0.0000,6,215.09,0.00,3.33,0.2810,-0.0327,13418.0,0.0,197.38,197.38,193.61,193.61,5.91087,12.1071,17.9902,27.9631,42.147,56.5533,69.1857,86.0113,183.246,174.285,166.171,158.79,149.513,140.178,125.482,86.0405,43.7204,26.1018,11.2433
74.186,-0.0000,1.0000,0.0000,6,215.49,0.00,3.35,0.2882,-0.0327,13443.7,0.0,197.75,197.75,193.98,193.98,5.85188,11.9862,17.8106,27.6839,41.7261,55.9885,68.4947,85.1521,181.864,172.97,164.917,157.592,148.384,139.12,124.556,86.523,43.9655,26.2481,11.3063
74.205,-0.0000,1.0000,0.0000,6,215.90,0.00,3.36,0.2953,-0.0327,13469.4,0.0,198.13,198.13,194.35,194.35,5.79276,11.8652,17.6307,27.4042,41.3047,55.4226,67.8028,84.2911,180.478,171.652,163.66,156.391,147.254,138.06,123.623,87.0064,44.211,26.3947,11.3695
74.229,-0.0000,1.0000,0.0000,6,216.31,0.00,3.37,0.3025,-0.0327,13494.8,0.0,198.50,198.50,194.71,194.71,5.73354,11.7439,17.4504,27.1239,40.8822,54.8557,67.1092,83.4294,179.089,170.331,162.401,155.188,146.121,136.998,122.685,87.4907,44.457,26.5415,11.4327
74.249,-0.0000,1.0000,0.0000,6,216.71,0.00,3.38,0.3098,-0.0327,13518.7,0.0,198.88,198.88,195.06,195.06,5.67421,11.6223,17.2698,26.8432,40.459,54.2877,66.4142,82.5653,177.699,169.008,161.14,153.983,144.986,135.934,121.741,87.976,44.7034,26.6886,11.496
74.274,-0.0000,1.0000,0.0000,6,217.12,0.00,3.40,0.3170,-0.0327,13542.3,0.0,199.25,199.25,195.40,195.40,5.61476,11.5006,17.0888,26.5619,40.0349,53.7186,65.7179,81.6988,176.305,167.683,159.877,152.776,143.849,134.868,120.791,88.4592,44.9503,26.8359,11.5595
74.293,-0.0000,1.0000,0.0000,6,217.52,0.00,3.41,0.3242,-0.0327,13567.1,0.0,199.62,199.62,195.76,195.76,5.55521,11.3786,16.9075,26.2801,39.6101,53.1485,65.0204,80.8315,174.91,166.355,158.611,151.566,142.71,133.8,119.836,88.8135,45.1977,26.9836,11.6231
74.317,-0.0000,1.0000,0.0000,6,217.93,0.00,3.43,0.3315,-0.0327,13592.1,0.0,199.99,199.99,196.12,196.12,5.49554,11.2563,16.7259,25.9977,39.1845,52.5774,64.3216,79.9626,173.512,165.025,157.342,150.354,141.569,132.73,118.878,89.0096,45.4455,27.1315,11.6868
74.336,-0.0000,1.0000,0.0000,6,218.33,0.00,3.44,0.3388,-0.0327,13617.2,0.0,200.36,200.36,196.48,196.48,5.43576,11.1339,16.5439,25.7149,38.7581,52.0051,63.6214,79.092,172.11,163.693,156.072,149.14,140.426,131.659,117.918,89.0845,45.6939,27.2798,11.7507
74.361,-0.0000,1.0000,0.0000,6,218.73,0.00,3.45,0.3461,-0.0327,13642.0,0.0,200.73,200.73,196.84,196.84,5.37587,11.0112,16.3616,25.4315,38.3309,51.4319,62.92,78.2206,170.706,162.358,154.799,147.923,139.28,130.585,116.956,89.0626,45.9426,27.4282,11.8146
74.380,-0.0000,1.0000,0.0000,6,219.13,0.00,3.46,0.3534,-0.0327,13665.6,0.0,201.10,201.10,197.18,197.18,5.31587,10.8883,16.179,25.1476,37.9029,50.8575,62.2173,77.3469,169.3,161.02,153.523,146.705,138.133,129.509,115.992,88.9609,46.1919,27.577,11.8787
74.405,-0.0000,1.0000,0.0000,6,219.53,0.00,3.47,0.3607,-0.0327,13689.5,0.0,201.47,201.47,197.52,197.52,5.25576,10.7652,15.996,24.8631,37.4742,50.2822,61.5133,76.4709,167.891,159.68,152.246,145.484,136.983,128.431,115.027,88.7919,46.4415,27.7261,11.9428
74.424,-0.0000,1.0000,0.0000,6,219.93,0.00,3.48,0.3680,-0.0327,13713.9,0.0,201.83,201.83,197.88,197.88,5.19554,10.6418,15.8127,24.5782,37.0447,49.7058,60.8081,75.594,166.48,158.338,150.966,144.261,135.832,127.351,114.06,88.565,46.6917,27.8754,12.0071
74.448,-0.0000,1.0000,0.0000,6,220.32,0.00,3.49,0.3753,-0.0327,13738.3,0.0,202.20,202.20,198.23,198.23,5.13521,10.5182,15.6291,24.2927,36.6143,49.1283,60.1015,74.7155,165.066,156.993,149.684,143.035,134.678,126.269,113.091,88.2877,46.9423,28.025,12.0716
74.467,-0.0000,1.0000,0.0000,6,220.72,0.00,3.49,0.3827,-0.0327,13762.7,0.0,202.56,202.56,198.58,198.58,5.07476,10.3944,15.4451,24.0067,36.1832,48.5498,59.3937,73.8354,163.649,155.646,148.399,141.808,133.522,125.186,112.12,87.9657,47.1934,28.1748,12.1361
74.492,-0.0000,1.0000,0.0000,6,221.11,0.00,3.50,0.3900,-0.0327,13786.9,0.0,202.93,202.93,198.93,198.93,5.01422,10.2704,15.2608,23.7202,35.7514,47.9702,58.6846,72.9538,162.23,154.296,147.113,140.578,132.364,124.1,111.148,87.6038,47.4449,28.3249,12.2008
74.511,-0.0000,1.0000,0.0000,6,221.51,0.00,3.51,0.3974,-0.0327,13810.7,0.0,203.29,203.29,199.27,199.27,4.95355,10.1461,15.0762,23.4332,35.3185,47.3896,57.9742,72.0705,160.809,152.944,145.823,139.346,131.204,123.012,110.174,87.206,47.6969,28.4754,12.2655
74.536,-0.0000,1.0000,0.0000,6,221.90,0.00,3.51,0.4048,-0.0327,13834.6,0.0,203.65,203.65,199.62,199.62,4.89278,10.0216,14.8912,23.1457,34.8851,46.8079,57.2622,71.1858,159.385,151.59,144.532,138.112,130.042,121.923,109.198,86.7756,47.9493,28.626,12.3304
74.554,-0.0000,1.0000,0.0000,6,222.29,0.00,3.52,0.4122,-0.0327,13858.4,0.0,204.01,204.01,199.96,199.96,4.83191,9.89695,14.7059,22.8577,34.4509,46.2253,56.5494,70.2995,157.958,150.233,143.238,136.876,128.878,120.832,108.22,86.3152,48.2022,28.777,12.3954
74.579,-0.0000,1.0000,0.0000,6,222.69,0.00,3.53,0.4196,-0.0327,13882.3,0.0,204.37,204.37,200.31,200.31,4.77092,9.77202,14.5202,22.5691,34.016,45.6413,55.8352,69.4185,156.529,148.873,141.942,135.637,127.712,119.739,107.241,85.8276,48.4556,28.9282,12.4605
74.599,-0.0000,1.0000,0.0000,6,223.08,0.00,3.53,0.4271,-0.0327,13906.0,0.0,204.73,204.73,200.65,200.65,4.70983,9.64688,14.3343,22.28,33.5802,45.0566,55.1198,68.569,155.097,147.511,140.644,134.397,126.544,118.643,106.26,85.3143,48.7094,29.0796,12.5258
74.624,-0.0000,1.0000,0.0000,6,223.47,0.00,3.53,0.4345,-0.0327,13929.7,0.0,205.09,205.09,200.99,200.99,4.64863,9.52153,14.148,21.9904,33.1438,44.4709,54.4032,67.7607,153.663,146.147,139.343,133.154,125.374,117.546,105.278,84.7775,48.9636,29.2314,12.5911
74.642,-0.0000,1.0000,0.0000,6,223.85,0.00,3.53,0.4420,-0.0327,13953.9,0.0,205.44,205.44,201.34,201.34,4.58733,9.39595,13.9614,21.7004,32.7066,43.8842,53.6854,67.009,152.226,144.781,138.04,131.909,124.201,116.447,104.293,84.2186,49.2183,29.3834,12.6566
74.667,-0.0000,1.0000,0.0000,6,224.24,0.00,3.54,0.4494,-0.0327,13977.5,0.0,205.80,205.80,201.68,201.68,4.52591,9.27015,13.7745,21.4098,32.2685,43.2964,52.9663,66.3363,150.787,143.412,136.735,130.662,123.027,115.346,103.307,83.6391,49.4734,29.5357,12.7222
74.687,-0.0000,1.0000,0.0000,6,224.63,0.00,3.54,0.4569,-0.0327,14000.7,0.0,206.16,206.16,202.01,202.01,4.46439,9.14412,13.5872,21.1187,31.8297,42.7076,52.2459,65.785,149.345,142.041,135.428,129.412,121.851,114.243,102.319,83.0401,49.729,29.6883,12.7879
74.711,-0.0000,1.0000,0.0000,6,225.01,0.00,3.54,0.4644,-0.0327,14023.9,0.0,206.51,206.51,202.35,202.35,4.40275,9.01787,13.3996,20.8271,31.3901,42.1178,51.5242,65.4608,147.901,140.668,134.118,128.161,120.672,113.138,101.33,82.4228,49.985,29.8411,12.8537
74.737,-0.0000,1.0000,0.0000,6,225.40,0.00,3.54,0.4719,-0.0327,14047.1,0.0,206.86,206.86,202.69,202.69,4.34102,8.89142,13.2117,20.535,30.9498,41.527,50.801,65.9312,146.455,139.292,132.806,126.908,119.492,112.031,100.338,81.7882,50.2415,29.9941,12.9196
74.754,-0.0000,1.0000,0.0000,6,225.78,0.00,3.54,0.4795,-0.0327,14071.3,0.0,207.22,207.22,203.03,203.03,4.27918,8.76475,13.0234,20.2423,30.5088,40.9349,50.077,152.879,145.006,137.913,131.492,125.652,118.31,110.923,99.3455,81.1374,50.4985,30.1475,12.9856
74.779,-0.0000,1.0000,0.0000,6,226.16,0.00,3.54,0.4870,-0.0327,14095.1,0.0,207.57,207.57,203.38,203.38,4.21724,8.63787,12.8349,19.9493,30.067,40.3421,49.3517,151.348,143.554,136.533,130.176,124.394,117.125,109.812,98.351,80.4707,50.7557,30.3011,13.0518
74.798,-0.0000,1.0000,0.0000,6,226.54,0.00,3.53,0.4945,-0.0327,14118.0,0.0,207.92,207.92,203.71,203.71,4.15519,8.51076,12.646,19.6557,29.6245,39.7483,48.6252,149.815,142.1,135.15,128.857,123.134,115.939,108.7,97.3546,79.7891,51.0136,30.4549,13.118
74.824,-0.0000,1.0000,0.0000,6,226.93,0.00,3.54,0.5021,-0.0327,14140.7,0.0,208.27,208.27,204.03,204.03,4.09303,8.38344,12.4568,19.3616,29.1812,39.1535,47.8975,148.28,140.643,133.764,127.537,121.871,114.75,107.586,96.3567,79.0934,51.2718,30.609,13.1844
74.842,-0.0000,1.0000,0.0000,6,227.31,0.00,3.53,0.5097,-0.0327,14163.3,0.0,208.62,208.62,204.36,204.36,4.03076,8.25591,12.2673,19.067,28.7372,38.5577,47.1686,146.742,139.185,132.377,126.213,120.607,113.56,106.47,95.3571,78.3839,51.5305,30.7635,13.2509
74.867,-0.0000,1.0000,0.0000,6,227.69,0.00,3.53,0.5173,-0.0327,14186.0,0.0,208.97,208.97,204.69,204.69,3.9684,8.12815,12.0775,18.772,28.2923,37.9608,46.438,145.201,137.723,130.987,124.889,119.341,112.368,105.352,94.3557,77.6615,51.7896,30.9181,13.3175
74.886,-0.0000,1.0000,0.0000,6,228.06,0.00,3.52,0.5249,-0.0327,14211.4,0.0,209.31,209.31,205.06,205.06,3.90593,8.00019,11.8874,18.4764,27.8468,37.363,45.707,143.658,136.259,129.595,123.561,118.072,111.173,104.232,93.3528,76.9267,52.011,31.073,13.3842
74.911,-0.0000,1.0000,0.0000,6,228.44,0.00,3.51,0.5325,-0.0327,14234.0,0.0,209.66,209.66,205.38,205.38,3.84335,7.87202,11.6969,18.1804,27.4006,36.7643,44.9744,142.112,134.793,128.2,122.231,116.802,109.977,103.11,92.3482,76.1798,52.1494,31.2282,13.451
74.929,-0.0000,1.0000,0.0000,6,228.81,0.00,3.51,0.5401,-0.0327,14256.2,0.0,210.01,210.01,205.70,205.70,3.78066,7.74362,11.5061,17.8838,26.9535,36.1644,44.2403,140.564,133.324,126.803,120.899,115.529,108.778,101.986,91.3418,75.4212,52.2158,31.3836,13.5179
74.954,-0.0000,1.0000,0.0000,6,229.19,0.00,3.51,0.5477,-0.0327,14278.3,0.0,210.35,210.35,206.02,206.02,3.71787,7.61501,11.315,17.5867,26.5058,35.5634,43.5052,139.013,131.853,125.404,119.565,114.254,107.578,100.861,90.3339,74.6517,52.219,31.5393,13.585
74.974,-0.0000,1.0000,0.0000,6,229.56,0.00,3.50,0.5554,-0.0327,14300.5,0.0,210.69,210.69,206.34,206.34,3.65498,7.48619,11.1236,17.2891,26.0573,34.9616,42.769,137.46,130.38,124.003,118.229,112.977,106.376,99.734,89.3244,73.871,52.1662,31.6953,13.6521
74.999,-0.0000,1.0000,0.0000,6,229.94,0.00,3.49,0.5630,-0.0327,14324.0,0.0,211.04,211.04,206.68,206.68,3.592,7.35716,10.9319,16.9912,25.608,34.3589,42.0313,135.903,128.904,122.599,116.891,111.699,105.172,98.605,88.3131,73.08,52.063,31.8515,13.7194
75.017,-0.0000,1.0000,0.0000,6,230.31,0.00,3.47,0.5707,-0.0327,14348.8,0.0,211.38,211.38,207.04,207.04,3.5289,7.22794,10.7398,16.6927,25.1583,33.7552,41.2931,134.345,127.426,121.193,115.55,110.417,103.966,97.474,87.3002,72.2788,51.9144,32.0079,13.7868
75.042,-0.0000,1.0000,0.0000,6,230.68,0.00,3.46,0.5784,-0.0327,14370.5,0.0,211.72,211.72,207.35,207.35,3.4657,7.09847,10.5475,16.3937,24.7076,33.1505,40.5705,132.784,125.945,119.785,114.207,109.134,102.758,96.3413,86.2857,71.4678,51.7246,32.1646,13.8543
75.061,-0.0000,1.0000,0.0000,6,231.05,0.00,3.46,0.5861,-0.0327,14392.1,0.0,212.06,212.06,207.66,207.66,3.4024,6.96881,10.3548,16.0942,24.2561,32.5448,39.9046,131.22,124.462,118.374,112.863,107.849,101.547,95.2067,85.2695,70.6475,51.4969,32.3216,13.9219
75.086,-0.0000,1.0000,0.0000,6,231.42,0.00,3.45,0.5938,-0.0327,14413.7,0.0,212.40,212.40,207.97,207.97,3.339,6.83895,10.1618,15.7942,23.804,31.9379,39.3165,129.654,122.976,116.961,111.516,106.562,100.335,94.0704,84.2517,69.8179,51.2344,32.4788,13.9896
75.105,-0.0000,1.0000,0.0000,6,231.79,0.00,3.44,0.6015,-0.0327,14435.5,0.0,212.74,212.74,208.29,208.29,3.27549,6.70886,9.96852,15.4938,23.351,31.3303,38.8377,128.086,121.489,115.547,110.167,105.273,99.1216,92.9323,83.2324,68.9792,50.9397,32.6363,14.0574
75.129,-0.0000,1.0000,0.0000,6,232.15,0.00,3.41,0.6093,-0.0327,14462.3,0.0,213.08,213.08,208.68,208.68,3.21188,6.57858,9.77492,15.1928,22.8976,30.7217,38.5299,126.514,119.998,114.129,108.815,103.981,97.9055,91.7921,82.2113,68.1335,50.6148,32.794,14.1253
75.149,-0.0000,1.0000,0.0000,6,232.52,0.00,3.39,0.6170,-0.0327,14483.6,0.0,213.42,213.42,208.99,208.99,3.14818,6.44809,9.58102,14.8914,22.4433,30.1122,38.5504,124.941,118.506,112.709,107.461,102.688,96.6873,90.6504,81.1885,67.2858,50.2621,32.952,14.1933
75.173,-0.0000,1.0000,0.0000,6,232.89,0.00,3.38,0.6248,-0.0327,14504.8,0.0,213.75,213.75,209.29,209.29,3.08436,6.31738,9.38679,14.5896,21.9883,29.5016,40.0175,123.365,117.011,111.288,106.106,101.393,95.4678,89.5069,80.1645,66.4369,49.883,33.1098,14.2615
75.193,-0.0000,1.0000,0.0000,6,233.26,0.00,3.38,0.6326,-0.0328,14525.7,0.0,214.09,214.09,209.59,209.59,3.02046,6.18648,9.19229,14.2872,21.5325,28.8902,131.824,121.786,115.514,109.864,104.748,100.095,94.2462,88.3614,79.1385,65.5867,49.4794,33.2361,14.3297
75.217,-0.0000,1.0000,0.0000,6,233.62,0.00,3.36,0.6404,-0.0328,14547.0,0.0,214.43,214.43,209.90,209.90,2.95644,6.05536,8.99745,13.9844,21.0761,28.2776,130.113,120.205,114.014,108.437,103.388,98.7957,93.0226,87.2142,78.1112,64.7352,49.0526,33.315,14.3981
75.236,-0.0000,1.0000,0.0000,6,233.98,0.00,3.35,0.6482,-0.0328,14571.3,0.0,214.76,214.76,210.24,210.24,2.89233,5.92403,8.80231,13.681,20.6189,27.6726,128.399,118.622,112.512,107.009,102.027,97.4941,91.7972,86.0653,77.0821,63.8824,48.6036,33.3501,14.4665
75.261,-0.0000,1.0000,0.0000,6,234.34,0.00,3.31,0.6560,-0.0328,14595.8,0.0,215.09,215.09,210.60,210.60,2.82811,5.79251,8.60689,13.3773,20.1611,27.1275,126.682,117.035,111.008,105.578,100.662,96.1907,90.5698,84.9143,76.0513,63.028,48.1338,33.3447,14.5351
75.286,-0.0000,1.0000,0.0000,6,234.71,0.00,3.29,0.6638,-0.0328,14616.2,0.0,215.43,215.43,210.90,210.90,2.7638,5.66078,8.41114,13.073,19.7025,26.6686,124.963,115.447,109.501,104.145,99.2958,94.8849,89.3403,83.762,75.0191,62.1725,47.6441,33.3017,14.6038
75.304,-0.0000,1.0000,0.0000,6,235.07,0.00,3.28,0.6716,-0.0328,14636.7,0.0,215.76,215.76,211.19,211.19,2.69939,5.52885,8.2151,12.7683,19.2433,26.329,123.241,113.856,107.992,102.71,97.9274,93.5773,88.1092,82.6076,73.9853,61.3157,47.1357,33.2237,14.6726
75.329,-0.0000,1.0000,0.0000,6,235.43,0.00,3.27,0.6795,-0.0328,14657.2,0.0,216.09,216.09,211.49,211.49,2.63488,5.3967,8.01875,12.4631,18.7832,26.1689,121.517,112.263,106.481,101.273,96.5571,92.2679,86.8763,81.4515,72.9497,60.4575,46.6092,33.1127,14.7415
75.349,-0.0000,1.0000,0.0000,6,235.79,0.00,3.25,0.6873,-0.0328,14678.3,0.0,216.42,216.42,211.79,211.79,2.57026,5.26435,7.82209,12.1575,18.3224,26.3239,119.789,110.668,104.968,99.8332,95.1847,90.9565,85.6413,80.2937,71.9128,59.5981,46.0655,32.9708,14.8105
75.373,-0.0000,1.0000,0.0000,6,236.14,0.00,3.21,0.6952,-0.0328,14706.6,0.0,216.75,216.75,212.20,212.20,2.50556,5.13183,7.62517,11.8514,17.8613,27.3333,118.059,109.069,103.451,98.3911,93.8097,89.6424,84.4041,79.1338,70.874,58.7372,45.5053,32.7997,14.8796
75.392,-0.0000,1.0000,0.0000,6,236.50,0.00,3.18,0.7031,-0.0328,14726.4,0.0,217.07,217.07,212.49,212.49,2.44075,4.99908,7.42792,11.5448,17.4005,128.45,116.326,107.468,101.933,96.9471,92.4329,88.327,83.1653,77.9725,69.8337,57.8752,44.9292,32.601,14.9488
75.417,-0.0000,1.0000,0.0000,6,236.86,0.00,3.16,0.7110,-0.0328,14746.4,0.0,217.40,217.40,212.78,212.78,2.37584,4.86613,7.23036,11.2377,16.9876,126.534,114.591,105.865,100.413,95.5009,91.0542,87.0093,81.9249,76.8093,68.7921,57.0118,44.338,32.3762,15.0181
75.436,-0.0000,1.0000,0.0000,6,237.21,0.00,3.15,0.7189,-0.0328,14766.4,0.0,217.73,217.73,213.07,213.07,2.31083,4.73297,7.03251,10.9302,16.6576,124.615,112.853,104.26,98.89,94.053,89.6734,85.6899,80.6825,75.6445,67.7489,56.1471,43.7321,32.1267,15.0875
75.461,-0.0000,1.0000,0.0000,6,237.57,0.00,3.13,0.7268,-0.0328,14786.8,0.0,218.06,218.06,213.36,213.36,2.24572,4.59962,6.83436,10.6222,16.4356,122.694,111.114,102.652,97.3649,92.6023,88.2904,84.3684,79.4383,74.4779,66.7039,55.2812,43.1122,31.8534,15.157
75.479,-0.0000,1.0000,0.0000,6,237.92,0.00,3.09,0.7347,-0.0328,14814.5,0.0,218.38,218.38,213.75,213.75,2.18052,4.46607,6.63592,10.3138,16.3613,120.769,109.37,101.042,95.8375,91.1495,86.9052,83.0447,78.192,73.3095,65.6574,54.4138,42.4783,31.5577,15.2267
75.505,-0.0000,1.0000,0.0000,6,238.27,0.00,3.04,0.7427,-0.0328,14835.7,0.0,218.70,218.70,214.07,214.07,2.11521,4.33231,6.43718,10.005,16.5063,118.841,107.624,99.4289,94.3076,89.6945,85.5181,81.7193,76.9436,72.139,64.6094,53.5451,41.8314,31.2402,15.2885
75.523,-0.0000,1.0000,0.0000,6,238.62,0.00,3.02,0.7506,-0.0328,14854.9,0.0,219.03,219.03,214.34,214.34,2.04982,4.19837,6.23815,9.72813,17.0299,116.911,105.876,97.8136,92.7754,88.2374,84.1289,80.3917,75.6938,70.9675,63.5599,52.6753,41.1719,30.9023,15.3304
75.548,-0.0000,1.0000,0.0000,6,238.98,0.00,3.01,0.7586,-0.0328,14874.3,0.0,219.35,219.35,214.62,214.62,1.98432,4.06421,6.03881,9.51984,18.5027,114.978,104.126,96.1965,91.2418,86.7785,82.7378,79.0624,74.442,69.7938,62.5088,51.8043,40.5001,30.5446,15.3526
75.567,-0.0000,1.0000,0.0000,6,239.33,0.00,2.94,0.7666,-0.0328,14894.4,0.0,219.67,219.67,214.91,214.91,1.91873,3.92986,5.83976,9.39369,140.588,113.042,102.373,94.5767,89.7053,85.3175,81.3447,77.7312,73.1888,68.6187,61.4561,50.9319,39.8188,30.1678,15.3556
75.592,-0.0000,1.0000,0.0000,6,239.68,0.00,2.87,0.7746,-0.0328,14919.5,0.0,219.99,219.99,215.25,215.25,1.85304,3.79531,5.67078,9.36883,138.178,111.104,100.617,92.955,88.1671,83.8542,79.9497,76.3981,71.9335,67.4417,60.4021,50.0583,39.1357,29.7728,15.3397
75.611,-0.0000,1.0000,0.0000,6,240.01,0.00,2.70,0.7826,-0.0328,14957.0,0.0,220.30,220.30,215.82,215.82,1.78725,3.668,5.5535,9.47261,135.761,109.161,98.8575,91.3296,86.6256,82.3881,78.5519,75.0622,70.6759,66.2626,59.3461,49.1831,38.4516,29.36,15.3055
75.636,-0.0000,1.0000,0.0000,6,240.37,0.00,2.50,0.7906,-0.0328,14970.2,0.0,220.60,220.61,216.01,216.01,1.72142,3.57423,5.49424,9.74819,133.345,107.218,97.0977,89.7034,85.0832,80.9211,77.1531,73.7257,69.4172,65.0826,58.2892,48.3072,37.7667,28.9303,15.2534
75.654,-0.0000,1.0000,0.0000,6,240.73,-0.00,2.09,0.7978,-0.0302,14990.3,0.0,220.89,220.89,216.30,216.30,1.67185,3.53068,5.51994,10.3071,130.922,105.268,95.3307,88.0703,83.5337,79.4473,75.7476,72.3824,68.1523,63.8964,57.2264,47.426,37.0773,28.4803,15.1793
