time,steer,accel,brake,gear,speedX,trackPos,angle,rpm,damage,track_0,track_1,track_2,track_3,track_4,track_5,track_6,track_7,track_8,track_9,track_10,track_11,track_12,track_13,track_14,track_15,track_16,track_17,track_18
0.019,-0.0000,0.0000,0.0000,2.0,-0.01,0.3334,0.0082,5235.99,0.0,5.70304,12.6267,22.455,140.486,90.9268,77.357,71.6721,67.3518,64.5773,62.0267,59.6744,57.4982,54.7119,51.8501,47.2417,40.0655,31.0431,22.7658,11.2227
0.043,-0.0000,0.0000,0.0000,3.0,-0.01,0.3334,0.0082,5235.99,0.0,5.70304,12.6267,22.455,140.486,90.9268,77.357,71.6721,67.3518,64.5773,62.0267,59.6744,57.4982,54.7119,51.8501,47.2417,40.0655,31.0431,22.7658,11.2227
0.063,-0.0000,0.0000,0.0000,4.0,-0.01,0.3334,0.0082,5235.99,0.0,5.70304,12.6267,22.455,140.486,90.9268,77.357,71.6721,67.3518,64.5773,62.0267,59.6744,57.4982,54.7119,51.8501,47.2417,40.0655,31.0431,22.7658,11.2227
0.081,-0.0000,0.0000,0.0000,5.0,-0.01,0.3334,0.0082,5235.99,0.0,5.70304,12.6267,22.455,140.486,90.9268,77.357,71.6721,67.3518,64.5773,62.0267,59.6744,57.4982,54.7119,51.8501,47.2417,40.0655,31.0431,22.7658,11.2227
0.101,-0.0000,0.0000,0.0000,6,-0.01,0.3334,0.0082,5235.99,0.0,5.70304,12.6267,22.455,140.486,90.9268,77.357,71.6721,67.3518,64.5773,62.0267,59.6744,57.4982,54.7119,51.8501,47.2417,40.0655,31.0431,22.7658,11.2227
0.118,-0.0000,0.0000,0.0000,6,-0.01,0.3334,0.0082,5235.99,0.0,5.70304,12.6267,22.455,140.486,90.9268,77.357,71.6721,67.3518,64.5773,62.0267,59.6744,57.4982,54.7119,51.8501,47.2417,40.0655,31.0431,22.7658,11.2227
0.143,-0.0000,0.0000,0.0000,6,-0.01,0.3334,0.0082,5235.99,0.0,5.70304,12.6267,22.455,140.486,90.9268,77.357,71.6721,67.3518,64.5773,62.0267,59.6744,57.4982,54.7119,51.8501,47.2417,40.0655,31.0431,22.7658,11.2227
0.162,-0.0000,0.0000,0.0000,6,-0.01,0.3334,0.0082,5235.99,0.0,5.70304,12.6267,22.455,140.486,90.9268,77.357,71.6721,67.3518,64.5773,62.0267,59.6744,57.4982,54.7119,51.8501,47.2417,40.0655,31.0431,22.7658,11.2227
0.181,-0.0000,0.0000,0.0000,6,-0.01,0.3334,0.0082,5235.99,0.0,5.70304,12.6267,22.455,140.486,90.9268,77.357,71.6721,67.3518,64.5773,62.0267,59.6744,57.4982,54.7119,51.8501,47.2417,40.0655,31.0431,22.7658,11.2227
0.200,-0.0000,0.0000,0.0000,6,-0.01,0.3334,0.0082,5235.99,0.0,5.70304,12.6267,22.455,140.486,90.9268,77.357,71.6721,67.3518,64.5773,62.0267,59.6744,57.4982,54.7119,51.8501,47.2417,40.0655,31.0431,22.7658,11.2227
0.218,-0.0000,0.0000,0.0000,6,-0.01,0.3334,0.0082,5235.99,0.0,5.70304,12.6267,22.455,140.486,90.9268,77.357,71.6721,67.3518,64.5773,62.0267,59.6744,57.4982,54.7119,51.8501,47.2417,40.0655,31.0431,22.7658,11.2227
0.243,-0.0000,0.0000,0.0000,6,-0.01,0.3334,0.0082,5235.99,0.0,5.70304,12.6267,22.455,140.486,90.9268,77.357,71.6721,67.3518,64.5773,62.0267,59.6744,57.4982,54.7119,51.8501,47.2417,40.0655,31.0431,22.7658,11.2227
0.263,-0.0000,0.0000,0.0000,6,-0.01,0.3334,0.0082,5235.99,0.0,5.70304,12.6267,22.455,140.486,90.9268,77.357,71.6721,67.3518,64.5773,62.0267,59.6744,57.4982,54.7119,51.8501,47.2417,40.0655,31.0431,22.7658,11.2227
0.281,-0.0000,0.0000,0.0000,6,-0.01,0.3334,0.0082,5235.99,0.0,5.70304,12.6267,22.455,140.486,90.9268,77.357,71.6721,67.3518,64.5773,62.0267,59.6744,57.4982,54.7119,51.8501,47.2417,40.0655,31.0431,22.7658,11.2227
0.300,-0.0000,0.0000,0.0000,6,-0.01,0.3334,0.0082,5235.99,0.0,5.70304,12.6267,22.455,140.486,90.9268,77.357,71.6721,67.3518,64.5773,62.0267,59.6744,57.4982,54.7119,51.8501,47.2417,40.0655,31.0431,22.7658,11.2227
0.319,-0.0000,0.0000,0.0000,6,-0.01,0.3334,0.0082,5235.99,0.0,5.70304,12.6267,22.455,140.486,90.9268,77.357,71.6721,67.3518,64.5773,62.0267,59.6744,57.4982,54.7119,51.8501,47.2417,40.0655,31.0431,22.7658,11.2227
0.345,-0.0000,0.0000,0.0000,6,-0.01,0.3334,0.0082,5235.99,0.0,5.70304,12.6267,22.455,140.486,90.9268,77.357,71.6721,67.3518,64.5773,62.0267,59.6744,57.4982,54.7119,51.8501,47.2417,40.0655,31.0431,22.7658,11.2227
0.363,-0.0000,1.0000,0.0000,6,-0.01,0.3334,0.0082,5235.99,0.0,5.70304,12.6267,22.455,140.486,90.9268,77.357,71.6721,67.3518,64.5773,62.0267,59.6744,57.4982,54.7119,51.8501,47.2417,40.0655,31.0431,22.7658,11.2227
0.381,-0.0000,1.0000,0.0000,6,-0.01,0.3334,0.0082,5386.69,0.0,5.70304,12.6267,22.455,140.486,90.9268,77.357,71.6721,67.3518,64.5773,62.0267,59.6744,57.4982,54.7119,51.8501,47.2417,40.0655,31.0431,22.7658,11.2227
0.400,-0.0000,1.0000,0.0000,6,-0.01,0.3334,0.0082,5542.21,0.0,5.70304,12.6267,22.455,140.486,90.9268,77.357,71.6721,67.3518,64.5773,62.0267,59.6744,57.4982,54.7119,51.8501,47.2417,40.0655,31.0431,22.7658,11.2227
0.419,-0.0000,1.0000,0.0000,6,-0.01,0.3334,0.0082,5702.71,0.0,5.70304,12.6267,22.455,140.486,90.9268,77.357,71.6721,67.3518,64.5773,62.0267,59.6744,57.4982,54.7119,51.8501,47.2417,40.0655,31.0431,22.7658,11.2227
0.444,-0.0000,1.0000,0.0000,6,-0.01,0.3334,0.0082,5868.34,0.0,5.70304,12.6267,22.455,140.486,90.9268,77.357,71.6721,67.3518,64.5773,62.0267,59.6744,57.4982,54.7119,51.8501,47.2417,40.0655,31.0431,22.7658,11.2227
0.463,-0.0000,1.0000,0.0000,6,-0.01,0.3334,0.0082,6039.26,0.0,5.70304,12.6267,22.455,140.486,90.9268,77.357,71.6721,67.3518,64.5773,62.0267,59.6744,57.4982,54.7119,51.8501,47.2417,40.0655,31.0431,22.7658,11.2227
0.482,-0.0000,1.0000,0.0000,6,-0.01,0.3334,0.0082,6215.65,0.0,5.70304,12.6267,22.455,140.486,90.9268,77.357,71.6721,67.3518,64.5773,62.0267,59.6744,57.4982,54.7119,51.8501,47.2417,40.0655,31.0431,22.7658,11.2227
0.500,-0.0000,1.0000,0.0000,6,-0.01,0.3334,0.0082,6397.68,0.0,5.70304,12.6267,22.455,140.486,90.9268,77.357,71.6721,67.3518,64.5773,62.0267,59.6744,57.4982,54.7119,51.8501,47.2417,40.0655,31.0431,22.7658,11.2227
0.519,-0.0000,1.0000,0.0000,6,-0.01,0.3334,0.0082,6585.53,0.0,5.70304,12.6267,22.455,140.486,90.9268,77.357,71.6721,67.3518,64.5773,62.0267,59.6744,57.4982,54.7119,51.8501,47.2417,40.0655,31.0431,22.7658,11.2227
0.545,-0.0000,1.0000,0.0000,6,-0.01,0.3334,0.0082,6779.4,0.0,5.70304,12.6267,22.455,140.486,90.9268,77.357,71.6721,67.3518,64.5773,62.0267,59.6744,57.4982,54.7119,51.8501,47.2417,40.0655,31.0431,22.7658,11.2227
0.563,-0.0000,1.0000,0.0000,6,-0.01,0.3334,0.0082,6979.46,0.0,5.70304,12.6267,22.455,140.486,90.9268,77.357,71.6721,67.3518,64.5773,62.0267,59.6744,57.4982,54.7119,51.8501,47.2417,40.0655,31.0431,22.7658,11.2227
0.581,-0.0000,1.0000,0.0000,6,-0.01,0.3334,0.0082,7185.91,0.0,5.70304,12.6267,22.455,140.486,90.9268,77.357,71.6721,67.3518,64.5773,62.0267,59.6744,57.4982,54.7119,51.8501,47.2417,40.0655,31.0431,22.7658,11.2227
0.600,-0.0000,1.0000,0.0000,6,-0.01,0.3334,0.0082,7398.97,0.0,5.70304,12.6267,22.455,140.486,90.9268,77.357,71.6721,67.3518,64.5773,62.0267,59.6744,57.4982,54.7119,51.8501,47.2417,40.0655,31.0431,22.7658,11.2227
0.619,-0.0000,1.0000,0.0000,6,-0.01,0.3334,0.0082,7618.85,0.0,5.70304,12.6267,22.455,140.486,90.9268,77.357,71.6721,67.3518,64.5773,62.0267,59.6744,57.4982,54.7119,51.8501,47.2417,40.0655,31.0431,22.7658,11.2227
0.644,-0.0000,1.0000,0.0000,6,-0.01,0.3334,0.0082,7845.75,0.0,5.70304,12.6267,22.455,140.486,90.9268,77.357,71.6721,67.3518,64.5773,62.0267,59.6744,57.4982,54.7119,51.8501,47.2417,40.0655,31.0431,22.7658,11.2227
0.663,-0.0000,1.0000,0.0000,6,-0.01,0.3334,0.0082,8079.91,0.0,5.70304,12.6267,22.455,140.486,90.9268,77.357,71.6721,67.3518,64.5773,62.0267,59.6744,57.4982,54.7119,51.8501,47.2417,40.0655,31.0431,22.7658,11.2227
0.681,-0.0000,1.0000,0.0000,6,-0.01,0.3334,0.0082,8321.56,0.0,5.70304,12.6267,22.455,140.486,90.9268,77.357,71.6721,67.3518,64.5773,62.0267,59.6744,57.4982,54.7119,51.8501,47.2417,40.0655,31.0431,22.7658,11.2227
0.700,-0.0000,1.0000,0.0000,6,-0.01,0.3334,0.0082,8570.94,0.0,5.70304,12.6267,22.455,140.486,90.9268,77.357,71.6721,67.3518,64.5773,62.0267,59.6744,57.4982,54.7119,51.8501,47.2417,40.0655,31.0431,22.7658,11.2227
0.719,-0.0000,1.0000,0.0000,6,-0.01,0.3334,0.0082,8828.3,0.0,5.70304,12.6267,22.455,140.486,90.9268,77.357,71.6721,67.3518,64.5773,62.0267,59.6744,57.4982,54.7119,51.8501,47.2417,40.0655,31.0431,22.7658,11.2227
0.743,-0.0000,1.0000,0.0000,6,-0.01,0.3334,0.0082,9093.88,0.0,5.70304,12.6267,22.455,140.486,90.9268,77.357,71.6721,67.3518,64.5773,62.0267,59.6744,57.4982,54.7119,51.8501,47.2417,40.0655,31.0431,22.7658,11.2227
0.763,-0.0000,1.0000,0.0000,6,-0.01,0.3334,0.0082,9367.96,0.0,5.70304,12.6267,22.455,140.486,90.9268,77.357,71.6721,67.3518,64.5773,62.0267,59.6744,57.4982,54.7119,51.8501,47.2417,40.0655,31.0431,22.7658,11.2227
0.781,-0.0000,1.0000,0.0000,6,-0.01,0.3334,0.0082,9648.33,0.0,5.70304,12.6267,22.455,140.486,90.9268,77.357,71.6721,67.3518,64.5773,62.0267,59.6744,57.4982,54.7119,51.8501,47.2417,40.0655,31.0431,22.7658,11.2227
0.800,-0.0000,1.0000,0.0000,6,-0.01,0.3334,0.0082,9928.97,0.0,5.70304,12.6267,22.455,140.486,90.9268,77.357,71.6721,67.3518,64.5773,62.0267,59.6744,57.4982,54.7119,51.8501,47.2417,40.0655,31.0431,22.7658,11.2227
0.819,-0.0000,1.0000,0.0000,6,-0.01,0.3334,0.0082,10209.6,0.0,5.70304,12.6267,22.455,140.486,90.9268,77.357,71.6721,67.3518,64.5773,62.0267,59.6744,57.4982,54.7119,51.8501,47.2417,40.0655,31.0431,22.7658,11.2227
0.844,-0.0000,1.0000,0.0000,6,-0.01,0.3334,0.0082,10490.3,0.0,5.70304,12.6267,22.455,140.486,90.9268,77.357,71.6721,67.3518,64.5773,62.0267,59.6744,57.4982,54.7119,51.8501,47.2417,40.0655,31.0431,22.7658,11.2227
0.863,-0.0000,1.0000,0.0000,6,-0.01,0.3334,0.0082,10770.9,0.0,5.70304,12.6267,22.455,140.486,90.9268,77.357,71.6721,67.3518,64.5773,62.0267,59.6744,57.4982,54.7119,51.8501,47.2417,40.0655,31.0431,22.7658,11.2227
0.881,-0.0000,1.0000,0.0000,6,-0.01,0.3334,0.0082,11051.5,0.0,5.70304,12.6267,22.455,140.486,90.9268,77.357,71.6721,67.3518,64.5773,62.0267,59.6744,57.4982,54.7119,51.8501,47.2417,40.0655,31.0431,22.7658,11.2227
0.901,-0.0000,1.0000,0.0000,6,-0.01,0.3334,0.0082,11332.2,0.0,5.70304,12.6267,22.455,140.486,90.9268,77.357,71.6721,67.3518,64.5773,62.0267,59.6744,57.4982,54.7119,51.8501,47.2417,40.0655,31.0431,22.7658,11.2227
0.918,-0.0000,1.0000,0.0000,6,-0.01,0.3334,0.0082,11612.8,0.0,5.70304,12.6267,22.455,140.486,90.9268,77.357,71.6721,67.3518,64.5773,62.0267,59.6744,57.4982,54.7119,51.8501,47.2417,40.0655,31.0431,22.7658,11.2227
0.944,-0.0000,1.0000,0.0000,6,-0.01,0.3334,0.0082,11893.5,0.0,5.70304,12.6267,22.455,140.486,90.9268,77.357,71.6721,67.3518,64.5773,62.0267,59.6744,57.4982,54.7119,51.8501,47.2417,40.0655,31.0431,22.7658,11.2227
0.963,-0.0000,1.0000,0.0000,6,-0.01,0.3334,0.0082,12174.1,0.0,5.70304,12.6267,22.455,140.486,90.9268,77.357,71.6721,67.3518,64.5773,62.0267,59.6744,57.4982,54.7119,51.8501,47.2417,40.0655,31.0431,22.7658,11.2227
1.000,-0.0000,1.0000,0.0000,6,-0.02,0.3335,0.0087,12735.6,0.0,5.70582,12.646,22.5471,139.767,90.6271,77.1409,71.4869,67.1886,64.4275,61.8889,59.547,57.3803,54.6054,51.7547,47.163,40.0057,31.0007,22.7402,11.2174
1.019,-0.0000,1.0000,0.0000,5.0,0.05,0.3335,0.0086,5249.36,0.0,5.70516,12.6416,22.5268,139.923,90.6923,77.1878,71.5271,67.2241,64.4599,61.9189,59.5748,57.4059,54.6286,51.7753,47.1801,40.0187,31.01,22.7459,11.2186
1.045,-0.0000,1.0000,0.0000,4.0,0.12,0.3335,0.0086,5264.23,0.0,5.70502,12.6407,22.5226,139.958,90.7064,77.1981,71.5359,67.2315,64.467,61.9251,59.5806,57.4115,54.6334,51.7795,47.1836,40.0214,31.0118,22.747,11.2188
1.062,-0.0000,1.0000,0.0000,3.0,0.01,0.3335,0.0085,5240.44,0.0,5.70469,12.6385,22.5119,140.04,90.7404,77.2224,71.5567,67.2499,64.4837,61.9406,59.5947,57.4244,54.6454,51.7903,47.1925,40.0281,31.0166,22.7499,11.2195
1.081,-0.0000,1.0000,0.0000,2.0,0.08,0.3335,0.0085,5255.31,0.0,5.7045,12.6371,22.5056,140.092,90.7615,77.2378,71.5698,67.2616,64.4944,61.9504,59.6038,57.4328,54.6528,51.7971,47.1979,40.0323,31.0196,22.7517,11.2198
1.101,-0.0000,1.0000,0.0000,3.0,-0.02,0.3334,0.0084,5270.17,0.0,5.70413,12.6344,22.4926,140.194,90.8045,77.2684,71.596,67.2847,64.5157,61.97,59.6219,57.4496,54.6679,51.8105,47.2091,40.0407,31.0254,22.7553,11.2206
1.119,-0.0000,1.0000,0.0000,2.0,0.05,0.3334,0.0084,5246.39,0.0,5.70385,12.6322,22.4816,140.283,90.8414,77.2949,71.6189,67.3046,64.534,61.9868,59.6375,57.464,54.6809,51.8222,47.2185,40.0479,31.0306,22.7584,11.2212
1.145,-0.0000,1.0000,0.0000,3.0,-0.05,0.3334,0.0083,5261.25,0.0,5.70335,12.6283,22.4626,140.436,90.9047,77.3408,71.6581,67.3391,64.5655,62.0159,59.6644,57.4888,54.7033,51.8423,47.2352,40.0605,31.0394,22.7637,11.2222
1.162,-0.0000,1.0000,0.0000,2.0,0.03,0.3334,0.0082,5235.99,0.0,5.70303,12.6255,22.4483,140.554,90.9539,77.3763,71.6882,67.3656,64.5898,62.0383,59.685,57.5079,54.7206,51.8577,47.2478,40.0701,31.0462,22.7676,11.223
1.181,-0.0000,1.0000,0.0000,1.0,0.09,0.3334,0.0081,5249.36,0.0,5.70296,12.6246,22.4449,140.587,90.967,77.3855,71.6962,67.3728,64.5963,62.0442,59.6903,57.5129,54.725,51.8616,47.2509,40.0724,31.0479,22.7687,11.2232
1.200,-0.0000,1.0000,0.0000,1.0,0.07,0.3334,0.0081,5264.23,0.0,5.70295,12.6246,22.4444,140.592,90.9687,77.3867,71.697,67.3735,64.597,62.0447,59.6909,57.5134,54.7255,51.862,47.2513,40.0726,31.048,22.7687,11.2232
1.219,-0.0000,1.0000,0.0000,1.0,0.05,0.3334,0.0081,5240.44,0.0,5.70261,12.6224,22.4339,140.675,91.0032,77.4116,71.7183,67.3923,64.6143,62.0606,59.7055,57.5269,54.7377,51.8728,47.2602,40.0794,31.0528,22.7717,11.2239
1.244,-0.0000,1.0000,0.0000,1.0,0.04,0.3334,0.0081,5256.79,0.0,5.70273,12.6233,22.4389,140.636,90.9874,77.3997,71.7083,67.3833,64.6059,62.0532,59.6986,57.5204,54.7318,51.8676,47.2558,40.0761,31.0505,22.7703,11.2236
1.263,-0.0000,1.0000,0.0000,1.0,0.03,0.3334,0.0081,5271.66,0.0,5.70237,12.6209,22.4277,140.725,91.0235,77.4261,71.7306,67.4032,64.6243,62.07,59.7142,57.5347,54.7448,51.8791,47.2653,40.0834,31.0557,22.7734,11.2243
1.281,-0.0000,1.0000,0.0000,1.0,0.73,0.3334,0.0081,5235.99,0.0,5.70293,12.6247,22.4466,140.582,90.9631,77.3822,71.693,67.3698,64.5934,62.0416,59.6878,57.5103,54.7227,51.8593,47.2489,40.0707,31.0468,22.7681,11.2232
1.306,-0.0000,1.0000,0.0000,1.0,1.57,0.3334,0.0081,5235.99,0.0,5.70284,12.6242,22.4469,140.602,90.9685,77.3848,71.6947,67.3706,64.5939,62.0417,59.6878,57.51,54.7221,51.8585,47.2476,40.0697,31.0463,22.7682,11.2234
1.325,-0.0000,1.0000,0.0000,1.0,2.50,0.3334,0.0081,5235.99,0.0,5.70275,12.6238,22.4496,140.622,90.9707,77.3839,71.6931,67.3687,64.5916,62.0389,59.6848,57.5069,54.7188,51.8548,47.244,40.0663,31.0445,22.7675,11.2237
1.345,-0.0000,1.0000,0.0000,1.0,3.38,0.3334,0.0081,5235.99,0.0,5.70294,12.6249,22.4624,140.581,90.9448,77.3624,71.673,67.3499,64.5737,62.0219,59.6683,57.491,54.7037,51.8407,47.231,40.0557,31.0377,22.7641,11.2235
1.363,-0.0000,1.0000,0.0000,1.0,4.28,0.3333,0.0081,5235.99,0.0,5.70314,12.6262,22.4774,140.541,90.9171,77.3382,71.6505,67.3285,64.5531,62.0019,59.6491,57.4726,54.686,51.8238,47.2154,40.0432,31.0296,22.7601,11.2233
1.381,-0.0000,1.0000,0.0000,1.0,5.17,0.3333,0.0081,5235.99,0.0,5.70343,12.628,22.497,140.484,90.8797,77.3061,71.6208,67.3003,64.5261,61.9762,59.6243,57.4486,54.663,51.8021,47.1958,40.027,31.0191,22.755,11.223
1.407,-0.0000,1.0000,0.0000,1.0,6.04,0.3333,0.0081,5235.99,0.0,5.7038,12.6304,22.521,140.411,90.8325,77.2661,71.5838,67.2659,64.4931,61.9443,59.5939,57.4191,54.6352,51.7756,47.1716,40.0072,31.0065,22.7486,11.2227
1.426,-0.0000,1.0000,0.0000,1.0,6.90,0.3332,0.0081,5235.99,0.0,5.70424,12.6331,22.5496,140.324,90.778,77.2197,71.5408,67.2255,64.4545,61.9073,59.5581,57.3848,54.6026,51.7447,47.1436,39.9843,30.9917,22.7411,11.2222
1.445,-0.0000,1.0000,0.0000,1.0,7.73,0.3332,0.0081,5235.99,0.0,5.70472,12.6362,22.5814,140.228,90.7164,77.1677,71.4929,67.1806,64.4115,61.8659,59.5184,57.3465,54.5661,51.7101,47.1122,39.9587,30.9752,22.7328,11.2217
1.463,-0.0000,1.0000,0.0000,1.0,8.54,0.3331,0.0081,5235.99,0.0,5.70528,12.6399,22.6181,140.117,90.6464,77.1088,71.4381,67.1294,64.3622,61.8188,59.4732,57.3031,54.525,51.6711,47.0769,39.9298,30.9565,22.7233,11.2212
1.487,-0.0000,1.0000,0.0000,1.0,9.43,0.3330,0.0081,5235.99,0.0,5.70592,12.6442,22.662,139.991,90.5652,77.0398,71.3745,67.0693,64.3049,61.7636,59.42,57.2519,54.4761,51.625,47.0347,39.8953,30.9342,22.7121,11.2205
1.506,-0.0000,1.0000,0.0000,1.0,10.27,0.3329,0.0081,5235.99,0.0,5.70656,12.6485,22.7058,139.869,90.4854,76.972,71.3113,67.0102,64.2481,61.709,59.3675,57.2012,54.428,51.5793,46.993,39.8614,30.9123,22.701,11.2199
1.526,-0.0000,1.0000,0.0000,1.0,11.12,0.3329,0.0081,5235.99,0.0,5.70724,12.6532,22.7541,139.736,90.3992,76.898,71.243,66.9457,64.1864,61.6497,59.3105,57.1464,54.3757,51.5298,46.9477,39.8243,30.8883,22.689,11.2192
1.545,-0.0000,1.0000,0.0000,1.0,11.97,0.3328,0.0081,5235.99,0.0,5.70798,12.6584,22.8069,139.591,90.3051,76.8183,71.1688,66.876,64.1195,61.5855,59.2487,57.0868,54.3191,51.4761,46.8988,39.7843,30.8625,22.6759,11.2185
1.563,-0.0000,1.0000,0.0000,1.0,12.82,0.3327,0.0081,5235.99,0.0,5.70878,12.6642,22.8648,139.435,90.204,76.732,71.0891,66.8011,64.0477,61.5166,59.1822,57.0228,54.2581,51.4184,46.8463,39.7412,30.8347,22.6617,11.2177
1.588,-0.0000,1.0000,0.0000,1.0,13.67,0.3326,0.0081,5235.99,0.0,5.70964,12.6705,22.9277,139.268,90.0958,76.6402,71.0038,66.7211,63.9709,61.4428,59.1113,56.9544,54.193,51.3568,46.7902,39.6953,30.8049,22.6465,11.2169
1.606,-0.0000,1.0000,0.0000,1.0,14.52,0.3325,0.0081,5235.99,0.0,5.71054,12.6774,22.9958,139.091,89.9807,76.5423,70.9131,66.6361,63.8893,61.3646,59.0358,56.8818,54.1239,51.2912,46.7303,39.6463,30.7731,22.6304,11.216
1.625,-0.0000,1.0000,0.0000,1.0,15.38,0.3324,0.0081,5235.99,0.0,5.7115,12.6847,23.0694,138.902,89.8592,76.4385,70.8173,66.5458,63.8027,61.2813,58.956,56.8047,54.0506,51.2216,46.667,39.5943,30.7394,22.6131,11.2151
1.645,-0.0000,1.0000,0.0000,1.0,16.23,0.3322,0.0081,5235.99,0.0,5.71251,12.6928,23.1486,138.704,89.7307,76.3292,70.7159,66.4505,63.7112,61.1934,58.8714,56.7232,53.9731,51.1482,46.6002,39.5396,30.7038,22.5948,11.2141
1.663,-0.0000,1.0000,0.0000,1.0,17.08,0.3321,0.0081,5235.99,0.0,5.71358,12.7015,23.2342,138.495,89.5949,76.2138,70.6091,66.3499,63.6149,61.1009,58.7824,56.6375,53.8914,51.0708,46.5297,39.4816,30.6662,22.5754,11.213
1.688,-0.0000,1.0000,0.0000,1.0,17.94,0.3320,0.0081,5235.99,0.0,5.7147,12.7109,23.3264,138.275,89.4521,76.0926,70.4964,66.2442,63.5136,61.0037,58.6887,56.5472,53.8056,50.9896,46.4554,39.4208,30.6265,22.5551,11.2119
1.707,-0.0000,1.0000,0.0000,1.0,18.79,0.3318,0.0081,5235.99,0.0,5.71588,12.7209,23.4254,138.045,89.3031,75.9656,70.3788,66.1335,63.4073,60.9016,58.5905,56.4527,53.7157,50.9042,46.3777,39.3571,30.585,22.5334,11.2108
1.725,-0.0000,1.0000,0.0000,1.0,19.64,0.3317,0.0081,5235.99,0.0,5.71711,12.7318,23.5318,137.803,89.1468,75.8324,70.2554,66.0176,63.2962,60.7948,58.4878,56.3537,53.6213,50.815,46.2965,39.2903,30.5414,22.5109,11.2096
1.744,-0.0000,1.0000,0.0000,2.0,20.49,0.3316,0.0081,5504.4,0.0,5.7184,12.7435,23.6458,137.552,88.9834,75.6934,70.1267,65.8966,63.1802,60.6835,58.3806,56.2503,53.523,50.7218,46.2115,39.2204,30.4958,22.487,11.2083
1.762,-0.0000,1.0000,0.0000,2.0,21.33,0.3314,0.0081,5249.36,0.0,5.71974,12.7561,23.7687,137.289,88.8132,75.5488,69.9924,65.7704,63.0592,60.5672,58.2689,56.1426,53.4204,50.6247,46.1229,39.1475,30.4482,22.4622,11.207
1.788,-0.0000,1.0000,0.0000,2.0,21.43,0.3312,0.0081,5264.23,0.0,5.72109,12.7694,23.8982,137.019,88.6387,75.4001,69.8547,65.6413,62.9354,60.4481,58.1541,56.0323,53.3155,50.5252,46.0324,39.073,30.3993,22.4366,11.2057
1.807,-0.0000,1.0000,0.0000,2.0,21.45,0.3311,0.0081,5235.99,0.0,5.72246,12.7831,24.0324,136.749,88.4638,75.2516,69.7173,65.5119,62.8112,60.3291,58.0396,55.9219,53.2105,50.4256,45.9416,38.9984,30.3503,22.4108,11.2043
1.826,-0.0000,1.0000,0.0000,2.0,21.98,0.3309,0.0081,5235.99,0.0,5.72382,12.7972,24.1714,136.482,88.2896,75.103,69.5796,65.3823,62.687,60.2097,57.9248,55.8111,53.1052,50.3257,45.8505,38.9233,30.301,22.3847,11.203
1.845,-0.0000,1.0000,0.0000,2.0,22.65,0.3307,0.0081,5235.99,0.0,5.72525,12.8123,24.3202,136.201,88.1081,74.9483,69.4362,65.2478,62.5581,60.0859,57.8056,55.6963,52.9958,50.2219,45.7561,38.8455,30.2499,22.3576,11.2016
1.864,-0.0000,1.0000,0.0000,2.0,23.32,0.3306,0.0081,5235.99,0.0,5.72672,12.8283,24.48,135.912,87.9207,74.7891,69.2886,65.109,62.425,59.958,57.6826,55.5778,52.883,50.1153,45.6587,38.7652,30.197,22.3294,11.2001
1.888,-0.0000,1.0000,0.0000,2.0,23.99,0.3304,0.0081,5235.99,0.0,5.72824,12.8453,24.6506,135.613,87.728,74.625,69.1365,64.9662,62.288,59.8264,57.556,55.4558,52.767,50.0053,45.5585,38.6825,30.1424,22.3003,11.1986
1.907,-0.0000,1.0000,0.0000,2.0,24.65,0.3302,0.0081,5235.99,0.0,5.72981,12.8633,24.833,135.307,87.5295,74.4562,68.9801,64.8193,62.1473,59.6911,57.4258,55.3304,52.6477,49.8921,45.4556,38.5975,30.0862,22.2702,11.1969
1.925,-0.0000,1.0000,0.0000,2.0,25.31,0.3300,0.0081,5235.99,0.0,5.73141,12.8825,25.0289,134.992,87.3257,74.2828,68.8195,64.6684,62.0026,59.5523,57.2923,55.2016,52.5252,49.776,45.3498,38.51,30.0284,22.2391,11.1949
1.944,-0.0000,1.0000,0.0000,2.0,25.96,0.3298,0.0081,5235.99,0.0,5.73304,12.9026,25.2393,134.668,87.1168,74.1052,68.655,64.5135,61.8542,59.4097,57.1552,55.0695,52.3994,49.6569,45.2412,38.4203,29.9689,22.2069,11.1928
1.963,-0.0000,1.0000,0.0000,2.0,26.62,0.3296,0.0081,5235.99,0.0,5.73473,12.924,25.4657,134.337,86.9023,73.9227,68.4858,64.3548,61.7019,59.2635,57.0145,54.9339,52.2705,49.5347,45.1298,38.3282,29.9078,22.1738,11.1904
1.988,-0.0000,1.0000,0.0000,2.0,27.34,0.3294,0.0081,5235.99,0.0,5.73663,12.9489,25.7354,133.963,86.6601,73.7167,68.2953,64.1754,61.5298,59.0984,56.8556,54.7808,52.1247,49.3966,45.0041,38.2242,29.8386,22.1361,11.1875
2.006,-0.0000,1.0000,0.0000,2.0,27.99,0.3292,0.0081,5235.99,0.0,5.73841,12.9729,26.0022,133.613,86.4342,73.5245,68.1172,64.0083,61.3697,58.9445,56.7075,54.6383,51.989,49.2679,44.8868,38.127,29.7739,22.1007,11.1845
2.025,-0.0000,1.0000,0.0000,2.0,28.64,0.3290,0.0081,5235.99,0.0,5.74023,12.9983,26.2926,133.256,86.2032,73.3281,67.9351,63.8371,61.2057,58.7868,56.556,54.4923,51.8501,49.1364,44.7669,38.0276,29.7076,22.0644,11.1813
2.050,-0.0000,1.0000,0.0000,2.0,29.30,0.3288,0.0081,5235.99,0.0,5.74208,13.025,26.609,132.891,85.9668,73.127,67.7489,63.662,61.0378,58.6256,56.4008,54.3428,51.7078,49.0016,44.6441,37.9259,29.6395,22.0268,11.1778
2.069,-0.0000,1.0000,0.0000,2.0,29.96,0.3286,0.0081,5235.99,0.0,5.74398,13.0532,26.9582,132.517,85.7252,72.9211,67.5581,63.483,60.8662,58.4607,56.2422,54.1899,51.5625,48.8638,44.5185,37.8216,29.5697,21.9883,11.174
2.088,-0.0000,1.0000,0.0000,2.0,30.61,0.3283,0.0081,5235.99,0.0,5.74593,13.083,27.3435,132.135,85.4779,72.7112,67.3636,63.3001,60.6906,58.2921,56.0802,54.0338,51.4138,48.723,44.3903,37.715,29.4983,21.9486,11.1699
2.106,-0.0000,1.0000,0.0000,2.0,31.27,0.3281,0.0081,5235.99,0.0,5.74792,13.1144,27.7749,131.744,85.2256,72.4963,67.1645,63.1133,60.5115,58.1201,55.9146,53.8743,51.262,48.579,44.2593,37.606,29.4251,21.9077,11.1654
2.125,-0.0000,1.0000,0.0000,2.0,31.92,0.3279,0.0081,5235.99,0.0,5.74994,13.1475,28.2621,131.346,84.9677,72.277,66.9613,62.9223,60.3283,57.9442,55.7453,53.7112,51.107,48.4322,44.1254,37.4946,29.3502,21.8657,11.1606
2.151,-0.0000,1.0000,0.0000,2.0,32.58,0.3276,0.0081,5235.99,0.0,5.75201,13.1824,28.8229,130.938,84.7045,72.0532,66.7543,62.7274,60.1416,57.7649,55.5728,53.545,50.9487,48.2822,43.9888,37.3809,29.2735,21.8227,11.1554
2.169,-0.0000,1.0000,0.0000,2.0,33.23,0.3274,0.0081,5235.99,0.0,5.75413,13.2192,29.4831,130.523,84.4361,71.825,66.5425,62.5285,59.9508,57.5818,55.3966,53.3752,50.7874,48.1292,43.8494,37.2647,29.195,21.7783,11.1498
2.188,-0.0000,1.0000,0.0000,2.0,33.89,0.3271,0.0081,5235.99,0.0,5.75629,13.2578,30.2945,130.1,84.1623,71.5919,66.3268,62.3258,59.7565,57.3951,55.2169,53.2023,50.6227,47.9731,43.7072,37.1462,29.1148,21.7328,11.1439
2.206,-0.0000,1.0000,0.0000,2.0,34.54,0.3269,0.0081,5235.99,0.0,5.75848,13.2985,31.3629,129.669,83.883,71.3545,66.1067,62.1191,59.5585,57.2048,55.0339,53.0258,50.4547,47.814,43.5623,37.0253,29.0329,21.6862,11.1375
2.225,-0.0000,1.0000,0.0000,2.0,35.19,0.3266,0.0081,5235.99,0.0,5.76072,13.3414,33.1349,129.229,83.5985,71.1126,65.8826,61.9086,59.3567,57.011,54.8473,52.846,50.2837,47.652,43.4146,36.902,28.9491,21.6383,11.1307
2.250,-0.0000,1.0000,0.0000,2.0,35.85,0.3263,0.0081,5235.99,0.0,5.763,13.3866,200.0,128.781,83.3089,70.8661,65.6543,61.6939,59.1507,56.8132,54.6573,52.6628,50.1094,47.4868,43.2642,36.7762,28.8635,21.589,11.1235
2.269,-0.0000,1.0000,0.0000,2.0,36.50,0.3261,0.0081,5235.99,0.0,5.76533,13.4341,200.0,128.324,83.0135,70.615,65.4217,61.4755,58.9413,56.612,54.4637,52.4763,49.9319,47.3186,43.111,36.6479,28.7761,21.5386,11.1158
2.288,-0.0000,1.0000,0.0000,2.0,37.15,0.3258,0.0081,5235.99,0.0,5.7677,13.4841,200.0,127.86,82.7132,70.3597,65.1849,61.2529,58.728,56.4071,54.2665,52.2864,49.7512,47.1474,42.9549,36.5173,28.6868,21.487,11.1076
2.307,-0.0000,1.0000,0.0000,2.0,37.80,0.3255,0.0081,5235.99,0.0,5.77009,13.5365,200.0,127.389,82.4082,70.1,64.9445,61.0269,58.5112,56.1991,54.0664,52.0935,49.5676,46.9734,42.7964,36.3844,28.596,21.4341,11.0989
2.325,-0.0000,1.0000,0.0000,2.0,38.45,0.3252,0.0081,5235.99,0.0,5.77272,13.5916,200.0,126.908,82.0973,69.8358,64.6996,60.7969,58.2908,55.987,53.8624,51.8971,49.3808,46.7962,42.635,36.2489,28.5031,21.3799,11.0897
2.351,-0.0000,1.0000,0.0000,2.0,39.11,0.3249,0.0081,5235.99,0.0,5.77583,13.6498,200.0,126.419,81.7813,69.5666,64.4505,60.5625,58.0661,55.7714,53.655,51.6971,49.1906,46.616,42.4707,36.1109,28.4084,21.3243,11.08
2.370,-0.0000,1.0000,0.0000,2.0,39.76,0.3246,0.0081,5235.99,0.0,5.7795,13.7108,200.0,125.922,81.4593,69.2928,64.1968,60.3245,57.8378,55.552,53.444,51.4938,48.997,46.4326,42.3037,35.9705,28.3118,21.2675,11.0697
2.388,-0.0000,1.0000,0.0000,3.0,40.42,0.3243,0.0081,5235.99,0.0,5.78368,13.7749,200.0,125.417,81.1324,69.015,63.9392,60.0822,57.6056,55.3291,53.2294,51.2871,48.8004,46.2464,42.1339,35.8277,28.2133,21.2091,11.0589
2.406,-0.0000,1.0000,0.0000,3.0,40.60,0.3240,0.0081,5249.36,0.0,5.78846,13.842,200.0,124.905,80.8019,68.7335,63.6784,59.8375,57.3706,55.1036,53.0124,51.0781,48.6014,46.0578,41.9621,35.6831,28.1133,21.1497,11.0476
2.425,-0.0000,1.0000,0.0000,3.0,40.58,0.3237,0.0081,5264.23,0.0,5.79373,13.9114,200.0,124.394,80.4711,68.4523,63.418,59.5924,57.1357,54.878,52.7954,50.8689,48.4025,45.8693,41.7904,35.5384,28.0132,21.0899,11.0358
2.450,-0.0000,1.0000,0.0000,3.0,40.57,0.3234,0.0081,5235.99,0.0,5.7995,13.983,200.0,123.883,80.1405,68.1713,63.1574,59.3479,56.9011,54.6526,52.5785,50.6601,48.2038,45.6809,41.6188,35.3936,27.9127,21.0298,11.0236
2.469,-0.0000,1.0000,0.0000,3.0,40.97,0.3231,0.0081,5235.99,0.0,5.80581,14.0574,200.0,123.372,79.8093,67.8892,62.8964,59.1025,56.6661,54.4266,52.361,50.4506,48.0044,45.4919,41.4466,35.2481,27.8116,20.969,11.011
2.488,-0.0000,1.0000,0.0000,3.0,41.49,0.3228,0.0081,5235.99,0.0,5.81273,14.135,200.0,122.853,79.4735,67.6035,62.6315,58.8537,56.4275,54.1974,52.1407,50.2382,47.8025,45.3004,41.2721,35.1006,27.709,20.907,10.9979
2.506,-0.0000,1.0000,0.0000,3.0,42.01,0.3225,0.0081,5235.99,0.0,5.82027,14.2164,200.0,122.327,79.1333,67.3141,62.3633,58.6017,56.1859,53.9655,51.9175,50.023,47.5976,45.1065,41.0955,34.9511,27.6047,20.8438,10.9841
2.525,-0.0000,1.0000,0.0000,3.0,42.52,0.3222,0.0081,5235.99,0.0,5.8285,14.3015,200.0,121.795,78.789,67.0209,62.0919,58.3465,55.9413,53.7305,51.6916,49.8054,47.3904,44.91,40.9165,34.7997,27.4987,20.7793,10.9697
2.550,-0.0000,1.0000,0.0000,3.0,43.04,0.3219,0.0081,5235.99,0.0,5.83744,14.3908,200.0,121.252,78.4386,66.7237,61.8164,58.0875,55.693,53.4921,51.4622,49.5843,47.1802,44.7108,40.7351,34.6459,27.3911,20.7135,10.9547
2.569,-0.0000,1.0000,0.0000,3.0,43.55,0.3215,0.0081,5235.99,0.0,5.84706,14.4842,200.0,120.702,78.084,66.4216,61.537,57.8251,55.4415,53.2504,51.2299,49.3606,46.9673,44.509,40.5513,34.4901,27.2817,20.6465,10.9391
2.588,-0.0000,1.0000,0.0000,3.0,44.06,0.3212,0.0081,5235.99,0.0,5.8574,14.5819,200.0,120.146,77.7251,66.1169,61.2544,57.5599,55.1872,53.0062,50.9948,49.134,46.7518,44.305,40.3654,34.3323,27.1709,20.5781,10.9228
2.606,-0.0000,1.0000,0.0000,3.0,44.57,0.3209,0.0081,5235.99,0.0,5.86846,14.684,200.0,119.586,77.3629,65.8091,60.9695,57.2919,54.9303,52.7595,50.7575,48.9054,46.5344,44.0989,40.1776,34.1727,27.0585,20.5086,10.9059
2.625,-0.0000,1.0000,0.0000,3.0,45.09,0.3205,0.0081,5235.99,0.0,5.8804,14.7908,200.0,119.021,76.9974,65.4981,60.6812,57.0212,54.6705,52.5102,50.5177,48.6743,46.3145,43.8905,39.9877,34.0113,26.9445,20.4378,10.8884
2.650,-0.0000,1.0000,0.0000,3.0,45.60,0.3202,0.0081,5235.99,0.0,5.89305,14.9025,200.0,118.449,76.6279,65.1837,60.3899,56.7473,54.4082,52.2582,50.275,48.4406,46.092,43.6797,39.7957,33.848,26.8288,20.3658,10.8701
2.669,-0.0000,1.0000,0.0000,3.0,46.11,0.3191,0.0084,5235.99,0.0,5.91219,15.0327,200.0,117.859,76.2453,64.8577,60.088,56.4636,54.1361,51.9966,50.0235,48.1982,45.8613,43.4611,39.5966,33.6784,26.706,20.2865,10.8464
2.688,-0.0000,1.0000,0.0000,3.0,46.63,0.3188,0.0101,5235.99,0.0,5.92654,15.1551,200.0,117.276,75.8671,64.5364,59.7902,56.1837,53.8677,51.739,49.7756,47.9594,45.6341,43.2457,39.4002,33.5114,26.5873,20.2119,10.8268
2.706,-0.0000,1.0000,0.0000,3.0,47.14,0.3183,0.0118,5235.99,0.0,5.94177,15.2834,200.0,116.685,75.485,64.2114,59.4889,55.9006,53.5965,51.4783,49.5249,47.7178,45.4043,43.0278,39.2017,33.3427,26.4668,20.1359,10.8064
2.725,-0.0000,1.0000,0.0000,3.0,47.65,0.3177,0.0136,5235.99,0.0,5.95792,15.4177,200.0,116.087,75.0988,63.8826,59.1845,55.6146,53.3221,51.2148,49.2713,47.4736,45.1718,42.8076,39.0012,33.172,26.3446,20.0586,10.7853
2.750,-0.0000,1.0000,0.0000,3.0,48.17,0.3171,0.0153,5235.99,0.0,5.97504,15.5585,200.0,115.483,74.7082,63.5505,58.8767,55.3254,53.0448,50.9485,49.0151,47.2267,44.9369,42.585,38.7984,32.9995,26.2206,19.98,10.7635
2.769,-0.0000,1.0000,0.0000,3.0,48.67,0.3164,0.0171,5235.99,0.0,5.9931,15.7061,200.0,114.874,74.3137,63.2148,58.5658,55.0332,52.7648,50.6794,48.7562,46.9772,44.6997,42.3602,38.5934,32.8253,26.0952,19.8999,10.7409
2.788,-0.0000,1.0000,0.0000,3.0,49.03,0.3155,0.0189,5235.99,0.0,6.01206,15.8593,200.0,114.271,73.9212,62.8804,58.2555,54.7414,52.4849,50.4107,48.4977,46.7279,44.4622,42.1351,38.3882,32.6505,25.969,19.8192,10.7177
2.806,-0.0000,1.0000,0.0000,3.0,49.67,0.3146,0.0207,5235.99,0.0,6.03207,16.0206,200.0,113.658,73.5223,62.5407,57.9407,54.4455,52.201,50.1378,48.2352,46.475,44.2215,41.9069,38.1802,32.4734,25.8407,19.7368,10.6936
2.826,-0.0000,1.0000,0.0000,3.0,50.22,0.3136,0.0225,5235.99,0.0,6.05324,16.1905,200.0,113.03,73.1158,62.1947,57.6202,54.1443,51.9123,49.8606,47.9684,46.2179,43.9769,41.675,37.9691,32.2938,25.7101,19.6527,10.6687
2.850,-0.0000,1.0000,0.0000,3.0,50.74,0.3125,0.0243,5235.99,0.0,6.07555,16.3691,200.0,112.393,72.7042,61.8446,57.296,53.8396,51.6199,49.58,47.6983,45.9576,43.7292,41.4405,37.7554,32.112,25.5776,19.567,10.6428
2.869,-0.0000,1.0000,0.0000,3.0,51.25,0.3114,0.0262,5235.99,0.0,6.09897,16.5567,200.0,111.751,72.2885,61.4908,56.9682,53.5317,51.3247,49.2964,47.4255,45.6949,43.4792,41.2034,37.5395,31.9284,25.4435,19.4799,10.6162
2.888,-0.0000,1.0000,0.0000,3.0,51.76,0.3101,0.0281,5235.99,0.0,6.12358,16.7537,200.0,111.102,71.8689,61.134,56.6375,53.2209,51.0269,49.0102,47.1502,45.4297,43.227,40.9643,37.3214,31.743,25.3074,19.3914,10.5886
2.907,-0.0000,1.0000,0.0000,3.0,52.27,0.3087,0.0300,5235.99,0.0,6.1493,16.9606,200.0,110.448,71.4458,60.7739,56.3039,52.9074,50.7262,48.7214,46.8724,45.162,42.972,40.7229,37.1015,31.5559,25.1701,19.3015,10.5603
2.925,-0.0000,1.0000,0.0000,3.0,52.78,0.3072,0.0319,5235.99,0.0,6.17635,17.1787,200.0,109.789,71.0183,60.4103,55.9669,52.5908,50.4227,48.4299,46.5918,44.8917,42.7149,40.479,36.8794,31.3671,25.0306,19.21,10.531
2.950,-0.0000,1.0000,0.0000,3.0,53.28,0.3055,0.0338,5235.99,0.0,6.20461,17.4078,200.0,109.125,70.5879,60.0441,55.6276,52.2718,50.1168,48.1359,46.3091,44.6192,42.4557,40.2333,36.6555,31.1764,24.8898,19.1173,10.5009
2.969,-0.0000,1.0000,0.0000,3.0,53.79,0.3038,0.0358,5235.99,0.0,6.23416,17.649,200.0,108.461,70.1556,59.6759,55.2862,51.9508,49.8091,47.8403,46.0245,44.3449,42.1945,39.9859,36.4298,30.9845,24.7473,19.0231,10.4698
2.988,0.5160,1.0000,0.0000,3.0,54.35,0.3018,0.0380,5235.99,0.0,6.26814,17.9294,200.0,107.723,69.676,59.2671,54.9073,51.5946,49.4673,47.5121,45.7087,44.0405,41.9048,39.7113,36.1795,30.7713,24.5887,18.918,10.4347
3.013,1.0000,1.0000,0.0000,3.0,54.88,0.2998,0.0379,5235.99,0.0,6.28593,17.9945,200.0,109.508,70.2372,59.6073,55.1691,51.8024,49.6431,47.6601,45.8329,44.1437,41.9829,39.7657,36.2001,30.7511,24.5593,18.8931,10.4194
3.032,1.0000,1.0000,0.0000,3.0,55.33,0.2985,0.0328,5311.34,0.0,6.26146,17.5431,200.0,118.04,73.4456,61.8263,57.0302,53.413,51.1028,48.9873,47.0435,45.2516,42.9658,40.6278,36.8841,31.2004,24.8405,19.0626,10.4543
3.056,1.0000,1.0000,0.0000,3.0,55.74,0.2979,0.0237,5396.53,0.0,6.20255,16.7576,151.888,135.158,79.4878,65.9654,60.4934,56.4081,53.8171,51.4574,49.2993,47.3185,44.8042,42.2463,38.1797,32.073,25.3869,19.398,10.5324
3.076,1.0000,1.0000,0.0000,3.0,56.12,0.2982,0.0115,5480.72,0.0,6.11728,15.8121,73.4995,166.718,89.1545,72.385,65.802,60.9606,57.9219,55.1758,52.682,50.4074,47.5402,44.6461,40.0913,33.3561,26.1675,19.8793,10.6484
3.100,0.5943,1.0000,0.0000,3.0,56.50,0.2994,-0.0032,5563.54,0.0,6.0116,14.8155,46.4761,194.462,104.416,82.0068,73.6021,67.5547,63.8152,60.4724,57.4667,54.7494,51.3564,47.9678,42.7071,35.086,27.1753,20.5014,10.8002
3.119,0.1210,1.0000,0.0000,3.0,56.90,0.3015,-0.0199,5645.18,0.0,5.89029,13.8308,33.2114,200.0,129.818,96.7389,85.1852,77.1365,72.2656,67.9785,64.1762,60.781,56.5965,52.4771,46.1974,37.3403,28.4349,21.2659,10.987
3.144,-0.0000,1.0000,0.0000,3.0,57.46,0.3045,-0.0369,5654.53,0.0,5.76656,12.9599,25.953,200.0,172.909,118.594,101.6,90.2928,83.6509,77.9245,72.9372,68.5547,63.2429,58.108,50.4541,40.002,29.8768,22.1041,11.1916
3.163,-0.0000,1.0000,0.0000,3.0,58.17,0.3077,-0.0464,5603.48,0.0,5.68711,12.4927,23.1792,200.0,191.138,137.664,115.189,100.804,92.5572,85.5633,79.558,74.3454,68.1069,62.1575,53.4343,41.7938,30.8054,22.6203,11.3232
3.189,-0.0000,1.0000,0.0000,3.0,58.81,0.3107,-0.0478,5600.47,0.0,5.65449,12.3753,22.7044,200.0,193.909,144.738,120.013,104.421,95.5617,88.0943,81.7152,76.203,69.6356,63.4022,54.3155,42.286,31.0301,22.7355,11.3644
3.207,-0.0000,1.0000,0.0000,3.0,59.41,0.3135,-0.0463,5665.66,0.0,5.63892,12.378,22.8669,200.0,194.134,146.011,120.801,104.96,95.9787,88.4192,81.9699,76.4027,69.7769,63.4954,54.351,42.2674,30.9844,22.7005,11.3715
3.232,-0.0000,1.0000,0.0000,4.0,60.00,0.3163,-0.0441,5741.41,0.0,5.62815,12.4118,23.2037,200.0,193.808,145.799,120.569,104.727,95.7504,88.1968,81.7537,76.1934,69.5772,63.3064,54.1798,42.1249,30.8731,22.6282,11.3696
3.250,-0.0000,1.0000,0.0000,4.0,60.16,0.3189,-0.0417,5250.85,0.0,5.61923,12.4552,23.6019,200.0,193.365,145.268,120.119,104.331,95.3842,87.8571,81.437,75.8964,69.3044,63.0567,53.9643,41.9554,30.7477,22.5469,11.365
3.275,-0.0000,1.0000,0.0000,4.0,60.12,0.3214,-0.0393,5267.2,0.0,5.6117,12.5036,24.0084,200.0,192.9,144.678,119.628,103.903,94.9924,87.4959,81.1015,75.5838,69.0183,62.7961,53.7408,41.7812,30.6197,22.4631,11.359
3.294,-0.0000,1.0000,0.0000,4.0,60.10,0.3237,-0.0369,5235.99,0.0,5.60544,12.5564,24.4154,200.0,192.43,144.076,119.129,103.469,94.5961,87.1303,80.7625,75.2675,68.7297,62.5332,53.5157,41.606,30.4913,22.3777,11.3518
3.319,-0.0000,1.0000,0.0000,4.0,60.44,0.3259,-0.0345,5235.99,0.0,5.60036,12.6133,24.8236,200.0,191.959,143.471,118.629,103.034,94.1984,86.7638,80.4227,74.9507,68.4403,62.2699,53.2902,41.4305,30.3626,22.291,11.3434
3.345,-0.0000,1.0000,0.0000,4.0,60.89,0.3279,-0.0320,5235.99,0.0,5.59656,12.675,25.2349,200.0,191.483,142.862,118.124,102.596,93.7969,86.3943,80.0801,74.6313,68.1483,62.0042,53.0627,41.2536,30.2328,22.2023,11.3338
3.363,-0.0000,1.0000,0.0000,4.0,61.33,0.3298,-0.0296,5235.99,0.0,5.594,12.7416,25.6489,200.0,191.004,142.249,117.617,102.155,93.3935,86.0222,79.735,74.3097,67.8548,61.7371,52.834,41.0757,30.1023,22.1118,11.323
3.388,0.4875,1.0000,0.0000,4.0,61.77,0.3316,-0.0271,5235.99,0.0,5.59275,12.8136,26.0655,200.0,190.521,141.632,117.106,101.711,92.9872,85.6478,79.3881,73.9862,67.5591,61.468,52.6036,40.8965,29.9709,22.0195,11.311
3.407,0.6477,1.0000,0.0000,4.0,62.19,0.3335,-0.0267,5235.99,0.0,5.57922,12.7908,25.9251,200.0,191.671,145.624,119.727,103.62,94.5433,86.9349,80.4655,74.8976,68.2906,62.047,52.9913,41.0867,30.0335,22.027,11.3221
3.432,0.8470,1.0000,0.0000,4.0,62.53,0.3359,-0.0311,5235.99,0.0,5.53429,12.5438,24.6083,126.469,196.021,162.509,130.799,111.739,101.214,92.5067,85.1848,78.9429,71.6063,64.7417,54.9028,42.175,30.5623,22.2717,11.3901
3.451,0.8007,1.0000,0.0000,4.0,62.83,0.3391,-0.0392,5235.99,0.0,5.4639,12.1407,22.6829,85.049,200.0,183.163,153.06,127.505,113.928,102.972,93.9443,86.3781,77.6343,69.5958,58.3076,44.0978,31.504,22.721,11.5061
3.475,0.5160,1.0000,0.0000,4.0,63.11,0.3431,-0.0498,5235.99,0.0,5.37489,11.6524,20.6266,60.6559,200.0,193.548,181.857,155.013,135.335,120.098,107.952,98.0444,86.8905,76.906,63.3016,46.834,32.8168,23.345,11.6609
3.494,-0.0000,1.0000,0.0000,4.0,63.38,0.3481,-0.0624,5235.99,0.0,5.27128,11.1197,18.6545,45.6858,200.0,200.0,193.905,184.415,172.757,148.873,130.601,116.332,100.91,87.6463,70.348,50.5177,34.5221,24.1418,11.8511
3.520,-0.0000,1.0000,0.0000,4.0,63.77,0.3539,-0.0751,5235.99,0.0,5.16391,10.614,17.0501,36.5994,120.558,200.0,200.0,195.461,189.518,181.859,166.059,143.607,120.763,102.202,79.3719,54.9454,36.4745,25.029,12.0563
3.539,-0.0000,1.0000,0.0000,4.0,64.26,0.3597,-0.0805,5235.99,0.0,5.09249,10.353,16.3544,33.2394,89.6758,200.0,200.0,199.718,194.608,188.58,180.713,163.682,134.605,111.907,85.0595,57.5661,37.5713,25.5084,12.1746
3.564,-0.0000,1.0000,0.0000,4.0,64.70,0.3652,-0.0801,5235.99,0.0,5.05009,10.2673,16.2086,32.5401,84.0826,200.0,200.0,200.0,195.57,189.835,182.624,170.081,138.87,114.807,86.6886,58.274,37.8461,25.6166,12.2174
3.582,-0.0000,1.0000,0.0000,4.0,65.14,0.3705,-0.0780,5235.99,0.0,5.01687,10.2334,16.2183,32.5088,83.2072,200.0,200.0,200.0,195.474,189.809,182.742,171.135,139.742,115.37,86.9761,58.3731,37.8661,25.6119,12.2365
3.607,-0.0000,1.0000,0.0000,4.0,65.57,0.3756,-0.0755,5235.99,0.0,4.98682,10.2144,16.2724,32.6359,83.3765,200.0,200.0,199.997,195.126,189.484,182.458,171.067,139.745,115.34,86.9257,58.3204,37.8229,25.579,12.2488
3.625,-0.0000,1.0000,0.0000,4.0,66.01,0.3806,-0.0729,5235.99,0.0,4.95838,10.2009,16.3437,32.7992,83.7716,200.0,200.0,199.585,194.722,189.092,182.088,170.787,139.554,115.179,86.8003,58.2336,37.7655,25.5397,12.2584
3.651,-0.0000,1.0000,0.0000,4.0,66.44,0.3854,-0.0702,5235.99,0.0,4.93123,10.191,16.4255,32.9696,84.2107,200.0,200.0,199.16,194.305,188.686,181.699,170.468,139.327,114.993,86.6608,58.1404,37.7053,25.499,12.2663
3.669,-0.0000,1.0000,0.0000,4.0,66.87,0.3901,-0.0675,5235.99,0.0,4.9053,10.1845,16.5111,33.1422,84.6559,200.0,200.0,198.733,193.885,188.276,181.307,170.143,139.097,114.804,86.5191,58.046,37.6443,25.4579,12.2726
3.695,-0.0000,1.0000,0.0000,4.0,67.30,0.3946,-0.0648,5235.99,0.0,4.88064,10.1812,16.597,33.3146,85.0956,200.0,200.0,198.304,193.464,187.866,180.916,169.822,138.873,114.619,86.3793,57.9523,37.5835,25.4167,12.2775
3.713,-0.0000,1.0000,0.0000,4.0,67.73,0.3990,-0.0621,5235.99,0.0,4.85723,10.1812,16.683,33.4866,85.5302,200.0,200.0,197.874,193.042,187.456,180.525,169.506,138.654,114.437,86.2414,57.8591,37.5227,25.3756,12.2809
3.739,-0.0000,1.0000,0.0000,4.0,68.16,0.4032,-0.0594,5235.99,0.0,4.83511,10.1848,16.7694,33.6588,85.9605,200.0,200.0,197.443,192.62,187.045,180.134,169.192,138.439,114.258,86.1047,57.7662,37.462,25.3343,12.2829
3.758,-0.0000,1.0000,0.0000,4.0,68.60,0.4072,-0.0566,5235.99,0.0,4.81432,10.192,16.8555,33.8286,86.3703,200.0,200.0,197.014,192.199,186.638,179.748,168.892,138.242,114.09,85.9743,57.676,37.4022,25.2932,12.2834
3.783,-0.0000,1.0000,0.0000,4.0,69.03,0.4111,-0.0538,5271.18,0.0,4.79496,10.2034,16.943,34.0026,86.8029,200.0,200.0,196.578,191.772,186.222,179.353,168.571,138.025,113.909,85.8364,57.5822,37.3407,25.2514,12.2823
3.801,-0.0000,1.0000,0.0000,4.0,69.46,0.4148,-0.0511,5310.21,0.0,4.77706,10.219,17.0313,34.1794,87.2479,200.0,200.0,196.137,191.339,185.801,178.952,168.241,137.8,113.723,85.6948,57.4866,37.2784,25.2092,12.2795
3.825,-0.0000,1.0000,0.0000,4.0,69.89,0.4183,-0.0482,5349.17,0.0,4.76067,10.2389,17.1205,34.3574,87.6973,200.0,200.0,195.693,190.904,185.378,178.548,167.907,137.573,113.534,85.5518,57.3899,37.2155,25.1665,12.2751
3.845,-0.0000,1.0000,0.0000,4.0,70.33,0.4217,-0.0454,5386.36,0.0,4.74578,10.2635,17.2097,34.5356,88.1451,200.0,200.0,195.247,190.467,184.953,178.142,167.572,137.348,113.346,85.4089,57.2933,37.1525,25.1237,12.2691
3.870,-0.0000,1.0000,0.0000,4.0,70.77,0.4248,-0.0426,5421.97,0.0,4.73241,10.2925,17.2994,34.7145,88.5931,200.0,200.0,194.799,190.027,184.525,177.735,167.236,137.123,113.159,85.2663,57.1967,37.0894,25.0808,12.2616
3.895,-0.0000,1.0000,0.0000,4.0,71.21,0.4278,-0.0397,5456.55,0.0,4.72068,10.3266,17.3899,34.8951,89.045,200.0,200.0,194.348,189.585,184.095,177.325,166.896,136.894,112.969,85.1221,57.0989,37.0255,25.0375,12.2524
3.913,-0.0000,1.0000,0.0000,4.0,71.66,0.4306,-0.0368,5491.46,0.0,4.71056,10.3659,17.4807,35.0761,89.4994,200.0,199.759,193.893,189.139,183.661,176.912,166.552,136.666,112.779,84.9771,57.0009,36.9615,24.994,12.2415
3.938,-0.0000,1.0000,0.0000,4.0,72.12,0.4332,-0.0339,5527.0,0.0,4.70219,10.4106,17.5723,35.2588,89.9567,200.0,199.292,193.436,188.691,183.226,176.497,166.205,136.435,112.587,84.8311,56.902,36.8969,24.9502,12.229
3.957,-0.0000,1.0000,0.0000,4.0,72.57,0.4356,-0.0310,5562.77,0.0,4.69551,10.461,17.6642,35.4419,90.4146,200.0,198.823,192.977,188.241,182.787,176.079,165.857,136.205,112.395,84.685,56.803,36.8322,24.9062,12.2148
3.982,-0.0000,1.0000,0.0000,4.0,73.03,0.4378,-0.0281,5598.95,0.0,4.69069,10.5158,17.7569,35.6267,90.8756,200.0,198.351,192.514,187.787,182.347,175.659,165.505,135.973,112.201,84.5377,56.703,36.7669,24.8619,12.1988
4.001,-0.0000,1.0000,0.0000,4.0,73.49,0.4397,-0.0251,5635.57,0.0,4.68765,10.571,17.8499,35.8119,91.3371,200.0,197.876,192.049,187.331,181.903,175.237,165.151,135.74,112.008,84.39,56.6028,36.7014,24.8173,12.1811
4.026,-0.0000,1.0000,0.0000,4.0,73.96,0.4415,-0.0221,5663.59,0.0,4.68649,10.6266,17.9432,35.9972,91.7937,200.0,197.4,191.583,186.874,181.459,174.814,164.798,135.512,111.817,84.2438,56.503,36.6359,24.7727,12.1617
4.045,-0.0000,1.0000,0.0000,4.0,74.43,0.4431,-0.0191,5701.02,0.0,4.68732,10.6825,18.0373,36.1841,92.2586,200.0,196.919,191.112,186.413,181.01,174.387,164.439,135.279,111.622,84.095,56.4019,36.5697,24.7277,12.1405
4.069,-0.0000,1.0000,0.0000,4.0,74.89,0.4444,-0.0161,5741.31,0.0,4.69016,10.7388,18.1321,36.373,92.7293,200.0,196.436,190.638,185.948,180.558,173.956,164.074,135.042,111.425,83.9444,56.2998,36.5029,24.6823,12.1181
4.089,-0.0000,1.0000,0.0000,4.0,75.36,0.4455,-0.0131,5782.96,0.0,4.69505,10.7955,18.2275,36.563,93.2018,200.0,195.948,190.16,185.48,180.104,173.522,163.706,134.803,111.226,83.7928,56.1968,36.4357,24.6366,12.0956
4.114,-0.0000,1.0000,0.0000,4.0,75.84,0.4464,-0.0100,5823.22,0.0,4.70206,10.8524,18.3233,36.7537,93.676,200.0,195.459,189.681,185.009,179.646,173.087,163.337,134.564,111.026,83.6407,56.0936,36.3682,24.5907,12.0729
4.133,-0.0000,1.0000,0.0000,4.0,76.32,0.4471,-0.0070,5862.25,0.0,4.71127,10.9097,18.4198,36.9452,94.1514,200.0,194.966,189.198,184.536,179.186,172.648,162.964,134.325,110.826,83.4881,55.99,36.3003,24.5446,12.0501
4.157,-0.0000,1.0000,0.0000,4.0,76.80,0.4475,-0.0039,5900.68,0.0,4.72273,10.9674,18.5167,37.138,94.6282,200.0,194.47,188.712,184.06,178.724,172.208,162.589,134.085,110.626,83.335,55.8857,36.232,24.4981,12.0271
4.176,-0.0000,1.0000,0.0000,4.0,77.29,0.4477,-0.0008,5939.21,0.0,4.73641,11.0253,18.6141,37.3314,95.1064,199.973,193.971,188.224,183.582,178.259,171.764,162.211,133.844,110.425,83.1813,55.7811,36.1635,24.4515,12.004
4.202,-0.0000,1.0000,0.0000,4.0,77.78,0.4476,0.0024,5978.11,0.0,4.75257,11.0836,18.7122,37.5264,95.5884,199.458,193.469,187.732,183.1,177.79,171.318,161.83,133.6,110.222,83.0261,55.6756,36.0944,24.4045,11.9808
4.220,-0.0000,1.0000,0.0000,4.0,78.28,0.4473,0.0055,6017.15,0.0,4.77111,11.1423,18.8108,37.7223,96.0724,198.94,192.964,187.237,182.615,177.319,170.869,161.445,133.356,110.018,82.8702,55.5695,36.0249,24.3572,11.9574
4.245,-0.0000,1.0000,0.0000,4.0,78.78,0.4467,0.0087,6056.47,0.0,4.79221,11.2014,18.9102,37.9196,96.5598,198.418,192.455,186.739,182.127,176.845,170.417,161.057,133.11,109.812,82.7131,55.4627,35.955,24.3096,11.9339
4.264,-0.0000,1.0000,0.0000,4.0,79.28,0.4459,0.0119,6094.3,0.0,4.81586,11.2608,19.01,38.1178,97.0494,197.893,191.943,186.238,181.635,176.367,169.962,160.666,132.863,109.606,82.5553,55.3554,35.8846,24.2618,11.9102
4.288,-0.0000,1.0000,0.0000,4.0,79.78,0.4448,0.0151,6133.93,0.0,4.84145,11.3205,19.1105,38.3174,97.5421,197.365,191.428,185.733,181.141,175.887,169.504,160.271,132.614,109.397,82.3963,55.2472,35.8139,24.2136,11.8864
4.307,-0.0000,1.0000,0.0000,5.0,80.29,0.4435,0.0183,6175.03,0.0,4.86726,11.3806,19.2116,38.5181,98.0378,196.833,190.91,185.226,180.644,175.403,169.043,159.872,132.363,109.188,82.2363,55.1385,35.7426,24.1652,11.8625
4.332,-0.0000,1.0000,0.0000,5.0,80.44,0.4418,0.0216,5556.77,0.0,4.89321,11.4412,19.3136,38.7214,98.5463,196.297,190.387,184.714,180.142,174.915,168.576,159.466,132.103,108.972,82.0726,55.0278,35.6705,24.1162,11.8383
4.352,-0.0000,1.0000,0.0000,5.0,80.37,0.4399,0.0248,5573.17,0.0,4.91918,11.5019,19.4161,38.927,99.0702,195.759,189.862,184.199,179.637,174.423,168.106,159.051,131.833,108.75,81.9048,54.9154,35.5977,24.067,11.8142
4.377,-0.0000,1.0000,0.0000,5.0,80.32,0.4378,0.0281,5367.71,0.0,4.94512,11.5626,19.5186,39.1327,99.5954,195.222,189.338,183.685,179.132,173.932,167.635,158.635,131.562,108.526,81.7368,54.8029,35.5248,24.0178,11.79
4.394,-0.0000,1.0000,0.0000,5.0,80.58,0.4353,0.0313,5529.55,0.0,4.97106,11.6233,19.621,39.3381,100.119,194.684,188.813,183.17,178.627,173.44,167.164,158.219,131.292,108.303,81.5692,54.6906,35.452,23.9686,11.7659
4.419,-0.0000,1.0000,0.0000,5.0,80.98,0.4326,0.0346,5553.8,0.0,4.99712,11.6841,19.7237,39.5435,100.638,194.144,188.286,182.654,178.121,172.948,166.693,157.804,131.025,108.083,81.4025,54.5785,35.3792,23.9193,11.7416
4.444,-0.0000,1.0000,0.0000,5.0,81.37,0.4297,0.0360,5577.29,0.0,5.02332,11.7453,19.8269,39.75,101.16,193.602,187.757,182.136,177.613,172.452,166.22,157.386,130.757,107.861,81.2349,54.4658,35.306,23.8697,11.7173
4.464,-0.0000,1.0000,0.0000,5.0,81.77,0.4267,0.0360,5601.89,0.0,5.04965,11.8069,19.9308,39.9581,101.688,193.057,187.225,181.614,177.101,171.954,165.743,156.964,130.485,107.636,81.0656,54.3521,35.2323,23.8198,11.6928
4.488,-0.0000,1.0000,0.0000,5.0,82.17,0.4237,0.0360,5628.13,0.0,5.07612,11.8688,20.0353,40.1678,102.223,192.508,186.69,181.089,176.586,171.453,165.263,156.538,130.209,107.409,80.8944,54.2375,35.158,23.7696,11.6682
4.507,-0.0000,1.0000,0.0000,5.0,82.56,0.4207,0.0360,5659.25,0.0,5.10271,11.9309,20.1402,40.3778,102.755,191.957,186.152,180.563,176.07,170.95,164.781,156.111,129.935,107.182,80.7236,54.1228,35.0835,23.7193,11.6434
4.532,-0.0000,1.0000,0.0000,5.0,82.97,0.4176,0.0360,5688.0,0.0,5.12942,11.9933,20.2454,40.5883,103.288,191.404,185.612,180.034,175.551,170.445,164.298,155.682,129.661,106.956,80.5527,54.0078,35.0089,23.6687,11.6186
4.551,-0.0000,1.0000,0.0000,5.0,83.37,0.4146,0.0360,5716.42,0.0,5.15627,12.0561,20.3513,40.8004,103.826,190.848,185.07,179.502,175.03,169.938,163.812,155.25,129.384,106.727,80.3801,53.892,34.9337,23.6179,11.5936
4.577,-0.0000,1.0000,0.0000,5.0,83.77,0.4115,0.0360,5744.88,0.0,5.18326,12.1192,20.4578,41.0139,104.369,190.289,184.524,178.967,174.505,169.427,163.323,154.814,129.104,106.496,80.2062,53.7753,34.8581,23.5667,11.5685
4.594,-0.0000,1.0000,0.0000,5.0,84.18,0.4084,0.0360,5773.32,0.0,5.21037,12.1826,20.5648,41.2284,104.915,189.728,183.975,178.43,173.978,168.913,162.831,154.375,128.822,106.264,80.0311,53.658,34.782,23.5154,11.5433
4.620,-0.0000,1.0000,0.0000,5.0,84.59,0.4053,0.0360,5801.8,0.0,5.23761,12.2463,20.6723,41.4441,105.464,189.163,183.424,177.89,173.448,168.397,162.337,153.933,128.539,106.03,79.8551,53.5401,34.7056,23.4637,11.5179
4.638,-0.0000,1.0000,0.0000,5.0,85.00,0.4022,0.0360,5830.4,0.0,5.26499,12.3103,20.7805,41.661,106.017,188.595,182.87,177.347,172.915,167.879,161.84,153.488,128.253,105.795,79.6781,53.4215,34.6288,23.4118,11.4924
4.664,-0.0000,1.0000,0.0000,5.0,85.42,0.3991,0.0360,5859.28,0.0,5.29252,12.3747,20.8892,41.879,106.573,188.025,182.313,176.801,172.38,167.358,161.34,153.04,127.967,105.559,79.5003,53.3023,34.5516,23.3596,11.4668
4.682,-0.0000,1.0000,0.0000,5.0,85.83,0.3960,0.0360,5888.45,0.0,5.32016,12.4393,20.9983,42.0979,107.13,187.452,181.754,176.253,171.842,166.834,160.839,152.59,127.679,105.321,79.3217,53.1826,34.474,23.3071,11.4411
4.707,-0.0000,1.0000,0.0000,5.0,86.25,0.3928,0.0360,5917.9,0.0,5.34795,12.5043,21.108,42.3178,107.69,186.876,181.191,175.702,171.302,166.308,160.335,152.138,127.39,105.083,79.1424,53.0624,34.3961,23.2545,11.4152
4.726,-0.0000,1.0000,0.0000,5.0,86.67,0.3896,0.0360,5947.62,0.0,5.37585,12.5696,21.2181,42.5387,108.253,186.298,180.626,175.148,170.759,165.779,159.828,151.683,127.1,104.844,78.9622,52.9416,34.3178,23.2016,11.3893
4.751,-0.0000,1.0000,0.0000,5.0,87.09,0.3865,0.0360,5977.56,0.0,5.40392,12.6352,21.3289,42.7609,108.819,185.717,180.058,174.592,170.213,165.248,159.319,151.225,126.808,104.603,78.781,52.8202,34.2391,23.1484,11.3631
4.770,-0.0000,1.0000,0.0000,5.0,87.52,0.3833,0.0360,6007.63,0.0,5.4321,12.7011,21.4402,42.984,109.387,185.132,179.488,174.033,169.665,164.714,158.808,150.765,126.515,104.361,78.599,52.6982,34.1601,23.0949,11.3369
4.794,-0.0000,1.0000,0.0000,5.0,87.94,0.3800,0.0360,6037.81,0.0,5.46043,12.7673,21.552,43.2084,109.959,184.545,178.914,173.471,169.114,164.178,158.294,150.301,126.22,104.118,78.416,52.5755,34.0806,23.0412,11.3106
4.814,-0.0000,1.0000,0.0000,5.0,88.37,0.3768,0.0360,6068.07,0.0,5.48892,12.834,21.6645,43.4339,110.533,183.955,178.338,172.906,168.56,163.639,157.777,149.835,125.924,103.874,78.2319,52.4522,34.0007,22.9872,11.284
4.838,-0.0000,1.0000,0.0000,5.0,88.80,0.3736,0.0360,6099.3,0.0,5.51752,12.9008,21.7774,43.6603,111.11,183.363,177.759,172.339,168.004,163.097,157.258,149.367,125.627,103.629,78.0474,52.3285,33.9205,22.933,11.2574
4.857,-0.0000,1.0000,0.0000,5.0,89.24,0.3703,0.0360,6129.93,0.0,5.54625,12.968,21.8908,43.8877,111.688,182.767,177.177,171.769,167.445,162.553,156.736,148.895,125.328,103.383,77.862,52.2042,33.8399,22.8785,11.2307
4.883,-0.0000,1.0000,0.0000,5.0,89.67,0.3670,0.0360,6160.38,0.0,5.57513,13.0355,22.0048,44.1163,112.27,182.168,176.592,171.196,166.883,162.006,156.212,148.421,125.028,103.135,77.6756,52.0792,33.7589,22.8237,11.2038
4.901,-0.0000,1.0000,0.0000,5.0,90.11,0.3637,0.0360,6190.87,0.0,5.60415,13.1034,22.1194,44.346,112.855,181.567,176.004,170.62,166.318,161.456,155.685,147.945,124.726,102.886,77.4883,51.9537,33.6775,22.7687,11.1768
4.927,-0.0000,1.0000,0.0000,5.0,90.55,0.3604,0.0360,6221.55,0.0,5.63331,13.1716,22.2345,44.5768,113.443,180.963,175.413,170.041,165.751,160.904,155.156,147.465,124.423,102.636,77.3,51.8275,33.5957,22.7134,11.1497
4.945,-0.0000,1.0000,0.0000,5.0,91.00,0.3571,0.0360,6252.53,0.0,5.66263,13.2401,22.3502,44.8089,114.034,180.355,174.819,169.46,165.181,160.349,154.624,146.983,124.119,102.385,77.1108,51.7006,33.5135,22.6579,11.1224
4.970,-0.0000,1.0000,0.0000,5.0,91.44,0.3537,0.0360,6283.82,0.0,5.6921,13.3091,22.4665,45.0421,114.628,179.745,174.223,168.875,164.608,159.791,154.089,146.497,123.812,102.132,76.9205,51.5731,33.4309,22.602,11.095
4.989,-0.0000,1.0000,0.0000,5.0,91.89,0.3504,0.0360,6315.42,0.0,5.72172,13.3783,22.5835,45.2766,115.225,179.131,173.623,168.288,164.032,159.231,153.552,146.009,123.504,101.879,76.7293,51.4449,33.3478,22.5458,11.0674
5.014,-0.0000,1.0000,0.0000,5.0,92.34,0.3470,0.0360,6347.26,0.0,5.75144,13.4478,22.7008,45.5119,115.824,178.515,173.02,167.698,163.454,158.668,153.012,145.518,123.195,101.624,76.5375,51.3163,33.2645,22.4895,11.0398
5.038,-0.0000,1.0000,0.0000,5.0,92.79,0.3436,0.0360,6379.31,0.0,5.78133,13.5177,22.8188,45.7485,116.427,177.896,172.415,167.105,162.872,158.102,152.469,145.025,122.885,101.368,76.3445,51.187,33.1806,22.4328,11.0119
5.057,-0.0000,1.0000,0.0000,5.0,93.25,0.3402,0.0360,6411.52,0.0,5.81139,13.588,22.9375,45.9865,117.033,177.273,171.806,166.509,162.288,157.533,151.924,144.528,122.572,101.11,76.1505,51.0569,33.0963,22.3758,10.984
5.083,-0.0000,1.0000,0.0000,5.0,93.70,0.3368,0.0360,6443.88,0.0,5.84156,13.6586,23.0566,46.2254,117.641,176.648,171.194,165.91,161.701,156.962,151.375,144.029,122.258,100.851,75.9556,50.9263,33.0117,22.3186,10.9559
5.101,-0.0000,1.0000,0.0000,5.0,94.16,0.3333,0.0360,6476.35,0.0,5.8719,13.7295,23.1764,46.4656,118.254,176.019,170.579,165.308,161.111,156.387,150.825,143.526,121.943,100.591,75.7597,50.795,32.9266,22.2611,10.9277
5.126,-0.0000,1.0000,0.0000,5.0,94.62,0.3299,0.0360,6508.91,0.0,5.90237,13.8008,23.2967,46.7069,118.868,175.388,169.962,164.703,160.518,155.81,150.271,143.021,121.626,100.329,75.5629,50.6631,32.8411,22.2033,10.8993
5.144,-0.0000,1.0000,0.0000,5.0,95.09,0.3264,0.0360,6542.01,0.0,5.933,13.8724,23.4176,46.9494,119.486,174.753,169.341,164.095,159.922,155.23,149.715,142.513,121.307,100.067,75.3652,50.5306,32.7553,22.1453,10.8708
5.170,-0.0000,1.0000,0.0000,5.0,95.55,0.3229,0.0360,6575.46,0.0,5.96379,13.9444,23.5391,47.193,120.106,174.115,168.717,163.484,159.323,154.647,149.156,142.002,120.988,99.803,75.1665,50.3974,32.6689,22.0869,10.8422
5.188,-0.0000,1.0000,0.0000,5.0,96.02,0.3194,0.0360,6608.4,0.0,5.99471,14.0167,23.6612,47.4378,120.729,173.474,168.09,162.871,158.721,154.062,148.594,141.489,120.666,99.5378,74.9669,50.2636,32.5822,22.0283,10.8134
5.213,-0.0000,1.0000,0.0000,5.0,96.49,0.3159,0.0360,6641.29,0.0,6.02579,14.0894,23.7839,47.6838,121.356,172.83,167.459,162.254,158.117,153.473,148.03,140.972,120.343,99.2715,74.7663,50.1291,32.495,21.9694,10.7845
5.232,-0.0000,1.0000,0.0000,5.0,96.97,0.3123,0.0360,6674.37,0.0,6.05703,14.1624,23.9072,47.9311,121.986,172.183,166.826,161.634,157.509,152.882,147.462,140.452,120.019,99.0037,74.5647,49.994,32.4074,21.9101,10.7554
5.257,-0.0000,1.0000,0.0000,5.0,97.44,0.3087,0.0360,6707.71,0.0,6.08843,14.2358,24.0311,48.1796,122.618,171.533,166.189,161.011,156.899,152.288,146.892,139.93,119.692,98.7346,74.362,49.8581,32.3194,21.8506,10.7262
5.277,-0.0000,1.0000,0.0000,5.0,97.92,0.3052,0.0360,6741.38,0.0,6.11997,14.3096,24.1557,48.4294,123.254,170.879,165.55,160.384,156.285,151.69,146.319,139.404,119.364,98.4642,74.1585,49.7216,32.2309,21.7908,10.6968
5.302,-0.0000,1.0000,0.0000,5.0,98.40,0.3016,0.0360,6775.36,0.0,6.15167,14.3837,24.2808,48.6803,123.893,170.222,164.907,159.755,155.668,151.09,145.743,138.876,119.035,98.1924,73.9538,49.5845,32.142,21.7307,10.6673
5.320,-0.0000,1.0000,0.0000,5.0,98.89,0.2980,0.0360,6809.6,0.0,6.18353,14.4582,24.4066,48.9325,124.535,169.562,164.261,159.123,155.049,150.487,145.165,138.344,118.704,97.9194,73.7482,49.4467,32.0527,21.6703,10.6377
5.346,-0.0000,1.0000,0.0000,5.0,99.37,0.2943,0.0360,6844.09,0.0,6.21554,14.5331,24.5329,49.1859,125.181,168.899,163.611,158.487,154.426,149.881,144.583,137.81,118.371,97.645,73.5416,49.3081,31.9629,21.6096,10.6079
5.364,-0.0000,1.0000,0.0000,5.0,99.86,0.2907,0.0360,6878.77,0.0,6.24771,14.6083,24.6599,49.4406,125.83,168.233,162.958,157.849,153.8,149.272,143.998,137.272,118.037,97.3692,73.3339,49.1689,31.8727,21.5486,10.578
5.388,-0.0000,1.0000,0.0000,6,100.35,0.2870,0.0360,6913.58,0.0,6.28003,14.6839,24.7876,49.6966,126.482,167.563,162.302,157.207,153.171,148.66,143.411,136.731,117.701,97.0919,73.1252,49.029,31.782,21.4874,10.5479
5.407,-0.0000,1.0000,0.0000,6,100.50,0.2833,0.0360,6348.29,0.0,6.31245,14.7597,24.9156,49.9533,127.136,166.891,161.644,156.563,152.54,148.046,142.822,136.189,117.363,96.8139,72.9159,48.8887,31.6911,21.4259,10.5177
5.432,-0.0000,1.0000,0.0000,6,100.41,0.2796,0.0360,6364.23,0.0,6.34489,14.8355,25.0436,50.2101,128.379,166.219,160.986,155.919,151.909,147.432,142.232,135.646,117.026,96.5357,72.7064,48.7484,31.6001,21.3644,10.4875
5.451,-0.0000,1.0000,0.0000,6,100.33,0.2760,0.0360,6143.78,0.0,6.37733,14.9114,25.1717,50.4669,175.669,165.547,160.328,155.275,151.278,146.818,141.643,135.102,116.689,96.2577,72.497,48.608,31.5092,21.3029,10.4573
5.476,-0.0000,1.0000,0.0000,6,100.57,0.2723,0.0360,6315.75,0.0,6.40976,14.9872,25.2998,50.7239,174.956,164.875,159.67,154.631,150.647,146.204,141.054,134.558,116.351,95.9792,72.2875,48.4676,31.4182,21.2414,10.4272
5.495,-0.0000,1.0000,0.0000,6,100.96,0.2686,0.0360,6341.02,0.0,6.44232,15.0634,25.4283,50.9816,174.241,164.201,159.009,153.985,150.014,145.588,140.462,134.013,116.013,95.7001,72.0773,48.3267,31.3269,21.1797,10.3969
5.520,-0.0000,1.0000,0.0000,6,101.36,0.2649,0.0360,6361.9,0.0,6.47497,15.1397,25.5572,51.2401,173.523,163.524,158.346,153.336,149.378,144.97,139.869,133.464,115.674,95.4203,71.8666,48.1855,31.2353,21.1178,10.3665
5.546,-0.0000,1.0000,0.0000,6,101.76,0.2611,0.0360,6383.7,0.0,6.50775,15.2164,25.6866,51.4996,172.802,162.845,157.68,152.685,148.74,144.349,139.273,132.913,115.333,95.1394,71.655,48.0436,31.1434,21.0556,10.336
5.564,-0.0000,1.0000,0.0000,6,102.16,0.2574,0.0360,6407.32,0.0,6.54069,15.2934,25.8166,51.7604,172.078,162.163,157.011,152.031,148.1,143.725,138.674,132.36,114.991,94.8569,71.4424,47.9011,31.051,20.9932,10.3053
5.588,-0.0000,1.0000,0.0000,6,102.55,0.2537,0.0360,6432.66,0.0,6.57374,15.3707,25.9471,52.0222,171.351,161.478,156.34,151.374,147.456,143.1,138.073,131.804,114.647,94.5735,71.229,47.758,30.9583,20.9305,10.2746
5.607,-0.0000,1.0000,0.0000,6,102.95,0.2499,0.0360,6459.19,0.0,6.60692,15.4483,26.0781,52.2849,170.621,160.79,155.666,150.715,146.811,142.471,137.47,131.245,114.302,94.289,71.0148,47.6145,30.8653,20.8676,10.2437
5.632,-0.0000,1.0000,0.0000,6,103.35,0.2461,0.0360,6486.61,0.0,6.64024,15.5262,26.2097,52.5487,169.889,160.1,154.989,150.053,146.163,141.841,136.864,130.684,113.955,94.0032,70.7996,47.4703,30.7718,20.8044,10.2127
5.651,-0.0000,1.0000,0.0000,6,103.75,0.2423,0.0360,6513.54,0.0,6.67369,15.6044,26.3418,52.8137,169.154,159.407,154.31,149.389,145.512,141.208,136.256,130.121,113.608,93.7164,70.5836,47.3255,30.678,20.741,10.1816
5.676,-0.0000,1.0000,0.0000,6,104.16,0.2385,0.0360,6539.84,0.0,6.70731,15.6831,26.4745,53.0799,168.415,158.711,153.628,148.721,144.858,140.572,135.645,129.554,113.258,93.4281,70.3666,47.18,30.5837,20.6773,10.1503
5.695,-0.0000,1.0000,0.0000,6,104.56,0.2347,0.0360,6565.81,0.0,6.74098,15.7618,26.6075,53.3465,167.674,158.013,152.943,148.052,144.202,139.934,135.033,128.986,112.908,93.1393,70.1491,47.0343,30.4892,20.6134,10.119
5.720,-0.0000,1.0000,0.0000,6,104.97,0.2308,0.0360,6591.88,0.0,6.7748,15.8409,26.741,53.6143,166.931,157.312,152.256,147.38,143.544,139.293,134.418,128.415,112.556,92.8493,69.9308,46.8879,30.3944,20.5493,10.0875
5.738,-0.0000,1.0000,0.0000,6,105.38,0.2270,0.0360,6618.17,0.0,6.80873,15.9202,26.8749,53.8829,166.184,156.608,151.565,146.705,142.883,138.651,133.8,127.841,112.204,92.5586,69.7119,46.7411,30.2993,20.485,10.0559
5.763,-0.0000,1.0000,0.0000,6,105.79,0.2231,0.0360,6644.07,0.0,6.8428,15.9999,27.0094,54.1526,165.435,155.901,150.873,146.028,142.22,138.005,133.18,127.266,111.85,92.2666,69.492,46.5937,30.2037,20.4204,10.0242
5.782,-0.0000,1.0000,0.0000,6,106.20,0.2192,0.0360,6670.01,0.0,6.87706,16.08,27.1447,54.4239,164.682,155.191,150.177,145.347,141.554,137.357,132.558,126.686,111.494,91.9729,69.2709,46.4455,30.1077,20.3555,9.99234
5.807,-0.0000,1.0000,0.0000,6,106.62,0.2153,0.0360,6696.17,0.0,6.91145,16.1604,27.2804,54.6962,163.926,154.478,149.478,144.664,140.885,136.706,131.933,126.105,111.136,91.678,69.0488,46.2967,30.0112,20.2903,9.96034
5.826,-0.0000,1.0000,0.0000,6,107.03,0.2114,0.0360,6722.62,0.0,6.94597,16.2412,27.4168,54.9697,163.168,153.763,148.776,143.978,140.213,136.053,131.305,125.521,110.777,91.382,68.8259,46.1473,29.9144,20.2248,9.92821
5.851,-0.0000,1.0000,0.0000,6,107.45,0.2075,0.0360,6749.32,0.0,6.98059,16.3221,27.5534,55.2437,162.407,153.044,148.072,143.29,139.539,135.398,130.675,124.934,110.417,91.0853,68.6025,45.9975,29.8173,20.1592,9.896
5.870,-0.0000,1.0000,0.0000,6,107.87,0.2035,0.0360,6776.25,0.0,7.01536,16.4034,27.6907,55.5191,161.642,152.323,147.365,142.599,138.863,134.739,130.043,124.345,110.056,90.7872,68.378,45.847,29.7198,20.0933,9.86364
5.895,-0.0000,1.0000,0.0000,6,108.29,0.1996,0.0360,6803.3,0.0,7.05027,16.4851,27.8286,55.7955,160.875,151.598,146.655,141.905,138.183,134.079,129.408,123.753,109.693,90.4879,68.1527,45.696,29.6219,20.0271,9.83116
5.913,-0.0000,1.0000,0.0000,6,108.71,0.1956,0.0360,6830.47,0.0,7.08534,16.5671,27.967,56.0732,160.104,150.871,145.942,141.208,137.501,133.415,128.77,123.159,109.328,90.1872,67.9263,45.5443,29.5235,19.9606,9.79853
5.938,-0.0000,1.0000,0.0000,6,109.14,0.1916,0.0360,6857.71,0.0,7.12048,16.6492,28.1057,56.3515,159.331,150.141,145.227,140.509,136.817,132.749,128.13,122.562,108.963,89.8859,67.6994,45.3922,29.425,19.894,9.76583
5.957,-0.0000,1.0000,0.0000,6,109.56,0.1876,0.0360,6884.96,0.0,7.15579,16.7318,28.2452,56.6312,158.555,149.407,144.508,139.807,136.129,132.081,127.488,121.962,108.596,89.5831,67.4714,45.2394,29.326,19.827,9.73297
5.982,-0.0000,1.0000,0.0000,6,109.99,0.1835,0.0360,6912.29,0.0,7.19126,16.8148,28.3852,56.9121,157.775,148.671,143.786,139.102,135.439,131.41,126.843,121.359,108.227,89.279,67.2425,45.0859,29.2265,19.7598,9.69997
6.001,-0.0000,1.0000,0.0000,6,110.42,0.1795,0.0360,6939.95,0.0,7.22687,16.8981,28.5258,57.194,156.993,147.932,143.062,138.395,134.746,130.736,126.195,120.754,107.857,88.9738,67.0126,44.9318,29.1266,19.6923,9.66683
6.026,-0.0000,1.0000,0.0000,6,110.85,0.1754,0.0360,6967.45,0.0,7.26259,16.9816,28.6668,57.4768,156.208,147.189,142.335,137.684,134.051,130.06,125.545,120.147,107.486,88.6678,66.7822,44.7773,29.0265,19.6246,9.6336
6.045,-0.0000,1.0000,0.0000,6,111.28,0.1714,0.0360,6994.95,0.0,7.29846,17.0655,28.8084,57.7609,155.419,146.444,141.605,136.971,133.353,129.381,124.892,119.536,107.113,88.3602,66.5506,44.6221,28.9259,19.5566,9.60022
6.070,-0.0000,1.0000,0.0000,6,111.72,0.1673,0.0360,7022.56,0.0,7.33445,17.1496,28.9506,58.0459,154.627,145.695,140.872,136.255,132.652,128.699,124.237,118.923,106.739,88.0516,66.3183,44.4663,28.8249,19.4883,9.56673
6.089,0.2313,1.0000,0.0000,6,112.15,0.1632,0.0360,7050.31,0.0,7.37056,17.2341,29.0931,58.3319,153.833,144.944,140.136,135.536,131.948,128.015,123.579,118.308,106.364,87.742,66.0852,44.3101,28.7237,19.4199,9.53313
6.113,0.3844,1.0000,0.0000,6,112.56,0.1593,0.0334,7079.59,0.0,7.38383,17.1661,28.7973,56.8783,153.986,145.048,140.331,135.837,132.349,128.55,124.314,119.387,109.638,90.4165,67.5301,44.8999,28.9307,19.4879,9.52471
6.138,0.4413,1.0000,0.0000,6,112.93,0.1563,0.0248,7117.18,0.0,7.34368,16.7626,27.5772,52.0844,156.364,147.084,142.526,138.3,135.059,131.583,127.798,123.578,116.407,101.421,73.4169,47.3662,29.8875,19.8824,9.57666
6.157,0.4022,1.0000,0.0000,6,113.25,0.1543,0.0118,7160.25,0.0,7.26173,16.138,25.8377,46.0544,87.474,150.786,146.037,142.076,139.118,135.99,132.655,129.055,123.384,115.243,84.9842,51.8616,31.5658,20.5715,9.68151
6.183,-0.0000,1.0000,0.0000,6,113.57,0.1536,-0.0041,7203.8,0.0,7.15228,15.4135,23.96,40.3149,68.7429,107.822,150.715,146.522,143.68,140.851,137.879,134.735,129.962,123.746,105.398,58.7725,33.9513,21.5186,9.82947
6.201,-0.0000,1.0000,0.0000,6,113.92,0.1542,-0.0205,7240.61,0.0,7.03419,14.7135,22.2626,35.6808,56.2419,79.1306,101.106,151.468,148.397,145.458,142.644,139.814,135.602,130.327,118.088,68.2582,36.8795,22.625,10.0009
6.226,-0.0000,1.0000,0.0000,6,114.38,0.1553,-0.0299,7243.52,0.0,6.96218,14.3284,21.3769,33.4506,50.8997,68.9637,85.0956,154.166,150.957,147.891,144.957,142.148,138.181,133.279,122.425,75.2487,38.8224,23.3292,10.1102
6.245,-0.0000,1.0000,0.0000,6,114.85,0.1570,-0.0339,7247.96,0.0,6.92214,14.1505,20.9915,32.5388,48.8554,65.3007,79.6177,98.5369,151.653,148.539,145.56,142.709,138.818,134.067,123.704,78.7454,39.7514,23.6665,10.1683
6.270,-0.0000,1.0000,0.0000,6,115.31,0.1594,-0.0354,7263.6,0.0,6.89336,14.0559,20.8066,32.1392,48.0205,63.8726,77.5486,95.4457,151.465,148.341,145.354,142.496,138.632,133.952,123.812,80.2808,40.175,23.8318,10.2052
6.288,-0.0000,1.0000,0.0000,6,115.77,0.1622,-0.0359,7286.14,0.0,6.86745,13.9928,20.7003,31.9427,47.6601,63.3052,76.7679,94.3375,150.886,147.77,144.791,141.94,138.096,133.459,123.442,80.8871,40.3741,23.9243,10.2348
6.313,-0.0000,1.0000,0.0000,6,116.22,0.1654,-0.0359,7312.42,0.0,6.84099,13.9383,20.619,31.8154,47.4665,63.0432,76.4451,93.9328,150.156,147.055,144.09,141.253,137.43,132.823,122.895,81.1336,40.4913,23.9924,10.2634
6.332,-0.0000,1.0000,0.0000,6,116.67,0.1689,-0.0358,7340.6,0.0,6.81292,13.8834,20.5409,31.7023,47.3131,62.8597,76.2436,93.7189,149.381,146.297,143.348,140.527,136.724,132.145,122.297,81.281,40.5892,24.0564,10.2931
6.358,-0.0000,1.0000,0.0000,6,117.13,0.1726,-0.0357,7369.54,0.0,6.78318,13.8256,20.4586,31.5838,47.1538,62.6712,76.0392,93.5064,148.602,145.534,142.602,139.796,136.014,131.463,121.694,81.4287,40.691,24.1236,10.3245
6.376,-0.0000,1.0000,0.0000,6,117.58,0.1765,-0.0356,7398.75,0.0,6.75199,13.7642,20.3707,31.4551,46.9763,62.4545,75.7964,93.2401,147.828,144.778,141.862,139.071,135.31,130.788,121.101,81.6058,40.8028,24.1956,10.3576
6.402,-0.0000,1.0000,0.0000,6,118.04,0.1805,-0.0355,7428.08,0.0,6.71966,13.7,20.2777,31.3168,46.7807,62.2088,75.5132,92.916,147.063,144.029,141.129,138.353,134.613,130.121,120.518,81.8139,40.9244,24.272,10.392
6.420,-0.0000,1.0000,0.0000,6,118.50,0.1846,-0.0354,7457.38,0.0,6.68648,13.6336,20.1809,31.1711,46.5708,61.9401,75.1979,92.5454,146.304,143.286,140.4,137.639,133.921,129.459,119.941,82.047,41.0537,24.3518,10.4274
6.445,-0.0000,1.0000,0.0000,6,118.96,0.1887,-0.0354,7486.69,0.0,6.65269,13.5655,20.0812,31.0199,46.3505,61.6545,74.8589,92.1407,145.547,142.545,139.675,136.929,133.232,128.8,119.369,82.2984,41.1886,24.4341,10.4635
6.464,-0.0000,1.0000,0.0000,6,119.42,0.1929,-0.0354,7516.07,0.0,6.61837,13.4962,19.9793,30.8644,46.1222,61.3562,74.5023,91.7107,144.792,141.806,138.951,136.219,132.543,128.143,118.799,82.5635,41.3279,24.5183,10.5002
6.488,-0.0000,1.0000,0.0000,6,119.89,0.1972,-0.0354,7545.53,0.0,6.58368,13.4259,19.8758,30.7059,45.8883,61.0488,74.133,91.2626,144.038,141.068,138.227,135.51,131.855,127.486,118.229,82.8384,41.4702,24.604,10.5373
6.507,-0.0000,1.0000,0.0000,6,120.35,0.2014,-0.0353,7575.09,0.0,6.54868,13.3548,19.771,30.545,45.6499,60.7344,73.7541,90.8007,143.283,140.328,137.503,134.799,131.166,126.829,117.658,83.1208,41.6151,24.6907,10.5748
6.533,-0.0000,1.0000,0.0000,6,120.82,0.2058,-0.0353,7604.94,0.0,6.51341,13.2831,19.6651,30.3822,45.408,60.4145,73.3677,90.3283,142.526,139.587,136.777,134.088,130.476,126.17,117.086,83.4091,41.7619,24.7785,10.6126
6.551,-0.0000,1.0000,0.0000,6,121.29,0.2101,-0.0353,7635.06,0.0,6.47791,13.2109,19.5584,30.2178,45.1633,60.0903,72.9754,89.8476,141.768,138.844,136.049,133.375,129.784,125.51,116.512,83.702,41.9103,24.8669,10.6507
6.576,-0.0000,1.0000,0.0000,6,121.76,0.2144,-0.0353,7665.32,0.0,6.44221,13.1382,19.4509,30.052,44.9163,59.7626,72.5784,89.3604,141.007,138.1,135.32,132.659,129.09,124.848,115.936,83.9986,42.06,24.9561,10.689
6.595,-0.0000,1.0000,0.0000,6,122.23,0.2188,-0.0353,7695.72,0.0,6.40633,13.0651,19.3428,29.8852,44.6674,59.4321,72.1777,88.8682,140.245,137.353,134.588,131.942,128.394,124.184,115.357,84.2981,42.2108,25.0457,10.7275
6.620,-0.0000,1.0000,0.0000,6,122.71,0.2232,-0.0353,7726.16,0.0,6.37028,12.9916,19.2341,29.7174,44.4169,59.0992,71.7738,88.3716,139.479,136.604,133.854,131.222,127.696,123.517,114.775,84.6001,42.3626,25.1359,10.7662
6.639,-0.0000,1.0000,0.0000,6,123.18,0.2276,-0.0353,7756.65,0.0,6.33405,12.9178,19.1248,29.5486,44.1649,58.7642,71.3673,87.8715,138.712,135.851,133.117,130.5,126.995,122.848,114.191,84.9042,42.5152,25.2266,10.805
6.664,-0.0000,1.0000,0.0000,6,123.66,0.2321,-0.0353,7787.16,0.0,6.2977,12.8436,19.0151,29.3792,43.9117,58.4276,70.9587,87.3687,137.941,135.097,132.377,129.775,126.291,122.176,113.603,85.2098,42.6685,25.3176,10.844
6.689,-0.0000,1.0000,0.0000,6,124.14,0.2365,-0.0353,7817.78,0.0,6.26117,12.7692,18.9048,29.2089,43.6573,58.0892,70.5478,86.8631,137.167,134.339,131.635,129.047,125.584,121.501,113.012,85.5172,42.8226,25.4091,10.8832
6.707,-0.0000,1.0000,0.0000,6,124.62,0.2410,-0.0353,7848.51,0.0,6.2245,12.6944,18.7941,29.0379,43.4018,57.7492,70.1351,86.355,136.391,133.579,130.89,128.317,124.875,120.824,112.418,85.8261,42.9774,25.5009,10.9226
6.733,-0.0000,1.0000,0.0000,6,125.11,0.2455,-0.0353,7879.07,0.0,6.18767,12.6193,18.6829,28.8661,43.1451,57.4077,69.7203,85.8443,135.612,132.816,130.142,127.583,124.163,120.143,111.82,86.1365,43.1328,25.5932,10.9621
6.751,-0.0000,1.0000,0.0000,6,125.59,0.2500,-0.0353,7909.86,0.0,6.15072,12.5439,18.5713,28.6937,42.8874,57.0648,69.3039,85.3316,134.829,132.049,129.391,126.847,123.449,119.46,111.219,86.4167,43.2889,25.6858,11.0018
6.776,-0.0000,1.0000,0.0000,6,126.08,0.2545,-0.0353,7941.08,0.0,6.11359,12.4682,18.4592,28.5205,42.6285,56.7203,68.8855,84.8174,134.044,131.28,128.638,126.109,122.731,118.775,110.615,86.591,43.4457,25.7788,11.0416
6.795,-0.0000,1.0000,0.0000,6,126.56,0.2591,-0.0353,7972.49,0.0,6.07635,12.3923,18.3468,28.3467,42.3688,56.3747,68.4658,84.3146,133.256,130.508,127.881,125.367,122.011,118.086,110.008,86.6815,43.603,25.8722,11.0816
6.820,-0.0000,1.0000,0.0000,6,127.05,0.2636,-0.0353,8004.02,0.0,6.03893,12.3159,18.2338,28.1721,42.1078,56.0275,68.044,83.8296,132.465,129.733,127.122,124.623,121.288,117.394,109.397,86.7066,43.761,25.9659,11.1217
6.839,-0.0000,1.0000,0.0000,6,127.55,0.2682,-0.0353,8035.61,0.0,6.00138,12.2393,18.1204,27.9969,41.8459,55.6789,67.6207,83.3685,131.67,128.955,126.359,123.875,120.562,116.7,108.783,86.6786,43.9197,26.0601,11.1621
6.864,-0.0000,1.0000,0.0000,6,128.04,0.2728,-0.0353,8067.25,0.0,5.9637,12.1625,18.0066,27.8211,41.5831,55.3292,67.1959,82.9406,130.873,128.174,125.594,123.125,119.833,116.002,108.165,86.6061,44.0788,26.1545,11.2025
6.883,-0.0000,1.0000,0.0000,6,128.53,0.2774,-0.0353,8098.92,0.0,5.92584,12.0853,17.8923,27.6445,41.3191,54.9779,66.7692,82.559,130.072,127.39,124.826,122.372,119.101,115.302,107.544,86.4959,44.2387,26.2493,11.2431
6.907,-0.0000,1.0000,0.0000,6,129.03,0.2821,-0.0353,8130.6,0.0,5.88783,12.0078,17.7775,27.4671,41.054,54.6251,66.3407,82.2546,129.269,126.603,124.055,121.616,118.366,114.599,106.92,86.3528,44.3993,26.3446,11.2839
6.926,-0.0000,1.0000,0.0000,6,129.53,0.2867,-0.0353,8162.38,0.0,5.84968,11.9299,17.6623,27.2891,40.7879,54.271,65.9107,82.1068,128.462,125.813,123.281,120.857,117.628,113.893,106.293,86.1806,44.5605,26.4402,11.3249
6.951,-0.0000,1.0000,0.0000,6,130.03,0.2914,-0.0353,8194.06,0.0,5.81138,11.8518,17.5467,27.1104,40.5207,53.9155,65.4789,130.408,127.652,125.02,122.503,120.095,116.888,113.184,105.662,85.9826,44.7222,26.5362,11.366
6.970,-0.0000,1.0000,0.0000,6,130.53,0.2961,-0.0353,8225.5,0.0,5.77296,11.7735,17.4307,26.9312,40.2527,53.5589,65.0457,129.577,126.839,124.224,121.723,119.33,116.144,112.472,105.027,85.761,44.8846,26.6325,11.4072
6.995,-0.0000,1.0000,0.0000,6,131.04,0.3008,-0.0353,8257.78,0.0,5.73438,11.6948,17.3141,26.7511,39.9836,53.2008,64.6107,128.743,126.023,123.424,120.94,118.562,115.398,111.757,104.39,85.5182,45.0476,26.7292,11.4486
7.014,-0.0000,1.0000,0.0000,6,131.54,0.3055,-0.0353,8290.42,0.0,5.69565,11.6158,17.1972,26.5704,39.7134,52.8412,64.174,127.906,125.204,122.622,120.154,117.792,114.648,111.039,103.748,85.256,45.2112,26.8263,11.4902
7.039,-0.0000,1.0000,0.0000,6,132.05,0.3102,-0.0353,8323.21,0.0,5.65675,11.5365,17.0797,26.3889,39.4421,52.4801,63.7354,127.066,124.381,121.817,119.365,117.018,113.896,110.318,103.104,84.9757,45.3755,26.9237,11.5319
7.057,-0.0000,1.0000,0.0000,6,132.56,0.3150,-0.0353,8356.07,0.0,5.61772,11.4569,16.9619,26.2068,39.1699,52.1179,63.2954,126.223,123.556,121.008,118.572,116.241,113.14,109.593,102.456,84.6787,45.5404,27.0216,11.5738
7.082,-0.0000,1.0000,0.0000,6,133.07,0.3198,-0.0353,8388.93,0.0,5.57852,11.3769,16.8435,26.0239,38.8965,51.754,62.8534,125.376,122.727,120.197,117.777,115.462,112.382,108.866,101.805,84.3662,45.706,27.1198,11.6159
7.101,-0.0000,1.0000,0.0000,6,133.58,0.3246,-0.0353,8421.7,0.0,5.5392,11.2967,16.7247,25.8404,38.6222,51.389,62.4101,124.526,121.895,119.382,116.979,114.679,111.62,108.136,101.15,84.0389,45.8722,27.2184,11.6581
7.126,-0.0000,1.0000,0.0000,6,134.10,0.3294,-0.0353,8454.45,0.0,5.4997,11.2162,16.6055,25.6561,38.3467,51.0225,61.965,123.673,121.06,118.564,116.177,113.893,110.856,107.403,100.492,83.6978,46.039,27.3173,11.7005
7.145,-0.0000,1.0000,0.0000,6,134.61,0.3342,-0.0353,8487.26,0.0,5.46006,11.1353,16.4858,25.4712,38.0703,50.6546,61.5182,122.817,120.222,117.743,115.372,113.104,110.088,106.667,99.8299,83.3437,46.2064,27.4167,11.743
7.170,-0.0000,1.0000,0.0000,6,135.13,0.3391,-0.0353,8519.67,0.0,5.42027,11.0541,16.3656,25.2855,37.7927,50.2853,61.0696,121.957,119.38,116.918,114.565,112.313,109.318,105.928,99.1648,82.9772,46.3746,27.5164,11.7857
7.189,-0.0000,1.0000,0.0000,6,135.65,0.3439,-0.0353,8552.09,0.0,5.38033,10.9727,16.245,25.0991,37.5141,49.9145,60.6192,121.094,118.535,116.091,113.754,111.518,108.544,105.185,98.4963,82.599,46.5433,27.6165,11.8286
7.214,-0.0000,1.0000,0.0000,6,136.18,0.3488,-0.0353,8585.54,0.0,5.34022,10.8909,16.1239,24.912,37.2344,49.5422,60.167,120.227,117.687,115.26,112.94,110.72,107.767,104.44,97.8242,82.2095,46.7128,27.7171,11.8717
7.239,-0.0000,1.0000,0.0000,6,136.70,0.3537,-0.0353,8619.43,0.0,5.29996,10.8088,16.0023,24.7241,36.9535,49.1685,59.7131,119.358,116.836,114.427,112.123,109.919,106.988,103.691,97.1489,81.8092,46.8829,27.818,11.9149
7.258,-0.0000,1.0000,0.0000,6,137.22,0.3587,-0.0353,8653.5,0.0,5.25955,10.7264,15.8803,24.5356,36.6717,48.7934,59.2576,118.485,115.981,113.59,111.303,109.115,106.205,102.939,96.4699,81.3986,47.0536,27.9192,11.9582
7.276,-0.0000,1.0000,0.0000,6,137.75,0.3636,-0.0353,8687.59,0.0,5.21897,10.6436,15.7578,24.3462,36.3887,48.4168,58.8001,117.608,115.123,112.749,110.48,108.308,105.42,102.185,95.7877,80.9781,47.2251,28.0209,12.0018
7.301,-0.0000,1.0000,0.0000,6,138.28,0.3686,-0.0353,8721.61,0.0,5.17826,10.5606,15.6348,24.1562,36.1047,48.0389,58.3411,116.728,114.262,111.906,109.653,107.497,104.631,101.427,95.1019,80.5479,47.3971,28.123,12.0455
7.326,-0.0000,1.0000,0.0000,6,138.81,0.3736,-0.0353,8755.47,0.0,5.13738,10.4772,15.5114,23.9655,35.8196,47.6596,57.8804,115.845,113.397,111.059,108.823,106.684,103.839,100.666,94.4125,80.1084,47.5698,28.2254,12.0894
7.346,-0.0000,1.0000,0.0000,6,139.34,0.3786,-0.0353,8789.27,0.0,5.09636,10.3935,15.3875,23.7742,35.5335,47.2789,57.4181,114.958,112.529,110.209,107.99,105.867,103.045,99.9013,93.7196,79.6598,47.743,28.3282,12.1334
7.371,-0.0000,1.0000,0.0000,6,139.88,0.3836,-0.0353,8823.15,0.0,5.05517,10.3095,15.2632,23.582,35.2463,46.8967,56.9539,114.068,111.658,109.356,107.154,105.048,102.247,99.134,93.0233,79.2026,47.917,28.4315,12.1776
7.389,-0.0000,1.0000,0.0000,6,140.41,0.3886,-0.0353,8855.71,0.0,5.01383,10.2252,15.1383,23.3891,34.9579,46.513,56.4878,113.175,110.784,108.499,106.315,104.225,101.446,98.3633,92.3235,78.737,48.0917,28.5351,12.222
7.414,-0.0000,1.0000,0.0000,6,140.95,0.3937,-0.0353,8889.7,0.0,4.97232,10.1405,15.013,23.1954,34.6684,46.1277,56.0198,112.278,109.906,107.64,105.473,103.399,100.642,97.5895,91.6202,78.2632,48.2671,28.6391,12.2665
7.432,-0.0000,1.0000,0.0000,6,141.49,0.3988,-0.0353,8924.52,0.0,4.93064,10.0555,14.8871,23.0009,34.3776,45.7408,55.5498,111.378,109.025,106.777,104.627,102.57,99.8352,96.8127,90.9134,77.7815,48.4433,28.7436,12.3113
7.458,-0.0000,1.0000,0.0000,6,142.03,0.4039,-0.0353,8959.74,0.0,4.88881,9.97021,14.7608,22.8057,34.0859,45.3525,55.0783,110.474,108.14,105.91,103.778,101.738,99.0251,96.0325,90.2032,77.2919,48.62,28.8485,12.3562
7.476,-0.0000,1.0000,0.0000,6,142.57,0.4090,-0.0353,8995.09,0.0,4.84683,9.88459,14.634,22.6098,33.7931,44.9629,54.6051,109.567,107.252,105.04,102.926,100.902,98.2119,95.2491,89.4893,76.7946,48.7974,28.9537,12.4012
7.501,-0.0000,1.0000,0.0000,6,143.12,0.4141,-0.0353,9030.33,0.0,4.80467,9.79861,14.5067,22.4131,33.4991,44.5717,54.1299,108.657,106.361,104.168,102.071,100.064,97.3957,94.4626,88.772,76.29,48.9755,29.0593,12.4465
7.520,-0.0000,1.0000,0.0000,6,143.66,0.4193,-0.0353,9065.36,0.0,4.76236,9.71231,14.3789,22.2157,33.204,44.179,53.653,107.743,105.466,103.291,101.212,99.2221,96.5764,93.6728,88.051,75.7779,49.1542,29.1654,12.4919
7.545,-0.0000,1.0000,0.0000,6,144.21,0.4245,-0.0353,9100.18,0.0,4.71988,9.62568,14.2507,22.0176,32.9078,43.7849,53.1743,106.825,104.568,102.411,100.35,98.377,95.7538,92.8797,87.3265,75.2587,49.3337,29.2718,12.5375
7.565,-0.0000,1.0000,0.0000,6,144.76,0.4297,-0.0353,9134.99,0.0,4.67723,9.53871,14.1219,21.8186,32.6104,43.3892,52.6938,105.904,103.666,101.528,99.4846,97.5287,94.9281,92.0833,86.5985,74.7325,49.5138,29.3787,12.5832
7.590,-0.0000,1.0000,0.0000,6,145.32,0.4349,-0.0353,9168.32,0.0,4.63444,9.45143,13.9927,21.6189,32.3119,42.992,52.2113,104.979,102.761,100.642,98.6161,96.6773,94.0994,91.2836,85.8669,74.1994,49.6946,29.486,12.6292
7.608,-0.0000,1.0000,0.0000,6,145.87,0.4401,-0.0353,9202.83,0.0,4.59148,9.36381,13.863,21.4185,32.0123,42.5932,51.727,104.051,101.852,99.7522,97.7441,95.8225,93.2674,90.4807,85.1317,73.6596,49.8762,29.5937,12.6753
7.632,-0.0000,1.0000,0.0000,6,146.43,0.4454,-0.0353,9238.63,0.0,4.54836,9.27586,13.7327,21.2173,31.7115,42.193,51.2409,103.119,100.94,98.8589,96.8689,94.9644,92.4322,89.6745,84.393,73.1131,50.0584,29.7018,12.7216
7.651,-0.0000,1.0000,0.0000,6,146.99,0.4507,-0.0353,9274.99,0.0,4.50507,9.18758,13.602,21.0153,31.4096,41.7913,50.753,102.184,100.025,97.9623,95.9903,94.1031,91.5939,88.865,83.6506,72.56,50.2413,29.8103,12.768
7.676,-0.0000,1.0000,0.0000,6,147.54,0.4560,-0.0353,9311.52,0.0,4.46161,9.09893,13.4708,20.8125,31.1065,41.388,50.2631,101.245,99.1059,97.0623,95.1084,93.2386,90.7523,88.0521,82.9046,72.0005,50.4249,29.9192,12.8147
7.695,-0.0000,1.0000,0.0000,6,148.10,0.4613,-0.0353,9347.98,0.0,4.41799,9.00998,13.3391,20.609,30.8023,40.9832,49.774,100.303,98.1834,96.1589,94.2232,92.3707,89.9077,87.2359,82.1551,71.4346,50.6058,30.0285,12.8615
7.720,-0.0000,1.0000,0.0000,6,148.67,0.4666,-0.0353,9384.12,0.0,4.37421,8.92068,13.2069,20.4047,30.497,40.5769,49.3134,99.3569,97.2574,95.252,93.3346,91.4995,89.0597,86.4164,81.4019,70.8625,50.7359,30.1383,12.9085
7.739,-0.0000,1.0000,0.0000,6,149.23,0.4720,-0.0353,9419.96,0.0,4.33026,8.83105,13.0742,20.1997,30.1906,40.1692,48.8995,98.4072,96.3279,94.3416,92.4424,90.625,88.2085,85.5934,80.6451,70.2841,50.8078,30.2484,12.9557
7.764,-0.0000,1.0000,0.0000,6,149.80,0.4773,-0.0353,9455.0,0.0,4.28615,8.7411,12.941,19.994,29.883,39.76,48.5533,97.454,95.3948,93.4277,91.5469,89.7471,87.354,84.7671,79.8846,69.6995,50.8298,30.3589,13.003
7.789,-0.0000,1.0000,0.0000,6,150.37,0.4828,-0.0353,9487.04,0.0,4.24186,8.65076,12.8073,19.7873,29.5741,39.3489,48.3158,96.4972,94.4582,92.5104,90.6482,88.8661,86.4964,83.9375,79.1206,69.1091,50.8083,30.47,13.0505
7.807,-0.0000,1.0000,0.0000,6,150.93,0.4882,-0.0353,9520.76,0.0,4.1974,8.56009,12.673,19.5799,29.264,38.9362,48.3002,95.5368,93.5181,91.5898,89.746,87.9817,85.6356,83.1046,78.353,68.5127,50.7483,30.5814,13.0983
7.833,-0.0000,1.0000,0.0000,6,151.50,0.4936,-0.0353,9555.66,0.0,4.15278,8.46909,12.5383,19.3717,28.9529,38.5222,97.5329,94.5729,92.5745,90.6656,88.8404,87.0939,84.7715,82.2682,77.5816,67.9104,50.6536,30.6932,13.1462
7.851,-0.0000,1.0000,0.0000,6,152.06,0.4991,-0.0353,9590.98,0.0,4.10799,8.37774,12.403,19.1627,28.6405,38.1066,96.535,93.6053,91.6274,89.738,87.9315,86.2028,83.9042,81.4286,76.8068,67.3023,50.5278,30.8055,13.1942
7.877,-0.0000,1.0000,0.0000,6,152.62,0.5046,-0.0353,9626.24,0.0,4.06305,8.28607,12.2673,18.953,28.327,37.6895,95.5335,92.6341,90.6768,88.8069,87.0192,85.3084,83.0336,80.5855,76.0283,66.6884,50.3735,30.9182,13.2425
7.895,-0.0000,1.0000,0.0000,6,153.18,0.5101,-0.0353,9661.12,0.0,4.01792,8.19405,12.1311,18.7425,28.0124,37.2707,94.5283,91.6594,89.7226,87.8725,86.1036,84.4108,82.16,79.7392,75.2462,66.069,50.1933,31.0313,13.2909
7.920,-0.0000,1.0000,0.0000,6,153.74,0.5156,-0.0353,9695.4,0.0,3.97262,8.10166,11.9943,18.5312,27.6965,36.8504,93.5194,90.6811,88.7651,86.9347,85.1846,83.5099,81.2831,78.8895,74.4605,65.4439,49.989,31.1448,13.3395
7.939,-0.0000,1.0000,0.0000,6,154.29,0.5211,-0.0353,9729.19,0.0,3.92716,8.00894,11.857,18.3191,27.3795,36.4287,92.5069,89.6993,87.8039,85.9935,84.2623,82.6057,80.403,78.0365,73.6713,64.8133,49.7623,31.2587,13.3883
7.964,-0.0000,1.0000,0.0000,6,154.85,0.5267,-0.0353,9762.15,0.0,3.88152,7.91586,11.7192,18.1062,27.0613,36.0053,91.4907,88.714,86.8394,85.0488,83.3367,81.6983,79.5197,77.1802,72.8786,64.1772,49.5149,31.3731,13.4373
7.983,-0.0000,0.0000,0.0000,6,155.41,0.5323,-0.0353,9793.25,0.0,3.83574,7.8225,11.581,17.8926,26.742,35.5803,90.4708,87.7251,85.8714,84.1007,82.4077,80.7876,78.6333,76.3206,72.0822,63.5357,49.2479,31.4879,13.4864
8.007,-0.0000,0.0000,0.0000,6,155.46,0.5379,-0.0353,9481.99,0.0,3.78994,7.72931,11.4433,17.6806,26.4266,35.1627,89.4444,86.7299,84.8973,83.1468,81.4731,79.8714,77.7417,75.4558,71.2803,62.8867,48.9601,31.601,13.5354
8.027,-0.0000,0.0000,0.0000,6,155.19,0.5434,-0.0352,9461.07,0.0,3.74435,7.6371,11.3077,17.4735,26.1222,34.7643,88.4095,85.727,83.9159,82.1859,80.5319,78.9489,76.8442,74.5852,70.4721,62.2289,48.65,31.7095,13.5837
8.051,-0.0000,0.0000,0.0000,6,154.93,0.5490,-0.0352,9444.62,0.0,3.69888,7.5454,11.1732,17.2689,25.823,34.375,87.3722,84.7218,82.9324,81.2231,79.5887,78.0246,75.9449,73.7129,69.6617,61.5665,48.3228,31.8156,13.6316
8.070,-0.0000,0.0000,0.0000,6,154.67,0.5546,-0.0351,9428.62,0.0,3.6536,7.45415,11.0395,17.0658,25.5267,33.9943,86.3348,83.7165,81.9488,80.2601,78.6455,77.1004,75.0458,72.8408,68.8507,60.9013,47.9814,31.9203,13.6792
8.095,-0.0000,0.0000,0.0000,6,154.41,0.5601,-0.0350,9412.87,0.0,3.60846,7.36322,10.9063,16.8636,25.2318,33.6633,85.2985,82.7124,80.9662,79.2983,77.7035,76.1773,74.1478,71.9697,68.0402,60.2342,47.6273,32.0241,13.7265
8.114,-0.0000,0.0000,0.0000,6,154.15,0.5656,-0.0349,9397.25,0.0,3.56348,7.2726,10.7735,16.6619,24.9378,33.4114,84.2641,81.71,79.9856,78.3382,76.7632,75.2557,73.2513,71.1001,67.2305,59.5659,47.2618,32.1274,13.7737
8.140,-0.0000,0.0000,0.0000,6,153.90,0.5712,-0.0348,9381.66,0.0,3.51863,7.18221,10.6411,16.4607,24.644,33.2779,83.2319,80.7098,79.0069,77.3802,75.8248,74.3362,72.3568,70.2322,66.4219,58.8966,46.8859,32.2304,13.8207
8.158,-0.0000,0.0000,0.0000,6,153.64,0.5766,-0.0347,9366.27,0.0,3.47395,7.09214,10.509,16.2599,24.3507,33.358,82.202,79.7118,78.0304,76.4242,74.8884,73.4185,71.4641,69.3663,65.6145,58.2265,46.5002,32.3144,13.8676
8.183,-0.0000,0.0000,0.0000,6,153.38,0.5821,-0.0346,9350.71,0.0,3.42944,7.00234,10.3773,16.0595,24.0576,34.0881,81.1746,78.7161,77.0562,75.4705,73.9542,72.5031,70.5733,68.5022,64.8084,57.5556,46.1053,32.3626,13.9142
8.201,-0.0000,0.0000,0.0000,6,153.12,0.5875,-0.0345,9335.13,0.0,3.38511,6.91285,10.2459,15.8595,23.765,83.1313,80.1496,77.7228,76.0842,74.5189,73.022,71.5895,69.6846,67.6401,64.0035,56.884,45.7018,32.3782,13.9607
8.226,-0.0000,0.0000,0.0000,6,152.87,0.5929,-0.0344,9319.59,0.0,3.34096,6.82371,10.1151,15.6602,23.4729,82.0695,79.1266,76.7314,75.1142,73.5691,72.0917,70.6778,68.7977,66.7796,63.1997,56.2115,45.29,32.3644,14.007
8.245,-0.0000,0.0000,0.0000,6,152.62,0.5983,-0.0343,9304.14,0.0,3.29697,6.73484,9.9846,15.4613,23.1814,81.0098,78.1057,75.742,74.146,72.6213,71.1633,69.7679,67.9124,65.9207,62.3968,55.5381,44.8704,32.3237,14.0531
8.270,-0.0000,0.0000,0.0000,6,152.36,0.6037,-0.0342,9288.78,0.0,3.25315,6.64632,9.85457,15.263,22.8907,79.9522,77.0868,74.7545,73.1797,71.6753,70.2366,68.8597,67.0287,65.0634,61.5949,54.864,44.4432,32.2583,14.099
8.289,-0.0000,0.0000,0.0000,6,152.11,0.6091,-0.0342,9273.5,0.0,3.20952,6.55814,9.72504,15.0655,22.6008,78.8967,76.0698,73.7688,72.2152,70.7309,69.3115,67.9531,66.1466,64.2076,60.7939,54.189,44.0089,32.1701,14.1446
8.313,-0.0000,0.0000,0.0000,6,151.86,0.6144,-0.0341,9258.28,0.0,3.16606,6.47027,9.59592,14.8684,22.3115,77.8434,75.0549,72.7852,71.2527,69.7885,68.3884,67.0484,65.2663,63.3536,59.994,53.5134,43.5679,32.0609,14.1901
8.333,-0.0000,0.0000,0.0000,6,151.61,0.6197,-0.0340,9243.16,0.0,3.12276,6.38271,9.46722,14.672,22.0229,76.792,74.042,71.8035,70.2919,68.8478,67.4669,66.1453,64.3876,62.501,59.1951,52.837,43.1204,31.9322,14.2354
8.358,-0.0000,0.0000,0.0000,6,151.36,0.6250,-0.0339,9228.17,0.0,3.07963,6.29548,9.33896,14.4761,21.7355,75.7429,73.031,70.8236,69.3331,67.909,66.5473,65.2439,63.5107,61.6502,58.3972,52.1601,42.6669,31.7854,14.2806
8.382,-0.0000,0.0000,0.0000,6,151.11,0.6302,-0.0338,9213.03,0.0,3.0367,6.2086,9.21119,14.2809,21.4836,74.6958,72.0222,69.8458,68.3762,66.9721,65.6294,64.3444,62.6354,60.8009,57.6003,51.4825,42.2076,31.6216,14.3255
8.401,-0.0000,0.0000,0.0000,6,150.86,0.6355,-0.0337,9197.91,0.0,2.99391,6.12198,9.08375,14.086,21.2981,73.651,71.0154,68.8699,67.4212,66.037,64.7135,63.4466,61.7618,59.9533,56.8045,50.8045,41.7428,31.442,14.3702
8.426,-0.0000,0.0000,0.0000,6,150.61,0.6407,-0.0336,9182.87,0.0,2.95131,6.03572,8.95681,13.8919,21.2038,72.6081,70.0104,67.8959,66.468,65.1037,63.7991,62.5504,60.8898,59.1072,56.0096,50.1259,41.2727,31.2475,14.4147
8.445,-0.0000,0.0000,0.0000,6,150.37,0.6459,-0.0336,9167.92,0.0,2.90887,5.94976,8.83031,13.6984,21.2448,71.5671,69.0073,66.9235,65.5164,64.172,62.8864,61.6558,60.0193,58.2626,55.2156,49.4467,40.7975,31.039,14.4591
8.470,-0.0000,0.0000,0.0000,6,150.12,0.6510,-0.0335,9153.04,0.0,2.86662,5.86415,8.70428,13.5055,21.5209,70.5282,68.0061,65.9531,64.5667,63.2421,61.9754,60.7629,59.1505,57.4195,54.4226,48.7671,40.3174,30.8172,14.5032
8.489,-0.0000,0.0000,0.0000,6,149.88,0.6562,-0.0334,9138.21,0.0,2.82451,5.77882,8.57864,13.3132,22.4155,69.4911,67.0069,64.9845,63.6188,62.3139,61.066,59.8717,58.2832,56.578,53.6306,48.087,39.8327,30.583,14.5472
8.515,-0.0000,0.0000,0.0000,6,149.63,0.6613,-0.0333,9123.44,0.0,2.7826,5.69388,8.45354,13.1216,73.61,68.4559,66.0093,64.0175,62.6723,61.3872,60.1582,58.9818,57.4173,55.7378,52.8394,47.4063,39.3434,30.3368,14.5909
8.532,-0.0000,0.0000,0.0000,6,149.39,0.6664,-0.0332,9108.88,0.0,2.74084,5.60921,8.32881,12.9305,72.4978,67.4229,65.0137,63.0524,61.7279,60.4624,59.2522,58.0938,56.5532,54.8993,52.0492,46.7254,38.85,30.0796,14.6345
8.557,-0.0000,0.0000,0.0000,6,149.15,0.6715,-0.0332,9094.22,0.0,2.69925,5.52484,8.20448,12.7399,71.3879,66.3919,64.0202,62.0893,60.7853,59.5394,58.3479,57.2074,55.6906,54.0623,51.2601,46.0441,38.3526,29.8118,14.6779
8.576,-0.0000,0.0000,0.0000,6,148.91,0.6766,-0.0331,9079.5,0.0,2.65781,5.44077,8.08055,12.5499,70.2803,65.363,63.0285,61.128,59.8445,58.6181,57.4454,56.3228,54.8298,53.227,50.4721,45.3626,37.8512,29.5339,14.7211
8.601,-0.0000,0.0000,0.0000,6,148.67,0.6816,-0.0330,9064.83,0.0,2.61653,5.35697,7.95701,12.3856,69.1749,64.3362,62.0389,60.1687,58.9056,57.6987,56.5446,55.4398,53.9705,52.3932,49.685,44.6808,37.3462,29.2464,14.7642
8.620,-0.0000,0.0000,0.0000,6,148.43,0.6867,-0.0329,9050.24,0.0,2.57541,5.2735,7.83391,12.2732,68.0716,63.3112,61.051,59.211,57.9683,56.7809,55.6454,54.5584,53.1128,51.5608,48.8989,43.9987,36.8376,28.9498,14.8065
8.645,-0.0000,0.0000,0.0000,6,148.19,0.6917,-0.0328,9035.74,0.0,2.53445,5.19032,7.71122,12.2243,66.9704,62.2881,60.065,58.2551,57.0327,55.8648,54.7478,53.6786,52.2566,50.73,48.1138,43.3164,36.3255,28.6444,14.8383
8.664,-0.0000,0.0000,0.0000,6,147.95,0.6967,-0.0328,9021.31,0.0,2.49365,5.10746,7.58898,12.2568,65.8712,61.2669,59.0808,57.3009,56.0988,54.9503,53.8518,52.8004,51.4018,49.9005,47.3295,42.6337,35.81,28.3306,14.8567
8.689,-0.0000,0.0000,0.0000,6,147.71,0.7016,-0.0327,9006.94,0.0,2.45302,5.02491,7.46717,12.3986,64.7741,60.2476,58.0983,56.3484,55.1666,54.0374,52.9574,51.9236,50.5487,49.0725,46.5462,41.9509,35.2912,28.0089,14.8622
8.708,-0.0000,0.0000,0.0000,6,147.48,0.7066,-0.0326,8992.6,0.0,2.41254,4.94265,7.34692,12.6989,63.6791,59.2302,57.1177,55.3977,54.2361,53.1261,52.0646,51.0485,49.6969,48.246,45.7638,41.2678,34.7694,27.6794,14.8551
8.733,-0.0000,0.0000,0.0000,6,147.24,0.7115,-0.0325,8978.49,0.0,2.37222,4.86069,7.25178,13.2624,62.5861,58.2146,56.1389,54.4487,53.3073,52.2166,51.1734,50.1749,48.8468,47.4209,44.9824,40.5846,34.2446,27.3427,14.8359
8.752,-0.0000,0.0000,0.0000,6,147.00,0.7164,-0.0324,8964.23,0.0,2.33206,4.77903,7.19418,14.4208,61.4955,57.2012,55.162,53.5016,52.3802,51.3088,50.2839,49.3029,47.9982,46.5974,44.202,39.9012,33.7171,26.999,14.8051
8.776,-0.0000,0.0000,0.0000,6,146.77,0.7213,-0.0324,8949.93,0.0,2.29206,4.69812,7.17967,71.2446,60.4069,56.1896,54.1869,52.5563,51.455,50.4026,49.3961,48.4327,47.1512,45.7753,43.4227,39.2179,33.1868,26.6486,14.7629
8.795,-0.0000,0.0000,0.0000,6,146.54,0.7261,-0.0323,8935.68,0.0,2.2522,4.63408,7.21499,69.9603,59.3206,55.18,53.2138,51.6128,50.5314,49.4982,48.51,47.564,46.3057,44.9548,42.6447,38.5344,32.6539,26.2917,14.7097
8.820,-0.0000,1.0000,0.0000,6,146.30,0.7310,-0.0322,8921.53,0.0,2.21249,4.59618,7.30945,68.6783,58.2362,54.1722,52.2423,50.6709,49.6095,48.5953,47.6253,46.6968,45.4617,44.1356,41.8681,37.8508,32.1183,25.9285,14.6459
8.840,-0.0000,1.0000,0.0000,6,146.54,0.7358,-0.0322,9244.74,0.0,2.17288,4.58665,7.47472,67.4019,57.1557,53.1678,51.2739,49.7319,48.6903,47.695,46.7432,45.832,44.6199,43.3187,41.0934,37.1676,31.5808,25.5596,14.5719
8.864,-0.0000,1.0000,0.0000,6,147.08,0.7407,-0.0321,9292.97,0.0,2.13883,4.60793,7.72856,66.1292,56.0772,52.1648,50.3068,48.7939,47.7721,46.7957,45.8619,44.9678,43.7787,42.502,40.3189,36.4834,31.0401,25.1846,14.4878
8.882,-0.0000,1.0000,0.0000,6,147.65,0.7454,-0.0290,9316.65,0.0,2.11805,4.6642,8.09992,64.8552,54.997,51.16,49.3379,47.8542,46.8521,45.8945,44.9786,44.1019,42.9357,41.6836,39.5424,35.7961,30.4947,24.8022,14.3935
8.908,0.3666,1.0000,0.0000,6,148.22,0.7490,-0.0180,9342.48,0.0,2.11104,4.75974,8.63401,63.5798,53.9152,50.1536,48.3673,46.9128,45.9303,44.9915,44.0937,43.2341,42.0909,40.8634,38.7644,35.1062,29.9449,24.4128,14.289
8.927,0.5836,1.0000,0.0000,6,148.79,0.7512,-0.0101,9343.93,0.0,2.10905,4.84102,9.12544,62.9865,53.3152,49.56,47.7784,46.3285,45.3498,44.4147,43.5208,42.6653,41.5277,40.3069,38.2204,34.6168,29.555,24.1361,14.2131
8.951,1.0000,1.0000,0.0000,6,149.22,0.7529,-0.0098,9387.69,0.0,2.09542,4.80995,9.05565,64.1499,53.9441,50.0156,48.1584,46.6502,45.6335,44.6636,43.7373,42.8518,41.6759,40.4158,38.2667,34.6199,29.5609,24.1444,14.2229
8.977,1.0000,1.0000,0.0000,6,149.54,0.7544,-0.0151,9456.86,0.0,2.07146,4.69378,8.57425,66.8605,55.6143,51.3473,49.3419,47.7187,46.6274,45.5882,44.5977,43.6525,42.3999,41.061,38.785,34.9792,29.8535,24.3597,14.2963
8.995,0.9787,1.0000,0.0000,6,149.77,0.7558,-0.0229,9529.56,0.0,2.04359,4.54682,8.00436,70.5895,57.9296,53.211,51.0092,49.2345,48.0449,46.9149,45.8402,44.817,43.4644,42.0225,39.5816,35.5287,30.2856,24.6761,14.4003
9.014,0.5872,1.0000,0.0000,6,150.01,0.7573,-0.0323,9553.87,0.0,2.01225,4.38464,7.43973,75.5347,60.9471,55.6305,53.1715,51.1994,49.8825,48.6352,47.4523,46.329,44.8484,43.2758,40.6262,36.262,30.8132,25.0625,14.5264
9.033,-0.0000,1.0000,0.0000,6,150.19,0.7591,-0.0419,9593.87,0.0,1.97899,4.2255,6.94501,81.6168,64.5423,58.483,55.709,53.4972,52.0265,50.6383,49.3259,48.0834,46.4511,44.7243,41.8307,37.1071,31.3663,25.4688,14.6597
9.052,-0.0000,1.0000,0.0000,6,150.34,0.7612,-0.0516,9654.08,0.0,1.94387,4.06984,6.50571,89.2025,68.8523,61.8576,58.6937,56.188,54.5301,52.9712,51.5027,50.1172,48.3042,46.3945,43.2142,38.0742,31.9418,25.8929,14.7997
9.076,-0.0000,1.0000,0.0000,6,150.53,0.7634,-0.0598,9709.66,0.0,1.91096,3.93703,6.16231,97.9099,73.5434,65.4621,61.8542,59.0175,57.1506,55.4023,53.7617,52.2193,50.2092,48.1018,44.6145,39.0365,32.473,26.2669,14.9249
9.095,-0.0000,1.0000,0.0000,6,150.95,0.7654,-0.0624,9715.86,0.0,1.89036,3.87412,6.02254,104.783,76.9536,67.9915,64.0319,60.9365,58.9079,57.014,55.2423,53.5813,51.4233,49.1692,45.4571,39.5663,32.707,26.4013,14.9752
9.114,-0.0000,1.0000,0.0000,6,151.45,0.7672,-0.0602,9698.0,0.0,1.87923,3.86527,6.03263,109.103,78.8526,69.3118,65.127,61.8685,59.7389,57.7553,55.9034,54.1705,51.9238,49.5827,45.7402,39.6746,32.6607,26.3269,14.9607
9.133,-0.0000,1.0000,0.0000,6,151.97,0.7689,-0.0545,9694.06,0.0,1.87505,3.89634,6.15591,111.023,79.449,69.6177,65.3245,61.9895,59.8137,57.7897,55.9024,54.1384,51.8543,49.4777,45.5846,39.4584,32.4036,26.103,14.8996
9.152,-0.0000,1.0000,0.0000,6,152.48,0.7704,-0.0464,9698.65,0.0,1.87693,3.96041,6.3803,111.008,79.0486,69.1604,64.8518,61.5086,59.3294,57.3035,55.4155,53.6518,51.3696,48.9966,45.1133,39.0116,31.999,25.7779,14.8061
9.171,-0.0000,1.0000,0.0000,6,153.01,0.7716,-0.0366,9705.23,0.0,1.88459,4.05353,6.70553,109.697,78.0004,68.2124,63.9501,60.6439,58.4894,56.4868,54.6209,52.8782,50.6235,48.2796,44.4449,38.4224,31.5048,25.3921,14.6921
9.196,0.5410,1.0000,0.0000,6,153.54,0.7723,-0.0259,9711.94,0.0,1.89866,4.17588,7.14889,107.609,76.5702,66.9765,62.7975,59.5554,57.4424,55.4783,53.648,51.9385,49.7263,47.4266,43.6635,37.7523,30.9606,24.9721,14.565
9.214,1.0000,1.0000,0.0000,6,154.03,0.7724,-0.0161,9734.79,0.0,1.91623,4.30618,7.65436,106.378,75.5779,66.0767,61.9407,58.7334,56.6435,54.7012,52.8915,51.2017,49.0155,46.7431,43.0259,37.1895,30.4879,24.5943,14.4481
9.233,1.0000,1.0000,0.0000,6,154.44,0.7721,-0.0103,9769.38,0.0,1.92967,4.39496,8.02123,108.586,76.2947,66.4753,62.2214,58.9311,56.7911,54.8052,52.9573,51.2338,49.0071,46.6963,42.9241,37.0211,30.2724,24.371,14.3775
9.252,1.0000,1.0000,0.0000,6,154.76,0.7716,-0.0085,9809.3,0.0,1.93806,4.434,8.17203,114.894,78.9215,68.2966,63.7376,60.2292,57.9559,55.8521,53.8995,52.0827,49.7418,47.3198,43.3823,37.2601,30.3193,24.3002,14.3517
9.277,1.0000,1.0000,0.0000,6,155.02,0.7708,-0.0101,9870.75,0.0,1.94156,4.42647,8.10231,126.458,83.7109,71.6674,66.5772,62.691,60.1871,57.8798,55.7468,53.7696,51.2321,48.6189,44.3964,37.8945,30.6143,24.3772,14.3645
9.295,1.0000,1.0000,0.0000,6,155.27,0.7698,-0.0139,9914.0,0.0,1.94249,4.39142,7.90769,144.744,90.7587,76.556,70.6766,66.2361,63.3969,60.7955,58.4034,56.1965,53.3795,50.4959,45.8739,38.8451,31.0992,24.5639,14.4014
9.314,1.0000,1.0000,0.0000,6,155.49,0.7687,-0.0188,9951.23,0.0,1.94229,4.34365,7.66706,173.077,100.422,83.0669,76.0755,70.8677,67.5699,64.5701,61.8298,59.3169,56.1304,52.8929,47.7538,40.0553,31.73,24.8307,14.4515
9.333,1.0000,1.0000,0.0000,6,155.68,0.7676,-0.0245,9986.38,0.0,1.94104,4.2881,7.41147,200.0,113.72,91.6598,83.0861,76.8118,72.8868,69.3485,66.1427,63.2246,59.5541,55.8582,50.0599,41.5269,32.4994,25.1699,14.5112
9.352,1.0000,1.0000,0.0000,6,155.78,0.7664,-0.0312,10071.8,0.0,1.93807,4.22238,7.13637,200.0,133.223,103.545,92.5714,84.7281,79.8998,75.5976,71.7402,68.2623,63.9314,59.6195,52.9515,43.3477,33.4486,25.6008,14.5835
9.370,0.3737,1.0000,0.0000,6,155.93,0.7652,-0.0383,10120.1,0.0,1.93477,4.15445,6.87066,200.0,163.094,120.238,105.484,95.2698,89.1142,83.7119,78.9328,74.6752,69.4404,64.3008,56.4913,45.5293,34.5689,26.1125,14.6628
9.395,-0.0000,1.0000,0.0000,6,156.09,0.7640,-0.0448,10146.6,0.0,1.93312,4.09793,6.6564,200.0,200.0,143.279,122.542,108.784,100.716,93.7682,87.7237,82.4172,75.9915,69.7862,60.5481,47.955,35.7799,26.657,14.7357
9.414,-0.0000,1.0000,0.0000,6,156.25,0.7627,-0.0505,10163.7,0.0,1.93311,4.05429,6.493,30.055,200.0,176.123,145.439,126.218,115.34,106.196,98.4021,91.6806,83.6884,76.1188,65.1114,50.5892,37.0526,27.2169,14.7979
9.433,-0.0000,1.0000,0.0000,6,156.31,0.7615,-0.0551,10249.0,0.0,1.93499,4.02343,6.37381,18.6271,200.0,200.0,177.47,149.343,134.166,121.798,111.525,102.858,92.7759,83.4436,70.2348,53.4337,38.3787,27.7865,14.8483
9.452,-0.0000,1.0000,0.0000,6,156.59,0.7599,-0.0574,10288.8,0.0,1.94366,4.02569,6.3482,16.0274,200.0,200.0,200.0,177.251,156.034,139.362,125.918,114.848,102.273,90.913,75.2767,56.1008,39.5597,28.2669,14.8655
9.472,-0.0000,1.0000,0.0000,6,157.02,0.7581,-0.0564,10281.2,0.0,1.96048,4.06952,6.43828,15.4664,200.0,200.0,200.0,200.0,178.008,156.405,139.488,125.882,110.769,97.421,79.501,58.2123,40.4295,28.5846,14.8385
9.496,-0.0000,1.0000,0.0000,6,157.51,0.7560,-0.0526,10249.8,0.0,1.9845,4.15213,6.64079,15.7221,186.741,200.0,200.0,200.0,196.393,170.908,150.71,134.79,117.438,102.393,82.5969,59.6592,40.964,28.7385,14.7718
9.514,-0.0000,1.0000,0.0000,6,157.94,0.7537,-0.0466,10302.4,0.0,2.01431,4.26662,6.94434,16.33,105.893,200.0,200.0,200.0,200.0,182.443,159.399,141.533,122.35,105.957,84.7196,60.5714,41.2446,28.7743,14.6841
9.534,-0.0000,1.0000,0.0000,6,158.43,0.7511,-0.0395,10322.5,0.0,2.04986,4.40735,7.33961,17.0148,84.2927,200.0,200.0,200.0,200.0,192.473,166.784,147.155,126.352,108.795,86.3465,61.2176,41.4035,28.7563,14.5916
9.552,-0.0000,1.0000,0.0000,6,159.00,0.7479,-0.0303,10287.3,0.0,2.0943,4.59518,7.89173,18.0877,82.0191,200.0,200.0,200.0,200.0,194.413,169.337,148.974,127.522,109.519,86.6341,61.1944,41.266,28.6055,14.4797
9.570,-0.0000,1.0000,0.0000,6,159.59,0.7444,-0.0193,10236.0,0.0,2.14754,4.83445,8.50256,19.5226,89.5297,200.0,200.0,200.0,200.0,192.804,167.334,147.271,126.118,108.351,85.749,60.5997,40.8814,28.3463,14.3532
9.596,-0.0000,1.0000,0.0000,6,160.06,0.7403,-0.0075,10303.3,0.0,2.20832,5.11981,9.1173,21.1063,102.1,200.0,200.0,200.0,199.251,188.922,163.55,144.196,123.716,106.456,84.419,59.7947,40.4108,28.053,14.2258
9.614,-0.0000,1.0000,0.0000,6,160.57,0.7354,0.0039,10336.9,0.0,2.27676,5.42649,9.68396,22.5328,112.888,200.0,200.0,200.0,197.832,185.547,160.853,141.969,121.942,105.03,83.3894,59.1464,40.0164,27.7992,14.11
9.633,-0.0000,1.0000,0.0000,6,161.16,0.7297,0.0162,10303.2,0.0,2.35761,5.7382,10.2821,24.2182,132.738,200.0,200.0,200.0,195.816,179.851,156.407,138.379,119.165,102.861,81.8972,58.2721,39.525,27.5037,13.9896
9.652,-0.0000,1.0000,0.0000,6,161.74,0.7229,0.0289,10268.5,0.0,2.4511,6.0482,10.8962,26.0914,164.155,200.0,200.0,199.194,193.308,173.267,151.271,134.239,115.974,100.383,80.2081,57.3013,38.9935,27.1924,13.8694
9.671,-0.0000,1.0000,0.0000,6,162.16,0.7151,0.0413,10379.5,0.0,2.55593,6.34248,11.4785,27.8776,200.0,200.0,200.0,197.392,190.801,167.956,147.085,130.837,113.325,98.306,78.7739,56.4614,38.5242,26.9127,13.7579
9.696,-0.0000,1.0000,0.0000,6,162.64,0.7060,0.0528,10433.8,0.0,2.6601,6.61104,11.9874,29.2895,200.0,200.0,200.0,196.053,189.039,165.2,144.85,128.973,111.827,97.0934,77.8931,55.905,38.1864,26.6962,13.6601
9.714,-0.0000,1.0000,0.0000,6,163.21,0.6955,0.0624,10403.3,0.0,2.761,6.86818,12.4681,30.5768,200.0,200.0,200.0,194.851,187.506,163.156,143.164,127.545,110.658,96.1298,77.1741,55.4338,37.8894,26.5003,13.5675
9.733,-0.0000,1.0000,0.0000,6,163.79,0.6848,0.0627,10369.0,0.0,2.85932,7.11786,12.933,31.8081,200.0,200.0,199.641,193.696,186.041,161.38,141.686,126.284,109.616,95.2637,76.5199,54.998,37.6107,26.3143,13.4782
9.752,-0.0000,1.0000,0.0000,6,164.29,0.6743,0.0629,10400.6,0.0,2.95547,7.36157,13.3858,33.0008,200.0,200.0,198.567,192.571,184.604,159.767,140.334,125.125,108.653,94.4585,75.9069,54.5853,37.3442,26.1351,13.3913
9.770,-0.0000,1.0000,0.0000,6,164.80,0.6639,0.0630,10420.5,0.0,3.04973,7.59869,13.8223,34.1191,200.0,200.0,197.538,191.515,183.336,158.472,139.23,124.163,107.839,93.7676,75.3688,54.2127,37.0972,25.9661,13.3071
9.796,-0.0000,1.0000,0.0000,6,165.33,0.6537,0.0631,10426.6,0.0,3.14269,7.83191,14.2503,35.2048,200.0,200.0,196.524,190.484,182.126,157.294,138.217,123.275,107.082,93.1205,74.8601,53.8563,36.8587,25.8016,13.2245
9.815,-0.0000,1.0000,0.0000,6,165.85,0.6436,0.0632,10435.5,0.0,3.23486,8.06339,14.6755,36.2877,200.0,200.0,195.507,189.448,180.884,156.114,137.203,122.387,106.327,92.4747,74.3531,53.5016,36.6216,25.6383,13.1425
9.833,0.1886,1.0000,0.0000,6,166.36,0.6336,0.0633,10452.3,0.0,3.32642,8.29368,15.0994,37.3734,200.0,199.43,194.482,188.403,179.583,154.917,136.177,121.49,105.564,91.8245,73.8439,53.1465,36.3848,25.4755,13.0611
9.852,0.3915,1.0000,0.0000,6,166.84,0.6238,0.0608,10477.7,0.0,3.40535,8.43777,15.2423,36.8055,200.0,199.203,194.493,188.904,182.443,160.322,140.228,124.618,107.828,93.4553,74.8011,53.5434,36.4942,25.4764,13.0118
9.870,0.4840,1.0000,0.0000,6,167.26,0.6149,0.0523,10515.2,0.0,3.45272,8.38034,14.7632,33.089,131.854,200.0,196.525,192.028,187.821,181.253,158.902,139.045,118.355,101.169,79.5531,55.822,37.4472,25.8703,13.0393
9.896,0.4271,1.0000,0.0000,6,167.61,0.6072,0.0390,10565.4,0.0,3.47103,8.17063,13.8955,28.3708,76.5127,200.0,199.443,195.897,192.878,189.212,184.276,170.891,140.526,116.824,88.7922,60.0891,39.2164,26.6245,13.1353
9.915,0.1388,1.0000,0.0000,6,167.93,0.6008,0.0229,10619.3,0.0,3.46705,7.88117,12.9101,24.1525,51.0164,115.252,200.0,199.486,197.161,194.517,191.431,187.65,179.206,144.576,103.802,66.4633,41.7235,27.6733,13.2836
9.933,-0.0000,1.0000,0.0000,6,168.24,0.5960,0.0057,10671.8,0.0,3.44818,7.57241,11.9836,20.8678,37.8613,63.9915,101.316,200.0,200.0,198.436,196.108,193.459,188.955,181.294,126.861,75.0657,44.8465,28.9307,13.4652
9.952,-0.0000,1.0000,0.0000,6,168.64,0.5922,-0.0073,10703.0,0.0,3.4352,7.36004,11.3795,18.9564,31.7783,48.1008,66.2766,99.0384,153.116,200.0,198.52,196.328,192.772,187.631,152.807,83.3139,47.5738,29.976,13.6096
9.971,-0.0000,1.0000,0.0000,6,169.12,0.5894,-0.0142,10712.2,0.0,3.43553,7.26829,11.1091,18.1242,29.3671,42.6414,56.2086,77.9117,107.597,200.0,199.135,197.13,193.923,189.449,171.478,88.4712,49.1497,30.5524,13.6819
9.996,-0.0000,1.0000,0.0000,6,169.62,0.5876,-0.0176,10718.7,0.0,3.43952,7.23268,10.9949,17.7663,28.3571,40.4632,52.4126,70.6905,94.152,140.939,198.899,196.979,193.925,189.72,176.438,91.2195,49.9488,30.8353,13.7141
10.014,-0.0000,1.0000,0.0000,6,170.12,0.5867,-0.0188,10729.0,0.0,3.44264,7.22284,10.9579,17.6443,28.0097,39.7224,51.1438,68.3514,89.9856,131.672,198.205,196.32,193.33,189.234,176.85,92.2905,50.2512,30.9397,13.7246
10.033,-0.0000,0.0000,0.0000,6,170.62,0.5866,-0.0189,10744.8,0.0,3.44289,7.22211,10.9551,17.6349,27.9832,39.6661,51.048,68.1763,89.6775,131.003,197.269,195.394,192.423,188.359,176.201,92.375,50.2749,30.9479,13.7254
10.052,-0.0000,0.0000,0.0000,6,170.69,0.5872,-0.0184,10412.2,0.0,3.43981,7.22299,10.9663,17.6809,28.1242,39.9752,51.5833,69.1692,91.4467,134.906,196.196,194.318,191.342,187.271,175.033,91.9003,50.1445,30.9046,13.7224
10.071,-0.0000,0.0000,0.0000,6,170.42,0.5884,-0.0175,10386.3,0.0,3.4333,7.22085,10.9786,17.7448,28.3347,40.4506,52.421,70.7529,94.3227,141.457,195.062,193.175,190.183,186.086,173.614,91.1799,49.9484,30.8413,13.7195
10.096,-0.0000,0.0000,0.0000,6,170.16,0.5899,-0.0167,10369.5,0.0,3.42325,7.20985,10.9756,17.7791,28.4868,40.8274,53.1151,72.119,96.8895,147.595,193.955,192.061,189.058,184.942,172.288,90.5879,49.7943,30.7961,13.7214
10.115,-0.0000,0.0000,0.0000,6,169.89,0.5917,-0.0161,10353.2,0.0,3.4103,7.19014,10.9559,17.7766,28.5566,41.0496,53.5633,73.064,98.7543,152.326,192.892,190.996,187.99,183.87,171.14,90.1887,49.7004,30.7751,13.7284
10.133,-0.0000,0.0000,0.0000,6,169.62,0.5936,-0.0157,10337.0,0.0,3.39534,7.16404,10.9235,17.7454,28.5601,41.1441,53.8039,73.6428,99.9862,155.692,191.867,189.972,186.97,182.856,170.149,89.9421,49.6542,30.773,13.7393
10.152,-0.0000,0.0000,0.0000,6,169.36,0.5957,-0.0153,10320.9,0.0,3.37895,7.13345,10.8823,17.6942,28.5175,41.1494,53.8988,73.9619,100.763,158.043,190.868,188.977,185.983,181.883,169.265,89.7976,49.6402,30.7839,13.7528
10.170,-0.0000,0.0000,0.0000,6,169.09,0.5979,-0.0151,10304.8,0.0,3.36173,7.10018,10.8358,17.6308,28.4465,41.0993,53.9024,74.1169,101.248,159.731,189.885,188.0,185.017,180.936,168.446,89.7154,49.6459,30.8026,13.768
10.196,-0.4311,0.0000,0.0000,6,168.82,0.6001,-0.0149,10288.8,0.0,3.34388,7.06504,10.7857,17.5594,28.357,41.0136,53.8479,74.168,101.549,161.0,188.913,187.035,184.064,180.005,167.664,89.6715,49.6638,30.8263,13.7842
10.222,-0.9117,0.0000,0.0000,6,168.52,0.6020,-0.0117,10271.7,0.0,3.33821,7.0945,10.888,17.8943,29.3379,43.2007,57.7792,82.0072,117.088,189.072,187.31,185.375,182.303,178.068,163.852,87.1614,48.9207,30.5619,13.7551
10.233,-0.8551,0.0000,0.0000,6,168.14,0.6029,-0.0007,10249.2,0.0,3.36677,7.3028,11.4213,19.4392,33.8193,53.7692,78.4857,131.331,187.693,185.899,183.925,181.732,178.18,173.021,139.244,79.3624,46.4087,29.6004,13.6108
10.252,-0.4982,0.0000,0.0000,6,167.67,0.6025,0.0164,10221.3,0.0,3.42948,7.6924,12.4303,22.5846,44.6508,87.5026,187.493,185.046,183.091,180.922,178.484,175.686,170.787,160.18,111.698,69.6216,42.9436,28.1961,13.3804
10.271,-0.0000,0.0000,0.0000,6,167.18,0.6004,0.0373,10189.7,0.0,3.52419,8.26423,13.9955,28.2792,73.7421,185.187,182.159,179.068,176.517,173.556,169.951,165.016,143.498,118.782,89.8233,60.4718,39.3163,26.6298,13.1008
10.296,-0.0000,0.0000,0.0000,6,166.68,0.5966,0.0599,10156.9,0.0,3.64765,9.01892,16.2491,38.9162,184.925,179.074,175.059,170.627,166.429,159.245,139.613,123.898,107.043,92.6551,74.0364,52.8945,35.9959,25.1026,12.8039
10.314,-0.0000,0.0000,0.0000,6,166.27,0.5914,0.0790,10126.9,0.0,3.77705,9.80923,18.8487,56.8022,179.889,172.426,166.577,155.243,135.99,120.994,108.984,99.1501,88.0396,78.0576,64.4015,47.7854,33.5671,23.9205,12.552
10.333,-0.0000,0.0000,0.0000,6,165.93,0.5849,0.0911,10104.2,0.0,3.89234,10.4567,21.1009,80.266,175.829,166.576,154.799,129.169,115.518,104.484,95.3802,87.7421,78.906,70.7734,59.3385,44.9202,32.1189,23.1787,12.3738
10.352,-0.0000,0.0000,0.0000,6,165.62,0.5771,0.0988,10086.0,0.0,4.00276,10.9996,22.9895,108.793,172.615,161.264,136.896,116.384,105.141,95.8852,88.1334,81.547,73.8318,66.6387,56.3716,43.1642,31.1861,22.6767,12.2347
10.371,-0.0000,0.0000,0.0000,6,165.34,0.5679,0.1034,10070.1,0.0,4.11256,11.4584,24.4923,138.081,170.181,156.228,127.716,109.597,99.5205,91.1474,84.0798,78.0348,70.907,64.2153,54.5858,42.0618,30.5682,22.3237,12.1184
10.396,-0.0000,0.0000,0.0000,6,165.07,0.5575,0.1057,10055.2,0.0,4.22431,11.8539,25.6413,181.257,168.411,150.655,123.027,106.03,96.5147,88.5726,81.844,76.0709,69.2419,62.8095,53.5167,41.3656,30.1493,22.0652,12.0149
10.414,-0.0000,0.0000,0.0000,6,164.81,0.5458,0.1066,10041.1,0.0,4.34031,12.215,26.553,180.091,167.089,147.318,120.631,104.14,94.8839,87.1448,80.5786,74.9379,68.2573,61.9563,52.8391,40.8922,29.8388,21.8569,11.9163
10.433,-0.0000,0.0000,0.0000,6,164.56,0.5332,0.1067,10027.2,0.0,4.46146,12.5604,27.3203,179.068,166.044,145.854,119.471,103.16,94.0014,86.3425,79.8432,74.2591,67.6446,61.4049,52.3748,40.5389,29.5851,21.6733,11.818
10.452,-0.0000,0.0000,0.0000,6,164.31,0.5198,0.1065,10013.0,0.0,4.58793,12.9047,28.0256,178.117,165.135,145.249,118.876,102.592,93.4568,85.8213,79.3447,73.7823,67.196,60.9854,52.0019,40.2349,29.3526,21.4972,11.7174
10.477,-0.0000,0.0000,0.0000,6,164.06,0.5058,0.1060,9998.54,0.0,4.71957,13.2575,28.7277,177.185,164.263,144.878,118.426,102.127,92.9933,85.3652,78.8992,73.349,66.7808,60.591,51.6438,39.9356,29.1191,21.3179,11.6131
10.496,-0.0000,0.0000,0.0000,6,163.81,0.4913,0.1056,9983.82,0.0,4.85555,13.6221,29.4541,176.25,163.382,144.431,117.918,101.613,92.4863,84.8702,78.4185,72.8835,66.337,60.1712,51.2648,39.621,28.875,21.1311,11.5051
10.514,0.2278,0.0000,0.0000,6,163.56,0.4764,0.1053,9968.94,0.0,4.99495,13.9971,30.2069,175.306,162.481,143.844,117.31,101.021,91.9132,84.3176,77.8871,72.373,65.8544,59.7182,50.86,39.2889,28.6199,20.9373,11.394
10.534,0.4413,0.0000,0.0000,6,163.29,0.4617,0.1019,9953.2,0.0,5.11489,14.1865,30.0978,174.892,162.586,149.081,121.5,103.958,94.2473,86.2016,79.4271,73.6451,66.8415,60.4683,51.321,39.4658,28.6275,20.8772,11.3106
10.552,0.5303,0.0000,0.0000,6,162.96,0.4477,0.0911,9933.84,0.0,5.17911,13.9129,28.0731,106.743,164.812,155.495,141.436,118.013,105.539,95.4555,87.1372,80.1581,72.0845,64.6541,54.2067,41.0342,29.3397,21.1727,11.3026
10.571,0.4911,0.0000,0.0000,6,162.59,0.4350,0.0742,9909.97,0.0,5.19389,13.3187,25.1522,70.76,168.001,161.054,155.848,148.448,131.506,116.073,103.888,94.0256,83.0041,73.2101,59.9741,44.1177,30.7612,21.8079,11.3646
10.596,0.2206,0.0000,0.0000,6,162.17,0.4238,0.0535,9883.93,0.0,5.17315,12.5918,22.2573,50.3671,171.206,165.766,162.13,158.249,154.79,150.083,137.421,120.537,102.859,88.1069,69.465,48.8858,32.8696,22.7417,11.4839
10.614,-0.0000,0.0000,0.0000,6,161.75,0.4143,0.0309,9856.11,0.0,5.13064,11.8628,19.7836,38.5381,90.2337,169.574,166.76,163.934,161.641,159.037,155.98,152.15,140.282,114.023,84.435,55.6685,35.6558,23.9315,11.6469
10.633,-0.0000,0.0000,0.0000,6,161.38,0.4063,0.0109,9829.9,0.0,5.09373,11.3,18.0601,32.0768,60.4884,108.801,169.71,167.41,165.591,163.596,161.383,158.886,154.673,147.513,104.671,63.6004,38.6078,25.1238,11.8048
10.652,-0.0000,0.0000,0.0000,6,161.06,0.3994,-0.0020,9808.86,0.0,5.0864,11.0064,17.1748,29.1069,50.2569,79.0789,113.974,168.865,167.26,165.519,163.616,161.518,158.147,153.317,123.825,70.01,40.7588,25.937,11.8975
10.670,-0.0000,0.0000,0.0000,6,160.77,0.3938,-0.0101,9791.48,0.0,5.09232,10.854,16.7018,27.5812,45.5741,67.75,91.5314,132.138,167.812,166.202,164.455,162.545,159.531,155.39,140.076,74.7609,42.2277,26.4633,11.9482
10.696,-0.0000,0.0000,0.0000,6,160.50,0.3896,-0.0149,9776.44,0.0,5.10394,10.7846,16.4654,26.8095,43.3042,62.6473,82.2714,113.361,167.704,166.165,164.501,162.691,159.854,156.024,144.745,77.8437,43.1213,26.7678,11.9705
10.715,-0.0000,0.0000,0.0000,6,160.25,0.3867,-0.0173,9762.79,0.0,5.11656,10.7648,16.3718,26.4762,42.3121,60.4624,78.4286,106.009,167.177,165.675,164.053,162.292,159.544,155.861,145.572,79.4556,43.5626,26.909,11.975
10.733,-0.0000,0.0000,0.0000,6,160.01,0.3849,-0.0182,9748.38,0.0,5.12677,10.7676,16.3511,26.3715,41.9697,59.6897,77.0664,103.43,136.891,164.93,163.328,161.591,158.885,155.273,145.382,80.0908,43.7242,26.9546,11.9715
10.752,-0.0000,0.0000,0.0000,6,159.77,0.3840,-0.0185,9735.49,0.0,5.13242,10.7742,16.354,26.3561,41.896,59.506,76.7296,102.776,135.688,164.067,162.476,160.752,158.069,154.494,144.797,80.2548,43.7601,26.9612,11.9676
10.771,-0.0000,0.0000,0.0000,6,159.54,0.3840,-0.0184,9722.39,0.0,5.13333,10.7784,16.3633,26.3797,41.9545,59.6226,76.9224,103.12,164.612,163.142,161.557,159.84,157.169,153.615,144.015,80.1617,43.7322,26.9506,11.9658
10.796,-0.0000,0.0000,0.0000,6,159.30,0.3846,-0.0181,9708.96,0.0,5.12983,10.7764,16.3677,26.4074,42.0491,59.8385,77.3041,103.841,163.661,162.193,160.612,158.9,156.238,152.698,143.162,79.9783,43.6868,26.9385,11.9674
10.815,-0.0000,0.0000,0.0000,6,159.07,0.3857,-0.0178,9695.29,0.0,5.1223,10.7666,16.3608,26.4191,42.1239,60.0359,77.6746,104.575,162.709,161.245,159.667,157.959,155.306,151.78,142.307,79.8026,43.6508,26.9337,11.9729
10.833,-0.0000,0.0000,0.0000,6,158.84,0.3871,-0.0175,9681.42,0.0,5.1116,10.7497,16.3425,26.4107,42.1629,60.1765,77.9649,105.19,161.765,160.304,158.73,157.029,154.386,150.876,141.476,79.6666,43.6316,26.938,11.9819
10.852,-0.0000,0.0000,0.0000,6,158.60,0.3889,-0.0172,9667.44,0.0,5.09858,10.7273,16.3155,26.3866,42.1729,60.2698,78.1871,105.699,160.828,159.371,157.802,156.106,153.475,149.983,140.664,79.5637,43.6259,26.9493,11.9934
10.871,-0.0000,0.0000,0.0000,6,158.37,0.3908,-0.0170,9653.43,0.0,5.08369,10.7,16.2792,26.3433,42.1417,60.2874,78.2899,106.004,159.902,158.45,156.888,155.199,152.58,149.11,139.887,79.5159,43.6392,26.9691,12.0073
10.896,-0.0000,0.0000,0.0000,6,158.14,0.3928,-0.0169,9638.47,0.0,5.06722,10.6679,16.2339,26.28,42.0652,60.2188,78.2532,106.064,158.991,157.545,155.989,154.309,151.706,148.26,139.149,79.5311,43.6732,26.9976,12.0234
10.915,-0.0000,0.0000,0.0000,6,157.92,0.3950,-0.0168,9624.31,0.0,5.04956,10.6317,16.1802,26.1969,41.9418,60.0577,78.0642,105.85,158.095,156.656,155.109,153.438,150.852,147.434,138.453,79.6142,43.7288,27.0349,12.0412
10.934,-0.0000,0.0000,0.0000,6,157.69,0.3972,-0.0168,9610.95,0.0,5.03099,10.5926,16.1207,26.1005,41.7875,59.8369,77.7772,105.461,157.21,155.778,154.24,152.58,150.013,146.625,137.781,79.7411,43.7985,27.078,12.0604
10.952,-0.0000,0.0000,0.0000,6,157.46,0.3995,-0.0169,9597.44,0.0,5.01181,10.5517,16.0577,25.9965,41.6158,59.5825,77.4355,104.975,156.33,154.906,153.377,151.729,149.181,145.825,137.119,79.8928,43.8764,27.1246,12.0805
10.971,-0.0000,0.0000,0.0000,6,157.23,0.4018,-0.0169,9583.87,0.0,4.99228,10.5097,15.9927,25.8879,41.4337,59.3082,77.0617,104.432,155.455,154.039,152.519,150.882,148.355,145.03,136.463,80.0595,43.9593,27.1733,12.101
10.996,-0.0000,0.0000,0.0000,6,157.00,0.4041,-0.0170,9570.28,0.0,4.97239,10.4668,15.9259,25.7757,41.2441,59.0202,76.666,103.851,154.582,153.175,151.665,150.039,147.532,144.239,135.809,80.2367,44.0458,27.2236,12.122
11.014,-0.0000,0.0000,0.0000,6,156.78,0.4065,-0.0170,9556.65,0.0,4.95224,10.4232,15.858,25.6614,41.0499,58.724,76.2577,103.249,153.712,152.313,150.813,149.199,146.712,143.451,135.154,80.4203,44.1345,27.2749,12.1434
11.034,-0.0000,0.0000,0.0000,6,156.55,0.4089,-0.0171,9542.99,0.0,4.93193,10.3792,15.7894,25.5455,40.8527,58.4224,75.8409,102.632,152.844,151.453,149.963,148.361,145.893,142.664,134.498,80.6085,44.225,27.327,12.1649
11.052,-0.0000,0.0000,0.0000,6,156.33,0.4113,-0.0172,9529.3,0.0,4.9114,10.3347,15.7199,25.4281,40.6523,58.1153,75.416,102.003,151.978,150.595,149.115,147.524,145.077,141.88,133.841,80.8014,44.3171,27.3799,12.1867
11.071,-0.0000,0.0000,0.0000,6,156.10,0.4138,-0.0173,9515.23,0.0,4.8908,10.29,15.65,25.3097,40.4499,57.8045,74.9852,101.363,151.114,149.74,148.269,146.69,144.263,141.096,133.183,80.998,44.4104,27.4333,12.2086
11.096,-0.0000,0.0000,0.0000,6,155.88,0.4162,-0.0173,9501.72,0.0,4.87012,10.245,15.5797,25.1904,40.2455,57.49,74.5483,100.713,150.251,148.885,147.424,145.857,143.45,140.315,132.523,81.1984,44.505,27.4873,12.2306
11.115,-0.0000,0.0000,0.0000,6,155.66,0.4186,-0.0174,9488.29,0.0,4.84929,10.1997,15.5088,25.0701,40.0393,57.1725,74.1074,100.056,149.39,148.033,146.582,145.025,142.638,139.534,131.862,81.4018,44.6006,27.5417,12.2528
11.133,-0.0000,0.0000,0.0000,6,155.44,0.4211,-0.0175,9474.88,0.0,4.82829,10.1541,15.4374,24.949,39.8317,56.8532,73.6641,99.397,148.531,147.182,145.74,144.196,141.828,138.755,131.198,81.6073,44.6972,27.5967,12.2752
11.152,-0.0000,0.0000,0.0000,6,155.22,0.4236,-0.0176,9461.48,0.0,4.80727,10.1084,15.3659,24.8278,39.6241,56.534,73.2213,98.7394,147.673,146.332,144.9,143.367,141.019,137.976,130.533,81.8136,44.794,27.6517,12.2976
11.171,-0.0000,0.0000,0.0000,6,154.99,0.4261,-0.0177,9448.09,0.0,4.78614,10.0625,15.2941,24.7061,39.4159,56.214,72.7778,98.0814,146.815,145.483,144.061,142.539,140.211,137.198,129.865,82.0213,44.8914,27.7071,12.3202
11.196,-0.0000,0.0000,0.0000,6,154.77,0.4286,-0.0177,9434.73,0.0,4.76492,10.0164,15.2221,24.5841,39.2072,55.8939,72.3345,97.4246,145.96,144.635,143.223,141.712,139.404,136.42,129.195,82.2299,44.9893,27.7628,12.3428
11.215,-0.0000,0.0000,0.0000,6,154.55,0.4311,-0.0178,9421.39,0.0,4.7437,9.97033,15.1501,24.4622,38.999,55.5745,71.8926,96.7709,145.105,143.789,142.386,140.887,138.597,135.643,128.523,82.439,45.0872,27.8184,12.3655
11.234,-0.0000,0.0000,0.0000,6,154.34,0.4336,-0.0179,9408.17,0.0,4.7224,9.9241,15.0779,24.34,38.7905,55.2552,71.4513,96.1191,144.251,142.943,141.55,140.062,137.792,134.867,127.849,82.6487,45.1855,27.8743,12.3882
11.252,-0.0000,0.0000,0.0000,6,154.12,0.4361,-0.0180,9395.08,0.0,4.70104,9.87777,15.0055,24.2177,38.5821,54.9366,71.0116,95.4709,143.398,142.099,140.715,139.238,136.987,134.091,127.173,82.8587,45.284,27.9303,12.411
11.271,-0.2367,0.0000,0.0000,6,153.90,0.4386,-0.0181,9381.83,0.0,4.67965,9.8314,14.9332,24.0956,38.3743,54.6192,70.5742,94.8274,142.547,141.255,139.881,138.415,136.183,133.315,126.496,83.0685,45.3825,27.9863,12.4339
11.296,-0.3322,0.0000,0.0000,6,153.65,0.4409,-0.0154,9367.61,0.0,4.67295,9.86491,15.0488,24.4673,39.4302,56.8903,74.509,102.228,141.293,139.985,138.592,137.106,134.84,131.922,124.921,81.0993,44.8281,27.7986,12.4187
11.315,-0.2297,0.0000,0.0000,6,153.36,0.4423,-0.0059,9350.28,0.0,4.70474,10.1051,15.6596,26.197,44.231,67.5641,94.0547,140.322,139.015,137.624,136.139,134.547,132.103,128.911,120.782,74.6032,42.814,27.0452,12.3111
11.333,-0.0000,0.0000,0.0000,6,153.08,0.4425,0.0081,9331.78,0.0,4.7687,10.5199,16.7213,29.3728,54.1923,94.0287,139.197,137.331,135.894,134.356,132.704,130.916,128.124,124.342,111.266,66.651,40.111,25.9783,12.143
11.352,-0.0000,0.0000,0.0000,6,152.83,0.4418,0.0216,9314.76,0.0,4.8418,10.977,17.9321,33.3475,69.4548,138.388,136.259,134.211,132.624,130.912,129.052,127.008,123.72,118.912,94.793,60.389,37.7828,25.0107,11.9787
11.371,-0.0000,0.0000,0.0000,6,152.60,0.4406,0.0290,9300.67,0.0,4.89043,11.2611,18.6981,36.0576,82.1643,136.419,134.187,132.032,130.353,128.532,126.538,124.317,120.649,114.768,87.6593,57.4131,36.6035,24.4996,11.8847
11.396,-0.0000,0.0000,0.0000,6,152.38,0.4387,0.0327,9287.74,0.0,4.92644,11.4361,19.1541,37.6882,90.7514,134.972,132.69,130.482,128.758,126.882,124.817,122.502,118.609,111.824,84.358,55.9627,36.0013,24.2272,11.8275
11.415,-0.0000,0.0000,0.0000,6,152.16,0.4362,0.0345,9274.95,0.0,4.95788,11.554,19.4335,38.6237,95.7509,133.821,131.521,129.294,127.553,125.657,123.566,121.213,117.226,109.912,82.7774,55.2349,35.6812,24.0726,11.7872
11.434,-0.0000,0.0000,0.0000,6,151.95,0.4331,0.0352,9262.49,0.0,4.98885,11.6458,19.6239,39.1744,98.4027,132.826,130.525,128.297,126.555,124.658,122.565,120.209,116.21,108.773,82.001,54.8513,35.496,23.9734,11.7537
11.452,-0.0000,0.0000,0.0000,6,151.74,0.4296,0.0355,9250.04,0.0,5.02098,11.7274,19.7737,39.5322,99.749,131.91,129.616,127.396,125.661,123.773,121.691,119.349,115.381,108.079,81.6026,54.6293,35.3732,23.8991,11.7223
11.471,-0.0000,0.0000,0.0000,6,151.53,0.4258,0.0355,9237.55,0.0,5.0552,11.8081,19.9109,39.8127,100.504,131.029,128.744,126.536,124.812,122.937,120.871,118.551,114.632,107.56,81.3612,54.4723,35.2736,23.8327,11.6903
11.496,-0.0000,0.0000,0.0000,6,151.32,0.4216,0.0355,9225.03,0.0,5.09136,11.891,20.048,40.0734,101.059,130.159,127.886,125.691,123.979,122.118,120.069,117.773,113.907,107.074,81.169,54.3337,35.1792,23.767,11.6569
11.515,-0.0000,0.0000,0.0000,6,151.11,0.4173,0.0354,9212.49,0.0,5.12895,11.9769,20.1892,40.3386,101.598,129.292,127.031,124.849,123.148,121.301,119.27,116.997,113.185,106.57,80.9783,54.1935,35.0827,23.6993,11.6223
11.533,-0.0000,0.0000,0.0000,6,150.90,0.4128,0.0353,9199.93,0.0,5.16798,12.0662,20.3363,40.616,102.172,128.424,126.175,124.005,122.316,120.482,118.469,116.219,112.458,106.039,80.7759,54.0461,34.9816,23.6288,11.5864
11.552,-0.0000,0.0000,0.0000,6,150.69,0.4083,0.0353,9187.4,0.0,5.20797,12.1581,20.4887,40.9082,131.235,127.554,125.316,123.159,121.48,119.66,117.663,115.435,111.722,105.477,80.5539,53.8887,34.8755,23.5554,11.5494
11.571,-0.0000,0.0000,0.0000,6,150.49,0.4036,0.0352,9174.9,0.0,5.24884,12.2528,20.647,41.218,130.348,126.68,124.452,122.307,120.639,118.832,116.851,114.644,110.976,104.885,80.3071,53.7191,34.7637,23.479,11.5114
11.596,-0.0000,0.0000,0.0000,6,150.29,0.3989,0.0353,9161.74,0.0,5.29033,12.3498,20.8106,41.5454,129.457,125.803,123.585,121.451,119.793,117.998,116.032,113.845,110.219,104.265,80.0349,53.5376,34.6465,23.4,11.4728
11.614,-0.0000,0.0000,0.0000,6,150.08,0.3941,0.0353,9149.6,0.0,5.33235,12.4487,20.9788,41.8886,128.564,124.922,122.713,120.591,118.942,117.159,115.208,113.038,109.452,103.623,79.7399,53.3454,34.5246,23.3186,11.4334
11.633,-0.0000,0.0000,0.0000,6,149.88,0.3894,0.0353,9137.53,0.0,5.37468,12.5488,21.1498,42.2412,127.669,124.039,121.841,119.729,118.089,116.317,114.38,112.229,108.681,102.966,79.4322,53.1473,34.3999,23.2359,11.3938
11.652,-0.0000,0.0000,0.0000,6,149.68,0.3845,0.0354,9125.39,0.0,5.41734,12.6499,21.323,42.6006,126.774,123.156,120.967,118.866,117.235,115.474,113.551,111.418,107.908,102.301,79.1163,52.9451,34.2734,23.1522,11.3537
11.671,-0.0000,0.0000,0.0000,6,149.47,0.3797,0.0354,9113.25,0.0,5.46017,12.7516,21.4976,42.9642,125.88,122.274,120.094,118.003,116.382,114.632,112.722,110.607,107.133,101.629,78.7959,52.7407,34.1457,23.0679,11.3135
11.696,-0.0000,0.0000,0.0000,6,149.27,0.3749,0.0355,9101.11,0.0,5.5031,12.8537,21.6729,43.3304,124.986,121.392,119.221,117.141,115.529,113.79,111.894,109.796,106.358,100.953,78.4731,52.5351,34.0175,22.9833,11.2732
11.715,-0.0000,0.0000,0.0000,6,149.07,0.3700,0.0356,9088.95,0.0,5.54621,12.9562,21.849,43.6986,124.092,120.511,118.349,116.279,114.676,112.949,111.066,108.985,105.583,100.275,78.1493,52.3288,33.8888,22.8984,11.2328
11.734,-0.0000,0.0000,0.0000,6,148.87,0.3652,0.0356,9076.79,0.0,5.58933,13.0587,22.0254,44.0678,123.2,119.631,117.479,115.419,113.825,112.109,110.24,108.176,104.809,99.5939,77.8254,52.1225,33.7601,22.8135,11.1923
11.752,-0.0000,0.0000,0.0000,6,148.67,0.3603,0.0357,9064.67,0.0,5.63255,13.1616,22.2024,44.439,122.308,118.751,116.609,114.56,112.975,111.269,109.414,107.367,104.036,98.9105,77.5002,51.9154,33.6311,22.7283,11.1517
11.771,-0.0000,0.0000,0.0000,6,148.48,0.3554,0.0358,9051.44,0.0,5.67585,13.2648,22.3803,44.8133,121.417,117.872,115.739,113.7,112.125,110.43,108.588,106.559,103.262,98.2236,77.172,51.7069,33.5013,22.6429,11.1111
11.796,-0.0000,0.0000,0.0000,6,148.28,0.3506,0.0358,9039.91,0.0,5.71918,13.3682,22.5588,45.1902,120.526,116.994,114.87,112.842,111.276,109.592,107.763,105.75,102.487,97.5337,76.8414,51.4974,33.3712,22.5572,11.0704
11.815,-0.0000,0.0000,0.0000,6,148.08,0.3457,0.0359,9028.4,0.0,5.76262,13.472,22.7381,45.5694,119.636,116.116,114.002,111.984,110.427,108.754,106.939,104.943,101.714,96.8418,76.5095,51.2871,33.2406,22.4713,11.0296
11.833,-0.0000,0.0000,0.0000,6,147.88,0.3408,0.0360,9016.75,0.0,5.80611,13.5759,22.9176,45.9491,118.747,115.239,113.135,111.128,109.58,107.918,106.116,104.136,100.941,96.1491,76.1783,51.0771,33.1101,22.3854,10.9888
11.852,-0.0000,0.0000,0.0000,6,147.69,0.3359,0.0361,9005.1,0.0,5.84964,13.6799,23.0973,46.3293,117.859,114.364,112.269,110.272,108.734,107.083,105.294,103.331,100.169,95.4559,75.8481,50.8674,32.9797,22.2995,10.948
11.871,-0.0000,0.0000,0.0000,6,147.49,0.3310,0.0361,8993.4,0.0,5.8932,13.784,23.2771,46.7097,116.972,113.49,111.405,109.419,107.889,106.249,104.474,102.528,99.3991,94.7625,75.5191,50.6582,32.8494,22.2137,10.9072
11.896,-0.0000,0.0000,0.0000,6,147.30,0.3261,0.0362,8981.66,0.0,5.93672,13.8879,23.4565,47.0889,116.086,112.617,110.542,108.566,107.046,105.417,103.655,101.726,98.6308,94.0695,75.1927,50.4502,32.7197,22.1281,10.8664
11.915,-0.0000,0.0000,0.0000,6,147.11,0.3212,0.0363,8969.92,0.0,5.98033,13.992,23.6362,47.4686,115.202,111.746,109.68,107.716,106.205,104.587,102.838,100.926,97.8637,93.3762,74.8673,50.2425,32.59,22.0425,10.8256
11.934,-0.0000,0.0000,0.0000,6,146.92,0.3163,0.0363,8958.18,0.0,6.02396,14.0962,23.816,47.8487,114.318,110.875,108.82,106.866,105.365,103.758,102.023,100.127,97.0976,92.6824,74.5425,50.0351,32.4604,21.9569,10.7847
11.952,-0.0000,0.0000,0.0000,6,146.73,0.3114,0.0364,8944.91,0.0,6.06767,14.2007,23.9967,48.2317,113.435,110.005,107.96,106.017,104.525,102.929,101.208,99.3288,96.3314,91.9866,74.2155,49.8266,32.3303,21.871,10.7438
11.971,-0.0000,0.0000,0.0000,6,146.54,0.3065,0.0365,8933.94,0.0,6.11146,14.3055,24.1782,48.6177,112.552,109.136,107.1,105.168,103.686,102.101,100.393,98.5304,95.5652,91.289,73.8862,49.6169,32.1997,21.7849,10.7028
11.996,-0.0000,0.0000,0.0000,6,146.35,0.3016,0.0366,8923.01,0.0,6.15522,14.4103,24.3598,49.0047,111.67,108.267,106.242,104.321,102.847,101.274,99.5789,97.7331,94.7998,90.5907,73.5569,49.4073,32.0691,21.6988,10.6619
12.015,-0.0000,0.0000,0.0000,6,146.16,0.2967,0.0366,8911.87,0.0,6.19905,14.5153,24.5417,49.3923,110.789,107.4,105.384,103.474,102.01,100.448,98.7664,96.9371,94.0355,89.8923,73.2283,49.1979,31.9385,21.6127,10.6208
12.033,-0.0000,0.0000,0.0000,6,145.97,0.2918,0.0367,8900.7,0.0,6.24293,14.6204,24.7237,49.7798,109.909,106.534,104.528,102.629,101.175,99.6235,97.9554,96.1426,93.2725,89.1941,72.9011,48.9891,31.8081,21.5266,10.5798
12.052,-0.0000,0.0000,0.0000,6,145.78,0.2868,0.0368,8889.47,0.0,6.28678,14.7254,24.9055,50.1666,109.03,105.669,103.674,101.786,100.341,98.8008,97.1461,95.3497,92.5112,88.4965,72.5759,48.7812,31.6781,21.4407,10.5388
12.071,-0.0000,0.0000,0.0000,6,145.59,0.2819,0.0368,8878.16,0.0,6.33066,14.8304,25.0871,50.5526,108.153,104.806,102.821,100.944,99.5087,97.9798,96.3385,94.5586,91.7514,87.7995,72.253,48.5742,31.5485,21.3549,10.4978
12.096,-0.0000,0.0000,0.0000,6,145.41,0.2770,0.0369,8866.83,0.0,6.37462,14.9355,25.2689,50.9384,107.277,103.944,101.969,100.104,98.6778,97.1602,95.5324,93.769,90.993,87.1029,71.9315,48.3678,31.419,21.2691,10.4568
12.115,-0.0000,0.0000,0.0000,6,145.22,0.2720,0.0370,8855.48,0.0,6.41852,15.0405,25.4505,51.324,106.401,103.083,101.119,99.2645,97.8484,96.342,94.7277,92.9807,90.2358,86.4063,71.6112,48.1619,31.2897,21.1835,10.4158
12.134,-0.0000,0.0000,0.0000,6,145.04,0.2671,0.0370,8842.22,0.0,6.46256,15.1459,25.6331,51.7131,105.526,102.222,100.268,98.4257,97.0192,95.5242,93.9232,92.1927,89.4784,85.7083,71.2884,47.9548,31.1599,21.0976,10.3747
12.152,-0.0000,0.0000,0.0000,6,144.86,0.2622,0.0371,8831.68,0.0,6.50665,15.2517,25.8166,52.1056,104.651,101.362,99.4188,97.5873,96.1904,94.7066,93.119,91.4047,88.7208,85.0087,70.9629,47.7464,31.0295,21.0114,10.3335
12.171,0.3310,0.0000,0.0000,6,144.68,0.2572,0.0372,8821.39,0.0,6.55067,15.3573,26.0002,52.4992,103.777,100.502,98.57,96.7499,95.3626,93.8901,92.3159,90.6177,87.964,84.3088,70.6372,47.538,30.8992,20.9253,10.2924
12.196,0.6050,0.0000,0.0000,6,144.46,0.2525,0.0345,8809.81,0.0,6.57317,15.3202,25.7713,51.2354,103.223,100.005,98.1109,96.3309,94.9772,93.5437,92.0162,90.3751,87.8303,84.388,72.156,48.1558,31.112,20.9915,10.2795
12.215,0.6833,0.0000,0.0000,6,144.17,0.2488,0.0248,8793.73,0.0,6.53879,14.9256,24.5553,46.3782,103.459,100.396,98.6039,96.9278,95.6602,94.3252,92.9134,91.4116,89.1219,86.1391,78.1425,51.1525,32.2771,21.4722,10.3425
12.234,0.5730,0.0000,0.0000,6,143.83,0.2462,0.0094,8773.6,0.0,6.4572,14.2833,22.7634,40.1987,75.2638,101.395,99.737,98.1959,97.0371,95.8247,94.5523,93.2119,91.2022,88.6653,82.7825,56.9833,34.4383,22.356,10.4762
12.252,0.2135,0.0000,0.0000,6,143.49,0.2450,-0.0091,8752.05,0.0,6.34851,13.5551,20.8916,34.6006,57.4467,102.598,101.077,99.6702,98.6173,97.5208,96.3768,95.181,93.4081,91.2154,86.4391,66.2186,37.5421,23.5704,10.6621
12.271,-0.0000,0.0000,0.0000,6,143.15,0.2453,-0.0289,8729.95,0.0,6.22655,12.8368,19.1801,30.088,45.947,62.4843,102.366,101.079,100.119,99.1229,98.0881,97.0115,95.4272,93.492,89.4088,77.3727,41.6115,25.0638,10.8858
12.296,-0.0000,0.0000,0.0000,6,142.87,0.2468,-0.0462,8709.46,0.0,6.11528,12.2518,17.8745,26.9737,39.0551,50.3971,59.6541,71.0914,101.155,100.234,99.2796,98.2894,96.8389,95.0789,91.4262,81.7963,46.02,26.5663,11.1038
12.315,-0.0000,0.0000,0.0000,6,142.65,0.2492,-0.0567,8692.55,0.0,6.03799,11.8962,17.1248,25.3121,35.6884,44.9514,52.1913,60.7646,68.8492,100.524,99.6154,98.6746,97.2991,95.6362,92.2107,83.516,49.2792,27.6153,11.2564
12.334,-0.0000,0.0000,0.0000,6,142.44,0.2525,-0.0639,8679.75,0.0,5.97384,11.6422,16.617,24.2486,33.6526,41.8045,48.0226,55.2182,61.8428,70.2797,99.5414,98.6333,97.3075,95.7081,92.4287,84.2706,51.8038,28.4049,11.3769
12.353,-0.0000,0.0000,0.0000,6,142.24,0.2567,-0.0686,8669.83,0.0,5.91542,11.4471,16.2499,23.523,32.3305,39.8307,45.4697,51.9083,57.7553,65.0922,99.2054,98.3201,97.0288,95.4734,92.2943,84.484,53.7034,28.9989,11.477
12.371,-0.0000,0.0000,0.0000,6,142.06,0.2620,-0.0714,8660.23,0.0,5.85929,11.2905,15.9759,23.0175,31.4586,38.5737,43.8794,49.8921,55.311,62.0556,98.6808,97.8113,96.5443,95.0198,91.9113,84.3379,55.0346,29.4316,11.5627
12.396,-0.0000,0.0000,0.0000,6,141.88,0.2681,-0.0729,8650.78,0.0,5.80308,11.1573,15.7609,22.652,30.8698,37.7603,42.8771,48.6538,53.84,60.2688,68.5805,97.1676,95.9181,94.4159,91.3586,83.955,55.9095,29.7431,11.6391
12.415,-0.0000,0.0000,0.0000,6,141.70,0.2750,-0.0735,8641.22,0.0,5.74519,11.0361,15.5792,22.369,30.4491,37.21,42.2224,47.8726,52.9376,59.2063,67.1654,96.4378,95.2014,93.7164,90.6986,83.4252,56.4645,29.9743,11.7109
12.434,-0.0000,0.0000,0.0000,6,141.53,0.2826,-0.0736,8631.37,0.0,5.68512,10.9203,15.4154,22.1329,30.1263,36.8143,41.7721,47.3606,52.37,58.5694,66.4431,95.6547,94.4291,92.958,89.9727,82.8066,56.8095,30.1549,11.7807
12.452,-0.0000,0.0000,0.0000,6,141.36,0.2906,-0.0732,8621.31,0.0,5.62293,10.8061,15.2596,21.9207,29.8558,36.5024,41.4339,46.9972,51.988,58.1697,66.1229,94.8415,93.6252,92.1665,89.21,82.1386,57.03,30.3067,11.8501
12.471,-0.0000,0.0000,0.0000,6,141.19,0.2990,-0.0728,8611.09,0.0,5.55824,10.6881,15.0997,21.7051,29.5846,36.1938,41.103,46.6466,51.6248,57.7973,94.8556,94.0247,92.8176,91.371,88.4428,81.464,57.2335,30.4577,11.9217
12.496,-0.0000,0.0000,0.0000,6,141.03,0.3077,-0.0725,8600.61,0.0,5.49109,10.5641,14.9301,21.4729,29.2868,35.8484,40.7267,46.2401,51.1951,57.3445,94.0424,93.2177,92.0203,90.5864,87.6877,80.8039,57.476,30.6224,11.9967
12.515,-0.0000,0.0000,0.0000,6,140.86,0.3165,-0.0723,8589.12,0.0,5.42175,10.4334,14.7481,21.217,28.9473,35.4426,40.2738,45.7363,50.6478,56.7459,93.2467,92.4287,91.2418,89.8215,86.9541,80.1704,57.7928,30.8096,12.0754
12.534,-0.2332,0.0000,0.0000,6,140.69,0.3255,-0.0723,8579.63,0.0,5.35084,10.2978,14.5575,20.945,28.5794,34.9956,39.7688,45.1665,50.0204,56.0482,92.4632,91.6523,90.4764,89.0703,86.2354,79.5543,58.161,31.0124,12.1568
12.552,-0.4452,0.0000,0.0000,6,140.50,0.3343,-0.0695,8569.13,0.0,5.29364,10.2292,14.5052,20.9639,28.7583,35.3727,40.3319,45.9796,51.0951,57.4961,91.435,90.6241,89.4485,88.0435,85.2132,78.552,57.4063,30.8989,12.1989
12.571,-0.4629,0.0000,0.0000,6,140.25,0.3423,-0.0600,8555.23,0.0,5.27377,10.3379,14.8224,21.7771,30.4749,38.1317,44.0466,50.9735,57.4299,90.587,89.7812,88.9521,87.7501,86.3135,83.4164,76.563,54.1092,30.024,12.1402
12.596,-0.3745,0.0000,0.0000,6,139.97,0.3492,-0.0450,8538.48,0.0,5.2898,10.6173,15.5128,23.4645,34.0785,44.102,52.3256,90.0226,89.2298,88.4147,87.576,86.7127,85.4607,83.9623,80.932,73.6651,49.4586,28.6368,12.0003
12.615,-0.0000,0.0000,0.0000,6,139.69,0.3547,-0.0266,8520.5,0.0,5.33551,11.0428,16.5551,26.1174,40.2114,55.1552,88.6754,87.5466,86.7128,85.855,84.9721,84.0625,82.7411,81.1563,77.933,69.9993,44.7095,27.0683,11.8136
12.634,-0.0000,0.0000,0.0000,6,139.43,0.3588,-0.0076,8502.82,0.0,5.39941,11.5607,17.8634,29.7239,49.735,87.4235,86.1198,84.9304,84.0514,83.1462,82.2132,81.2507,79.8496,78.1627,74.7027,65.7948,40.6719,25.6096,11.619
12.652,-0.0000,0.0000,0.0000,6,139.23,0.3622,0.0049,8488.68,0.0,5.43866,11.9241,18.8406,32.7069,87.8426,85.4728,84.1278,82.9006,81.993,81.0576,80.0928,79.0965,77.6434,75.8892,72.2662,62.5175,38.4253,24.7524,11.5024
12.671,-0.0000,0.0000,0.0000,6,139.04,0.3647,0.0118,8477.61,0.0,5.45526,12.1243,19.4129,34.6076,86.4324,84.0307,82.6682,81.4248,80.505,79.5571,78.5791,77.5686,76.0938,74.3116,70.6181,60.4122,37.3133,24.3186,11.4457
12.696,-0.0000,0.0000,0.0000,6,138.87,0.3664,0.0156,8467.15,0.0,5.4622,12.2325,19.7352,35.7377,85.2923,82.8817,81.5151,80.2682,79.3461,78.396,77.4159,76.4031,74.9252,73.1391,69.4355,59.1169,36.7408,24.0934,11.4176
12.715,-0.0000,0.0000,0.0000,6,138.70,0.3672,0.0176,8457.86,0.0,5.46634,12.2922,19.9142,36.3779,84.3055,81.8989,80.5357,79.2925,78.3736,77.4272,76.4511,75.443,73.9726,72.1967,68.5183,58.3194,36.4416,23.9744,11.4023
12.733,-0.0000,0.0000,0.0000,6,138.54,0.3674,0.0186,8448.65,0.0,5.47059,12.3256,20.0076,36.7014,83.4117,81.0166,79.6613,78.4262,77.5136,76.5743,75.6061,74.6065,73.1498,71.3923,67.7597,57.8118,36.2964,23.9145,11.3929
12.753,-0.0000,0.0000,0.0000,6,138.38,0.3669,0.0189,8439.37,0.0,5.4766,12.3479,20.0581,36.8504,82.569,80.1894,78.8443,77.6193,76.7149,75.7844,74.8258,73.837,72.3971,70.662,67.0855,57.4391,36.2304,23.8838,11.3853
12.771,-0.0000,0.0000,0.0000,6,138.22,0.3660,0.0190,8429.99,0.0,5.48498,12.3679,20.0924,36.9208,81.7507,79.3884,78.0545,76.8406,75.945,75.0241,74.0761,73.0988,71.6769,69.966,66.449,57.1101,36.1986,23.8645,11.377
12.796,-0.0000,0.0000,0.0000,6,138.06,0.3646,0.0189,8420.53,0.0,5.4959,12.3905,20.1258,36.9691,80.9415,78.5971,77.2747,76.0722,75.1857,74.2746,73.3373,72.3716,70.9682,69.2816,65.8245,56.7794,36.1761,23.8467,11.3669
12.815,-0.0000,0.0000,0.0000,6,137.90,0.3631,0.0187,8411.0,0.0,5.50871,12.4161,20.1621,37.0145,80.1359,77.8095,76.4986,75.3076,74.4301,73.5288,72.6022,71.6483,70.2631,68.6007,65.2027,56.4334,36.1545,23.8277,11.3552
12.834,-0.0000,0.0000,0.0000,6,137.74,0.3613,0.0186,8401.45,0.0,5.52322,12.4456,20.2044,37.0711,79.3297,77.0212,75.7218,74.5422,73.6736,72.782,71.8659,70.9235,69.5563,67.9178,64.5773,56.0653,36.1277,23.8052,11.3419
12.853,-0.0000,0.0000,0.0000,6,137.58,0.3594,0.0185,8391.91,0.0,5.53934,12.4793,20.255,37.1476,78.5205,76.2296,74.9415,73.7731,72.9132,72.0312,71.1255,70.1944,68.8448,67.2294,63.9448,55.6724,36.0919,23.778,11.327
12.871,-0.0000,0.0000,0.0000,6,137.43,0.3573,0.0185,8382.04,0.0,5.55656,12.5166,20.3129,37.2435,77.7081,75.4346,74.1577,73.0002,72.149,71.2763,70.3808,69.4608,68.1284,66.5357,63.3054,55.2572,36.0475,23.7464,11.3107
12.896,-0.0000,0.0000,0.0000,6,137.27,0.3552,0.0184,8372.49,0.0,5.57473,12.557,20.3777,37.3592,76.8923,74.6359,73.37,72.2233,71.3806,70.5171,69.6316,68.7225,67.407,65.8365,62.6588,54.8216,35.9943,23.7107,11.2933
12.915,-0.0000,0.0000,0.0000,6,137.12,0.3531,0.0184,8363.25,0.0,5.59353,12.5995,20.447,37.4876,76.0746,73.8352,72.5802,71.4443,70.61,69.7557,68.8801,67.9817,66.6829,65.1341,62.0081,54.371,35.9355,23.6722,11.2751
12.933,-0.0000,0.0000,0.0000,6,136.96,0.3509,0.0185,8353.97,0.0,5.61272,12.6433,20.519,37.6232,75.2563,73.034,71.7898,70.6646,69.8387,68.9934,68.1276,67.2399,65.9576,64.4304,61.355,53.9092,35.8736,23.6322,11.2565
12.953,-0.0000,0.0000,0.0000,6,136.81,0.3486,0.0185,8344.67,0.0,5.63227,12.6882,20.5931,37.7641,74.4377,72.2325,70.9992,69.8846,69.0671,68.2309,67.3749,66.4977,65.2318,63.7259,60.7004,53.438,35.8094,23.5911,11.2375
12.971,-0.0000,0.0000,0.0000,6,136.65,0.3464,0.0185,8335.37,0.0,5.65205,12.7337,20.6685,37.9085,73.6193,71.4312,70.2088,69.1049,68.2957,67.4685,66.6223,65.7557,64.506,63.0212,60.0449,52.959,35.7437,23.5491,11.2183
12.996,-0.0000,0.0000,0.0000,6,136.50,0.3441,0.0186,8326.07,0.0,5.67201,12.7797,20.745,38.0554,72.8012,70.6302,69.4188,68.3256,67.5248,66.7066,65.87,65.0139,63.7804,62.3166,59.3887,52.4731,35.677,23.5067,11.1988
13.015,-0.0000,0.0000,0.0000,6,136.34,0.3418,0.0186,8316.76,0.0,5.69212,12.8261,20.8221,38.2041,71.9835,69.8299,68.6294,67.5469,66.7544,65.9452,65.1183,64.2727,63.0553,61.6122,58.7323,51.981,35.6096,23.4638,11.1792
13.034,-0.0000,0.0000,0.0000,6,136.19,0.3395,0.0187,8307.46,0.0,5.71232,12.8728,20.8998,38.3541,71.1664,69.0301,67.8406,66.7688,65.9847,65.1845,64.3673,63.5321,62.3307,60.9082,58.0756,51.4834,35.5417,23.4207,11.1596
13.053,-0.0000,0.0000,0.0000,6,136.04,0.3372,0.0187,8298.19,0.0,5.73259,12.9197,20.978,38.5055,70.3498,68.231,67.0525,65.9915,65.2157,64.4244,63.6169,62.7921,61.6066,60.2046,57.4188,50.9807,35.4733,23.3773,11.1398
13.071,-0.0000,0.0000,0.0000,6,135.89,0.3348,0.0188,8288.54,0.0,5.75299,12.9669,21.0569,38.6587,69.5336,67.4324,66.265,65.2146,64.4473,63.665,62.8671,62.0526,60.883,59.5013,56.7617,50.473,35.4042,23.3335,11.1199
13.096,-0.0000,0.0000,0.0000,6,135.74,0.3325,0.0188,8279.52,0.0,5.77341,13.0144,21.1361,38.8131,68.7179,66.6344,65.4781,64.4385,63.6795,62.9062,62.1179,61.3138,60.1599,58.7985,56.1045,49.9608,35.3347,23.2896,11.1
13.115,-0.0000,0.0000,0.0000,6,135.59,0.3302,0.0189,8270.53,0.0,5.7939,13.0619,21.2157,38.9684,67.9028,65.8372,64.6919,63.6632,62.9126,62.1482,61.3695,60.5757,59.4376,58.0961,55.4474,49.4446,35.2649,23.2455,11.08
13.134,-0.0000,0.0000,0.0000,6,135.44,0.3278,0.0189,8261.5,0.0,5.81443,13.1096,21.2955,39.1242,67.0884,65.0407,63.9066,62.8887,62.1464,61.3911,60.622,59.8384,58.716,57.3944,54.7903,48.9246,35.195,23.2013,11.06
13.152,-0.0000,0.0000,0.0000,6,135.29,0.3255,0.0190,8252.47,0.0,5.83504,13.1575,21.3756,39.338,66.2747,64.245,63.1222,62.1151,61.3812,60.6348,59.8753,59.102,57.9951,56.6934,54.1334,48.4012,35.1249,23.1571,11.0399
13.171,-0.0000,0.0000,0.0000,6,135.14,0.3231,0.0190,8243.45,0.0,5.85569,13.2055,21.4559,69.2209,65.4617,63.4502,62.3386,61.3424,60.6169,59.8795,59.1295,58.3665,57.2751,55.993,53.4768,47.8745,35.0548,23.1127,11.0197
13.196,-0.0000,0.0000,0.0000,6,134.99,0.3208,0.0191,8234.42,0.0,5.87636,13.2535,21.5362,68.3819,64.6494,62.6562,61.5559,60.5706,59.8536,59.1251,58.3847,57.6318,56.5559,55.2934,52.8204,47.3449,34.9848,23.0684,10.9996
13.215,-0.0000,0.0000,0.0000,6,134.84,0.3184,0.0191,8225.4,0.0,5.8971,13.3016,21.6167,67.5433,63.8378,61.863,60.7741,59.7997,59.0911,58.3716,57.6407,56.898,55.8375,54.5944,52.1642,46.8124,34.9147,23.024,10.9794
13.234,-0.0000,0.0000,0.0000,6,134.69,0.3161,0.0192,8216.39,0.0,5.91787,13.3499,21.6974,66.7051,63.027,61.0707,59.9932,59.0298,58.3295,57.619,56.8977,56.1652,55.12,53.8961,51.5082,46.2772,34.8445,22.9795,10.9592
13.253,-0.0000,0.0000,0.0000,6,134.54,0.3137,0.0192,8207.35,0.0,5.93871,13.3983,21.7783,65.8671,62.2167,60.2791,59.213,58.2606,57.5688,56.8672,56.1555,55.433,54.4031,53.1984,50.8524,45.7393,34.7742,22.935,10.9389
13.271,-0.0000,0.0000,0.0000,6,134.40,0.3113,0.0193,8198.14,0.0,5.95955,13.4467,21.8594,65.0295,61.4071,59.4882,58.4337,57.4923,56.8089,56.1163,55.4141,54.7017,53.687,52.5014,50.1968,45.1989,34.7038,22.8903,10.9186
13.296,-0.0000,0.0000,0.0000,6,134.25,0.3089,0.0193,8189.41,0.0,5.98047,13.4953,21.9408,64.1922,60.5981,58.6981,57.655,56.7247,56.0498,55.3661,54.6734,53.9712,52.9716,51.8048,49.5412,44.656,34.6242,22.8456,10.8983
13.315,-0.0000,0.0000,1.0000,6,134.10,0.3066,0.0194,8180.66,0.0,6.00138,13.544,22.0223,63.3552,59.7898,57.9088,56.8773,55.9581,55.2917,54.617,53.9337,53.2415,52.257,51.1091,48.886,44.111,34.5029,22.8008,10.8779
13.333,-0.0000,0.0000,1.0000,6,132.82,0.3042,0.0194,7656.98,0.0,6.02222,13.5923,22.103,62.5218,58.9853,57.1234,56.1035,55.1953,54.5374,53.8716,53.1978,52.5156,51.5461,50.4168,48.2338,43.5662,34.345,22.7565,10.8576
13.352,-0.0000,0.0000,1.0000,6,130.89,0.3018,0.0194,7390.56,0.0,6.04272,13.6395,22.1814,61.6998,58.1922,56.3493,55.341,54.4437,53.7941,53.1372,52.4727,51.8004,50.8456,49.7346,47.5908,43.0274,34.1596,22.7135,10.8378
13.371,-0.0000,0.0000,1.0000,6,128.83,0.2995,0.0195,7137.03,0.0,6.06294,13.6859,22.2579,60.8901,57.4114,55.5873,54.5904,53.704,53.0627,52.4145,51.7592,51.0965,50.1563,49.0632,46.9577,42.4948,33.9515,22.6715,10.8182
13.397,-0.0000,0.0000,1.0000,6,126.72,0.2972,0.0195,6887.41,0.0,6.08277,13.7312,22.3326,60.0934,56.6435,54.8381,53.8525,52.9768,52.3436,51.704,51.0577,50.4046,49.4785,48.4031,46.3349,41.9691,33.7253,22.6306,10.7991
13.415,-0.0000,0.0000,1.0000,6,124.54,0.2950,0.0195,6644.7,0.0,6.10224,13.7755,22.4054,59.3099,55.8886,54.1017,53.1273,52.2621,51.637,51.0058,50.3684,49.7247,48.8126,47.7543,45.7225,41.4506,33.4843,22.5906,10.7803
13.434,-0.0000,0.0000,1.0000,6,122.33,0.2928,0.0195,6411.29,0.0,6.12138,13.819,22.4764,58.5398,55.1471,53.3785,52.4151,51.5603,50.9431,50.3202,49.6916,49.057,48.1585,47.1171,45.1208,40.9394,33.2315,22.5517,10.7618
13.453,-0.0000,0.0000,1.0000,6,120.11,0.2906,0.0195,6186.54,0.0,6.14011,13.8614,22.5456,57.7834,54.419,52.6685,51.716,50.8715,50.262,49.6474,49.0273,48.4017,47.5166,46.4916,44.5299,40.4359,32.9693,22.5137,10.7438
13.471,-0.0000,0.0000,1.0000,6,117.93,0.2885,0.0195,5941.19,0.0,6.15851,13.903,22.6135,57.0403,53.7039,51.9714,51.0296,50.1952,49.5934,48.9867,48.3751,47.7584,46.8863,45.8774,43.9493,39.9398,32.6992,22.4765,10.7261
13.496,-0.0000,0.0000,1.0000,6,115.76,0.2864,0.0195,5713.18,0.0,6.17658,13.9437,22.6796,56.3106,53.0021,51.2873,50.356,49.5316,48.9373,48.3385,47.7351,47.1271,46.2679,45.2746,43.3793,39.4513,32.4232,22.4401,10.7087
13.515,-0.0000,0.0000,1.0000,6,113.61,0.2844,0.0195,5495.75,0.0,6.19425,13.9835,22.7439,55.5942,52.3134,50.616,49.6952,48.8806,48.2937,47.7026,47.1074,46.5078,45.6611,44.6832,42.8198,38.9707,32.1427,22.4048,10.6918
13.534,-0.0000,0.0000,0.0000,6,111.49,0.2824,0.0195,5282.16,0.0,6.21161,14.0224,22.8069,54.8908,51.6374,49.9574,49.0468,48.2418,47.6622,47.0787,46.4914,45.9001,45.0658,44.1028,42.2706,38.4976,31.8587,22.3703,10.6751
13.553,-0.0000,0.0000,0.0000,6,109.43,0.2804,0.0195,6005.79,0.0,6.22859,14.0604,22.8682,54.2002,50.9741,49.311,48.4106,47.6151,47.0426,46.4666,45.8871,45.304,44.4816,43.5333,41.7313,38.0321,31.5721,22.3365,10.6588
13.571,-0.0000,0.0000,0.0000,6,107.64,0.2785,0.0195,6498.33,0.0,6.24541,14.0985,22.9303,53.5205,50.3213,48.6751,47.7846,46.9984,46.433,45.8643,45.2925,44.7174,43.9067,42.9727,41.2003,37.5723,31.2822,22.3025,10.6426
13.596,-0.0000,0.0000,0.0000,6,106.46,0.2765,0.0195,6521.27,0.0,6.26235,14.1379,22.9964,52.8471,49.6747,48.0451,47.1644,46.3875,45.8289,45.2675,44.7032,44.1359,43.3368,42.4169,40.6733,37.1147,30.9867,22.2664,10.6262
13.615,-0.0000,0.0000,0.0000,6,105.48,0.2746,0.0196,6462.19,0.0,6.27906,14.1766,23.0608,52.1804,49.0347,47.4217,46.5509,45.7831,45.2314,44.6772,44.1203,43.5608,42.7731,41.867,40.1519,36.661,30.6886,22.2312,10.61
13.634,0.2171,0.0000,0.0000,6,104.59,0.2727,0.0196,6405.15,0.0,6.29548,14.2141,23.1686,51.5201,48.4013,46.8049,45.9438,45.1851,44.6403,44.0931,43.5436,42.9918,42.2155,41.323,39.6359,36.2114,30.3888,22.1974,10.5941
13.653,0.4591,0.0000,0.0000,6,103.92,0.2710,0.0182,6357.09,0.0,6.30155,14.1877,23.1683,50.9459,47.8567,46.278,45.4273,44.6781,44.1404,43.6007,43.0589,42.5151,41.7504,40.872,39.2133,35.8552,30.1785,22.2504,10.5936
13.671,0.6691,0.0000,0.0000,6,103.66,0.2699,0.0117,6333.64,0.0,6.26926,13.9312,22.4087,50.6702,47.6195,46.0626,45.2242,44.4862,43.9568,43.4255,42.8925,42.3576,41.6059,40.7429,39.1147,35.8258,30.2919,22.6277,10.6511
13.696,0.8007,0.0000,0.0000,6,103.46,0.2697,0.0003,6320.67,0.0,6.19894,13.4714,21.1153,50.6737,47.6686,46.1364,45.3119,44.5864,44.0661,43.544,43.0202,42.495,41.7571,40.9103,39.3137,36.094,30.695,23.2694,10.7702
13.715,0.8328,0.0000,0.0000,6,103.23,0.2705,-0.0147,6307.79,0.0,6.10096,12.8958,19.6947,50.8677,47.9122,46.4061,45.596,44.8836,44.3726,43.86,43.3459,42.8304,42.1063,41.2758,39.7107,36.558,31.2838,24.0614,10.9424
13.733,0.7082,0.0000,0.0000,6,102.99,0.2725,-0.0321,6293.86,0.0,5.98369,12.2692,18.2473,51.1848,48.2804,46.8012,46.0056,45.3061,44.8046,44.3015,43.797,43.2911,42.5807,41.766,40.2316,37.1426,31.9834,24.9352,11.1619
13.753,0.3096,0.0000,0.0000,6,102.74,0.2758,-0.0513,6279.03,0.0,5.85235,11.6296,16.855,51.5812,48.7286,47.2763,46.4953,45.8085,45.3162,44.8224,44.3273,43.831,43.134,42.3347,40.8295,37.8012,32.748,25.8519,11.4267
13.771,-0.0000,0.0000,0.0000,6,102.49,0.2804,-0.0717,6263.86,0.0,5.71091,10.9993,15.5582,52.0273,49.2264,47.8004,47.0338,46.3597,45.8764,45.3918,44.9058,44.4186,43.7346,42.9503,41.4734,38.5028,33.5478,26.787,11.7365
13.797,-0.0000,0.0000,0.0000,6,102.31,0.2862,-0.0914,6250.24,0.0,5.57121,10.4325,14.4528,21.05,49.6589,48.2578,47.5046,46.8424,46.3678,45.8917,45.4144,44.9358,44.264,43.4938,42.0437,39.1273,34.2649,27.6304,12.0656
13.815,-0.0000,0.0000,0.0000,6,102.21,0.2927,-0.1038,6241.76,0.0,5.46513,10.0626,13.7742,19.2191,49.6872,48.306,47.5635,46.911,46.4434,45.9745,45.5045,45.0333,44.3718,43.6137,42.187,39.32,34.5471,28.0491,12.31
13.834,-0.0000,0.0000,0.0000,6,102.12,0.2998,-0.1106,6236.07,0.0,5.38037,9.81738,13.3543,18.4114,49.4178,48.0527,47.3194,46.675,46.2134,45.7507,45.2869,44.8222,44.17,43.4227,42.0172,39.1965,34.5118,28.1581,12.4832
13.853,-0.0000,0.0000,0.0000,6,102.04,0.3077,-0.1143,6231.36,0.0,5.30395,9.6314,13.058,17.9534,48.9853,47.6347,46.9096,46.2728,45.8167,45.3596,44.9017,44.443,43.7994,43.0624,41.6772,38.9016,34.3047,28.0987,12.6175
13.871,-0.0000,0.0000,0.0000,6,101.97,0.3164,-0.1161,6227.05,0.0,5.23032,9.47544,12.8259,17.6856,48.4581,47.1211,46.4038,45.7742,45.3234,44.8718,44.4196,43.9667,43.3316,42.6046,41.2394,38.5083,33.9994,27.9425,12.7298
13.897,-0.0000,0.0000,0.0000,6,101.90,0.3256,-0.1169,6222.9,0.0,5.15652,9.33259,12.6242,17.5411,47.88,46.5563,45.8468,45.2243,44.7788,44.3327,43.8861,43.4389,42.8122,42.0952,40.7499,38.0634,33.6424,27.7342,12.8315
13.915,-0.0000,0.0000,0.0000,6,101.83,0.3353,-0.1171,6218.78,0.0,5.0813,9.19356,12.4334,17.4943,47.2784,45.9682,45.2665,44.6511,44.2108,43.7702,43.3292,42.8878,42.2695,41.5626,40.2372,37.5952,33.2618,27.5005,12.9295
13.934,-0.0000,0.0000,0.0000,6,101.76,0.3454,-0.1171,6214.66,0.0,5.00425,9.05377,12.244,17.5539,46.6686,45.3719,44.6779,44.0697,43.6348,43.1997,42.7643,42.3288,41.719,41.022,39.7166,37.1191,32.8726,27.2554,13.0275
13.952,-0.0000,1.0000,0.0000,6,101.69,0.3557,-0.1171,6210.54,0.0,4.92548,8.91168,12.0523,17.7863,46.0572,44.7742,44.0882,43.4872,43.0577,42.628,42.1984,41.7687,41.1673,40.4804,39.195,36.6419,32.4814,27.0049,13.1268
13.971,-0.0000,1.0000,0.0000,6,101.91,0.3662,-0.1171,6399.9,0.0,4.84525,8.76682,11.8566,18.61,45.447,44.1778,43.4997,42.9061,42.4819,42.0579,41.6339,41.2102,40.6172,39.9404,38.675,36.166,32.0905,26.7514,13.2281
13.997,-0.0000,1.0000,0.0000,6,102.29,0.3769,-0.1171,6428.68,0.0,4.76362,8.61916,11.6569,47.3364,44.8365,43.5814,42.9113,42.325,41.9063,41.4879,41.0697,40.6518,40.0674,39.4007,38.1553,35.6903,31.699,26.4943,13.3315
14.015,-0.0000,1.0000,0.0000,6,102.69,0.3877,-0.1171,6449.49,0.0,4.68094,8.46968,11.4549,46.6993,44.2237,42.9828,42.3209,41.742,41.3288,40.916,40.5036,40.0916,39.5158,38.8593,37.6339,35.2127,31.3048,26.2319,13.436
14.034,-0.0000,1.0000,0.0000,6,103.09,0.3986,-0.1170,6471.02,0.0,4.59747,8.31896,11.2514,46.0591,43.6081,42.3815,41.7278,41.1564,40.7488,40.3416,39.935,39.5291,38.9618,38.3155,37.1101,34.7327,30.9074,25.9636,13.5414
14.052,-0.0000,1.0000,0.0000,6,103.48,0.4097,-0.1170,6494.38,0.0,4.51335,8.16715,11.0526,45.4157,42.9899,41.7777,41.1323,40.5684,40.1663,39.7649,39.3641,38.9642,38.4056,37.7694,36.5841,34.2503,30.5067,25.6896,13.6409
14.072,-0.0000,1.0000,0.0000,6,103.88,0.4208,-0.1169,6519.45,0.0,4.42862,8.01422,10.8706,44.7699,42.3694,41.1719,40.5348,39.9786,39.5821,39.1863,38.7915,38.3975,37.8475,37.2216,36.0563,33.766,30.1033,25.4103,13.7243
14.097,-0.0000,1.0000,0.0000,6,104.28,0.4319,-0.1169,6545.72,0.0,4.34328,7.8601,10.7085,44.1218,41.747,40.5643,39.9356,39.387,38.9961,38.6061,38.2172,37.8292,37.288,36.6722,35.527,33.2799,29.6973,25.126,13.7923
14.115,-0.0000,1.0000,0.0000,6,104.67,0.4432,-0.1169,6572.93,0.0,4.25753,7.70514,10.5706,43.4713,41.1226,39.9548,39.3346,38.7937,38.4084,38.0243,37.6412,37.2593,36.7267,36.1212,34.996,32.792,29.2885,24.8366,13.8455
14.134,-0.0000,1.0000,0.0000,6,105.07,0.4544,-0.1169,6600.2,0.0,4.17121,7.54906,10.4615,42.8185,40.4962,39.3435,38.7317,38.1986,37.819,37.4407,37.0636,36.6878,36.1639,35.5686,34.4633,32.3022,28.8772,24.5422,13.8845
14.152,-0.0000,1.0000,0.0000,6,105.47,0.4658,-0.1169,6626.76,0.0,4.08458,7.39236,10.3894,42.163,39.8675,38.7299,38.1268,37.6014,37.2276,36.855,36.4839,36.1142,35.599,35.0139,33.9287,31.8103,28.4627,24.2426,13.9098
14.172,-0.0000,0.0000,0.0000,6,105.88,0.4772,-0.1169,6652.6,0.0,3.99759,7.23498,10.3647,41.5049,39.2365,38.1142,37.5197,37.0022,36.6341,36.2674,35.9023,35.5386,35.0322,34.4574,33.3921,31.3161,28.0453,23.9378,13.9217
14.197,-0.0000,0.0000,0.0000,6,105.98,0.4886,-0.1169,6473.9,0.0,3.91038,7.08079,10.4043,40.8444,38.6033,37.4966,36.9108,36.4011,36.0388,35.678,35.3188,34.9613,34.4636,33.899,32.8536,30.82,27.625,23.628,13.9207
14.215,-0.0000,0.0000,0.0000,6,105.91,0.5000,-0.1168,6467.3,0.0,3.82302,6.94345,10.5342,40.1837,37.9704,36.8791,36.3021,35.8003,35.4437,35.0889,34.7357,34.3843,33.8953,33.3409,32.3153,30.3236,27.2034,23.3146,13.9076
14.234,-0.0000,0.0000,0.0000,6,105.83,0.5114,-0.1168,6462.67,0.0,3.73586,6.82678,10.8115,39.5229,37.3374,36.2618,35.6935,35.1996,34.8488,34.4998,34.1526,33.8073,33.327,32.7828,31.7769,29.8267,26.7802,22.9972,13.8827
14.252,-0.0000,0.0000,0.0000,6,105.76,0.5228,-0.1168,6458.09,0.0,3.64863,6.73285,11.3932,38.8623,36.7051,35.6451,35.0856,34.5996,34.2546,33.9114,33.5702,33.231,32.7594,32.2254,31.239,29.33,26.3561,22.6766,13.8467
14.271,-0.0000,0.0000,0.0000,6,105.68,0.5342,-0.1168,6453.52,0.0,3.56158,6.66548,41.8403,38.2017,36.0728,35.0285,34.4778,33.9997,33.6605,33.3233,32.9881,32.6549,32.1919,31.668,30.7012,28.8329,25.9306,22.3525,13.7999
14.297,-0.0000,0.0000,0.0000,6,105.61,0.5456,-0.1168,6448.94,0.0,3.47447,6.62831,41.1422,37.5414,35.4411,34.4126,33.8708,33.4006,33.0672,32.7358,32.4066,32.0795,31.6252,31.1113,30.1638,28.336,25.5043,22.0253,13.7429
14.315,-0.0000,0.0000,0.0000,6,105.53,0.5570,-0.1168,6444.37,0.0,3.38754,6.62749,40.4433,36.881,34.8095,33.7969,33.2639,32.8017,32.4741,32.1486,31.8253,31.5042,31.0585,30.5546,29.6265,27.8388,25.0767,21.6948,13.6758
14.334,-0.0000,0.0000,0.0000,6,105.46,0.5684,-0.1167,6439.8,0.0,3.30058,6.66937,39.7441,36.2209,34.1785,33.1819,32.6577,32.2035,31.8817,31.5621,31.2447,30.9297,30.4926,29.9987,29.0897,27.3417,24.6482,21.3615,13.5993
14.353,-0.0000,1.0000,0.0000,6,105.38,0.5797,-0.1167,6435.24,0.0,3.22148,6.76496,39.0442,35.5606,33.5475,32.567,32.0517,31.6055,31.2894,30.9757,30.6643,30.3553,29.9267,29.4428,28.5528,26.8443,24.2185,21.0251,13.5135
14.372,-0.0000,1.0000,0.0000,6,105.60,0.5911,-0.1167,6632.65,0.0,3.15636,6.92975,38.343,34.8998,32.9164,31.9519,31.4456,31.0073,30.6971,30.3892,30.0838,29.7808,29.3608,28.8867,28.0158,26.3463,23.7874,20.6855,13.4187
14.390,-0.0000,1.0000,0.0000,6,106.00,0.6025,-0.1167,6665.17,0.0,3.10573,7.19007,37.6385,34.2366,32.2831,31.3349,30.8375,30.4073,30.1029,29.8009,29.5015,29.2045,28.7931,28.329,27.4769,25.8464,23.3537,20.3418,13.315
14.416,0.6086,1.0000,0.0000,6,106.42,0.6137,-0.1055,6689.06,0.0,3.07074,7.59585,36.9298,33.5699,31.6467,30.715,30.2267,29.8045,29.506,29.21,28.9165,28.6256,28.2227,27.7685,26.9354,25.3437,22.9166,19.9935,13.2024
14.434,1.0000,1.0000,0.0000,6,106.81,0.6232,-0.0869,6713.29,0.0,3.0459,8.14701,36.2873,32.9668,31.0717,30.1551,29.6752,29.2604,28.9673,28.6767,28.3887,28.1034,27.7083,27.2632,26.4474,24.8908,22.5231,19.6796,13.0984
14.452,1.0000,1.0000,0.0000,6,107.14,0.6314,-0.0728,6753.16,0.0,3.01932,8.70942,35.8217,32.5311,30.6574,29.7522,29.2785,28.8694,28.5803,28.2937,28.0099,27.7287,27.3395,26.9012,26.0983,24.5679,22.2441,19.4591,13.0303
14.472,1.0000,1.0000,0.0000,6,107.38,0.6384,-0.0629,6829.19,0.0,2.99003,9.21296,35.5176,32.2474,30.3881,29.4908,29.0214,28.6161,28.3297,28.0459,27.7648,27.4864,27.1012,26.6676,25.8735,24.3608,22.0666,19.3208,12.9936
14.497,1.0000,1.0000,0.0000,6,107.64,0.6442,-0.0561,6861.79,0.0,2.96049,9.61289,35.3333,32.0756,30.2252,29.3328,28.8661,28.4631,28.1785,27.8965,27.6171,27.3405,26.9578,26.527,25.7385,24.2371,21.9617,19.2408,12.9779
14.515,1.0000,1.0000,0.0000,6,107.87,0.6490,-0.0514,6887.03,0.0,2.93299,9.90348,35.2251,31.9743,30.1292,29.2396,28.7746,28.3731,28.0895,27.8085,27.5303,27.2547,26.8735,26.4445,25.6594,24.1649,21.9012,19.1958,12.9736
14.534,1.0000,1.0000,0.0000,6,108.07,0.6528,-0.0482,6912.18,0.0,2.90915,10.0848,35.1657,31.9179,30.0754,29.1873,28.7231,28.3225,28.0395,27.7591,27.4814,27.2065,26.8261,26.3981,25.6148,24.1245,21.8676,19.1718,12.975
14.553,1.0000,1.0000,0.0000,6,108.25,0.6558,-0.0459,6935.16,0.0,2.8899,10.1835,35.1356,31.8881,30.0466,29.159,28.6951,28.2948,28.0121,27.732,27.4546,27.18,26.8001,26.3725,25.5902,24.102,21.8489,19.1588,12.9782
14.572,1.0000,1.0000,0.0000,6,108.41,0.6581,-0.0441,6963.32,0.0,2.87599,10.2843,35.1205,31.8714,30.0296,29.1421,28.6782,28.2779,27.9952,27.7153,27.438,27.1635,26.7837,26.3564,25.5744,24.0872,21.8363,19.1497,12.9801
14.596,1.0000,1.0000,0.0000,6,108.56,0.6596,-0.0426,6998.64,0.0,2.86724,10.4084,35.118,31.8657,30.0226,29.1346,28.6706,28.2701,27.9872,27.7071,27.4297,27.1551,26.7753,26.3479,25.5659,24.0786,21.8283,19.1432,12.9804
14.615,1.0000,0.0000,0.0000,6,108.70,0.6603,-0.0411,7025.72,0.0,2.86502,39.9753,35.1124,31.8562,30.0114,29.1228,28.6585,28.2577,27.9747,27.6944,27.4169,27.1421,26.7621,26.3346,25.5524,24.0649,21.815,19.1311,12.9756
14.634,1.0000,0.0000,0.0000,6,108.66,0.6603,-0.0392,6708.33,0.0,2.87023,39.9595,35.0889,31.8292,29.9829,29.0939,28.6294,28.2285,27.9455,27.6651,27.3875,27.1126,26.7326,26.305,25.5229,24.0358,21.7872,19.1061,12.9625
14.653,1.0000,0.0000,0.0000,6,108.34,0.6597,-0.0370,6634.66,0.0,2.8822,39.9207,35.0431,31.7806,29.9336,29.0444,28.5799,28.1791,27.8961,27.6158,27.3383,27.0635,26.6836,26.2561,25.4744,23.9888,21.7429,19.0668,12.9411
14.672,1.0000,0.0000,0.0000,6,107.94,0.6585,-0.0350,6603.58,0.0,2.89858,39.8867,35.0007,31.7347,29.8866,28.9969,28.5323,28.1314,27.8484,27.5681,27.2906,27.0158,26.636,26.2086,25.4271,23.9423,21.6986,19.0268,12.9175
14.697,1.0000,0.0000,0.0000,6,107.53,0.6569,-0.0336,6578.42,0.0,2.91721,39.8802,34.9835,31.7118,29.8612,28.9704,28.5051,28.1038,27.8204,27.5399,27.2621,26.9872,26.607,26.1794,25.3973,23.9117,21.6679,18.9972,12.8966
14.715,1.0000,0.0000,0.0000,6,107.11,0.6547,-0.0333,6553.36,0.0,2.93679,39.917,35.0063,31.7258,29.8703,28.9774,28.511,28.1087,27.8247,27.5434,27.265,26.9894,26.6085,26.1799,25.3962,23.9075,21.6598,18.9854,12.8816
14.734,1.0000,0.0000,0.0000,6,106.67,0.6521,-0.0338,6527.9,0.0,2.958,39.9838,35.0566,31.7649,29.9031,29.0073,28.5394,28.1357,27.8507,27.5686,27.2892,27.0127,26.6304,26.2005,25.4144,23.9211,21.6668,18.9852,12.8697
14.753,1.0000,0.0000,0.0000,6,106.22,0.6491,-0.0348,6501.84,0.0,2.98082,40.0748,35.1288,31.8241,29.9547,29.0552,28.5855,28.1802,27.8941,27.6108,27.3303,27.0526,26.6688,26.2371,25.4478,23.9486,21.6854,18.9939,12.8601
14.772,1.0000,0.0000,0.0000,6,105.77,0.6457,-0.0365,6475.17,0.0,3.00517,40.1851,35.2187,31.8993,30.0214,29.1177,28.6458,28.2387,27.9512,27.6666,27.3848,27.1059,26.7202,26.2864,25.4933,23.9872,21.7134,19.0098,12.8523
14.797,1.0000,0.0000,0.0000,6,105.30,0.6420,-0.0385,6447.91,0.0,3.03134,40.31,35.3216,31.9863,30.0992,29.1909,28.7165,28.3072,28.0183,27.7323,27.449,27.1687,26.781,26.345,25.5477,24.0336,21.7478,19.0304,12.8452
14.816,1.0000,0.0000,0.0000,6,104.82,0.6379,-0.0409,6420.47,0.0,3.05884,40.4489,35.4373,32.0851,30.1879,29.2746,28.7975,28.386,28.0954,27.8077,27.5229,27.241,26.8512,26.4127,25.6108,24.0879,21.789,19.0561,12.8392
14.834,1.0000,0.0000,0.0000,6,104.33,0.6336,-0.0436,6392.32,0.0,3.08764,40.603,35.5671,32.1966,30.2883,29.3697,28.8899,28.4758,28.1835,27.894,27.6074,27.3237,26.9315,26.4903,25.6835,24.1509,21.8374,19.0872,12.8343
14.854,1.0000,0.0000,0.0000,6,103.84,0.6290,-0.0463,6363.68,0.0,3.11839,40.7602,35.6993,32.3102,30.3906,29.4665,28.9837,28.5671,28.273,27.9817,27.6933,27.4078,27.013,26.569,25.7572,24.2147,21.8861,19.118,12.8281
14.872,1.0000,0.0000,0.0000,6,103.35,0.6241,-0.0490,6334.63,0.0,3.15132,40.9152,35.8289,32.421,30.4902,29.5604,29.0748,28.6557,28.3597,28.0666,27.7765,27.4892,27.092,26.6451,25.828,24.2757,21.9319,19.1461,12.8198
14.891,1.0000,0.0000,0.0000,6,102.84,0.6190,-0.0517,6305.15,0.0,3.18638,41.0655,35.9539,32.5273,30.5854,29.6501,29.1614,28.7397,28.442,28.1472,27.8552,27.5662,27.1665,26.7169,25.8946,24.3326,21.9739,19.1707,12.8092
14.916,1.0000,0.0000,0.0000,6,102.33,0.6137,-0.0543,6275.26,0.0,3.22345,41.211,36.0742,32.6289,30.676,29.7351,29.2435,28.8193,28.5198,28.2231,27.9294,27.6387,27.2366,26.7843,25.9569,24.3852,22.0119,19.1917,12.7963
14.935,1.0000,0.0000,0.0000,6,101.81,0.6083,-0.0569,6245.37,0.0,3.26173,41.3559,36.1938,32.7297,30.7655,29.8192,29.3247,28.8979,28.5966,28.2981,28.0026,27.7101,27.3056,26.8506,26.0182,24.4366,22.0487,19.2114,12.7822
14.954,1.0000,0.0000,0.0000,6,101.29,0.6027,-0.0596,6214.88,0.0,3.30069,41.5068,36.3188,32.8355,30.8596,29.9077,29.4102,28.9808,28.6776,28.3773,28.0799,27.7856,27.3785,26.9206,26.083,24.4913,22.0882,19.233,12.7682
14.972,1.0000,0.0000,0.0000,6,100.77,0.5969,-0.0621,6183.92,0.0,3.34081,41.6565,36.4425,32.9398,30.9524,29.9946,29.4942,29.0622,28.7572,28.455,28.1558,27.8596,27.45,26.9891,26.1463,24.5445,22.126,19.2529,12.753
14.991,1.0000,0.0000,0.0000,6,100.23,0.5911,-0.0646,6152.65,0.0,3.38197,41.8024,36.5624,33.0405,31.0417,30.0782,29.5747,29.1402,28.8333,28.5293,28.2283,27.9303,27.5181,27.0544,26.2063,24.5946,22.1609,19.2703,12.7361
15.016,1.0000,0.0000,0.0000,5.0,99.70,0.5851,-0.0671,6121.14,0.0,3.42412,41.9441,36.6783,33.1373,31.1272,30.158,29.6515,29.2144,28.9057,28.5999,28.2971,27.9974,27.5827,27.1162,26.2629,24.6414,22.1927,19.285,12.7177
15.035,1.0000,0.0000,0.0000,5.0,99.17,0.5791,-0.0696,6668.57,0.0,3.46694,42.0822,36.7905,33.2306,31.2092,30.2345,29.7251,29.2854,28.9748,28.6672,28.3627,28.0612,27.6441,27.1749,26.3164,24.6851,22.222,19.2975,12.6981
15.054,1.0000,0.0000,0.0000,5.0,98.64,0.5731,-0.0719,6662.75,0.0,3.51008,42.2339,36.9001,33.3215,31.2887,30.3087,29.7963,29.3541,29.0417,28.7324,28.426,28.1227,27.7032,27.2313,26.3679,24.7269,22.2494,19.3083,12.6777
15.072,1.0000,0.0000,0.0000,5.0,98.11,0.5670,-0.0742,6574.52,0.0,3.55307,42.4144,37.0118,33.4143,31.3702,30.3846,29.8694,29.4246,29.1105,28.7993,28.4911,28.186,27.7641,27.2893,26.4209,24.7701,22.278,19.32,12.6576
15.091,1.0000,1.0000,0.0000,5.0,97.57,0.5609,-0.0765,6532.73,0.0,3.59612,42.6212,37.1224,33.5061,31.4508,30.4596,29.9414,29.4942,29.1782,28.8653,28.5553,28.2485,27.824,27.3464,26.4729,24.8125,22.3057,19.3309,12.6369
15.117,1.0000,1.0000,0.0000,5.0,97.26,0.5549,-0.0785,7056.59,0.0,3.63968,42.8456,37.2239,33.5892,31.5232,30.5266,30.0055,29.5558,29.2382,28.9236,28.6119,28.3034,27.8766,27.3963,26.5179,24.8483,22.3276,19.337,12.6142
15.135,1.0000,1.0000,0.0000,5.0,97.15,0.5488,-0.0803,7220.25,0.0,3.68464,43.0832,37.312,33.6598,31.5835,30.5817,30.058,29.606,29.2867,28.9704,28.6573,28.3471,27.9182,27.4354,26.5524,24.8743,22.3408,19.3359,12.5883
15.154,1.0000,1.0000,0.0000,5.0,97.13,0.5426,-0.0818,7315.45,0.0,3.73116,43.3334,37.3864,33.7174,31.6312,30.6248,30.0985,29.6443,29.3234,29.0056,28.6909,28.3793,27.9483,27.4633,26.5761,24.8899,22.3449,19.3274,12.5591
15.172,1.0000,1.0000,0.0000,5.0,97.17,0.5364,-0.0827,7371.52,0.0,3.78041,43.5831,37.4377,33.753,31.6577,30.6471,30.1186,29.6624,29.3402,29.0211,28.705,28.392,27.9593,27.4723,26.5814,24.8884,22.3338,19.3062,12.5242
15.192,1.0000,1.0000,0.0000,5.0,97.24,0.5300,-0.0829,7408.45,0.0,3.83334,43.817,37.456,33.7574,31.6544,30.6402,30.1099,29.6521,29.3288,29.0085,28.6914,28.3774,27.9431,27.4545,26.5609,24.8627,22.3013,19.2674,12.4817
15.217,1.0000,1.0000,0.0000,5.0,97.34,0.5235,-0.0822,7432.95,0.0,3.89072,44.0236,37.4361,33.7257,31.6165,30.5994,30.0677,29.6088,29.2847,28.9636,28.6457,28.3309,27.8956,27.4059,26.5103,24.809,22.2441,19.2082,12.4302
15.235,1.0000,1.0000,0.0000,5.0,97.47,0.5169,-0.0806,7449.72,0.0,3.953,44.1903,37.381,33.6553,31.5417,30.5225,29.99,29.5303,29.2057,28.8842,28.5658,28.2506,27.8147,27.3244,26.4279,24.7256,22.1605,19.1275,12.3694
15.254,1.0000,1.0000,0.0000,5.0,97.61,0.5101,-0.0781,7461.98,0.0,4.02039,44.2928,37.2987,33.5491,31.4324,30.4121,29.879,29.4191,29.0942,28.7726,28.454,28.1388,27.7028,27.2124,26.3159,24.6145,22.0526,19.0267,12.2998
15.273,1.0000,1.0000,0.0000,5.0,97.76,0.5032,-0.0751,7471.54,0.0,4.09232,44.3406,37.1943,33.4137,31.2952,30.2745,29.7413,29.2813,28.9565,28.6349,28.3165,28.0013,27.5656,27.0756,26.1799,24.481,21.9249,18.91,12.2233
15.291,1.0000,1.0000,0.0000,5.0,97.92,0.4961,-0.0716,7478.12,0.0,4.16819,44.3489,37.0758,33.2575,31.1381,30.1175,29.5844,29.1246,28.8,28.4786,28.1605,27.8457,27.4105,26.9211,26.0269,24.3315,21.7834,18.7819,12.1418
15.317,1.0000,1.0000,0.0000,5.0,98.08,0.4889,-0.0678,7482.26,0.0,4.24722,44.3291,36.9498,33.0869,30.9672,29.9471,29.4144,28.955,28.6307,28.3097,27.992,27.6776,27.2431,26.7546,25.8622,24.1713,21.6324,18.6461,12.057
15.335,1.0000,1.0000,0.0000,5.0,98.25,0.4815,-0.0637,7484.52,0.0,4.32919,44.2894,36.8215,32.9068,30.7873,29.7679,29.2357,28.7768,28.4529,28.1323,27.8151,27.5012,27.0676,26.5801,25.6898,24.0038,21.4753,18.5053,11.9698
15.355,1.0000,1.0000,0.0000,5.0,98.42,0.4741,-0.0595,7483.27,0.0,4.41383,44.2338,36.6935,32.7195,30.6004,29.582,29.0504,28.5921,28.2687,27.9487,27.632,27.3187,26.8859,26.3996,25.5117,23.8311,21.3135,18.3608,11.8809
15.373,1.0000,1.0000,0.0000,5.0,98.60,0.4665,-0.0552,7479.51,0.0,4.50134,44.1628,36.5657,32.525,30.4068,29.3894,28.8586,28.401,28.0782,27.7588,27.4427,27.1301,26.6983,26.2132,25.3279,23.6532,21.1472,18.2126,11.7904
15.391,1.0000,1.0000,0.0000,5.0,98.78,0.4587,-0.0507,7473.77,0.0,4.59204,44.0753,36.4366,32.322,30.2053,29.1891,28.6592,28.2025,27.8803,27.5616,27.2462,26.9344,26.5037,26.0199,25.1375,23.4692,20.9757,18.0603,11.6978
15.417,1.0000,1.0000,0.0000,5.0,98.97,0.4509,-0.0461,7466.64,0.0,4.68612,43.9707,36.3043,32.1094,29.9947,28.98,28.4512,27.9955,27.674,27.3561,27.0416,26.7306,26.3011,25.8189,24.9395,23.2784,20.7982,17.9032,11.6032
15.436,1.0000,1.0000,0.0000,5.0,99.17,0.4429,-0.0413,7458.8,0.0,4.78383,43.8475,36.1669,31.8874,29.7739,28.7612,28.2334,27.7789,27.4583,27.1413,26.8277,26.5177,26.0897,25.6091,24.7332,23.0799,20.6142,17.741,11.5064
15.454,1.0000,1.0000,0.0000,5.0,99.37,0.4348,-0.0362,7450.21,0.0,4.88551,43.7054,36.0232,31.6593,29.5426,28.532,28.0056,27.5524,27.2328,26.9168,26.6043,26.2954,25.869,25.3904,24.5182,22.8734,20.4234,17.5734,11.4073
15.473,1.0000,1.0000,0.0000,5.0,99.58,0.4265,-0.0309,7441.61,0.0,4.99145,43.545,35.873,31.4255,29.3008,28.2928,27.768,27.3161,26.9977,26.6828,26.3716,26.0639,25.6393,25.1628,24.2948,22.6591,20.226,17.4007,11.3059
15.491,1.0000,1.0000,0.0000,5.0,99.79,0.4182,-0.0254,7433.34,0.0,5.10143,43.3698,35.7193,31.188,29.0508,28.0457,27.5226,27.0724,26.7551,26.4415,26.1316,25.8252,25.4026,24.9284,24.0649,22.439,20.0238,17.2242,11.203
15.517,1.0000,1.0000,0.0000,6,100.01,0.4096,-0.0197,7425.4,0.0,5.21579,43.1811,35.5631,30.9476,28.7934,27.7916,27.2704,26.8219,26.5059,26.1936,25.885,25.5802,25.1596,24.6878,23.8292,22.2136,19.8171,17.0443,11.0985
15.536,1.0000,1.0000,0.0000,6,100.11,0.4010,-0.0138,6811.56,0.0,5.33556,42.9706,35.3945,30.6974,28.5229,27.5248,27.0057,26.5592,26.2447,25.9339,25.6268,25.3236,24.9053,24.4363,23.583,21.9787,19.6025,16.8582,10.9915
15.554,1.0000,1.0000,0.0000,5.0,99.92,0.3923,-0.0070,6825.47,0.0,5.46426,42.7037,35.1732,30.4092,28.2164,27.2233,26.7071,26.2632,25.9506,25.6417,25.3367,25.0354,24.6201,24.1545,23.3079,21.7175,19.3657,16.655,10.8781
15.573,1.0000,0.0000,0.0000,5.0,99.59,0.3837,0.0003,6707.84,0.0,5.5996,42.4032,34.9217,30.1,27.8897,26.9025,26.3896,25.9487,25.6383,25.3317,25.0289,24.73,24.3179,23.8563,23.0172,21.4425,19.1175,16.4432,10.7621
15.591,1.0000,0.0000,0.0000,5.0,99.22,0.3752,0.0076,6701.83,0.0,5.73715,42.1055,34.681,29.7991,27.5695,26.5864,26.0769,25.639,25.3308,25.0265,24.726,24.4294,24.0207,23.563,22.7314,21.1723,18.8741,16.2358,10.6485
15.617,1.0000,0.0000,0.0000,5.0,98.84,0.3668,0.0143,6695.84,0.0,5.87283,41.8377,34.4789,29.53,27.2762,26.293,25.7865,25.3514,25.0453,24.743,24.4447,24.1502,23.7446,23.2904,22.4658,20.921,18.6473,16.0421,10.5409
15.635,1.0000,0.0000,0.0000,5.0,98.45,0.3585,0.0201,6570.81,0.0,6.00346,41.6156,34.3297,29.3076,27.0221,26.0325,25.5286,25.0959,24.7914,24.4909,24.1943,23.9017,23.4986,23.0474,22.2287,20.6963,18.4436,15.8671,10.4413
15.654,1.0000,0.0000,0.0000,5.0,98.05,0.3503,0.0251,6541.86,0.0,6.12746,41.4431,34.2364,29.1383,26.812,25.8079,25.3056,24.8747,24.5716,24.2724,23.9773,23.686,23.285,22.8362,22.0222,20.4997,18.2643,15.7118,10.35
15.673,1.0000,0.0000,0.0000,5.0,97.65,0.3423,0.0289,6515.02,0.0,6.24418,41.3188,34.1958,29.0246,26.6474,25.6241,25.1167,24.687,24.3849,24.0868,23.7926,23.5024,23.1029,22.6559,21.8453,20.3305,18.1086,15.5753,10.2665
15.693,1.0000,0.0000,0.0000,5.0,97.27,0.3343,0.0319,6488.95,0.0,6.35306,41.2396,34.203,28.9682,26.5295,25.4827,24.9643,24.5315,24.2299,23.9324,23.6389,23.3494,22.9508,22.505,21.6967,20.1873,17.9753,15.4567,10.1904
15.711,1.0000,0.0000,0.0000,5.0,96.89,0.3266,0.0340,6463.38,0.0,6.45384,41.2016,34.2523,28.9711,26.4592,25.3844,24.8529,24.4096,24.1047,23.8074,23.5141,23.2249,22.8269,22.3816,21.5746,20.0683,17.8629,15.3548,10.1212
15.736,1.0000,0.0000,0.0000,5.0,96.51,0.3189,0.0354,6438.32,0.0,6.54707,41.1983,34.3354,29.0328,26.4354,25.328,24.7813,24.3257,24.0126,23.7092,23.4149,23.1257,22.7276,22.2825,21.4758,19.9706,17.7688,15.2673,10.0581
15.754,1.0000,0.0000,0.0000,5.0,96.14,0.3115,0.0361,6413.66,0.0,6.63189,41.2289,34.4504,29.1592,26.4622,25.317,24.7525,24.2827,23.9601,23.6477,23.345,23.0518,22.6532,22.2076,21.4002,19.8942,17.6929,15.1943,10.0011
15.773,1.0000,0.0000,0.0000,5.0,95.78,0.3041,0.0361,6389.28,0.0,6.70782,41.2932,34.5975,29.3585,26.5451,25.3558,24.7709,24.2845,23.9508,23.6279,23.3154,23.0127,22.6048,22.1575,21.3485,19.8397,17.6356,15.1361,9.95019
15.792,1.0000,0.0000,0.0000,5.0,95.41,0.2970,0.0354,6365.14,0.0,6.77474,41.3896,34.7751,29.6347,26.6888,25.4484,24.8396,24.3342,23.9877,23.6527,23.3287,23.0152,22.593,22.133,21.32,19.8064,17.5965,15.0921,9.90526
15.811,1.0000,0.0000,0.0000,5.0,95.05,0.2899,0.0338,6341.18,0.0,6.83258,41.5166,34.9799,29.9463,26.8986,25.599,24.9627,24.4351,24.0739,23.725,23.3878,23.0618,22.6233,22.146,21.314,19.7939,17.5749,15.0621,9.86616
15.836,1.0000,0.0000,0.0000,5.0,94.69,0.2831,0.0315,6317.33,0.0,6.8814,41.6717,35.209,30.2753,27.181,25.8127,25.1447,24.5917,24.2135,23.8486,23.4963,23.1559,22.6986,22.2015,21.3366,19.8014,17.5704,15.0457,9.83278
15.854,1.0000,0.0000,0.0000,5.0,94.32,0.2765,0.0287,6293.48,0.0,6.92165,41.8522,35.4588,30.618,27.5433,26.0953,25.3905,24.8082,24.4105,24.0271,23.6574,23.3007,22.8218,22.302,21.3996,19.8281,17.5824,15.0422,9.80482
15.873,1.0000,0.0000,0.0000,5.0,93.96,0.2701,0.0254,6269.63,0.0,6.95386,42.053,35.7244,30.9688,27.9691,26.4515,25.7043,25.0882,24.6681,24.2636,23.874,23.4985,22.9951,22.4495,21.5043,19.8723,17.6093,15.0506,9.78198
15.892,1.0000,0.0000,0.0000,5.0,93.59,0.2640,0.0215,6245.72,0.0,6.97764,42.2751,36.0085,31.3291,28.4025,26.8924,26.0966,25.4414,24.9954,24.5666,24.1541,23.757,23.2253,22.6503,21.6563,19.9471,17.6521,15.0715,9.76465
15.911,1.0000,0.0000,0.0000,5.0,93.22,0.2581,0.0171,6221.62,0.0,6.99275,42.5213,36.3126,31.7037,28.8422,27.372,26.5763,25.8804,25.4041,24.947,24.5079,24.0857,23.5215,22.9123,21.8622,20.0649,17.712,15.106,9.75321
15.936,1.0000,0.0000,0.0000,5.0,92.85,0.2524,0.0121,6197.4,0.0,6.99969,42.7892,36.6335,32.0901,29.2854,27.8524,27.078,26.3946,25.9031,25.4141,24.9439,24.4926,23.8906,23.2419,22.1272,20.2289,17.7886,15.1537,9.74754
15.954,1.0000,0.0000,0.0000,5.0,92.47,0.2470,0.0066,6173.05,0.0,6.99908,43.0757,36.9681,32.4849,29.7298,28.331,27.5762,26.9108,26.4326,25.9521,25.4692,24.9868,24.3407,23.6463,22.4569,20.443,17.8815,15.2142,9.74751
15.973,1.0000,0.0000,0.0000,5.0,92.10,0.2419,0.0006,6148.54,0.0,6.99197,43.3771,37.3142,32.8844,30.1758,28.8047,28.0682,27.4193,26.9533,26.4853,26.0153,25.5434,24.8794,24.133,22.8572,20.7107,18.0046,15.2864,9.75269
15.992,1.0000,0.0000,0.0000,5.0,91.72,0.2371,-0.0057,6123.87,0.0,6.9789,43.6916,37.6698,33.288,30.6215,29.2738,28.5518,27.9181,27.4633,27.0069,26.5487,26.0888,25.4423,24.6998,23.3359,21.0369,18.1669,15.3698,9.76297
16.011,1.0000,1.0000,0.0000,5.0,91.33,0.2326,-0.0123,6098.93,0.0,6.96104,44.0148,38.0294,33.6917,31.0616,29.7363,29.0265,28.404,27.9588,27.5129,27.0656,26.6168,25.9862,25.2625,23.8976,21.4251,18.3695,15.4628,9.77777
16.036,1.0000,1.0000,0.0000,5.0,91.24,0.2285,-0.0189,6528.48,0.0,6.94032,44.3377,38.3843,34.0867,31.488,30.1839,29.4857,28.8735,28.4356,27.9974,27.5589,27.1202,26.5043,25.7978,24.4666,21.8763,18.6116,15.5618,9.79587
16.055,1.0000,1.0000,0.0000,5.0,91.30,0.2245,-0.0256,6613.58,0.0,6.91769,44.6593,38.7343,34.4721,31.903,30.6161,29.929,29.3265,28.8957,28.4646,28.0332,27.6017,26.9976,26.3069,25.0067,22.3979,18.8962,15.6707,9.81664
16.074,1.0000,1.0000,0.0000,5.0,91.42,0.2207,-0.0321,6659.38,0.0,6.89459,44.9741,39.0745,34.8432,32.3013,31.0287,30.3505,29.7574,29.3333,28.9089,28.4843,28.0596,27.4651,26.786,25.5136,22.9618,19.2238,15.8028,9.83896
16.092,1.0000,1.0000,0.0000,5.0,91.55,0.2172,-0.0383,6687.47,0.0,6.87398,45.2674,39.3892,35.1863,32.6677,31.409,30.7382,30.1519,29.7337,29.3158,28.8977,28.4795,27.8941,27.2255,25.9746,23.4785,19.5869,15.9538,9.86021
16.111,1.0000,1.0000,0.0000,5.0,91.70,0.2137,-0.0439,6707.76,0.0,6.85815,45.5258,39.6656,35.4884,32.99,31.745,31.0814,30.5014,30.0876,29.6745,29.262,28.85,28.2734,27.6148,26.3828,23.9353,19.9778,16.1178,9.87806
16.137,1.0000,1.0000,0.0000,5.0,91.85,0.2105,-0.0487,6725.73,0.0,6.84793,45.7438,39.8987,35.7445,33.2652,32.0319,31.3754,30.8016,30.3923,29.9834,29.5753,29.168,28.5991,27.9503,26.7365,24.3304,20.392,16.2917,9.89132
16.155,1.0000,1.0000,0.0000,5.0,92.01,0.2074,-0.0527,6740.99,0.0,6.84302,45.9223,40.0908,35.9566,33.4958,32.272,31.6221,31.0544,30.6494,30.245,29.8412,29.4382,28.8753,28.2346,27.0385,24.6685,20.8078,16.4755,9.89991
16.174,1.0000,1.0000,0.0000,5.0,92.17,0.2045,-0.0559,6755.51,0.0,6.84271,46.0656,40.2455,36.13,33.6859,32.4714,31.8266,31.2645,30.8638,30.4636,30.0641,29.6654,29.1086,28.4746,27.2941,24.9588,21.1714,16.6708,9.90427
16.193,1.0000,1.0000,0.0000,5.0,92.32,0.2017,-0.0587,6772.39,0.0,6.8449,46.1854,40.3748,36.2768,33.8478,32.6426,32.0027,31.4449,31.0478,30.6518,30.2565,29.862,29.3111,28.684,27.5163,25.2145,21.4936,16.8847,9.90624
16.211,1.0000,1.0000,0.0000,5.0,92.47,0.1991,-0.0612,6789.01,0.0,6.84732,46.2936,40.4907,36.409,33.9934,32.7974,32.1625,31.6089,31.2148,30.822,30.4304,30.0401,29.495,28.8745,27.7192,25.4476,21.7871,17.1262,9.90784
16.236,1.0000,1.0000,0.0000,5.0,92.62,0.1967,-0.0636,6804.31,0.0,6.84934,46.394,40.5972,36.5303,34.1275,32.9398,32.3097,31.7604,31.3694,30.9795,30.591,30.2038,29.6642,29.0502,27.9073,25.6625,22.0568,17.4004,9.90967
16.256,1.0000,1.0000,0.0000,5.0,92.77,0.1944,-0.0659,6818.12,0.0,6.85083,46.4879,40.6961,36.6419,34.2519,33.0709,32.4456,31.9006,31.5125,31.1256,30.7401,30.3558,29.8204,29.2124,28.0815,25.8609,22.3059,17.7105,9.91185
16.274,1.0000,1.0000,0.0000,5.0,92.93,0.1923,-0.0681,6830.69,0.0,6.85193,46.5753,40.7871,36.7445,34.3661,33.1914,32.5699,32.0289,31.6439,31.26,30.8774,30.4961,29.9648,29.3614,28.2417,26.0445,22.537,18.0201,9.91423
16.292,1.0000,1.0000,0.0000,5.0,93.09,0.1904,-0.0702,6842.12,0.0,6.85287,46.655,40.8689,36.8371,34.4692,33.3008,32.6826,32.1448,31.7626,31.3817,31.0021,30.6237,30.0965,29.4978,28.3874,26.2133,22.7499,18.3057,9.91703
16.311,1.0000,1.0000,0.0000,5.0,93.25,0.1886,-0.0720,6847.99,0.0,6.85426,46.7235,40.9383,36.9165,34.558,33.3961,32.7812,32.2464,31.8663,31.4879,31.1112,30.7358,30.2127,29.6187,28.5168,26.3645,22.9423,18.5661,9.92786
16.337,1.0000,1.0000,0.0000,5.0,93.42,0.1870,-0.0735,6855.63,0.0,6.8564,46.7787,40.9932,36.9808,34.631,33.4754,32.864,32.3321,31.9541,31.5778,31.2033,30.8307,30.3118,29.7224,28.6293,26.497,23.1135,18.8013,9.94985
16.356,1.0000,1.0000,0.0000,5.0,93.58,0.1855,-0.0748,6865.28,0.0,6.85307,46.8255,41.0391,37.0349,34.6937,33.5435,32.9356,32.4067,32.0309,31.6567,31.2843,30.9138,30.3984,29.8138,28.7294,26.6152,23.2682,19.0158,9.98436
16.374,1.0000,1.0000,0.0000,5.0,93.75,0.1842,-0.0760,6876.59,0.0,6.84048,17.3892,41.0779,37.0806,34.7481,33.6023,32.9977,32.4719,32.0983,31.7262,31.356,30.9876,30.4752,29.8944,28.8188,26.7217,23.4099,19.2129,10.0322
16.393,1.0000,1.0000,0.0000,5.0,93.91,0.1830,-0.0771,6888.09,0.0,6.81902,16.4885,41.1103,37.1194,34.7946,33.6532,33.0511,32.5283,32.1568,31.7869,31.4189,31.0526,30.5432,29.9658,28.8981,26.818,23.5396,19.3951,10.094
16.411,1.0000,1.0000,0.0000,5.0,94.08,0.1820,-0.0781,6898.76,0.0,6.7891,15.7912,41.1365,37.1513,34.8335,33.6966,33.0969,32.5762,32.2067,31.8391,31.4732,31.1091,30.6026,30.0287,28.9675,26.9045,23.6576,19.5632,10.1702
16.436,1.0000,1.0000,0.0000,5.0,94.26,0.1811,-0.0790,6909.22,0.0,6.75093,15.1986,41.1563,37.1764,34.8648,33.7325,33.1351,32.6165,32.2485,31.8827,31.5189,31.1571,30.6536,30.0831,29.0284,26.9813,23.7643,19.7174,10.2616
16.456,1.0000,1.0000,0.0000,5.0,94.44,0.1803,-0.0797,6914.62,0.0,6.70497,14.6758,41.1686,37.1934,34.8874,33.7596,33.1647,32.6482,32.2818,31.9174,31.5553,31.1954,30.6951,30.1281,29.0798,27.0475,23.8588,19.8574,10.3685
16.474,1.0000,1.0000,0.0000,5.0,94.62,0.1797,-0.0803,6919.92,0.0,6.65199,14.2088,41.1704,37.1994,34.8991,33.7752,33.1828,32.6686,32.3037,31.9409,31.5803,31.222,30.7243,30.1609,29.1192,27.1006,23.9392,19.9815,10.4908
16.492,1.0000,1.0000,0.0000,5.0,94.81,0.1793,-0.0805,6928.81,0.0,6.59191,13.7843,41.1619,37.1941,34.8998,33.7791,33.1893,32.6774,32.3141,31.953,31.594,31.2373,30.7419,30.1815,29.1466,27.1411,24.007,20.0913,10.6294
16.511,1.0000,1.0000,0.0000,5.0,95.01,0.1789,-0.0805,6939.48,0.0,6.5258,13.401,41.1389,37.1744,34.8858,33.7684,33.1806,32.671,32.3094,31.95,31.5927,31.2377,30.7446,30.1869,29.1584,27.1667,24.0592,20.185,10.7832
16.537,1.0000,1.0000,0.0000,5.0,95.22,0.1786,-0.0834,6950.52,0.0,6.45428,13.0575,41.0972,37.1362,34.8532,33.7394,33.1535,32.6458,32.286,31.9283,31.5729,31.2197,30.7291,30.1742,29.1515,27.174,24.093,20.2602,10.9517
16.555,1.0000,1.0000,0.0000,5.0,95.43,0.1793,-0.0968,6960.62,0.0,6.3776,12.7517,41.0342,37.0772,34.7997,33.6898,33.1061,32.6002,32.2419,31.886,31.5325,31.1811,30.6932,30.1415,29.1244,27.1613,24.107,20.3158,11.1236
16.574,1.0000,1.0000,0.0000,5.0,95.66,0.1813,-0.1097,6969.41,0.0,6.29581,12.4806,40.9496,36.9971,34.7252,33.6196,33.0381,32.5343,32.1775,31.8231,31.4713,31.1221,30.637,30.0885,29.0776,27.1287,24.1011,20.352,11.2802
16.593,1.0000,1.0000,0.0000,5.0,95.89,0.1845,-0.1222,6982.72,0.0,6.2089,12.2395,40.8466,36.8989,34.6329,33.5316,32.9527,32.4511,32.0958,31.743,31.3929,31.0453,30.5632,30.0181,29.0137,27.0789,24.0781,20.3711,11.4221
16.612,1.0000,1.0000,0.0000,5.0,96.11,0.1891,-0.1346,7006.15,0.0,6.11575,12.017,40.7347,36.7916,34.5318,33.4344,32.858,32.3587,32.005,31.6539,31.3054,30.9595,30.48,29.9383,28.9405,27.0192,24.0452,20.3795,11.5522
16.631,1.0000,1.0000,0.0000,5.0,96.33,0.1949,-0.1470,7032.81,0.0,6.01528,11.7984,40.6277,36.6881,34.4342,33.3402,32.7663,32.2692,31.9171,31.5676,31.2207,30.8764,30.3992,29.8605,28.8691,26.9608,24.0126,20.386,11.6742
16.655,1.0000,1.0000,0.0000,5.0,96.52,0.2019,-0.1602,7057.03,0.0,5.90542,11.5584,40.5495,36.6113,34.3618,33.2705,32.6982,32.2031,31.8524,31.5043,31.1589,30.8161,30.3408,29.8044,28.8185,26.9219,23.9963,20.4046,11.7947
16.674,1.0000,1.0000,0.0000,5.0,96.72,0.2103,-0.1742,7078.77,0.0,5.78557,11.2879,40.5103,36.5709,34.3239,33.2344,32.6632,32.1692,31.8197,31.4728,31.1285,30.7869,30.3133,29.7787,28.7967,26.91,24.0031,20.4409,11.9167
16.692,1.0000,1.0000,0.0000,5.0,96.92,0.2200,-0.1888,7100.12,0.0,5.65737,11.0013,40.5005,36.5574,34.3111,33.2229,32.6524,32.1591,31.8102,31.4641,31.1208,30.7801,30.3078,29.7748,28.7956,26.9171,24.0257,20.4885,12.0386
16.711,1.0000,1.0000,0.0000,5.0,97.13,0.2309,-0.2039,7122.49,0.0,5.52204,10.7108,40.5103,36.5617,34.3146,33.2274,32.6573,32.1644,31.8158,31.4701,31.1273,30.7875,30.3164,29.7846,28.8078,26.9356,24.057,20.5416,12.1579
16.737,1.0000,1.0000,0.0000,5.0,97.33,0.2432,-0.2193,7146.58,0.0,5.38049,10.4245,40.5323,36.5767,34.3277,33.2408,32.6712,32.1786,31.8301,31.4846,31.1421,30.8026,30.3323,29.8017,28.827,26.9596,24.092,20.5956,12.2726
16.756,1.0000,1.0000,0.0000,5.0,97.56,0.2567,-0.2347,7148.58,0.0,5.23444,10.1523,40.5562,36.592,34.3413,33.2539,32.6845,32.1922,31.844,31.4987,31.1563,30.817,30.347,29.8174,28.8446,26.9812,24.1242,20.6455,12.38
16.774,1.0000,1.0000,0.0000,5.0,97.80,0.2715,-0.2497,7145.39,0.0,5.09244,9.9098,40.5608,36.5884,34.3362,33.2483,32.6792,32.1874,31.8395,31.4945,31.1524,30.8134,30.3439,29.8149,28.8444,26.9858,24.1399,20.6801,12.4751
16.793,1.0000,1.0000,0.0000,5.0,98.03,0.2877,-0.2642,7156.97,0.0,4.95691,9.69808,40.5421,36.5626,34.3092,33.2213,32.6522,32.1608,31.8134,31.4689,31.1274,30.7889,30.3201,29.7919,28.8235,26.9707,24.1369,20.6973,12.5573
16.812,1.0000,1.0000,0.0000,5.0,98.23,0.3052,-0.2787,7183.31,0.0,4.82677,9.5008,40.5195,36.5324,34.2774,33.1897,32.6207,32.1293,31.7822,31.4382,31.0972,30.7593,30.2913,29.7639,28.7971,26.9501,24.1277,20.7078,12.6326
16.831,1.0000,1.0000,0.0000,5.0,98.42,0.3241,-0.2936,7214.84,0.0,4.70051,9.29884,40.5177,36.5211,34.263,33.1749,32.6057,32.1142,31.767,31.423,31.0823,30.7447,30.2772,29.7505,28.7849,26.9419,24.1285,20.7252,12.707
16.855,1.0000,1.0000,0.0000,5.0,98.59,0.3442,-0.3050,7247.19,0.0,4.57734,9.08261,40.5514,36.5421,34.2789,33.1895,32.6197,32.1277,31.7801,31.4358,31.0947,30.757,30.2896,29.7631,28.7978,26.9564,24.1485,20.7569,12.784
16.874,1.0000,1.0000,0.0000,5.0,98.75,0.3643,-0.2970,7278.89,0.0,4.45715,8.8505,40.6268,36.6008,34.3306,33.2382,32.6674,32.1745,31.8262,31.4812,31.1395,30.801,30.3328,29.8059,28.8401,26.9975,24.1916,20.8066,12.8648
16.893,1.0000,1.0000,0.0000,5.0,98.91,0.3835,-0.2895,7305.76,0.0,4.34005,8.60673,40.7427,36.696,34.4167,33.3199,32.7472,32.2529,31.9037,31.5577,31.215,30.8756,30.406,29.8775,28.91,27.0643,24.2567,20.8732,12.9488
16.912,1.0000,1.0000,0.0000,5.0,99.08,0.4019,-0.2824,7312.35,0.0,4.22595,8.36145,40.8867,36.8167,34.5262,33.4244,32.8491,32.3527,32.0024,31.6552,31.3113,30.9707,30.4995,29.9691,28.9983,27.1483,24.3358,20.9503,13.0334
16.930,1.0000,1.0000,0.0000,5.0,99.23,0.4195,-0.2756,7307.66,0.0,4.11479,8.11637,41.0571,36.9613,34.6576,33.5503,32.972,32.473,32.1208,31.7721,31.4268,31.0849,30.6117,30.0791,29.1042,27.2482,24.4279,21.0368,13.1195
16.956,1.0000,1.0000,0.0000,5.0,99.37,0.4364,-0.2691,7301.63,0.0,4.00583,7.86787,41.259,37.1342,34.8154,33.7018,33.1202,32.6183,32.264,31.9132,31.5659,31.2222,30.7468,30.2117,29.232,27.3676,24.5363,21.1356,13.2086
16.975,1.0000,1.0000,0.0000,5.0,99.51,0.4525,-0.2626,7300.73,0.0,3.90073,7.63037,41.4687,37.3131,34.9789,33.858,33.2731,32.7684,32.4119,32.059,31.7096,31.3637,30.8856,30.3478,29.3633,27.4893,24.6463,21.2345,13.295
16.993,1.0000,1.0000,0.0000,5.0,99.66,0.4694,-0.2573,7309.15,0.0,3.79091,7.39146,41.6866,37.4973,35.1463,34.0173,33.4283,32.9206,32.562,32.2069,31.8554,31.5074,31.0262,30.4849,29.4953,27.6115,24.7563,21.3331,13.3821
17.018,1.0000,1.0000,0.0000,5.0,99.82,0.4856,-0.2511,7323.59,0.0,3.68788,7.17865,41.8801,37.6585,35.2909,34.1546,33.5618,33.0507,32.69,32.333,31.9796,31.6297,31.1458,30.6015,29.6063,27.7142,24.848,21.4155,13.4583
17.037,1.0000,1.0000,0.0000,6,100.00,0.5011,-0.2440,7310.33,0.0,3.59157,6.99602,42.034,37.7825,35.3996,34.2571,33.6609,33.1469,32.7841,32.4252,32.07,31.7186,31.2326,30.6858,29.686,27.7869,24.9122,21.4741,13.5213
17.062,1.0000,1.0000,0.0000,6,100.00,0.5159,-0.2355,6706.35,0.0,3.50139,6.84407,42.1369,37.8584,35.4627,34.3148,33.716,33.1998,32.8355,32.475,32.1182,31.7653,31.2777,30.7293,29.7264,27.8221,24.9425,21.5038,13.5697
17.081,1.0000,1.0000,0.0000,5.0,99.65,0.5300,-0.2258,6721.82,0.0,3.41698,6.72082,42.1848,37.8833,35.4777,34.3252,33.7247,33.207,32.8416,32.4801,32.1223,31.7684,31.2794,30.7298,29.7254,27.8184,24.9386,21.5046,13.6037
17.106,1.0000,1.0000,0.0000,5.0,99.20,0.5434,-0.2173,6687.12,0.0,3.33629,6.60519,42.2285,37.9045,35.4888,34.332,33.7293,33.2102,32.8439,32.4814,32.1227,31.7679,31.2776,30.7267,29.7207,27.8113,24.9314,21.5023,13.6341
17.130,1.0000,1.0000,0.0000,5.0,98.73,0.5563,-0.2100,6702.62,0.0,3.25798,6.48213,42.3028,37.9537,35.5262,34.3645,33.7592,33.2378,32.8703,32.5067,32.1469,31.7909,31.2991,30.7465,29.7375,27.8246,24.9417,21.5138,13.6682
17.150,1.0000,1.0000,0.0000,5.0,98.27,0.5686,-0.2031,6588.05,0.0,3.18178,6.35149,42.4088,38.0321,35.5907,34.4234,33.8152,33.2914,32.922,32.5567,32.1955,31.8382,31.3446,30.7898,29.777,27.8587,24.9698,21.5394,13.7063
17.174,1.0000,1.0000,0.0000,5.0,98.13,0.5805,-0.1962,6992.66,0.0,3.10686,6.21957,42.5269,38.1209,35.6653,34.4919,33.8808,33.3544,32.9832,32.6161,32.253,31.8941,31.3986,30.8417,29.825,27.9002,25.004,21.5696,13.7457
17.193,1.0000,1.0000,0.0000,5.0,98.20,0.5920,-0.1898,7072.3,0.0,3.03208,6.07778,42.6825,38.2437,35.7722,34.5911,33.9766,33.4472,33.074,32.7048,32.3397,31.9788,31.4804,30.9208,29.8995,27.9657,25.0592,21.6165,13.7913
17.219,1.0000,1.0000,0.0000,5.0,98.33,0.6029,-0.1844,7114.53,0.0,2.95861,5.93212,42.8665,38.3924,35.903,34.7136,34.0947,33.5621,33.1866,32.8152,32.4478,32.0846,31.5831,31.02,29.9932,28.0492,25.1299,21.6754,13.8404
17.236,1.0000,1.0000,0.0000,5.0,98.50,0.6134,-0.1801,7146.44,0.0,2.88811,5.79198,43.0575,38.5473,36.039,34.8414,34.2181,33.6816,33.3036,32.9299,32.5603,32.1949,31.6903,31.1236,30.0904,28.1361,25.203,21.7358,13.888
17.262,0.3167,1.0000,0.0000,5.0,98.69,0.6234,-0.1755,7166.93,0.0,2.82209,5.6651,43.2346,38.6887,36.1619,34.9564,34.329,33.7889,33.4084,33.0321,32.6603,32.2928,31.7853,31.2154,30.176,28.2118,25.2656,21.787,13.9296
17.281,-0.0000,1.0000,0.0000,5.0,98.92,0.6329,-0.1698,7147.94,0.0,2.76129,5.55873,43.3678,38.789,36.2463,35.0335,34.4027,33.8597,33.477,33.0987,32.7248,32.3552,31.8453,31.2729,30.2288,28.2564,25.3006,21.815,13.96
17.306,-0.0000,1.0000,0.0000,5.0,99.15,0.6420,-0.1630,7141.4,0.0,2.70477,5.47212,43.4521,38.8446,36.2883,35.0693,34.4357,33.8904,33.5062,33.1263,32.7508,32.3797,31.8676,31.2931,30.2459,28.2675,25.3061,21.8184,13.9788
17.325,-0.0000,1.0000,0.0000,5.0,99.43,0.6505,-0.1545,7154.47,0.0,2.65453,5.41655,43.4536,38.8247,36.259,35.0361,34.4005,33.854,33.4689,33.0882,32.712,32.3402,31.8271,31.2515,30.2031,28.2233,25.2633,21.7822,13.9794
17.350,-0.0000,1.0000,0.0000,5.0,99.90,0.6583,-0.1446,7166.79,0.0,2.61557,5.42284,43.2878,38.6521,36.086,34.864,34.229,33.683,33.2986,32.9187,32.5432,32.1722,31.6604,31.0861,30.0407,28.0687,25.1239,21.6673,13.9445
17.368,0.1281,1.0000,0.0000,6,100.42,0.6654,-0.1321,7169.06,0.0,2.5872,5.48805,42.9845,38.3546,35.7957,34.5785,33.9462,33.4027,33.0201,32.6421,32.2687,31.8999,31.391,30.8202,29.7816,27.8246,24.9068,21.4893,13.8811
17.394,0.5267,1.0000,0.0000,6,100.74,0.6719,-0.1178,6578.46,0.0,2.56741,5.6043,42.5855,37.9708,35.4249,34.2154,33.5873,33.0476,32.6678,32.2926,31.9222,31.5564,31.0518,30.4861,29.457,27.5203,24.6377,21.2693,13.7988
17.412,1.0000,1.0000,0.0000,6,100.62,0.6781,-0.1027,6594.12,0.0,2.55124,5.75246,42.1505,37.5556,35.0255,33.825,33.2019,32.6667,32.2901,31.9182,31.5511,31.1888,30.6891,30.1291,29.1108,27.1967,24.3525,21.037,13.7114
17.437,1.0000,1.0000,0.0000,6,100.39,0.6839,-0.0890,6155.05,0.0,2.53378,5.88997,41.7939,37.2125,34.6943,33.5007,32.8816,32.3499,31.9758,31.6065,31.2421,30.8824,30.3868,29.8314,28.8218,26.9261,24.1138,20.8425,13.6397
17.456,1.0000,1.0000,0.0000,6,100.44,0.6893,-0.0785,6371.62,0.0,2.51348,5.99124,41.5621,36.9824,34.4692,33.2789,32.6618,32.132,31.7594,31.3915,31.0285,30.6703,30.1769,29.6244,28.6202,26.7359,23.9445,20.7037,13.5903
17.481,1.0000,1.0000,0.0000,6,100.60,0.6942,-0.0706,6399.5,0.0,2.49117,6.04904,41.4539,36.8636,34.348,33.1571,32.5402,32.0107,31.6382,31.2706,30.9078,30.5499,30.057,29.5052,28.503,26.6231,23.8419,20.618,13.5615
17.500,1.0000,1.0000,0.0000,6,100.77,0.6988,-0.0642,6403.7,0.0,2.46872,6.07196,41.4369,36.8268,34.3028,33.1085,32.4901,31.9596,31.5864,31.2182,30.8547,30.4962,30.0025,29.4499,28.447,26.5663,23.7873,20.5701,13.5464
17.525,1.0000,1.0000,0.0000,6,100.93,0.7029,-0.0586,6407.13,0.0,2.44683,6.07652,41.4722,36.8366,34.3009,33.1017,32.4808,31.9482,31.5739,31.2044,30.8399,30.4803,29.9851,29.4309,28.4253,26.5412,23.7594,20.5431,13.5383
17.544,1.0000,1.0000,0.0000,6,101.06,0.7065,-0.0538,6423.98,0.0,2.4254,6.06409,41.5634,36.8896,34.3388,33.1333,32.5091,31.9737,31.5974,31.2263,30.8602,30.499,30.0017,29.4451,28.4353,26.5449,23.7558,20.5351,13.5369
17.569,1.0000,1.0000,0.0000,6,101.19,0.7098,-0.0504,6448.59,0.0,2.40464,6.03383,41.7292,36.9884,34.4191,33.2056,32.5774,32.0385,31.6597,31.2861,30.9177,30.5544,30.0543,29.4946,28.479,26.579,23.7777,20.5468,13.5424
17.587,1.0000,1.0000,0.0000,6,101.32,0.7126,-0.0485,6473.81,0.0,2.38488,5.98576,41.9795,37.1358,34.5445,33.3207,32.6875,32.1444,31.7627,31.3861,31.0147,30.6485,30.1445,29.5808,28.5582,26.6448,23.8263,20.5791,13.5547
17.612,1.0000,1.0000,0.0000,6,101.46,0.7151,-0.0474,6491.09,0.0,2.36641,5.92221,42.3154,37.3269,34.7099,33.4741,32.8348,32.2868,31.9016,31.5216,31.1468,30.7773,30.2686,29.6997,28.6684,26.7388,23.8988,20.6297,13.5729
17.630,1.0000,1.0000,0.0000,6,101.60,0.7173,-0.0464,6493.85,0.0,2.34963,5.85584,42.7153,37.5384,34.8938,33.6455,32.9996,32.4458,32.0569,31.6733,31.2949,30.9218,30.4082,29.8338,28.7926,26.8458,23.9818,20.6881,13.5927
17.657,1.0000,1.0000,0.0000,6,101.71,0.7192,-0.0458,6512.69,0.0,2.33328,5.78273,43.1944,37.7767,35.1022,33.8404,33.1875,32.6277,32.2344,31.8466,31.4642,31.0873,30.5685,29.9881,28.936,26.9701,24.0791,20.7574,13.6162
17.676,1.0000,1.0000,0.0000,6,101.81,0.7209,-0.0459,6538.48,0.0,2.31732,5.70201,43.7682,38.0583,35.3402,34.0631,33.4028,32.8365,32.4386,32.0461,31.6593,31.2778,30.7531,30.1663,29.1024,27.1147,24.1932,20.8396,13.6441
17.700,1.0000,1.0000,0.0000,6,101.92,0.7223,-0.0474,6564.09,0.0,2.30203,5.61505,44.4508,38.4093,35.6092,34.3156,33.6467,33.0734,32.6705,32.2732,31.8815,31.4952,30.9637,30.3695,29.2929,27.2808,24.3254,20.9354,13.6766
17.719,1.0000,1.0000,0.0000,6,102.03,0.7235,-0.0491,6586.75,0.0,2.28768,5.52497,45.2491,38.8321,35.9052,34.5942,33.9161,33.3348,32.9266,32.5241,32.1272,31.7358,31.1973,30.595,29.504,27.4659,24.4735,21.0434,13.7126
17.743,1.0000,1.0000,0.0000,6,102.15,0.7245,-0.0508,6587.62,0.0,2.27489,5.43993,46.1416,39.3087,36.2203,34.8792,34.1919,33.6027,33.1888,32.7806,32.3783,31.9818,31.4362,30.8259,29.72,27.6554,24.6249,21.1535,13.7484
17.769,1.0000,1.0000,0.0000,6,102.25,0.7255,-0.0523,6600.58,0.0,2.26261,5.35927,47.1329,39.8399,36.5752,35.1699,34.4708,33.8736,33.4541,33.0404,32.6325,32.2305,31.6775,31.0592,29.9387,27.8468,24.7774,21.2643,13.7843
17.787,1.0000,1.0000,0.0000,6,102.34,0.7263,-0.0538,6622.36,0.0,2.25079,5.28139,48.2444,40.4369,36.9786,35.4966,34.7633,34.1514,33.7262,33.3069,32.8935,32.486,31.9252,31.2984,30.1631,28.043,24.9339,21.3778,13.8211
17.812,0.8185,1.0000,0.0000,6,102.43,0.7270,-0.0563,6645.54,0.0,2.23937,5.20446,49.5053,41.1153,37.4418,35.8754,35.102,34.4575,34.0145,33.5853,33.1662,32.7531,32.1846,31.5489,30.3977,28.2488,25.0983,21.4972,13.8595
17.830,0.2740,1.0000,0.0000,6,102.52,0.7276,-0.0589,6666.9,0.0,2.22857,5.12917,50.9377,41.8841,37.9704,36.3107,35.4931,34.8128,34.3457,33.8936,33.4557,33.0314,32.4548,31.8103,30.6425,28.4637,25.2702,21.6223,13.8995
17.856,-0.0000,1.0000,0.0000,6,102.64,0.7282,-0.0612,6669.34,0.0,2.219,5.06072,52.5299,42.7298,38.5518,36.7904,35.925,35.206,34.7129,34.236,33.7746,33.3279,32.7263,32.0693,30.8854,28.6765,25.4399,21.7454,13.938
17.875,-0.0000,1.0000,0.0000,6,102.79,0.7287,-0.0626,6675.26,0.0,2.21128,5.00867,54.2065,43.5989,39.1424,37.275,36.36,35.601,35.0811,34.5788,34.0932,33.6236,32.9917,32.3037,31.0973,28.8606,25.5852,21.8491,13.9691
17.900,-0.0000,1.0000,0.0000,6,103.12,0.7288,-0.0598,6676.71,0.0,2.21479,5.03828,55.415,44.1486,39.4737,37.5249,36.5721,35.7828,35.2427,34.7213,34.2177,33.731,33.0766,32.3649,31.1256,28.8778,25.5886,21.8411,13.9562
17.919,-0.0000,1.0000,0.0000,6,103.53,0.7285,-0.0532,6670.63,0.0,2.23117,5.16042,55.9916,44.2942,39.4851,37.4879,36.5131,35.7063,35.1547,34.6225,34.1087,33.6124,32.9456,32.2209,30.9605,28.7137,25.4384,21.7128,13.8959
17.943,-0.0000,1.0000,0.0000,6,103.96,0.7278,-0.0437,6660.25,0.0,2.25785,5.36267,56.0784,44.1362,39.2594,37.2395,36.2548,35.4405,34.884,34.3473,33.8294,33.3294,32.6578,31.9283,30.6605,28.4238,25.182,21.5018,13.8032
17.963,-0.0000,1.0000,0.0000,6,104.42,0.7267,-0.0316,6641.25,0.0,2.29471,5.65404,55.7425,43.723,38.8364,36.8162,35.8321,35.0187,34.463,33.9272,33.4103,32.9114,32.2415,31.5141,30.2506,28.035,24.8426,21.2265,13.6851
17.988,-0.0000,1.0000,0.0000,6,104.88,0.7252,-0.0174,6630.63,0.0,2.34169,6.05598,55.0428,43.0943,38.2484,36.247,35.2724,34.4671,33.917,33.3867,32.8753,32.3817,31.7189,30.9996,29.7502,27.567,24.4372,20.9002,13.5469
18.006,-0.0000,1.0000,0.0000,6,105.33,0.7230,-0.0017,6634.24,0.0,2.39931,6.60679,54.097,42.3218,37.5509,35.5813,34.6224,33.83,33.2889,32.7673,32.2641,31.7786,31.1268,30.4193,29.1908,27.0482,23.9897,20.5415,13.3953
18.031,-0.0000,1.0000,0.0000,6,105.77,0.7199,0.0143,6648.69,0.0,2.46896,7.38217,53.0232,41.4754,36.7976,34.8665,33.9264,33.1497,32.6192,32.1078,31.6145,31.1386,30.4997,29.8062,28.6019,26.5044,23.5216,20.1669,13.2357
18.050,-0.0000,1.0000,0.0000,6,106.20,0.7158,0.0303,6669.43,0.0,2.55235,8.57231,51.9052,40.6044,36.0261,34.136,33.2159,32.4556,31.9363,31.4358,30.953,30.4871,29.8617,29.1829,28.004,25.9532,23.0474,19.7871,13.0713
18.075,0.3452,1.0000,0.0000,6,106.64,0.7105,0.0464,6688.69,0.0,2.65169,11.5618,50.7815,39.7308,35.2531,33.4044,32.5044,31.7606,31.2527,30.7631,30.2908,29.8351,29.2233,28.5592,27.406,25.4017,22.5729,19.4062,12.903
18.094,0.9039,1.0000,0.0000,6,107.04,0.7041,0.0602,6714.62,0.0,2.75824,165.493,50.0501,39.0909,34.6602,32.8327,31.9433,31.2085,30.7068,30.2233,29.7569,29.3069,28.703,28.0475,26.9096,24.9357,22.1692,19.0788,12.7511
18.119,1.0000,1.0000,0.0000,6,107.36,0.6969,0.0683,6749.04,0.0,2.85428,160.984,50.2636,39.0077,34.4952,32.6402,31.7387,30.9946,30.4869,29.9978,29.5263,29.0716,28.4616,27.8001,26.6527,24.6678,21.9299,18.877,12.6435
18.137,1.0000,1.0000,0.0000,6,107.61,0.6892,0.0717,6789.63,0.0,2.94046,154.041,51.29,39.3865,34.6802,32.7562,31.8234,31.0546,30.5305,30.0261,29.5403,29.0721,28.4447,27.7649,26.5876,24.5563,21.8144,18.7693,12.5688
18.162,1.0000,1.0000,0.0000,6,107.83,0.6811,0.0716,6831.92,0.0,3.01904,145.554,53.0454,40.1527,35.151,33.1215,32.1407,31.3338,30.7845,30.2565,29.7485,29.2595,28.6048,27.8966,26.6725,24.5677,21.7859,18.7273,12.5168
18.181,1.0000,1.0000,0.0000,6,108.02,0.6728,0.0694,6868.18,0.0,3.09149,136.146,55.5316,41.2743,35.8747,33.7039,32.659,31.8014,31.2187,30.6593,30.1218,29.605,28.9143,28.1683,26.8822,24.6799,21.8198,18.7322,12.4808
18.206,1.0000,1.0000,0.0000,6,108.19,0.6642,0.0657,6904.59,0.0,3.15896,126.24,58.8141,42.7442,36.8352,34.4862,33.3608,32.4397,31.8151,31.2165,30.6423,30.091,29.3555,28.5628,27.2,24.878,21.8979,18.7701,12.4559
18.225,1.0000,1.0000,0.0000,6,108.34,0.6555,0.0609,6942.46,0.0,3.22175,115.968,63.0967,44.6109,38.055,35.4834,34.2582,33.2586,32.5826,31.9358,31.3166,30.7232,29.933,29.0835,27.6279,25.1618,22.0224,18.8363,12.4404
18.250,1.0000,1.0000,0.0000,6,108.48,0.6467,0.0549,6978.89,0.0,3.28044,105.367,69.0029,46.9428,39.5654,36.7169,35.3687,34.273,33.534,32.8287,32.1548,31.5103,30.6542,29.7362,28.1695,25.5325,22.2059,18.9266,12.4328
18.275,1.0000,1.0000,0.0000,6,108.61,0.6379,0.0478,7013.28,0.0,3.33594,94.3188,158.57,49.8307,41.4052,38.2128,36.7133,35.5,34.6844,33.908,33.1681,32.4622,31.5268,30.5272,28.8285,25.9906,22.4472,19.036,12.4316
18.294,1.0000,1.0000,0.0000,6,108.73,0.6291,0.0405,7043.92,0.0,3.38831,82.2366,146.546,53.4,43.6261,40.005,38.3192,36.9623,36.0536,35.1912,34.3716,33.5918,32.5618,31.4649,29.6103,26.5377,22.7456,19.16,12.4355
18.319,1.0000,1.0000,0.0000,6,108.84,0.6204,0.0330,7071.49,0.0,3.43842,50.9109,135.005,57.8077,46.2846,42.1277,40.2126,38.6802,37.6586,36.6923,35.777,34.9088,33.766,32.5541,30.5165,27.1722,23.0974,19.2974,12.4421
18.337,1.0000,1.0000,0.0000,6,108.94,0.6117,0.0256,7100.2,0.0,3.48659,16.1434,123.957,63.3118,49.4748,44.6412,42.4415,40.6934,39.5339,38.4415,37.4107,36.4364,35.1589,33.8104,31.5577,27.8987,23.5035,19.4644,12.4506
18.362,1.0000,1.0000,0.0000,6,109.03,0.6032,0.0182,7128.41,0.0,3.53318,13.5324,113.351,74.7256,53.3373,47.6348,45.0768,43.0604,41.7309,40.4839,39.3123,38.2094,36.7698,35.2582,32.751,28.7262,23.9671,19.6632,12.4604
18.380,1.0000,1.0000,0.0000,6,109.11,0.5948,0.0106,7155.41,0.0,3.57825,12.4863,103.103,145.923,58.0744,51.2326,48.2162,45.8611,44.3188,42.88,41.5347,40.2743,38.6377,36.9295,34.1193,29.6667,24.4929,19.8954,12.4716
18.406,1.0000,1.0000,0.0000,6,109.19,0.5867,0.0032,7180.31,0.0,3.62173,11.8626,93.0766,134.889,64.2882,55.6067,51.9919,49.2012,47.3887,45.7083,44.1463,42.6906,40.8118,38.8642,35.6898,30.7341,25.0859,20.1623,12.4836
18.425,1.0000,1.0000,0.0000,6,109.26,0.5787,-0.0038,7203.19,0.0,3.66357,11.419,83.0274,124.463,150.575,61.008,56.5841,53.2228,51.0609,49.0713,47.2343,45.5334,43.3533,41.1112,37.4954,31.9439,25.7513,20.4652,12.4959
18.450,0.9893,1.0000,0.0000,6,109.33,0.5709,-0.0105,7224.74,0.0,3.70421,11.0821,72.3326,114.605,139.73,72.994,62.4634,58.1152,55.4927,53.1004,50.9097,48.8962,46.3364,43.7282,39.5727,33.3121,26.4934,20.8045,12.5078
18.469,0.3416,1.0000,0.0000,6,109.39,0.5633,-0.0168,7244.68,0.0,3.74371,10.8037,54.9754,105.241,129.545,142.38,149.481,65.3958,61.0366,57.9929,55.3367,52.917,49.8704,46.7997,41.976,34.8634,27.3204,21.1826,12.5192
18.494,-0.0000,1.0000,0.0000,6,109.46,0.5560,-0.0233,7262.83,0.0,3.78212,10.5602,36.4349,96.2769,119.949,132.294,139.098,145.196,149.642,65.6662,60.9478,57.7918,54.1077,50.4419,44.7778,36.6296,28.243,21.6028,12.5303
18.512,-0.0000,1.0000,0.0000,6,109.53,0.5490,-0.0292,7279.06,0.0,3.81955,10.3441,28.5511,87.6451,110.922,122.847,129.39,135.242,139.502,143.832,148.238,65.7607,59.3006,54.7842,48.0508,38.6361,29.2653,22.0643,12.5399
18.537,-0.0000,1.0000,0.0000,6,109.66,0.5421,-0.0338,7294.23,0.0,3.85946,10.1833,24.3547,79.5258,102.713,114.303,120.626,126.267,130.366,134.529,138.759,143.061,71.5719,60.0376,51.713,40.8046,30.3336,22.5354,12.54
18.556,-0.0000,1.0000,0.0000,6,109.98,0.5353,-0.0359,7299.67,0.0,3.90831,10.1226,22.0535,72.3697,95.8017,107.144,113.296,118.768,122.737,126.763,130.851,135.003,140.934,147.893,55.3922,42.8915,31.3138,22.9461,12.5171
18.581,-0.0000,1.0000,0.0000,6,110.35,0.5286,-0.0357,7297.64,0.0,3.96521,10.1296,20.6895,65.955,90.0017,101.164,107.18,112.517,116.38,120.295,124.265,128.295,134.045,140.785,59.4266,44.8483,32.1887,23.2926,12.4818
18.599,-0.0000,1.0000,0.0000,6,110.76,0.5221,-0.0337,7289.47,0.0,4.02991,10.1875,19.872,60.086,85.202,96.2312,102.138,107.364,111.142,114.965,118.838,122.766,128.368,134.929,66.4178,46.6103,32.9359,23.5685,12.437
18.624,-0.0000,1.0000,0.0000,6,111.20,0.5158,-0.0295,7277.16,0.0,4.10241,10.2875,19.4167,54.4427,81.3347,92.2562,98.0724,103.207,106.914,110.662,114.456,118.302,123.782,130.195,142.709,48.1021,33.5306,23.767,12.3826
18.643,-0.0000,1.0000,0.0000,6,111.65,0.5095,-0.0234,7268.36,0.0,4.18291,10.4213,19.2125,49.571,78.3044,89.1256,94.8629,99.92,103.567,107.252,110.981,114.758,120.138,126.433,138.707,49.2783,33.9639,23.8883,12.3195
18.668,0.3452,1.0000,0.0000,6,112.13,0.5034,-0.0154,7255.59,0.0,4.27197,10.5836,19.197,46.9547,76.0308,86.7447,92.4104,97.3991,100.996,104.628,108.302,112.023,117.322,123.52,135.604,50.1055,34.2314,23.9343,12.2488
18.692,0.6762,1.0000,0.0000,6,112.60,0.4973,-0.0064,7242.82,0.0,4.36657,10.7431,19.243,45.2739,74.1467,84.7488,90.3462,95.2725,98.8223,102.407,106.032,109.703,114.931,121.045,132.964,50.7622,34.4233,23.95,12.1797
18.711,0.8328,1.0000,0.0000,6,113.00,0.4914,0.0015,7236.5,0.0,4.45523,10.8386,19.1464,43.2497,71.9818,82.4871,88.0182,92.8808,96.3831,99.918,103.492,107.111,112.263,118.287,130.028,51.6914,34.7412,24.0301,12.1303
18.736,0.8328,0.0000,0.0000,6,113.34,0.4857,0.0082,7237.1,0.0,4.52378,10.8525,18.8581,40.7027,69.3151,79.754,85.2211,90.0194,93.4714,96.9538,100.472,104.034,109.101,115.024,126.563,53.2595,35.2676,24.2104,12.1067
18.755,0.7047,0.0000,0.0000,6,113.32,0.4802,0.0135,6943.26,0.0,4.57045,10.7833,18.3857,37.7793,66.0714,76.4951,81.9065,86.6416,90.0423,93.4686,96.9282,100.427,105.402,111.212,122.523,56.2185,36.0492,24.5085,12.1117
18.780,-0.0000,0.0000,0.0000,6,112.97,0.4748,0.0170,6903.99,0.0,4.59269,10.6189,17.709,34.4961,61.9921,72.5125,77.8864,82.5642,85.9138,89.2827,92.6789,96.1095,100.982,106.665,117.714,141.697,37.2046,24.9709,12.1526
18.799,-0.0000,0.0000,0.0000,6,112.61,0.4697,0.0179,6881.04,0.0,4.58815,10.3505,16.8229,30.9441,56.6491,67.5523,72.9341,77.5739,80.879,84.1922,87.5238,90.8825,95.6422,101.184,111.933,135.203,38.9115,25.6621,12.2388
18.824,-0.0000,0.0000,0.0000,6,112.33,0.4653,0.0067,6860.76,0.0,4.56736,10.0489,15.9314,27.8413,50.2964,62.216,67.6847,72.3233,75.6021,78.8732,82.1501,85.4438,90.0988,95.5038,105.957,128.509,40.9972,26.4909,12.3515
18.843,-0.0000,0.0000,0.0000,6,112.19,0.4619,-0.0007,6849.08,0.0,4.56243,9.8955,15.4751,26.3352,45.8051,58.8423,64.3732,69.0097,72.2682,75.5088,78.7471,81.9962,86.5806,91.8945,102.155,124.248,42.3338,26.9993,12.4139
18.868,-0.0000,0.0000,0.0000,6,112.06,0.4594,-0.0045,6841.57,0.0,4.56671,9.83539,15.2801,25.6824,43.7113,56.9555,62.481,67.0886,70.3203,73.53,76.7352,79.9484,84.4798,89.7305,99.8627,121.674,43.0191,27.2491,12.4391
18.887,-0.0000,0.0000,0.0000,6,111.94,0.4577,-0.0061,6834.4,0.0,4.57324,9.81893,15.2107,25.4293,42.8873,55.9064,61.3714,65.9311,69.1291,72.3062,75.4791,78.6609,83.1481,88.3489,98.3885,120.01,43.3167,27.3521,12.4458
18.912,-0.0000,0.0000,0.0000,6,111.83,0.4568,-0.0068,6827.34,0.0,4.57851,9.81852,15.1933,25.3486,42.6042,55.2553,60.6349,65.1362,68.2981,71.4416,74.5834,77.7353,82.1836,87.3416,97.3053,118.784,43.4232,27.3861,12.4457
18.930,-0.0000,0.0000,0.0000,6,111.71,0.4563,-0.0070,6820.32,0.0,4.58137,9.82117,15.1924,25.3317,42.5327,54.7644,60.051,64.4916,67.6165,70.7269,73.8381,76.9619,81.3729,86.4916,96.3877,117.745,43.4505,27.3934,12.4443
18.955,-0.0000,0.0000,0.0000,6,111.59,0.4563,-0.0070,6813.33,0.0,4.58189,9.82203,15.1934,25.3321,42.53,54.3258,59.5193,63.8993,66.9877,70.0654,73.1469,76.243,80.6185,85.6988,95.5304,116.775,43.4515,27.3932,12.4439
18.973,-0.0000,0.0000,0.0000,6,111.48,0.4565,-0.0069,6806.37,0.0,4.58038,9.81953,15.1906,25.3307,42.5369,53.8942,58.9973,63.3178,66.3704,69.416,72.4679,75.5368,79.8768,84.9203,94.6885,115.822,43.4489,27.3937,12.4451
18.999,-0.0000,0.0000,0.0000,6,111.36,0.4569,-0.0069,6799.39,0.0,4.57714,9.81295,15.1809,25.3163,42.5047,53.4438,58.4603,62.7229,65.7402,68.7541,71.7768,74.8186,79.1235,84.1297,93.8345,114.857,43.4672,27.3995,12.4482
19.017,-0.0000,0.0000,0.0000,6,111.25,0.4574,-0.0069,6792.38,0.0,4.57261,9.80332,15.1661,25.292,42.4129,52.9795,57.9121,62.118,65.1005,68.0826,71.0765,74.0912,78.361,83.3301,92.9713,113.881,43.5199,27.4093,12.4528
19.043,-0.0000,0.0000,0.0000,6,111.13,0.4580,-0.0069,6785.37,0.0,4.56734,9.79201,15.1486,25.2629,42.2793,52.5083,57.3591,61.509,64.4573,67.408,70.3729,73.3606,77.5955,82.5273,92.1045,112.901,43.6062,27.421,12.4581
19.061,-0.0000,0.0000,0.0000,6,111.02,0.4587,-0.0069,6778.36,0.0,4.56146,9.77942,15.1292,25.2304,42.1136,52.0327,56.8034,60.8982,63.8121,66.7318,69.668,72.6288,76.8286,81.7228,91.2363,111.92,43.7288,27.4341,12.4641
19.086,-0.0000,0.0000,0.0000,6,110.90,0.4595,-0.0069,6771.55,0.0,4.55517,9.76588,15.1082,25.1951,41.9202,51.5526,56.2449,60.2852,63.165,66.0538,68.9612,71.8953,76.06,80.9171,90.3661,110.936,43.8917,27.4484,12.4705
19.105,-0.0000,0.0000,0.0000,6,110.79,0.4602,-0.0069,6764.5,0.0,4.54861,9.75168,15.086,25.1575,41.7034,51.0686,55.6841,59.6704,62.5162,65.3742,68.2531,71.1602,75.2894,80.1089,89.4936,109.95,44.0978,27.4636,12.4772
19.130,-0.0000,0.0000,0.0000,6,110.67,0.4610,-0.0069,6757.41,0.0,4.5419,9.73707,15.0631,25.1183,41.4663,50.5808,55.121,59.0536,61.8661,64.6933,67.5434,70.4233,74.5173,79.2994,88.6195,108.961,44.3531,27.4794,12.4841
19.149,-0.0000,0.0000,0.0000,6,110.56,0.4619,-0.0069,6750.36,0.0,4.53492,9.72182,15.0391,25.0771,41.2116,50.0898,54.5562,58.4361,61.2149,64.011,66.8326,69.6856,73.7445,78.4889,87.7436,107.969,44.6663,27.4961,12.4913
19.174,-0.0000,0.0000,0.0000,6,110.44,0.4627,-0.0070,6743.37,0.0,4.52782,9.70633,15.0147,25.0353,40.9438,49.5974,53.9908,57.8182,60.5638,63.3294,66.1221,68.9482,72.9714,77.6781,86.868,106.978,45.0432,27.5131,12.4986
19.198,-0.0000,0.0000,0.0000,6,110.33,0.4635,-0.0070,6736.44,0.0,4.52076,9.6909,14.9904,24.9936,40.6649,49.1042,53.4259,57.2013,59.9137,62.6484,65.4125,68.2118,72.1995,76.8681,85.9921,105.986,45.494,27.53,12.5059
19.217,-0.0000,0.0000,0.0000,6,110.22,0.4644,-0.0070,6729.53,0.0,4.5136,9.6753,14.9659,24.9516,40.3756,48.6099,52.8612,56.5848,59.264,61.9684,64.7038,67.4761,71.4283,76.0587,85.117,104.994,46.0374,27.547,12.5133
19.243,-0.0000,0.0000,0.0000,6,110.10,0.4652,-0.0070,6722.61,0.0,4.50637,9.65957,14.9413,24.9094,40.0768,48.1149,52.2966,55.9691,58.6153,61.2891,63.9959,66.7413,70.6577,75.2503,84.2424,104.002,46.6916,27.5641,12.5207
19.261,-0.0000,0.0000,0.0000,6,109.99,0.4660,-0.0070,6715.7,0.0,4.4993,9.64423,14.9173,24.8685,39.7706,47.6202,51.7336,55.3549,57.9686,60.6117,63.2901,66.0082,69.8891,74.4431,83.3693,103.011,47.4897,27.5806,12.528
19.286,-0.0000,0.0000,0.0000,6,109.87,0.4669,-0.0070,6708.79,0.0,4.49204,9.62842,14.8925,24.8262,39.4545,47.1229,51.1691,54.7404,57.3213,59.934,62.5837,65.2745,69.1197,73.6356,82.4947,102.018,48.4873,27.5978,12.5355
19.306,-0.0000,0.0000,0.0000,6,109.76,0.4678,-0.0070,6702.01,0.0,4.48483,9.6127,14.8678,24.784,39.1311,46.6253,50.6051,54.1261,56.6744,59.2568,61.8777,64.5415,68.3507,72.8281,81.6207,101.025,49.7816,27.6149,12.5429
19.330,-0.0000,0.0000,0.0000,6,109.65,0.4686,-0.0071,6695.1,0.0,4.47773,9.59716,14.8433,24.7416,38.8,46.126,50.0406,53.5115,56.0273,58.5796,61.1717,63.8086,67.5816,72.0201,80.7454,100.029,51.5884,27.6321,12.5502
19.349,-0.0000,0.0000,0.0000,6,109.53,0.4694,-0.0071,6688.17,0.0,4.4704,9.58111,14.818,24.6978,38.461,45.6249,49.4748,52.8963,55.38,57.9019,60.4654,63.0752,66.8117,71.2115,79.8691,99.033,54.7414,27.6499,12.5578
19.374,-0.0000,0.0000,0.0000,6,109.42,0.4703,-0.0071,6681.25,0.0,4.46321,9.56537,14.7932,24.655,38.1177,45.1245,48.9108,52.283,54.7344,57.2258,59.7609,62.3431,66.0438,70.4045,78.9943,98.037,136.586,27.6673,12.5653
19.393,-0.0000,0.0000,0.0000,6,109.31,0.4711,-0.0071,6674.39,0.0,4.456,9.54964,14.7684,24.6126,37.7694,44.6237,48.3472,51.671,54.0901,56.5512,59.0577,61.6128,65.2772,69.5988,78.1203,97.0414,135.415,27.6846,12.5727
19.417,-0.0000,0.0000,0.0000,6,109.20,0.4720,-0.0071,6667.56,0.0,4.44873,9.53381,14.7436,24.5703,37.4165,44.1227,47.7843,51.0596,53.4469,55.8779,58.3558,60.8834,64.5117,68.7936,77.2471,96.0462,134.243,27.7018,12.5802
19.435,-0.0000,0.0000,0.0000,6,109.08,0.4728,-0.0071,6660.76,0.0,4.44164,9.51841,14.7195,24.5291,37.0601,43.6225,47.2226,50.4496,52.8051,55.2062,57.6556,60.156,63.7473,67.9902,76.375,95.0519,133.071,27.7185,12.5875
19.461,-0.0000,0.0000,0.0000,6,108.97,0.4737,-0.0071,6653.97,0.0,4.43434,9.50259,14.6948,24.487,36.6984,43.121,46.6607,49.8404,52.1642,54.535,56.9558,59.4288,62.984,67.1874,75.5029,94.0566,131.898,27.7356,12.595
19.480,-0.0000,1.0000,0.0000,6,108.86,0.4745,-0.0072,6647.18,0.0,4.42714,9.48697,14.6704,24.4455,36.333,42.6195,46.0995,49.2318,51.5241,53.8651,56.2573,58.7029,62.2212,66.3848,74.6316,93.0609,130.724,27.7524,12.6024
19.505,-0.0000,1.0000,0.0000,6,109.10,0.4754,-0.0072,6858.56,0.0,4.4199,9.47108,14.6453,24.4021,35.9608,42.1145,45.5354,48.6206,50.8812,53.192,55.5554,57.9737,61.4553,65.579,73.7558,92.0599,129.542,27.7701,12.6099
19.524,-0.0000,1.0000,0.0000,6,109.54,0.4762,-0.0072,6885.93,0.0,4.41248,9.45423,14.6179,24.3523,35.5757,41.5988,44.9607,47.9986,50.2273,52.5082,54.8424,57.2325,60.6768,64.7599,72.8656,91.0412,128.338,27.7957,12.6179
19.548,-0.0000,1.0000,0.0000,6,109.98,0.4771,-0.0073,6906.73,0.0,4.40492,9.43684,14.5893,24.2994,35.1819,41.0768,44.38,47.3703,49.5675,51.8177,54.1226,56.4845,59.891,63.9328,71.966,90.0117,127.118,27.8382,12.6261
19.567,-0.0000,0.0000,0.0000,6,110.42,0.4780,-0.0074,6932.28,0.0,4.39734,9.41925,14.5602,24.2452,34.7817,40.5508,43.7954,46.7386,48.9038,51.1232,53.3984,55.7324,59.1004,63.1005,71.0607,88.9734,125.888,27.8985,12.6345
19.592,-0.0000,0.0000,0.0000,6,110.50,0.4788,-0.0074,6747.79,0.0,4.38966,9.40198,14.5323,24.1934,34.3825,40.0288,43.2155,46.112,48.2451,50.4341,52.6798,54.9852,58.3154,62.2738,70.1604,87.9415,124.665,27.9754,12.6427
19.611,-0.0000,0.0000,0.0000,6,110.38,0.4797,-0.0074,6739.71,0.0,4.38242,9.38651,14.5084,24.1311,33.9915,39.5181,42.6485,45.4985,47.6001,49.7591,51.9758,54.2529,57.5454,61.4623,69.2763,86.927,123.464,28.0664,12.65
19.636,-0.0000,0.0000,0.0000,6,110.27,0.4806,-0.0074,6732.64,0.0,4.37511,9.37119,14.4853,24.0473,33.6003,39.0103,42.0847,44.8891,46.9595,49.0883,51.2761,53.5252,56.78,60.6561,68.3973,85.9182,122.269,28.1752,12.6573
19.656,-0.3145,0.0000,0.0000,6,110.15,0.4815,-0.0074,6725.65,0.0,4.36783,9.35611,14.4626,23.9438,33.2076,38.5038,41.5234,44.2819,46.3215,48.4205,50.5794,52.8007,56.0175,59.852,67.5211,84.9116,121.078,28.3032,12.6644
19.680,-0.4488,1.0000,0.0000,6,110.00,0.4820,-0.0044,6717.17,0.0,4.37581,9.42507,14.6438,24.2911,33.3805,38.618,41.6134,44.3543,46.3827,48.4723,50.6233,52.8376,56.0475,59.8773,67.5458,84.9679,121.281,28.1463,12.6313
19.699,-0.4311,1.0000,0.0000,6,110.10,0.4816,0.0055,6940.87,0.0,4.42288,9.70885,15.3583,25.7134,34.8944,40.2115,43.258,46.0491,48.1167,50.2474,52.4425,54.7034,57.9826,61.8976,69.7443,87.5971,124.875,27.3061,12.5033
19.723,-0.0000,1.0000,0.0000,6,110.41,0.4801,0.0204,6993.23,0.0,4.50437,10.1864,16.5977,27.9156,37.4032,42.9103,46.0694,48.9656,51.1118,53.3249,55.6048,57.9545,61.3634,65.4356,73.6018,92.1999,131.176,26.0859,12.3107
19.749,-0.0000,1.0000,0.0000,6,110.76,0.4773,0.0369,7028.09,0.0,4.60883,10.7986,18.2704,30.4504,40.3519,46.1051,49.4074,52.436,54.6808,56.9955,59.3818,61.8409,65.4097,69.674,78.2282,97.7242,139.343,24.8402,12.0967
19.767,-0.0000,1.0000,0.0000,6,111.23,0.4738,0.0466,7027.43,0.0,4.68794,11.2273,19.4521,31.8419,41.919,47.7866,51.1582,54.2522,56.5464,58.9133,61.3536,63.8694,67.5221,71.888,80.6523,100.645,47.2527,24.1762,11.9619
19.793,-0.0000,1.0000,0.0000,6,111.69,0.4700,0.0504,7030.58,0.0,4.74225,11.4585,19.9628,32.2099,42.2382,48.0973,51.4683,54.5648,56.8624,59.2333,61.6799,64.2026,67.8679,72.2507,81.0569,101.17,46.1061,23.9328,11.8895
19.812,-0.0000,1.0000,0.0000,6,112.15,0.4656,0.0516,7049.55,0.0,4.78792,11.6023,20.1594,32.1318,42.0096,47.803,51.1419,54.212,56.4914,58.8453,61.2754,63.783,67.4274,71.789,80.5592,100.622,47.2036,23.8666,11.8409
19.836,-0.0000,1.0000,0.0000,6,112.60,0.4608,0.0518,7077.58,0.0,4.83195,11.714,20.2253,31.8797,41.5675,47.2717,50.5651,53.5966,55.8492,58.1767,60.5812,63.0634,66.6735,70.9969,79.7002,99.6414,50.0758,23.8769,11.8002
19.855,-0.0000,1.0000,0.0000,6,113.04,0.4557,0.0516,7109.05,0.0,4.87692,11.8186,20.2411,31.5742,41.0604,46.6681,49.9118,52.9004,55.1231,57.4214,59.7966,62.2505,65.8214,70.1012,78.7254,98.5193,142.053,23.9201,11.7606
19.881,-0.0000,1.0000,0.0000,6,113.49,0.4503,0.0514,7140.43,0.0,4.92366,11.9257,20.2371,31.2597,40.5457,46.0559,49.2488,52.1938,54.386,56.6539,58.9999,61.424,64.9544,69.1896,77.7324,97.3732,140.54,23.9786,11.7197
19.899,-0.0000,1.0000,0.0000,6,113.94,0.4448,0.0512,7170.74,0.0,4.97201,12.037,20.2202,30.9474,40.0371,45.4503,48.5929,51.4945,53.6561,55.8939,58.2096,60.6047,64.0947,68.2847,76.7451,96.2326,139.04,24.0485,11.6772
19.924,-0.0000,1.0000,0.0000,6,114.40,0.4391,0.0510,7199.9,0.0,5.02179,12.1529,20.1927,30.6392,39.5383,44.8562,47.9488,50.8074,52.9385,55.1464,57.4327,59.7984,63.2483,67.3933,75.7721,95.1071,137.568,24.1297,11.6331
19.943,-0.0000,1.0000,0.0000,6,114.86,0.4334,0.0509,7228.52,0.0,5.07256,12.2722,20.1533,30.3331,39.0463,44.2707,47.3139,50.1297,52.2309,54.4087,56.6657,59.0026,62.4123,66.5123,74.8101,93.9936,136.119,24.2241,11.5879
19.968,-0.0000,1.0000,0.0000,6,115.31,0.4276,0.0508,7261.35,0.0,5.12407,12.3941,20.102,30.0262,38.5577,43.6897,46.6841,49.4576,51.5287,53.677,55.9046,58.2125,61.5821,65.6374,73.8544,92.8862,134.682,24.3332,11.5419
19.987,-0.0000,1.0000,0.0000,6,115.78,0.4217,0.0507,7292.31,0.0,5.17611,12.5118,20.0377,29.716,38.0692,43.1096,46.055,48.7864,50.8278,52.9463,55.1444,57.4229,60.7526,64.7632,72.8981,91.7776,133.25,24.4594,11.4954
20.012,-0.0000,1.0000,0.0000,6,116.24,0.4158,0.0507,7319.17,0.0,5.22866,12.611,19.9613,29.4021,37.5804,42.5299,45.4269,48.116,50.1273,52.2159,54.3851,56.6343,59.9236,63.8889,71.9417,90.6677,131.818,24.6043,11.4483
20.030,-0.0000,1.0000,0.0000,6,116.71,0.4098,0.0506,7346.35,0.0,5.28162,12.6916,19.8727,29.084,37.0906,41.9498,44.7985,47.4455,49.4269,51.4861,53.625,55.8452,59.0943,63.0137,70.984,89.5548,130.387,24.7695,11.4008
20.055,-0.0000,1.0000,0.0000,6,117.18,0.4038,0.0505,7374.02,0.0,5.33482,12.7542,19.7719,28.7612,36.5985,41.3686,44.1693,46.774,48.7256,50.755,52.8644,55.055,58.2633,62.1371,70.024,88.4385,128.955,24.956,11.3531
20.074,-0.4417,1.0000,0.0000,6,117.65,0.3978,0.0505,7402.61,0.0,5.38827,12.7999,19.6595,28.4334,36.1045,40.7858,43.5385,46.1013,48.0227,50.0223,52.102,54.2632,57.4305,61.2582,69.0607,87.3179,127.52,25.1656,11.3051
20.099,-0.8198,1.0000,0.0000,6,118.09,0.3915,0.0530,7433.22,0.0,5.45995,12.9365,19.7415,28.433,36.0448,40.6988,43.4383,45.99,47.9046,49.8979,51.972,54.1285,57.2902,61.1136,68.9152,87.1971,127.638,25.1378,11.2284
20.117,-0.7950,1.0000,0.0000,6,118.46,0.3844,0.0618,7473.43,0.0,5.57887,13.3187,20.3089,29.2282,37.0378,41.8115,44.6215,47.2394,49.2032,51.2481,53.3756,55.5877,58.8312,62.7542,70.7578,89.5165,131.687,24.5165,11.0839
20.143,-0.2897,1.0000,0.0000,6,118.77,0.3760,0.0752,7520.18,0.0,5.74213,13.9074,21.2803,30.6838,38.9004,43.9158,46.8655,49.6118,51.6713,53.8152,56.0449,58.3624,61.7595,65.8664,74.24,93.8471,139.525,23.5156,10.8918
20.162,-0.0000,1.0000,0.0000,6,119.05,0.3664,0.0918,7568.16,0.0,5.94607,14.6678,22.5861,32.6783,41.4678,46.8193,49.9625,52.8868,55.0783,57.3577,59.7276,62.1897,65.7962,70.1522,79.0274,99.7716,151.207,22.3532,10.6704
20.186,-0.0000,1.0000,0.0000,6,119.35,0.3555,0.1092,7623.99,0.0,6.17896,15.5194,24.0671,34.95,44.3914,50.1236,53.4852,56.6094,58.9494,61.3816,63.909,66.5331,70.3741,75.0109,84.4455,106.459,39.9631,21.2424,10.4432
20.205,-0.0000,1.0000,0.0000,6,119.82,0.3438,0.1201,7632.95,0.0,6.37364,16.0827,24.985,36.3084,46.1184,52.069,55.5568,58.7979,61.2245,63.7464,66.3668,69.0869,73.0674,77.8716,87.6444,110.436,36.6114,20.6224,10.2767
20.230,-0.0000,1.0000,0.0000,6,120.33,0.3315,0.1254,7629.3,0.0,6.52205,16.3611,25.3445,36.7671,46.6715,52.6838,56.2098,59.4865,61.9407,64.4922,67.1428,69.8957,73.9249,78.7882,88.6859,111.789,35.7051,20.3623,10.1599
20.249,-0.0000,1.0000,0.0000,6,120.84,0.3184,0.1277,7634.52,0.0,6.64502,16.4886,25.4114,36.7535,46.6073,52.5983,56.1149,59.3854,61.8355,64.3833,67.0318,69.7829,73.8118,78.6771,88.5856,111.752,35.7264,20.2731,10.0676
20.274,-0.0000,1.0000,0.0000,6,121.34,0.3046,0.1285,7649.91,0.0,6.75278,16.5365,25.3284,36.4989,46.2263,52.1524,55.6345,58.8752,61.3048,63.8323,66.4607,69.1922,73.1943,78.0309,87.8891,110.972,36.2396,20.273,9.9882
20.293,-0.0000,1.0000,0.0000,6,121.83,0.2902,0.1286,7673.31,0.0,6.85082,16.5456,25.1768,36.1364,45.7028,51.5431,54.9791,58.1793,60.5801,63.079,65.6787,68.3818,72.3452,77.1374,86.9157,109.845,37.0544,20.3186,9.91606
20.318,-0.0000,1.0000,0.0000,6,122.32,0.2754,0.1284,7702.16,0.0,6.94199,16.5361,24.9977,35.7335,45.1258,50.8723,54.2571,57.412,59.7805,62.2473,64.815,67.486,71.4044,76.1464,85.8312,108.578,38.0998,20.3885,9.84882
20.343,-0.0000,1.0000,0.0000,6,122.81,0.2602,0.1265,7734.27,0.0,7.02716,16.5177,24.8118,35.3249,44.542,50.1933,53.5261,56.6348,58.9697,61.4035,63.9383,66.576,70.4482,75.1378,84.7264,107.286,39.35,20.4718,9.78554
20.361,-0.0000,1.0000,0.0000,6,123.30,0.2454,0.1194,7767.32,0.0,7.10665,16.4944,24.6273,34.9251,43.9712,49.5283,52.8096,55.8729,58.1753,60.576,63.0778,65.6829,69.5096,74.1471,83.6395,106.016,40.8335,20.5637,9.7259
20.380,-0.0000,1.0000,0.0000,6,123.78,0.2313,0.1122,7808.36,0.0,7.18009,16.4663,24.4446,34.5346,43.4143,48.8797,52.1104,55.1294,57.3995,59.7682,62.2375,64.8103,68.592,73.1781,82.5773,104.774,42.6499,20.6643,9.66995
20.406,-0.0000,1.0000,0.0000,6,124.27,0.2179,0.1051,7841.62,0.0,7.24759,16.4325,24.2617,34.1508,42.8684,48.244,51.4252,54.4003,56.6387,58.9759,61.4133,63.9542,67.6916,72.2273,81.5332,103.553,45.0321,20.7751,9.61833
20.430,-0.0000,1.0000,0.0000,6,124.78,0.2052,0.0979,7868.59,0.0,7.30884,16.3921,24.0759,33.77,42.3288,47.616,50.7484,53.6801,55.8874,58.193,60.5986,63.1083,66.8014,71.287,80.5009,102.346,48.7202,20.899,9.57154
20.449,-0.0000,1.0000,0.0000,6,125.28,0.1933,0.0912,7896.59,0.0,7.36371,16.344,23.8856,33.3888,41.7918,46.9914,50.0753,52.9636,55.14,57.4139,59.7883,62.2664,65.9157,70.3512,79.4729,101.142,152.983,21.0377,9.52991
20.474,-0.0000,1.0000,0.0000,6,125.78,0.1822,0.0847,7925.1,0.0,7.4119,16.2878,23.69,33.0057,41.2542,46.3672,49.4027,52.2482,54.3934,56.636,58.9788,61.4257,65.0304,69.4161,78.4445,99.9368,151.838,21.1932,9.49355
20.493,-0.0000,1.0000,0.0000,6,126.29,0.1719,0.0781,7955.86,0.0,7.45378,16.2234,23.4884,32.62,40.7161,45.7421,48.7299,51.5324,53.6465,55.8577,58.1694,60.584,64.1447,68.4798,77.4148,98.7292,150.681,21.3663,9.46253
20.518,-0.0000,1.0000,0.0000,6,126.79,0.1623,0.0715,7987.02,0.0,7.48942,16.1511,23.2808,32.2308,40.1759,45.1162,48.056,50.8154,52.8982,55.0786,57.3585,59.7414,63.2575,67.542,76.3829,97.5177,149.512,21.5591,9.4372
20.537,-0.0000,1.0000,0.0000,6,127.30,0.1535,0.0650,8019.04,0.0,7.51876,16.0709,23.0669,31.8383,39.6338,44.4887,47.3806,50.0968,52.1487,54.2975,56.5454,58.897,62.3678,66.6016,75.3474,96.301,148.328,21.7723,9.41777
20.562,-0.0000,1.0000,0.0000,6,127.80,0.1455,0.0589,8051.78,0.0,7.54184,15.9827,22.847,31.4421,39.0894,43.8594,46.703,49.3769,51.3974,53.5144,55.731,58.0503,61.4764,65.6586,74.3084,95.0793,147.13,22.0072,9.40416
20.581,-0.0000,1.0000,0.0000,6,128.31,0.1382,0.0527,8085.9,0.0,7.55886,15.8869,22.6207,31.0422,38.5424,43.2275,46.0237,48.6547,50.644,52.7292,54.914,57.2014,60.582,64.7124,73.2659,93.8517,145.916,22.2653,9.39639
20.605,-0.0000,1.0000,0.0000,6,128.82,0.1317,0.0465,8119.43,0.0,7.57001,15.7834,22.3881,30.638,37.9925,42.5933,45.3417,47.9296,49.8877,51.9413,54.0939,56.3489,59.6841,63.7623,72.2192,92.6171,144.683,22.5483,9.39463
20.625,-0.0000,1.0000,0.0000,6,129.33,0.1260,0.0404,8152.53,0.0,7.57538,15.6728,22.1497,30.2301,37.44,41.9567,44.6577,47.2023,49.1292,51.151,53.2716,55.4935,58.7837,62.8091,71.1669,91.3767,143.431,22.8572,9.39909
20.649,-0.0000,1.0000,0.0000,6,129.84,0.1211,0.0346,8185.33,0.0,7.5749,15.555,21.9053,29.8177,36.8843,41.3172,43.971,46.4726,48.3679,50.358,52.446,54.6358,57.8793,61.8515,70.1102,90.1295,142.158,23.194,9.40974
20.668,-0.0000,1.0000,0.0000,6,130.36,0.1169,0.0288,8218.46,0.0,7.56871,15.4302,21.655,29.4014,36.3257,40.6753,43.2815,45.7398,47.604,49.562,51.6181,53.7747,56.9719,60.8905,69.0492,88.8746,140.862,23.5605,9.42656
20.693,-0.0000,1.0000,0.0000,6,130.88,0.1135,0.0230,8251.72,0.0,7.55699,15.2984,21.3987,28.9811,35.7638,40.0303,42.589,45.0044,46.837,48.763,50.7861,52.9101,56.0605,59.925,67.9832,87.6125,139.542,23.9589,9.44969
20.711,-0.0000,1.0000,0.0000,6,131.40,0.1108,0.0171,8284.5,0.0,7.53989,15.1595,21.1364,28.5561,35.1988,39.3823,41.8931,44.2659,46.0667,47.9606,49.9509,52.0416,55.1451,58.9559,66.9122,86.3418,138.192,24.3918,9.4794
20.736,-0.0000,1.0000,0.0000,6,131.92,0.1089,0.0116,8317.28,0.0,7.51742,15.0144,20.8685,28.1275,34.6308,38.7315,41.1952,43.5247,45.2937,47.1553,49.1128,51.1705,54.2261,57.9823,65.8347,85.0641,136.812,24.8606,9.51555
20.756,-0.0000,1.0000,0.0000,6,132.44,0.1077,0.0061,8350.46,0.0,7.48958,14.8627,20.5952,27.6948,34.0594,38.0778,40.4942,42.7804,44.5177,46.3469,48.2712,50.2951,53.3032,57.0042,64.7524,83.7783,135.396,25.369,9.55811
20.781,-0.0000,1.0000,0.0000,6,132.97,0.1072,0.0006,8384.46,0.0,7.4565,14.7047,20.3162,27.2579,33.4845,37.4208,39.7898,42.033,43.7384,45.5352,47.426,49.4166,52.377,56.0221,63.6647,82.4842,133.939,25.9203,9.60743
20.799,-0.0000,1.0000,0.0000,6,133.50,0.1075,-0.0049,8418.05,0.0,7.41835,14.5404,20.0317,26.8166,32.9068,36.761,39.0826,41.2826,42.9563,44.7203,46.578,48.5343,51.4464,55.0354,62.5715,81.182,132.435,26.5175,9.66355
20.825,-0.0000,1.0000,0.0000,6,134.02,0.1085,-0.0102,8451.64,0.0,7.3751,14.3698,19.7415,26.3713,32.3255,36.098,38.3725,40.5287,42.1708,43.9021,45.7262,47.6483,50.5117,54.0445,61.4726,79.8715,130.876,27.1653,9.72648
20.843,-0.0000,1.0000,0.0000,6,134.56,0.1103,-0.0154,8485.4,0.0,7.32682,14.1933,19.4463,25.9221,31.741,35.4322,37.6593,39.7724,41.3823,43.0804,44.8715,46.7591,49.5733,53.0487,60.3687,78.5525,129.247,27.8676,9.79618
20.868,-0.0000,1.0000,0.0000,6,135.09,0.1128,-0.0206,8520.02,0.0,7.27364,14.0111,19.1459,25.4688,31.1538,34.7633,36.9433,39.013,40.5908,42.2561,44.0132,45.8663,48.6313,52.049,59.2592,77.225,127.534,28.6302,9.87287
20.887,-0.0000,1.0000,0.0000,6,135.62,0.1160,-0.0259,8554.12,0.0,7.21557,13.8228,18.8401,25.0117,30.5626,34.0911,36.224,38.2505,39.7961,41.4283,43.1514,44.9698,47.6852,51.0449,58.1432,75.8879,125.703,29.4599,9.95682
20.911,-0.0000,1.0000,0.0000,6,136.16,0.1199,-0.0309,8588.16,0.0,7.15275,13.629,18.5294,24.5505,29.9686,33.4163,35.5023,37.4847,38.9984,40.5975,42.2865,44.07,46.7352,50.0363,57.022,74.5437,123.708,30.3638,10.0477
20.931,-0.0000,1.0000,0.0000,6,136.70,0.1246,-0.0359,8622.29,0.0,7.08513,13.4293,18.2135,24.0851,29.3712,32.7382,34.777,36.7162,38.1971,39.7632,41.4178,43.1661,45.7812,49.0233,55.8954,73.1884,121.606,31.3503,10.1459
20.955,-0.0000,1.0000,0.0000,6,137.24,0.1299,-0.0409,8657.2,0.0,7.01275,13.2242,17.8926,23.616,28.7706,32.0573,34.049,35.9447,37.3934,38.9257,40.5461,42.2596,44.8236,48.0057,54.7633,71.8253,119.498,32.432,10.2516
20.981,-0.0000,1.0000,0.0000,6,137.78,0.1360,-0.0459,8691.72,0.0,6.93572,13.0137,17.5668,23.1427,28.1664,31.3729,33.3177,35.1698,36.586,38.0849,39.6706,41.3485,43.8621,46.9834,53.6247,70.4531,117.381,33.6207,10.3646
20.999,-0.0000,1.0000,0.0000,6,138.32,0.1428,-0.0507,8726.22,0.0,6.85416,12.7978,17.2358,22.6657,27.5593,30.6855,32.5833,34.3918,35.7755,37.2405,38.7919,40.4343,42.8956,45.957,52.4804,69.0705,115.255,34.9353,10.4852
21.024,-0.6113,1.0000,0.0000,6,138.87,0.1503,-0.0555,8760.85,0.0,6.76804,12.5764,16.9001,22.1846,26.9486,29.9954,31.846,33.6107,34.9619,36.3935,37.9098,39.5163,41.9258,44.9256,51.3297,67.6777,113.122,36.3963,10.6133
21.042,-1.0000,1.0000,0.0000,6,139.39,0.1582,-0.0573,8797.44,0.0,6.69629,12.4297,16.7006,21.9281,26.6504,29.6751,31.5146,33.2702,34.6147,36.0398,37.5513,39.1522,41.5566,44.5521,50.9566,67.3459,113.461,37.0361,10.7079
21.068,-1.0000,1.0000,0.0000,6,139.82,0.1658,-0.0520,8844.51,0.0,6.66752,12.4742,16.8428,22.2312,27.1292,30.2777,32.1953,34.0275,35.4312,36.921,38.5003,40.1755,42.6913,45.8268,52.5324,69.6838,120.124,35.5072,10.7062
21.087,-1.0000,1.0000,0.0000,6,140.17,0.1729,-0.0413,8901.44,0.0,6.67443,12.6742,17.2665,23.0041,28.2677,31.6672,33.7422,35.7268,37.2482,38.8631,40.5764,42.3936,45.1228,48.5242,55.7909,74.3113,126.571,32.945,10.632
21.112,-0.6431,1.0000,0.0000,6,140.46,0.1791,-0.0271,8962.1,0.0,6.70976,12.9969,17.9199,24.1712,29.9706,33.7351,36.0368,38.24,39.9301,41.7244,43.6274,45.6462,48.676,52.4483,60.4898,80.8788,131.797,30.2749,10.5123
21.131,-0.0000,1.0000,0.0000,6,140.71,0.1843,-0.0110,9023.23,0.0,6.76807,13.4221,18.7739,25.6969,32.1955,36.4337,39.0281,41.5121,43.4178,45.4401,47.5842,49.856,53.2634,57.4984,66.496,89.9723,136.234,27.8541,10.3671
21.157,-0.0000,1.0000,0.0000,6,140.95,0.1885,0.0060,9081.27,0.0,6.845,13.9314,19.8014,27.5455,34.8977,39.7089,42.6556,45.4753,47.6375,49.9297,52.3582,54.9284,58.775,63.5454,73.6366,102.626,139.975,25.7846,10.2111
21.174,-0.0000,1.0000,0.0000,6,141.27,0.1917,0.0209,9124.96,0.0,6.91891,14.4198,20.8043,29.3768,37.59,42.9749,46.2716,49.423,51.8378,54.3946,57.0999,59.9601,64.2327,69.5188,80.7684,116.96,142.659,24.2748,10.0794
21.199,-0.0000,1.0000,0.0000,6,141.79,0.1944,0.0288,9136.33,0.0,6.95211,14.6872,21.3795,30.4634,39.2162,44.962,48.4788,51.84,54.4138,57.1378,60.0182,63.0608,67.6026,73.2139,85.6551,121.776,60.3874,23.5591,10.0191
21.219,-0.0000,1.0000,0.0000,6,142.35,0.1963,0.0320,9134.49,0.0,6.95917,14.795,21.632,30.9709,40.0033,45.9411,49.5767,53.0523,55.7125,58.5284,61.5051,64.6491,69.3404,75.1344,88.5232,123.429,53.3497,23.2717,10.001
21.243,-0.0000,1.0000,0.0000,6,142.95,0.1976,0.0319,9129.28,0.0,6.94988,14.7906,21.6507,31.0488,40.1639,46.1646,49.8421,53.3592,56.0521,58.903,61.9174,65.1019,69.8557,75.7468,89.6653,123.701,52.2368,23.2464,10.0091
21.263,-0.0000,1.0000,0.0000,6,143.55,0.1982,0.0298,9128.42,0.0,6.92997,14.7075,21.5025,30.8162,39.8644,45.8324,49.4936,52.9975,55.6823,58.5254,61.5343,64.7141,69.4633,75.3666,89.4177,123.141,53.5127,23.402,10.0348
21.287,-0.0000,1.0000,0.0000,6,144.14,0.1982,0.0261,9137.2,0.0,6.90431,14.5772,21.2524,30.3897,39.2771,45.149,48.7551,52.2107,54.8603,57.6683,60.6418,63.786,68.4863,74.3317,88.2406,122.074,56.9022,23.677,10.0711
21.306,-0.0000,1.0000,0.0000,6,144.73,0.1979,0.0215,9156.98,0.0,6.87665,14.4265,20.9569,29.8764,38.556,44.3008,47.833,51.2217,53.8221,56.5799,59.503,62.5963,67.2254,72.9769,86.6023,120.743,64.6161,24.019,10.1127
21.331,-0.0000,1.0000,0.0000,6,145.31,0.1975,0.0168,9184.4,0.0,6.84913,14.2725,20.6543,29.3473,37.8078,43.4162,46.8691,50.1846,52.7309,55.4343,58.3011,61.3385,65.8878,71.5376,84.8408,119.317,139.48,24.3906,10.1558
21.350,-0.0000,1.0000,0.0000,6,145.88,0.1971,0.0122,9216.06,0.0,6.82193,14.1226,20.3606,28.8335,37.0802,42.5545,45.9292,49.1718,51.6653,54.314,57.1247,60.1058,64.575,70.128,83.1181,117.882,138.287,24.773,10.1995
21.374,-0.0000,1.0000,0.0000,6,146.46,0.1969,0.0077,9249.77,0.0,6.79441,13.9772,20.0782,28.3429,36.3857,41.731,45.03,48.2034,50.6452,53.2412,55.9985,58.9243,63.3161,68.7772,81.4775,116.469,137.104,25.1606,10.2439
21.392,-0.3710,1.0000,0.0000,6,147.03,0.1970,0.0033,9284.5,0.0,6.76558,13.8343,19.8049,27.8713,35.7199,40.9419,44.1683,47.2748,49.6666,52.2112,54.9184,57.7901,62.107,67.4817,79.9145,115.081,135.933,25.5563,10.29
21.418,-0.9894,1.0000,0.0000,6,147.58,0.1972,0.0018,9322.01,0.0,6.75527,13.7922,19.7327,27.7624,35.5864,40.7982,44.0216,47.1267,49.5197,52.0658,54.7736,57.6507,61.976,67.3648,80.0096,114.783,135.251,25.6544,10.3054
21.437,-1.0000,1.0000,0.0000,6,148.04,0.1969,0.0074,9370.26,0.0,6.79502,14.0012,20.1544,28.5419,36.7559,42.2374,45.6292,48.8952,51.4113,54.0881,56.9345,59.9566,64.496,70.2733,84.4532,116.795,135.706,25.0229,10.2407
21.462,-1.0000,1.0000,0.0000,6,148.40,0.1958,0.0183,9428.5,0.0,6.87826,14.4266,21.01,30.1122,39.0939,45.0961,48.8071,52.378,55.125,58.0466,61.148,64.4359,69.5025,76.3736,93.8127,119.887,55.5214,23.9272,10.1148
21.481,-1.0000,1.0000,0.0000,6,148.71,0.1938,0.0326,9489.19,0.0,6.99722,15.0339,22.2428,32.3925,42.4857,49.2295,53.3919,57.3886,60.4585,63.7153,67.2317,71.1615,77.5143,86.3391,106.782,123.194,44.4258,22.6465,9.95053
21.506,-1.0000,1.0000,0.0000,6,148.96,0.1905,0.0490,9548.52,0.0,7.14675,15.8034,23.8308,35.3577,46.892,54.5792,59.3075,63.8355,67.4219,71.44,75.9747,81.13,89.6584,101.767,113.566,126.342,37.8826,21.3514,9.76431
21.524,-0.5406,1.0000,0.0000,6,149.17,0.1861,0.0666,9605.25,0.0,7.32364,16.7281,25.7755,39.0239,52.319,61.133,66.6552,72.3734,77.1057,82.5064,88.7281,95.9721,105.102,110.84,118.429,129.193,33.2554,20.1224,9.56662
21.550,-0.0000,1.0000,0.0000,6,149.35,0.1803,0.0847,9658.29,0.0,7.52651,17.8073,28.0901,43.4176,58.7767,69.3089,76.6092,84.4005,91.0231,98.7785,104.412,108.161,112.313,116.242,122.312,96.2715,29.7534,18.9908,9.36344
21.574,-0.0000,1.0000,0.0000,6,149.52,0.1731,0.1026,9707.13,0.0,7.75162,19.0295,30.7631,48.5035,66.4142,80.3471,90.4986,100.812,105.261,108.627,111.466,113.974,117.102,120.285,125.469,51.4322,27.0203,17.9725,9.16044
21.593,-0.0000,1.0000,0.0000,6,149.75,0.1646,0.1183,9744.51,0.0,7.97897,20.2649,33.4981,53.6878,75.3155,94.0771,103.522,108.244,110.997,113.444,115.67,117.725,120.374,123.143,127.76,41.6812,25.0057,17.1359,8.97377
21.618,-0.0000,1.0000,0.0000,6,150.21,0.1550,0.1287,9758.71,0.0,8.17282,21.2477,35.6555,57.7194,83.4182,102.538,107.824,111.483,113.783,115.896,117.86,119.7,122.104,124.644,128.929,37.4668,23.7412,16.5611,8.82398
21.637,-0.0000,1.0000,0.0000,6,150.74,0.1443,0.1349,9758.51,0.0,8.34073,21.9983,37.2488,60.6858,90.2311,105.459,109.828,113.06,115.144,117.084,118.905,120.623,122.882,125.284,72.5709,35.1557,22.9127,16.1517,8.69701
21.662,-0.0000,1.0000,0.0000,6,151.31,0.1324,0.1378,9749.95,0.0,8.48781,22.5348,38.3077,62.716,95.1608,106.657,110.624,113.636,115.601,117.443,119.179,120.825,122.996,125.312,62.6404,33.8369,22.3698,15.8569,8.58486
21.681,-0.0000,1.0000,0.0000,6,151.91,0.1193,0.1381,9738.34,0.0,8.61755,22.8785,38.8779,63.7929,96.8217,106.849,110.616,113.511,115.411,117.197,118.886,120.489,122.61,124.876,58.8952,33.1517,22.0328,15.6468,8.48279
21.706,-0.0000,1.0000,0.0000,6,152.52,0.1051,0.1361,9728.36,0.0,8.73385,23.0662,39.0489,64.0277,96.8726,106.374,110.048,112.885,114.752,116.511,118.175,119.758,121.852,124.094,58.2794,32.9008,21.843,15.4972,8.38704
21.725,-0.0000,1.0000,0.0000,6,153.14,0.0900,0.1326,9726.69,0.0,8.84237,23.1496,38.955,63.6716,96.1438,105.482,109.12,111.935,113.789,115.536,117.191,118.766,120.85,123.083,59.452,32.9286,21.7464,15.3843,8.29342
21.750,0.3666,1.0000,0.0000,6,153.74,0.0742,0.1284,9736.16,0.0,8.94884,23.1851,38.7368,63.0278,95.0585,104.384,108.014,110.823,112.672,114.416,116.069,117.64,119.722,121.953,61.5434,33.1016,21.6922,15.2859,8.19872
21.769,0.6619,1.0000,0.0000,6,154.32,0.0581,0.1202,9750.5,0.0,9.01167,22.9029,37.7808,60.7701,91.7738,102.133,105.919,108.818,110.719,112.505,114.195,115.799,117.922,120.193,70.1432,34.2488,21.9616,15.3268,8.12882
21.793,0.8185,1.0000,0.0000,6,154.81,0.0432,0.1019,9785.82,0.0,8.95635,21.8729,35.1532,55.1089,79.9915,96.3379,100.976,104.319,106.454,108.432,110.282,112.027,114.318,116.753,120.893,38.8572,23.1984,15.7706,8.13544
21.813,0.8577,1.0000,0.0000,6,155.19,0.0299,0.0770,9850.34,0.0,8.82603,20.5049,31.895,48.5926,67.0769,82.9114,92.3939,97.1895,99.9309,102.354,104.553,106.581,109.197,111.934,116.516,51.8048,25.4755,16.5758,8.20569
21.837,0.7758,1.0000,0.0000,6,155.48,0.0188,0.0491,9923.01,0.0,8.66035,19.1124,28.7486,42.4957,56.5009,67.3865,75.1268,83.5366,89.7766,93.7337,96.8232,99.4654,102.7,105.952,111.214,119.727,29.0731,17.7145,8.32632
21.856,0.4484,1.0000,0.0000,6,155.71,0.0101,0.0199,9992.39,0.0,8.48011,17.8211,25.9754,37.2478,48.3568,56.1559,61.4609,67.0102,71.636,76.9563,83.1344,89.1472,94.2563,98.6095,105.024,114.741,34.9243,19.2137,8.49053
21.881,-0.0000,1.0000,0.0000,6,155.91,0.0038,-0.0094,10057.6,0.0,8.29482,16.6655,23.6138,32.9095,41.9298,47.9419,51.779,55.6892,58.8689,62.4401,66.4766,71.0777,78.7144,88.3671,97.6791,109.232,46.7601,21.1496,8.69528
21.900,-0.0000,1.0000,0.0000,6,156.09,0.0002,-0.0375,10115.2,0.0,8.11348,15.6656,21.6617,29.4405,36.8489,41.7577,44.7969,47.7388,50.0754,52.6565,55.523,58.7243,63.8889,71.0425,88.045,103.267,76.8761,23.5998,8.93299
21.925,-0.0000,1.0000,0.0000,6,156.43,-0.0013,-0.0601,10148.1,0.0,7.96627,14.9297,20.2802,27.0584,33.4109,37.5908,40.1735,42.6656,44.5922,46.6553,48.9143,51.4078,55.3653,60.7197,74.2116,97.7186,114.099,26.1879,9.15509
21.943,-0.0000,1.0000,0.0000,6,156.88,-0.0004,-0.0769,10158.3,0.0,7.8487,14.4056,19.3312,25.469,31.1526,34.8717,37.1644,39.3748,41.0817,42.9056,44.8537,46.9674,50.2926,54.7303,65.6208,92.9375,110.902,28.6641,9.34829
21.968,-0.0000,1.0000,0.0000,6,157.40,0.0027,-0.0895,10156.7,0.0,7.74465,14.0041,18.6335,24.3353,29.5705,32.9812,35.0803,37.102,38.6631,40.3301,42.1113,44.0145,46.9657,50.8746,60.3163,88.8027,108.256,31.01,9.52409
21.987,-0.0000,1.0000,0.0000,6,157.96,0.0082,-0.0985,10147.6,0.0,7.64645,13.6839,18.1024,23.5023,28.4326,31.6355,33.6045,35.4998,36.9627,38.5245,40.193,41.9765,44.704,48.2951,56.8921,85.353,106.103,33.1406,9.68741
22.011,-0.0000,1.0000,0.0000,6,158.55,0.0161,-0.1048,10134.0,0.0,7.54926,13.4182,17.6854,22.8758,27.5997,30.6639,32.5458,34.3576,35.7562,37.2487,38.8434,40.5484,43.1457,46.5494,54.6627,82.6787,104.382,34.974,9.84189
22.031,-0.0000,1.0000,0.0000,6,159.15,0.0261,-0.1090,10124.0,0.0,7.44892,13.1844,17.3392,22.3818,26.9641,29.9351,31.7601,33.517,34.8731,36.321,37.8685,39.523,42.0426,45.3413,53.193,80.7878,102.998,36.5021,9.99299
22.056,-0.0000,1.0000,0.0000,6,159.75,0.0382,-0.1117,10123.1,0.0,7.34183,12.9618,17.0261,21.9547,26.4323,29.3369,31.1216,32.84,34.167,35.5841,37.0992,38.7199,41.1917,44.4314,52.148,79.4873,101.827,37.8204,10.1475
22.074,-0.0000,1.0000,0.0000,6,160.34,0.0521,-0.1138,10131.8,0.0,7.22498,12.7335,16.7139,21.5406,25.9279,28.7754,30.5266,32.2135,33.5163,34.9087,36.3979,37.9914,40.4276,43.6267,51.2589,78.4519,100.745,39.0868,10.3124
22.100,-0.0000,1.0000,0.0000,6,160.92,0.0676,-0.1158,10150.6,0.0,7.09727,12.4892,16.3833,21.1058,25.402,28.1927,29.9096,31.5649,32.8437,34.2112,35.6741,37.2408,39.6419,42.801,50.3487,77.4114,99.6647,40.3719,10.4922
22.125,-0.0000,1.0000,0.0000,6,161.49,0.0844,-0.1179,10176.7,0.0,6.9592,12.2255,16.0267,20.6366,24.8333,27.5617,29.2416,30.8619,32.1142,33.4542,34.8884,36.425,38.7855,41.8941,49.3338,76.2269,98.539,41.7365,10.6882
22.143,-0.0000,1.0000,0.0000,6,162.05,0.1023,-0.1202,10206.3,0.0,6.81212,11.9446,15.6458,20.1343,24.2226,26.8828,28.5217,30.1035,31.3262,32.6358,34.0378,35.5407,37.8529,40.9015,48.2042,74.8587,97.3604,43.1928,10.8997
22.169,-0.1095,1.0000,0.0000,6,162.60,0.1211,-0.1227,10236.2,0.0,6.65721,11.6486,15.2443,19.6041,23.5769,26.1635,27.7582,29.2976,30.4894,31.7649,33.1318,34.5978,36.8562,39.8343,46.9757,73.2941,96.1327,44.7327,11.1249
22.187,-0.3145,1.0000,0.0000,6,163.15,0.1406,-0.1226,10269.1,0.0,6.51159,11.4041,14.9365,19.2298,23.1532,25.7134,27.2941,28.8212,30.0048,31.2721,32.6321,34.0913,36.3555,39.3498,46.5644,73.2346,95.34,45.2718,11.3174
22.212,-0.2509,1.0000,0.0000,6,163.64,0.1599,-0.1164,10310.3,0.0,6.39611,11.2901,14.8593,19.2363,23.2692,25.9167,27.556,29.1444,30.3771,31.6995,33.12,34.6651,37.0926,40.3284,48.2427,75.6946,95.5394,43.6415,11.4158
22.231,-0.0000,1.0000,0.0000,6,164.10,0.1786,-0.1050,10360.0,0.0,6.31031,11.2976,14.9988,19.6066,23.9108,26.7619,28.5367,30.2617,31.604,33.0541,34.6454,36.4019,39.188,42.9524,52.4226,78.9439,96.5007,40.6723,11.4286
22.256,-0.0000,1.0000,0.0000,6,164.58,0.1967,-0.0941,10403.0,0.0,6.22602,11.3042,15.1393,19.9879,24.5817,27.6517,29.5726,31.4465,32.9305,34.5644,36.3723,38.3829,41.6072,46.0356,57.55,81.2115,97.2729,38.3268,11.4436
22.275,-0.0000,1.0000,0.0000,6,165.13,0.2148,-0.0904,10421.5,0.0,6.10551,11.1453,14.9807,19.8648,24.5241,27.6552,29.6188,31.5534,33.1,34.8091,36.708,38.8281,42.2502,46.9931,59.5565,81.4016,96.923,37.9241,11.5625
22.300,-0.0000,0.0000,0.0000,6,165.68,0.2326,-0.0907,10440.8,0.0,5.96642,10.8966,14.6557,19.4547,24.0457,27.1388,29.0817,31.0094,32.5542,34.2632,36.1654,38.2937,41.7374,46.5285,59.3257,80.6302,95.9907,38.4124,11.737
22.318,-0.0000,0.0000,0.0000,6,165.73,0.2503,-0.0929,10107.6,0.0,5.81941,10.6069,14.2533,18.9077,23.3648,26.3706,28.2615,30.1429,31.6512,33.3202,35.1788,37.2595,40.629,45.3212,57.8859,79.4039,94.7727,39.3157,11.9395
22.343,-0.0000,0.0000,0.0000,6,165.45,0.2678,-0.0959,10084.0,0.0,5.67005,10.3037,13.8248,18.314,22.612,25.5121,27.338,29.1568,30.6149,32.2288,34.0253,36.0369,39.2929,43.8272,55.9661,77.9885,93.4361,40.3861,12.1545
22.362,-0.0000,0.0000,0.0000,6,165.17,0.2854,-0.0990,10066.5,0.0,5.52071,10.0008,13.3969,17.7207,21.8584,24.6516,26.412,28.1668,29.5736,31.1305,32.8624,34.8022,37.9418,42.3116,54.0012,76.5398,92.0798,41.4749,12.3733
22.387,-0.0000,0.0000,0.0000,6,164.89,0.3031,-0.1020,10049.5,0.0,5.37171,9.70131,12.9754,17.1383,21.1209,23.8106,25.5066,27.1996,28.5567,30.0584,31.7292,33.5997,36.6266,40.8387,52.1011,75.1,90.7301,42.5383,12.5937
22.406,-0.0000,0.0000,0.0000,6,164.61,0.3211,-0.1049,10032.5,0.0,5.22192,9.40372,12.559,16.5656,20.3975,22.9865,24.6214,26.2545,27.5635,29.0124,30.6238,32.4282,35.3474,39.4096,50.266,73.6734,89.3901,43.5748,12.8165
22.431,-0.0000,0.0000,0.0000,6,164.33,0.3393,-0.1077,10015.6,0.0,5.07118,9.10709,12.1458,15.9998,19.6849,22.1752,23.7506,25.3261,26.5885,27.9857,29.5402,31.2794,34.0948,38.0121,48.48,72.2542,88.0565,44.5878,13.0423
22.450,-0.0000,0.0000,0.0000,6,164.05,0.3578,-0.1104,9998.98,0.0,4.9191,8.81033,11.7342,15.4386,18.9794,21.373,22.8903,24.4086,25.6255,26.9717,28.4701,30.147,32.86,36.6351,46.7249,70.836,86.7252,45.5849,13.2716
22.475,-0.0000,0.0000,0.0000,6,163.78,0.3767,-0.1131,9982.14,0.0,4.76517,8.51245,11.3225,14.879,18.2778,20.5763,22.0364,23.4982,24.6696,25.9667,27.409,29.0238,31.637,35.2723,44.989,69.4132,85.394,46.5709,13.5053
22.493,-0.0000,0.0000,0.0000,6,163.50,0.3959,-0.1158,9965.3,0.0,4.60924,8.2131,10.9105,14.3207,17.579,19.7835,21.1873,22.5935,23.7201,24.9671,26.3545,27.9076,30.4211,33.9185,43.2677,67.9836,84.0619,47.5471,13.7436
22.519,-0.4452,0.0000,0.0000,6,163.22,0.4155,-0.1183,9948.61,0.0,4.45145,7.91221,10.4978,13.7634,16.8828,18.9946,20.3429,21.693,22.7753,23.9729,25.306,26.7979,29.2126,32.5725,41.5568,66.5448,82.7276,48.5152,13.9864
22.537,-0.9010,0.0000,0.0000,6,162.91,0.4350,-0.1173,9930.56,0.0,4.30636,7.66894,10.1896,13.3855,16.4511,18.5363,19.878,21.2259,22.3083,23.5092,24.8482,26.3516,28.7941,32.2114,41.4592,66.0246,81.9243,48.4274,14.1613
22.562,-0.9258,0.0000,0.0000,6,162.49,0.4538,-0.1074,9906.2,0.0,4.19678,7.56975,10.1412,13.4531,16.6807,18.9245,20.3934,21.8831,23.09,24.4398,25.9591,27.6826,30.5228,34.5838,46.1123,67.5356,82.3805,45.997,14.1591
22.581,-0.6431,0.0000,0.0000,6,161.97,0.4712,-0.0908,9875.44,0.0,4.1182,7.59131,10.3149,13.918,17.5396,20.168,21.9267,23.7423,25.2368,26.9345,28.8792,31.1294,34.9457,40.6488,56.5748,70.0841,83.6699,42.4098,14.0255
22.606,-0.1696,0.0000,0.0000,6,161.42,0.4870,-0.0701,9840.71,0.0,4.06549,7.71037,10.679,14.7509,19.0848,22.3996,24.6942,27.1302,29.1895,31.5901,34.4231,37.8184,43.8826,53.457,62.4796,72.911,85.3466,38.6925,13.8171
22.626,-0.0000,0.0000,0.0000,6,160.85,0.5010,-0.0473,9803.99,0.0,4.03449,7.91139,11.2169,15.9811,21.4888,25.9967,29.2808,32.9257,36.1426,40.0597,44.9323,51.1601,56.8951,60.9518,66.7449,75.6439,87.1076,35.3333,13.5756
22.650,-0.0000,0.0000,0.0000,6,160.36,0.5135,-0.0265,9768.76,0.0,4.01008,8.12406,11.7976,17.4379,24.5704,30.929,35.8937,41.767,47.2999,53.0553,56.3546,58.9141,61.9271,64.9082,69.7328,77.739,88.4745,32.7939,13.37
22.675,-0.0000,0.0000,0.0000,6,159.98,0.5248,-0.0135,9742.17,0.0,3.96584,8.2111,12.1252,18.474,27.0907,35.3809,42.2971,50.6632,54.4079,57.1135,59.3898,61.4131,63.9657,66.6061,71.0256,78.574,88.8895,31.4306,13.2803
22.693,-0.0000,0.0000,0.0000,6,159.64,0.5347,-0.0059,9721.39,0.0,3.91251,8.21139,12.2656,19.1218,28.942,39.0002,47.8912,53.6746,56.3016,58.53,60.5189,62.3422,64.6934,67.1669,71.3688,78.6506,51.9085,30.69,13.2572
22.718,-0.0000,0.0000,0.0000,6,159.33,0.5432,-0.0019,9703.75,0.0,3.85623,8.15268,12.2699,19.4313,30.0845,41.5105,50.3225,54.4894,56.7977,58.8345,60.6898,62.4126,64.6561,67.0357,71.1098,78.2283,50.2907,30.3207,13.2753
22.737,-0.0000,0.0000,0.0000,6,159.04,0.5503,-0.0008,9688.15,0.0,3.80028,8.05413,12.1729,19.4552,30.5359,42.7624,50.6343,54.3618,56.5299,58.4727,60.2585,61.9265,64.1091,66.4343,70.4319,77.4518,49.9052,30.1978,13.3193
22.762,-0.0000,0.0000,0.0000,6,158.77,0.5562,-0.0017,9673.83,0.0,3.74691,7.93165,12.0094,19.2696,30.4267,42.892,50.1399,53.6909,55.7924,57.6873,59.436,61.0738,63.2222,65.5157,69.4682,76.4294,50.7408,30.2378,13.3778
22.782,-0.0000,0.0000,0.0000,6,158.51,0.5612,-0.0039,9659.44,0.0,3.69735,7.80168,11.8165,18.9715,29.9838,42.3115,49.2565,52.7295,54.7972,56.6664,58.394,60.014,62.1412,64.4149,68.3382,75.2623,85.008,30.3683,13.4418
22.806,-0.0000,0.0000,0.0000,6,158.25,0.5654,-0.0066,9644.71,0.0,3.65239,7.67912,11.6242,18.6451,29.4243,41.4536,48.2284,51.6559,53.701,55.5517,57.2637,58.8702,60.981,63.2388,67.1387,74.033,83.7629,30.5316,13.504
22.825,-0.0000,0.0000,0.0000,6,157.99,0.5692,-0.0094,9629.81,0.0,3.61092,7.56774,11.4464,18.334,28.8714,40.5784,47.1869,50.5697,52.5926,54.4249,56.1212,57.7141,59.8085,62.0504,65.9266,72.7906,82.5043,30.6948,13.5614
22.850,-0.0000,0.0000,0.0000,6,157.73,0.5727,-0.0122,9614.49,0.0,3.57232,7.46897,11.2884,18.0574,28.3805,39.8019,46.1921,49.5176,51.5135,53.324,55.0024,56.5796,58.6553,60.8792,64.7289,71.5586,81.2517,30.8417,13.6126
22.869,-0.0000,0.0000,0.0000,6,157.48,0.5761,-0.0149,9598.98,0.0,3.53494,7.38065,11.1488,17.8167,27.9608,39.15,45.2594,48.5131,50.4761,52.261,53.9181,55.4773,57.5317,59.7352,63.5548,70.3453,80.0126,30.9687,13.6583
22.894,-0.0000,0.0000,0.0000,6,157.22,0.5795,-0.0174,9583.45,0.0,3.49838,7.3005,11.0235,17.6049,27.6011,38.6044,44.3805,47.5505,49.476,51.232,52.8653,54.4044,56.435,58.616,62.4024,69.1497,78.7861,31.078,13.6995
22.913,-0.0000,0.0000,0.0000,6,156.96,0.5831,-0.0198,9568.11,0.0,3.46375,7.22638,10.9091,17.4154,27.288,38.1421,43.5421,46.6211,48.5057,50.2302,51.8378,53.3552,55.3602,57.5168,61.2675,67.9681,77.5698,31.1733,13.7372
22.937,-0.0000,0.0000,0.0000,6,156.71,0.5868,-0.0221,9552.56,0.0,3.43086,7.15708,10.8036,17.2446,27.0145,37.7467,42.7365,45.7199,47.5612,49.2521,50.8323,52.3266,54.3044,56.4353,60.1482,66.7987,76.3622,31.2561,13.7722
22.956,-0.0000,0.0000,0.0000,6,156.45,0.5907,-0.0221,9536.98,0.0,3.39912,7.09084,10.7036,17.0848,26.7641,37.3252,41.9476,44.8347,46.6316,48.2881,49.84,51.3105,53.2601,55.3643,59.0379,65.6364,75.1591,31.3316,13.8054
22.981,-0.0000,0.0000,0.0000,6,156.20,0.5944,-0.0221,9522.3,0.0,3.36814,7.02652,10.6069,16.9316,26.5267,36.8569,41.1661,43.9585,45.7108,47.3322,48.8555,50.3016,52.2225,54.2994,57.9327,64.4776,73.9575,31.4028,13.8375
23.000,-0.0000,0.0000,0.0000,6,155.94,0.5981,-0.0220,9506.9,0.0,3.33776,6.96356,10.5124,16.7822,26.2962,36.3484,40.3864,43.0864,44.7943,46.3807,47.8751,49.2966,51.1884,53.2374,56.8297,63.3198,72.7555,31.4719,13.8689
23.025,-0.0000,1.0000,0.0000,6,155.69,0.6017,-0.0220,9491.13,0.0,3.30785,6.90168,10.4197,16.6361,26.0719,35.8091,39.6079,42.2181,43.882,45.4333,46.8987,48.2954,50.1576,52.1784,55.729,62.163,71.5529,31.5388,13.8997
23.043,-0.0000,1.0000,0.0000,6,155.94,0.6053,-0.0219,9821.59,0.0,3.2782,6.84021,10.3274,16.4902,25.8464,35.238,38.8243,41.3478,42.9683,44.4848,45.921,47.2928,49.1254,51.1178,54.626,61.003,70.3458,31.6061,13.9303
23.069,-0.0000,1.0000,0.0000,6,156.49,0.6088,-0.0219,9870.29,0.0,3.24862,6.77857,10.2344,16.3421,25.6149,34.6349,38.0301,40.4699,42.0476,43.5295,44.9366,46.2834,48.0861,50.0498,53.5151,59.834,69.1285,31.6756,13.9611
23.087,-0.0000,1.0000,0.0000,6,157.05,0.6124,-0.0219,9900.75,0.0,3.21902,6.71677,10.141,16.1928,25.3807,34.0079,37.2285,39.5866,41.1221,42.5693,43.9474,45.269,47.0413,48.9758,52.3976,58.6572,67.9019,31.7462,13.9921
23.112,-0.0000,1.0000,0.0000,6,157.62,0.6160,-0.0220,9929.96,0.0,3.18942,6.65493,10.0476,16.0433,25.1457,33.3621,36.4212,38.6997,40.193,41.6058,42.9543,44.2505,45.9921,47.897,51.2743,57.4732,66.6663,31.8259,14.0231
23.131,-0.0000,1.0000,0.0000,6,158.18,0.6195,-0.0220,9961.27,0.0,3.15981,6.59304,9.95402,15.8936,24.9102,32.6997,35.6084,37.8091,39.2607,40.6387,41.9577,43.2281,44.9387,46.8134,50.1453,56.2819,65.4216,31.9958,14.0541
23.156,-0.0000,0.0000,0.0000,6,158.76,0.6231,-0.0220,9976.67,0.0,3.13016,6.53107,9.86032,15.7436,24.6742,32.0222,34.7902,36.9148,38.3249,39.6682,40.9574,42.2018,43.8809,45.725,49.0105,55.0833,64.1678,32.3088,14.0852
23.175,-0.0000,0.0000,0.0000,6,158.79,0.6267,-0.0220,9683.51,0.0,3.10058,6.46945,9.76742,15.5956,24.4432,31.3361,33.9713,36.0211,37.3899,38.6984,39.9576,41.1757,42.8228,44.6355,47.8737,53.881,62.908,32.8329,14.116
23.200,-0.0000,0.0000,0.0000,6,158.52,0.6302,-0.0219,9663.9,0.0,3.07118,6.40873,9.67657,15.4528,24.2245,30.6492,33.1587,35.1353,36.4629,37.7365,38.9654,40.1568,41.7714,43.5524,46.7422,52.6819,61.6494,33.7176,14.1461
23.218,-0.0000,0.0000,0.0000,6,158.26,0.6338,-0.0218,9646.96,0.0,3.04197,6.34866,9.58701,15.313,24.0129,29.9579,32.3487,34.2537,35.5406,36.7793,37.9779,39.1425,40.7242,42.4728,45.6134,51.4843,60.3901,35.5695,14.1757
23.244,-0.2261,0.0000,0.0000,6,158.00,0.6373,-0.0217,9630.65,0.0,3.01283,6.28885,9.49803,15.1745,23.8044,29.26,31.5386,33.3742,34.6208,35.8249,36.9931,38.1308,39.6794,41.3954,44.4859,50.2863,59.1288,70.1593,14.205
23.269,-0.8021,0.0000,0.0000,6,157.71,0.6405,-0.0179,9613.53,0.0,2.99743,6.29872,9.56928,15.4462,24.4335,29.1616,31.2836,33.0207,34.2104,35.3656,36.491,37.5908,39.0927,40.7627,43.7825,49.4812,58.2212,69.1871,14.1765
23.287,-0.8586,0.0000,0.0000,6,157.33,0.6424,-0.0056,9591.96,0.0,3.01739,6.48485,10.055,16.8384,26.2752,30.2533,32.17,33.7718,34.8815,35.9668,37.0305,38.075,39.5084,41.1101,44.0232,49.5622,58.1232,68.9302,14.0149
23.312,-0.7314,0.0000,0.0000,6,156.86,0.6427,0.0137,9563.96,0.0,3.07429,6.85896,11.0243,19.8079,28.5671,32.0281,33.7668,35.2427,36.2749,37.2906,38.2913,39.2785,40.6393,42.1671,44.9614,50.3147,58.6527,32.839,13.7513
23.331,-0.2968,0.0000,0.0000,6,156.33,0.6410,0.0374,9531.72,0.0,3.16648,7.42627,12.5781,23.8938,30.9107,34.0348,35.6396,37.0152,37.9832,38.9399,39.8862,40.8226,42.118,43.5777,46.2592,51.4284,59.5319,29.0267,13.4323
23.357,-0.0000,0.0000,0.0000,6,155.78,0.6372,0.0631,9496.64,0.0,3.2925,8.20449,14.9264,26.944,33.1297,36.0248,37.5304,38.8286,39.7456,40.6547,41.5561,42.4501,43.6897,45.0902,47.6715,52.6709,60.5471,26.4628,13.0928
23.375,-0.0000,0.0000,0.0000,6,155.27,0.6313,0.0880,9461.68,0.0,3.44442,9.17114,18.262,29.2854,34.9922,37.7264,39.1583,40.3975,41.275,42.1465,43.012,43.8717,45.0659,46.4173,48.9141,53.7662,61.4394,24.5782,12.7693
23.399,-0.0000,0.0000,0.0000,6,154.89,0.6239,0.1054,9433.58,0.0,3.58911,10.0634,20.7201,30.4912,35.9019,38.5266,39.907,41.1043,41.9535,42.7979,43.6376,44.4725,45.6334,46.9491,49.3839,54.1287,61.6571,23.5001,12.53
23.419,-0.0000,0.0000,0.0000,6,154.55,0.6148,0.1171,9412.1,0.0,3.72974,10.8563,21.9007,30.964,36.1545,38.6941,40.0341,41.1983,42.0253,42.8484,43.6676,44.4828,45.6176,46.905,49.2914,53.9536,61.3762,22.8688,12.3445
23.444,-0.0000,0.0000,0.0000,6,154.25,0.6040,0.1247,9394.17,0.0,3.87177,11.5638,22.4411,30.9786,35.9834,38.4499,39.7549,40.8906,41.6983,42.5029,43.3045,44.1028,45.2151,46.4784,48.8236,53.4173,60.7573,22.5143,12.1893
23.462,-0.0000,0.0000,0.0000,6,153.96,0.5915,0.1291,9378.69,0.0,4.01731,12.1891,22.5856,30.6781,35.5139,37.913,39.1857,40.2952,41.0851,41.8727,42.6579,43.4407,44.5325,45.7738,48.0818,52.6148,59.8866,22.3778,12.0523
23.488,-0.0000,0.0000,0.0000,6,153.70,0.5774,0.1313,9364.72,0.0,4.16758,12.7445,22.48,30.1686,34.8425,37.1763,38.4178,39.5018,40.2744,41.0456,41.8151,42.5829,43.6548,44.875,47.1475,51.6236,58.8346,22.4346,11.9257
23.506,-0.0000,0.0000,0.0000,6,153.45,0.5619,0.1320,9350.97,0.0,4.32433,13.2536,22.2352,29.5435,34.058,36.3268,37.537,38.5955,39.3508,40.1055,40.8593,41.6121,42.6641,43.863,46.1,50.5195,57.6717,22.6718,11.8021
23.531,-0.1625,0.0000,0.0000,6,153.21,0.5453,0.1320,9337.55,0.0,4.48843,13.6265,21.9216,28.8685,33.2247,35.4279,36.6065,37.639,38.3768,39.1146,39.8524,40.5898,41.6214,42.7987,44.9991,49.3605,56.4523,23.1033,11.6766
23.549,-0.7597,0.0000,0.0000,6,152.93,0.5275,0.1338,9322.58,0.0,4.67497,13.9926,21.7375,28.356,32.5597,34.6983,35.8454,36.8517,37.5718,38.2925,39.0139,39.7355,40.7461,41.9009,44.0631,48.3618,55.384,23.5231,11.5263
23.576,-1.0000,0.0000,0.0000,6,152.59,0.5083,0.1409,9303.42,0.0,4.91062,14.5402,21.9035,28.2559,32.3253,34.4045,35.5221,36.5038,37.2068,37.9111,38.6164,39.3227,40.3125,41.4446,43.5674,47.7986,54.7365,23.4287,11.3206
23.594,-1.0000,0.0000,0.0000,6,152.15,0.4875,0.1537,9278.29,0.0,5.20712,15.2766,22.4039,28.558,32.5176,34.5461,35.6378,36.5975,37.2852,37.9746,38.6653,39.3572,40.3275,41.4381,43.5227,47.6853,54.529,22.6604,11.0593
23.619,-1.0000,0.0000,0.0000,6,151.65,0.4650,0.1707,9248.24,0.0,5.56595,16.1317,23.1199,29.1291,33.0006,34.9865,36.056,36.9967,37.671,38.3472,39.0249,39.7039,40.6566,41.7474,43.7963,47.8923,54.6385,21.5019,10.7597
23.638,-1.0000,0.0000,0.0000,6,151.10,0.4407,0.1904,9215.12,0.0,5.98747,17.043,23.9489,29.8494,33.6491,35.599,36.6494,37.5735,38.2362,38.9006,39.5668,40.2343,41.171,42.2439,44.2598,48.2927,54.9421,20.2441,10.4377
23.664,-0.3357,0.0000,0.0000,6,150.50,0.4145,0.2121,9179.32,0.0,6.47695,17.9809,24.839,30.6554,34.3953,36.3143,37.3481,38.2576,38.9099,39.564,40.2197,40.8769,41.7992,42.8556,44.8411,48.8141,55.3693,19.0124,10.102
23.683,-0.0000,0.0000,0.0000,6,149.88,0.3863,0.2354,9140.69,0.0,7.03597,18.9454,25.7821,31.534,35.2241,37.1164,38.1357,39.0324,39.6754,40.3202,40.9666,41.6145,42.5236,43.5651,45.5223,49.4388,55.9022,17.8327,9.75639
23.707,-0.0000,0.0000,0.0000,6,149.25,0.3562,0.2601,9101.67,0.0,7.60812,19.9223,26.7536,32.4546,36.1023,37.9713,38.9777,39.8629,40.4976,41.134,41.772,42.4114,43.3085,44.336,46.2667,50.1297,56.5044,16.7304,9.40689
23.725,-0.0000,0.0000,0.0000,6,148.70,0.3243,0.2831,9064.01,0.0,8.14816,20.7752,27.5812,33.2259,36.8307,38.6766,39.6703,40.5444,41.171,41.7994,42.4292,43.0604,43.9459,44.9601,46.8657,50.6787,56.9713,15.8149,9.07641
23.751,-0.0000,0.0000,0.0000,6,148.31,0.2907,0.3007,9034.35,0.0,8.60072,21.3147,28.0334,33.5941,37.1457,38.9652,39.945,40.8069,41.4249,42.0446,42.666,43.2886,44.1624,45.1632,47.0445,50.8109,57.0333,15.1865,8.78433
23.770,-0.0000,0.0000,0.0000,6,147.95,0.2554,0.3141,9011.2,0.0,8.97816,21.6167,28.2064,33.664,37.1554,38.946,39.9108,40.7599,41.3688,41.9796,42.592,43.206,44.0677,45.0553,46.9126,50.6349,56.7951,14.7401,8.52023
23.794,-0.0000,0.0000,0.0000,6,147.63,0.2182,0.3240,8991.7,0.0,9.28739,21.7237,28.1522,33.4907,36.9153,38.6746,39.6233,40.4586,41.058,41.6594,42.2626,42.8675,43.717,44.6909,46.524,50.2033,56.3067,14.4347,8.27948
23.813,-0.0000,0.0000,0.0000,6,147.35,0.1793,0.3305,8975.15,0.0,9.53251,21.6619,27.9007,33.1046,36.4555,38.1807,39.1121,39.9326,40.5217,41.1131,41.7066,42.302,43.1385,44.0983,45.9064,49.5423,55.592,14.2581,8.06042
23.838,-0.0000,0.0000,0.0000,6,147.09,0.1401,0.3150,8961.09,0.0,9.72239,21.4681,27.4951,32.5508,35.8214,37.5096,38.4222,39.2269,39.8049,40.3856,40.9686,41.5539,42.3766,43.3214,45.1033,48.6942,54.6904,14.2002,7.86077
23.858,-0.5053,0.0000,0.0000,6,146.86,0.1021,0.2976,8948.17,0.0,9.86858,21.1874,26.9898,31.888,35.0728,36.7216,37.6141,38.402,38.9683,39.5375,40.1095,40.6839,41.4921,42.4208,44.1749,47.7185,53.6593,14.2492,7.67824
23.883,-0.8374,0.0000,0.0000,6,146.59,0.0654,0.2803,8934.93,0.0,10.0017,20.92,26.5092,31.2544,34.3548,35.9643,36.8368,37.6077,38.1623,38.7201,39.2807,39.8442,40.6376,41.5502,43.2758,46.7706,52.653,14.327,7.50203
23.901,-0.8869,0.0000,0.0000,6,146.22,0.0298,0.2662,8916.59,0.0,10.1606,20.7838,26.2022,30.8193,33.8466,35.4215,36.2763,37.032,37.576,38.1233,38.6738,39.2273,40.0071,40.9046,42.6037,46.0515,51.8743,14.2869,7.31565
23.926,-0.8869,0.0000,0.0000,6,145.78,-0.0046,0.2559,8891.78,0.0,10.3514,20.7884,26.0817,30.5995,33.568,35.1143,35.9543,36.6972,37.2322,37.7706,38.3124,38.8573,39.6253,40.5097,42.1852,45.5903,51.3552,14.0796,7.11594
23.951,-0.8056,0.0000,0.0000,6,145.28,-0.0379,0.2492,8862.93,0.0,10.5715,20.9164,26.1253,30.5707,33.494,35.018,35.846,36.5786,37.1063,37.6375,38.1721,38.71,39.4681,40.3415,41.9969,45.3644,51.0751,13.7082,6.90427
23.969,-0.7420,0.0000,0.0000,6,144.76,-0.0702,0.2455,8831.73,0.0,10.8159,21.1436,26.3013,30.6968,33.5869,35.0936,35.9124,36.6369,37.1589,37.6843,38.2132,38.7453,39.4954,40.3597,41.9983,45.3333,50.9943,13.2092,6.68378
23.995,-0.4523,0.0000,0.0000,6,144.23,-0.1015,0.2442,8799.23,0.0,11.0786,21.4455,26.577,30.9401,33.8062,35.3,36.1117,36.8299,37.3473,37.8682,38.3925,38.92,39.6636,40.5205,42.1451,45.452,51.0677,12.6321,6.4584
24.013,-0.0000,0.0000,0.0000,6,143.70,-0.1318,0.2448,8766.21,0.0,11.353,21.7974,26.9199,31.2629,34.1117,35.5957,36.4019,37.1152,37.629,38.1463,38.6668,39.1905,39.9289,40.7795,42.3922,45.6747,51.2489,12.0237,6.23196
24.039,-0.0000,0.0000,0.0000,6,143.20,-0.1613,0.2459,8734.02,0.0,11.6256,22.1566,27.2757,31.6028,34.4371,35.9127,36.7141,37.423,37.9337,38.4477,38.965,39.4853,40.2188,41.0639,42.6658,45.9258,51.4609,11.4374,6.01038
24.057,-0.0000,0.0000,0.0000,6,142.85,-0.1895,0.2425,8707.23,0.0,11.828,22.3306,27.4056,31.6912,34.498,35.9595,36.7534,37.4558,37.9617,38.471,38.9835,39.4992,40.2261,41.0637,42.6519,45.8852,51.3794,11.04,5.81756
24.082,-0.0000,0.0000,0.0000,6,142.56,-0.2163,0.2336,8688.4,0.0,11.9466,22.288,27.2716,31.4852,34.2489,35.6895,36.4724,37.1653,37.6646,38.1673,38.6733,39.1826,39.9007,40.7285,42.2989,45.4996,50.9492,10.8386,5.65639
24.101,-0.0000,0.0000,0.0000,6,142.31,-0.2418,0.2208,8673.37,0.0,12.0051,22.0994,26.9607,31.0819,33.7918,35.2064,35.9759,36.6574,37.1486,37.6433,38.1416,38.6431,39.3508,40.1669,41.7164,44.8799,50.2809,10.7776,5.51888
24.126,-0.0000,0.0000,0.0000,6,142.08,-0.2660,0.2052,8660.39,0.0,12.0171,21.8051,26.5223,30.5357,33.1832,34.5681,35.3222,35.9904,36.4724,36.9581,37.4473,37.9402,38.6358,39.4387,40.9647,44.0862,49.4339,10.8434,5.40173
24.144,-0.4806,0.0000,0.0000,6,141.86,-0.2888,0.1874,8648.55,0.0,11.9936,21.438,25.9966,29.8913,32.47,33.822,34.5591,35.2127,35.6845,36.1601,36.6395,37.1227,37.8051,38.5932,40.0931,43.1685,48.4576,11.0391,5.30336
24.169,-1.0000,0.0000,0.0000,6,141.61,-0.3101,0.1698,8635.84,0.0,11.9654,21.0839,25.4908,29.2705,31.7819,33.1015,33.8217,34.4609,34.9224,35.3881,35.8577,36.3312,37.0004,37.7738,39.2475,42.276,47.5048,11.2971,5.214
24.188,-1.0000,0.0000,0.0000,6,141.26,-0.3302,0.1561,8617.45,0.0,11.9749,20.8576,25.1499,28.8404,31.2984,32.5919,33.2984,33.9259,34.3792,34.8366,35.2982,35.7637,36.422,37.1833,38.635,41.6236,46.7989,11.4416,5.11616
24.213,-1.0000,0.0000,0.0000,6,140.84,-0.3491,0.1469,8593.16,0.0,12.0243,20.7618,24.9779,28.6067,31.0268,32.3016,32.9983,33.6171,34.0643,34.5158,34.9714,35.431,36.0811,36.8332,38.2683,41.226,46.3581,11.4096,5.00755
24.232,-1.0000,0.0000,0.0000,6,140.35,-0.3668,0.1416,8564.81,0.0,12.1073,20.776,24.9488,28.5403,30.9365,32.1991,32.8893,33.5026,33.9458,34.3932,34.8448,35.3005,35.945,36.6908,38.1144,41.0499,46.1493,11.1996,4.88987
24.257,-1.0000,0.0000,0.0000,6,139.83,-0.3834,0.1394,8533.79,0.0,12.2164,20.8762,25.0316,28.6053,30.989,32.2449,32.9315,33.5415,33.9823,34.4274,34.8766,35.3299,35.9711,36.713,38.1293,41.0503,46.1262,10.8528,4.76628
24.275,-1.0000,0.0000,0.0000,6,139.28,-0.3991,0.1397,8500.69,0.0,12.3448,21.0405,25.1982,28.7688,31.1487,32.4021,33.0871,33.6957,34.1356,34.5795,35.0276,35.4798,36.1193,36.8593,38.2716,41.1841,46.244,10.4242,4.63997
24.301,-1.0000,0.0000,0.0000,6,138.69,-0.4140,0.1419,8465.85,0.0,12.4862,21.2506,25.4249,29.0031,31.3853,32.6393,33.3244,33.933,34.3727,34.8166,35.2645,35.7164,36.3555,37.0949,38.5058,41.4141,46.4638,9.96171,4.51375
24.320,-1.0000,0.0000,0.0000,6,138.08,-0.4280,0.1453,8429.45,0.0,12.6361,21.4918,25.6924,29.2858,31.6748,32.9314,33.6177,34.2272,34.6675,35.1119,35.5603,36.0126,36.6521,37.3919,38.8031,41.7103,46.7539,9.49834,4.38976
24.345,-1.0000,0.0000,0.0000,6,137.44,-0.4413,0.1496,8391.58,0.0,12.7903,21.7523,25.9857,29.599,31.9976,33.2582,33.9464,34.5575,34.9988,35.4441,35.8934,36.3465,36.9871,37.7279,39.1405,42.0489,47.089,9.05393,4.26961
24.364,-1.0000,0.0000,0.0000,6,136.77,-0.4539,0.1543,8352.33,0.0,12.9457,22.023,26.2929,29.9289,32.3388,33.6042,34.2948,34.9078,35.3504,35.797,36.2474,36.7015,37.3435,38.0857,39.5005,42.4112,47.4498,8.63852,4.15439
24.388,-1.0000,0.0000,0.0000,6,136.08,-0.4658,0.1594,8311.77,0.0,13.0998,22.2962,26.6043,30.2644,32.6864,33.9571,34.6502,35.2653,35.7093,36.1572,36.6089,37.0643,37.7079,38.4517,39.869,42.7828,47.8208,8.25647,4.04482
24.414,-1.0000,0.0000,0.0000,6,135.37,-0.4770,0.1645,8269.99,0.0,13.2504,22.566,26.9125,30.5968,33.0311,34.3071,35.0029,35.6201,36.0656,36.5148,36.9678,37.4244,38.0696,38.8151,40.2351,43.1522,48.1902,7.90863,3.94126
24.431,-1.0000,0.0000,0.0000,6,134.63,-0.4877,0.1695,8227.11,0.0,13.3958,22.8278,27.2117,30.9197,33.3658,34.6471,35.3454,35.9646,36.4115,36.8622,37.3164,37.7743,38.4211,39.1682,40.5908,43.5113,48.5493,7.59396,3.84391
24.451,-1.0000,0.0000,0.0000,6,133.88,-0.4977,0.1742,8183.23,0.0,13.5349,23.0785,27.4979,31.2283,33.6858,34.9719,35.6726,36.2938,36.7421,37.194,37.6495,38.1085,38.7567,39.5054,40.9305,43.8541,13.9113,7.31035,3.75281
24.476,-1.0000,0.0000,0.0000,6,133.11,-0.5071,0.1787,8138.45,0.0,13.6667,23.3154,27.7681,31.5193,33.9873,35.278,35.9809,36.604,37.0535,37.5065,37.9631,38.4232,39.0728,39.823,41.2503,44.1767,12.2877,7.05524,3.66783
24.501,-1.0000,0.0000,0.0000,6,132.33,-0.5160,0.1829,8092.9,0.0,13.7906,23.5372,28.0206,31.7909,34.2685,35.5633,36.2683,36.893,37.3436,37.7977,38.2554,38.7164,39.3672,40.1186,41.548,44.477,11.3415,6.82606,3.58882
24.519,-1.0000,0.0000,0.0000,6,131.54,-0.5244,0.1867,8046.68,0.0,13.9063,23.7431,28.2545,32.0421,34.5283,35.8268,36.5336,37.1598,37.6114,38.0665,38.525,38.9868,39.6388,40.3913,41.8224,44.7536,10.6507,6.62003,3.51542
24.545,-0.9682,0.0000,0.0000,6,130.74,-0.5322,0.1901,7999.92,0.0,14.0137,23.9325,28.4689,32.272,34.7658,36.0676,36.776,37.4035,37.8559,38.3119,38.7711,39.2337,39.8867,40.6402,42.0728,45.0058,10.1082,6.43514,3.44746
24.565,-0.6572,0.0000,0.0000,6,129.93,-0.5396,0.1932,7952.73,0.0,14.1125,24.105,28.6638,32.4805,34.9809,36.2856,36.9953,37.6239,38.0771,38.5338,38.9937,39.457,40.1107,40.8651,42.2989,45.2615,9.66645,6.26925,3.38462
24.589,-0.1484,0.0000,0.0000,6,129.13,-0.5465,0.1958,7905.4,0.0,14.2027,24.2604,28.8386,32.6669,35.173,36.4801,37.191,37.8205,38.2744,38.7316,39.1921,39.6558,40.3103,41.0653,42.5002,45.5445,9.29954,6.12079,3.32669
24.607,-0.0000,0.0000,0.0000,6,128.36,-0.5529,0.1980,7858.43,0.0,14.2838,24.3972,28.9914,32.8294,35.3401,36.6491,37.3609,37.9912,38.4455,38.9032,39.3642,39.8283,40.4832,41.2388,42.6745,45.8521,8.9931,5.98882,3.27351
24.627,-0.0000,0.0000,0.0000,6,127.63,-0.5588,0.1996,7812.62,0.0,14.3523,24.5068,29.1122,32.9564,35.47,36.7801,37.4925,38.1232,38.5778,39.0357,39.4969,39.9612,40.6164,41.3722,42.831,46.1669,8.74656,5.87555,3.22548
24.652,-0.0000,0.0000,0.0000,6,127.05,-0.5644,0.1999,7770.35,0.0,14.4017,24.5729,29.1809,33.0257,35.539,36.8489,37.561,38.1916,38.646,39.1038,39.5648,40.029,40.6839,41.4424,42.9583,46.4507,8.57037,5.78634,3.1836
24.677,-0.0000,0.0000,0.0000,6,126.55,-0.5695,0.1990,7733.57,0.0,14.4303,24.5906,29.1915,33.0304,35.54,36.8481,37.5592,38.1889,38.6428,39.1,39.5604,40.0239,40.6812,41.4644,43.0405,46.6843,8.46167,5.72138,3.1478
24.695,-0.0000,0.0000,0.0000,6,126.09,-0.5742,0.1966,7701.17,0.0,14.4358,24.5543,29.1372,32.9628,35.4648,36.7691,37.4784,38.1064,38.5592,39.0152,39.4745,39.9408,40.6173,41.4269,43.0586,46.8437,8.42359,5.68219,3.11828
24.720,-0.0000,0.0000,0.0000,6,125.67,-0.5786,0.1925,7672.1,0.0,14.4172,24.4611,29.0142,32.8185,35.3085,36.6072,37.3135,37.9391,38.3901,38.8445,39.3089,39.7876,40.4829,41.3156,42.9964,46.9081,8.46069,5.66966,3.09505
24.739,-0.1731,0.0000,0.0000,6,125.28,-0.5825,0.1868,7645.87,0.0,14.3742,24.3103,28.8217,32.5964,35.0698,36.3607,37.0631,37.6853,38.1342,38.5942,39.0684,39.5574,40.2682,41.1202,42.8421,46.8617,8.58278,5.68551,3.0784
24.763,-0.7986,0.0000,0.0000,6,124.92,-0.5862,0.1797,7621.98,0.0,14.3108,24.1113,28.5706,32.3086,34.7614,36.0426,36.74,37.3582,37.8114,38.2786,38.7605,39.2578,39.981,40.8484,42.6038,46.7132,8.79406,5.7277,3.06763
24.783,-1.0000,0.0000,0.0000,6,124.53,-0.5895,0.1716,7599.23,0.0,14.2338,23.881,28.2812,31.9774,34.4067,35.6768,36.3685,36.9879,37.4466,37.9197,38.4079,38.9118,39.6451,40.5254,42.3087,46.4951,9.09419,5.79103,3.06143
24.808,-1.0000,0.0000,0.0000,6,124.10,-0.5926,0.1628,7575.77,0.0,14.1486,23.6325,27.9695,31.6208,34.0247,35.2828,35.9699,36.5949,37.0583,37.5364,38.0299,38.5396,39.2817,40.173,41.981,46.2365,9.49448,5.87213,3.05908
24.826,-1.0000,0.0000,0.0000,6,123.64,-0.5954,0.1538,7550.35,0.0,14.0593,23.376,27.648,31.2526,33.6301,34.8758,35.5638,36.1942,36.6618,37.1445,37.6429,38.1579,38.908,39.8097,41.6408,45.962,10.0227,5.96808,3.05987
24.852,-1.0000,0.0000,0.0000,6,123.14,-0.5978,0.1446,7522.9,0.0,13.9685,23.1185,27.325,30.8824,33.233,34.4676,35.1608,35.7965,36.2682,36.7553,37.2586,37.7787,38.5368,39.4487,41.3027,45.69,10.7502,6.07686,3.06328
24.870,-1.0000,0.0000,0.0000,6,122.64,-0.6001,0.1356,7493.75,0.0,13.8782,22.8645,27.0063,30.5168,32.8405,34.0701,34.7688,35.4099,35.8859,36.3776,36.8858,37.4113,38.1777,39.1002,40.9782,45.4346,11.9269,6.1973,3.069
24.896,-1.0000,0.0000,0.0000,6,122.11,-0.6021,0.1266,7463.31,0.0,13.7897,22.6175,26.6962,30.1605,32.4577,33.6891,34.3939,35.0409,35.5215,36.0182,36.5318,37.0632,37.8385,38.7726,40.6765,45.2077,55.9223,6.3281,3.07665
24.914,-1.0000,0.0000,0.0000,6,121.59,-0.6038,0.1179,7432.02,0.0,13.704,22.3798,26.3974,29.8169,32.0886,33.3293,34.0409,34.6945,35.1803,35.6826,36.2023,36.7401,37.5254,38.4723,40.4049,45.019,56.0116,6.46839,3.08596
24.938,-1.0000,0.0000,0.0000,6,121.06,-0.6053,0.1095,7400.21,0.0,13.6217,22.1529,26.1121,29.4885,31.7416,32.9946,33.714,34.3753,34.8669,35.3756,35.9021,36.4474,37.244,38.2053,40.1703,44.8774,56.1828,6.61731,3.09667
24.957,-1.0000,0.0000,0.0000,6,120.53,-0.6066,0.1015,7368.2,0.0,13.5433,21.9382,25.842,29.1773,31.4217,32.6892,33.4176,34.0876,34.5861,35.1021,35.6365,36.1902,36.9998,37.9776,39.9796,44.7926,56.4542,6.77365,3.10853
24.983,-1.0000,0.0000,0.0000,6,120.00,-0.6076,0.0940,7336.15,0.0,13.4695,21.7372,25.5891,28.8855,31.1328,32.4173,33.1562,33.8365,34.3429,34.8675,35.411,35.9746,36.7992,37.7961,39.8408,44.7757,56.8479,6.93599,3.12135
25.001,-1.0000,0.0000,0.0000,6,119.48,-0.6085,0.0869,7304.2,0.0,13.4007,21.5514,25.3552,28.6156,30.8795,32.1841,32.9355,33.6278,34.1436,34.6781,35.2324,35.8074,36.6496,37.6689,39.7633,44.8398,57.3911,7.10188,3.13472
25.027,-1.0000,0.0000,0.0000,6,118.96,-0.6092,0.0804,7272.42,0.0,13.3377,21.3823,25.1423,28.37,30.6668,31.9952,32.7614,33.468,33.9948,34.5411,35.108,35.6966,36.5594,37.605,39.7577,45.0005,58.1172,7.26836,3.14832
25.045,-1.0000,0.0000,0.0000,6,118.44,-0.6096,0.0746,7240.83,0.0,13.281,21.2311,24.9521,28.1598,30.5,31.8569,32.6406,33.3641,33.904,34.4643,35.0462,35.6508,36.538,37.6146,39.8362,45.2757,59.0666,7.43185,3.16184
25.071,-1.0000,0.0000,0.0000,6,117.92,-0.6099,0.0695,7209.44,0.0,13.231,21.0993,24.7865,27.9929,30.3851,31.7759,32.5805,33.3241,33.8796,34.4565,35.0562,35.6799,36.596,37.7095,40.0131,45.6868,60.2906,7.58779,3.17493
25.089,-1.0000,0.0000,0.0000,6,117.41,-0.6100,0.0652,7178.23,0.0,13.1882,20.9879,24.6468,27.8744,30.3287,31.76,32.5894,33.3571,33.9311,34.5278,35.1487,35.795,36.7457,37.9032,40.3045,46.2591,61.8535,7.73116,3.18725
25.113,-1.0000,0.0000,0.0000,6,116.90,-0.6100,0.0617,7147.16,0.0,13.1529,20.8977,24.534,27.8093,30.3376,31.8171,32.6762,33.4724,34.0685,34.6889,35.335,36.0084,37.0004,38.2104,40.729,47.0222,63.8373,7.85704,3.19848
25.138,-1.0000,0.0000,0.0000,6,116.39,-0.6098,0.0590,7116.2,0.0,13.1254,20.8292,24.4488,27.803,30.4191,31.956,32.8504,33.6806,34.303,34.9516,35.6279,36.3337,37.3751,38.6481,41.3077,48.0119,66.3483,7.96038,3.20832
25.158,-1.0000,0.0000,0.0000,6,115.88,-0.6095,0.0573,7085.3,0.0,13.1058,20.7825,24.3958,27.861,30.5812,32.186,33.1224,33.9932,34.6471,35.3292,36.0416,36.7862,37.8868,39.2356,42.0653,49.2711,69.5287,8.03703,3.21654
25.182,-1.0000,0.0000,0.0000,6,115.36,-0.6091,0.0563,7054.42,0.0,13.0939,20.7571,24.3916,27.9887,30.8318,32.5173,33.5036,34.4227,35.114,35.8364,36.592,37.383,38.5548,39.9949,43.0308,50.853,73.573,8.0846,3.22299
25.200,-1.0000,0.0000,0.0000,6,114.85,-0.6086,0.0562,7023.53,0.0,13.0895,20.7524,24.4409,28.1923,31.18,32.9611,34.0067,34.9834,35.7194,36.4899,37.2972,38.1441,39.4017,40.9522,44.2392,52.8249,78.7589,8.10231,3.22757
25.226,-1.0000,0.0000,0.0000,6,114.33,-0.6080,0.0569,6992.57,0.0,13.0924,20.7673,24.547,28.4781,31.6361,33.5303,34.6465,35.6918,36.4813,37.3095,38.1792,39.0933,40.4546,42.1393,45.734,55.275,85.4993,8.0907,3.23019
25.244,-1.0000,0.0000,0.0000,6,113.82,-0.6074,0.0582,6961.51,0.0,13.1021,20.8007,24.7135,28.8536,32.2117,34.2401,35.4404,36.5679,37.4217,38.3194,39.2642,40.2599,41.7473,43.5962,47.5709,58.3219,94.44,8.05218,3.23089
25.270,-1.0000,0.0000,0.0000,6,113.29,-0.6068,0.0603,6930.3,0.0,13.1183,20.8532,24.9445,29.3273,32.921,35.1089,36.4098,37.636,38.5673,39.549,40.5851,41.6802,43.3222,45.3735,49.8224,62.1298,106.654,7.9901,3.22976
25.289,-1.0000,0.0000,0.0000,6,112.77,-0.6061,0.0629,6898.91,0.0,13.1403,20.9447,25.2448,29.9094,33.7811,36.1595,37.5813,38.9268,39.9522,41.0363,42.1841,43.4014,45.2346,47.5382,52.5864,66.9353,124.067,7.90816,3.22681
25.314,-1.0000,0.0000,0.0000,6,112.24,-0.6055,0.0660,6867.3,0.0,13.168,21.0819,25.6201,30.6127,34.8137,37.4207,38.9889,40.4797,41.6203,42.8303,44.1163,45.4855,47.5579,50.1801,55.998,73.0909,150.52,7.80992,3.22208
25.333,-1.0000,1.0000,0.0000,6,111.70,-0.6049,0.0696,6835.44,0.0,13.2008,21.267,26.0772,31.4522,36.0453,38.9288,40.6757,42.3453,43.6283,44.9951,46.454,48.0144,50.3905,53.4216,60.2478,81.1449,194.921,7.69951,3.21571
25.357,-1.0000,1.0000,0.0000,6,111.26,-0.6044,0.0732,7114.52,0.0,13.2352,21.4933,26.6079,32.4218,37.4758,40.6903,42.6536,44.5413,45.9996,47.5603,49.2346,51.0351,53.7962,57.3528,65.5069,91.7858,200.0,7.5901,3.20876
25.376,-1.0000,1.0000,0.0000,6,111.15,-0.6039,0.0768,7267.54,0.0,13.2691,21.7587,27.2125,33.5289,39.1252,42.737,44.9636,47.1191,48.7944,50.5972,52.5426,54.6478,57.9032,62.1454,72.0846,106.291,200.0,7.48741,3.20189
25.401,-0.9505,1.0000,0.0000,6,111.15,-0.6034,0.0805,7332.72,0.0,13.3042,22.0729,27.9107,34.8136,41.062,45.1627,47.7178,50.2116,52.1635,54.2778,56.575,59.0801,62.993,68.165,80.6171,127.413,200.0,7.38678,3.1949
25.420,-0.4911,1.0000,0.0000,6,111.20,-0.6029,0.0839,7362.15,0.0,13.3362,22.4265,28.6918,36.2696,43.294,47.9924,50.9562,53.8761,56.1808,58.6961,61.452,64.4847,69.2801,75.7301,91.8022,160.037,45.6105,7.29962,3.18921
25.446,-0.0000,1.0000,0.0000,6,111.28,-0.6023,0.0865,7376.1,0.0,13.3603,22.8044,29.5329,37.8696,45.8007,51.2185,54.6841,58.1354,60.8857,63.9143,67.2653,70.9929,76.9746,85.1937,106.588,200.0,26.8581,7.23756,3.18614
25.464,-0.0000,1.0000,0.0000,6,111.39,-0.6016,0.0879,7383.99,0.0,13.3716,23.1889,30.4048,39.5728,48.539,54.8064,58.8779,62.9818,66.2883,69.9669,74.0836,78.7215,86.2957,96.9771,126.369,200.0,21.258,7.21066,3.18709
25.489,-0.0000,1.0000,0.0000,6,111.56,-0.6009,0.0875,7387.97,0.0,13.3612,23.5388,31.2318,41.2502,51.3237,58.5336,63.2938,68.1544,72.1169,76.5749,81.6269,87.3997,97.0179,110.998,152.196,200.0,18.8147,7.24115,3.19478
25.508,-0.0000,1.0000,0.0000,6,111.90,-0.5998,0.0842,7386.71,0.0,13.3196,23.8049,31.9179,42.7207,53.8652,62.0213,67.491,73.1473,77.8125,83.1201,89.2121,96.2755,108.293,126.34,183.889,200.0,17.7399,7.35702,3.21279
25.532,-0.0000,1.0000,0.0000,6,112.31,-0.5986,0.0785,7381.14,0.0,13.2506,23.9894,32.4574,43.955,56.0915,65.157,71.3255,77.7812,83.1656,89.3581,96.555,105.021,119.735,142.592,200.0,200.0,17.3024,7.55917,3.24035
25.552,-0.0000,1.0000,0.0000,6,112.75,-0.5971,0.0706,7371.23,0.0,13.1635,24.0931,32.8429,44.9199,57.9215,67.8076,74.6219,81.8307,87.9044,94.9599,103.255,113.148,130.696,158.885,200.0,125.019,17.2329,7.85897,3.27723
25.576,-0.0000,1.0000,0.0000,6,113.21,-0.5954,0.0605,7357.79,0.0,13.0665,24.1186,33.0725,45.5941,59.2908,69.8592,77.2226,85.0833,91.7639,99.5912,108.887,120.108,140.377,173.959,200.0,92.2061,17.4103,8.20661,3.3238
25.594,-0.0000,1.0000,0.0000,6,113.70,-0.5934,0.0487,7342.46,0.0,12.9614,24.0722,33.1529,45.9762,60.1719,71.2483,79.0299,87.396,94.5543,102.999,113.108,125.429,148.022,186.434,200.0,80.1184,17.7696,8.56207,3.38074
25.620,-0.0000,1.0000,0.0000,6,114.19,-0.5910,0.0352,7327.5,0.0,12.8504,23.9632,33.0986,46.0838,60.5757,71.9698,80.0203,88.7179,96.1953,105.058,115.729,128.823,153.094,195.033,200.0,75.5253,18.2719,8.92519,3.44873
25.645,-0.0000,1.0000,0.0000,6,114.70,-0.5882,0.0204,7315.92,0.0,12.7355,23.8032,32.9314,45.9543,60.5556,72.0857,80.2591,89.1146,96.7485,105.822,116.782,130.287,155.478,197.5,200.0,74.7536,18.89,9.2955,3.52912
25.664,-0.0000,1.0000,0.0000,6,115.20,-0.5846,0.0045,7311.25,0.0,12.6195,23.6076,32.6818,45.6467,60.2095,71.7292,79.9059,88.775,96.429,105.536,116.553,130.148,155.574,197.452,200.0,76.2871,19.5934,9.66914,3.62317
25.689,-0.0000,1.0000,0.0000,6,115.69,-0.5803,-0.0121,7315.8,0.0,12.5051,23.3935,32.3854,45.2328,59.6636,71.0789,79.1815,87.9703,95.555,104.58,115.496,128.969,154.165,196.229,200.0,79.2133,20.3453,10.0402,3.73254
25.707,-0.0000,1.0000,0.0000,6,116.17,-0.5750,-0.0290,7329.46,0.0,12.3943,23.1763,32.0749,44.7798,59.0381,70.3074,78.3015,86.9678,94.4427,103.332,114.078,127.33,152.082,194.356,200.0,82.8211,21.1075,10.4021,3.85784
25.732,-0.0000,1.0000,0.0000,6,116.64,-0.5684,-0.0461,7350.05,0.0,12.2882,22.9656,31.7708,44.3316,58.4126,69.5303,77.4106,85.9477,93.3064,102.052,112.615,125.629,149.899,192.11,200.0,86.5942,21.8527,10.7509,3.98269
25.751,-0.0000,1.0000,0.0000,6,117.12,-0.5603,-0.0631,7374.98,0.0,12.1864,22.7642,31.4812,43.9062,57.8212,68.7975,76.572,84.9895,92.2407,100.853,111.249,124.045,147.875,189.519,200.0,90.2536,22.5704,11.0865,4.10282
25.777,-0.2579,1.0000,0.0000,6,117.59,-0.5507,-0.0801,7402.35,0.0,12.0883,22.5719,31.2064,43.5059,57.2693,68.1178,75.7974,84.1079,91.2637,99.7586,110.007,122.611,146.06,186.956,200.0,93.7066,23.2596,11.4105,4.2192
25.795,-0.6396,1.0000,0.0000,6,118.03,-0.5396,-0.0913,7432.99,0.0,12.0181,22.5079,31.1848,43.6048,57.5878,68.6731,76.5545,85.1156,92.5141,101.33,112.012,125.222,150.009,192.125,200.0,89.4636,23.4362,11.6066,4.31853
25.820,-0.3074,1.0000,0.0000,6,118.41,-0.5288,-0.0835,7471.59,0.0,12.0124,22.7464,31.7691,44.9233,60.0812,72.369,81.2557,91.0538,99.6456,110.037,122.859,139.074,170.623,200.0,200.0,73.046,22.5024,11.5116,4.37886
25.839,-0.0000,1.0000,0.0000,6,118.75,-0.5191,-0.0711,7516.47,0.0,12.0635,23.257,32.9207,47.4563,64.9013,79.6229,90.6109,103.074,114.315,128.32,146.248,170.013,198.888,200.0,200.0,56.5098,20.9228,11.2019,4.40462
25.863,-0.0000,1.0000,0.0000,6,119.14,-0.5105,-0.0583,7551.68,0.0,12.1301,23.8404,34.2523,50.4801,70.9138,89.0309,103.11,119.692,135.239,155.441,182.755,198.599,200.0,200.0,200.0,46.0436,19.513,10.8833,4.41908
25.882,-0.0000,1.0000,0.0000,6,119.63,-0.5022,-0.0520,7561.02,0.0,12.1325,24.0813,34.8694,52.0065,74.165,94.374,110.459,129.844,148.469,173.347,195.117,200.0,200.0,200.0,167.858,42.6073,19.0507,10.8224,4.46169
25.907,-0.0000,1.0000,0.0000,6,120.12,-0.4945,-0.0494,7576.41,0.0,12.0979,24.1112,35.0277,52.5095,75.3742,96.488,113.474,134.161,154.264,181.469,197.13,200.0,200.0,200.0,148.838,41.7363,19.0382,10.8934,4.51847
25.926,-0.0000,1.0000,0.0000,6,120.61,-0.4871,-0.0485,7598.95,0.0,12.0487,24.0495,34.9805,52.5383,75.6011,96.9977,114.281,135.416,156.043,184.099,197.252,200.0,200.0,200.0,144.298,41.7999,19.2023,11.0158,4.57937
25.952,-0.0000,1.0000,0.0000,6,121.09,-0.4801,-0.0482,7625.73,0.0,11.9947,23.9513,34.8491,52.3675,75.4049,96.8049,114.11,135.294,155.995,184.103,196.691,200.0,200.0,200.0,144.561,42.2266,19.4343,11.1565,4.64062
25.970,-0.0000,1.0000,0.0000,6,121.58,-0.4734,-0.0482,7654.96,0.0,11.9399,23.8414,34.6886,52.1248,75.0529,96.3498,113.571,134.65,155.247,183.237,195.883,200.0,200.0,200.0,146.528,42.782,19.688,11.3017,4.70086
25.995,-0.0000,1.0000,0.0000,6,122.06,-0.4668,-0.0483,7685.62,0.0,11.8859,23.7299,34.5221,51.8648,74.66,95.8235,112.929,133.86,154.302,182.115,195.002,200.0,200.0,200.0,149.001,43.369,19.9443,11.4459,4.75979
26.014,-0.0000,1.0000,0.0000,6,122.55,-0.4604,-0.0484,7716.85,0.0,11.8325,23.6196,34.3571,51.6063,74.2681,95.297,112.287,133.066,153.35,180.947,194.113,200.0,200.0,200.0,151.522,43.9539,20.1981,11.5883,4.81787
26.039,-0.0000,1.0000,0.0000,6,123.03,-0.4540,-0.0485,7748.31,0.0,11.7802,23.5118,34.1966,51.3564,73.8919,94.7947,111.676,132.315,152.455,179.842,193.24,200.0,200.0,200.0,153.922,44.5229,20.4465,11.7282,4.87503
26.058,-0.0000,1.0000,0.0000,6,123.52,-0.4477,-0.0486,7779.85,0.0,11.7284,23.406,34.0398,51.1144,73.5313,94.3175,111.1,131.613,151.623,178.824,192.386,199.391,200.0,200.0,156.175,45.0768,20.6911,11.8663,4.93172
26.083,-0.0000,1.0000,0.0000,6,124.01,-0.4414,-0.0486,7811.33,0.0,11.6771,23.3019,33.8864,50.8791,73.1839,93.8613,110.553,130.95,150.842,177.878,191.547,198.553,200.0,200.0,158.298,45.6177,20.932,12.003,4.98797
26.101,-0.0000,1.0000,0.0000,6,124.50,-0.4352,-0.0487,7842.76,0.0,11.6259,23.1987,33.7348,50.6481,72.8454,93.4197,110.025,130.315,150.1,176.984,190.72,197.722,200.0,200.0,160.326,46.1504,21.1713,12.1391,5.04413
26.126,-0.0000,1.0000,0.0000,6,125.00,-0.4289,-0.0487,7874.2,0.0,11.5751,23.0963,33.5849,50.4207,72.5138,92.9892,109.513,129.701,149.385,176.128,189.899,196.896,200.0,200.0,162.28,46.676,21.4087,12.2744,5.10009
26.151,-0.0000,1.0000,0.0000,6,125.50,-0.4227,-0.0487,7905.74,0.0,11.5241,22.9941,33.4355,50.1948,72.1858,92.5649,109.01,129.1,148.687,175.296,189.083,196.071,200.0,200.0,164.189,47.1987,21.6457,12.4098,5.15613
26.170,-0.0000,1.0000,0.0000,6,125.99,-0.4164,-0.0487,7937.43,0.0,11.4732,22.892,33.2866,49.97,71.8603,92.145,108.513,128.508,148.001,174.481,188.268,195.246,200.0,200.0,166.066,47.7193,21.8826,12.5452,5.21224
26.195,-0.0000,1.0000,0.0000,6,126.49,-0.4101,-0.0487,7969.31,0.0,11.4221,22.7898,33.1376,49.7455,71.5359,91.7271,108.019,127.921,147.322,173.675,187.453,194.421,200.0,200.0,167.925,48.2394,22.1197,12.6808,5.26849
26.213,-0.0000,1.0000,0.0000,6,126.99,-0.4038,-0.0487,8001.38,0.0,11.371,22.6875,32.9887,49.5214,71.2125,91.3111,107.528,127.337,146.648,172.878,186.638,193.594,200.0,200.0,169.768,48.7589,22.3569,12.8166,5.32483
26.239,-0.0000,1.0000,0.0000,6,127.50,-0.3974,-0.0487,8033.61,0.0,11.3196,22.5849,32.8392,49.2965,70.8882,90.8941,107.036,126.753,145.973,172.08,185.82,192.764,200.0,200.0,171.612,49.2803,22.5952,12.953,5.38143
26.257,-0.0000,1.0000,0.0000,6,128.00,-0.3911,-0.0487,8065.98,0.0,11.2682,22.4821,32.6897,49.0718,70.5646,90.4787,106.546,126.172,145.304,171.289,185.001,191.933,199.218,200.0,200.0,49.8012,22.8336,13.0896,5.43814
26.282,-0.0000,1.0000,0.0000,6,128.51,-0.3847,-0.0488,8098.46,0.0,11.2165,22.379,32.5396,48.8462,70.2398,90.0616,106.055,125.589,144.631,170.495,184.18,191.099,198.371,200.0,200.0,50.3243,23.0729,13.2267,5.49508
26.302,-0.0000,1.0000,0.0000,6,129.02,-0.3783,-0.0488,8131.03,0.0,11.1647,22.2755,32.389,48.6199,69.9139,89.6432,105.561,125.004,143.957,169.699,183.355,190.261,197.521,200.0,200.0,50.8492,23.3131,13.3643,5.55221
26.326,-0.0000,1.0000,0.0000,6,129.53,-0.3719,-0.0488,8163.69,0.0,11.1127,22.1717,32.2381,48.3933,69.5879,89.2251,105.069,124.421,143.285,168.907,182.529,189.421,196.668,200.0,200.0,51.3747,23.554,13.5023,5.60956
26.345,-0.0000,1.0000,0.0000,6,130.04,-0.3655,-0.0488,8196.44,0.0,11.0604,22.0675,32.0865,48.1658,69.2608,88.8057,104.575,123.836,142.612,168.113,181.699,188.578,195.812,200.0,200.0,51.9022,23.7958,13.641,5.66715
26.369,-0.0000,1.0000,0.0000,6,130.55,-0.3590,-0.0488,8229.3,0.0,11.0081,21.963,31.9346,47.9377,68.9328,88.3851,104.08,123.25,141.936,167.316,180.867,187.732,194.952,200.0,200.0,52.4311,24.0383,13.78,5.7249
26.389,-0.0000,1.0000,0.0000,6,131.07,-0.3525,-0.0488,8262.26,0.0,10.9555,21.8581,31.782,47.7087,68.6035,87.963,103.583,122.661,141.258,166.517,180.031,186.882,194.09,200.0,200.0,52.9621,24.2817,13.9195,5.78288
26.414,-0.0000,1.0000,0.0000,6,131.59,-0.3460,-0.0488,8295.33,0.0,10.9027,21.7527,31.6289,47.4788,68.273,87.5391,103.084,122.07,140.578,165.715,179.192,186.029,193.223,199.812,200.0,53.4952,24.5262,14.0596,5.84109
26.432,-0.0000,1.0000,0.0000,6,132.11,-0.3394,-0.0488,8328.53,0.0,10.8497,21.647,31.4752,47.2481,67.9411,87.1136,102.583,121.477,139.894,164.909,178.35,185.172,192.353,198.931,200.0,54.0303,24.7715,14.2003,5.89952
26.457,-0.0000,1.0000,0.0000,6,132.63,-0.3329,-0.0488,8361.85,0.0,10.7964,21.5406,31.3205,47.0158,67.6072,86.6854,102.078,120.88,139.207,164.099,177.503,184.311,191.479,198.046,200.0,54.5688,25.0184,14.3418,5.95831
26.475,-0.0000,1.0000,0.0000,6,133.15,-0.3263,-0.0488,8395.29,0.0,10.7429,21.434,31.1654,46.7831,67.2725,86.2563,101.573,120.281,138.517,163.286,176.654,183.448,190.601,197.158,200.0,55.1086,25.2658,14.4837,6.01725
26.501,-0.0000,1.0000,0.0000,6,133.68,-0.3196,-0.0488,8428.84,0.0,10.6893,21.3269,31.0098,46.5494,66.9365,85.8255,101.066,119.681,137.826,162.471,175.801,182.58,189.72,196.266,200.0,55.6503,25.5142,14.626,6.0764
26.520,-0.0000,1.0000,0.0000,6,134.20,-0.3130,-0.0488,8462.52,0.0,10.6355,21.2196,30.8537,46.3151,66.5995,85.3934,100.557,119.078,137.132,161.653,174.945,181.709,188.835,195.37,200.0,56.1937,25.7634,14.7689,6.13574
26.545,-0.0000,1.0000,0.0000,6,134.73,-0.3063,-0.0488,8496.3,0.0,10.5814,21.1117,30.6968,46.0796,66.261,84.9593,100.046,118.473,136.435,160.831,174.085,180.835,187.947,194.471,200.0,56.7397,26.0137,14.9124,6.19535
26.564,-0.0000,1.0000,0.0000,6,135.26,-0.2996,-0.0488,8530.19,0.0,10.5271,21.0033,30.5392,45.8431,65.9209,84.5233,99.5322,117.865,135.734,160.006,173.222,179.956,187.055,193.567,200.0,57.2881,26.2651,15.0565,6.25523
26.589,-0.0000,1.0000,0.0000,6,135.79,-0.2929,-0.0488,8564.2,0.0,10.4726,20.8946,30.3812,45.6059,65.5797,84.0858,99.0171,117.255,135.032,159.178,172.355,179.075,186.159,192.66,200.0,57.8382,26.5173,15.2011,6.3153
26.607,-0.0000,1.0000,0.0000,6,136.33,-0.2861,-0.0488,8598.31,0.0,10.4179,20.7854,30.2225,45.3676,65.2371,83.6465,98.4998,116.642,134.326,158.346,171.485,178.189,185.259,191.749,200.0,58.3908,26.7707,15.3463,6.37564
26.633,-0.0000,1.0000,0.0000,6,136.87,-0.2794,-0.0488,8632.54,0.0,10.3629,20.6758,30.0631,45.1283,64.893,83.2053,97.9803,116.027,133.618,157.511,170.611,177.3,184.356,190.835,200.0,58.9456,27.0251,15.4921,6.43622
26.652,-0.0000,1.0000,0.0000,6,137.40,-0.2726,-0.0488,8666.89,0.0,10.3079,20.5659,29.9033,44.8885,64.5481,82.7631,97.4595,115.41,132.908,156.674,169.734,176.408,183.449,189.916,199.623,59.5018,27.28,15.6383,6.49694
26.676,-0.0000,1.0000,0.0000,6,137.94,-0.2657,-0.0488,8701.35,0.0,10.2525,20.4554,29.7426,44.6473,64.2012,82.3184,96.9358,114.79,132.194,155.832,168.852,175.512,182.538,188.994,198.686,60.0611,27.5365,15.7853,6.55802
26.694,-0.0000,1.0000,0.0000,6,138.48,-0.2588,-0.0488,8735.93,0.0,10.1969,20.3445,29.5813,44.4051,63.853,81.8719,96.4101,114.167,131.477,154.987,167.968,174.611,181.624,188.067,197.746,60.6226,27.7939,15.9329,6.61933
26.719,-0.0000,1.0000,0.0000,6,139.03,-0.2520,-0.0488,8770.62,0.0,10.1411,20.2331,29.4194,44.1621,63.5036,81.4238,95.8824,113.543,130.757,154.138,167.08,173.708,180.705,187.137,196.802,61.1862,28.0523,16.081,6.68086
26.745,-0.0000,1.0000,0.0000,6,139.57,-0.2450,-0.0488,8805.42,0.0,10.085,20.1214,29.2569,43.9181,63.1528,80.9741,95.3528,112.915,130.035,153.287,166.188,172.8,179.783,186.203,195.854,61.7518,28.3116,16.2297,6.74262
26.764,-0.0000,1.0000,0.0000,6,140.12,-0.2381,-0.0488,8840.34,0.0,10.0288,20.0091,29.0936,43.673,62.8003,80.5221,94.8206,112.285,129.309,152.431,165.292,171.889,178.856,185.265,194.901,62.3202,28.5722,16.379,6.80469
26.788,-0.0000,1.0000,0.0000,6,140.67,-0.2311,-0.0488,8875.37,0.0,9.97235,19.8965,28.93,43.4274,62.4471,80.0692,94.2873,111.654,128.582,151.574,164.394,170.974,177.927,184.323,193.945,62.8898,28.8333,16.5287,6.86688
26.808,-0.0000,1.0000,0.0000,6,141.22,-0.2241,-0.0488,8910.51,0.0,9.91569,19.7835,28.7656,43.1806,62.0923,79.6143,93.7516,111.019,127.851,150.713,163.491,170.056,176.993,183.376,192.984,63.4619,29.0957,16.6791,6.92935
26.832,-0.0000,1.0000,0.0000,6,141.77,-0.2171,-0.0488,8945.77,0.0,9.85876,19.6699,28.6004,42.9327,61.7358,79.1572,93.2133,110.382,127.117,149.848,162.585,169.133,176.055,182.426,192.019,64.0368,29.3592,16.8302,6.99212
26.851,-0.0000,1.0000,0.0000,6,142.33,-0.2101,-0.0488,8981.14,0.0,9.80166,19.556,28.4348,42.6841,61.3782,78.6987,92.6735,109.743,126.381,148.98,161.675,168.207,175.113,181.472,191.05,64.6134,29.6236,16.9817,7.05508
26.876,-0.0000,1.0000,0.0000,6,142.88,-0.2030,-0.0488,9016.62,0.0,9.74431,19.4415,28.2684,42.4343,61.0191,78.2383,92.1312,109.1,125.641,148.108,160.761,167.277,174.168,180.514,190.077,65.1925,29.8891,17.134,7.11831
26.895,-0.0000,1.0000,0.0000,6,143.44,-0.1959,-0.0488,9052.22,0.0,9.68672,19.3266,28.1013,42.1835,60.6584,77.7758,91.5867,108.456,124.899,147.233,159.844,166.343,173.218,179.552,189.1,65.7741,30.1557,17.2868,7.18182
26.920,-0.0000,1.0000,0.0000,6,144.00,-0.1887,-0.0488,9087.94,0.0,9.62888,19.2112,27.9335,41.9316,60.2963,77.3114,91.0398,107.808,124.153,146.354,158.923,165.405,172.265,178.586,188.118,66.3582,30.4235,17.4403,7.24559
26.939,-0.0000,1.0000,0.0000,6,144.56,-0.1816,-0.0488,9123.76,0.0,9.57082,19.0954,27.7651,41.6788,59.9327,76.8453,90.4909,107.158,123.405,145.471,157.998,164.464,171.307,177.615,187.132,66.9444,30.6923,17.5944,7.3096
26.964,-0.0000,1.0000,0.0000,6,145.13,-0.1744,-0.0488,9159.7,0.0,9.51253,18.9791,27.596,41.425,59.5677,76.3772,89.9397,106.505,122.653,144.585,157.069,163.518,170.346,176.641,186.142,67.5331,30.9622,17.7491,7.37387
26.983,-0.0000,1.0000,0.0000,6,145.69,-0.1671,-0.0488,9195.75,0.0,9.45402,18.8624,27.4263,41.1701,59.2013,75.9074,89.3865,105.85,121.898,143.696,156.137,162.569,169.38,175.662,185.148,68.1239,31.2331,17.9044,7.43839
27.008,-0.0000,1.0000,0.0000,6,146.26,-0.1599,-0.0488,9231.92,0.0,9.39537,18.7454,27.2561,40.9148,58.834,75.4366,88.832,105.194,121.142,142.804,155.201,161.616,168.411,174.68,184.149,68.7161,31.5046,18.06,7.50305
27.026,-0.0000,1.0000,0.0000,6,146.83,-0.1526,-0.0488,9268.2,0.0,9.33644,18.6278,27.0852,40.6581,58.465,74.9634,88.2748,104.534,120.382,141.909,154.261,160.659,167.437,173.693,183.146,69.3112,31.7774,18.2164,7.56803
27.052,-0.0000,1.0000,0.0000,6,147.40,-0.1453,-0.0488,9304.59,0.0,9.27722,18.5096,26.9134,40.4002,58.0942,74.4879,87.7149,103.871,119.619,141.008,153.317,159.698,166.46,172.702,182.139,69.9092,32.0516,18.3736,7.63332
27.070,-0.0000,1.0000,0.0000,6,147.97,-0.1380,-0.0488,9341.1,0.0,9.21779,18.3911,26.741,40.1415,57.722,74.0108,87.1531,103.205,118.853,140.105,152.37,158.732,165.478,171.706,181.127,70.5093,32.3267,18.5313,7.69884
27.095,-0.0000,1.0000,0.0000,6,148.55,-0.1306,-0.0488,9377.72,0.0,9.1581,18.272,26.5678,39.8815,57.3483,73.5315,86.5887,102.537,118.083,139.198,151.418,157.763,164.492,170.707,180.111,71.112,32.603,18.6897,7.76466
27.114,-0.0000,1.0000,0.0000,6,149.13,-0.1232,-0.0488,9414.46,0.0,9.09822,18.1525,26.3941,39.6207,56.9733,73.0507,86.0225,101.867,117.311,138.288,150.463,156.79,163.502,169.703,179.09,71.7167,32.8803,18.8486,7.83069
27.139,-0.0000,1.0000,0.0000,6,149.71,-0.1158,-0.0488,9450.72,0.0,9.03815,18.0326,26.2198,39.3591,56.5971,72.5684,85.4545,101.194,116.536,137.375,149.504,155.813,162.508,168.695,178.065,72.3233,33.1584,19.0081,7.89692
27.157,-0.0000,1.0000,0.0000,6,150.28,-0.1084,-0.0488,9486.02,0.0,8.9779,17.9124,26.045,39.0968,56.2198,72.0846,84.8849,100.519,115.759,136.459,148.541,154.833,161.51,167.683,177.036,72.9317,33.4373,19.168,7.96335
27.183,-0.0000,1.0000,0.0000,6,150.86,-0.1009,-0.0488,9521.16,0.0,8.91731,17.7915,25.8693,38.8329,55.8404,71.5982,84.312,99.841,114.978,135.538,147.574,153.847,160.507,166.666,176.002,73.5435,33.7178,19.3288,8.03015
27.201,-0.0000,1.0000,0.0000,6,151.44,-0.0934,-0.0488,9556.25,0.0,8.85646,17.6701,25.6927,38.5679,55.4594,71.1096,83.7367,99.1598,114.194,134.613,146.604,152.858,159.501,165.645,174.963,74.1579,33.9995,19.4903,8.09724
27.227,-0.0000,1.0000,0.0000,6,152.01,-0.0858,-0.0488,9591.29,0.0,8.79543,17.5484,25.5157,38.3022,55.0772,70.6196,83.1597,98.4764,113.407,133.686,145.629,151.865,158.49,164.62,173.921,74.7742,34.2821,19.6522,8.16454
27.244,-0.0000,1.0000,0.0000,6,152.59,-0.0783,-0.0488,9626.25,0.0,8.7342,17.4262,25.3381,38.0355,54.6938,70.128,82.5807,97.7909,112.617,132.755,144.651,150.868,157.475,163.591,172.873,75.3926,34.5656,19.8147,8.23205
27.270,-0.0000,1.0000,0.0000,6,153.16,-0.0707,-0.0488,9661.13,0.0,8.67277,17.3036,25.1598,37.768,54.3091,69.6347,81.9999,97.103,111.825,131.821,143.669,149.867,156.456,162.557,171.822,76.0129,34.85,19.9778,8.29978
27.289,-0.0000,1.0000,0.0000,6,153.73,-0.0631,-0.0488,9695.92,0.0,8.61106,17.1805,24.9808,37.4993,53.9227,69.1393,81.4165,96.4121,111.03,130.883,142.683,148.862,155.433,161.519,170.766,76.636,35.1357,20.1416,8.36782
27.313,-0.0000,1.0000,0.0000,6,154.30,-0.0554,-0.0488,9730.61,0.0,8.54914,17.057,24.8012,37.2296,53.5349,68.6421,80.831,95.7189,110.231,129.942,141.693,147.854,154.406,160.477,169.705,77.2613,35.4223,20.3059,8.43609
27.339,-0.0000,1.0000,0.0000,6,154.87,-0.0478,-0.0488,9765.21,0.0,8.48701,16.933,24.621,36.9591,53.1459,68.1433,80.2436,95.0233,109.43,128.998,140.699,146.841,153.375,159.431,168.64,77.8886,35.71,20.4708,8.50459
27.357,-0.0000,1.0000,0.0000,6,155.44,-0.0401,-0.0488,9799.73,0.0,8.42467,16.8086,24.4401,36.6876,52.7555,67.6427,79.6542,94.3253,108.626,128.05,139.702,145.824,152.339,158.38,167.57,78.5182,35.9986,20.6362,8.57333
27.382,-0.0000,1.0000,0.0000,6,156.00,-0.0323,-0.0488,9834.17,0.0,8.36213,16.6839,24.2587,36.4152,52.3639,67.1406,79.0629,93.6251,107.82,127.1,138.701,144.803,151.3,157.325,166.496,79.1497,36.2881,20.8022,8.64229
27.400,-0.0000,1.0000,0.0000,6,156.57,-0.0246,-0.0488,9868.53,0.0,8.29928,16.5585,24.0763,36.1415,51.9703,66.6359,78.4686,92.9213,107.009,126.144,137.696,143.778,150.256,156.266,165.418,79.7844,36.5791,20.969,8.71159
27.426,-0.0000,1.0000,0.0000,6,157.13,-0.0168,-0.0488,9902.82,0.0,8.23621,16.4326,23.8934,35.8669,51.5753,66.1296,77.8723,92.2152,106.196,125.186,136.687,142.749,149.208,155.202,164.335,80.4212,36.8711,21.1364,8.78113
27.445,-0.0000,1.0000,0.0000,6,157.69,-0.0090,-0.0488,9937.03,0.0,8.17291,16.3063,23.7097,35.5912,51.179,65.6213,77.2738,91.5065,105.38,124.224,135.674,141.716,148.156,154.134,163.247,81.0604,37.1641,21.3044,8.85092
27.470,-0.0000,1.0000,0.0000,6,158.25,-0.0011,-0.0488,9971.16,0.0,8.10938,16.1796,23.5255,35.3146,50.7812,65.1112,76.6732,90.7952,104.561,123.258,134.658,140.679,147.1,153.062,162.155,81.7019,37.4583,21.473,8.92097
27.489,-0.0000,1.0000,0.0000,6,158.81,0.0067,-0.0488,10005.2,0.0,8.04561,16.0523,23.3404,35.0368,50.3818,64.5991,76.0702,90.0811,103.739,122.289,133.637,139.638,146.039,151.986,161.058,82.346,37.7535,21.6422,8.99129
27.513,-0.0000,1.0000,0.0000,6,159.37,0.0146,-0.0488,10039.2,0.0,7.98162,15.9247,23.1548,34.7582,49.9811,64.0854,75.4652,89.3647,102.914,121.316,132.613,138.594,144.974,150.905,159.957,82.9921,38.0498,21.8121,9.06184
27.532,-0.0000,1.0000,0.0000,6,159.93,0.0226,-0.0488,10073.1,0.0,7.91745,15.7967,22.9687,34.4788,49.5793,63.5702,74.8585,88.6463,102.086,120.341,131.585,137.545,143.906,149.82,158.852,83.64,38.3468,21.9824,9.13259
27.557,-0.0000,1.0000,0.0000,6,160.49,0.0305,-0.0488,10106.9,0.0,7.85306,15.6682,22.7818,34.1983,49.176,63.0532,74.2496,87.9253,101.256,119.362,130.553,136.492,142.833,148.731,157.741,84.2903,38.645,22.1533,9.20359
27.576,-0.0000,1.0000,0.0000,6,161.04,0.0385,-0.0488,10140.6,0.0,7.78841,15.5392,22.5943,33.9168,48.7712,62.5341,73.6384,87.2015,100.422,118.379,129.517,135.435,141.756,147.637,156.627,84.9431,38.9443,22.3248,9.27487
27.601,-0.0000,1.0000,0.0000,6,161.59,0.0465,-0.0488,10174.3,0.0,7.72349,15.4097,22.406,33.6341,48.3647,62.0129,73.0246,86.4747,99.5854,117.393,128.478,134.374,140.675,146.539,155.507,85.5986,39.2448,22.4971,9.34645
27.620,-0.0000,1.0000,0.0000,6,162.15,0.0545,-0.0488,10207.9,0.0,7.65847,15.2799,22.2173,33.351,47.9575,61.4908,72.4099,85.7467,98.747,116.404,127.435,133.31,139.59,145.437,154.384,86.2552,39.5458,22.6697,9.41814
27.646,-0.0000,1.0000,0.0000,6,162.70,0.0626,-0.0488,10241.3,0.0,7.5932,15.1497,22.028,33.0667,47.5488,60.9667,71.7927,85.0158,97.9054,115.412,126.388,132.241,138.5,144.33,153.256,86.9143,39.848,22.8429,9.4901
27.663,-0.0000,1.0000,0.0000,6,163.25,0.0707,-0.0488,10274.8,0.0,7.52759,15.0188,21.8376,32.781,47.1379,60.4399,71.1723,84.2812,97.0594,114.415,125.337,131.168,137.406,143.219,152.123,87.5769,40.1518,23.017,9.56245
27.689,-0.0000,1.0000,0.0000,6,163.79,0.0788,-0.0488,10308.1,0.0,7.46186,14.8877,21.647,32.4947,46.7263,59.9122,70.5509,83.5453,96.2119,113.416,124.282,130.092,136.309,142.104,150.985,88.2406,40.4561,23.1915,9.63492
27.707,-0.0000,1.0000,0.0000,6,164.34,0.0869,-0.0488,10341.3,0.0,7.39586,14.756,21.4555,32.2074,46.3131,59.3823,69.9269,82.8064,95.361,112.413,123.224,129.011,135.207,140.984,149.843,88.907,40.7616,23.3666,9.70769
27.732,-0.0000,1.0000,0.0000,6,164.89,0.0951,-0.0488,10374.5,0.0,7.32968,14.624,21.2635,31.9191,45.8986,58.8509,69.3012,82.0654,94.5077,111.407,122.162,127.927,134.101,139.86,148.697,89.5753,41.068,23.5423,9.78066
27.751,-0.0000,1.0000,0.0000,6,165.43,0.1033,-0.0488,10407.6,0.0,7.26328,14.4915,21.0709,31.63,45.4828,58.3178,68.6734,81.322,93.6515,110.398,121.096,126.838,132.99,138.732,147.545,90.2458,41.3754,23.7185,9.85387
27.776,-0.0000,1.0000,0.0000,6,165.98,0.1115,-0.0488,10440.6,0.0,7.19661,14.3585,20.8775,31.3397,45.0653,57.7825,68.043,80.5755,92.7919,109.384,120.026,125.746,131.876,137.599,146.389,90.9191,41.6841,23.8954,9.92738
27.795,-0.0000,1.0000,0.0000,6,166.52,0.1198,-0.0488,10473.5,0.0,7.1298,14.2252,20.6837,31.0487,44.647,57.246,67.4114,79.8275,91.9305,108.369,118.953,124.649,130.757,136.463,145.229,91.5937,41.9934,24.0728,10.001
27.820,-0.0000,1.0000,0.0000,6,167.06,0.1281,-0.0488,10506.4,0.0,7.06271,14.0913,20.489,30.7565,44.2269,56.7074,66.777,79.0763,91.0654,107.349,117.875,123.549,129.634,135.321,144.064,92.2712,42.304,24.2508,10.075
27.845,-0.0000,1.0000,0.0000,6,167.60,0.1364,-0.0488,10539.2,0.0,6.99547,13.9572,20.294,30.4637,43.8058,56.1675,66.1413,78.3235,90.1984,106.327,116.795,122.445,128.507,134.176,142.895,92.9502,42.6153,24.4293,10.1491
27.863,-0.0000,1.0000,0.0000,6,168.14,0.1447,-0.0488,10571.8,0.0,6.92794,13.8224,20.0981,30.1696,43.3829,55.6253,65.5028,77.5674,89.3277,105.301,115.71,121.336,127.376,133.026,141.72,93.6321,42.928,24.6085,10.2236
27.889,-0.0000,0.0000,0.0000,6,168.67,0.1531,-0.0488,10604.5,0.0,6.86018,13.6872,19.9015,29.8746,42.9586,55.0812,64.8621,76.8087,88.454,104.271,114.621,120.224,126.241,131.871,140.541,94.3164,43.2417,24.7883,10.2983
27.907,-0.0000,0.0000,0.0000,6,168.69,0.1615,-0.0487,10286.8,0.0,6.79235,13.5523,19.7059,29.5823,42.5406,54.5481,64.2369,76.0722,87.6101,103.283,113.545,119.12,125.112,130.721,139.365,94.9752,43.5506,24.9669,10.373
27.932,-0.0000,0.0000,0.0000,6,168.40,0.1698,-0.0487,10263.5,0.0,6.72503,13.4196,19.5147,29.2995,42.142,54.0464,63.6552,75.3963,86.8462,102.406,112.51,118.046,124.006,129.591,138.206,95.5645,43.8445,25.1404,10.4469
27.950,-0.0000,0.0000,0.0000,6,168.11,0.1782,-0.0486,10245.2,0.0,6.65802,13.288,19.3257,29.0215,41.7528,53.5598,63.0941,74.749,86.1201,101.581,111.495,116.988,122.913,128.472,137.054,96.1184,44.1306,25.3112,10.5203
27.976,-0.0000,0.0000,0.0000,6,167.82,0.1865,-0.0485,10227.3,0.0,6.59124,13.1569,19.1379,28.7456,41.3676,53.0797,62.5416,74.1135,85.4094,100.777,110.488,115.936,121.826,127.358,135.907,96.6553,44.4127,25.4805,10.5933
27.995,-0.0000,0.0000,0.0000,6,167.53,0.1948,-0.0483,10209.7,0.0,6.52464,13.0263,18.9507,28.4709,40.9844,52.6022,61.9926,73.4827,84.7046,99.9808,109.484,114.887,120.741,126.246,134.762,97.1832,44.6924,25.6488,10.6661
28.020,-0.0000,0.0000,0.0000,6,167.24,0.2031,-0.0482,10192.1,0.0,6.4582,12.896,18.7638,28.1966,40.6014,52.125,61.4438,72.8517,83.9993,99.1838,108.482,113.84,119.658,125.135,133.618,97.7077,44.971,25.8166,10.7387
28.039,-0.0000,0.0000,0.0000,6,166.95,0.2113,-0.0481,10174.6,0.0,6.39201,12.7661,18.5775,27.923,40.2194,51.6487,60.8957,72.2215,83.2946,98.3871,107.48,112.794,118.575,124.026,132.475,98.2281,45.2479,25.9835,10.811
28.064,-0.0000,0.0000,0.0000,6,166.66,0.2195,-0.0480,10157.1,0.0,6.32613,12.6368,18.3919,27.6502,39.838,51.1725,60.3474,71.59,82.5878,97.583,106.478,111.748,117.494,122.917,131.333,98.9185,45.5236,26.1497,10.8829
28.082,-0.0000,0.0000,0.0000,6,166.37,0.2277,-0.0479,10139.7,0.0,6.26042,12.5077,18.2066,27.3776,39.4566,50.6961,59.7983,70.9574,81.8789,96.7657,105.476,110.702,116.412,121.809,130.191,143.346,45.7985,26.3153,10.9546
28.107,-0.0000,0.0000,0.0000,6,166.08,0.2359,-0.0478,10122.3,0.0,6.19489,12.3789,18.0216,27.1054,39.0753,50.2193,59.2486,70.3233,81.1679,95.9369,104.474,109.657,115.332,120.701,129.05,142.17,46.0724,26.4804,11.0261
28.126,-0.0000,0.0000,0.0000,6,165.80,0.2440,-0.0477,10104.9,0.0,6.12968,12.2507,17.8374,26.834,38.6949,49.7434,58.6994,69.6893,80.4564,95.0994,103.473,108.612,114.252,119.594,127.909,140.995,46.3449,26.6446,11.0972
28.151,-0.0000,0.0000,0.0000,6,165.51,0.2521,-0.0476,10087.6,0.0,6.06467,12.1228,17.6536,26.5632,38.315,49.2676,58.15,69.0547,79.7436,94.2538,102.471,107.568,113.173,118.488,126.77,139.82,46.6163,26.8083,11.1681
28.170,-0.0000,0.0000,0.0000,6,165.23,0.2601,-0.0475,10070.3,0.0,5.99988,11.9953,17.4703,26.293,37.9357,48.7925,57.6013,68.4206,79.0313,93.4031,101.471,106.525,112.095,117.382,125.631,138.646,46.8863,26.9712,11.2387
28.196,-0.0000,0.0000,0.0000,6,164.95,0.2682,-0.0474,10053.1,0.0,5.93533,11.8683,17.2876,26.0236,37.5575,48.3185,57.0536,67.7875,78.3196,92.5478,100.471,105.484,111.018,116.278,124.493,137.472,47.1547,27.1333,11.309
28.215,-0.0000,0.0000,0.0000,6,164.66,0.2762,-0.0473,10036.0,0.0,5.87106,11.7417,17.1056,25.7551,37.1804,47.8457,56.5072,67.1555,77.6091,91.689,99.4733,104.443,109.942,115.176,123.356,136.3,47.4216,27.2945,11.379
28.239,-0.0000,0.0000,0.0000,6,164.38,0.2841,-0.0472,10018.9,0.0,5.80701,11.6155,16.924,25.487,36.8034,47.3726,55.9599,66.5219,76.8959,90.8233,98.4749,103.403,108.867,114.073,122.22,135.127,47.6876,27.4552,11.4487
28.257,-0.0000,0.0000,0.0000,6,164.10,0.2921,-0.0471,10001.9,0.0,5.74319,11.4897,16.743,25.2196,36.4272,46.9003,55.4134,65.8889,76.183,89.9546,97.4774,102.364,107.793,112.972,121.084,133.956,47.9522,27.6151,11.5181
28.282,-0.0000,0.0000,0.0000,6,163.83,0.3000,-0.0470,9985.0,0.0,5.6796,11.3644,16.5625,24.953,36.052,46.4289,54.8678,65.2567,75.4708,89.083,96.481,101.326,106.72,111.872,119.95,132.784,48.2154,27.7743,11.5873
28.301,-0.0000,0.0000,0.0000,6,163.55,0.3078,-0.0469,9968.1,0.0,5.61627,11.2395,16.3827,24.6873,35.6778,45.9587,54.3233,64.6255,74.7594,88.2092,95.4859,100.29,105.648,110.772,118.816,131.614,48.4771,27.9327,11.6561
28.326,-0.0000,0.0000,0.0000,6,163.27,0.3157,-0.0468,9951.26,0.0,5.55312,11.115,16.2033,24.422,35.3041,45.489,53.7792,63.9945,74.0481,87.333,94.4916,99.2545,104.578,109.674,117.683,130.444,48.7376,28.0905,11.7247
28.345,-0.0000,0.0000,0.0000,6,163.00,0.3235,-0.0466,9934.47,0.0,5.49022,10.9909,16.0245,24.1577,34.9315,45.0204,53.2363,63.3646,73.3376,86.455,93.4985,98.2204,103.508,108.577,116.551,129.275,48.9965,28.2475,11.793
28.369,-0.0000,0.0000,0.0000,6,162.72,0.3313,-0.0465,9917.74,0.0,5.42759,10.8673,15.8465,23.8942,34.56,44.553,52.6945,62.7359,72.6283,85.5756,92.5068,97.1875,102.44,107.481,115.42,128.106,49.2538,28.4036,11.861
28.389,-0.0000,0.0000,0.0000,6,162.44,0.3390,-0.0464,9901.06,0.0,5.36513,10.744,15.6687,23.6312,34.189,44.0859,52.153,62.107,71.9184,84.6938,91.5156,96.1555,101.372,106.386,114.289,126.937,49.51,28.5591,11.9288
28.414,-0.0000,0.0000,0.0000,6,162.17,0.3468,-0.0463,9884.43,0.0,5.30296,10.6212,15.4917,23.3689,33.8186,43.6192,51.6114,61.4775,71.207,83.8089,90.5246,95.1237,100.305,105.291,113.159,125.769,49.7653,28.714,11.9963
28.439,-0.0000,0.0000,0.0000,6,161.90,0.3545,-0.0462,9867.86,0.0,5.24097,10.4987,15.315,23.1072,33.4488,43.1531,51.0703,60.8483,70.4958,82.9223,89.5344,94.0931,99.2393,104.197,112.03,124.601,50.0193,28.8682,12.0635
28.457,-0.0000,0.0000,0.0000,6,161.63,0.3621,-0.0461,9851.34,0.0,5.17924,10.3767,15.139,22.8463,33.0801,42.6881,50.5303,60.2202,69.7855,82.035,88.5455,93.0638,98.1746,103.104,110.902,123.434,50.2718,29.0217,12.1304
28.482,-0.0000,0.0000,0.0000,6,161.36,0.3697,-0.0460,9834.88,0.0,5.11773,10.2551,14.9636,22.5862,32.7123,42.2241,49.9913,59.5929,69.0758,81.1469,87.5576,92.0355,97.1108,102.012,109.774,122.267,50.523,29.1744,12.197
28.501,-0.0000,0.0000,0.0000,6,161.09,0.3774,-0.0459,9818.48,0.0,5.05644,10.1339,14.7887,22.3268,32.3453,41.7609,49.4531,58.9663,68.3666,80.2579,86.5708,91.0084,96.0481,100.921,108.647,121.101,50.7728,29.3264,12.2634
28.526,-0.0000,0.0000,0.0000,6,160.82,0.3849,-0.0458,9801.81,0.0,4.99538,10.0132,14.6144,22.0681,31.9792,41.2987,48.9158,58.3405,67.6581,79.3682,85.5851,89.9824,94.9864,99.8314,107.521,119.935,51.0212,29.4777,12.3295
28.545,-0.0000,0.0000,0.0000,6,160.55,0.3925,-0.0457,9785.66,0.0,4.93456,9.89283,14.4406,21.8103,31.614,40.8375,48.3796,57.7157,66.9504,78.478,84.6006,88.9576,93.9258,98.7423,106.395,118.769,51.2682,29.6282,12.3953
28.569,-0.0000,0.0000,0.0000,6,160.28,0.4000,-0.0456,9769.58,0.0,4.87394,9.77287,14.2674,21.553,31.2497,40.3771,47.844,57.0914,66.243,77.5873,83.6171,87.9339,92.8662,97.6542,105.27,117.604,51.5139,29.7781,12.4609
28.589,-0.0000,0.0000,0.0000,6,160.02,0.4075,-0.0455,9753.49,0.0,4.81355,9.65333,14.0947,21.2966,30.8862,39.9176,47.3094,56.468,65.5363,76.6959,82.6346,86.9112,91.8077,96.5669,104.146,116.439,51.7582,29.9272,12.5262
28.613,-0.0000,0.0000,0.0000,6,159.75,0.4149,-0.0454,9737.42,0.0,4.75338,9.53419,13.9226,21.0408,30.5236,39.4589,46.7755,55.845,64.8298,75.8041,81.6531,85.8895,90.75,95.4804,103.023,115.274,52.0013,30.0757,12.5912
28.632,-0.0000,0.0000,0.0000,6,159.49,0.4224,-0.0454,9721.38,0.0,4.69344,9.41544,13.7509,20.7856,30.1613,39.0003,46.2412,55.221,64.1214,74.9101,80.6714,84.8681,89.6925,94.394,101.899,114.109,52.2436,30.2236,12.6559
28.656,-0.0000,0.0000,0.0000,6,159.22,0.4298,-0.0453,9705.35,0.0,4.63371,9.29706,13.5798,20.531,29.7998,38.5424,45.7076,54.5977,63.4134,74.0157,79.6908,83.8476,88.6359,93.3085,100.776,112.944,52.4848,30.3709,12.7204
28.676,-0.0000,0.0000,0.0000,6,158.96,0.4371,-0.0452,9689.38,0.0,4.57419,9.17909,13.4091,20.2771,29.4391,38.0855,45.175,53.975,62.706,73.1212,78.7113,82.8282,87.5804,92.2238,99.6538,111.779,52.7246,30.5175,12.7847
28.701,-0.0000,0.0000,0.0000,6,158.70,0.4445,-0.0451,9672.93,0.0,4.51489,9.0615,13.2391,20.0239,29.0792,37.6292,44.6428,53.3526,61.9984,72.226,77.7324,81.8096,86.5255,91.1397,98.5319,110.615,52.9633,30.6634,12.8487
28.719,-0.0000,0.0000,0.0000,6,158.44,0.4518,-0.0450,9657.28,0.0,4.45579,8.94428,13.0695,19.7714,28.7202,37.174,44.1118,52.7316,61.2922,71.3316,76.7551,80.7923,85.4719,90.0566,97.4107,109.451,53.2005,30.8086,12.9124
28.745,-0.0000,0.0000,0.0000,6,158.18,0.4591,-0.0449,9641.72,0.0,4.3969,8.82748,12.9005,19.5198,28.3624,36.7202,43.5825,52.1123,60.5881,70.438,75.7794,79.7767,84.4196,88.9747,96.2905,108.287,53.4359,30.953,12.9759
28.763,-0.0000,0.0000,0.0000,6,157.92,0.4664,-0.0448,9626.12,0.0,4.33828,8.71117,12.7321,19.269,28.0054,36.2671,43.0536,51.4931,59.8834,69.5436,74.8041,78.7617,83.3677,87.8932,95.1703,107.123,53.6704,31.0968,13.0391
28.788,-0.0000,0.0000,0.0000,6,157.66,0.4736,-0.0447,9610.53,0.0,4.27986,8.59521,12.5642,19.0188,27.6491,35.8148,42.5254,50.8745,59.179,68.6491,73.8299,77.7474,82.3167,86.8123,94.0506,105.959,53.9036,31.2399,13.102
28.807,-0.0000,0.0000,0.0000,6,157.41,0.4808,-0.0446,9594.95,0.0,4.22162,8.47955,12.3967,18.7689,27.2931,35.3624,41.9968,50.2548,58.4729,67.7533,72.8556,76.7335,81.266,85.7315,92.9308,104.794,54.1363,31.3826,13.1647
28.831,-0.0000,0.0000,0.0000,6,157.15,0.4880,-0.0445,9579.38,0.0,4.16357,8.36423,12.2297,18.5196,26.9376,34.9104,41.4684,49.6349,57.7661,66.8569,71.8819,75.7201,80.2156,84.6511,91.8112,103.629,54.3681,31.5247,13.2272
28.850,-0.0000,0.0000,0.0000,6,156.90,0.4951,-0.0444,9563.83,0.0,4.10573,8.24929,12.0631,18.271,26.583,34.4593,40.9408,49.0158,57.0598,65.9605,70.9091,74.7077,79.1662,83.5713,90.6919,102.465,54.5986,31.6662,13.2895
28.876,-0.0000,0.0000,0.0000,6,156.64,0.5023,-0.0443,9547.98,0.0,4.0481,8.13473,11.8971,18.0231,26.229,34.0088,40.4137,48.3969,56.3534,65.0641,69.9371,73.696,78.1173,82.492,89.5729,101.3,54.8281,31.8071,13.3515
28.900,-0.1625,0.0000,0.0000,6,156.39,0.5094,-0.0442,9532.62,0.0,3.99067,8.02055,11.7315,17.7758,25.876,33.5593,39.8877,47.7791,55.6481,64.1683,68.9664,72.6855,77.0695,81.4135,88.4543,100.135,55.0562,31.9473,13.4132
28.919,-0.3745,0.0000,0.0000,6,156.11,0.5161,-0.0409,9516.46,0.0,3.94773,7.97728,11.7202,17.8849,26.2821,34.3946,41.1871,49.8008,58.553,65.2332,69.4482,72.9041,77.0769,81.2702,88.1347,99.6198,54.223,31.734,13.4246
28.945,-0.3675,0.0000,0.0000,6,155.78,0.5218,-0.0303,9497.0,0.0,3.93971,8.10278,12.0821,18.8887,28.7039,38.8381,47.8652,59.7303,65.2933,69.2415,72.5556,75.502,79.2202,83.0694,89.5164,100.516,51.2463,30.7681,13.3231
28.964,-0.1095,0.0000,0.0000,6,155.41,0.5261,-0.0136,9474.11,0.0,3.96795,8.40372,12.857,21.0121,34.1402,49.7332,62.156,68.0173,71.3252,74.2635,76.9502,79.4522,82.7164,86.1848,92.1262,102.485,47.0489,29.2815,13.1285
28.988,-0.0000,0.0000,0.0000,6,155.07,0.5287,0.0055,9450.62,0.0,4.0218,8.82836,13.9654,24.2992,44.0193,64.0897,69.7514,73.8201,76.4386,78.8864,81.1981,83.3988,86.3233,89.4816,94.9779,104.719,42.998,27.7277,12.9
29.007,-0.0000,0.0000,0.0000,6,154.78,0.5301,0.0189,9431.27,0.0,4.0651,9.16616,14.8908,27.3619,55.4435,68.687,73.2534,76.7919,79.1385,81.3673,83.4972,85.542,88.2825,91.2633,96.4923,105.842,40.5491,26.7325,12.7441
29.032,-0.0000,0.0000,0.0000,6,154.50,0.5305,0.0258,9415.25,0.0,4.09052,9.35636,15.4261,29.276,59.786,70.1382,74.3402,77.6672,79.8962,82.0263,84.0707,86.0415,88.6909,91.5834,96.6756,105.822,39.3987,26.2482,12.6644
29.050,-0.0000,0.0000,0.0000,6,154.24,0.5299,0.0291,9400.4,0.0,4.11036,9.46871,15.7288,30.3616,60.8409,70.3223,74.3471,77.5638,79.73,81.8056,83.8029,85.7318,88.3299,91.1717,96.1859,105.219,38.8428,26.0057,12.6194
29.076,-0.0000,0.0000,0.0000,6,153.99,0.5283,0.0306,9385.95,0.0,4.13051,9.54428,15.9062,30.9362,60.8644,69.905,73.8243,76.9727,79.0992,81.1402,83.1072,85.0093,87.5741,90.3832,95.3475,104.311,38.5768,25.881,12.5894
29.095,-0.0000,0.0000,0.0000,6,153.75,0.5259,0.0310,9371.65,0.0,4.15344,9.6065,16.0264,31.2445,60.4555,69.2064,73.0499,76.1481,78.245,80.2601,82.2043,84.0861,86.6259,89.4105,94.3376,103.252,38.4464,25.8102,12.5644
29.120,-0.0000,0.0000,0.0000,6,153.50,0.5229,0.0310,9357.25,0.0,4.17994,9.6679,16.129,31.4456,59.8777,68.3947,72.1732,75.2281,77.2991,79.2915,81.2157,83.0796,85.5975,88.3605,93.2554,102.128,38.3694,25.7587,12.5394
29.139,-0.0000,0.0000,0.0000,6,153.26,0.5194,0.0309,9342.77,0.0,4.20992,9.7342,16.2342,31.6258,59.2526,67.5532,71.2697,74.2827,76.3286,78.2992,80.2039,82.0505,84.5469,87.289,92.1523,100.984,38.304,25.7094,12.5124
29.163,-0.0000,0.0000,0.0000,6,153.02,0.5156,0.0307,9328.24,0.0,4.24282,9.80682,16.3491,31.822,58.6288,66.7174,70.3716,73.3423,75.3629,77.3112,79.1961,81.025,83.4996,86.2202,91.0513,99.8411,38.2326,25.6554,12.4827
29.183,-0.0000,0.0000,0.0000,6,152.78,0.5115,0.0306,9313.68,0.0,4.278,9.88537,16.4751,32.045,58.0203,65.8985,69.4894,72.4169,74.4115,76.3369,78.2015,80.0121,82.4643,85.1627,89.9605,98.7064,38.1498,25.595,12.4505
29.207,-0.0000,0.0000,0.0000,6,152.54,0.5072,0.0305,9299.13,0.0,4.31488,9.96879,16.611,32.2947,57.4273,65.0974,68.624,71.5077,73.4757,75.3776,77.2214,79.0132,81.4422,84.1178,88.8808,97.5809,38.0554,25.5286,12.4165
29.227,-0.0000,0.0000,0.0000,6,152.30,0.5028,0.0305,9284.6,0.0,4.35305,10.0561,16.7549,32.5676,56.8461,64.3115,67.7737,70.6127,72.5538,74.4318,76.2542,78.027,80.4322,83.0843,87.8116,96.464,37.951,25.4571,12.3808
29.251,-0.0000,0.0000,0.0000,6,152.06,0.4984,0.0304,9270.06,0.0,4.39212,10.1463,16.905,32.8587,56.2716,63.5373,66.9349,69.7292,71.6429,73.4968,75.2975,77.0508,79.4319,82.06,86.7508,95.3539,37.8388,25.3818,12.3441
29.269,-0.0000,0.0000,0.0000,6,151.82,0.4939,0.0305,9255.67,0.0,4.43182,10.2385,17.0596,33.1634,55.6995,62.7713,66.1048,68.8542,70.7406,72.57,74.349,76.0825,78.4392,81.0429,85.6964,94.2492,37.721,25.3036,12.3066
29.295,-0.0000,0.0000,0.0000,6,151.58,0.4893,0.0305,9241.33,0.0,4.472,10.3323,17.2176,33.478,55.1267,62.0107,65.2808,67.9854,69.8443,71.6493,73.4063,75.12,77.4519,80.031,84.6468,93.1482,37.5992,25.2234,12.2685
29.314,-0.0000,0.0000,0.0000,6,151.35,0.4847,0.0306,9227.02,0.0,4.51256,10.4272,17.378,33.8,54.5511,61.2537,64.461,67.1211,68.9526,70.7331,72.468,74.1619,76.4688,79.0231,83.6007,92.0499,37.4745,25.1418,12.2299
29.339,-0.0000,0.0000,0.0000,6,151.11,0.4801,0.0306,9212.77,0.0,4.55334,10.5229,17.5401,34.1272,53.9713,60.4988,63.6442,66.2601,68.0643,69.8204,71.5332,73.2071,75.489,78.0182,82.5573,90.9535,37.348,25.0593,12.1911
29.356,-0.0000,0.0000,0.0000,6,150.88,0.4754,0.0307,9198.56,0.0,4.59431,10.6192,17.7036,34.4582,53.3869,59.7452,62.8296,65.4016,67.1787,68.9103,70.6011,72.2549,74.5117,77.0158,81.5159,89.8585,37.2202,24.9761,12.1521
29.382,-0.0000,0.0000,0.0000,6,150.64,0.4708,0.0308,9184.39,0.0,4.6354,10.716,17.8679,34.792,52.7974,58.9921,62.0165,64.5452,66.2952,68.0025,69.6712,71.3049,73.5366,76.0154,80.4762,88.7645,37.0916,24.8925,12.113
29.401,-0.0000,0.0000,0.0000,6,150.41,0.4661,0.0309,9170.27,0.0,4.67666,10.8132,18.0332,35.1286,52.2031,58.2396,61.2048,63.6905,65.4135,67.0965,68.7432,70.3569,72.5632,75.0166,79.438,87.6713,36.9622,24.8084,12.0737
29.426,-0.0000,0.0000,1.0000,6,150.18,0.4614,0.0309,9156.25,0.0,4.71804,10.9107,18.1992,35.4671,51.6037,57.4871,60.3941,62.8372,64.5335,66.1923,67.817,69.4106,71.5916,74.0194,78.401,86.5789,36.8323,24.7241,12.0342
29.445,-0.0000,0.0000,1.0000,6,148.61,0.4568,0.0310,8603.99,0.0,4.75926,11.0077,18.3641,35.8022,50.9996,56.7354,59.5854,61.9866,63.6564,65.2912,66.894,68.4675,70.6234,73.0256,77.3675,85.4895,36.7041,24.6405,11.995
29.470,-0.0000,0.0000,1.0000,6,146.34,0.4522,0.0311,8317.32,0.0,4.79992,11.1029,18.525,36.1168,50.3937,55.9886,58.7833,61.1435,62.7875,64.3987,65.9801,67.534,69.6649,72.042,76.3445,84.4111,36.5806,24.5593,11.9565
29.495,-0.0000,0.0000,1.0000,6,143.94,0.4476,0.0311,8040.08,0.0,4.83987,11.1962,18.6822,36.3029,49.7895,55.2498,57.9909,60.3112,61.9299,63.518,65.0783,66.6127,68.7192,71.0714,75.3348,83.3464,36.4757,24.4803,11.9187
29.514,-0.0000,0.0000,1.0000,6,141.46,0.4432,0.0311,7769.14,0.0,4.87916,11.2877,18.8361,36.3712,49.1891,54.5205,57.2097,59.4911,61.0851,62.6505,64.1901,65.7055,67.7878,70.1153,74.3403,82.2971,36.4124,24.403,11.8816
29.538,-0.0000,0.0000,1.0000,6,138.95,0.4388,0.0311,7510.55,0.0,4.91777,11.3776,18.9868,36.357,48.594,53.8018,56.4406,58.6841,60.2537,61.7971,63.3163,64.8129,66.8714,69.1746,73.3615,81.264,36.3949,24.3274,11.8452
29.557,-0.0000,0.0000,0.0000,6,136.41,0.4344,0.0312,7266.5,0.0,4.95569,11.4656,19.1343,36.2814,48.0044,53.0938,55.6837,57.8902,59.4362,60.9578,62.457,63.9352,65.9701,68.2494,72.3985,80.2472,36.4287,24.2536,11.8095
29.582,-0.0000,0.0000,0.0000,6,134.01,0.4302,0.0312,7967.84,0.0,4.99287,11.552,19.2791,36.1609,47.4224,52.3981,54.9404,57.111,58.6337,60.134,61.6135,63.0737,65.0854,67.3411,71.4527,79.2478,36.5191,24.1811,11.7745
29.601,-0.0000,0.0000,0.0000,6,132.32,0.4260,0.0312,8090.18,0.0,5.03006,11.6399,19.4292,36.0192,46.8582,51.7235,54.2192,56.3542,57.854,59.3332,60.7932,62.2352,64.2239,66.456,70.5301,78.2711,36.663,24.1054,11.7391
29.625,-0.0000,0.0000,0.0000,6,130.98,0.4219,0.0313,8017.75,0.0,5.06684,11.7269,19.5777,35.8455,46.2963,51.0549,53.5051,55.6052,57.0824,58.5407,59.9814,61.4055,63.3713,65.5799,69.6168,77.3037,36.8887,24.0305,11.7041
29.645,-0.0000,0.0000,0.0000,6,129.80,0.4177,0.0314,7941.78,0.0,5.10323,11.8123,19.7225,35.64,45.7319,50.3872,52.7929,54.8587,56.3137,57.7515,59.1731,60.5795,62.5227,64.7079,68.7076,76.3405,37.2264,23.9579,11.6697
29.669,-0.0000,0.0000,0.0000,6,129.00,0.4136,0.0314,7880.74,0.0,5.13935,11.897,19.8658,35.4107,45.1681,49.7228,52.0849,54.117,55.5499,56.9674,58.3701,59.759,61.6795,63.8415,67.8042,75.3829,37.7133,23.8861,11.6355
29.688,-0.0000,0.0000,0.0000,6,128.79,0.4095,0.0315,7858.76,0.0,5.17549,11.9819,20.0099,35.1628,44.6048,49.0614,51.3803,53.3789,54.7901,56.1872,57.5711,58.9424,60.8403,62.979,66.9044,74.4285,38.4279,23.8138,11.6013
29.714,-0.0000,0.0000,0.0000,6,128.62,0.4054,0.0315,7848.51,0.0,5.21166,12.0669,20.1539,34.896,44.0392,48.3996,50.6758,52.6413,54.0307,55.4076,56.7726,58.1263,60.0017,62.117,66.0048,73.4737,39.5913,23.7417,11.5671
29.731,-0.0000,0.0000,0.0000,6,128.46,0.4013,0.0315,7838.7,0.0,5.24783,12.1517,20.2978,34.6119,43.4713,47.7373,49.9715,51.9039,53.2717,54.6285,55.9747,57.3108,59.1634,61.2552,65.1053,72.5184,43.2399,23.6698,11.5329
29.757,-0.0000,0.0000,0.0000,6,128.30,0.3973,0.0316,7828.85,0.0,5.284,12.2366,20.4415,34.3123,42.9013,47.0748,49.2673,51.1671,52.5133,53.85,55.1774,56.4959,58.3257,60.3939,64.2061,71.5628,82.9917,23.5979,11.4987
29.776,-0.0000,0.0000,0.0000,6,128.14,0.3931,0.0316,7818.94,0.0,5.32023,12.3216,20.5856,33.9994,42.3298,46.4124,48.5638,50.4311,51.7558,53.0725,54.3811,55.6819,57.489,59.5336,63.3074,70.6072,81.9841,23.526,11.4644
29.801,-0.0000,0.0000,0.0000,6,127.98,0.3890,0.0317,7809.12,0.0,5.35647,12.4067,20.7299,33.674,41.7569,45.7505,47.8611,49.6961,50.9995,52.2961,53.586,54.8691,56.6534,58.6742,62.4095,69.6516,80.9755,23.454,11.4302
29.820,-0.0000,0.0000,0.0000,6,127.82,0.3849,0.0317,7799.36,0.0,5.39276,12.492,20.8745,33.3374,41.1828,45.0887,47.1591,48.9621,50.2442,51.5209,52.7919,54.0575,55.8188,57.8157,61.5122,68.6961,79.9661,23.3818,11.3959
29.844,-0.0000,0.0000,0.0000,6,127.66,0.3808,0.0318,7789.73,0.0,5.42904,12.5773,21.0193,32.9902,40.6072,44.4272,46.4577,48.2289,49.4899,50.7466,51.9989,53.2469,54.9852,56.9581,60.6156,67.7405,78.9557,23.3096,11.3616
29.864,-0.0000,0.0000,0.0000,6,127.50,0.3767,0.0318,7780.06,0.0,5.46534,12.6626,21.1642,32.6328,40.0301,43.7656,45.7567,47.4963,48.7362,49.9731,51.2067,52.4369,54.1523,56.1011,59.7192,66.7846,77.944,23.2459,11.3273
29.888,-0.0000,0.0000,0.0000,6,127.34,0.3726,0.0319,7770.33,0.0,5.50167,12.748,21.2942,32.2661,39.4517,43.1041,45.0563,46.7644,47.9834,49.2005,50.4153,51.6279,53.3201,55.2447,58.8233,65.8285,76.9311,23.2036,11.293
29.907,-0.0000,0.0000,0.0000,6,127.18,0.3685,0.0319,7760.61,0.0,5.53798,12.8334,21.3754,31.8907,38.872,42.4427,44.3562,46.0334,47.2313,48.4287,49.6249,50.8198,52.4888,54.3891,57.9277,64.8721,75.9168,23.1848,11.2587
29.932,-0.0000,1.0000,0.0000,6,127.02,0.3644,0.0319,7750.94,0.0,5.57429,12.9188,21.4133,31.5073,38.291,41.7814,43.6567,45.3029,46.4801,47.6577,48.8352,50.0124,51.6583,53.5342,57.0327,63.9156,74.9013,23.1916,11.2244
29.950,-0.0000,1.0000,0.0000,6,127.27,0.3603,0.0320,8017.09,0.0,5.61055,13.0037,21.4127,31.1141,37.7063,41.1176,42.955,44.5704,45.7269,46.8848,48.0437,49.2031,50.8257,52.677,56.135,62.9557,73.8814,23.2275,11.1902
29.976,-0.0000,1.0000,0.0000,6,127.76,0.3561,0.0320,8058.07,0.0,5.64694,13.0884,21.3777,30.7099,37.1156,40.4485,42.2483,43.833,44.9688,46.1069,47.2469,48.3885,49.9877,51.8143,55.2312,61.9887,72.8531,23.2963,11.156
29.995,-0.0000,1.0000,0.0000,6,128.28,0.3520,0.0320,8083.77,0.0,5.68341,13.1731,21.3125,30.2959,36.5197,39.7751,41.5374,43.0913,44.2064,45.3247,46.4459,47.5695,49.1451,50.9466,54.322,61.0152,71.8169,23.4023,11.1218
30.019,-0.0000,1.0000,0.0000,6,128.79,0.3478,0.0320,8110.93,0.0,5.72009,13.2581,21.2208,29.8734,35.9194,39.0982,40.8231,42.3463,43.4406,44.539,45.6413,46.7468,48.2985,50.0747,53.4081,60.0358,70.7732,23.5507,11.0874
30.045,-0.0000,1.0000,0.0000,6,129.30,0.3436,0.0320,8141.73,0.0,5.75689,13.3433,21.1045,29.4424,35.3149,38.4177,40.1054,41.598,42.6714,43.7499,44.8331,45.9204,47.448,49.1987,52.4895,59.0507,69.7221,23.7484,11.0529
30.064,-0.0000,1.0000,0.0000,6,129.81,0.3394,0.0320,8172.99,0.0,5.7939,13.4291,20.9658,29.0036,34.7065,37.734,39.3847,40.8467,41.8992,42.9578,44.0218,45.0908,46.5941,48.319,51.5666,58.06,68.6638,24.0041,11.0182
30.088,-0.0000,1.0000,0.0000,6,130.33,0.3351,0.0320,8205.05,0.0,5.83102,13.515,20.8061,28.5571,34.0941,37.0471,38.661,40.0923,41.1241,42.1626,43.2073,44.2578,45.7367,47.4355,50.6393,57.0638,67.5981,24.3298,10.9834
30.107,-0.1378,0.0000,0.0000,6,130.84,0.3309,0.0320,8242.01,0.0,5.86827,13.5954,20.627,28.1031,33.4778,36.357,37.9341,39.335,40.3457,41.3642,42.3896,43.4216,44.8757,46.5482,49.7076,56.0618,66.525,24.7431,10.9485
30.132,-0.4240,0.0000,0.0000,6,130.90,0.3264,0.0345,7990.81,0.0,5.92342,13.7572,20.6124,27.8812,33.1241,35.9408,37.4863,38.8604,39.8527,40.8532,41.8613,42.8765,44.3079,45.9558,49.073,55.3566,65.7388,24.9448,10.8861
30.151,-0.4699,0.0000,0.0000,6,130.67,0.3211,0.0428,7974.17,0.0,6.02436,14.148,21.0016,28.2021,33.3808,36.1618,37.6882,39.0448,40.0246,41.0128,42.0089,43.0119,44.4261,46.0547,49.1367,55.3537,65.6382,24.4486,10.7589
30.176,-0.3640,0.0000,0.0000,6,130.38,0.3145,0.0574,7956.95,0.0,6.18173,14.7995,21.8254,29.0924,34.2738,37.0466,38.5656,39.9146,40.8888,41.8709,42.86,43.8553,45.2584,46.8741,49.9282,56.084,66.255,23.2846,10.5648
30.194,-0.0000,0.0000,0.0000,6,130.09,0.3064,0.0764,7938.41,0.0,6.39175,15.6561,22.9676,30.3833,35.6061,38.3854,39.9045,41.2523,42.2241,43.2027,44.1877,45.1786,46.5744,48.1794,51.2105,57.3066,67.3528,21.8547,10.3271
30.219,-0.0000,0.0000,0.0000,6,129.83,0.2969,0.0964,7920.68,0.0,6.63558,16.5799,24.1935,31.7619,37.0269,39.8131,41.3327,42.6781,43.6475,44.6232,45.6046,46.5907,47.9784,49.573,52.5802,58.615,68.5356,20.544,10.081
30.239,-0.0000,0.0000,0.0000,6,129.63,0.2865,0.1083,7907.69,0.0,6.833,17.1107,24.7918,32.3492,37.583,40.3484,41.855,43.1891,44.1502,45.1173,46.0896,47.0665,48.4413,50.0211,52.9987,58.9739,68.7967,19.917,9.90366
30.264,-0.0000,0.0000,0.0000,6,129.44,0.2753,0.1146,7896.75,0.0,6.99486,17.3431,24.931,32.3724,37.5279,40.2544,41.7406,43.0573,44.0062,44.961,45.9211,46.8863,48.2452,49.8069,52.7525,58.6696,68.4147,19.691,9.76853
30.283,-0.0000,0.0000,0.0000,6,129.27,0.2631,0.1177,7886.68,0.0,7.14052,17.4116,24.8271,32.1002,37.1536,39.8316,41.2933,42.5894,43.5237,44.4643,45.4108,46.3626,47.7035,49.2455,52.157,58.0161,67.6926,19.6768,9.65139
30.307,-0.0000,0.0000,0.0000,6,129.10,0.2501,0.1190,7876.88,0.0,7.27717,17.3838,24.5871,31.6642,36.6017,39.2257,40.6602,41.9332,42.8517,43.7768,44.7083,45.6458,46.9673,48.4882,51.3636,57.1633,66.7744,19.8037,9.54512
30.325,-0.0000,0.0000,0.0000,6,128.93,0.2363,0.1193,7866.98,0.0,7.39903,17.3041,24.2806,31.1505,35.9655,38.5326,39.9383,41.187,42.0888,42.9977,43.9135,44.8358,46.1369,47.6358,50.4735,56.2118,65.7572,20.0314,9.45013
30.351,-0.0000,0.0000,0.0000,6,128.76,0.2221,0.1193,7857.0,0.0,7.50766,17.1988,23.948,30.6097,35.3007,37.8096,39.1858,40.4098,41.2943,42.1866,43.0863,43.9929,45.2731,46.7494,49.5483,55.2232,64.7008,20.3394,9.36374
30.370,-0.0000,0.0000,0.0000,6,128.60,0.2075,0.1192,7847.02,0.0,7.60475,17.0796,23.6081,30.0653,34.633,37.0837,38.4303,39.6293,40.4965,41.3719,42.2553,43.1461,44.4049,45.8581,48.6174,54.2272,63.6347,20.7256,9.28507
30.395,-0.0000,0.0000,0.0000,6,128.44,0.1927,0.1190,7837.08,0.0,7.69074,16.9503,23.266,29.5246,33.9709,36.3638,37.6808,38.8548,39.7047,40.5633,41.4302,42.3051,43.5424,44.9723,47.6913,53.2348,62.5698,21.2029,9.21431
30.413,-0.2544,0.0000,0.0000,6,128.28,0.1777,0.1189,7827.2,0.0,7.7656,16.8115,22.9228,28.9887,33.3158,35.6516,36.9393,38.0884,38.9209,39.7627,40.6131,41.472,42.6877,44.0942,46.7725,52.2485,61.5088,21.7973,9.15203
30.439,-0.7173,0.0000,0.0000,6,128.08,0.1623,0.1219,7816.17,0.0,7.8585,16.7863,22.763,28.6927,32.931,35.2227,36.4875,37.6168,38.4355,39.2635,40.1006,40.9463,42.1442,43.5308,46.1743,51.5894,60.7751,22.1343,9.07147
30.457,-0.8586,0.0000,0.0000,6,127.81,0.1458,0.1303,7801.21,0.0,8.01219,17.0409,23.0322,28.9475,33.1647,35.4424,36.6993,37.8208,38.6336,39.4558,40.287,41.1268,42.3158,43.6918,46.3156,51.6887,60.8056,21.5717,8.93337
30.483,-0.7738,0.0000,0.0000,6,127.46,0.1288,0.1367,7781.49,0.0,8.22197,17.5378,23.665,29.6634,33.9128,36.2011,37.461,38.5843,39.3981,40.2209,41.0522,41.8913,43.0784,44.4516,47.0673,52.4135,61.466,20.3758,8.7473
30.501,-0.5335,0.0000,0.0000,6,127.08,0.1116,0.1474,7758.76,0.0,8.4777,18.2217,24.5686,30.7119,35.0261,37.3378,38.608,39.7393,40.5578,41.3843,42.2185,43.0599,44.2497,45.6244,48.2374,53.5638,62.5501,18.9744,8.53032
30.526,-0.0000,0.0000,0.0000,6,126.68,0.0938,0.1606,7734.48,0.0,8.76858,19.0383,25.6526,31.9702,36.3627,38.7037,39.9868,41.1272,41.9511,42.7826,43.6211,44.4663,45.6593,47.0357,49.6482,54.9553,63.8644,17.6193,8.29817
30.544,-0.0000,1.0000,0.0000,6,126.31,0.0756,0.1747,7710.4,0.0,9.08326,19.9328,26.8306,33.3266,37.7958,40.1647,41.4591,42.6081,43.4376,44.2734,45.1152,45.9628,47.1582,48.5359,51.1446,56.4313,65.2459,16.4103,8.06302
30.570,-0.0000,1.0000,0.0000,6,126.20,0.0572,0.1834,8006.9,0.0,9.34632,20.5902,27.6535,34.2371,38.7362,41.112,42.4089,43.5585,44.3874,45.2223,46.063,46.909,48.1015,49.4739,52.0707,57.3278,66.0459,15.6283,7.8689
30.595,-0.0000,1.0000,0.0000,6,126.58,0.0390,0.1841,8105.49,0.0,9.52149,20.8696,27.9331,34.4893,38.961,41.3208,42.6085,43.7495,44.5722,45.401,46.2354,47.0751,48.2581,49.6198,52.1968,57.4137,66.0533,15.2668,7.72684
30.614,-0.0000,1.0000,0.0000,6,127.07,0.0208,0.1805,8118.88,0.0,9.64815,20.9449,27.924,34.3955,38.8115,41.1437,42.4163,43.5445,44.3581,45.178,46.0037,46.8345,48.0053,49.3535,51.9064,57.0789,65.651,15.1006,7.61007
30.638,-0.0000,1.0000,0.0000,6,127.61,0.0026,0.1739,8112.78,0.0,9.73942,20.878,27.7165,34.0641,38.4047,40.7007,41.9544,43.0666,43.8692,44.6781,45.493,46.3132,47.4696,48.8021,51.3275,56.4517,64.9631,15.0714,7.51081
30.658,-0.0000,1.0000,0.0000,6,128.16,-0.0154,0.1650,8103.81,0.0,9.80243,20.706,27.3638,33.5586,37.8085,40.0616,41.2934,42.3868,43.1764,43.9727,44.7752,45.5833,46.7235,48.0382,50.5326,55.6045,64.0583,15.1584,7.42586
30.683,-0.0000,1.0000,0.0000,6,128.69,-0.0332,0.1546,8115.58,0.0,9.84497,20.468,26.9222,32.9461,37.0952,39.3006,40.508,41.5808,42.356,43.1383,43.9272,44.7221,45.8443,47.1395,49.6001,54.6155,63.0113,15.3426,7.35223
30.701,-0.3569,1.0000,0.0000,6,129.20,-0.0504,0.1435,8143.3,0.0,9.8757,20.2056,26.4511,32.2989,36.3432,38.4988,39.6807,40.7319,41.492,42.2596,43.0341,43.8151,44.9186,46.1932,48.618,53.5737,61.9084,15.5969,7.28637
30.726,-0.9329,1.0000,0.0000,6,129.68,-0.0671,0.1346,8180.61,0.0,9.92456,20.0355,26.1164,31.8196,35.7751,37.8877,39.0473,40.0794,40.8262,41.5807,42.3425,43.1109,44.1973,45.4531,47.845,52.7436,61.0121,15.7658,7.21114
30.745,-1.0000,1.0000,0.0000,6,130.08,-0.0837,0.1313,8225.32,0.0,10.0319,20.1014,26.1195,31.7554,35.6637,37.7516,38.8979,39.9185,40.6572,41.4035,42.1569,42.917,43.9919,45.235,47.6036,52.4579,60.6554,15.5992,7.10114
30.770,-1.0000,1.0000,0.0000,6,130.39,-0.1002,0.1328,8274.27,0.0,10.1908,20.3663,26.4049,32.0368,35.9334,38.0121,39.153,40.1687,40.9035,41.6455,42.3945,43.1502,44.2188,45.4544,47.8091,52.63,60.7537,15.1416,6.96112
30.789,-0.6926,1.0000,0.0000,6,130.66,-0.1167,0.1379,8316.72,0.0,10.39,20.7795,26.8965,32.5685,36.4769,38.5574,39.6985,40.7133,41.4468,42.1875,42.9349,43.6889,44.7547,45.987,48.3342,53.1276,61.1726,14.5074,6.80012
30.814,-0.1060,1.0000,0.0000,6,130.90,-0.1335,0.1452,8361.63,0.0,10.6175,21.2901,27.5203,33.2567,37.1894,39.2778,40.4211,41.437,42.1712,42.9121,43.6596,44.4134,45.4787,46.7098,49.0514,53.8171,61.7759,13.807,6.62723
30.832,-0.0000,1.0000,0.0000,6,131.12,-0.1505,0.1538,8410.14,0.0,10.8639,21.8603,28.2208,34.0319,37.9939,40.0911,41.2377,42.256,42.9914,43.7335,44.4818,45.2361,46.3018,47.5322,49.866,54.6015,62.4658,13.1076,6.44906
30.856,-0.0000,1.0000,0.0000,6,131.42,-0.1676,0.1611,8449.19,0.0,11.0994,22.3811,28.8466,34.7126,38.6931,40.7945,41.9424,42.9613,43.6971,44.4391,45.1872,45.9411,47.0048,48.2307,50.5543,55.2536,63.0206,12.5103,6.27972
30.876,-0.0000,1.0000,0.0000,6,131.91,-0.1843,0.1613,8455.32,0.0,11.2472,22.582,29.0343,34.8718,38.8272,40.9145,42.0547,43.0668,43.7976,44.5348,45.2779,46.0263,47.0816,48.2977,50.6022,55.2582,62.9447,12.2043,6.15036
30.902,-0.0000,1.0000,0.0000,6,132.45,-0.2008,0.1565,8452.1,0.0,11.3314,22.5572,28.9169,34.6703,38.5719,40.6327,41.759,42.7593,43.4817,44.2105,44.9453,45.685,46.7286,47.9316,50.2116,54.8214,62.4407,12.0806,6.04735
30.920,-0.3427,1.0000,0.0000,6,133.01,-0.2170,0.1485,8446.83,0.0,11.374,22.3922,28.6117,34.2471,38.077,40.1033,41.2118,42.1968,42.9085,43.6269,44.3511,45.0805,46.1099,47.2975,49.5497,54.1106,61.6699,12.075,5.96143
30.945,-1.0000,1.0000,0.0000,6,133.53,-0.2329,0.1401,8453.95,0.0,11.4086,22.2091,28.2845,33.7985,37.5544,39.5451,40.6351,41.6042,42.305,43.0123,43.7256,44.4443,45.4592,46.6308,48.8543,53.3649,60.8633,12.0939,5.8792
30.964,-1.0000,1.0000,0.0000,6,133.96,-0.2487,0.1347,8482.85,0.0,11.478,22.1553,28.1352,33.5626,37.2631,39.2264,40.3022,41.259,41.951,42.6494,43.3536,44.0635,45.0662,46.2242,48.4218,52.8846,60.3143,11.9989,5.78196
30.989,-1.0000,1.0000,0.0000,6,134.30,-0.2646,0.1326,8523.79,0.0,11.5857,22.2391,28.1744,33.5528,37.2184,39.1639,40.23,41.1784,41.864,42.5556,43.2531,43.9562,44.9496,46.0964,48.2723,52.6907,60.0449,11.7737,5.66818
31.008,-1.0000,1.0000,0.0000,6,134.58,-0.2804,0.1337,8569.12,0.0,11.7296,22.4485,28.3841,33.7469,37.3964,39.3327,40.3937,41.3366,42.0176,42.7046,43.3975,44.0959,45.0824,46.2198,48.3779,52.7549,60.0275,11.4341,5.53961
31.032,-0.5654,1.0000,0.0000,6,134.83,-0.2963,0.1371,8615.35,0.0,11.9042,22.7609,28.7326,34.1058,37.7544,39.6884,40.7464,41.6857,42.364,43.0483,43.7383,44.4332,45.4134,46.5433,48.6861,53.0228,60.2112,11.014,5.39965
31.051,-0.0000,1.0000,0.0000,6,135.05,-0.3122,0.1424,8656.38,0.0,12.1035,23.1526,29.1859,34.5875,38.2457,40.1806,41.2371,42.1748,42.8518,43.5341,44.2211,44.9125,45.8878,47.0117,49.1387,53.4347,60.583,10.5489,5.25186
31.077,-0.0000,1.0000,0.0000,6,135.27,-0.3282,0.1486,8694.56,0.0,12.3165,23.5847,29.6903,35.1276,38.7994,40.7347,41.7907,42.7271,43.402,44.0817,44.7659,45.4545,46.4252,47.5421,49.6528,53.9062,18.1147,10.079,5.1012
31.095,-0.0000,1.0000,0.0000,6,135.59,-0.3442,0.1527,8724.49,0.0,12.503,23.925,30.0696,35.5205,39.1912,41.1218,42.1741,43.1056,43.7769,44.4529,45.1333,45.8178,46.7811,47.8889,49.9821,54.1901,16.5163,9.69133,4.9616
31.121,-0.0000,1.0000,0.0000,6,136.10,-0.3597,0.1506,8728.46,0.0,12.6038,23.9853,30.0797,35.4817,39.1173,41.0291,42.0702,42.9921,43.6565,44.3256,44.999,45.6759,46.6287,47.7247,49.7953,53.9572,16.1001,9.48615,4.85123
31.139,-0.0000,1.0000,0.0000,6,136.66,-0.3749,0.1442,8724.97,0.0,12.6466,23.8615,29.8487,35.1619,38.7411,40.6247,41.6506,42.5595,43.2149,43.875,44.5392,45.2069,46.1474,47.2296,49.2749,53.3904,16.3074,9.39482,4.75964
31.164,-0.0000,1.0000,0.0000,6,137.22,-0.3896,0.1348,8723.54,0.0,12.6495,23.6178,29.4618,34.6598,38.1687,40.0179,41.026,41.9196,42.5643,43.2139,43.8676,44.5251,45.4516,46.5185,48.5365,52.6046,17.1571,9.38501,4.68171
31.190,-0.0000,1.0000,0.0000,6,137.79,-0.4038,0.1236,8727.0,0.0,12.6245,23.2977,28.9764,34.0423,37.4715,39.2821,40.2702,41.1469,41.7797,42.4176,43.0598,43.7062,44.6175,45.6678,47.6566,51.6754,20.111,9.44176,4.61489
31.207,-0.0000,1.0000,0.0000,6,138.35,-0.4172,0.1111,8742.35,0.0,12.5805,22.9343,28.4366,33.3609,36.7047,38.4742,39.441,40.2995,40.9197,41.5451,42.1752,42.8096,43.7048,44.7374,46.6955,50.6625,57.6895,9.55681,4.55821
31.227,-0.0000,1.0000,0.0000,6,138.90,-0.4296,0.0981,8768.93,0.0,12.5245,22.553,27.8767,32.6565,35.9127,37.6398,38.5846,39.4243,40.0312,40.6438,41.2613,41.8834,42.7619,43.776,45.702,49.615,56.5231,9.72481,4.51129
31.251,-0.2897,1.0000,0.0000,6,139.45,-0.4409,0.0850,8801.09,0.0,12.4601,22.1682,27.3162,31.9526,35.1211,36.8054,37.7281,38.5488,39.1424,39.7418,40.3465,40.9561,41.8175,42.8127,44.7058,48.5627,55.3529,9.94666,4.47445
31.277,-0.8339,1.0000,0.0000,6,139.96,-0.4511,0.0742,8837.68,0.0,12.4175,21.8736,26.8802,31.3989,34.4939,36.1414,37.0448,37.8489,38.4309,39.0188,39.612,40.2104,41.0563,42.0345,43.8971,47.7002,54.4081,10.1283,4.43637
31.295,-1.0000,1.0000,0.0000,6,140.40,-0.4605,0.0694,8883.78,0.0,12.4384,21.7915,26.7314,31.1905,34.2446,35.87,36.7617,37.5557,38.1302,38.7103,39.2958,39.8864,40.7218,41.6881,43.5276,47.2861,53.9998,10.0989,4.37799
31.321,-0.9046,1.0000,0.0000,6,140.76,-0.4695,0.0697,8934.25,0.0,12.5102,21.8766,26.8089,31.2537,34.2925,35.9078,36.794,37.5825,38.1525,38.7281,39.3089,39.895,40.7239,41.6822,43.5046,47.2265,54.0463,9.88451,4.30265
31.339,-0.6396,1.0000,0.0000,6,141.06,-0.4782,0.0734,8990.72,0.0,12.6171,22.0759,27.0405,31.5003,34.5396,36.1531,37.0369,37.8224,38.3902,38.9634,39.5418,40.1254,40.95,41.9019,43.7118,47.4012,54.445,9.55563,4.21659
31.364,-0.3322,1.0000,0.0000,6,141.32,-0.4866,0.0793,9048.22,0.0,12.7469,22.3485,27.3702,31.8615,34.91,36.5248,37.4078,38.1923,38.7592,39.3315,39.9084,40.4896,41.3102,42.2574,44.0571,47.7178,55.1193,9.17461,4.12497
31.383,-0.0000,1.0000,0.0000,6,141.58,-0.4949,0.0862,9103.96,0.0,12.889,22.659,27.7485,32.2771,35.3385,36.9547,37.838,38.6224,39.1886,39.7592,40.3341,40.9132,41.7306,42.6739,44.4616,48.1502,55.9995,8.7877,4.03203
31.409,-0.0000,1.0000,0.0000,6,141.90,-0.5029,0.0918,9150.4,0.0,13.0164,22.9259,28.067,32.6198,35.6854,37.3006,38.1825,38.9642,39.528,40.0962,40.6686,41.2451,42.0586,42.9953,44.7691,48.5549,56.8614,8.46428,3.94688
31.427,-0.0000,1.0000,0.0000,6,142.40,-0.5102,0.0906,9164.27,0.0,13.0593,22.9424,28.0565,32.5761,35.6148,37.2156,38.0886,38.8624,39.4207,39.9833,40.5502,41.1211,41.9256,42.8521,44.6073,48.4679,57.0319,8.35033,3.89171
31.451,-0.5406,1.0000,0.0000,6,142.97,-0.5169,0.0845,9162.33,0.0,13.0368,22.769,27.7979,32.2424,35.2325,36.8088,37.6684,38.4308,38.981,39.5357,40.0948,40.6574,41.4506,42.3646,44.0976,47.9799,56.6268,8.39171,3.85965
31.470,-1.0000,1.0000,0.0000,6,143.52,-0.5230,0.0765,9163.29,0.0,12.9891,22.5277,27.451,31.8061,34.7401,36.288,37.1328,37.8825,38.4237,38.9695,39.5196,40.0733,40.8543,41.7546,43.4664,47.3448,56.0082,8.50359,3.83842
31.496,-1.0000,1.0000,0.0000,6,143.99,-0.5289,0.0700,9180.58,0.0,12.9569,22.3394,27.1743,31.4523,34.3371,35.8594,36.6908,37.4288,37.9619,38.4996,39.0411,39.5865,40.356,41.2437,42.9417,46.8398,55.5804,8.58533,3.81442
31.514,-1.0000,1.0000,0.0000,6,144.36,-0.5344,0.0652,9209.07,0.0,12.9437,22.214,26.9809,31.1969,34.0405,35.5409,36.3607,37.0888,37.6147,38.1447,38.6787,39.2166,39.9759,40.852,42.5512,46.4999,55.3981,8.61983,3.78622
31.539,-1.0000,1.0000,0.0000,6,144.68,-0.5396,0.0622,9245.45,0.0,12.949,22.1495,26.8684,31.037,33.8472,35.3295,36.1398,36.8593,37.3785,37.9019,38.4293,38.9606,39.7108,40.5772,42.302,46.3351,55.4817,8.60225,3.75388
31.558,-0.7738,1.0000,0.0000,6,144.96,-0.5444,0.0612,9286.59,0.0,12.9718,22.1428,26.8323,30.967,33.7507,35.2189,36.0213,36.7329,37.2464,37.7641,38.286,38.8117,39.5542,40.4285,42.1994,46.3541,55.8515,8.53306,3.71759
31.583,-0.0000,1.0000,0.0000,6,145.21,-0.5489,0.0617,9327.11,0.0,13.0098,22.186,26.8615,30.9737,33.7368,35.1938,35.9887,36.6937,37.2025,37.7156,38.2327,38.7538,39.5053,40.408,42.24,46.5556,56.5154,8.41969,3.67835
31.601,-0.0000,1.0000,0.0000,6,145.45,-0.5531,0.0635,9367.13,0.0,13.0576,22.2626,26.9333,31.0299,33.7772,35.2234,36.0121,36.7115,37.2163,37.7253,38.243,38.7778,39.5573,40.4951,42.402,46.9153,57.4481,8.2798,3.63802
31.627,-0.0000,1.0000,0.0000,6,145.70,-0.5570,0.0652,9403.38,0.0,13.1021,22.3317,26.9954,31.0747,33.8054,35.2403,36.0228,36.7169,37.22,37.7389,38.2756,38.8306,39.6405,40.6161,42.6042,47.334,58.5065,8.15235,3.60106
31.646,-0.0000,1.0000,0.0000,6,146.16,-0.5601,0.0621,9417.82,0.0,13.0898,22.2407,26.8518,30.881,33.5773,34.9939,35.7667,36.4568,36.9685,37.4977,38.0451,38.6118,39.4392,40.437,42.4738,47.3383,58.9385,8.18002,3.58601
31.671,-0.0000,1.0000,0.0000,6,146.73,-0.5623,0.0546,9419.34,0.0,13.0217,21.9944,26.5094,30.4577,33.1027,34.494,35.2539,35.9436,36.4564,36.9869,37.536,38.1045,38.9351,39.9374,41.9856,46.8901,58.6578,8.37273,3.59336
31.688,-0.0000,1.0000,0.0000,6,147.33,-0.5637,0.0440,9414.78,0.0,12.915,21.6452,26.0359,29.8826,32.4652,33.8261,34.5726,35.2555,35.7633,36.2887,36.8327,37.3961,38.2195,39.2134,41.2459,46.1203,57.8595,8.71609,3.61942
31.715,-0.0000,1.0000,0.0000,6,147.95,-0.5642,0.0310,9411.98,0.0,12.7797,21.2241,25.471,29.2017,31.7136,33.0401,33.7707,34.4407,34.939,35.4547,35.9886,36.5417,37.35,38.326,40.3225,45.114,56.6742,9.23184,3.66366
31.733,-0.1696,1.0000,0.0000,6,148.55,-0.5636,0.0165,9418.34,0.0,12.6237,20.7565,24.848,28.4535,30.889,32.1783,32.8899,33.5431,34.0289,34.5317,35.0522,35.5914,36.3796,37.3312,39.2781,43.9512,55.2301,9.97601,3.72637
31.758,-0.9117,1.0000,0.0000,6,149.13,-0.5618,0.0024,9439.6,0.0,12.4724,20.3164,24.2633,27.7508,30.1134,31.3669,32.0618,32.7005,33.1755,33.6672,34.1763,34.7037,35.4747,36.4057,38.3108,42.8859,53.9416,10.9405,3.79911
31.783,-1.0000,1.0000,0.0000,6,149.63,-0.5590,-0.0076,9481.24,0.0,12.3553,19.9882,23.8268,27.2236,29.5286,30.7542,31.4433,32.0774,32.5491,33.0376,33.5435,34.0677,34.8344,35.7607,37.6578,42.2231,53.3101,11.9601,3.86698
31.802,-1.0000,1.0000,0.0000,6,150.03,-0.5552,-0.0131,9528.26,0.0,12.2751,19.7782,23.5469,26.8826,29.1475,30.3636,31.0594,31.7002,32.1772,32.6714,33.1836,33.7146,34.4918,35.4318,37.3603,42.0192,53.4429,12.8942,3.92483
31.827,-1.0000,1.0000,0.0000,6,150.36,-0.5507,-0.0149,9576.71,0.0,12.2231,19.659,23.3873,26.685,28.9246,30.1621,30.8753,31.5328,32.0228,32.5308,33.0577,33.6046,34.4058,35.3762,37.3722,42.2217,54.2822,13.6255,3.97399
31.846,-1.0000,1.0000,0.0000,6,150.64,-0.5454,-0.0140,9625.88,0.0,12.1889,19.5987,23.306,26.5806,28.8264,30.1069,30.8463,31.5289,32.0383,32.5669,33.1158,33.6862,34.523,35.5384,37.6335,42.7616,55.7522,14.1177,4.01786
31.871,-1.0000,1.0000,0.0000,6,150.87,-0.5396,-0.0114,9674.57,0.0,12.1654,19.575,23.2736,26.5344,28.8336,30.1698,30.9433,31.6586,32.1932,32.7486,33.3261,33.927,34.8101,35.8841,38.1086,43.6024,57.8402,14.3609,4.05905
31.889,-1.0000,1.0000,0.0000,6,151.07,-0.5332,-0.0077,9726.68,0.0,12.1471,19.571,23.268,26.5281,28.9285,30.3324,31.1474,31.9026,32.4678,33.056,33.6686,34.3068,35.2468,36.3931,38.7778,44.7298,60.5842,14.4129,4.09979
31.914,-1.0000,1.0000,0.0000,6,151.23,-0.5263,-0.0031,9775.79,0.0,12.1304,19.5772,23.2763,26.5801,29.1035,30.5874,31.4515,32.254,32.8558,33.483,34.1374,34.8205,35.8288,37.0622,39.6414,46.1586,64.0977,14.3681,4.14225
31.933,-1.0000,1.0000,0.0000,6,151.38,-0.5190,0.0017,9818.61,0.0,12.1112,19.5814,23.2824,26.6803,29.3431,30.9182,31.8387,32.6958,33.3398,34.0124,34.7154,35.4508,36.5392,37.875,40.6848,47.8861,68.4916,14.3542,4.188
31.958,-1.0000,1.0000,0.0000,6,151.50,-0.5113,0.0060,9857.5,0.0,12.0862,19.5731,23.2731,26.8155,29.6322,31.3093,32.2932,33.2118,33.9037,34.6278,35.3863,36.1815,37.3617,38.8159,41.8949,49.9136,73.9275,14.4648,4.23853
31.977,-1.0000,1.0000,0.0000,6,151.62,-0.5031,0.0095,9892.64,0.0,12.0525,19.5441,23.2594,26.9758,29.9599,31.7492,32.8034,33.7905,34.5359,35.3178,36.1387,37.0015,38.2862,39.8757,43.266,52.2565,80.6592,14.7842,4.29507
32.002,-1.0000,1.0000,0.0000,6,151.71,-0.4945,0.0125,9927.06,0.0,12.0083,19.4904,23.2552,27.1555,30.3198,32.2316,33.3629,34.4258,35.2307,36.0769,36.9677,37.9066,39.3093,41.0529,44.8022,54.9486,89.0908,15.5532,4.35901
32.020,-1.0000,1.0000,0.0000,6,151.81,-0.4854,0.0149,9956.91,0.0,11.9527,19.4097,23.2572,27.3503,30.7078,32.7526,33.9685,35.1148,35.9854,36.9033,37.8722,38.8963,40.4322,42.3511,46.5145,58.0414,99.8606,28.8974,4.43095
32.046,-1.0000,1.0000,0.0000,6,151.90,-0.4759,0.0165,9982.68,0.0,11.8852,19.3006,23.2623,27.5563,31.1195,33.308,34.6161,35.854,36.7973,37.7944,38.8502,39.9698,41.6558,43.7739,48.4149,61.5988,113.981,20.9918,4.51115
32.064,-1.0000,1.0000,0.0000,6,151.99,-0.4658,0.0165,10004.7,0.0,11.8054,19.1674,23.2676,27.7697,31.5509,33.8941,35.3024,36.6404,37.6635,38.7484,39.9007,41.1269,42.9817,45.3262,50.519,65.7035,133.174,20.6019,4.60016
32.089,-1.0000,1.0000,0.0000,6,152.09,-0.4552,0.0158,10023.1,0.0,11.7125,19.0302,23.2713,27.9877,31.999,34.5082,36.0251,37.4724,38.5831,39.7648,41.0243,42.3696,44.4144,47.016,52.8476,70.4675,153.054,20.5382,4.69947
32.108,-1.0000,1.0000,0.0000,6,152.19,-0.4441,0.0144,10038.1,0.0,11.6065,18.891,23.2723,28.2089,32.4625,35.1496,36.784,38.3504,39.5573,40.8458,42.2244,43.7028,45.9615,48.8563,55.4307,76.0469,167.026,20.5668,4.80984
32.133,-1.0000,1.0000,0.0000,6,152.30,-0.4324,0.0123,10050.3,0.0,11.4887,18.7521,23.2741,28.4382,32.9486,35.8276,37.5901,39.2875,40.6008,42.0081,43.52,45.1483,47.6505,50.8825,58.3309,82.7065,178.473,20.6133,4.93091
32.151,-1.0000,1.0000,0.0000,6,152.41,-0.4201,0.0088,10059.8,0.0,11.3594,18.614,23.2769,28.6764,33.4593,36.5457,38.4481,40.2897,41.7209,43.261,44.9227,46.7208,49.5011,53.1237,61.6091,90.7892,188.368,20.6658,5.06342
32.177,-1.0000,1.0000,0.0000,6,152.54,-0.4071,0.0044,10065.6,0.0,11.219,18.4769,23.281,28.9235,33.9954,37.3058,39.3612,41.3618,42.9241,44.6126,46.4431,48.434,51.5334,55.6105,65.3362,100.783,197.134,20.7198,5.20927
32.195,-1.0000,1.0000,0.0000,6,152.67,-0.3934,-0.0006,10066.3,0.0,11.067,18.3397,23.2841,29.1758,34.5522,38.1033,40.3252,42.5005,44.208,46.062,48.0822,50.2917,53.757,58.3635,69.5785,113.364,200.0,20.7807,5.36978
32.221,-1.0000,1.0000,0.0000,6,152.81,-0.3790,-0.0062,10066.3,0.0,10.9042,18.2051,23.2899,29.4391,35.1387,38.9506,41.3551,43.7238,45.5934,47.6337,49.8692,52.329,56.2184,61.4493,74.4814,129.774,200.0,20.8343,5.54539
32.239,-1.0000,1.0000,0.0000,6,152.96,-0.3639,-0.0126,10065.7,0.0,10.7321,18.0774,23.3054,29.7247,35.7723,39.8705,42.4781,45.0642,47.1175,49.3708,51.8545,54.6058,58.9955,64.977,80.2793,145.113,108.106,20.8653,5.73654
32.265,-0.6784,1.0000,0.0000,6,153.12,-0.3480,-0.0201,10064.6,0.0,10.551,17.9576,23.3325,30.0363,36.4601,40.8745,43.7094,46.5413,48.8044,51.3029,54.0754,57.1692,62.1558,69.0517,87.2453,156.028,83.1511,20.8753,5.94638
32.283,-0.1661,1.0000,0.0000,6,153.29,-0.3312,-0.0280,10056.1,0.0,10.3611,17.8457,23.3707,30.3733,37.2031,41.9661,45.0555,48.1657,50.6687,53.4505,56.5599,60.0584,65.7614,73.7818,95.7194,164.988,69.6652,20.8705,6.17663
32.308,-0.0000,1.0000,0.0000,6,153.47,-0.3135,-0.0365,10047.8,0.0,10.1717,17.7382,23.4135,30.7242,37.9853,43.1275,46.498,49.9196,52.6942,55.7998,59.2992,63.2721,69.8307,79.2313,106.054,172.621,61.321,20.8658,6.43001
32.327,-0.0000,1.0000,0.0000,6,153.66,-0.2948,-0.0457,10039.8,0.0,9.98883,17.6251,23.4413,31.0536,38.7521,44.2893,47.9578,51.7141,54.7842,58.2465,62.181,66.691,74.2388,85.2854,118.37,179.041,55.8873,20.8923,6.68689
32.352,-0.0000,1.0000,0.0000,6,154.07,-0.2750,-0.0581,10026.7,0.0,9.80259,17.462,23.3703,31.2066,39.2538,45.1197,49.0424,53.0896,56.4205,60.2023,64.5327,69.5401,78.0262,90.6909,129.887,183.532,52.9256,21.0713,6.93834
32.371,-0.0000,1.0000,0.0000,6,154.61,-0.2539,-0.0726,10004.8,0.0,9.613,17.2472,23.1931,31.1604,39.4403,45.5396,49.6487,53.914,57.4444,61.4745,66.1181,71.5265,80.7885,94.8412,136.198,186.303,51.5579,21.3915,7.18655
32.396,-0.0000,1.0000,0.0000,6,155.21,-0.2314,-0.0892,9977.06,0.0,9.4189,16.9743,22.8948,30.8794,39.2407,45.4417,49.6396,54.0144,57.6487,61.8124,66.6298,72.2676,81.9906,96.9089,138.745,187.349,51.4833,21.8685,7.43544
32.420,-0.0000,1.0000,0.0000,6,155.82,-0.2074,-0.1079,9955.68,0.0,9.22162,16.6498,22.4854,30.3771,38.6679,44.8343,49.0174,53.3842,57.0177,61.1868,66.0193,71.6864,81.4898,96.6061,138.588,186.845,52.4636,22.495,7.68608
32.439,-0.0000,1.0000,0.0000,6,156.43,-0.1821,-0.1188,9944.4,0.0,9.02432,16.2912,21.9989,29.716,37.8212,43.8482,47.9361,52.2029,55.7527,59.8254,64.5454,70.0796,79.6509,94.4033,136.479,185.171,54.2366,23.2382,7.93694
32.465,-0.0000,1.0000,0.0000,6,157.03,-0.1577,-0.1199,9946.63,0.0,8.83074,15.9204,21.4788,28.9792,36.8386,42.6708,46.6207,50.7384,54.1602,58.0818,62.6207,67.9347,77.1049,91.1892,133.137,182.805,56.5052,24.048,8.18468
32.483,-0.0000,1.0000,0.0000,6,157.62,-0.1344,-0.1212,9956.12,0.0,8.64353,15.5558,20.9621,28.2389,35.841,41.4673,45.2703,49.2288,52.5135,56.2725,60.616,65.6917,74.4258,87.78,129.222,180.198,58.9685,24.8723,8.42604
32.508,-0.0000,1.0000,0.0000,6,158.19,-0.1119,-0.1225,9979.21,0.0,8.4637,15.2073,20.4701,27.5369,34.8992,40.3344,44.0019,47.8137,50.9724,54.5825,58.7477,63.6064,71.9458,84.6442,125.216,177.659,61.3909,25.6727,8.65913
32.527,-0.0000,1.0000,0.0000,6,158.76,-0.0900,-0.1235,10008.3,0.0,8.29051,14.8771,20.0083,26.8857,34.0351,39.303,42.8527,46.5379,49.5885,53.0715,57.0853,61.7611,69.7707,81.9284,121.38,175.329,63.6439,26.4316,8.8841
32.552,-0.0000,1.0000,0.0000,6,159.32,-0.0685,-0.1243,10039.7,0.0,8.12251,14.562,19.5724,26.2788,33.2394,38.361,41.8088,45.3853,48.3436,51.7188,55.6052,60.128,67.8646,79.5815,117.746,173.21,65.7085,27.1502,9.10237
32.571,-0.0000,1.0000,0.0000,6,159.87,-0.0473,-0.1248,10071.9,0.0,7.95813,14.258,19.1554,25.7044,32.4942,37.4854,40.8429,44.3239,47.2017,50.4834,54.2598,58.6517,66.1571,77.506,114.34,171.259,67.6142,27.8368,9.31577
32.596,-0.0000,1.0000,0.0000,6,160.43,-0.0263,-0.1252,10104.2,0.0,7.79621,13.9617,18.7518,25.1532,31.7851,36.657,39.9328,43.3276,46.1333,49.3316,53.0106,57.2873,64.5909,75.6232,111.334,169.433,69.394,28.4989,9.52572
32.614,-0.0000,1.0000,0.0000,6,160.98,-0.0054,-0.1254,10137.0,0.0,7.63568,13.6701,18.3563,24.6163,31.0983,35.8578,39.0571,42.3718,45.1105,48.2317,51.8212,55.9925,63.1127,73.8603,108.586,167.684,71.091,29.1457,9.73364
32.639,-0.0000,1.0000,0.0000,6,161.53,0.0155,-0.1256,10167.2,0.0,7.47593,13.3811,17.9657,24.0879,30.4248,35.0764,38.2023,41.4405,44.1155,47.1635,50.6682,54.74,61.6882,72.1706,105.995,165.981,72.7361,29.7831,9.94041
32.659,-0.0000,1.0000,0.0000,6,162.08,0.0364,-0.1257,10199.0,0.0,7.31663,13.0939,17.5781,23.5649,29.76,34.3063,37.3611,40.525,43.1383,46.1157,49.5387,53.5149,60.2983,70.5283,103.506,164.304,74.3464,30.4143,10.1465
32.683,-0.0000,1.0000,0.0000,6,162.63,0.0573,-0.1258,10232.9,0.0,7.15741,12.8074,17.1922,23.0452,29.1007,33.5438,36.5288,39.6202,42.1734,45.082,48.4255,52.309,58.933,68.9198,101.091,162.644,75.9306,31.0416,10.3523
32.702,-0.5017,1.0000,0.0000,6,163.17,0.0783,-0.1259,10267.5,0.0,6.99811,12.5213,16.8072,22.5276,28.445,32.7863,35.7026,38.7227,41.2168,44.058,47.3237,51.1164,57.585,67.3356,98.73,160.995,77.4947,31.6661,10.5582
32.727,-1.0000,1.0000,0.0000,6,163.69,0.0989,-0.1226,10304.0,0.0,6.85836,12.3212,16.5836,22.3059,28.266,32.6652,35.6332,38.7175,41.2732,44.1936,47.5627,51.4922,58.2352,68.4991,102.385,161.973,76.0608,31.7835,10.7162
32.746,-1.0000,1.0000,0.0000,6,164.09,0.1185,-0.1115,10351.1,0.0,6.76841,12.3354,16.7656,22.841,29.3305,34.2301,37.5898,41.1286,44.098,47.5335,51.5538,56.3216,64.7078,77.9943,120.278,169.014,68.6304,30.7369,10.7545
32.771,-0.4770,1.0000,0.0000,6,164.40,0.1367,-0.0947,10406.9,0.0,6.72016,12.5268,17.2976,24.0745,31.6319,37.5694,41.7623,46.2901,50.1808,54.7902,60.337,67.1391,79.7334,101.515,137.6,179.714,59.5612,29.0565,10.7052
32.789,-0.0000,1.0000,0.0000,6,164.65,0.1531,-0.0746,10462.9,0.0,6.70459,12.8585,18.1299,25.9861,35.3006,43.0658,48.8058,55.2592,61.0289,68.1497,77.1583,88.9192,111.753,129.8,153.86,191.93,51.4782,27.2219,10.605
32.815,-0.0000,1.0000,0.0000,6,164.87,0.1677,-0.0534,10513.9,0.0,6.71348,13.2965,19.22,28.5897,40.633,51.5467,60.1858,70.542,80.4357,93.5655,110.587,122.723,135.724,148.298,168.803,101.951,45.0824,25.5107,10.4828
32.832,-0.0000,1.0000,0.0000,6,165.17,0.1805,-0.0350,10550.3,0.0,6.72207,13.7156,20.3139,31.4062,46.9836,62.5705,76.0487,93.7301,110.612,122.401,131.803,140.083,150.576,161.568,180.412,81.3834,40.8187,24.2364,10.3873
32.858,-0.0000,1.0000,0.0000,6,165.66,0.1921,-0.0243,10556.2,0.0,6.695,13.9127,20.9307,33.2172,51.5914,71.4265,89.8836,112.341,123.374,132.453,140.541,148.001,157.732,168.137,186.267,73.1857,38.8513,23.6434,10.3698
32.877,-0.0000,1.0000,0.0000,6,166.20,0.2021,-0.0185,10554.1,0.0,6.64824,13.9564,21.1841,34.1406,54.2708,77.0829,99.395,118.695,128.251,136.599,144.227,151.366,160.77,170.906,188.689,69.7049,38.008,23.4173,10.3946
32.902,-0.0000,1.0000,0.0000,6,166.76,0.2108,-0.0160,10552.9,0.0,6.59233,13.9023,21.1878,34.3912,55.2784,79.5149,103.574,120.487,129.574,137.65,145.094,152.095,161.354,171.365,188.981,68.5226,37.782,23.4012,10.4418
32.921,-0.0000,1.0000,0.0000,6,167.32,0.2182,-0.0154,10558.7,0.0,6.53407,13.793,21.0399,34.2046,55.1139,79.5044,103.595,119.982,128.941,136.932,144.314,151.266,160.472,170.434,187.98,68.5866,37.9061,23.5045,10.4996
32.946,-0.0000,1.0000,0.0000,6,167.88,0.2245,-0.0159,10573.9,0.0,6.47822,13.6629,20.8248,33.8071,54.3524,78.2042,101.826,118.37,127.341,135.332,142.707,149.651,158.845,168.793,186.315,69.2635,38.1991,23.6622,10.5594
32.970,-0.0000,1.0000,0.0000,6,168.42,0.2300,-0.0168,10595.0,0.0,6.42705,13.5338,20.5992,33.3586,53.4252,76.5297,99.4331,116.385,125.415,133.432,140.82,147.769,156.963,166.907,184.419,70.1481,38.5418,23.8318,10.6162
32.989,-0.0000,1.0000,0.0000,6,168.96,0.2348,-0.0176,10623.8,0.0,6.3812,13.4165,20.3925,32.9438,52.5627,74.971,97.0705,114.442,123.526,131.563,138.958,145.909,155.101,165.039,182.536,71.0077,38.8669,23.9898,10.6676
33.008,-0.0000,1.0000,0.0000,6,169.44,0.2388,-0.0183,10652.3,0.0,6.34364,13.3221,20.2283,32.6198,51.9012,73.7945,95.2521,112.857,121.962,130.002,137.394,144.338,153.519,163.445,180.921,71.6836,39.1247,24.1163,10.7096
33.027,-0.0000,1.0000,0.0000,6,169.93,0.2426,-0.0188,10681.5,0.0,6.30919,13.238,20.085,32.3444,51.3551,72.8448,93.8086,111.464,120.561,128.588,135.965,142.895,152.056,161.962,179.406,72.2463,39.3449,24.2269,10.7478
33.052,-0.0000,1.0000,0.0000,6,170.41,0.2462,-0.0192,10710.6,0.0,6.27702,13.1621,19.9584,32.1086,50.903,72.0799,92.6689,110.239,119.301,127.299,134.652,141.56,150.694,160.574,177.979,72.71,39.5332,24.3243,10.783
33.070,-0.0000,1.0000,0.0000,6,170.89,0.2497,-0.0194,10739.5,0.0,6.24657,13.0922,19.8445,31.9029,50.5226,71.455,91.7581,109.145,118.151,126.108,133.428,140.309,149.411,159.26,176.619,73.0948,39.6964,24.4116,10.8159
33.089,-0.0000,1.0000,0.0000,6,171.37,0.2531,-0.0196,10768.3,0.0,6.21727,13.0266,19.7394,31.7182,50.1919,70.927,91.0052,108.142,117.078,124.987,132.268,139.117,148.183,157.997,175.306,73.4231,39.8419,24.4916,10.8473
33.108,-0.0000,1.0000,0.0000,6,171.84,0.2564,-0.0197,10795.6,0.0,6.18874,12.9639,19.6403,31.5477,49.8951,70.4649,90.3594,107.202,116.059,123.912,131.151,137.965,146.992,156.769,174.023,73.7121,39.9751,24.5667,10.8776
33.127,-0.0000,1.0000,0.0000,6,172.32,0.2597,-0.0198,10823.8,0.0,6.1608,12.9032,19.5454,31.3874,49.622,70.0486,89.7877,106.305,115.074,122.869,130.063,136.841,145.825,155.563,172.761,73.9732,40.0995,24.6383,10.9072
33.152,-0.0000,1.0000,0.0000,6,172.80,0.2630,-0.0199,10852.6,0.0,6.13317,12.8438,19.4534,31.2338,49.3653,69.6643,89.268,105.437,114.115,121.848,128.995,135.734,144.675,154.373,171.512,74.2146,40.218,24.7075,10.9363
33.171,-0.0000,1.0000,0.0000,6,173.27,0.2662,-0.0199,10881.8,0.0,6.10571,12.7851,19.3631,31.0848,49.1201,69.303,88.7821,104.59,113.174,120.842,127.941,134.641,143.537,153.193,170.272,74.4416,40.3321,24.7751,10.9651
33.189,-0.0000,1.0000,0.0000,6,173.74,0.2695,-0.0200,10911.1,0.0,6.07839,12.7272,19.2744,30.9394,48.8836,68.9584,88.306,103.757,112.244,119.848,126.896,133.556,142.406,152.02,169.038,74.6578,40.4431,24.8415,10.9937
33.209,-0.0000,1.0000,0.0000,6,174.21,0.2727,-0.0200,10940.2,0.0,6.05121,12.6697,19.1867,30.7967,48.6534,68.6264,87.8326,102.934,111.323,118.86,125.858,132.477,141.28,150.85,167.806,74.8661,40.5516,24.9069,11.0221
33.227,-0.0000,1.0000,0.0000,6,174.68,0.2760,-0.0200,10969.1,0.0,6.02408,12.6126,19.0996,30.6557,48.4275,68.3027,87.3537,102.117,110.407,117.877,124.824,131.401,140.157,149.683,166.576,75.0688,40.6585,24.9717,11.0505
33.252,-0.0000,1.0000,0.0000,6,175.15,0.2793,-0.0200,10997.5,0.0,5.9969,12.5554,19.0128,30.5154,48.2036,67.9835,86.8661,101.302,109.494,116.895,123.79,130.326,139.033,148.515,165.344,75.2686,40.7647,25.0364,11.0788
33.271,-0.0000,1.0000,0.0000,6,175.62,0.2825,-0.0200,11025.1,0.0,5.96966,12.4982,18.9259,30.3754,47.9809,67.6671,86.3668,100.486,108.581,115.914,122.756,129.25,137.909,147.345,164.109,75.4666,40.8705,25.1009,11.1072
33.289,-0.0000,1.0000,0.0000,6,176.09,0.2858,-0.0200,11053.4,0.0,5.94249,12.4412,18.8395,30.2362,47.76,67.3539,85.8577,99.6717,107.668,114.932,121.723,128.173,136.782,146.174,162.872,75.6624,40.9755,25.1652,11.1355
33.308,-0.0000,1.0000,0.0000,6,176.56,0.2891,-0.0200,11081.9,0.0,5.91517,12.384,18.7526,30.0965,47.5387,67.0406,85.3352,98.8552,106.753,113.95,120.687,127.093,135.654,145.0,161.632,75.8582,41.0809,25.2297,11.164
33.327,-0.0000,1.0000,0.0000,6,177.02,0.2923,-0.0200,11110.4,0.0,5.88786,12.3267,18.6659,29.9571,47.318,66.7286,84.8015,98.0367,105.837,112.965,119.649,126.013,134.523,143.822,160.388,76.0532,41.186,25.2941,11.1924
33.352,-0.5618,1.0000,0.0000,6,177.49,0.2956,-0.0200,11138.9,0.0,5.86046,12.2693,18.5789,29.8173,47.0968,66.4162,84.2558,97.215,104.92,111.979,118.609,124.929,133.389,142.642,159.14,76.2483,41.2913,25.3587,11.221
33.371,-0.8692,1.0000,0.0000,6,177.92,0.2987,-0.0172,11168.1,0.0,5.85132,12.3121,18.727,30.2905,48.4215,69.2148,87.0196,98.9715,106.344,113.182,119.649,125.843,134.165,143.296,159.626,74.3655,40.7835,25.1957,11.214
33.389,-0.7915,1.0000,0.0000,6,178.27,0.3007,-0.0073,11206.1,0.0,5.8908,12.6205,19.5117,32.4999,54.473,81.8115,96.1398,106.403,113.115,119.487,125.604,131.52,139.537,148.395,164.348,68.0802,38.8702,24.4903,11.1183
33.408,-0.3498,1.0000,0.0000,6,178.53,0.3015,0.0078,11252.1,0.0,5.9735,13.1708,20.9242,36.7181,67.6097,96.4181,107.774,116.815,122.944,128.868,134.626,140.246,147.922,156.466,171.993,60.2581,36.2335,23.4564,10.9588
33.427,-0.0000,1.0000,0.0000,6,178.75,0.3008,0.0258,11301.1,0.0,6.09184,13.9327,22.9689,43.581,88.3845,109.97,119.939,128.204,133.912,139.49,144.955,150.324,157.699,165.955,82.7209,52.9513,33.4914,22.3112,10.764
33.452,-0.0000,1.0000,0.0000,6,178.95,0.2984,0.0444,11346.2,0.0,6.23591,14.8601,25.6237,54.1896,103.57,122.236,131.432,139.198,144.616,149.942,155.187,160.361,167.494,175.939,68.3501,46.9826,31.0214,21.2147,10.5592
33.471,-0.0000,1.0000,0.0000,6,179.29,0.2948,0.0581,11366.4,0.0,6.36408,15.665,28.0679,66.0986,112.842,130.303,139.101,146.589,151.838,157.014,162.124,167.175,174.542,76.6142,60.8935,43.3254,29.3858,20.4478,10.4003
33.489,-0.0000,1.0000,0.0000,6,179.73,0.2901,0.0655,11367.7,0.0,6.4607,16.1964,29.6918,75.0069,117.105,134.011,142.606,149.948,155.106,160.199,165.234,170.346,83.9625,71.0798,57.3866,41.4912,28.5127,20.0143,10.2949
33.508,-0.0000,1.0000,0.0000,6,180.19,0.2841,0.0690,11367.4,0.0,6.54169,16.5487,30.6948,79.0051,118.68,135.27,143.743,150.996,156.097,161.139,166.135,171.341,79.2207,68.5269,55.6672,40.5402,28.0275,19.7542,10.2154
33.526,-0.0000,1.0000,0.0000,6,180.67,0.2770,0.0702,11371.0,0.0,6.6157,16.7871,31.2615,80.2522,118.683,135.065,143.457,150.648,155.711,160.717,165.692,170.907,77.7203,67.4426,54.8943,40.0708,27.7574,19.5901,10.1483
33.552,-0.0000,1.0000,0.0000,6,181.15,0.2688,0.0701,11381.7,0.0,6.68891,16.9657,31.5766,80.2286,117.838,134.061,142.388,149.532,154.564,159.542,164.486,169.661,77.6108,67.1084,54.6076,39.8488,27.5961,19.4727,10.0851
33.571,-0.0000,1.0000,0.0000,6,181.62,0.2599,0.0693,11399.6,0.0,6.76471,17.1244,31.7904,79.7164,116.641,132.721,140.99,148.089,153.093,158.045,162.957,168.069,78.1961,67.0817,54.517,39.7231,27.4745,19.3702,10.0207
33.589,-0.0000,1.0000,0.0000,6,182.08,0.2503,0.0684,11422.3,0.0,6.8451,17.2883,31.9993,79.1338,115.388,131.325,139.534,146.589,151.563,156.49,161.373,166.417,79.1028,67.0992,54.4493,39.6035,27.3511,19.2637,9.95236
33.608,-0.0000,1.0000,0.0000,6,182.53,0.2403,0.0676,11447.6,0.0,6.93031,17.4678,32.2458,78.6534,114.216,130.0,138.147,145.155,150.099,154.998,159.855,164.836,80.1459,67.037,54.3247,39.4492,27.2079,19.1454,9.87943
33.627,-0.0000,1.0000,0.0000,6,182.99,0.2299,0.0670,11474.0,0.0,7.01982,17.6647,32.5409,78.3119,113.162,128.785,136.866,143.823,148.736,153.606,158.435,163.363,81.2807,66.8717,54.1198,39.2495,27.041,19.014,9.80225
33.652,-0.0000,1.0000,0.0000,6,183.44,0.2193,0.0665,11500.9,0.0,7.11273,17.8766,32.8798,78.0879,112.215,127.671,135.684,142.589,147.468,152.308,157.109,161.989,82.6153,66.6162,53.8399,39.0083,26.8529,18.8713,9.72169
33.670,-0.0000,1.0000,0.0000,6,183.89,0.2085,0.0661,11528.0,0.0,7.20824,18.1008,33.2545,77.9459,111.356,126.641,134.582,141.434,146.279,151.086,155.858,160.697,84.6774,66.2837,53.4983,38.7331,26.6477,18.7196,9.63853
33.689,-0.0000,1.0000,0.0000,6,184.34,0.1976,0.0659,11555.7,0.0,7.30572,18.3342,33.6566,77.8553,110.561,125.673,133.541,140.338,145.147,149.922,154.664,159.464,166.711,65.8917,53.1095,38.4322,26.4296,18.5611,9.55342
33.708,-0.0000,1.0000,0.0000,6,184.78,0.1866,0.0657,11582.9,0.0,7.40464,18.5745,34.0789,77.7893,109.811,124.748,132.544,139.285,144.058,148.8,153.511,158.275,165.463,65.4576,52.6862,38.1125,26.2021,18.3977,9.4669
33.727,-0.0000,1.0000,0.0000,6,185.23,0.1755,0.0656,11609.7,0.0,7.50463,18.8197,34.5158,77.7312,109.091,123.854,131.575,138.26,142.997,147.705,152.386,157.115,164.247,64.9957,52.2383,37.7794,25.9678,18.2308,9.37934
33.752,-0.0000,1.0000,0.0000,6,185.68,0.1643,0.0655,11636.2,0.0,7.60553,19.0689,34.9638,77.6698,108.39,122.979,130.627,137.255,141.956,146.63,151.28,155.975,163.052,64.5165,51.7727,37.4364,25.7285,18.0611,9.29093
33.771,-0.0000,1.0000,0.0000,6,186.12,0.1531,0.0655,11662.7,0.0,7.70708,19.3209,35.4195,77.5972,107.701,122.117,129.692,136.263,140.926,145.567,150.185,154.847,161.872,64.0286,51.2946,37.0865,25.4857,17.8895,9.20191
33.789,-0.0000,1.0000,0.0000,6,186.56,0.1418,0.0654,11689.2,0.0,7.8091,19.5748,35.8808,77.5085,107.019,121.263,128.763,135.278,139.905,144.512,149.098,153.727,160.7,63.5393,50.8079,36.7318,25.2404,17.7166,9.11245
33.808,-0.0000,1.0000,0.0000,6,187.01,0.1306,0.0654,11715.9,0.0,7.91156,19.8304,36.3465,77.4022,106.34,120.413,127.84,134.298,138.888,143.46,148.015,152.611,159.533,63.0525,50.3149,36.3736,24.9932,17.5425,9.0226
33.826,-0.0000,1.0000,0.0000,6,187.45,0.1192,0.0654,11743.7,0.0,8.01435,20.0872,36.8152,77.2763,105.661,119.566,126.919,133.32,137.873,142.411,146.934,151.497,158.368,62.5725,49.8174,36.0127,24.7445,17.3677,8.93244
33.852,-0.0000,1.0000,0.0000,6,187.89,0.1079,0.0654,11771.0,0.0,8.11744,20.345,37.2865,77.1311,104.981,118.718,125.999,132.342,136.859,141.362,145.853,150.384,157.204,62.1026,49.3166,35.6498,24.4947,17.1922,8.84202
33.871,-0.0000,1.0000,0.0000,6,188.32,0.0965,0.0654,11797.5,0.0,8.22095,20.6041,37.7605,76.9675,104.299,117.871,125.078,131.365,135.844,140.314,144.772,149.271,156.04,61.6436,48.8124,35.2848,24.2436,17.0158,8.75123
33.889,-0.0000,1.0000,0.0000,6,188.76,0.0851,0.0654,11823.7,0.0,8.32456,20.8636,38.2354,76.7846,103.614,117.022,124.157,130.387,134.829,139.264,143.69,148.156,154.875,61.2014,48.3068,34.9191,23.9922,16.8392,8.66035
33.908,-0.0000,1.0000,0.0000,6,189.20,0.0737,0.0654,11849.7,0.0,8.42861,21.1242,38.7127,76.5835,102.927,116.171,123.234,129.407,133.812,138.212,142.606,147.04,153.708,60.7751,47.7986,34.5515,23.7395,16.6618,8.56909
33.927,-0.0000,1.0000,0.0000,6,189.64,0.0622,0.0654,11875.9,0.0,8.53286,21.3854,39.1912,76.3647,102.235,115.319,122.309,128.426,132.794,137.159,141.521,145.922,152.539,60.369,47.289,34.183,23.4863,16.484,8.47765
33.952,-0.0000,1.0000,0.0000,6,190.07,0.0507,0.0654,11902.3,0.0,8.63739,21.6474,39.6712,76.1295,101.541,114.464,121.382,127.443,131.774,136.104,140.433,144.802,151.368,59.9856,46.7776,33.8134,23.2323,16.3058,8.38596
33.971,-0.0000,1.0000,0.0000,6,190.50,0.0392,0.0654,11934.0,0.0,8.74214,21.9098,40.1521,75.8774,100.842,113.606,120.453,126.457,130.75,135.046,139.343,143.678,150.194,59.6305,46.2655,33.4431,22.9778,16.1272,8.29408
33.989,-0.0000,1.0000,0.0000,6,190.93,0.0277,0.0654,11960.2,0.0,8.84707,22.1728,40.6338,75.6096,100.138,112.746,119.522,125.469,129.725,133.986,138.25,142.553,149.017,59.3058,45.7523,33.0721,22.7229,15.9482,8.20205
34.008,-0.0000,1.0000,0.0000,6,191.37,0.0161,0.0654,11984.8,0.0,8.9523,22.4365,41.1172,75.3279,99.4319,111.884,118.588,124.479,128.698,132.924,137.156,141.426,147.839,59.0153,45.2374,32.6999,22.4672,15.7687,8.10974
34.027,-0.0000,1.0000,0.0000,6,191.80,0.0045,0.0654,12009.4,0.0,9.05777,22.7009,41.6018,75.0318,98.7211,111.019,117.652,123.487,127.669,131.86,136.059,140.295,146.658,58.767,44.7212,32.3268,22.2109,15.5889,8.01724
34.052,-0.0000,1.0000,0.0000,6,192.23,-0.0071,0.0654,12033.9,0.0,9.16347,22.9658,42.0874,74.722,98.0072,110.152,116.714,122.493,126.637,130.794,134.959,139.163,145.474,58.5688,44.204,31.9529,21.954,15.4086,7.92453
34.071,-0.0000,1.0000,0.0000,6,192.66,-0.0187,0.0654,12059.0,0.0,9.26943,23.2314,42.5744,74.3994,97.2893,109.282,115.774,121.497,125.603,129.725,133.857,138.028,144.288,58.431,43.6908,31.578,21.6964,15.2278,7.83159
34.089,-0.0000,1.0000,0.0000,6,193.09,-0.0304,0.0654,12084.4,0.0,9.37561,23.4976,43.0492,74.0636,96.5674,108.409,114.831,120.498,124.568,128.654,132.753,136.891,143.099,58.3715,43.1861,31.2023,21.4384,15.0467,7.73846
34.108,-0.0000,1.0000,0.0000,6,193.51,-0.0421,0.0654,12117.8,0.0,9.482,23.7642,43.4694,73.7153,95.8407,107.533,113.885,119.496,123.528,127.579,131.645,135.75,141.907,58.4159,42.691,30.8262,21.1799,14.8653,7.64514
34.127,-0.0000,1.0000,0.0000,6,193.94,-0.0538,0.0654,12142.3,0.0,9.58868,24.0316,43.8386,73.3555,95.1113,106.656,112.938,118.492,122.488,126.503,130.536,134.608,140.712,58.5988,42.2048,30.4489,20.9207,14.6834,7.55158
34.151,-0.0000,1.0000,0.0000,6,194.36,-0.0655,0.0654,12166.4,0.0,9.69557,24.2995,44.1602,72.9847,94.3776,105.775,111.988,117.486,121.444,125.425,129.424,133.463,139.515,58.996,41.729,30.0708,20.6609,14.5011,7.45783
34.171,-0.0000,1.0000,0.0000,6,194.79,-0.0773,0.0654,12190.3,0.0,9.80266,24.5679,44.4387,72.6028,93.6403,104.891,111.036,116.478,120.399,124.344,128.31,132.315,138.315,59.7812,41.2641,29.692,20.4007,14.3184,7.3639
34.190,-0.0000,1.0000,0.0000,6,195.22,-0.0891,0.0654,12214.4,0.0,9.91005,24.8371,44.6785,72.2103,92.8993,104.006,110.081,115.468,119.351,123.261,127.193,131.165,137.113,61.7174,40.8107,29.3121,20.1397,14.1353,7.26971
34.208,-0.0000,1.0000,0.0000,6,195.64,-0.1009,0.0654,12238.9,0.0,10.0176,25.1069,44.8815,71.8077,92.1549,103.118,109.125,114.456,118.301,122.175,126.074,130.013,135.909,143.365,40.37,28.9314,19.8782,13.9517,7.17534
34.226,-0.0000,1.0000,0.0000,6,196.06,-0.1128,0.0654,12265.5,0.0,10.1255,25.3771,45.0507,71.3949,91.4068,102.227,108.165,113.441,117.249,121.087,124.953,128.858,134.702,142.092,39.9433,28.5501,19.6162,13.7679,7.08078
34.251,-0.0000,1.0000,0.0000,6,196.47,-0.1247,0.0654,12293.2,0.0,10.2335,25.6479,45.1886,70.9723,90.6542,101.333,107.203,112.423,116.194,119.997,123.828,127.7,133.491,140.815,39.5317,28.168,19.3537,13.5836,6.98602
34.271,-0.0000,1.0000,0.0000,6,196.89,-0.1366,0.0654,12318.1,0.0,10.3418,25.9192,45.297,70.5401,89.8986,100.438,106.239,111.404,115.137,118.904,122.702,126.54,132.279,139.536,39.1361,27.7851,19.0906,13.399,6.89107
34.289,-0.0000,1.0000,0.0000,6,197.31,-0.1485,0.0654,12342.7,0.0,10.4503,26.1913,45.3782,70.0994,89.1394,99.5391,105.273,110.382,114.078,117.809,121.573,125.378,131.063,138.254,38.7577,27.4012,18.8269,13.2139,6.79588
34.308,-0.0000,1.0000,0.0000,6,197.73,-0.1604,0.0654,12367.0,0.0,10.559,26.4639,45.4336,69.6494,88.3769,98.6379,104.305,109.358,113.017,116.712,120.442,124.213,129.846,136.969,38.3988,27.0166,18.5626,13.0284,6.7005
34.327,-0.0000,1.0000,0.0000,6,198.15,-0.1724,0.0654,12391.4,0.0,10.668,26.737,45.4644,69.1907,87.6102,97.7346,103.334,108.332,111.953,115.613,119.308,123.045,128.626,135.682,38.0607,26.6312,18.2978,12.8426,6.60493
34.351,-0.0000,1.0000,0.0000,6,198.56,-0.1844,0.0654,12416.0,0.0,10.7772,27.0107,45.472,68.7236,86.8405,96.8281,102.361,107.303,110.887,114.511,118.172,121.876,127.403,134.392,37.7464,26.245,18.0325,12.6564,6.50917
34.370,-0.0000,1.0000,0.0000,6,198.97,-0.1964,0.0654,12441.9,0.0,10.8866,27.285,45.4578,68.248,86.067,95.9193,101.385,106.272,109.818,113.407,117.033,120.703,126.177,133.1,37.4579,25.858,17.7666,12.4697,6.41318
34.389,-0.0000,1.0000,0.0000,6,199.39,-0.2085,0.0654,12467.0,0.0,10.9962,27.5477,45.4226,67.7643,85.2898,95.0082,100.406,105.239,108.747,112.3,115.892,119.528,124.949,131.804,37.1987,25.4703,17.5002,12.2828,6.31703
34.408,-0.0000,1.0000,0.0000,6,199.80,-0.2206,0.0654,12491.9,0.0,11.1061,27.7855,45.3681,67.2729,84.5094,94.094,99.4266,104.204,107.675,111.191,114.749,118.351,123.718,130.506,36.9716,25.084,17.2332,12.0954,6.22067
34.427,-0.0000,1.0000,0.0000,6,200.21,-0.2327,0.0654,12516.5,0.0,11.2162,27.9995,45.2945,66.7739,83.7258,93.1776,98.4439,103.167,106.6,110.08,113.603,117.172,122.485,129.205,36.7814,24.7078,16.9657,11.9076,6.12411
34.451,-0.0000,1.0000,0.0000,6,200.62,-0.2448,0.0654,12541.0,0.0,11.3265,28.1908,45.2028,66.267,82.9384,92.2591,97.4595,102.127,105.523,108.966,112.455,115.989,121.249,127.901,36.6342,24.3428,16.6976,11.7195,6.02734
34.470,-0.0000,1.0000,0.0000,6,201.03,-0.2569,0.0654,12565.5,0.0,11.4371,28.3603,45.0939,65.753,82.148,91.3379,96.4723,101.085,104.443,107.851,111.304,114.804,120.011,126.595,36.5352,23.9898,16.4289,11.5309,5.93034
34.489,-0.0000,1.0000,0.0000,6,201.43,-0.2691,0.0654,12589.5,0.0,11.5479,28.5091,44.968,65.232,81.3538,90.4138,95.4831,100.041,103.361,106.733,110.152,113.618,118.77,125.286,36.4949,23.6495,16.1597,11.3419,5.83316
34.508,-0.0000,1.0000,0.0000,6,201.84,-0.2813,0.0654,12613.4,0.0,11.6589,28.6378,44.8269,64.7034,80.5566,89.4879,94.4916,98.9947,102.277,105.613,108.996,112.428,117.527,123.975,36.5243,23.3228,15.8899,11.1526,5.7358
34.527,-0.0000,1.0000,0.0000,6,202.24,-0.2935,0.0654,12638.2,0.0,11.7702,28.7475,44.6698,64.1682,79.756,88.5592,93.4977,97.946,101.192,104.49,107.839,111.237,116.281,122.661,36.6394,23.0106,15.6196,10.9629,5.63824
34.551,-0.0000,1.0000,0.0000,6,202.65,-0.3058,0.0654,12663.2,0.0,11.8816,28.8385,44.4986,63.6262,78.952,87.6275,92.5014,96.8952,100.103,103.366,106.679,110.043,115.033,121.344,36.8633,22.7138,15.3488,10.7728,5.54046
34.570,-0.0000,1.0000,0.0000,6,203.05,-0.3181,0.0654,12688.3,0.0,11.9933,28.9119,44.3127,63.0774,78.1447,86.6938,91.503,95.8428,99.0129,102.238,105.517,108.846,113.782,120.024,37.2326,22.4334,15.0774,10.5823,5.44251
34.589,-0.0000,1.0000,0.0000,6,203.45,-0.3304,0.0654,12713.1,0.0,12.1052,28.968,44.1131,62.5219,77.3343,85.7577,90.5025,94.7874,97.92,101.109,104.352,107.647,112.529,118.702,37.8062,22.1707,14.8056,10.3915,5.34436
34.608,-0.0000,1.0000,0.0000,6,203.85,-0.3427,0.0654,12737.7,0.0,12.2174,29.0078,43.9002,61.9604,76.5204,84.8191,89.4995,93.7299,96.8248,99.9777,103.185,106.445,111.273,117.378,38.7041,21.9269,14.5405,10.2003,5.246
34.626,-0.0000,1.0000,0.0000,6,204.26,-0.3550,0.0654,12758.5,0.0,12.3298,29.0315,43.6746,61.3924,75.7035,83.8781,88.4949,92.671,95.7282,98.8444,102.016,105.242,110.015,116.051,40.2366,21.7034,14.2861,10.0086,5.14742
34.652,-0.0000,1.0000,0.0000,6,204.66,-0.3674,0.0654,12782.7,0.0,12.4423,29.0395,43.4367,60.8182,74.8835,82.935,87.4874,91.6094,94.629,97.7085,100.845,104.036,108.754,114.721,127.949,21.5024,14.0434,9.81666,5.04873
34.671,-0.0000,1.0000,0.0000,6,205.06,-0.3798,0.0654,12807.8,0.0,12.5551,29.0328,43.1862,60.2378,74.0601,81.9891,86.4782,90.5454,93.5274,96.5704,99.6713,102.828,107.491,113.389,126.463,21.3252,13.8125,9.62428,4.94979
34.689,-0.0000,1.0000,0.0000,6,205.45,-0.3922,0.0654,12833.3,0.0,12.6648,29.0115,42.9242,59.651,73.2335,81.0406,85.466,89.4797,92.424,95.43,98.4951,101.617,106.226,112.053,124.974,21.1744,13.5942,9.43182,4.85065
34.708,-0.0000,1.0000,0.0000,6,205.85,-0.4047,0.0654,12858.4,0.0,12.7663,28.9759,42.6507,59.0586,72.4036,80.0896,84.4521,88.4115,91.3181,94.2872,97.3163,100.404,104.957,110.715,123.482,21.0524,13.3891,9.24612,4.75135
34.727,-0.0000,1.0000,0.0000,6,206.25,-0.4171,0.0654,12883.0,0.0,12.8597,28.9268,42.3663,58.4603,71.5704,79.1363,83.4353,87.3409,90.2095,93.1421,96.1355,99.1876,103.686,109.375,121.987,20.9616,13.198,9.06978,4.65187
34.751,-0.0000,1.0000,0.0000,6,206.65,-0.4296,0.0654,12902.4,0.0,12.9449,28.8644,42.0712,57.8565,70.7346,78.1811,82.4174,86.2688,89.1,91.9953,94.9523,97.9698,102.413,108.032,120.489,20.9054,13.0215,8.90317,4.55217
34.771,-0.0000,1.0000,0.0000,6,207.04,-0.4421,0.0654,12925.2,0.0,13.0223,28.7891,41.7656,57.247,69.8956,77.2232,81.3968,85.1946,87.9879,90.8466,93.7673,96.7495,101.138,106.687,118.989,20.8879,12.8602,8.74675,4.45227
34.789,-0.0000,1.0000,0.0000,6,207.44,-0.4547,0.0654,12950.1,0.0,13.0916,28.7012,41.4495,56.6318,69.0533,76.2626,80.3741,84.1179,86.8734,89.6952,92.5801,95.5266,99.8605,105.339,117.486,20.9136,12.7154,8.60082,4.35226
34.808,-0.0000,1.0000,0.0000,6,207.82,-0.4672,0.0654,12976.1,0.0,13.153,28.6007,41.1236,56.011,68.208,75.2998,79.3487,83.0391,85.757,88.5416,91.39,94.3011,98.5798,103.988,115.979,20.9889,12.5878,8.46584,4.256
34.827,-0.0000,1.0000,0.0000,6,208.22,-0.4798,0.0654,13001.8,0.0,13.2067,28.4884,40.7876,55.3845,67.3593,74.3344,78.3214,81.9581,84.6382,87.3855,90.1976,93.0732,97.2971,102.635,114.47,21.1199,12.4786,8.34236,4.16579
34.852,-0.0000,1.0000,0.0000,6,208.60,-0.4922,0.0625,13026.4,0.0,13.2527,28.3645,40.4427,54.753,66.5076,73.3667,77.2916,80.8744,83.5173,86.2272,89.0033,91.8429,96.0118,101.279,112.957,21.3153,12.3884,8.23052,4.08179
34.871,-0.0000,1.0000,0.0000,6,209.00,-0.5039,0.0580,13045.0,0.0,13.2911,28.2296,40.0886,54.1166,65.6536,72.3971,76.2608,79.7901,82.3949,85.0678,87.807,90.6111,94.7249,99.9219,111.444,21.5852,12.3185,8.1307,4.00401
34.889,-0.0000,1.0000,0.0000,6,209.39,-0.5147,0.0535,13065.5,0.0,13.3218,28.0831,39.7252,53.4751,64.7965,71.4254,75.2272,78.7034,81.2704,83.906,86.6087,89.3767,93.4353,98.5619,109.927,21.9458,12.2709,8.04388,3.9328
34.908,-0.0000,1.0000,0.0000,6,209.78,-0.5246,0.0489,13090.2,0.0,13.345,27.9258,39.3528,52.8277,63.9362,70.4511,74.1919,77.6145,80.1435,82.7419,85.4075,88.1397,92.1433,97.199,108.407,22.416,12.2463,7.97027,3.86807
34.927,-0.0000,1.0000,0.0000,6,210.16,-0.5337,0.0444,13116.6,0.0,13.3607,27.7579,38.9717,52.1756,63.0725,69.4743,73.1534,76.5228,79.0144,81.5753,84.2046,86.9001,90.8485,95.833,106.884,23.0242,12.247,7.91047,3.81
34.951,-0.0000,1.0000,0.0000,6,210.55,-0.5419,0.0398,13143.2,0.0,13.3691,27.5797,38.5823,51.5186,62.2065,68.4948,72.1134,75.4295,77.8831,80.4066,82.9988,85.6585,89.5517,94.4651,105.358,23.8121,12.2745,7.86508,3.7587
34.970,-0.0000,1.0000,0.0000,6,210.93,-0.5492,0.0353,13168.1,0.0,13.3701,27.3913,38.1847,50.8568,61.337,67.5134,71.0709,74.334,76.7499,79.2364,81.7914,84.4145,88.2527,93.0947,103.83,24.8496,12.3307,7.83475,3.7144
34.989,-0.1060,1.0000,0.0000,6,211.31,-0.5557,0.0307,13192.1,0.0,13.3638,27.1931,37.7788,50.1898,60.465,66.5298,70.027,73.2368,75.6153,78.0637,80.5816,83.1679,86.9515,91.7222,102.299,26.2646,12.4181,7.82006,3.67702
35.008,-0.1272,1.0000,0.0000,6,211.69,-0.5615,0.0288,13210.0,0.0,13.388,27.1611,37.6741,49.987,60.1808,66.2,69.6722,72.8603,75.2224,77.6551,80.1573,82.728,86.5226,91.3243,101.989,26.5732,12.3552,7.75562,3.63524
35.027,-0.1378,1.0000,0.0000,6,212.04,-0.5672,0.0316,13237.2,0.0,13.4733,27.4303,38.1033,50.5966,60.9226,67.0105,70.5192,73.7386,76.1232,78.5779,81.101,83.7146,87.6707,92.6931,103.909,24.5554,12.0018,7.58893,3.57811
35.052,-0.1625,1.0000,0.0000,6,212.37,-0.5730,0.0371,13269.6,0.0,13.5962,27.8823,38.8551,51.6936,62.2751,68.4969,72.077,75.3581,77.7864,80.2836,82.8805,85.655,89.8786,95.2644,107.386,22.0739,11.505,7.36747,3.51157
35.071,-0.1767,1.0000,0.0000,6,212.68,-0.5791,0.0442,13303.3,0.0,13.7464,28.4613,39.8292,53.1212,64.0349,70.4297,74.1009,77.4617,79.9456,82.5602,85.3583,88.3596,92.9467,98.8282,112.199,19.7931,10.9461,7.1154,3.43757
35.089,-0.1272,1.0000,0.0000,6,212.97,-0.5859,0.0524,13336.1,0.0,13.919,29.1421,40.9797,54.8049,66.103,72.6957,76.4715,79.9373,82.5948,85.4416,88.4984,91.7897,96.8436,103.368,118.382,17.8083,10.3645,6.84499,3.35684
35.108,-0.0000,1.0000,0.0000,6,213.26,-0.5934,0.0602,13364.5,0.0,14.0979,29.8403,42.155,56.5124,68.187,74.9698,78.8637,82.5899,85.4827,88.5925,91.9442,95.5674,101.161,108.434,125.403,16.2187,9.82116,6.57953,3.27246
35.127,-0.0000,1.0000,0.0000,6,213.59,-0.6014,0.0646,13377.4,0.0,14.232,30.2989,42.8982,57.562,69.4454,76.3324,80.3988,84.3439,87.4156,90.7269,94.3063,98.1878,104.205,112.075,130.642,15.2763,9.43999,6.374,3.19516
35.152,-0.0000,1.0000,0.0000,6,213.97,-0.6096,0.0635,13380.7,0.0,14.287,30.3474,42.9098,57.5137,69.3463,76.2169,80.3366,84.3389,87.4592,90.8261,94.4708,98.4277,104.573,112.63,131.728,15.0185,9.27287,6.25596,3.13185
35.171,-0.0000,1.0000,0.0000,6,214.36,-0.6181,0.0595,13390.4,0.0,14.3008,30.1818,42.5404,56.8961,68.5426,75.3224,79.4051,83.3729,86.4667,89.8061,93.4215,97.3477,103.448,111.449,130.432,15.0895,9.20933,6.17993,3.07495
35.190,-0.0000,1.0000,0.0000,6,214.75,-0.6265,0.0543,13406.4,0.0,14.2957,29.9254,42.0125,56.0416,67.4453,74.0973,78.1036,81.9963,85.0312,88.3067,91.8516,95.7002,101.678,109.517,128.098,15.3311,9.19457,6.12332,3.02141
35.208,-0.0000,1.0000,0.0000,6,215.13,-0.6346,0.0486,13426.2,0.0,14.2835,29.6445,41.4465,55.132,66.2782,72.792,76.7124,80.5202,83.4875,86.689,90.1532,93.9128,99.7495,107.397,125.504,15.6646,9.20126,6.07561,2.97048
35.227,-0.0000,1.0000,0.0000,6,215.51,-0.6423,0.0431,13447.7,0.0,14.2685,29.3672,40.8934,54.2456,65.1395,71.5179,75.3555,79.081,81.9839,85.1148,88.5012,92.1754,97.8768,105.343,122.997,16.0592,9.21939,6.03392,2.92271
35.252,-0.0000,1.0000,0.0000,6,215.88,-0.6494,0.0377,13469.9,0.0,14.2516,29.0997,40.3652,53.4016,64.0546,70.3036,74.0651,77.7157,80.559,83.6252,86.9408,90.5375,96.1162,103.418,120.668,16.5151,9.24848,5.99866,2.87897
35.270,-0.0000,1.0000,0.0000,6,216.26,-0.6558,0.0324,13490.0,0.0,14.2317,28.8402,39.8595,52.5969,63.0197,69.1462,72.8373,76.4193,79.2088,82.2162,85.4678,88.9939,94.4625,101.617,118.508,17.0513,9.29222,5.9724,2.84033
35.289,-0.0000,1.0000,0.0000,6,216.63,-0.6614,0.0274,13512.8,0.0,14.2079,28.585,39.3697,51.8217,62.024,68.033,71.6593,75.1778,77.917,80.8706,84.063,87.5249,92.8926,99.9137,116.481,17.6974,9.35534,5.95712,2.8075
35.308,-0.0000,1.0000,0.0000,6,217.00,-0.6662,0.0224,13536.0,0.0,14.179,28.3299,38.8886,51.0665,61.0559,66.9519,70.5169,73.9754,76.6679,79.5703,82.7079,86.1099,91.3835,98.2806,114.55,18.5018,9.44346,5.95561,2.78131
35.327,-0.0000,1.0000,0.0000,6,217.38,-0.6700,0.0175,13559.1,0.0,14.1444,28.0724,38.412,50.324,60.106,65.8926,69.3989,72.7998,75.4476,78.3018,81.3868,84.7316,89.9166,96.6965,112.686,19.532,9.56076,5.96933,2.76218
35.352,-0.0000,1.0000,0.0000,6,217.75,-0.6730,0.0126,13582.1,0.0,14.1035,27.8104,37.936,49.5888,59.1681,64.848,68.297,71.6421,74.2468,77.0542,80.0885,83.378,88.4771,95.1448,110.866,20.9112,9.71193,6.00008,2.75049
35.371,-0.0000,1.0000,0.0000,6,218.11,-0.6750,0.0078,13604.9,0.0,14.056,27.5422,37.4576,48.8568,58.237,63.812,67.2051,70.4962,73.0582,75.8197,78.8046,82.0405,87.0558,93.6137,109.076,22.9125,9.90171,6.04926,2.74664
35.389,-0.1661,1.0000,0.0000,6,218.48,-0.6761,0.0030,13627.5,0.0,14.0019,27.2671,36.9756,48.1255,57.3089,62.7815,66.1193,69.3566,71.8769,74.5932,77.5294,80.7119,85.6455,92.0953,107.303,26.5726,10.1343,6.11797,2.7507
35.408,-0.6820,1.0000,0.0000,6,218.83,-0.6765,0.0015,13650.6,0.0,13.9856,27.1825,36.8266,47.899,57.0211,62.4968,65.8638,69.1339,71.6827,74.4323,77.4075,80.6371,85.6505,92.2199,107.775,29.2185,10.2076,6.13833,2.75121
35.427,-0.9505,1.0000,0.0000,6,219.09,-0.6771,0.0073,13681.0,0.0,14.0655,27.5377,37.4349,48.8087,58.1676,63.9508,67.5519,71.0651,73.8135,76.7896,80.0223,83.5451,89.0453,96.3081,113.766,22.927,9.86319,6.02001,2.73073
35.451,-0.9046,1.0000,0.0000,6,219.24,-0.6782,0.0188,13719.3,0.0,14.2303,28.2781,38.7066,50.7099,60.6598,67.1196,71.1824,75.1767,78.3227,81.7502,85.498,89.6138,96.1024,104.793,126.266,18.4126,9.23904,5.79429,2.69002
35.471,-0.5088,1.0000,0.0000,6,219.29,-0.6804,0.0334,13758.3,0.0,14.4516,29.2768,40.4255,53.2696,64.295,71.7655,76.5298,81.2631,85.0276,89.165,93.7328,98.8018,106.91,117.998,146.577,15.2877,8.54097,5.5202,2.63491
35.489,-0.0000,1.0000,0.0000,6,219.29,-0.6837,0.0489,13793.3,0.0,14.7057,30.4252,42.404,56.2195,68.887,77.7269,83.4628,89.2396,93.8901,99.0597,104.84,111.346,121.957,136.891,177.803,13.0793,7.87897,5.23666,2.57004
35.508,-0.0000,1.0000,0.0000,6,219.27,-0.6883,0.0637,13823.5,0.0,14.9733,31.6287,44.4738,59.518,74.2524,84.8453,91.861,99.0428,104.911,111.528,119.045,127.659,142.069,163.145,19.703,11.4754,7.29223,4.96317,2.49826
35.526,-0.0000,1.0000,0.0000,6,219.33,-0.6941,0.0751,13838.1,0.0,15.2053,32.6409,46.1993,62.5289,79.3629,91.8215,100.243,109.009,116.283,124.607,134.225,145.465,164.807,194.381,16.233,10.4109,6.83937,4.7328,2.42693
35.552,-0.0000,1.0000,0.0000,6,219.62,-0.7008,0.0795,13828.8,0.0,15.3355,33.1153,46.9721,64.0798,82.2243,95.9057,105.278,115.143,123.415,132.978,144.159,157.406,180.673,23.003,14.9782,9.88509,6.57444,4.57847,2.3647
35.570,-0.0000,1.0000,0.0000,6,219.98,-0.7084,0.0788,13813.5,0.0,15.3909,33.1809,47.0182,64.3885,83.0517,97.2508,107.042,117.403,126.136,136.283,148.218,162.459,187.733,22.1317,14.5899,9.64582,6.4163,4.46725,2.30579
35.589,-0.0000,1.0000,0.0000,6,220.38,-0.7169,0.0747,13799.8,0.0,15.3967,32.9706,46.574,63.8009,82.3638,96.5069,106.27,116.611,125.334,135.479,147.423,161.69,187.057,23.5721,14.7014,9.57606,6.31953,4.37931,2.24702
35.608,-0.0000,1.0000,0.0000,6,220.78,-0.7259,0.0685,13795.1,0.0,15.3739,32.6039,45.8536,62.6917,80.7831,94.5241,103.987,113.991,122.414,132.192,143.68,157.368,181.612,200.0,15.1687,9.60837,6.25628,4.30276,2.18739
35.627,-0.0000,1.0000,0.0000,6,221.17,-0.7351,0.0614,13804.0,0.0,15.3415,32.1895,45.0515,61.4237,78.928,92.1587,101.239,110.81,118.846,128.15,139.045,151.978,174.756,200.0,15.8898,9.68602,6.20383,4.22865,2.12685
35.651,-0.0000,1.0000,0.0000,6,221.54,-0.7442,0.0546,13822.6,0.0,15.3113,31.7961,44.2906,60.2324,77.1972,89.9638,98.6974,107.878,115.567,124.447,134.816,147.082,168.576,200.0,16.7954,9.7679,6.14805,4.15238,2.06619
35.671,-0.0000,1.0000,0.0000,6,221.91,-0.7529,0.0481,13841.0,0.0,15.2859,31.4438,43.6076,59.1899,75.7121,88.104,96.5604,105.432,112.848,121.396,131.357,143.11,163.626,195.731,17.9093,9.84272,6.08791,4.07532,2.00717
35.689,-0.0000,1.0000,0.0000,6,222.28,-0.7611,0.0422,13860.6,0.0,15.2635,31.1267,42.9963,58.2838,74.4518,86.5485,94.7902,103.424,110.633,118.931,128.585,139.957,159.757,190.61,19.4074,9.91772,6.02832,4.00091,1.95155
35.708,-0.0000,1.0000,0.0000,6,222.64,-0.7685,0.0366,13880.9,0.0,15.2414,30.8339,42.4407,57.4803,73.3589,85.2213,93.2937,101.743,108.791,116.898,126.32,137.406,156.675,186.618,21.9621,10.0057,5.97534,3.93269,1.90055
35.727,-0.0000,1.0000,0.0000,6,223.00,-0.7751,0.0312,13902.0,0.0,15.2164,30.5525,41.9203,56.7425,72.3743,84.0401,91.9735,100.272,107.19,115.142,124.38,135.24,154.096,183.345,200.0,10.1279,5.93774,3.87534,1.85591
35.752,-0.0000,1.0000,0.0000,6,223.36,-0.7808,0.0260,13923.7,0.0,15.1869,30.2761,41.4241,56.0501,71.4636,82.9588,90.7724,98.9424,105.751,113.575,122.659,133.334,151.855,180.551,200.0,10.297,5.91938,3.83053,1.81804
35.770,-0.0000,1.0000,0.0000,6,223.71,-0.7855,0.0209,13952.6,0.0,15.1518,29.9996,40.9434,55.387,70.6006,81.9429,89.65,97.7065,104.419,112.131,121.083,131.599,149.837,178.073,200.0,10.5293,5.92483,3.80059,1.7876
35.789,-0.0000,1.0000,0.0000,6,224.07,-0.7892,0.0159,13971.9,0.0,15.1104,29.72,40.473,54.7429,69.7698,80.9699,88.5788,96.5321,103.158,110.768,119.601,129.976,147.964,175.801,200.0,10.8415,5.95768,3.78699,1.76492
35.808,-0.0000,1.0000,0.0000,6,224.43,-0.7920,0.0110,13991.8,0.0,15.0623,29.435,40.0087,54.111,68.9583,80.0231,87.5398,95.3955,101.939,109.456,118.179,128.423,146.181,173.657,200.0,11.2536,6.02111,3.79076,1.75031
35.827,-0.0000,1.0000,0.0000,6,224.78,-0.7937,0.0060,14011.5,0.0,15.0069,29.1428,39.5474,53.4845,68.1573,79.0908,86.5178,94.2797,100.745,108.171,116.788,126.908,144.449,171.585,200.0,11.796,6.11938,3.81382,1.7442
35.852,-0.0000,1.0000,0.0000,6,225.14,-0.7944,0.0011,14031.8,0.0,14.9442,28.8429,39.0878,52.8615,67.3615,78.1665,85.5055,93.1753,99.5636,106.901,115.416,125.414,142.745,169.554,200.0,12.5052,6.25555,3.85682,1.74664
35.870,-0.0000,1.0000,0.0000,6,225.50,-0.7941,-0.0038,14052.7,0.0,14.8742,28.5348,38.6285,52.2402,66.5688,77.2456,84.4978,92.0766,98.3889,105.639,114.053,123.932,141.056,167.543,200.0,13.443,6.43382,3.92134,1.75795
35.889,-0.0000,1.0000,0.0000,6,225.84,-0.7928,-0.0088,14084.2,0.0,14.7967,28.2183,38.1694,51.6189,65.7769,76.3264,83.492,90.9802,97.2171,104.381,112.694,122.455,139.374,165.544,200.0,14.7169,6.65825,4.00823,1.77826
35.909,-0.0000,1.0000,0.0000,6,226.20,-0.7905,-0.0137,14102.9,0.0,14.7118,27.8935,37.7101,50.9975,64.985,75.4073,82.4865,89.8847,96.0466,103.124,111.336,120.98,137.695,163.549,200.0,16.5555,6.93364,4.11878,1.80768
35.927,-0.0000,1.0000,0.0000,6,226.55,-0.7871,-0.0186,14122.0,0.0,14.6195,27.5602,37.25,50.3752,64.1918,74.487,81.48,88.7878,94.8744,101.865,109.978,119.504,136.014,161.553,200.0,19.7144,7.26697,4.25482,1.84659
35.952,-0.1484,1.0000,0.0000,6,226.90,-0.7826,-0.0236,14141.2,0.0,14.52,27.2201,36.7894,49.7524,63.3985,73.5663,80.4727,87.6901,93.7014,100.606,108.618,118.026,134.333,159.556,200.0,39.9894,7.66396,4.4172,1.89494
35.971,-0.1731,1.0000,0.0000,6,227.24,-0.7775,-0.0254,14161.6,0.0,14.456,27.0611,36.6767,49.7818,63.6772,74.0985,81.21,88.6706,94.9071,102.096,110.472,120.355,137.607,164.603,200.0,42.5953,7.95392,4.55202,1.94371
35.989,-0.0000,1.0000,0.0000,6,227.53,-0.7722,-0.0211,14187.7,0.0,14.4688,27.2626,37.2611,51.1423,66.1914,77.7082,85.6843,94.1555,101.32,109.673,119.538,131.363,152.504,186.916,200.0,27.5173,7.94007,4.59637,1.98071
36.008,-0.0000,1.0000,0.0000,6,227.83,-0.7669,-0.0166,14225.8,0.0,14.4836,27.4996,37.9245,52.6913,69.1006,81.9499,91.001,100.754,109.118,119.005,130.874,145.385,172.126,200.0,200.0,22.7761,7.92151,4.63871,2.01785
36.027,-0.0000,1.0000,0.0000,6,228.18,-0.7610,-0.0176,14237.5,0.0,14.4243,27.4228,37.9691,53.0426,69.9809,83.3853,92.9026,103.229,112.142,122.751,135.588,151.436,181.092,200.0,200.0,24.1228,8.18679,4.77306,2.07059
36.051,-0.0000,1.0000,0.0000,6,228.53,-0.7547,-0.0213,14250.2,0.0,14.3258,27.184,37.6855,52.7366,69.7102,83.1873,92.7809,103.212,112.236,122.999,136.058,152.23,182.649,200.0,200.0,27.2684,8.62544,4.96352,2.13368
36.070,-0.0000,1.0000,0.0000,6,228.89,-0.7479,-0.0263,14265.3,0.0,14.2085,26.8783,37.2618,52.1449,68.9295,82.257,91.7442,102.061,110.985,121.63,134.544,150.541,180.628,200.0,200.0,31.2514,9.18729,5.19196,2.20473
36.089,-0.0000,1.0000,0.0000,6,229.24,-0.7405,-0.0317,14282.6,0.0,14.0814,26.5491,36.7881,51.4479,67.9579,81.0506,90.3614,100.477,109.221,119.642,132.272,147.895,177.224,200.0,200.0,35.7103,9.86,5.4523,2.28343
36.108,-0.0000,1.0000,0.0000,6,229.59,-0.7323,-0.0373,14301.7,0.0,13.9483,26.2188,36.3093,50.7376,66.9603,79.8049,88.9286,98.8307,107.381,117.562,129.885,145.107,173.615,200.0,200.0,40.3906,10.6464,5.74334,2.37027
36.127,-0.0000,1.0000,0.0000,6,229.92,-0.7231,-0.0428,14337.5,0.0,13.8108,25.8967,35.846,50.0569,66.013,78.6303,87.5836,97.2929,105.67,115.635,127.686,142.553,170.342,200.0,200.0,45.0816,11.5611,6.06648,2.46619
36.152,-0.0000,1.0000,0.0000,6,230.27,-0.7131,-0.0481,14354.3,0.0,13.669,25.5849,35.4021,49.4134,65.1301,77.5464,86.3512,95.8933,104.121,113.903,125.725,140.296,167.494,200.0,200.0,49.6711,12.6044,6.4233,2.57138
36.171,-0.0000,1.0000,0.0000,6,230.62,-0.7020,-0.0534,14371.4,0.0,13.5222,25.2804,34.9726,48.798,64.2961,76.532,85.2045,94.5996,102.698,112.322,123.946,138.266,164.969,200.0,200.0,54.1546,13.6604,6.81836,2.68677
36.190,-0.0000,1.0000,0.0000,6,230.97,-0.6899,-0.0586,14389.1,0.0,13.3696,24.9809,34.553,48.2023,63.4962,75.5661,84.1183,93.3804,101.362,110.845,122.295,136.395,162.673,200.0,200.0,58.5453,14.7094,7.25615,2.81283
36.208,-0.0000,1.0000,0.0000,6,231.31,-0.6768,-0.0637,14407.6,0.0,13.213,24.6844,34.1393,47.6183,62.7169,74.6293,83.0681,92.2059,100.079,109.431,120.721,134.62,160.513,200.0,200.0,62.8748,15.7544,7.74116,2.95012
36.227,-0.0000,1.0000,0.0000,6,231.66,-0.6625,-0.0688,14427.1,0.0,13.0566,24.3898,33.7295,47.0421,61.9514,73.7122,82.0424,91.0616,98.8313,108.06,119.199,132.91,158.445,200.0,200.0,67.1571,16.7965,8.25059,3.09892
36.253,-0.0000,1.0000,0.0000,6,231.98,-0.6472,-0.0738,14465.3,0.0,12.9003,24.0965,33.3225,46.472,61.1969,72.811,81.0367,89.9421,97.6133,106.724,117.72,131.254,156.455,200.0,200.0,71.3903,17.8369,8.76009,3.25984
36.272,-0.0000,1.0000,0.0000,6,232.33,-0.6308,-0.0789,14480.6,0.0,12.7439,23.8036,32.9166,45.9043,60.4471,71.9168,80.0398,88.8336,96.4083,105.404,116.261,129.623,154.501,200.0,200.0,75.6029,18.8771,9.26991,3.43312
36.290,-0.0000,1.0000,0.0000,6,232.67,-0.6133,-0.0840,14497.0,0.0,12.5875,23.511,32.5116,45.3386,59.7009,71.0277,79.0493,87.7332,95.213,104.096,114.816,128.009,152.572,200.0,200.0,79.7963,19.9166,9.77974,3.61843
36.308,-0.0000,1.0000,0.0000,6,233.02,-0.5947,-0.0890,14513.9,0.0,12.4311,23.2185,32.1068,44.7737,58.9562,70.1411,78.062,86.6368,94.0225,102.793,113.379,126.405,150.657,200.0,200.0,83.9804,20.9565,10.29,3.80713
36.327,-0.2155,1.0000,0.0000,6,233.36,-0.5749,-0.0932,14532.1,0.0,12.2743,22.9254,31.7014,44.2079,58.2107,69.2536,77.074,85.5398,92.8316,101.491,111.941,124.801,148.743,200.0,200.0,88.1696,21.9984,10.8013,3.99624
36.353,-0.5017,1.0000,0.0000,6,233.67,-0.5551,-0.0899,14555.2,0.0,12.1539,22.8069,31.6439,44.3339,58.6791,70.0955,78.2361,87.1012,94.7813,103.955,115.106,128.946,155.07,200.0,200.0,82.6665,22.3784,11.1502,4.16555
36.371,-0.5053,1.0000,0.0000,6,233.87,-0.5365,-0.0786,14610.9,0.0,12.1233,23.1185,32.4572,46.237,62.364,75.637,85.3497,96.171,105.759,117.479,132.133,150.977,200.0,200.0,200.0,63.7798,21.3101,11.1087,4.28259
36.389,-0.3180,1.0000,0.0000,6,234.01,-0.5194,-0.0614,14640.4,0.0,12.1687,23.8044,34.0751,49.9416,69.6791,86.9578,100.245,115.737,130.112,148.577,173.166,200.0,200.0,200.0,196.019,47.4759,19.5498,10.8027,4.35343
36.408,-0.0000,1.0000,0.0000,6,234.10,-0.5043,-0.0418,14670.2,0.0,12.2629,24.7421,36.3053,55.2898,81.0294,105.766,126.379,152.392,178.678,200.0,200.0,200.0,200.0,200.0,106.217,37.0468,17.8247,10.4071,4.3933
36.427,-0.0000,1.0000,0.0000,6,234.21,-0.4914,-0.0236,14692.2,0.0,12.3672,25.7322,38.7548,61.6194,95.9703,133.266,168.171,200.0,200.0,200.0,200.0,200.0,196.419,152.067,66.0038,30.9954,16.5116,10.0641,4.42077
36.453,-0.0000,1.0000,0.0000,6,234.48,-0.4802,-0.0136,14686.9,0.0,12.392,26.2418,40.1432,65.5921,106.539,155.139,200.0,200.0,200.0,200.0,200.0,197.222,183.665,104.016,55.5548,28.7934,16.031,9.97566,4.47202
36.471,-0.0000,1.0000,0.0000,6,234.82,-0.4706,-0.0103,14677.5,0.0,12.3522,26.3174,40.4818,66.8066,110.268,163.704,200.0,200.0,200.0,200.0,199.757,193.544,163.927,95.2861,53.3957,28.4489,16.0551,10.0571,4.5388
36.490,-0.0000,1.0000,0.0000,6,235.15,-0.4625,-0.0101,14708.1,0.0,12.2864,26.1857,40.2913,66.5285,109.907,163.347,200.0,200.0,200.0,200.0,198.486,192.339,164.905,96.225,54.0495,28.838,16.2862,10.2055,4.6074
36.509,-0.0000,1.0000,0.0000,6,235.52,-0.4557,-0.0112,14702.5,0.0,12.2157,25.9838,39.9089,65.6829,107.936,159.38,200.0,200.0,200.0,200.0,197.947,192.1,176.012,100.698,55.7477,29.4896,16.583,10.3695,4.67143
36.527,-0.0000,1.0000,0.0000,6,235.88,-0.4498,-0.0127,14704.9,0.0,12.1483,25.7686,39.4788,64.681,105.514,154.437,200.0,200.0,200.0,200.0,197.611,192.092,179.548,106.816,57.8562,30.2226,16.8907,10.53,4.7293
36.552,-0.0000,1.0000,0.0000,6,236.23,-0.4446,-0.0142,14714.1,0.0,12.0879,25.5725,39.0849,63.7621,103.307,149.987,200.0,200.0,200.0,200.0,197.18,191.933,180.95,113.187,59.9363,30.9181,17.175,10.6759,4.7807
36.571,-0.0000,1.0000,0.0000,6,236.58,-0.4400,-0.0155,14728.0,0.0,12.0333,25.397,38.7345,62.9528,101.39,146.184,200.0,200.0,200.0,200.0,196.619,191.592,181.577,119.47,61.9022,31.5613,17.4357,10.8092,4.82755
36.589,-0.0000,1.0000,0.0000,6,236.91,-0.4356,-0.0165,14751.3,0.0,11.9848,25.2481,38.444,62.2993,99.8818,143.253,200.0,200.0,200.0,199.989,195.877,191.015,181.627,124.968,63.5882,32.1163,17.6645,10.928,4.87047
36.608,-0.0000,1.0000,0.0000,6,237.22,-0.4314,-0.0172,14790.0,0.0,11.942,25.1271,38.2182,61.8146,98.8093,141.231,200.0,200.0,200.0,198.977,194.941,190.196,181.21,129.156,64.8924,32.5646,17.858,11.0322,4.91003
36.627,-0.0000,0.0000,0.0000,6,237.57,-0.4273,-0.0176,14802.1,0.0,11.9029,25.0261,38.0392,61.453,98.0532,139.86,200.0,200.0,200.0,197.842,193.863,189.203,180.492,132.192,65.8876,32.9314,18.026,11.1263,4.94768
36.652,-0.0000,0.0000,0.0000,6,237.38,-0.4232,-0.0179,14464.6,0.0,11.8664,24.9396,37.8944,61.1816,97.5273,138.96,200.0,200.0,200.0,196.618,192.683,188.087,179.569,134.275,66.6382,33.2354,18.1747,11.213,4.98396
36.671,-0.0000,0.0000,0.0000,6,236.88,-0.4192,-0.0179,14428.9,0.0,11.8324,24.8662,37.7804,60.9903,97.2046,138.471,200.0,200.0,198.768,195.32,191.417,186.866,178.482,135.435,67.1577,33.4807,18.3054,11.2926,5.0189
36.689,-0.0000,0.0000,0.0000,6,236.37,-0.4152,-0.0178,14397.9,0.0,11.7999,24.8006,37.6842,60.8451,96.9977,138.216,200.0,200.0,197.411,193.981,190.104,185.59,177.306,136.049,67.5405,33.6908,18.4251,11.3678,5.05296
36.708,-0.0000,0.0000,0.0000,6,235.87,-0.4113,-0.0177,14365.4,0.0,11.7683,24.7391,37.5976,60.7245,96.8531,138.087,200.0,199.109,196.036,192.623,188.767,184.284,176.085,136.363,67.8475,33.8815,18.5387,11.4407,5.08652
36.727,-0.0000,0.0000,0.0000,6,235.38,-0.4073,-0.0176,14334.2,0.0,11.7371,24.68,37.5165,60.6182,96.7446,138.032,200.0,197.714,194.652,191.255,187.419,182.965,174.841,136.502,68.1097,34.0604,18.6486,11.512,5.11976
36.752,-0.0000,0.0000,0.0000,6,234.88,-0.4034,-0.0174,14305.2,0.0,11.7064,24.6228,37.4393,60.521,96.658,138.02,200.0,196.315,193.265,189.882,186.066,181.639,173.585,136.538,68.3426,34.2308,18.7554,11.5818,5.15255
36.771,-0.0000,0.0000,0.0000,6,234.38,-0.3996,-0.0172,14275.8,0.0,11.6761,24.5662,37.3632,60.4263,96.5765,138.017,198.735,194.919,191.88,188.511,184.715,180.314,172.331,136.552,68.567,34.398,18.8607,11.6509,5.18505
36.790,-0.0000,0.0000,0.0000,6,233.88,-0.3957,-0.0171,14246.2,0.0,11.646,24.5102,37.2876,60.3316,96.4937,138.011,197.331,193.526,190.499,187.146,183.368,178.996,171.083,136.574,68.7895,34.5632,18.9648,11.7191,5.21716
36.808,-0.0000,0.0000,0.0000,6,233.39,-0.3920,-0.0169,14216.6,0.0,11.6162,24.4541,37.2115,60.2348,96.4043,137.99,195.931,192.139,189.124,185.786,182.029,177.684,169.844,136.628,69.0169,34.7286,19.0685,11.787,5.24905
36.827,-0.0000,0.0000,0.0000,6,232.90,-0.3882,-0.0168,14185.7,0.0,11.5866,24.3985,37.1357,60.1374,96.3112,137.96,194.536,190.758,187.754,184.432,180.695,176.379,168.612,136.702,69.2453,34.8927,19.171,11.854,5.2805
36.853,-0.0000,0.0000,0.0000,6,232.41,-0.3845,-0.0166,14155.6,0.0,11.5574,24.3435,37.0609,60.0415,96.2211,137.935,193.144,189.378,186.387,183.08,179.364,175.077,167.383,136.763,69.4675,35.0541,19.2722,11.9203,5.31165
36.871,-0.0000,0.0000,0.0000,6,231.93,-0.3808,-0.0165,14126.6,0.0,11.5284,24.289,36.987,59.9476,96.135,137.918,191.754,188.001,185.022,181.731,178.036,173.777,166.156,136.806,69.6826,35.2128,19.3722,11.9859,5.34255
36.890,-0.0000,0.0000,0.0000,6,231.44,-0.3772,-0.0163,14097.5,0.0,11.4997,24.2352,36.914,59.8549,96.0506,137.903,190.367,186.627,183.661,180.386,176.711,172.481,164.932,136.845,69.893,35.3689,19.4708,12.0507,5.37306
36.908,-0.0000,0.0000,0.0000,6,230.96,-0.3736,-0.0162,14068.4,0.0,11.4714,24.182,36.8418,59.7629,95.9662,137.887,188.983,185.257,182.303,179.044,175.39,171.189,163.712,136.885,70.1003,35.5228,19.5681,12.1146,5.40321
36.927,-0.0000,0.0000,0.0000,6,230.48,-0.3701,-0.0160,14039.4,0.0,11.4434,24.1292,36.7699,59.671,95.8805,137.867,187.603,183.89,180.949,177.706,174.074,169.902,162.498,136.933,70.3065,35.6754,19.6645,12.1779,5.43305
36.952,-0.0000,0.0000,0.0000,6,230.00,-0.3665,-0.0159,14009.7,0.0,11.4157,24.077,36.6988,59.5799,95.7955,137.846,186.226,182.527,179.599,176.372,172.761,168.619,161.288,136.98,70.5092,35.8255,19.7594,12.2403,5.46249
36.970,-0.0000,0.0000,0.0000,6,229.53,-0.3631,-0.0157,13980.4,0.0,11.3882,24.0254,36.6288,59.491,95.7148,137.834,184.851,181.166,178.251,175.041,171.451,167.338,160.079,137.01,70.7046,35.9727,19.853,12.3019,5.49162
36.989,-0.0000,0.0000,0.0000,6,229.05,-0.3596,-0.0156,13951.9,0.0,11.3611,23.9746,36.5601,59.4044,95.6388,137.83,183.479,179.807,176.905,173.711,170.143,166.059,158.872,137.021,70.892,36.1169,19.9451,12.3627,5.52043
37.009,-0.0000,0.0000,0.0000,6,228.58,-0.3562,-0.0154,13923.5,0.0,11.3344,23.9247,36.4925,59.3197,95.5656,137.831,182.109,178.451,175.562,172.384,168.837,164.783,157.667,137.023,71.0735,36.2579,20.0356,12.4226,5.54881
37.027,-0.0000,0.0000,0.0000,6,228.11,-0.3529,-0.0153,13895.0,0.0,11.3079,23.875,36.4253,59.2352,95.4924,137.831,180.742,177.099,174.222,171.062,167.536,163.511,156.466,137.026,71.2529,36.3976,20.1253,12.4819,5.57698
37.052,-0.0000,0.0000,0.0000,6,227.64,-0.3496,-0.0151,13866.6,0.0,11.2818,23.826,36.3591,59.1521,95.4206,137.832,179.378,175.749,172.886,169.742,166.238,162.242,155.269,137.027,71.4281,36.5347,20.2135,12.5403,5.60472
37.071,-0.0000,0.0000,0.0000,6,227.17,-0.3463,-0.0150,13838.1,0.0,11.2559,23.7776,36.2936,59.0698,95.3497,137.834,178.017,174.402,171.553,168.426,164.944,160.977,154.075,137.027,71.6001,36.6698,20.3006,12.598,5.63213
37.090,-0.0000,0.0000,0.0000,6,226.71,-0.3430,-0.0149,13809.6,0.0,11.2304,23.7298,36.229,58.989,95.2811,137.906,176.658,173.059,170.223,167.113,163.652,159.716,152.884,137.019,71.7673,36.8025,20.3864,12.6549,5.65922
37.108,-0.0000,0.0000,0.0000,6,226.24,-0.3398,-0.0147,13781.5,0.0,11.2051,23.6825,36.1653,58.9094,95.2148,139.584,175.303,171.718,168.896,165.802,162.364,158.457,151.695,136.772,71.9297,36.933,20.4711,12.7112,5.68603
37.127,-0.0000,0.0000,0.0000,6,225.78,-0.3367,-0.0146,13753.4,0.0,11.1802,23.6359,36.1025,58.8315,95.151,177.609,173.95,170.38,167.571,164.495,161.078,157.201,150.509,136.279,72.0873,37.0609,20.5544,12.7666,5.71249
37.152,-0.1237,0.0000,0.0000,6,225.32,-0.3335,-0.0144,13725.5,0.0,11.1555,23.5899,36.0405,58.7547,95.089,176.246,172.599,169.044,166.249,163.19,159.796,155.949,149.326,135.665,72.2406,37.1867,20.6365,12.8213,5.73862
37.170,-0.2403,0.0000,0.0000,6,224.84,-0.3308,-0.0109,13696.7,0.0,11.1709,23.7738,36.532,60.1771,99.027,174.039,170.306,166.658,163.782,160.622,157.094,153.053,145.897,122.712,68.2027,36.1617,20.3583,12.7374,5.74147
37.189,-0.1519,0.0000,0.0000,6,224.31,-0.3291,-0.0000,13664.7,0.0,11.2778,24.4935,38.353,65.4267,114.291,169.846,165.778,161.756,158.537,154.93,150.77,145.708,133.781,92.3218,57.7201,33.0343,19.3621,12.3644,5.69265
37.208,-0.0000,0.0000,0.0000,6,223.78,-0.3290,0.0154,13630.8,0.0,11.455,25.6448,41.3601,74.8449,171.328,164.004,159.319,154.55,150.573,145.823,139.527,122.454,89.2971,68.2037,47.2868,29.3506,18.0555,11.8371,5.60778
37.227,-0.0000,0.0000,0.0000,6,223.28,-0.3302,0.0283,13597.7,0.0,11.621,26.7229,44.307,85.1597,166.584,158.406,153.0,147.214,141.954,134.124,108.52,87.8384,69.3452,55.9043,41.0196,26.8055,17.0629,11.41,5.52891
37.252,-0.0000,0.0000,0.0000,6,222.80,-0.3325,0.0345,13568.6,0.0,11.7184,27.313,45.9469,91.3528,163.472,154.813,148.95,142.4,135.79,115.966,92.5879,77.0591,62.4124,51.2821,38.4475,25.6603,16.5788,11.1861,5.4779
37.271,-0.0000,0.0000,0.0000,6,222.34,-0.3359,0.0371,13541.5,0.0,11.781,27.6155,46.7465,94.3554,161.367,152.508,146.439,139.493,131.887,107.364,86.9389,73.0476,59.7006,49.3951,37.3326,25.1197,16.3253,11.0547,5.4369
37.289,-0.0000,0.0000,0.0000,6,221.89,-0.3403,0.0378,13515.1,0.0,11.8288,27.7716,47.0935,95.4659,159.8,150.906,144.798,137.76,129.831,104.64,85.0393,71.6274,58.679,48.639,36.8405,24.8432,16.1715,10.9614,5.39741
37.308,-0.0000,0.0000,0.0000,6,221.44,-0.3455,0.0377,13488.7,0.0,11.8734,27.8692,47.2453,95.7067,158.473,149.62,143.551,136.577,128.796,104.131,84.5764,71.2096,58.3144,48.3226,36.5881,24.6642,16.0508,10.8779,5.35526
37.327,-0.0000,0.0000,0.0000,6,221.00,-0.3514,0.0373,13463.2,0.0,11.9193,27.9503,47.3326,95.6347,157.234,148.449,142.446,135.589,128.106,104.395,84.6071,71.1299,58.1659,48.1463,36.4072,24.5098,15.9349,10.7929,5.30961
37.352,-0.0000,0.0000,0.0000,6,220.56,-0.3576,0.0368,13436.5,0.0,11.9682,28.0335,47.4151,95.5135,156.012,147.298,141.364,134.629,127.436,104.8,84.715,71.095,58.039,47.9783,36.2246,24.3488,15.8123,10.7024,5.26069
37.371,-0.0000,0.0000,0.0000,6,220.12,-0.3642,0.0364,13409.5,0.0,12.0207,28.1306,47.5311,95.511,154.762,146.109,140.234,133.598,126.621,104.915,84.6226,70.912,57.8072,47.7343,35.9942,24.1626,15.6766,10.6044,5.2089
37.389,-0.0000,0.0000,0.0000,6,219.68,-0.3710,0.0361,13382.4,0.0,12.0767,28.2438,47.6895,95.6692,153.472,144.867,139.036,132.472,125.638,104.615,84.2516,70.5287,57.4383,47.394,35.7062,23.9479,15.5273,10.4992,5.15482
37.409,-0.0000,0.0000,0.0000,6,219.24,-0.3779,0.0359,13355.6,0.0,12.1355,28.3717,47.8876,95.9801,152.144,143.574,137.776,131.26,124.509,103.909,83.6135,69.9552,56.9409,46.9642,35.3654,23.7079,15.3663,10.3882,5.09898
37.427,-0.0000,0.0000,0.0000,6,218.80,-0.3849,0.0359,13329.0,0.0,12.1963,28.5113,48.1181,96.4178,150.784,142.24,136.464,129.978,123.265,102.867,82.7559,69.2269,56.3395,46.4628,34.9832,23.4485,15.1967,10.2729,5.04201
37.452,-0.0000,0.0000,0.0000,6,218.37,-0.3919,0.0359,13303.5,0.0,12.2587,28.6586,48.3697,96.9354,149.406,140.882,135.121,128.653,121.95,101.621,81.7636,68.4028,55.6736,45.9166,34.5745,23.1763,15.0211,10.1545,4.98413
37.471,-0.0000,0.0000,0.0000,6,217.93,-0.3990,0.0360,13277.8,0.0,12.322,28.8102,48.6324,97.4951,148.019,139.511,133.764,127.307,120.6,100.273,80.7048,67.5313,54.9753,45.3477,34.1524,22.8975,14.8424,10.0345,4.9257
37.490,-0.0000,0.0000,0.0000,6,217.50,-0.4061,0.0360,13251.2,0.0,12.3857,28.9643,48.9019,98.0814,146.627,138.134,132.397,125.949,119.228,98.8666,79.6074,66.6325,54.2588,44.7663,33.7229,22.6152,14.662,9.9137,4.86705
37.508,-0.0000,0.0000,0.0000,6,217.07,-0.4133,0.0361,13224.3,0.0,12.45,29.121,49.1781,98.6921,145.231,136.751,131.023,124.579,117.835,97.4118,78.4773,65.71,53.5257,44.173,33.2861,22.3291,14.4798,9.79181,4.80799
37.527,-0.0000,0.0000,0.0000,6,216.64,-0.4204,0.0363,13197.8,0.0,12.5145,29.2791,49.4586,99.3208,143.833,135.365,129.645,123.203,116.428,95.9269,77.3275,64.7736,52.7835,43.5735,32.8458,22.0416,14.297,9.66968,4.74891
37.552,-0.0000,0.0000,0.0000,6,216.22,-0.4276,0.0364,13171.7,0.0,12.5796,29.4396,49.745,99.9705,142.431,133.974,128.26,121.818,115.004,94.4071,76.154,63.8197,52.0289,42.965,32.3997,21.7509,14.1125,9.54657,4.68944
37.571,-0.0000,0.0000,0.0000,6,215.79,-0.4348,0.0365,13145.7,0.0,12.6447,29.6009,50.034,100.631,141.028,132.582,126.874,120.429,113.57,92.8782,74.9742,62.8613,51.2713,42.3544,31.9526,21.4597,13.9278,9.42342,4.62998
37.589,-0.0000,0.0000,0.0000,6,215.36,-0.4420,0.0367,13122.0,0.0,12.7102,29.7629,50.3243,101.296,139.626,131.191,125.489,119.041,112.133,91.3568,73.7984,61.9051,50.5145,41.744,31.505,21.168,13.7426,9.29989,4.57031
37.608,-0.0000,0.0000,0.0000,6,214.94,-0.4492,0.0368,13096.1,0.0,12.7755,29.9244,50.6132,101.955,138.228,129.804,124.108,117.658,110.701,89.8615,72.639,60.9604,49.7652,41.1386,31.0604,20.8776,13.558,9.17659,4.51068
37.627,-0.0000,0.0000,0.0000,6,214.52,-0.4565,0.0369,13069.6,0.0,12.841,30.0862,50.9024,102.614,136.832,128.419,122.73,116.278,109.269,88.3801,71.4883,60.0212,49.0195,40.5354,30.6167,20.5874,13.3734,9.05318,4.45094
37.652,-0.0000,0.0000,0.0000,6,214.10,-0.4637,0.0370,13043.3,0.0,12.9066,30.2485,51.193,103.282,135.436,127.035,121.352,114.897,107.831,86.9028,70.3395,59.0831,48.2739,39.9321,30.1728,20.2968,13.1884,8.92954,4.39109
37.671,-0.0000,0.0000,0.0000,6,213.68,-0.4710,0.0372,13017.4,0.0,12.9725,30.4117,51.4859,104.604,134.04,125.65,119.973,113.514,106.383,85.4218,69.1879,58.1425,47.5266,39.3275,29.7279,20.0057,13.0031,8.80571,4.33114
37.689,-0.0000,0.0000,0.0000,6,213.26,-0.4782,0.0373,12991.9,0.0,13.0385,30.5759,51.7814,145.069,132.643,124.264,118.592,112.128,104.923,83.9362,68.0327,57.1994,46.7773,38.7213,29.282,19.7141,12.8176,8.68173,4.27115
37.709,-0.0000,0.0000,0.0000,6,212.84,-0.4855,0.0374,12968.3,0.0,13.1046,30.7404,52.0779,143.666,131.247,122.879,117.213,110.741,103.455,82.4582,66.882,56.259,46.0297,38.1161,28.8365,19.4225,12.632,8.55765,4.21108
37.727,-0.0000,0.0000,0.0000,6,212.43,-0.4928,0.0376,12943.9,0.0,13.1707,30.9047,52.3731,142.265,129.854,121.498,115.837,109.36,101.989,81.0054,65.7471,55.3295,45.2889,37.5155,28.3933,19.1318,12.4465,8.43358,4.15093
37.752,-0.0000,0.0000,0.0000,6,212.01,-0.5001,0.0377,12918.2,0.0,13.2369,31.0686,52.6671,140.866,128.465,120.121,114.467,107.984,100.525,79.5756,64.6269,54.4099,44.5545,36.9188,27.9522,18.8418,12.2613,8.30947,4.09069
37.770,-0.0000,0.0000,0.0000,6,211.60,-0.5074,0.0378,12892.0,0.0,13.3032,31.2328,52.9614,139.469,127.076,118.745,113.097,106.609,99.053,78.1568,63.5136,53.4949,43.8229,36.324,27.512,18.552,12.076,8.18533,4.0304
37.789,-0.0000,0.0000,0.0000,6,211.19,-0.5147,0.0380,12866.2,0.0,13.3698,31.3979,53.2579,138.071,125.688,117.369,111.728,105.233,97.5654,76.7374,62.3989,52.5785,43.09,35.7279,27.0707,18.2614,11.8902,8.06078,3.96989
37.808,-0.0000,0.0000,0.0000,6,210.78,-0.5221,0.0381,12841.0,0.0,13.4364,31.5636,53.5564,136.673,124.299,115.993,110.357,103.853,96.0569,75.3166,61.2833,51.6615,42.3566,35.1316,26.6294,17.9709,11.7046,7.93634,3.90946
37.827,-0.0000,0.0000,0.0000,6,210.38,-0.5294,0.0382,12816.0,0.0,13.5035,31.7307,53.8582,135.274,122.91,114.615,108.983,102.469,94.521,73.8907,60.1631,50.7403,41.6198,34.5323,26.1857,17.6789,11.5178,7.8112,3.84869
37.852,-0.0000,0.0000,0.0000,6,209.97,-0.5368,0.0384,12793.3,0.0,13.5704,31.8976,54.1596,133.876,121.521,113.239,107.612,101.087,92.9659,72.4796,59.0527,49.8263,40.8879,33.9365,25.7443,17.388,11.3317,7.6864,3.78804
37.870,-0.0000,0.0000,0.0000,6,209.56,-0.5441,0.0385,12768.6,0.0,13.6373,32.0641,54.4596,132.48,120.136,111.866,106.245,99.7094,91.3927,71.0891,57.9559,48.9215,40.1621,33.3449,25.305,17.098,11.1459,7.5617,3.72738
37.889,-0.0000,0.0000,0.0000,6,209.16,-0.5515,0.0386,12743.3,0.0,13.7045,32.231,54.76,131.084,118.752,110.495,104.88,98.3327,89.7848,69.71,56.8655,48.021,39.4386,32.7544,24.8661,16.8077,10.9597,7.43667,3.6665
37.908,-0.0000,0.0000,0.0000,6,208.75,-0.5589,0.0387,12718.1,0.0,13.7716,32.3979,55.0608,129.689,117.369,109.125,103.515,96.956,88.1208,68.3396,55.7809,47.1245,38.7177,32.1657,24.4282,16.518,10.7738,7.31177,3.60567
37.927,-0.0000,0.0000,0.0000,6,208.35,-0.5663,0.0389,12693.3,0.0,13.8388,32.5653,55.3629,128.294,115.986,107.756,102.15,95.5771,86.3589,66.9734,54.699,46.2298,37.9981,31.5779,23.9908,16.2285,10.588,7.1869,3.54484
37.952,-0.0000,0.0000,0.0000,6,207.96,-0.5737,0.0390,12668.8,0.0,13.9062,32.7335,55.667,126.899,114.603,106.385,100.784,94.1953,84.5164,65.6085,53.6174,45.335,37.2781,30.9896,23.5529,15.9386,10.4018,7.06183,3.48391
37.971,-0.0000,0.0000,0.0000,6,207.56,-0.5811,0.0391,12644.6,0.0,13.9738,32.9025,55.973,125.503,113.22,105.015,99.4173,92.8103,82.6806,64.2463,52.5369,44.4406,36.558,30.4009,23.1144,15.6481,10.2153,6.93644,3.4228
37.989,-0.0000,0.0000,0.0000,6,207.16,-0.5886,0.0393,12621.5,0.0,14.0414,33.0714,56.2788,124.108,111.838,103.645,98.0522,91.4258,80.866,62.8967,51.4646,43.5519,35.8416,29.8148,22.6774,15.3583,10.029,6.81116,3.3617
38.008,0.1922,0.0000,0.0000,6,206.76,-0.5960,0.0394,12597.3,0.0,14.1092,33.2407,56.5849,122.714,110.457,102.278,96.6882,90.0411,79.0697,61.5566,50.3979,42.6667,35.1272,29.2297,22.2407,15.0683,9.84236,6.68559,3.30042
38.027,0.3630,0.0000,0.0000,6,206.34,-0.6031,0.0360,12571.8,0.0,14.1209,33.0203,55.7464,122.018,110.032,102.14,96.8603,90.8811,84.1804,66.1112,53.2255,44.5464,36.2709,29.9234,22.5398,15.1145,9.79855,6.62503,3.25237
38.052,0.4128,0.0000,0.0000,6,205.85,-0.6091,0.0245,12542.3,0.0,14.0013,31.938,52.5065,122.871,111.67,104.539,99.9979,95.2935,91.1852,85.6167,70.5757,55.9045,43.3066,34.4426,24.9004,16.0456,10.1163,6.72658,3.23818
38.071,0.3203,0.0000,0.0000,6,205.30,-0.6135,0.0065,12508.0,0.0,13.7812,30.3099,48.0363,124.745,114.557,108.284,104.45,100.695,97.6916,94.2984,90.2771,84.9176,64.1022,46.2626,30.4111,18.0696,10.8219,6.99051,3.25824
38.089,-0.0000,0.0000,0.0000,6,204.73,-0.6160,-0.0152,12470.3,0.0,13.5086,28.528,43.5334,70.8206,117.773,112.248,108.956,105.824,103.408,100.807,97.97,94.812,89.5211,79.5984,42.1853,21.5743,11.9356,7.40451,3.30924
38.108,-0.0000,0.0000,0.0000,6,204.17,-0.6164,-0.0368,12432.1,0.0,13.2369,26.9267,39.78,61.2483,120.527,115.579,112.673,109.947,107.879,105.693,103.371,100.884,97.0459,91.8977,69.8182,27.0063,13.4022,7.92277,3.38202
38.127,-0.0000,0.0000,0.0000,6,203.68,-0.6152,-0.0509,12399.8,0.0,13.0584,25.9655,37.6516,56.2806,121.648,117.02,114.319,111.801,109.903,107.911,105.813,103.593,100.238,95.9361,85.2057,32.4127,14.6217,8.33275,3.44453
38.152,-0.0000,0.0000,0.0000,6,203.23,-0.6124,-0.0589,12372.7,0.0,12.9426,25.4157,36.491,53.7247,75.449,117.214,114.622,112.214,110.403,108.51,106.524,104.433,101.298,97.3417,88.1063,36.7717,15.5048,8.63327,3.50071
38.171,-0.0000,0.0000,0.0000,6,202.82,-0.6080,-0.0630,12349.1,0.0,12.8606,25.098,35.8605,52.4131,72.88,116.674,114.141,111.791,110.028,108.187,106.26,104.236,101.215,97.4282,88.8057,39.7434,16.1144,8.86103,3.55711
38.190,-0.0000,0.0000,0.0000,6,202.43,-0.6020,-0.0644,12327.3,0.0,12.7961,24.9165,35.5398,51.8108,71.8174,115.68,113.177,110.858,109.119,107.305,105.409,103.421,100.458,96.7571,88.4228,41.3779,16.5256,9.04488,3.61755
38.208,-0.0000,0.0000,0.0000,6,202.04,-0.5947,-0.0644,12306.1,0.0,12.7378,24.8025,35.3768,51.5723,71.5001,114.444,111.956,109.652,107.926,106.127,104.248,102.279,99.3482,95.6953,87.5117,42.143,16.8292,9.21072,3.68378
38.227,-0.0000,0.0000,0.0000,6,201.67,-0.5863,-0.0638,12284.6,0.0,12.6777,24.7085,35.2681,51.469,71.6092,113.112,110.633,108.339,106.622,104.834,102.966,101.011,98.1034,94.4843,86.4047,42.5617,17.1053,9.3802,3.75737
38.252,-0.0000,0.0000,0.0000,6,201.29,-0.5771,-0.0630,12263.2,0.0,12.613,24.6123,35.1637,51.3885,72.0872,111.758,109.287,107.004,105.295,103.517,101.66,99.7177,96.832,93.2445,85.2617,42.9218,17.3911,9.56102,3.83745
38.271,-0.0000,0.0000,0.0000,6,200.91,-0.5673,-0.0622,12241.2,0.0,12.5435,24.5063,35.0454,51.2879,73.2824,110.413,107.952,105.679,103.979,102.211,100.367,98.4382,95.5758,92.0222,84.1428,43.3319,17.6983,9.75432,3.92285
38.290,-0.0000,0.0000,0.0000,6,200.54,-0.5571,-0.0616,12218.5,0.0,12.469,24.3852,34.8994,51.134,113.346,109.099,106.65,104.389,102.701,100.945,99.1144,97.2021,94.3667,90.8522,83.0918,43.874,18.0361,9.96087,4.01247
38.308,-0.0000,0.0000,0.0000,6,200.17,-0.5466,-0.0611,12195.6,0.0,12.39,24.2483,34.7229,50.9182,112.051,107.823,105.388,103.143,101.467,99.7248,97.9107,96.0169,93.2122,89.7423,82.1171,44.5684,18.4056,10.1798,4.10544
38.327,-0.0000,0.0000,0.0000,6,199.80,-0.5360,-0.0608,12172.8,0.0,12.308,24.0988,34.5212,50.6498,110.785,106.58,104.161,101.933,100.271,98.545,96.749,94.8757,92.1049,88.6838,81.2055,45.3919,18.8003,10.4077,4.20051
38.352,-0.0000,0.0000,0.0000,6,199.43,-0.5252,-0.0606,12150.1,0.0,12.2233,23.9388,34.2987,50.3378,109.544,105.364,102.964,100.754,99.1076,97.3988,95.6222,93.7708,91.0363,87.6673,80.3434,46.3261,19.2167,10.6435,4.29736
38.371,-0.0000,0.0000,0.0000,6,199.06,-0.5143,-0.0606,12127.6,0.0,12.1367,23.7714,34.0611,49.9943,108.321,104.169,101.788,99.598,97.9676,96.2767,94.5205,92.6921,89.9954,86.6802,79.5144,47.3433,19.6495,10.8851,4.39555
38.390,-0.0000,0.0000,0.0000,6,198.69,-0.5034,-0.0606,12105.8,0.0,12.0491,23.5996,33.8147,49.6322,107.11,102.987,100.626,98.4563,96.8425,95.1703,93.4348,91.63,88.9717,85.7112,78.7031,48.4123,20.0921,11.1301,4.49442
38.408,-0.0000,0.0000,0.0000,6,198.32,-0.4924,-0.0606,12083.8,0.0,11.9608,23.4252,33.5632,49.2593,105.906,101.814,99.4726,97.3238,95.7268,94.0734,92.3591,90.578,87.9584,84.7525,77.9001,49.5139,20.5411,11.3774,4.59381
38.427,-0.0000,0.0000,0.0000,6,197.95,-0.4814,-0.0607,12061.3,0.0,11.872,23.249,33.3081,48.8791,104.708,100.646,98.3259,96.1981,94.6182,92.9838,91.2906,89.5335,86.9526,83.8011,77.1013,50.6402,20.9951,11.6265,4.69364
38.452,-0.0000,0.0000,0.0000,6,197.59,-0.4704,-0.0608,12038.7,0.0,11.7829,23.0716,33.0506,48.4938,103.515,99.4841,97.1844,95.0779,93.5152,91.8998,90.228,88.4946,85.9523,82.8549,76.3046,51.7859,21.4528,11.8769,4.79371
38.471,-0.0000,0.0000,0.0000,6,197.23,-0.4594,-0.0609,12016.4,0.0,11.6937,22.8934,32.7915,48.1054,102.326,98.3258,96.0472,93.9619,92.4165,90.8203,89.1697,87.4602,84.9563,81.9122,75.5079,52.9466,21.9131,12.1281,4.8939
38.490,-0.0000,0.0000,0.0000,6,196.87,-0.4484,-0.0610,11994.2,0.0,11.6043,22.7146,32.5312,47.7142,101.139,97.171,94.9136,92.8499,91.3217,89.7446,88.1153,86.4294,83.9638,80.9725,74.7106,54.1215,22.376,12.3801,4.99427
38.508,-0.1837,0.0000,0.0000,6,196.50,-0.4373,-0.0611,11972.2,0.0,11.5147,22.5352,32.2698,47.3209,99.9558,96.0195,93.7834,91.7411,90.2303,88.6723,87.0642,85.4021,82.9743,80.0352,73.9122,55.139,22.8414,12.6332,5.09488
38.527,-0.2862,0.0000,0.0000,6,196.11,-0.4266,-0.0579,11949.6,0.0,11.4616,22.5429,32.4064,47.8006,98.2899,94.3451,92.1068,90.0638,88.5531,86.9958,85.3894,83.7292,81.3061,78.374,72.2698,53.4885,22.7846,12.7258,5.17308
38.553,-0.2897,0.0000,0.0000,6,195.68,-0.4170,-0.0470,11923.7,0.0,11.4959,23.0001,33.5178,50.4915,95.4992,91.4548,89.1597,87.0651,85.5147,83.9166,82.2656,80.5583,78.0608,75.0291,68.6558,46.5875,21.6318,12.4589,5.19703
38.570,-0.0000,0.0000,0.0000,6,195.21,-0.4088,-0.0307,11894.2,0.0,11.6038,23.8507,35.5451,57.5802,91.8265,87.6117,85.2176,83.0291,81.4067,79.731,77.9962,76.1962,73.5508,70.3116,63.3238,38.8185,19.9477,11.9664,5.17757
38.590,-0.0000,0.0000,0.0000,6,194.77,-0.4022,-0.0133,11863.8,0.0,11.7422,24.8794,38.0779,95.744,87.9011,83.495,80.987,78.6882,76.98,75.2097,73.3706,71.4525,68.6111,65.079,57.0496,33.024,18.4094,11.4626,5.14176
38.608,-0.0000,0.0000,0.0000,6,194.38,-0.3966,-0.0032,11838.1,0.0,11.8127,25.502,39.7078,93.0819,85.0668,80.5639,77.9976,75.6427,73.8899,72.0705,70.1753,68.193,65.2404,61.5291,52.6707,30.5003,17.6792,11.2248,5.1367
38.626,-0.0000,0.0000,0.0000,6,194.00,-0.3920,0.0021,11815.8,0.0,11.8362,25.8086,40.5648,91.0975,83.0248,78.4953,75.9149,73.5466,71.7839,69.9528,68.0454,66.0477,63.0675,59.3074,50.129,29.4384,17.3766,11.1377,5.14812
38.651,-0.0000,0.0000,0.0000,6,193.63,-0.3886,0.0045,11794.9,0.0,11.8365,25.933,40.9475,89.5007,81.4349,76.9191,74.3498,71.9937,70.241,68.4219,66.5279,64.546,61.5922,57.8716,48.8374,29.0285,17.2753,11.1212,5.1645
38.671,-0.0000,0.0000,0.0000,6,193.28,-0.3861,0.0054,11774.4,0.0,11.8263,25.9557,41.0519,88.1246,80.1012,75.6214,73.077,70.7467,69.0155,67.2207,65.3547,63.4052,60.5076,56.8747,48.233,28.9416,17.2736,11.1373,5.18065
38.690,-0.0000,0.0000,0.0000,6,192.93,-0.3845,0.0054,11754.7,0.0,11.8123,25.9253,41.0045,86.8697,78.907,74.4745,71.9618,69.6643,67.9598,66.1955,64.3642,62.4552,59.6266,56.1019,47.9218,29.0178,17.3195,11.1671,5.19457
38.708,-0.0000,0.0000,0.0000,6,192.58,-0.3835,0.0051,11733.8,0.0,11.799,25.8767,40.8978,85.6654,77.7705,73.3893,70.9108,68.6482,66.9724,65.2402,63.4456,61.5788,58.8225,55.4086,47.6668,29.1537,17.3788,11.1978,5.20509
38.726,-0.0000,0.0000,1.0000,6,192.23,-0.3829,0.0046,11712.7,0.0,11.7889,25.8315,40.7915,84.4666,76.6398,72.3097,69.8652,67.6373,65.9896,64.289,62.5305,60.7049,58.0183,54.7094,47.3533,29.2845,17.4309,11.2224,5.21205
38.753,-0.0000,0.0000,1.0000,6,190.63,-0.3827,0.0041,11201.1,0.0,11.781,25.7896,40.6878,83.2728,75.5139,71.2347,68.8238,66.6299,65.01,63.3404,61.6169,59.8313,57.2117,54.0024,46.9891,29.4096,17.4772,11.2426,5.2166
38.770,-0.0000,0.0000,1.0000,6,188.22,-0.3826,0.0034,10963.1,0.0,11.7719,25.7347,40.5482,82.1186,74.4307,70.2037,67.8271,65.6679,64.0761,62.4378,60.7495,59.004,56.4508,53.3388,46.6437,29.5778,17.5366,11.2669,5.22096
38.790,-0.0000,0.0000,1.0000,6,185.64,-0.3826,0.0026,10737.3,0.0,11.7626,25.6762,40.4235,80.986,73.3693,69.1943,66.8517,64.7268,63.1626,61.555,59.901,58.1944,55.7052,52.6858,46.2791,29.7602,17.5999,11.2923,5.22517
38.808,-0.0000,0.0000,1.0000,6,182.98,-0.3826,0.0019,10519.6,0.0,11.7545,25.623,40.3801,79.8603,72.3129,68.1885,65.8788,63.7869,62.2493,60.6712,59.0502,57.3807,54.9521,52.019,45.8706,29.9299,17.6577,11.3149,5.22853
38.827,-0.0000,0.0000,1.0000,6,180.26,-0.3827,0.0013,10338.3,0.0,11.7477,25.5777,40.4453,78.7353,71.2549,67.1792,64.9012,62.8412,61.3291,59.7792,58.1895,56.5553,54.1837,51.3313,45.415,30.0766,17.7073,11.3342,5.2313
38.853,-0.0000,0.0000,1.0000,6,177.54,-0.3828,0.0008,10156.7,0.0,11.7425,25.5426,40.6572,77.6083,70.192,66.1632,63.9156,61.8861,60.3984,58.8754,57.3155,55.7147,53.3969,50.6196,44.9131,30.1923,17.7458,11.3489,5.2332
38.870,-0.0000,0.0000,1.0000,6,174.86,-0.3828,0.0004,9971.77,0.0,11.7389,25.5172,41.076,76.4786,69.124,65.1404,62.9221,60.9219,59.4576,57.9604,56.4291,54.86,52.593,49.8865,44.3713,30.2767,17.7737,11.3595,5.23453
38.890,-0.0000,0.0000,1.0000,6,172.22,-0.3829,0.0002,9789.54,0.0,11.7367,25.5013,41.8244,75.3474,68.0523,64.1123,61.9224,59.9505,58.5087,57.0364,55.5323,53.9936,51.7751,49.1353,43.7966,30.3302,17.7911,11.3659,5.23523
38.908,-0.0000,0.0000,1.0000,6,169.61,-0.3829,0.0001,9610.61,0.0,11.7358,25.4938,43.3056,74.2165,66.9792,63.0816,60.9193,58.9748,57.5548,56.1064,54.6287,53.1193,50.9473,48.3707,43.1964,30.3558,17.7992,11.3687,5.23538
38.926,-0.0000,0.0000,1.0000,6,167.03,-0.3830,0.0001,9433.84,0.0,11.736,25.4934,83.6235,73.0884,65.9077,62.0516,59.916,57.9983,56.5997,55.1746,53.7224,52.2412,50.114,47.598,42.5779,30.3579,17.7992,11.3684,5.23502
38.953,-0.0000,0.0000,1.0000,6,164.47,-0.3831,0.0001,9257.94,0.0,11.7372,25.4986,82.4619,71.9661,64.841,61.0257,58.9165,57.025,55.647,54.2446,52.8174,51.3637,49.2797,46.8221,41.9477,30.3413,17.7928,11.3654,5.23417
38.971,-0.0000,0.0000,1.0000,6,161.95,-0.3831,0.0002,9082.45,0.0,11.7389,25.5074,81.3093,70.8527,63.7827,60.0078,57.9245,56.0589,54.7014,53.3213,51.9186,50.4916,48.4497,46.0485,41.3129,30.3129,17.7826,11.361,5.2332
38.990,-0.0000,0.0000,1.0000,6,159.44,-0.3832,0.0004,8926.88,0.0,11.7409,25.5183,80.1677,69.7505,62.7356,59.0007,56.9431,55.1031,53.7658,52.4077,51.0289,49.6282,47.6274,45.2809,40.6781,30.2404,17.7699,11.3557,5.23212
39.008,-0.0000,0.0000,1.0000,6,156.96,-0.3832,0.0005,8768.9,0.0,11.7431,25.5306,79.0389,68.6616,61.7016,58.0066,55.9746,54.1598,52.8425,51.506,50.1508,48.7759,46.8154,44.5219,40.0464,30.1063,17.7557,11.3497,5.23087
39.027,-0.0000,0.0000,1.0000,6,154.53,-0.3833,0.0007,8592.79,0.0,11.7454,25.5429,77.9243,67.5877,60.683,57.0277,55.0211,53.2314,51.9337,50.6187,49.2868,47.9371,46.016,43.7743,39.4212,29.9279,17.7414,11.3436,5.22961
39.053,-0.0000,0.0000,1.0000,6,152.12,-0.3833,0.0008,8407.92,0.0,11.7476,25.5547,76.825,66.5301,59.6808,56.0652,54.0838,52.3191,51.041,49.747,48.438,47.1133,45.2308,43.0394,38.8041,29.7169,17.7277,11.3378,5.22831
39.071,-0.0000,0.0000,1.0000,6,149.75,-0.3834,0.0009,8219.55,0.0,11.7496,25.565,75.7416,65.4893,58.6958,55.1199,53.1637,51.4238,50.1649,48.892,47.6056,46.3055,44.4608,42.3186,38.1968,29.4816,17.7157,11.3326,5.22715
39.090,-0.0000,0.0000,1.0000,6,147.39,-0.3835,0.0010,8030.19,0.0,11.7514,25.574,74.6741,64.4656,57.7282,54.1918,52.2607,50.5454,49.3057,48.0534,46.7894,45.5133,43.7059,41.6115,37.599,29.2269,17.7051,11.3279,5.22598
39.108,-0.0000,0.0000,1.0000,6,145.01,-0.3835,0.0011,7840.59,0.0,11.7529,25.5812,73.6234,63.4595,56.7785,53.2817,51.3755,49.6846,48.4639,47.2321,45.9901,44.7377,42.9665,40.9188,37.0118,28.9573,17.6967,11.3241,5.22502
39.128,-0.0000,0.0000,0.0000,6,142.65,-0.3836,0.0012,7650.63,0.0,11.7542,25.606,72.5891,62.4709,55.8463,52.3891,50.5077,48.8409,47.639,46.4273,45.2069,43.9778,42.2423,40.24,36.4344,28.675,17.6899,11.3209,5.22411
39.153,-0.0000,0.0000,0.0000,6,140.42,-0.3837,0.0012,8318.16,0.0,11.7552,25.6626,71.5699,61.498,54.9301,51.5122,49.6553,48.0125,46.8292,45.6374,44.4383,43.2322,41.5313,39.5733,35.8656,28.3817,17.6845,11.3184,5.2234
39.171,-0.0000,0.0000,0.0000,6,138.79,-0.3837,0.0013,8474.83,0.0,11.7571,25.7605,70.555,60.5293,54.0178,50.6388,48.8062,47.1871,46.0221,44.8499,43.6719,42.488,40.8213,38.9063,35.2932,28.0678,17.6735,11.3134,5.22214
39.190,-0.0000,0.0000,0.0000,6,137.51,-0.3839,0.0014,8414.57,0.0,11.7591,25.8978,69.5492,59.5704,53.1157,49.7758,47.9676,46.3721,45.2252,44.0725,42.9152,41.7536,40.1203,38.2475,34.7262,27.7454,17.6633,11.3086,5.22079
39.208,-0.0000,0.0000,0.0000,6,136.34,-0.3840,0.0014,8341.48,0.0,11.7603,26.0756,68.5557,58.6257,52.2285,48.928,47.1441,45.5721,44.4434,43.31,42.1733,41.0336,39.4335,37.6021,34.1701,27.4213,17.658,11.3058,5.21977
39.228,-0.0000,0.0000,0.0000,6,135.23,-0.3841,0.0014,8272.39,0.0,11.7612,26.3029,67.5716,57.6914,51.3523,48.0912,46.3317,44.7833,43.6726,42.5584,41.4421,40.3241,38.7565,36.9658,33.6208,27.0925,17.6555,11.304,5.21882
39.252,-0.0000,0.0000,0.0000,6,134.19,-0.3842,0.0014,8207.38,0.0,11.7621,26.5908,66.5935,56.7641,50.4835,47.262,45.5269,44.0018,42.9091,41.814,40.7179,39.6212,38.0858,36.3349,33.0745,26.7565,17.6534,11.3022,5.21777
39.271,-0.0000,0.0000,0.0000,6,133.28,-0.3843,0.0014,8147.87,0.0,11.7631,26.9544,65.6184,55.8406,49.6189,46.437,44.7263,43.2245,42.1497,41.0735,39.9974,38.922,37.4183,35.7065,32.5286,26.4118,17.6505,11.3001,5.21669
39.290,-0.0000,0.0000,0.0000,6,132.91,-0.3845,0.0014,8111.49,0.0,11.7646,27.4189,64.6414,54.916,48.7536,45.6115,43.9251,42.4467,41.3896,40.3323,39.2761,38.2218,36.7493,35.0762,31.979,26.0555,17.6445,11.2967,5.21532
39.308,-0.0000,0.0000,0.0000,6,132.74,-0.3847,0.0015,8098.41,0.0,11.7664,28.0161,63.661,53.989,47.8867,44.7847,43.1228,41.6677,40.6285,39.5901,38.5538,37.5203,36.079,34.444,31.4261,25.6892,17.6204,11.2925,5.21375
39.327,-0.0000,0.0000,0.0000,6,132.58,-0.3848,0.0015,8088.48,0.0,11.7682,28.8016,62.6784,53.0611,47.0197,43.9582,42.321,40.8895,39.8682,38.8485,37.832,36.8193,35.409,33.8117,30.8718,25.3154,17.5675,11.2882,5.21221
39.353,-0.0000,0.0000,0.0000,6,132.41,-0.3850,0.0016,8078.67,0.0,11.7703,29.896,61.6933,52.1321,46.1525,43.132,41.5196,40.1115,39.1082,38.1073,37.1106,36.1187,34.7391,33.1791,30.3159,24.9341,17.4884,11.2835,5.2105
39.371,-0.0000,0.0000,0.0000,6,132.25,-0.3852,0.0016,8068.8,0.0,11.7723,31.6541,60.7062,51.2026,45.2856,42.3064,40.719,39.3347,38.3492,37.3672,36.3903,35.419,34.0699,32.5468,29.759,24.5464,17.3866,11.2787,5.20874
39.389,-0.0000,1.0000,0.0000,6,132.09,-0.3853,0.0016,8059.13,0.0,11.7742,71.7655,59.7172,50.2728,44.4196,41.482,39.9199,38.5592,37.5918,36.6287,35.6714,34.7208,33.402,31.9155,29.2018,24.1533,17.2648,11.2743,5.20718
39.408,-0.0000,1.0000,0.0000,6,132.29,-0.3855,0.0017,8325.16,0.0,11.7761,70.7579,58.726,49.3423,43.554,40.6586,39.1218,37.785,36.8356,35.8914,34.9538,34.0237,32.7349,31.2848,28.644,23.7548,17.1247,11.27,5.20549
39.426,-0.0000,1.0000,0.0000,6,132.75,-0.3857,0.0017,8368.7,0.0,11.7778,69.7447,57.7305,48.4095,42.6872,39.8345,38.3233,37.0106,36.0793,35.154,34.2362,33.3265,32.0678,30.6535,28.0848,23.3508,16.9677,11.2661,5.20384
39.452,0.1246,0.0000,0.0000,6,133.22,-0.3859,0.0017,8396.47,0.0,11.7795,68.724,56.7288,47.4724,41.8176,39.0082,37.5229,36.2344,35.3214,34.4151,33.517,32.6278,31.399,30.0204,27.5229,22.9405,16.7944,11.2626,5.20226
39.470,0.4626,0.0000,0.0000,6,133.31,-0.3859,-0.0003,8138.25,0.0,11.7564,67.8785,55.9249,46.7426,41.1561,38.3883,36.9274,35.6614,34.7653,33.8763,32.996,32.1251,30.9229,29.5756,27.1391,22.6825,16.7213,11.3264,5.21241
39.490,0.7153,0.0000,0.0000,6,133.09,-0.3853,-0.0069,8121.39,0.0,11.6741,67.4625,55.5992,46.5083,40.9877,38.2557,36.8144,35.5659,34.6824,33.8065,32.9388,32.0807,30.8968,29.5702,27.1715,22.7843,16.9021,11.5382,5.25259
39.508,0.7829,0.0000,0.0000,6,132.80,-0.3837,-0.0189,8104.66,0.0,11.5254,67.5344,55.812,46.8293,41.3707,38.6666,37.2401,36.003,35.1274,34.2593,33.3992,32.5477,31.3722,30.0548,27.6684,23.29,17.3759,11.9176,5.33128
39.527,0.7224,0.0000,0.0000,6,132.45,-0.3808,-0.0354,8084.44,0.0,11.3231,68.0114,56.4668,47.609,42.2093,39.529,38.1125,36.8837,36.0126,35.148,34.291,33.4422,32.2687,30.951,28.5591,24.1441,18.1113,12.4551,5.45014
39.552,0.5160,0.0000,0.0000,6,132.08,-0.3766,-0.0554,8061.93,0.0,11.0843,68.7814,57.4354,48.7165,43.3789,40.7201,39.3125,38.0889,37.2211,36.3591,35.5032,34.6541,33.479,32.1572,29.7486,25.2712,19.063,13.1315,5.60894
39.571,0.1139,0.0000,0.0000,6,131.69,-0.3708,-0.0777,8038.07,0.0,10.8245,27.3363,58.5973,50.0321,44.7602,42.1249,40.7262,39.5091,38.6442,37.7837,36.9287,36.0798,34.9024,33.5744,31.1473,26.5971,20.186,13.9259,5.80703
39.590,-0.0000,0.0000,0.0000,6,131.31,-0.3635,-0.1011,8014.13,0.0,10.56,24.2598,59.8234,51.4216,46.223,43.6137,42.2263,41.0162,40.1555,39.2984,38.4456,37.5972,36.4187,35.0876,32.644,28.027,21.4129,14.8045,6.04179
39.609,-0.0000,0.0000,0.0000,6,131.03,-0.3549,-0.1206,7993.05,0.0,10.3364,22.6003,60.6507,52.3932,47.266,44.6868,43.3123,42.1133,41.2594,40.4081,39.5602,38.7166,37.5434,36.2153,33.7727,29.1299,22.399,15.5466,6.27484
39.627,-0.0000,0.0000,0.0000,6,130.79,-0.3453,-0.1334,7977.22,0.0,10.1741,21.8622,60.8318,52.6794,47.6152,45.0654,43.7067,42.5201,41.6753,40.8331,39.9938,39.158,37.9958,36.68,34.2563,29.6408,22.9125,15.9917,6.47239
39.652,-0.0000,0.0000,0.0000,6,130.59,-0.3345,-0.1419,7964.29,0.0,10.0464,21.549,60.626,52.5552,47.5471,45.0263,43.6837,42.5112,41.6762,40.844,40.015,39.1895,38.041,36.7413,34.3472,29.7869,23.1289,16.244,6.63787
39.671,-0.0000,0.0000,0.0000,6,130.39,-0.3225,-0.1475,7953.03,0.0,9.942,21.5137,60.1518,52.1475,47.191,44.6993,43.3729,42.2153,41.3909,40.5697,39.7518,38.9378,37.8055,36.5245,34.1669,29.6805,23.1373,16.3574,6.77684
39.690,-0.0000,0.0000,0.0000,6,130.22,-0.3094,-0.1509,7942.9,0.0,9.85527,21.7018,59.4823,51.5352,46.6281,44.1655,42.856,41.7139,40.9009,40.0913,39.2856,38.4841,37.3696,36.1096,33.7936,29.3946,22.9967,16.3688,6.89452
39.708,-0.0000,0.0000,0.0000,6,130.05,-0.2952,-0.1526,7933.47,0.0,9.78195,22.0951,58.6755,50.7807,45.9225,43.4899,42.1978,41.072,40.2711,39.4739,38.6811,37.8929,36.7978,35.5606,33.2898,28.9882,22.7555,16.3094,6.99557
39.727,-0.0000,0.0000,0.0000,6,129.89,-0.2802,-0.1534,7924.35,0.0,9.71879,22.6986,57.7831,49.9392,45.1308,42.7292,41.4553,40.3465,39.5582,38.7742,37.9948,37.2206,36.1458,34.9328,32.7101,28.5118,22.4554,16.2061,7.08394
39.752,-0.0000,0.0000,0.0000,6,129.73,-0.2643,-0.1537,7915.2,0.0,9.66313,23.545,56.8509,49.059,44.3019,41.9322,40.6773,39.5858,38.8106,38.0401,37.2749,36.5151,35.4612,34.2731,32.0996,28.0074,22.1303,16.0808,7.16266
39.772,0.1922,0.0000,0.0000,6,129.57,-0.2480,-0.1498,7905.94,0.0,9.61412,24.7867,55.9002,48.1622,43.4581,41.1214,39.8858,38.8123,38.0505,37.2939,36.5429,35.7978,34.7654,33.6026,31.4791,27.4935,21.795,15.943,7.23292
39.790,0.5943,0.0000,0.0000,6,129.39,-0.2319,-0.1420,7895.69,0.0,9.55364,26.2504,55.1135,47.4365,42.7863,40.4818,39.2647,38.2081,37.4589,36.7151,35.9772,35.2456,34.2326,33.0926,31.0133,27.1198,21.569,15.8726,7.31285
39.809,0.9893,0.0000,0.0000,6,129.16,-0.2161,-0.1389,7882.81,0.0,9.45362,26.5409,54.7426,47.1383,42.5401,40.2634,39.0614,38.0184,37.2791,36.5449,35.8168,35.0951,34.0961,32.9719,30.922,27.0845,21.6113,15.9779,7.42972
39.828,1.0000,0.0000,0.0000,6,128.85,-0.2002,-0.1405,7865.5,0.0,9.31464,25.123,54.7681,47.2446,42.6952,40.4421,39.2515,38.2186,37.4863,36.7592,36.0374,35.3218,34.3314,33.2166,31.1815,27.3667,21.907,16.2518,7.58461
39.853,1.0000,0.0000,0.0000,6,128.47,-0.1843,-0.1461,7843.95,0.0,9.14281,23.2038,55.127,47.688,43.1857,40.9521,39.7712,38.7452,38.0178,37.2952,36.5777,35.8658,34.8792,33.7685,31.7379,27.9195,22.4214,16.6763,7.77548
39.871,1.0000,0.0000,0.0000,6,128.06,-0.1680,-0.1547,7819.86,0.0,8.94767,21.3775,55.7327,48.3767,43.9222,41.7067,40.5339,39.5145,38.7905,38.0707,37.3558,36.6461,35.662,34.5516,32.5189,28.6804,23.1096,17.2246,7.99801
39.890,1.0000,0.0000,0.0000,6,127.63,-0.1515,-0.1653,7794.08,0.0,8.73831,19.7542,56.5079,49.2298,44.8249,42.6284,41.4632,40.4491,39.7288,39.0121,38.2993,37.5908,36.6075,35.4972,33.4588,29.592,23.9299,17.8713,8.24754
39.908,1.0000,0.0000,0.0000,6,127.16,-0.1346,-0.1774,7766.96,0.0,8.52158,18.3354,57.3944,50.1842,45.8303,43.6533,42.497,41.4894,40.7724,40.0585,39.3482,38.6417,37.6598,36.5487,34.5055,30.6088,24.8468,18.5965,8.52035
39.928,0.8506,0.0000,0.0000,6,126.68,-0.1173,-0.1902,7738.46,0.0,8.30354,17.1106,58.3277,51.1732,46.8691,44.7151,43.5681,42.5676,41.8555,41.1456,40.4383,39.734,38.7543,37.6448,35.5977,31.6753,25.8184,19.3722,8.81083
39.953,0.2278,0.0000,0.0000,6,126.17,-0.0996,-0.2034,7708.84,0.0,8.08619,16.0385,59.2877,52.177,47.9179,45.7868,44.6515,43.6597,42.9525,42.2472,41.5441,40.8436,39.8677,38.7601,36.7137,32.7715,26.827,20.1882,9.11768
39.971,-0.0000,0.0000,0.0000,6,125.66,-0.0815,-0.2170,7678.61,0.0,7.8703,15.0839,60.2688,53.1919,48.9703,46.8616,45.7377,44.7557,44.0552,43.3557,42.6576,41.9611,40.9902,39.8875,37.8436,33.8884,27.8673,21.0421,9.44106
39.989,-0.0000,0.0000,0.0000,6,125.17,-0.0629,-0.2303,7648.53,0.0,7.6585,14.2373,61.2403,54.1874,49.9945,47.9065,46.7939,45.8214,45.1275,44.4345,43.7426,43.052,42.0878,40.9906,38.9542,34.9941,28.9099,21.9121,9.77641
40.009,-0.0000,0.0000,0.0000,6,124.78,-0.0441,-0.2413,7620.61,0.0,7.46262,13.5514,23.3195,54.9891,50.8202,48.7477,47.6459,46.6829,45.9957,45.3093,44.6238,43.9395,42.9839,41.8957,39.8708,35.9201,29.8047,22.6836,10.0939
40.027,-0.0000,0.0000,0.0000,6,124.48,-0.0252,-0.2481,7597.98,0.0,7.2915,13.0498,20.8702,55.4464,51.2993,49.2419,48.1485,47.1945,46.5141,45.8344,45.1557,44.4781,43.5317,42.454,40.4473,36.5217,30.4162,23.2446,10.3623
40.053,0.3310,0.0000,0.0000,6,124.21,-0.0060,-0.2517,7579.59,0.0,7.1361,12.6635,19.6474,55.6471,51.5216,49.4786,48.3937,47.4473,46.7733,46.1005,45.4286,44.7579,43.8212,42.7547,40.769,36.8791,30.8103,23.641,10.5922
40.072,0.7473,0.0000,0.0000,6,123.94,0.0135,-0.2535,7563.04,0.0,6.98819,12.3365,18.814,55.6993,51.5957,49.5664,48.4901,47.5515,46.883,46.2165,45.5516,44.8879,43.9611,42.906,40.9421,37.0931,31.0767,23.9395,10.7995
40.090,1.0000,0.0000,0.0000,6,123.61,0.0333,-0.2548,7545.34,0.0,6.83955,12.0189,18.0748,55.726,51.6434,49.627,48.559,47.6281,46.9652,46.3043,45.6454,44.9886,44.0716,43.0278,41.0854,37.2783,31.3179,24.2193,11.0048
40.108,1.0000,0.0000,0.0000,6,123.24,0.0536,-0.2560,7525.19,0.0,6.68889,11.7013,17.3771,55.7528,51.6899,49.6862,48.6255,47.702,47.0445,46.3891,45.7358,45.0849,44.1773,43.1445,41.2232,37.4582,31.5539,24.4959,11.2124
40.128,1.0000,0.0000,0.0000,6,122.84,0.0742,-0.2572,7502.54,0.0,6.53566,11.3815,16.7061,55.7863,51.7414,49.7501,48.696,47.779,47.1269,46.4769,45.829,45.1835,44.2842,43.2622,41.3613,37.6379,31.7898,24.7735,11.4235
40.153,1.0000,0.0000,0.0000,6,122.42,0.0952,-0.2585,7478.28,0.0,6.38038,11.0611,16.0621,55.8231,51.7953,49.8151,48.7678,47.8566,47.2091,46.5643,45.9218,45.2816,44.3898,43.3773,41.4965,37.8138,32.0227,25.0496,11.6372
40.171,0.6513,0.0000,0.0000,6,121.98,0.1166,-0.2600,7452.7,0.0,6.22177,10.7334,15.4206,55.8863,51.8741,49.9035,48.8627,47.9573,47.3139,46.6733,46.0358,45.4009,44.5163,43.5122,41.65,38.0061,32.2713,25.3391,11.8575
40.189,0.3381,0.0000,0.0000,6,121.54,0.1383,-0.2621,7426.32,0.0,6.05955,10.3961,14.7748,55.9877,51.9893,50.0275,48.9921,48.0921,47.4526,46.8159,46.1823,45.552,44.6744,43.6782,41.8322,38.2251,32.5439,25.6487,12.0868
40.208,-0.0000,0.0000,0.0000,6,121.11,0.1603,-0.2643,7399.97,0.0,5.89413,10.0518,14.1323,56.1236,52.1363,50.1828,49.1518,48.2565,47.6206,46.9876,46.3577,45.731,44.8594,43.8707,42.0388,38.4662,32.8363,25.9756,12.3244
40.227,-0.0000,0.0000,0.0000,6,120.72,0.1825,-0.2665,7374.67,0.0,5.72792,9.71181,13.5206,56.2582,52.2808,50.3345,49.3079,48.4164,47.7837,47.1544,46.5281,45.905,45.0383,44.0565,42.2383,38.6977,33.1195,26.296,12.5629
40.253,-0.0000,0.0000,0.0000,6,120.47,0.2049,-0.2666,7354.1,0.0,5.56934,9.41759,13.0393,56.2275,52.2636,50.326,49.3048,48.4182,47.789,47.1635,46.5415,45.9227,45.0622,44.0874,42.2849,38.7791,33.2636,26.5019,12.7672
40.272,-0.0000,0.0000,0.0000,6,120.28,0.2273,-0.2642,7340.2,0.0,5.41873,9.169,12.6784,56.0134,52.0679,50.1411,49.1267,48.2462,47.6215,47.0004,46.3832,45.7696,44.9165,43.9502,42.1652,38.6988,33.257,26.5828,12.9322
40.290,-0.0000,0.0000,0.0000,6,120.11,0.2498,-0.2598,7329.39,0.0,5.27407,8.95489,12.4061,55.6498,51.7271,49.8136,48.8069,47.9335,47.314,46.6983,46.0865,45.4787,44.634,43.6775,41.912,38.4893,33.1301,26.5631,13.064
40.309,-0.0000,0.0000,0.0000,6,119.96,0.2724,-0.2536,7320.1,0.0,5.13441,8.76917,12.2069,55.1591,51.2635,49.3655,48.3676,47.5024,46.8889,46.2793,45.6737,45.0723,44.2369,43.2915,41.5475,38.1724,32.9036,26.4596,13.1669
40.327,-0.0000,0.0000,0.0000,6,119.82,0.2949,-0.2458,7311.73,0.0,4.99903,8.60707,12.0701,54.5631,50.6985,48.8182,47.8301,46.9741,46.3672,45.7644,45.1657,44.5713,43.7463,42.813,41.0924,37.769,32.597,26.2886,13.2449
40.352,-0.0000,0.0000,0.0000,6,119.68,0.3173,-0.2367,7303.95,0.0,4.86776,8.46492,11.9891,53.8833,50.0535,48.1926,47.2155,46.3693,45.7697,45.1743,44.5832,43.9965,43.1825,42.2623,40.5671,37.2987,32.2288,26.0651,13.3018
40.371,-0.0000,0.0000,0.0000,6,119.55,0.3394,-0.2268,7296.53,0.0,4.74041,8.33936,11.9584,53.1419,49.3501,47.5102,46.5449,45.7093,45.1175,44.53,43.9469,43.3685,42.5663,41.6598,39.9916,36.7808,31.817,25.8041,13.3417
40.390,-0.0000,0.0000,0.0000,6,119.43,0.3611,-0.2163,7289.07,0.0,4.61652,8.2251,11.9674,52.3703,48.6186,46.8008,45.8478,45.0233,44.4396,43.8603,43.2856,42.7157,41.9257,41.0336,39.393,36.2415,31.3854,25.5248,13.3704
40.408,-0.0000,1.0000,0.0000,6,119.30,0.3823,-0.2056,7281.6,0.0,4.49642,8.12031,12.0148,51.5872,47.8769,46.0818,45.1415,44.3283,43.7529,43.1821,42.616,42.0547,41.2772,40.3996,38.7872,35.6954,30.9472,25.2376,13.3906
40.427,-0.0000,1.0000,0.0000,6,119.49,0.4028,-0.1944,7530.73,0.0,4.38051,8.02533,12.1054,50.8005,47.1327,45.3607,44.4333,43.6316,43.0646,42.5023,41.9449,41.3925,40.6275,39.7645,38.1805,35.1486,30.5076,24.9469,13.4035
40.452,-0.0000,1.0000,0.0000,6,119.92,0.4225,-0.1831,7569.19,0.0,4.26961,7.94238,12.2534,50.0103,46.3858,44.6373,43.723,42.9331,42.3745,41.8209,41.2723,40.7287,39.9764,39.1283,37.5728,34.6008,30.0662,24.6523,13.4087
40.471,-0.0000,1.0000,0.0000,6,120.37,0.4413,-0.1717,7583.58,0.0,4.16466,7.87422,12.4832,49.2139,45.6336,43.9091,43.0081,42.23,41.6801,41.1352,40.5955,40.061,39.3215,38.4883,36.9614,34.0496,29.6208,24.3518,13.4051
40.490,-0.0000,1.0000,0.0000,6,120.81,0.4592,-0.1601,7602.8,0.0,4.06662,7.82418,12.8379,48.4104,44.8753,43.1752,42.2876,41.5216,40.9805,40.4445,39.9137,39.3883,38.6617,37.8435,36.3456,33.494,29.1705,24.0445,13.3921
40.508,-0.0000,1.0000,0.0000,6,121.25,0.4761,-0.1484,7627.14,0.0,3.9759,7.79377,13.3915,47.6035,44.1144,42.439,41.565,40.8112,40.2789,39.7518,39.2302,38.7139,38.0003,37.1973,35.7283,32.9369,28.7175,23.7323,13.3704
40.528,-0.0000,1.0000,0.0000,6,121.69,0.4918,-0.1363,7654.82,0.0,3.89317,7.78649,14.3573,46.7951,43.3525,41.7021,40.842,40.1003,39.5769,39.0589,38.5463,38.0392,37.3387,36.5508,35.1108,32.3792,28.2629,23.4159,13.3401
40.553,-0.0000,1.0000,0.0000,6,122.12,0.5063,-0.1241,7684.45,0.0,3.81906,7.80632,52.0683,45.9859,42.5903,40.9651,40.1188,39.3894,38.875,38.366,37.8625,37.3647,36.6772,35.9044,34.4933,31.8212,27.8068,23.0954,13.301
40.571,0.4769,1.0000,0.0000,6,122.57,0.5196,-0.1118,7708.43,0.0,3.75407,7.85692,51.1896,45.1762,41.8282,40.2284,39.396,38.679,38.1735,37.6735,37.1792,36.6906,36.0162,35.2585,33.8762,31.2633,27.3493,22.771,13.2536
40.590,1.0000,1.0000,0.0000,6,122.99,0.5318,-0.1019,7734.04,0.0,3.68962,7.87768,50.477,44.5192,41.2104,39.6316,38.8107,38.1041,37.6061,37.1137,36.6271,36.1462,35.4827,34.7378,33.3797,30.8167,26.9872,22.5199,13.2262
40.608,1.0000,1.0000,0.0000,6,123.34,0.5435,-0.0976,7766.28,0.0,3.61041,7.76081,50.1772,44.2387,40.9468,39.3777,38.5622,37.8608,37.3666,36.878,36.3952,35.9181,35.2601,34.522,33.1768,30.6406,26.8584,22.4522,13.2613
40.628,1.0000,1.0000,0.0000,6,123.62,0.5548,-0.0975,7808.66,0.0,3.52033,7.54202,50.1801,44.2324,40.9399,39.3721,38.5572,37.8567,37.3635,36.8759,36.394,35.918,35.2612,34.5249,33.1842,30.6574,26.8944,22.5138,13.3414
40.653,1.0000,1.0000,0.0000,6,123.87,0.5659,-0.0998,7855.44,0.0,3.42441,7.26829,50.3762,44.3998,41.0951,39.5228,38.7057,38.0031,37.5085,37.02,36.5373,36.0604,35.4024,34.6646,33.3223,30.7932,27.0308,22.6539,13.4493
40.671,1.0000,1.0000,0.0000,6,124.10,0.5767,-0.1036,7892.06,0.0,3.32634,6.97359,50.689,44.6717,41.3471,39.7657,38.9446,38.2385,37.7413,37.2501,36.765,36.2861,35.6254,34.8845,33.536,30.9982,27.2246,22.8377,13.5729
40.690,1.0000,1.0000,0.0000,6,124.31,0.5874,-0.1082,7924.21,0.0,3.22847,6.67932,13.2699,44.9954,41.6464,40.0539,39.2271,38.5167,38.0164,37.5221,37.0339,36.5517,35.8871,35.1421,33.7861,31.2349,27.4439,23.0396,13.7032
40.709,0.9858,1.0000,0.0000,6,124.48,0.5980,-0.1136,7967.81,0.0,3.13037,6.38539,11.5757,45.3752,41.997,40.3916,39.5579,38.8416,38.3375,37.8396,37.3476,36.8618,36.1918,35.441,34.0756,31.5064,27.6914,23.262,13.8414
40.728,0.2527,1.0000,0.0000,6,124.63,0.6085,-0.1193,8012.65,0.0,3.03261,6.09685,10.4553,45.8009,42.3895,40.7689,39.9276,39.2045,38.6955,38.1929,37.6967,37.2067,36.5309,35.7734,34.3959,31.8054,27.9602,23.4991,13.9855
40.752,-0.0000,1.0000,0.0000,6,124.78,0.6190,-0.1252,8056.47,0.0,2.9358,5.81819,9.57778,46.2576,42.8099,41.172,40.3222,39.5921,39.078,38.5703,38.0689,37.5739,36.8918,36.1271,34.7362,32.1218,28.2424,23.7437,14.133
40.771,-0.0000,1.0000,0.0000,6,124.94,0.6294,-0.1309,8084.28,0.0,2.84112,5.55586,8.86465,46.7167,43.2314,41.5764,40.7174,39.9796,39.4604,38.9477,38.4412,37.9411,37.2517,36.4794,35.0752,32.4356,28.5208,23.9832,14.278
40.790,-0.0000,1.0000,0.0000,6,125.17,0.6396,-0.1348,8093.7,0.0,2.75288,5.33274,8.33962,47.0612,43.5445,41.8754,41.0093,40.2652,39.7416,39.2246,38.7143,38.2104,37.5157,36.7372,35.3226,32.6639,28.724,24.1613,14.3983
40.808,-0.0000,1.0000,0.0000,6,125.56,0.6495,-0.1335,8099.06,0.0,2.68019,5.19348,8.10283,47.0474,43.5217,41.8493,40.9822,40.2372,39.713,39.1954,38.6846,38.1806,37.4858,36.7074,35.2928,32.6371,28.7058,24.1611,14.4478
40.828,-0.0000,1.0000,0.0000,6,126.00,0.6589,-0.1282,8103.64,0.0,2.61886,5.11307,8.05693,46.7653,43.248,41.581,40.7172,39.9754,39.4536,38.9384,38.43,37.9284,37.2375,36.4636,35.0576,32.4211,28.5245,24.0295,14.4441
40.853,-0.0000,1.0000,0.0000,6,126.46,0.6680,-0.1199,8104.5,0.0,2.56625,5.07518,8.15933,46.3021,42.8053,41.1499,40.2925,39.5567,39.0392,38.5285,38.0245,37.5274,36.8429,36.0767,34.6853,32.0791,28.2347,23.8106,14.4038
40.871,-0.0000,1.0000,0.0000,6,126.96,0.6766,-0.1095,8085.42,0.0,2.52111,5.07435,8.42179,45.6988,42.2325,40.5937,39.7454,39.0179,38.5064,38.0017,37.5038,37.0128,36.3369,35.5808,34.2086,31.6417,27.8632,23.5267,14.3353
40.890,-0.0000,1.0000,0.0000,6,127.45,0.6846,-0.0973,8067.08,0.0,2.48381,5.11276,8.92387,44.9741,41.5476,39.93,39.0934,38.3761,37.872,37.3748,36.8845,36.401,35.7358,34.9921,33.6433,31.1236,27.4232,23.1882,14.2423
40.909,-0.0000,1.0000,0.0000,6,127.93,0.6921,-0.0839,8070.83,0.0,2.45439,5.1899,9.8785,44.1741,40.794,39.2007,38.3772,37.6717,37.176,36.6873,36.2055,35.7306,35.0775,34.3476,33.025,30.5576,26.9425,22.8174,14.133
40.928,-0.0000,1.0000,0.0000,6,128.40,0.6987,-0.0693,8087.42,0.0,2.43349,5.30937,49.4665,43.3289,39.9995,38.4327,37.6235,36.9306,36.4441,35.9644,35.4918,35.0261,34.3859,33.6708,32.3761,29.9642,26.4388,22.4278,14.0123
40.953,-0.0000,1.0000,0.0000,6,128.86,0.7042,-0.0542,8110.85,0.0,2.4227,5.4791,48.5194,42.4628,39.1869,37.6476,36.8535,36.1737,35.6966,35.2265,34.7633,34.3072,33.6803,32.9805,31.7145,29.3594,25.9254,22.0295,13.883
40.971,-0.0000,1.0000,0.0000,6,129.34,0.7085,-0.0388,8114.99,0.0,2.42343,5.71239,47.5602,41.5879,38.3669,36.856,36.0771,35.4108,34.9434,34.4829,34.0294,33.583,32.9697,32.2854,31.0485,28.7509,25.4084,21.627,13.7464
40.990,0.5979,1.0000,0.0000,6,129.80,0.7113,-0.0233,8136.35,0.0,2.43758,6.03151,46.5978,40.7116,37.5465,36.0643,35.301,34.6483,34.1905,33.7398,33.296,32.8594,32.2598,31.5911,30.3833,28.143,24.8915,21.223,13.6031
41.009,1.0000,1.0000,0.0000,6,130.22,0.7129,-0.0104,8165.62,0.0,2.45816,6.38171,45.8202,39.9987,36.8767,35.4169,34.6656,34.0236,33.5735,33.1305,32.6945,32.2655,31.6767,31.0204,29.8359,27.6414,24.4629,20.8859,13.4794
41.028,1.0000,1.0000,0.0000,6,130.56,0.7137,-0.0029,8204.39,0.0,2.47134,6.61884,45.4705,39.6603,36.5502,35.0976,34.3503,33.7121,33.2648,32.8246,32.3915,31.9655,31.3808,30.7292,29.5543,27.3791,24.2339,20.7014,13.4091
41.053,1.0000,1.0000,0.0000,6,130.83,0.7137,0.0004,8252.48,0.0,2.47982,6.75097,45.4261,39.5873,36.466,35.0096,34.2603,33.6205,33.1724,32.7316,32.2979,31.8713,31.2859,30.6336,29.458,27.2834,24.1431,20.6217,13.3741
41.071,1.0000,1.0000,0.0000,6,131.09,0.7131,0.0014,8263.01,0.0,2.48782,6.82593,45.5503,39.6597,36.5139,35.0471,34.2928,33.6486,33.1974,32.7538,32.3174,31.8884,31.2996,30.6436,29.4614,27.2769,24.1254,20.5971,13.3559
41.090,1.0000,1.0000,0.0000,6,131.27,0.7121,0.0006,8309.32,0.0,2.49552,6.8513,45.8105,39.8493,36.6682,35.1854,34.4234,33.7726,33.3168,32.8685,32.4277,31.9943,31.4,30.7379,29.5447,27.3413,24.1657,20.6157,13.3508
41.108,1.0000,1.0000,0.0000,6,131.41,0.7107,-0.0016,8366.78,0.0,2.50353,6.83525,46.193,40.1439,36.9173,35.4136,34.641,33.9816,33.5197,33.0655,32.6188,32.1796,31.5773,30.9067,29.6987,27.4682,24.2568,20.6719,13.3572
41.128,1.0000,1.0000,0.0000,6,131.54,0.7088,-0.0045,8424.82,0.0,2.51229,6.78651,46.6819,40.529,37.2481,35.7199,34.9344,34.264,33.7947,33.3332,32.8794,32.4333,31.8213,31.1399,29.9131,27.6487,24.3913,20.7598,13.3728
41.153,1.0000,1.0000,0.0000,6,131.70,0.7065,-0.0081,8447.05,0.0,2.52309,6.72373,47.2481,40.9802,37.6383,36.0818,35.2822,34.5995,34.1214,33.6515,33.1895,32.7354,32.1127,31.4192,30.1704,27.8672,24.5561,20.8695,13.3935
41.171,1.0000,1.0000,0.0000,6,131.83,0.7038,-0.0116,8452.27,0.0,2.53721,6.6772,47.8212,41.436,38.0319,36.4464,35.6321,34.9371,34.4505,33.972,33.5015,33.0391,32.4051,31.6994,30.4287,28.0857,24.7199,20.9775,13.4113
41.190,1.0000,1.0000,0.0000,6,131.90,0.7009,-0.0153,8491.18,0.0,2.55268,6.62963,48.4326,41.9239,38.4542,36.8386,36.0085,35.3002,34.8044,34.317,33.8377,33.3666,32.7205,32.0015,30.7076,28.3217,24.8974,21.095,13.4313
41.209,1.0000,1.0000,0.0000,6,131.95,0.6977,-0.0193,8543.91,0.0,2.56972,6.58042,49.0894,42.4504,38.9111,37.2631,36.4166,35.694,35.1882,34.691,34.2023,33.722,33.0634,32.3302,31.0107,28.5794,25.0919,21.2241,13.4542
41.228,1.0000,1.0000,0.0000,6,132.00,0.6941,-0.0236,8597.28,0.0,2.58872,6.52914,49.7948,43.0181,39.4048,37.722,36.8578,36.1204,35.6042,35.0965,34.5975,34.1072,33.435,32.6869,31.3403,28.86,25.3044,21.3659,13.4797
41.253,1.0000,1.0000,0.0000,6,132.11,0.6903,-0.0275,8587.64,0.0,2.6111,6.49422,50.4952,43.5803,39.8927,38.1757,37.2937,36.541,36.0143,35.4965,34.9874,34.487,33.801,33.0376,31.6643,29.1346,25.511,21.5023,13.5015
41.272,1.0000,1.0000,0.0000,6,132.20,0.6862,-0.0300,8593.81,0.0,2.63794,6.49894,51.1068,44.0647,40.3092,38.5607,37.6627,36.8963,36.3599,35.8326,35.3144,34.8052,34.107,33.3299,31.9322,29.3587,25.6751,21.6059,13.5104
41.290,1.0000,1.0000,0.0000,6,132.26,0.6819,-0.0317,8628.38,0.0,2.66851,6.53266,51.651,44.4897,40.6712,38.8933,37.9806,37.2017,36.6565,36.1205,35.5938,35.0762,34.3669,33.5775,32.1575,29.5445,25.8072,21.6842,13.5097
41.309,1.0000,1.0000,0.0000,6,132.31,0.6774,-0.0336,8672.61,0.0,2.702,6.58162,52.1694,44.8913,41.0111,39.2052,38.2777,37.4865,36.9329,36.3887,35.8538,35.3281,34.6077,33.8063,32.3652,29.7139,25.9251,21.7513,13.504
41.328,1.0000,1.0000,0.0000,6,132.37,0.6726,-0.0354,8705.88,0.0,2.73815,6.63764,52.6839,45.2887,41.3467,39.5123,38.5705,37.7668,37.2045,36.6519,36.109,35.5754,34.844,34.0304,32.568,29.8782,26.0383,21.8142,13.4955
41.353,1.0000,1.0000,0.0000,6,132.46,0.6676,-0.0366,8716.44,0.0,2.77693,6.70725,53.169,45.6598,41.6579,39.7957,38.84,38.0246,37.4539,36.8932,36.3421,35.8009,35.0592,34.2341,32.7508,30.0246,26.1358,21.8648,13.4815
41.371,1.0000,1.0000,0.0000,6,132.52,0.6623,-0.0375,8740.91,0.0,2.8172,6.78339,53.6466,46.0234,41.9616,40.0722,39.1022,38.2752,37.6965,37.1276,36.5687,36.0196,35.2674,34.4309,32.9272,30.1649,26.2279,21.9103,13.4653
41.390,1.0000,1.0000,0.0000,6,132.58,0.6569,-0.0388,8768.17,0.0,2.85875,6.86268,54.1288,46.3904,42.2679,40.3508,39.3668,38.5275,37.9404,37.3636,36.7968,36.2399,35.4769,34.6286,33.1046,30.3054,26.3198,21.9553,13.4481
41.409,1.0000,1.0000,0.0000,6,132.64,0.6513,-0.0403,8793.68,0.0,2.90185,6.94381,54.6171,46.7621,42.5781,40.6325,39.6343,38.7828,38.1872,37.6019,37.027,36.4624,35.6888,34.8285,33.2833,30.4467,26.4118,22.0,13.4299
41.428,1.0000,1.0000,0.0000,6,132.72,0.6455,-0.0416,8799.81,0.0,2.94658,7.02956,55.0987,47.1267,42.8816,40.9077,39.8952,39.0317,38.4277,37.8341,37.2511,36.6785,35.8943,35.0223,33.456,30.5825,26.4983,22.0402,13.4093
41.452,1.0000,1.0000,0.0000,6,132.80,0.6397,-0.0425,8802.19,0.0,2.99269,7.12565,55.5511,47.4657,43.1609,41.1602,40.1336,39.2584,38.6464,38.0449,37.4541,36.8739,36.0793,35.1961,33.6099,30.7011,26.5708,22.069,13.3845
41.472,1.0000,1.0000,0.0000,6,132.87,0.6338,-0.0430,8814.21,0.0,3.03964,7.22774,55.9881,47.791,43.4277,41.4001,40.3601,39.4733,38.8531,38.244,37.6458,37.0582,36.2534,35.359,33.7535,30.8103,26.6352,22.0917,13.3575
41.490,1.0000,1.0000,0.0000,6,132.94,0.6277,-0.0439,8833.47,0.0,3.08752,7.33368,56.4159,48.1073,43.6861,41.6318,40.5785,39.6804,39.0523,38.4354,37.8295,37.2347,36.4201,35.5147,33.8899,30.9128,26.694,22.1101,13.3287
41.509,1.0000,1.0000,0.0000,6,133.00,0.6217,-0.0447,8852.49,0.0,3.1362,7.4409,56.8399,48.4199,43.9405,41.86,40.7931,39.8838,39.2479,38.6232,38.0098,37.4075,36.5831,35.6669,34.0226,31.012,26.7494,22.126,13.2988
41.527,1.0000,1.0000,0.0000,6,133.10,0.6156,-0.0451,8847.68,0.0,3.18599,7.55592,57.2398,48.7114,44.1755,42.0693,40.9893,40.0688,39.4254,38.7935,38.1729,37.5635,36.7293,35.8028,34.1402,31.0974,26.7935,22.1329,13.2655
41.547,1.0000,1.0000,0.0000,6,133.19,0.6094,-0.0452,8850.79,0.0,3.23611,7.67746,57.6164,48.982,44.3914,42.2602,41.1678,40.2368,39.5858,38.9468,38.3193,37.7032,36.8598,35.923,34.2431,31.1696,26.8269,22.1317,13.2298
41.572,1.0000,1.0000,0.0000,6,133.27,0.6033,-0.0452,8863.17,0.0,3.2865,7.80185,57.9821,49.2427,44.5982,42.4424,41.3376,40.3963,39.7381,39.0918,38.4574,37.8348,36.9826,36.0359,34.3385,31.235,26.8548,22.1266,13.193
41.590,1.0000,1.0000,0.0000,6,133.35,0.5972,-0.0456,8878.6,0.0,3.33712,7.92601,58.3454,49.5013,44.8023,42.6223,41.505,40.5533,39.8881,39.2348,38.5934,37.964,37.1029,36.1465,34.4317,31.2985,26.8807,22.1202,13.1558
41.609,1.0000,1.0000,0.0000,6,133.45,0.5911,-0.0458,8885.16,0.0,3.38789,8.05021,58.707,49.758,45.0049,42.8003,41.6706,40.7083,40.0359,39.3758,38.7276,38.0916,37.2212,36.255,34.5231,31.3603,26.9051,22.1126,13.1182
41.628,1.0000,1.0000,0.0000,6,133.57,0.5850,-0.0456,8878.31,0.0,3.43911,8.18252,59.0403,49.9896,45.1846,42.9564,41.8151,40.8428,40.1634,39.4965,38.8421,38.1998,37.3209,36.3453,34.5974,31.4066,26.9171,22.0956,13.0777
41.653,1.0000,1.0000,0.0000,6,133.67,0.5789,-0.0452,8880.84,0.0,3.49,8.31703,59.3604,50.2098,45.3536,43.1024,41.9496,40.9678,40.2817,39.6082,38.9472,38.299,37.4118,36.4271,34.6636,31.4459,26.9236,22.0747,13.0365
41.671,1.0000,1.0000,0.0000,6,133.77,0.5729,-0.0449,8890.37,0.0,3.54056,8.45061,59.6766,50.4264,45.5192,43.2453,42.0809,41.0895,40.3968,39.7168,39.0496,38.395,37.4998,36.5063,34.7269,31.4827,26.9281,22.0528,12.9954
41.690,1.0000,1.0000,0.0000,6,133.88,0.5670,-0.0449,8901.68,0.0,3.59078,8.58167,59.9964,50.646,45.6874,43.3906,42.2146,41.2133,40.5139,39.8276,39.154,38.4933,37.5896,36.5872,34.7921,31.5211,26.9337,22.0319,12.9549
41.709,1.0000,1.0000,0.0000,6,134.00,0.5612,-0.0447,8897.59,0.0,3.64043,8.71237,60.3135,50.8627,45.8533,43.5333,42.3459,41.3349,40.6288,39.9359,39.2562,38.5894,37.6774,36.6659,34.8554,31.5579,26.9381,22.0101,12.9144
41.728,1.0000,1.0000,0.0000,6,134.13,0.5554,-0.0443,8891.89,0.0,3.68977,8.8474,60.6098,51.0617,46.0027,43.6605,42.462,41.4419,40.7293,40.03,39.3443,38.6718,37.752,36.7318,34.9066,31.584,26.9342,21.9824,12.8725
41.747,1.0000,1.0000,0.0000,6,134.25,0.5498,-0.0437,8894.83,0.0,3.73815,8.97948,60.9049,51.2594,46.1509,43.7869,42.5771,41.5478,40.8289,40.1235,39.4316,38.7531,37.8257,36.797,34.9569,31.6094,26.9301,21.9548,12.8315
41.772,1.0000,1.0000,0.0000,6,134.36,0.5442,-0.0435,8903.02,0.0,3.78553,9.10668,61.2067,51.4629,46.3045,43.9181,42.6972,41.6583,40.933,40.2214,39.5234,38.839,37.9035,36.8664,35.0112,31.6384,26.9288,21.9299,12.7918
41.790,1.0000,1.0000,0.0000,6,134.48,0.5388,-0.0434,8911.24,0.0,3.83175,9.22786,61.521,51.6769,46.4677,44.0583,42.826,41.7775,41.0454,40.3274,39.6234,38.9329,37.9891,36.943,35.0726,31.6738,26.9326,21.9088,12.754
41.809,1.0000,1.0000,0.0000,6,134.63,0.5335,-0.0432,8901.79,0.0,3.877,9.34781,61.8469,51.8878,46.6277,44.1956,42.952,41.894,41.1553,40.4309,39.7205,39.0242,38.0724,37.0174,35.1319,31.7073,26.9353,21.887,12.7164
41.828,1.0000,1.0000,0.0000,6,134.76,0.5283,-0.0428,8899.09,0.0,3.92084,9.46416,62.1967,52.0959,46.7853,44.3309,43.0758,42.0085,41.2633,40.5324,39.816,39.1136,38.154,37.0903,35.1897,31.7397,26.9374,21.8651,12.6796
41.847,1.0000,1.0000,0.0000,6,134.89,0.5233,-0.0425,8904.22,0.0,3.96334,9.57415,62.5856,52.3121,46.9506,44.4732,43.2066,42.1295,41.3778,40.6406,39.9178,39.2093,38.2415,37.1691,35.253,31.777,26.9438,21.8467,12.6447
41.872,1.0000,1.0000,0.0000,6,135.02,0.5184,-0.0426,8912.29,0.0,4.00411,9.67472,63.0258,52.5438,47.1298,44.6287,43.3505,42.2633,41.5047,40.7609,40.0317,39.3169,38.3405,37.2589,35.3269,31.8238,26.9576,21.8342,12.6123
41.891,1.0000,1.0000,0.0000,6,135.16,0.5137,-0.0428,8914.85,0.0,4.04291,9.76559,63.524,52.793,47.3246,44.7991,43.5086,42.4113,41.6455,40.8946,40.1587,39.4376,38.4523,37.361,35.4125,31.8809,26.9798,21.828,12.5827
41.909,1.0000,1.0000,0.0000,6,135.31,0.5092,-0.0429,8908.45,0.0,4.08024,9.85236,64.0599,53.0412,47.5188,44.9691,43.6662,42.5587,41.7858,41.028,40.2853,39.5576,38.5638,37.4629,35.4977,31.9378,27.0023,21.8222,12.5538
41.928,1.0000,1.0000,0.0000,6,135.45,0.5048,-0.0429,8909.75,0.0,4.11548,9.92998,64.6539,53.301,47.7237,45.1491,43.8338,42.7155,41.9355,41.1707,40.4211,39.6867,38.6839,37.5733,35.5909,32.0018,27.0309,21.8211,12.5273
41.947,1.0000,1.0000,0.0000,6,135.58,0.5006,-0.0432,8917.48,0.0,4.14859,9.99636,65.3227,53.5803,47.9462,45.3457,44.0175,42.8884,42.1007,41.3286,40.572,39.8306,38.8182,37.6975,35.6973,32.0776,27.0688,21.8273,12.504
41.972,1.0000,1.0000,0.0000,6,135.72,0.4967,-0.0439,8927.41,0.0,4.17934,10.0495,66.0826,53.8854,48.1917,45.5645,44.2227,43.0822,42.2865,41.5066,40.7425,39.994,38.9716,37.8398,35.821,32.1685,27.1188,21.8425,12.4843
41.991,1.0000,1.0000,0.0000,6,135.87,0.4929,-0.0447,8927.35,0.0,4.20756,10.0903,66.9375,54.2128,48.4578,45.8026,44.4465,43.2941,42.4902,41.7023,40.9302,40.1739,39.1415,37.9983,35.9595,32.2727,27.1797,21.8656,12.4677
42.009,1.0000,1.0000,0.0000,6,136.02,0.4893,-0.0454,8926.85,0.0,4.23359,10.1233,67.8739,54.5659,48.7314,46.0479,44.6775,43.513,42.7007,41.9047,41.1246,40.3605,39.3175,38.163,36.1038,32.3821,27.2451,21.8923,12.4532
42.028,1.0000,1.0000,0.0000,6,136.16,0.4860,-0.0461,8933.32,0.0,4.25692,10.1436,68.9256,54.9749,49.0261,46.3133,44.9282,43.7511,42.93,42.1254,41.3372,40.565,39.5108,38.3443,36.2641,32.5055,27.3219,21.9275,12.4423
42.047,1.0000,1.0000,0.0000,6,136.29,0.4829,-0.0474,8944.3,0.0,4.27746,10.1498,70.1166,55.4506,49.3474,46.604,45.2031,44.013,43.1827,42.3691,41.572,40.7915,39.7259,38.5465,36.444,32.6463,27.4123,21.9731,12.4355
42.072,1.0000,1.0000,0.0000,6,136.43,0.4800,-0.0489,8956.0,0.0,4.29521,10.142,71.4714,56.0035,49.6988,46.9231,45.5059,44.3017,43.4618,42.6389,41.8325,41.0428,39.965,38.7722,36.6459,32.8063,27.5183,22.0298,12.4329
42.091,1.0000,1.0000,0.0000,6,136.58,0.4774,-0.0504,8956.01,0.0,4.3102,10.1231,72.9894,56.6284,50.0705,47.2616,45.8276,44.6089,43.759,42.9264,42.1104,41.3114,40.2208,39.0141,36.8629,32.9797,27.6352,22.0945,12.4336
42.109,1.0000,1.0000,0.0000,6,136.73,0.4751,-0.0519,8960.88,0.0,4.32245,10.0944,74.6869,57.3286,50.4695,47.6174,46.166,44.9327,44.0724,43.2295,42.404,41.5953,40.4915,39.2703,37.0937,33.1653,27.7619,22.1665,12.4375
42.128,1.0000,1.0000,0.0000,6,136.86,0.4730,-0.0536,8971.71,0.0,4.33154,10.0528,76.6115,58.125,50.9313,47.9996,46.5299,45.2812,44.4104,43.5569,42.7209,41.9022,40.7849,39.5484,37.3451,33.3691,27.903,22.2496,12.4459
42.147,1.0000,1.0000,0.0000,6,137.00,0.4711,-0.0558,8985.23,0.0,4.33777,9.99905,78.8087,59.0334,51.4666,48.4126,46.9229,45.6579,44.7758,43.9115,43.0647,42.2354,41.1035,39.8513,37.6195,33.5933,28.0606,22.3443,12.4588
42.172,1.0000,1.0000,0.0000,6,137.14,0.4696,-0.0581,8996.07,0.0,4.34075,9.93298,81.3275,60.0694,52.0846,48.8847,47.3465,46.0648,45.1708,44.2948,43.4368,42.5963,41.4493,40.1802,37.9185,33.8388,28.2353,22.4514,12.4763
42.190,1.0000,1.0000,0.0000,6,137.29,0.4683,-0.0604,9000.1,0.0,4.34092,9.85919,84.1803,61.2257,52.7767,49.4167,47.8067,46.4887,45.5828,44.6949,43.8251,42.9734,41.8109,40.5244,38.2322,34.0974,28.4205,22.5663,12.4971
42.209,1.0000,1.0000,0.0000,6,137.43,0.4673,-0.0627,9009.77,0.0,4.33798,9.77604,87.4475,62.5276,53.5584,50.0211,48.332,46.9522,46.0179,45.1175,44.2357,43.3721,42.1934,40.8892,38.565,34.3732,28.6194,22.6915,12.5222
42.228,1.0000,1.0000,0.0000,6,137.56,0.4666,-0.0653,9023.55,0.0,4.33203,9.6835,91.2252,64.002,54.4447,50.7094,48.9325,47.4842,46.5052,45.5692,44.6716,43.7958,42.6002,41.2776,38.9201,34.6685,28.8342,22.8283,12.5519
42.247,1.0000,1.0000,0.0000,6,137.69,0.4663,-0.0682,9039.01,0.0,4.32285,9.58119,95.6363,65.6799,55.4524,51.4947,49.6197,48.0951,47.0664,46.0842,45.1455,44.2476,43.0347,41.6924,39.3005,34.986,29.0667,22.9779,12.5865
42.273,1.0000,1.0000,0.0000,6,137.84,0.4663,-0.0712,9047.75,0.0,4.31047,9.47112,100.813,67.5854,56.5917,52.3837,50.399,48.7893,47.7053,46.6719,45.6858,44.7437,43.4938,42.1315,39.7034,35.3236,29.3152,23.1391,12.6257
42.291,1.0000,1.0000,0.0000,6,137.97,0.4666,-0.0742,9056.05,0.0,4.2952,9.35603,20.0937,69.7295,57.8626,53.3743,51.2675,49.5636,48.4185,47.3287,46.2904,45.3,43.988,42.5859,40.1209,35.6742,29.5746,23.3088,12.6684
42.309,1.0000,1.0000,0.0000,6,138.11,0.4672,-0.0772,9068.44,0.0,4.27681,9.23416,18.5558,72.1709,59.2957,54.4896,52.2455,50.4361,49.223,48.0704,46.9739,45.9299,44.5494,43.0775,40.5595,36.0436,29.8493,23.4896,12.7159
42.328,1.0000,1.0000,0.0000,6,138.24,0.4682,-0.0805,9083.86,0.0,4.25529,9.10545,17.4654,74.9704,60.9187,55.7498,53.3502,51.4218,50.132,48.909,47.7477,46.6439,45.1871,43.6375,41.0212,36.4337,30.1406,23.6825,12.7683
42.348,1.0000,1.0000,0.0000,6,138.37,0.4696,-0.0840,9099.14,0.0,4.23071,8.97057,16.58,78.2003,62.7632,57.1766,54.5997,52.5364,51.16,49.8576,48.6234,47.4525,45.9106,44.2744,41.522,36.8454,30.4493,23.8884,12.8256
42.373,1.0000,1.0000,0.0000,6,138.51,0.4713,-0.0875,9106.8,0.0,4.2031,8.83172,15.8269,81.9227,64.848,58.7806,56.0016,53.7851,52.3111,50.9195,49.6036,48.3577,46.7207,44.9884,42.0852,37.2734,30.7717,24.1044,12.887
42.391,1.0000,1.0000,0.0000,6,138.65,0.4734,-0.0909,9117.78,0.0,4.17237,8.68886,15.1629,86.2374,67.209,60.5849,57.5745,55.1839,53.5991,52.1067,50.6989,49.3688,47.6257,45.7865,42.7162,37.7171,31.107,24.3303,12.953
42.410,1.0000,1.0000,0.0000,6,138.78,0.4759,-0.0944,9131.66,0.0,4.1387,8.54176,14.5608,91.2983,69.9043,62.6284,59.3501,56.7595,55.0482,53.441,51.9288,50.5037,48.6409,46.6818,43.4254,38.1791,31.4572,24.5671,13.0236
42.429,1.0000,1.0000,0.0000,6,138.91,0.4788,-0.0981,9146.98,0.0,4.10177,8.38958,14.0023,97.3076,73.0042,64.9565,61.3655,58.5431,56.6859,54.947,53.3155,51.7819,49.7837,47.689,44.2239,38.6836,31.8244,24.8168,13.0995
42.447,1.0000,1.0000,0.0000,6,139.04,0.4821,-0.1019,9159.15,0.0,4.06176,8.23344,13.4804,104.53,76.5897,67.6189,63.6598,60.5666,58.54,56.6489,54.8802,53.2226,51.0697,48.8214,45.1211,39.2535,32.2081,25.0789,13.1802
42.472,0.9324,1.0000,0.0000,6,139.18,0.4858,-0.1056,9168.42,0.0,4.01885,8.07517,12.9937,113.276,80.7335,70.6539,66.26,62.8501,60.6271,58.5602,56.6337,54.834,52.5048,50.0828,46.1184,39.8878,32.603,25.3496,13.2652
42.491,0.6406,1.0000,0.0000,6,139.32,0.4900,-0.1093,9180.05,0.0,3.97292,7.91426,12.5336,124.081,85.576,74.144,69.2305,65.446,62.9921,60.72,58.6105,56.6467,54.1153,51.4948,47.2315,40.5954,33.0113,25.6307,13.3549
42.510,0.3737,1.0000,0.0000,6,139.45,0.4945,-0.1131,9193.46,0.0,3.92379,7.75012,12.0946,137.737,91.2941,78.1879,72.6457,68.4134,65.686,63.1724,60.8483,58.6937,55.9283,53.0797,48.4762,41.3852,33.4336,25.9228,13.4495
42.528,-0.0000,1.0000,0.0000,6,139.60,0.4995,-0.1169,9206.99,0.0,3.87229,7.58514,11.6794,155.366,98.0768,82.877,76.5689,71.7988,68.7459,65.9469,63.3715,60.9941,57.9576,54.8471,49.8567,42.2566,33.8656,26.2215,13.5474
42.547,-0.0000,1.0000,0.0000,6,139.76,0.5049,-0.1203,9215.53,0.0,3.81895,7.42411,11.2981,178.312,106.012,88.2127,80.9829,75.5755,72.1411,69.0105,66.1449,63.5126,60.1681,56.7623,51.341,43.1836,34.3133,26.5128,13.6454
42.572,-0.0000,1.0000,0.0000,6,140.05,0.5106,-0.1220,9218.62,0.0,3.76863,7.29214,11.0147,200.0,114.134,93.48,85.2734,79.2017,75.3753,71.9068,68.7483,65.8605,62.2101,58.5142,52.6748,43.9886,34.6769,26.7263,13.7242
42.591,-0.0000,1.0000,0.0000,6,140.48,0.5166,-0.1218,9216.09,0.0,3.72177,7.19058,10.8254,200.0,121.887,98.3113,89.1401,82.425,78.2232,74.4343,71.0007,67.8747,63.9418,59.9807,53.7648,44.6127,34.925,26.8476,13.78
42.610,-0.0000,1.0000,0.0000,6,140.95,0.5229,-0.1202,9207.37,0.0,3.67762,7.11469,10.7133,200.0,128.94,102.524,92.4484,85.1404,80.597,76.5193,72.8397,69.5029,65.3217,61.1302,54.5913,45.0495,35.0584,26.8833,13.8147
42.628,-0.0000,1.0000,0.0000,6,141.45,0.5295,-0.1169,9192.75,0.0,3.63598,7.06227,10.6719,200.0,134.85,105.889,95.0305,87.2182,82.3879,78.0701,74.1876,70.6782,66.2962,61.9201,55.1268,45.2866,35.0739,26.8371,13.8292
42.648,-0.0000,1.0000,0.0000,6,141.97,0.5364,-0.1120,9173.7,0.0,3.59654,7.03244,10.7005,200.0,139.162,108.188,96.7318,88.5419,83.4998,79.0065,74.9777,71.345,66.821,62.3165,55.3501,45.3151,34.9698,26.713,13.8246
42.672,-0.0000,1.0000,0.0000,6,142.50,0.5436,-0.1056,9155.94,0.0,3.55935,7.02455,10.7998,200.0,141.609,109.322,97.4933,89.0741,83.9063,79.3107,75.198,71.4958,66.8939,62.321,55.2664,45.143,34.7531,26.519,13.8025
42.691,-0.0000,1.0000,0.0000,6,143.04,0.5508,-0.0980,9142.04,0.0,3.52442,7.03719,10.9709,200.0,142.228,109.36,97.3839,88.8811,83.6706,79.0429,74.9056,71.1849,66.5648,61.9787,54.9144,44.7978,34.4413,26.2677,13.7656
42.709,-0.0000,1.0000,0.0000,6,143.57,0.5582,-0.0896,9134.55,0.0,3.49187,7.06831,11.213,200.0,141.36,108.528,96.5895,88.1216,82.9356,78.3317,74.2174,70.5189,65.9277,61.3725,54.3593,44.3239,34.0599,25.9753,13.7175
42.728,-0.0000,1.0000,0.0000,6,144.10,0.5654,-0.0805,9134.86,0.0,3.4617,7.115,11.526,200.0,139.518,107.135,95.3562,87.0009,81.8835,77.3402,73.2797,69.6294,65.0981,60.6019,53.6791,43.7719,33.6379,25.6588,13.6621
42.747,-0.0000,1.0000,0.0000,6,144.61,0.5724,-0.0711,9144.22,0.0,3.43438,7.17621,11.915,200.0,137.202,105.473,93.9153,85.7106,80.6832,76.2184,72.227,68.6377,64.1808,59.7573,52.9437,43.1873,33.2007,25.3331,13.6022
42.772,-0.0000,1.0000,0.0000,6,145.12,0.5789,-0.0615,9161.28,0.0,3.41051,7.25126,12.3877,200.0,134.796,103.765,92.4404,84.3947,79.4619,75.0792,71.1598,67.6343,63.2549,58.9066,52.2056,42.6037,32.7669,25.0114,13.5398
42.791,-0.0000,1.0000,0.0000,6,145.62,0.5848,-0.0522,9183.23,0.0,3.3915,7.34252,12.9679,200.0,132.501,102.127,91.0238,83.1287,78.2857,73.9812,70.1305,66.6656,62.3603,58.0839,51.4909,42.0374,32.345,24.6979,13.4749
42.810,-0.0000,1.0000,0.0000,6,146.12,0.5900,-0.0429,9208.78,0.0,3.37839,7.45226,13.6969,200.0,130.389,100.602,89.6976,81.9393,77.1782,72.9451,69.1572,65.7483,61.5111,57.3014,50.8085,41.4939,31.9377,24.3937,13.4072
42.829,0.1175,1.0000,0.0000,6,146.62,0.5944,-0.0337,9236.7,0.0,3.37202,7.58434,14.6497,200.0,128.461,99.1883,88.4612,80.8255,76.1382,71.9699,68.2392,64.881,60.7062,56.5576,50.1574,40.9718,31.5437,24.0978,13.336
42.847,0.5872,1.0000,0.0000,6,147.10,0.5979,-0.0266,9266.9,0.0,3.36514,7.68633,15.5632,200.0,129.583,99.5847,88.6618,80.9095,76.16,71.9421,68.172,64.7819,60.5727,56.3953,49.9616,40.7507,31.3243,23.8993,13.285
42.872,1.0000,1.0000,0.0000,6,147.54,0.6011,-0.0241,9303.06,0.0,3.34626,7.67667,15.7121,200.0,138.268,104.33,92.2748,83.8144,78.6693,74.1248,70.0816,66.4616,61.9868,57.5676,50.804,41.2086,31.4945,23.9166,13.2851
42.892,1.0000,1.0000,0.0000,6,147.90,0.6042,-0.0265,9350.43,0.0,3.3123,7.54206,14.939,200.0,158.765,115.214,100.533,90.461,84.427,79.1533,74.5052,70.3778,65.32,60.3727,52.8899,42.4565,32.105,24.1728,13.3403
42.910,1.0000,1.0000,0.0000,6,148.20,0.6073,-0.0322,9408.15,0.0,3.26714,7.32619,13.8027,200.0,198.667,134.373,114.62,101.571,93.941,87.3832,81.687,76.6935,70.6556,64.8343,56.1849,44.4266,33.0942,24.6255,13.4362
42.929,1.0000,1.0000,0.0000,6,148.45,0.6106,-0.0400,9466.85,0.0,3.21456,7.06902,12.6655,88.2086,200.0,167.268,137.453,118.923,108.487,99.7415,92.3072,85.9106,78.3221,71.1524,60.7569,47.0966,34.419,25.2408,13.5608
42.947,0.8790,1.0000,0.0000,6,148.67,0.6141,-0.0491,9523.2,0.0,3.15724,6.79626,11.6415,42.3079,200.0,200.0,176.286,146.669,130.965,118.307,107.887,99.1614,89.0857,79.83,66.8446,50.519,36.0685,26.0011,13.706
42.972,0.4591,1.0000,0.0000,6,148.87,0.6179,-0.0591,9576.56,0.0,3.09627,6.52028,10.7408,28.5437,200.0,200.0,200.0,195.404,168.264,147.753,131.708,118.815,104.506,91.8777,74.939,54.8384,38.0666,26.9045,13.8678
42.991,-0.0000,1.0000,0.0000,6,149.03,0.6221,-0.0696,9630.21,0.0,3.03247,6.2478,9.95026,21.8866,87.7281,200.0,200.0,200.0,200.0,199.892,171.395,150.02,127.734,109.212,85.9042,60.2989,40.4612,27.9574,14.0436
43.010,-0.0000,1.0000,0.0000,6,149.19,0.6267,-0.0802,9678.66,0.0,2.96674,5.9859,9.26299,17.977,43.7242,154.716,200.0,200.0,200.0,200.0,200.0,200.0,165.283,135.339,101.064,67.1844,43.2841,29.1543,14.2288
43.029,-0.0000,1.0000,0.0000,6,149.42,0.6316,-0.0884,9712.58,0.0,2.90629,5.77085,8.75073,15.705,31.0822,61.038,125.674,200.0,200.0,200.0,200.0,200.0,200.0,172.145,120.0,74.8339,46.1734,30.3223,14.3896
43.047,-0.0000,1.0000,0.0000,6,149.83,0.6365,-0.0923,9725.94,0.0,2.85763,5.63068,8.45553,14.5403,26.1061,43.4292,67.2499,129.352,200.0,200.0,200.0,200.0,200.0,200.0,139.095,81.6184,48.5231,31.2203,14.4897
43.073,-0.0000,1.0000,0.0000,6,150.29,0.6416,-0.0929,9727.69,0.0,2.8156,5.53555,8.28442,13.8747,23.5655,36.2753,50.9449,78.8641,129.611,200.0,200.0,200.0,200.0,200.0,157.737,87.4902,50.4108,31.9088,14.5557
43.091,-0.0000,1.0000,0.0000,6,150.78,0.6469,-0.0911,9723.76,0.0,2.7777,5.4712,8.19666,13.4785,22.1211,32.6146,43.6781,62.1293,88.9892,156.782,200.0,200.0,200.0,200.0,174.952,92.3521,51.8786,32.4236,14.5992
43.109,-0.0000,1.0000,0.0000,6,151.30,0.6524,-0.0872,9712.0,0.0,2.743,5.43189,8.16951,13.2593,21.3096,30.648,40.0115,54.6228,73.9082,114.255,200.0,200.0,200.0,200.0,189.091,95.9892,52.9199,32.7753,14.6238
43.128,-0.0000,1.0000,0.0000,6,151.83,0.6581,-0.0816,9698.12,0.0,2.71107,5.41434,8.17286,13.1642,20.9084,29.6684,38.2202,51.1223,67.3744,98.7864,185.099,200.0,200.0,200.0,198.747,98.2955,53.5495,32.9788,14.6327
43.148,-0.0000,1.0000,0.0000,6,152.37,0.6638,-0.0746,9688.56,0.0,2.68185,5.41618,8.19534,13.1548,20.7831,29.3164,37.5502,49.7955,64.9249,93.2708,165.569,200.0,200.0,200.0,200.0,99.3635,53.8233,33.0591,14.6301
43.172,-0.0000,1.0000,0.0000,6,152.89,0.6695,-0.0665,9692.53,0.0,2.65524,5.43272,8.22388,13.1912,20.8178,29.3293,37.5227,49.6727,64.6259,92.4695,162.489,200.0,200.0,200.0,200.0,99.5376,53.8523,33.0583,14.6217
43.191,-0.0000,1.0000,0.0000,6,153.41,0.6750,-0.0578,9701.17,0.0,2.63168,5.44678,8.24941,13.2439,20.9295,29.5316,37.8368,50.1973,65.4836,94.1667,167.586,200.0,200.0,200.0,200.0,99.185,53.7425,33.0141,14.6121
43.210,-0.0000,1.0000,0.0000,6,153.93,0.6800,-0.0490,9716.0,0.0,2.61188,5.45169,8.26453,13.2897,21.054,29.7897,38.2697,50.9749,66.8286,97.0058,176.901,200.0,200.0,200.0,200.0,98.6246,53.583,32.9575,14.605
43.229,-0.0000,1.0000,0.0000,6,154.44,0.6845,-0.0401,9735.93,0.0,2.59665,5.4465,8.26472,13.3127,21.1455,30.007,38.659,51.7146,68.1635,99.9682,187.442,200.0,200.0,200.0,198.286,98.0816,53.4365,32.9102,14.6027
43.247,-0.0000,1.0000,0.0000,6,154.93,0.6882,-0.0314,9765.49,0.0,2.58596,5.43178,8.24911,13.3065,21.1822,30.1338,38.9168,52.2509,69.191,102.397,196.911,200.0,200.0,200.0,196.445,97.6684,53.3338,32.8825,14.606
43.273,-0.0000,1.0000,0.0000,6,155.43,0.6912,-0.0228,9791.51,0.0,2.57315,5.40833,8.21814,13.2697,21.156,30.1488,39.0026,52.502,69.7534,103.902,200.0,200.0,200.0,200.0,195.281,97.4288,53.287,32.8781,14.6147
43.291,-0.0000,1.0000,0.0000,6,155.92,0.6933,-0.0176,9817.37,0.0,2.55798,5.37886,8.17662,13.2119,21.0867,30.0871,38.97,52.5555,69.9903,104.747,200.0,200.0,200.0,200.0,194.557,97.3035,53.2774,32.8894,14.6273
43.310,-0.1979,1.0000,0.0000,6,156.42,0.6954,-0.0174,9844.07,0.0,2.54097,5.34487,8.12737,13.1392,20.9876,29.9734,38.8581,52.4775,70.0116,105.155,200.0,200.0,200.0,200.0,194.101,97.2501,53.2919,32.911,14.6425
43.329,-0.6643,1.0000,0.0000,6,156.89,0.6974,-0.0146,9868.91,0.0,2.53129,5.35095,8.17272,13.3164,21.5331,31.1917,41.0161,56.6331,77.7993,124.244,200.0,200.0,200.0,200.0,184.598,94.8686,52.6058,32.6714,14.6178
43.347,-0.7314,1.0000,0.0000,6,157.29,0.6986,-0.0056,9913.38,0.0,2.5433,5.46545,8.47363,14.188,23.9906,36.7167,51.2242,78.3118,125.865,200.0,200.0,200.0,200.0,200.0,158.927,87.6559,50.3559,31.8257,14.495
43.372,-0.2827,1.0000,0.0000,6,157.60,0.6987,0.0087,9969.35,0.0,2.5794,5.69781,9.06844,15.9712,29.6165,51.8099,86.3456,200.0,200.0,200.0,200.0,200.0,200.0,194.728,129.896,78.0821,47.0888,30.5325,14.2896
43.390,-0.0000,1.0000,0.0000,6,157.86,0.6974,0.0267,10026.1,0.0,2.63912,6.04831,9.99247,19.0514,42.1527,107.403,200.0,200.0,200.0,200.0,200.0,200.0,180.675,144.864,105.657,68.6505,43.5271,29.0385,14.0329
43.410,-0.0000,1.0000,0.0000,6,158.14,0.6947,0.0456,10072.7,0.0,2.7173,6.49218,11.2282,23.9322,75.5142,200.0,200.0,200.0,200.0,200.0,187.425,161.493,135.302,114.163,88.3344,60.9088,40.3116,27.6092,13.7672
43.429,-0.0000,1.0000,0.0000,6,158.57,0.6910,0.0580,10079.4,0.0,2.78841,6.86206,12.2917,28.9223,157.279,200.0,200.0,200.0,200.0,174.954,152.109,134.551,115.844,99.9771,79.5824,56.6104,38.39,26.7102,13.5837
43.447,-0.0000,1.0000,0.0000,6,159.06,0.6863,0.0648,10069.2,0.0,2.85205,7.1368,13.0531,32.7954,200.0,200.0,200.0,200.0,180.678,156.357,137.816,123.215,107.312,93.5319,75.4156,54.4441,37.3672,26.2077,13.4659
43.472,-0.0000,1.0000,0.0000,6,159.56,0.6806,0.0681,10065.6,0.0,2.91547,7.35807,13.6063,35.4721,200.0,200.0,200.0,199.103,169.876,148.141,131.346,117.979,103.278,90.4187,73.337,53.3108,36.8001,25.9103,13.3806
43.491,-0.0000,1.0000,0.0000,6,160.07,0.6738,0.0693,10051.1,0.0,2.98127,7.54723,14.0118,37.0396,200.0,200.0,200.0,193.744,165.865,145.01,128.822,115.893,101.627,89.1078,72.4197,52.7696,36.4992,25.7334,13.3129
43.510,-0.0000,1.0000,0.0000,6,160.59,0.6662,0.0688,10040.0,0.0,3.04909,7.70831,14.2852,37.5264,200.0,200.0,200.0,194.869,166.578,145.469,129.118,116.079,101.712,89.1219,72.366,52.6744,36.4009,25.6485,13.2584
43.529,-0.0000,1.0000,0.0000,6,161.06,0.6579,0.0675,10074.0,0.0,3.12029,7.86234,14.5085,37.5542,200.0,200.0,200.0,198.886,169.377,147.504,130.642,117.248,102.543,89.7018,72.6769,52.7638,36.3838,25.5987,13.2072
43.547,-0.0000,1.0000,0.0000,6,161.51,0.6492,0.0663,10129.0,0.0,3.19557,8.02725,14.7541,37.6804,200.0,200.0,200.0,200.0,172.024,149.401,132.046,118.312,103.285,90.2074,72.9327,52.8187,36.3468,25.5371,13.1515
43.567,-0.0000,1.0000,0.0000,6,161.95,0.6402,0.0654,10184.8,0.0,3.27442,8.20705,15.0417,38.0519,200.0,200.0,200.0,200.0,173.73,150.576,132.876,118.909,103.666,90.4336,73.002,52.7728,36.2606,25.4506,13.0897
43.591,-0.0000,1.0000,0.0000,6,162.40,0.6310,0.0648,10232.6,0.0,3.35584,8.39865,15.3637,38.6239,200.0,200.0,200.0,200.0,174.569,151.091,133.188,119.087,103.725,90.4132,72.9084,52.6403,36.1328,25.3435,13.023
43.610,-0.0000,1.0000,0.0000,6,162.86,0.6216,0.0644,10269.8,0.0,3.43912,8.59905,15.7117,39.3453,200.0,200.0,200.0,200.0,174.724,151.09,133.096,118.941,103.538,90.2036,72.6907,52.4423,35.9737,25.2211,12.9528
43.628,-0.0000,1.0000,0.0000,6,163.33,0.6122,0.0642,10298.4,0.0,3.52367,8.80513,16.0759,40.1571,200.0,200.0,200.0,200.0,174.46,150.773,132.758,118.597,103.199,89.8786,72.3974,52.2043,35.7955,25.0891,12.8804
43.648,-0.0000,1.0000,0.0000,6,163.81,0.6027,0.0640,10322.9,0.0,3.60911,9.01469,16.4493,41.0153,200.0,200.0,200.0,200.0,173.983,150.296,132.294,118.152,102.783,89.4949,72.0652,51.9455,35.6072,24.952,12.8066
43.673,-0.0000,1.0000,0.0000,6,164.30,0.5932,0.0639,10327.3,0.0,3.69513,9.22628,16.828,41.8986,200.0,200.0,200.0,200.0,173.387,149.729,131.761,117.651,102.324,89.0782,71.7113,51.675,35.4131,24.812,12.732
43.691,-0.0000,1.0000,0.0000,6,164.77,0.5836,0.0638,10351.6,0.0,3.78148,9.43879,17.2084,42.788,200.0,200.0,200.0,200.0,172.756,149.136,131.206,117.133,101.852,88.6509,71.3502,51.4005,35.2169,24.6707,12.657
43.710,-0.0000,1.0000,0.0000,6,165.23,0.5740,0.0636,10381.9,0.0,3.86818,9.65223,17.5907,43.6838,200.0,200.0,200.0,200.0,172.089,148.515,130.63,116.598,101.367,88.2131,70.9819,51.1219,35.0186,24.5283,12.5816
43.729,-0.0000,1.0000,0.0000,6,165.69,0.5644,0.0635,10415.5,0.0,3.95521,9.86662,17.975,44.5869,200.0,200.0,200.0,200.0,171.386,147.866,130.032,116.044,100.867,87.7645,70.6063,50.8392,34.8181,24.3846,12.5058
43.748,-0.0000,1.0000,0.0000,6,166.15,0.5547,0.0634,10448.8,0.0,4.04252,10.0818,18.3611,45.4969,200.0,200.0,200.0,200.0,170.646,147.19,129.412,115.473,100.354,87.3055,70.2238,50.5527,34.6157,24.2399,12.4296
43.772,-0.0000,1.0000,0.0000,6,166.61,0.5451,0.0633,10480.9,0.0,4.12997,10.2975,18.7483,46.4114,200.0,200.0,200.0,200.0,169.877,146.492,128.775,114.888,99.8301,86.8383,69.8358,50.2633,34.4118,24.0944,12.3532
43.791,-0.0000,1.0000,0.0000,6,167.07,0.5353,0.0632,10511.8,0.0,4.21774,10.5141,19.1376,47.3345,200.0,200.0,200.0,200.0,169.071,145.765,128.115,114.285,99.2924,86.3603,69.4405,49.9698,34.2057,23.9478,12.2765
43.810,-0.0000,1.0000,0.0000,6,167.53,0.5256,0.0632,10541.1,0.0,4.30573,10.7316,19.5293,48.2698,200.0,200.0,200.0,200.0,168.21,144.998,127.424,113.657,98.7356,85.8678,69.0357,49.6712,33.9973,23.7999,12.1994
43.828,-0.0000,1.0000,0.0000,6,167.96,0.5159,0.0631,10602.9,0.0,4.39375,10.9491,19.9205,49.2012,200.0,200.0,200.0,199.321,167.355,144.235,126.736,113.031,98.1805,85.3765,68.6317,49.3729,33.7889,23.6521,12.1223
43.848,-0.0000,1.0000,0.0000,6,168.42,0.5061,0.0630,10625.7,0.0,4.48194,11.1668,20.312,50.131,200.0,200.0,200.0,198.354,166.501,143.472,126.048,112.405,97.6251,84.8847,68.2271,49.0742,33.5802,23.5039,12.0451
43.872,-0.0000,1.0000,0.0000,6,168.90,0.4963,0.0630,10639.6,0.0,4.57036,11.3853,20.7053,51.0694,200.0,200.0,200.0,197.339,165.612,142.683,125.339,111.763,97.0569,84.3831,67.816,48.7719,33.3696,23.3549,11.9675
43.891,-0.0000,1.0000,0.0000,6,169.37,0.4865,0.0629,10656.6,0.0,4.65895,11.6044,21.1002,52.0147,200.0,200.0,200.0,196.282,164.693,141.871,124.613,111.106,96.4782,83.8734,67.3996,48.4668,33.1577,23.205,11.8898
43.910,-0.0000,1.0000,0.0000,6,169.84,0.4767,0.0629,10675.3,0.0,4.74775,11.8242,21.4966,52.9668,200.0,200.0,200.0,195.188,163.748,141.04,123.872,110.437,95.8899,83.3565,66.9783,48.1589,32.9443,23.0544,11.8118
43.929,-0.0000,1.0000,0.0000,6,170.30,0.4669,0.0628,10697.1,0.0,4.83675,12.0445,21.8941,53.9224,200.0,200.0,200.0,194.077,162.79,140.199,123.123,109.762,95.2965,82.8355,66.5542,47.8494,32.7301,22.9033,11.7335
43.948,-0.0000,1.0000,0.0000,6,170.76,0.4570,0.0628,10722.7,0.0,4.92584,12.2651,22.2922,54.8795,200.0,200.0,200.0,192.952,161.823,139.351,122.368,109.082,94.6998,82.3118,66.1283,47.5389,32.5153,22.7519,11.6552
43.973,-0.0000,1.0000,0.0000,6,171.21,0.4472,0.0627,10750.9,0.0,5.01519,12.4864,22.6919,55.8434,200.0,200.0,200.0,191.797,160.833,138.487,121.6,108.392,94.0947,81.7817,65.698,47.226,32.2992,22.5997,11.5766
43.991,-0.0000,1.0000,0.0000,6,171.63,0.4373,0.0627,10809.4,0.0,5.10468,12.708,23.0915,56.8034,200.0,200.0,200.0,190.659,159.855,137.63,120.838,107.706,93.493,81.254,65.2691,46.9135,32.0831,22.4474,11.4979
44.010,-0.0000,1.0000,0.0000,6,172.09,0.4274,0.0627,10835.7,0.0,5.19431,12.9299,23.492,57.7667,200.0,200.0,200.0,189.503,158.864,136.763,120.069,107.014,92.8864,80.7225,64.8376,46.5996,31.8663,22.2948,11.4191
44.028,-0.0000,1.0000,0.0000,6,172.55,0.4174,0.0626,10853.9,0.0,5.28424,13.1527,23.8945,58.7385,200.0,200.0,200.0,188.312,157.849,135.878,119.284,106.31,92.2707,80.1838,64.4012,46.2829,31.648,22.1412,11.3399
44.048,-0.0000,1.0000,0.0000,6,173.01,0.4075,0.0626,10874.7,0.0,5.37436,13.3761,24.2983,59.7145,200.0,200.0,200.0,187.104,156.821,134.984,118.493,105.599,91.6501,79.6414,63.9622,45.9646,31.4289,21.9872,11.2605
44.073,-0.0000,1.0000,0.0000,6,173.47,0.3975,0.0626,10896.1,0.0,5.46468,13.6,24.703,60.6932,200.0,200.0,200.0,185.886,155.785,134.083,117.696,104.885,91.0263,79.0964,63.5214,45.6453,31.2091,21.8328,11.181
44.091,-0.0000,1.0000,0.0000,6,173.92,0.3875,0.0626,10918.8,0.0,5.55512,13.8242,25.1081,61.6724,200.0,200.0,200.0,184.664,154.747,133.18,116.898,104.17,90.4013,78.5503,63.0798,45.3254,30.9889,21.6781,11.1013
44.110,-0.0000,1.0000,0.0000,6,174.38,0.3775,0.0625,10943.2,0.0,5.64569,14.0485,25.5132,62.6489,200.0,200.0,200.0,183.453,153.715,132.282,116.103,103.457,89.778,78.0055,62.6388,45.0056,30.7687,21.5233,11.0215
44.129,-0.0000,1.0000,0.0000,6,174.82,0.3675,0.0625,10969.4,0.0,5.73644,14.2731,25.9182,63.6209,200.0,200.0,200.0,182.259,152.696,131.393,115.314,102.748,89.1583,77.4631,62.1992,44.6863,30.5485,21.3683,10.9416
44.148,-0.0000,1.0000,0.0000,6,175.27,0.3574,0.0625,10993.4,0.0,5.82743,14.4982,26.3239,64.5935,200.0,200.0,200.0,181.064,151.675,130.502,114.524,102.039,88.5372,76.9194,61.7584,44.3662,30.3277,21.213,10.8615
44.172,-0.0000,1.0000,0.0000,6,175.72,0.3473,0.0624,11021.7,0.0,5.91861,14.7237,26.7304,65.5676,200.0,200.0,200.0,179.863,150.649,129.607,113.731,101.326,87.9137,76.3739,61.3163,44.0452,30.1064,21.0573,10.7812
44.192,0.1495,1.0000,0.0000,6,176.16,0.3373,0.0624,11052.2,0.0,6.00989,14.9494,27.1371,66.5408,200.0,200.0,200.0,178.661,149.622,128.712,112.937,100.613,87.2898,75.8279,60.8738,43.7238,29.8848,20.9014,10.7008
44.210,0.4235,1.0000,0.0000,6,176.58,0.3274,0.0597,11082.9,0.0,6.08112,15.0283,27.0593,64.6828,200.0,200.0,200.0,188.39,156.186,133.393,116.413,103.275,89.1936,77.1811,61.6473,44.0233,29.9478,20.8798,10.6467
44.228,0.6192,1.0000,0.0000,6,176.95,0.3183,0.0512,11119.6,0.0,6.10517,14.7818,25.9644,57.719,200.0,200.0,200.0,200.0,186.068,154.406,131.961,115.221,97.8548,83.4891,65.4962,45.8394,30.6883,21.1732,10.6544
44.248,0.6904,1.0000,0.0000,6,177.25,0.3104,0.0376,11166.2,0.0,6.08446,14.2778,24.1977,48.9842,128.485,200.0,200.0,200.0,200.0,200.0,169.76,142.875,116.957,96.8891,73.3356,49.4185,32.152,21.7865,10.7236
44.267,0.6833,1.0000,0.0000,6,177.48,0.3039,0.0208,11217.3,0.0,6.03326,13.6565,22.2731,41.2742,85.2651,183.02,200.0,200.0,200.0,200.0,200.0,200.0,155.042,121.483,86.4473,54.9029,34.2804,22.6655,10.8409
44.291,0.5623,1.0000,0.0000,6,177.67,0.2990,0.0024,11266.3,0.0,5.96274,13.0113,20.4649,35.213,62.4784,102.141,154.496,200.0,200.0,200.0,200.0,200.0,200.0,169.214,107.96,62.7063,37.0613,23.7711,10.9956
44.311,0.2313,1.0000,0.0000,6,177.84,0.2958,-0.0164,11312.2,0.0,5.87948,12.3886,18.8668,30.5836,49.0572,70.3984,91.7021,124.756,168.036,200.0,200.0,200.0,200.0,200.0,145.685,73.6565,40.5315,25.0803,11.1804
44.329,-0.0000,1.0000,0.0000,6,177.99,0.2944,-0.0351,11356.3,0.0,5.78807,11.8093,17.49,27.0386,40.4462,53.8598,65.4568,80.668,96.7337,120.802,160.829,200.0,200.0,200.0,200.0,89.2586,44.7617,26.5759,11.3894
44.348,-0.0000,1.0000,0.0000,6,178.18,0.2946,-0.0513,11388.5,0.0,5.70083,11.3284,16.4184,24.5222,35.0339,44.6537,52.333,61.6146,70.5598,82.5509,99.461,125.096,195.755,200.0,200.0,109.68,49.3215,28.0758,11.5947
44.373,-0.0000,1.0000,0.0000,6,178.53,0.2962,-0.0620,11397.3,0.0,5.63371,11.0103,15.7493,23.0575,32.127,40.0469,46.1247,53.1976,59.7474,68.1423,79.2891,94.8045,130.599,200.0,200.0,129.348,52.9435,29.1992,11.7492
44.391,-0.0000,1.0000,0.0000,6,178.95,0.2993,-0.0687,11393.2,0.0,5.57614,10.7877,15.3107,22.1568,30.4419,37.4927,42.791,48.8377,54.3261,61.2095,70.0964,82.0094,107.632,167.456,200.0,145.973,55.5903,30.0,11.8678
44.410,-0.0000,1.0000,0.0000,6,179.40,0.3038,-0.0726,11383.2,0.0,5.52147,10.6209,15.0085,21.582,29.4295,36.017,40.9131,46.445,51.4155,57.5822,65.4354,75.7757,97.3176,144.191,200.0,157.891,57.3494,30.5436,11.9624
44.428,-0.0000,1.0000,0.0000,6,179.87,0.3097,-0.0743,11372.2,0.0,5.46623,10.4882,14.793,21.2137,28.8342,35.1938,39.8986,45.1922,49.9285,55.7785,63.1867,72.8706,92.7917,134.992,200.0,164.277,58.3359,30.8823,12.0408
44.448,-0.0000,1.0000,0.0000,6,180.34,0.3170,-0.0745,11364.5,0.0,5.40798,10.3736,14.6282,20.971,28.4942,34.7686,39.4081,44.6257,49.2919,55.0524,62.343,71.8657,91.4286,132.752,200.0,165.844,58.7407,31.0756,12.1101
44.466,-0.0000,1.0000,0.0000,6,180.81,0.3253,-0.0738,11366.6,0.0,5.34525,10.2642,14.4857,20.7909,28.2881,34.5563,39.2002,44.4321,49.1194,54.9168,62.2713,71.9066,91.8051,134.305,200.0,164.379,58.7968,31.1859,12.1765
44.491,-0.0000,1.0000,0.0000,6,181.26,0.3346,-0.0727,11378.6,0.0,5.27691,10.1493,14.3409,20.6193,28.1126,34.401,39.0738,44.3524,49.0943,54.9763,62.4649,72.3218,92.8444,137.443,200.0,161.875,58.7372,31.2741,12.246
44.510,-0.0000,1.0000,0.0000,6,181.71,0.3445,-0.0716,11397.4,0.0,5.20284,10.0228,14.1792,20.4227,27.9023,34.2028,38.8987,44.2178,49.0093,54.97,62.5869,72.6606,93.8117,140.618,200.0,159.599,58.7141,31.3793,12.322
44.529,-0.0000,1.0000,0.0000,6,182.14,0.3550,-0.0707,11420.3,0.0,5.12362,9.88329,13.996,20.1883,27.63,33.9184,38.6171,43.9517,48.7683,54.7752,62.4751,72.7002,94.3254,142.946,200.0,158.046,58.7922,31.5178,12.4052
44.548,-0.0000,1.0000,0.0000,6,182.58,0.3659,-0.0700,11445.1,0.0,5.04019,9.73196,13.792,19.916,27.2929,33.5414,38.2192,43.5392,48.3511,54.3635,62.0888,72.3798,94.2656,144.082,200.0,157.279,58.9823,31.6916,12.4951
44.566,-0.0000,1.0000,0.0000,6,183.01,0.3770,-0.0696,11470.5,0.0,4.95385,9.57188,13.5723,19.6138,26.9034,33.0882,37.7245,43.0039,47.7849,53.7667,61.4657,71.7444,93.6908,144.09,200.0,157.16,59.266,31.8941,12.59
44.592,-0.0000,1.0000,0.0000,6,183.44,0.3883,-0.0693,11495.7,0.0,4.86523,9.40497,13.3403,19.2885,26.4735,32.5765,37.1555,42.374,47.1038,53.0269,60.659,70.8637,92.711,143.188,200.0,157.522,59.6213,32.1189,12.6889
44.610,-0.0000,1.0000,0.0000,6,183.87,0.3998,-0.0691,11520.5,0.0,4.77489,9.23314,13.0996,18.9469,26.0151,32.0232,36.5338,41.677,46.3413,52.1856,59.7219,69.8085,91.4414,141.624,200.0,158.217,60.0274,32.3596,12.7907
44.629,-0.0000,1.0000,0.0000,6,184.29,0.4113,-0.0689,11546.2,0.0,4.68341,9.05794,12.8529,18.594,25.537,31.4414,35.8758,40.9338,45.5224,51.2741,58.6944,68.632,89.969,139.591,200.0,159.144,60.469,32.6116,12.8945
44.647,-0.0000,1.0000,0.0000,6,184.72,0.4230,-0.0689,11572.3,0.0,4.59093,8.88004,12.6015,18.2325,25.044,30.8382,35.1907,40.1563,44.6619,50.3107,57.6004,67.3664,88.3483,137.216,200.0,160.243,60.9377,32.8723,13.0
44.667,-0.2685,1.0000,0.0000,6,185.14,0.4347,-0.0688,11598.4,0.0,4.49782,8.70037,12.347,17.8652,24.5412,30.2207,34.4875,39.3557,43.7734,49.3125,56.4614,66.0404,86.6267,134.604,200.0,161.463,61.4252,33.1389,13.1065
44.691,-0.5053,1.0000,0.0000,6,185.54,0.4462,-0.0658,11625.9,0.0,4.41806,8.58491,12.2255,17.7803,24.5751,30.4212,34.8533,39.9529,44.6204,50.527,58.2411,68.7412,91.9648,149.849,200.0,154.032,60.622,33.033,13.1658
44.710,-0.2085,1.0000,0.0000,6,185.85,0.4568,-0.0554,11663.1,0.0,4.37397,8.6353,12.4506,18.4484,26.0912,32.9534,38.343,44.755,50.8315,58.8223,69.8005,85.8247,126.497,200.0,200.0,131.076,56.982,32.0547,13.1074
44.729,-0.0000,1.0000,0.0000,6,186.12,0.4659,-0.0401,11705.7,0.0,4.3603,8.82224,12.9753,19.8338,29.2128,38.3144,45.9659,55.7096,65.657,79.9363,102.163,141.525,200.0,200.0,200.0,107.285,52.1892,30.6039,12.9693
44.748,-0.0000,1.0000,0.0000,6,186.45,0.4740,-0.0264,11730.5,0.0,4.34997,9.00584,13.5049,21.315,32.8389,45.0742,56.2729,71.9193,89.7531,119.36,178.134,200.0,200.0,200.0,200.0,92.5268,48.5994,29.4351,12.8514
44.773,-0.0000,1.0000,0.0000,6,186.87,0.4813,-0.0200,11734.6,0.0,4.31638,9.0381,13.6879,21.973,34.7193,48.9812,62.7465,83.2255,108.539,155.998,200.0,200.0,200.0,200.0,178.324,87.097,47.1853,28.9838,12.8274
44.791,-0.0000,1.0000,0.0000,6,187.30,0.4877,-0.0175,11743.1,0.0,4.27289,8.98648,13.6628,22.0825,35.2591,50.3328,65.2236,88.0245,117.334,175.924,200.0,200.0,200.0,200.0,170.621,85.4115,46.7859,28.8878,12.8501
44.810,-0.0000,1.0000,0.0000,6,187.72,0.4934,-0.0170,11758.7,0.0,4.22718,8.89757,13.5374,21.9078,35.0495,50.1467,65.1279,88.1974,118.086,178.635,200.0,200.0,200.0,200.0,169.794,85.3679,46.8552,28.9578,12.8933
44.829,-0.0000,1.0000,0.0000,6,188.15,0.4985,-0.0174,11780.6,0.0,4.18297,8.79795,13.377,21.6228,34.5306,49.3018,63.8991,86.2608,115.024,172.583,200.0,200.0,200.0,200.0,171.737,86.001,47.1165,29.0941,12.9429
44.848,-0.0000,1.0000,0.0000,6,188.56,0.5032,-0.0181,11806.2,0.0,4.14147,8.70021,13.2143,21.3199,33.9486,48.3118,62.4139,83.8414,111.095,164.619,200.0,200.0,200.0,200.0,174.514,86.8248,47.4272,29.2451,12.9922
44.866,-0.0000,1.0000,0.0000,6,188.97,0.5075,-0.0188,11833.1,0.0,4.10303,8.60958,13.0633,21.0389,33.4097,47.398,61.0485,81.633,107.545,157.573,200.0,200.0,200.0,200.0,177.226,87.6153,47.7222,29.3874,13.0381
44.891,-0.0000,1.0000,0.0000,6,189.39,0.5116,-0.0193,11859.3,0.0,4.06696,8.52595,12.9258,20.7876,32.9378,46.613,59.8931,79.7988,104.653,152.009,200.0,200.0,200.0,200.0,179.552,88.2996,47.9821,29.515,13.0806
44.910,-0.0000,1.0000,0.0000,6,189.80,0.5155,-0.0197,11884.8,0.0,4.0326,8.44794,12.7995,20.5621,32.5264,45.9451,58.9284,78.3022,102.346,147.716,200.0,200.0,200.0,200.0,181.456,88.8744,48.2074,29.6287,13.1201
44.929,-0.0000,1.0000,0.0000,6,190.21,0.5193,-0.0200,11909.8,0.0,3.99943,8.37405,12.6817,20.3564,32.1615,45.3675,58.1106,77.0636,100.482,144.362,200.0,200.0,200.0,200.0,183.002,89.3583,48.4047,29.7313,13.1575
44.948,-0.0000,1.0000,0.0000,6,190.62,0.5231,-0.0202,11934.4,0.0,3.96711,8.30315,12.57,20.1651,31.8306,44.8555,57.3992,76.0107,98.9335,141.667,200.0,200.0,200.0,200.0,184.27,89.7733,48.581,29.8257,13.1933
44.966,-0.0000,1.0000,0.0000,6,191.03,0.5269,-0.0204,11958.9,0.0,3.93529,8.23416,12.4624,19.9836,31.5228,44.3884,56.7605,75.0846,97.5998,139.416,200.0,200.0,200.0,200.0,185.338,90.1394,48.7425,29.9144,13.228
44.991,-0.0000,1.0000,0.0000,6,191.44,0.5306,-0.0205,11983.3,0.0,3.90374,8.16632,12.3573,19.8083,31.2301,43.951,56.1703,74.2433,96.4096,137.461,200.0,200.0,200.0,200.0,186.268,90.4721,48.8941,29.9995,13.2622
45.010,-0.0000,1.0000,0.0000,6,191.85,0.5343,-0.0206,12007.5,0.0,3.87243,8.0994,12.2541,19.6377,30.9486,43.5352,55.6149,73.4624,95.3212,135.713,200.0,200.0,200.0,200.0,187.098,90.7805,49.0385,30.0817,13.2958
45.029,-0.0000,1.0000,0.0000,6,192.25,0.5381,-0.0207,12032.7,0.0,3.8411,8.03273,12.1518,19.4694,30.6733,43.1323,55.081,72.7197,94.2981,134.101,200.0,200.0,200.0,200.0,187.86,91.0733,49.1785,30.1624,13.3292
45.048,-0.0000,1.0000,0.0000,6,192.66,0.5418,-0.0207,12057.3,0.0,3.80987,7.96647,12.0502,19.3033,30.403,42.7391,54.5629,72.0045,93.3212,132.582,200.0,200.0,200.0,200.0,188.576,91.3551,49.3152,30.2419,13.3625
45.066,-0.0000,1.0000,0.0000,6,193.06,0.5455,-0.0208,12081.4,0.0,3.77866,7.90041,11.9493,19.1385,30.1364,42.3531,54.0565,71.3098,92.379,131.134,200.0,200.0,200.0,200.0,189.258,91.6285,49.4496,30.3205,13.3956
45.091,-0.0000,1.0000,0.0000,6,193.47,0.5493,-0.0208,12105.6,0.0,3.74736,7.83426,11.8483,18.9741,29.8713,41.971,53.557,70.6279,91.4595,129.734,200.0,200.0,200.0,200.0,189.914,91.8967,49.5826,30.3988,13.4288
45.110,-0.0000,1.0000,0.0000,6,193.87,0.5530,-0.0209,12129.7,0.0,3.71589,7.76784,11.747,18.8096,29.6068,41.5907,53.0612,69.9538,90.5545,128.367,200.0,200.0,200.0,200.0,190.555,92.1618,49.7151,30.477,13.462
45.129,-0.0000,1.0000,0.0000,6,194.27,0.5568,-0.0209,12154.0,0.0,3.68436,7.70136,11.6457,18.6453,29.3432,41.2127,52.5696,69.2873,89.6629,127.028,200.0,200.0,200.0,200.0,191.182,92.4239,49.8469,30.5551,13.4953
45.148,-0.0000,1.0000,0.0000,6,194.67,0.5606,-0.0210,12178.2,0.0,3.65269,7.63463,11.5441,18.4807,29.0796,40.8354,52.0796,68.6247,88.779,125.707,200.0,200.0,200.0,200.0,191.8,92.6846,49.9786,30.6333,13.5288
45.167,-0.0000,1.0000,0.0000,6,195.07,0.5644,-0.0210,12204.9,0.0,3.62105,7.56802,11.4427,18.3167,28.8174,40.4607,51.5938,67.9694,87.9072,124.411,200.0,200.0,200.0,200.0,192.407,92.9426,50.1094,30.7111,13.5622
45.191,-0.0000,1.0000,0.0000,6,195.47,0.5682,-0.0210,12229.1,0.0,3.58933,7.50127,11.3412,18.1524,28.5548,40.0855,51.1077,67.3139,87.0356,123.116,200.0,200.0,200.0,200.0,193.016,93.2011,50.2406,30.7891,13.5956
45.210,-0.0000,1.0000,0.0000,6,195.87,0.5720,-0.0211,12252.8,0.0,3.55737,7.43401,11.2389,17.987,28.2904,39.7082,50.6189,66.6553,86.1609,121.818,200.0,200.0,200.0,200.0,193.628,93.4615,50.3726,30.8678,13.6293
45.229,-0.0000,1.0000,0.0000,6,196.26,0.5758,-0.0211,12276.2,0.0,3.52541,7.36679,11.1367,17.8218,28.0269,39.3325,50.1328,66.0015,85.294,120.537,200.0,200.0,200.0,200.0,194.233,93.7201,50.5043,30.9462,13.663
45.248,-0.0000,1.0000,0.0000,6,196.66,0.5797,-0.0211,12299.4,0.0,3.49339,7.29946,11.0343,17.6566,27.7634,38.9572,49.6477,65.3498,84.4314,119.265,200.0,200.0,200.0,200.0,194.834,93.9782,50.6358,31.0247,13.6968
45.273,-0.0000,1.0000,0.0000,6,197.06,0.5836,-0.0212,12322.9,0.0,3.46114,7.2317,10.9314,17.4904,27.4988,38.5807,49.1616,64.6977,83.5698,117.998,200.0,200.0,200.0,200.0,195.432,94.2364,50.7679,31.1036,13.7307
45.292,-0.0000,1.0000,0.0000,6,197.45,0.5874,-0.0212,12346.5,0.0,3.42887,7.16392,10.8285,17.3245,27.2349,38.2057,48.6781,64.0504,82.7164,116.749,198.389,200.0,200.0,200.0,196.022,94.4926,50.8994,31.1824,13.7647
45.310,-0.0000,1.0000,0.0000,6,197.84,0.5913,-0.0212,12374.3,0.0,3.39653,7.09602,10.7254,17.1583,26.9708,37.8308,48.1949,63.4041,81.8653,115.505,196.103,200.0,200.0,200.0,196.609,94.7486,51.031,31.2612,13.7987
45.329,-0.0000,1.0000,0.0000,6,198.23,0.5952,-0.0213,12397.5,0.0,3.36406,7.02782,10.6219,16.9914,26.7053,37.4536,47.7086,62.7532,81.0074,114.25,193.79,200.0,200.0,200.0,197.206,95.0074,51.1636,31.3405,13.8329
45.348,-0.0000,1.0000,0.0000,6,198.62,0.5991,-0.0213,12420.4,0.0,3.33152,6.95952,10.5182,16.8244,26.44,37.077,47.2236,62.105,80.1546,113.006,191.512,200.0,200.0,200.0,197.798,95.2651,51.2961,31.4199,13.8672
45.367,-0.0000,1.0000,0.0000,6,199.01,0.6030,-0.0213,12443.1,0.0,3.29885,6.89098,10.4142,16.6569,26.1742,36.7002,46.7388,61.4579,79.3044,111.769,189.262,200.0,200.0,200.0,198.385,95.5224,51.4286,31.4994,13.9016
45.391,-0.0000,1.0000,0.0000,6,199.40,0.6070,-0.0213,12465.7,0.0,3.26612,6.82233,10.3101,16.4894,25.9085,36.3239,46.2549,60.8129,78.4584,110.542,187.041,200.0,200.0,200.0,198.967,95.7786,51.561,31.5789,13.936
45.410,-0.0000,1.0000,0.0000,6,199.79,0.6109,-0.0214,12488.7,0.0,3.23323,6.75338,10.2056,16.3213,25.6422,35.9472,45.7712,60.1691,77.6157,109.323,184.854,200.0,200.0,200.0,199.542,96.034,51.6935,31.6586,13.9705
45.429,-0.0000,1.0000,0.0000,6,200.18,0.6149,-0.0214,12511.9,0.0,3.20044,6.68467,10.1014,16.154,25.3775,35.5734,45.2919,59.5324,76.7841,108.126,182.723,200.0,200.0,200.0,199.681,96.2859,51.8248,31.7378,14.005
45.448,-0.0000,1.0000,0.0000,6,200.56,0.6188,-0.0214,12541.0,0.0,3.16733,6.6153,9.99634,15.9851,25.1105,35.1962,44.8082,58.8901,75.9454,106.918,180.577,200.0,200.0,200.0,199.454,96.5403,51.9574,31.8178,14.0397
45.467,-0.0000,1.0000,0.0000,6,200.94,0.6228,-0.0214,12563.1,0.0,3.13427,6.54603,9.89137,15.8165,24.8436,34.8193,44.3247,58.2478,75.1064,105.71,178.427,200.0,200.0,200.0,199.065,96.7955,52.0901,31.8977,14.0745
45.492,-0.0000,1.0000,0.0000,6,201.33,0.6268,-0.0214,12585.3,0.0,3.10113,6.47662,9.78621,15.6476,24.5765,34.4421,43.8412,57.6059,74.2685,104.505,176.289,200.0,200.0,200.0,198.577,97.0505,52.2229,31.9778,14.1093
45.511,-0.1449,1.0000,0.0000,6,201.71,0.6308,-0.0214,12607.3,0.0,3.06781,6.40685,9.68055,15.478,24.3085,34.0641,43.3571,56.9641,73.4323,103.305,174.175,200.0,200.0,200.0,198.019,97.305,52.3559,32.0582,14.1442
45.529,-0.1943,1.0000,0.0000,6,202.08,0.6345,-0.0186,12630.2,0.0,3.04518,6.39162,9.7004,15.6295,24.836,35.2608,45.4487,60.8398,80.2621,117.913,200.0,200.0,200.0,200.0,191.575,94.856,51.702,31.8486,14.1346
45.548,-0.0000,1.0000,0.0000,6,202.41,0.6374,-0.0099,12660.1,0.0,3.04682,6.49571,9.99772,16.5169,27.3102,40.6327,54.9442,79.4394,116.572,200.0,200.0,200.0,200.0,200.0,164.179,87.7176,49.5724,31.0742,14.0338
45.567,-0.0000,1.0000,0.0000,6,202.75,0.6394,-0.0005,12691.5,0.0,3.05844,6.6364,10.3826,17.6828,30.7992,49.0461,71.7339,120.545,200.0,200.0,200.0,200.0,200.0,200.0,142.019,81.0398,47.4208,30.2564,13.9175
45.592,-0.0000,1.0000,0.0000,6,203.12,0.6409,0.0038,12710.7,0.0,3.0586,6.69151,10.551,18.2425,32.6575,54.0915,83.2628,157.708,200.0,200.0,200.0,200.0,200.0,196.022,133.883,78.3678,46.5245,29.9117,13.8711
45.610,-0.0000,1.0000,0.0000,6,203.51,0.6419,0.0053,12726.8,0.0,3.05469,6.7031,10.6,18.4313,33.3477,56.1238,88.3239,177.422,200.0,200.0,200.0,200.0,200.0,193.701,131.203,77.4668,46.2221,29.7976,13.8584
45.629,-0.0000,1.0000,0.0000,6,203.89,0.6425,0.0056,12745.1,0.0,3.05093,6.69874,10.599,18.4499,33.4509,56.4766,89.2806,181.613,200.0,200.0,200.0,200.0,200.0,192.578,130.731,77.3132,46.1745,29.7823,13.8589
45.648,-0.0000,1.0000,0.0000,6,204.27,0.6426,0.0054,12764.7,0.0,3.04891,6.69156,10.5834,18.4085,33.3269,56.1409,88.4672,178.359,200.0,200.0,200.0,200.0,200.0,191.945,131.108,77.4474,46.2235,29.8031,13.8632
45.667,-0.0000,1.0000,0.0000,6,204.65,0.6425,0.0051,12785.2,0.0,3.04866,6.68648,10.5685,18.3589,33.1564,55.6479,87.2353,173.374,200.0,200.0,200.0,200.0,199.713,191.393,131.71,77.6541,46.2948,29.831,13.8671
45.691,-0.0000,1.0000,0.0000,6,205.03,0.6422,0.0047,12806.7,0.0,3.05023,6.68554,10.5603,18.322,33.0127,55.2117,86.1261,168.907,200.0,200.0,200.0,200.0,198.808,190.784,132.281,77.8453,46.3581,29.8543,13.8692
45.710,-0.0000,1.0000,0.0000,6,205.41,0.6418,0.0045,12826.5,0.0,3.05317,6.68834,10.5592,18.3013,32.9123,54.8853,85.2753,165.47,200.0,200.0,200.0,200.0,197.869,190.092,132.743,77.9954,46.4053,29.8701,13.8693
45.729,-0.0000,1.0000,0.0000,6,205.78,0.6412,0.0042,12848.8,0.0,3.05714,6.69422,10.5642,18.2955,32.853,54.6649,84.6731,162.988,200.0,200.0,200.0,200.0,196.897,189.326,133.089,78.1032,46.4365,29.8788,13.8677
45.748,-0.0000,1.0000,0.0000,6,206.16,0.6406,0.0041,12872.5,0.0,3.06183,6.70242,10.574,18.3019,32.8292,54.5374,84.2895,161.322,200.0,200.0,200.0,200.0,195.894,188.498,133.325,78.1721,46.4533,29.8814,13.8647
45.766,-0.0000,1.0000,0.0000,6,206.53,0.6400,0.0040,12896.8,0.0,3.06708,6.71247,10.5877,18.3182,32.8338,54.4843,84.0792,160.287,200.0,200.0,200.0,199.264,194.867,187.623,133.472,78.2091,46.4585,29.8789,13.8607
45.792,-0.0000,1.0000,0.0000,6,206.90,0.6393,0.0039,12920.8,0.0,3.07256,6.72352,10.6037,18.3411,32.8588,54.4864,83.9993,159.729,200.0,200.0,200.0,198.171,193.821,186.711,133.548,78.2218,46.455,29.8729,13.856
45.810,-0.0000,1.0000,0.0000,6,207.27,0.6386,0.0039,12943.6,0.0,3.0783,6.73551,10.6218,18.3693,32.8996,54.5296,84.0149,159.51,200.0,200.0,199.621,197.067,192.761,185.773,133.572,78.2163,46.445,29.8642,13.8508
45.829,-0.0000,1.0000,0.0000,6,207.65,0.6379,0.0038,12960.5,0.0,3.08431,6.7483,10.6414,18.4014,32.9509,54.5996,84.0911,159.501,200.0,200.0,198.49,195.956,191.691,184.817,133.564,78.1992,46.4307,29.8535,13.8451
45.848,-0.0000,1.0000,0.0000,6,208.02,0.6372,0.0038,12979.0,0.0,3.09041,6.76139,10.6617,18.4353,33.0076,54.6839,84.2004,159.61,200.0,199.572,197.353,194.839,190.614,183.849,133.538,78.1758,46.414,29.8419,13.8393
45.873,-0.0000,1.0000,0.0000,6,208.39,0.6365,0.0038,13002.6,0.0,3.09656,6.7747,10.6824,18.4704,33.0679,54.7773,84.3309,159.792,200.0,198.418,196.214,193.718,189.533,182.872,133.499,78.1484,46.3959,29.8296,13.8333
45.892,-0.0000,1.0000,0.0000,6,208.75,0.6357,0.0038,13028.3,0.0,3.1027,6.78805,10.7033,18.506,33.1299,54.8757,84.4734,160.019,199.223,197.262,195.071,192.594,188.448,181.888,133.454,78.1186,46.3771,29.8171,13.8273
45.911,-0.0000,1.0000,0.0000,6,209.11,0.6350,0.0038,13054.4,0.0,3.10897,6.80169,10.7247,18.5427,33.1945,54.9802,84.6288,160.287,198.053,196.102,193.925,191.466,187.359,180.898,133.403,78.0863,46.3572,29.804,13.8211
45.929,-0.0000,1.0000,0.0000,6,209.48,0.6343,0.0038,13078.6,0.0,3.11525,6.81539,10.7463,18.5798,33.2603,55.0877,84.7912,160.58,196.879,194.939,192.777,190.336,186.267,179.901,133.347,78.0527,46.3368,29.7908,13.8149
45.948,-0.0000,1.0000,0.0000,6,209.84,0.6335,0.0038,13100.0,0.0,3.12148,6.82901,10.7677,18.6167,33.3258,55.1948,84.9534,160.874,195.704,193.775,191.627,189.204,185.173,178.901,133.292,78.0192,46.3166,29.7777,13.8088
45.973,-0.0000,1.0000,0.0000,6,210.21,0.6328,0.0038,13118.1,0.0,3.12778,6.84277,10.7894,18.6542,33.3929,55.3058,85.1239,161.195,194.526,192.608,190.473,188.069,184.075,177.895,133.232,77.984,46.2957,29.7642,13.8025
45.991,-0.0000,1.0000,0.0000,6,210.57,0.6320,0.0038,13140.9,0.0,3.13411,6.85663,10.8113,18.692,33.4605,55.4179,85.2964,161.522,193.346,191.439,189.318,186.932,182.976,176.884,133.171,77.9485,46.2746,29.7506,13.7962
46.011,-0.0000,1.0000,0.0000,6,210.94,0.6313,0.0038,13164.6,0.0,3.14038,6.87033,10.8329,18.7293,33.5274,55.5285,85.4668,161.844,192.165,190.268,188.161,185.793,181.874,175.87,133.111,77.9134,46.2537,29.7372,13.79
46.029,-0.0000,1.0000,0.0000,6,211.30,0.6306,0.0038,13188.4,0.0,3.14668,6.88412,10.8546,18.7669,33.5947,55.64,85.6384,162.169,190.981,189.095,187.002,184.652,180.77,174.852,133.051,77.878,46.2327,29.7238,13.7837
46.048,-0.0000,1.0000,0.0000,6,211.66,0.6298,0.0038,13211.3,0.0,3.15298,6.89792,10.8764,18.8045,33.662,55.7515,85.81,162.494,189.795,187.921,185.841,183.509,179.664,173.831,132.991,77.8427,46.2118,29.7103,13.7775
46.067,-0.0000,1.0000,0.0000,6,212.02,0.6291,0.0038,13233.5,0.0,3.15926,6.91164,10.898,18.8419,33.7289,55.8624,85.9807,190.3,188.607,186.744,184.678,182.364,178.555,172.805,132.931,77.8075,46.1909,29.6968,13.7713
46.092,-0.0000,1.0000,0.0000,6,212.38,0.6283,0.0038,13254.2,0.0,3.16563,6.92559,10.92,18.88,33.797,55.9752,86.1542,189.101,187.417,185.565,183.513,181.217,177.445,171.776,132.869,77.7717,46.1696,29.6832,13.7649
46.111,-0.0000,1.0000,0.0000,6,212.74,0.6276,0.0038,13276.0,0.0,3.172,6.93951,10.9419,18.9179,33.8649,56.0877,86.3273,187.9,186.225,184.384,182.346,180.068,176.332,170.743,132.809,77.736,46.1485,29.6696,13.7586
46.129,-0.0000,1.0000,0.0000,6,213.09,0.6269,0.0038,13297.9,0.0,3.17828,6.95325,10.9636,18.9554,33.932,56.1988,86.4983,186.697,185.031,183.201,181.177,178.917,175.217,169.707,132.748,77.7008,46.1276,29.6561,13.7524
46.148,-0.0000,1.0000,0.0000,6,213.45,0.6261,0.0038,13319.8,0.0,3.18467,6.96723,10.9856,18.9935,34.0002,56.3117,86.6722,185.492,183.835,182.016,180.006,177.764,174.1,168.667,132.687,77.665,46.1063,29.6425,13.746
46.167,-0.0000,1.0000,0.0000,6,213.81,0.6253,0.0038,13341.8,0.0,3.19112,6.98134,11.0079,19.0319,34.0691,56.4258,86.8478,184.285,182.636,180.829,178.833,176.609,172.98,167.623,132.625,77.6288,46.0848,29.6287,13.7396
46.192,-0.0000,1.0000,0.0000,6,214.16,0.6246,0.0038,13363.7,0.0,3.19747,6.99525,11.0298,19.0698,34.1369,56.5382,87.0207,183.076,181.436,179.64,177.658,175.452,171.859,166.576,132.564,77.5932,46.0637,29.615,13.7333
46.211,-0.0000,1.0000,0.0000,6,214.52,0.6239,0.0038,13388.8,0.0,3.20387,7.00924,11.0519,19.108,34.2053,56.6513,87.1949,181.865,180.234,178.449,176.482,174.293,170.735,165.526,132.503,77.5573,46.0424,29.6014,13.727
46.229,-0.0000,1.0000,0.0000,6,214.87,0.6231,0.0038,13409.5,0.0,3.21025,7.0232,11.0739,19.146,34.2734,56.7641,87.3685,180.651,179.03,177.256,175.303,173.132,169.609,164.473,132.442,77.5215,46.0211,29.5877,13.7207
46.248,-0.0000,1.0000,0.0000,6,215.23,0.6223,0.0038,13430.3,0.0,3.21668,7.03726,11.0961,19.1844,34.342,56.8777,87.5434,179.436,177.824,176.061,174.122,171.969,168.481,163.416,132.38,77.4855,45.9997,29.5739,13.7143
46.266,-0.0000,1.0000,0.0000,6,215.58,0.6216,0.0038,13450.8,0.0,3.22308,7.05128,11.1182,19.2226,34.4104,56.991,87.7178,178.219,176.616,174.864,172.939,170.804,167.351,162.356,132.319,77.4496,45.9784,29.5602,13.7079
46.292,-0.0000,1.0000,0.0000,6,215.94,0.6208,0.0038,13471.6,0.0,3.22949,7.06529,11.1403,19.2608,34.4788,57.1043,87.8921,177.0,175.406,173.666,171.755,169.637,166.218,161.292,132.258,77.4136,45.9571,29.5465,13.7016
46.310,-0.0000,1.0000,0.0000,6,216.29,0.6201,0.0038,13492.6,0.0,3.23586,7.07923,11.1622,19.2988,34.5468,57.217,88.0655,175.779,174.194,172.465,170.568,168.468,165.084,160.226,132.197,77.3779,45.9359,29.5329,13.6952
46.329,-0.0000,1.0000,0.0000,6,216.63,0.6193,0.0038,13522.5,0.0,3.24234,7.0934,11.1846,19.3374,34.616,57.3315,88.2418,174.555,172.98,171.262,169.379,167.298,163.947,159.157,132.135,77.3416,45.9143,29.519,13.6888
46.348,-0.0000,1.0000,0.0000,6,216.98,0.6186,0.0038,13541.6,0.0,3.24886,7.10767,11.2071,19.3763,34.6856,57.4468,88.4192,173.33,171.764,170.058,168.189,166.125,162.808,158.084,132.072,77.305,45.8926,29.5051,13.6823
46.367,-0.0000,1.0000,0.0000,6,217.34,0.6178,0.0038,13560.7,0.0,3.25536,7.12189,11.2295,19.4151,34.755,57.5617,88.5961,172.103,170.546,168.851,166.997,164.95,161.667,157.008,132.01,77.2686,45.871,29.4912,13.6759
46.392,-0.0000,1.0000,0.0000,6,217.69,0.6170,0.0038,13580.0,0.0,3.26185,7.13608,11.2519,19.4538,34.8242,57.6764,88.7726,170.874,169.326,167.643,165.802,163.773,160.524,155.93,131.948,77.2322,45.8494,29.4773,13.6695
46.411,-0.0000,1.0000,0.0000,6,218.04,0.6163,0.0038,13599.7,0.0,3.26846,7.15054,11.2747,19.4932,34.8948,57.7933,88.9525,169.642,168.104,166.432,164.606,162.594,159.379,154.848,131.884,77.1952,45.8274,29.4631,13.6629
46.429,-0.0000,1.0000,0.0000,6,218.39,0.6155,0.0038,13620.1,0.0,3.27503,7.16491,11.2973,19.5324,34.9649,57.9095,89.1314,168.409,166.88,165.22,163.407,161.413,158.232,153.763,131.821,77.1583,45.8055,29.4491,13.6564
46.448,-0.0000,1.0000,0.0000,6,218.72,0.6147,0.0038,13654.9,0.0,3.28158,7.17925,11.3199,19.5714,35.0349,58.0253,89.3097,167.173,165.654,164.005,162.207,160.231,157.082,152.675,131.759,77.1216,45.7837,29.4351,13.6499
46.467,-0.0000,1.0000,0.0000,6,219.07,0.6140,0.0038,13672.4,0.0,3.28811,7.19354,11.3425,19.6104,35.1046,58.1409,89.4875,165.936,164.426,162.789,161.005,159.046,155.931,151.584,131.696,77.0849,45.7619,29.4211,13.6434
46.492,-0.0000,1.0000,0.0000,6,219.42,0.6132,0.0038,13689.8,0.0,3.29463,7.2078,11.365,19.6493,35.1742,58.2561,89.6648,164.697,163.197,161.571,159.801,157.86,154.777,150.491,131.634,77.0484,45.7402,29.4071,13.6369
46.511,-0.0000,1.0000,0.0000,6,219.77,0.6124,0.0038,13707.8,0.0,3.30125,7.22228,11.3878,19.6888,35.2449,58.3731,89.845,163.455,161.965,160.351,158.595,156.671,153.621,149.395,131.57,77.0113,45.7182,29.393,13.6303
46.529,-0.0000,1.0000,0.0000,6,220.12,0.6116,0.0038,13726.6,0.0,3.30781,7.23663,11.4104,19.7279,35.3149,58.4891,90.0235,162.212,160.731,159.129,157.387,155.481,152.463,148.295,131.507,76.9745,45.6964,29.3789,13.6238
46.548,-0.0000,1.0000,0.0000,6,220.47,0.6109,0.0038,13746.3,0.0,3.31439,7.25104,11.4331,19.7672,35.3852,58.6055,90.2027,160.967,159.496,157.905,156.178,154.289,151.304,147.193,131.444,76.9376,45.6744,29.3648,13.6173
46.567,-0.0000,1.0000,0.0000,6,220.79,0.6101,0.0038,13786.2,0.0,3.32102,7.26553,11.456,19.8067,35.4559,58.7227,90.383,159.72,158.258,156.679,154.966,153.095,150.142,146.088,131.381,76.9004,45.6524,29.3506,13.6107
46.591,-0.0000,1.0000,0.0000,6,221.14,0.6093,0.0038,13801.4,0.0,3.32762,7.27998,11.4788,19.8461,35.5264,58.8395,90.5628,158.471,157.019,155.452,153.752,151.898,148.978,144.981,131.244,76.8634,45.6304,29.3365,13.6042
46.611,-0.0000,1.0000,0.0000,6,221.49,0.6086,0.0038,13817.3,0.0,3.33421,7.29439,11.5015,19.8853,35.5968,58.9559,90.742,157.219,155.777,154.222,152.537,150.701,147.812,143.871,130.864,76.8264,45.6085,29.3224,13.5976
46.630,-0.0000,1.0000,0.0000,6,221.84,0.6078,0.0038,13834.1,0.0,3.34084,7.30889,11.5244,19.9249,35.6676,59.0732,90.9225,155.966,154.534,152.99,151.32,149.501,146.643,142.758,130.344,76.7893,45.5864,29.3082,13.5911
46.648,-0.0000,1.0000,0.0000,6,222.18,0.6070,0.0038,13852.0,0.0,3.34753,7.32354,11.5475,19.9648,35.739,59.1916,91.1047,154.711,153.288,151.757,150.1,148.298,145.473,141.641,129.735,76.7517,45.5641,29.2939,13.5844
46.667,-0.0000,1.0000,0.0000,6,222.52,0.6062,0.0038,13874.4,0.0,3.35419,7.3381,11.5704,20.0045,35.8101,59.3093,91.2859,153.454,152.041,150.521,148.879,147.095,144.3,140.523,129.062,76.7144,45.542,29.2796,13.5778
46.692,-0.0000,1.0000,0.0000,6,222.84,0.6054,0.0038,13915.9,0.0,3.36083,7.35262,11.5933,20.0441,35.8809,59.4266,91.4664,152.195,150.792,149.284,147.656,145.889,143.126,139.402,128.342,76.6772,45.5199,29.2654,13.5712
46.711,-0.0000,1.0000,0.0000,6,223.19,0.6046,0.0038,13928.6,0.0,3.3675,7.36722,11.6163,20.0839,35.9522,59.5446,91.6481,150.934,149.541,148.045,146.431,144.681,141.95,138.278,127.583,76.6398,45.4977,29.2512,13.5646
46.730,-0.0000,1.0000,0.0000,6,223.54,0.6039,0.0038,13943.2,0.0,3.37416,7.38179,11.6393,20.1236,36.0233,59.6623,91.8293,149.671,148.288,146.804,145.205,143.472,140.771,137.151,126.793,76.6024,45.4755,29.2369,13.558
46.748,-0.0000,1.0000,0.0000,6,223.88,0.6031,0.0038,13958.8,0.0,3.38086,7.39645,11.6624,20.1636,36.0948,59.7808,92.0116,148.406,147.033,145.561,143.976,142.26,139.591,136.022,125.976,76.5648,45.4532,29.2226,13.5513
46.767,-0.0000,1.0000,0.0000,6,224.23,0.6023,0.0038,13976.1,0.0,3.38756,7.41111,11.6855,20.2035,36.1663,59.8993,92.194,147.139,145.777,144.316,142.745,141.047,138.408,134.891,125.136,76.5273,45.4309,29.2082,13.5447
46.792,-0.0000,1.0000,0.0000,6,224.55,0.6015,0.0038,14011.6,0.0,3.39434,7.42595,11.7089,20.244,36.2388,60.0193,92.3787,145.87,144.518,143.07,141.513,139.832,137.223,133.756,124.276,76.4892,45.4083,29.1937,13.538
46.811,-0.0000,1.0000,0.0000,6,224.87,0.6007,0.0038,14043.8,0.0,3.40105,7.44061,11.732,20.284,36.3103,60.1378,92.561,144.6,143.257,141.821,140.279,138.615,136.037,132.619,123.398,76.4517,45.386,29.1794,13.5313
46.829,-0.0000,1.0000,0.0000,6,225.22,0.5999,0.0038,14053.9,0.0,3.40773,7.45523,11.7551,20.3238,36.3817,60.2559,92.7429,143.327,141.995,140.571,139.043,137.396,134.848,131.48,122.504,76.4142,45.3637,29.1651,13.5247
46.848,-0.0000,1.0000,0.0000,6,225.57,0.5991,0.0038,14067.4,0.0,3.41445,7.46994,11.7783,20.3639,36.4535,60.3749,92.9259,142.052,140.73,139.318,137.805,136.175,133.657,130.338,121.595,76.3765,45.3414,29.1507,13.518
46.867,-0.0000,1.0000,0.0000,6,225.91,0.5983,0.0038,14082.1,0.0,3.42122,7.48475,11.8016,20.4043,36.5257,60.4945,93.1101,140.776,139.464,138.064,136.565,134.952,132.464,129.193,120.673,76.3385,45.3188,29.1362,13.5113
46.892,-0.0000,1.0000,0.0000,6,226.25,0.5975,0.0038,14098.8,0.0,3.42812,7.49988,11.8255,20.4458,36.6005,60.6197,93.3055,139.497,138.195,136.808,135.323,133.727,131.269,128.045,119.737,76.2986,45.2954,29.1213,13.5044
46.911,-0.0000,1.0000,0.0000,6,226.56,0.5967,0.0038,14146.4,0.0,3.43492,7.51479,11.8491,20.4867,36.6745,60.7437,93.4997,138.216,136.925,135.549,134.078,132.499,130.071,126.895,118.79,76.2589,45.2723,29.1065,13.4976
46.930,-0.0000,1.0000,0.0000,6,226.90,0.5959,0.0038,14167.0,0.0,3.44169,7.5296,11.8725,20.5271,36.7467,60.8634,93.684,136.933,135.653,134.29,132.833,131.271,128.873,125.743,117.834,76.221,45.2498,29.092,13.4909
46.948,-0.0000,1.0000,0.0000,6,227.24,0.5951,0.0038,14176.3,0.0,3.44851,7.54453,11.896,20.568,36.8203,60.9861,93.8746,135.649,134.379,133.028,131.586,130.04,127.672,124.588,116.867,76.1819,45.2268,29.0773,13.4841
46.967,-0.0000,1.0000,0.0000,6,227.58,0.5943,0.0038,14189.1,0.0,3.45531,7.55945,11.9196,20.609,36.8944,61.1105,94.0698,134.362,133.103,131.764,130.336,128.808,126.468,123.43,115.891,76.1421,45.2036,29.0626,13.4774
46.992,-0.0000,1.0000,0.0000,6,227.93,0.5935,0.0038,14203.2,0.0,3.46216,7.57451,11.9435,20.6506,36.9701,61.2391,94.2741,133.073,131.824,130.498,129.084,127.573,125.262,122.269,114.905,76.1008,45.1798,29.0475,13.4705
47.011,-0.0000,1.0000,0.0000,6,228.26,0.5927,0.0038,14219.7,0.0,3.46899,7.58959,11.9674,20.6926,37.0475,61.3723,94.4899,131.782,130.544,129.229,127.83,126.335,124.054,121.105,113.91,76.0576,45.1554,29.0323,13.4636
47.029,-0.0000,1.0000,0.0000,6,228.57,0.5919,0.0038,14265.7,0.0,3.47582,7.60468,11.9915,20.7349,37.1258,61.5083,94.7125,130.489,129.261,127.958,126.574,125.096,122.843,119.939,112.906,76.0134,45.1306,29.0169,13.4568
47.048,-0.0000,1.0000,0.0000,6,228.90,0.5911,0.0038,14284.0,0.0,3.48274,7.61989,12.0156,20.7771,37.2026,61.6392,94.9213,129.194,127.977,126.687,125.316,123.855,121.631,118.771,111.896,75.9713,45.1065,29.0016,13.4498
47.067,-0.0000,1.0000,0.0000,6,229.24,0.5903,0.0038,14295.0,0.0,3.48964,7.63511,12.0398,20.8195,37.2805,61.7731,95.1377,127.897,126.69,125.413,124.057,122.612,120.417,117.6,110.879,75.9281,45.082,28.9863,13.4429
47.092,-0.0000,1.0000,0.0000,6,229.58,0.5895,0.0038,14308.8,0.0,3.49659,7.65047,12.0642,20.8625,37.3601,61.9111,95.3632,126.598,125.402,124.137,122.795,121.367,119.2,116.426,109.854,75.8833,45.0569,28.9706,13.4359
47.111,-0.0000,1.0000,0.0000,6,229.92,0.5887,0.0039,14323.7,0.0,3.50353,7.66584,12.0887,20.9058,37.4408,62.0525,95.5972,125.296,124.111,122.859,121.531,120.12,117.981,115.25,108.822,75.8372,45.0313,28.9548,13.4289
47.130,-0.0000,1.0000,0.0000,6,230.25,0.5879,0.0039,14340.5,0.0,3.51052,7.68135,12.1135,20.9499,37.5235,62.1991,95.8429,123.993,122.818,121.578,120.265,118.87,116.76,114.07,107.783,75.7893,45.0051,28.9388,13.4218
47.148,-0.0000,1.0000,0.0000,6,230.55,0.5871,0.0039,14384.4,0.0,3.51755,7.69697,12.1385,20.9942,37.6069,62.347,124.218,122.687,121.524,120.296,118.997,117.619,115.536,112.888,106.738,75.7409,44.9787,28.9225,13.4147
47.167,-0.0000,0.0000,0.0000,6,230.89,0.5863,0.0039,14399.9,0.0,3.5245,7.71238,12.1631,21.0379,37.6888,62.4917,122.898,121.38,120.228,119.012,117.727,116.366,114.311,111.705,105.688,75.6937,44.9528,28.9066,13.4077
47.192,-0.0000,0.0000,0.0000,6,230.71,0.5854,0.0039,14059.7,0.0,3.53166,7.7286,12.1895,21.0863,37.7847,62.6733,121.574,120.069,118.927,117.724,116.454,115.109,113.082,110.515,104.627,75.6328,44.9219,28.8886,13.4002
47.211,-0.0000,0.0000,0.0000,6,230.21,0.5846,0.0040,14023.4,0.0,3.53912,7.7464,12.2198,21.1463,37.9175,62.9561,120.246,118.753,117.622,116.43,115.173,113.844,111.843,109.316,103.548,75.5341,44.8778,28.8652,13.3918
47.230,-0.0000,0.0000,0.0000,6,229.71,0.5838,0.0042,13992.6,0.0,3.54658,7.76473,12.2518,21.2119,38.0695,63.2936,118.916,117.436,116.314,115.135,113.891,112.577,110.602,108.112,102.461,75.4157,44.827,28.8392,13.3831
47.248,-0.0000,0.0000,0.0000,6,229.22,0.5830,0.0043,13962.3,0.0,3.55407,7.78334,12.2845,21.2798,38.2291,63.6529,117.588,116.12,115.008,113.84,112.61,111.311,109.362,106.909,101.371,75.2904,44.7737,28.8123,13.3743
47.267,-0.0000,0.0000,0.0000,6,228.73,0.5821,0.0045,13929.1,0.0,3.56178,7.80252,12.3182,21.35,38.3949,64.0281,116.263,114.806,113.705,112.548,111.331,110.048,108.124,105.708,100.279,75.1607,44.7187,28.7845,13.3652
47.292,-0.0000,0.0000,0.0000,6,228.24,0.5813,0.0046,13900.4,0.0,3.56965,7.82217,12.3529,21.4226,38.5674,64.421,114.939,113.494,112.403,111.258,110.055,108.786,106.887,104.507,99.1864,75.0262,44.6618,28.7558,13.3558
47.311,-0.0000,0.0000,0.0000,6,227.74,0.5804,0.0048,13871.7,0.0,3.5777,7.8422,12.3882,21.4961,38.7416,64.8173,113.618,112.186,111.105,109.972,108.781,107.528,105.654,103.31,98.0946,74.8922,44.6047,28.7269,13.3464
47.330,-0.0000,0.0000,0.0000,6,227.25,0.5795,0.0049,13842.6,0.0,3.58609,7.86287,12.4243,21.5707,38.9162,65.211,112.301,110.881,109.81,108.689,107.512,106.273,104.424,102.116,97.0047,74.7607,44.548,28.6979,13.3366
47.348,-0.0000,0.0000,0.0000,6,226.76,0.5785,0.0051,13813.5,0.0,3.59461,7.88368,12.4604,21.6444,39.0864,65.5911,110.988,109.581,108.52,107.41,106.247,105.024,103.2,100.927,95.9179,74.6354,44.4932,28.6695,13.3268
47.367,-0.0000,0.0000,0.0000,6,226.28,0.5776,0.0052,13784.3,0.0,3.60329,7.90467,12.4966,21.7174,39.253,65.9591,109.679,108.284,107.235,106.137,104.986,103.778,101.979,99.7424,94.8339,74.5156,44.4401,28.6415,13.317
47.392,-0.0000,0.0000,0.0000,6,225.80,0.5766,0.0053,13752.6,0.0,3.61222,7.9262,12.5336,21.7918,39.422,66.3316,108.373,106.991,105.952,104.866,103.729,102.536,100.762,98.5602,93.7504,74.3954,44.3864,28.6132,13.307
47.411,-0.0000,0.0000,0.0000,6,225.32,0.5756,0.0055,13724.1,0.0,3.62117,7.94786,12.5709,21.8673,39.5947,66.715,107.069,105.7,104.671,103.597,102.473,101.296,99.5466,97.3796,92.6665,74.2728,44.3319,28.5845,13.2969
47.429,-0.0000,0.0000,0.0000,6,224.84,0.5746,0.0056,13695.7,0.0,3.63037,7.97008,12.6092,21.9444,39.7707,67.1052,105.768,104.412,103.394,102.331,101.221,100.059,98.3339,96.2014,91.5832,74.1491,44.2766,28.5553,13.2865
47.448,-0.0000,0.0000,0.0000,6,224.36,0.5735,0.0057,13667.1,0.0,3.63981,7.99279,12.6481,22.0226,39.9483,67.4975,104.47,103.127,102.119,101.068,99.9716,98.8244,97.1243,95.0261,90.501,74.0259,44.2212,28.5258,13.276
47.467,-0.0000,0.0000,0.0000,6,223.89,0.5724,0.0058,13638.4,0.0,3.6494,8.01575,12.6874,22.1009,40.1245,67.8842,103.176,101.845,100.848,99.8096,98.7261,97.594,95.9184,93.8541,89.4206,73.9058,44.1665,28.4966,13.2654
47.492,-0.0000,0.0000,0.0000,6,223.42,0.5713,0.0059,13609.8,0.0,3.65923,8.03915,12.7272,22.1797,40.3005,68.2674,101.885,100.567,99.5808,98.5541,97.4841,96.367,94.7158,92.6853,88.3419,73.7879,44.1123,28.4672,13.2546
47.511,-0.0000,0.0000,0.0000,6,222.95,0.5702,0.0061,13579.3,0.0,3.66913,8.06274,12.7673,22.2594,40.4786,68.6564,100.596,99.2916,98.3161,97.3014,96.2447,95.1427,93.5157,91.5187,87.2637,73.6271,44.0577,28.4377,13.2437
47.529,-0.0000,0.0000,0.0000,6,222.48,0.5691,0.0062,13551.5,0.0,3.67931,8.08703,12.8088,22.3418,40.664,69.0639,99.3096,98.0182,97.0534,96.0507,95.0074,93.9203,92.3174,90.3535,86.1851,73.3035,44.0011,28.4071,13.2325
47.548,-0.0000,0.0000,0.0000,6,222.01,0.5679,0.0063,13523.7,0.0,3.68967,8.11176,12.8509,22.4256,40.8523,69.4776,98.0257,96.7475,95.7934,94.8028,93.7728,92.7006,91.1216,89.1905,85.1071,72.8682,43.9439,28.3762,13.2211
47.567,-0.0000,0.0000,0.0000,6,221.55,0.5667,0.0064,13495.7,0.0,3.70016,8.13673,12.8934,22.5099,41.0411,98.1161,96.7447,95.4798,94.5366,93.5578,92.5413,91.484,89.9288,88.0302,84.0305,72.3559,43.8868,28.3452,13.2096
47.592,-0.0000,0.0000,0.0000,6,221.08,0.5655,0.0065,13467.8,0.0,3.71081,8.16197,12.9362,22.5943,41.2288,96.8255,95.4671,94.2156,93.2832,92.3165,91.3133,90.2709,88.7394,86.8731,82.9557,71.7871,43.8305,28.3144,13.198
47.611,-0.0000,0.0000,0.0000,6,220.62,0.5643,0.0067,13439.8,0.0,3.72157,8.18739,12.9792,22.6787,41.4152,95.5379,94.1926,92.9545,92.033,91.0784,90.0885,89.061,87.5532,85.7189,81.8826,71.1739,43.7747,28.2837,13.1864
47.630,-0.0000,0.0000,0.0000,6,220.16,0.5631,0.0068,13410.5,0.0,3.73253,8.21324,13.0228,22.7642,41.604,94.2528,92.9207,91.6962,90.7856,89.8431,88.8666,87.8538,86.3695,84.5669,80.8103,70.5234,43.7185,28.2526,13.1746
47.648,-0.0000,0.0000,0.0000,6,219.71,0.5618,0.0069,13383.1,0.0,3.74375,8.23976,13.0677,22.8524,41.7993,92.9698,91.651,90.4401,89.5404,88.6099,87.6467,86.6487,85.1877,83.4165,79.7381,69.8408,43.6607,28.2207,13.1624
47.667,-0.0000,0.0000,0.0000,6,219.25,0.5606,0.0070,13355.8,0.0,3.75498,8.26632,13.1126,22.9408,41.9955,91.6894,90.384,89.1867,88.298,87.3795,86.4297,85.4463,84.0086,82.2685,78.667,69.1327,43.6028,28.1888,13.1503
47.692,-0.0000,0.0000,0.0000,6,218.80,0.5593,0.0071,13328.4,0.0,3.7664,8.29326,13.1582,23.0301,42.1932,90.4117,89.1198,87.9362,87.0584,86.1521,85.2155,84.2467,82.8322,81.123,77.5971,68.4029,43.5449,28.1566,13.138
47.711,-0.0000,0.0000,0.0000,6,218.34,0.5580,0.0072,13301.0,0.0,3.77805,8.32066,13.2043,23.1203,42.3914,89.1368,87.8586,86.6887,85.8219,84.9277,84.0044,83.0503,81.6587,79.9801,76.5287,67.6548,43.487,28.1243,13.1256
47.730,-0.0000,0.0000,0.0000,6,217.89,0.5567,0.0073,13273.7,0.0,3.78975,8.34812,13.2505,23.2102,42.5883,87.8649,86.6003,85.4443,84.5886,83.7064,82.7964,81.8569,80.4882,78.84,75.462,66.8908,43.4297,28.0922,13.1131
47.748,-0.0000,0.0000,0.0000,6,217.44,0.5553,0.0074,13245.5,0.0,3.80152,8.37571,13.2969,23.3004,42.7855,86.5957,85.3449,84.2028,83.3581,82.4881,81.5914,80.6664,79.3205,77.7024,74.3965,66.1124,43.3726,28.0602,13.1006
47.767,-0.0000,0.0000,0.0000,6,217.00,0.5540,0.0075,13218.5,0.0,3.8135,8.40382,13.3442,23.3925,42.9877,85.3286,84.0917,82.9635,82.1299,81.272,80.3886,79.4781,78.1548,76.5665,73.3316,65.3201,43.3143,28.0274,13.0878
47.792,-0.0000,0.0000,0.0000,6,216.55,0.5526,0.0076,13191.7,0.0,3.82567,8.43237,13.3922,23.4861,43.1929,84.0639,82.841,81.7268,80.9043,80.0585,79.1882,78.2922,76.9914,75.4326,72.2676,64.5159,43.2553,27.9943,13.0749
47.811,-0.0000,0.0000,1.0000,6,216.11,0.5512,0.0077,13164.9,0.0,3.83796,8.46118,13.4406,23.5802,43.399,82.8018,81.5929,80.4928,79.6814,78.8478,77.9907,77.109,75.8306,74.3011,71.205,63.7014,43.1964,27.961,13.0618
47.830,-0.0000,0.0000,1.0000,6,214.34,0.5498,0.0078,12663.8,0.0,3.85038,8.49025,13.4894,23.675,43.6062,81.5454,80.3507,79.2646,78.4644,77.6428,76.799,75.9316,74.6753,73.1748,70.1462,62.8798,43.1374,27.9277,13.0487
47.848,-0.0000,0.0000,1.0000,6,211.74,0.5484,0.0079,12435.4,0.0,3.86262,8.519,13.5378,23.7694,43.8141,80.3027,79.1221,78.05,77.2609,76.4513,75.6204,74.7671,73.5328,72.0606,69.098,62.0568,43.0785,27.8945,13.0357
47.867,-0.0000,0.0000,1.0000,6,208.99,0.5470,0.0081,12209.4,0.0,3.87479,8.54786,13.5868,23.8664,44.0324,79.0745,77.9078,76.8496,76.0713,75.2736,74.4555,73.6161,72.4032,70.9588,68.0603,61.2329,43.0169,27.8603,13.0227
47.892,-0.0000,0.0000,1.0000,6,206.16,0.5457,0.0082,11990.4,0.0,3.88691,8.57684,13.6363,23.9657,44.2594,77.8613,76.7085,75.664,74.8965,74.1104,73.3049,72.4792,71.2874,69.8703,67.034,60.4099,42.9534,27.8254,13.0095
47.910,-0.0000,0.0000,1.0000,6,203.28,0.5443,0.0083,11787.2,0.0,3.89901,8.60591,13.6862,24.0662,44.4916,76.6641,75.5251,74.4942,73.7374,72.9628,72.1698,71.3575,70.1863,68.7958,66.0203,59.5898,42.8888,27.7901,12.9964
47.929,-0.0000,0.0000,1.0000,6,200.39,0.5430,0.0085,11595.5,0.0,3.91082,8.63433,13.7351,24.1651,44.721,75.484,74.3587,73.3413,72.595,71.8318,71.0511,70.252,69.1012,67.7368,65.0204,58.7751,42.8254,27.7556,12.9836
47.948,-0.0000,0.0000,1.0000,6,197.52,0.5417,0.0086,11413.0,0.0,3.92253,8.66236,13.783,24.2614,44.9424,74.3215,73.2098,72.2058,71.47,70.7181,69.9494,69.1635,68.0327,66.6939,64.0353,57.9672,42.7644,27.722,12.9709
47.967,-0.0000,0.0000,1.0000,6,194.68,0.5404,0.0087,11235.5,0.0,3.93396,8.68935,13.8287,24.3513,45.1489,73.1776,72.0796,71.0889,70.3634,69.6227,68.8661,68.0931,66.982,65.6684,63.0663,57.1685,42.7091,27.6909,12.9588
47.991,-0.0000,0.0000,1.0000,6,191.88,0.5392,0.0088,11060.3,0.0,3.94511,8.71515,13.8716,24.4334,73.9962,72.0525,70.9681,69.9907,69.2757,68.546,67.8014,67.0411,65.9495,64.6607,62.1138,56.3798,42.6606,27.6627,12.9472
48.010,-0.0000,0.0000,1.0000,6,189.13,0.5379,0.0088,10884.6,0.0,3.95605,8.73983,13.9116,24.5066,72.8686,70.9464,69.8756,68.9115,68.2067,67.4881,66.7552,66.0076,64.9352,63.6709,61.1781,55.6016,42.62,27.6377,12.9362
48.029,-0.0000,0.0000,1.0000,6,186.42,0.5367,0.0088,10708.4,0.0,3.96656,8.7628,13.9479,24.5692,71.7599,69.8593,68.8021,67.8512,67.1566,66.4489,65.7278,64.9927,63.9392,62.6989,60.259,54.8345,42.5883,27.6166,12.926
48.048,-0.0000,0.0000,1.0000,6,183.76,0.5354,0.0087,10532.0,0.0,3.97678,8.78464,13.9814,24.6242,70.6688,68.7898,67.7462,66.8083,66.1239,65.4271,64.7175,63.9947,62.96,61.7431,59.355,54.0768,42.527,27.5982,12.9163
48.067,-0.0000,0.0000,1.0000,6,181.14,0.5343,0.0087,10354.3,0.0,3.98671,8.8054,14.0127,24.6727,69.5946,67.7372,66.707,65.7822,65.1078,64.4217,63.7235,63.0129,61.9965,60.8028,58.4652,53.3277,42.3823,27.582,12.9072
48.092,-0.0000,0.0000,1.0000,6,178.53,0.5331,0.0086,10176.0,0.0,3.99635,8.8252,14.0418,24.7158,68.5368,66.7009,65.6841,64.7721,64.1077,63.4321,62.7452,62.0466,61.0482,59.8772,57.5888,52.5869,42.1749,27.5677,12.8984
48.111,-0.0000,0.0000,1.0000,6,175.94,0.5319,0.0085,9996.31,0.0,4.00565,8.84386,14.0686,24.7528,67.4954,65.6809,64.6774,63.7782,63.1236,62.4585,61.7826,61.0958,60.1152,58.9664,56.7261,51.8547,41.9203,27.5556,12.8902
48.129,-0.0000,0.0000,1.0000,6,173.35,0.5308,0.0083,9815.25,0.0,4.01454,8.86133,14.093,24.7839,66.4701,64.6769,63.6866,62.8,62.1551,61.5003,60.8354,60.1602,59.197,58.07,55.8766,51.1309,41.6288,27.5455,12.8826
48.148,-0.0000,0.0000,1.0000,6,170.77,0.5298,0.0082,9636.69,0.0,4.0231,8.87798,14.116,24.8121,65.46,63.6881,62.7107,61.8367,61.2014,60.5567,59.9026,59.2387,58.2927,57.1869,55.0392,50.4147,41.3066,27.5364,12.8753
48.167,-0.0000,0.0000,1.0000,6,168.20,0.5287,0.0081,9463.15,0.0,4.03159,8.89448,14.1388,24.84,64.4646,62.7136,61.7492,60.8875,60.2616,59.6269,58.9833,58.3307,57.4014,56.3164,54.2131,49.7052,40.9588,27.5274,12.868
48.192,-0.0000,0.0000,1.0000,6,165.65,0.5277,0.0080,9282.8,0.0,4.03968,8.91027,14.1607,24.8674,63.4834,61.7532,60.8015,59.952,59.3354,58.7106,58.0774,57.4357,56.5227,55.4581,53.3981,49.0025,40.5901,27.5185,12.8611
48.211,-0.0000,0.0000,1.0000,6,163.13,0.5268,0.0079,9099.93,0.0,4.04764,8.92606,14.1831,24.897,62.5158,60.8062,59.8671,59.0295,58.4221,57.8069,57.1839,56.5529,55.6561,54.6113,52.5934,48.306,40.2033,27.5087,12.8541
48.229,-0.0000,0.0000,1.0000,6,160.64,0.5258,0.0078,8915.64,0.0,4.05523,8.94127,14.2049,24.9271,61.5618,59.8726,58.9459,58.1202,57.5217,56.9161,56.3031,55.6827,54.8015,53.7762,51.7992,47.6163,39.8023,27.4987,12.8474
48.248,-0.0000,0.0000,1.0000,6,158.16,0.5249,0.0077,8731.56,0.0,4.06254,8.95602,14.2262,24.9571,60.6218,58.9528,58.0384,57.2243,56.6348,56.0385,55.4353,54.8252,53.9595,52.9531,51.0161,46.934,39.3903,27.4887,12.8408
48.267,-0.0000,0.0000,1.0000,6,155.70,0.5241,0.0076,8546.84,0.0,4.06952,8.96994,14.2461,24.984,59.6966,58.0476,57.1454,56.3428,55.762,55.1749,54.5814,53.9815,53.1309,52.1431,50.245,46.2604,38.9706,27.4797,12.8347
48.292,-0.0000,0.0000,1.0000,6,153.27,0.5232,0.0075,8362.03,0.0,4.07626,8.98314,14.2645,25.0073,58.7861,57.1571,56.2669,55.4757,54.9035,54.3254,53.7415,53.1516,52.3158,51.3461,49.4861,45.5958,38.5451,27.472,12.8288
48.310,-0.0000,0.0000,1.0000,6,150.86,0.5225,0.0074,8176.26,0.0,4.08253,8.99508,14.2805,25.0253,57.8907,56.2814,55.4031,54.6231,54.0595,53.4903,52.9157,52.3357,51.5144,50.5626,48.7396,44.9406,38.1159,27.4662,12.8236
48.330,-0.0000,0.0000,1.0000,6,148.46,0.5217,0.0073,8010.07,0.0,4.08847,9.00583,14.294,25.0364,57.0106,55.421,54.5545,53.7856,53.2303,52.67,52.1046,51.5342,50.7272,49.7928,48.0061,44.2954,37.6847,27.4628,12.8189
48.348,-0.0000,0.0000,1.0000,6,146.10,0.5210,0.0071,7832.53,0.0,4.09393,9.01503,14.3043,25.0393,56.1462,54.5761,53.7212,52.9633,52.4163,51.8646,51.3083,50.7474,49.9544,49.0371,47.2857,43.6607,37.2529,27.4623,12.8148
48.367,-0.0000,0.0000,1.0000,6,143.78,0.5203,0.0070,7643.33,0.0,4.09891,9.02296,14.3121,25.0367,55.2962,53.7454,52.9021,52.155,51.6161,51.073,50.5257,49.9741,49.1948,48.2942,46.5773,43.0352,36.8201,27.4637,12.8114
48.392,-0.0000,0.0000,1.0000,6,141.50,0.5197,0.0068,7447.72,0.0,4.10371,9.03037,14.319,25.0319,54.4597,52.928,52.0961,51.3597,50.8289,50.2942,49.7556,49.2131,48.4473,47.5631,45.8799,42.418,36.3862,27.4576,12.8082
48.410,-0.0000,0.0000,1.0000,6,139.24,0.5191,0.0066,7246.77,0.0,4.10809,9.03677,14.3242,25.0308,53.6368,52.1241,51.3033,50.5775,50.0546,49.5282,48.9982,48.4647,47.7121,46.8439,45.1934,41.8094,35.9522,27.4138,12.8054
48.429,-0.0000,0.0000,1.0000,6,137.00,0.5185,0.0064,7042.56,0.0,4.11211,9.0423,14.3279,25.2293,52.827,51.3331,50.5235,49.808,49.2929,48.7746,48.2531,47.7284,46.9887,46.1362,44.5177,41.2091,35.5185,27.3358,12.8031
48.448,-0.0000,0.0000,1.0000,6,134.76,0.5180,0.0062,6835.52,0.0,4.11577,9.04677,14.3295,54.8906,52.0313,50.5559,49.7573,49.052,48.5446,48.0343,47.5211,47.0051,46.2781,45.4408,43.8536,40.6181,35.0866,27.2302,12.8012
48.467,-0.0000,0.0000,1.0000,6,132.54,0.5175,0.0060,6625.23,0.0,4.11897,9.04998,14.3287,54.079,51.2493,49.7923,49.0045,48.3093,47.8095,47.3071,46.802,46.2945,45.5799,44.7576,43.2009,40.0362,34.6568,27.1017,12.7999
48.492,-0.0000,0.0000,1.0000,6,130.35,0.5171,0.0058,6411.66,0.0,4.12175,9.05206,14.3258,53.2809,50.4808,49.042,48.2649,47.5796,47.0872,46.5925,46.0955,45.5963,44.8938,44.0862,42.5592,39.4633,34.2295,26.9537,12.7991
48.510,-0.0000,0.0000,1.0000,6,128.17,0.5167,0.0055,6201.88,0.0,4.12414,9.05314,14.3212,52.4963,49.7254,48.3046,47.538,46.8626,46.3775,45.8904,45.4013,44.9102,44.2197,43.4264,41.9284,38.8992,33.8047,26.7891,12.7987
48.530,-0.0000,0.0000,1.0000,6,125.98,0.5163,0.0053,6012.6,0.0,4.12603,9.05265,14.3133,51.726,48.9842,47.5812,46.8251,46.1592,45.6814,45.2017,44.7203,44.2373,43.5585,42.7792,41.3094,38.3449,33.3841,26.6114,12.7991
48.548,-0.0000,0.0000,1.0000,6,123.84,0.5160,0.0050,5803.17,0.0,4.12756,9.05097,14.303,50.9696,48.2568,46.8713,46.1254,45.4691,44.9983,44.526,44.0522,43.577,42.9096,42.1441,40.7019,37.8001,32.9674,26.4224,12.8
48.567,-0.0000,0.0000,1.0000,6,121.74,0.5157,0.0047,5578.75,0.0,4.12873,9.04839,14.2911,50.226,47.542,46.1739,45.4381,44.7911,44.3273,43.8622,43.3958,42.9283,42.2721,41.52,40.1046,37.2638,32.554,26.223,12.8014
48.592,-0.0000,0.0000,1.0000,6,119.67,0.5155,0.0044,5343.05,0.0,4.12959,9.04517,14.2782,49.4947,46.8391,45.4881,44.7623,44.1245,43.6675,43.2095,42.7504,42.2905,41.6452,40.9062,39.5171,36.7353,32.1436,26.0144,12.803
48.610,-0.0000,0.0000,1.0000,6,117.64,0.5153,0.0041,5235.99,0.0,4.13004,9.04115,14.2643,48.7752,46.1479,44.8138,44.0978,43.4691,43.0188,42.5677,42.1159,41.6633,41.0288,40.3025,38.939,36.2146,31.7365,25.798,12.805
48.630,-0.0000,0.0000,1.0000,6,115.62,0.5151,0.0038,5235.99,0.0,4.13021,9.03667,14.2499,48.0675,45.4681,44.1508,43.4444,42.8246,42.3809,41.9366,41.4918,41.0465,40.4225,39.7087,38.3701,35.7014,31.3327,25.5748,12.8072
48.648,-0.0000,0.0000,1.0000,6,113.61,0.5150,0.0036,5235.99,0.0,4.13003,9.03149,14.2345,47.3714,44.7998,43.4989,42.8021,42.191,41.7539,41.3163,40.8783,40.4401,39.8264,39.1249,37.8106,35.196,30.9326,25.3459,12.8098
48.667,-0.0000,0.0000,0.0000,6,111.60,0.5149,0.0033,5235.99,0.0,4.12951,9.02551,14.2178,46.6876,44.1434,42.8589,42.1714,41.5689,41.1382,40.7071,40.2759,39.8447,39.241,38.5515,37.261,34.6989,30.5369,25.1129,12.8127
48.692,-0.0000,0.0000,0.0000,6,109.62,0.5149,0.0030,5235.99,0.0,4.12863,9.01879,14.2,46.0157,43.4987,42.2302,41.552,40.9579,40.5335,40.1089,39.6843,39.2599,38.666,37.9882,36.7209,34.2099,30.1456,24.8763,12.8159
48.710,-0.0000,0.0000,0.0000,6,107.69,0.5149,0.0027,5649.28,0.0,4.12747,9.01158,14.1816,45.3551,42.8651,41.6124,40.9432,40.3575,39.9392,39.521,39.1029,38.6851,38.1009,37.4345,36.1898,33.7284,29.7583,24.6365,12.8194
48.729,-0.0000,0.0000,0.0000,6,105.92,0.5149,0.0026,6177.9,0.0,4.12653,9.00668,14.1698,44.7005,42.2372,41.0001,40.3399,39.7624,39.3501,38.9381,38.5264,38.1152,37.5405,36.8852,35.6626,33.2496,29.3707,24.3902,12.8217
48.748,-0.0000,0.0000,0.0000,6,104.55,0.5150,0.0030,6378.34,0.0,4.12793,9.01698,14.241,44.0282,41.5911,40.3695,39.7182,39.1488,38.7425,38.3366,37.9313,37.5265,36.9611,36.317,35.1162,32.751,28.9619,24.1198,12.8167
48.767,-0.0000,0.0000,0.0000,6,103.54,0.5150,0.0034,6343.8,0.0,4.12973,9.02885,14.4157,43.3612,40.9505,39.7443,39.1018,38.5404,38.14,37.7402,37.3412,36.9429,36.3867,35.7535,34.5743,32.2559,28.5545,23.8459,12.811
48.792,-0.0000,0.0000,0.0000,6,102.77,0.5150,0.0035,6289.83,0.0,4.13029,9.03182,14.7133,42.7158,40.3316,39.1407,38.5069,37.9535,37.559,37.1653,36.7724,36.3804,35.8334,35.2109,34.0529,31.7802,28.1633,23.5819,12.8096
48.810,-0.0000,0.0000,0.0000,6,102.60,0.5149,0.0035,6267.06,0.0,4.13077,9.03192,15.3054,42.0794,39.7217,38.5461,37.9211,37.3756,36.987,36.5992,36.2125,35.8268,35.2887,34.6769,33.5396,31.3118,27.7774,23.3188,12.8096
48.829,-0.0000,0.0000,0.0000,6,102.49,0.5148,0.0034,6260.12,0.0,4.13129,9.03234,45.4334,41.4429,39.1119,37.9517,37.3354,36.7979,36.415,36.0333,35.6526,35.2732,34.7441,34.1428,33.0263,30.8429,27.3895,23.0506,12.8094
48.848,-0.0000,0.0000,0.0000,6,102.39,0.5147,0.0034,6253.81,0.0,4.13226,9.03356,44.7496,40.8064,38.5023,37.3575,36.75,36.2204,35.8434,35.4676,35.0931,34.7198,34.1997,33.609,32.5129,30.3734,26.9998,22.7776,12.8089
48.866,-0.0000,0.0000,0.0000,6,102.29,0.5145,0.0033,6247.52,0.0,4.13303,9.03418,44.0672,40.171,37.894,36.7647,36.1658,35.6442,35.2731,34.9032,34.5348,34.1677,33.6566,33.0762,32.0006,29.9046,26.6093,22.501,12.8087
48.892,-0.0000,0.0000,0.0000,6,102.18,0.5144,0.0033,6241.25,0.0,4.13416,9.03553,43.3853,39.5355,37.2859,36.172,35.582,35.0683,34.7029,34.3391,33.9767,33.6158,33.1135,32.5436,31.4882,29.4352,26.2171,22.2198,12.8081
48.911,-0.0000,0.0000,0.0000,6,102.08,0.5142,0.0032,6234.98,0.0,4.13526,9.03705,42.7034,38.8998,36.6776,35.5793,34.9981,34.4923,34.1328,33.7749,33.4186,33.0639,32.5704,32.0109,30.9756,28.9652,25.823,21.9344,12.8052
48.930,-0.0000,0.0000,0.0000,6,101.98,0.5141,0.0032,6228.71,0.0,4.13638,9.05123,42.0211,38.2633,36.0689,34.9863,34.4138,33.9161,33.5624,33.2104,32.8601,32.5117,32.027,31.4777,30.4624,28.4944,25.427,21.6446,12.7917
48.948,-0.0000,0.0000,0.0000,6,101.88,0.5139,0.0032,6222.45,0.0,4.13787,9.10842,41.3385,37.6262,35.4597,34.3928,33.8292,33.3394,32.9916,32.6455,32.3013,31.959,31.4831,30.9441,29.9487,28.0225,25.0289,21.3504,12.767
48.966,-0.0000,0.0000,0.0000,6,101.77,0.5137,0.0032,6216.19,0.0,4.13918,9.21834,40.6564,36.9892,34.8509,33.7998,33.245,32.7632,32.4212,32.0811,31.7429,31.4067,30.9396,30.4109,29.4352,27.5505,24.6295,21.0527,12.7323
48.992,-0.0000,0.0000,0.0000,6,101.67,0.5136,0.0032,6209.93,0.0,4.14046,9.39677,39.9746,36.3521,34.2423,33.207,32.6611,32.1873,31.8512,31.517,31.1848,30.8548,30.3964,29.8779,28.9219,27.0782,24.2289,20.7516,12.6878
49.010,-0.0000,0.0000,0.0000,6,101.57,0.5134,0.0032,6203.69,0.0,4.14196,9.66991,39.2935,35.7152,33.634,32.6147,32.0777,31.6119,31.2816,30.9533,30.6272,30.3033,29.8536,29.3452,28.4087,26.6058,23.8269,20.447,12.6336
49.029,-0.0000,0.0000,0.0000,6,101.46,0.5133,0.0032,6197.42,0.0,4.14323,10.0833,38.6136,35.0791,33.0268,32.0235,31.4954,31.0376,30.7131,30.3907,30.0706,29.7528,29.3118,28.8135,27.8965,26.1338,23.4244,20.1397,12.5707
49.048,-0.0000,0.0000,0.0000,6,101.36,0.5131,0.0032,6191.16,0.0,4.14448,10.748,37.9345,34.4432,32.4201,31.4328,30.9136,30.4638,30.1452,29.8287,29.5147,29.2029,28.7705,28.2823,27.3846,25.6618,23.0208,19.8295,12.499
49.066,-0.0000,0.0000,0.0000,6,101.26,0.5129,0.0032,6184.91,0.0,4.14595,12.1493,37.2559,33.8075,31.8137,30.8425,30.3323,29.8905,29.5777,29.2672,28.9591,28.6534,28.2296,27.7514,26.8728,25.1896,22.616,19.516,12.4188
49.093,-0.0000,0.0000,0.0000,6,101.16,0.5128,0.0031,6178.68,0.0,4.14717,42.6295,36.5782,33.1722,31.208,30.253,29.7517,29.318,29.011,28.7064,28.4043,28.1047,27.6895,27.2212,26.3617,24.7177,22.2105,19.2001,12.3305
49.110,-0.0000,0.0000,0.0000,6,101.05,0.5126,0.0031,6172.47,0.0,4.14839,41.8402,35.9009,32.5369,30.6025,29.6638,29.1716,28.7458,28.4447,28.146,27.8499,27.5563,27.1497,26.6914,25.8508,24.2455,21.8039,18.8812,12.2344
49.130,-0.0000,0.0000,0.0000,6,100.95,0.5125,0.0031,6166.29,0.0,4.15585,41.0517,35.2241,31.9017,29.9974,29.075,28.5918,28.1741,27.8788,27.586,27.2958,27.0083,26.6102,26.1617,25.34,23.7732,21.3962,18.5595,12.1304
49.148,-0.0000,0.0000,0.0000,6,100.85,0.5123,0.0031,6160.12,0.0,4.18006,40.2641,34.5475,31.2669,29.393,28.4869,28.0127,27.6031,27.3136,27.0268,26.7425,26.461,26.0714,25.6328,24.8297,23.3011,20.9878,18.2354,12.0192
49.166,-0.0000,0.0000,0.0000,6,100.75,0.5122,0.0031,6153.97,0.0,4.22244,39.4771,33.8702,30.6322,28.7889,27.8993,27.4341,27.0326,26.7489,26.468,26.1897,25.9142,25.5331,25.1042,24.3198,22.8289,20.5784,17.9087,11.9008
49.193,-0.0000,0.0000,0.0000,6,100.65,0.5120,0.0031,6147.82,0.0,4.28461,38.6906,33.1922,29.9976,28.185,27.312,26.8559,26.4624,26.1846,25.9095,25.6372,25.3676,24.995,24.5759,23.8099,22.3565,20.1679,17.5794,11.7752
49.211,0.1602,0.0000,0.0000,6,100.55,0.5119,0.0031,6141.65,0.0,4.36758,37.9047,32.5137,29.363,27.5816,26.7252,26.2782,25.8928,25.6208,25.3516,25.0852,24.8217,24.4575,24.0481,23.3005,21.8841,19.7567,17.2477,11.643
49.230,0.4164,0.0000,0.0000,6,100.43,0.5116,0.0118,6134.96,0.0,4.45816,37.2404,31.9191,28.8076,27.0537,26.2119,25.7729,25.3946,25.1278,24.8637,24.6025,24.3442,23.9874,23.5865,22.8549,21.4708,19.3963,16.9559,11.5222
49.248,0.7331,0.0000,0.0000,6,100.27,0.5105,0.0226,6126.21,0.0,4.53291,36.8513,31.5153,28.4305,26.6951,25.8631,25.4295,25.056,24.7926,24.5321,24.2744,24.0195,23.6677,23.2725,22.5517,21.1892,19.1499,16.7552,11.4357
49.267,0.9538,0.0000,0.0000,6,100.05,0.5087,0.0284,6114.53,0.0,4.58622,36.7346,31.294,28.2226,26.4968,25.67,25.2392,24.8681,24.6065,24.3478,24.0919,23.8389,23.4896,23.0974,22.3823,21.0311,19.0105,16.6401,11.3819
49.293,1.0000,0.0000,0.0000,5.0,99.79,0.5064,0.0303,6099.76,0.0,4.62172,36.8414,31.2127,28.1412,26.418,25.5926,25.1626,24.7923,24.5312,24.273,24.0176,23.7652,23.4167,23.0254,22.312,20.9644,18.9499,16.5877,11.352
49.311,0.9431,0.0000,0.0000,5.0,99.50,0.5037,0.0297,6647.16,0.0,4.64498,37.1251,31.243,28.1449,26.4194,25.593,25.1624,24.7916,24.5302,24.2716,24.016,23.7632,23.4142,23.0224,22.3081,20.9588,18.9419,16.5772,11.3377
49.330,0.7509,0.0000,0.0000,5.0,99.20,0.5007,0.0273,6641.45,0.0,4.66037,37.5571,31.3637,28.2053,26.4743,25.6451,25.213,24.8409,24.5786,24.3191,24.0625,23.8088,23.4586,23.0653,22.3482,20.9937,18.9687,16.5942,11.3336
49.348,0.4022,0.0000,0.0000,5.0,98.91,0.4974,0.0240,6595.27,0.0,4.67264,38.1068,31.5516,28.2956,26.5573,25.7244,25.2904,24.9165,24.6529,24.3922,24.1344,23.8794,23.5274,23.1322,22.4115,21.0497,19.0134,16.6253,11.3341
49.366,0.1815,0.0000,0.0000,5.0,98.62,0.4938,0.0207,6574.1,0.0,4.68811,38.7238,31.7721,28.3833,26.6377,25.801,25.365,24.9894,24.7245,24.4626,24.2035,23.9473,23.5936,23.1963,22.4719,21.1029,19.0554,16.6536,11.3324
49.393,-0.0000,0.0000,0.0000,5.0,98.38,0.4898,0.0185,6556.14,0.0,4.71314,39.3429,31.9827,28.4378,26.6843,25.8447,25.4072,25.0302,24.7644,24.5015,24.2415,23.9843,23.6293,23.2306,22.5034,21.1291,19.0735,16.6621,11.3212
49.411,-0.0000,0.0000,0.0000,5.0,98.23,0.4852,0.0207,6543.74,0.0,4.77342,39.6666,32.002,28.3441,26.5787,25.7404,25.3036,24.9273,24.662,24.3996,24.1401,23.8835,23.5293,23.1315,22.4061,21.0357,18.9869,16.5853,11.2728
49.430,-0.0000,0.0000,0.0000,5.0,98.10,0.4796,0.0293,6534.77,0.0,4.88577,39.4954,31.7159,28.0243,26.2607,25.4296,24.9968,24.6241,24.3614,24.1016,23.8448,23.5909,23.2404,22.8469,22.1298,20.7762,18.7553,16.3905,11.1731
49.448,-0.0000,0.0000,0.0000,5.0,97.98,0.4734,0.0414,6525.83,0.0,5.03441,39.0403,31.2583,27.5788,25.8291,25.0088,24.5818,24.2143,23.9554,23.6993,23.4463,23.1962,22.8511,22.464,21.7587,20.4289,18.4473,16.1337,11.0459
49.467,-0.0000,0.0000,0.0000,5.0,97.87,0.4663,0.0550,6518.25,0.0,5.21111,38.4538,30.7227,27.0769,25.3478,24.5397,24.1194,23.7579,23.5033,23.2516,23.0029,22.7572,22.4183,22.0383,21.3464,20.0437,18.1063,15.8498,10.9054
49.493,-0.0000,0.0000,0.0000,5.0,97.76,0.4584,0.0699,6511.42,0.0,5.41854,37.7561,30.1219,26.5282,24.8257,24.0314,23.6186,23.2638,23.0139,22.7671,22.5232,22.2824,21.9504,21.5782,20.9012,19.6282,17.739,15.5444,10.754
49.510,-0.0000,0.0000,0.0000,5.0,97.65,0.4496,0.0859,6504.62,0.0,5.66043,36.9697,29.4697,25.9428,24.2719,23.4927,23.0881,22.7405,22.4958,22.2542,22.0156,21.7801,21.4555,21.0918,20.4308,19.1896,17.3519,15.2226,10.5936
49.529,0.5516,0.0000,0.0000,5.0,97.54,0.4398,0.1025,6497.83,0.0,5.94128,36.1214,28.782,25.3323,23.6965,22.9333,22.5374,22.1974,21.9583,21.7222,21.4892,21.2593,20.9425,20.5877,19.9435,18.7357,16.9514,14.8898,10.426
49.548,0.9609,0.0000,0.0000,5.0,97.41,0.4290,0.1178,6489.78,0.0,6.24168,35.3858,28.1627,24.7726,23.1662,22.4177,22.0298,21.6968,21.4627,21.2317,21.0038,20.7789,20.4692,20.1227,19.4937,18.3162,16.5804,14.5797,10.265
49.567,1.0000,1.0000,0.0000,5.0,97.21,0.4177,0.1283,6477.61,0.0,6.51586,35.0043,27.7546,24.3679,22.7721,22.0335,21.651,21.3228,21.0922,20.8646,20.6402,20.4188,20.114,19.773,19.1547,17.998,16.2959,14.338,10.1293
49.593,1.0000,1.0000,0.0000,5.0,97.35,0.4060,0.1350,6719.67,0.0,6.76067,34.9224,27.5219,24.091,22.4869,21.7542,21.375,21.0498,20.8212,20.5957,20.3734,20.1542,19.8524,19.515,18.9032,17.7598,16.0794,14.1497,10.0133
49.611,1.0000,1.0000,0.0000,5.0,97.60,0.3938,0.1392,6756.57,0.0,6.98583,35.0582,27.4116,23.9016,22.2707,21.5413,21.1639,20.8403,20.6129,20.3887,20.1677,19.9497,19.6497,19.3144,18.7066,17.5715,15.905,13.9941,9.90847
49.630,0.8968,1.0000,0.0000,5.0,97.82,0.3811,0.1416,6808.3,0.0,7.19852,35.3645,27.3914,23.7751,22.1036,21.3704,20.9939,20.6712,20.4444,20.2209,20.0004,19.7831,19.4842,19.15,18.5445,17.4143,15.7567,13.8585,9.80993
49.648,0.4022,1.0000,0.0000,5.0,98.04,0.3680,0.1426,6854.91,0.0,7.39807,35.8508,27.4614,23.7101,21.9869,21.2368,20.8601,20.5374,20.3107,20.0872,19.8669,19.6498,19.351,19.0171,18.4124,17.2842,15.631,13.7401,9.7165
49.666,-0.0000,1.0000,0.0000,5.0,98.26,0.3544,0.1424,6889.76,0.0,7.58814,36.5099,27.6116,23.6976,21.9125,21.1378,20.7523,20.4284,20.2014,19.9776,19.757,19.5396,19.2406,18.9064,18.3012,17.1728,15.5206,13.6331,9.62601
49.693,-0.0000,1.0000,0.0000,5.0,98.51,0.3405,0.1419,6919.54,0.0,7.77947,37.2978,27.8115,23.7146,21.8608,21.0591,20.6607,20.3275,20.0978,19.8735,19.6525,19.4347,19.1351,18.8004,18.1945,17.0651,15.4128,13.5276,9.53463
49.710,-0.0000,1.0000,0.0000,5.0,98.90,0.3258,0.1451,6929.31,0.0,8.05208,37.7653,27.8228,23.5957,21.6957,20.8764,20.4698,20.13,19.8959,19.6686,19.4478,19.231,18.9328,18.5998,17.997,16.8744,15.2341,13.3655,9.41912
49.729,-0.0000,1.0000,0.0000,5.0,99.36,0.3100,0.1552,6915.9,0.0,8.49559,37.4689,27.4287,23.1955,21.2994,20.483,20.0782,19.7399,19.507,19.2809,19.0615,18.8479,18.5548,18.2274,17.6354,16.5342,14.928,13.1026,9.26157
49.748,0.2349,1.0000,0.0000,5.0,99.83,0.2932,0.1688,6907.46,0.0,9.0888,36.7534,26.8184,22.6472,20.7822,19.9798,19.582,19.2497,19.0209,18.7989,18.5834,18.3742,18.0879,17.7685,17.1912,16.1188,14.5582,12.789,9.08189
49.767,0.8328,1.0000,0.0000,6,100.26,0.2756,0.1824,6915.53,0.0,9.78582,36.0432,26.2113,22.1015,20.2674,19.4789,19.0882,18.7619,18.5372,18.3192,18.1077,17.9024,17.623,17.3114,16.7488,15.7052,14.1896,12.4759,8.9001
49.793,1.0000,1.0000,0.0000,6,100.34,0.2574,0.1926,6347.49,0.0,10.496,35.7164,25.7975,21.6882,19.861,19.0768,18.6884,18.3642,18.1411,17.9247,17.7147,17.5109,17.2354,16.9298,16.3784,15.3566,13.8758,12.2052,8.73284
49.811,1.0000,1.0000,0.0000,6,100.09,0.2389,0.1993,6361.99,0.0,11.189,35.7845,25.5771,21.4059,19.5617,18.7721,18.3816,18.0557,17.8316,17.6142,17.4034,17.1989,16.9227,16.6202,16.0764,15.0701,13.6139,11.9746,8.57975
49.830,1.0000,1.0000,0.0000,5.0,99.81,0.2202,0.2031,6115.72,0.0,11.841,36.2488,25.5396,21.245,19.3608,18.5567,18.1595,17.8285,17.6009,17.3803,17.1665,16.9592,16.6794,16.3736,15.8334,14.8365,13.3964,11.7783,8.4387
49.848,1.0000,1.0000,0.0000,5.0,99.62,0.2012,0.2046,6869.24,0.0,12.4447,37.0959,25.6632,21.187,19.242,18.4153,18.0077,17.6684,17.4353,17.2096,16.9909,16.779,16.4931,16.1809,15.6344,14.6426,13.2117,11.6071,8.30626
49.867,1.0000,1.0000,0.0000,5.0,99.30,0.1821,0.2040,6883.06,0.0,12.919,38.3666,25.9476,21.2276,19.2004,18.3431,17.9214,17.5707,17.33,17.0971,16.8717,16.6534,16.3592,16.0382,15.4771,14.4815,13.0542,11.4566,8.18088
49.893,1.0000,1.0000,0.0000,5.0,98.97,0.1629,0.2017,6621.87,0.0,13.1907,40.1727,26.4155,21.3757,19.2416,18.3444,17.9042,17.5387,17.2882,17.046,16.8118,16.5851,16.28,15.9475,15.3673,14.3516,12.9226,11.3258,8.06228
49.911,1.0000,0.0000,0.0000,5.0,98.97,0.1436,0.1974,6988.09,0.0,13.3012,42.7093,27.1071,21.649,19.3769,18.4285,17.9646,17.5801,17.317,17.0629,16.8174,16.5801,16.261,15.9139,15.3092,14.2555,12.8167,11.2146,7.95052
49.930,1.0000,0.0000,0.0000,5.0,98.90,0.1242,0.1920,6641.8,0.0,13.3177,46.1463,28.0259,22.0384,19.596,18.585,18.0922,17.6847,17.4062,17.1377,16.8786,16.6284,16.2925,15.9276,15.2936,14.1931,12.7271,11.1154,7.84268
49.949,1.0000,0.0000,0.0000,5.0,98.54,0.1049,0.1861,6577.5,0.0,13.2929,50.6785,29.1596,22.5252,19.8816,18.7975,18.2712,17.8371,17.541,17.2559,16.9811,16.7162,16.3611,15.976,15.3087,14.1555,12.6439,11.0209,7.73666
49.968,1.0000,0.0000,0.0000,5.0,98.13,0.0857,0.1796,6547.42,0.0,13.2286,56.9279,30.5862,23.1401,20.2534,19.0823,18.5165,18.051,17.7342,17.4296,17.1366,16.8545,16.4769,16.0685,15.3625,14.1489,12.5714,10.9335,7.63338
49.993,1.0000,0.0000,0.0000,5.0,97.72,0.0666,0.1725,6520.38,0.0,13.1321,65.9884,32.4008,23.9143,20.7297,19.4539,18.8407,18.3379,17.9965,17.6688,17.3542,17.0519,16.648,16.2121,15.4613,14.1776,12.5224,10.854,7.53335
50.011,1.0000,0.0000,0.0000,5.0,97.29,0.0477,0.1650,6492.65,0.0,13.0211,79.8238,34.6932,24.8636,21.3151,19.914,19.2447,18.6978,18.3274,17.9728,17.633,17.307,16.8726,16.4049,15.6023,14.2389,12.4963,10.779,7.43538
50.030,1.0000,0.0000,0.0000,5.0,96.86,0.0291,0.1575,6464.85,0.0,12.9076,91.2969,37.5886,26.0076,22.015,20.4647,19.7292,19.1306,18.7265,18.3405,17.9714,17.6182,17.1485,16.6445,15.7831,14.3297,12.4904,10.7055,7.33859
50.049,1.0000,0.0000,0.0000,5.0,96.41,0.0106,0.1499,6436.8,0.0,12.7868,99.5214,41.374,27.4155,22.8666,21.1344,20.3191,19.6586,19.2143,18.791,18.3873,18.002,17.491,16.9444,16.0147,14.4582,12.5096,10.6404,7.24374
50.067,1.0000,0.0000,0.0000,5.0,95.96,-0.0076,0.1419,6408.19,0.0,12.6567,106.724,46.5283,29.1844,23.9181,21.9587,21.0451,20.309,19.8157,19.3472,18.9018,18.4778,17.9175,17.3203,16.3098,14.633,12.5592,10.595,7.15138
50.093,1.0000,0.0000,0.0000,5.0,95.48,-0.0256,0.1334,6378.78,0.0,12.5151,115.004,53.9436,31.4633,25.2395,22.9887,21.9507,21.1197,20.5654,20.041,19.5442,19.0727,18.452,17.7934,16.6856,14.8658,12.646,10.5733,7.06235
50.111,1.0000,0.0000,0.0000,5.0,94.98,-0.0433,0.1240,6347.94,0.0,12.3541,125.437,65.6746,34.544,26.9668,24.3233,23.1208,22.1656,21.5321,20.9353,20.3723,19.8402,19.1427,18.4066,17.1772,15.1811,12.7848,10.5839,6.9788
50.130,1.0000,0.0000,0.0000,5.0,94.46,-0.0607,0.1139,6315.98,0.0,12.1815,138.338,82.9767,38.8046,29.2373,26.0515,24.6271,23.5063,22.7682,22.0767,21.4275,20.8169,20.0209,19.1859,17.8031,15.589,12.9797,10.628,6.90017
50.148,1.0000,0.0000,0.0000,5.0,93.94,-0.0778,0.1034,6283.28,0.0,12.0058,81.4874,93.8558,44.8878,32.2487,28.2931,26.5628,25.2173,24.3389,23.5214,22.7588,22.0456,21.1217,20.1598,18.583,16.0986,13.233,10.7052,6.82542
50.168,1.0000,0.0000,0.0000,5.0,93.41,-0.0946,0.0927,6250.0,0.0,11.8323,60.866,102.287,54.0537,36.3266,31.2352,29.0701,27.412,26.3411,25.3527,24.4375,23.5879,22.4958,21.369,19.5439,16.7227,13.5483,10.8157,6.75354
50.193,1.0000,0.0000,0.0000,5.0,92.87,-0.1110,0.0820,6216.22,0.0,11.6644,50.0389,111.175,69.1246,42.0391,35.1805,32.3725,30.2637,28.9207,27.6938,26.5687,25.5333,24.2153,22.8703,20.7232,17.4784,13.9307,10.9601,6.6837
50.211,1.0000,1.0000,0.0000,5.0,92.32,-0.1272,0.0715,6180.68,0.0,11.5066,42.876,121.911,85.5817,50.3924,40.6019,36.7988,34.0163,32.276,30.7073,29.2862,27.9928,26.3661,24.7282,22.1592,18.3793,14.3815,11.1366,6.61482
50.230,1.0000,1.0000,0.0000,5.0,92.03,-0.1429,0.0620,6697.17,0.0,11.3657,37.8937,134.437,94.9064,63.2384,48.2115,42.799,38.9764,36.6421,34.5741,32.7295,31.0739,29.0223,26.9908,23.8705,19.4216,14.8905,11.337,6.55167
50.249,1.0000,1.0000,0.0000,5.0,91.90,-0.1585,0.0531,6829.44,0.0,11.2365,34.1942,147.422,102.446,80.7139,59.746,51.4503,45.8831,42.5949,39.7493,37.2627,35.0714,32.4075,29.824,25.958,20.649,15.473,11.5667,6.49778
50.268,0.7153,1.0000,0.0000,5.0,91.82,-0.1738,0.0446,6913.93,0.0,11.113,31.2945,68.098,110.807,90.698,77.5291,65.1862,56.2945,51.3008,47.1241,43.5793,40.5334,36.9251,33.5209,28.5936,22.1342,16.1551,11.8357,6.45439
50.292,-0.0000,1.0000,0.0000,5.0,91.78,-0.1888,0.0364,6973.42,0.0,10.9933,28.9454,56.7083,120.789,98.304,88.3161,81.6619,73.5604,65.2241,58.4633,52.9761,48.4339,43.2481,38.5393,32.0199,23.9643,16.9614,12.1514,6.42231
50.311,-0.0000,1.0000,0.0000,5.0,91.75,-0.2038,0.0285,7017.79,0.0,10.877,27.0003,48.8859,132.564,105.863,96.133,90.8994,85.717,81.4298,76.1674,68.3105,60.7778,52.6558,45.6866,36.6191,26.2549,17.9185,12.5198,6.40157
50.330,-0.0000,1.0000,0.0000,5.0,91.77,-0.2185,0.0212,7052.84,0.0,10.7666,25.3817,43.2373,144.719,114.658,103.237,98.0548,93.7195,90.3866,86.7657,82.7192,77.942,67.7617,56.4238,42.9676,29.1355,19.0427,12.94,6.39098
50.349,-0.0000,1.0000,0.0000,5.0,91.87,-0.2332,0.0152,7081.03,0.0,10.6696,24.0661,39.1095,72.0209,124.576,111.049,104.997,100.233,97.0955,94.0223,90.7548,87.2234,81.5945,72.8918,51.8123,32.6754,20.308,13.3916,6.38595
50.368,-0.0000,1.0000,0.0000,5.0,92.07,-0.2475,0.0001,7102.8,0.0,10.5863,22.9949,36.0113,61.4478,134.827,119.573,112.501,106.981,103.368,99.9983,96.8485,93.7913,89.1877,83.1935,64.6709,37.0294,21.7093,13.8652,6.38454
50.393,-0.0000,1.0000,0.0000,5.0,92.30,-0.2606,-0.0174,7119.27,0.0,10.5147,22.115,33.6247,54.3505,144.497,128.625,120.533,114.146,109.993,106.139,102.554,99.2099,94.8794,89.7762,77.8828,42.4381,23.2495,14.3562,6.38646
50.411,-0.0000,1.0000,0.0000,5.0,92.56,-0.2724,-0.0334,7130.82,0.0,10.4531,21.3869,31.7492,49.2725,153.466,137.216,128.82,121.669,116.91,112.516,108.45,104.674,99.8216,94.8137,84.8484,49.2398,24.9279,14.859,6.39123
50.430,-0.0000,1.0000,0.0000,5.0,92.85,-0.2828,-0.0478,7142.33,0.0,10.3995,20.7788,30.2482,45.4896,65.5681,145.135,136.548,129.196,124.046,119.073,114.48,110.235,104.809,99.2438,89.8852,57.9478,26.7457,15.3699,6.39898
50.450,-0.0000,1.0000,0.0000,5.0,93.13,-0.2920,-0.0612,7178.71,0.0,10.349,20.2506,28.9948,42.5107,59.3368,152.547,143.806,136.301,131.032,125.846,120.763,116.002,109.948,103.777,93.9414,69.4874,28.7637,15.9035,6.41218
50.468,-0.0000,1.0000,0.0000,5.0,93.41,-0.2998,-0.0739,7222.84,0.0,10.2969,19.7679,27.8931,40.0237,54.4396,66.4856,150.839,143.206,137.835,132.539,127.325,122.2,115.439,108.589,97.7659,77.1373,31.0992,16.4856,6.43403
50.486,-0.0000,1.0000,0.0000,5.0,93.72,-0.3065,-0.0863,7263.37,0.0,10.2408,19.3129,26.8931,37.8689,50.4062,60.4842,67.7477,150.038,144.58,139.189,133.871,128.633,121.448,113.822,101.88,82.3433,33.8872,17.1366,6.46655
50.512,-0.0000,1.0000,0.0000,5.0,94.04,-0.3118,-0.0985,7295.45,0.0,10.1798,18.8777,25.971,35.9638,46.9934,55.5756,61.5925,68.1777,151.302,145.828,140.419,135.084,127.746,119.579,106.356,86.5992,37.2855,17.8718,6.51096
50.531,-0.0000,1.0000,0.0000,5.0,94.38,-0.3159,-0.1104,7318.94,0.0,10.1138,18.4597,25.1153,34.2629,44.0605,51.4757,56.5697,61.9432,66.4675,152.435,146.949,141.527,134.056,125.711,111.238,90.2854,41.4926,18.7027,6.56768
50.549,-0.0000,1.0000,0.0000,5.0,94.73,-0.3188,-0.1220,7335.05,0.0,10.0432,18.0583,24.3194,32.7355,41.5142,48.0021,52.3834,56.94,60.7181,65.0385,72.3208,147.92,140.333,131.838,116.557,93.6506,46.7843,19.6389,6.63684
50.568,-0.0000,1.0000,0.0000,5.0,95.09,-0.3204,-0.1333,7346.72,0.0,9.96819,17.6724,23.5774,31.3571,39.2844,45.0238,48.8437,52.7697,55.9893,59.6321,63.7871,69.6082,146.531,137.905,122.271,97.1773,53.5696,20.6911,6.71856
50.587,-0.5124,1.0000,0.0000,5.0,95.47,-0.3208,-0.1442,7354.24,0.0,9.88888,17.3011,22.8841,30.1072,37.3166,42.4436,45.8138,49.243,52.0295,55.1548,58.6845,62.7017,72.6083,143.869,127.976,100.923,62.4917,21.8709,6.81304
50.611,-0.6855,1.0000,0.0000,5.0,95.85,-0.3199,-0.1539,7358.5,0.0,9.81186,16.9709,22.284,29.0549,35.6986,40.3556,43.3867,46.4467,48.9153,51.6652,54.7472,58.225,63.9176,149.171,133.074,104.516,69.9071,23.0813,6.91181
50.631,-0.5512,1.0000,0.0000,5.0,96.25,-0.3184,-0.1568,7360.11,0.0,9.77962,16.8579,22.0885,28.7249,35.205,39.7287,42.6647,45.6222,48.0034,50.651,53.6119,56.9451,62.3832,150.254,134.132,105.258,71.3,23.5161,6.95518
50.649,-0.1731,1.0000,0.0000,5.0,96.75,-0.3166,-0.1499,7347.69,0.0,9.81584,17.0567,22.4628,29.394,36.2415,41.069,44.2234,47.4179,50.0023,52.889,56.134,59.808,66.4637,145.212,129.311,101.654,67.1365,22.6925,6.90801
50.668,-0.0000,1.0000,0.0000,5.0,97.49,-0.3143,-0.1377,7285.55,0.0,9.88844,17.4348,23.177,30.6846,38.2681,43.7171,47.3246,51.0164,54.0321,57.4314,61.292,66.5628,145.587,137.023,121.517,96.1983,57.4333,21.3542,6.8189
50.687,-0.0000,1.0000,0.0000,5.0,98.27,-0.3110,-0.1278,7171.26,0.0,9.93841,17.7394,23.7732,31.7987,40.0675,46.1124,50.1631,54.3493,57.8,61.7235,68.1458,146.271,138.764,130.366,115.235,92.0535,50.686,20.4239,6.76377
50.712,-0.0000,1.0000,0.0000,5.0,98.94,-0.3064,-0.1206,7070.42,0.0,9.95953,17.94,24.1895,32.6118,41.4242,47.9549,52.3737,56.9767,60.7991,66.4608,146.509,141.137,133.741,125.485,110.793,89.1401,46.8831,19.8655,6.74579
50.731,-0.0000,1.0000,0.0000,5.0,99.53,-0.3007,-0.1153,7011.22,0.0,9.9576,18.058,24.4603,33.175,42.4014,49.3115,54.0226,58.9609,63.4364,147.99,142.609,137.299,129.996,121.86,107.631,87.0241,44.6347,19.5483,6.75555
50.749,-0.0000,1.0000,0.0000,6,100.06,-0.2941,-0.1114,6975.77,0.0,9.93781,18.1135,24.6207,33.5457,43.0808,50.281,55.219,60.4253,67.0128,144.936,139.605,134.348,127.127,119.093,105.28,85.4158,43.2747,19.3899,6.78602
50.768,-0.0000,1.0000,0.0000,6,100.31,-0.2867,-0.1084,6399.45,0.0,9.90505,18.1262,24.7062,33.7862,43.5584,50.9869,56.1062,61.7355,147.801,142.442,137.156,131.948,124.8,116.857,103.412,84.0956,42.4157,19.3305,6.83123
50.787,-0.0000,1.0000,0.0000,6,100.23,-0.2787,-0.1058,6413.89,0.0,9.86332,18.1114,24.7446,33.9459,43.9117,51.5313,56.8048,63.2176,145.595,140.277,135.032,129.87,122.791,114.934,101.823,82.9481,41.8361,19.3306,6.88654
50.813,-0.0000,1.0000,0.0000,6,100.16,-0.2701,-0.1041,6132.1,0.0,9.81066,18.0554,24.707,33.9662,44.0372,51.7677,57.1332,64.593,143.954,138.669,133.462,128.337,121.316,113.53,100.663,82.0962,41.6557,19.4172,6.95379
50.831,-0.0000,1.0000,0.0000,6,100.34,-0.2612,-0.1033,6300.81,0.0,9.74845,17.9612,24.5977,33.8522,43.9399,51.6984,57.0914,65.6129,142.844,137.587,132.408,127.314,120.338,112.609,99.8904,81.5219,41.8296,19.5829,7.03143
50.849,-0.0000,1.0000,0.0000,6,100.70,-0.2520,-0.1030,6326.67,0.0,9.67983,17.8418,24.4408,33.6486,43.693,51.4235,56.7997,66.1657,142.078,136.844,131.689,126.621,119.683,111.999,99.3654,81.126,42.2336,19.8012,7.11618
50.868,-0.0000,1.0000,0.0000,6,101.06,-0.2426,-0.1029,6344.34,0.0,9.60789,17.7108,24.263,33.4069,43.3831,51.0625,56.4038,66.5554,141.449,136.236,131.104,126.059,119.155,111.512,98.9385,80.7996,42.735,20.0434,7.20476
50.887,-0.0000,1.0000,0.0000,6,101.43,-0.2331,-0.1029,6362.61,0.0,9.53419,17.5748,24.0766,33.15,43.0492,50.6693,55.9692,146.134,140.866,135.674,130.563,125.541,118.67,111.068,98.5453,80.4949,43.2748,20.2959,7.29542
50.912,-0.0000,1.0000,0.0000,6,101.79,-0.2235,-0.1029,6382.8,0.0,9.45934,17.436,23.8856,32.8854,42.7035,50.2605,55.5162,145.551,140.302,135.13,130.041,125.041,118.204,110.642,98.1664,80.1976,43.834,20.5544,7.3875
50.930,-0.0000,1.0000,0.0000,6,102.15,-0.2137,-0.1030,6404.5,0.0,9.38356,17.2949,23.6909,32.6149,42.3487,49.8397,55.0489,144.98,139.751,134.6,129.532,124.555,117.75,110.227,97.7973,79.9049,44.4091,20.8177,7.48073
50.949,-0.0000,1.0000,0.0000,6,102.52,-0.2039,-0.1031,6427.9,0.0,9.30691,17.1518,23.4931,32.3392,41.9859,49.4086,54.5698,144.422,139.212,134.082,129.035,124.08,117.308,109.823,97.4371,79.6153,44.9991,21.0855,7.57506
50.968,-0.0000,1.0000,0.0000,6,102.88,-0.1940,-0.1032,6452.16,0.0,9.22966,17.0071,23.2927,32.0593,41.617,48.9693,54.0815,143.873,138.682,133.572,128.547,123.613,116.873,109.428,97.0836,79.3272,45.6011,21.3568,7.67016
50.987,-0.0000,1.0000,0.0000,6,103.24,-0.1840,-0.1033,6480.68,0.0,9.15192,16.8614,23.0908,31.7769,41.2442,48.5251,53.5881,143.327,138.156,133.066,128.062,123.151,116.442,109.036,96.733,79.038,46.2117,21.6306,7.76591
51.012,-0.0000,1.0000,0.0000,6,103.60,-0.1740,-0.1034,6504.52,0.0,9.0738,16.7151,22.8882,31.4939,40.8711,48.0809,53.0954,142.776,137.625,132.555,127.572,122.683,116.007,108.639,96.3792,78.7435,46.8245,21.9058,7.86217
51.030,-0.0000,1.0000,0.0000,6,103.97,-0.1640,-0.1035,6526.83,0.0,8.99516,16.5678,22.6841,31.2089,40.4952,47.6333,52.5995,142.226,137.094,132.045,127.084,122.217,115.573,108.243,96.0262,78.4479,47.444,22.1834,7.9591
51.050,-0.1201,1.0000,0.0000,6,104.34,-0.1538,-0.1036,6549.52,0.0,8.91613,16.4197,22.479,30.9221,40.1169,47.1827,52.1006,141.677,136.565,131.536,126.596,121.751,115.14,107.848,95.6744,78.1528,48.0703,22.463,8.05657
51.068,-0.2615,1.0000,0.0000,6,104.70,-0.1438,-0.1020,6573.37,0.0,8.85045,16.3342,22.3959,30.8712,40.1393,47.2887,52.3414,140.105,135.029,130.037,125.137,120.334,113.785,106.568,94.6108,77.3878,47.9099,22.5714,8.13562
51.087,-0.0000,1.0000,0.0000,6,105.03,-0.1343,-0.0964,6601.64,0.0,8.81721,16.3967,22.6028,31.385,41.1319,48.7554,55.0665,136.22,131.219,126.307,121.491,116.778,110.361,103.315,91.9933,75.574,46.0542,22.2889,8.16994
51.112,-0.0000,1.0000,0.0000,6,105.37,-0.1254,-0.0890,6626.07,0.0,8.80164,16.5363,22.9637,32.212,42.6926,51.119,138.366,131.351,126.447,121.639,116.933,112.334,106.088,99.373,88.8276,73.283,43.6821,21.8448,8.18099
51.131,-0.0000,1.0000,0.0000,6,105.76,-0.1165,-0.0857,6636.4,0.0,8.75598,16.5268,23.0281,32.455,43.2429,52.3328,135.814,128.874,124.027,119.28,114.637,110.106,103.958,97.4513,87.2535,72.0968,42.9594,21.7782,8.23212
51.149,-0.0000,1.0000,0.0000,6,106.14,-0.1076,-0.0846,6653.81,0.0,8.69479,16.4378,22.931,32.3718,43.2129,52.6586,134.513,127.618,122.807,118.096,113.491,108.999,102.909,96.4996,86.4495,71.4881,42.9973,21.8975,8.30349
51.169,-0.0000,1.0000,0.0000,6,106.51,-0.0988,-0.0843,6676.37,0.0,8.6279,16.3184,22.7716,32.161,42.9533,52.5442,133.687,126.827,122.041,117.357,112.78,108.317,102.268,95.9076,85.9319,71.0963,43.3168,22.0869,8.38237
51.187,-0.0000,1.0000,0.0000,6,106.88,-0.0901,-0.0843,6701.87,0.0,8.55925,16.1884,22.5901,31.9045,42.6102,52.2514,133.033,126.203,121.44,116.779,112.225,107.787,101.774,95.4439,85.5161,70.7793,43.7386,22.3016,8.4637
51.212,-0.0000,1.0000,0.0000,6,107.26,-0.0814,-0.0844,6729.0,0.0,8.49022,16.0552,22.4015,31.6327,42.2392,51.8991,132.437,125.636,120.893,116.253,111.723,107.308,101.328,95.0231,85.1343,70.4841,44.1968,22.5248,8.54567
51.231,-0.0000,1.0000,0.0000,6,107.63,-0.0727,-0.0846,6756.65,0.0,8.42105,15.921,22.2108,31.3564,41.8597,51.534,131.858,125.083,120.362,115.744,111.235,106.842,100.895,94.6141,84.7616,70.192,44.6679,22.7511,8.62789
51.249,-0.0000,1.0000,0.0000,6,108.01,-0.0640,-0.0847,6780.88,0.0,8.35189,15.7866,22.0195,31.0791,41.4782,51.1736,131.28,124.533,119.832,115.236,110.749,106.379,100.464,94.2063,84.3896,69.897,45.1436,22.9784,8.71018
51.268,-0.0000,1.0000,0.0000,6,108.39,-0.0553,-0.0849,6797.33,0.0,8.28241,15.6515,21.8273,30.8,41.0944,50.8183,130.703,123.984,119.303,114.728,110.264,105.916,100.033,93.7995,84.0182,69.5986,45.6122,23.2077,8.79292
51.286,-0.0000,1.0000,0.0000,6,108.77,-0.0466,-0.0850,6822.78,0.0,8.21292,15.5167,21.6356,30.5225,40.7133,50.4844,130.117,123.426,118.766,114.212,109.77,105.445,99.5951,93.3858,83.6411,69.2927,46.0079,23.4366,8.8757
51.312,-0.0000,1.0000,0.0000,6,109.15,-0.0379,-0.0852,6850.66,0.0,8.14325,15.3817,21.444,30.2453,40.3332,50.1695,129.525,122.861,118.222,113.69,109.271,104.968,99.151,92.9674,83.26,68.9809,46.3385,23.6661,8.95875
51.331,-0.3392,1.0000,0.0000,6,109.53,-0.0291,-0.0854,6878.31,0.0,8.07336,15.2464,21.252,29.9679,39.9534,49.8753,128.928,122.293,117.675,113.165,108.767,104.487,98.7032,92.5458,82.8764,68.6637,46.6153,23.8964,9.04209
51.350,-0.6855,1.0000,0.0000,6,109.89,-0.0205,-0.0834,6905.57,0.0,8.01927,15.1868,21.2126,29.9993,40.127,53.0523,127.157,120.584,116.014,111.552,107.205,102.978,97.2699,91.2474,81.7924,67.8572,46.2378,23.9199,9.10084
51.369,-0.8163,1.0000,0.0000,6,110.17,-0.0126,-0.0759,6939.25,0.0,8.00808,15.3305,21.586,30.8789,41.8508,129.991,122.412,115.994,111.54,107.201,102.981,98.8862,93.4133,87.8228,79.0002,65.8048,44.3023,23.4205,9.09399
51.388,-0.8481,1.0000,0.0000,6,110.39,-0.0056,-0.0636,6975.21,0.0,8.03811,15.6703,22.372,32.6592,46.3384,122.624,115.307,109.137,104.869,100.724,96.7046,92.8581,87.9581,82.9697,75.0311,62.6994,41.0673,22.5334,9.0301
51.412,-0.8481,1.0000,0.0000,6,110.56,0.0002,-0.0479,7009.97,0.0,8.10448,16.1913,23.5676,35.437,127.504,113.698,106.738,100.899,96.8798,93.0107,89.4212,86.105,81.8651,77.5168,70.5305,58.8152,37.3181,21.441,8.92494
51.431,-0.8198,1.0000,0.0000,6,110.69,0.0048,-0.0292,7043.45,0.0,8.20872,16.9147,25.2623,39.6008,116.768,103.737,97.232,91.8468,88.3233,85.0663,82.047,79.2406,75.6285,71.8963,65.8355,54.2518,33.6285,20.2418,8.78593
51.449,-0.6501,1.0000,0.0000,6,110.80,0.0079,-0.0081,7075.71,0.0,8.35065,17.8623,27.5758,132.752,105.456,93.3768,87.6448,83.1897,80.2822,77.5767,75.0532,72.6941,69.6383,66.458,60.8557,49.1507,30.2452,19.025,8.62269
51.468,-0.2014,1.0000,0.0000,6,110.91,0.0095,0.0142,7104.31,0.0,8.52592,19.0383,30.6262,119.802,94.3648,83.9034,79.2352,75.5684,73.1569,70.8996,68.7827,66.7934,64.1883,61.238,55.6003,43.7528,27.3168,17.872,8.44745
51.487,-0.0000,1.0000,0.0000,6,111.06,0.0097,0.0366,7128.71,0.0,8.72848,20.4375,34.5533,107.514,84.5437,76.0174,72.1562,69.0962,67.0707,65.1655,63.3485,61.5286,58.9591,55.9892,50.3099,38.3123,24.8709,16.8297,8.27026
51.512,-0.0000,1.0000,0.0000,6,111.31,0.0085,0.0564,7129.56,0.0,8.93078,21.8913,39.083,97.297,77.255,70.0491,66.7471,64.1129,62.3204,60.5185,58.7053,56.8804,54.3041,51.3267,45.6313,34.0662,23.0322,15.9932,8.11298
51.530,-0.0000,1.0000,0.0000,6,111.73,0.0064,0.0676,7085.12,0.0,9.06466,22.8498,44.0367,91.448,73.3057,66.7505,63.7288,61.2422,59.4582,57.6643,55.8603,54.0455,51.4855,48.5297,42.8854,32.0022,22.0732,15.533,8.01587
51.550,-0.0000,1.0000,0.0000,6,112.14,0.0032,0.0725,7064.19,0.0,9.14473,23.3436,131.514,88.5284,71.3009,65.0374,62.1395,59.6775,57.9091,56.1323,54.3467,52.5521,50.0235,47.1088,41.561,31.1132,21.6335,15.3075,7.95685
51.568,-0.0000,1.0000,0.0000,6,112.54,-0.0010,0.0736,7072.0,0.0,9.19438,23.5342,129.86,87.2263,70.3209,64.1666,61.3137,58.8768,57.1279,55.3721,53.609,51.8388,49.3479,46.4821,41.0477,30.8207,21.466,15.2065,7.91636
51.587,-0.0000,1.0000,0.0000,6,112.93,-0.0060,0.0729,7099.73,0.0,9.23321,23.592,129.125,86.5915,69.765,63.6446,60.8108,58.4001,56.6715,54.9373,53.1976,51.4526,49.0,46.1837,40.8627,30.7703,21.4077,15.1539,7.88124
51.612,-0.0000,1.0000,0.0000,6,113.31,-0.0116,0.0719,7132.05,0.0,9.27396,23.6332,128.558,86.0723,69.2795,63.1792,60.359,57.974,56.2652,54.5523,52.8352,51.1144,48.6991,45.9303,40.7168,30.7543,21.3614,15.104,7.8435
51.630,-0.0000,1.0000,0.0000,6,113.69,-0.0177,0.0710,7162.97,0.0,9.32073,23.7016,127.866,85.4559,68.7291,62.6591,59.8553,57.4953,55.8057,54.1132,52.4183,50.7208,48.3413,45.618,40.5065,30.694,21.2909,15.0403,7.8009
51.649,-0.0000,1.0000,0.0000,6,114.08,-0.0241,0.0705,7190.08,0.0,9.37342,23.8014,127.009,84.7159,68.0977,62.0713,59.2888,56.9531,55.2824,53.61,51.9364,50.2619,47.9169,45.2377,40.224,30.5805,21.1928,14.9616,7.75375
51.668,-0.0000,1.0000,0.0000,6,114.48,-0.0308,0.0702,7213.49,0.0,9.4307,23.9262,126.015,83.8752,67.4002,61.4283,58.6716,56.36,54.7078,53.0551,51.4026,49.7505,47.4397,44.8035,39.8849,30.4238,21.0726,14.8712,7.70311
51.687,-0.0000,1.0000,0.0000,6,114.88,-0.0376,0.0700,7233.21,0.0,9.49202,24.0737,124.899,82.9451,66.6442,60.7365,58.0094,55.7218,54.088,52.455,50.8233,49.1936,46.9164,44.3227,39.4973,30.2288,20.9331,14.7706,7.64947
51.712,-0.0000,1.0000,0.0000,6,115.27,-0.0446,0.0699,7254.37,0.0,9.55495,24.2275,123.749,81.9924,65.8729,60.0316,57.3351,55.0714,53.456,51.8426,50.2317,48.6241,46.3804,43.8288,39.0947,30.0235,20.7877,14.6665,7.59452
51.731,-0.0000,1.0000,0.0000,6,115.67,-0.0518,0.0698,7277.33,0.0,9.6191,24.3831,122.6,81.0397,65.1003,59.3252,56.659,54.4193,52.8224,51.2284,49.6383,48.0527,45.8423,43.3322,38.6876,29.816,20.6402,14.5606,7.53841
51.749,-0.0000,1.0000,0.0000,6,116.07,-0.0590,0.0697,7300.17,0.0,9.68359,24.5376,121.456,80.0921,64.3302,58.6204,55.9843,53.7687,52.1901,50.6157,49.0463,47.4827,45.3051,42.8362,38.2797,29.6104,20.4931,14.4545,7.48191
51.768,-0.0000,1.0000,0.0000,6,116.50,-0.0663,0.0695,7294.09,0.0,9.74842,24.6915,120.313,79.1464,63.5605,57.9157,55.3094,53.1179,51.5578,50.003,48.4541,46.9125,44.7677,42.3394,37.8695,29.4057,20.3459,14.348,7.425
51.787,-0.0000,1.0000,0.0000,6,116.89,-0.0736,0.0693,7319.88,0.0,9.81346,24.8437,119.178,78.2063,62.7938,57.213,54.6364,52.469,50.9274,49.392,47.8639,46.3439,44.2316,41.8437,37.4589,29.2026,20.1994,14.2415,7.36777
51.812,-0.0000,1.0000,0.0000,6,117.28,-0.0811,0.0691,7355.05,0.0,9.87906,24.9973,118.032,77.2602,62.0223,56.5061,53.9592,51.8161,50.2929,48.7771,47.2696,45.7713,43.6914,41.3434,37.0425,28.9889,20.0513,14.134,7.31
51.831,-0.0000,1.0000,0.0000,6,117.66,-0.0884,0.0689,7395.91,0.0,9.94436,25.1506,116.873,76.3071,61.2462,55.7953,53.2785,51.1597,49.6551,48.1589,46.672,45.1955,43.1479,40.8396,36.6216,28.7651,19.9032,14.0266,7.25249
51.849,-0.0000,1.0000,0.0000,6,118.05,-0.0959,0.0688,7432.95,0.0,10.0103,25.3061,115.697,75.3443,60.4629,55.0784,52.5918,50.4977,49.0117,47.5351,46.0688,44.6139,42.5986,40.3298,36.1936,28.5283,19.7528,13.9179,7.19439
51.868,-0.0000,1.0000,0.0000,6,118.45,-0.1033,0.0686,7465.01,0.0,10.0765,25.4625,114.509,74.3743,59.6746,54.357,51.901,49.8315,48.3643,46.9074,45.4617,44.0285,42.0452,39.8156,35.7602,28.2812,19.6013,13.8085,7.13606
51.887,-0.0000,1.0000,0.0000,6,118.86,-0.1108,0.0684,7492.89,0.0,10.1428,25.6191,113.31,73.3986,58.8824,53.6321,51.2069,49.162,47.7136,46.2764,44.8515,43.44,41.4887,39.2981,35.3225,28.025,19.4493,13.6989,7.07767
51.912,-0.0000,1.0000,0.0000,6,119.26,-0.1183,0.0683,7517.32,0.0,10.2095,25.7791,112.097,72.4163,58.085,52.9029,50.5084,48.4886,47.0591,45.6416,44.2373,42.8475,40.9282,38.7762,34.8795,27.7589,19.296,13.5884,7.01889
51.930,-0.0000,1.0000,0.0000,6,119.67,-0.1258,0.0681,7537.92,0.0,10.2761,25.9642,110.867,71.4252,57.2818,52.1685,49.8053,47.8106,46.4,45.0024,43.6189,42.2508,40.3632,38.2498,34.4312,27.4836,19.1419,13.4776,6.96014
51.949,-0.0000,1.0000,0.0000,6,120.08,-0.1333,0.0680,7560.31,0.0,10.3433,26.1841,109.623,70.4263,56.4729,51.4293,49.0974,47.1279,45.7364,44.3586,42.996,41.6495,39.7937,37.7187,33.9774,27.1989,18.9862,13.3658,6.90099
51.968,-0.0000,1.0000,0.0000,6,120.50,-0.1409,0.0679,7583.78,0.0,10.4103,26.4414,108.366,69.422,55.66,50.6865,48.3861,46.4422,45.0698,43.7122,42.3703,41.0454,39.2215,37.1846,33.5199,26.9068,18.8303,13.2541,6.84189
51.987,-0.0000,1.0000,0.0000,6,120.91,-0.1484,0.0677,7599.72,0.0,10.4778,26.7433,107.094,68.4097,54.8416,49.939,47.6703,45.7518,44.3987,43.0611,41.7402,40.4371,38.6446,36.6458,33.0568,26.6057,18.6729,13.1413,6.78238
52.012,-0.0000,1.0000,0.0000,6,121.36,-0.1560,0.0676,7588.5,0.0,10.5455,27.0976,105.797,67.3856,54.015,49.1844,46.9479,45.0552,43.7215,42.4041,41.1042,39.8228,38.0621,36.1012,32.5874,26.2954,18.5139,13.0278,6.72278
52.030,-0.0000,1.0000,0.0000,6,121.77,-0.1636,0.0675,7617.7,0.0,10.6135,27.5108,104.492,66.3581,53.1857,48.4273,46.2229,44.3563,43.042,41.7449,40.4659,39.2063,37.4772,35.554,32.1147,25.9783,18.3542,12.9139,6.66293
52.050,-0.0000,1.0000,0.0000,6,122.16,-0.1712,0.0674,7659.02,0.0,10.6813,27.9933,103.178,65.3279,52.3542,47.6684,45.4959,43.6555,42.3609,41.084,39.8261,38.5882,36.8907,35.0049,31.6393,25.6557,18.1948,12.8001,6.60313
52.068,-0.0000,1.0000,0.0000,6,122.55,-0.1788,0.0673,7705.54,0.0,10.7495,28.5618,101.854,64.2944,51.52,46.9068,44.7664,42.9523,41.6774,40.4209,39.184,37.9678,36.3018,34.4533,31.1606,25.3266,18.0348,12.6859,6.54303
52.087,-0.0000,1.0000,0.0000,6,122.95,-0.1864,0.0672,7747.43,0.0,10.8174,29.2367,100.523,63.2592,50.6844,46.1439,44.0356,42.248,40.9928,39.7566,38.541,37.3464,35.7118,33.9004,30.6798,24.9925,17.8754,12.572,6.48309
52.112,-0.0000,1.0000,0.0000,6,123.36,-0.1941,0.0670,7782.5,0.0,10.8856,30.0545,99.18,62.2201,49.8456,45.3782,43.3019,41.5408,40.3054,39.0899,37.8952,36.7224,35.119,33.3445,30.1953,24.652,17.715,12.4573,6.42274
52.131,-0.0000,1.0000,0.0000,6,123.77,-0.2017,0.0669,7811.54,0.0,10.9536,31.0697,97.8288,61.179,49.005,44.6108,42.5666,40.8323,39.6168,38.4219,37.2483,36.0972,34.525,32.7871,29.7087,24.3067,17.5552,12.3431,6.3626
52.150,-0.0000,1.0000,0.0000,6,124.19,-0.2094,0.0668,7833.43,0.0,11.022,32.396,96.4649,60.1332,48.1608,43.8402,41.8281,40.1207,38.9253,37.7508,36.5985,35.4691,33.928,32.2266,29.2183,23.9551,17.3933,12.2282,6.3021
52.168,-0.0000,1.0000,0.0000,6,124.62,-0.2171,0.0666,7852.95,0.0,11.0902,34.3143,95.0858,59.0818,47.3126,43.066,41.0861,39.406,38.2306,37.0769,35.9458,34.8381,33.3281,31.663,28.7243,23.5977,17.2224,12.1133,6.24165
52.187,-0.0000,1.0000,0.0000,6,125.04,-0.2248,0.0665,7875.24,0.0,11.159,38.8887,93.6868,58.0224,46.4585,42.2867,40.3392,38.6865,37.5313,36.3984,35.2886,34.2026,32.7237,31.0949,28.2251,23.2333,17.0404,11.9974,6.18081
52.212,-0.0000,1.0000,0.0000,6,125.47,-0.2325,0.0664,7899.15,0.0,11.2278,168.412,92.2679,56.9555,45.5995,41.5031,39.588,37.9629,36.8282,35.7162,34.6277,33.5636,32.1157,30.5231,27.7218,22.8629,16.8484,11.8812,6.11996
52.231,-0.0000,1.0000,0.0000,6,125.95,-0.2402,0.0663,7869.09,0.0,11.2974,166.621,90.8143,55.8732,44.7298,40.7106,38.8282,37.231,36.1169,35.026,33.9591,32.9168,31.5002,29.9437,27.2109,22.4834,16.6447,11.7634,6.05863
52.250,-0.0000,1.0000,0.0000,6,126.36,-0.2480,0.0663,7891.77,0.0,11.3671,164.815,89.342,54.7848,43.8557,39.9141,38.0645,36.4955,35.4022,34.3325,33.2872,32.2669,30.8815,29.3611,26.6961,22.0983,16.4319,11.6452,5.99717
52.268,-0.0000,1.0000,0.0000,6,126.77,-0.2557,0.0662,7930.11,0.0,11.4371,163.005,87.8559,53.693,42.9789,39.1152,37.2982,35.7577,34.6852,33.6369,32.6132,31.6148,30.2606,28.7761,26.1784,21.7084,16.2104,11.5266,5.93554
52.286,-0.0000,1.0000,0.0000,6,127.16,-0.2635,0.0661,7982.91,0.0,11.507,161.193,86.3578,52.5991,42.1002,38.3145,36.5302,35.0183,33.9668,32.9399,31.9378,30.9613,29.6382,28.1895,25.6584,21.3143,15.9813,11.4081,5.8739
52.312,-0.0000,1.0000,0.0000,6,127.56,-0.2713,0.0661,8033.42,0.0,11.5771,159.378,84.8456,51.5018,41.2188,37.5113,35.7596,34.2764,33.246,32.2403,31.2601,30.3056,29.0134,27.6003,25.1354,20.9151,15.7438,11.2891,5.81195
52.330,-0.0000,1.0000,0.0000,6,127.97,-0.2791,0.0660,8076.59,0.0,11.6471,157.563,83.3198,50.4026,40.3357,36.7066,34.9874,33.5332,32.5239,31.5398,30.5812,29.6487,28.3874,27.0097,24.6103,20.5123,15.4994,11.1702,5.75014
52.349,-0.0000,1.0000,0.0000,6,128.39,-0.2870,0.0659,8110.77,0.0,11.7175,155.742,81.7782,49.2993,39.4494,35.8988,34.2122,32.7871,31.799,30.8364,29.8997,28.9891,27.7586,26.4161,24.0818,20.1042,15.2469,11.0444,5.68791
52.368,-0.0000,1.0000,0.0000,6,128.82,-0.2948,0.0658,8134.67,0.0,11.7876,153.923,80.2241,48.1951,38.562,35.0898,33.4357,32.0401,31.0734,30.1324,29.2174,28.3288,27.1291,25.8216,23.5518,19.6928,14.988,10.9104,5.6259
52.387,-0.0000,1.0000,0.0000,6,129.26,-0.3027,0.0657,8151.29,0.0,11.8645,152.098,78.6515,47.086,37.6707,34.277,32.6558,31.2897,30.3445,29.4252,28.5321,27.6653,26.4964,25.2238,23.018,19.2761,14.7213,10.767,5.56343
52.412,0.1922,1.0000,0.0000,6,129.69,-0.3106,0.0656,8171.85,0.0,11.9518,150.256,77.055,45.9708,36.7752,33.4602,31.8722,30.5359,29.6124,28.7149,27.8437,26.999,25.8607,24.623,22.4808,18.8548,14.4476,10.6154,5.5011
52.431,0.2491,1.0000,0.0000,6,130.10,-0.3182,0.0628,8196.88,0.0,12.009,150.531,76.7464,45.4413,36.2494,32.9495,31.3829,30.0656,29.1559,28.2722,27.415,26.5841,25.4653,24.2495,22.1472,18.5935,14.2776,10.5205,5.45333
52.450,0.2918,1.0000,0.0000,6,130.55,-0.3251,0.0548,8159.84,0.0,11.992,155.289,79.0881,46.1222,36.4771,33.0538,31.4736,30.1538,29.242,28.3563,27.4971,26.6643,25.5426,24.3236,22.2152,18.65,14.3187,10.5477,5.4371
52.468,0.2313,1.0000,0.0000,6,130.91,-0.3310,0.0444,8185.73,0.0,11.9401,162.8,82.792,47.4909,37.1067,33.4797,31.8291,30.4957,29.5751,28.6804,27.8121,26.9702,25.8356,24.6021,22.4671,18.8529,14.4579,10.6324,5.44099
52.486,-0.0000,1.0000,0.0000,6,131.26,-0.3358,0.0333,8229.04,0.0,11.8781,172.086,87.0635,49.2477,37.9328,34.0544,32.3018,30.9147,29.9832,29.0777,28.1983,27.3453,26.1953,24.9441,22.7766,19.1025,14.6291,10.7364,5.45766
52.512,-0.0000,1.0000,0.0000,6,131.63,-0.3397,0.0239,8284.23,0.0,11.8416,180.722,90.5751,50.7396,38.562,34.4607,32.6194,31.1672,30.2093,29.298,28.4129,27.5541,26.396,25.1354,22.9508,19.2445,14.7286,10.7985,5.47313
52.531,-0.0000,1.0000,0.0000,6,132.04,-0.3434,0.0196,8329.55,0.0,11.8811,184.017,91.315,50.7728,38.3323,34.1788,32.3199,30.8565,29.8924,28.9857,28.1101,27.2608,26.116,24.8705,22.7134,19.0575,14.606,10.7295,5.46068
52.550,-0.0000,1.0000,0.0000,6,132.46,-0.3468,0.0177,8371.64,0.0,11.9622,184.065,90.6539,50.0261,37.6578,33.5443,31.7059,30.2596,29.3074,28.4142,27.5556,26.7233,25.6022,24.3837,22.2758,18.7096,14.3734,10.5939,5.43058
52.569,-0.0000,1.0000,0.0000,6,132.89,-0.3499,0.0170,8405.48,0.0,12.067,182.572,89.3749,48.9365,36.7909,32.758,30.9568,29.5403,28.6079,27.7338,26.8955,26.0834,24.9905,23.804,21.7542,18.2939,14.0929,10.4273,5.39016
52.587,-0.0000,1.0000,0.0000,6,133.33,-0.3528,0.0164,8426.31,0.0,12.185,180.714,87.9363,47.7638,35.8782,31.9362,30.1762,28.7924,27.8817,27.0283,26.211,25.42,24.3565,23.2031,21.2135,17.8617,13.7988,10.2497,5.34363
52.612,-0.0000,1.0000,0.0000,6,133.78,-0.3555,0.0160,8440.8,0.0,12.3144,178.761,86.4377,46.5644,34.9513,31.1033,29.3858,28.0359,27.1475,26.3153,25.5194,24.7498,23.7159,22.5959,20.6666,17.4234,13.4978,10.0648,5.29168
52.630,-0.0000,1.0000,0.0000,6,134.22,-0.3584,0.0232,8460.41,0.0,12.457,176.635,84.8417,45.3209,33.9999,30.2515,28.5788,27.2642,26.3993,25.5891,24.815,24.0672,23.0637,21.9775,20.1096,16.9756,13.1878,9.87139,5.23387
52.650,-0.0000,1.0000,0.0000,6,134.67,-0.3622,0.0306,8468.76,0.0,12.6141,174.368,83.1514,44.0365,33.026,29.3817,27.756,26.4782,25.6375,24.8502,24.0985,23.3729,22.4001,21.3483,19.5423,16.5182,12.8684,9.66887,5.16965
52.668,-0.0000,1.0000,0.0000,6,135.18,-0.3668,0.0382,8431.08,0.0,12.7878,171.866,81.3217,42.6928,32.019,28.486,26.9098,25.6711,24.8561,24.0927,23.3641,22.6614,21.7201,20.7037,18.9607,16.0482,12.5376,9.45629,5.09889
52.687,-0.0000,1.0000,0.0000,6,135.60,-0.3723,0.0460,8463.34,0.0,12.978,169.218,79.3997,41.3166,30.9935,27.5757,26.0508,24.8522,24.0635,23.325,22.6197,21.9402,21.0309,20.0502,18.3707,15.57,12.1982,9.23515,5.02166
52.712,-0.0000,1.0000,0.0000,6,136.00,-0.3787,0.0538,8513.27,0.0,13.1834,166.585,77.4596,39.9446,29.97,26.6668,25.1929,24.0343,23.272,22.5579,21.8762,21.2198,20.3424,19.3971,17.7806,15.09,11.8547,9.00794,4.93846
52.731,-0.0000,1.0000,0.0000,6,136.40,-0.3860,0.0615,8570.16,0.0,13.4034,164.061,75.5415,38.5946,28.9583,25.767,24.3429,23.2236,22.487,21.797,21.1386,20.5052,19.6592,18.7488,17.1941,14.6112,11.5088,8.77586,4.84947
52.749,-0.0000,1.0000,0.0000,6,136.81,-0.3944,0.0691,8620.83,0.0,13.6394,161.605,73.6284,37.2577,27.9534,24.8722,23.4974,22.4168,21.7057,21.0395,20.4043,19.7935,18.9788,18.1027,16.609,14.1316,11.1595,8.53827,4.75455
52.768,0.2242,1.0000,0.0000,6,137.23,-0.4037,0.0768,8663.02,0.0,13.893,159.178,71.6975,35.9233,26.9492,23.9779,22.6521,21.61,20.9244,20.282,19.6698,19.0818,18.298,17.4562,16.0227,13.6495,10.8054,8.29441,4.65343
52.787,0.5694,1.0000,0.0000,6,137.69,-0.4137,0.0818,8651.73,0.0,14.1079,159.719,71.1906,35.1725,26.2698,23.3391,22.0341,21.0096,20.336,19.7057,19.1094,18.537,17.7748,16.9568,15.5656,13.2663,10.5148,8.08605,4.55717
52.812,0.9146,1.0000,0.0000,6,138.09,-0.4240,0.0814,8653.15,0.0,14.2102,167.202,73.8654,35.7232,26.2987,23.2541,21.9075,20.8542,20.1635,19.5185,18.9149,18.3435,17.5829,16.7671,15.3809,13.0937,10.3637,7.96065,4.47989
52.831,1.0000,1.0000,0.0000,6,138.37,-0.4341,0.0772,8703.2,0.0,14.229,184.254,79.009,37.4321,26.9042,23.6075,22.1651,21.0434,20.3111,19.6294,18.9934,18.3988,17.6238,16.7948,15.3871,13.0684,10.3101,7.89368,4.41696
52.850,1.0000,1.0000,0.0000,6,138.57,-0.4440,0.0703,8771.04,0.0,14.1895,200.0,86.1415,40.4335,28.066,24.3638,22.7682,21.5374,20.7386,19.9984,19.3106,18.6699,17.8434,16.9845,15.5353,13.1522,10.3282,7.86934,4.36485
52.868,1.0000,1.0000,0.0000,6,138.69,-0.4536,0.0604,8845.55,0.0,14.0851,200.0,95.6969,45.7233,30.0936,25.7211,23.8773,22.4713,21.5663,20.7328,19.9629,19.2494,18.3345,17.3928,15.8635,13.3737,10.4359,7.89793,4.32634
52.887,1.0000,1.0000,0.0000,6,138.79,-0.4627,0.0478,8920.78,0.0,13.9289,61.8721,107.521,53.7231,33.3787,27.8926,25.6512,23.9694,22.8992,21.9221,21.0265,20.2027,19.1544,18.0853,16.3799,13.7337,10.6329,7.97816,4.30105
52.912,0.8078,1.0000,0.0000,6,138.87,-0.4712,0.0333,8992.49,0.0,13.7411,51.882,121.222,64.0757,38.6031,31.2043,28.3173,26.2006,24.8747,23.6782,22.5931,21.6048,20.3605,19.1063,17.1363,14.2199,10.9096,8.10343,4.28715
52.931,0.2705,1.0000,0.0000,6,138.98,-0.4793,0.0178,9011.32,0.0,13.5433,45.5142,139.162,76.2799,46.8416,36.198,32.2274,29.4094,27.6829,26.1498,24.7794,23.5471,22.017,20.4986,18.16,14.812,11.2484,8.26242,4.28173
52.949,-0.0000,1.0000,0.0000,6,139.10,-0.4866,0.0034,9019.28,0.0,13.3672,41.1514,163.085,88.9082,56.6854,43.4101,37.6525,33.7246,31.3886,29.3574,27.5749,25.9985,24.0747,22.2012,19.3835,15.4858,11.5964,8.4253,4.27891
52.968,-0.0000,1.0000,0.0000,6,139.21,-0.4933,-0.0093,9046.94,0.0,13.2243,37.9815,200.0,100.991,66.8516,51.9549,44.9207,39.4258,36.1582,33.3931,31.0231,28.9694,26.5154,24.1789,20.7602,16.2107,11.9187,8.5733,4.27499
52.987,-0.0000,1.0000,0.0000,6,139.42,-0.4995,-0.0180,9079.66,0.0,13.1445,35.8992,200.0,110.794,75.4899,59.5368,51.7808,45.5377,41.4293,37.7326,34.632,32.0046,28.935,26.081,22.0205,16.8195,12.1245,8.65626,4.25913
53.013,-0.0000,1.0000,0.0000,6,139.78,-0.5054,-0.0222,9099.72,0.0,13.135,34.6848,200.0,117.696,81.6124,65.0431,56.85,50.1617,45.7035,41.5406,37.7413,34.5408,30.879,27.5463,22.9206,17.186,12.1838,8.6502,4.22652
53.031,-0.0000,1.0000,0.0000,6,140.19,-0.5110,-0.0230,9108.71,0.0,13.173,33.9756,200.0,122.877,85.78,68.8378,60.3762,53.4086,48.7271,44.3243,40.2241,36.5228,32.3302,28.5852,23.4952,17.353,12.1412,8.58018,4.18301
53.050,-0.0000,1.0000,0.0000,6,140.64,-0.5163,-0.0213,9106.36,0.0,13.2406,33.6004,75.7706,126.455,88.3578,71.1944,62.5734,55.4392,50.6225,46.0723,41.8165,37.8778,33.2593,29.1961,23.7652,17.3488,12.0183,8.46179,4.13167
53.069,-0.0000,1.0000,0.0000,6,141.11,-0.5213,-0.0176,9102.81,0.0,13.3263,33.456,72.7317,128.529,89.6653,72.3816,63.6754,56.4519,51.5635,46.9354,42.5963,38.5715,33.6847,29.4107,23.769,17.2055,11.8352,8.30809,4.07491
53.087,-0.0000,1.0000,0.0000,6,141.60,-0.5260,-0.0124,9089.61,0.0,13.4233,33.4719,72.1211,129.316,89.9945,72.662,63.9228,56.6659,51.7515,47.0957,42.7286,38.6745,33.6763,29.2951,23.5607,16.9586,11.6111,8.13014,4.01449
53.112,0.2206,1.0000,0.0000,6,142.10,-0.5306,-0.0059,9076.04,0.0,13.5275,33.6071,73.0959,128.997,89.541,72.2171,63.4853,56.2394,51.3361,46.6923,42.3401,38.3044,33.3026,28.9086,23.1854,16.6352,11.3598,7.94024,3.95157
53.131,0.6513,1.0000,0.0000,6,142.59,-0.5351,0.0010,9070.35,0.0,13.6281,33.7692,74.7488,128.29,88.8269,71.5351,62.83,55.613,50.7345,46.1208,41.8009,37.8008,32.8317,28.4561,22.7768,16.3045,11.1131,7.75819,3.8886
53.150,0.9075,1.0000,0.0000,6,143.02,-0.5395,0.0068,9079.18,0.0,13.7004,33.7646,74.4902,128.761,88.935,71.6359,62.9245,55.7025,50.8194,46.2003,41.8747,37.8683,32.85,28.3769,22.6153,16.1092,10.9363,7.6145,3.83162
53.169,0.9502,1.0000,0.0000,6,143.38,-0.5437,0.0105,9100.81,0.0,13.7306,33.4929,71.2571,131.412,90.469,73.0883,64.3144,57.0221,52.0797,47.3936,42.9929,38.905,33.7443,28.9521,22.871,16.1304,10.8643,7.52515,3.78333
53.188,0.8434,1.0000,0.0000,6,143.63,-0.5479,0.0116,9172.27,0.0,13.7095,32.8976,66.0046,137.383,93.8945,76.3456,67.4386,59.9993,54.9312,50.1017,45.5412,41.2785,35.8546,30.531,23.7353,16.4491,10.9286,7.50336,3.7457
53.212,0.5587,1.0000,0.0000,6,143.80,-0.5519,0.0088,9276.58,0.0,13.6219,31.8944,59.5904,149.408,100.067,82.2469,73.1295,65.4542,60.1835,55.1218,50.2981,45.7415,39.8669,33.9376,25.6719,17.2461,11.1952,7.57549,3.72223
53.231,0.1175,1.0000,0.0000,6,144.01,-0.5558,0.0024,9315.91,0.0,13.4758,30.5881,53.3664,179.162,108.994,90.7481,81.385,73.434,67.9254,62.5866,57.443,52.5248,46.0735,39.4089,29.2323,18.6656,11.6961,7.74921,3.71518
53.250,-0.0000,1.0000,0.0000,6,144.25,-0.5594,-0.0061,9339.98,0.0,13.297,29.1926,48.1055,200.0,121.567,100.905,91.3216,83.1224,77.397,71.8019,66.3604,61.0972,54.0795,46.6552,34.7992,20.8002,12.4207,8.0106,3.72731
53.269,-0.0000,1.0000,0.0000,6,144.56,-0.5630,-0.0125,9348.13,0.0,13.1456,28.0821,44.5563,200.0,135.385,110.1,100.034,91.6742,85.8083,80.0478,74.4097,68.9163,61.5127,53.5467,40.4184,23.1935,13.1633,8.26877,3.7424
53.287,-0.0000,1.0000,0.0000,6,145.02,-0.5666,-0.0179,9329.33,0.0,13.0605,27.4456,42.7311,200.0,145.45,116.372,105.186,96.715,90.7904,84.958,79.2353,73.6405,66.0619,57.8452,44.0832,24.9942,13.6635,8.42845,3.74571
53.312,-0.0000,1.0000,0.0000,6,145.53,-0.5692,-0.0230,9303.04,0.0,13.0194,27.1175,41.8793,200.0,151.149,119.663,107.739,99.0305,93.0921,87.2425,81.4977,75.8749,68.2454,59.9481,45.9658,26.099,13.9429,8.5095,3.74255
53.331,-0.0000,1.0000,0.0000,6,145.93,-0.5708,-0.0258,9396.89,0.0,12.9978,26.9393,41.4859,200.0,154.245,121.078,108.759,99.8647,93.9351,88.0949,82.3583,76.7426,69.1216,60.8286,46.8276,26.7633,14.1022,8.55335,3.73945
53.351,-0.0000,1.0000,0.0000,6,146.41,-0.5716,-0.0282,9419.86,0.0,12.9744,26.7785,41.1634,200.0,157.211,122.183,109.524,100.435,94.5197,88.6935,82.9715,77.3709,69.7691,61.4959,47.5165,27.379,14.263,8.60392,3.74218
53.370,-0.0000,1.0000,0.0000,6,146.95,-0.5716,-0.0301,9397.88,0.0,12.951,26.6446,40.9382,200.0,159.564,122.8,109.894,100.654,94.7505,88.9455,83.2456,77.6693,70.102,61.87,47.9613,27.8674,14.4125,8.6569,3.75008
53.387,-0.0000,1.0000,0.0000,6,147.49,-0.5707,-0.0313,9375.19,0.0,12.9296,26.5485,40.8384,200.0,160.553,122.736,109.72,100.418,94.5285,88.7547,83.0882,77.5463,70.033,61.8666,48.0882,28.1817,14.5358,8.70723,3.7623
53.412,-0.0000,1.0000,0.0000,6,148.01,-0.5691,-0.0318,9364.03,0.0,12.9106,26.4932,40.8658,200.0,159.793,121.975,108.991,99.7186,93.8618,88.1275,82.5042,77.0089,69.5688,61.4949,47.9072,28.3211,14.6289,8.75315,3.7782
53.431,-0.0000,1.0000,0.0000,6,148.52,-0.5669,-0.0316,9369.75,0.0,12.8941,26.4755,41.0118,200.0,157.45,120.594,107.771,98.6116,92.8061,87.1198,81.5491,76.112,68.7632,60.805,47.4602,28.3073,14.6928,8.79418,3.79703
53.450,-0.0000,1.0000,0.0000,6,149.01,-0.5642,-0.0309,9391.22,0.0,12.8814,26.5002,41.2912,200.0,153.772,118.596,106.06,97.0943,91.3551,85.7264,80.22,74.8535,67.6139,59.7969,46.7485,28.1371,14.7206,8.82657,3.81738
53.469,-0.0000,1.0000,0.0000,6,149.49,-0.5612,-0.0299,9422.62,0.0,12.8677,26.5367,41.6168,200.0,150.078,116.471,104.247,95.4934,89.8137,84.247,78.8096,73.519,66.3959,58.7283,45.9901,27.9356,14.7465,8.86136,3.84021
53.487,-0.0000,1.0000,0.0000,6,149.97,-0.5579,-0.0291,9465.4,0.0,12.8503,26.5647,41.9255,200.0,146.947,114.521,102.576,94.006,88.3828,82.8782,77.5084,72.2917,65.2842,57.7609,45.3194,27.7757,14.7916,8.90476,3.86564
53.513,-0.0000,1.0000,0.0000,6,150.31,-0.5544,-0.0287,9618.24,0.0,12.8274,26.5705,42.1723,200.0,144.579,112.924,101.185,92.751,87.1805,81.7347,76.4287,71.2811,64.3789,56.9879,44.8087,27.6989,14.8697,8.96114,3.89394
53.532,-0.0000,1.0000,0.0000,6,150.81,-0.5509,-0.0285,9634.64,0.0,12.7998,26.5575,42.363,200.0,142.788,111.621,100.031,91.6965,86.1765,80.7851,75.5387,70.4551,63.6488,56.3765,44.4303,27.6866,14.9762,9.02842,3.92446
53.550,-0.0000,1.0000,0.0000,6,151.35,-0.5472,-0.0285,9615.94,0.0,12.77,26.5394,42.5394,200.0,141.209,110.43,98.966,90.7194,85.2486,79.9098,74.72,69.6981,62.9858,55.8267,44.0989,27.6918,15.0955,9.10109,3.95634
53.569,-0.0000,1.0000,0.0000,6,151.87,-0.5435,-0.0285,9608.05,0.0,12.7392,26.5236,42.7233,200.0,139.684,109.261,97.9201,89.7569,84.335,79.049,73.917,68.9572,62.3364,55.2889,43.7743,27.6908,15.2195,9.17603,3.98901
53.587,-0.0000,1.0000,0.0000,6,152.38,-0.5396,-0.0285,9611.33,0.0,12.7079,26.5127,42.9247,200.0,138.156,108.084,96.8675,88.7889,83.4164,78.1848,73.1104,68.2116,61.683,54.7472,43.4421,27.676,15.3453,9.25231,4.02233
53.612,-0.0000,1.0000,0.0000,6,152.88,-0.5358,-0.0284,9625.87,0.0,12.6763,26.5079,43.1471,200.0,136.61,106.891,95.8004,87.8087,82.4861,77.309,72.2927,67.4567,61.0198,54.1957,43.0983,27.6453,15.4715,9.32916,4.05606
53.631,-0.0000,1.0000,0.0000,6,153.36,-0.5318,-0.0284,9649.41,0.0,12.6445,26.5091,43.39,200.0,135.059,105.687,94.7267,86.8215,81.5492,76.4268,71.4694,66.6956,60.352,53.6374,42.7468,27.6005,15.5902,9.40658,4.09011
53.650,-0.0000,1.0000,0.0000,6,153.84,-0.5279,-0.0283,9678.92,0.0,12.6123,26.5152,43.6506,200.0,133.511,104.486,93.6532,85.8342,80.6132,75.5465,70.648,65.9356,59.6847,53.08,42.3918,27.545,15.6976,9.48499,4.12457
53.669,-0.0000,1.0000,0.0000,6,154.29,-0.5239,-0.0283,9729.33,0.0,12.5797,26.5267,43.931,200.0,131.972,103.29,92.5828,84.8508,79.681,74.6694,69.8297,65.18,59.0202,52.5237,42.0337,27.4793,15.7937,9.56411,4.15927
53.688,-0.0000,1.0000,0.0000,6,154.76,-0.5199,-0.0283,9767.98,0.0,12.5468,26.5431,44.2296,200.0,130.449,102.103,91.5211,83.8723,78.7552,73.7973,69.0177,64.4297,58.3605,51.9705,41.6756,27.4047,15.8795,9.64422,4.1943
53.712,-0.0000,1.0000,0.0000,6,155.24,-0.5158,-0.0283,9794.68,0.0,12.5136,26.565,44.5497,200.0,128.936,100.921,90.4626,82.8969,77.831,72.9287,68.2071,63.6815,57.7018,51.418,41.3143,27.3205,15.9546,9.72499,4.22953
53.731,-0.0000,1.0000,0.0000,6,155.72,-0.5118,-0.0283,9819.45,0.0,12.4802,26.593,44.8939,200.0,127.424,99.7393,89.4042,81.9216,76.9078,72.0609,67.3981,62.9333,57.044,50.8641,40.9479,27.226,16.0192,9.80631,4.26495
53.750,-0.0000,1.0000,0.0000,6,156.19,-0.5077,-0.0283,9845.56,0.0,12.4466,26.6277,45.2644,200.0,125.911,98.5563,88.3444,80.9442,75.9826,71.1918,66.5874,62.1847,56.3839,50.3082,40.5773,27.1205,16.0729,9.88756,4.30056
53.769,-0.0000,1.0000,0.0000,6,156.67,-0.5036,-0.0283,9871.49,0.0,12.413,26.6692,45.6651,200.0,124.396,97.3712,87.2821,79.965,75.0556,70.3211,65.7747,61.4338,55.7221,49.7489,40.1997,27.0043,16.1157,9.96301,4.33618
53.788,-0.0000,1.0000,0.0000,6,157.14,-0.4995,-0.0282,9895.86,0.0,12.3815,26.7181,46.0969,200.0,122.877,96.1827,86.2164,78.9826,74.1262,69.4473,64.9604,60.6803,55.0568,49.1858,39.8164,26.8783,16.1483,10.0312,4.37196
53.812,-0.0000,1.0000,0.0000,6,157.61,-0.4954,-0.0282,9920.94,0.0,12.3523,26.7741,46.5634,200.0,121.352,94.9899,85.1472,77.9967,73.1938,68.5711,64.1436,59.9242,54.3898,48.6182,39.4271,26.7414,16.1712,10.0926,4.40804
53.831,-0.0000,1.0000,0.0000,6,158.09,-0.4913,-0.0282,9935.57,0.0,12.3259,26.838,47.0671,200.0,119.824,93.7941,84.0759,77.0077,72.258,67.6928,63.3239,59.1663,53.7195,48.0482,39.0321,26.595,16.1835,10.1467,4.44403
53.850,-0.0000,1.0000,0.0000,6,158.59,-0.4871,-0.0282,9939.68,0.0,12.3019,26.9092,47.6093,200.0,118.299,92.5998,83.0058,76.0198,71.3234,66.8146,62.5048,58.4086,53.0486,47.4776,38.6329,26.4401,16.1872,10.1941,4.4803
53.869,-0.0000,1.0000,0.0000,6,159.04,-0.4830,-0.0282,9971.43,0.0,12.2807,26.989,48.1975,200.0,116.765,91.3995,81.9294,75.0261,70.384,65.9322,61.6822,57.6467,52.3733,46.9012,38.2274,26.2751,16.1806,10.2345,4.51657
53.887,-0.0000,1.0000,0.0000,6,159.49,-0.4788,-0.0282,10013.8,0.0,12.2621,27.077,48.8351,200.0,115.228,90.1961,80.8508,74.0297,69.4418,65.0472,60.8568,56.8824,51.6952,46.3209,37.8154,26.1009,16.1649,10.2682,4.55278
53.912,-0.0000,1.0000,0.0000,6,159.94,-0.4746,-0.0282,10058.7,0.0,12.2464,27.1739,49.5266,200.0,113.685,88.9887,79.7684,73.0304,68.4975,64.16,60.0296,56.1159,51.0154,45.7373,37.3986,25.9175,16.1399,10.2953,4.58661
53.931,-0.0000,1.0000,0.0000,6,160.39,-0.4704,-0.0282,10098.5,0.0,12.2335,27.2798,50.2797,200.0,112.138,87.7783,78.6826,72.0277,67.5499,63.2702,59.199,55.3468,50.332,45.1504,36.9762,25.7258,16.1063,10.3154,4.6174
53.950,-0.0000,1.0000,0.0000,6,160.84,-0.4662,-0.0282,10131.9,0.0,12.2233,27.3948,51.0998,200.0,110.592,86.5667,77.5968,71.0237,66.6014,62.3791,58.3682,54.5761,49.6472,44.5613,36.5492,25.5259,16.0643,10.3294,4.64521
53.969,-0.0000,1.0000,0.0000,6,161.30,-0.4621,-0.0267,10160.9,0.0,12.2162,27.519,51.9941,200.0,109.046,85.3551,76.5102,70.0183,65.6523,61.4879,57.5365,53.8054,48.9614,43.97,36.1179,25.3178,16.0137,10.3368,4.67007
53.987,-0.0000,1.0000,0.0000,6,161.76,-0.4582,-0.0244,10186.2,0.0,12.2117,27.6525,52.9744,200.0,107.503,84.1441,75.424,69.0144,64.7034,60.5972,56.7053,53.0345,48.275,43.3769,35.683,25.1033,15.9554,10.338,4.69196
54.012,-0.0000,1.0000,0.0000,6,162.23,-0.4548,-0.0221,10204.0,0.0,12.2103,27.7964,54.0597,200.0,105.953,82.9281,74.3336,68.0067,63.7508,59.7036,55.8708,52.2601,47.5849,42.7801,35.2421,24.8803,15.8888,10.333,4.71082
54.031,-0.0000,1.0000,0.0000,6,162.69,-0.4516,-0.0198,10230.5,0.0,12.212,27.9511,55.2689,200.0,104.392,81.7057,73.2367,66.992,62.7933,58.8045,55.0322,51.4821,46.89,42.1784,34.7956,24.6486,15.8137,10.3217,4.72665
54.050,-0.0000,1.0000,0.0000,6,163.15,-0.4488,-0.0175,10259.1,0.0,12.2168,28.117,56.6269,200.0,102.828,80.4797,72.1374,65.9747,61.8333,57.9032,54.1909,50.7011,46.1934,41.5733,34.3435,24.4097,15.7311,10.3042,4.73957
54.069,-0.0000,1.0000,0.0000,6,163.60,-0.4463,-0.0151,10288.2,0.0,12.2246,28.2943,58.1669,200.0,101.261,79.2513,71.0351,64.9557,60.8708,56.9993,53.347,49.9183,45.4933,40.9644,33.8866,24.1632,15.6404,10.2805,4.74934
54.088,-0.0000,1.0000,0.0000,6,164.05,-0.4442,-0.0128,10317.5,0.0,12.2356,28.483,59.9424,200.0,99.6929,78.0219,69.9332,63.934,59.9071,56.0953,52.5027,49.1339,44.7925,40.3536,33.4264,23.91,15.5425,10.2511,4.75616
54.113,-0.0000,1.0000,0.0000,6,164.51,-0.4425,-0.0104,10347.9,0.0,12.2497,28.6841,62.0393,200.0,98.1218,76.7893,68.8272,62.9106,58.9421,55.1887,51.6573,48.3477,44.089,39.7401,32.9603,23.6494,15.437,10.2156,4.75992
54.131,-0.0000,1.0000,0.0000,6,164.96,-0.4410,-0.0081,10378.4,0.0,12.2672,28.8972,64.6097,200.0,96.5479,75.5549,67.7204,61.8841,57.9739,54.2805,50.8087,47.5598,43.3832,39.1236,32.4904,23.3821,15.3246,10.1744,4.76077
54.151,-0.0000,1.0000,0.0000,6,165.41,-0.4400,-0.0057,10407.4,0.0,12.288,29.1242,67.7804,200.0,94.9676,74.315,66.6078,60.8546,57.0024,53.3688,49.9569,46.7679,42.6733,38.5024,32.0149,23.1076,15.2045,10.127,4.75842
54.169,-0.0000,1.0000,0.0000,6,165.80,-0.4393,-0.0034,10494.0,0.0,12.3122,29.3649,71.0336,200.0,93.3798,73.0704,65.4916,59.8203,56.0274,52.4538,49.1025,45.9735,41.9607,37.878,31.5345,22.8263,15.0773,10.0741,4.75323
54.188,-0.0000,1.0000,0.0000,6,166.27,-0.4390,-0.0010,10509.6,0.0,12.3397,29.6196,74.2862,200.0,91.7911,71.8249,64.374,58.7842,55.0509,51.5379,48.2468,45.1778,41.2462,37.2513,31.0501,22.5386,14.9433,10.0155,4.74487
54.207,-0.0000,1.0000,0.0000,6,166.74,-0.4390,0.0014,10515.2,0.0,12.3708,29.8894,77.5444,200.0,90.1984,70.5755,63.2531,57.7457,54.0711,50.6186,47.388,44.3789,40.5287,36.6202,30.5604,22.2438,14.8021,9.95099,4.73346
54.232,0.1424,1.0000,0.0000,6,167.21,-0.4394,0.0038,10526.2,0.0,12.4053,30.1747,80.8116,200.0,88.5991,69.3219,62.1285,56.7032,53.0889,49.6966,46.5264,43.5775,39.8081,35.9858,30.0667,21.9432,14.6546,9.88108,4.71913
54.251,0.3701,1.0000,0.0000,6,167.66,-0.4399,0.0037,10541.5,0.0,12.4087,30.1751,79.7244,200.0,89.384,69.5156,62.1636,56.7244,53.107,49.7122,46.5399,43.5882,39.8152,35.9902,30.0662,21.9377,14.6476,9.87458,4.71502
54.269,0.4626,1.0000,0.0000,6,168.06,-0.4401,-0.0018,10568.5,0.0,12.3389,29.5548,71.1723,200.0,96.0518,73.1559,64.92,59.094,55.3388,51.805,48.4935,45.4043,41.4455,37.4215,31.1746,22.6026,14.9644,10.0181,4.73927
54.288,0.5445,1.0000,0.0000,6,168.39,-0.4395,-0.0118,10608.2,0.0,12.2074,28.4773,60.3639,200.0,111.226,81.028,70.8774,63.8851,59.6851,55.8971,52.3312,48.9873,44.6784,40.2742,33.3977,23.941,15.6002,10.3068,4.79156
54.307,0.5231,1.0000,0.0000,6,168.68,-0.4380,-0.0247,10655.0,0.0,12.0374,27.2025,51.6246,200.0,179.874,94.4993,80.76,71.6554,66.3207,61.7299,57.7329,54.0623,49.2959,44.38,36.6285,25.8909,16.5152,10.7174,4.86765
54.332,0.2563,1.0000,0.0000,6,168.88,-0.4354,-0.0396,10739.4,0.0,11.8412,25.8613,45.3274,158.467,200.0,124.855,96.9877,83.9481,76.5987,70.4379,65.1989,60.6896,55.2944,49.7722,40.9356,28.5117,17.7264,11.2501,4.96704
54.351,-0.0000,1.0000,0.0000,6,169.09,-0.4317,-0.0559,10792.1,0.0,11.6283,24.5355,40.4498,123.98,200.0,199.349,164.057,104.227,92.9582,83.8997,76.4547,70.2296,63.049,56.4628,46.3928,31.8914,19.2645,11.9098,5.08896
54.370,-0.0000,1.0000,0.0000,6,169.36,-0.4268,-0.0707,10822.2,0.0,11.4331,23.438,37.0385,92.4992,200.0,200.0,200.0,176.648,124.245,102.296,91.2865,82.4226,72.5673,63.8524,52.025,35.4829,20.8929,12.5947,5.217
54.388,-0.0000,1.0000,0.0000,6,169.75,-0.4212,-0.0791,10823.2,0.0,11.3019,22.8053,35.2953,77.6126,200.0,200.0,200.0,200.0,180.278,152.828,104.114,92.5105,80.118,69.4924,55.6771,37.899,22.0193,13.0784,5.31879
54.414,-0.0000,1.0000,0.0000,6,170.19,-0.4147,-0.0830,10812.6,0.0,11.2108,22.457,34.435,71.6562,166.576,200.0,200.0,200.0,193.162,172.891,117.932,99.3351,85.0263,73.0176,57.7555,39.2491,22.6981,13.3959,5.40262
54.432,-0.0000,1.0000,0.0000,6,170.66,-0.4072,-0.0837,10801.0,0.0,11.1446,22.2888,34.1007,69.6486,152.814,200.0,200.0,200.0,199.467,179.21,152.855,102.792,87.2748,74.5378,58.5497,39.7664,23.0287,13.5894,5.47522
54.451,-0.0000,1.0000,0.0000,6,171.13,-0.3990,-0.0822,10795.6,0.0,11.0934,22.2379,34.1065,69.8251,150.885,200.0,200.0,200.0,200.0,180.024,155.421,103.23,87.3225,74.4521,58.3561,39.6936,23.1105,13.6958,5.54123
54.469,-0.0000,1.0000,0.0000,6,171.60,-0.3901,-0.0794,10800.9,0.0,11.0498,22.2534,34.3111,71.1974,153.071,200.0,200.0,200.0,198.161,177.964,152.53,101.542,86.0412,73.4072,57.5854,39.2915,23.053,13.7532,5.60443
54.488,-0.0000,1.0000,0.0000,6,172.05,-0.3807,-0.0761,10821.5,0.0,11.007,22.2915,34.5945,73.0321,158.23,200.0,200.0,200.0,194.696,174.79,147.042,99.1835,84.3131,72.0453,56.6279,38.7876,22.9531,13.7969,5.66866
54.507,-0.0000,1.0000,0.0000,6,172.50,-0.3710,-0.0727,10842.4,0.0,10.9621,22.3275,34.8863,74.8841,200.0,200.0,200.0,200.0,191.295,171.545,139.482,96.9666,82.6416,70.7287,55.7031,38.3066,22.8617,13.844,5.73478
54.531,-0.0000,1.0000,0.0000,6,172.94,-0.3612,-0.0695,10865.5,0.0,10.9148,22.354,35.1614,76.5878,200.0,200.0,200.0,200.0,188.331,168.616,115.713,95.0779,81.1747,69.5631,54.8759,37.881,22.7923,13.8988,5.80236
54.551,-0.0000,1.0000,0.0000,6,173.38,-0.3514,-0.0664,10889.6,0.0,10.8659,22.3712,35.4174,78.1017,200.0,200.0,200.0,200.0,185.839,166.103,111.818,93.4964,79.9202,68.5562,54.1486,37.51,22.7428,13.9597,5.87047
54.569,-0.0000,1.0000,0.0000,6,173.82,-0.3418,-0.0635,10914.5,0.0,10.8163,22.3822,35.6598,79.4418,200.0,200.0,200.0,200.0,183.743,163.971,109.261,92.1542,78.84,67.6782,53.5043,37.1818,22.7072,14.0235,5.93796
54.588,-0.0000,1.0000,0.0000,6,174.26,-0.3323,-0.0607,10939.3,0.0,10.7669,22.3884,35.8902,80.6159,200.0,200.0,200.0,200.0,181.992,162.212,107.441,91.017,77.9118,66.9128,52.9311,36.888,22.6822,14.0882,6.00421
54.607,-0.0000,1.0000,0.0000,6,174.69,-0.3231,-0.0580,10964.2,0.0,10.7185,22.3942,36.1215,81.6812,200.0,200.0,200.0,200.0,180.459,160.693,106.01,90.007,77.0768,66.2175,52.4026,36.613,22.6591,14.1507,6.06845
54.632,-0.0000,1.0000,0.0000,6,175.13,-0.3142,-0.0554,10984.2,0.0,10.6719,22.4023,36.3615,82.6795,200.0,200.0,200.0,200.0,179.059,159.328,104.802,89.0762,76.3004,65.5655,51.9022,36.346,22.6335,14.2084,6.13
54.650,-0.0000,1.0000,0.0000,6,175.57,-0.3056,-0.0527,11004.5,0.0,10.6275,22.4152,36.6154,83.6346,200.0,200.0,200.0,198.967,177.739,158.054,103.718,88.1909,75.5588,64.9394,51.4181,36.0802,22.6025,14.2604,6.18854
54.669,-0.0000,1.0000,0.0000,6,176.00,-0.2974,-0.0501,11031.9,0.0,10.5855,22.4335,36.887,84.5582,200.0,200.0,200.0,197.532,176.477,156.856,102.73,87.3427,74.8431,64.3332,50.9465,35.8138,22.5645,14.3058,6.24403
54.688,-0.0000,1.0000,0.0000,6,176.43,-0.2895,-0.0475,11062.4,0.0,10.5464,22.4581,37.1792,85.4549,200.0,200.0,200.0,196.162,175.266,155.72,101.821,86.5243,74.1497,63.7426,50.485,35.5457,22.5191,14.3444,6.29599
54.707,-0.0000,1.0000,0.0000,6,176.85,-0.2820,-0.0450,11093.6,0.0,10.5099,22.4892,37.4936,86.3249,200.0,200.0,200.0,194.848,174.102,154.641,100.98,85.7311,73.4754,63.1669,50.0326,35.274,22.4666,14.3758,6.34455
54.732,-0.0000,1.0000,0.0000,6,177.27,-0.2748,-0.0424,11122.1,0.0,10.4766,22.5279,37.8323,87.1115,200.0,200.0,200.0,193.578,172.972,153.604,100.196,84.9561,72.8149,62.6006,49.5861,34.9972,22.4058,14.4001,6.38962
54.750,-0.0000,1.0000,0.0000,6,177.70,-0.2681,-0.0398,11148.0,0.0,10.4464,22.5745,38.1918,87.7991,200.0,200.0,200.0,192.337,171.864,152.599,99.4474,84.1949,72.1628,62.0415,49.1437,34.7157,22.3356,14.417,6.43112
54.769,-0.0000,1.0000,0.0000,6,178.12,-0.2618,-0.0373,11173.1,0.0,10.4193,22.6297,38.552,88.4071,200.0,200.0,200.0,191.109,170.768,151.606,98.7269,83.4422,71.5158,61.4849,48.7032,34.4273,22.2575,14.4265,6.4689
54.788,-0.0000,1.0000,0.0000,6,178.57,-0.2558,-0.0347,11175.5,0.0,10.3956,22.6939,38.9104,88.9416,200.0,200.0,200.0,189.902,169.688,150.634,98.0338,82.6982,70.8752,60.9332,48.2652,34.1326,22.1706,14.4286,6.50308
54.807,-0.0000,1.0000,0.0000,6,179.00,-0.2503,-0.0322,11198.1,0.0,10.3752,22.7678,39.2691,89.4199,200.0,200.0,200.0,188.689,168.602,149.657,97.3484,81.9551,70.2319,60.3794,47.8261,33.8302,22.0741,14.4229,6.53355
54.832,-0.0000,1.0000,0.0000,6,179.41,-0.2452,-0.0296,11229.0,0.0,10.3584,22.8517,39.6295,89.8498,200.0,200.0,200.0,187.469,167.511,148.675,96.659,81.208,69.5859,59.8236,47.3853,33.5202,21.9684,14.4097,6.56027
54.851,-0.0000,1.0000,0.0000,6,179.82,-0.2405,-0.0270,11265.6,0.0,10.345,22.9461,39.9899,90.2319,200.0,200.0,200.0,186.251,166.421,147.694,95.9808,80.464,68.9404,59.2681,46.9447,33.2077,21.8543,14.3893,6.5834
54.870,-0.0000,1.0000,0.0000,6,180.23,-0.2362,-0.0244,11300.0,0.0,10.3353,23.0512,40.3513,90.5722,200.0,200.0,200.0,185.028,165.327,146.711,95.3105,79.722,68.2929,58.7111,46.5021,32.8947,21.7316,14.3613,6.60276
54.888,-0.0000,1.0000,0.0000,6,180.64,-0.2323,-0.0218,11327.9,0.0,10.3291,23.1675,40.7125,90.8723,200.0,200.0,200.0,183.806,164.233,145.726,94.6477,78.9784,67.6453,58.1531,46.0599,32.5807,21.6002,14.3264,6.61845
54.906,-0.0000,1.0000,0.0000,6,181.06,-0.2289,-0.0192,11352.7,0.0,10.3268,23.2955,41.075,91.1372,200.0,200.0,200.0,182.584,163.138,144.743,93.9964,78.237,66.9958,57.594,45.6163,32.2664,21.4601,14.2839,6.63034
54.931,-0.0000,1.0000,0.0000,6,181.50,-0.2259,-0.0166,11354.0,0.0,10.328,23.4352,41.4373,91.3676,200.0,200.0,200.0,181.366,162.047,143.765,93.3649,77.5001,66.3479,57.0363,45.1735,31.9522,21.3124,14.2349,6.63861
54.951,-0.0000,1.0000,0.0000,6,181.93,-0.2233,-0.0140,11361.5,0.0,10.3333,23.5875,41.8001,91.5658,200.0,200.0,200.0,180.145,160.953,142.782,92.7463,76.7632,65.6982,56.476,44.7291,31.637,21.1565,14.1786,6.64311
54.969,-0.0000,1.0000,0.0000,6,182.33,-0.2212,-0.0114,11391.0,0.0,10.3423,23.7525,42.1639,91.738,200.0,200.0,200.0,178.915,159.852,141.795,92.1321,76.0263,65.0458,55.9146,44.2831,31.3209,20.9925,14.1156,6.64402
54.988,-0.0000,1.0000,0.0000,6,182.73,-0.2195,-0.0088,11430.1,0.0,10.3553,23.9314,42.5296,91.8856,200.0,200.0,200.0,177.677,158.745,140.798,91.518,75.2852,64.3895,55.3503,43.8352,31.0035,20.8205,14.0457,6.64108
55.007,-0.0000,1.0000,0.0000,6,183.12,-0.2182,-0.0062,11470.0,0.0,10.3723,24.1242,42.8951,92.007,200.0,200.0,200.0,176.44,157.637,139.804,90.925,74.5486,63.7335,54.7849,43.3869,30.6861,20.641,13.969,6.63452
55.031,-0.0000,1.0000,0.0000,6,183.51,-0.2174,-0.0035,11502.4,0.0,10.3934,24.3292,43.2616,92.104,200.0,200.0,200.0,175.201,156.528,138.807,90.3516,73.8124,63.0755,54.2187,42.9378,30.3676,20.4537,13.8858,6.62417
55.051,-0.0000,1.0000,0.0000,6,183.92,-0.2170,-0.0009,11528.1,0.0,10.4185,24.5361,43.6281,92.1769,200.0,200.0,200.0,173.963,155.421,137.813,89.8002,73.0786,62.4181,53.6526,42.4885,30.0488,20.2595,13.7961,6.61026
55.069,-0.0000,1.0000,0.0000,6,184.33,-0.2171,0.0017,11548.2,0.0,10.4479,24.7437,43.9958,92.2296,200.0,200.0,200.0,172.724,154.309,136.816,89.2763,72.3462,61.7585,53.0848,42.0376,29.7291,20.0577,13.6997,6.59256
55.088,-0.0000,1.0000,0.0000,6,184.78,-0.2176,0.0044,11523.2,0.0,10.4816,24.9516,44.364,92.2624,200.0,200.0,200.0,171.479,153.195,135.815,88.7708,71.6133,61.0967,52.5149,41.5855,29.4088,19.8487,13.5969,6.57117
55.106,-0.0000,1.0000,0.0000,6,185.18,-0.2186,0.0071,11550.3,0.0,10.5195,25.1603,44.7341,92.278,200.0,200.0,200.0,170.224,152.072,134.803,88.2849,70.8777,60.4317,51.9425,41.1316,29.0872,19.6329,13.4878,6.54609
55.132,-0.0000,1.0000,0.0000,6,185.56,-0.2201,0.0097,11589.6,0.0,10.5619,25.3695,45.1051,92.276,200.0,200.0,200.0,168.964,150.945,133.788,87.8365,70.1434,59.7645,51.3683,40.6762,28.7647,19.4149,13.3723,6.51733
55.151,-0.0000,1.0000,0.0000,6,185.94,-0.2220,0.0124,11634.2,0.0,10.6086,25.5787,45.4757,92.2554,200.0,200.0,200.0,167.704,149.818,132.775,87.4405,69.413,59.0971,50.7939,40.2208,28.442,19.1969,13.2509,6.48505
55.169,-0.0000,1.0000,0.0000,6,186.32,-0.2243,0.0151,11671.4,0.0,10.6598,25.7883,45.847,92.2164,200.0,200.0,199.887,166.446,148.693,131.764,87.1245,68.6853,58.4302,50.2194,39.765,28.1191,18.9786,13.1234,6.44896
55.188,-0.0000,1.0000,0.0000,6,186.71,-0.2272,0.0177,11698.5,0.0,10.7156,25.9978,46.2178,92.1586,200.0,200.0,198.391,165.194,147.57,130.758,86.931,67.9644,57.7628,49.6455,39.3091,27.796,18.7598,12.9899,6.40921
55.207,-0.0000,1.0000,0.0000,6,187.10,-0.2305,0.0204,11722.2,0.0,10.776,26.2077,46.5885,92.0847,200.0,200.0,196.899,163.944,146.449,129.755,86.9292,67.2473,57.0962,49.0711,38.8529,27.4723,18.5408,12.8505,6.36591
55.231,-0.0000,1.0000,0.0000,6,187.56,-0.2343,0.0231,11682.0,0.0,10.8411,26.4186,46.9621,92.0012,200.0,200.0,195.376,162.674,145.313,128.733,87.1484,66.5231,56.4234,48.492,38.3937,27.1469,18.321,12.705,6.31888
55.251,-0.0000,1.0000,0.0000,6,187.94,-0.2385,0.0258,11706.6,0.0,10.911,26.6301,47.3377,91.9056,200.0,200.0,193.839,161.392,144.167,127.699,88.7658,65.7981,55.7463,47.9096,37.9324,26.8202,18.1003,12.5537,6.26818
55.269,-0.0000,1.0000,0.0000,6,188.32,-0.2432,0.0285,11745.6,0.0,10.9859,26.8422,47.7141,91.7969,200.0,200.0,192.3,160.106,143.018,126.664,98.4327,65.0741,55.0676,47.3258,37.4697,26.4929,17.8793,12.4002,6.21379
55.288,-0.0000,1.0000,0.0000,6,188.68,-0.2485,0.0312,11793.8,0.0,11.0657,27.0546,48.0903,91.6906,200.0,200.0,190.764,158.825,141.871,125.631,98.2691,64.3546,54.3893,46.7422,37.007,26.1653,17.658,12.2465,6.1558
55.307,-0.0000,1.0000,0.0000,6,189.04,-0.2542,0.0339,11834.9,0.0,11.1503,27.2667,48.4657,91.5955,200.0,200.0,189.239,157.551,140.729,124.605,98.0291,63.6436,53.712,46.1595,36.545,25.8378,17.4366,12.0929,6.09422
55.332,-0.0000,1.0000,0.0000,6,189.41,-0.2604,0.0366,11863.8,0.0,11.2376,27.4787,48.84,91.5112,200.0,200.0,187.729,156.285,139.596,123.59,97.7412,62.9416,53.0373,45.5783,36.0833,25.5103,17.215,11.9389,6.02899
55.351,-0.0000,1.0000,0.0000,6,189.79,-0.2670,0.0393,11887.2,0.0,11.3248,27.6905,49.2133,91.4395,200.0,200.0,186.228,155.025,138.467,122.583,97.3998,62.2494,52.364,44.9981,35.6222,25.1831,16.9934,11.785,5.96017
55.369,-0.0000,1.0000,0.0000,6,190.25,-0.2742,0.0420,11836.2,0.0,11.4124,27.9043,49.5927,91.3952,200.0,200.0,184.671,153.727,137.306,121.536,96.9101,61.5401,51.6785,44.4086,35.1552,24.8527,16.7703,11.6302,5.88766
55.388,-0.0000,1.0000,0.0000,6,190.63,-0.2819,0.0448,11859.3,0.0,11.5003,28.1192,49.9744,91.3712,200.0,200.0,183.096,152.417,136.135,120.478,96.355,60.829,50.9888,43.8159,34.6859,24.5209,16.5464,11.4749,5.81146
55.407,-0.0000,1.0000,0.0000,6,190.98,-0.2900,0.0475,11898.5,0.0,11.5883,28.3341,50.3559,91.3644,200.0,200.0,181.528,151.111,134.968,119.424,95.7888,60.1236,50.2996,43.2233,34.2166,24.1889,16.3222,11.3194,5.73277
55.432,-0.0000,1.0000,0.0000,6,191.33,-0.2987,0.0503,11949.8,0.0,11.6765,28.5493,50.7296,91.3746,200.0,200.0,179.966,149.808,133.803,118.374,95.2141,59.4263,49.6125,42.6307,33.747,23.8565,16.0977,11.1636,5.6538
55.450,-0.0000,1.0000,0.0000,6,191.68,-0.3078,0.0530,11994.5,0.0,11.7647,28.764,51.0764,91.4025,200.0,200.0,178.416,148.511,132.643,117.331,94.636,58.739,48.9306,42.0396,33.2782,23.5244,15.8733,11.0078,5.57481
55.469,-0.0000,1.0000,0.0000,6,192.03,-0.3175,0.0553,12026.1,0.0,11.853,28.9787,51.3968,91.447,200.0,200.0,176.88,147.226,131.491,116.3,94.0612,58.0636,48.2542,41.4494,32.8097,23.1923,15.6487,10.8518,5.49564
55.488,-0.0000,1.0000,0.0000,6,192.40,-0.3274,0.0553,12050.5,0.0,11.9414,29.194,51.6947,91.517,200.0,200.0,175.331,145.93,130.332,115.258,93.4489,57.3891,47.5789,40.8568,32.3397,22.8593,15.4236,10.6955,5.41636
55.507,-0.0000,1.0000,0.0000,6,192.85,-0.3372,0.0553,12002.7,0.0,12.0305,29.4124,51.978,91.6344,200.0,200.0,173.702,144.58,129.127,114.163,92.7184,56.6891,46.8904,40.252,31.8618,22.5221,15.1964,10.5381,5.33677
55.532,-0.0000,1.0000,0.0000,6,193.21,-0.3471,0.0553,12025.6,0.0,12.1195,29.6304,52.2374,91.7727,200.0,200.0,172.093,143.241,127.933,113.082,92.0096,56.0042,46.2097,39.6496,31.3851,22.1854,14.9693,10.3807,5.25708
55.551,-0.0000,1.0000,0.0000,6,193.56,-0.3571,0.0553,12063.2,0.0,12.2088,29.8486,52.4755,91.9375,200.0,200.0,170.494,141.91,126.744,112.008,91.2996,55.328,45.5336,39.0473,30.9083,21.8483,14.7418,10.2229,5.17717
55.569,-0.0000,1.0000,0.0000,6,193.89,-0.3670,0.0553,12109.9,0.0,12.2981,30.067,52.6936,92.1347,200.0,200.0,168.89,140.575,125.552,110.93,90.5803,54.6603,44.8611,38.4444,30.4311,21.511,14.5142,10.0651,5.09723
55.588,-0.0000,1.0000,0.0000,6,194.24,-0.3769,0.0553,12151.1,0.0,12.3877,30.2863,52.894,92.3696,200.0,200.0,167.276,139.232,124.352,109.845,89.8353,53.9928,44.1899,37.8386,29.9517,21.1723,14.2858,9.90669,5.01704
55.607,-0.0000,1.0000,0.0000,6,194.59,-0.3869,0.0553,12181.9,0.0,12.4774,30.5055,53.0747,92.6403,200.0,200.0,165.664,137.892,123.153,108.762,89.0924,53.3371,43.5233,37.2331,29.4726,20.8336,14.0573,9.74824,4.93681
55.632,-0.0000,1.0000,0.0000,6,194.95,-0.3969,0.0553,12205.5,0.0,12.5672,30.7252,53.2383,92.9519,200.0,200.0,164.05,136.549,121.953,107.679,88.3389,52.6872,42.8606,36.6266,28.9924,20.4942,13.8283,9.58944,4.85639
55.650,-0.0000,1.0000,0.0000,6,195.35,-0.4069,0.0553,12191.2,0.0,12.6574,30.9462,53.3872,93.3183,200.0,200.0,162.415,135.188,120.738,106.579,87.552,52.0383,42.1971,36.0158,28.5095,20.1532,13.5984,9.43011,4.77576
55.670,-0.0000,1.0000,0.0000,6,195.71,-0.4169,0.0553,12203.8,0.0,12.7477,31.1679,53.5205,93.7377,200.0,200.0,160.767,133.822,119.517,105.472,86.7523,51.3941,41.5364,35.4034,28.0253,19.8114,13.368,9.2705,4.695
55.688,-0.0000,1.0000,0.0000,6,196.06,-0.4270,0.0554,12231.5,0.0,12.8382,31.3895,53.6364,94.2123,200.0,200.0,159.129,132.461,118.299,104.372,85.9598,50.7653,40.8821,34.7912,27.541,19.4694,13.1374,9.11062,4.61408
55.707,-0.0000,1.0000,0.0000,6,196.40,-0.4370,0.0554,12267.1,0.0,12.9288,31.6114,53.7368,94.7464,200.0,200.0,157.497,131.104,117.085,103.275,85.1675,50.1496,40.2338,34.1787,27.0564,19.1269,12.9064,8.95045,4.53298
55.732,-0.0000,1.0000,0.0000,6,196.75,-0.4471,0.0554,12300.2,0.0,13.0196,31.8334,53.8217,95.3535,200.0,200.0,155.865,129.746,115.868,102.177,84.3713,49.5479,39.5907,33.5684,26.5714,18.7842,12.6752,8.79013,4.4518
55.751,-0.0000,1.0000,0.0000,6,197.09,-0.4572,0.0554,12327.4,0.0,13.1105,32.0557,53.892,96.0437,200.0,200.0,154.232,128.387,114.651,101.08,83.5683,48.9589,38.9535,32.9627,26.0857,18.4408,12.4435,8.62948,4.37045
55.769,0.1281,1.0000,0.0000,6,197.44,-0.4673,0.0554,12349.6,0.0,13.2015,32.2776,53.9475,96.8276,200.0,200.0,152.604,127.031,113.437,99.9879,82.7693,48.3899,38.3235,32.3619,25.5998,18.0973,12.2116,8.46865,4.28898
55.788,0.3594,1.0000,0.0000,6,197.80,-0.4772,0.0524,12352.7,0.0,13.2463,32.1528,53.2128,93.7036,200.0,200.0,158.748,131.013,116.488,103.664,88.5098,53.3656,39.4817,32.8178,25.7324,18.0609,12.1183,8.37302,4.22091
55.806,0.5552,1.0000,0.0000,6,198.09,-0.4861,0.0431,12366.7,0.0,13.1913,31.3354,50.9414,84.8958,200.0,200.0,200.0,149.456,130.668,116.085,103.421,88.7268,47.554,36.2789,27.3539,18.736,12.3379,8.42334,4.18395
55.832,0.6335,1.0000,0.0000,6,198.27,-0.4936,0.0285,12407.5,0.0,13.0513,30.0215,47.6508,75.1615,199.793,200.0,200.0,200.0,163.969,141.442,124.366,110.971,92.3633,48.622,31.0732,20.237,12.8891,8.62181,4.17951
55.851,0.5410,1.0000,0.0000,6,198.38,-0.4993,0.0109,12455.4,0.0,12.8635,28.5373,44.123,66.841,129.494,200.0,200.0,200.0,200.0,200.0,163.107,140.645,117.921,97.6707,39.4505,22.6363,13.743,8.94388,4.20276
55.869,0.4342,1.0000,0.0000,6,198.45,-0.5032,-0.0080,12502.1,0.0,12.6542,27.0757,40.7945,60.1219,86.4425,184.513,200.0,200.0,200.0,200.0,200.0,200.0,156.154,125.293,85.2568,26.1666,14.8975,9.37395,4.24992
55.888,0.1139,1.0000,0.0000,6,198.49,-0.5050,-0.0275,12543.9,0.0,12.4334,25.696,37.7798,54.4694,72.7068,94.2947,144.662,193.861,200.0,200.0,200.0,200.0,200.0,172.064,113.822,32.0892,16.4122,9.91775,4.32075
55.907,-0.0000,1.0000,0.0000,6,198.53,-0.5047,-0.0470,12579.3,0.0,12.2071,24.4225,35.1056,49.5422,63.805,76.199,87.3946,109.974,156.001,190.683,199.195,200.0,200.0,200.0,151.719,48.8809,18.3801,10.5858,4.41557
55.932,-0.0000,1.0000,0.0000,6,198.71,-0.5025,-0.0620,12583.1,0.0,12.0269,23.5039,33.2289,46.1338,58.4718,67.8789,75.1693,84.369,94.8882,120.829,178.086,192.456,200.0,200.0,200.0,88.6021,20.323,11.2076,4.50946
55.951,-0.0000,1.0000,0.0000,6,199.04,-0.4987,-0.0701,12542.8,0.0,11.9112,22.9955,32.2028,44.2849,55.7414,64.0368,70.1825,77.4184,84.5937,95.8155,124.258,180.2,195.338,200.0,200.0,99.9814,21.6662,11.6359,4.58658
55.969,-0.0000,0.0000,0.0000,6,199.41,-0.4930,-0.0732,12524.1,0.0,11.835,22.7424,31.6979,43.3819,54.4296,62.3481,68.1418,74.846,81.3026,90.711,111.631,158.404,191.506,200.0,200.0,103.842,22.4432,11.9026,4.65468
55.988,-0.0000,0.0000,0.0000,6,199.32,-0.4857,-0.0729,12157.5,0.0,11.7802,22.6378,31.497,43.0316,53.9334,61.8524,67.6648,74.4141,80.9528,90.5965,112.574,160.416,190.696,200.0,200.0,103.544,22.7898,12.0605,4.72003
56.007,-0.0000,0.0000,0.0000,6,198.91,-0.4771,-0.0710,12118.7,0.0,11.7306,22.5884,31.4176,42.9101,53.7983,61.8905,67.8916,74.9577,81.9593,92.8711,119.693,174.807,191.253,200.0,200.0,101.475,22.9508,12.1777,4.78895
56.032,-0.0000,0.0000,0.0000,6,198.48,-0.4675,-0.0691,12092.0,0.0,11.6743,22.5246,31.3232,42.7759,53.6749,61.9595,68.174,75.6118,83.1899,96.0187,128.234,178.511,191.788,200.0,200.0,99.4072,23.1573,12.3103,4.86589
56.051,-0.0000,0.0000,0.0000,6,198.05,-0.4572,-0.0676,12065.9,0.0,11.6072,22.4183,31.1583,42.5304,53.4081,61.8257,68.2009,75.9339,84.0155,99.0873,135.185,179.635,191.823,200.0,200.0,98.02,23.5117,12.48,4.95172
56.070,-0.0000,0.0000,0.0000,6,197.62,-0.4464,-0.0665,12040.3,0.0,11.5319,22.2777,30.9357,42.193,53.0204,61.5177,68.0003,75.9492,84.4337,101.58,140.307,179.868,191.476,200.0,200.0,97.1706,23.9971,12.6783,5.04407
56.088,-0.0000,0.0000,0.0000,6,197.18,-0.4353,-0.0657,12016.0,0.0,11.4518,22.1153,30.6784,41.8031,52.5644,61.1098,67.6693,75.7876,84.6143,103.414,144.329,179.696,190.923,200.0,200.0,96.6093,24.5786,12.8929,5.14031
56.108,-0.0000,0.0000,0.0000,6,196.75,-0.4240,-0.0650,11989.4,0.0,11.3681,21.936,30.3945,41.3727,52.056,60.6255,67.2373,75.4823,84.5952,104.689,147.378,179.262,190.219,200.0,200.0,96.2476,25.2498,13.1211,5.23928
56.133,-0.3498,0.0000,0.0000,6,196.33,-0.4126,-0.0645,11962.8,0.0,11.282,21.7425,30.0884,40.9087,51.504,60.0734,66.7144,75.0476,84.3836,105.429,149.454,178.622,189.387,199.134,200.0,96.056,26.0109,13.3704,5.33999
56.151,-0.6254,0.0000,0.0000,6,195.86,-0.4014,-0.0607,11935.6,0.0,11.2307,21.7106,30.0902,40.9807,51.8602,60.9287,68.1617,77.7073,89.9786,119.842,170.643,181.235,190.97,200.0,200.0,92.5541,26.0426,13.4602,5.41783
56.170,-0.6325,0.0000,0.0000,6,195.29,-0.3914,-0.0484,11902.7,0.0,11.2746,22.1223,30.9356,42.5213,54.9657,66.4459,77.0731,99.326,138.356,174.807,183.231,189.874,198.169,200.0,158.562,80.9301,24.2953,13.1219,5.433
56.189,-0.4346,0.0000,0.0000,6,194.66,-0.3830,-0.0295,11863.3,0.0,11.4041,22.9338,32.5649,45.5684,61.9119,82.3458,126.118,175.353,183.276,189.732,195.587,200.0,200.0,200.0,118.968,63.9368,21.8023,12.5057,5.39655
56.207,-0.0000,0.0000,0.0000,6,194.00,-0.3765,-0.0070,11820.4,0.0,11.5962,24.0629,34.8541,50.4974,77.3427,169.9,183.449,192.041,197.918,200.0,200.0,200.0,155.281,125.032,91.6168,45.8548,19.4116,11.7973,5.32762
56.232,-0.0000,0.0000,0.0000,6,193.34,-0.3720,0.0164,11777.4,0.0,11.8242,25.3999,37.6159,57.9989,163.629,189.086,198.474,200.0,200.0,200.0,148.92,130.038,110.449,94.2417,70.9124,32.8664,17.4503,11.1248,5.24342
56.252,-0.0000,0.0000,0.0000,6,192.77,-0.3692,0.0342,11738.0,0.0,12.0082,26.5005,39.9431,67.1214,182.207,200.0,200.0,200.0,147.673,129.049,114.606,103.078,90.3626,78.2118,56.7662,27.9338,16.2508,10.671,5.17859
56.269,-0.0000,0.0000,0.0000,6,192.26,-0.3679,0.0454,11705.9,0.0,12.125,27.1947,41.5289,77.1276,188.941,200.0,200.0,141.296,124.106,110.653,99.8376,90.955,80.4062,68.902,49.1818,25.8162,15.6189,10.4149,5.13552
56.288,-0.0000,0.0000,0.0000,6,191.79,-0.3683,0.0524,11677.5,0.0,12.199,27.5945,42.5453,90.4941,192.499,200.0,153.595,126.751,112.692,101.447,92.2514,84.5509,74.5089,63.5687,45.2938,24.7992,15.2761,10.2645,5.10201
56.308,-0.0000,0.0000,0.0000,6,191.35,-0.3703,0.0562,11651.7,0.0,12.2438,27.7738,43.083,103.194,194.129,200.0,143.253,119.518,106.88,96.6651,88.2382,80.9794,71.2621,60.7741,43.5551,24.3728,15.1071,10.1779,5.07295
56.333,-0.0000,0.0000,0.0000,6,190.92,-0.3740,0.0588,11627.5,0.0,12.2834,27.8776,43.4583,114.697,194.994,200.0,136.51,114.669,102.916,93.355,85.424,78.4108,68.9827,58.8811,42.5127,24.1224,14.9841,10.1033,5.03968
56.351,-0.0000,0.0000,0.0000,6,190.49,-0.3789,0.0587,11603.5,0.0,12.3214,27.9328,43.7263,124.764,195.312,200.0,131.844,111.225,100.057,90.9325,83.3397,76.495,67.3199,57.55,41.8689,23.9782,14.8856,10.0326,5.00153
56.370,-0.0000,0.0000,0.0000,6,190.07,-0.3848,0.0572,11583.8,0.0,12.3536,27.9216,43.8327,131.245,194.953,200.0,129.235,109.216,98.3449,89.4469,82.0303,75.3171,66.3461,56.8343,41.6614,23.9757,14.8259,9.97322,4.96075
56.388,-0.0000,0.0000,0.0000,6,189.65,-0.3914,0.0544,11560.8,0.0,12.3743,27.8153,43.6853,131.337,193.672,200.0,129.177,109.012,98.0854,89.153,81.7194,75.0919,66.2566,56.9094,42.0247,24.1917,14.8302,9.93587,4.91998
56.407,-0.0000,1.0000,0.0000,6,189.25,-0.3984,0.0510,11535.8,0.0,12.3909,27.672,43.443,128.825,192.013,200.0,130.212,109.569,98.4329,89.3574,81.8195,75.2354,66.5015,57.2701,42.5745,24.5147,14.8606,9.90625,4.87831
56.433,-0.0000,1.0000,0.0000,6,189.33,-0.4055,0.0477,11840.6,0.0,12.4094,27.5387,43.2385,126.854,190.415,200.0,131.129,110.029,98.6948,89.4827,81.8504,75.2864,66.6476,57.5282,43.0195,24.8387,14.8847,9.8724,4.83501
56.451,-0.0000,1.0000,0.0000,6,189.68,-0.4127,0.0449,11874.9,0.0,12.4345,27.4468,43.1701,127.263,189.18,200.0,130.976,109.725,98.3368,89.096,81.4485,74.9235,66.4005,57.4195,43.155,25.0752,14.8771,9.8248,4.78935
56.470,-0.0000,1.0000,0.0000,6,190.04,-0.4196,0.0424,11895.8,0.0,12.4628,27.3803,43.2013,129.231,188.192,200.0,130.055,108.875,97.539,88.3466,80.7424,74.2801,65.8863,57.0619,43.0809,25.2528,14.8503,9.77014,4.74319
56.488,-0.0000,1.0000,0.0000,6,190.42,-0.4264,0.0400,11901.4,0.0,12.491,27.3231,43.2785,131.714,187.285,200.0,128.867,107.837,96.5873,87.468,79.9282,73.536,65.2749,56.6099,42.9183,25.4228,14.8205,9.71467,4.69775
56.508,-0.0000,1.0000,0.0000,6,190.82,-0.4330,0.0376,11885.2,0.0,12.5167,27.273,43.3733,134.184,186.376,200.0,127.668,106.787,95.6253,86.5814,79.1059,72.7821,64.6513,56.143,42.7336,25.5815,14.798,9.66354,4.65445
56.532,-0.0000,1.0000,0.0000,6,191.17,-0.4392,0.0352,11911.3,0.0,12.5395,27.2299,43.4846,136.606,185.464,200.0,126.469,105.737,94.6625,85.6931,78.2815,72.0246,64.0215,55.6659,42.5287,25.7117,14.7846,9.61742,4.61341
56.551,-0.0000,1.0000,0.0000,6,191.50,-0.4451,0.0329,11949.9,0.0,12.5599,27.1971,43.6223,139.175,184.575,200.0,125.184,104.627,93.6495,84.7629,77.422,71.2343,63.3604,55.1563,42.2897,25.8067,14.7781,9.57582,4.57484
56.569,-0.0000,1.0000,0.0000,6,191.84,-0.4507,0.0306,11992.7,0.0,12.5779,27.1757,43.79,141.95,183.716,200.0,123.798,103.443,92.5788,83.7854,76.5218,70.4081,62.6632,54.6113,42.0152,25.8674,14.7787,9.5387,4.53874
56.588,-0.0000,1.0000,0.0000,6,192.18,-0.4559,0.0283,12029.0,0.0,12.593,27.1644,43.9861,144.148,182.881,200.0,122.327,102.199,91.459,82.7674,75.5886,69.5506,61.9358,54.037,41.7094,25.8975,14.7877,9.50693,4.50565
56.607,-0.0000,1.0000,0.0000,6,192.52,-0.4607,0.0260,12058.1,0.0,12.6052,27.1629,44.2099,144.904,182.065,200.0,120.793,100.912,90.3041,81.7198,74.6309,68.6709,61.1863,53.4406,41.3786,25.9015,14.8068,9.48102,4.47534
56.633,-0.0000,1.0000,0.0000,6,192.88,-0.4651,0.0238,12081.5,0.0,12.6144,27.1708,44.4608,145.242,181.259,199.875,119.217,99.5969,89.1253,80.6526,73.6563,67.7764,60.4225,52.8281,41.0281,25.8818,14.8363,9.46136,4.44806
56.651,-0.0000,1.0000,0.0000,6,193.23,-0.4692,0.0215,12100.7,0.0,12.6202,27.1866,44.7359,145.382,180.458,198.992,117.623,98.2653,87.9345,79.5759,72.6736,66.8743,59.65,52.2053,40.6653,25.8427,14.8784,9.44858,4.42404
56.669,-0.0000,1.0000,0.0000,6,193.59,-0.4728,0.0193,12119.8,0.0,12.623,27.2112,45.0376,145.387,179.659,198.112,116.012,96.9214,86.7349,78.4911,71.6836,65.9661,58.8706,51.5733,40.2871,25.7848,14.9329,9.4426,4.40305
56.688,-0.0000,1.0000,0.0000,6,193.94,-0.4761,0.0171,12138.2,0.0,12.6224,27.2443,45.3665,145.294,178.861,197.233,114.394,95.5744,85.53,77.4022,70.6904,65.0536,58.0857,50.9358,39.8983,25.7092,15.0001,9.44391,4.38529
56.706,-0.0000,1.0000,0.0000,6,194.30,-0.4789,0.0148,12159.6,0.0,12.6183,27.2856,45.7216,145.13,178.06,196.352,112.776,94.2241,84.3243,76.3133,69.6965,64.1399,57.2998,50.2941,39.5015,25.6192,15.0613,9.45305,4.37097
56.732,-0.0000,1.0000,0.0000,6,194.65,-0.4814,0.0126,12182.5,0.0,12.611,27.3358,46.1069,144.91,177.26,195.471,111.148,92.8697,83.114,75.2189,68.6981,63.222,56.5089,49.6462,39.0942,25.5132,15.1091,9.46989,4.35989
56.751,-0.0000,0.0000,0.0000,6,194.90,-0.4834,0.0103,12296.5,0.0,12.6004,27.3946,46.5217,144.64,176.457,194.586,109.526,91.5171,81.9045,74.1254,67.7004,62.3046,55.7166,48.995,38.6776,25.3932,15.1437,9.49465,4.35223
56.769,-0.0000,0.0000,0.0000,6,194.87,-0.4851,0.0081,11900.6,0.0,12.5868,27.4642,46.9753,144.343,175.664,193.714,107.87,90.1403,80.6767,73.0176,66.6901,61.376,54.9123,48.331,38.2472,25.2556,15.1648,9.52687,4.34784
56.789,-0.0000,0.0000,0.0000,6,194.47,-0.4864,0.0059,11848.2,0.0,12.5703,27.5468,47.4781,144.049,174.903,192.881,106.135,88.7109,79.4066,71.8741,65.6503,60.4228,54.0849,47.645,37.7941,25.0971,15.1699,9.56608,4.34676
56.807,-0.0000,0.0000,0.0000,6,194.05,-0.4872,0.0038,11822.2,0.0,12.5532,27.6418,48.0301,143.749,174.163,192.074,104.351,87.247,78.1086,70.7087,64.5924,59.4549,53.2424,46.943,37.3251,24.9205,15.1608,9.6031,4.34894
56.832,-0.0000,0.0000,0.0000,6,193.63,-0.4876,0.0016,11797.0,0.0,12.5395,27.7476,48.6285,143.431,173.434,191.279,102.554,85.7718,76.8023,69.5364,63.5288,58.4832,52.3945,46.2355,36.8462,24.7305,15.1399,9.63138,4.35453
56.851,-0.0000,0.0000,0.0000,6,193.22,-0.4877,-0.0005,11771.9,0.0,12.5294,27.8637,49.2721,143.088,172.708,130.335,100.763,84.3025,75.4994,68.3677,62.4693,57.5126,51.5483,45.5268,36.3614,24.5294,15.1075,9.65147,4.3634
56.869,-0.0000,0.0000,0.0000,6,192.83,-0.4874,-0.0026,11735.4,0.0,12.5228,27.99,49.9623,142.719,171.981,127.367,98.9833,82.8414,74.2056,67.205,61.4138,56.5472,50.7054,44.8188,35.8737,24.3181,15.0646,9.66355,4.37567
56.888,-0.0000,0.0000,0.0000,6,192.45,-0.4866,-0.0047,11696.5,0.0,12.5198,28.1284,50.7149,142.343,171.269,124.962,97.1801,81.3656,72.898,66.0315,60.3509,55.5747,49.8544,44.1028,35.3746,24.0942,15.0108,9.66774,4.3913
56.908,-0.0000,0.0000,0.0000,6,192.03,-0.4855,-0.0067,11683.3,0.0,12.521,28.2809,51.5407,141.973,170.581,122.479,95.3303,79.8558,71.5634,64.8372,59.2697,54.587,48.9897,43.3733,34.8612,23.8548,14.944,9.66312,4.409
56.933,-0.0000,0.0000,0.0000,6,191.62,-0.4840,-0.0088,11667.7,0.0,12.5259,28.4463,52.44,141.594,169.903,119.982,93.4717,78.3402,70.2257,63.6388,58.1848,53.5967,48.1213,42.6385,34.3411,23.6039,14.8669,9.65091,4.42374
56.951,-0.0000,0.0000,0.0000,6,191.21,-0.4822,-0.0108,11648.1,0.0,12.5339,28.6196,53.3586,141.177,169.206,117.588,91.6763,76.8679,68.9217,62.4695,57.1246,52.6267,47.2701,41.9169,33.826,23.3505,14.7828,9.63215,4.43504
56.969,-0.0000,0.0000,0.0000,6,190.80,-0.4801,-0.0104,11625.9,0.0,12.5446,28.7976,54.2453,140.707,168.468,115.376,89.9912,75.4734,67.6807,61.3511,56.1072,51.6937,46.4496,41.22,33.3262,23.0985,14.6942,9.60857,4.44321
56.989,-0.0000,0.0000,0.0000,6,190.42,-0.4783,-0.0081,11595.5,0.0,12.5583,28.9819,55.1081,140.195,167.698,113.298,88.3875,74.1363,66.4863,60.2713,55.1216,50.7873,45.651,40.5412,32.8358,22.846,14.6,9.57943,4.44803
57.007,-0.0000,0.0000,0.0000,6,190.10,-0.4770,-0.0059,11535.0,0.0,12.5759,29.1803,55.9806,139.684,166.942,111.182,86.7613,72.7823,65.2781,59.1802,54.1271,49.8732,44.8448,39.8533,32.3348,22.5817,14.496,9.54268,4.44922
57.032,-0.0000,0.0000,0.0000,6,189.76,-0.4761,-0.0035,11491.1,0.0,12.5978,29.3977,56.8878,139.204,166.231,108.911,85.042,71.3656,64.0188,58.0471,53.0975,48.9296,44.0116,39.1417,31.8137,22.3007,14.3796,9.49808,4.44696
57.051,-0.0000,0.0000,0.0000,6,189.34,-0.4755,-0.0011,11506.8,0.0,12.6246,29.6382,57.8468,138.766,165.58,106.443,83.2001,69.8626,62.6906,56.857,52.0202,47.9465,43.1436,38.3979,31.265,21.999,14.2498,9.44456,4.44087
57.070,-0.0000,0.0000,0.0000,6,188.93,-0.4754,0.0013,11503.6,0.0,12.6556,29.8955,58.8226,138.332,164.946,103.942,81.3374,68.3444,61.3496,55.6576,50.9354,46.9552,42.2694,37.6478,30.7081,21.6874,14.1104,9.38372,4.43122
57.089,-0.0000,0.0000,0.0000,6,188.54,-0.4757,0.0037,11487.9,0.0,12.6892,30.1587,59.7645,137.851,164.271,101.615,79.5822,66.9014,60.0694,54.5077,49.8909,46.0001,41.4241,36.9209,30.1659,21.3786,13.9682,9.31897,4.41863
57.107,-0.0000,0.0000,0.0000,6,188.16,-0.4764,0.0059,11467.8,0.0,12.7251,30.424,60.6531,137.308,163.534,99.5166,77.9673,65.5571,58.8687,53.4227,48.9023,45.0905,40.6173,36.2252,29.6437,21.077,13.8243,9.25054,4.40311
57.133,-0.0000,0.0000,0.0000,6,187.81,-0.4775,0.0081,11435.1,0.0,12.7642,30.6973,61.5149,136.734,162.767,97.5326,76.4207,64.2611,57.7075,52.3708,47.9401,44.2042,39.8276,35.5444,29.1293,20.774,13.6761,9.17746,4.38452
57.151,-0.0000,0.0000,0.0000,6,187.48,-0.4790,0.0103,11390.6,0.0,12.8076,30.9912,62.4052,136.18,162.032,95.4462,74.8139,62.9232,56.5107,51.2897,46.9539,43.2977,39.0205,34.846,28.5994,20.4589,13.5179,9.09725,4.36252
57.170,-0.0000,0.0000,0.0000,6,187.12,-0.4809,0.0127,11372.1,0.0,12.8555,31.3084,63.3386,135.657,161.344,93.2294,73.1256,61.5266,55.2689,50.1711,45.9366,42.3651,38.1905,34.1268,28.0516,20.1286,13.3496,9.00987,4.33716
57.188,-0.0000,0.0000,0.0000,6,186.74,-0.4831,0.0150,11365.5,0.0,12.9079,31.647,64.3004,135.149,160.685,90.9402,71.3938,60.0995,54.0025,49.0318,44.9022,41.4173,37.3476,33.3958,27.4929,19.7882,13.1721,8.91585,4.3085
57.207,0.3345,0.0000,0.0000,6,186.37,-0.4858,0.0174,11351.7,0.0,12.9641,32.0024,65.2652,134.635,160.027,88.6707,69.6727,58.681,52.7421,47.8982,43.8722,40.4737,36.5066,32.6655,26.9314,19.4418,12.9883,8.81647,4.27669
57.232,0.6192,0.0000,0.0000,6,185.97,-0.4887,0.0177,11333.0,0.0,12.9938,32.112,65.0767,133.213,158.214,89.99,70.154,58.8185,52.7362,47.7984,43.7083,40.2659,36.2703,32.4499,26.7501,19.3111,12.9033,8.76103,4.25161
57.251,0.6335,0.0000,0.0000,6,185.54,-0.4913,0.0132,11309.3,0.0,12.9543,31.6192,62.3386,129.633,153.797,101.8,76.7278,63.1324,56.0444,50.3908,45.7764,41.939,37.5383,33.4893,27.4986,19.7116,13.0679,8.82067,4.24811
57.270,0.6121,0.0000,0.0000,6,185.08,-0.4933,0.0044,11272.4,0.0,12.852,30.6387,57.9275,123.954,147.42,161.592,93.1675,73.5368,63.9214,56.5347,50.6805,45.9295,40.6045,35.86,29.2227,20.6625,13.4848,8.99535,4.26743
57.289,0.4626,0.0000,0.0000,6,184.58,-0.4946,-0.0101,11229.0,0.0,12.6726,29.1352,52.1205,114.601,138.97,151.501,159.202,101.075,83.4737,71.0969,61.9206,54.847,47.2893,40.862,32.57,22.5074,14.2919,9.33954,4.31805
57.307,0.1175,0.0000,0.0000,6,184.00,-0.4950,-0.0298,11196.2,0.0,12.4286,27.3126,45.9837,92.7146,129.051,140.112,146.668,152.954,157.799,162.975,89.9702,75.5456,61.7044,51.0294,38.546,25.6064,15.6043,9.88632,4.40347
57.333,-0.0000,0.0000,0.0000,6,183.39,-0.4940,-0.0524,11161.5,0.0,12.1558,25.4999,40.5993,72.5027,117.061,128.97,134.701,139.975,144.016,148.308,152.877,157.748,96.5562,72.4439,49.36,30.176,17.4575,10.6264,4.51981
57.351,-0.0000,0.0000,0.0000,6,182.83,-0.4919,-0.0718,11126.5,0.0,11.9247,24.1227,36.8966,61.077,101.32,118.79,125.047,130.13,133.658,137.345,141.252,145.399,151.653,159.523,66.0274,35.455,19.4445,11.3843,4.63851
57.370,-0.0000,0.0000,0.0000,6,182.34,-0.4887,-0.0844,11096.7,0.0,11.7681,23.2893,34.8098,55.2983,86.012,110.678,117.856,123.297,126.945,130.469,134.0,137.733,143.342,150.368,86.0924,40.2691,21.0089,11.9694,4.73548
57.388,-0.0000,0.0000,0.0000,6,181.91,-0.4842,-0.0908,11072.0,0.0,11.667,22.8386,33.7445,52.4875,79.1905,104.722,113.092,118.862,122.631,126.23,129.713,133.223,138.484,145.058,159.322,43.7113,21.9993,12.356,4.81342
57.407,-0.0000,0.0000,0.0000,6,181.54,-0.4783,-0.0924,11046.4,0.0,11.604,22.6486,33.3321,51.397,76.6076,101.365,110.547,116.455,120.265,123.883,127.371,130.805,135.903,142.266,156.045,45.3514,22.44,12.5667,4.87735
57.432,-0.0000,0.0000,0.0000,6,181.19,-0.4714,-0.0935,11016.4,0.0,11.5398,22.4815,32.9854,50.5114,74.5787,98.0463,108.29,114.321,118.163,121.793,125.282,128.681,133.643,139.829,153.207,46.8631,22.8326,12.7717,4.9472
57.451,-0.0000,0.0000,0.0000,6,180.83,-0.4636,-0.0943,11000.5,0.0,11.4699,22.3099,32.6391,49.668,72.7146,94.8184,106.079,112.249,116.125,119.768,123.259,126.647,131.483,137.506,150.512,48.4762,23.2375,12.9913,5.02523
57.470,-0.0000,0.0000,0.0000,6,180.48,-0.4547,-0.0943,10985.6,0.0,11.3994,22.165,32.3637,49.0275,71.3478,92.5085,104.25,110.505,114.397,118.04,121.525,124.902,129.649,135.543,148.258,49.8221,23.5725,13.198,5.10814
57.489,-0.0000,0.0000,0.0000,6,180.13,-0.4449,-0.0935,10969.8,0.0,11.3298,22.0528,32.17,48.6088,70.4985,91.1147,102.895,109.15,113.029,116.656,120.123,123.481,128.168,133.969,146.476,50.7571,23.8158,13.3833,5.19488
57.507,-0.0000,0.0000,0.0000,6,179.80,-0.4342,-0.0914,10953.1,0.0,11.2656,21.9956,32.1045,48.5116,70.3612,90.9422,102.231,108.354,112.178,115.763,119.194,122.522,127.172,132.928,145.339,50.9682,23.9175,13.5237,5.28116
57.533,-0.0000,0.0000,0.0000,6,179.47,-0.4229,-0.0882,10935.6,0.0,11.2067,21.9866,32.148,48.6888,70.8317,91.8108,102.113,108.016,111.754,115.277,118.66,121.949,126.581,132.333,144.741,50.5474,23.9013,13.6236,5.36618
57.551,-0.0000,0.0000,0.0000,6,179.15,-0.4111,-0.0847,10916.1,0.0,11.148,21.993,32.2233,48.9571,71.5216,93.0559,102.131,107.811,111.461,114.92,118.254,121.503,126.131,131.894,144.333,49.9459,23.8559,13.7111,5.45206
57.570,-0.0000,0.0000,0.0000,6,178.83,-0.3992,-0.0815,10893.0,0.0,11.0843,21.9731,32.2444,49.1109,71.9843,93.6239,101.915,107.427,111.005,114.411,117.702,120.915,125.537,131.296,143.735,49.6118,23.8782,13.8169,5.54111
57.589,-0.0000,0.0000,0.0000,6,178.51,-0.3873,-0.0786,10875.0,0.0,11.0165,21.9253,32.208,49.1378,72.1863,93.6435,101.474,106.859,110.379,113.74,116.994,120.176,124.782,130.523,142.926,49.548,23.9677,13.9399,5.63226
57.607,-0.0000,0.0000,0.0000,6,178.18,-0.3754,-0.0760,10856.6,0.0,10.9467,21.8608,32.138,49.0916,72.2386,93.4073,100.91,106.191,109.66,112.981,116.201,119.355,123.938,129.652,142.0,49.634,24.0962,14.0696,5.72374
57.632,-0.0000,0.0000,0.0000,6,177.86,-0.3637,-0.0735,10837.8,0.0,10.877,21.7862,32.0474,48.9995,72.1964,93.0266,100.272,105.46,108.883,112.167,115.356,118.482,123.039,128.721,141.001,49.809,24.2481,14.1994,5.81385
57.651,-0.0000,1.0000,0.0000,6,177.53,-0.3522,-0.0712,10818.8,0.0,10.8076,21.7037,31.9411,48.8744,72.0857,92.5533,99.5815,104.686,108.067,111.315,114.473,117.574,122.101,127.746,139.951,50.0486,24.4177,14.3275,5.90234
57.670,-0.0000,1.0000,0.0000,6,177.65,-0.3410,-0.0689,11140.2,0.0,10.739,21.6137,31.8188,48.7127,71.8983,91.9918,98.8366,103.865,107.206,110.42,113.55,116.624,121.119,126.724,138.842,50.3579,24.6051,14.4536,5.9888
57.688,-0.0000,1.0000,0.0000,6,178.08,-0.3300,-0.0667,11175.6,0.0,10.6713,21.5164,31.681,48.5152,71.6335,91.3493,98.0369,102.995,106.298,109.481,112.583,115.632,120.09,125.649,137.67,50.7385,24.8105,14.5792,6.07324
57.707,-0.0000,1.0000,0.0000,6,178.54,-0.3193,-0.0646,11189.3,0.0,10.6051,21.4154,31.5357,48.3008,71.3335,90.6668,97.2104,102.102,105.369,108.52,111.594,114.617,119.038,124.55,136.47,51.1514,25.0244,14.7077,6.15515
57.733,-0.0000,1.0000,0.0000,6,178.98,-0.3088,-0.0625,11209.7,0.0,10.5408,21.3123,31.3862,48.0778,71.0162,89.9623,96.3705,101.196,104.427,107.548,110.594,113.592,117.974,123.438,135.254,51.581,25.2433,14.8384,6.23435
57.751,-0.0000,1.0000,0.0000,6,179.42,-0.2987,-0.0604,11236.2,0.0,10.4787,21.208,31.2343,47.8495,70.6874,89.2412,95.5205,100.282,103.478,106.568,109.587,112.559,116.902,122.317,134.028,52.0206,25.4648,14.9703,6.31046
57.770,-0.0000,1.0000,0.0000,6,179.85,-0.2889,-0.0583,11266.7,0.0,10.4188,21.1024,31.0801,47.6159,70.3479,88.5055,94.6613,99.3603,102.521,105.58,108.571,111.518,115.821,121.187,132.791,52.4709,25.6898,15.1034,6.38365
57.789,-0.0000,1.0000,0.0000,6,180.27,-0.2793,-0.0562,11300.0,0.0,10.3611,20.9956,30.9233,47.3773,69.999,87.7563,93.7939,98.4307,101.556,104.585,107.549,110.47,114.733,120.049,131.544,52.9313,25.9174,15.2379,6.45392
57.808,-0.0000,1.0000,0.0000,6,180.70,-0.2702,-0.0541,11328.3,0.0,10.306,20.8883,30.7657,47.1368,69.6454,86.9982,92.9212,97.4964,100.587,103.586,106.522,109.418,113.64,118.905,130.291,53.3954,26.1462,15.3728,6.52088
57.833,-0.0000,1.0000,0.0000,6,181.13,-0.2613,-0.0520,11354.6,0.0,10.2526,20.7805,30.6072,46.8945,69.2888,86.2325,92.0444,96.5587,99.6146,102.583,105.492,108.362,112.543,117.758,129.034,53.8632,26.3763,15.5083,6.58472
57.852,-0.0000,1.0000,0.0000,6,181.60,-0.2527,-0.0499,11343.7,0.0,10.199,20.6717,30.4466,46.6482,68.9234,85.4554,91.1601,95.6144,98.6356,101.573,104.455,107.299,111.44,116.603,127.769,54.3403,26.6089,15.6448,6.64542
57.869,-0.0000,1.0000,0.0000,6,182.03,-0.2445,-0.0478,11360.3,0.0,10.1452,20.5623,30.2853,46.4,68.5554,84.672,90.2719,94.6662,97.6531,100.561,103.414,106.233,110.332,115.444,126.498,54.8205,26.8428,15.7821,6.70385
57.888,-0.0000,1.0000,0.0000,6,182.45,-0.2366,-0.0457,11393.6,0.0,10.0913,20.453,30.1241,46.1528,68.1894,83.8858,89.3826,93.7177,96.6699,99.5468,102.373,105.166,109.224,114.284,125.227,55.2989,27.0766,15.9193,6.76212
57.908,-0.0000,1.0000,0.0000,6,182.85,-0.2290,-0.0436,11438.1,0.0,10.0373,20.3435,29.9628,45.9057,67.824,83.0958,88.4915,92.7677,95.6854,98.5317,101.33,104.097,108.114,113.123,123.955,55.777,27.3104,16.0568,6.82052
57.932,-0.0000,1.0000,0.0000,6,183.26,-0.2218,-0.0415,11480.8,0.0,9.98321,20.2338,29.8012,45.6577,67.4575,82.301,87.5977,91.8149,94.6982,97.5139,100.284,103.026,107.001,111.958,122.679,56.2563,27.5449,16.1946,6.87901
57.952,-0.0000,1.0000,0.0000,6,183.67,-0.2149,-0.0394,11515.9,0.0,9.92899,20.1238,29.6391,45.4092,67.0898,81.5014,86.701,90.8599,93.7089,96.494,99.2364,101.952,105.886,110.791,121.4,56.7373,27.78,16.3327,6.93764
57.970,-0.0000,1.0000,0.0000,6,184.09,-0.2083,-0.0391,11545.3,0.0,9.87464,20.0137,29.4769,45.1606,66.7223,80.698,85.8023,89.9033,92.7179,95.4722,98.1865,100.876,104.768,109.622,120.119,57.2182,28.0154,16.4711,6.99641
57.989,-0.0000,1.0000,0.0000,6,184.53,-0.2016,-0.0391,11553.6,0.0,9.82015,19.9031,29.314,44.9109,66.3529,79.8894,84.9002,88.9436,91.7239,94.4474,97.1337,99.7971,103.648,108.45,118.834,57.7015,28.2515,16.6099,7.05532
58.008,-0.0000,1.0000,0.0000,6,184.96,-0.1949,-0.0391,11571.3,0.0,9.76541,19.792,29.15,44.6589,65.9791,79.0741,83.9935,87.9796,90.7258,93.4186,96.0767,98.7138,102.523,107.273,117.544,58.19,28.4895,16.7494,7.1145
58.032,-0.0000,1.0000,0.0000,6,185.37,-0.1882,-0.0391,11600.1,0.0,9.71062,19.6808,28.9859,44.407,65.6061,78.2557,83.085,87.0141,89.726,92.388,95.0181,97.6288,101.396,106.094,116.252,58.6779,28.7274,16.8891,7.17374
58.051,-0.0000,0.0000,0.0000,6,185.78,-0.1815,-0.0391,11632.7,0.0,9.6557,19.5694,28.8218,44.1552,65.2336,77.4339,82.1746,86.0471,88.7249,91.356,93.9576,96.5418,100.268,104.913,114.958,59.1654,28.9656,17.029,7.23311
58.070,-0.0000,0.0000,0.0000,6,185.72,-0.1748,-0.0391,11324.5,0.0,9.60091,19.4589,28.6598,43.9091,64.8736,76.6164,81.2695,85.0856,87.7292,90.3293,92.9023,95.46,99.1452,103.739,113.672,59.6379,29.2003,17.1678,7.29239
58.089,-0.0000,0.0000,0.0000,6,185.38,-0.1681,-0.0390,11296.1,0.0,9.54666,19.3513,28.5042,43.6777,64.546,75.8163,80.3821,84.1415,86.7507,89.3198,91.8644,94.3954,98.0406,102.584,112.41,60.0704,29.4255,17.3034,7.35117
58.107,-0.0000,0.0000,0.0000,6,185.03,-0.1614,-0.0389,11273.8,0.0,9.4929,19.2456,28.3525,43.4552,64.2369,75.0247,79.5046,83.2078,85.7828,88.3208,90.8367,93.341,96.9474,101.442,111.162,60.4787,29.6443,17.4365,7.40945
58.133,-0.0000,0.0000,0.0000,6,184.69,-0.1547,-0.0388,11248.3,0.0,9.43934,19.1407,28.2024,43.2362,63.9185,74.2355,78.6312,82.2786,84.8196,87.3267,89.8141,92.2919,95.8592,100.305,109.921,60.8754,29.8602,17.5686,7.46751
58.151,-0.0000,0.0000,0.0000,6,184.34,-0.1481,-0.0386,11227.2,0.0,9.38604,19.0367,28.0541,43.0211,63.5504,73.4482,77.7617,81.3539,83.8609,86.3373,88.7963,91.2473,94.7762,99.174,108.686,61.2605,30.0729,17.6994,7.52527
58.170,-0.0000,0.0000,0.0000,6,184.00,-0.1414,-0.0385,11208.6,0.0,9.33304,18.9335,27.9074,42.8094,63.141,72.6625,76.8956,80.4333,82.9066,85.3522,87.7828,90.2074,93.698,98.048,107.457,61.6566,30.2825,17.8289,7.58269
58.189,-0.0000,0.0000,0.0000,6,183.65,-0.1348,-0.0384,11189.1,0.0,9.28021,18.8306,27.7611,42.598,62.6927,71.8746,76.0293,79.5132,81.953,84.3682,86.7703,89.1684,92.6208,96.9228,106.229,62.6472,30.4912,17.9579,7.6399
58.208,-0.0000,0.0000,0.0000,6,183.31,-0.1282,-0.0382,11169.2,0.0,9.22753,18.7278,27.6145,42.3855,62.2105,71.0835,75.1616,78.5921,80.9988,83.3836,85.7576,88.1291,91.5432,95.7973,105.001,130.294,30.6995,18.0865,7.69691
58.233,-0.0000,0.0000,0.0000,6,182.96,-0.1217,-0.0381,11149.0,0.0,9.17502,18.625,27.4676,42.1715,61.6987,70.2887,74.2917,77.6696,80.0435,82.3979,84.7439,87.0889,90.4644,94.6702,103.77,128.782,30.9082,18.215,7.75369
58.251,-0.0000,0.0000,0.0000,6,182.62,-0.1152,-0.0380,11128.7,0.0,9.12266,18.5223,27.3203,41.956,61.1616,69.4902,73.4199,76.7459,79.0869,81.4116,83.7294,86.0479,89.3848,93.5422,102.537,127.267,31.1171,18.3433,7.81027
58.270,-0.1837,0.0000,0.0000,6,182.28,-0.1087,-0.0379,11106.2,0.0,9.07052,18.4197,27.173,41.7398,60.6047,68.6893,72.5471,75.8217,78.1302,80.4248,82.7147,85.0068,88.305,92.4138,101.304,125.749,31.3257,18.4711,7.86659
58.288,-0.4523,0.0000,0.0000,6,181.92,-0.1025,-0.0348,11084.4,0.0,9.046,18.4642,27.3558,42.3152,61.029,68.7145,72.4716,75.6818,77.9525,80.2159,82.4781,84.7459,88.0647,92.2087,101.189,125.978,30.9916,18.4114,7.89476
58.308,-0.4381,0.0000,0.0000,6,181.49,-0.0973,-0.0246,11060.2,0.0,9.09012,18.8791,28.3883,45.0144,63.4621,70.5982,74.2236,77.3588,79.5923,81.8273,84.0719,86.4083,89.9182,94.3137,103.89,55.876,29.4715,17.9223,7.85517
58.333,-0.0000,0.0000,0.0000,6,181.02,-0.0935,-0.0083,11031.1,0.0,9.20234,19.6767,30.3663,50.4133,67.1861,73.9132,77.4407,80.5274,82.7417,85.0317,87.459,90.0358,93.9219,98.8144,109.573,47.8843,27.2294,17.1213,7.75675
58.351,-0.0000,0.0000,0.0000,6,180.55,-0.0913,0.0111,10999.8,0.0,9.36461,20.7828,33.2289,57.3496,71.357,77.879,81.3692,84.5427,86.9731,89.5543,92.3011,95.2287,99.6672,105.295,117.832,41.0348,24.9246,16.2249,7.62626
58.370,-0.0000,0.0000,0.0000,6,180.14,-0.0903,0.0257,10972.3,0.0,9.49878,21.7206,35.8006,60.9791,74.1189,80.5608,84.1802,87.6395,90.2981,93.1305,96.1538,99.3878,104.313,110.597,124.752,37.0518,23.4297,15.6062,7.52799
58.389,-0.0000,0.0000,0.0000,6,179.77,-0.0904,0.0337,10949.9,0.0,9.58079,22.2914,37.4273,62.4598,75.2144,81.643,85.4184,89.0353,91.8208,94.794,97.9737,101.382,106.587,113.252,54.1646,35.1477,22.6662,15.2759,7.47065
58.408,-0.0000,0.0000,0.0000,6,179.42,-0.0916,0.0380,10929.2,0.0,9.63488,22.6275,38.3828,62.8812,75.3638,81.7922,85.6334,89.3183,92.1591,95.1942,98.4438,101.931,107.264,114.109,50.9223,34.1824,22.2573,15.0893,7.43162
58.433,-0.0000,0.0000,0.0000,6,179.08,-0.0938,0.0400,10908.9,0.0,9.67656,22.8311,38.9286,62.7545,75.0,81.3992,85.2513,88.9489,91.8011,94.85,98.1162,101.623,106.991,113.886,49.8074,33.6651,22.0211,14.9716,7.39886
58.451,-0.0000,0.0000,0.0000,6,178.75,-0.0970,0.0408,10890.2,0.0,9.71321,22.9593,39.2271,62.3276,74.3472,80.689,84.5191,88.1959,91.0334,94.0669,97.317,100.808,106.152,113.02,49.4823,33.3822,21.8745,14.8882,7.3674
58.470,-0.0000,0.0000,0.0000,6,178.42,-0.1010,0.0409,10871.4,0.0,9.74945,23.0494,39.3898,61.7437,73.5404,79.806,83.5953,87.2333,90.0407,93.042,96.258,99.7121,105.0,111.797,49.9014,33.2173,21.7705,14.8191,7.33426
58.489,-0.0000,0.0000,0.0000,6,178.10,-0.1056,0.0407,10852.4,0.0,9.78776,23.1272,39.4983,61.0963,72.6713,78.8521,82.5926,86.1837,88.9546,91.9168,95.0906,98.4991,103.717,110.423,125.728,33.0957,21.6793,14.7522,7.29822
58.508,-0.0000,0.0000,0.0000,6,177.78,-0.1107,0.0403,10833.1,0.0,9.82919,23.2072,39.6004,60.4365,71.792,77.886,81.5761,85.1183,87.8511,90.7726,93.9023,97.2632,102.408,109.017,124.1,32.9762,21.5849,14.6811,7.25895
58.532,-0.0000,0.0000,0.0000,6,177.45,-0.1162,0.0400,10813.8,0.0,9.87401,23.2959,39.7194,59.7878,70.9267,76.9354,80.576,84.0706,86.7664,89.6478,92.7345,96.0489,101.122,107.638,122.503,32.8389,21.4798,14.6032,7.21657
58.552,-0.0000,0.0000,0.0000,6,177.13,-0.1219,0.0398,10794.3,0.0,9.92188,23.3954,39.8631,59.1576,70.0841,76.0106,79.604,83.0529,85.7133,88.5567,91.6027,94.8731,99.8777,106.306,120.966,32.6776,21.3622,14.5182,7.17153
58.571,-0.0000,0.0000,0.0000,6,176.81,-0.1278,0.0396,10774.8,0.0,9.97224,23.5047,40.0315,58.5457,69.264,75.1117,78.6605,82.0662,84.6931,87.5007,90.508,93.7367,98.6775,105.023,119.493,32.4931,21.2333,14.427,7.12443
58.588,-0.0000,0.0000,0.0000,6,176.49,-0.1338,0.0395,10755.3,0.0,10.0245,23.6222,40.221,57.948,68.4632,74.2354,77.7414,81.1059,83.701,86.4745,89.4452,92.6345,97.5149,103.783,118.073,32.2891,21.0951,14.3311,7.0758
58.607,-0.0000,0.0000,0.0000,6,176.17,-0.1400,0.0394,10735.9,0.0,10.0781,23.746,40.3983,57.3603,67.6773,73.3771,76.8417,80.1667,82.7314,85.4722,88.4077,91.5594,96.3822,102.576,116.696,32.0702,20.9498,14.2314,7.02605
58.633,-0.0000,0.0000,0.0000,6,175.85,-0.1462,0.0394,10716.5,0.0,10.1328,23.8747,40.4924,56.7787,66.9025,72.5322,75.9569,79.2436,81.7785,84.4878,87.3897,90.505,95.2719,101.394,115.351,31.8401,20.7994,14.1292,6.97551
58.651,-0.0000,0.0000,0.0000,6,175.53,-0.1524,0.0395,10697.2,0.0,10.1883,24.0071,40.5156,56.2009,66.136,71.6979,75.0837,78.3331,80.8391,83.5176,86.3864,89.4664,94.1794,100.232,114.031,31.6016,20.6449,14.0248,6.92433
58.670,-0.0000,0.0000,0.0000,6,175.22,-0.1587,0.0395,10678.0,0.0,10.2444,24.1424,40.4798,55.6252,65.3761,70.8722,74.2197,77.4323,79.9103,82.5586,85.3952,88.4405,93.1007,99.0857,112.732,31.3566,20.4875,13.9189,6.87273
58.689,-0.0000,0.0000,0.0000,6,174.90,-0.1650,0.0396,10658.8,0.0,10.301,24.28,40.397,55.05,64.6203,70.0527,73.3624,76.5388,78.9888,81.6074,84.4123,87.4235,92.0316,97.95,111.445,31.1069,20.3277,13.8118,6.82069
58.708,-0.0000,0.0000,0.0000,6,174.58,-0.1713,0.0397,10640.3,0.0,10.3578,24.4183,40.2754,54.4728,63.8664,69.2363,72.5085,75.6488,78.0712,80.6604,83.4335,86.4111,90.9673,96.8196,110.165,30.8561,20.1675,13.7046,6.76865
58.733,-0.0000,0.0000,0.0000,6,174.27,-0.1776,0.0398,10621.4,0.0,10.4147,24.5572,40.1197,53.8933,63.1138,68.4221,71.6569,74.7613,77.1561,79.716,82.4575,85.4013,89.9063,95.6928,108.889,30.6043,20.0068,13.5969,6.71644
58.751,-0.0000,0.0000,0.0000,6,173.96,-0.1840,0.0399,10602.1,0.0,10.4718,24.6968,39.9336,53.3112,62.3633,67.6101,70.8075,73.8762,76.2435,78.7737,81.4841,84.3943,88.8479,94.5689,107.617,30.3518,19.8456,13.489,6.66411
58.770,-0.0000,0.0000,0.0000,6,173.64,-0.1903,0.0399,10582.7,0.0,10.529,24.8369,39.7206,52.727,61.6147,66.8002,69.9603,72.9935,75.3333,77.8344,80.5135,83.3901,87.7925,93.448,106.348,30.0985,19.6839,13.3808,6.61165
58.788,-0.0000,0.0000,0.0000,6,173.33,-0.1967,0.0400,10563.5,0.0,10.5864,24.9777,39.4855,52.1407,60.8681,65.9925,69.1157,72.1133,74.4258,76.8976,79.5455,82.3888,86.7404,92.3307,105.083,29.8444,19.5218,13.2723,6.55909
58.808,-0.0000,0.0000,0.0000,6,173.02,-0.2030,0.0401,10544.5,0.0,10.6439,25.119,39.2312,51.5522,60.1236,65.1872,68.2732,71.2357,73.5208,75.9635,78.5805,81.3903,85.6913,91.2167,103.822,29.5897,19.3595,13.1638,6.50655
58.833,-0.0000,0.0000,0.0000,6,172.71,-0.2094,0.0402,10525.7,0.0,10.7014,25.2606,38.9591,50.9616,59.3808,64.3838,67.433,70.36,72.6182,75.0319,77.6179,80.3946,84.6451,90.1056,102.565,29.3557,19.1971,13.0552,6.45398
58.852,-0.0000,0.0000,0.0000,6,172.40,-0.2158,0.0404,10506.9,0.0,10.759,25.4027,38.6703,50.3687,58.6395,63.5818,66.5942,69.4861,71.717,74.1018,76.6568,79.4005,83.6002,88.9964,101.309,29.1883,19.0344,12.9464,6.40129
58.870,-0.0000,0.0000,0.0000,6,172.09,-0.2222,0.0405,10489.8,0.0,10.8167,25.5448,38.3657,49.7732,57.8989,62.7805,65.756,68.6125,70.8164,73.1723,75.6962,78.4068,82.5558,87.8871,100.053,29.1117,18.872,12.8377,6.3486
58.889,-0.0000,0.0000,0.0000,6,171.78,-0.2286,0.0405,10470.9,0.0,10.8744,25.6867,38.0464,49.175,57.1586,61.9795,64.9182,67.7393,69.9158,72.2427,74.7357,77.4129,81.5112,86.7774,98.7964,29.1655,18.7098,12.7291,6.29586
58.908,-0.0000,0.0000,0.0000,6,171.47,-0.2349,0.0406,10451.5,0.0,10.9321,25.8274,37.7151,48.5746,56.4193,61.1794,64.0812,66.8669,69.0163,71.3141,73.7761,76.4201,80.4675,85.6687,97.5404,29.4014,18.5478,12.6205,6.24315
58.933,-0.0000,0.0000,0.0000,6,171.17,-0.2414,0.0407,10432.3,0.0,10.9899,25.9302,37.3727,47.9726,55.6813,60.3807,63.2456,65.9961,68.1184,70.3872,72.818,75.4287,79.4255,84.5619,96.286,29.9394,18.3858,12.5118,6.19037
58.952,-0.0000,0.0000,0.0000,6,170.86,-0.2478,0.0408,10413.4,0.0,11.0479,25.9831,37.0203,47.3692,54.9453,59.5841,62.4123,65.1277,67.2228,69.4627,71.8626,74.4402,78.3864,83.4579,95.0356,31.228,18.2233,12.4029,6.13749
58.970,-0.0000,0.0000,0.0000,6,170.56,-0.2542,0.0409,10394.8,0.0,11.1059,25.9926,36.6584,46.7647,54.2111,58.7897,61.5813,64.2614,66.3296,68.5407,70.9098,73.4543,77.35,82.3571,93.7885,128.172,18.0607,12.294,6.08463
58.988,-0.0000,0.0000,0.0000,6,170.25,-0.2606,0.0410,10376.3,0.0,11.164,25.964,36.2875,46.159,53.4787,57.9973,60.7522,63.3974,65.4384,67.6209,69.9593,72.471,76.3163,81.259,92.5447,127.336,17.8977,12.1848,6.03164
59.007,-0.0000,0.0000,0.0000,6,169.94,-0.2670,0.0412,10359.7,0.0,11.2221,25.9042,35.9074,45.5512,52.7469,57.2053,59.9237,62.5338,64.548,66.7016,69.0093,71.4878,75.2829,80.1613,91.3008,126.5,17.7352,12.0759,5.97873
59.033,-0.0000,0.0000,0.0000,6,169.64,-0.2734,0.0413,10341.7,0.0,11.2802,25.8173,35.5191,44.941,52.0151,56.4132,59.0949,61.6701,63.6571,65.7818,68.0585,70.504,74.2487,79.062,90.0551,125.667,17.5731,11.967,5.92578
59.051,-0.0000,0.0000,0.0000,6,169.34,-0.2799,0.0413,10322.8,0.0,11.3383,25.7057,35.1232,44.3287,51.2838,55.6215,58.2665,60.8063,62.7662,64.862,67.1077,69.52,73.2139,77.9624,88.8079,124.834,17.4113,11.8583,5.87283
59.070,-0.0000,0.0000,0.0000,6,169.04,-0.2863,0.0414,10303.4,0.0,11.3965,25.5715,34.7205,43.7152,50.5536,54.8308,57.4392,59.9437,61.8766,63.9434,66.1581,68.5373,72.1805,76.8641,87.5621,124.002,17.2496,11.7497,5.81987
59.089,-0.0000,0.0000,0.0000,6,168.74,-0.2927,0.0415,10284.3,0.0,11.4546,25.4175,34.3113,43.1006,49.8248,54.0417,56.6133,59.0828,60.9887,63.0265,65.2105,67.5565,71.149,75.7676,86.3185,123.17,17.0979,11.641,5.7669
59.107,-0.0000,0.0000,0.0000,6,168.44,-0.2992,0.0416,10265.8,0.0,11.5129,25.247,33.8965,42.4855,49.098,53.2548,55.7901,58.2245,60.1035,62.1126,64.2656,66.5787,70.121,74.675,85.0793,122.338,16.9919,11.5321,5.71388
59.132,-0.0000,0.0000,0.0000,6,168.13,-0.3056,0.0417,10247.5,0.0,11.5712,25.0609,33.476,41.87,48.373,52.4701,54.9688,57.3685,59.2205,61.201,63.3233,65.6035,69.0955,73.5853,83.8437,121.506,16.9437,11.4232,5.66088
59.151,-0.0000,0.0000,0.0000,6,167.84,-0.3121,0.0418,10229.2,0.0,11.6297,24.8602,33.0503,41.2536,47.6496,51.6869,54.1492,56.514,58.3392,60.2911,62.3829,64.6302,68.0721,72.4976,82.6103,120.674,16.9666,11.3141,5.6078
59.170,-0.0000,0.0000,0.0000,6,167.53,-0.3185,0.0419,10214.0,0.0,11.6882,24.6453,32.6193,40.6358,46.9267,50.904,53.3301,55.6601,57.4585,59.3816,61.4426,63.6571,67.0486,71.4099,81.3761,119.844,17.0717,11.2051,5.55469
59.189,-0.0000,0.0000,0.0000,6,167.23,-0.3250,0.0420,10195.7,0.0,11.7466,24.4173,32.183,40.016,46.2035,50.121,52.5105,54.8055,56.5768,58.4712,60.5014,62.6829,66.0239,70.3204,80.1397,119.015,17.2728,11.0964,5.50159
59.208,-0.0000,0.0000,0.0000,6,166.93,-0.3314,0.0421,10176.7,0.0,11.8049,24.1779,31.7417,39.395,45.4811,49.3384,51.6913,53.9513,55.6957,57.5611,59.5605,61.7088,64.9993,69.2308,78.9025,118.187,17.6013,10.9878,5.44851
59.233,-0.0000,0.0000,0.0000,6,166.63,-0.3379,0.0422,10157.4,0.0,11.8633,23.9282,31.2963,38.7732,44.7598,48.5572,50.8736,53.0985,54.816,56.6525,58.6211,60.7363,63.9762,68.1429,77.6672,117.36,18.0913,10.8884,5.39542
59.251,-0.0000,0.0000,0.0000,6,166.34,-0.3444,0.0423,10138.5,0.0,11.9215,23.6688,30.8469,38.1509,44.0403,47.7779,50.0579,52.2478,53.9383,55.7461,57.684,59.7662,62.9557,67.0577,76.435,116.533,18.8069,10.8236,5.34227
59.270,-0.0000,0.0000,0.0000,6,166.04,-0.3508,0.0424,10120.3,0.0,11.9664,23.4001,30.394,37.5285,43.3229,47.0008,49.2445,51.3998,53.0634,54.8427,56.75,58.7993,61.9386,65.9762,75.2075,115.705,19.8796,10.7989,5.28912
59.289,-0.0000,0.0000,0.0000,6,165.75,-0.3573,0.0425,10102.2,0.0,11.9925,23.1227,29.9378,36.9072,42.6075,46.226,48.4336,50.5542,52.1912,53.9419,55.8187,57.8353,60.9246,64.8981,73.9838,114.878,21.6454,10.8195,5.23586
59.308,-0.0000,0.0000,0.0000,6,165.45,-0.3638,0.0426,10084.3,0.0,12.0005,22.8374,29.4781,36.2867,41.8932,45.4524,47.624,49.71,51.3203,53.0426,54.8889,56.8728,59.9122,63.8218,72.7617,114.051,100.836,10.887,5.18261
59.333,-0.0000,0.0000,0.0000,6,165.15,-0.3702,0.0427,10069.8,0.0,11.9909,22.5441,29.0146,35.6665,41.1789,44.6787,46.8139,48.8652,50.4487,52.1425,53.9583,55.9093,58.8984,62.7436,71.5372,113.226,100.373,11.0045,5.12943
59.351,-0.0000,0.0000,0.0000,6,164.85,-0.3767,0.0428,10051.5,0.0,11.966,22.2433,28.5473,35.0464,40.4646,43.9046,46.0035,48.02,49.5766,51.2417,53.0266,54.9448,57.8835,61.664,70.3105,112.403,99.8954,11.1797,5.07626
59.369,-0.0000,0.0000,0.0000,6,164.55,-0.3832,0.0429,10032.4,0.0,11.9275,21.9356,28.077,34.4274,39.7512,43.1315,45.1941,47.1758,48.7056,50.3419,52.096,53.9812,56.8695,60.5853,69.0845,111.58,99.4043,11.4175,5.02417
59.389,-0.0000,0.0000,1.0000,6,164.26,-0.3897,0.0429,10013.2,0.0,11.8759,21.6213,27.6037,33.8093,39.0391,42.3598,44.3862,46.3329,47.8359,49.4435,51.1672,53.0193,55.8572,59.5083,67.8599,110.759,98.8994,11.7226,4.98705
59.407,-0.0000,0.0000,1.0000,6,162.70,-0.3962,0.0430,9477.52,0.0,11.8116,21.3009,27.128,33.1926,38.3279,41.589,43.5789,45.4908,46.9669,48.5459,50.2383,52.0576,54.8448,58.4309,66.6344,109.941,98.387,12.1075,4.96964
59.432,-0.0000,0.0000,1.0000,6,160.02,-0.4025,0.0431,9170.26,0.0,11.7367,20.98,26.657,32.5867,37.6298,40.8326,42.7869,44.6646,46.1143,47.6652,49.3278,51.1146,53.8525,57.3752,65.4344,109.133,97.8653,12.5723,4.97213
59.451,-0.0000,0.0000,1.0000,6,157.20,-0.4085,0.0348,8858.11,0.0,11.6541,20.6626,26.1964,31.9991,36.9545,40.1019,42.0226,43.8681,45.293,46.8173,48.4519,50.2082,52.8998,56.3634,64.2888,108.329,97.3234,13.1206,4.99316
59.470,-0.0000,0.0000,1.0000,6,154.52,-0.4124,0.0207,8550.86,0.0,11.5646,20.3489,25.7463,31.43,36.3019,39.3969,41.2858,43.101,44.5028,46.0023,47.6101,49.3384,51.9869,55.3955,63.1974,107.53,96.7638,13.7634,5.03004
59.489,-0.0000,0.0000,1.0000,6,151.31,-0.4142,0.0068,8742.21,0.0,11.4682,20.0372,25.3034,30.8737,35.6643,38.7085,40.5666,42.3526,43.7316,45.207,46.7891,48.49,51.0967,54.4523,62.1349,106.743,96.2023,14.5144,5.08265
59.507,-0.0000,0.0000,1.0000,6,148.31,-0.4141,-0.0065,8676.94,0.0,11.3677,19.7345,24.8781,30.3454,35.0626,38.061,39.8917,41.6515,43.0106,44.4649,46.0246,47.7016,50.2723,53.5824,61.1647,105.954,95.6097,15.3753,5.14941
59.533,-0.0000,0.0000,1.0000,6,145.72,-0.4122,-0.0184,8425.91,0.0,11.2614,19.432,24.4566,29.8247,34.4687,37.4216,39.2249,40.9585,42.2977,43.7309,45.2683,46.9213,49.4557,52.7201,60.2014,105.182,95.028,16.3885,5.23001
59.551,-0.0000,0.0000,1.0000,6,143.42,-0.4089,-0.0292,8116.59,0.0,11.1493,19.1264,24.0335,29.3035,33.8722,36.778,38.553,40.2594,41.5779,42.9888,44.5026,46.1303,48.6265,51.8422,59.2149,104.431,94.4701,17.6148,5.32412
59.570,-0.0000,0.0000,1.0000,6,141.06,-0.4041,-0.0399,8024.19,0.0,11.0316,18.8184,23.6093,28.7824,33.274,36.1314,37.877,39.5554,40.8521,42.2401,43.7292,45.3306,47.7869,50.9514,58.2087,103.701,93.9331,19.1291,5.43171
59.589,-0.0000,0.0000,1.0000,6,138.85,-0.3981,-0.0506,7821.09,0.0,10.9089,18.5077,23.1834,28.2598,32.6719,35.479,37.1939,38.8429,40.117,41.4808,42.9441,44.5178,46.9315,50.0415,57.1746,102.992,93.421,21.0845,5.55267
59.607,-0.0000,0.0000,1.0000,6,136.84,-0.3908,-0.0609,7524.15,0.0,10.7815,18.1954,22.7571,27.7377,32.0688,34.8243,36.5078,38.1266,39.3774,40.7161,42.1525,43.6975,46.067,49.1202,56.1234,102.302,92.9273,23.4425,5.68564
59.632,-0.0000,0.0000,1.0000,6,134.95,-0.3823,-0.0700,7188.41,0.0,10.6499,17.8822,22.3317,27.2178,31.4672,34.1706,35.8223,37.4104,38.6375,39.9509,41.3601,42.8757,45.2003,48.1954,55.065,101.626,92.4454,25.7952,5.83027
59.651,-0.0000,0.0000,1.0000,6,133.06,-0.3730,-0.0789,6900.29,0.0,10.5154,17.5703,21.9114,26.7048,30.8734,33.5253,35.1454,36.7032,37.9068,39.1952,40.5774,42.0641,44.344,47.2817,54.0192,100.96,91.9661,28.1202,5.98596
59.670,-0.0000,0.0000,0.0000,6,131.07,-0.3626,-0.0877,6699.08,0.0,10.3782,17.2596,21.4965,26.1984,30.2871,32.8882,34.4772,36.005,37.1854,38.449,39.8046,41.2625,43.4984,46.3791,52.986,100.304,91.4898,30.4192,6.15279
59.689,-0.0000,0.0000,0.0000,6,129.20,-0.3514,-0.0964,7347.81,0.0,10.2386,16.9504,21.0869,25.6978,29.7071,32.2574,33.8153,35.3134,36.4707,37.7094,39.0383,40.4676,42.6594,45.4834,51.9591,74.0768,91.0204,32.6998,6.32919
59.706,-0.0000,0.0000,0.0000,6,127.61,-0.3394,-0.1042,7696.2,0.0,10.0982,16.6485,20.6919,25.2181,29.1543,31.6584,33.1882,34.6591,35.7956,37.0121,38.3172,39.7208,41.8736,44.6472,51.0086,71.7711,90.5232,34.8601,6.51334
59.733,-0.2297,0.0000,0.0000,6,126.39,-0.3266,-0.1111,7728.13,0.0,9.95811,16.3575,20.3166,24.7677,28.6401,31.1045,32.6104,34.0586,35.1777,36.3757,37.6612,39.0438,41.1649,43.8985,50.1711,70.512,89.9796,36.8167,6.70357
59.751,-0.8233,0.0000,0.0000,6,125.30,-0.3131,-0.1178,7672.36,0.0,9.81614,16.0688,19.9481,24.3262,28.1372,30.5635,32.0466,33.473,34.5754,35.7558,37.0226,38.3854,40.4766,43.1724,49.3619,69.4085,89.4282,38.687,6.90241
59.770,-1.0000,0.0000,0.0000,6,124.33,-0.2990,-0.1237,7609.88,0.0,9.67689,15.7969,19.6091,23.9287,27.6932,30.0918,31.5587,32.9703,34.0617,35.2306,36.4853,37.8357,39.909,42.5834,48.7316,68.7169,88.7999,40.1911,7.10252
59.788,-1.0000,0.0000,0.0000,6,123.48,-0.2845,-0.1278,7554.83,0.0,9.54878,15.5702,19.3452,23.6457,27.4041,29.804,31.2738,32.6894,33.7849,34.9591,36.2208,37.5799,39.6687,42.3679,48.5923,69.4678,87.9548,40.7541,7.2892
59.808,-1.0000,0.0000,0.0000,6,122.73,-0.2698,-0.1288,7506.31,0.0,9.43928,15.4129,19.1975,23.5414,27.3588,29.8068,31.31,32.7608,33.8855,35.0929,36.3925,37.7948,39.9555,42.7569,49.2578,95.0888,86.7655,39.9843,7.44761
59.832,-1.0000,0.0000,0.0000,6,122.02,-0.2551,-0.1263,7462.09,0.0,9.34977,15.3286,19.1757,23.6335,27.585,30.1363,31.7094,33.2326,34.4168,35.6911,37.0665,38.555,40.8575,43.8588,50.8951,93.8448,85.1915,38.1231,7.57251
59.851,-0.9222,0.0000,0.0000,6,121.36,-0.2407,-0.1209,7422.92,0.0,9.28201,15.3236,19.2917,23.9451,28.1211,30.8431,32.5318,34.1746,35.4567,36.8418,38.3424,39.9736,42.5111,45.8456,53.7826,92.3565,83.1817,35.5564,7.65971
59.870,-0.5442,0.0000,0.0000,6,120.79,-0.2266,-0.1123,7385.71,0.0,9.23866,15.4146,19.5724,24.5278,29.0508,32.0388,33.9085,35.7392,37.1762,38.7368,40.4374,42.2974,45.2147,49.0937,58.5399,90.563,80.6045,32.5928,7.70594
59.889,-0.0000,0.0000,0.0000,6,120.33,-0.2130,-0.1027,7354.14,0.0,9.20641,15.5548,19.9426,25.2717,30.2337,33.5644,35.6703,37.749,39.3921,41.1882,43.1593,45.332,48.7762,53.4247,65.1946,88.5959,77.6515,29.9878,7.73549
59.907,-0.0000,0.0000,0.0000,6,119.85,-0.1997,-0.0931,7325.01,0.0,9.17718,15.7148,20.3546,26.1053,31.578,35.3176,37.7101,40.0928,41.9921,44.0838,46.3982,48.9735,53.1064,58.7872,91.0036,86.5453,74.4192,27.8992,7.76194
59.933,-0.0000,0.0000,0.0000,6,119.45,-0.1867,-0.0851,7297.01,0.0,9.13689,15.8372,20.7061,26.8564,32.8325,36.9871,39.676,42.3786,44.5502,46.9605,49.6501,52.6709,57.5831,65.329,89.3838,84.6197,71.2493,26.4795,7.80583
59.951,-0.0000,0.0000,0.0000,6,119.23,-0.1740,-0.0823,7277.75,0.0,9.06183,15.8212,20.8112,27.1933,33.4811,37.9039,40.7892,43.7074,46.0658,48.6972,51.6513,54.9918,60.4748,90.0793,88.1277,83.196,69.0431,25.9601,7.89976
59.970,-0.0000,0.0000,0.0000,6,119.04,-0.1613,-0.0818,7264.08,0.0,8.97128,15.7426,20.8008,27.3307,33.8318,38.4454,41.4737,44.5515,47.0497,49.8489,53.0066,56.5956,62.68,89.0427,87.0494,82.018,67.3706,25.7853,8.01552
59.989,-0.0000,0.0000,0.0000,6,118.86,-0.1486,-0.0832,7254.16,0.0,8.86846,15.6133,20.6946,27.2974,33.9203,38.6501,41.7683,44.9486,47.5383,50.4492,53.7438,57.5036,89.0949,88.1351,86.1214,81.0477,66.2201,25.8536,8.14961
60.008,-0.0000,0.0000,0.0000,6,118.69,-0.1360,-0.0871,7244.49,0.0,8.75035,15.4169,20.4603,27.0314,33.6425,38.3764,41.5031,44.6965,47.3005,50.2309,53.5525,57.3493,88.3575,87.3998,85.3931,80.3509,65.7993,26.2235,8.30898
60.033,-0.0000,0.0000,0.0000,6,118.53,-0.1235,-0.0922,7235.26,0.0,8.62296,15.1788,20.1443,26.6139,33.1229,37.7837,40.862,44.0061,46.5699,49.4548,52.7253,56.4633,87.7262,86.779,84.797,79.8331,65.8107,26.7909,8.48669
60.051,-0.0000,0.0000,0.0000,6,118.37,-0.1109,-0.0977,7226.12,0.0,8.49312,14.93,19.8043,26.1486,32.5239,37.0843,40.0943,43.1668,45.671,48.4874,51.6783,55.3232,87.1336,86.1997,84.2481,79.3773,65.9166,27.4289,8.66787
60.069,-0.0000,0.0000,0.0000,6,118.22,-0.0983,-0.1031,7213.51,0.0,8.36596,14.6955,19.4878,25.7214,31.9812,36.4564,39.4089,42.4216,44.8763,47.6366,50.7625,54.3321,86.5221,85.5998,83.675,78.8866,65.8933,28.0181,8.84152
60.089,-0.0000,0.0000,0.0000,6,118.07,-0.0855,-0.1076,7203.74,0.0,8.24338,14.4862,19.2155,25.3711,31.5566,35.9813,38.9016,41.8826,44.3122,47.0448,50.1405,53.6767,85.8636,84.949,83.043,78.3155,65.6655,28.4918,9.00357
60.107,-0.5265,0.0000,0.0000,6,117.92,-0.0723,-0.1128,7196.54,0.0,8.11858,14.2632,18.9167,24.9712,31.0531,35.402,38.2717,41.2003,43.5868,46.2707,49.3106,52.7823,85.2412,84.3371,82.4552,77.8022,65.5368,29.0432,9.17036
60.132,-1.0000,0.0000,0.0000,6,117.75,-0.0589,-0.1174,7187.94,0.0,7.99845,14.0555,18.6441,24.6163,30.6174,34.9101,37.7433,40.6353,42.9923,45.6432,48.6465,52.077,58.5199,83.6969,81.8347,77.2442,65.2957,29.5239,9.32925
60.151,-0.9858,0.0000,0.0000,6,117.54,-0.0456,-0.1184,7176.81,0.0,7.90219,13.9453,18.549,24.5756,30.6718,35.0574,37.9634,40.9394,43.3718,46.1153,49.2333,52.8078,83.739,82.8363,80.9621,76.3522,64.3884,29.4839,9.44108
60.170,-0.8092,0.0000,0.0000,6,117.25,-0.0326,-0.1148,7163.95,0.0,7.83931,13.9724,18.7068,24.9912,31.4505,36.1627,39.3156,42.5701,45.2498,48.2934,51.7801,55.9067,82.5924,81.6619,79.7319,74.99,62.537,28.7656,9.48697
60.189,-0.3180,0.0000,0.0000,6,116.93,-0.0200,-0.1045,7150.14,0.0,7.82437,14.2103,19.2678,26.1671,33.4906,38.9885,42.7431,46.6845,49.981,53.7828,82.344,81.7926,80.9798,79.9889,77.9334,72.8797,58.9324,27.2235,9.44301
60.207,-0.0000,0.0000,0.0000,6,116.67,-0.0077,-0.0902,7125.43,0.0,7.84242,14.6052,20.1541,28.0246,36.7851,43.6558,48.5013,53.728,81.6196,81.0696,80.4957,79.8971,79.0149,77.9392,75.7048,70.1993,52.2841,25.428,9.34976
60.233,-0.0000,0.0000,0.0000,6,116.38,0.0042,-0.0760,7107.5,0.0,7.87,15.0487,21.1709,30.2474,40.9356,49.786,81.1139,80.3523,79.7804,79.1841,78.5622,77.9133,76.9567,75.7888,73.3673,67.3455,45.5133,23.8912,9.25712
60.251,-0.0000,0.0000,0.0000,6,116.16,0.0156,-0.0619,7092.02,0.0,7.88064,15.4051,22.0398,32.2757,44.986,80.4167,79.5466,78.7366,78.1286,77.4948,76.8337,76.1438,75.1258,73.8856,71.3106,64.8432,41.441,22.8662,9.20444
60.270,-0.0000,0.0000,0.0000,6,115.98,0.0262,-0.0525,7080.29,0.0,7.8613,15.592,22.5636,33.6219,47.8912,79.1954,78.2937,77.455,76.8256,76.1696,75.4853,74.771,73.7186,72.4379,69.7758,63.042,39.3928,22.3485,9.20318
60.289,-0.0000,0.0000,0.0000,6,115.82,0.0359,-0.0461,7066.53,0.0,7.82884,15.6872,22.8891,34.5475,50.0333,78.1435,77.2224,76.3661,75.7238,75.0544,74.3562,73.6277,72.5566,71.2525,68.5427,61.662,38.2123,22.0644,9.22406
60.307,-0.0000,0.0000,0.0000,6,115.66,0.0448,-0.0399,7057.84,0.0,7.80077,15.7897,23.2304,35.5283,78.7062,77.0973,76.1576,75.2846,74.6299,73.9477,73.2361,72.4952,71.4062,70.0796,67.3251,60.3015,37.142,21.7935,9.24069
60.332,-0.0000,0.0000,0.0000,6,115.51,0.0529,-0.0350,7049.95,0.0,7.76948,15.8532,23.4807,36.3041,77.7662,76.1336,75.1812,74.2968,73.6339,72.9432,72.2235,71.4749,70.3748,69.0346,66.2548,59.1528,36.4001,21.6139,9.26382
60.351,-0.0000,0.0000,0.0000,6,115.37,0.0601,-0.0317,7042.09,0.0,7.73422,15.8694,23.6153,36.7959,76.9122,75.2673,74.3087,73.4191,72.7526,72.0583,71.336,70.5851,69.4817,68.1384,65.355,58.2527,35.9742,21.529,9.29434
60.370,-0.0000,0.0000,0.0000,6,115.23,0.0664,-0.0298,7034.36,0.0,7.69564,15.8409,23.6373,36.9977,76.1396,74.4925,73.5337,72.6446,71.9788,71.2856,70.5651,69.8165,68.7171,67.3799,64.6132,57.5822,35.8134,21.5266,9.33123
60.389,-0.0000,0.0000,0.0000,6,115.09,0.0720,-0.0290,7026.65,0.0,7.65539,15.7792,23.5722,36.967,75.4302,73.7884,72.8339,71.9495,71.2876,70.5989,69.8837,69.1409,68.0507,66.7262,63.991,57.0824,35.845,21.5845,9.37217
60.407,-0.0000,0.0000,0.0000,6,114.96,0.0769,-0.0288,7018.54,0.0,7.61626,15.7039,23.4667,36.8195,74.7537,73.1211,72.1731,71.2954,70.639,69.9564,69.248,68.5126,67.4344,66.1258,63.4288,56.6636,35.97,21.6696,9.41316
60.432,-0.0000,0.0000,0.0000,6,114.83,0.0814,-0.0288,7010.69,0.0,7.5798,15.6292,23.3557,36.6469,74.0866,72.4642,71.5232,70.6527,70.0022,69.3261,68.6247,67.8973,66.8316,65.5394,62.8818,56.2609,36.1146,21.7576,9.45174
60.451,-0.0000,0.0000,0.0000,6,114.70,0.0854,-0.0289,7002.88,0.0,7.54523,15.5542,23.239,36.4515,73.4277,71.8163,70.8827,70.0199,69.3754,68.7062,68.0122,67.293,66.2401,64.9648,62.3475,55.8707,36.278,21.8491,9.48871
60.470,-0.0000,0.0000,0.0000,6,114.58,0.0893,-0.0291,6995.11,0.0,7.51236,15.4816,23.1242,36.255,72.7711,71.1707,70.2447,69.3895,68.7512,68.0887,67.4022,66.6911,65.651,64.3927,61.8151,55.4782,36.4428,21.9391,9.52402
60.489,-0.0000,0.0000,0.0000,6,114.45,0.0929,-0.0293,6987.37,0.0,7.48115,15.4125,23.0148,36.0673,72.114,70.5244,69.6059,68.7583,68.1261,67.4703,66.7911,66.0879,65.0604,63.8187,61.2799,55.0773,36.6007,22.0251,9.55758
60.508,-0.0000,0.0000,0.0000,6,114.32,0.0964,-0.0295,6979.65,0.0,7.45128,15.347,22.912,35.8929,71.4549,69.876,68.9647,68.1245,67.4982,66.8489,66.1768,65.4815,64.4663,63.2406,60.7395,54.6655,36.7482,22.1062,9.58967
60.533,-0.0000,0.0000,0.0000,6,114.20,0.0998,-0.0296,6971.48,0.0,7.4227,15.2857,22.8173,35.7365,70.7927,69.224,68.3197,67.4865,66.866,66.223,65.5578,64.8701,63.8667,62.6567,60.192,54.2406,36.8807,22.1811,9.62024
60.551,-0.0000,0.0000,0.0000,6,114.07,0.1031,-0.0296,6964.05,0.0,7.39497,15.2273,22.7284,35.5928,70.1284,68.5696,67.6721,66.8459,66.2309,65.5941,64.9357,64.2554,63.2636,62.0688,59.6395,53.806,37.0025,22.2517,9.64981
60.570,-0.0000,0.0000,0.0000,6,113.95,0.1063,-0.0297,6956.61,0.0,7.36766,15.1696,22.6405,35.4503,69.4645,67.9158,67.0251,66.2059,65.5965,64.9658,64.3141,63.6411,62.6609,61.4812,59.0868,53.3682,37.1234,22.3216,9.67895
60.589,-0.0000,0.0000,0.0000,6,113.82,0.1096,-0.0297,6949.16,0.0,7.34075,15.1127,22.5538,35.3097,68.8012,67.2624,66.3785,65.5662,64.9624,64.3379,63.6929,63.0272,62.0584,60.8937,58.5338,52.9272,37.2428,22.3905,9.70767
60.608,-0.0000,0.0000,0.0000,6,113.70,0.1128,-0.0298,6941.72,0.0,7.31393,15.0562,22.4678,35.1708,68.138,66.6093,65.7322,64.9268,64.3285,63.7101,63.0718,62.4134,61.4558,60.306,57.9802,52.4828,37.361,22.459,9.73629
60.627,-0.0000,0.0000,0.0000,6,113.58,0.1159,-0.0298,6934.27,0.0,7.28743,15.0005,22.3833,35.0349,67.4748,65.9561,65.0859,64.2874,63.6946,63.0822,62.4505,61.7994,60.8531,59.7179,57.4257,52.0348,37.4768,22.5263,9.76455
60.651,-0.0000,0.0000,0.0000,6,113.45,0.1191,-0.0298,6926.37,0.0,7.26107,14.9454,22.2998,34.9012,66.8117,65.3031,64.4396,63.648,63.0607,62.4543,61.8292,61.1853,60.2501,59.1295,56.8704,51.5834,37.5905,22.5928,9.79264
60.670,-0.0000,0.0000,0.0000,6,113.33,0.1223,-0.0299,6919.12,0.0,7.23485,14.8907,22.2173,34.7695,66.1487,64.6502,63.7935,63.0088,62.427,61.8267,61.208,60.5712,59.6472,58.541,56.3146,51.1292,37.7025,22.6587,9.82056
60.689,-0.0000,0.0000,1.0000,6,113.21,0.1254,-0.0299,6911.86,0.0,7.20865,14.836,22.1348,34.6381,65.4863,63.9979,63.148,62.3701,61.7939,61.1995,60.5875,59.9577,59.0447,57.9528,55.7588,50.6729,37.8145,22.7244,9.84847
60.708,-0.0000,0.0000,1.0000,6,112.05,0.1286,-0.0299,6381.02,0.0,7.18267,14.7818,22.0531,34.5077,64.827,63.3487,62.5056,61.7346,61.1638,60.5754,59.9698,59.3472,58.445,57.3673,55.2053,50.2163,37.9256,22.7897,9.87615
60.733,-0.0000,0.0000,1.0000,6,110.32,0.1316,-0.0300,6076.4,0.0,7.15711,14.7286,21.9728,34.3799,64.1766,62.7085,61.8721,61.1079,60.5424,59.9599,59.3607,58.745,57.8536,56.7898,54.6589,49.7635,38.0234,22.8538,9.90337
60.751,-0.0000,0.0000,1.0000,6,108.50,0.1347,-0.0300,5762.73,0.0,7.13194,14.6761,21.8937,34.2542,63.5366,62.0784,61.2487,60.4911,59.9309,59.3542,58.7614,58.1524,57.2715,56.2212,54.1207,49.3158,38.0622,22.9169,9.93019
60.770,-0.0000,0.0000,1.0000,6,106.75,0.1377,-0.0300,5322.66,0.0,7.10695,14.6235,21.8137,34.125,62.9081,61.4599,60.6369,59.8859,59.331,58.7601,58.1734,57.5712,56.7006,55.6637,53.593,48.8757,38.056,22.9809,9.95689
60.789,-0.0000,0.0000,1.0000,6,104.97,0.1406,-0.0301,5235.99,0.0,7.08249,14.5721,21.7355,33.9988,62.2897,60.8514,60.0349,59.2905,58.7408,58.1754,57.5949,56.9992,56.1388,55.115,53.0734,48.4407,38.0109,23.0436,9.98303
60.808,-0.0000,0.0000,1.0000,6,103.18,0.1435,-0.0301,5235.99,0.0,7.0585,14.5219,21.6595,33.8773,61.6809,60.2524,59.4423,58.7043,58.1596,57.5998,57.0252,56.4361,55.5855,54.5744,52.561,48.0099,37.9338,23.1043,10.0086
60.832,-0.0000,0.0000,1.0000,6,101.34,0.1463,-0.0301,5235.99,0.0,7.03497,14.473,21.5861,33.761,61.0819,59.6629,58.8591,58.1274,57.5877,57.0333,56.4646,55.8817,55.0408,54.0421,52.0562,47.5837,37.8311,23.163,10.0337
60.851,-0.0000,0.0000,1.0000,5.0,99.47,0.1491,-0.0301,5235.99,0.0,7.01198,14.4255,21.515,33.649,60.4931,59.0836,58.286,57.5604,57.0256,56.4765,55.9134,55.3367,54.5053,53.5187,51.5595,47.1628,37.7082,23.2199,10.0581
60.871,-0.0000,0.0000,1.0000,5.0,97.59,0.1518,-0.0301,5235.99,0.0,6.98932,14.3787,21.445,33.5427,59.9152,58.5149,57.7235,57.004,56.474,55.93,55.3725,54.8019,53.9797,53.0049,51.0717,46.7483,37.5699,23.2759,10.0822
60.888,-0.0000,0.0000,1.0000,5.0,95.73,0.1545,-0.0302,5235.99,0.0,6.96713,14.3327,21.376,33.4839,59.3485,57.9575,57.1721,56.4586,55.9332,55.3944,54.8424,54.2777,53.4645,52.5012,50.5934,46.3409,37.4197,23.3311,10.1058
60.908,-0.0000,0.0000,0.0000,5.0,94.01,0.1572,-0.0302,5235.99,0.0,6.94516,14.2867,21.3064,33.5005,58.7931,57.4113,56.6319,55.9242,55.4036,54.8697,54.3232,53.7643,52.96,52.0081,50.1251,45.9414,37.261,23.3869,10.1293
60.933,-0.0000,0.0000,0.0000,5.0,92.29,0.1598,-0.0302,5235.99,0.0,6.92367,14.2419,21.2389,33.6553,58.2473,56.8745,56.101,55.3992,54.8831,54.3542,53.813,53.2597,52.4641,51.5232,49.6644,45.5473,37.0922,23.4411,10.1522
60.951,-0.0000,0.0000,0.0000,5.0,90.61,0.1623,-0.0302,5235.99,0.0,6.9026,14.1982,21.1732,34.1733,57.7109,56.3471,55.5793,54.8832,54.3716,53.8475,53.3115,52.7638,51.9767,51.0466,49.2113,45.1585,36.915,23.4937,10.1747
60.970,-0.0000,0.0000,0.0000,5.0,88.95,0.1648,-0.0302,5235.99,0.0,6.88205,14.1558,21.1098,59.6244,57.1836,55.8285,55.0664,54.3759,53.8687,53.3493,52.8184,52.2762,51.4974,50.5778,48.7654,44.7748,36.7304,23.5444,10.1965
60.989,-0.0000,0.0000,0.0000,5.0,87.39,0.1673,-0.0302,5678.12,0.0,6.86172,14.114,21.0472,59.0954,56.6657,55.3193,54.5627,53.8777,53.3748,52.8602,52.3342,51.7973,51.0266,50.1173,48.3273,44.397,36.541,23.5945,10.2181
61.008,-0.0000,0.0000,0.0000,5.0,86.34,0.1697,-0.0303,5769.46,0.0,6.8415,14.0715,20.9829,58.5755,56.157,54.8193,54.0683,53.3888,52.8902,52.3801,51.8591,51.3275,50.5649,49.6658,47.8977,44.0265,36.3502,23.6462,10.2398
61.033,-0.0000,0.0000,0.0000,5.0,85.89,0.1721,-0.0303,5727.4,0.0,6.82155,14.0301,20.9206,58.059,55.6518,54.3226,53.5772,52.9031,52.4088,51.9032,51.3871,50.8608,50.1061,49.2169,47.4705,43.6569,36.1524,23.6962,10.261
61.051,-0.0000,0.0000,0.0000,5.0,85.83,0.1745,-0.0303,5719.54,0.0,6.8015,13.9887,20.8586,57.5428,55.1469,53.8264,53.0865,52.4178,51.9277,51.4267,50.9155,50.3943,49.6475,48.7682,47.0432,43.2865,35.948,23.7458,10.2824
61.071,-0.0000,0.0000,0.0000,5.0,85.76,0.1769,-0.0303,5715.07,0.0,6.78174,13.9479,20.7976,57.0267,54.6422,53.3304,52.596,51.9328,51.4469,50.9505,50.4441,49.9281,49.189,48.3196,46.6159,42.9152,35.7373,23.7947,10.3034
61.089,-0.0000,0.0000,0.0000,5.0,85.69,0.1793,-0.0303,5710.67,0.0,6.76214,13.9074,20.7371,56.5108,54.1378,52.8346,52.1058,51.448,50.9663,50.4744,49.9728,49.462,48.7308,47.8712,46.1885,42.5431,35.5208,23.8431,10.3242
61.108,-0.0000,0.0000,0.0000,5.0,85.63,0.1817,-0.0303,5706.34,0.0,6.74237,13.8667,20.6762,55.9949,53.6336,52.3392,51.616,50.9636,50.4861,49.9987,49.502,48.9963,48.2729,47.423,45.7613,42.1706,35.2994,23.8919,10.3453
61.126,-0.0000,0.0000,0.0000,5.0,85.56,0.1841,-0.0303,5702.05,0.0,6.72246,13.8257,20.615,55.4791,53.1297,51.8441,51.1264,50.4795,50.0062,49.5234,49.0315,48.531,47.8153,46.9752,45.3343,41.7976,35.0734,23.9409,10.3664
61.151,-0.0000,0.0000,0.0000,5.0,85.50,0.1865,-0.0303,5697.78,0.0,6.70244,13.7844,20.5534,54.9635,52.6261,51.3493,50.6373,49.9958,49.5268,49.0485,48.5614,48.066,47.3581,46.5277,44.9075,41.4242,34.8429,23.9902,10.3877
61.170,-0.0000,0.0000,0.0000,5.0,85.44,0.1889,-0.0303,5693.53,0.0,6.6829,13.7441,20.4932,54.448,52.1227,50.8548,50.1484,49.5123,49.0475,48.5738,48.0915,47.6013,46.901,46.0802,44.4806,41.0499,34.6074,24.0384,10.4085
61.189,-0.0000,0.0000,0.0000,5.0,85.37,0.1913,-0.0303,5689.28,0.0,6.66327,13.7037,20.4328,53.9328,51.6197,50.3607,49.6599,49.0293,48.5687,48.0995,47.6221,47.1369,46.4443,45.6331,44.0539,40.6754,34.3678,24.0868,10.4294
61.208,-0.0000,0.0000,0.0000,5.0,85.31,0.1937,-0.0303,5685.08,0.0,6.64347,13.6628,20.3716,53.4177,51.1171,49.867,49.1719,48.5468,48.0905,47.6257,47.1532,46.6731,45.9882,45.1865,43.6276,40.3006,34.1245,24.1358,10.4504
61.228,-0.0000,0.0000,0.0000,5.0,85.25,0.1961,-0.0303,5680.93,0.0,6.62352,13.6216,20.3101,52.9028,50.6147,49.3737,48.6842,48.0646,47.6125,47.1524,46.6846,46.2096,45.5323,44.7402,43.2014,39.9255,33.8775,24.1851,10.4717
61.252,-0.0000,0.0000,0.0000,5.0,85.18,0.1985,-0.0303,5676.8,0.0,6.60365,13.5807,20.2489,52.388,50.1125,48.8807,48.1969,47.5828,47.135,46.6793,46.2163,45.7464,45.0767,44.294,42.7754,39.5498,33.6267,24.2342,10.4928
61.270,-0.0000,0.0000,0.0000,5.0,85.12,0.2009,-0.0304,5672.71,0.0,6.58416,13.5405,20.1889,51.8732,49.6106,48.3878,47.7097,47.1011,46.6575,46.2063,45.7482,45.2834,44.6212,43.8479,42.3492,39.1733,33.3718,24.2823,10.5135
61.289,-0.0000,0.0000,0.0000,5.0,85.06,0.2032,-0.0304,5668.64,0.0,6.56453,13.5,20.1284,51.3586,49.1089,47.8953,47.2229,46.6198,46.1805,45.7338,45.2804,44.8207,44.1661,43.4022,41.9232,38.7966,33.1138,24.3219,10.5344
61.308,-0.0000,1.0000,0.0000,5.0,85.00,0.2056,-0.0304,5664.59,0.0,6.54465,13.459,20.0671,50.8441,48.6075,47.4032,46.7365,46.139,45.7039,45.2618,44.8132,44.3585,43.7114,42.9569,41.4975,38.4197,32.853,24.3407,10.5555
61.333,-0.0000,1.0000,0.0000,5.0,85.24,0.2080,-0.0304,5851.71,0.0,6.52486,13.4183,20.0062,50.329,48.1056,46.9105,46.2497,45.6577,45.2268,44.7892,44.3454,43.8958,43.2563,42.511,41.0712,38.0416,32.5885,24.34,10.5766
61.352,-0.0000,1.0000,0.0000,5.0,85.63,0.2104,-0.0304,5876.94,0.0,6.50506,13.3775,19.9454,49.8113,47.6014,46.4157,45.7607,45.1743,44.7477,44.3147,43.8756,43.431,42.7991,42.0631,40.6429,37.6612,32.3196,24.3218,10.5977
61.371,-0.0000,1.0000,0.0000,5.0,86.00,0.2129,-0.0304,5929.02,0.0,6.48524,13.3369,19.885,49.2908,47.0945,45.9183,45.2691,44.6883,44.266,43.8375,43.4033,42.9638,42.3394,41.6127,40.2119,37.2778,32.0458,24.2872,10.6187
61.389,-0.0000,1.0000,0.0000,5.0,86.40,0.2153,-0.0304,5949.28,0.0,6.46526,13.2958,19.8238,48.7679,46.5855,45.4188,44.7755,44.2003,43.7824,43.3585,42.9291,42.4947,41.8779,41.1605,39.7792,36.8924,31.7683,24.2384,10.6399
61.408,-0.0000,0.0000,0.0000,5.0,86.81,0.2177,-0.0304,5969.93,0.0,6.44519,13.2545,19.7621,48.2423,46.074,44.9171,44.2797,43.7103,43.2967,42.8774,42.4529,42.0235,41.4143,40.7063,39.3445,36.5046,31.4867,24.1763,10.6612
61.433,-0.0000,0.0000,0.0000,5.0,86.91,0.2202,-0.0304,5791.51,0.0,6.42483,13.2125,19.6995,47.7148,45.5608,44.4137,43.7823,43.2186,42.8094,42.3947,41.9751,41.5509,40.9493,40.2505,38.9082,36.115,31.2016,24.1018,10.6829
61.452,-0.0000,0.0000,1.0000,5.0,86.84,0.2226,-0.0304,5787.07,0.0,6.40503,13.1719,19.6403,47.1869,45.0473,43.9099,43.2846,42.7266,42.3218,41.9118,41.497,41.0779,40.4838,39.7943,38.4712,35.7241,30.9129,24.0148,10.7039
61.470,-0.0000,0.0000,1.0000,5.0,85.74,0.2250,-0.0304,5235.99,0.0,6.38528,13.1315,19.605,46.6617,44.5367,43.4091,42.7897,42.2374,41.837,41.4315,41.0216,40.6075,40.021,39.3407,38.0366,35.3349,30.6232,23.9177,10.7249
61.489,-0.0000,0.0000,1.0000,5.0,84.13,0.2274,-0.0303,5235.99,0.0,6.36569,13.0913,19.6073,46.1455,44.0349,42.9171,42.3036,41.757,41.3608,40.9599,40.5547,40.1456,39.5664,38.8951,37.6097,34.952,30.3366,23.8129,10.7457
61.507,-0.0000,0.0000,1.0000,5.0,82.42,0.2297,-0.0303,5235.99,0.0,6.34644,13.0517,19.6564,45.6392,43.543,42.4347,41.8271,41.286,40.8941,40.4975,40.097,39.6928,39.1208,38.4583,37.1911,34.5763,30.0534,23.7014,10.7661
61.533,-0.0000,0.0000,1.0000,5.0,80.82,0.2320,-0.0304,5235.99,0.0,6.32738,13.0116,19.7617,45.1445,43.0626,41.9638,41.362,40.8263,40.4385,40.0464,39.6504,39.251,38.686,38.0321,36.7827,34.2095,29.7758,23.5861,10.7866
61.551,-0.0000,0.0000,1.0000,4.0,79.14,0.2342,-0.0304,5235.99,0.0,6.30879,12.9729,19.9539,44.6587,42.591,41.5015,40.9053,40.375,39.9913,39.6034,39.212,38.8172,38.2591,37.6136,36.3815,33.8487,29.5009,23.465,10.8064
61.570,-0.0000,0.0000,1.0000,4.0,77.50,0.2364,-0.0304,5235.99,0.0,6.29047,12.9347,20.2898,44.183,42.1292,41.049,40.4584,39.9333,39.5536,39.1699,38.7828,38.3926,37.8413,37.204,35.9887,33.4951,29.2299,23.3401,10.826
61.589,-0.0000,0.0000,1.0000,4.0,75.82,0.2386,-0.0304,5235.99,0.0,6.27269,12.898,21.0041,43.7164,41.6765,40.6053,40.0201,39.5002,39.1243,38.7448,38.3619,37.9762,37.4315,36.8021,35.6032,33.1476,28.9619,23.211,10.845
61.608,-0.0000,0.0000,1.0000,4.0,74.12,0.2407,-0.0304,5235.99,0.0,6.25544,12.8626,46.311,43.2596,41.2332,40.1708,39.591,39.0761,38.7041,38.3285,37.9499,37.5685,37.0302,36.4086,35.2256,32.8068,28.6975,23.0787,10.8633
61.633,-0.0000,0.0000,0.0000,4.0,72.40,0.2428,-0.0304,5235.99,0.0,6.23851,12.828,45.8542,42.8128,40.7998,39.7461,39.1715,38.6616,38.2933,37.9216,37.547,37.1699,36.6378,36.0238,34.8563,32.4732,28.4375,22.9444,10.8812
61.652,-0.0000,0.0000,0.0000,4.0,70.69,0.2448,-0.0304,5235.99,0.0,6.22207,12.7944,45.4076,42.3762,40.3764,39.3313,38.7618,38.2567,37.892,37.5242,37.1536,36.7806,36.2546,35.648,34.4955,32.1469,28.182,22.8086,10.8987
61.670,-0.0000,0.0000,0.0000,4.0,69.00,0.2467,-0.0304,5235.99,0.0,6.20598,12.7615,44.9712,41.9498,39.963,38.9263,38.3618,37.8614,37.5003,37.1362,36.7695,36.4006,35.8805,35.281,34.1432,31.828,27.9313,22.6721,10.9157
61.689,-0.0000,0.0000,0.0000,4.0,67.34,0.2486,-0.0304,5235.99,0.0,6.19021,12.7292,44.5448,41.5337,39.5597,38.5312,37.9716,37.4758,37.1182,36.7577,36.3948,36.0299,35.5156,34.9231,33.7994,31.5167,27.6855,22.5352,10.9324
61.708,-0.0000,0.0000,0.0000,4.0,65.95,0.2505,-0.0304,5235.99,0.0,6.1747,12.6966,44.1289,41.1281,39.1668,38.1464,37.5917,37.1004,36.7462,36.3893,36.0302,35.6691,35.1604,34.5747,33.4649,31.2136,27.4456,22.3993,10.9491
61.733,-0.0000,0.0000,0.0000,4.0,65.65,0.2523,-0.0304,5235.99,0.0,6.15947,12.665,43.717,40.7266,38.778,37.7656,37.2156,36.7289,36.3781,36.0247,35.6691,35.3118,34.8087,34.2298,33.1335,30.9131,27.2067,22.2611,10.9653
61.751,-0.0000,0.0000,0.0000,4.0,65.62,0.2542,-0.0305,5235.99,0.0,6.14418,12.6333,43.3052,40.3255,38.3895,37.3852,36.8401,36.3578,36.0103,35.6605,35.3086,34.9551,34.4575,33.8852,32.8025,30.6127,26.9671,22.1199,10.9817
61.770,-0.0000,0.0000,0.0000,4.0,65.59,0.2560,-0.0305,5235.99,0.0,6.12885,12.6017,42.8929,39.9241,38.001,37.0047,36.4644,35.9866,35.6425,35.2962,34.948,34.5983,34.1062,33.5406,32.4713,30.3118,26.7263,21.9754,10.998
61.789,-0.0000,0.0000,0.0000,4.0,65.56,0.2579,-0.0305,5235.99,0.0,6.11347,12.5701,42.4802,39.5226,37.6124,36.6243,36.0888,35.6155,35.2748,34.9319,34.5874,34.2415,33.7549,33.1959,32.14,30.0107,26.4844,21.8279,11.0143
61.808,-0.0000,0.0000,0.0000,4.0,65.53,0.2598,-0.0305,5235.99,0.0,6.09802,12.5391,42.0671,39.1211,37.2239,36.244,35.7132,35.2444,34.9071,34.5678,34.2269,33.8848,33.4038,32.8514,31.8088,29.7094,26.2416,21.6776,11.0307
61.833,0.1139,0.0000,0.0000,4.0,65.50,0.2617,-0.0305,5235.99,0.0,6.08256,12.518,41.6538,38.7196,36.8355,35.8638,35.3379,34.8736,34.5397,34.2039,33.8666,33.5283,33.0528,32.507,31.4777,29.408,25.9979,21.5246,11.0471
61.852,0.3310,0.0000,0.0000,4.0,65.46,0.2637,-0.0318,5235.99,0.0,6.05847,12.4601,41.2833,38.366,36.4973,35.5347,35.0142,34.5548,34.2246,33.8926,33.5592,33.2247,32.7549,32.2159,31.2002,29.16,25.8055,21.4157,11.0805
61.870,0.4093,0.0000,0.0000,4.0,65.40,0.2661,-0.0365,5235.99,0.0,6.01222,12.2852,41.0177,38.1289,36.2804,35.3293,34.8153,34.3618,34.0359,33.7083,33.3792,33.049,32.5854,32.0537,31.0522,29.0412,25.7378,21.4171,11.1574
61.889,0.4626,0.0000,0.0000,4.0,65.29,0.2693,-0.0453,5235.99,0.0,5.93785,11.9622,40.88,38.034,36.2115,35.2744,34.7681,34.3216,34.0007,33.6783,33.3544,33.029,32.572,32.0479,31.0613,29.0795,25.8218,21.5535,11.2927
61.908,0.3630,0.0000,0.0000,4.0,65.18,0.2733,-0.0576,5235.99,0.0,5.83931,11.5274,40.8482,38.0576,36.2656,35.3445,34.8469,34.4082,34.0929,33.7761,33.4579,33.1382,32.6885,32.1725,31.201,29.2489,26.0332,21.8041,11.4852
61.933,-0.0000,0.0000,0.0000,4.0,65.10,0.2783,-0.0726,5235.99,0.0,5.72401,11.0352,40.8866,38.1619,36.4032,35.4992,35.0109,34.5803,34.271,33.9601,33.6479,33.3343,32.893,32.3857,31.4295,29.5079,26.3319,22.1348,11.7281
61.952,-0.0000,0.0000,0.0000,4.0,65.08,0.2838,-0.0862,5235.99,0.0,5.61456,10.6089,40.8749,38.2118,36.4836,35.5955,35.1159,34.6929,34.3891,34.0837,33.7771,33.4691,33.0358,32.5376,31.5967,29.7047,26.5702,22.4123,11.968
61.971,-0.0000,0.0000,0.0000,4.0,65.06,0.2894,-0.0927,5235.99,0.0,5.54014,10.3809,40.6557,38.0274,36.3199,35.4431,34.9697,34.5525,34.2528,33.9517,33.6493,33.3457,32.9187,32.4279,31.5008,29.6362,26.5482,22.451,12.1077
61.989,-0.0000,0.0000,0.0000,4.0,65.04,0.2951,-0.0951,5235.99,0.0,5.48567,10.2659,40.3156,37.7059,36.0134,35.1453,34.677,34.2643,33.968,33.6704,33.3716,33.0717,32.65,32.1655,31.2509,29.4127,26.3735,22.3484,12.1802
62.008,-0.0000,0.0000,0.0000,4.0,65.01,0.3007,-0.0958,5235.99,0.0,5.43841,10.1987,39.9306,37.3336,35.6542,34.7939,34.3302,33.9217,33.6285,33.3342,33.0387,32.7422,32.3255,31.847,30.9443,29.132,26.1421,22.1924,12.224
62.027,-0.0000,0.0000,0.0000,4.0,64.99,0.3063,-0.0960,5235.99,0.0,5.39346,10.1551,39.5305,36.9446,35.2776,34.425,33.9657,33.5613,33.2712,32.9799,32.6878,32.3946,31.9828,31.5102,30.6191,28.8326,25.8918,22.0179,12.2545
62.051,-0.0000,0.0000,0.0000,4.0,64.96,0.3120,-0.0961,5235.99,0.0,5.34904,10.127,39.1256,36.5506,34.896,34.0509,33.596,33.1957,32.9086,32.6205,32.3316,32.0418,31.6348,31.168,30.2885,28.5275,25.6355,21.8365,12.2774
62.070,-0.0000,0.0000,0.0000,4.0,64.94,0.3178,-0.0961,5235.99,0.0,5.3041,10.1117,38.7193,36.1553,34.5132,33.6758,33.2253,32.829,32.5449,32.26,31.9743,31.6879,31.2858,30.8247,29.9569,28.2213,25.3776,21.6527,12.295
62.089,-0.0000,0.0000,0.0000,4.0,64.91,0.3236,-0.0961,5235.99,0.0,5.25914,10.111,38.3124,35.7597,34.1302,33.3004,32.8543,32.4622,32.1812,31.8994,31.6169,31.3338,30.9366,30.4813,29.625,27.9147,25.1189,21.4668,12.3072
62.108,-0.0000,0.0000,0.0000,4.0,64.89,0.3294,-0.0961,5235.99,0.0,5.21411,10.1269,37.9052,35.364,33.7473,32.9252,32.4835,32.0955,31.8175,31.5389,31.2597,30.9799,30.5875,30.138,29.2932,27.608,24.8595,21.2791,12.3143
62.127,-0.0000,0.0000,0.0000,4.0,64.86,0.3351,-0.0961,5235.99,0.0,5.16928,10.1633,37.4979,34.9686,33.3647,32.5503,32.1131,31.7292,31.4542,31.1787,30.9027,30.6263,30.2387,29.795,28.9616,27.3013,24.5996,21.0896,12.3163
62.152,-0.0000,0.0000,0.0000,4.0,64.84,0.3408,-0.0961,5235.99,0.0,5.12487,10.2247,37.0902,34.5729,32.9819,32.1752,31.7424,31.3626,31.0907,30.8183,30.5456,30.2725,29.8897,29.4516,28.6296,26.9941,24.3386,20.8979,12.3129
62.170,-0.0000,0.0000,0.0000,4.0,64.82,0.3466,-0.0961,5235.99,0.0,5.08041,10.3146,36.6821,34.1771,32.5991,31.8001,31.3718,30.9961,30.7272,30.458,30.1885,29.9187,29.5407,29.1084,28.2977,26.6867,24.077,20.7045,12.3048
62.189,-0.0000,0.0000,0.0000,4.0,64.80,0.3523,-0.0961,5235.99,0.0,5.03591,10.4394,36.2737,33.7812,32.2163,31.4251,31.0013,30.6297,30.3639,30.0978,29.8315,29.565,29.1918,28.7651,27.9657,26.3791,23.8147,20.5094,12.292
62.208,-0.0000,0.0000,0.0000,4.0,64.77,0.3580,-0.0961,5235.99,0.0,4.99137,10.6087,35.8648,33.3853,31.8336,31.0501,30.6308,30.2633,30.0006,29.7376,29.4745,29.2114,28.8429,28.422,27.6337,26.0714,23.5518,20.3127,12.2746
62.227,-0.0000,0.0000,0.0000,4.0,64.75,0.3638,-0.0961,5235.99,0.0,4.94678,10.838,35.4556,32.9893,31.4509,30.6753,30.2605,29.8971,29.6374,29.3776,29.1178,28.8579,28.4942,28.0789,27.3019,25.7636,23.2884,20.1145,12.2527
62.251,0.2313,1.0000,0.0000,4.0,64.73,0.3695,-0.0961,5235.99,0.0,4.90218,11.1602,35.0462,32.5933,31.0684,30.3007,29.8904,29.5311,29.2745,29.0178,28.7612,28.5046,28.1457,27.736,26.9701,25.4558,23.0245,19.9148,12.2264
62.270,0.4342,1.0000,0.0000,4.0,65.02,0.3754,-0.0980,5235.99,0.0,4.84841,11.4652,34.687,32.2515,30.7407,29.9811,29.5755,29.2204,28.9668,28.7133,28.4598,28.2066,27.8524,27.4483,26.6932,25.2016,22.811,19.7588,12.2175
62.290,0.8399,1.0000,0.0000,4.0,65.37,0.3820,-0.1042,5235.99,0.0,4.77302,11.4634,34.4419,32.032,30.5367,29.7856,29.3847,29.0339,28.7833,28.5329,28.2827,28.0326,27.683,27.2842,26.5394,25.068,22.7113,19.7026,12.2536
62.308,1.0000,1.0000,0.0000,4.0,65.68,0.3894,-0.1139,5235.99,0.0,4.68147,11.1499,34.2876,31.9097,30.4309,29.6885,29.2922,28.9456,28.6981,28.4507,28.2035,27.9566,27.6114,27.2176,26.4825,25.0294,22.7012,19.7249,12.3264
62.327,1.0000,1.0000,0.0000,4.0,65.93,0.3977,-0.1265,5235.99,0.0,4.57794,10.6382,34.2034,31.8624,30.4015,29.6677,29.2762,28.9337,28.6891,28.4448,28.2006,27.9566,27.6156,27.2267,26.5006,25.0649,22.7606,19.8087,12.429
62.352,0.7047,0.0000,0.0000,4.0,66.15,0.4069,-0.1418,5235.99,0.0,4.46388,10.0249,34.1832,31.8831,30.4427,29.7176,29.3307,28.9922,28.7505,28.509,28.2677,28.0267,27.6897,27.3053,26.5878,25.1687,22.8844,19.9499,12.5603
62.370,0.4200,0.0000,0.0000,4.0,66.18,0.4170,-0.1589,5235.99,0.0,4.3428,9.40884,34.2007,31.9456,30.529,29.8125,29.4302,29.0957,28.8569,28.6182,28.3797,28.1414,27.8083,27.4284,26.719,25.3156,23.05,20.1292,12.7119
62.389,-0.0000,0.0000,0.0000,4.0,66.07,0.4280,-0.1760,5235.99,0.0,4.22216,8.87466,34.2079,31.9999,30.6091,29.9015,29.5236,29.1931,28.9571,28.7212,28.4855,28.2499,27.9207,27.5451,26.8437,25.4558,23.2103,20.3049,12.8635
62.408,-0.0000,0.0000,0.0000,4.0,66.03,0.4397,-0.1907,5235.99,0.0,4.1113,8.48412,34.1455,31.9809,30.6138,29.9166,29.5432,29.2165,28.9832,28.7501,28.5171,28.2843,27.9589,27.5878,26.8946,25.523,23.3017,20.4195,12.9861
62.427,-0.0000,0.0000,0.0000,4.0,66.03,0.4517,-0.1994,5235.99,0.0,4.02276,8.31482,33.9383,31.8042,30.4556,29.7682,29.3991,29.0762,28.8457,28.6153,28.3851,28.1552,27.8338,27.4673,26.7831,25.4298,23.2395,20.3958,13.0392
62.452,-0.0000,0.0000,0.0000,4.0,66.01,0.4637,-0.2031,5235.99,0.0,3.95403,8.32516,33.6135,31.4985,30.1643,29.4851,29.1203,28.8012,28.5735,28.3459,28.1186,27.8916,27.5744,27.2127,26.5379,25.2048,23.0506,20.2572,13.0327
62.471,-0.0000,0.0000,0.0000,4.0,66.00,0.4757,-0.1950,5235.99,0.0,3.89728,8.45022,33.2321,31.131,29.8094,29.1377,28.7772,28.4619,28.2369,28.0122,27.7878,27.5638,27.2508,26.8942,26.2292,24.917,22.8012,20.0633,12.9959
62.490,-0.0000,0.0000,0.0000,4.0,65.98,0.4870,-0.1829,5235.99,0.0,3.84835,8.66465,32.8299,30.7411,29.4317,28.7673,28.411,28.0994,27.8773,27.6554,27.434,27.213,26.9043,26.5527,25.8976,24.6067,22.5299,19.8488,12.9457
62.508,-0.0000,0.0000,0.0000,4.0,65.97,0.4976,-0.1705,5235.99,0.0,3.8054,8.98397,32.4211,30.3443,29.0471,28.39,28.0378,27.7302,27.5108,27.2919,27.0734,26.8554,26.551,26.2046,25.5594,24.2897,22.2518,19.6276,12.8892
62.527,-0.0000,0.0000,0.0000,4.0,65.96,0.5075,-0.1580,5235.99,0.0,3.76882,9.48645,32.0105,29.946,28.6611,28.0112,27.6633,27.3594,27.1429,26.9269,26.7113,26.4963,26.1963,25.8549,25.2196,23.9711,21.9719,19.4038,12.8283
62.552,-0.0000,1.0000,0.0000,4.0,65.96,0.5166,-0.1455,5235.99,0.0,3.73849,10.5305,31.601,29.5492,28.2767,27.6341,27.2904,26.9905,26.7768,26.5636,26.351,26.139,25.8433,25.507,24.8815,23.6541,21.6929,19.18,12.7641
62.571,-0.0000,1.0000,0.0000,4.0,66.19,0.5250,-0.1329,5235.99,0.0,3.71461,33.7421,31.1902,29.1514,27.8914,27.2562,26.9167,26.6206,26.4098,26.1995,25.9899,25.7809,25.4895,25.1582,24.5426,23.336,21.4126,18.9543,12.6959
62.590,-0.0000,1.0000,0.0000,4.0,66.67,0.5327,-0.1201,5235.99,0.0,3.69787,33.3259,30.7739,28.7484,27.5012,26.8734,26.5382,26.246,26.0381,25.8307,25.6241,25.4181,25.131,24.8048,24.1991,23.0135,21.1278,18.7239,12.6225
62.608,-0.0000,1.0000,0.0000,4.0,67.16,0.5397,-0.1070,5235.99,0.0,3.68921,32.9021,30.35,28.3382,27.1038,26.4835,26.1527,25.8645,25.6594,25.455,25.2514,25.0485,24.7658,24.4448,23.849,22.6845,20.8367,18.4873,12.5431
62.627,-0.0000,1.0000,0.0000,4.0,67.62,0.5459,-0.0934,5235.99,0.0,3.68871,32.4717,29.9202,27.9223,26.701,26.0884,25.762,25.4778,25.2757,25.0743,24.8737,24.6739,24.3957,24.0798,23.4941,22.3509,20.541,18.2459,12.4586
62.652,0.1637,1.0000,0.0000,4.0,68.06,0.5513,-0.0791,5235.99,0.0,3.69675,32.0375,29.4874,27.5041,26.2961,25.6912,25.3693,25.0892,24.89,24.6916,24.4941,24.2974,24.0236,23.713,23.1374,22.0154,20.2433,18.0021,12.3698
62.671,0.3808,1.0000,0.0000,4.0,68.49,0.5560,-0.0662,5235.99,0.0,3.70693,31.6285,29.085,27.1181,25.9238,25.3268,25.0092,24.733,24.5367,24.3412,24.1466,23.953,23.6834,23.3777,22.8117,21.7098,19.9732,17.7819,12.29
62.689,0.8434,1.0000,0.0000,4.0,68.89,0.5603,-0.0567,5261.83,0.0,3.70803,31.2847,28.7582,26.8109,25.6308,25.0415,24.7281,24.4553,24.2615,24.0686,23.8766,23.6856,23.4198,23.1185,22.5608,21.4762,19.7696,17.6193,12.2368
62.708,1.0000,1.0000,0.0000,4.0,69.12,0.5644,-0.0508,5488.35,0.0,3.69707,31.0087,28.509,26.5841,25.4181,24.8365,24.5271,24.2573,24.0657,23.875,23.6852,23.4964,23.2338,22.9361,22.3854,21.3151,19.6329,17.5146,12.2106
62.727,1.0000,1.0000,0.0000,4.0,69.25,0.5681,-0.0477,5876.99,0.0,3.6794,30.7823,28.3159,26.4154,25.2631,24.6888,24.3834,24.1168,23.927,23.7381,23.5503,23.3633,23.1034,22.8087,22.2638,21.2053,19.5429,17.4501,12.2022
62.752,1.0000,0.0000,0.0000,4.0,69.63,0.5713,-0.0463,5970.55,0.0,3.65972,30.5832,28.154,26.2794,25.1402,24.5728,24.2711,24.0079,23.8203,23.6332,23.4469,23.2617,23.004,22.712,22.1722,21.1238,19.4782,17.4071,12.2025
62.771,1.0000,0.0000,0.0000,4.0,70.06,0.5740,-0.0454,5324.79,0.0,3.64175,30.3903,27.9998,26.1518,25.0254,24.4646,24.1666,23.9066,23.7213,23.5365,23.3521,23.1684,22.9128,22.6234,22.0881,21.0492,19.4192,17.3688,12.2036
62.790,1.0000,0.0000,0.0000,4.0,70.03,0.5767,-0.0441,5235.99,0.0,3.62644,30.189,27.8366,26.0157,24.9018,24.3476,24.0531,23.7963,23.6133,23.4307,23.2486,23.067,22.8138,22.5268,21.9963,20.9668,19.3525,17.3232,12.2006
62.808,1.0000,0.0000,0.0000,4.0,69.86,0.5793,-0.0423,5235.99,0.0,3.60956,29.9912,27.6782,25.8849,24.7838,24.236,23.945,23.6911,23.5104,23.33,23.1502,22.9709,22.7208,22.4364,21.9103,20.8899,19.2906,17.2814,12.1995
62.827,1.0000,0.0000,0.0000,4.0,69.67,0.5821,-0.0417,5235.99,0.0,3.58716,29.8093,27.5394,25.7742,24.6871,24.1455,23.8578,23.607,23.4283,23.2501,23.0725,22.8953,22.6482,22.3672,21.8456,20.8332,19.2472,17.2554,12.2067
62.852,1.0000,0.0000,0.0000,4.0,69.45,0.5852,-0.0427,5235.99,0.0,3.55667,29.6511,27.4295,25.693,24.6219,24.0861,23.8017,23.5536,23.377,23.2008,23.0252,22.85,22.6058,22.3281,21.8118,20.8062,19.2309,17.2528,12.2265
62.870,1.0000,0.0000,0.0000,4.0,69.27,0.5884,-0.0462,5235.99,0.0,3.51537,29.5291,27.3639,25.6575,24.6048,24.0747,23.7932,23.5477,23.3729,23.1986,23.0248,22.8515,22.6098,22.335,21.8242,20.8246,19.2562,17.2863,12.2649
62.890,1.0000,0.0000,0.0000,4.0,69.11,0.5915,-0.0526,5235.99,0.0,3.46519,29.4458,27.3458,25.6711,24.6377,24.1154,23.8366,23.5934,23.4203,23.2476,23.0754,22.9037,22.6642,22.392,21.8858,20.8928,19.327,17.3587,12.3229
62.908,1.0000,0.0000,0.0000,4.0,68.94,0.5945,-0.0602,5235.99,0.0,3.41215,29.3721,27.3385,25.6996,24.6852,24.1725,23.8979,23.6572,23.4856,23.3144,23.1437,22.9735,22.7361,22.4662,21.9643,20.9792,19.4151,17.4459,12.3889
62.927,1.0000,0.0000,0.0000,4.0,68.77,0.5977,-0.0679,5235.99,0.0,3.35913,29.2933,27.3232,25.7238,24.7278,24.2244,23.9548,23.7184,23.5493,23.38,23.2108,23.042,22.8067,22.539,22.0412,21.064,19.5045,17.534,12.456
62.952,1.0000,0.0000,0.0000,4.0,68.58,0.6010,-0.0751,5235.99,0.0,3.3063,29.2221,27.2953,25.7389,24.7608,24.2665,24.0017,23.7695,23.6034,23.4371,23.2707,23.1041,22.8709,22.6055,22.1118,21.1423,19.5908,17.6193,12.5224
62.971,1.0000,0.0000,0.0000,4.0,68.38,0.6046,-0.0815,5235.99,0.0,3.25327,29.1636,27.2539,25.7432,24.7827,24.2971,24.037,23.8089,23.6457,23.4824,23.3189,23.1553,22.9261,22.664,22.1745,21.2128,19.6725,17.7007,12.5877
62.990,1.0000,0.0000,0.0000,4.0,68.17,0.6085,-0.0877,5235.99,0.0,3.19973,29.1171,27.199,25.7336,24.7933,24.3162,24.0607,23.8366,23.6763,23.5158,23.3552,23.1945,22.9693,22.7118,22.229,21.2752,19.7468,17.7779,12.6519
63.008,0.8114,0.0000,0.0000,4.0,67.96,0.6127,-0.0936,5235.99,0.0,3.14545,29.0835,27.1324,25.7103,24.7941,24.3254,24.0744,23.8542,23.6967,23.539,23.3812,23.2232,23.002,22.749,22.2745,21.3307,19.8144,17.852,12.7158
63.027,0.3559,0.0000,0.0000,4.0,67.76,0.6171,-0.1003,5235.99,0.0,3.08871,29.0794,27.0674,25.6881,24.7992,24.3399,24.0932,23.8769,23.7221,23.5672,23.4121,23.2569,23.0394,22.7908,22.3246,21.3943,19.8893,17.9352,12.7855
63.052,-0.0000,0.0000,0.0000,4.0,67.59,0.6216,-0.1080,5235.99,0.0,3.02955,29.1151,27.0089,25.6724,24.8107,24.3648,24.1231,23.9105,23.7584,23.6062,23.4538,23.3013,23.0876,22.8432,22.3849,21.4703,19.9772,18.0329,12.863
63.071,-0.0000,0.0000,0.0000,4.0,67.50,0.6261,-0.1150,5235.99,0.0,2.97379,29.1561,26.9393,25.6338,24.7977,24.3649,24.1304,23.9232,23.774,23.6244,23.4745,23.3246,23.1146,22.8743,22.4238,21.5245,20.0477,18.1159,12.9332
63.090,-0.0000,0.0000,0.0000,4.0,67.48,0.6303,-0.1153,5235.99,0.0,2.94164,29.0667,26.7783,25.482,24.6653,24.2428,24.0139,23.8117,23.6662,23.5198,23.3726,23.225,23.0184,22.782,22.3389,21.4549,20.0008,18.0911,12.9448
63.108,-0.0000,0.0000,0.0000,4.0,67.47,0.6340,-0.1080,5235.99,0.0,2.93279,28.8317,26.5147,25.2234,24.4202,24.0054,23.7808,23.5824,23.4397,23.2962,23.1519,23.0069,22.8034,22.5709,22.135,21.2664,19.839,17.9609,12.8983
63.127,-0.0000,0.0000,0.0000,4.0,67.48,0.6375,-0.0964,5235.99,0.0,2.93763,28.5103,26.1904,24.9061,24.1137,23.7052,23.4842,23.2891,23.1489,23.0079,22.8662,22.7238,22.5235,22.2947,21.8662,21.0132,19.6144,17.7734,12.8201
63.152,-0.0000,0.0000,0.0000,4.0,67.50,0.6407,-0.0821,5235.99,0.0,2.95319,28.131,25.8257,24.5512,23.7681,23.3652,23.1475,22.9555,22.8175,22.6788,22.5394,22.3995,22.2026,21.9775,21.5564,20.7194,19.3504,17.5502,12.7221
63.171,-0.0000,0.0000,0.0000,4.0,67.52,0.6435,-0.0662,5235.99,0.0,2.97935,27.7146,25.4351,24.1728,23.3983,23.0007,22.7861,22.597,22.4611,22.3246,22.1876,22.05,21.8565,21.6353,21.2217,20.401,19.0624,17.3055,12.6117
63.189,-0.0000,0.0000,0.0000,4.0,67.54,0.6459,-0.0495,5235.99,0.0,3.01553,27.2831,25.0341,23.785,23.0192,22.6269,22.4154,22.2291,22.0954,21.9612,21.8264,21.6911,21.501,21.2837,20.8778,20.0737,18.7658,17.0529,12.4959
63.208,-0.0000,0.0000,0.0000,4.0,67.57,0.6477,-0.0324,5235.99,0.0,3.063,26.8436,24.6277,23.3924,22.6353,22.2484,22.0401,21.8567,21.7251,21.5931,21.4606,21.3277,21.141,20.9277,20.5295,19.7421,18.4649,16.7962,12.3763
63.227,-0.0000,0.0000,0.0000,4.0,67.59,0.6486,-0.0150,5235.99,0.0,3.12383,26.3982,24.2173,22.9961,22.248,21.8665,21.6613,21.4808,21.3514,21.2216,21.0914,20.9609,20.7777,20.5683,20.1779,19.4072,18.1608,16.5363,12.2529
63.252,-0.0000,0.0000,0.0000,4.0,67.61,0.6487,0.0026,5235.99,0.0,3.19999,25.9496,23.8046,22.5977,21.8586,21.4826,21.2806,21.1031,20.9758,20.8483,20.7204,20.5923,20.4125,20.2072,19.8246,19.0706,17.8547,16.2741,12.1259
63.271,-0.0000,0.0000,0.0000,4.0,67.63,0.6478,0.0216,5235.99,0.0,3.29362,25.4991,23.3907,22.1981,21.4682,21.0978,20.899,20.7244,20.5993,20.474,20.3485,20.2228,20.0464,19.8451,19.4703,18.7329,17.5474,16.0103,11.9956
63.290,-0.0000,0.0000,0.0000,4.0,67.65,0.6457,0.0409,5235.99,0.0,3.40861,25.0479,22.9763,21.7979,21.0774,20.7125,20.5169,20.3453,20.2225,20.0994,19.9762,19.8529,19.68,19.4827,19.1157,18.3949,17.2393,15.7454,11.862
63.309,-0.0000,0.0000,0.0000,4.0,67.67,0.6425,0.0601,5235.99,0.0,3.54868,24.5962,22.5616,21.3971,20.6862,20.327,20.1347,19.966,19.8454,19.7246,19.6038,19.4828,19.3134,19.12,18.7608,18.0565,16.9307,15.4792,11.7251
63.327,-0.0000,0.0000,0.0000,4.0,67.69,0.6381,0.0793,5235.99,0.0,3.71817,24.1443,22.1467,20.9962,20.2949,19.9414,19.7524,19.5867,19.4683,19.3498,19.2313,19.1127,18.9467,18.7574,18.4059,17.718,16.6215,15.212,11.5848
63.352,-0.0000,0.0000,0.0000,4.0,67.70,0.6326,0.0985,5235.99,0.0,3.92206,23.6917,21.7313,20.5946,19.9031,19.5554,19.3696,19.207,19.0908,18.9746,18.8584,18.7422,18.5796,18.3943,18.0506,17.3789,16.3114,14.9434,11.4412
63.371,-0.0000,0.0000,0.0000,4.0,67.71,0.6259,0.1176,5235.99,0.0,4.1677,23.2388,21.3157,20.1926,19.5111,19.1692,18.9867,18.8271,18.7131,18.5992,18.4853,18.3715,18.2124,18.0311,17.695,17.0395,16.0008,14.6737,11.2942
63.390,-0.0000,0.0000,0.0000,4.0,67.72,0.6180,0.1367,5235.99,0.0,4.4654,22.7858,20.9,19.7902,19.1189,18.7828,18.6037,18.4471,18.3353,18.2237,18.1121,18.0007,17.845,17.6677,17.3393,16.6998,15.6894,14.4027,11.1438
63.408,-0.0000,0.0000,0.0000,4.0,67.72,0.6089,0.1560,5235.99,0.0,4.83019,22.3327,20.4843,19.3878,18.7266,18.3964,18.2207,18.0671,17.9576,17.8482,17.739,17.63,17.4777,17.3044,16.9836,16.36,15.3775,14.1307,10.9902
63.427,-0.0000,1.0000,0.0000,4.0,67.73,0.5986,0.1766,5235.99,0.0,5.28749,21.8797,20.0687,18.9851,18.3343,18.0101,17.8377,17.6871,17.5798,17.4728,17.3659,17.2593,17.1104,16.941,16.6278,16.02,15.0652,13.8576,10.8334
63.452,-0.0000,1.0000,0.0000,4.0,68.06,0.5870,0.1972,5235.99,0.0,5.90208,21.4243,19.651,18.5805,17.9402,17.6219,17.4529,17.3054,17.2004,17.0956,16.9911,16.8868,16.7414,16.576,16.2703,15.6782,14.7508,13.5822,10.6727
63.471,-0.0000,1.0000,0.0000,4.0,68.51,0.5740,0.2178,5235.99,0.0,6.94753,20.9645,19.229,18.1719,17.5424,17.2302,17.0646,16.9202,16.8174,16.7149,16.6128,16.5109,16.3689,16.2075,15.9094,15.3331,14.433,13.3032,10.5074
63.490,-0.0000,1.0000,0.0000,4.0,68.97,0.5597,0.2385,5235.99,0.0,53.2692,20.5008,18.803,17.7598,17.1413,16.8353,16.6731,16.5319,16.4314,16.3313,16.2315,16.132,15.9935,15.8361,15.5457,14.9851,14.1122,13.0209,10.3378
63.508,-0.0000,1.0000,0.0000,4.0,69.41,0.5441,0.2589,5260.16,0.0,53.3108,20.0359,18.3748,17.3461,16.7387,16.439,16.2803,16.1422,16.044,15.9462,15.8488,15.7518,15.6167,15.4633,15.1805,14.6357,13.7898,12.7365,10.1641
63.527,0.4520,0.0000,0.0000,4.0,69.84,0.5270,0.2792,5299.45,0.0,53.3416,19.5694,17.9443,16.9305,16.3345,16.0411,15.8859,15.751,15.6552,15.5597,15.4647,15.3701,15.2385,15.0891,14.814,14.2847,13.4655,12.4498,9.98634
63.552,1.0000,0.0000,0.0000,4.0,69.88,0.5089,0.2972,5235.99,0.0,53.2342,19.1363,17.5383,16.5393,15.9545,15.6671,15.5154,15.3835,15.2899,15.1967,15.104,15.0117,14.8834,14.7379,14.4697,13.9548,13.1601,12.1786,9.81335
63.571,1.0000,0.0000,0.0000,4.0,69.77,0.4903,0.3095,5235.99,0.0,52.8142,18.7858,17.1947,16.2094,15.6346,15.3527,15.204,15.0748,14.9831,14.8919,14.8012,14.711,14.5855,14.4434,14.181,13.6775,12.9021,11.9479,9.65776
63.590,1.0000,0.0000,0.0000,4.0,69.62,0.4714,0.3175,5235.99,0.0,52.1565,18.5007,16.8998,15.9267,15.3608,15.0836,14.9376,14.8108,14.7208,14.6313,14.5424,14.4539,14.331,14.1918,13.9345,13.44,12.68,11.7475,9.51487
63.609,1.0000,0.0000,0.0000,4.0,69.44,0.4524,0.3223,5235.99,0.0,51.3339,18.2644,16.639,15.6769,15.1188,14.8459,14.7022,14.5775,14.489,14.401,14.3136,14.2267,14.106,13.9694,13.717,13.23,12.4825,11.5674,9.38022
63.628,1.0000,0.0000,0.0000,4.0,69.26,0.4332,0.3247,5235.99,0.0,50.4015,18.0651,16.4027,15.4492,14.8981,14.629,14.4873,14.3645,14.2774,14.1908,14.1047,14.0192,13.9005,13.7661,13.5181,13.0385,12.3012,11.4007,9.25077
63.652,1.0000,0.0000,0.0000,4.0,69.06,0.4141,0.3257,5235.99,0.0,49.4148,17.8895,16.1839,15.2332,14.6885,14.4229,14.2831,14.162,14.0761,13.9908,13.906,13.8218,13.7049,13.5726,13.3286,12.8569,12.1285,11.241,9.1242
63.671,1.0000,0.0000,0.0000,4.0,68.84,0.3951,0.3255,5235.99,0.0,48.3737,17.7403,15.9844,15.0292,14.4904,14.2279,14.0899,13.9703,13.8856,13.8014,13.7178,13.6347,13.5195,13.3891,13.1489,12.6847,11.9651,11.0887,9.00115
63.690,1.0000,0.0000,0.0000,4.0,68.62,0.3762,0.3233,5235.99,0.0,47.2511,17.6287,15.8119,14.8423,14.3086,14.0489,13.9124,13.7942,13.7104,13.6272,13.5446,13.4626,13.3487,13.2201,12.983,12.5256,11.8146,10.947,8.8831
63.709,1.0000,0.0000,0.0000,4.0,68.40,0.3576,0.3191,5235.99,0.0,46.0371,17.5626,15.6717,14.6745,14.1449,13.8875,13.7523,13.6352,13.5522,13.4699,13.3881,13.3069,13.1943,13.0671,12.8327,12.3809,11.6786,10.8171,8.77058
63.728,1.0000,0.0000,0.0000,4.0,68.18,0.3391,0.3129,5235.99,0.0,44.7426,17.5443,15.5648,14.5254,13.9976,13.742,13.6078,13.4916,13.4093,13.3276,13.2465,13.166,13.0544,12.9283,12.6961,12.2489,11.5547,10.698,8.66318
63.753,1.0000,0.0000,0.0000,4.0,67.97,0.3208,0.3081,5235.99,0.0,43.3822,17.5745,15.4909,14.4015,13.8637,13.6095,13.476,13.3605,13.2787,13.1976,13.117,13.0371,12.9262,12.801,12.5706,12.127,11.4394,10.5876,8.56023
63.771,1.0000,0.0000,0.0000,4.0,67.76,0.3024,0.3027,5235.99,0.0,41.9759,17.6525,15.4488,14.3026,13.7406,13.4865,13.3537,13.2387,13.1573,13.0765,12.9964,12.9168,12.8065,12.682,12.453,12.0123,11.3301,10.484,8.46087
63.791,1.0000,0.0000,0.0000,4.0,67.54,0.2841,0.2962,5235.99,0.0,40.5436,17.7777,15.437,14.2273,13.6355,13.371,13.2377,13.123,13.0419,12.9614,12.8816,12.8024,12.6925,12.5685,12.3405,11.9022,11.2242,10.3846,8.36298
63.809,1.0000,0.0000,0.0000,4.0,67.32,0.2657,0.2890,5235.99,0.0,39.1015,17.9489,15.4534,14.1736,13.5493,13.2706,13.1302,13.0119,12.9298,12.8494,12.7698,12.6908,12.5813,12.4577,12.2305,11.7939,11.1196,10.2857,8.26531
63.828,1.0000,0.0000,0.0000,4.0,67.09,0.2475,0.2818,5235.99,0.0,37.6866,18.1557,15.49,14.1349,13.4762,13.1825,13.0346,12.91,12.8236,12.7393,12.657,12.5768,12.4673,12.3441,12.1176,11.6827,11.0117,10.1833,8.16645
63.847,1.0000,0.0000,0.0000,4.0,66.86,0.2294,0.2750,5235.99,0.0,36.3245,18.39,15.5401,14.1057,13.4114,13.1023,12.9467,12.8157,12.7248,12.6362,12.5498,12.4654,12.3508,12.2246,11.9984,11.5652,10.8976,10.0749,8.06534
63.872,1.0000,0.0000,0.0000,4.0,66.63,0.2114,0.2684,5235.99,0.0,35.0063,18.657,15.6062,14.0874,13.3558,13.0307,12.8672,12.7295,12.6341,12.5411,12.4503,12.3618,12.2416,12.1092,11.8746,11.4423,10.7782,9.9612,7.96225
63.891,1.0000,0.0000,0.0000,4.0,66.37,0.1935,0.2618,5235.99,0.0,33.7179,18.9714,15.696,14.0856,13.3139,12.9718,12.8,12.6553,12.5551,12.4574,12.3622,12.2693,12.1431,12.0043,11.7583,11.3169,10.656,9.84455,7.85813
63.910,1.0000,0.0000,0.0000,4.0,66.11,0.1758,0.2548,5235.99,0.0,32.4426,19.3541,15.8209,14.1079,13.2923,12.9316,12.7507,12.5984,12.493,12.3903,12.2902,12.1926,12.0601,11.9142,11.6561,11.1943,10.5341,9.72751,7.75427
63.929,1.0000,0.0000,0.0000,4.0,65.82,0.1582,0.2499,5235.99,0.0,31.1648,19.8273,15.9914,14.1614,13.2963,12.915,12.7239,12.5633,12.4521,12.3439,12.2384,12.1356,11.9961,11.8427,11.5714,11.0863,10.4143,9.61176,7.6516
63.947,1.0000,0.0000,0.0000,4.0,65.52,0.1405,0.2463,5235.99,0.0,29.8815,20.4141,16.2171,14.2518,13.3305,12.9259,12.7234,12.5534,12.4358,12.3214,12.2099,12.1014,11.9542,11.7923,11.5064,10.9959,10.2976,9.49808,7.55059
63.972,1.0000,0.0000,0.0000,4.0,65.21,0.1228,0.2419,5235.99,0.0,28.5977,21.1627,16.5077,14.3846,13.3988,12.9676,12.7523,12.5717,12.4469,12.3255,12.2073,12.0923,11.9364,11.7652,11.463,10.9245,10.1893,9.38666,7.45133
63.991,1.0000,0.0000,0.0000,4.0,64.89,0.1051,0.2367,5235.99,0.0,27.3186,47.6031,16.8744,14.5655,13.5052,13.0437,12.8137,12.6211,12.4881,12.3588,12.2331,12.1108,11.9452,11.7635,11.4431,10.8735,10.0979,9.27758,7.35228
64.009,1.0000,0.0000,0.0000,4.0,64.55,0.0874,0.2304,5235.99,0.0,26.0236,46.135,17.3428,14.8094,13.6611,13.164,12.917,12.7103,12.5678,12.4294,12.2949,12.1643,11.9875,11.7937,11.4526,10.8478,10.0269,9.17249,7.25362
64.029,1.0000,0.0000,0.0000,4.0,64.21,0.0696,0.2230,5235.99,0.0,24.7153,44.6518,17.939,15.1298,13.8758,13.3366,13.0694,12.8462,12.6926,12.5435,12.3988,12.2583,12.0685,11.8607,11.4957,10.8504,9.97838,9.07452,7.1554
64.048,1.0000,0.0000,0.0000,4.0,63.88,0.0518,0.2155,5235.99,0.0,23.4575,43.2005,18.6488,15.5113,14.1349,13.5476,13.2575,13.0157,12.8495,12.6884,12.5322,12.3808,12.1764,11.9531,11.5615,10.8719,9.94457,8.98747,7.05479
64.073,1.0000,0.0000,0.0000,4.0,63.55,0.0340,0.2084,5235.99,0.0,22.2833,41.8036,19.4949,15.9456,14.4301,13.7888,13.4732,13.2107,13.0306,12.8563,12.6875,12.5241,12.3038,12.0635,11.6432,10.906,9.92034,8.90838,6.9503
64.091,1.0000,0.0000,0.0000,4.0,63.20,0.0162,0.2020,5235.99,0.0,21.189,40.4611,45.2531,16.4394,14.7648,14.0627,13.7186,13.4332,13.2377,13.0487,12.8661,12.6894,12.4516,12.1928,11.7413,10.9529,9.90563,8.837,6.8423
64.110,1.0000,0.0000,0.0000,4.0,62.83,-0.0015,0.1957,5235.99,0.0,20.1596,39.1592,43.8884,17.0177,15.1563,14.3841,14.0074,13.6957,13.4827,13.2771,13.0788,12.8872,12.6298,12.3502,11.864,11.0193,9.90518,8.77649,6.7324
64.129,1.0000,0.0000,0.0000,4.0,62.44,-0.0190,0.1918,5235.99,0.0,19.1788,37.8794,42.5442,17.7168,15.629,14.7734,14.3582,14.0157,13.7822,13.5573,13.3407,13.1318,12.8518,12.5483,12.0223,11.1138,9.92509,8.73089,6.62222
64.148,1.0000,0.0000,0.0000,4.0,62.03,-0.0366,0.1911,5235.99,0.0,18.2378,36.6125,41.2122,18.7788,16.2113,15.2538,14.792,14.4125,14.1544,13.9064,13.668,13.4386,13.1317,12.8001,12.2275,11.2449,9.97123,8.70389,6.51296
64.167,1.0000,0.0000,0.0000,4.0,61.60,-0.0542,0.1895,5235.99,0.0,17.3355,35.3556,39.8857,43.1311,16.9368,15.852,15.3325,14.9074,14.6192,14.343,14.0782,13.8239,13.4847,13.1192,12.491,11.421,10.0488,8.69853,6.40523
64.192,1.0000,0.0000,0.0000,4.0,61.17,-0.0719,0.1871,5235.99,0.0,16.5137,34.1064,38.5655,41.7632,18.0146,16.5998,16.0075,15.5253,15.1996,14.8884,14.5908,14.3059,13.927,13.5202,12.8247,11.6503,10.1625,8.71725,6.29925
64.211,1.0000,0.0000,0.0000,4.0,60.73,-0.0896,0.1837,5235.99,0.0,15.7775,32.8608,37.2479,40.3964,42.2984,17.7414,16.8642,16.306,15.9323,15.5765,15.2374,14.9139,14.4851,14.0268,13.2479,11.9462,10.3204,8.76442,6.19703
64.230,1.0000,0.0000,0.0000,4.0,60.27,-0.1074,0.1783,5235.99,0.0,15.0811,31.5871,35.896,38.9939,40.866,41.8075,42.3111,17.6559,16.9723,16.4962,16.0998,15.7241,15.2286,14.7019,13.8133,12.3468,10.5463,8.85404,6.10974
64.249,1.0000,0.0000,0.0000,3.0,59.80,-0.1252,0.1714,5235.99,0.0,14.4436,30.3109,34.539,37.5834,39.4258,40.3512,40.8466,41.2813,41.5923,41.9037,17.8346,16.9131,16.1928,15.5727,14.5401,12.8614,10.8427,8.98544,6.03808
64.268,1.0000,0.0000,0.0000,3.0,59.35,-0.1431,0.1645,5505.08,0.0,13.8898,29.0781,33.2237,36.2131,38.0226,38.9336,39.4207,39.8476,40.1533,40.4596,40.7666,41.074,41.5053,16.9165,15.4248,13.4804,11.1979,9.14871,5.97863
64.293,1.0000,0.0000,0.0000,3.0,58.95,-0.1610,0.1590,5504.2,0.0,13.4364,27.9391,31.9966,34.9294,36.7073,37.602,38.0813,38.5016,38.8023,39.1034,39.4047,39.7068,40.1309,40.617,16.8588,14.1747,11.5877,9.32665,5.92598
64.311,0.9893,0.0000,0.0000,3.0,58.59,-0.1790,0.1562,5391.21,0.0,13.0907,26.9358,30.9015,33.7768,35.5229,36.4015,36.8719,37.285,37.5808,37.8771,38.1739,38.4712,38.888,39.3656,40.2663,14.8925,11.9755,9.49601,5.87353
64.331,0.7402,0.0000,0.0000,3.0,58.25,-0.1972,0.1562,5354.82,0.0,12.8285,26.0558,29.9306,32.7477,34.4601,35.324,35.7863,36.1916,36.4821,36.7732,37.0651,37.3576,37.768,38.2383,39.1238,15.8751,12.3525,9.65215,5.82038
64.349,0.1459,0.0000,0.0000,3.0,57.92,-0.2154,0.1579,5320.27,0.0,12.6177,25.2642,29.0469,31.8053,33.4849,34.3331,34.7877,35.1865,35.4718,35.7576,36.0441,36.3315,36.7351,37.198,38.0699,39.832,12.7352,9.80519,5.76923
64.368,-0.0000,0.0000,0.0000,3.0,57.59,-0.2334,0.1479,5287.56,0.0,12.4328,24.5272,28.2165,30.9158,32.5635,33.3952,33.8415,34.2334,34.5141,34.7953,35.077,35.3591,35.7554,36.2103,37.0685,38.8027,13.1518,9.97109,5.72422
64.387,-0.0000,0.0000,0.0000,3.0,57.29,-0.2501,0.1270,5257.3,0.0,12.2597,23.8246,27.4191,30.059,31.6745,32.4898,32.9274,33.312,33.5877,33.864,34.141,34.4186,34.8081,35.2547,36.0982,37.8053,13.6273,10.1623,5.68812
64.411,-0.0000,0.0000,0.0000,3.0,57.11,-0.2655,0.1072,5235.99,0.0,12.102,23.1645,26.6637,29.2443,30.8262,31.6264,32.0552,32.4323,32.7026,32.9739,33.2459,33.5187,33.9017,34.3411,35.1695,36.8496,14.2991,10.3735,5.65949
64.430,-0.0000,0.0000,0.0000,3.0,56.97,-0.2796,0.0885,5235.99,0.0,11.9617,22.5527,25.9572,28.4787,30.0264,30.8113,31.2323,31.6019,31.8669,32.1328,32.3997,32.6675,33.0438,33.4758,34.2905,35.9427,38.7652,10.5979,5.63679
64.450,-0.0000,0.0000,0.0000,3.0,56.85,-0.2923,0.0710,5235.99,0.0,11.8353,21.9843,25.295,27.757,29.271,30.0402,30.4533,30.8163,31.0764,31.3371,31.5987,31.8614,32.2308,32.6551,33.4564,35.081,37.8614,10.8364,5.62022
64.468,-0.0000,0.0000,0.0000,3.0,56.71,-0.3041,0.0517,5235.99,0.0,11.6856,21.3839,24.5976,26.9968,28.4764,29.2286,29.6332,29.989,30.244,30.4998,30.7563,31.0135,31.3753,31.7913,32.5779,34.1739,36.9093,11.1632,5.62166
64.487,-0.0000,0.0000,0.0000,3.0,56.55,-0.3152,0.0303,5235.99,0.0,11.5136,20.7478,23.86,26.1933,27.6376,28.3712,28.7663,29.1141,29.3637,29.6142,29.8654,30.1175,30.4717,30.8785,31.6487,33.2149,35.9017,11.6054,5.64268
64.512,-0.0000,0.0000,0.0000,3.0,56.40,-0.3255,0.0107,5235.99,0.0,11.3693,20.1766,23.1891,25.4578,26.8669,27.5828,27.9684,28.3081,28.552,28.797,29.0429,29.2897,29.6368,30.0354,30.7891,32.3252,34.9642,12.0642,5.66321
64.530,-0.0000,0.0000,0.0000,3.0,56.27,-0.3350,-0.0059,5235.99,0.0,11.2615,19.6918,22.6092,24.8163,26.1909,26.8908,27.2673,27.5991,27.8375,28.077,28.3176,28.5593,28.8992,29.2901,30.0289,31.5355,34.1293,12.7538,5.6763
64.550,0.4626,0.0000,0.0000,3.0,56.18,-0.3437,-0.0196,5235.99,0.0,11.1849,19.2853,22.113,24.262,25.6033,26.288,26.6564,26.9807,27.2139,27.4482,27.6837,27.9204,28.2535,28.6368,29.3621,30.8406,33.3921,37.1522,5.68122
64.568,1.0000,0.0000,0.0000,3.0,56.11,-0.3513,-0.0313,5235.99,0.0,11.1239,18.9259,21.6685,23.762,25.0715,25.7412,26.102,26.4196,26.6477,26.8771,27.1077,27.3395,27.666,28.0419,28.7541,30.2063,32.7175,36.4273,5.68473
64.587,1.0000,0.0000,0.0000,3.0,56.00,-0.3577,-0.0426,5235.99,0.0,11.0602,18.5766,21.2363,23.2755,24.5535,25.2085,25.5616,25.8728,26.0961,26.3205,26.5463,26.7733,27.0933,27.4618,28.1608,29.5873,32.0589,35.7186,5.69736
64.612,1.0000,0.0000,0.0000,3.0,55.82,-0.3628,-0.0543,5235.99,0.0,10.984,18.2179,20.7956,22.7807,24.027,24.667,25.0124,25.317,25.5357,25.7555,25.9763,26.1985,26.5117,26.8728,27.5582,28.9591,31.3906,34.9991,5.72589
64.630,1.0000,0.0000,0.0000,3.0,55.58,-0.3665,-0.0671,5235.99,0.0,10.8898,17.8386,20.3337,22.2641,23.4781,24.1026,24.4401,24.7379,24.9519,25.167,25.3831,25.6003,25.9066,26.2598,26.9312,28.3061,30.6955,34.2509,5.77552
64.650,1.0000,0.0000,0.0000,3.0,55.29,-0.3687,-0.0813,5235.99,0.0,10.7744,17.4325,19.844,21.7179,22.899,23.5074,23.8367,24.1273,24.3363,24.5465,24.7578,24.9702,25.2694,25.6145,26.271,27.6184,29.9635,33.4634,5.85118
64.668,0.7118,0.0000,0.0000,3.0,54.99,-0.3696,-0.0978,5235.99,0.0,10.6341,16.9907,19.3158,21.1303,22.2773,22.8686,23.1889,23.4719,23.6756,23.8806,24.0867,24.294,24.5862,24.9228,25.5632,26.8808,29.1783,32.6179,5.9594
64.687,-0.0000,0.0000,0.0000,3.0,54.65,-0.3694,-0.1196,5235.99,0.0,10.448,16.4648,18.6941,20.441,21.5501,22.1214,22.4313,22.7054,22.9028,23.1015,23.3016,23.5029,23.7869,24.1144,24.7365,26.0181,28.2595,31.6257,6.12521
64.712,-0.0000,0.0000,0.0000,3.0,54.34,-0.3684,-0.1466,5235.99,0.0,10.2269,15.872,17.9967,19.6671,20.7338,21.2836,21.5815,21.8452,22.0353,22.2268,22.4198,22.6141,22.8884,23.2051,23.8077,25.0475,27.2246,30.5034,6.3562
64.731,-0.0000,0.0000,0.0000,3.0,54.14,-0.3665,-0.1752,5235.99,0.0,10.0044,15.2804,17.2972,18.8896,19.911,20.4393,20.7256,20.9787,21.1609,21.3447,21.53,21.7167,21.9806,22.2855,22.8669,24.0646,26.1727,29.3591,6.63328
64.750,-0.0000,0.0000,0.0000,3.0,54.04,-0.3641,-0.1992,5235.99,0.0,9.8248,14.7868,16.7058,18.2284,19.2078,19.7159,19.9917,20.2357,20.4115,20.5885,20.7667,20.9464,21.2005,21.4944,22.0557,23.2157,25.2593,28.362,6.89709
64.770,-0.0000,0.0000,0.0000,3.0,53.97,-0.3608,-0.2191,5235.99,0.0,9.67544,14.3695,16.2004,17.6606,18.6017,19.0912,19.3572,19.5928,19.7626,19.9337,20.1061,20.2797,20.525,20.8089,21.3516,22.4762,24.4621,27.4887,7.14793
64.787,-0.0000,0.0000,0.0000,3.0,53.92,-0.3564,-0.2358,5235.99,0.0,9.54435,14.005,15.7562,17.1597,18.0658,18.5381,18.7951,19.0228,19.1871,19.3528,19.5197,19.688,19.9257,20.2004,20.726,21.8178,23.7512,26.7084,7.39195
64.812,-0.0000,0.0000,0.0000,3.0,53.88,-0.3508,-0.2495,5235.99,0.0,9.42614,13.6821,15.3615,16.7137,17.5879,18.0445,18.2932,18.5138,18.673,18.8335,18.9955,19.1588,19.3896,19.6565,20.1665,21.2281,23.114,26.0083,7.6288
64.831,-0.0000,0.0000,0.0000,3.0,53.85,-0.3439,-0.2607,5235.99,0.0,9.31694,13.3921,15.0068,16.3122,17.1577,17.6,17.8412,18.0552,18.2097,18.3657,18.523,18.6817,18.9062,19.1659,19.6622,20.6962,22.5394,25.377,7.89843
64.849,-0.0000,0.0000,0.0000,3.0,53.85,-0.3357,-0.2695,5235.99,0.0,9.2136,13.1275,14.6838,15.9468,16.7665,17.1958,17.4301,17.6382,17.7885,17.9402,18.0933,18.2479,18.4665,18.7198,19.2039,20.2129,22.0175,24.8044,8.26347
64.868,-0.3145,0.0000,0.0000,3.0,53.86,-0.3263,-0.2761,5235.99,0.0,9.11437,12.8834,14.3872,15.6116,16.4079,16.8256,17.0538,17.2564,17.4029,17.5508,17.7001,17.8509,18.0643,18.3116,18.7847,19.7714,21.5411,24.2828,8.79655
64.887,-0.5477,0.0000,0.0000,3.0,53.87,-0.3159,-0.2787,5235.99,0.0,9.03022,12.6803,14.1406,15.333,16.1102,16.5184,16.7414,16.9397,17.083,17.2278,17.374,17.5217,17.7308,17.9732,18.4374,19.4063,21.1483,23.8555,9.54419
64.913,-0.5936,0.0000,0.0000,3.0,53.84,-0.3055,-0.2719,5235.99,0.0,8.99286,12.5777,14.0137,15.188,15.9555,16.359,16.5796,16.7757,16.9175,17.0607,17.2054,17.3515,17.5585,17.7986,18.2583,19.2198,20.9509,23.6485,10.2488
64.931,-0.5689,0.0000,0.0000,3.0,53.81,-0.2954,-0.2577,5235.99,0.0,8.99589,12.5511,13.9774,15.1445,15.91,16.3126,16.5326,16.7283,16.8697,17.0127,17.1571,17.3029,17.5095,17.7491,18.2083,19.1708,20.9045,23.6128,10.6302
64.949,-0.4063,0.0000,0.0000,3.0,53.82,-0.2858,-0.2404,5235.99,0.0,9.02098,12.5558,13.9788,15.1444,15.9112,16.3144,16.5348,16.7308,16.8725,17.0157,17.1603,17.3064,17.5133,17.7533,18.2145,19.1818,20.9242,23.6527,10.6259
64.968,-0.0000,0.0000,0.0000,3.0,53.89,-0.2768,-0.2233,5235.99,0.0,9.04224,12.5547,13.9738,15.1387,15.9066,16.3104,16.5311,16.7274,16.8693,17.0127,17.1575,17.3038,17.5111,17.7521,18.2154,19.1873,20.9389,23.6877,10.6801
64.993,-0.0000,0.0000,0.0000,3.0,54.00,-0.2671,-0.2088,5235.99,0.0,9.03582,12.502,13.9086,15.0673,15.8321,16.2343,16.4543,16.6499,16.7913,16.9342,17.0786,17.2246,17.4318,17.6727,18.136,19.1082,20.8628,23.6228,37.2534
65.012,-0.0000,0.0000,0.0000,3.0,54.06,-0.2572,-0.2019,5235.99,0.0,8.98069,12.362,13.7421,14.8833,15.6376,16.0347,16.2519,16.4451,16.5848,16.726,16.8689,17.0134,17.2185,17.4571,17.9161,18.8801,20.6235,23.3736,37.0453
65.037,-0.0000,0.0000,0.0000,3.0,54.10,-0.2468,-0.1998,5235.99,0.0,8.89208,12.1649,13.5096,14.6257,15.3648,15.7543,15.9675,16.1571,16.2944,16.4331,16.5735,16.7156,16.9174,17.1522,17.6041,18.5544,20.2768,23.0027,36.656
65.055,-0.0000,0.0000,0.0000,3.0,54.14,-0.2363,-0.1993,5235.99,0.0,8.78897,11.9472,13.254,14.3427,15.0649,15.446,15.6547,15.8405,15.975,16.111,16.2487,16.388,16.586,16.8164,17.2603,18.1949,19.8928,22.589,36.2021
65.081,-0.0000,0.0000,0.0000,3.0,54.19,-0.2256,-0.1993,5235.99,0.0,8.67942,11.7239,12.9929,14.0537,14.759,15.1315,15.3357,15.5175,15.6492,15.7824,15.9173,16.0538,16.2479,16.4739,16.9095,17.8279,19.5003,22.1654,35.7319
65.099,-0.0000,0.0000,0.0000,3.0,54.23,-0.2147,-0.1992,5235.99,0.0,8.56503,11.4984,12.7301,13.7633,14.4516,14.8157,15.0153,15.1932,15.3221,15.4524,15.5845,15.7182,15.9084,16.1299,16.5572,17.4593,19.1059,21.7392,35.2566
65.124,-0.6148,0.0000,0.0000,3.0,54.27,-0.2039,-0.1992,5235.99,0.0,8.44669,11.2715,12.4664,13.4724,14.1438,14.4993,14.6945,14.8684,14.9944,15.122,15.2512,15.3822,15.5684,15.7854,16.2043,17.09,18.7106,21.3114,34.7772
65.143,-1.0000,0.0000,0.0000,3.0,54.28,-0.1933,-0.1968,5235.99,0.0,8.33537,11.0654,12.2286,13.2111,13.8681,14.2164,14.4076,14.5782,14.7018,14.827,14.9539,15.0825,15.2654,15.4786,15.8906,16.7626,18.3618,20.9372,34.3814
65.168,-1.0000,0.0000,0.0000,3.0,54.27,-0.1833,-0.1904,5235.99,0.0,8.23881,10.895,12.0345,13.0,13.6465,13.9896,14.1781,14.3462,14.4681,14.5917,14.717,14.844,15.0248,15.2355,15.6429,16.506,18.0922,20.6547,34.1318
65.187,-1.0000,0.0000,0.0000,3.0,54.26,-0.1740,-0.1822,5235.99,0.0,8.14664,10.7386,11.8579,12.8091,13.4469,13.7856,13.9718,14.1379,14.2585,14.3808,14.5049,14.6307,14.8097,15.0184,15.4222,16.2784,17.8551,20.41,33.9437
65.212,-1.0000,0.0000,0.0000,3.0,54.23,-0.1653,-0.1733,5235.99,0.0,8.05482,10.5877,11.6888,12.6268,13.2567,13.5914,13.7755,13.94,14.0595,14.1807,14.3036,14.4283,14.6058,14.8128,15.2133,16.0636,17.6325,20.1823,33.7842
65.231,-1.0000,1.0000,0.0000,3.0,54.17,-0.1572,-0.1632,5235.99,0.0,7.96528,10.4463,11.5321,12.459,13.0822,13.4136,13.5961,13.7593,13.8779,13.9983,14.1203,14.2441,14.4204,14.6261,15.0242,15.87,17.4341,19.983,33.6727
65.256,-1.0000,1.0000,0.0000,3.0,54.40,-0.1500,-0.1540,5246.45,0.0,7.88241,10.3236,11.399,12.3184,12.9372,13.2667,13.4484,13.611,13.7292,13.8491,13.9707,14.0941,14.2699,14.475,14.8721,15.7164,17.2811,19.8373,33.6522
65.280,-1.0000,1.0000,0.0000,3.0,54.85,-0.1429,-0.1632,5324.82,0.0,7.80735,10.2221,11.2921,12.2082,12.8252,13.1546,13.3365,13.4992,13.6174,13.7374,13.8592,13.9827,14.1587,14.3641,14.7619,15.6081,17.1802,19.754,33.74
65.300,-1.0000,1.0000,0.0000,3.0,55.33,-0.1355,-0.1702,5383.86,0.0,7.73873,10.1376,11.2064,12.1224,12.7404,13.0712,13.2537,13.4171,13.5359,13.6565,13.7788,13.9029,14.0797,14.2861,14.686,15.537,17.1225,19.7227,33.9203
65.325,-1.0000,1.0000,0.0000,3.0,55.82,-0.1276,-0.1758,5445.44,0.0,7.67376,10.0638,11.1341,12.0522,12.6734,13.0062,13.19,13.3545,13.4741,13.5954,13.7186,13.8436,14.0217,14.2296,14.6325,15.4907,17.0936,19.7267,34.1663
65.343,-1.0000,1.0000,0.0000,3.0,56.26,-0.1194,-0.1805,5637.48,0.0,7.61057,9.99668,11.07,11.992,12.6179,12.9534,13.1387,13.3045,13.4251,13.5476,13.6718,13.7979,13.9775,14.1873,14.5938,15.4614,17.0842,19.7553,34.4607
65.368,-1.0000,1.0000,0.0000,3.0,56.40,-0.1105,-0.1818,6321.84,0.0,7.55641,9.95523,11.0383,11.9707,12.6053,12.9455,13.1335,13.3017,13.424,13.5482,13.6743,13.8022,13.9844,14.1973,14.6099,15.4929,17.1452,19.8699,34.9111
65.386,-1.0000,1.0000,0.0000,3.0,56.70,-0.1010,-0.1793,6904.47,0.0,7.51152,9.94172,11.0421,11.9927,12.6405,12.9878,13.1797,13.3514,13.4763,13.6031,13.7318,13.8624,14.0485,14.266,14.6885,15.5932,17.2857,20.0825,35.541
65.411,-1.0000,1.0000,0.0000,3.0,57.18,-0.0908,-0.1745,7340.18,0.0,7.47114,9.9452,11.0684,12.0426,12.7066,13.0627,13.2594,13.4355,13.5635,13.6935,13.8255,13.9595,14.1508,14.3745,14.8092,15.74,17.4812,20.363,36.3149
65.430,-1.0000,1.0000,0.0000,3.0,57.94,-0.0798,-0.1682,7424.29,0.0,7.4329,9.96004,11.1113,12.1126,12.7952,13.1612,13.3635,13.5445,13.6764,13.8104,13.9465,14.0849,14.2822,14.5131,14.9616,15.9216,17.7196,20.6977,37.2571
65.456,-1.0000,0.0000,0.0000,3.0,58.78,-0.0682,-0.1616,7357.6,0.0,7.39327,9.97755,11.1601,12.1901,12.8924,13.2692,13.4778,13.6649,13.8011,13.9394,14.0801,14.2229,14.4267,14.6652,15.1283,16.1193,17.9793,21.061,38.3437
65.474,-1.0000,0.0000,0.0000,3.0,59.54,-0.0560,-0.1532,5990.38,0.0,7.34771,9.98614,11.1995,12.257,12.9786,13.3669,13.582,13.7748,13.9153,14.0579,14.2029,14.3502,14.5603,14.8061,15.2836,16.3054,18.2276,21.413,39.5106
65.499,-1.0000,0.0000,0.0000,3.0,59.69,-0.0438,-0.1471,5514.54,0.0,7.2905,9.96586,11.202,12.2804,13.0182,13.4159,13.6361,13.8336,13.9774,14.1235,14.272,14.4228,14.638,14.8897,15.3787,16.4274,18.4014,21.6767,40.5826
65.519,-1.0000,0.0000,0.0000,3.0,59.50,-0.0321,-0.1438,5446.49,0.0,7.22741,9.92667,11.1796,12.2741,13.0254,13.4304,13.6548,13.856,14.0025,14.1515,14.3028,14.4565,14.6758,14.9324,15.4311,16.5031,18.5209,21.8749,41.5831
65.543,-1.0000,0.0000,0.0000,3.0,59.26,-0.0209,-0.1411,5418.88,0.0,7.16654,9.88818,11.1567,12.2675,13.0318,13.444,13.6724,13.8772,14.0263,14.1779,14.3319,14.4884,14.7117,14.9731,15.4822,16.5768,18.638,22.0701,42.65
65.562,-1.0000,0.0000,0.0000,3.0,59.00,-0.0102,-0.1377,5394.55,0.0,7.11262,9.86251,11.149,12.2792,13.0579,13.4779,13.7107,13.9194,14.0715,14.226,14.383,14.5426,14.7706,15.0378,15.5583,16.6776,18.7868,22.3033,43.9009
65.587,-1.0000,0.0000,0.0000,3.0,58.75,0.0001,-0.1330,5370.88,0.0,7.06733,9.85425,11.1626,12.3162,13.1115,13.5406,13.7783,13.9916,14.1469,14.305,14.4658,14.6293,14.863,15.1368,15.6702,16.8169,18.9807,22.5911,45.4151
65.605,-1.0000,0.0000,0.0000,3.0,58.52,0.0098,-0.1275,5349.13,0.0,7.02948,9.86047,11.1946,12.3744,13.188,13.627,13.8704,14.089,14.2485,14.4107,14.5757,14.7436,14.9834,15.2644,15.8118,16.9883,19.2125,22.9242,47.2141
65.631,-1.0000,0.0000,0.0000,3.0,58.29,0.0191,-0.1216,5328.57,0.0,6.9978,9.87811,11.2413,12.4492,13.2824,13.7326,13.9826,14.2072,14.371,14.5377,14.7072,14.8796,15.126,15.4147,15.9768,17.1856,19.4739,23.2928,49.3221
65.650,-1.0000,0.0000,0.0000,3.0,58.08,0.0279,-0.1155,5308.89,0.0,6.97142,9.90499,11.3001,12.5375,13.3917,13.8544,14.1114,14.3423,14.5106,14.6819,14.8561,15.0333,15.2865,15.5831,16.1606,17.4045,19.759,23.6907,51.7773
65.674,-1.0000,0.0000,0.0000,3.0,57.87,0.0362,-0.1088,5289.92,0.0,6.94961,9.94022,11.3689,12.6367,13.5141,13.9897,14.2539,14.4912,14.6642,14.8403,15.0193,15.2014,15.4616,15.7663,16.3601,17.6412,20.0645,24.1128,54.6343
65.693,-1.0000,0.0000,0.0000,3.0,57.67,0.0439,-0.0999,5271.53,0.0,6.93261,9.98312,11.4461,12.7458,13.6477,14.1365,14.408,14.6519,14.8297,15.0105,15.1945,15.3816,15.6488,15.9623,16.5739,17.8927,20.3874,24.5548,57.9694
65.718,-1.0000,0.0000,0.0000,3.0,57.48,0.0509,-0.0913,5253.59,0.0,6.92062,10.0334,11.5315,12.865,13.7918,14.2941,14.573,14.8235,15.0062,15.192,15.381,15.5734,15.8486,16.1714,16.8011,18.1581,20.7266,25.015,61.8963
65.743,-1.0000,0.0000,0.0000,3.0,57.28,0.0573,-0.0828,5235.99,0.0,6.91375,10.0913,11.6254,12.9949,13.9471,14.463,14.7495,15.0068,15.1947,15.3859,15.5806,15.7787,16.062,16.3944,17.0424,18.438,21.0825,25.4948,66.5829
65.761,-1.0000,0.0000,0.0000,3.0,57.10,0.0631,-0.0743,5235.99,0.0,6.91238,10.158,11.7298,13.137,14.1152,14.6452,14.9399,15.2049,15.3983,15.5952,15.7957,15.9997,16.2913,16.6333,17.3,18.7363,21.4581,25.9986,71.7631
65.786,-1.0000,0.0000,0.0000,3.0,56.91,0.0683,-0.0657,5235.99,0.0,6.91769,10.2368,11.85,13.2968,14.3024,14.8482,15.1519,15.4249,15.6242,15.8271,16.0335,16.2436,16.5439,16.8959,17.5819,19.0624,21.8653,26.539,77.0086
65.806,-1.0000,0.0000,0.0000,3.0,56.73,0.0728,-0.0569,5235.99,0.0,6.92964,10.3278,11.9859,13.4743,14.5097,15.0725,15.3856,15.667,15.8724,16.0814,16.2941,16.5105,16.8197,17.1822,17.8894,19.416,22.3042,27.1149,16.3614
65.830,-1.0000,0.0000,0.0000,3.0,56.55,0.0767,-0.0480,5235.99,0.0,6.94775,10.4298,12.1359,13.6676,14.7354,15.3158,15.6386,15.9286,16.1402,16.3555,16.5746,16.7975,17.1161,17.4901,18.22,19.7937,22.7704,27.7226,14.9891
65.848,-1.0000,0.0000,0.0000,3.0,56.38,0.0800,-0.0391,5235.99,0.0,6.97201,10.5437,12.3001,13.8779,14.9796,15.5781,15.9107,16.2096,16.4276,16.6495,16.8755,17.1055,17.4346,17.8206,18.5736,20.1954,23.2636,28.3622,14.1051
65.873,-1.0000,0.0000,0.0000,3.0,56.21,0.0827,-0.0302,5235.99,0.0,7.00264,10.6702,12.4789,14.1061,15.2427,15.8596,16.2025,16.5108,16.7359,16.9651,17.1985,17.4361,17.7757,18.1741,18.9506,20.6232,23.7854,29.0336,13.4289
65.892,-1.0000,0.0000,0.0000,3.0,56.04,0.0847,-0.0208,5235.99,0.0,7.04067,10.8102,12.6735,14.3535,15.526,16.1624,16.5166,16.8352,17.0677,17.3045,17.5455,17.7907,18.1412,18.5521,19.3527,21.0791,24.3386,29.7521,12.8706
65.917,-1.0000,0.0000,0.0000,3.0,55.87,0.0860,-0.0097,5235.99,0.0,7.08659,10.9646,12.8863,14.6215,15.8315,16.4895,16.8556,17.1848,17.4249,17.6694,17.9182,18.1712,18.5328,18.9566,19.7834,21.5651,24.9253,30.5682,12.3875
65.935,-1.0000,0.0000,0.0000,3.0,55.71,0.0866,0.0015,5235.99,0.0,7.14077,11.1345,13.119,14.9116,16.1625,16.8428,17.2211,17.5611,17.8092,18.0616,18.3183,18.5794,18.9529,19.391,20.2453,22.0832,25.5477,31.5029,11.9567
65.961,-1.0000,0.0000,0.0000,3.0,55.55,0.0864,0.0128,5235.99,0.0,7.20354,11.3207,13.3728,15.2256,16.5203,17.2237,17.6146,17.9658,18.2219,18.4827,18.7481,19.0183,19.4046,19.8575,20.7399,22.637,26.2094,32.5778,11.5644
65.979,-1.0000,0.0000,0.0000,3.0,55.40,0.0855,0.0243,5235.99,0.0,7.2752,11.5247,13.6489,15.5666,16.9067,17.634,18.038,18.4014,18.6665,18.9365,19.2112,19.4907,19.8901,20.3581,21.2691,23.229,26.9132,33.821,11.2015
66.005,-1.0000,0.0000,0.0000,3.0,55.24,0.0838,0.0361,5235.99,0.0,7.35668,11.7502,13.9506,15.9385,17.326,18.0789,18.4977,18.8741,19.1486,19.4281,19.7123,20.0014,20.4142,20.8977,21.8399,23.8648,27.6668,35.2753,10.8596
66.023,-1.0000,0.0000,0.0000,3.0,55.10,0.0815,0.0481,5235.99,0.0,7.44788,11.9971,14.2786,16.3411,17.7787,18.5596,18.9936,19.3834,19.6677,19.9568,20.2508,20.5497,20.9768,21.4775,22.4525,24.5441,28.518,36.9824,10.5365
66.049,-1.0000,0.0000,0.0000,3.0,54.95,0.0784,0.0604,5235.99,0.0,7.54892,12.2654,14.6338,16.7739,18.2658,19.0754,19.525,19.9285,20.2227,20.522,20.8265,21.1363,21.5789,22.0973,23.1055,25.2675,29.5006,38.995,10.2304
66.067,-1.0000,0.0000,0.0000,3.0,54.81,0.0746,0.0727,5235.99,0.0,7.66059,12.5552,15.0162,17.2379,18.7866,19.6256,20.0912,20.5095,20.8146,21.125,21.4406,21.7615,22.2197,22.7559,23.7982,26.0334,30.6354,41.3837,9.93951
66.092,-1.0000,0.0000,0.0000,3.0,54.67,0.0701,0.0852,5235.99,0.0,7.78316,12.8666,15.4261,17.7343,19.3412,20.2111,20.6943,21.1282,21.4444,21.7659,22.0928,22.4248,22.8987,23.4535,24.5326,26.8571,31.9498,44.2471,9.66201
66.117,-1.0000,0.0000,0.0000,3.0,54.53,0.0648,0.0979,5235.99,0.0,7.91699,13.2017,15.8642,18.264,19.9313,20.8345,21.3356,21.7851,22.1126,22.4453,22.7836,23.1274,23.6184,24.1931,25.3091,27.8005,33.4807,47.7255,9.39599
66.135,-1.0000,0.0000,0.0000,3.0,54.39,0.0588,0.1121,5235.99,0.0,8.06252,13.5623,16.3332,18.828,20.5599,21.4967,22.0158,22.4814,22.8207,23.1657,23.5164,23.8727,24.3811,24.9755,26.1427,28.8894,35.2765,52.0237,9.13972
66.160,-1.0000,0.0000,0.0000,3.0,54.25,0.0520,0.1265,5235.99,0.0,8.22023,13.9495,16.8353,19.4291,21.228,22.199,22.7375,23.2205,23.5723,23.9298,24.293,24.6617,25.1877,25.8161,27.0977,30.1526,37.4021,57.4499,8.89181
66.179,-1.0000,0.0000,0.0000,3.0,54.12,0.0444,0.1411,5235.99,0.0,8.39064,14.3645,17.3717,20.0699,21.9372,22.9453,23.5037,24.0043,24.3687,24.7386,25.1179,25.5109,26.0858,26.7803,28.2028,31.6267,39.9458,64.2629,8.65111
66.204,-1.0000,1.0000,0.0000,3.0,53.98,0.0360,0.1558,5235.99,0.0,8.57438,14.8085,17.9436,20.7515,22.6908,23.7367,24.3153,24.8382,25.2278,25.6318,26.051,26.4862,27.124,27.8968,29.4876,33.3591,43.0294,71.132,8.41676
66.222,-0.3392,1.0000,0.0000,3.0,54.01,0.0269,0.1703,5326.83,0.0,8.76922,15.2745,18.5408,21.4596,23.4729,24.5619,25.1863,25.7635,26.1946,26.6425,27.1081,27.5924,28.304,29.1689,30.959,35.3717,46.7539,77.6809,8.19204
66.247,-0.0000,1.0000,0.0000,3.0,54.41,0.0170,0.1843,5556.41,0.0,8.97242,15.7553,19.1548,22.1855,24.2782,25.4667,26.1571,26.7969,27.276,27.7747,28.2942,28.8357,29.6335,30.6068,32.6335,37.7026,51.2796,83.9184,7.97847
66.267,-0.0000,1.0000,0.0000,3.0,55.00,0.0068,0.1967,5688.19,0.0,9.17318,16.2224,19.7485,22.8854,25.1119,26.4198,27.1825,27.8916,28.4238,28.979,29.5586,30.1641,31.0589,32.1549,34.4523,40.2906,56.611,89.6353,7.7838
66.291,-0.0000,1.0000,0.0000,3.0,55.76,-0.0034,0.2012,5750.14,0.0,9.30797,16.5019,20.0973,23.2944,25.6511,27.0476,27.8644,28.6256,29.1979,29.7959,30.4212,31.0758,32.0453,33.2363,35.746,42.2043,60.8548,93.316,7.65649
66.309,-0.0000,1.0000,0.0000,3.0,56.53,-0.0131,0.1969,5751.64,0.0,9.36341,16.5599,20.1585,23.3693,25.7868,27.2233,28.0651,28.8504,29.4415,30.0596,30.7066,31.3845,32.3898,33.6269,36.2411,43.0154,62.7148,94.8557,7.59719
66.335,-0.0000,1.0000,0.0000,3.0,57.31,-0.0226,0.1880,5725.72,0.0,9.37643,16.5001,20.0664,23.2618,25.6951,27.1432,27.9925,28.7851,29.3821,30.0068,30.6609,31.3466,32.3641,33.6173,36.2694,43.1668,63.2624,95.2875,7.57298
66.353,-0.0000,1.0000,0.0000,3.0,58.09,-0.0319,0.1775,5715.86,0.0,9.36642,16.3771,19.8917,23.0535,25.4771,26.9203,27.767,28.5576,29.1531,29.7763,30.4292,31.1137,32.1296,33.3814,36.0323,42.938,63.1089,95.1188,7.56913
66.378,-0.0000,1.0000,0.0000,3.0,58.84,-0.0411,0.1657,5738.58,0.0,9.34271,16.2179,19.6697,22.7862,25.1848,26.6135,27.4517,28.2345,28.8241,29.4412,30.0876,30.7655,31.7717,33.0116,35.6379,42.4821,62.5424,94.5946,7.57956
66.397,-0.0000,1.0000,0.0000,3.0,59.58,-0.0499,0.1529,5786.95,0.0,9.31122,16.0403,19.4237,22.4889,24.8549,26.264,27.0908,27.8628,28.4443,29.0529,29.6904,30.3589,31.3511,32.5738,35.1632,41.9105,61.758,93.8829,7.6007
66.422,-0.0000,1.0000,0.0000,4.0,60.32,-0.0584,0.1396,5845.54,0.0,9.27503,15.8544,19.1675,22.1789,24.5092,25.8967,26.7108,27.4708,28.0433,28.6424,29.2699,29.9279,30.9045,32.1078,34.6556,41.2915,60.876,93.0875,7.63063
66.441,-0.0000,1.0000,0.0000,4.0,60.63,-0.0663,0.1263,5250.85,0.0,9.23732,15.6708,18.9151,21.8742,24.1702,25.5372,26.3392,27.0878,27.6517,28.2418,28.8599,29.5079,30.4696,31.6544,34.1631,40.6947,60.0254,92.3195,7.66623
66.466,-0.0000,1.0000,0.0000,4.0,60.70,-0.0736,0.1133,5267.2,0.0,9.19955,15.4947,18.6736,21.5842,23.8496,25.1983,25.9895,26.7281,27.2844,27.8666,28.4764,29.1157,30.0645,31.2334,33.7083,40.1517,59.2699,91.6333,7.70614
66.491,-0.0000,1.0000,0.0000,4.0,60.79,-0.0801,0.1003,5235.99,0.0,9.15892,15.3189,18.4338,21.2975,23.533,24.8639,25.6447,26.3736,26.9226,27.4971,28.0988,28.7298,29.6661,30.8197,33.2621,39.6212,58.5323,90.964,7.75363
66.510,-0.0000,1.0000,0.0000,4.0,61.23,-0.0859,0.0871,5235.99,0.0,9.11377,15.1383,18.1889,21.0052,23.2094,24.5216,25.2914,26.0101,26.5514,27.1178,27.7111,28.3332,29.2563,30.3936,32.8014,39.0699,57.7463,90.2558,7.81125
66.534,-0.3958,1.0000,0.0000,4.0,61.78,-0.0910,0.0735,5235.99,0.0,9.06321,14.9506,17.9359,20.7033,22.8741,24.1664,24.9244,25.632,26.165,26.7227,27.3069,27.9193,28.8281,29.9477,32.3178,38.4864,56.8877,89.4893,7.8811
66.555,-0.7420,1.0000,0.0000,4.0,62.31,-0.0956,0.0628,5235.99,0.0,9.02617,14.8076,17.7432,20.4821,22.6402,23.9257,24.6801,25.3844,25.9151,26.4705,27.0523,27.6624,28.5681,29.6843,32.0486,38.2123,56.6731,89.2606,7.93716
66.573,-0.8410,1.0000,0.0000,4.0,62.77,-0.1001,0.0572,5235.99,0.0,9.02397,14.7652,17.6842,20.4424,22.6337,23.942,24.7108,25.4293,25.9711,26.5386,27.1335,27.7578,28.6856,29.8305,32.2616,38.6363,57.8773,90.2179,7.94521
66.597,-0.7350,1.0000,0.0000,4.0,63.21,-0.1047,0.0545,5235.99,0.0,9.04359,14.7851,17.7081,20.5237,22.7799,24.1315,24.9274,25.6724,26.2348,26.8245,27.4435,28.0939,29.0619,30.259,32.8099,39.5589,59.9279,91.9019,7.92107
66.623,-0.4417,1.0000,0.0000,4.0,63.64,-0.1094,0.0534,5235.99,0.0,9.07571,14.8403,17.7792,20.6836,23.0266,24.4362,25.2684,26.0487,26.6388,27.2583,27.9095,28.5948,29.6167,30.8838,33.5961,40.8533,62.4087,94.016,7.87858
66.641,-0.0000,1.0000,0.0000,4.0,64.08,-0.1142,0.0531,5235.99,0.0,9.11538,14.9165,17.8871,20.9007,23.348,24.8277,25.7037,26.527,27.1506,27.8064,28.4969,29.2249,30.3128,31.6658,34.5775,42.4729,65.101,96.698,7.82567
66.666,-0.0000,1.0000,0.0000,4.0,64.59,-0.1188,0.0522,5235.99,0.0,9.15119,14.9822,17.993,21.1169,23.6712,25.2232,26.1448,27.0127,27.6715,28.3653,29.0971,29.87,31.0278,32.4723,35.5979,44.1938,67.6021,99.7559,7.77869
66.685,-0.0000,1.0000,0.0000,4.0,65.15,-0.1227,0.0448,5235.99,0.0,9.13583,14.9084,17.9124,21.0665,23.654,25.2299,26.1671,27.0507,27.7218,28.4293,29.1762,29.9657,31.1498,32.6292,35.8393,44.7293,68.3654,100.951,7.80341
66.710,-0.0000,1.0000,0.0000,4.0,65.69,-0.1256,0.0332,5235.99,0.0,9.08459,14.7413,17.703,20.8308,23.3987,24.9636,25.8946,26.7726,27.4396,28.1429,28.8855,29.6706,30.8484,32.3206,35.5172,44.3848,68.0022,100.581,7.88209
66.728,-0.0000,1.0000,0.0000,4.0,66.23,-0.1277,0.0204,5235.99,0.0,9.01985,14.5448,17.4544,20.5389,23.0715,24.6149,25.5331,26.3991,27.057,27.7507,28.4831,29.2575,30.4193,31.8716,35.0248,43.7734,67.3043,99.7301,7.98681
66.753,-0.0000,1.0000,0.0000,4.0,66.77,-0.1288,0.0082,5235.99,0.0,8.94847,14.3386,17.1944,20.2312,22.7244,24.2436,25.1474,25.9996,26.6471,27.3299,28.0507,28.8128,29.956,31.385,34.4874,43.0924,66.5146,98.7653,8.10894
66.772,-0.0000,1.0000,0.0000,4.0,67.32,-0.1291,-0.0042,5235.99,0.0,8.87212,14.1274,16.93,19.918,22.3705,23.8648,24.7537,25.5918,26.2286,26.9,27.6088,28.3581,29.4821,30.887,33.9366,42.3919,65.6942,97.7797,8.24672
66.797,-0.0000,1.0000,0.0000,4.0,67.85,-0.1286,-0.0168,5235.99,0.0,8.79132,13.9127,16.6634,19.602,22.0136,23.4827,24.3566,25.1805,25.8064,26.4663,27.163,27.8995,29.0042,30.3847,33.381,41.6855,64.8596,96.797,8.4006
66.816,-0.0000,1.0000,0.0000,4.0,68.40,-0.1271,-0.0294,5235.99,0.0,8.70622,13.695,16.3952,19.2843,21.655,23.099,23.9579,24.7676,25.3827,26.0311,26.7157,27.4394,28.5247,29.881,32.8243,40.9788,64.0186,95.827,8.5718
66.842,-0.0000,1.0000,0.0000,4.0,68.93,-0.1248,-0.0420,5261.17,0.0,8.61706,13.4745,16.1258,18.9656,21.2954,22.7144,23.5583,24.3538,24.9582,25.5953,26.2678,26.9787,28.0449,29.3772,32.2679,40.274,63.1738,94.8723,8.76175
66.860,-0.0000,1.0000,0.0000,4.0,69.46,-0.1216,-0.0548,5306.98,0.0,8.52377,13.2509,15.8548,18.6452,20.934,22.3279,23.1568,23.9383,24.5319,25.1576,25.8181,26.5163,27.5634,28.8715,31.7098,39.5679,62.3208,93.9264,8.9722
66.885,-0.0000,1.0000,0.0000,4.0,69.99,-0.1174,-0.0676,5353.78,0.0,8.42631,13.0243,15.582,18.3227,20.5706,21.9394,22.7533,23.5206,24.1033,24.7177,25.3661,26.0516,27.0794,28.3635,31.1492,38.8598,61.4579,92.9866,9.20416
66.903,-0.0000,1.0000,0.0000,4.0,70.53,-0.1123,-0.0802,5399.71,0.0,8.32468,12.7958,15.3074,17.9981,20.2047,21.5483,22.3471,23.1002,23.6721,24.275,24.9114,25.584,26.5925,27.8525,30.5855,38.1477,60.5824,92.0499,9.4599
66.928,-0.0000,1.0000,0.0000,4.0,71.08,-0.1063,-0.0922,5443.89,0.0,8.21868,12.5655,15.0304,17.6709,19.836,21.1541,21.9378,22.6765,23.2375,23.8288,24.453,25.1127,26.1019,27.3376,30.0174,37.4305,59.6919,91.1142,9.74253
66.947,-0.0000,1.0000,0.0000,4.0,71.62,-0.0993,-0.1042,5486.75,0.0,8.10838,12.3334,14.7515,17.3414,19.4646,20.7572,21.5256,22.2499,22.7999,23.3797,23.9916,24.6383,25.608,26.8192,29.4458,36.7092,58.7876,90.1805,10.055
66.973,-0.0000,1.0000,0.0000,4.0,72.18,-0.0915,-0.1163,5524.1,0.0,7.99378,12.0997,14.4706,17.0096,19.0909,20.3577,21.1107,21.8205,22.3596,22.9277,23.5274,24.1611,25.1111,26.2978,28.8709,35.9841,57.8688,89.2491,10.3815
66.990,-0.0000,1.0000,0.0000,4.0,72.74,-0.0826,-0.1284,5555.95,0.0,7.87481,11.8642,14.1878,16.6758,18.7149,19.9559,20.6936,21.3889,21.9169,22.4734,23.0607,23.6814,24.6119,25.774,28.2935,35.2568,56.938,88.3226,10.7109
67.016,-0.0000,1.0000,0.0000,4.0,73.29,-0.0729,-0.1406,5599.76,0.0,7.75159,11.6276,13.9037,16.3407,18.3377,19.5531,20.2755,20.9563,21.4733,22.0182,22.5933,23.2009,24.1119,25.2496,27.716,34.5307,56.0005,87.4059,11.0425
67.035,-0.0000,1.0000,0.0000,4.0,73.84,-0.0621,-0.1528,5647.0,0.0,7.62396,11.3892,13.6179,16.0036,17.9585,19.1481,19.8552,20.5215,21.0275,21.5608,22.1236,22.7182,23.6098,24.7231,27.1363,33.8026,55.0508,86.4939,11.3768
67.060,-0.3498,1.0000,0.0000,4.0,74.39,-0.0504,-0.1650,5694.97,0.0,7.49205,11.1494,13.3302,15.6646,17.5772,18.741,19.4327,20.0845,20.5795,21.1011,21.6516,22.2333,23.1052,24.194,26.5541,33.0721,54.0872,85.5849,11.7135
67.085,-0.9046,1.0000,0.0000,4.0,74.93,-0.0379,-0.1742,5737.53,0.0,7.36782,10.9446,13.0971,15.4044,17.2975,18.4506,19.1364,19.7829,20.2741,20.7919,21.3384,21.9163,22.7828,23.8657,26.2155,32.7247,53.8035,85.3035,11.9894
67.104,-1.0000,1.0000,0.0000,4.0,75.41,-0.0252,-0.1778,5786.05,0.0,7.26657,10.8205,12.9876,15.3223,17.247,18.4235,19.1247,19.7868,20.2904,20.822,21.3838,21.9785,22.872,23.9909,26.4289,33.2535,55.0248,86.4718,12.1222
67.128,-1.0000,1.0000,0.0000,4.0,75.85,-0.0126,-0.1780,5843.45,0.0,7.17993,10.7517,12.9634,15.364,17.3576,18.5828,19.3153,20.0088,20.5373,21.0961,21.6879,22.3156,23.2611,24.4495,27.055,34.4704,57.1896,88.8929,12.159
67.147,-1.0000,1.0000,0.0000,4.0,76.29,-0.0000,-0.1763,5874.35,0.0,7.10152,10.7188,12.9948,15.4882,17.5778,18.8706,19.6469,20.3838,20.9469,21.5437,22.1773,22.851,23.8693,25.1549,27.9967,36.2617,59.8395,92.6719,12.1411
67.172,-1.0000,1.0000,0.0000,4.0,76.68,0.0125,-0.1733,5933.3,0.0,7.02934,10.7161,13.0737,15.6849,17.8967,19.2761,20.1084,20.9015,21.5094,22.1554,22.8432,23.577,24.6905,26.1043,29.2608,38.6952,62.7987,99.1886,12.0856
67.191,-1.0000,1.0000,0.0000,4.0,77.05,0.0247,-0.1685,5997.03,0.0,6.9663,10.7562,13.2215,15.9884,18.3631,19.8588,20.7668,21.6358,22.3046,23.0179,23.7802,24.5966,25.8419,27.4344,31.0365,42.2015,66.2043,162.921,11.9832
67.216,-0.6148,1.0000,0.0000,4.0,77.42,0.0368,-0.1619,6060.53,0.0,6.91258,10.8428,13.4464,16.4153,19.0045,20.6553,21.6651,22.6371,23.3888,24.194,25.0587,25.9894,27.4186,29.2632,33.5069,46.732,70.0136,156.091,11.8409
67.234,-0.0000,1.0000,0.0000,4.0,77.80,0.0485,-0.1536,6122.29,0.0,6.86857,10.9755,13.7506,16.9752,19.8419,21.6968,22.8422,23.9524,24.8162,25.7468,26.7519,27.8409,29.5274,31.7299,36.9112,51.4506,74.1183,147.267,11.6712
67.260,-0.0000,1.0000,0.0000,4.0,78.22,0.0600,-0.1444,6180.96,0.0,6.83589,11.1434,14.1192,17.6517,20.8623,22.976,24.2959,25.586,26.5973,27.694,28.8872,30.1904,32.2301,34.9338,41.479,56.1197,78.2823,135.124,11.4951
67.278,-0.0000,1.0000,0.0000,4.0,78.82,0.0717,-0.1402,6214.59,0.0,6.78649,11.237,14.3677,18.1499,21.6515,23.9913,25.4664,26.9188,28.0647,29.3148,30.684,32.1898,34.5693,37.7668,45.1568,59.3354,81.196,47.5408,11.4114
67.303,-0.0000,1.0000,0.0000,4.0,79.48,0.0841,-0.1445,6181.81,0.0,6.69939,11.1717,14.3444,18.209,21.8185,24.2475,25.7859,27.3062,28.5094,29.826,31.2725,32.8691,35.4041,38.8342,46.3116,60.305,82.146,45.4678,11.4722
67.322,-0.0000,1.0000,0.0000,5.0,80.11,0.0972,-0.1530,6173.93,0.0,6.5948,11.0269,14.1812,18.0356,21.6478,24.0853,25.6319,27.1625,28.3753,29.7039,31.1654,32.7809,35.3509,38.8377,46.2816,60.1865,82.0015,45.5102,11.5995
67.347,-0.1024,1.0000,0.0000,5.0,80.35,0.1107,-0.1630,5554.26,0.0,6.48575,10.8564,13.971,17.7818,21.3582,23.7742,25.3083,26.8273,28.0316,29.3515,30.8044,32.4111,34.969,38.4434,45.8413,59.6855,81.4419,46.2893,11.7478
67.365,-0.7385,1.0000,0.0000,5.0,80.34,0.1246,-0.1714,5570.66,0.0,6.38808,10.724,13.8246,17.6315,21.2174,23.6473,25.1933,26.7264,27.9436,29.2793,30.7516,32.3824,34.9842,38.5291,45.8714,59.6191,81.3557,46.248,11.8609
67.390,-1.0000,1.0000,0.0000,5.0,80.31,0.1384,-0.1734,5365.95,0.0,6.31616,10.6856,13.8399,17.7489,21.4686,24.01,25.6359,27.2552,28.5458,29.967,31.5397,33.2893,36.0973,39.9061,47.0989,60.6748,82.609,44.1619,11.8887
67.409,-1.0000,1.0000,0.0000,5.0,80.46,0.1513,-0.1616,5532.23,0.0,6.27394,10.7561,14.0457,18.1903,22.2063,24.9917,26.7917,28.5986,30.0489,31.6567,33.449,35.4592,38.7127,42.5846,49.5767,62.926,85.845,40.9973,11.8253
67.434,-1.0000,1.0000,0.0000,5.0,80.79,0.1631,-0.1473,5583.36,0.0,6.25153,10.897,14.3792,18.8623,23.3119,26.4612,28.5246,30.6186,32.3162,34.2158,36.3556,38.7469,42.0919,45.824,52.6324,65.7558,91.8905,38.076,11.7154
67.453,-1.0000,1.0000,0.0000,5.0,81.20,0.1739,-0.1326,5553.82,0.0,6.23966,11.0712,14.7785,19.6682,24.6574,28.2737,30.6825,33.1597,35.1925,37.4909,39.874,42.2173,45.444,49.0692,55.7278,68.6509,156.634,35.6239,11.5955
67.478,-1.0000,1.0000,0.0000,5.0,81.56,0.1836,-0.1200,5573.39,0.0,6.22673,11.2244,15.1418,20.427,25.964,30.0719,32.8536,35.7531,38.0971,40.4302,42.7312,45.005,48.15,51.6981,58.2431,71.0049,152.018,33.8089,11.5028
67.497,-1.0000,1.0000,0.0000,5.0,81.86,0.1923,-0.1081,5626.05,0.0,6.21905,11.3855,15.523,21.2361,27.3893,32.07,35.2974,38.5282,40.8159,43.0778,45.3176,47.5381,50.6186,54.1039,60.5527,73.1716,147.246,32.2687,11.4147
67.522,-0.7385,1.0000,0.0000,5.0,82.13,0.2000,-0.0948,5688.84,0.0,6.22697,11.6062,16.025,22.3008,29.2978,34.7938,38.4208,41.5637,43.7846,45.9882,48.1765,50.3511,53.3744,56.8027,63.1615,75.6569,141.294,30.6852,11.3025
67.547,-0.5053,1.0000,0.0000,5.0,82.39,0.2066,-0.0792,5751.38,0.0,6.25635,11.9189,16.7213,23.7957,32.057,38.4705,41.9968,45.0507,47.2166,49.3711,51.5149,53.6487,56.6205,59.9958,66.2681,79.2178,132.775,28.9927,11.1567
67.566,-0.4346,1.0000,0.0000,5.0,82.67,0.2122,-0.0616,5808.46,0.0,6.30862,12.3376,17.6572,25.8711,36.024,42.5349,45.9668,48.9505,51.0715,53.1847,55.2902,57.3885,60.3141,63.6408,69.8308,85.0795,122.92,27.2632,10.9823
67.591,-0.4311,1.0000,0.0000,5.0,83.02,0.2166,-0.0424,5859.48,0.0,6.38224,12.8638,18.8598,28.683,40.469,46.8119,50.172,53.0997,55.1841,57.2629,59.3357,61.4029,64.2871,67.5696,73.6854,153.754,113.782,25.5987,10.7908
67.609,-0.4276,1.0000,0.0000,5.0,83.41,0.2199,-0.0224,5905.97,0.0,6.47618,13.5026,20.3724,32.4916,44.9693,51.1888,54.4925,57.3745,59.4281,61.4772,63.5219,65.5615,68.4088,71.6506,78.5251,146.477,40.3322,24.0514,10.5908
67.634,-0.3745,1.0000,0.0000,5.0,83.81,0.2219,-0.0019,5950.01,0.0,6.58994,14.2626,22.2598,37.1856,49.4558,55.5793,58.8364,61.6799,63.7068,65.7301,67.7494,69.7644,72.5793,76.1709,86.5072,137.574,35.6683,22.6412,10.3877
67.653,-0.1837,1.0000,0.0000,5.0,84.21,0.2227,0.0187,5992.14,0.0,6.72203,15.1493,24.5977,41.755,53.8419,59.8865,63.1038,65.9135,67.9168,69.9167,71.9131,74.0378,77.5321,82.8051,149.713,126.119,32.4394,21.3776,10.1867
67.678,-0.0000,1.0000,0.0000,5.0,84.63,0.2223,0.0386,6029.1,0.0,6.86902,16.1545,27.4453,46.0548,57.9961,63.9727,67.1548,69.934,71.9262,74.1047,76.5999,79.5552,85.1589,151.336,142.088,115.99,29.8734,20.2701,9.99354
67.697,-0.0000,1.0000,0.0000,5.0,85.13,0.2210,0.0538,6046.1,0.0,6.9968,17.0439,30.1552,49.1985,61.0119,66.9295,70.081,72.9621,75.3436,78.1315,81.567,86.3351,150.494,145.804,135.094,109.226,28.1527,19.4862,9.84496
67.722,-0.0000,1.0000,0.0000,5.0,85.66,0.2190,0.0625,6039.26,0.0,7.08333,17.6239,31.9801,50.8162,62.5067,68.3715,71.5412,74.7599,77.5176,80.9067,85.5736,151.152,147.203,142.198,130.234,43.3407,27.2318,19.0481,9.75338
67.740,-0.0000,1.0000,0.0000,5.0,86.20,0.2161,0.0678,6028.4,0.0,7.15192,18.0338,33.1185,51.6623,63.2304,69.0448,72.3256,75.8086,78.8777,82.848,89.5229,149.018,144.936,139.715,126.939,41.1743,26.663,18.7654,9.68572
67.766,-0.0000,1.0000,0.0000,5.0,86.75,0.2125,0.0709,6026.46,0.0,7.21116,18.3305,33.7929,52.0276,63.4714,69.2356,72.6225,76.2818,79.5762,84.0452,150.284,147.533,143.374,138.023,124.925,40.1708,26.2936,18.5713,9.63033
67.785,-0.0000,1.0000,0.0000,5.0,87.31,0.2081,0.0725,6011.09,0.0,7.26508,18.5448,34.1523,52.0632,63.3785,69.0966,72.5396,76.2878,79.7056,84.4894,149.294,146.526,142.336,136.932,123.749,39.7622,26.0528,18.4343,9.58192
67.810,-0.0000,1.0000,0.0000,5.0,87.85,0.2030,0.0728,6013.96,0.0,7.31423,18.6836,34.2532,51.8217,63.0028,68.6713,72.1077,75.8523,79.2717,84.0777,148.701,145.941,141.764,136.38,123.266,39.8438,25.9183,18.3447,9.53917
67.828,-0.0000,1.0000,0.0000,5.0,88.36,0.1973,0.0725,6050.15,0.0,7.36337,18.7941,34.2471,51.4676,62.5103,68.1245,71.5269,75.2274,78.5951,83.2827,148.277,145.534,141.389,136.056,123.073,40.1811,25.824,18.2717,9.49697
67.853,-0.0000,1.0000,0.0000,5.0,88.86,0.1913,0.0722,6097.36,0.0,7.41549,18.9113,34.2362,51.116,62.0198,67.5791,70.948,74.6053,77.9226,82.4996,147.849,145.124,141.009,135.727,122.877,40.5922,25.7233,18.194,9.45214
67.872,-0.0000,1.0000,0.0000,5.0,89.37,0.1851,0.0720,6145.38,0.0,7.47096,19.0436,34.2436,50.7946,61.5603,67.0654,70.4082,74.0328,77.3142,81.819,147.373,144.664,140.575,135.334,122.602,41.0306,25.6053,18.1068,9.40427
67.897,-0.0000,1.0000,0.0000,5.0,89.88,0.1787,0.0719,6189.14,0.0,7.52907,19.1882,34.2622,50.4966,61.1254,66.5773,69.8996,73.5006,76.7577,81.2183,146.858,144.161,140.095,134.889,122.26,41.5249,25.4732,18.0119,9.35402
67.916,-0.0000,1.0000,0.0000,5.0,90.40,0.1722,0.0719,6227.9,0.0,7.58894,19.3405,34.2811,50.2098,60.7028,66.1023,69.4075,72.9896,76.2285,80.6606,146.32,143.635,139.588,134.413,121.88,42.151,25.3324,17.9123,9.3022
67.941,-0.0000,1.0000,0.0000,5.0,90.93,0.1655,0.0719,6263.74,0.0,7.65011,19.4976,34.2943,49.9264,60.2848,65.6327,68.922,72.4875,75.7113,80.1218,145.768,143.094,139.067,133.922,121.481,43.0536,25.1867,17.8097,9.24923
67.959,-0.0000,1.0000,0.0000,5.0,91.46,0.1588,0.0719,6299.07,0.0,7.71218,19.6576,34.2982,49.6424,59.8674,65.1641,68.4383,71.988,75.1981,79.5899,145.209,142.546,138.537,133.421,121.071,44.8138,25.038,17.7053,9.1955
67.984,-0.0000,1.0000,0.0000,5.0,91.99,0.1520,0.0720,6334.76,0.0,7.77499,19.8198,34.2915,49.3556,59.448,64.6941,67.9535,71.4876,74.6843,79.0584,144.646,141.993,138.003,132.916,120.657,98.6346,24.8874,17.5996,9.14113
68.004,-0.0000,1.0000,0.0000,5.0,92.53,0.1451,0.0720,6370.18,0.0,7.8383,19.9828,34.2726,49.0634,59.0246,64.2205,67.4644,70.9822,74.1648,78.5199,144.081,141.44,137.468,132.41,120.243,98.3076,24.7362,17.4932,9.08633
68.028,-0.0000,1.0000,0.0000,5.0,93.07,0.1382,0.0721,6405.95,0.0,7.90219,20.1475,34.2434,48.768,58.5986,63.7448,66.9732,70.475,73.6435,77.9799,143.513,140.882,136.929,131.9,119.826,97.9744,24.5875,17.3859,9.03104
68.047,-0.0000,1.0000,0.0000,5.0,93.60,0.1312,0.0721,6442.87,0.0,7.96673,20.3142,34.2051,48.4701,58.1714,63.2686,66.4818,69.9679,73.1228,77.4423,142.938,140.319,136.385,131.384,119.403,97.6322,24.4429,17.2774,8.9752
68.072,-0.2403,1.0000,0.0000,5.0,94.15,0.1241,0.0721,6481.02,0.0,8.03173,20.4827,34.1577,48.1696,57.7425,62.7916,65.99,69.4607,72.6029,76.9067,142.358,139.75,135.834,130.862,118.972,97.2843,24.3032,17.1679,8.91898
68.097,-0.6537,1.0000,0.0000,5.0,94.68,0.1168,0.0746,6507.81,0.0,8.12147,20.8434,34.4376,48.2807,57.7568,62.8135,66.1099,69.7344,73.0912,77.9837,141.082,138.445,134.481,129.428,117.345,96.141,23.9563,16.9604,8.84251
68.116,-0.7138,1.0000,0.0000,5.0,95.17,0.1087,0.0821,6546.71,0.0,8.2682,21.6523,35.428,49.272,58.7171,64.0143,67.7243,72.0432,76.5812,140.86,138.255,135.497,131.315,125.892,113.316,93.1422,23.1777,16.5494,8.72231
68.141,-0.3887,1.0000,0.0000,5.0,95.60,0.0996,0.0933,6602.21,0.0,8.46506,22.8172,36.9453,50.9033,60.3727,66.4433,71.1431,78.0013,139.538,136.903,134.109,131.121,126.503,120.253,107.918,35.0919,22.1444,16.0058,8.56979
68.160,-0.0000,1.0000,0.0000,5.0,96.02,0.0894,0.1069,6669.27,0.0,8.70462,24.2281,38.8211,52.9525,62.7966,70.5561,79.0383,137.474,134.764,131.879,128.775,125.384,119.918,113.029,102.043,31.0403,21.0145,15.3956,8.39641
68.184,-0.0000,1.0000,0.0000,5.0,96.47,0.0783,0.1207,6731.05,0.0,8.96616,25.7002,40.7458,55.0397,65.945,78.6465,136.36,132.489,129.495,126.248,122.661,118.567,112.581,106.456,96.648,28.2089,19.9554,14.8022,8.21945
68.203,-0.0000,1.0000,0.0000,5.0,97.03,0.0667,0.1286,6764.83,0.0,9.1716,26.6078,41.7753,56.0603,68.0613,137.535,133.277,129.186,125.981,122.449,118.441,114.103,108.533,102.816,93.6182,26.8215,19.2968,14.4094,8.08137
68.228,-0.0000,1.0000,0.0000,5.0,97.61,0.0548,0.1323,6785.29,0.0,9.33281,27.0843,42.1516,56.3154,69.0257,135.824,131.476,127.276,123.963,120.278,116.056,111.859,106.481,100.953,92.013,26.1351,18.8857,14.1446,7.96881
68.247,-0.0000,1.0000,0.0000,5.0,98.20,0.0425,0.1340,6804.99,0.0,9.47607,27.362,42.2363,56.2314,69.3602,134.66,130.275,126.027,122.665,118.907,114.642,110.527,105.252,99.8248,91.009,25.7177,18.5745,13.9309,7.86525
68.272,-0.0000,1.0000,0.0000,5.0,98.78,0.0298,0.1349,6831.96,0.0,9.61246,27.5413,42.1832,55.9884,69.3616,133.758,129.361,125.098,121.72,117.935,113.673,109.608,104.395,99.0297,90.2997,25.4202,18.3083,13.7381,7.76437
68.290,-0.0000,1.0000,0.0000,5.0,99.36,0.0167,0.1352,6862.99,0.0,9.74648,27.6666,42.0595,55.665,69.1816,132.988,128.594,124.333,120.954,117.168,112.923,108.891,103.72,98.3975,89.7388,25.1838,18.0645,13.5539,7.66386
68.316,-0.0000,1.0000,0.0000,5.0,99.94,0.0034,0.1354,6897.35,0.0,9.88042,27.7606,41.9001,55.3045,68.9131,132.28,127.895,123.644,120.275,116.499,112.275,108.269,103.131,97.8416,89.2465,24.9789,17.8319,13.3725,7.56261
68.334,-0.0000,1.0000,0.0000,6,100.52,-0.0101,0.1354,6934.92,0.0,10.0154,27.8355,41.7232,54.9292,68.6094,131.596,127.223,122.985,119.629,115.869,111.668,107.684,102.574,97.3149,88.7793,24.7909,17.6046,13.1906,7.46023
68.359,-0.0000,1.0000,0.0000,6,100.77,-0.0238,0.1354,6368.07,0.0,10.1513,27.8953,41.535,54.5468,68.2906,130.922,126.563,122.341,118.998,115.257,111.079,107.116,102.034,96.8016,88.3222,24.6157,17.3816,13.008,7.35694
68.379,-0.0000,1.0000,0.0000,6,100.76,-0.0377,0.1354,6384.0,0.0,10.2879,27.9428,41.3404,54.1635,67.9706,130.254,125.909,121.703,118.375,114.654,110.499,106.557,101.5,96.2952,87.8689,24.4509,17.1623,12.8245,7.25292
68.404,-0.0000,1.0000,0.0000,6,100.76,-0.0515,0.1354,6168.78,0.0,10.425,27.98,41.1427,53.7836,67.6635,129.582,125.251,121.062,117.748,114.046,109.914,105.992,100.962,95.7844,87.41,24.2952,16.9468,12.6403,7.14862
68.422,-0.0000,1.0000,0.0000,6,101.08,-0.0654,0.1354,6349.49,0.0,10.5629,28.0082,40.9426,53.4081,67.3732,128.905,124.588,120.413,117.114,113.429,109.32,105.42,100.417,95.2668,86.9435,24.1478,16.7342,12.455,7.04378
68.447,-0.0000,1.0000,0.0000,6,101.55,-0.0794,0.1354,6381.89,0.0,10.7021,28.0285,40.7403,53.0368,67.1048,128.217,123.913,119.753,116.467,112.799,108.713,104.834,99.8594,94.7385,86.4662,24.0083,16.524,12.2678,6.93809
68.466,-0.0000,1.0000,0.0000,6,102.04,-0.0935,0.1354,6408.22,0.0,10.8422,28.0394,40.5339,52.6675,66.8533,127.523,123.231,119.085,115.812,112.161,108.097,104.241,99.2949,94.2037,85.9816,23.8801,16.3172,12.0793,6.83174
68.491,-0.0000,1.0000,0.0000,6,102.52,-0.1077,0.1355,6435.88,0.0,10.9834,28.0417,40.3234,52.3003,66.621,126.822,122.543,118.41,115.149,111.515,107.473,103.64,98.7233,93.6623,85.4902,23.7644,16.1139,11.8893,6.72465
68.510,-0.0000,1.0000,0.0000,6,103.01,-0.1220,0.1355,6465.61,0.0,11.1256,28.0351,40.1087,51.9348,66.4083,126.114,121.848,117.729,114.48,110.861,106.842,103.032,98.1453,93.115,84.9923,23.6634,15.9148,11.7003,6.61694
68.534,-0.0000,1.0000,0.0000,6,103.49,-0.1363,0.1356,6497.26,0.0,11.2685,28.0196,39.8892,51.5706,66.2177,125.401,121.147,117.042,113.805,110.201,106.205,102.419,97.562,92.5626,84.4899,23.5795,15.7202,11.5144,6.50865
68.553,-0.0000,1.0000,0.0000,6,103.98,-0.1507,0.1357,6531.48,0.0,11.4118,27.9969,39.6669,51.2105,66.0626,124.678,120.435,116.343,113.117,109.528,105.554,101.793,96.9674,91.9999,83.9788,23.5121,15.5297,11.3314,6.39966
68.578,-0.0000,1.0000,0.0000,6,104.47,-0.1652,0.1358,6567.39,0.0,11.5502,27.9684,39.4441,50.8579,65.9622,123.939,119.707,115.626,112.411,108.834,104.882,101.147,96.3544,91.4209,83.4536,23.4599,15.3425,11.151,6.28986
68.597,-0.0000,1.0000,0.0000,6,104.96,-0.1798,0.1359,6601.97,0.0,11.6822,27.9322,39.2171,50.5079,65.9112,123.193,118.972,114.902,111.697,108.132,104.203,100.494,95.7349,90.8358,82.9233,23.4308,15.1603,10.974,6.17934
68.622,-0.0000,1.0000,0.0000,6,105.45,-0.1944,0.1361,6634.13,0.0,11.8073,27.8859,38.9824,50.1552,65.8988,122.45,118.239,114.182,110.987,107.435,103.529,99.8457,95.12,90.2545,82.396,23.4359,14.9855,10.8015,6.06837
68.647,-0.0000,1.0000,0.0000,6,105.93,-0.2092,0.1361,6685.04,0.0,11.9251,27.8274,38.7366,49.7944,65.9079,121.717,117.52,113.476,110.294,106.758,102.876,99.2164,94.5216,89.688,81.8806,23.4885,14.8202,10.6344,5.95709
68.666,-0.0000,1.0000,0.0000,6,106.39,-0.2240,0.1361,6765.74,0.0,12.0352,27.7552,38.4771,49.4206,65.9189,121.005,116.822,112.796,109.629,106.113,102.254,98.617,93.9505,89.1455,81.385,23.6044,14.6666,10.4737,5.84567
68.691,-0.0000,1.0000,0.0000,6,106.93,-0.2389,0.1361,6771.01,0.0,12.1394,27.6772,38.2158,49.0527,66.0699,120.28,116.112,112.102,108.949,105.452,101.617,98.0026,93.3653,88.5907,80.8788,23.7714,14.5192,10.317,5.7335
68.709,-0.0000,1.0000,0.0000,6,107.46,-0.2538,0.1361,6779.09,0.0,12.2374,27.5919,37.95,48.6861,66.4611,119.55,115.397,111.402,108.264,104.785,100.974,97.3829,92.7754,88.0313,80.3685,24.0101,14.3798,10.165,5.62068
68.729,-0.0000,1.0000,0.0000,6,107.99,-0.2689,0.1362,6794.82,0.0,12.329,27.4994,37.6797,48.3215,67.862,118.815,114.675,110.697,107.573,104.112,100.325,96.7575,92.1801,87.4669,79.8541,24.3456,14.2493,10.0181,5.5073
68.753,-0.0000,1.0000,0.0000,6,108.51,-0.2840,0.1362,6817.4,0.0,12.4145,27.3999,37.4052,47.959,124.999,118.073,113.948,109.985,106.875,103.433,99.6699,96.126,91.579,86.8971,79.335,24.8184,14.1283,9.87653,5.3939
68.778,-0.0000,1.0000,0.0000,6,109.02,-0.2992,0.1362,6845.93,0.0,12.4939,27.2933,37.1262,47.5986,124.232,117.325,113.215,109.267,106.172,102.747,99.0088,95.489,90.9728,86.3227,78.8117,25.5119,14.0175,9.74071,5.28352
68.797,-0.0000,1.0000,0.0000,6,109.54,-0.3144,0.1363,6878.89,0.0,12.5671,27.1798,36.8426,47.2398,123.46,116.573,112.477,108.545,105.464,102.057,98.3433,94.8479,90.3628,85.7448,78.2852,26.6516,13.9179,9.61089,5.17668
68.822,-0.0000,1.0000,0.0000,6,110.05,-0.3297,0.1364,6916.89,0.0,12.6345,27.0609,36.5567,46.8874,122.677,115.81,111.727,107.811,104.742,101.352,97.6632,94.193,89.7403,85.1554,77.749,60.5553,13.829,9.4869,5.07336
68.840,-0.0000,1.0000,0.0000,6,110.56,-0.3452,0.1365,6958.45,0.0,12.6966,26.938,36.2703,46.5448,121.878,115.029,110.959,107.057,104.001,100.626,96.9611,93.5177,89.0992,84.5492,77.1986,60.5022,13.7505,9.36845,4.97354
68.866,-0.0000,1.0000,0.0000,6,111.08,-0.3605,0.1333,6997.88,0.0,12.7526,26.8077,35.9784,46.2035,121.076,114.246,110.189,106.301,103.257,99.8977,96.2579,92.8412,88.4568,83.9415,76.6468,60.4184,13.6866,9.25732,4.87767
68.885,-0.0000,1.0000,0.0000,6,111.60,-0.3754,0.1274,7032.81,0.0,12.802,26.6682,35.6779,45.8574,120.281,113.471,109.428,105.555,102.525,99.1827,95.5684,92.1772,87.8253,83.3438,76.1031,60.3224,13.6408,9.15458,4.78592
68.910,-0.0000,1.0000,0.0000,6,112.04,-0.3897,0.1213,7156.77,0.0,12.8435,26.5139,35.3607,45.4896,119.515,112.73,108.705,104.852,101.839,98.5202,94.931,91.5616,87.2376,82.785,75.5913,60.2537,13.6207,9.06287,4.69879
68.928,-0.0000,1.0000,0.0000,6,112.55,-0.4033,0.1152,7216.93,0.0,12.8788,26.3521,35.0373,45.1199,118.752,111.992,107.986,104.153,101.16,97.8649,94.3005,90.9521,86.6558,82.2313,75.0834,60.164,13.6217,8.98021,4.616
68.953,-0.0000,1.0000,0.0000,6,113.16,-0.4164,0.1091,7193.79,0.0,12.9082,26.1842,34.7096,44.7532,117.982,111.249,107.261,103.449,100.474,97.2032,93.6641,90.3372,86.0683,81.6723,74.5711,60.0436,13.6443,8.9065,4.53757
68.972,-0.0000,1.0000,0.0000,6,113.75,-0.4288,0.1029,7182.23,0.0,12.9318,26.0101,34.3775,44.389,117.208,110.5,106.531,102.739,99.7829,96.536,93.0224,89.7172,85.4761,81.1093,74.055,59.8974,13.6913,8.84234,4.46363
68.997,-0.0000,1.0000,0.0000,6,114.31,-0.4405,0.0967,7190.64,0.0,12.9499,25.8315,34.0437,44.033,116.421,109.738,105.786,102.015,99.076,95.8518,92.3637,89.0813,84.8696,80.5328,73.5275,59.7164,13.7632,8.78767,4.39423
69.016,-0.0000,1.0000,0.0000,6,114.86,-0.4516,0.0905,7213.28,0.0,12.9626,25.6487,33.7084,43.6873,115.619,108.96,105.026,101.273,98.3511,95.1482,91.6857,88.4273,84.2466,79.9417,72.9877,59.5023,13.8634,8.74318,4.3296
69.041,-0.0000,1.0000,0.0000,6,115.40,-0.4620,0.0843,7244.63,0.0,12.9697,25.4611,33.3705,43.3495,114.807,108.172,104.254,100.519,97.6134,94.4308,90.9941,87.7605,83.6119,79.3399,72.4388,59.2606,13.9968,8.7099,4.26997
69.059,-0.0000,1.0000,0.0000,6,115.94,-0.4717,0.0781,7281.17,0.0,12.9712,25.268,33.0292,43.0185,113.987,107.375,103.474,99.7569,96.8671,93.7044,90.2938,87.0858,82.9694,78.7309,71.8839,58.9978,14.1688,8.68859,4.21541
69.085,-0.1519,1.0000,0.0000,6,116.45,-0.4807,0.0718,7342.79,0.0,12.9665,25.0675,32.684,42.6869,113.169,106.582,102.698,98.9996,96.1264,92.9848,89.6002,86.417,82.3326,78.1268,71.3327,58.7274,14.39,8.68129,4.1663
69.103,-0.3958,1.0000,0.0000,6,116.99,-0.4893,0.0679,7377.28,0.0,12.9889,24.9857,32.5327,42.825,111.763,105.127,101.203,97.457,94.5347,91.3214,87.9903,84.897,80.9245,76.83,70.2073,57.7272,14.4179,8.62095,4.11142
69.128,-0.2756,1.0000,0.0000,6,117.49,-0.4978,0.0693,7411.65,0.0,13.0784,25.1689,32.8255,44.1627,109.047,102.183,98.0791,94.1065,90.95,87.628,84.535,81.6588,77.9557,74.1273,67.9105,55.1261,13.9533,8.42665,4.03649
69.147,-0.0000,1.0000,0.0000,6,117.96,-0.5067,0.0748,7455.38,0.0,13.2231,25.5639,33.5347,47.2279,105.209,97.911,93.4368,88.9687,85.7516,82.7651,79.9854,77.3921,74.0409,70.5619,64.8695,51.0826,13.1715,8.13429,3.945
69.172,-0.0000,1.0000,0.0000,6,118.47,-0.5157,0.0799,7499.76,0.0,13.3656,25.9469,34.3307,114.053,101.292,93.4466,88.4461,84.0209,81.129,78.4352,75.9203,73.5671,70.5159,67.3366,61.861,46.8687,12.4895,7.85914,3.85479
69.191,-0.0000,1.0000,0.0000,6,119.03,-0.5243,0.0791,7529.27,0.0,13.4274,26.0187,34.6267,111.915,98.8684,90.699,85.5566,81.3785,78.6425,76.0899,73.7034,71.4672,68.5638,65.5331,60.0737,44.7585,12.2576,7.72455,3.78841
69.216,-0.0000,1.0000,0.0000,6,119.59,-0.5324,0.0751,7554.15,0.0,13.4432,25.9187,34.6236,110.463,97.3005,88.9845,83.8786,79.8254,77.1689,74.689,72.3688,70.1937,67.3677,64.4154,58.9994,43.905,12.2541,7.66522,3.73607
69.241,-0.0000,1.0000,0.0000,6,120.16,-0.5402,0.0697,7585.55,0.0,13.437,25.7421,34.4871,109.316,96.1199,87.7498,82.701,78.723,76.115,73.6796,71.4003,69.263,66.4855,63.5828,58.2414,43.5796,12.3661,7.64278,3.69132
69.260,-0.0000,1.0000,0.0000,6,120.72,-0.5476,0.0636,7616.81,0.0,13.4194,25.5311,34.2972,108.301,95.1072,86.7262,81.7314,77.808,75.2352,72.8323,70.5835,68.4744,65.7332,62.8683,57.6156,43.4435,12.5518,7.642,3.65182
69.284,-0.0000,1.0000,0.0000,6,121.29,-0.5544,0.0572,7646.34,0.0,13.394,25.3026,34.0874,107.342,94.1676,85.7957,80.8508,76.9728,74.4296,72.0544,69.8312,67.7461,65.0358,62.2031,57.0437,43.3627,12.8017,7.65862,3.61733
69.303,-0.0000,1.0000,0.0000,6,121.86,-0.5607,0.0506,7676.81,0.0,13.3623,25.0632,33.873,106.406,93.2593,84.906,80.0093,76.1724,73.6562,71.3062,69.1065,67.0435,64.3619,61.5591,56.4933,43.2857,13.1192,7.69185,3.58813
69.328,-0.0000,1.0000,0.0000,6,122.43,-0.5663,0.0440,7708.78,0.0,13.3252,24.8182,33.6632,105.476,92.3594,84.028,79.1788,75.3818,72.8916,70.5659,68.3893,66.3476,63.6936,60.92,55.9465,43.1857,13.5132,7.74155,3.56431
69.347,-0.0000,1.0000,0.0000,6,123.00,-0.5712,0.0373,7742.9,0.0,13.2827,24.5756,33.4629,104.542,91.4565,83.1475,78.3468,74.5895,72.1254,69.824,67.6699,65.6496,63.0235,60.2788,55.3952,43.0555,14.0028,7.80922,3.54639
69.372,-0.0000,1.0000,0.0000,6,123.56,-0.5754,0.0305,7778.68,0.0,13.2351,24.3378,33.2749,103.6,90.5448,82.2572,77.5066,73.7894,71.3516,69.0748,66.9438,64.9451,62.347,59.6316,54.8354,42.8937,14.6162,7.89625,3.53465
69.390,-0.0000,1.0000,0.0000,6,124.13,-0.5788,0.0238,7814.11,0.0,13.1819,24.1048,33.1003,102.648,89.6221,81.3547,76.6561,72.9799,70.5689,68.317,66.2094,64.2328,61.6633,58.9778,54.2662,42.7018,15.4042,8.00502,3.5296
69.416,-0.0000,1.0000,0.0000,6,124.71,-0.5814,0.0170,7849.04,0.0,13.1234,23.8768,32.9399,101.687,88.6894,80.4421,75.7966,72.1617,69.7779,67.5515,65.4677,63.5133,60.9727,58.3174,53.6884,42.484,16.4606,8.13769,3.53153
69.435,-0.0000,1.0000,0.0000,6,125.28,-0.5832,0.0102,7887.58,0.0,13.0592,23.6536,32.7941,100.717,87.7473,79.5205,74.9289,71.3363,68.98,66.7793,64.7195,62.7875,60.2764,57.6516,53.1031,42.2427,18.014,8.29708,3.54083
69.459,-0.0000,1.0000,0.0000,6,125.85,-0.5841,0.0033,7927.63,0.0,12.9892,23.4354,32.665,99.7385,86.7964,78.5915,74.0542,70.5041,68.1757,66.001,63.9654,62.0562,59.5747,56.9809,52.5108,41.9796,19.6684,8.48621,3.55782
69.479,-0.0000,1.0000,0.0000,6,126.42,-0.5842,-0.0035,7965.75,0.0,12.9135,23.2221,32.5529,98.7534,85.8391,77.6575,73.1749,69.6674,67.367,65.2184,63.2074,61.3213,58.8693,56.3066,51.9133,41.6981,20.8838,8.70891,3.58289
69.503,-0.0000,1.0000,0.0000,6,127.00,-0.5834,-0.0104,8003.21,0.0,12.8319,23.014,32.4598,97.7624,84.876,76.7194,72.2918,68.827,66.5549,64.4326,62.446,60.5828,58.1609,55.6293,51.311,41.3997,21.8268,8.96884,3.61626
69.522,-0.0000,1.0000,0.0000,6,127.58,-0.5817,-0.0173,8040.47,0.0,12.7446,22.8114,32.3874,96.7647,83.9065,75.7768,71.4043,67.9827,65.7387,63.6428,61.6809,59.8409,57.4488,54.9485,50.7035,41.0857,22.5826,9.27121,3.65828
69.547,-0.0000,1.0000,0.0000,6,128.17,-0.5791,-0.0243,8068.93,0.0,12.6512,22.6144,32.3388,95.7602,82.9303,74.8293,70.5124,67.1342,64.9184,62.8491,60.9119,59.095,56.7332,54.2645,50.0912,40.7569,23.1947,9.62209,3.7094
69.566,-0.0000,1.0000,0.0000,6,128.75,-0.5755,-0.0312,8099.12,0.0,12.552,22.4236,32.32,94.7472,81.9452,73.8749,69.6139,66.2795,64.0925,62.0498,60.1378,58.3443,56.0129,53.5759,49.4728,40.4131,23.6956,10.0288,3.77003
69.591,-0.0000,1.0000,0.0000,6,129.34,-0.5711,-0.0382,8138.75,0.0,12.447,22.2398,32.3347,93.726,80.9517,72.9139,68.7094,65.4192,63.2611,61.2454,59.3586,57.5886,55.288,52.8831,48.8486,40.055,24.1037,10.5002,3.84039
69.609,-0.0000,1.0000,0.0000,6,129.91,-0.5657,-0.0452,8183.17,0.0,12.3361,22.0631,32.3871,92.6983,79.9523,71.9491,67.8013,64.5553,62.4263,60.4377,58.5761,56.83,54.5601,52.1873,48.22,39.6842,24.4347,11.0486,3.92082
69.634,-0.0000,1.0000,0.0000,6,130.49,-0.5593,-0.0523,8225.23,0.0,12.2192,21.8934,32.4837,91.6673,78.9504,70.985,66.8936,63.6916,61.5915,59.6296,57.7933,56.0708,53.8315,51.4908,47.589,39.3031,24.7036,11.6823,4.01188
69.654,-0.0000,1.0000,0.0000,6,131.08,-0.5520,-0.0594,8265.16,0.0,12.0962,21.7308,32.6361,90.6327,77.946,70.021,65.9858,62.8277,60.7563,58.8214,57.0101,55.3111,53.1025,50.7936,46.9558,38.9121,24.9173,12.2887,4.11401
69.679,-0.0000,1.0000,0.0000,6,131.67,-0.5437,-0.0665,8303.8,0.0,11.9672,21.5758,32.8578,89.5933,76.9379,69.0564,65.077,61.9626,59.9199,58.0118,56.2255,54.5501,52.3719,50.0951,46.3194,38.5116,25.0819,12.834,4.22781
69.696,-0.0000,1.0000,0.0000,6,132.28,-0.5344,-0.0737,8318.3,0.0,11.8322,21.4303,33.1752,88.5479,75.9241,68.0885,64.1652,61.0946,59.0805,57.1993,55.4382,53.7863,51.6388,49.3939,45.6788,38.1001,25.202,13.3236,4.35355
69.722,-0.0000,1.0000,0.0000,6,132.88,-0.5241,-0.0809,8351.87,0.0,11.6915,21.2963,33.6419,87.4898,74.8961,67.1081,63.242,60.2163,58.2316,56.3775,54.6421,53.0142,50.8978,48.6855,45.03,37.6741,25.2783,13.7597,4.4916
69.741,-0.0000,1.0000,0.0000,6,133.47,-0.5127,-0.0880,8396.59,0.0,11.5449,21.1736,34.3364,86.422,73.8583,66.1208,62.3126,59.332,57.3767,55.5503,53.8407,52.2369,50.152,47.9725,44.3756,37.2366,25.3161,14.1492,4.64271
69.766,-0.0000,1.0000,0.0000,6,134.05,-0.5004,-0.0952,8445.85,0.0,11.3948,21.062,35.5211,85.349,72.8162,65.1323,61.3816,58.4459,56.5202,54.7215,53.0378,51.4581,49.4046,47.2578,43.7179,36.7907,25.321,14.4955,4.8074
69.791,-0.0000,1.0000,0.0000,6,134.63,-0.4870,-0.1025,8490.19,0.0,11.2481,20.9623,101.112,84.2745,71.7739,64.1468,60.4532,57.5622,55.6658,53.8943,52.2361,50.6805,48.6581,46.544,43.0589,36.3387,25.2973,14.8026,4.98631
69.810,-0.0000,1.0000,0.0000,6,135.23,-0.4725,-0.1098,8531.0,0.0,11.1054,20.8756,100.006,83.1977,70.731,63.1636,59.5265,56.6798,54.8126,53.0683,51.4352,49.9036,47.9121,45.8304,42.3988,35.8798,25.2484,15.0743,5.18039
69.835,-0.0000,1.0000,0.0000,6,135.84,-0.4570,-0.1171,8559.73,0.0,10.9668,20.8034,98.8951,82.1177,69.6863,62.1819,58.6009,55.7982,53.9597,52.2423,50.6346,49.1266,47.166,45.1164,41.738,35.4132,25.1738,15.3119,5.38631
69.853,-0.0000,1.0000,0.0000,6,136.48,-0.4404,-0.1245,8566.16,0.0,10.8326,20.7483,97.7748,81.0282,68.6318,61.1933,57.6689,54.9107,53.1012,51.411,49.8288,48.3445,46.4151,44.3981,41.0733,34.9359,25.0723,15.5159,5.58517
69.878,-0.0000,1.0000,0.0000,6,137.07,-0.4227,-0.1318,8607.53,0.0,10.7037,20.7145,96.6382,79.9209,67.5573,60.1879,56.7218,54.0091,52.2296,50.5673,49.0112,47.5515,45.654,43.6702,40.4002,34.4438,24.942,15.6864,5.77386
69.896,-0.0000,1.0000,0.0000,6,137.66,-0.4039,-0.1392,8660.67,0.0,10.5799,20.7034,95.492,78.8043,66.473,59.1764,55.7692,53.1024,51.3531,49.7189,48.1891,46.7541,44.8886,42.9381,39.7233,33.9422,24.7892,15.8275,5.95273
69.922,-0.0000,0.0000,0.0000,6,138.25,-0.3840,-0.1465,8717.93,0.0,10.4613,20.7162,94.3377,77.6801,65.3815,58.1617,54.8132,52.1925,50.4733,48.8674,47.364,45.9538,44.1202,42.2035,39.044,33.4323,24.6158,15.9401,6.12168
69.941,-0.0000,0.0000,0.0000,6,138.40,-0.3632,-0.1485,8445.54,0.0,10.3487,20.7581,93.1695,76.5408,64.2729,57.1342,53.8461,51.2722,49.5838,48.0066,46.5301,45.145,43.3442,41.4617,38.3585,32.9108,24.4186,16.024,6.27998
69.966,-0.0000,0.0000,0.0000,6,138.28,-0.3429,-0.1426,8432.88,0.0,10.243,20.8356,91.9897,75.3885,63.1481,56.0955,52.8688,50.343,48.686,47.1381,45.689,44.3296,42.562,40.7142,37.668,32.3789,24.1984,16.08,6.42704
69.985,-0.0000,0.0000,0.0000,6,138.16,-0.3234,-0.1368,8421.63,0.0,10.1438,20.9482,90.8109,74.2384,62.0267,55.0644,51.8983,49.4198,47.7939,46.2749,44.8527,43.5187,41.7841,39.9707,36.9811,31.8448,23.9636,16.1132,6.56376
70.009,-0.0000,0.0000,0.0000,6,138.04,-0.3047,-0.1310,8415.15,0.0,10.0512,21.1009,89.6325,73.0896,60.9074,54.0391,50.9331,48.5014,46.9062,45.4158,44.0205,42.7116,41.0096,39.2303,36.2967,31.3079,23.7144,16.1237,6.68971
70.028,-0.0000,0.0000,0.0000,6,137.92,-0.2869,-0.1250,8409.23,0.0,9.96558,21.303,88.4542,71.9416,59.7894,53.0194,49.9727,47.5875,46.0226,44.5607,43.1919,41.908,40.2383,38.4928,35.615,30.7678,23.4521,16.1134,6.80514
70.054,-0.0000,0.0000,0.0000,6,137.80,-0.2699,-0.1188,8402.69,0.0,9.88714,21.5658,87.2744,70.7927,58.6708,52.0032,49.0155,46.6765,45.1419,43.7083,42.366,41.1067,39.4693,37.7575,34.935,30.2237,23.1769,16.0837,6.91055
70.072,-0.0000,0.0000,0.0000,6,137.68,-0.2538,-0.1126,8396.28,0.0,9.81662,21.904,86.0908,69.6399,57.5477,50.9873,48.0586,45.7657,44.2614,42.856,41.5401,40.3057,38.7005,37.0222,34.2551,29.6744,22.8869,16.034,7.00536
70.097,-0.0000,0.0000,0.0000,6,137.56,-0.2386,-0.1064,8389.27,0.0,9.75384,22.3452,84.9036,68.484,56.4209,49.9726,47.1029,44.8561,43.3821,42.0047,40.7153,39.5056,37.9326,36.2879,33.5762,29.1207,22.5842,15.9652,7.08987
70.116,-0.0000,0.0000,0.0000,6,137.44,-0.2242,-0.1000,8382.01,0.0,9.69907,22.927,83.7129,67.3244,55.2901,48.9593,46.1484,43.9476,42.5037,41.1546,39.8915,38.7065,37.1655,35.5544,32.898,28.5628,22.269,15.8787,7.16425
70.141,-0.0000,0.0000,0.0000,6,137.32,-0.2109,-0.0933,8374.59,0.0,9.65325,23.7377,82.5186,66.1611,54.1546,47.9468,45.1946,43.0398,41.626,40.3051,39.0683,37.9079,36.3991,34.8214,32.2202,28.0007,21.9421,15.775,7.2285
70.159,-0.0000,0.0000,0.0000,6,137.20,-0.1984,-0.0866,8367.53,0.0,9.61637,24.9969,81.3198,64.9936,53.0139,46.9351,44.2416,42.1328,40.749,39.4563,38.2457,37.11,35.6333,34.0892,31.543,27.4347,21.6046,15.6557,7.28278
70.185,-0.0000,0.0000,0.0000,6,137.08,-0.1869,-0.0799,8359.96,0.0,9.5888,27.8276,80.1171,63.8221,51.8711,45.9247,43.2899,41.2268,39.8731,38.6084,37.4242,36.3131,34.8683,33.3576,30.8666,26.8651,21.257,15.5204,7.32684
70.203,-0.0000,0.0000,0.0000,6,136.96,-0.1763,-0.0729,8352.5,0.0,9.57085,31.402,78.9113,62.6476,50.7309,44.9166,42.3402,40.3228,38.9991,37.7623,36.6042,35.5177,34.1048,32.6274,30.1913,26.2924,20.8996,15.3699,7.36108
70.228,-0.0000,0.0000,0.0000,6,136.84,-0.1667,-0.0657,8345.24,0.0,9.56335,34.9759,77.7019,61.4699,49.5936,43.9108,41.3927,39.4208,38.1269,36.918,35.7859,34.7239,33.3429,31.8988,29.5174,25.717,20.5325,15.2053,7.38587
70.246,-0.0000,0.0000,0.0000,6,136.73,-0.1581,-0.0585,8338.7,0.0,9.56717,38.5564,76.4874,60.2862,48.4562,42.905,40.445,38.5186,37.2546,36.0735,34.9677,33.9301,32.5809,31.1699,28.8434,25.1377,20.1549,15.0264,7.40044
70.272,0.1032,0.0000,0.0000,6,136.61,-0.1506,-0.0513,8331.48,0.0,9.58203,42.1367,75.2688,59.0987,47.3213,41.9013,39.4992,37.6183,36.3841,35.2308,34.151,33.1378,31.8203,30.4425,28.1706,24.5559,19.7689,14.8351,7.40527
70.291,-0.0000,0.0000,0.0000,6,136.48,-0.1438,-0.0461,8322.96,0.0,9.58231,43.9753,74.4682,58.4078,46.7634,41.3477,38.9523,37.0787,35.8504,34.7033,33.6298,32.6232,31.3149,29.9478,27.6956,24.1186,19.4937,14.711,7.42034
70.316,-0.0000,0.0000,0.0000,6,136.36,-0.1377,-0.0419,8316.77,0.0,9.5789,44.8232,73.8761,57.9615,46.4982,41.0206,38.6057,36.72,35.4853,34.3334,33.2562,32.2471,30.9369,29.5691,27.3191,23.7541,19.2646,14.6122,7.43758
70.341,-0.0000,0.0000,0.0000,6,136.25,-0.1327,-0.0358,8310.32,0.0,9.60765,47.1305,72.9354,57.1035,45.7472,40.3161,37.9253,36.0599,34.8391,33.7006,32.6367,31.6402,30.3469,28.9976,26.7793,23.2684,18.9277,14.4349,7.43048
70.360,-0.0000,0.0000,0.0000,6,136.13,-0.1287,-0.0287,8303.13,0.0,9.65841,91.0813,71.8364,56.0601,44.7756,39.4414,37.0946,35.2644,34.0669,32.9504,31.9072,30.9302,29.6626,28.3403,26.1671,22.7292,18.5397,14.2175,7.40726
70.385,-0.0000,0.0000,0.0000,6,136.01,-0.1257,-0.0207,8295.89,0.0,9.72816,89.9001,70.6661,54.9342,43.7103,38.4946,36.2007,34.4119,33.2417,32.1508,31.1316,30.1772,28.9388,27.6473,25.5249,22.1682,18.1262,13.9776,7.37206
70.403,-0.0000,0.0000,0.0000,6,135.90,-0.1238,-0.0122,8288.73,0.0,9.81557,88.6897,69.4633,53.7715,42.6085,37.52,35.2824,33.5378,32.3965,31.3325,30.3385,29.4078,28.2003,26.941,24.8717,21.5991,17.6987,13.7226,7.32688
70.429,-0.0000,0.0000,0.0000,6,135.78,-0.1230,-0.0038,8282.33,0.0,9.92049,87.4632,68.2434,52.5895,41.4921,36.5346,34.3548,32.6553,31.5435,30.5072,29.539,28.6325,27.4563,26.2298,24.2144,21.0275,17.2617,13.4547,7.27227
70.448,-0.0000,0.0000,0.0000,6,135.67,-0.1233,0.0047,8275.16,0.0,10.0447,86.2282,67.0145,51.3982,40.3733,35.5476,33.426,31.7718,30.6897,29.6811,28.7389,27.8567,26.7121,25.5185,23.5573,20.4561,16.8178,13.176,7.20805
70.472,-0.0000,0.0000,0.0000,6,135.55,-0.1248,0.0139,8267.88,0.0,10.1904,84.9872,65.7796,50.2009,39.2559,34.5621,32.4986,30.8898,29.8376,28.8566,27.9402,27.0822,25.9692,24.8084,22.9013,19.8859,16.3679,12.8876,7.13454
70.491,-0.0000,0.0000,0.0000,6,135.44,-0.1275,0.0233,8260.83,0.0,10.3588,83.7406,64.5395,48.9981,38.1414,33.579,31.5735,30.01,28.9873,28.034,27.1435,26.3098,25.2281,24.1002,22.247,19.317,15.9125,12.59,7.05203
70.516,-0.0000,0.0000,0.0000,6,135.32,-0.1315,0.0327,8254.51,0.0,10.5534,82.4875,63.2924,47.7878,37.0276,32.5969,30.6492,29.131,28.1379,27.2123,26.3476,25.538,24.4878,23.3927,21.5935,18.7489,15.4513,12.2831,6.96045
70.534,0.4057,0.0000,0.0000,6,135.20,-0.1367,0.0421,8247.33,0.0,10.7795,81.2279,62.0382,46.5694,35.914,31.6149,29.7253,28.2523,27.2889,26.3909,25.552,24.7667,23.7479,22.6856,20.9403,18.1812,14.9845,11.9669,6.85894
70.560,0.6050,0.0000,0.0000,6,135.05,-0.1430,0.0490,8237.36,0.0,10.9807,80.4709,61.3474,46.0002,35.4415,31.1274,29.2373,27.7665,26.8057,25.9112,25.0761,24.2951,23.2828,22.2284,20.4988,17.7706,14.6195,11.7117,6.76891
70.578,0.5872,0.0000,0.0000,6,134.80,-0.1495,0.0478,8222.81,0.0,11.0635,80.9394,62.0197,46.978,36.6312,31.9039,29.8571,28.2745,27.2453,26.2904,25.402,24.5736,23.5034,22.393,20.5808,17.7461,14.5068,11.6122,6.72115
70.604,0.2812,0.0000,0.0000,6,134.51,-0.1559,0.0405,8206.59,0.0,11.054,82.2953,63.6634,49.0083,39.1988,33.9186,31.5392,29.7196,28.5459,27.4632,26.4618,25.5326,24.3393,23.1092,21.1191,18.0486,14.6022,11.6243,6.70611
70.623,-0.0000,0.0000,0.0000,6,134.21,-0.1619,0.0291,8187.68,0.0,10.9834,84.2078,65.9018,51.6407,42.3108,37.2377,34.3943,32.1714,30.7543,29.459,28.2704,27.176,25.7821,24.3586,22.0842,18.6424,14.8729,11.7113,6.71449
70.647,-0.0000,0.0000,0.0000,6,134.01,-0.1678,0.0207,8172.98,0.0,10.9501,85.8211,67.7946,53.847,44.8541,40.0681,37.3929,34.9532,33.2349,31.6788,30.2641,28.9725,27.3423,25.6947,23.0974,19.2472,15.1372,11.7726,6.71074
70.666,-0.0000,0.0000,0.0000,6,133.86,-0.1744,0.0218,8163.08,0.0,11.0694,86.1229,68.2435,54.4706,45.6558,41.0082,38.4332,36.1058,34.3894,32.6831,31.1339,29.7271,27.9617,26.1891,23.4181,19.362,15.0988,11.6583,6.64815
70.691,-0.0000,0.0000,0.0000,6,133.72,-0.1815,0.0283,8156.46,0.0,11.2634,85.6429,67.8391,54.1737,45.4703,40.906,38.3888,36.1237,34.4611,32.7576,31.1565,29.7068,27.8934,26.0788,23.2547,19.1482,14.8668,11.4372,6.54962
70.710,-0.0000,0.0000,0.0000,6,133.59,-0.1892,0.0379,8149.19,0.0,11.4912,84.7456,66.9833,53.3964,44.778,40.2763,37.8014,35.5808,33.9556,32.2907,30.6903,29.2433,27.4357,25.6299,22.8252,18.7595,14.5361,11.1641,6.43082
70.734,-0.0000,0.0000,0.0000,6,133.48,-0.1976,0.0503,8141.97,0.0,11.7317,83.6466,65.9127,52.3942,43.8521,39.4064,36.969,34.7875,33.1948,31.5672,29.9943,28.5725,26.7977,25.0256,22.2757,18.2941,14.1642,10.8714,6.2985
70.754,-0.0000,0.0000,0.0000,6,133.36,-0.2072,0.0637,8134.87,0.0,11.9744,82.4617,64.7525,51.301,42.8346,38.4443,36.0439,33.9005,32.3395,30.7481,29.213,27.8257,26.0942,24.3658,21.6845,17.8039,13.7808,10.5747,6.15599
70.779,-0.0000,0.0000,0.0000,6,133.24,-0.2181,0.0775,8128.89,0.0,12.2171,81.2283,63.5433,50.1597,41.7707,37.4369,35.0742,32.9695,31.4404,29.8856,28.3933,27.045,25.3621,23.6822,21.0761,17.3044,13.3942,10.278,6.00394
70.798,-0.0000,0.0000,0.0000,6,133.12,-0.2304,0.0913,8121.51,0.0,12.4564,79.9844,62.3255,49.0131,40.705,36.4301,34.1066,32.042,30.546,29.0288,27.5798,26.2705,24.6363,23.0049,20.474,16.8108,13.0127,9.98568,5.84312
70.823,0.3808,0.0000,0.0000,6,133.00,-0.2444,0.1067,8113.97,0.0,12.6921,78.7406,61.1105,47.8725,39.6483,35.4348,33.1519,31.129,29.667,28.1885,26.7817,25.5104,23.9237,22.3397,19.8822,16.3252,12.6371,9.69761,5.67546
70.841,0.5267,0.0000,0.0000,6,132.85,-0.2600,0.1197,8104.23,0.0,12.8634,77.9534,60.3824,47.2413,39.1181,34.9766,32.7412,30.7668,29.3444,27.9106,26.4995,25.2183,23.6222,22.0327,19.5736,16.0296,12.3739,9.4738,5.52397
70.866,0.5196,0.0000,0.0000,6,132.58,-0.2766,0.1246,8090.84,0.0,12.8771,78.2952,60.8496,47.8475,39.8504,35.7948,33.6144,31.6959,30.3184,28.9346,27.5438,26.154,24.3919,22.6517,19.9887,16.2115,12.3884,9.40671,5.41318
70.885,0.4022,0.0000,0.0000,6,132.21,-0.2933,0.1199,8069.0,0.0,12.7119,79.9493,62.6993,49.8715,42.0128,38.0441,35.9177,34.0514,32.7153,31.3768,30.0354,28.6915,26.8053,24.695,21.4783,17.0684,12.7774,9.54419,5.35534
70.910,-0.0000,0.0000,0.0000,6,131.86,-0.3095,0.1013,8046.68,0.0,12.4324,82.5173,65.5088,52.8696,45.1435,41.2519,39.1704,37.3467,36.0431,34.7386,33.4335,32.1285,30.3019,28.2157,24.3327,18.6954,13.5501,9.87578,5.3458
70.935,-0.0000,0.0000,0.0000,6,131.60,-0.3240,0.0724,8026.91,0.0,12.1454,32.8411,68.4236,55.9634,48.3544,44.5264,42.4811,40.6904,39.4109,38.1316,36.8528,35.575,33.7882,31.7505,27.9509,20.9734,14.5815,10.3168,5.36209
70.954,-0.0000,0.0000,0.0000,6,131.39,-0.3372,0.0552,8017.92,0.0,12.0282,30.4929,69.6681,57.3323,49.8112,46.0331,44.0162,42.2517,40.992,39.733,38.4755,37.2196,35.4653,33.4673,29.7499,22.5414,15.2053,10.5424,5.33776
70.979,-0.0000,0.0000,0.0000,6,131.24,-0.3487,0.0490,8007.88,0.0,12.0485,30.284,69.3644,57.1116,49.6622,45.9283,43.9381,42.1987,40.958,39.7193,38.483,37.2496,35.5287,33.5727,29.9448,22.9398,15.2916,10.5197,5.27445
70.997,-0.0000,0.0000,0.0000,6,131.11,-0.3587,0.0483,7999.48,0.0,12.1293,31.077,68.2952,56.1116,48.7316,45.0433,43.0809,41.3681,40.1479,38.9311,37.7179,36.5091,34.8253,32.9157,29.3883,22.6468,15.093,10.3748,5.19658
71.023,-0.0000,0.0000,0.0000,6,130.98,-0.3677,0.0493,7991.09,0.0,12.2223,32.5051,67.0121,54.899,47.5921,43.9522,42.0196,40.3353,39.1371,37.9435,36.755,35.5725,33.9283,32.0682,28.647,22.1787,14.8275,10.205,5.11947
71.041,-0.0000,0.0000,0.0000,6,130.86,-0.3759,0.0501,7982.62,0.0,12.3076,34.7405,65.7542,53.717,46.4873,42.898,40.9962,39.3415,38.1659,36.9963,35.8333,34.6777,33.0738,31.2638,27.9491,21.7457,14.5878,10.0506,5.04859
71.066,-0.0000,0.0000,0.0000,6,130.74,-0.3837,0.0501,7974.62,0.0,12.3773,81.0271,64.6125,52.6562,45.5061,41.9682,40.0976,38.4725,37.3196,36.1739,35.0361,33.907,32.3427,30.5815,27.369,21.4109,14.4059,9.92515,4.98552
71.085,-0.0000,0.0000,0.0000,6,130.61,-0.3912,0.0499,7967.04,0.0,12.4405,79.8737,63.5037,51.6312,44.5624,41.0767,39.2375,37.6424,36.5121,35.3903,34.2776,33.1749,31.6499,29.9366,26.8237,21.0971,14.2451,9.81126,4.92635
71.110,-0.0000,0.0000,0.0000,6,130.48,-0.3984,0.0497,7959.5,0.0,12.502,78.7129,62.3891,50.6027,43.6169,40.1844,38.3772,36.8122,35.7048,34.607,33.5196,32.4434,30.9573,29.2916,26.2762,20.7716,14.0878,9.70022,4.86892
71.129,-0.0000,0.0000,0.0000,6,130.34,-0.4054,0.0496,7954.82,0.0,12.5643,77.524,61.2479,49.5501,42.6497,39.2714,37.4967,35.9625,34.8783,33.8049,32.7429,31.6933,30.2465,28.6284,25.7097,20.4205,13.9253,9.58793,4.81232
71.154,-0.0000,0.0000,0.0000,6,130.21,-0.4123,0.0498,7946.51,0.0,12.6274,76.3071,60.0804,48.4742,41.6615,38.3389,36.5975,35.0945,34.034,32.9853,31.9491,30.9263,29.519,27.9486,25.1259,20.0463,13.7574,9.47419,4.75637
71.172,-0.0000,0.0000,0.0000,6,130.08,-0.4190,0.0499,7937.57,0.0,12.6901,75.0858,58.9101,47.3978,40.6746,37.4086,35.7008,34.2294,33.1927,32.1686,31.1582,30.1623,28.7942,27.2708,24.5422,19.664,13.5911,9.36146,4.7009
71.197,-0.0000,0.0000,0.0000,6,129.95,-0.4257,0.0500,7928.52,0.0,12.7512,73.8665,57.7443,46.3283,39.6963,36.4874,34.8136,33.3739,32.361,31.3617,30.3771,29.4079,28.0786,26.6015,23.9649,19.2796,13.4301,9.25165,4.64646
71.216,-0.0000,0.0000,0.0000,6,129.82,-0.4324,0.0501,7919.96,0.0,12.8115,72.648,56.5809,45.2633,38.724,35.5729,33.9332,32.5253,31.5362,30.5617,29.6027,28.6599,27.369,25.9376,23.3906,18.8905,13.2718,9.14317,4.59232
71.241,-0.0000,0.0000,0.0000,6,129.69,-0.4390,0.0501,7911.86,0.0,12.8711,71.4273,55.4171,44.2002,37.7553,34.6626,33.0574,31.6813,30.7161,29.7664,28.8328,27.9164,26.6634,25.2771,22.8176,18.4959,13.1158,9.03595,4.53862
71.260,-0.0000,0.0000,0.0000,6,129.56,-0.4456,0.0501,7904.01,0.0,12.9301,70.2018,54.2505,43.1368,36.7879,33.7543,32.1838,30.84,29.8987,28.9736,28.0655,27.1752,25.9601,24.618,22.2445,18.0947,12.9521,8.92963,4.48528
71.285,-0.0000,0.0000,0.0000,6,129.43,-0.4522,0.0501,7896.33,0.0,12.9891,68.9707,53.0799,42.0719,35.8207,32.8471,31.3116,30.0,29.0827,28.1824,27.2997,26.4354,25.2575,23.9593,21.6699,17.6862,12.77,8.82353,4.43203
71.304,-0.0000,0.0000,0.0000,6,129.30,-0.4587,0.0501,7889.36,0.0,13.0478,67.7336,51.9055,41.0056,34.854,31.941,30.4407,29.1617,28.2684,27.3927,26.5353,25.6969,24.5561,23.3011,21.094,17.2713,12.5711,8.7178,4.37891
71.328,-0.0000,0.0000,0.0000,6,129.17,-0.4653,0.0501,7881.43,0.0,13.1066,66.4904,50.7265,39.9376,33.8875,31.0359,29.5712,28.3247,27.4555,26.6045,25.7725,24.9597,23.8556,22.6432,20.517,16.8501,12.3571,8.61246,4.32596
71.347,-0.0000,0.0000,0.0000,6,129.04,-0.4718,0.0501,7873.33,0.0,13.1762,65.2402,49.5428,38.8677,32.921,30.1315,28.7027,27.489,26.644,25.8177,25.0108,24.2237,23.156,21.9857,19.9388,16.4231,12.1288,8.50752,4.27319
71.373,0.1353,0.0000,0.0000,6,128.91,-0.4783,0.0501,7865.27,0.0,13.262,63.9825,48.3537,37.7954,31.9541,29.2278,27.8351,26.6544,25.8335,25.032,24.2502,23.4886,22.4569,21.3283,19.3591,15.9903,11.8873,8.40291,4.22058
71.391,0.4591,0.0000,0.0000,6,128.77,-0.4846,0.0477,7856.15,0.0,13.3249,63.0224,47.4537,36.9927,31.2374,28.5616,27.1979,26.0433,25.2415,24.4594,23.6972,22.9554,21.9518,20.8551,18.9453,15.6865,11.7234,8.34558,4.17889
71.417,0.8150,0.0000,0.0000,6,128.60,-0.4902,0.0407,7846.32,0.0,13.3211,62.6645,47.1324,36.7226,31.0094,28.3575,27.007,25.8642,25.0709,24.2974,23.5439,22.8108,21.8191,20.7359,18.8504,15.6347,11.721,8.37474,4.16037
71.435,1.0000,0.0000,0.0000,6,128.37,-0.4947,0.0291,7833.65,0.0,13.2479,62.8913,47.3709,36.9648,31.2496,28.595,27.2425,26.0976,25.3026,24.5272,23.7717,23.0364,22.0415,20.9541,19.0598,15.8244,11.8761,8.49065,4.16783
71.460,1.0000,0.0000,0.0000,6,128.09,-0.4980,0.0139,7817.36,0.0,13.1203,63.5785,48.0513,37.613,31.8622,29.1845,27.8184,26.6607,25.8563,25.0709,24.3051,23.5593,22.5494,21.4445,19.516,16.2117,12.1622,8.68031,4.20103
71.479,1.0000,0.0000,0.0000,6,127.75,-0.5000,-0.0055,7794.01,0.0,12.9308,64.8146,49.2622,38.7532,32.9304,30.2073,28.8144,27.6321,26.8093,26.005,25.2198,24.4541,23.4155,22.2771,20.2845,16.8525,12.6192,8.96692,4.26589
71.504,1.0000,0.0000,0.0000,6,127.35,-0.5005,-0.0287,7772.48,0.0,12.6908,66.5513,50.9642,40.3577,34.4355,31.6498,30.22,29.0033,28.155,27.3243,26.5121,25.7186,24.6399,23.4545,21.3713,17.7574,13.2582,9.35777,4.36578
71.529,1.0000,0.0000,0.0000,6,126.90,-0.4992,-0.0543,7747.77,0.0,12.4273,68.5858,52.9689,42.2595,36.2297,33.3752,31.9046,30.65,29.7732,28.9131,28.0703,27.2454,26.1215,24.8824,22.6948,18.867,14.0448,9.83539,4.49306
71.547,1.0000,0.0000,0.0000,6,126.40,-0.4961,-0.0812,7719.78,0.0,12.1552,70.7974,55.1628,44.3574,38.2228,35.3003,33.7888,32.4958,31.5904,30.7004,29.8265,28.9694,27.7986,26.5037,24.2063,20.1473,14.9622,10.3925,4.63735
71.572,1.0000,0.0000,0.0000,6,125.88,-0.4910,-0.1084,7689.46,0.0,11.889,73.0483,57.4124,46.5264,40.2984,37.3139,35.765,34.4367,33.5043,32.5862,31.6832,30.7957,29.5806,28.2323,25.828,21.5386,15.975,11.011,4.79522
71.591,0.4128,0.0000,0.0000,6,125.33,-0.4840,-0.1348,7657.91,0.0,11.6405,75.1937,59.5724,48.6257,42.3217,39.2853,37.7046,36.346,35.3907,34.4485,33.5202,32.6063,31.3519,29.9565,27.4567,22.9554,17.0263,11.661,4.96129
71.616,-0.0000,0.0000,0.0000,6,124.77,-0.4754,-0.1525,7625.11,0.0,11.406,77.2446,61.6516,50.661,44.2951,41.2154,39.6079,38.2237,37.2487,36.2857,35.3354,34.3986,33.1103,31.6733,29.0883,24.3933,18.1147,12.344,5.13643
71.635,-0.0000,0.0000,0.0000,6,124.20,-0.4660,-0.1676,7591.8,0.0,11.1802,28.81,63.6893,52.6683,46.2518,43.1356,41.505,40.0986,39.1066,38.1255,37.156,36.1988,34.8803,33.4065,30.7447,25.8712,19.2554,13.071,5.32315
71.660,-0.0000,0.0000,0.0000,6,123.69,-0.4561,-0.1826,7559.37,0.0,10.9616,25.5683,65.7052,54.6651,48.2073,45.0598,43.4094,41.9836,40.9765,39.9795,38.9932,38.018,36.6726,35.1652,32.434,27.3947,20.4533,13.8464,5.52153
71.679,-0.0000,0.0000,0.0000,6,123.30,-0.4459,-0.1958,7530.31,0.0,10.7635,23.6097,67.5043,56.4587,49.9721,46.8014,45.136,43.6956,42.6769,41.6676,40.6679,39.6786,38.3121,36.7783,33.9909,28.8154,21.5943,14.6022,5.71939
71.704,-0.0000,0.0000,0.0000,6,122.93,-0.4350,-0.2072,7505.08,0.0,10.5836,22.2296,69.0682,58.0275,51.5228,48.3362,46.66,45.2087,44.1817,43.1632,42.1538,41.154,39.7713,38.2173,35.3868,30.1033,22.6512,15.3211,5.9152
71.722,-0.0000,0.0000,0.0000,6,122.58,-0.4236,-0.2167,7481.95,0.0,10.4191,21.1934,70.394,59.3661,52.8526,49.6558,47.9727,46.5142,45.4814,44.4564,43.4401,42.4328,41.0387,39.47,36.6076,31.242,23.6062,15.9905,6.1078
71.748,-0.0000,0.0000,0.0000,6,122.24,-0.4114,-0.2245,7460.43,0.0,10.2672,20.3862,71.4894,60.4804,53.9654,50.7638,49.0766,47.6138,46.5775,45.5486,44.5278,43.5156,42.1138,40.5354,37.6507,32.2262,24.4507,16.6025,6.2967
71.767,-0.0000,0.0000,0.0000,6,121.93,-0.3985,-0.2303,7440.41,0.0,10.1264,19.7498,72.3523,61.3665,54.8566,51.6544,49.966,48.5014,47.4635,46.4329,45.4099,44.3952,42.9892,41.4052,38.5074,33.0449,25.1716,17.1461,6.48024
71.791,-0.0000,0.0000,0.0000,6,121.65,-0.3849,-0.2343,7422.05,0.0,9.99556,19.2507,72.9772,62.018,55.5191,52.3202,50.6331,49.1694,48.1316,47.101,46.078,45.063,43.6562,42.0705,39.1678,33.6873,25.7569,17.6104,6.65648
71.810,-0.0000,0.0000,0.0000,6,121.40,-0.3705,-0.2364,7405.41,0.0,9.87373,18.864,73.3693,62.4393,55.9567,52.7648,51.0812,49.6204,48.5847,47.5559,46.5345,45.5211,44.1164,42.5328,39.6329,34.1526,26.2029,17.9904,6.82404
71.835,-0.0000,0.0000,0.0000,6,121.18,-0.3553,-0.2365,7391.12,0.0,9.76136,18.5843,73.5091,62.611,56.1496,52.9686,51.2908,49.8351,48.803,47.778,46.7603,45.7506,44.351,42.7732,39.8839,34.4228,26.4932,18.2728,6.97987
71.854,-0.0000,0.0000,0.0000,6,121.00,-0.3395,-0.2347,7378.88,0.0,9.65709,18.3958,73.4157,62.5525,56.1171,52.9504,51.2806,49.8322,48.8055,47.7858,46.7737,45.7695,44.3778,42.8094,39.9378,34.513,26.6388,18.4628,7.1239
71.879,-0.0000,0.0000,0.0000,6,120.84,-0.3229,-0.2313,7368.6,0.0,9.55834,18.2759,73.1366,62.3111,55.9061,52.7568,51.0969,49.6575,48.6375,47.6247,46.6195,45.6224,44.2411,42.6848,39.837,34.4623,26.6709,18.5798,7.25848
71.898,-0.0000,0.0000,0.0000,6,120.70,-0.3058,-0.2266,7360.1,0.0,9.46367,18.2121,72.7039,61.9194,55.5489,52.4199,50.7715,49.3427,48.3306,47.3259,46.3291,45.3406,43.9716,42.4299,39.611,34.298,26.6121,18.6374,7.38498
71.923,-0.0000,1.0000,0.0000,6,120.58,-0.2881,-0.2209,7353.06,0.0,9.37193,18.1958,72.1444,61.4047,55.0728,51.9666,50.3315,48.9147,47.9116,46.9162,45.9289,44.9502,43.5954,42.0705,39.2847,34.0434,26.4815,18.6477,7.50464
71.941,-0.0000,1.0000,0.0000,6,120.78,-0.2699,-0.2141,7711.8,0.0,9.28317,18.2291,71.4627,60.772,54.4832,51.4026,49.7824,48.3793,47.3863,46.4014,45.4249,44.4574,43.1186,41.6128,38.8648,33.7048,26.2843,18.6141,7.61726
71.967,-0.0000,1.0000,0.0000,6,121.27,-0.2513,-0.2065,7782.4,0.0,9.19638,18.304,70.6895,60.0526,53.8109,50.7587,49.1548,47.7668,46.7849,45.8115,44.847,43.8917,42.5705,41.0856,38.3789,33.3079,26.0416,18.5496,7.72435
71.985,-0.0000,1.0000,0.0000,6,121.84,-0.2324,-0.1980,7790.85,0.0,9.11327,18.4328,69.8174,59.2392,53.0495,50.0283,48.4423,47.0709,46.1013,45.1406,44.1891,43.2472,41.9454,40.4835,37.822,32.8483,25.7492,18.4509,7.82372
72.010,-0.0000,1.0000,0.0000,6,122.43,-0.2134,-0.1884,7786.03,0.0,9.03684,18.6432,68.8166,58.3037,52.1718,49.1852,47.6194,46.2665,45.3106,44.364,43.4269,42.5,41.2199,39.7835,37.1724,32.3064,25.3917,18.3066,7.91168
72.029,-0.0000,1.0000,0.0000,6,123.01,-0.1944,-0.1779,7792.12,0.0,8.96768,18.9447,67.7059,57.2652,51.1972,48.2489,46.7051,45.3725,44.4317,43.5006,42.5796,41.669,40.4125,39.0041,36.4478,31.6986,24.9821,18.1249,7.98826
72.054,-0.0000,1.0000,0.0000,6,123.57,-0.1757,-0.1668,7811.31,0.0,8.90424,19.3283,66.5413,56.1788,50.1792,47.2718,45.7516,44.4405,43.5157,42.601,41.6969,40.8036,39.572,38.193,35.6942,31.0664,24.553,17.9263,8.05642
72.079,-0.0000,1.0000,0.0000,6,124.13,-0.1575,-0.1556,7838.61,0.0,8.84526,19.7845,65.3739,55.0941,49.1659,46.3006,44.8046,43.5158,42.6073,41.7096,40.8225,39.9469,38.7407,37.3914,34.9507,30.4443,24.1308,17.7275,8.1185
72.098,-0.0000,1.0000,0.0000,6,124.68,-0.1400,-0.1446,7868.88,0.0,8.7907,20.3181,64.2272,54.0331,48.1779,45.3554,43.884,42.6175,41.7256,40.8446,39.9749,39.1168,37.9359,36.6163,34.233,29.8457,23.7253,17.5344,8.17506
72.123,-0.0000,1.0000,0.0000,6,125.24,-0.1233,-0.1337,7900.27,0.0,8.74175,20.9551,63.1023,52.9963,47.2154,44.436,42.9892,41.7451,40.8696,40.0055,39.153,38.3126,37.1567,35.8664,33.5396,29.2686,23.3341,17.3449,8.22509
72.142,-0.0000,1.0000,0.0000,6,125.79,-0.1075,-0.1229,7931.96,0.0,8.70001,21.7454,61.9912,51.9759,46.2701,43.5343,42.1122,40.8906,40.0315,39.1842,38.3489,37.5259,36.3949,35.1337,32.8628,28.7056,22.9508,17.1546,8.26723
72.166,-0.0000,1.0000,0.0000,6,126.35,-0.0929,-0.1121,7964.4,0.0,8.66691,22.7775,60.8867,50.9641,45.3347,42.6429,41.2457,40.0466,39.2041,38.3736,37.5554,36.7498,35.6436,34.4114,32.1957,28.1503,22.5702,16.9599,8.30038
72.186,-0.0000,1.0000,0.0000,6,126.90,-0.0793,-0.1013,7997.57,0.0,8.64361,24.2464,59.7843,49.9568,44.4051,41.7577,40.3855,39.2092,38.3832,37.5695,36.7685,35.9804,34.8989,33.6954,31.5345,27.5992,22.1892,16.7589,8.32394
72.210,-0.0000,1.0000,0.0000,6,127.46,-0.0670,-0.0905,8030.98,0.0,8.6312,26.9242,58.6802,48.9501,43.4773,40.8747,39.5279,38.3743,37.5651,36.7684,35.9845,35.2137,34.157,32.9822,30.8756,27.049,21.8054,16.55,8.33742
72.229,-0.0000,1.0000,0.0000,6,128.02,-0.0559,-0.0797,8064.65,0.0,8.63058,71.8345,57.5722,47.942,42.5494,39.9922,38.6709,37.5402,36.7477,35.9681,35.2014,34.4481,33.416,32.2697,30.2172,26.4979,21.4173,16.3324,8.34062
72.254,-0.0000,1.0000,0.0000,6,128.58,-0.0462,-0.0688,8098.87,0.0,8.64258,70.6455,56.4586,46.9307,41.6198,39.1087,37.8131,36.7055,35.9299,35.1673,34.4179,33.6819,32.6746,31.5567,29.558,25.9448,21.0241,16.1056,8.33345
72.272,-0.0000,1.0000,0.0000,6,129.14,-0.0377,-0.0579,8133.56,0.0,8.66806,69.4471,55.3386,45.9156,40.6877,38.2232,36.9535,35.8693,35.1105,34.365,33.633,32.9146,31.9319,30.8425,28.8973,25.3891,20.6253,15.8695,8.31586
72.298,-0.0000,1.0000,0.0000,6,129.70,-0.0307,-0.0470,8168.21,0.0,8.70785,68.2386,54.2112,44.8958,39.7525,37.335,36.0916,35.0309,34.2892,33.5609,32.8462,32.1454,31.1874,30.1263,28.2343,24.8301,20.2204,15.624,8.28791
72.316,-0.0000,1.0000,0.0000,6,130.26,-0.0250,-0.0360,8204.89,0.0,8.7627,67.0191,53.0759,43.8709,38.8137,36.444,35.2271,34.19,33.4654,32.7544,32.0573,31.3739,30.4407,29.4079,27.569,24.2676,19.8095,15.3691,8.24973
72.342,-0.0000,1.0000,0.0000,6,130.82,-0.0207,-0.0249,8241.33,0.0,8.83359,65.7885,51.9325,42.8409,37.8712,35.5499,34.3597,33.3465,32.6392,31.9456,31.2658,30.6,29.6916,28.6871,26.9008,23.7013,19.3923,15.1051,8.20133
72.361,-0.0000,1.0000,0.0000,6,131.39,-0.0179,-0.0139,8275.5,0.0,8.92141,64.5463,50.7808,41.8054,36.9251,34.6526,33.4895,32.5003,31.8103,31.1341,30.472,29.8238,28.94,27.9638,26.23,23.1314,18.969,14.832,8.14289
72.386,-0.0000,1.0000,0.0000,6,131.96,-0.0166,-0.0027,8308.99,0.0,9.02723,63.292,49.6205,40.7645,35.9749,33.7521,32.6161,31.6512,30.9786,30.32,29.6755,29.045,28.1859,27.2379,25.5563,22.5576,18.5395,14.5499,8.07444
72.404,-0.0000,1.0000,0.0000,6,132.53,-0.0167,0.0085,8342.36,0.0,9.15207,62.0258,48.4518,39.7183,35.0213,32.8486,31.7401,30.7995,30.1445,29.5035,28.8766,28.2638,27.4294,26.5095,24.88,21.9802,18.1041,14.2592,7.99615
72.429,-0.0000,1.0000,0.0000,6,133.10,-0.0184,0.0197,8376.19,0.0,9.29711,60.7471,47.2742,38.6666,34.0637,31.9418,30.8611,29.9451,29.3077,28.6844,28.0752,27.48,26.6704,25.7785,24.2008,21.3988,17.6626,13.9599,7.90804
72.448,-0.0000,1.0000,0.0000,6,133.67,-0.0215,0.0309,8410.38,0.0,9.46361,59.4552,46.0875,37.6092,33.1023,31.0318,29.9791,29.0877,28.4681,27.8625,27.2711,26.6937,25.9088,25.0449,23.5186,20.8137,17.2152,13.6523,7.8103
72.473,-0.0000,1.0000,0.0000,6,134.24,-0.0263,0.0421,8447.82,0.0,9.65305,58.1496,44.8911,36.5457,32.1366,30.1181,29.0938,28.2274,27.6255,27.0378,26.4642,25.9045,25.1443,24.3083,22.8332,20.2245,16.7617,13.3363,7.70299
72.492,-0.0000,1.0000,0.0000,6,134.81,-0.0325,0.0534,8484.77,0.0,9.86712,56.8291,43.6843,35.4758,31.1663,29.2007,28.2049,27.3635,26.7796,26.2099,25.6541,25.1122,24.3767,23.5687,22.1446,19.6311,16.3022,13.0121,7.58619
72.517,-0.0000,1.0000,0.0000,6,135.39,-0.0404,0.0647,8518.84,0.0,10.1076,55.4933,42.4669,34.3993,30.1915,28.2793,27.3124,26.4963,25.9305,25.3786,24.8408,24.3168,23.606,22.8258,21.4526,19.0335,15.8366,12.6797,7.45996
72.535,-0.0000,1.0000,0.0000,6,135.96,-0.0499,0.0761,8552.17,0.0,10.3765,54.1422,41.239,33.3166,29.2124,27.3544,26.4166,25.626,25.0783,24.5446,24.0247,23.5185,22.8324,22.08,20.7574,18.4319,15.3652,12.3393,7.32443
72.561,-0.0000,1.0000,0.0000,6,136.54,-0.0609,0.0875,8585.65,0.0,10.6757,52.7758,40.0009,32.2281,28.2295,26.4264,25.5179,24.753,24.2235,23.7079,23.206,22.7177,22.0564,21.3317,20.0593,17.8266,14.8882,11.9914,7.17972
72.579,0.1922,1.0000,0.0000,6,137.12,-0.0736,0.0988,8619.62,0.0,11.0079,51.3935,38.7525,31.1337,27.2428,25.4951,24.6164,23.8772,23.366,22.8687,22.3848,21.9144,21.2777,20.5807,19.3583,17.2174,14.4057,11.6359,7.02586
72.604,0.5587,0.0000,0.0000,6,137.68,-0.0876,0.1071,8651.59,0.0,11.3147,50.3387,37.7868,30.2779,26.4654,24.7584,23.9014,23.1813,22.6836,22.1997,21.7292,21.272,20.6536,19.9771,18.792,16.7197,14.0035,11.331,6.88047
72.623,0.9466,0.0000,0.0000,6,137.70,-0.1023,0.1087,8402.21,0.0,11.5112,50.0155,37.4428,29.9386,26.137,24.4374,23.5848,22.8687,22.374,21.8932,21.4259,20.9719,20.3581,19.687,18.5121,16.4604,13.7765,11.1416,6.76468
72.648,1.0000,0.0000,0.0000,6,137.39,-0.1171,0.1044,8382.65,0.0,11.5991,50.3348,37.6434,30.0496,26.1988,24.477,23.6133,22.888,22.387,21.9001,21.427,20.9674,20.3462,19.6672,18.4789,16.4061,13.7003,11.052,6.67594
72.667,1.0000,0.0000,0.0000,6,137.01,-0.1317,0.0962,8360.38,0.0,11.6096,51.1072,38.2324,30.4839,26.5415,24.7764,23.8904,23.1463,22.6324,22.1328,21.6473,21.1757,20.5384,19.8418,18.6231,16.4988,13.7315,11.0334,6.60715
72.691,1.0000,0.0000,0.0000,6,136.59,-0.1461,0.0853,8335.1,0.0,11.5684,52.2014,39.1049,31.1586,27.0949,25.2711,24.355,23.5851,23.0532,22.536,22.0334,21.545,20.8849,20.1634,18.9013,16.7023,13.8435,11.0679,6.55374
72.717,1.0000,0.0000,0.0000,6,136.13,-0.1599,0.0727,8307.71,0.0,11.4965,53.5114,40.1765,32.0077,27.8034,25.9108,24.9589,24.1584,23.6049,23.0667,22.5434,22.0348,21.3472,20.5955,19.2801,16.9891,14.0156,11.1414,6.51201
72.736,1.0000,0.0000,0.0000,6,135.63,-0.1733,0.0590,8278.19,0.0,11.405,54.983,41.4046,32.9996,28.6417,26.6729,25.6809,24.8459,24.2683,23.7062,23.1595,22.628,21.9089,21.1225,19.7459,17.3477,14.2395,11.2482,6.48045
72.761,1.0000,0.0000,0.0000,6,135.09,-0.1860,0.0444,8246.55,0.0,11.2998,56.5886,42.7696,34.1212,29.6004,27.5495,26.5141,25.6416,25.0375,24.4492,23.8767,23.3197,22.5659,21.7409,20.2955,17.776,14.5137,11.387,6.45883
72.779,1.0000,0.0000,0.0000,6,134.52,-0.1980,0.0291,8212.81,0.0,11.184,58.315,44.2633,35.369,30.679,28.541,27.4593,26.5466,25.914,25.2975,24.697,24.1124,23.3206,22.4532,20.932,18.2771,14.8404,11.5591,6.44739
72.804,1.0000,0.0000,0.0000,6,133.91,-0.2093,0.0131,8177.31,0.0,11.0594,60.1614,45.8874,36.7483,31.8842,29.6551,28.5244,27.569,26.906,26.2592,25.6286,25.0143,24.1814,23.2679,21.6636,18.8584,15.225,11.7678,6.44664
72.823,1.0000,0.0000,0.0000,6,133.26,-0.2199,-0.0032,8140.04,0.0,10.933,62.0711,47.5929,38.2183,33.1819,30.861,29.6807,28.6814,27.987,27.309,26.6473,26.0021,25.1262,24.1644,22.4723,19.506,15.6581,12.0069,6.45502
72.848,1.0000,0.0000,0.0000,6,132.58,-0.2297,-0.0194,8101.12,0.0,10.8092,64.0017,49.3408,39.7459,34.5436,32.1327,30.9032,29.8604,29.1347,28.4253,27.7323,27.0556,26.1361,25.125,23.3424,20.2081,16.132,12.2714,6.47124
72.867,1.0000,0.0000,0.0000,6,131.90,-0.2388,-0.0351,8061.1,0.0,10.6938,65.889,51.0698,41.2757,35.9194,33.4237,32.1471,31.0626,30.3069,29.5672,28.8437,28.1366,27.1742,26.1145,24.2422,20.9389,16.6288,12.5503,6.4925
72.892,0.9787,0.0000,0.0000,6,131.20,-0.2470,-0.0500,8020.25,0.0,10.5878,67.7059,52.752,42.7806,37.2836,34.7095,33.3891,32.2653,31.4811,30.7127,29.9603,29.2241,28.221,27.1142,25.1547,21.6849,17.1396,12.8384,6.51764
72.911,0.7616,0.0000,0.0000,6,130.48,-0.2545,-0.0643,7978.63,0.0,10.4893,69.4553,54.3873,44.2589,38.6342,35.9873,34.6264,33.466,32.6552,31.8597,31.0799,30.316,29.2739,28.1224,26.0787,22.4454,17.6649,13.1365,6.54697
72.937,-0.0000,0.0000,0.0000,6,129.76,-0.2612,-0.0782,7936.79,0.0,10.394,71.1724,56.0077,45.7381,39.9957,37.2812,35.8818,34.6868,33.8507,33.0295,32.2235,31.4332,30.3534,29.1583,27.0322,23.2366,18.2169,13.4529,6.58251
72.954,-0.0000,0.0000,0.0000,6,129.04,-0.2672,-0.0921,7894.32,0.0,10.2967,72.9135,57.6657,47.2666,41.4134,38.6341,37.1978,35.9692,35.1084,34.2619,33.4304,32.6139,31.497,30.2586,28.0498,24.0887,18.8188,13.8023,6.62736
72.979,-0.0000,0.0000,0.0000,6,128.34,-0.2724,-0.1057,7851.84,0.0,10.2021,74.6176,59.3019,48.7884,42.8345,39.9953,38.5248,37.2649,36.381,35.5109,34.655,33.8138,32.6615,31.3818,29.0932,24.97,19.4487,14.1718,6.67881
72.999,-0.0000,0.0000,0.0000,6,127.75,-0.2768,-0.1181,7811.45,0.0,10.1176,76.1819,60.8137,50.2043,44.164,41.2732,39.7727,38.4854,37.5812,36.6902,35.813,34.9498,33.7659,32.4491,30.0888,25.817,20.0598,14.5327,6.73075
73.023,-0.0000,0.0000,0.0000,6,127.26,-0.2805,-0.1289,7775.83,0.0,10.0456,27.6696,62.145,51.4583,45.3471,42.4133,40.8878,39.5773,38.6559,37.7474,36.8521,35.9704,34.7597,33.4112,30.9891,26.588,20.6208,14.8661,6.77958
73.042,-0.0000,0.0000,0.0000,6,126.81,-0.2834,-0.1378,7744.21,0.0,9.98693,25.6772,63.264,52.5169,46.3492,43.3809,41.8353,40.5064,39.5712,38.6484,37.7383,36.8415,35.6091,34.2348,31.762,27.2536,21.1089,15.1575,6.82283
73.068,-0.0000,0.0000,0.0000,6,126.39,-0.2856,-0.1451,7715.61,0.0,9.93938,24.4949,64.1778,53.3841,47.1726,44.1773,42.6161,41.2725,40.3266,39.3925,38.4708,37.5621,36.3122,34.9175,32.4043,27.8095,21.5197,15.4044,6.86052
73.087,-0.0000,0.0000,0.0000,6,126.01,-0.2870,-0.1509,7689.67,0.0,9.89968,23.6956,64.9183,54.0889,47.8436,44.8275,43.2539,41.8989,40.9445,40.0017,39.071,38.1528,36.8894,35.4784,32.9333,28.2697,21.8627,15.6128,6.89436
73.111,0.1246,0.0000,0.0000,6,125.64,-0.2877,-0.1561,7665.31,0.0,9.86084,23.0537,65.5847,54.7259,48.4518,45.4179,43.8338,42.4691,41.5074,40.557,39.6184,38.6922,37.4171,35.992,33.419,28.695,22.1834,15.811,6.93003
73.130,0.1388,0.0000,0.0000,6,125.27,-0.2877,-0.1606,7642.35,0.0,9.82238,22.5276,66.1754,55.2928,48.9951,45.9463,44.3534,42.9806,42.0127,41.0559,40.1107,39.1778,37.8927,36.4557,33.8589,29.0829,22.4799,15.998,6.96773
73.155,0.1424,0.0000,0.0000,6,124.90,-0.2869,-0.1644,7620.04,0.0,9.784,22.0933,66.6861,55.7853,49.469,46.4082,44.8083,43.4289,42.4562,41.4942,40.5436,39.605,38.3118,36.8652,34.2487,29.4295,22.749,16.1721,7.00752
73.174,0.1175,0.0000,0.0000,6,124.55,-0.2853,-0.1672,7598.33,0.0,9.74753,21.7578,67.0851,56.1721,49.8427,46.7738,45.1689,43.7848,42.8084,41.8428,40.8884,39.9458,38.6467,37.1931,34.5624,29.7113,22.9724,16.3217,7.04722
73.199,-0.0000,0.0000,0.0000,6,124.23,-0.2829,-0.1687,7577.75,0.0,9.71679,21.5503,67.3128,56.395,50.0602,46.9876,45.3805,43.9941,43.0162,42.049,41.0928,40.1483,38.8465,37.3894,34.752,29.8852,23.1163,16.4249,7.08238
73.218,-0.0000,0.0000,0.0000,6,123.96,-0.2797,-0.1687,7558.99,0.0,9.69172,21.4606,67.3676,56.4522,50.119,47.0473,45.4407,44.0547,43.077,42.11,41.1542,40.21,38.9085,37.4518,34.8149,29.9485,23.178,16.4799,7.11257
73.243,-0.0000,0.0000,0.0000,6,123.73,-0.2758,-0.1675,7542.83,0.0,9.67136,21.4737,67.2643,56.358,50.0333,46.9666,45.3629,43.9798,43.0041,42.0391,41.0855,40.1435,38.8452,37.3921,34.7626,29.9114,23.1652,16.491,7.13853
73.262,-0.0000,0.0000,0.0000,6,123.53,-0.2712,-0.1657,7528.57,0.0,9.64998,21.522,67.0964,56.203,49.8903,46.8309,45.2315,43.8522,42.8794,41.9174,40.9668,40.0279,38.7342,37.2866,34.6674,29.8382,23.1275,16.4897,7.16624
73.287,-0.0000,0.0000,0.0000,6,123.33,-0.2659,-0.1635,7516.52,0.0,9.62579,21.5833,66.8956,56.0183,49.7201,46.6695,45.075,43.7004,42.7311,41.7726,40.8256,39.8905,38.6022,37.1609,34.5541,29.7507,23.0815,16.4864,7.19749
73.306,-0.0000,0.0000,0.0000,6,123.16,-0.2599,-0.1607,7506.04,0.0,9.60209,21.7009,66.6077,55.7515,49.4725,46.4333,44.8456,43.4771,42.5123,41.5586,40.6164,39.6862,38.4049,36.9721,34.3816,29.6128,22.9996,16.4634,7.22879
73.330,-0.0000,0.0000,0.0000,6,123.00,-0.2532,-0.1569,7496.91,0.0,9.58059,21.9023,66.2068,55.378,49.1238,46.0996,44.5205,43.1602,42.2014,41.2537,40.3178,39.394,38.1221,36.7003,34.1314,29.408,22.8691,16.4125,7.25832
73.349,-0.0000,0.0000,0.0000,6,122.86,-0.2459,-0.1516,7489.14,0.0,9.56623,22.2608,65.6263,54.8337,48.613,45.6092,44.0419,42.6923,41.7416,40.8023,39.8749,38.96,37.7007,36.2939,33.7545,29.0932,22.6569,16.3121,7.28106
73.374,-0.0000,0.0000,0.0000,6,122.75,-0.2379,-0.1446,7482.96,0.0,9.56103,22.8355,64.8477,54.1023,47.9252,44.9477,43.3958,42.0604,41.1201,40.1917,39.2755,38.372,37.1292,35.742,33.2408,28.6603,22.357,16.1582,7.29539
73.393,-0.0000,0.0000,0.0000,6,122.65,-0.2294,-0.1364,7478.19,0.0,9.56286,23.6573,63.9183,53.2305,47.106,44.1603,42.6269,41.3084,40.3807,39.4653,38.5624,37.6725,36.4495,35.0856,32.6298,28.1445,21.9969,15.9677,7.30413
73.418,-0.0000,0.0000,0.0000,6,122.56,-0.2204,-0.1274,7473.78,0.0,9.56836,24.774,62.9019,52.2806,46.2161,43.3063,41.7935,40.4943,39.5807,38.6796,37.7916,36.917,35.7159,34.3777,31.9721,27.5909,21.6111,15.7623,7.31113
73.437,-0.0000,0.0000,0.0000,6,122.47,-0.2111,-0.1184,7469.25,0.0,9.5718,26.225,61.9032,51.3529,45.3507,42.478,40.9866,39.7067,38.8076,37.9213,37.0484,36.1892,35.0103,33.698,31.3426,27.0647,21.2483,15.5719,7.32174
73.462,-0.0000,0.0000,0.0000,6,122.38,-0.2016,-0.1093,7465.59,0.0,9.57625,28.5714,60.8942,50.4201,44.4841,41.6503,40.1812,38.9216,38.0374,37.1665,36.3092,35.466,34.3098,33.0242,30.7201,26.5467,20.8932,15.3861,7.33289
73.487,-0.0000,0.0000,0.0000,6,122.30,-0.1921,-0.0999,7461.55,0.0,9.58479,78.8841,59.8529,49.4615,43.5963,40.8037,39.3581,38.12,37.2515,36.3966,35.5557,34.7292,33.5969,32.3391,30.0881,26.0222,20.5338,15.1963,7.3418
73.505,-0.0000,0.0000,0.0000,6,122.21,-0.1829,-0.0902,7457.14,0.0,9.59905,77.509,58.782,48.4796,42.6894,39.9404,38.5196,37.3038,36.4517,35.6136,34.7898,33.9807,32.873,31.6439,29.4476,25.4913,20.1696,15.0015,7.3471
73.531,-0.0000,0.0000,0.0000,6,122.12,-0.1741,-0.0801,7452.43,0.0,9.62152,76.08,57.6777,47.4704,41.7597,39.0564,37.6615,36.4692,35.6343,34.8136,34.0076,33.2164,32.1343,30.9348,28.7949,24.9504,19.7967,14.7982,7.34677
73.549,-0.0000,0.0000,0.0000,6,122.04,-0.1660,-0.0699,7447.42,0.0,9.65241,74.6365,56.5617,46.4543,40.8259,38.1699,36.8015,35.6332,34.8158,34.0129,33.2249,32.452,31.3959,30.2263,28.1431,24.4105,19.4228,14.5906,7.34073
73.574,-0.0000,0.0000,0.0000,6,121.95,-0.1586,-0.0599,7442.32,0.0,9.6916,73.2126,55.4542,45.4493,39.9048,37.2964,35.9548,34.8107,34.0108,33.2257,32.4557,31.7011,30.6707,29.5309,27.5036,23.8806,19.054,14.3822,7.32914
73.593,-0.0000,0.0000,0.0000,6,121.86,-0.1522,-0.0499,7436.5,0.0,9.73981,71.8186,54.3613,44.4609,39.0009,36.4401,35.1253,34.0051,33.2226,32.4552,31.7032,30.9665,29.9616,28.851,26.8787,23.3623,18.6912,14.173,7.31154
73.618,-0.0000,0.0000,0.0000,6,121.78,-0.1468,-0.0400,7431.22,0.0,9.79811,70.4515,53.2816,43.4871,38.112,35.599,34.3108,33.2144,32.4492,31.6993,30.9649,30.2461,29.2662,28.1844,26.2659,22.8533,18.3322,13.9619,7.28737
73.637,-0.0000,0.0000,0.0000,6,121.69,-0.1425,-0.0302,7426.19,0.0,9.86819,69.0966,52.2059,42.5193,37.2301,34.7649,33.5034,32.4309,31.683,30.9505,30.2336,29.5325,28.5775,27.5241,25.6586,22.3478,17.9726,13.7458,7.25575
73.662,-0.0000,0.0000,0.0000,6,121.60,-0.1393,-0.0204,7420.99,0.0,9.95113,67.7478,51.1302,41.5539,36.3515,33.9346,32.6998,31.6511,30.9204,30.2054,29.5061,28.8226,27.8922,26.867,25.0539,21.8433,17.6107,13.5236,7.21639
73.681,-0.0000,0.0000,0.0000,6,121.51,-0.1372,-0.0106,7415.7,0.0,10.0478,66.4035,50.0536,40.5896,35.4752,33.107,31.8989,30.8742,30.1608,29.4632,28.7813,28.1153,27.2095,26.2123,24.451,21.3389,17.2458,13.2952,7.16922
73.705,-0.0000,0.0000,0.0000,6,121.42,-0.1364,-0.0009,7410.34,0.0,10.1587,65.0641,48.9761,39.6267,34.6014,32.282,31.1009,30.1001,29.404,28.7237,28.0593,27.4106,26.5292,25.5599,23.8498,20.8346,16.8778,13.0604,7.11428
73.724,-0.0000,0.0000,0.0000,6,121.33,-0.1367,0.0089,7404.92,0.0,10.2847,63.7293,47.8974,38.6649,33.7297,31.4594,30.3054,29.3285,28.6496,27.9867,27.3395,26.7083,25.8511,24.9093,23.2499,20.33,16.5066,12.8195,7.05168
73.749,-0.0000,1.0000,0.0000,6,121.24,-0.1381,0.0185,7399.43,0.0,10.4266,62.3972,46.8161,37.7029,32.8589,30.6382,29.5113,28.5584,27.8968,27.2511,26.6213,26.0073,25.1743,24.2597,22.6505,19.8245,16.1319,12.5723,6.98149
73.768,-0.0000,1.0000,0.0000,6,121.54,-0.1408,0.0282,7644.49,0.0,10.5857,61.0614,45.7278,36.7368,31.9856,29.815,28.7154,27.7867,27.1424,26.514,25.9015,25.3048,24.4959,23.6085,22.0492,19.3161,15.7522,12.3181,6.90359
73.793,-0.0000,1.0000,0.0000,6,122.07,-0.1446,0.0380,7687.21,0.0,10.7641,59.7105,44.6236,35.7592,31.1031,28.9836,27.9118,27.0076,26.3809,25.77,25.175,24.5957,23.811,22.951,21.4416,18.8011,15.365,12.0551,6.81759
73.812,-0.0000,1.0000,0.0000,6,122.62,-0.1497,0.0479,7713.31,0.0,10.9627,58.3523,43.5084,34.7742,30.2154,28.1477,27.104,26.2245,25.6153,25.0222,24.4448,23.883,23.1225,22.2898,20.8302,18.2818,14.9718,11.7847,6.72379
73.836,-0.0000,1.0000,0.0000,6,123.16,-0.1560,0.0577,7740.57,0.0,11.1821,56.9916,42.3852,33.785,29.3249,27.3097,26.2943,25.4396,24.8483,24.2727,23.7129,23.1686,22.4324,21.6269,20.2168,17.7594,14.5737,11.5074,6.62236
73.856,-0.0000,1.0000,0.0000,6,123.71,-0.1636,0.0676,7769.56,0.0,11.4237,55.6298,41.2547,32.7919,28.4324,26.4701,25.4833,24.6535,24.08,23.5222,22.9799,22.4532,21.741,20.9627,19.6017,17.2343,14.171,11.2235,6.51337
73.881,-0.0000,1.0000,0.0000,6,124.25,-0.1724,0.0774,7801.33,0.0,11.689,54.267,40.1169,31.7951,27.5378,25.629,24.6709,23.8662,23.3105,22.7704,22.2458,21.7364,21.0484,20.297,18.9849,16.7065,13.7636,10.9331,6.39687
73.899,-0.0000,1.0000,0.0000,6,124.79,-0.1826,0.0873,7835.25,0.0,11.9798,52.9007,38.97,30.7931,26.6398,24.7851,23.8559,23.0765,22.5387,22.0164,21.5095,21.0175,20.3535,19.6291,18.3653,16.1751,13.3511,10.636,6.27281
73.924,0.2740,1.0000,0.0000,6,125.33,-0.1940,0.0971,7870.43,0.0,12.2987,51.5278,37.8111,29.7838,25.7368,23.937,23.0371,22.2831,21.7633,21.2589,20.7696,20.2951,19.6552,18.9577,17.7423,15.6395,12.933,10.3318,6.14111
73.944,0.5587,1.0000,0.0000,6,125.84,-0.2064,0.1040,7913.87,0.0,12.5807,50.5566,36.9441,29.0175,25.0443,23.2831,22.4039,21.6679,21.1609,20.6693,20.1925,19.7306,19.1079,18.4297,17.249,15.2097,12.5895,10.0738,6.0174
73.968,0.9182,1.0000,0.0000,6,126.30,-0.2192,0.1042,7952.76,0.0,12.7325,50.4869,36.7338,28.7903,24.8151,23.0551,22.1771,21.4425,20.9367,20.4462,19.9709,19.5104,18.8899,18.2144,17.0393,15.0123,12.4132,9.9237,5.92121
73.987,1.0000,1.0000,0.0000,6,126.71,-0.2321,0.1001,8002.61,0.0,12.7924,51.0675,36.9594,28.9191,24.8906,23.1067,22.2167,21.4723,20.9598,20.4629,19.9814,19.5151,18.8867,18.2029,17.0139,14.9654,12.3449,9.84329,5.84321
74.011,1.0000,1.0000,0.0000,6,127.07,-0.2449,0.0935,8059.77,0.0,12.8003,52.1074,37.4377,29.2559,25.1443,23.3216,22.412,21.6511,21.1273,20.6194,20.1273,19.6506,19.0086,18.3098,17.0955,15.0055,12.3384,9.80237,5.77572
74.030,1.0000,1.0000,0.0000,6,127.39,-0.2576,0.0856,8118.55,0.0,12.78,53.5231,38.0672,29.7196,25.5074,23.637,22.7032,21.9218,21.3836,20.8619,20.3564,19.8667,19.2072,18.4895,17.2425,15.0983,12.3689,9.78494,5.71465
74.056,1.0000,1.0000,0.0000,6,127.70,-0.2701,0.0770,8175.72,0.0,12.744,55.2979,38.7942,30.2676,25.9442,24.0207,23.0595,22.2548,21.7005,21.1631,20.6423,20.1377,19.4581,18.7187,17.4341,15.2268,12.4241,9.78284,5.65803
74.081,1.0000,1.0000,0.0000,6,127.98,-0.2823,0.0677,8229.09,0.0,12.6954,57.4998,39.6106,30.895,26.4516,24.4697,23.4784,22.6481,22.076,21.521,20.9831,20.4619,19.7599,18.9959,17.6688,15.3901,12.5032,9.79561,5.60587
74.100,1.0000,1.0000,0.0000,6,128.23,-0.2942,0.0579,8278.82,0.0,12.635,60.2399,40.5161,31.6037,27.0324,24.9872,23.963,23.1046,22.5129,21.9387,21.382,20.8425,20.1155,19.3242,17.9496,15.5905,12.6079,9.82419,5.55865
74.125,1.0000,1.0000,0.0000,6,128.46,-0.3057,0.0475,8336.97,0.0,12.5637,63.6804,41.5261,32.3974,27.6905,25.5775,24.5178,23.6289,23.0158,22.4207,21.8434,21.2837,20.5293,19.7079,18.2806,15.8312,12.7406,9.8701,5.51688
74.144,1.0000,1.0000,0.0000,6,128.67,-0.3168,0.0366,8385.53,0.0,12.4829,68.0512,42.7501,33.2761,28.4276,26.2429,25.1452,24.2235,23.5873,22.9694,22.3698,21.7882,21.0039,20.1495,18.6641,16.1145,12.9027,9.93399,5.48074
74.169,1.0000,1.0000,0.0000,6,128.87,-0.3274,0.0255,8429.5,0.0,12.3985,73.5893,44.215,34.2125,29.2211,26.9626,25.8257,24.87,24.2097,23.5681,22.945,22.3404,21.5244,20.6352,19.088,16.4307,13.0875,10.0117,5.4493
74.187,1.0000,1.0000,0.0000,6,129.06,-0.3374,0.0144,8472.12,0.0,12.3147,80.657,45.9376,35.182,30.0499,27.7176,26.5414,25.5513,24.8667,24.2009,23.5538,22.9255,22.0772,21.1518,19.5405,16.7708,13.2887,10.0993,5.42169
74.212,1.0000,1.0000,0.0000,6,129.23,-0.3470,0.0036,8513.6,0.0,12.2338,89.8445,47.9505,36.1665,30.8985,28.4941,27.2788,26.2547,25.5458,24.8559,24.1849,23.5329,22.6519,21.69,20.0134,17.1282,13.5021,10.1943,5.3974
74.232,0.8541,1.0000,0.0000,6,129.40,-0.3560,-0.0069,8553.95,0.0,12.1569,102.144,50.3011,37.1544,31.7546,29.2807,28.0277,26.9701,26.2374,25.5236,24.8291,24.1537,23.2403,22.242,20.5,17.4978,13.7243,10.2948,5.37608
74.256,0.2847,1.0000,0.0000,6,129.57,-0.3644,-0.0169,8593.19,0.0,12.0849,119.311,53.0528,38.2218,32.6072,30.067,28.7775,27.6879,26.9322,26.1954,25.4778,24.7794,23.8343,22.8004,20.9935,17.8745,13.9521,10.3991,5.3574
74.274,-0.0000,1.0000,0.0000,6,129.74,-0.3723,-0.0265,8631.17,0.0,12.0181,144.771,56.2905,39.4204,33.446,30.8431,29.5192,28.3991,27.6213,26.8625,26.1228,25.4024,24.4263,23.3577,21.4877,18.2533,14.1824,10.5051,5.34097
74.301,-0.0000,1.0000,0.0000,6,129.91,-0.3796,-0.0354,8666.33,0.0,11.9594,185.61,60.0696,40.7369,34.2429,31.5827,30.227,29.0785,28.2804,27.5011,26.7408,25.9998,24.9949,23.8936,21.9638,18.6193,14.4049,10.6072,5.32564
74.319,-0.0000,1.0000,0.0000,6,130.18,-0.3865,-0.0424,8698.14,0.0,11.925,200.0,64.0736,41.993,34.8987,32.1624,30.7813,29.6101,28.7957,27.9998,27.2231,26.4655,25.4375,24.3099,22.3317,18.8984,14.5682,10.6743,5.30419
74.345,-0.0000,1.0000,0.0000,6,130.61,-0.3930,-0.0472,8724.21,0.0,11.9176,200.0,68.0934,43.09,35.4114,32.5415,31.1422,29.9549,29.1286,28.3209,27.5323,26.7629,25.7186,24.5722,22.5598,19.064,14.6537,10.6963,5.27458
74.363,-0.0000,1.0000,0.0000,6,131.08,-0.3991,-0.0502,8743.77,0.0,11.9316,200.0,72.1228,44.0289,35.7885,32.7558,31.3353,30.1371,29.3029,28.4875,27.6911,26.9138,25.8586,24.7002,22.6658,19.1305,14.672,10.6796,5.23872
74.388,-0.0000,1.0000,0.0000,6,131.59,-0.4048,-0.0516,8755.82,0.0,11.9631,200.0,76.1388,44.8065,36.0339,32.8507,31.3809,30.1763,29.3379,28.518,27.7171,26.9356,25.8746,24.7097,22.664,19.1097,14.6316,10.6301,5.19812
74.407,-0.0000,1.0000,0.0000,6,132.13,-0.4100,-0.0514,8760.97,0.0,12.0122,199.84,79.9625,45.3728,36.122,32.8099,31.2884,30.0689,29.2294,28.4087,27.6071,26.8249,25.763,24.5976,22.5516,18.9995,14.5313,10.5471,5.15273
74.432,0.1281,1.0000,0.0000,6,132.70,-0.4148,-0.0496,8761.08,0.0,12.0803,188.303,83.3224,45.6665,36.0224,32.6114,31.0517,29.8089,28.9718,28.1539,27.3552,26.5761,25.5187,24.3587,22.3242,18.7966,14.3691,10.4298,5.10229
74.450,0.3701,1.0000,0.0000,6,133.29,-0.4192,-0.0466,8747.85,0.0,12.162,146.003,86.3097,45.747,35.7802,32.2944,30.7073,29.4458,28.6072,27.7948,27.002,26.2288,25.1801,24.0303,22.0158,18.5293,14.165,10.29,5.04936
74.476,1.0000,1.0000,0.0000,6,133.86,-0.4232,-0.0429,8735.05,0.0,12.2487,124.428,89.3242,45.745,35.4802,31.9295,30.3196,29.0429,28.1973,27.3917,26.6061,25.8405,24.8026,23.6655,21.6754,18.2382,13.9473,10.1446,4.99782
74.494,1.0000,1.0000,0.0000,6,134.38,-0.4266,-0.0391,8730.87,0.0,12.335,110.655,92.7642,45.7595,35.183,31.5662,29.9333,28.6415,27.7874,26.9833,26.2056,25.4481,24.4218,23.2983,21.334,17.9487,13.7333,10.0037,4.94963
74.520,1.0000,1.0000,0.0000,6,134.84,-0.4297,-0.0354,8733.94,0.0,12.4164,100.349,97.1169,45.8817,34.9404,31.2457,29.5854,28.2752,27.4107,26.5994,25.8287,25.0792,24.0642,22.9539,21.0148,17.6791,13.5355,9.8742,4.90609
74.539,1.0000,1.0000,0.0000,6,135.25,-0.4323,-0.0324,8740.12,0.0,12.4841,91.2142,103.53,46.296,34.8534,31.0471,29.346,28.0076,27.1265,26.301,25.526,24.7828,23.7768,22.6771,20.758,17.462,13.3755,9.76885,4.86978
74.564,1.0000,1.0000,0.0000,6,135.61,-0.4345,-0.0307,8748.07,0.0,12.5308,82.5285,113.828,47.1983,35.0176,31.0426,29.2781,27.8952,26.9871,26.1382,25.3429,24.5958,23.5951,22.5014,20.5941,17.3215,13.2696,9.69693,4.84269
74.582,1.0000,1.0000,0.0000,6,135.96,-0.4364,-0.0300,8759.32,0.0,12.5582,74.7006,130.395,48.6623,35.4492,31.2388,29.3855,27.9395,26.9932,26.1109,25.2862,24.5139,23.5073,22.4156,20.5123,17.2487,13.2113,9.65447,4.82378
74.607,0.8078,1.0000,0.0000,6,136.29,-0.4380,-0.0303,8765.12,0.0,12.5684,67.8646,158.477,50.7958,36.17,31.6452,29.6735,28.1437,27.1465,26.2195,25.3556,24.5485,23.5042,22.4075,20.5017,17.2343,13.1942,9.63754,4.8121
74.626,0.1602,1.0000,0.0000,6,136.62,-0.4391,-0.0310,8767.08,0.0,12.568,62.1802,200.0,53.6341,37.1522,32.2312,30.1123,28.4787,27.4186,26.4366,25.5244,24.6749,23.5791,22.4443,20.5319,17.254,13.2019,9.63655,4.80569
74.651,-0.0000,1.0000,0.0000,6,136.94,-0.4400,-0.0320,8785.32,0.0,12.5593,57.4383,200.0,57.3637,38.4256,33.0089,30.7085,28.9479,27.8116,26.763,25.7926,24.8918,23.7344,22.5409,20.5928,17.2998,13.2287,9.64822,4.80379
74.670,-0.0000,1.0000,0.0000,6,137.23,-0.4405,-0.0331,8813.73,0.0,12.5473,53.5336,200.0,62.1661,39.9894,33.9641,31.4459,29.5345,28.3079,27.1813,26.1427,25.1825,23.9537,22.6925,20.6636,17.3544,13.2626,9.66527,4.80446
74.694,-0.0000,1.0000,0.0000,6,137.70,-0.4411,-0.0313,8835.86,0.0,12.5803,51.466,200.0,66.0773,40.9975,34.486,31.8009,29.777,28.4848,27.302,26.2154,25.2138,23.9366,22.6306,20.5404,17.2413,13.1828,9.61585,4.79067
74.714,-0.0000,1.0000,0.0000,6,138.30,-0.4420,-0.0264,8845.47,0.0,12.6627,50.7801,200.0,68.2523,41.2247,34.439,31.6676,29.5889,28.2661,27.0584,25.9517,24.9338,23.6387,22.3181,20.2116,16.9537,12.9841,9.49622,4.76067
74.739,-0.0000,1.0000,0.0000,6,138.93,-0.4431,-0.0193,8850.46,0.0,12.7819,50.8691,199.257,68.9398,40.8647,33.9786,31.1844,29.0956,27.7695,26.5608,25.4549,24.4392,23.1491,21.8356,19.7456,16.5549,12.7097,9.33125,4.71944
74.758,-0.0000,1.0000,0.0000,6,139.57,-0.4446,-0.0108,8850.85,0.0,12.9342,51.4927,197.916,68.3079,40.0332,33.1948,30.4308,28.3684,27.0609,25.8705,24.7822,23.7835,22.5161,21.2271,19.1789,16.0778,12.3814,9.13284,4.66863
74.783,-0.0000,1.0000,0.0000,6,140.22,-0.4466,-0.0008,8843.14,0.0,13.1199,52.5682,197.211,66.4753,38.7999,32.1403,29.4523,27.448,26.1779,25.022,23.9656,22.9963,21.7669,20.5169,18.5316,15.54,12.0109,8.90717,4.60883
74.801,-0.0000,1.0000,0.0000,6,140.84,-0.4493,0.0101,8865.43,0.0,13.3361,53.9405,196.901,63.9017,37.3285,30.9277,28.3433,26.4161,25.1946,24.0829,23.0669,22.1348,20.9521,19.7497,17.8397,14.9688,11.6158,8.66372,4.54103
74.827,-0.0000,1.0000,0.0000,6,141.44,-0.4530,0.0214,8899.04,0.0,13.5776,55.4161,196.705,61.1268,35.7982,29.678,27.2048,25.3597,24.19,23.1251,22.1517,21.2584,20.1249,18.9722,17.1406,14.3907,11.2132,8.41161,4.46617
74.845,-0.0000,1.0000,0.0000,6,142.04,-0.4578,0.0326,8936.79,0.0,13.8422,56.8764,196.469,58.4315,34.3008,28.4528,26.0879,24.3227,23.2035,22.1843,21.2524,20.3971,19.3116,18.2075,16.4526,13.8183,10.8106,8.15472,4.38427
74.870,-0.0000,1.0000,0.0000,6,142.64,-0.4638,0.0437,8974.13,0.0,14.1298,58.2642,196.136,55.91,32.8664,27.2724,25.0089,23.3193,22.2476,21.2716,20.3792,19.5601,18.5204,17.4627,15.7812,13.2565,10.4096,7.89371,4.29495
74.889,-0.0000,1.0000,0.0000,6,143.25,-0.4712,0.0548,9011.19,0.0,14.4402,59.6136,195.748,53.4762,31.4643,26.1146,23.9495,22.3328,21.3075,20.3736,19.5195,18.7356,17.7403,16.7279,15.1182,12.7009,10.0056,7.6258,4.19715
74.913,-0.0000,1.0000,0.0000,6,143.86,-0.4801,0.0658,9039.74,0.0,14.7525,60.9455,195.328,51.0855,30.0773,24.9675,22.8988,21.3542,20.3743,19.4819,18.6657,17.9165,16.9653,15.9976,14.4589,12.1478,9.5962,7.34922,4.09007
74.933,-0.0000,1.0000,0.0000,6,144.48,-0.4905,0.0768,9059.23,0.0,15.0646,62.2662,194.883,48.7204,28.6987,23.8258,21.8529,20.3795,19.4448,18.5935,17.8149,17.1001,16.1926,15.2693,13.8012,11.5959,9.18015,7.06337,3.97343
74.958,-0.0000,1.0000,0.0000,6,145.08,-0.5025,0.0878,9098.97,0.0,15.376,63.5691,194.409,46.386,27.33,22.6907,20.8123,19.4094,18.5195,17.7088,16.9674,16.2867,15.4225,14.5433,13.1452,11.0451,8.75758,6.76834,3.8472
74.982,0.2242,1.0000,0.0000,6,145.67,-0.5161,0.0988,9145.18,0.0,15.6876,64.8606,193.912,44.0676,25.9651,21.5579,19.7733,18.4405,17.595,16.8249,16.1204,15.4738,14.6528,13.8175,12.4892,10.4939,8.32761,6.46368,3.71114
75.001,0.7153,1.0000,0.0000,6,146.24,-0.5310,0.1062,9189.02,0.0,15.9113,64.445,192.018,43.8573,25.3193,20.9182,19.1484,17.8311,16.9974,16.2394,15.5473,14.9127,14.1085,13.2917,11.9959,10.0565,7.96144,6.19308,3.57754
75.027,1.0000,1.0000,0.0000,6,146.74,-0.5464,0.1059,9238.26,0.0,15.9395,60.7058,186.711,49.3775,26.3882,21.4216,19.4724,18.039,17.1393,16.3264,15.5881,14.9148,14.0661,13.2095,11.8614,9.86812,7.74722,6.00544,3.46199
75.045,1.0000,1.0000,0.0000,6,147.15,-0.5620,0.1005,9305.47,0.0,15.8389,55.682,177.361,64.4561,29.268,23.009,20.6584,18.9661,17.9191,16.983,16.141,15.3796,14.4286,13.4787,12.0032,9.86462,7.64331,5.86982,3.35832
75.070,1.0000,1.0000,0.0000,6,147.55,-0.5776,0.0926,9352.83,0.0,15.6796,50.85,149.195,107.965,34.5195,25.7758,22.7134,20.5775,19.284,18.1448,17.1339,16.2309,15.1174,14.0207,12.3477,9.98598,7.60874,5.76376,3.25985
75.090,1.0000,1.0000,0.0000,6,147.91,-0.5931,0.0848,9399.75,0.0,15.5173,46.8743,116.422,196.992,43.3562,29.9039,25.6638,22.8344,21.1693,19.732,18.4787,17.3764,16.0389,14.7446,12.8128,10.1698,7.60402,5.67459,3.161
75.114,0.7438,1.0000,0.0000,6,148.22,-0.6085,0.0774,9474.84,0.0,15.3574,43.5936,96.1768,190.345,60.47,36.4005,30.033,26.0497,23.7974,21.9052,20.2931,18.9034,17.2516,15.6878,13.4151,10.4187,7.62788,5.6014,3.06124
75.133,0.2563,1.0000,0.0000,6,148.50,-0.6237,0.0697,9546.01,0.0,15.1889,40.7408,82.0183,182.354,109.5,48.473,37.3734,31.1392,27.8263,25.1523,22.9487,21.1016,18.9668,17.004,14.2471,10.7762,7.69939,5.55325,2.96231
75.158,-0.0000,1.0000,0.0000,6,148.78,-0.6388,0.0618,9608.51,0.0,15.0125,38.2306,71.5322,171.58,193.635,77.6466,51.7979,40.1184,34.5559,30.35,27.0587,24.4132,21.4763,18.8836,15.4049,11.2753,7.82822,5.53346,2.8724
75.176,-0.0000,1.0000,0.0000,6,149.07,-0.6538,0.0539,9661.7,0.0,14.8544,36.1888,64.0365,145.358,187.193,195.262,85.8933,57.0721,46.0411,38.586,33.211,29.1521,24.8958,21.3391,16.838,11.8605,7.9804,5.52405,2.79112
75.201,-0.0000,1.0000,0.0000,6,149.54,-0.6682,0.0410,9696.68,0.0,14.7736,34.9362,59.7204,123.511,181.692,190.791,194.771,84.3956,61.6132,48.5186,40.0173,34.0532,28.1776,23.5399,17.9963,12.2525,8.03217,5.46831,2.70686
75.220,-0.0000,1.0000,0.0000,6,150.09,-0.6812,0.0322,9742.06,0.0,14.7481,34.2017,57.2215,112.305,177.253,187.252,191.514,129.43,81.3854,59.3576,46.7168,38.5171,30.9227,25.2398,18.7792,12.439,7.99341,5.37567,2.62231
75.245,-0.0000,1.0000,0.0000,6,150.66,-0.6928,0.0256,9787.83,0.0,14.7468,33.7175,55.5685,105.363,173.437,184.269,188.764,192.254,109.083,71.9366,53.6656,42.7986,33.3486,26.633,19.341,12.5156,7.91327,5.27054,2.54214
75.264,-0.0000,1.0000,0.0000,6,151.28,-0.7032,0.0205,9804.08,0.0,14.7583,33.3863,54.4186,100.712,170.106,181.704,186.392,190.008,150.905,86.7554,60.8799,46.8964,35.4888,27.773,19.7379,12.5211,7.812,5.16286,2.46816
75.289,-0.0000,1.0000,0.0000,6,151.93,-0.7124,0.0168,9803.57,0.0,14.7798,33.1782,53.6572,97.6575,167.32,179.557,184.389,188.097,190.516,102.906,67.6921,50.4366,37.1745,28.5887,19.9574,12.4612,7.69487,5.05555,2.40081
75.308,-0.0000,1.0000,0.0000,6,152.58,-0.7203,0.0143,9799.63,0.0,14.8102,33.0782,53.2236,95.8433,165.175,177.837,182.756,186.519,188.971,117.617,72.9848,52.9107,38.2043,28.9984,19.9818,12.3374,7.5643,4.94982,2.34006
75.333,-0.0000,1.0000,0.0000,6,153.25,-0.7272,0.0129,9796.97,0.0,14.8482,33.072,53.0676,95.0226,163.713,176.529,181.475,185.255,187.716,126.931,75.7097,53.9452,38.4679,28.9732,19.8146,12.1565,7.42372,4.847,2.28578
75.351,-0.0000,1.0000,0.0000,6,153.90,-0.7330,0.0124,9799.72,0.0,14.8909,33.1334,53.1128,94.9076,162.804,175.538,180.465,184.232,186.686,129.271,75.8573,53.6799,38.0941,28.6067,19.5081,11.94,7.28062,4.74963,2.23781
75.377,-0.0000,1.0000,0.0000,6,154.55,-0.7380,0.0124,9812.31,0.0,14.934,33.2305,53.2702,95.1952,162.214,174.732,179.612,183.349,185.787,126.686,74.3802,52.6465,37.3667,28.0632,19.1392,11.7151,7.14384,4.66052,2.19589
75.402,0.4093,1.0000,0.0000,6,155.18,-0.7423,0.0127,9837.76,0.0,14.9747,33.3381,53.4695,95.6503,161.745,174.002,178.824,182.524,184.94,122.11,72.2939,51.3492,36.5355,27.4801,18.7685,11.5021,7.01919,4.58111,2.15947
75.420,0.4840,1.0000,0.0000,6,155.79,-0.7458,0.0107,9863.92,0.0,14.9739,33.2026,53.0414,94.1197,159.814,172.406,177.294,181.036,183.476,143.213,78.7192,54.2794,37.838,28.1115,18.9762,11.5171,6.98635,4.54455,2.1344
75.445,0.4200,1.0000,0.0000,6,156.33,-0.7481,0.0031,9897.46,0.0,14.8786,32.5048,51.1832,88.2604,153.314,168.544,173.857,177.854,180.439,182.842,128.29,73.7032,46.193,32.3843,20.7601,12.1008,7.16648,4.60155,2.13094
75.463,0.2206,1.0000,0.0000,6,156.83,-0.7491,-0.0084,9943.52,0.0,14.7182,31.4669,48.5563,80.5955,134.299,162.45,168.714,173.222,176.083,178.715,181.157,183.439,70.8165,42.7506,24.5341,13.2625,7.53982,4.74029,2.14729
75.489,-0.0000,1.0000,0.0000,6,157.30,-0.7487,-0.0218,10002.3,0.0,14.5245,30.3139,45.7778,73.1224,114.674,153.311,161.922,167.363,170.674,173.658,176.388,178.914,182.165,69.1044,31.4273,15.0513,8.08484,4.94661,2.18083
75.507,-0.0000,1.0000,0.0000,6,157.81,-0.7470,-0.0337,10060.7,0.0,14.3478,29.3376,43.53,67.4988,101.396,135.593,154.138,161.218,165.156,168.585,171.656,174.456,178.018,181.685,42.1021,17.1902,8.6851,5.17262,2.22313
75.532,-0.0000,1.0000,0.0000,6,158.39,-0.7445,-0.0405,10100.1,0.0,14.2374,28.7865,42.3133,64.6192,95.0574,124.523,147.579,156.803,161.284,165.053,168.366,171.351,175.115,178.962,52.3478,18.7971,9.1193,5.34185,2.2616
75.551,-0.0000,1.0000,0.0000,6,159.01,-0.7411,-0.0445,10118.9,0.0,14.1585,28.4445,41.5914,62.9866,91.6244,118.752,141.069,153.603,158.508,162.514,165.984,169.084,172.97,176.922,61.255,20.0073,9.45834,5.48474,2.30146
75.577,-0.0000,1.0000,0.0000,6,159.64,-0.7368,-0.0467,10132.1,0.0,14.0943,28.212,41.1287,61.9936,89.6235,115.486,136.541,151.271,156.462,160.611,164.173,167.338,171.291,175.3,68.3996,20.9502,9.74809,5.61883,2.3454
75.595,-0.0000,1.0000,0.0000,6,160.27,-0.7317,-0.0480,10146.1,0.0,14.0372,28.0421,40.8155,61.3671,88.4275,113.599,133.978,149.575,154.915,159.134,162.736,165.93,169.912,173.945,73.6665,21.711,10.0124,5.75201,2.39411
75.620,-0.0000,1.0000,0.0000,6,160.90,-0.7259,-0.0485,10163.3,0.0,13.9829,27.9084,40.5913,60.9603,87.711,112.524,132.564,148.327,153.705,157.936,161.545,164.742,168.726,172.762,77.2633,22.3512,10.2648,5.88794,2.44745
75.639,-0.0000,1.0000,0.0000,6,161.52,-0.7195,-0.0487,10185.5,0.0,13.9285,27.791,40.4101,60.6639,87.2391,111.865,131.736,147.328,152.676,156.889,160.484,163.671,167.644,171.669,79.8167,22.9353,10.5174,6.02958,2.50516
75.664,-0.0000,1.0000,0.0000,6,162.14,-0.7126,-0.0488,10212.7,0.0,13.8724,27.6774,40.243,60.4085,86.8634,111.373,131.148,146.431,151.721,155.903,159.477,162.648,166.603,170.613,81.9163,23.5089,10.7775,6.17806,2.56662
75.683,-0.0000,1.0000,0.0000,6,162.75,-0.7054,-0.0487,10244.2,0.0,13.8137,27.5609,40.0742,60.1569,86.5041,110.916,130.612,145.555,150.782,154.929,158.48,161.633,165.569,169.563,83.9343,24.0989,11.0489,6.33388,2.63144
75.707,-0.0000,1.0000,0.0000,6,163.36,-0.6978,-0.0487,10271.2,0.0,13.7528,27.4398,39.8988,59.8947,86.1299,110.439,130.054,144.666,149.833,153.947,157.474,160.61,164.528,168.506,86.0379,24.7118,11.331,6.49574,2.69875
75.727,-0.0000,1.0000,0.0000,6,163.96,-0.6900,-0.0488,10307.7,0.0,13.6896,27.3131,39.7138,59.6152,85.7247,109.915,129.434,143.749,148.862,152.946,156.452,159.572,163.473,167.437,88.314,25.3529,11.6236,6.66325,2.76825
75.750,-0.0000,1.0000,0.0000,6,164.56,-0.6821,-0.0488,10347.3,0.0,13.6244,27.1801,39.517,59.3117,85.2732,109.319,128.714,142.788,147.858,151.916,155.405,158.511,162.396,166.347,90.87,26.0267,11.9266,6.83566,2.83943
75.770,-0.0000,1.0000,0.0000,6,165.15,-0.6740,-0.0489,10388.3,0.0,13.5575,27.0412,39.3088,58.9847,84.7761,108.65,127.896,141.785,146.821,150.859,154.332,157.426,161.298,165.238,93.7291,26.733,12.239,7.01236,2.91199
75.795,-0.0000,1.0000,0.0000,6,165.74,-0.6658,-0.0491,10426.2,0.0,13.489,26.8976,39.0918,58.6397,84.2437,107.925,127.002,140.748,145.758,149.778,153.238,156.322,160.183,164.113,96.8547,27.4674,12.5597,7.19287,2.98579
75.814,-0.0000,1.0000,0.0000,6,166.33,-0.6575,-0.0493,10462.5,0.0,13.4196,26.7511,38.8695,58.2843,83.6929,107.171,126.07,139.694,144.68,148.684,152.133,155.206,159.057,162.977,100.166,28.2218,12.8865,7.3762,3.06055
75.839,-0.0000,1.0000,0.0000,6,166.93,-0.6491,-0.0495,10493.6,0.0,13.3493,26.6026,38.6438,57.923,83.1311,106.401,125.117,138.628,143.593,147.582,151.019,154.083,157.923,161.834,103.624,28.9918,13.2182,7.56197,3.13616
75.857,-0.0000,1.0000,0.0000,6,167.53,-0.6407,-0.0497,10520.0,0.0,13.2782,26.4519,38.4145,57.5547,82.5576,105.614,124.141,137.55,142.495,146.47,149.896,152.951,156.781,160.683,107.249,29.7786,13.5551,7.75012,3.21259
75.883,-0.0000,1.0000,0.0000,6,168.12,-0.6321,-0.0499,10556.7,0.0,13.2065,26.3001,38.1835,57.1843,81.9809,104.823,123.162,136.468,141.393,145.353,148.768,151.814,155.634,159.528,110.986,30.577,13.8959,7.94026,3.28974
75.901,-0.0000,1.0000,0.0000,6,168.70,-0.6235,-0.0501,10597.1,0.0,13.1343,26.1474,37.9515,56.8127,81.4039,104.034,122.185,135.385,140.288,144.234,147.638,150.674,154.484,158.368,114.82,31.3854,14.2401,8.13213,3.36754
75.926,-0.0000,1.0000,0.0000,6,169.27,-0.6148,-0.0503,10637.9,0.0,13.0616,25.994,37.7188,56.4408,80.8273,103.246,121.212,134.301,139.183,143.113,146.505,149.532,153.33,157.205,118.738,32.2029,14.5874,8.32558,3.44594
75.945,-0.0000,1.0000,0.0000,6,169.85,-0.6061,-0.0505,10675.4,0.0,12.9886,25.8407,37.4869,56.0722,80.2598,102.475,120.263,133.225,138.082,141.995,145.374,148.391,152.178,156.043,122.666,33.0238,14.9368,8.52043,3.52497
75.970,-0.0000,1.0000,0.0000,6,170.44,-0.5973,-0.0507,10711.5,0.0,12.9153,25.6879,37.2571,55.7094,79.7056,101.726,119.347,132.161,136.989,140.884,144.248,147.253,151.028,154.882,161.158,33.8437,15.2873,8.71615,3.60447
75.989,-0.0000,1.0000,0.0000,6,171.03,-0.5884,-0.0509,10734.2,0.0,12.8417,25.5348,37.0273,55.3479,79.1553,100.985,118.441,131.1,135.897,139.772,143.121,146.115,149.876,153.719,159.981,34.6689,15.6401,8.91319,3.68451
76.013,-0.0000,1.0000,0.0000,6,171.61,-0.5795,-0.0511,10766.0,0.0,12.7674,25.3798,36.7939,54.9791,78.5912,100.224,117.508,130.024,134.792,138.649,141.984,144.967,148.715,152.547,158.795,35.512,15.9976,9.11229,3.76518
76.038,-0.0000,1.0000,0.0000,6,172.18,-0.5705,-0.0512,10805.0,0.0,12.6927,25.2239,36.5596,54.6095,78.0273,99.4632,116.577,128.947,133.687,137.524,140.845,143.815,147.551,151.371,157.605,36.364,16.3582,9.31296,3.84645
76.057,-0.0000,1.0000,0.0000,6,172.75,-0.5615,-0.0514,10846.9,0.0,12.6177,25.0683,36.3264,54.2434,77.4718,98.7174,115.668,127.878,132.585,136.401,139.707,142.666,146.388,150.196,156.414,37.217,16.7201,9.51454,3.92815
76.083,-0.0000,1.0000,0.0000,6,173.31,-0.5524,-0.0516,10886.3,0.0,12.5425,24.9131,36.0947,53.8818,76.9268,97.9894,114.785,126.817,131.49,135.284,138.573,141.518,145.226,149.021,155.223,38.0689,17.0829,9.71692,4.0103
76.101,-0.0000,1.0000,0.0000,6,173.88,-0.5432,-0.0517,10922.8,0.0,12.4673,24.7593,35.8666,53.5296,76.4026,97.2968,113.95,125.777,130.408,134.177,137.448,140.379,144.07,147.851,154.035,38.9095,17.4446,9.91955,4.09283
76.126,-0.0000,1.0000,0.0000,6,174.45,-0.5340,-0.0518,10956.5,0.0,12.3921,24.607,35.6427,53.1877,75.9003,96.6408,113.167,124.756,129.341,133.082,136.332,139.247,142.922,146.687,152.851,39.7356,17.8045,10.1221,4.17565
76.145,-0.0000,1.0000,0.0000,6,175.04,-0.5248,-0.0518,10977.5,0.0,12.3163,24.4529,35.4152,52.8383,75.3839,95.9625,112.353,123.719,128.262,131.976,135.206,138.106,141.763,145.514,151.659,40.579,18.1688,10.3264,4.25897
76.170,-0.0000,1.0000,0.0000,6,175.60,-0.5155,-0.0520,11013.9,0.0,12.2398,24.2965,35.1836,52.4808,74.8517,95.2601,111.507,122.667,127.169,130.857,134.069,136.954,140.595,144.331,150.457,41.4427,18.5383,10.5329,4.34294
76.189,-0.0000,1.0000,0.0000,6,176.16,-0.5061,-0.0521,11054.7,0.0,12.1632,24.1404,34.953,52.1262,74.3268,94.5699,110.678,121.62,126.08,129.741,132.933,135.803,139.426,143.148,149.254,42.3049,18.9083,10.74,4.42725
76.213,-0.0000,1.0000,0.0000,6,176.72,-0.4967,-0.0521,11094.9,0.0,12.0864,23.985,34.7244,51.7773,73.8149,93.9015,109.881,120.585,124.998,128.631,131.803,134.655,138.261,141.966,148.051,43.1594,19.2781,10.9476,4.51195
76.233,-0.2403,1.0000,0.0000,6,177.28,-0.4873,-0.0522,11132.9,0.0,12.0094,23.8299,34.4972,51.4323,73.3116,93.248,109.104,119.556,123.921,127.524,130.674,133.51,137.097,140.785,146.849,44.0086,19.6475,11.1554,4.59692
76.257,-0.2862,1.0000,0.0000,6,177.81,-0.4781,-0.0490,11170.5,0.0,11.9702,23.8736,34.7021,52.0673,74.8251,95.8856,112.258,120.278,124.258,127.64,130.639,133.362,136.83,140.416,146.34,42.8274,19.6006,11.2288,4.66243
76.276,-0.1272,1.0000,0.0000,6,178.27,-0.4699,-0.0384,11226.6,0.0,12.0201,24.3882,35.9518,55.1599,81.6553,107.623,118.454,123.967,127.223,130.132,132.788,135.246,138.421,141.746,101.286,38.0124,18.6863,11.004,4.68095
76.301,-0.0000,1.0000,0.0000,6,178.74,-0.4630,-0.0244,11271.1,0.0,12.1222,25.1868,37.8866,60.1123,93.3313,117.541,123.641,127.945,130.669,133.18,135.52,137.719,140.595,143.641,70.9381,32.9985,17.5098,10.6536,4.67173
76.320,-0.0000,1.0000,0.0000,6,179.28,-0.4570,-0.0141,11295.2,0.0,12.1926,25.7975,39.4335,64.3448,104.286,121.181,126.237,130.028,132.488,134.785,136.946,138.991,141.684,144.554,58.5189,30.2065,16.7849,10.435,4.67352
76.346,-0.0000,1.0000,0.0000,6,179.84,-0.4518,-0.0098,11306.7,0.0,12.2007,26.0201,40.0604,66.2192,108.599,121.853,126.576,130.178,132.534,134.745,136.833,138.813,141.428,97.1075,54.7989,29.3195,16.5813,10.3976,4.69747
76.364,-0.0000,1.0000,0.0000,6,180.41,-0.4474,-0.0084,11324.0,0.0,12.18,26.0427,40.1893,66.717,108.996,121.352,125.943,129.468,131.78,133.954,136.009,137.962,140.543,94.0291,53.9917,29.1968,16.6015,10.4383,4.72883
76.389,-0.0000,1.0000,0.0000,6,180.97,-0.4436,-0.0085,11350.5,0.0,12.147,25.9671,40.0657,66.4908,108.231,120.314,124.855,128.348,130.642,132.8,134.843,136.783,139.352,94.9489,54.4523,29.4229,16.7234,10.5129,4.76166
76.408,-0.0000,1.0000,0.0000,6,181.53,-0.4403,-0.0091,11385.1,0.0,12.1114,25.8592,39.8543,66.0038,107.096,119.084,123.602,127.079,129.363,131.514,133.55,135.485,138.046,97.3591,55.3762,29.7707,16.8774,10.596,4.793
76.433,-0.0000,1.0000,0.0000,6,182.05,-0.4374,-0.0098,11448.8,0.0,12.0786,25.7568,39.6511,65.5302,105.972,117.857,122.349,125.81,128.085,130.227,132.255,134.184,136.738,99.8468,56.3,30.1082,17.0233,10.6735,4.82151
76.451,-0.0000,1.0000,0.0000,6,182.60,-0.4347,-0.0103,11477.7,0.0,12.05,25.6722,39.4877,65.1607,104.984,116.698,121.154,124.591,126.853,128.984,131.002,132.922,135.466,138.192,57.0469,30.3878,17.1475,10.7408,4.84712
76.477,-0.0000,1.0000,0.0000,6,183.16,-0.4321,-0.0107,11502.2,0.0,12.0241,25.599,39.3496,64.857,104.076,115.582,119.995,123.405,125.651,127.768,129.775,131.684,134.216,136.931,57.678,30.6298,17.2576,10.8016,4.87081
76.495,-0.0000,1.0000,0.0000,6,183.72,-0.4297,-0.0110,11528.7,0.0,12.0001,25.5337,39.2296,64.6003,103.222,114.496,118.861,122.241,124.469,126.571,128.565,130.463,132.981,135.684,58.2234,30.8448,17.3578,10.8579,4.89323
76.521,-0.0000,1.0000,0.0000,6,184.27,-0.4273,-0.0113,11556.7,0.0,11.9772,25.4733,39.1204,64.3723,102.395,113.428,117.742,121.089,123.298,125.384,127.364,129.251,131.754,134.443,58.7166,31.0432,17.4519,10.9114,4.91487
76.539,-0.0000,1.0000,0.0000,6,184.82,-0.4250,-0.0115,11586.5,0.0,11.9551,25.416,39.0181,64.161,101.578,112.368,116.63,119.944,122.134,124.203,126.168,128.042,130.53,133.205,59.1791,31.2316,17.5422,10.963,4.93597
76.564,-0.0000,1.0000,0.0000,6,185.36,-0.4227,-0.0117,11621.2,0.0,11.9334,25.3609,38.9211,63.9647,100.769,111.317,115.524,118.804,120.974,123.026,124.976,126.837,129.309,131.969,59.6155,31.4121,17.63,11.0137,4.95686
76.589,-0.0000,1.0000,0.0000,6,185.89,-0.4204,-0.0118,11663.8,0.0,11.9123,25.309,38.8316,63.7886,99.9723,110.276,114.428,117.672,119.821,121.855,123.79,125.637,128.093,130.737,60.0114,31.5812,17.7139,11.0628,4.97744
76.606,-0.0000,1.0000,0.0000,6,186.43,-0.4181,-0.0120,11693.4,0.0,11.8914,25.2588,38.7466,63.625,99.1781,109.242,113.337,116.544,118.672,120.688,122.607,124.44,126.879,129.507,60.3824,31.7435,17.7958,11.1112,4.99795
76.632,-0.0000,1.0000,0.0000,6,186.97,-0.4157,-0.0121,11723.5,0.0,11.8705,25.2092,38.6633,63.467,98.3796,108.208,112.247,115.417,117.524,119.521,121.424,123.243,125.665,128.276,60.7435,31.9034,17.8773,11.1596,5.01857
76.651,-0.0000,0.0000,0.0000,6,187.52,-0.4134,-0.0122,11753.3,0.0,11.8496,25.1601,38.5811,63.3122,97.5735,107.174,111.156,114.289,116.374,118.353,120.239,122.044,124.448,127.042,61.0994,32.0623,17.9586,11.208,5.03928
76.676,-0.0000,0.0000,0.0000,6,187.52,-0.4110,-0.0122,11430.9,0.0,11.8294,25.115,38.5092,63.1859,96.7856,106.156,110.08,113.175,115.237,117.196,119.066,120.855,123.241,125.817,61.3918,32.2039,18.0347,11.2545,5.05974
76.695,-0.0000,0.0000,0.0000,6,187.21,-0.4087,-0.0121,11406.6,0.0,11.8104,25.0782,38.4575,63.1148,96.0402,105.174,109.036,112.09,114.129,116.067,117.918,119.691,122.058,124.615,61.5588,32.3114,18.1003,11.297,5.07962
76.720,-0.0000,0.0000,0.0000,6,186.90,-0.4063,-0.0120,11387.0,0.0,11.7921,25.0447,38.4136,63.0652,95.3033,104.205,108.004,111.018,113.032,114.949,116.782,118.539,120.885,123.423,61.6759,32.4047,18.1614,11.3379,5.09921
76.738,-0.0000,0.0000,0.0000,6,186.59,-0.4040,-0.0119,11368.0,0.0,11.774,25.0126,38.3731,63.0245,94.5628,103.241,106.979,109.951,111.941,113.837,115.651,117.391,119.717,122.235,61.7717,32.4922,18.2206,11.3779,5.11864
76.764,-0.0000,0.0000,0.0000,6,186.28,-0.4016,-0.0117,11349.3,0.0,11.7561,24.9812,38.3341,62.9876,93.8144,102.278,105.955,108.887,110.853,112.728,114.523,116.246,118.552,121.05,61.859,32.5766,18.2786,11.4174,5.1379
76.783,-0.0000,0.0000,0.0000,6,185.96,-0.3993,-0.0116,11330.6,0.0,11.7384,24.9501,38.2956,62.9516,93.0566,101.315,104.932,107.824,109.766,111.619,113.396,115.103,117.388,119.867,61.9433,32.6597,18.336,11.4566,5.15699
76.808,-0.0000,0.0000,0.0000,6,185.66,-0.3971,-0.0115,11311.9,0.0,11.7209,24.9194,38.2576,62.916,92.2893,100.351,103.909,106.762,108.68,110.513,112.271,113.961,116.226,118.685,62.0259,32.7415,18.3925,11.4951,5.17582
76.826,-0.0000,0.0000,0.0000,6,185.35,-0.3948,-0.0113,11293.1,0.0,11.7035,24.8889,38.2196,62.88,91.5134,99.386,102.887,105.7,107.594,109.407,111.146,112.82,115.065,117.504,62.1089,32.8227,18.4485,11.5332,5.19445
76.852,-0.0000,0.0000,0.0000,6,185.04,-0.3926,-0.0112,11274.5,0.0,11.6864,24.8586,38.1818,62.8433,90.7287,98.4198,101.864,104.639,106.51,108.301,110.022,111.68,113.905,116.324,62.1931,32.9032,18.5038,11.5709,5.21283
76.870,-0.0000,0.0000,0.0000,6,184.73,-0.3904,-0.0110,11256.4,0.0,11.6695,24.8287,38.1442,62.8064,89.9366,97.4529,100.842,103.578,105.426,107.197,108.9,110.541,112.746,115.145,62.2768,32.9828,18.5584,11.6081,5.23097
76.895,-0.0000,0.0000,0.0000,6,184.43,-0.3882,-0.0109,11237.7,0.0,11.6528,24.799,38.1066,62.7692,89.1376,96.4851,99.8198,102.518,104.343,106.093,107.778,109.403,111.588,113.968,62.361,33.0619,18.6124,11.6449,5.24889
76.913,-0.0000,0.0000,0.0000,6,184.12,-0.3861,-0.0108,11218.8,0.0,11.6362,24.7695,38.0695,62.7318,88.3324,95.517,98.7979,101.459,103.261,104.991,106.658,108.267,110.431,112.791,62.4449,33.1399,18.6658,11.6812,5.26658
76.939,-0.0000,0.0000,1.0000,6,183.82,-0.3839,-0.0107,11200.2,0.0,11.62,24.7406,38.0331,62.6957,87.522,94.5489,97.7769,100.401,102.18,103.89,105.539,107.132,109.276,111.616,62.5254,33.2161,18.7182,11.7169,5.284
76.958,-0.0000,0.0000,1.0000,6,182.03,-0.3819,-0.0105,10668.4,0.0,11.6039,24.7116,37.9959,62.6565,86.7069,93.5821,96.7583,99.3457,101.102,102.793,104.424,106.001,108.125,110.445,62.6123,33.2932,18.7703,11.7522,5.30115
76.982,-0.0000,0.0000,1.0000,6,179.34,-0.3799,-0.0105,10432.3,0.0,11.5877,24.6807,37.9531,62.6002,85.8861,92.6176,95.7443,98.2964,100.032,101.703,103.316,104.877,106.982,109.283,62.7374,33.3797,18.8247,11.788,5.31811
77.002,-0.0000,0.0000,1.0000,6,176.43,-0.3779,-0.0104,10232.7,0.0,11.5717,24.6491,37.908,62.5362,85.0675,91.6625,94.7411,97.2591,98.9732,100.626,102.222,103.768,105.854,108.136,62.8795,33.47,18.8797,11.8237,5.33478
77.026,-0.0000,0.0000,1.0000,6,173.38,-0.3759,-0.0103,10051.6,0.0,11.5565,24.621,37.871,62.4935,84.2705,90.7323,93.7637,96.2477,97.9408,99.5744,101.154,102.685,104.751,107.015,62.9731,33.5454,18.9295,11.8571,5.3509
77.045,-0.0000,0.0000,1.0000,6,170.33,-0.3740,-0.0103,9847.02,0.0,11.5414,24.5915,37.8294,62.4364,83.4741,89.8098,92.7957,95.247,96.9198,98.5353,100.099,101.614,103.662,105.907,63.0987,33.6285,18.981,11.8908,5.36676
77.070,-0.0000,0.0000,1.0000,6,167.29,-0.3722,-0.0103,9642.59,0.0,11.5258,24.5584,37.7785,62.3523,82.6724,88.8895,91.832,94.2521,95.9056,97.5036,99.0513,100.552,102.583,104.81,63.2854,33.7279,19.0371,11.9259,5.3826
77.088,-0.0000,0.0000,1.0000,6,164.30,-0.3704,-0.0103,9443.58,0.0,11.5101,24.5228,37.7207,62.2484,81.8703,87.975,90.8761,93.2662,94.9009,96.482,98.0145,99.5018,101.515,103.725,63.5173,33.8391,19.0963,11.9619,5.39835
77.114,-0.0000,0.0000,0.0000,6,161.38,-0.3686,-0.0104,9250.16,0.0,11.4946,24.487,37.6618,62.1395,81.0769,87.0737,89.9345,92.2953,93.9117,95.4763,96.9939,98.4677,100.464,102.656,63.7606,33.9526,19.1557,11.9977,5.41386
77.139,-0.0000,0.0000,0.0000,6,159.02,-0.3669,-0.0104,9692.49,0.0,11.4797,24.4538,37.6088,62.0457,80.3014,86.193,89.014,91.3458,92.944,94.4923,95.995,97.4552,99.4342,101.61,63.971,34.0553,19.2112,12.0317,5.42882
77.158,-0.0000,0.0000,0.0000,6,157.40,-0.3652,-0.0104,9622.54,0.0,11.4656,24.4242,37.564,61.9742,79.5441,85.3317,88.1132,90.4159,91.9961,93.5279,95.0157,96.4624,98.4241,100.583,64.1297,34.1432,19.2617,12.0636,5.44335
77.183,-0.0000,0.0000,0.0000,6,156.01,-0.3635,-0.0103,9534.03,0.0,11.4521,24.398,37.5272,61.9242,78.802,84.487,87.2292,89.503,91.0648,92.5802,94.053,95.486,97.4306,99.5722,64.4209,34.2164,19.3073,12.0935,5.45747
77.202,-0.0000,0.0000,0.0000,6,155.26,-0.3619,-0.0101,9470.36,0.0,11.4404,24.3821,37.5153,61.9422,78.0956,83.6763,86.3781,88.6222,90.1652,91.6636,93.1208,94.5395,96.4662,98.5897,102.367,34.2444,19.3383,12.1177,5.47056
77.226,-0.0000,0.0000,0.0000,6,155.03,-0.3602,-0.0099,9449.83,0.0,11.4292,24.3688,37.5094,61.9763,77.3951,82.8729,85.5346,87.7489,89.2731,90.7544,92.196,93.6004,95.509,97.6143,101.363,34.2611,19.3656,12.1403,5.48332
77.245,-0.0000,0.0000,0.0000,6,154.83,-0.3586,-0.0097,9437.34,0.0,11.4174,24.3507,37.4918,61.9206,76.6754,82.0549,84.6776,86.863,88.369,89.8336,91.2599,92.6505,94.5414,96.6288,100.35,34.2989,19.3993,12.1652,5.49632
77.270,-0.0000,0.0000,0.0000,6,154.62,-0.3570,-0.0096,9425.12,0.0,11.4053,24.3302,37.4674,61.7706,75.9444,81.2284,83.8133,85.9704,87.4583,88.9065,90.3178,91.6946,93.5681,95.6378,99.3316,34.3488,19.4363,12.1912,5.50931
77.289,-0.0000,0.0000,0.0000,6,154.43,-0.3554,-0.0095,9412.8,0.0,11.3932,24.3083,37.4396,61.5544,75.2067,80.3977,82.9453,85.0744,86.5446,87.9766,89.373,90.7362,92.5922,94.6445,98.3108,34.4045,19.4749,12.2176,5.52224
77.314,-0.0000,0.0000,0.0000,6,154.23,-0.3539,-0.0094,9400.45,0.0,11.3811,24.2863,37.4111,61.2903,74.4661,79.5662,82.0768,84.1782,85.6307,87.0465,88.4282,89.7777,91.6165,93.6512,97.2901,34.4614,19.5135,12.2438,5.53506
77.332,-0.0000,0.0000,0.0000,6,154.03,-0.3523,-0.0094,9387.11,0.0,11.3692,24.2649,37.3836,60.9895,73.7253,78.7356,81.2098,83.2836,84.7185,86.1182,87.4851,88.8209,90.6424,92.6595,96.2708,34.516,19.5512,12.2696,5.54766
77.358,-0.0000,0.0000,0.0000,6,153.84,-0.3508,-0.0093,9374.41,0.0,11.3575,24.2443,37.3578,60.6588,72.9843,77.9066,80.3445,82.391,83.8083,85.1919,86.544,87.8662,89.6703,91.6697,95.2532,34.5676,19.5877,12.2948,5.56008
77.376,-0.0000,0.0000,0.0000,6,153.64,-0.3493,-0.0092,9363.65,0.0,11.3462,24.2245,37.3339,60.3027,72.244,77.0794,79.4814,81.5006,82.9005,84.268,85.6053,86.9138,88.7005,90.6821,94.2377,34.6155,19.6227,12.3192,5.57228
77.401,-0.0000,0.0000,1.0000,6,153.44,-0.3479,-0.0090,9352.4,0.0,11.335,24.2053,37.3109,59.9228,71.5028,76.2528,78.6194,80.6115,81.9939,83.3454,84.6679,85.9627,87.7319,89.6958,93.2233,34.6619,19.657,12.3432,5.58428
77.420,-0.0000,0.0000,1.0000,6,151.84,-0.3464,-0.0090,8813.14,0.0,11.3237,24.1851,37.285,59.518,70.7599,75.4267,77.7583,79.7237,81.0889,82.4245,83.7324,85.0137,86.7656,88.7117,92.2113,34.7127,19.6925,12.3675,5.59625
77.445,-0.0000,0.0000,1.0000,6,149.47,-0.3450,-0.0089,8570.01,0.0,11.3121,24.162,37.2517,59.088,70.0166,74.6033,76.9011,78.8405,80.1891,81.5092,82.8028,84.0709,85.8058,87.7347,91.2068,34.7772,19.7317,12.393,5.60818
77.464,-0.0000,0.0000,1.0000,6,146.93,-0.3436,-0.0089,8346.63,0.0,11.3002,24.1355,37.2094,58.6356,69.2735,73.7834,76.0484,77.9628,79.2951,80.6003,81.8799,83.1351,84.8537,86.7657,90.211,34.8579,19.7757,12.4201,5.62018
77.489,-0.0000,0.0000,1.0000,6,144.28,-0.3423,-0.0090,8132.39,0.0,11.288,24.1057,37.1584,58.1651,68.5322,72.9683,75.2017,77.0918,78.4083,79.699,80.9651,82.2078,83.9103,85.8058,89.2251,34.9546,19.8244,12.4487,5.63222
77.508,-0.0000,0.0000,1.0000,6,141.57,-0.3409,-0.0092,7910.1,0.0,11.2753,24.0723,37.098,57.6788,67.7931,72.1583,74.3613,76.2278,77.5291,78.8056,80.0586,81.2891,82.976,84.8555,88.2494,35.069,19.8782,12.4791,5.64438
77.532,-0.0000,0.0000,1.0000,6,138.88,-0.3396,-0.0094,7677.54,0.0,11.262,24.0349,37.0276,57.1788,67.0562,71.3533,73.5269,75.3706,76.657,77.9198,79.1601,80.3789,82.0505,83.9144,87.2836,35.2021,19.9377,12.5114,5.65669
77.551,-0.0000,0.0000,0.0000,6,136.17,-0.3384,-0.0096,7484.62,0.0,11.2488,23.9969,36.955,56.6769,66.3298,70.561,72.7059,74.5274,75.7993,77.0487,78.2765,79.4837,81.1404,82.9889,86.3337,35.3403,19.9984,12.5441,5.66892
77.577,-0.0000,0.0000,0.0000,6,133.75,-0.3371,-0.0099,8106.14,0.0,11.2354,23.9568,36.8772,56.1706,65.611,69.7783,71.8953,73.6951,74.9531,76.1892,77.4049,78.6006,80.2427,82.0762,85.3971,35.4891,20.0622,12.5777,5.68121
77.596,-0.0000,0.0000,0.0000,6,132.18,-0.3358,-0.0102,8090.54,0.0,11.2207,23.9094,36.7816,55.6442,64.8841,68.9902,71.0803,72.8592,74.1033,75.3269,76.5307,77.7154,79.3433,81.1623,84.4599,35.6732,20.137,12.6156,5.69417
77.620,-0.0000,0.0000,0.0000,6,130.84,-0.3346,-0.0105,8007.8,0.0,11.2073,23.8699,36.7055,55.1412,64.184,68.2286,70.2916,72.0493,73.2797,74.4903,75.6821,76.8556,78.4691,80.2731,83.5469,35.8212,20.2006,12.6492,5.70651
77.639,-0.0000,0.0000,0.0000,6,129.74,-0.3333,-0.0106,7934.45,0.0,11.1957,23.8414,36.6567,54.6687,63.5163,67.499,69.5346,71.2709,72.4871,73.6846,74.8641,76.0261,77.6248,79.4134,82.6626,35.9166,20.2478,12.6767,5.71799
77.664,-0.0000,0.0000,0.0000,6,129.28,-0.3320,-0.0101,7890.94,0.0,11.1895,23.8469,36.6912,54.2843,62.9304,66.8479,68.8544,70.5677,71.7689,72.9523,74.1186,75.2683,76.8508,78.6228,81.8447,35.8496,20.2442,12.6851,5.7266
77.688,-0.0000,0.0000,0.0000,6,129.15,-0.3307,-0.0097,7879.62,0.0,11.1831,23.8513,36.7234,53.8876,62.34,66.1937,68.1716,69.8623,71.0487,72.2181,73.3713,74.5087,76.0753,77.8306,81.0255,35.7879,20.2421,12.6939,5.7353
77.706,-0.0000,0.0000,0.0000,6,129.03,-0.3294,-0.0095,7872.3,0.0,11.1748,23.8436,36.7257,53.4508,61.72,65.5123,67.4625,69.1314,70.3033,71.4593,72.5998,73.7252,75.2764,77.0156,80.1842,35.7841,20.2581,12.7096,5.74498
77.732,-0.0000,0.0000,0.0000,6,128.92,-0.3281,-0.0094,7865.15,0.0,11.1656,23.83,36.7129,52.9918,61.0851,64.8175,66.7407,68.3881,69.5459,70.6885,71.8166,72.9303,74.4661,76.1894,79.3322,35.8091,20.2829,12.7285,5.75506
77.751,-0.0000,1.0000,0.0000,6,128.80,-0.3269,-0.0093,7858.1,0.0,11.1561,23.8137,36.6935,52.5205,60.4433,64.1169,66.0132,67.6395,68.7832,69.9126,71.0283,72.1303,73.6511,75.3585,78.4755,35.8467,20.3114,12.7487,5.76522
77.776,-0.0000,1.0000,0.0000,6,129.09,-0.3257,-0.0092,8135.85,0.0,11.1463,23.7947,36.6671,52.0366,59.7939,63.4094,65.2793,66.8844,68.0142,69.1305,70.2338,71.3243,72.8299,74.5216,77.6128,35.8976,20.3439,12.7702,5.77547
77.795,-0.0000,1.0000,0.0000,6,129.64,-0.3244,-0.0092,8185.25,0.0,11.1358,23.7716,36.6303,51.5363,59.1322,62.6904,64.5341,66.1183,67.2343,68.3376,69.4286,70.5074,71.9979,73.6738,76.7392,35.9684,20.3826,12.794,5.78605
77.820,-0.0000,1.0000,0.0000,6,130.21,-0.3232,-0.0093,8217.13,0.0,11.1251,23.7466,36.589,51.0254,58.4632,61.9645,63.782,65.3454,66.4474,67.5377,68.6163,69.6836,71.159,72.819,75.8584,36.048,20.424,12.8189,5.79676
77.838,-0.0000,1.0000,0.0000,6,130.78,-0.3220,-0.0093,8248.2,0.0,11.1142,23.7209,36.5459,50.5067,57.7893,61.2341,63.0254,64.5679,65.6561,66.7331,67.7995,68.855,70.3151,71.9591,74.9724,36.1311,20.4666,12.8442,5.80753
77.864,-0.0000,1.0000,0.0000,6,131.35,-0.3208,-0.0094,8281.24,0.0,11.1033,23.695,36.5023,49.9817,57.1117,60.5001,62.2654,63.7869,64.8611,65.925,66.9789,68.0227,69.4674,71.0953,74.082,36.2153,20.5094,12.8696,5.81832
77.882,-0.0000,1.0000,0.0000,6,131.92,-0.3196,-0.0095,8316.75,0.0,11.0923,23.669,36.4585,49.4507,56.4305,59.763,61.5021,63.0027,64.0629,65.1136,66.1549,67.1869,68.6161,70.2277,73.1876,36.3172,20.5526,12.8952,5.8292
77.908,-0.0000,0.0000,0.0000,6,132.49,-0.3183,-0.0095,8351.55,0.0,11.0813,23.6429,36.3971,48.9139,55.746,59.0227,60.7357,62.2154,63.2615,64.2989,65.3277,66.3477,67.7613,69.3564,72.2892,36.5843,20.5959,12.9208,5.84012
77.925,-0.0000,0.0000,0.0000,6,132.62,-0.3171,-0.0095,8094.05,0.0,11.0707,23.6195,36.3049,48.3773,55.0641,58.2852,59.9721,61.4306,62.4627,63.4868,64.5028,65.5109,66.9086,68.4871,71.3923,37.2084,20.6352,12.945,5.85082
77.951,-0.0000,0.0000,0.0000,6,132.50,-0.3158,-0.0095,8083.11,0.0,11.0608,23.6005,36.1896,47.8461,54.3902,57.5561,59.2169,60.6545,61.6724,62.683,63.6863,64.6822,66.0642,67.6258,70.5032,76.0571,20.6675,12.9666,5.86116
77.970,-0.0000,0.0000,0.0000,6,132.37,-0.3146,-0.0094,8075.08,0.0,11.0512,23.5829,36.0475,47.3138,53.7182,56.8294,58.4644,59.8809,60.8847,61.882,62.8725,63.8564,65.2223,66.7672,69.6165,75.1266,20.6979,12.9873,5.87133
77.995,-0.0000,0.0000,0.0000,6,132.25,-0.3134,-0.0094,8067.27,0.0,11.0415,23.5655,35.8794,46.7784,53.0461,56.1033,57.7126,59.1083,60.098,61.0819,62.0597,63.0314,64.3814,65.9093,68.7306,74.1964,20.728,13.008,5.88151
78.014,-0.0000,0.0000,1.0000,6,132.12,-0.3121,-0.0093,8059.59,0.0,11.032,23.5482,35.6882,46.24,52.3737,55.3775,56.9613,58.3361,59.3119,60.2824,61.2476,62.2072,63.5411,65.0521,67.845,73.2663,20.7578,13.0285,5.89163
78.039,-0.0000,0.0000,1.0000,6,130.60,-0.3109,-0.0092,7509.49,0.0,11.0224,23.5302,35.4755,45.6994,51.7025,54.6536,56.2122,57.5665,58.5284,59.4856,60.4381,61.3857,62.7038,64.1978,66.9624,72.339,20.7886,13.0493,5.90168
78.058,-0.0000,0.0000,1.0000,6,128.35,-0.3097,-0.0092,7233.66,0.0,11.0125,23.5098,35.2428,45.1593,51.0363,53.9361,55.47,56.8042,57.7524,58.6967,59.6368,60.5725,61.8749,63.3522,66.0889,71.4213,20.8229,13.0712,5.91176
78.082,-0.0000,0.0000,1.0000,6,125.94,-0.3086,-0.0092,6980.42,0.0,11.0025,23.4871,34.9938,44.6214,50.3769,53.2268,54.7367,56.0512,56.9861,57.9176,58.8455,59.7696,61.0566,62.5175,65.2267,70.5152,20.8608,13.0942,5.92183
78.101,-0.0000,0.0000,0.0000,6,123.44,-0.3075,-0.0093,6745.75,0.0,10.9925,23.4634,34.733,44.0888,49.727,52.5285,54.0148,55.3101,56.232,57.151,58.0669,58.9796,60.2514,61.6962,64.3782,69.6235,20.9003,13.1176,5.93175
78.127,-0.0000,0.0000,0.0000,6,121.12,-0.3064,-0.0094,7362.47,0.0,10.9821,23.436,34.4588,43.558,49.0831,51.8374,53.3009,54.5773,55.4865,56.3932,57.2975,58.199,59.4559,60.8848,63.5401,68.7427,20.9454,13.1429,5.94178
78.145,-0.0000,0.0000,0.0000,6,119.64,-0.3053,-0.0097,7328.1,0.0,10.9702,23.3996,34.1638,43.0186,48.4339,51.1422,52.5832,53.8412,54.7378,55.6326,56.5253,57.4158,58.6581,60.0714,62.7003,67.8608,21.0047,13.1735,5.95258
78.170,-0.0000,0.0000,0.0000,6,118.63,-0.3042,-0.0097,7254.3,0.0,10.9608,23.378,33.8839,42.5061,47.8143,50.4773,51.8962,53.1359,54.0201,54.9029,55.7842,56.6636,57.8914,59.2889,61.8914,67.0091,21.0409,13.1953,5.96204
78.189,-0.0000,0.0000,0.0000,6,118.49,-0.3031,-0.0094,7232.29,0.0,10.9548,23.3779,33.626,42.0258,47.2295,49.8477,51.2447,52.4663,53.338,54.2089,55.0787,55.9472,57.1602,58.542,61.1176,66.1916,21.0431,13.2043,5.96956
78.214,-0.0000,0.0000,0.0000,6,118.40,-0.3020,-0.0093,7226.52,0.0,10.9473,23.3682,33.3442,41.5284,46.6292,49.203,50.5782,51.7818,52.6412,53.5002,54.3586,55.2161,56.4145,57.7805,60.3293,65.3596,21.0606,13.219,5.97798
78.239,-0.0000,0.0000,0.0000,6,118.31,-0.3010,-0.0092,7221.07,0.0,10.9393,23.3552,33.0488,41.0241,46.0234,48.5534,49.9069,51.0925,51.9396,52.7868,53.6339,54.4803,55.664,57.0143,59.5362,64.5227,21.083,13.2356,5.98662
78.258,-0.0000,0.0000,0.0000,6,118.22,-0.2999,-0.0091,7215.61,0.0,10.9311,23.3412,32.7435,40.5161,45.4156,47.902,49.234,50.4016,51.2365,52.0719,52.9075,53.743,54.9121,56.2465,58.7415,63.6838,21.1071,13.2527,5.99528
78.283,-0.0000,0.0000,0.0000,6,118.13,-0.2988,-0.0090,7210.09,0.0,10.923,23.3261,32.4297,40.0055,44.8066,47.2499,48.5605,49.7103,50.533,51.3565,52.1808,53.0053,54.1597,55.4783,57.9462,62.8439,21.1318,13.2699,6.00387
78.301,-0.0000,0.0000,0.0000,6,118.04,-0.2978,-0.0090,7204.64,0.0,10.9148,23.295,32.1081,39.4928,44.197,46.5974,47.8867,49.0188,49.8293,50.6411,51.4539,52.2675,53.4072,54.7099,57.1505,62.0033,21.157,13.2874,6.01249
78.325,-0.1131,0.0000,0.0000,6,117.95,-0.2968,-0.0089,7199.33,0.0,10.9067,23.2426,31.7792,38.9781,43.5868,45.9448,47.2129,48.3273,49.1257,49.9257,50.7272,51.5298,52.6547,53.9414,56.3548,61.1622,21.1893,13.3048,6.02104
78.344,-0.3180,1.0000,0.0000,6,117.85,-0.2960,-0.0065,7193.61,0.0,10.9256,23.312,31.6239,38.6614,43.1835,45.5021,46.7503,47.848,48.6347,49.4235,50.214,51.0058,52.1163,53.3873,55.7731,60.5333,21.0003,13.2258,6.01333
78.370,-0.6431,1.0000,0.0000,6,118.08,-0.2959,0.0010,7421.89,0.0,11.0068,23.6638,31.8445,38.7686,43.2232,45.5092,46.7404,47.8235,48.6001,49.3789,50.1594,50.9415,52.0384,53.2945,55.6533,60.3639,20.2622,12.9396,5.96856
78.388,-0.7456,1.0000,0.0000,6,118.47,-0.2970,0.0136,7478.58,0.0,11.1578,24.2927,32.4281,39.2844,43.6906,45.951,47.1685,48.2395,49.0075,49.7775,50.5492,51.3225,52.4073,53.6496,55.9823,60.6421,19.0789,12.466,5.88584
78.414,-0.4523,1.0000,0.0000,6,118.81,-0.2994,0.0298,7536.13,0.0,11.3697,25.1143,33.2584,40.0772,44.4477,46.6875,47.8936,48.9542,49.7145,50.4767,51.2406,52.006,53.0796,54.3087,56.6163,61.2251,17.7396,11.8881,5.77513
78.433,-0.0000,1.0000,0.0000,6,119.15,-0.3032,0.0481,7594.34,0.0,11.6307,26.0397,34.2177,41.0135,45.3546,47.5766,48.7721,49.8232,50.5764,51.3314,52.088,52.8459,53.9088,55.1252,57.4082,61.9665,16.4152,11.2796,5.64733
78.457,-0.0000,1.0000,0.0000,6,119.50,-0.3084,0.0665,7647.38,0.0,11.9211,26.9578,35.1655,41.9371,46.249,48.4529,49.6381,50.6797,51.4261,52.1741,52.9234,53.6738,54.7259,55.9298,58.1889,62.6977,15.2293,10.7029,5.51389
78.476,-0.0000,0.0000,0.0000,6,119.99,-0.3145,0.0788,7669.42,0.0,12.1479,27.4835,35.632,42.3363,46.6026,48.7828,49.9554,50.986,51.7243,52.4643,53.2055,53.9479,54.9889,56.1802,58.416,23.5439,14.4686,10.3085,5.40779
78.501,-0.0000,0.0000,0.0000,6,120.21,-0.3213,0.0850,7352.87,0.0,12.3013,27.626,35.6351,42.233,46.4383,48.5895,49.7471,50.7649,51.4943,52.2254,52.9579,53.6918,54.7211,55.8995,58.1123,22.2313,14.0293,10.0615,5.32552
78.520,-0.0000,0.0000,0.0000,6,120.12,-0.3291,0.0880,7330.67,0.0,12.4173,27.5662,35.3971,41.8687,46.0049,48.1241,49.2655,50.2694,50.9893,51.711,52.4344,53.1594,54.1766,55.3418,57.5313,22.1522,13.7347,9.88034,5.25156
78.545,-0.0000,0.0000,0.0000,6,120.02,-0.3376,0.0894,7324.48,0.0,12.5176,27.4095,35.0469,41.3833,45.4463,47.532,48.6563,49.6459,50.3557,51.0677,51.7817,52.4975,53.5022,54.6538,56.8196,23.1702,13.4993,9.72458,5.17867
78.564,-0.0000,0.0000,0.0000,6,119.92,-0.3469,0.0898,7319.57,0.0,12.6097,27.1946,34.631,40.8273,44.8146,46.8655,47.9722,48.9469,49.6465,50.3485,51.0527,51.759,52.751,53.8886,56.0302,60.3297,13.2985,9.58102,5.10488
78.589,-0.0000,0.0000,0.0000,6,119.83,-0.3566,0.0897,7313.67,0.0,12.6995,26.9515,34.1866,40.2415,44.1518,46.1673,47.2561,48.2158,48.9048,49.5965,50.2908,50.9875,51.9664,53.0898,55.2065,59.4638,13.1268,9.44,5.02904
78.608,-0.0000,0.0000,0.0000,6,119.73,-0.3667,0.0895,7307.56,0.0,12.7914,26.7007,33.7391,39.6542,43.4877,45.4678,46.5386,47.483,48.1615,48.843,49.5272,50.2141,51.1799,52.2887,54.3803,58.5945,12.9739,9.29533,4.95075
78.632,-0.0000,0.0000,0.0000,6,119.63,-0.3771,0.0894,7301.48,0.0,12.8865,26.4478,33.2956,39.0736,42.8313,44.7761,45.8289,46.7581,47.426,48.0971,48.7714,49.4485,50.4009,51.4953,53.5613,57.7319,12.838,9.14576,4.87027
78.651,-0.0000,0.0000,0.0000,6,119.54,-0.3876,0.0893,7295.56,0.0,12.9809,26.1919,32.8552,38.4989,42.1815,44.0913,45.1263,46.0403,46.6976,47.3584,48.0226,48.6898,49.6289,50.7087,52.7491,56.8755,12.7234,8.99263,4.78833
78.676,-0.0000,0.0000,0.0000,6,119.44,-0.3982,0.0893,7289.76,0.0,13.0629,25.9317,32.4159,37.9279,41.5363,43.4114,44.4285,45.3274,45.9741,46.6247,47.2787,47.9362,48.8619,49.9269,51.9416,56.0234,12.6355,8.83687,4.70527
78.695,-0.0000,1.0000,0.0000,6,119.35,-0.4090,0.0893,7284.0,0.0,13.1315,25.6672,31.9776,37.3606,40.8957,42.7363,43.7357,44.6195,45.2557,45.896,46.54,47.1876,48.0999,49.1503,51.139,55.1757,12.579,8.67901,4.62142
78.720,-0.0000,1.0000,0.0000,6,119.63,-0.4197,0.0893,7529.93,0.0,13.1865,25.3957,31.5365,36.7926,40.2551,42.0613,43.043,43.9118,44.5376,45.1675,45.8014,46.4392,47.3381,48.3736,50.3362,54.3274,12.5638,8.52611,4.53708
78.745,-0.0000,1.0000,0.0000,6,120.14,-0.4306,0.0893,7570.11,0.0,13.2279,25.1148,31.0893,36.2197,39.6099,41.3818,42.3458,43.1994,43.8147,44.4342,45.0581,45.6859,46.5713,47.5919,49.5281,53.473,12.6013,8.38977,4.45224
78.764,-0.0000,1.0000,0.0000,6,120.67,-0.4415,0.0893,7592.16,0.0,13.2564,24.8255,30.6367,35.643,38.9612,40.6987,41.6451,42.4835,43.0882,43.6973,44.3109,44.9287,45.8005,46.806,48.7156,52.6136,12.7049,8.27143,4.3668
78.789,-0.0000,1.0000,0.0000,6,121.23,-0.4525,0.0893,7591.19,0.0,13.2724,24.5289,30.1802,35.064,38.3106,40.0139,40.9425,41.7658,42.3598,42.9586,43.5619,44.1697,45.0277,46.0181,47.9008,51.7511,12.8941,8.17262,4.28073
78.807,-0.0000,1.0000,0.0000,6,121.75,-0.4636,0.0893,7627.87,0.0,13.276,24.2241,29.7184,34.481,37.6564,39.3254,40.2363,41.0444,41.6278,42.216,42.809,43.4067,44.2509,45.226,47.0814,50.8835,13.2062,8.09631,4.19417
78.832,-0.0000,1.0000,0.0000,6,122.25,-0.4747,0.0893,7677.86,0.0,13.2675,23.9116,29.2518,33.8947,36.9993,38.6342,39.5273,40.3202,40.8928,41.4705,42.0532,42.6407,43.471,44.4306,46.2586,50.0116,13.7081,8.04516,4.10715
78.851,-0.0000,1.0000,0.0000,6,122.75,-0.4859,0.0893,7730.46,0.0,13.247,23.5915,28.7805,33.3052,36.3393,37.9402,38.8155,39.5931,40.155,40.7222,41.2944,41.8717,42.688,43.6321,45.4323,49.1357,14.5678,8.02256,4.01974
78.877,-0.0000,1.0000,0.0000,6,123.27,-0.4971,0.0893,7776.56,0.0,13.2148,23.264,28.3046,32.7125,35.6766,37.2433,38.1009,38.8632,39.4143,39.9709,40.5327,41.0997,41.9019,42.8303,44.6024,48.2555,16.8245,8.03243,3.93403
78.895,-0.0000,1.0000,0.0000,6,123.80,-0.5084,0.0893,7815.22,0.0,13.171,22.929,27.8237,32.1161,35.0105,36.5433,37.383,38.13,38.6704,39.2164,39.7677,40.3244,41.1124,42.0249,43.7687,47.3707,53.6318,8.08024,3.85942
78.920,-0.1731,1.0000,0.0000,6,124.33,-0.5198,0.0893,7848.19,0.0,13.1157,22.5859,27.3371,31.5151,34.3401,35.8389,36.6608,37.3925,37.922,38.4572,38.998,39.5443,40.318,41.2146,42.9297,46.4798,52.673,8.1731,3.79748
78.939,-0.3922,1.0000,0.0000,6,124.86,-0.5314,0.0890,7879.2,0.0,13.0809,22.3249,26.9609,31.0457,33.8134,35.2839,36.0909,36.8096,37.33,37.8562,38.3881,38.9255,39.687,40.5701,42.2606,45.7657,51.8983,8.23556,3.73777
78.964,-0.7668,1.0000,0.0000,6,125.33,-0.5426,0.0834,7914.91,0.0,13.1055,22.2498,26.8292,30.8654,33.6021,35.0569,35.8555,36.5668,37.082,37.603,38.1296,38.6619,39.4163,40.2912,41.967,45.4443,51.5362,8.15177,3.66502
78.982,-0.7986,1.0000,0.0000,6,125.75,-0.5533,0.0826,7956.16,0.0,13.1789,22.3248,26.8943,30.9184,33.6457,35.0951,35.8906,36.5992,37.1124,37.6314,38.156,38.6862,39.4377,40.3093,41.9787,45.4429,51.5118,7.94032,3.58072
79.008,-0.7668,1.0000,0.0000,6,126.12,-0.5635,0.0849,8003.54,0.0,13.2839,22.4962,27.0858,31.1207,33.8522,35.3028,36.0988,36.8076,37.3209,37.84,38.3647,38.8948,39.6462,40.5175,42.1859,45.6465,51.7039,7.6561,3.4899
79.026,-0.6042,1.0000,0.0000,6,126.45,-0.5734,0.0890,8054.15,0.0,13.4065,22.7213,27.3472,31.4054,34.1485,35.6039,36.4021,37.1129,37.6275,38.1477,38.6735,39.2047,39.9574,40.8301,42.5006,45.9624,52.0145,7.34495,3.39676
79.051,-0.0000,1.0000,0.0000,6,126.77,-0.5830,0.0939,8105.72,0.0,13.5385,22.9753,27.646,31.7339,34.4921,35.9542,36.7557,37.4692,37.9857,38.5077,39.0351,39.568,40.3228,41.1976,42.8716,46.337,52.3866,7.03164,3.30366
79.070,-0.0000,1.0000,0.0000,6,127.08,-0.5925,0.0993,8155.18,0.0,13.675,23.2431,27.9622,32.0825,34.8574,36.3268,37.1321,37.8486,38.3672,38.8912,39.4206,39.9553,40.7125,41.5899,43.2676,46.7376,13.2866,6.7286,3.21193
79.094,-0.0000,1.0000,0.0000,6,127.49,-0.6015,0.1016,8190.77,0.0,13.7715,23.4015,28.1385,32.2681,35.0464,36.5169,37.3226,38.0394,38.5581,39.0822,39.6116,40.1463,40.9034,41.7804,43.4569,46.9231,12.1475,6.51025,3.1335
79.114,-0.0000,1.0000,0.0000,6,128.02,-0.6097,0.0968,8201.73,0.0,13.7771,23.3128,27.9999,32.0881,34.8405,36.2982,37.097,37.8079,38.3223,38.8423,39.3676,39.8981,40.6495,41.52,43.1846,46.6284,12.3051,6.44963,3.08132
79.139,-0.0000,1.0000,0.0000,6,128.60,-0.6172,0.0876,8198.6,0.0,13.7268,23.0758,27.6729,31.6894,34.3983,35.8344,36.622,37.3232,37.8308,38.3439,38.8625,39.3864,40.1285,40.9888,42.6349,46.0448,13.7058,6.48959,3.04647
79.157,-0.0000,1.0000,0.0000,6,129.18,-0.6238,0.0757,8199.15,0.0,13.6399,22.746,27.2282,31.1539,33.8076,35.2167,35.9901,36.679,37.1779,37.6824,38.1925,38.7081,39.4387,40.286,41.9089,45.2767,51.1796,6.61129,3.02555
79.182,-0.0000,1.0000,0.0000,6,129.76,-0.6296,0.0620,8211.21,0.0,13.5289,22.3605,26.7134,30.5364,33.1276,34.5059,35.2631,35.938,36.427,36.9218,37.4222,37.9282,38.6457,39.4783,41.0747,44.3941,50.233,6.81021,3.01722
79.201,-0.1166,1.0000,0.0000,6,130.33,-0.6342,0.0472,8232.7,0.0,13.4028,21.9462,26.1633,29.8778,32.4026,33.748,34.4879,35.1478,35.6262,36.1105,36.6005,37.0962,37.7995,38.6162,40.184,43.451,49.2198,7.0903,3.02147
79.226,-0.5124,1.0000,0.0000,6,130.88,-0.6378,0.0339,8259.6,0.0,13.288,21.5776,25.6744,29.2917,31.7565,33.0721,33.7962,34.4424,34.9112,35.3858,35.8663,36.3526,37.0429,37.845,39.3863,42.6044,48.307,7.39977,3.03162
79.245,-0.8586,1.0000,0.0000,6,131.38,-0.6405,0.0246,8291.31,0.0,13.2115,21.3278,25.3413,28.8906,31.3129,32.6073,33.3202,33.9566,34.4185,34.8862,35.3599,35.8394,36.5202,37.3117,38.8336,42.0158,47.6683,7.64022,3.03748
79.270,-1.0000,1.0000,0.0000,6,131.80,-0.6425,0.0197,8328.91,0.0,13.1761,21.2021,25.1711,28.6834,31.0824,32.3651,33.0717,33.7028,34.1607,34.6246,35.0944,35.57,36.2455,37.031,38.5418,41.7029,47.3249,7.76218,3.03568
79.294,-1.0000,1.0000,0.0000,6,132.17,-0.6439,0.0179,8360.61,0.0,13.1675,21.1588,25.1095,28.606,30.995,32.2726,32.9765,33.6051,34.0613,34.5235,34.9914,35.4652,36.1382,36.921,38.4266,41.5773,47.1833,7.79204,3.0294
79.313,-1.0000,1.0000,0.0000,6,132.50,-0.6448,0.0178,8401.82,0.0,13.1729,21.1605,25.1076,28.6005,30.987,32.2633,32.9665,33.5944,34.05,34.5116,34.979,35.4523,36.1244,36.9063,38.4101,41.5567,47.1551,7.77073,3.02183
79.338,-1.0000,1.0000,0.0000,6,132.78,-0.6452,0.0190,8449.92,0.0,13.1865,21.1907,25.1439,28.6412,31.0303,32.3078,33.0114,33.6397,34.0957,34.5575,35.0252,35.4987,36.1712,36.9534,38.4575,41.6043,47.2008,7.71934,3.01448
79.358,-0.9647,1.0000,0.0000,6,133.03,-0.6453,0.0213,8498.38,0.0,13.2099,21.2528,25.2225,28.7329,31.13,32.4112,33.1167,33.7466,34.2037,34.6666,35.1354,35.61,36.2841,37.0678,38.5746,41.726,47.3265,7.63449,3.00649
79.377,-0.7067,1.0000,0.0000,6,133.25,-0.6451,0.0251,8544.5,0.0,13.2455,21.3522,25.3503,28.8835,31.2944,32.5822,33.2912,33.9241,34.3833,34.8484,35.3193,35.7959,36.4726,37.2592,38.7714,41.9319,47.5427,7.51208,2.99674
79.402,-0.0000,1.0000,0.0000,6,133.47,-0.6447,0.0296,8588.93,0.0,13.2874,21.472,25.5054,29.0667,31.4945,32.7905,33.5039,34.1406,34.6024,35.0701,35.5434,36.0225,36.7026,37.493,39.0119,42.184,47.8083,7.3768,2.98691
79.427,-0.0000,1.0000,0.0000,6,133.70,-0.6439,0.0342,8623.58,0.0,13.3289,21.5931,25.6627,29.2529,31.6979,33.0024,33.7202,34.3607,34.8251,35.2953,35.7713,36.2528,36.9364,37.7306,39.2564,42.4403,48.0783,7.25211,2.97906
79.445,-0.2579,1.0000,0.0000,6,134.02,-0.6429,0.0368,8632.76,0.0,13.3472,21.6528,25.7412,29.3463,31.8,33.1089,33.8288,34.4711,34.9368,35.4083,35.8855,36.3683,37.0535,37.8497,39.3785,42.5677,48.211,7.20189,2.97996
79.470,-0.7491,1.0000,0.0000,6,134.49,-0.6414,0.0350,8647.51,0.0,13.3163,21.5803,25.65,29.24,31.6843,32.9884,33.7058,34.3459,34.81,35.28,35.7556,36.2369,36.92,37.7137,39.238,42.4188,48.0496,7.29798,2.99817
79.488,-1.0000,1.0000,0.0000,6,134.91,-0.6397,0.0327,8675.15,0.0,13.2785,21.491,25.5376,29.109,31.5419,32.8401,33.5543,34.1918,34.654,35.1221,35.5959,36.0753,36.7558,37.5466,39.0656,42.2363,47.8527,7.41909,3.01996
79.513,-1.0000,1.0000,0.0000,6,135.25,-0.6379,0.0313,8706.43,0.0,13.2492,21.4275,25.4589,29.018,31.4432,32.7374,33.4497,34.0853,34.5463,35.0131,35.4857,35.9638,36.6425,37.4312,38.9465,42.1103,47.7161,7.51729,3.04021
79.532,-1.0000,1.0000,0.0000,6,135.53,-0.6359,0.0307,8737.48,0.0,13.2268,21.385,25.408,28.9601,31.3809,32.6728,33.3839,34.0184,34.4787,34.9448,35.4165,35.8939,36.5715,37.359,38.8721,42.0313,47.63,7.59562,3.05947
79.557,-1.0000,1.0000,0.0000,6,135.80,-0.6336,0.0304,8767.35,0.0,13.2061,21.3499,25.367,28.9144,31.332,32.6224,33.3326,33.9665,34.4262,34.8917,35.3629,35.8397,36.5165,37.3031,38.8146,41.9704,47.5635,7.66979,3.07952
79.575,-0.7385,1.0000,0.0000,6,136.09,-0.6312,0.0297,8757.67,0.0,13.1806,21.3037,25.3122,28.8527,31.2658,32.5541,33.2632,33.896,34.3549,34.8196,35.29,35.7661,36.4419,37.2274,38.7367,41.8882,47.4746,7.762,3.10246
79.601,-0.0000,1.0000,0.0000,6,136.37,-0.6286,0.0279,8760.0,0.0,13.1411,21.2206,25.2098,28.7349,31.1385,32.4221,33.1286,33.7592,34.2166,34.6797,35.1486,35.6231,36.2969,37.08,38.5849,41.7282,47.3029,7.90634,3.13099
79.619,-0.0000,1.0000,0.0000,6,136.65,-0.6258,0.0250,8782.12,0.0,13.0896,21.1064,25.0675,28.5702,30.9601,32.2367,32.9396,33.567,34.0221,34.4831,34.9497,35.4221,36.0928,36.8726,38.3713,41.5031,47.0616,8.10253,3.16491
79.644,-0.0000,1.0000,0.0000,6,136.89,-0.6226,0.0217,8809.64,0.0,13.0323,20.9796,24.9094,28.3871,30.7617,32.0307,32.7295,33.3533,33.806,34.2645,34.7287,35.1987,35.8661,36.6421,38.1338,41.253,46.794,8.33419,3.20299
79.663,-0.1837,1.0000,0.0000,6,137.38,-0.6189,0.0153,8824.4,0.0,12.9389,20.7583,24.6301,28.0612,30.4072,31.6619,32.3531,32.9705,33.4186,33.8725,34.3322,34.7977,35.4589,36.2279,37.7071,40.8031,46.3127,8.75202,3.25816
79.688,-0.8904,1.0000,0.0000,6,137.93,-0.6145,0.0072,8832.04,0.0,12.8277,20.4939,24.2955,27.6703,29.9815,31.2189,31.901,32.5105,32.9529,33.4013,33.8555,34.3155,34.9691,35.7296,37.1934,40.2611,45.7324,9.33309,3.32513
79.707,-1.0000,1.0000,0.0000,6,138.45,-0.6097,0.0005,8818.0,0.0,12.7274,20.2642,24.0068,27.3341,29.6159,30.8385,31.5129,32.1156,32.5533,32.997,33.4465,33.9019,34.549,35.3022,36.7529,39.7964,45.2347,9.95743,3.39228
79.732,-1.0000,1.0000,0.0000,6,138.89,-0.6046,-0.0058,8809.18,0.0,12.6304,20.0468,23.7343,27.0173,29.2715,30.4804,31.1475,31.7439,32.1772,32.6164,33.0614,33.5124,34.1534,34.8999,36.3382,39.3587,44.7657,10.6935,3.46154
79.751,-1.0000,1.0000,0.0000,6,139.26,-0.5992,-0.0120,8829.9,0.0,12.5328,19.8313,23.4649,26.7045,28.9314,30.1268,30.7868,31.377,31.8058,32.2405,32.6812,33.1278,33.7629,34.5026,35.9287,38.9265,44.3023,11.6523,3.5349
79.776,-1.0000,1.0000,0.0000,6,139.55,-0.5933,-0.0172,8868.62,0.0,12.4417,19.6388,23.2263,26.4287,28.6324,29.8163,30.4701,31.055,31.48,31.911,32.3479,32.7908,33.4208,34.1548,35.5705,38.5488,43.8979,12.9364,3.60964
79.801,-1.0000,1.0000,0.0000,6,139.78,-0.5871,-0.0198,8909.41,0.0,12.3714,19.5093,23.0708,26.2528,28.444,29.6217,30.2723,30.8542,31.2771,31.7061,32.1411,32.582,33.2093,33.9403,35.3505,38.3186,43.654,14.6986,3.67814
79.820,-1.0000,1.0000,0.0000,6,140.00,-0.5805,-0.0204,8950.38,0.0,12.3171,19.4295,22.9816,26.1567,28.3442,29.5201,30.1696,30.7508,31.1732,31.6016,32.036,32.4764,33.1031,33.8333,35.2421,38.2079,43.5405,53.2848,3.74179
79.845,-1.0000,1.0000,0.0000,6,140.24,-0.5734,-0.0197,8974.95,0.0,12.2721,19.3807,22.9341,26.1113,28.3008,29.4777,30.1278,30.7095,31.1323,31.5612,31.9961,32.437,33.0643,33.7953,35.2054,38.1741,43.5167,53.689,3.80325
79.863,-1.0000,1.0000,0.0000,6,140.51,-0.5660,-0.0192,8961.68,0.0,12.2224,19.3219,22.8742,26.0517,28.242,29.4194,30.0699,30.6519,31.075,31.5041,31.9393,32.3805,33.0081,33.7395,35.1505,38.1214,43.4995,54.1279,3.86883
79.888,-1.0000,1.0000,0.0000,6,140.75,-0.5584,-0.0196,8989.23,0.0,12.1621,19.2356,22.7789,25.9504,28.1373,29.3132,29.963,30.5444,30.9671,31.3958,31.8306,32.2714,32.8985,33.6292,35.0394,38.0088,43.4425,54.5218,3.94151
79.907,-1.0000,1.0000,0.0000,6,140.93,-0.5504,-0.0202,9036.67,0.0,12.0983,19.1433,22.6765,25.8411,28.0241,29.1983,29.8472,30.4279,30.8501,31.2783,31.7126,32.1529,32.7793,33.5095,34.9185,37.8862,43.4022,54.9662,4.01793
79.931,-1.0000,1.0000,0.0000,6,141.06,-0.5421,-0.0188,9084.55,0.0,12.0492,19.0958,22.6335,25.8035,27.9906,29.167,29.8173,30.3991,30.8221,31.2511,31.6862,32.1273,32.7549,33.4865,34.8983,37.8711,43.5307,55.7281,4.08767
79.951,-1.0000,1.0000,0.0000,6,141.20,-0.5336,-0.0159,9131.05,0.0,12.0124,19.0866,22.6416,25.8277,28.0257,29.208,29.8613,30.4458,30.8707,31.3017,31.7387,32.1818,32.8123,33.5471,34.9647,37.9489,43.8294,56.8301,4.1517
79.975,-1.0000,1.0000,0.0000,6,141.34,-0.5248,-0.0120,9176.84,0.0,11.981,19.0961,22.6755,25.8832,28.096,29.2857,29.943,30.5312,30.9586,31.3922,31.8319,32.2776,32.9117,33.6506,35.0758,38.075,44.2588,58.2254,4.21374
79.994,-1.0000,1.0000,0.0000,6,141.58,-0.5158,-0.0089,9146.69,0.0,11.9418,19.0864,22.6847,25.9099,28.1344,29.3303,29.991,30.5821,31.0117,31.4474,31.8893,32.3372,32.9743,33.7165,35.148,38.1848,44.7035,59.7229,4.28071
80.019,-1.0000,1.0000,0.0000,6,141.78,-0.5066,-0.0077,9159.81,0.0,11.8832,19.0227,22.6233,25.8522,28.0799,29.2776,29.9393,30.5314,30.9618,31.3983,31.8408,32.2894,32.9275,33.6709,35.1048,38.204,45.0331,61.0804,4.35915
80.038,-1.0000,1.0000,0.0000,6,141.93,-0.4972,-0.0078,9205.38,0.0,11.8117,18.9247,22.5172,25.7415,27.9668,29.1638,29.8252,30.417,30.8472,31.2835,31.7259,32.1744,32.8123,33.5557,34.9896,38.1725,45.3029,62.3977,4.44605
80.063,-1.0000,1.0000,0.0000,6,142.04,-0.4876,-0.0070,9255.07,0.0,11.7461,18.8461,22.4373,25.6627,27.8896,29.0876,29.7497,30.3421,30.7727,31.2094,31.6523,32.1012,32.7399,33.4841,34.9233,38.231,45.7208,64.0988,4.53066
80.082,-1.0000,1.0000,0.0000,6,142.16,-0.4777,-0.0052,9301.27,0.0,11.6874,18.791,22.3891,25.6223,27.8552,29.0566,29.7205,30.3145,30.7462,31.1841,31.6282,32.0784,32.7188,33.4651,34.9405,38.4024,46.3285,66.314,4.61202
80.106,-1.0000,1.0000,0.0000,6,142.29,-0.4675,-0.0029,9341.78,0.0,11.6317,18.748,22.3579,25.6031,27.8447,29.0506,29.717,30.3132,30.7466,31.1861,31.6319,32.0838,32.7266,33.4862,35.0285,38.6689,47.1089,69.0714,4.69258
80.126,-1.0000,1.0000,0.0000,6,142.50,-0.4571,-0.0012,9310.46,0.0,11.5678,18.6844,22.3003,25.5527,27.8,29.009,29.6771,30.2749,30.7094,31.1502,31.5972,32.0506,32.7083,33.5001,35.1121,38.9382,47.9272,72.133,4.77891
80.150,-1.0000,1.0000,0.0000,6,142.69,-0.4464,-0.0013,9317.6,0.0,11.4868,18.5733,22.1805,25.428,27.6733,28.8816,29.5495,30.1471,30.5816,31.0223,31.4731,31.9396,32.6207,33.4419,35.1176,39.1169,48.637,75.183,4.87702
80.169,-1.0000,1.0000,0.0000,6,142.84,-0.4355,-0.0025,9355.69,0.0,11.3942,18.4314,22.0206,25.2557,27.4942,28.6995,29.3658,29.9622,30.3968,30.8454,31.3099,31.791,32.4943,33.3433,35.08,39.2482,49.3039,78.3883,4.98417
80.195,-1.0000,1.0000,0.0000,6,142.96,-0.4243,-0.0031,9398.95,0.0,11.3047,18.3015,21.8771,25.1037,27.3378,28.5413,29.2068,29.8081,30.2557,30.7191,31.1995,31.6975,32.4264,33.3078,35.1157,39.4813,50.1748,82.4568,5.0909
80.213,-1.0000,1.0000,0.0000,6,143.08,-0.4128,-0.0030,9438.5,0.0,11.2191,18.1872,21.755,24.9781,27.2111,28.4146,29.0897,29.7122,30.1762,30.6573,31.1564,31.6744,32.4336,33.3533,35.2456,39.8474,51.318,87.7663,5.19632
80.238,-1.0000,1.0000,0.0000,6,143.21,-0.4010,-0.0024,9467.47,0.0,11.1347,18.0807,21.6445,24.867,27.1011,28.3185,29.0191,29.666,30.1489,30.6501,31.1707,31.7117,32.5058,33.4696,35.4596,40.3375,52.7404,94.6394,5.30218
80.257,-1.0000,1.0000,0.0000,6,143.41,-0.3888,-0.0024,9442.73,0.0,11.0428,17.9557,21.5103,24.728,26.9625,28.2172,28.9438,29.6157,30.118,30.6398,31.1826,31.7473,32.5775,33.5874,35.68,40.8523,54.2891,102.955,5.41485
80.282,-1.0000,1.0000,0.0000,6,143.60,-0.3764,-0.0038,9448.25,0.0,10.9374,17.7937,21.3276,24.531,26.7775,28.0705,28.8209,29.5161,30.0363,30.5775,31.141,31.7282,32.5927,33.6465,35.8379,41.3007,55.8067,112.49,5.53948
80.301,-1.0000,1.0000,0.0000,6,143.75,-0.3636,-0.0060,9478.13,0.0,10.8226,17.6077,21.1135,24.2966,26.571,27.9007,28.6741,29.3917,29.9295,30.4896,31.0736,31.6828,32.5812,33.6788,35.9695,41.7301,57.3837,124.019,5.67366
80.326,-1.0000,1.0000,0.0000,6,143.88,-0.3505,-0.0077,9511.56,0.0,10.7093,17.4297,20.911,24.0768,26.4049,27.7769,28.5769,29.3205,29.8786,30.4606,31.0683,31.7031,32.641,33.7896,36.1967,42.3096,59.3674,140.189,5.80889
80.351,-1.0000,1.0000,0.0000,6,144.01,-0.3370,-0.0089,9541.89,0.0,10.598,17.2622,20.7232,23.8876,26.2886,27.7102,28.5415,29.3156,29.8976,30.5055,31.1411,31.8062,32.7908,34.0,36.5457,43.0838,61.9037,164.452,5.94435
80.369,-1.0000,1.0000,0.0000,6,144.15,-0.3231,-0.0097,9561.05,0.0,10.4865,17.0991,20.5424,23.731,26.2149,27.6931,28.5601,29.3694,29.9789,30.6166,31.2845,31.9847,33.0236,34.3033,37.0116,44.0566,65.0833,200.0,6.08181
80.395,-1.0000,1.0000,0.0000,6,144.35,-0.3088,-0.0111,9539.85,0.0,10.3681,16.9192,20.3399,23.5716,26.1398,27.6765,28.5807,29.4266,30.0649,30.734,31.4359,32.1732,33.2699,34.625,37.5092,45.1152,68.7495,200.0,6.22769
80.413,-1.0000,1.0000,0.0000,6,144.54,-0.2942,-0.0136,9542.66,0.0,10.2384,16.7094,20.0982,23.3837,26.0307,27.6231,28.5631,29.4445,30.111,30.8108,31.5463,32.3203,33.4743,34.9052,37.9678,46.1602,72.7409,200.0,6.3867
80.438,-1.0000,1.0000,0.0000,6,144.70,-0.2791,-0.0167,9566.28,0.0,10.101,16.48,19.8316,23.1835,25.9076,27.5555,28.5314,29.4487,30.1437,30.8748,31.6446,32.4563,33.6698,35.1794,38.4299,47.2572,77.2937,200.0,6.55668
80.457,-1.0000,1.0000,0.0000,6,144.83,-0.2637,-0.0193,9593.53,0.0,9.96452,16.2577,19.5893,23.0234,25.8378,27.5506,28.5688,29.5284,30.257,31.025,31.8354,32.6919,33.976,35.5795,39.0561,48.6626,83.2839,200.0,6.72867
80.482,-1.0000,1.0000,0.0000,6,144.97,-0.2479,-0.0215,9618.88,0.0,9.82925,16.0439,19.3796,22.9113,25.8327,27.6228,28.6913,29.7013,30.4703,31.2826,32.1419,33.0523,34.4218,36.1395,39.8931,50.4789,91.445,145.406,6.90191
80.500,-1.0000,1.0000,0.0000,6,145.12,-0.2316,-0.0233,9632.29,0.0,9.69339,15.8336,19.1976,22.8414,25.8863,27.7662,28.8935,29.9627,30.7791,31.6437,32.5608,33.5353,35.0066,36.8614,40.9512,52.7637,102.744,85.2333,7.07815
80.526,-1.0000,1.0000,0.0000,6,145.32,-0.2149,-0.0257,9608.59,0.0,9.55096,15.6076,19.0163,22.7739,25.9477,27.9228,29.1128,30.2457,31.1133,32.0346,33.0148,34.0595,35.6432,37.6507,42.1207,55.3796,117.904,65.1411,7.26495
80.545,-1.0000,1.0000,0.0000,6,145.52,-0.1978,-0.0290,9606.16,0.0,9.39836,15.3547,18.8162,22.68,25.9781,28.047,29.2998,30.4967,31.4162,32.3954,33.4402,34.5574,36.258,38.4261,43.3034,58.1895,138.074,55.6062,7.46827
80.569,-1.0000,1.0000,0.0000,6,145.69,-0.1803,-0.0331,9624.02,0.0,9.23826,15.0935,18.6091,22.576,25.999,28.1638,29.4814,30.7449,31.7188,32.7589,33.8723,35.0668,36.8929,39.2351,44.5627,61.3418,167.201,49.9571,7.68615
80.588,-1.0000,1.0000,0.0000,6,145.82,-0.1623,-0.0365,9647.25,0.0,9.07982,14.8589,18.442,22.534,26.1081,28.3894,29.786,31.131,32.1716,33.2868,34.4848,35.7751,37.7578,40.3188,46.2209,65.536,200.0,45.5924,7.9058
80.613,-1.0000,1.0000,0.0000,6,145.96,-0.1440,-0.0394,9669.47,0.0,8.92335,14.6547,18.3224,22.568,26.3276,28.7529,30.2476,31.6943,32.8186,34.0281,35.3332,36.7451,38.9279,41.7715,48.4292,71.2948,200.0,42.015,8.12572
80.631,-1.0000,1.0000,0.0000,6,146.11,-0.1251,-0.0418,9679.05,0.0,8.76658,14.4762,18.2441,22.6713,26.6524,29.2517,30.866,32.4374,33.6648,34.9915,36.4299,37.9947,40.431,43.637,51.2886,79.2266,200.0,39.0835,8.34857
80.656,-1.0000,1.0000,0.0000,6,146.33,-0.1059,-0.0448,9643.88,0.0,8.60345,14.3022,18.1713,22.7883,27.0076,29.7978,31.545,33.2564,34.6005,36.0607,37.6525,39.3944,42.1286,45.7668,54.6435,89.5536,200.0,36.8848,8.58549
80.675,-1.0000,1.0000,0.0000,6,146.54,-0.0862,-0.0489,9632.96,0.0,8.4302,14.117,18.0763,22.8731,27.3276,30.3114,32.1953,34.0527,35.5196,37.1217,38.8781,40.8122,43.8735,47.9968,58.2998,102.502,200.0,35.3398,8.84596
80.700,-1.0000,1.0000,0.0000,6,146.72,-0.0662,-0.0539,9645.16,0.0,8.24918,13.9284,17.9715,22.9443,27.6375,30.8226,32.8512,34.8646,36.4642,38.2207,40.1582,42.306,45.7366,50.4181,62.4317,119.705,171.021,34.1708,9.11141
80.719,-1.0000,1.0000,0.0000,6,146.86,-0.0457,-0.0581,9666.06,0.0,8.07139,13.7799,17.9332,23.1304,28.1281,31.5727,33.7892,36.0068,37.7815,39.7432,41.9233,44.36,48.2961,53.7572,68.265,148.928,125.874,32.9395,9.33731
80.744,-1.0000,1.0000,0.0000,6,146.99,-0.0249,-0.0613,9686.81,0.0,7.89761,13.6801,17.9796,23.4689,28.8666,32.657,35.127,37.6229,39.6383,41.8852,44.4058,47.2529,51.9202,58.5387,76.9757,200.0,99.2046,31.6336,9.52234
80.762,-1.0000,1.0000,0.0000,6,147.13,-0.0036,-0.0638,9697.08,0.0,7.73095,13.6233,18.1036,23.957,29.8644,34.1059,36.9125,39.7835,42.1277,44.7692,47.768,51.2015,56.9387,65.3145,90.2527,200.0,81.944,30.3447,9.67313
80.788,-1.0000,1.0000,0.0000,6,147.37,0.0181,-0.0668,9640.48,0.0,7.57436,13.5778,18.2483,24.4986,30.9847,35.7564,38.9683,42.2998,45.0553,48.1986,51.8177,56.029,63.2318,74.1373,109.65,200.0,70.8621,29.2621,9.80746
80.812,-0.6643,1.0000,0.0000,6,147.59,0.0401,-0.0715,9618.71,0.0,7.42271,13.516,18.3592,24.9921,32.0658,37.3989,41.0519,44.8965,48.1198,51.846,56.2023,61.3629,70.4254,84.7441,137.062,200.0,63.8056,28.4664,9.93855
80.831,-0.1767,1.0000,0.0000,6,147.80,0.0625,-0.0775,9626.24,0.0,7.27747,13.4435,18.4444,25.4465,33.1173,39.0442,43.1781,47.5948,51.3517,55.7573,60.9946,67.3234,78.7765,97.8119,178.996,200.0,58.942,27.8632,10.0639
80.856,-0.0000,1.0000,0.0000,6,147.97,0.0853,-0.0834,9647.44,0.0,7.1477,13.4037,18.5883,26.0252,34.4203,41.0925,45.8455,51.0171,55.4935,60.8361,67.3227,75.364,90.5113,117.529,200.0,200.0,54.8017,27.2492,10.1658
80.875,-0.0000,1.0000,0.0000,6,148.17,0.1082,-0.0796,9665.3,0.0,7.03095,13.388,18.7757,26.7053,35.9554,43.5439,49.0832,55.2409,60.6843,67.3235,75.6003,86.2051,107.289,148.947,200.0,156.103,51.3401,26.6613,10.2502
80.900,-0.0000,1.0000,0.0000,6,148.63,0.1295,-0.0709,9667.67,0.0,6.91417,13.3343,18.8799,27.2265,37.2519,45.7194,52.0434,59.2208,65.6986,73.7739,84.1199,97.8497,126.853,191.888,200.0,132.119,49.0592,26.2869,10.3424
80.919,-0.0000,1.0000,0.0000,6,149.26,0.1492,-0.0650,9610.24,0.0,6.79309,13.217,18.8406,27.4415,37.9961,47.1067,54.0322,62.0207,69.3507,78.6523,90.8436,107.517,144.724,200.0,200.0,120.564,47.8864,26.1656,10.4513
80.944,-0.0000,1.0000,0.0000,6,149.89,0.1671,-0.0622,9591.63,0.0,6.66638,13.0257,18.6291,27.2668,37.9803,47.3306,54.5028,62.8454,70.5675,80.4608,93.5879,111.844,153.887,200.0,200.0,116.736,47.7151,26.3042,10.5806
80.962,-0.0000,1.0000,0.0000,6,150.51,0.1835,-0.0616,9600.99,0.0,6.5384,12.7865,18.2991,26.8103,37.3898,46.6438,53.7553,62.0421,69.7262,79.5896,92.7116,111.025,153.492,200.0,200.0,117.289,48.2043,26.6199,10.7225
80.988,-0.0000,1.0000,0.0000,6,151.12,0.1985,-0.0622,9617.57,0.0,6.41431,12.532,17.9218,26.2288,36.5298,45.518,52.4107,60.4275,67.8463,77.3484,89.9536,107.477,147.807,200.0,200.0,120.0,49.0205,27.0188,10.8665
81.006,-0.0000,1.0000,0.0000,6,151.73,0.2125,-0.0633,9634.76,0.0,6.29676,12.2828,17.5438,25.6284,35.6135,44.2898,50.921,58.6084,65.6992,74.7483,86.6968,103.2,140.72,200.0,200.0,123.546,49.9432,27.4374,11.0061
81.031,-0.0000,1.0000,0.0000,6,152.34,0.2256,-0.0643,9653.24,0.0,6.18675,12.05,17.1912,25.0696,34.7633,43.1536,49.5458,56.9339,63.7277,72.3693,83.7289,99.3276,134.398,200.0,200.0,127.024,50.8258,27.8342,11.1374
81.050,-0.0000,1.0000,0.0000,6,152.94,0.2380,-0.0650,9675.12,0.0,6.08409,11.8374,16.874,24.5769,34.0294,42.1888,48.3909,55.5449,62.1092,70.439,81.3563,96.2872,129.604,200.0,200.0,129.889,51.5883,28.188,11.259
81.075,-0.0000,1.0000,0.0000,6,153.53,0.2498,-0.0655,9701.01,0.0,5.98679,11.6393,16.5818,24.1304,33.376,41.3415,47.3866,54.3494,60.7286,68.8104,79.3804,93.7956,125.793,200.0,200.0,132.296,52.2633,28.5105,11.3733
81.094,-0.0000,1.0000,0.0000,6,154.13,0.2613,-0.0659,9719.35,0.0,5.89319,11.4505,16.3055,23.7124,32.7713,40.564,46.4711,53.2671,59.4864,67.3556,77.6311,91.6144,122.529,199.503,200.0,134.439,52.8859,28.8136,11.4829
81.119,-0.8834,1.0000,0.0000,6,154.72,0.2725,-0.0662,9745.69,0.0,5.80207,11.2676,16.0385,23.3101,32.1921,39.8227,45.6004,52.2411,58.3121,65.9852,75.9903,89.5799,119.519,193.44,200.0,136.476,53.4846,29.1068,11.5894
81.138,-1.0000,1.0000,0.0000,6,155.28,0.2832,-0.0636,9782.21,0.0,5.72972,11.1714,15.9504,23.2879,32.3393,40.1946,46.1921,53.1384,59.5392,67.6996,78.4584,93.2915,126.893,200.0,200.0,131.454,52.9695,29.0709,11.6522
81.163,-1.0000,1.0000,0.0000,6,155.73,0.2928,-0.0539,9830.99,0.0,5.70135,11.2825,16.2979,24.2185,34.376,43.5583,50.812,59.4901,67.7626,78.7144,93.8973,116.348,174.925,200.0,200.0,113.755,50.0831,28.2972,11.613
81.181,-0.8481,1.0000,0.0000,6,156.09,0.3011,-0.0393,9892.55,0.0,5.71054,11.5701,17.0362,26.0889,38.5217,50.6455,60.8829,73.9799,87.4204,106.839,137.361,192.317,200.0,200.0,200.0,94.2622,46.0952,27.0871,11.5005
81.206,-0.2332,1.0000,0.0000,6,156.40,0.3078,-0.0215,9958.11,0.0,5.75125,12.0102,18.146,29.0103,45.5547,63.8263,81.2264,106.695,137.502,193.345,200.0,200.0,200.0,200.0,162.419,78.062,41.9948,25.7119,11.3434
81.225,-0.0000,1.0000,0.0000,6,156.67,0.3128,-0.0016,10023.1,0.0,5.82199,12.6062,19.6831,33.3959,57.7783,91.1623,131.826,200.0,200.0,200.0,200.0,200.0,200.0,187.504,115.582,65.4923,38.1741,24.3073,11.1572
81.250,-0.0000,1.0000,0.0000,6,156.91,0.3159,0.0188,10083.1,0.0,5.91697,13.3385,21.6635,39.7849,80.53,165.451,200.0,200.0,200.0,200.0,200.0,200.0,162.879,126.499,89.1947,56.1844,34.892,22.9985,10.9616
81.269,-0.0000,1.0000,0.0000,6,157.33,0.3177,0.0344,10110.2,0.0,5.99947,13.9779,23.5039,46.6831,115.507,200.0,200.0,200.0,200.0,200.0,183.539,152.649,123.552,101.467,76.0286,50.7131,32.7514,22.0924,10.8156
81.294,-0.0000,1.0000,0.0000,6,157.89,0.3181,0.0437,10106.4,0.0,6.05691,14.4105,24.8035,52.2083,156.835,200.0,200.0,200.0,200.0,180.938,150.854,129.356,107.852,90.6468,69.8059,47.8906,31.5748,21.5733,10.7256
81.319,-0.0000,1.0000,0.0000,6,158.47,0.3170,0.0491,10105.0,0.0,6.10242,14.7018,25.6731,56.156,198.18,200.0,200.0,200.0,195.614,160.892,136.647,118.76,100.378,85.3039,66.5904,46.3546,30.9035,21.2642,10.6643
81.338,-0.0000,1.0000,0.0000,6,159.06,0.3145,0.0519,10106.8,0.0,6.14295,14.8947,26.2074,58.5381,200.0,200.0,200.0,200.0,182.924,152.163,130.266,113.887,96.8499,82.7225,64.9848,45.5508,30.5313,21.081,10.6182
81.363,-0.0000,1.0000,0.0000,6,159.66,0.3108,0.0528,10114.3,0.0,6.18305,15.0258,26.5088,59.6617,200.0,200.0,200.0,200.0,178.481,149.006,127.895,112.032,95.4657,81.678,64.3008,45.1772,30.3366,20.9716,10.5789
81.382,-0.0000,1.0000,0.0000,6,160.25,0.3059,0.0527,10129.5,0.0,6.22602,15.1274,26.6824,60.0155,200.0,200.0,200.0,200.0,178.128,148.67,127.58,111.738,95.2004,81.4401,64.1027,45.0295,30.233,20.898,10.5405
81.406,-0.0000,1.0000,0.0000,6,160.83,0.3002,0.0523,10150.5,0.0,6.27458,15.2292,26.828,60.1266,200.0,200.0,200.0,200.0,179.165,149.28,127.948,111.958,95.2972,81.4582,64.0528,44.9447,30.15,20.8289,10.4982
81.425,-0.0000,1.0000,0.0000,6,161.41,0.2937,0.0518,10176.3,0.0,6.32887,15.3418,26.9861,60.2283,200.0,200.0,200.0,200.0,180.459,150.05,128.421,112.249,95.4363,81.5,64.0095,44.8554,30.0592,20.7523,10.4509
81.450,-0.0000,1.0000,0.0000,6,161.99,0.2867,0.0513,10200.2,0.0,6.38813,15.4673,27.1692,60.4021,200.0,200.0,200.0,200.0,181.567,150.677,128.777,112.443,95.4984,81.4799,63.9217,44.7385,29.9519,20.6653,10.399
81.469,-0.0000,1.0000,0.0000,6,162.56,0.2793,0.0508,10225.1,0.0,6.45135,15.6039,27.3751,60.649,200.0,200.0,200.0,200.0,182.434,151.124,128.995,112.526,95.4734,81.392,63.7873,44.5944,29.8292,20.569,10.3432
81.494,-0.0000,1.0000,0.0000,6,163.12,0.2716,0.0504,10258.8,0.0,6.5177,15.7507,27.6045,60.9847,200.0,200.0,200.0,200.0,182.928,151.304,129.011,112.451,95.3316,81.2161,63.5954,44.4189,29.6903,20.4638,10.2843
81.512,-0.0000,1.0000,0.0000,6,163.68,0.2637,0.0502,10295.8,0.0,6.58665,15.9074,27.8585,61.4202,200.0,200.0,200.0,200.0,182.956,151.159,128.786,112.189,95.0532,80.9386,63.3388,44.2096,29.5349,20.3498,10.2227
81.538,-0.0000,1.0000,0.0000,6,164.24,0.2556,0.0500,10334.2,0.0,6.65761,16.0721,28.1332,61.9424,200.0,200.0,200.0,200.0,182.563,150.723,128.346,111.763,94.6543,80.5724,63.0262,43.9716,29.3657,20.2286,10.159
81.557,-0.0000,1.0000,0.0000,6,164.79,0.2474,0.0499,10370.8,0.0,6.73011,16.2432,28.4245,62.5343,200.0,200.0,200.0,200.0,181.83,150.051,127.735,111.205,94.1592,80.1353,62.669,43.7108,29.1855,20.1018,10.0936
81.581,-0.0000,1.0000,0.0000,6,165.35,0.2391,0.0499,10404.9,0.0,6.80381,16.4191,28.7285,63.1793,200.0,200.0,200.0,200.0,180.84,149.203,126.995,110.549,93.5921,79.6452,62.2785,43.433,28.9971,19.9708,10.027
81.600,-0.0000,1.0000,0.0000,6,165.90,0.2308,0.0498,10438.4,0.0,6.87835,16.5984,29.0407,63.8579,200.0,200.0,200.0,200.0,179.694,148.245,126.174,109.83,92.9809,79.1226,61.8674,43.1444,28.8035,19.837,9.95963
81.625,-0.0000,1.0000,0.0000,6,166.47,0.2224,0.0498,10464.8,0.0,6.95361,16.7802,29.3593,64.5613,200.0,200.0,200.0,200.0,178.441,147.215,125.299,109.07,92.3388,78.5771,61.4417,42.8481,28.606,19.7012,9.89151
81.644,-0.0000,1.0000,0.0000,6,167.02,0.2139,0.0499,10494.6,0.0,7.02946,16.9639,29.6821,65.2798,200.0,200.0,200.0,200.0,177.131,146.146,124.396,108.288,91.6794,78.0184,61.0073,42.5472,28.406,19.5638,9.82283
81.669,-0.0000,1.0000,0.0000,6,167.57,0.2054,0.0499,10529.4,0.0,7.10583,17.1492,30.0083,66.0089,200.0,200.0,200.0,199.349,175.786,145.05,123.472,107.489,91.0087,77.4512,60.5672,42.2427,28.2041,19.4254,9.75368
81.688,-0.0000,1.0000,0.0000,6,168.12,0.1968,0.0499,10566.3,0.0,7.18264,17.3358,30.3375,66.7487,200.0,200.0,200.0,198.237,174.406,143.932,122.531,106.677,90.3271,76.8757,60.1214,41.9352,28.0006,19.2859,9.68413
81.713,-0.4381,1.0000,0.0000,6,168.66,0.1882,0.0499,10603.5,0.0,7.25984,17.5236,30.6692,67.4969,200.0,200.0,200.0,197.117,173.003,142.794,121.575,105.854,89.6378,76.2941,59.6716,41.6252,27.7955,19.1456,9.61422
81.731,-0.7032,1.0000,0.0000,6,169.18,0.1792,0.0534,10639.2,0.0,7.36845,17.933,31.6936,71.6896,200.0,200.0,200.0,192.736,158.344,132.498,113.913,99.9075,85.2454,73.0127,57.5578,40.5008,27.2289,18.8378,9.51174
81.756,-0.5654,1.0000,0.0000,6,169.59,0.1691,0.0651,10684.6,0.0,7.55828,18.929,34.6575,87.3796,200.0,200.0,192.247,147.319,124.526,107.849,95.1175,85.0803,74.1371,64.6462,52.1558,37.6783,25.8749,18.1544,9.33264
81.775,-0.0000,1.0000,0.0000,6,169.94,0.1574,0.0821,10741.5,0.0,7.8176,20.4756,39.8145,126.232,200.0,180.521,132.483,107.475,94.713,84.6661,76.5516,69.8613,62.2524,55.3704,45.8844,34.2303,24.1588,17.2731,9.10444
81.800,-0.0000,1.0000,0.0000,6,170.26,0.1439,0.1014,10789.0,0.0,8.12934,22.5132,47.6454,200.0,193.12,118.842,95.7424,81.8368,74.1511,67.7897,62.438,57.8735,52.5063,47.4825,40.2784,30.9529,22.4381,16.3557,8.85503
81.819,-0.0000,1.0000,0.0000,6,170.66,0.1288,0.1169,10826.8,0.0,8.43285,24.5286,56.5457,200.0,143.986,92.5645,77.7717,68.2405,62.7528,58.086,54.069,50.5755,46.3855,42.3806,36.4927,28.6057,21.1295,15.6206,8.63101
81.844,-0.0000,1.0000,0.0000,6,171.18,0.1127,0.1247,10841.4,0.0,8.6761,25.9193,62.9277,200.0,121.621,82.409,70.3335,62.3493,57.6778,53.6613,50.1714,47.1111,43.4095,39.8395,34.5331,27.3153,20.3544,15.1496,8.45506
81.863,-0.0000,1.0000,0.0000,6,171.73,0.0952,0.1284,10851.2,0.0,8.88894,26.9035,67.0909,199.355,112.158,77.5825,66.6431,59.3323,55.0256,51.3055,48.0597,45.2036,41.7366,38.3794,33.3652,26.4981,19.8242,14.8007,8.29878
81.888,-0.0000,1.0000,0.0000,6,172.29,0.0766,0.1298,10863.4,0.0,9.08808,27.6421,69.6553,197.815,107.72,75.0458,64.6107,57.6107,53.477,49.9004,46.7754,44.022,40.6752,37.4299,32.5744,25.9082,19.411,14.5088,8.14908
81.913,-0.0000,1.0000,0.0000,6,172.84,0.0570,0.1300,10880.4,0.0,9.28399,28.2597,71.328,196.561,105.38,73.4949,63.2973,56.4525,52.4091,48.9097,45.8517,43.1567,39.8801,36.7022,31.9463,25.4144,19.0453,14.2379,7.99909
81.931,-0.0000,1.0000,0.0000,6,173.39,0.0365,0.1297,10902.2,0.0,9.48184,28.8301,72.5967,195.434,103.867,72.3275,62.2609,55.5098,51.5237,48.0751,45.0624,42.4082,39.1822,36.0543,31.375,24.9517,18.6926,13.9707,7.84593
81.957,-0.0000,1.0000,0.0000,6,173.94,0.0154,0.1292,10923.4,0.0,9.68369,29.3923,73.7381,194.346,102.585,71.2562,61.2897,54.6146,50.6768,47.272,44.2989,41.6808,38.5002,35.4179,30.8096,24.4894,18.3368,13.6993,7.68883
81.975,-0.0000,1.0000,0.0000,6,174.48,-0.0063,0.1287,10949.0,0.0,9.88987,29.9628,74.8771,193.257,101.279,70.1602,60.2955,53.6979,49.8094,46.4493,43.5168,40.9357,37.8017,34.766,30.2305,24.0158,17.9724,13.4213,7.52797
82.000,-0.0000,1.0000,0.0000,6,175.02,-0.0283,0.1283,10980.8,0.0,10.1003,30.5517,76.0948,192.142,99.7921,68.9678,59.2265,52.7193,48.8873,45.5778,42.691,40.151,37.0681,34.0835,29.6267,23.525,17.5967,13.1359,7.36379
82.019,-0.0000,1.0000,0.0000,6,175.55,-0.0506,0.1279,11015.1,0.0,10.3147,31.1633,77.425,190.989,98.0642,67.6528,58.0646,51.6658,47.8997,44.6483,41.8134,39.3198,36.2943,33.3662,28.9956,23.0155,17.2095,12.8433,7.19675
82.044,-0.0000,1.0000,0.0000,6,176.07,-0.0731,0.1277,11050.4,0.0,10.5325,31.7955,78.8631,189.801,96.1167,66.2283,56.8201,50.5452,46.8537,43.6677,40.8904,38.448,35.4851,32.6184,28.3408,22.4903,16.8127,12.5448,7.02749
82.063,-0.0000,1.0000,0.0000,6,176.60,-0.0957,0.1276,11084.3,0.0,10.7529,32.4451,80.3927,188.581,93.9912,64.7157,55.5093,49.3717,45.7616,42.6464,39.9312,37.5438,34.6481,31.8467,27.6673,21.9525,16.4083,12.2416,6.85648
82.088,0.2491,1.0000,0.0000,6,177.12,-0.1185,0.1275,11116.6,0.0,10.9755,33.108,81.9915,187.336,91.7394,63.1401,54.1511,48.1594,44.6358,41.5956,38.9459,36.6162,33.7906,31.0574,26.98,21.4055,15.9982,11.9349,6.68409
82.107,0.4128,1.0000,0.0000,6,177.62,-0.1411,0.1239,11149.1,0.0,11.1447,33.1961,80.1186,187.038,95.3618,64.2896,54.7838,48.515,44.8529,41.7077,38.9777,36.5856,33.695,30.9096,26.7742,21.158,15.7516,11.7154,6.53139
82.132,0.4200,1.0000,0.0000,6,178.04,-0.1625,0.1122,11186.9,0.0,11.1873,32.0481,71.8531,188.46,118.55,73.3294,60.9464,53.1079,48.6435,44.8747,41.6506,38.8616,35.5351,32.3738,27.7586,21.6362,15.8949,11.7023,6.42704
82.150,0.3630,1.0000,0.0000,6,178.40,-0.1825,0.0952,11238.1,0.0,11.1431,30.2908,62.2374,190.216,174.803,95.174,74.914,63.1595,56.799,51.6059,47.2862,43.6368,39.3863,35.4468,29.8626,22.7453,16.3539,11.8494,6.36126
82.175,-0.0000,1.0000,0.0000,6,178.72,-0.2006,0.0756,11290.9,0.0,11.0542,28.452,54.0016,154.884,182.141,149.85,104.361,82.4698,71.7286,63.4669,56.9159,51.5944,45.6278,40.3078,33.0915,24.4059,17.055,12.1096,6.32354
82.194,-0.0000,1.0000,0.0000,6,179.05,-0.2168,0.0565,11335.5,0.0,10.9617,26.8788,47.9351,111.316,185.478,178.564,170.261,120.256,98.3204,83.1574,72.0516,63.567,54.5767,46.9899,37.2908,26.4356,17.8779,12.4163,6.29988
82.219,-0.0000,1.0000,0.0000,6,179.51,-0.2316,0.0454,11345.0,0.0,10.9589,26.1721,45.2427,96.3113,186.254,180.836,176.204,165.165,125.843,101.65,85.2649,73.4335,61.495,51.8676,40.1145,27.6463,18.2904,12.5241,6.24324
82.238,-0.0000,1.0000,0.0000,6,180.04,-0.2451,0.0403,11346.2,0.0,11.0179,26.0127,44.3853,91.3748,185.843,180.91,176.892,171.138,143.37,112.354,92.3781,78.4381,64.7644,54.0131,41.2092,27.9975,18.3252,12.4636,6.16233
82.263,-0.0000,1.0000,0.0000,6,180.57,-0.2572,0.0387,11353.2,0.0,11.1062,26.1284,44.4069,90.5223,184.892,180.084,176.21,170.881,148.484,115.054,93.9153,79.3444,65.1926,54.162,41.1348,27.8158,18.1432,12.3134,6.07223
82.282,-0.0000,1.0000,0.0000,6,181.11,-0.2682,0.0390,11365.7,0.0,11.2063,26.3787,44.8605,91.5891,183.676,178.828,174.915,169.464,145.072,112.621,92.0392,77.823,63.9932,53.1986,40.4329,27.362,17.8572,12.1234,5.98102
82.307,-0.0000,1.0000,0.0000,6,181.63,-0.2783,0.0400,11391.2,0.0,11.3076,26.6755,45.4764,93.4151,182.353,177.4,173.373,167.552,138.591,108.349,88.9458,75.4421,62.2248,51.8518,39.5209,26.8228,17.543,11.926,5.89314
82.325,-0.0000,1.0000,0.0000,6,182.14,-0.2878,0.0410,11421.9,0.0,11.4043,26.9674,46.0963,95.3229,181.013,175.949,171.794,165.48,132.325,104.191,85.9267,73.1163,60.4973,50.5381,38.6343,26.3021,17.2418,11.7379,5.81022
82.350,-0.0000,1.0000,0.0000,6,182.65,-0.2968,0.0419,11454.0,0.0,11.4952,27.2362,46.6592,97.0322,179.696,174.537,170.266,163.396,127.213,100.729,83.3764,71.1291,59.0031,49.3892,37.8475,25.8315,16.9651,11.5632,5.73186
82.369,-0.0000,1.0000,0.0000,6,183.16,-0.3055,0.0425,11485.7,0.0,11.581,27.4798,47.1548,98.4802,178.409,173.176,168.813,161.344,123.225,97.9616,81.2999,69.4866,57.7467,48.4085,37.1616,25.4105,16.7118,11.4003,5.65711
82.394,-0.0000,1.0000,0.0000,6,183.67,-0.3141,0.0430,11516.5,0.0,11.6629,27.7028,47.593,99.6945,177.147,171.86,167.428,159.294,120.092,95.7298,79.5907,68.1129,56.6775,47.5605,36.5553,25.028,16.4761,11.2464,5.58484
82.419,-0.0000,1.0000,0.0000,6,184.18,-0.3226,0.0433,11546.7,0.0,11.7422,27.9112,47.9903,100.739,175.904,170.576,166.091,157.038,117.525,93.8575,78.1303,66.9217,55.735,46.8023,36.003,24.6718,16.2525,11.0984,5.51419
82.438,-0.0000,1.0000,0.0000,6,184.69,-0.3310,0.0435,11574.6,0.0,11.8199,28.11,48.3601,101.667,174.671,169.313,164.788,153.885,115.32,92.2171,76.8307,65.8489,54.8748,46.1025,35.4858,24.3327,16.0366,10.9543,5.44454
82.457,-0.0000,1.0000,0.0000,6,185.19,-0.3394,0.0437,11604.6,0.0,11.8965,28.3027,48.7121,102.519,173.444,168.061,163.504,151.017,113.347,90.7222,75.6321,64.8505,54.0671,45.4401,34.991,24.0042,15.8256,10.8124,5.37547
82.482,-0.0000,1.0000,0.0000,6,185.69,-0.3478,0.0438,11635.1,0.0,11.9725,28.4915,49.0526,103.321,172.219,166.817,162.232,148.411,111.52,89.3229,74.5001,63.9009,53.2928,44.8012,34.5101,23.6825,15.6175,10.672,5.30668
82.506,-0.0000,1.0000,0.0000,6,186.19,-0.3562,0.0439,11665.9,0.0,12.0482,28.6778,49.3853,104.086,170.996,165.577,160.968,145.991,109.796,87.9877,73.4124,62.9838,52.5415,44.1785,34.0388,23.365,15.4111,10.5323,5.238
82.525,-0.0000,1.0000,0.0000,6,186.69,-0.3646,0.0440,11696.7,0.0,12.1238,28.8624,49.7127,104.828,169.771,164.338,159.708,143.693,108.141,86.6968,72.3551,62.0889,51.8051,43.5662,33.5734,23.0503,15.2058,10.393,5.16933
82.550,-0.0000,1.0000,0.0000,6,187.19,-0.3730,0.0440,11727.4,0.0,12.1994,29.0462,50.0368,105.553,168.545,163.099,158.45,141.478,106.533,85.4352,71.3177,61.2083,51.0784,42.9605,33.1117,22.7369,15.001,10.2537,5.10056
82.569,-0.0000,1.0000,0.0000,6,187.69,-0.3814,0.0441,11757.8,0.0,12.275,29.2295,50.359,106.268,167.317,161.858,157.191,139.319,104.954,84.1931,70.2936,60.3371,50.3576,42.3587,32.6521,22.4244,14.7963,10.1145,5.03167
82.594,-0.0000,1.0000,0.0000,6,188.18,-0.3899,0.0441,11787.5,0.0,12.3508,29.4129,50.6805,106.977,166.085,160.615,155.929,137.195,103.394,82.9613,69.2756,59.4702,49.6401,41.759,32.1934,22.1119,14.5914,9.975,4.96264
82.613,-0.0000,1.0000,0.0000,6,188.68,-0.3984,0.0442,11817.5,0.0,12.4268,29.5964,51.0021,107.684,164.851,159.369,154.665,135.087,101.843,81.7343,68.2616,58.6057,48.9233,41.1595,31.7345,21.7992,14.3862,9.83519,4.89339
82.638,-0.0000,1.0000,0.0000,6,189.17,-0.4069,0.0442,11847.3,0.0,12.5029,29.7803,51.3238,108.39,163.612,158.12,153.397,132.995,100.299,80.5115,67.2494,57.7423,48.2073,40.5603,31.2754,21.486,14.1806,9.6951,4.82397
82.657,-0.0000,1.0000,0.0000,6,189.66,-0.4155,0.0442,11877.1,0.0,12.5793,29.9646,51.6458,109.095,162.37,156.867,152.126,130.914,98.7603,79.2906,66.2381,56.8792,47.4914,39.9608,30.8159,21.1723,13.9746,9.55467,4.75436
82.682,-0.0000,1.0000,0.0000,6,190.15,-0.4240,0.0443,11906.9,0.0,12.6559,30.1492,51.9684,109.801,161.124,155.61,150.85,128.84,97.224,78.0721,65.228,56.0166,46.7748,39.3607,30.3557,20.858,13.768,9.41385,4.68454
82.700,-0.0000,1.0000,0.0000,6,190.64,-0.4326,0.0443,11936.6,0.0,12.7327,30.3345,52.2921,110.508,159.874,154.35,149.57,126.769,95.6889,76.8527,64.216,55.1521,46.0572,38.7593,29.8944,20.5427,13.5608,9.27257,4.61446
82.725,-0.0000,1.0000,0.0000,6,191.13,-0.4412,0.0443,11966.9,0.0,12.8098,30.5201,52.6159,111.215,158.621,153.086,148.286,124.707,94.1575,75.6348,63.2057,54.2886,45.3393,38.1576,29.4325,20.227,13.3532,9.13094,4.5442
82.744,-0.0000,1.0000,0.0000,6,191.61,-0.4499,0.0444,11997.3,0.0,12.887,30.7062,52.9408,111.923,157.364,151.818,146.996,122.647,92.626,74.4156,62.1936,53.4234,44.6204,37.5549,28.9698,19.9105,13.1451,8.98899,4.47376
82.769,-0.0000,1.0000,0.0000,6,192.10,-0.4586,0.0444,12026.5,0.0,12.9646,30.8929,53.2668,112.635,156.102,150.546,145.702,120.583,91.0915,73.1952,61.1801,52.5569,43.8997,36.9506,28.5058,19.5933,12.9364,8.84661,4.40311
82.788,-0.0000,1.0000,0.0000,6,192.58,-0.4673,0.0444,12055.2,0.0,13.0423,31.08,53.5932,113.346,154.837,149.27,144.404,118.526,89.559,71.9746,60.166,51.6894,43.1783,36.3455,28.041,19.2753,12.7271,8.70382,4.33223
82.813,-0.0000,1.0000,0.0000,6,193.06,-0.4760,0.0445,12083.8,0.0,13.1203,31.2677,53.9207,114.059,153.568,147.99,143.1,116.47,88.0269,70.7535,59.1509,50.8209,42.4558,35.7393,27.5752,18.9564,12.5173,8.56063,4.26114
82.831,-0.0000,1.0000,0.0000,6,193.54,-0.4848,0.0445,12112.5,0.0,13.1984,31.4559,54.2489,114.773,152.294,146.705,141.791,114.415,86.4938,69.5312,58.1346,49.9511,41.732,35.132,27.1084,18.6369,12.307,8.41706,4.18985
82.857,-0.0000,1.0000,0.0000,6,194.03,-0.4935,0.0445,12141.5,0.0,13.2768,31.6445,54.5774,115.487,151.017,145.418,140.478,112.368,84.9644,68.3097,57.1183,49.081,41.0079,34.5241,26.641,18.3167,12.0961,8.27313,4.11836
82.875,-0.0000,1.0000,0.0000,6,194.50,-0.5023,0.0445,12174.4,0.0,13.3555,31.8335,54.9066,116.201,149.736,144.126,139.16,110.323,83.4346,67.0888,56.1019,48.2104,40.2827,33.9152,26.1726,17.9958,11.8848,8.1288,4.04666
82.900,-0.0000,1.0000,0.0000,6,194.98,-0.5112,0.0445,12203.1,0.0,13.4343,32.0232,55.2372,116.919,148.451,142.829,137.835,108.272,81.9005,65.8629,55.0817,47.3366,39.5553,33.3045,25.7029,17.674,11.6728,7.98407,3.97476
82.919,-0.0000,1.0000,0.0000,6,195.45,-0.5200,0.0446,12231.1,0.0,13.5134,32.2134,55.5686,117.64,147.162,141.529,136.505,106.219,80.3649,64.636,54.0603,46.4616,38.8265,32.6925,25.2321,17.3513,11.4603,7.83892,3.90264
82.944,-0.0000,1.0000,0.0000,6,195.93,-0.5289,0.0446,12258.7,0.0,13.5927,32.4039,55.9003,118.359,145.868,140.224,135.17,104.173,78.8317,63.4102,53.0391,45.5866,38.0973,32.0799,24.7607,17.0281,11.2473,7.69346,3.83035
82.963,-0.0000,1.0000,0.0000,6,196.40,-0.5378,0.0446,12286.2,0.0,13.6722,32.595,56.233,119.081,144.571,138.916,133.829,102.125,77.2958,62.1826,52.0161,44.7097,37.3664,31.4658,24.288,16.7041,11.0337,7.54758,3.75785
82.988,-0.0000,1.0000,0.0000,6,196.88,-0.5468,0.0446,12314.3,0.0,13.7519,32.7864,56.5659,119.8,143.27,137.603,132.482,100.084,75.7637,60.9554,50.993,43.8325,36.6353,30.8514,23.8148,16.3794,10.8197,7.40137,3.68516
83.013,0.2954,1.0000,0.0000,6,197.35,-0.5557,0.0446,12343.3,0.0,13.8318,32.9782,56.8993,120.521,141.965,136.286,131.13,98.044,74.2306,59.7282,49.9695,42.9546,35.9029,30.2357,23.3406,16.0541,10.6051,7.25476,3.61226
83.032,0.2990,1.0000,0.0000,6,197.78,-0.5643,0.0408,12379.2,0.0,13.8505,32.737,55.9294,115.506,141.296,136.006,131.553,111.862,81.4556,64.0496,52.7765,44.8808,37.1125,30.9881,23.6757,16.1087,10.5551,7.18376,3.55474
83.057,0.1459,1.0000,0.0000,6,198.14,-0.5717,0.0286,12416.7,0.0,13.7348,31.6043,52.4365,100.944,141.811,137.476,134.245,130.243,124.843,89.8137,68.8325,55.8013,44.1147,35.6002,26.151,17.1076,10.8979,7.29071,3.53469
83.075,-0.0000,1.0000,0.0000,6,198.50,-0.5775,0.0130,12457.3,0.0,13.5634,30.2178,48.4997,86.8878,142.451,138.966,136.511,133.831,131.415,128.153,116.563,83.192,59.3947,44.7672,30.6373,18.8075,11.4895,7.50313,3.53918
83.100,-0.0000,1.0000,0.0000,6,198.92,-0.5820,0.0015,12481.3,0.0,13.4447,29.2863,45.9867,78.8734,142.365,139.356,137.282,135.086,133.218,130.973,128.069,123.243,80.3813,55.542,35.1792,20.3239,11.9753,7.66861,3.54109
83.119,-0.0000,1.0000,0.0000,6,199.39,-0.5856,-0.0030,12492.7,0.0,13.4135,28.9663,45.114,76.1817,141.513,138.668,136.721,134.678,132.959,130.94,128.449,124.993,93.3567,61.2599,37.2615,20.9196,12.1324,7.70524,3.52711
83.144,-0.0000,1.0000,0.0000,6,199.86,-0.5881,-0.0042,12508.3,0.0,13.4194,28.9149,44.9409,75.5958,140.338,137.532,135.618,133.616,131.939,129.977,127.58,124.343,97.0807,62.7036,37.6969,20.9976,12.1259,7.6843,3.50952
83.163,-0.0000,1.0000,0.0000,6,200.32,-0.5899,-0.0040,12538.6,0.0,13.4373,28.9671,45.0417,75.8275,139.03,136.217,134.301,132.3,130.623,128.663,126.268,123.028,95.7316,62.0467,37.3963,20.8656,12.0607,7.6465,3.49395
83.188,-0.0000,1.0000,0.0000,6,200.79,-0.5910,-0.0033,12562.9,0.0,13.4553,29.0409,45.2075,76.268,137.685,134.852,132.926,130.914,129.229,127.257,124.841,121.542,93.1391,60.8905,36.9343,20.6969,11.991,7.61137,3.48223
83.207,-0.0000,1.0000,0.0000,6,201.25,-0.5916,-0.0027,12586.8,0.0,13.4698,29.1083,45.3652,76.7013,136.335,133.483,131.548,129.526,127.834,125.85,123.411,120.052,90.7151,59.8124,36.5123,20.5496,11.9338,7.58431,3.47427
83.231,-0.0000,1.0000,0.0000,6,201.72,-0.5920,-0.0021,12611.6,0.0,13.4802,29.161,45.4914,77.056,134.994,132.127,130.186,128.159,126.462,124.472,122.02,118.62,88.8294,58.9695,36.1844,20.4379,11.892,7.56538,3.46925
83.251,-0.0000,1.0000,0.0000,6,202.18,-0.5922,-0.0017,12637.5,0.0,13.4873,29.1996,45.5856,77.3247,133.66,130.785,128.841,126.813,125.116,123.125,120.67,117.252,87.4569,58.3541,35.9466,20.3586,11.8635,7.55306,3.46641
83.276,-0.0000,1.0000,0.0000,6,202.64,-0.5922,-0.0014,12664.4,0.0,13.4919,29.2273,45.6549,77.5261,132.334,129.454,127.51,125.484,123.79,121.804,119.353,115.939,86.4588,57.9066,35.7754,20.3031,11.8445,7.54539,3.46501
83.294,-0.0000,0.0000,0.0000,6,203.09,-0.5922,-0.0011,12699.4,0.0,13.4946,29.2457,45.7023,77.6662,131.012,128.131,126.19,124.17,122.483,120.505,118.067,114.674,85.7791,57.603,35.6607,20.2672,11.833,7.54111,3.46456
83.319,-0.0000,0.0000,0.0000,6,202.99,-0.5921,-0.0010,12372.2,0.0,13.4962,29.2592,45.7379,77.774,129.694,126.814,124.877,122.864,121.184,119.218,116.796,113.435,85.2641,57.3745,35.5762,20.2419,11.8256,7.53887,3.46471
83.338,-0.0000,0.0000,0.0000,6,202.59,-0.5920,-0.0008,12341.8,0.0,13.4979,29.2737,45.7767,77.8924,128.375,125.496,123.564,121.558,119.886,117.929,115.523,112.192,84.7068,57.1273,35.485,20.2152,11.818,7.53674,3.46504
83.363,-0.0000,0.0000,0.0000,6,202.18,-0.5918,-0.0006,12316.9,0.0,13.4994,29.2877,45.8146,78.0083,127.059,124.181,122.253,120.255,118.59,116.645,114.255,110.955,84.1702,56.8887,35.3972,20.1895,11.811,7.53489,3.46547
83.382,-0.0000,0.0000,0.0000,6,201.77,-0.5917,-0.0004,12292.3,0.0,13.5008,29.3009,45.8501,78.1175,125.746,122.87,120.947,118.957,117.301,115.367,112.995,109.728,83.6726,56.6666,35.3154,20.1657,11.8045,7.53321,3.4659
83.407,-0.0000,0.0000,0.0000,6,201.37,-0.5916,-0.0002,12267.8,0.0,13.5021,29.3134,45.8838,78.2204,124.436,121.562,119.645,117.663,116.016,114.095,111.74,108.51,83.2104,56.4593,35.2385,20.143,11.7982,7.53153,3.46625
83.426,-0.0000,0.0000,0.0000,6,200.96,-0.5915,-0.0001,12243.4,0.0,13.5035,29.3254,45.916,78.319,123.129,120.258,118.347,116.374,114.736,112.827,110.493,107.3,82.7739,56.2623,35.1648,20.1211,11.7919,7.5297,3.46648
83.450,-0.0000,0.0000,0.0000,6,200.56,-0.5914,0.0001,12218.2,0.0,13.505,29.3373,45.9474,78.4141,121.824,118.957,117.053,115.089,113.46,111.565,109.25,106.096,82.3592,56.0736,35.0934,20.0993,11.7854,7.52766,3.46656
83.470,-0.0000,0.0000,0.0000,6,200.16,-0.5914,0.0003,12194.2,0.0,13.5066,29.3493,45.9787,78.5085,120.521,117.659,115.761,113.807,112.188,110.306,108.011,104.897,81.9526,55.8871,35.0219,20.077,11.7784,7.52523,3.46644
83.494,-0.0000,0.0000,0.0000,6,199.76,-0.5913,0.0004,12170.2,0.0,13.5084,29.3614,46.0098,78.6012,119.221,116.364,114.472,112.528,110.919,109.051,106.777,103.703,81.5588,55.7047,34.9511,20.0543,11.771,7.52249,3.46614
83.513,-0.0000,0.0000,0.0000,6,199.36,-0.5914,0.0005,12146.2,0.0,13.5104,29.3737,46.0409,78.6936,117.923,115.071,113.187,111.252,109.654,107.799,105.546,102.514,81.171,55.5234,34.8795,20.0307,11.7629,7.51923,3.46558
83.538,-0.0000,0.0000,0.0000,6,198.97,-0.5914,0.0007,12122.1,0.0,13.5126,29.3863,46.0723,78.785,116.627,113.78,111.904,109.979,108.391,106.551,104.32,101.328,80.7918,55.3443,34.8077,20.0063,11.7542,7.51555,3.4648
83.556,-0.0000,0.0000,0.0000,6,198.57,-0.5915,0.0008,12098.2,0.0,13.515,29.3993,46.1041,78.8768,115.334,112.492,110.623,108.709,107.132,105.307,103.097,100.147,80.4158,55.1647,34.7346,19.9808,11.7447,7.51131,3.46375
83.582,-0.0000,0.0000,0.0000,6,198.18,-0.5916,0.0010,12074.0,0.0,13.5177,29.4127,46.1365,78.9698,114.042,111.207,109.345,107.442,105.875,104.065,101.877,98.9682,80.0396,54.9836,34.6598,19.9543,11.7345,7.50663,3.46248
83.601,-0.0000,0.0000,0.0000,6,197.79,-0.5917,0.0011,12050.2,0.0,13.5205,29.4266,46.1698,79.0644,112.752,109.923,108.069,106.177,104.621,102.825,100.659,97.7921,79.661,54.7996,34.5829,19.9263,11.7235,7.50142,3.46098
83.625,-0.0000,0.0000,0.0000,6,197.40,-0.5918,0.0012,12026.5,0.0,13.5237,29.4411,46.2039,79.1605,111.463,108.641,106.796,104.915,103.37,101.589,99.4446,96.6188,79.2804,54.6132,34.504,19.8971,11.7118,7.49573,3.45924
83.650,-0.0000,0.0000,0.0000,6,197.01,-0.5920,0.0014,12003.0,0.0,13.527,29.456,46.2389,79.2581,110.177,107.362,105.525,103.655,102.121,100.355,98.2328,95.448,78.8983,54.4245,34.4233,19.8668,11.6993,7.48955,3.45729
83.669,-0.0000,0.0000,0.0000,6,196.62,-0.5922,0.0015,11979.4,0.0,13.5305,29.4713,46.2742,79.3563,108.892,106.085,104.256,102.397,100.875,99.1235,97.0243,94.2807,78.5181,54.2351,34.3414,19.8355,11.6862,7.48295,3.45513
83.694,-0.0000,0.0000,0.0000,6,196.24,-0.5924,0.0016,11956.0,0.0,13.5343,29.4871,46.3102,79.4552,107.609,104.81,102.989,101.142,99.6312,97.8953,95.8187,93.1161,78.1395,54.0448,34.258,19.803,11.6723,7.47587,3.45273
83.713,-0.0000,0.0000,0.0000,6,195.85,-0.5927,0.0018,11932.6,0.0,13.5382,29.5032,46.347,79.5557,106.328,103.537,101.725,99.89,98.3902,96.6699,94.616,91.9544,77.7587,53.8523,34.1729,19.7696,11.6579,7.46838,3.45014
83.738,-0.0000,0.0000,0.0000,6,195.47,-0.5930,0.0019,11909.3,0.0,13.5424,29.5199,46.3844,79.6574,105.049,102.266,100.463,98.64,97.1518,95.4472,93.4159,90.7951,77.3777,53.6583,34.0864,19.7351,11.6427,7.46045,3.44735
83.757,-0.0000,0.0000,0.0000,6,195.09,-0.5933,0.0020,11886.1,0.0,13.5467,29.5369,46.4224,79.7606,103.772,100.997,99.2035,97.3924,95.916,94.227,92.2187,89.6386,76.9944,53.4618,33.9981,19.6996,11.627,7.45213,3.44438
83.782,-0.0000,0.0000,0.0000,6,194.71,-0.5936,0.0022,11863.1,0.0,13.5514,29.5546,46.4617,79.8656,102.496,99.7301,97.9459,96.1471,94.6825,93.0093,91.024,88.4842,76.609,53.2626,33.9074,19.6624,11.6103,7.44317,3.44111
83.800,-0.0000,0.0000,0.0000,6,194.33,-0.5939,0.0023,11840.1,0.0,13.5562,29.5728,46.5017,79.9723,101.222,98.4652,96.6906,94.9041,93.4515,91.7943,89.8321,87.3325,76.2211,53.0608,33.8149,19.6242,11.5929,7.43377,3.43763
83.827,-0.0000,0.0000,0.0000,6,193.96,-0.5943,0.0024,11817.1,0.0,13.5613,29.5914,46.5424,80.0801,99.949,97.2024,95.4375,93.6636,92.223,90.582,88.6429,86.1833,75.8333,52.8576,33.7209,19.5849,11.5748,7.42397,3.43396
83.844,-0.0000,0.0000,0.0000,6,193.58,-0.5947,0.0026,11794.3,0.0,13.5666,29.6104,46.5834,80.5062,98.6784,95.9417,94.1868,92.4257,90.9974,89.3725,87.4569,85.0373,75.4488,52.6545,33.626,19.5446,11.5561,7.41368,3.43005
83.870,-0.0000,0.0000,0.0000,6,193.21,-0.5952,0.0027,11771.5,0.0,13.572,29.6298,46.6252,101.395,97.4094,94.6831,92.9384,91.1903,89.7743,88.1659,86.2736,83.8939,75.0631,52.4496,33.5295,19.5034,11.5367,7.40298,3.42594
83.888,-0.0000,0.0000,0.0000,6,192.83,-0.5956,0.0028,11748.8,0.0,13.5777,29.6497,46.6677,100.129,96.1421,93.4265,91.6921,89.9571,88.5536,86.9617,85.093,82.7529,74.6757,52.2425,33.4312,19.461,11.5167,7.39182,3.42162
83.913,-0.0000,0.0000,1.0000,6,192.46,-0.5961,0.0030,11726.3,0.0,13.5836,29.67,46.711,98.8633,94.8764,92.1718,90.448,88.7263,87.3354,85.7602,83.9151,81.6143,74.287,52.0336,33.3314,19.4176,11.496,7.38023,3.4171
83.932,-0.0000,0.0000,1.0000,6,190.63,-0.5966,0.0031,11191.4,0.0,13.5895,29.6898,46.7525,97.6036,93.6173,90.9242,89.2114,87.5033,86.1253,84.5669,82.746,80.485,73.9235,51.8357,33.2353,19.375,11.4753,7.36851,3.41244
83.957,-0.0000,0.0000,1.0000,6,187.94,-0.5971,0.0032,10942.0,0.0,13.5952,29.7075,46.7882,96.3603,92.3761,89.6954,87.9939,86.2999,84.9352,83.3944,81.5983,79.3782,73.5095,51.6669,33.1507,19.336,11.4557,7.35709,3.40775
83.976,-0.0000,0.0000,1.0000,6,185.07,-0.5976,0.0032,10706.7,0.0,13.6007,29.7241,46.8213,95.1347,91.1535,88.4856,86.7958,85.116,83.7648,82.2417,80.4704,78.291,72.8543,51.5128,33.0718,19.2987,11.4366,7.34587,3.40306
84.001,-0.0000,0.0000,1.0000,6,182.10,-0.5982,0.0033,10482.1,0.0,13.6062,29.7404,46.8535,93.9272,89.9498,87.2948,85.6167,83.9512,82.6135,81.1079,79.3614,77.2219,72.1086,51.3636,32.9949,19.2621,11.4177,7.33471,3.39837
84.019,-0.0000,0.0000,1.0000,6,179.10,-0.5987,0.0034,10270.9,0.0,13.6117,29.7566,46.8852,92.7381,88.765,86.1231,84.4568,82.8056,81.4811,79.993,78.2708,76.1704,71.321,51.217,32.9189,19.2257,11.3989,7.32353,3.39365
84.044,-0.0000,0.0000,1.0000,6,176.09,-0.5992,0.0035,10070.7,0.0,13.6172,29.7726,46.9167,91.5675,87.5994,84.9707,83.3162,81.6791,80.3679,78.897,77.1988,75.1364,70.5122,51.0726,32.8437,19.1895,11.3801,7.31234,3.38892
84.063,-0.0000,0.0000,1.0000,6,173.12,-0.5998,0.0035,9878.55,0.0,13.6227,29.7885,46.9474,90.4156,86.4529,83.8375,82.1948,80.5718,79.2738,77.82,76.1454,74.1203,69.6939,50.932,32.77,19.1537,11.3614,7.30121,3.38418
84.088,-0.0000,0.0000,1.0000,6,170.19,-0.6003,0.0036,9690.74,0.0,13.6281,29.804,46.9773,89.2819,85.3254,82.7235,81.0925,79.4837,78.1987,76.7618,75.1107,73.122,68.8725,50.7954,32.6979,19.1186,11.3429,7.29014,3.37946
84.107,-0.0000,0.0000,1.0000,6,167.30,-0.6008,0.0037,9503.89,0.0,13.6334,29.819,47.0061,88.1666,84.2167,81.6285,80.0094,78.4145,77.1426,75.7225,74.0945,72.1415,68.0529,50.665,32.6283,19.0843,11.3247,7.27917,3.37474
84.132,-0.0000,0.0000,1.0000,6,164.47,-0.6014,0.0037,9316.19,0.0,13.6387,29.8336,47.0337,87.0693,83.1265,80.5521,78.9448,77.3641,76.1052,74.7018,73.0965,71.1786,67.2377,50.5412,32.5614,19.0506,11.3067,7.26828,3.37002
84.157,-0.0000,0.0000,1.0000,6,161.69,-0.6019,0.0038,9127.5,0.0,13.6439,29.8476,47.0597,85.9897,82.0547,79.4942,77.8989,76.3322,75.0862,73.6994,72.1168,70.2333,66.4291,50.4252,32.4977,19.0183,11.2891,7.25757,3.36534
84.176,-0.0000,0.0000,0.0000,6,158.95,-0.6024,0.0038,8940.96,0.0,13.649,29.8609,47.0841,84.9276,81.001,78.4546,76.8713,75.3185,74.0854,72.7152,71.155,69.3052,65.6282,50.3165,32.437,18.987,11.272,7.24702,3.3607
84.201,-0.0000,0.0000,0.0000,6,156.57,-0.6030,0.0038,9497.04,0.0,13.6543,29.8757,47.1124,83.8806,79.9623,77.4297,75.858,74.319,73.0983,71.744,70.2054,68.3878,64.8257,50.1897,32.3689,18.9532,11.254,7.23616,3.35601
84.218,-0.0000,0.0000,0.0000,6,154.94,-0.6035,0.0039,9471.5,0.0,13.6603,29.8947,47.151,82.8423,78.9316,76.412,74.8516,73.3255,72.1167,70.7774,69.259,67.4711,64.0097,50.0153,32.2807,18.9123,11.2334,7.2242,3.3511
84.245,-0.0000,0.0000,0.0000,6,153.49,-0.6041,0.0040,9383.95,0.0,13.6659,29.9106,47.1817,81.8153,77.9134,75.4077,73.8589,72.3463,71.1498,69.8261,68.3285,66.5713,63.2111,49.8791,32.2082,18.8765,11.2145,7.21288,3.34625
84.263,-0.0000,0.0000,0.0000,6,152.12,-0.6046,0.0040,9299.12,0.0,13.6711,29.9238,47.2051,80.7985,76.9068,74.4156,72.8789,71.3803,70.1965,68.8888,67.4126,65.6867,62.4267,49.7766,32.1492,18.8451,11.197,7.20196,3.34137
84.288,-0.0000,0.0000,0.0000,6,150.81,-0.6052,0.0041,9218.35,0.0,13.6761,29.9356,47.2253,79.7905,75.9096,73.4335,71.9091,70.4245,69.2535,67.962,66.5074,64.8127,61.6493,49.6894,32.0965,18.8159,11.1802,7.19134,3.33654
84.307,-0.0000,0.0000,0.0000,6,149.57,-0.6058,0.0041,9141.26,0.0,13.6813,29.9481,47.2467,78.7896,74.9198,72.4586,70.9465,69.4759,68.3176,67.0422,65.6087,63.9445,60.872,49.5964,32.0412,18.7856,11.1629,7.18047,3.33162
84.332,-0.0000,0.0000,0.0000,6,148.76,-0.6063,0.0041,9078.4,0.0,13.687,29.9636,47.2757,77.7926,73.9335,71.487,69.9868,68.5298,67.3838,66.1237,64.7106,63.0753,60.0861,49.4686,31.9712,18.7502,11.1437,7.16882,3.32654
84.350,-0.0000,0.0000,0.0000,6,148.50,-0.6069,0.0042,9054.48,0.0,13.6931,29.9819,47.3119,76.7955,72.9471,70.5149,69.0264,67.5827,66.4487,65.2037,63.8101,62.2025,59.2906,49.3093,31.8878,18.7099,11.1228,7.15639,3.32129
84.376,-0.0000,0.0000,0.0000,6,148.28,-0.6075,0.0043,9041.08,0.0,13.6994,30.0005,47.3486,75.7988,71.9614,69.5438,68.0671,66.637,65.515,64.285,62.911,61.3309,58.4939,49.148,31.8031,18.6689,11.1015,7.1437,3.31592
84.395,-0.0000,0.0000,1.0000,6,148.06,-0.6082,0.0044,9028.11,0.0,13.7058,30.0191,47.385,74.8026,70.9768,68.5742,67.1095,65.6929,64.5832,63.3683,62.0139,60.4611,57.697,48.9889,31.7189,18.6279,11.08,7.13088,3.31047
84.419,-0.0000,0.0000,1.0000,6,146.53,-0.6088,0.0044,8487.25,0.0,13.7121,30.037,47.4196,73.811,69.9975,67.6103,66.1578,64.7549,63.6574,62.4578,61.1232,59.5978,56.9047,48.8388,31.6382,18.5879,11.0587,7.11805,3.30495
84.438,-0.0000,0.0000,1.0000,6,144.31,-0.6094,0.0045,8209.55,0.0,13.7181,30.053,47.4491,72.8335,69.033,66.6614,65.2213,63.8325,62.7474,61.563,60.2483,58.7502,56.1269,48.7115,31.567,18.5511,11.0386,7.10573,3.29953
84.463,-0.0000,0.0000,1.0000,6,141.93,-0.6100,0.0045,7937.42,0.0,13.7238,30.0677,47.4756,71.8711,68.0843,65.7287,64.301,62.9261,61.8535,60.6845,59.3895,57.9184,55.3625,48.5977,31.5018,18.5166,11.0194,7.0938,3.29422
84.482,-0.0000,0.0000,1.0000,6,139.45,-0.6106,0.0046,7669.28,0.0,13.7294,30.0816,47.5,70.9245,67.1518,64.8122,63.397,62.036,60.9757,59.822,58.5464,57.1019,54.611,48.4932,31.4405,18.4835,11.0007,7.0821,3.28896
84.507,-0.0000,0.0000,1.0000,6,136.92,-0.6112,0.0046,7412.47,0.0,13.7348,30.0948,47.5228,69.9942,66.2359,63.9124,62.5097,61.1625,60.1145,58.9758,57.7194,56.3009,53.8724,48.3966,31.3828,18.4518,10.9826,7.07071,3.2838
84.526,-0.0000,0.0000,1.0000,6,134.37,-0.6118,0.0046,7170.28,0.0,13.7401,30.1072,47.5437,69.0803,65.3367,63.0294,61.639,60.3057,59.2698,58.146,56.9086,55.5155,53.1469,48.2856,31.3284,18.4214,10.965,7.05963,3.27875
84.551,-0.0000,0.0000,1.0000,6,131.81,-0.6124,0.0046,6950.0,0.0,13.7452,30.119,47.5634,68.183,64.4544,62.1632,60.7853,59.4655,58.4417,57.3326,56.1137,54.7455,52.4345,47.9964,31.2771,18.3922,10.9481,7.04879,3.27378
84.569,-0.0000,0.0000,1.0000,6,129.27,-0.6130,0.0046,6732.36,0.0,13.7502,30.1303,47.589,67.3023,63.5889,61.3139,59.9481,58.642,57.6301,56.5354,55.3347,53.9907,51.7352,47.6073,31.2286,18.3641,10.9315,7.03822,3.26889
84.595,-0.0000,0.0000,1.0000,6,126.78,-0.6136,0.0046,6514.55,0.0,13.755,30.1409,47.8856,66.4377,62.7399,60.481,59.1274,57.8347,56.8345,55.7541,54.5714,53.251,51.0486,47.1692,31.1825,18.3371,10.9155,7.02791,3.26411
84.614,-0.0000,0.0000,1.0000,6,124.34,-0.6141,0.0046,6294.69,0.0,13.7598,30.1511,70.0766,65.5892,61.907,59.6642,58.3227,57.0432,56.0546,54.9882,53.8232,52.5259,50.3744,46.7033,31.1386,18.3111,10.8999,7.01784,3.25942
84.638,-0.0000,0.0000,0.0000,6,121.94,-0.6147,0.0046,6071.12,0.0,13.7643,30.1609,69.2473,64.7563,61.0898,58.863,57.5335,56.2672,55.2901,54.2376,53.0896,51.8149,49.7123,46.2209,31.0966,18.2859,10.8847,7.00799,3.25482
84.657,-0.0000,0.0000,0.0000,6,119.65,-0.6152,0.0046,6848.82,0.0,13.7689,30.1705,68.4323,63.9383,60.2877,58.0769,56.7593,55.5059,54.54,53.501,52.37,51.1171,49.0615,45.7275,31.0551,18.2609,10.8697,6.99827,3.25027
84.682,-0.0000,0.0000,0.0000,6,117.86,-0.6157,0.0047,7187.62,0.0,13.7741,30.185,67.6273,63.13,59.4946,57.299,55.9926,54.7516,53.7964,52.7703,51.6551,50.4227,48.4103,45.2099,30.9908,18.2284,10.8521,6.98759,3.24562
84.701,-0.0000,0.0000,0.0000,6,116.62,-0.6163,0.0047,7142.98,0.0,13.7799,30.203,66.8289,62.3283,58.7075,56.5267,55.2314,54.0024,53.0575,52.0438,50.9438,49.7309,47.7592,44.6765,30.9107,18.1903,10.8326,6.9761,3.24083
84.726,-0.0000,0.0000,0.0000,6,115.51,-0.6168,0.0048,7073.1,0.0,13.7853,30.2179,66.0382,61.5357,57.9304,55.765,54.4809,53.264,52.3297,51.3286,50.2441,49.051,47.12,44.1499,30.8446,18.157,10.8147,6.96521,3.23611
84.745,-0.0000,0.0000,0.0000,6,114.47,-0.6173,0.0048,7007.52,0.0,13.7902,30.2302,65.2546,60.7513,57.1622,55.0125,53.7399,52.5355,51.6118,50.6235,49.5546,48.3815,46.4911,43.6279,30.7907,18.1279,10.7983,6.95495,3.2315
84.769,-0.0000,0.0000,0.0000,6,113.66,-0.6179,0.0048,6950.43,0.0,13.795,30.2418,64.4764,59.9731,56.4006,54.2668,53.0058,51.8138,50.9009,49.9253,48.872,47.7186,45.8681,43.1053,30.7405,18.1,10.7822,6.94481,3.22688
84.794,-0.0000,0.0000,0.0000,6,113.47,-0.6184,0.0049,6927.65,0.0,13.8,30.2539,63.6995,59.1967,55.6412,53.5233,52.2738,51.0944,50.1921,49.2292,48.1914,47.0573,45.2457,42.5766,30.6878,18.0712,10.7658,6.93452,3.22223
84.813,-0.0000,0.0000,0.0000,6,113.35,-0.6190,0.0049,6920.16,0.0,13.805,30.2663,62.9218,58.4203,54.8819,52.7803,51.5424,50.3755,49.484,48.5337,47.5112,46.3964,44.623,42.0424,30.634,18.0418,10.7491,6.92406,3.21752
84.838,-0.0000,0.0000,0.0000,6,113.24,-0.6195,0.0049,6913.27,0.0,13.81,30.2787,62.1435,57.6438,54.123,52.0377,50.8116,49.6573,48.7765,47.8389,46.8318,45.7362,44.0001,41.5036,30.5798,18.0123,10.7324,6.91355,3.21278
84.858,-0.0000,0.0000,1.0000,6,113.12,-0.6201,0.0049,6906.37,0.0,13.8151,30.2912,61.3643,56.8671,53.3643,51.2957,50.0814,48.9398,48.0698,47.1448,46.153,45.0764,43.3773,40.9606,30.5257,17.9827,10.7156,6.90301,3.20801
84.883,-0.0000,0.0000,1.0000,6,111.77,-0.6206,0.0050,6358.75,0.0,13.8201,30.3035,60.5881,56.0941,52.6097,50.5578,49.3554,48.2265,47.3672,46.455,45.4784,44.4206,42.7576,40.4169,30.4724,17.9534,10.6988,6.89248,3.20325
84.900,-0.0000,0.0000,1.0000,6,109.82,-0.6212,0.0050,6036.83,0.0,13.825,30.315,59.8231,55.3331,51.8672,49.8321,48.6416,47.5253,46.6768,45.7771,44.8155,43.7761,42.1483,39.8794,30.4226,17.9255,10.6826,6.8822,3.19855
84.925,-0.0000,0.0000,1.0000,6,107.74,-0.6217,0.0050,5703.82,0.0,13.8298,30.326,59.0708,54.5854,51.1382,49.1198,47.9411,46.8373,45.9994,45.112,44.1651,43.1439,41.5502,39.3491,30.3756,17.8985,10.6669,6.87219,3.19395
84.945,-0.0000,0.0000,1.0000,6,105.58,-0.6222,0.0050,5363.38,0.0,13.8343,30.3364,58.3319,53.8516,50.4232,48.4215,47.2545,46.163,45.3355,44.4603,43.5279,42.5243,40.9636,38.8266,30.3308,17.8727,10.6517,6.86247,3.18947
84.970,-0.0000,0.0000,1.0000,6,103.37,-0.6228,0.0050,5235.99,0.0,13.8388,30.3464,57.6068,53.1322,49.7226,47.7375,46.582,45.5027,44.6855,43.8222,42.9039,41.9176,40.3887,38.3122,30.2876,17.8476,10.6368,6.85293,3.18505
84.988,-0.0000,0.0000,1.0000,6,101.15,-0.6233,0.0050,5235.99,0.0,13.8432,30.3559,56.8958,52.4275,49.0367,47.068,45.9239,44.8567,44.0496,43.198,42.2935,41.3239,39.826,37.8068,30.2466,17.8235,10.6225,6.8437,3.18077
85.013,-0.0000,0.0000,1.0000,5.0,98.94,-0.6238,0.0050,5235.99,0.0,13.8474,30.3651,56.199,51.7373,48.3653,46.4129,45.2801,44.2247,43.4275,42.5874,41.6965,40.7432,39.275,37.31,30.207,17.8001,10.6085,6.83469,3.17658
85.032,-0.0000,0.0000,1.0000,5.0,96.76,-0.6243,0.0050,5235.99,0.0,13.8515,30.374,55.5162,51.0617,47.7085,45.7722,44.6505,43.6068,42.8193,41.9904,41.1127,40.1753,38.736,36.8224,30.169,17.7774,10.5949,6.82589,3.17247
85.056,-0.0000,0.0000,1.0000,5.0,94.61,-0.6247,0.0050,5235.99,0.0,13.8555,30.3827,54.8472,50.4002,47.0658,45.1455,44.0347,43.0024,42.2245,41.4067,40.5419,39.62,38.2083,36.3436,30.1317,17.7553,10.5816,6.81729,3.16846
85.076,-0.0000,0.0000,1.0000,5.0,92.52,-0.6252,0.0050,5235.99,0.0,13.8595,30.3912,54.1918,49.7528,46.4369,44.5324,43.4325,42.4115,41.6429,40.8359,39.9837,39.0768,37.6921,35.8737,30.0956,17.7336,10.5687,6.80891,3.16455
85.101,-0.0000,0.0000,1.0000,5.0,90.46,-0.6257,0.0050,5235.99,0.0,13.8633,30.3994,53.5498,49.1189,45.8217,43.9328,42.8435,41.8335,41.0742,40.2778,39.4378,38.5456,37.1867,35.4125,30.06,17.7126,10.556,6.8007,3.16072
85.120,-0.0000,0.0000,1.0000,5.0,88.44,-0.6261,0.0050,5235.99,0.0,13.8671,30.4075,52.9209,48.4985,45.2198,43.3463,42.2675,41.2685,40.5181,39.732,38.9041,38.026,36.6923,34.9601,30.0024,17.6918,10.5436,6.79267,3.15697
85.145,-0.0000,0.0000,1.0000,5.0,86.45,-0.6265,0.0050,5235.99,0.0,13.8707,30.4154,52.3049,47.8914,44.6311,42.7728,41.7043,40.716,39.9745,39.1985,38.3823,37.5181,36.2086,34.5165,29.8665,17.6716,10.5314,6.7848,3.1533
85.164,-0.0000,0.0000,0.0000,5.0,84.47,-0.6270,0.0050,5235.99,0.0,13.8743,30.4304,51.7018,47.2975,44.0555,42.2122,41.1539,40.1761,39.4433,38.6772,37.8724,37.0216,35.7357,34.0818,29.6829,17.652,10.5196,6.77721,3.14975
85.189,-0.0000,0.0000,0.0000,5.0,82.52,-0.6274,0.0050,5235.99,0.0,13.8778,30.5093,51.1115,46.7165,43.4928,41.6643,40.616,39.6485,38.9241,38.1677,37.3741,36.5364,35.2731,33.6559,29.4694,17.6326,10.508,6.76965,3.14623
85.206,-0.0000,0.0000,0.0000,5.0,80.58,-0.6278,0.0050,5235.99,0.0,13.8813,30.6928,50.534,46.1486,42.9429,41.129,40.0905,39.1332,38.4172,37.6702,36.8875,36.0625,34.8212,33.2389,29.2371,17.6137,10.4966,6.76233,3.1428
85.232,-0.0000,0.0000,0.0000,4.0,78.67,-0.6282,0.0050,5235.99,0.0,13.8846,31.0614,49.9691,45.5935,42.4057,40.6062,39.5774,38.63,37.9222,37.1845,36.4123,35.5997,34.3796,32.8307,28.992,17.5953,10.4855,6.75515,3.13946
85.251,-0.0000,0.0000,0.0000,4.0,77.03,-0.6286,0.0050,5235.99,0.0,13.8879,32.0498,49.416,45.0503,41.8803,40.095,39.0757,38.138,37.4382,36.7095,35.9477,35.147,33.9474,32.4306,28.7377,17.5766,10.4746,6.7481,3.13619
85.276,-0.0000,0.0000,0.0000,4.0,76.83,-0.6290,0.0050,5235.99,0.0,13.8914,53.5228,48.8676,44.5121,41.3598,39.5886,38.5787,37.6507,36.9588,36.239,35.4874,34.6985,33.5189,32.033,28.4732,17.557,10.4632,6.74087,3.13289
85.300,-0.0000,0.0000,0.0000,4.0,76.78,-0.6293,0.0050,5694.61,0.0,13.8947,52.9867,48.3189,43.9739,40.8398,39.0828,38.0824,37.1642,36.4801,35.7693,35.0278,34.2507,33.091,31.6356,28.1999,17.5381,10.4521,6.73378,3.12962
85.320,-0.0000,0.0000,0.0000,4.0,76.73,-0.6297,0.0050,5690.84,0.0,13.8981,52.4493,47.7695,43.4356,40.3198,38.5772,37.5864,36.6779,36.0018,35.2998,34.5685,33.8031,32.6631,31.2376,27.9183,17.519,10.4409,6.72665,3.12634
85.345,-0.0000,0.0000,0.0000,4.0,76.67,-0.6301,0.0050,5687.07,0.0,13.9015,51.9108,47.2196,42.897,39.7998,38.0718,37.0906,36.1919,35.5237,34.8308,34.1096,33.3557,32.2353,30.8391,27.6294,17.5,10.4297,6.7195,3.12305
85.363,-0.0000,0.0000,0.0000,4.0,76.62,-0.6305,0.0050,5683.29,0.0,13.9049,51.371,46.6689,42.3582,39.28,37.5666,36.595,35.7062,35.046,34.3619,33.6509,32.9086,31.8076,30.4402,27.3339,17.4809,10.4185,6.71236,3.11976
85.388,-0.0000,0.0000,0.0000,4.0,76.57,-0.6309,0.0050,5679.52,0.0,13.9082,50.83,46.1176,41.8192,38.7602,37.0616,36.0998,35.2207,34.5686,33.8935,33.1925,32.4617,31.3799,30.0408,27.0327,17.4618,10.4073,6.70521,3.11647
85.406,-0.0000,0.0000,0.0000,4.0,76.52,-0.6313,0.0050,5675.78,0.0,13.9116,50.2877,45.5656,41.28,38.2404,36.5567,35.6047,34.7356,34.0914,33.4253,32.7344,32.0151,30.9523,29.641,26.7263,17.4427,10.3961,6.69805,3.11317
85.432,-0.0000,0.0000,0.0000,4.0,76.47,-0.6317,0.0050,5672.06,0.0,13.915,49.7441,45.013,40.7405,37.7207,36.0521,35.1099,34.2508,33.6146,32.9574,32.2766,31.5687,30.5248,29.2409,26.4151,17.4236,10.3849,6.69089,3.10987
85.451,-0.0000,0.0000,0.0000,4.0,76.42,-0.6321,0.0050,5668.33,0.0,13.9184,49.1992,44.4596,40.2007,37.2011,35.5476,34.6153,33.7662,33.1381,32.4899,31.819,31.1226,30.0973,28.8404,26.0996,17.4045,10.3737,6.68371,3.10656
85.476,-0.0000,0.0000,0.0000,4.0,76.37,-0.6324,0.0050,5664.61,0.0,13.9218,48.653,43.9054,39.6607,36.6814,35.0433,34.121,33.2819,32.6619,32.0227,31.3618,30.6767,29.6699,28.4395,25.7802,17.3854,10.3625,6.67654,3.10326
85.494,-0.0000,0.0000,0.0000,4.0,76.32,-0.6328,0.0050,5660.88,0.0,13.9252,48.1055,43.3506,39.1204,36.1619,34.5392,33.627,32.798,32.1861,31.5557,30.9049,30.231,29.2427,28.0383,25.4572,17.3662,10.3512,6.66937,3.09996
85.520,-0.0000,0.0000,0.0000,4.0,76.27,-0.6332,0.0050,5657.14,0.0,13.9286,47.5565,42.795,38.5798,35.6424,34.0352,33.1331,32.3143,31.7105,31.0891,30.4483,29.7856,28.8154,27.6367,25.1308,17.3471,10.34,6.66217,3.09665
85.538,-0.0000,0.0000,0.0000,4.0,76.22,-0.6336,0.0050,5653.38,0.0,13.932,47.0062,42.2386,38.039,35.1229,33.5315,32.6396,31.8309,31.2352,30.6228,29.992,29.3405,28.3884,27.2349,24.8014,17.328,10.3288,6.65502,3.09335
85.564,-0.0000,1.0000,0.0000,4.0,76.17,-0.6340,0.0050,5649.64,0.0,13.9354,46.4544,41.6814,37.4978,34.6034,33.0279,32.1463,31.3478,30.7603,30.1569,29.536,28.8955,27.9614,26.8328,24.469,17.3088,10.3175,6.64784,3.09004
85.582,-0.0000,1.0000,0.0000,4.0,76.51,-0.6344,0.0050,5889.48,0.0,13.9388,45.9001,41.1223,36.9553,34.083,32.5236,31.6523,30.8641,30.2847,29.6903,29.0794,28.4501,27.5337,26.4297,24.1336,17.29,10.3064,6.64073,3.08676
85.607,-0.0000,1.0000,0.0000,4.0,77.03,-0.6348,0.0050,5924.31,0.0,13.9421,45.3404,40.5585,36.4088,33.5591,32.016,31.1552,30.3774,29.8064,29.2211,28.6201,28.0019,27.1033,26.0238,23.7934,17.2713,10.2953,6.63354,3.08342
85.626,-0.0000,1.0000,0.0000,4.0,77.54,-0.6352,0.0050,5957.62,0.0,13.9455,44.775,39.9897,35.8579,33.0314,31.5049,30.6547,29.8875,29.3248,28.7486,28.1578,27.5507,26.6699,25.6145,23.4483,17.2526,10.2841,6.62636,3.08008
85.651,-0.0000,0.0000,0.0000,4.0,78.06,-0.6356,0.0050,5989.97,0.0,13.9489,44.2039,39.4158,35.3026,32.4997,30.9902,30.1508,29.3943,28.84,28.273,27.6923,27.0964,26.2334,25.202,23.0984,17.2337,10.2729,6.61909,3.0767
85.670,0.2598,0.0000,0.0000,4.0,78.15,-0.6360,0.0050,5796.25,0.0,13.9524,43.6282,38.8379,34.744,31.9653,30.473,29.6445,28.8987,28.3529,27.7952,27.2246,26.6399,25.7946,24.787,22.7443,17.2144,10.2614,6.61174,3.0733
85.695,0.7829,0.0000,0.0000,4.0,78.07,-0.6362,0.0028,5790.8,0.0,13.922,43.131,38.3585,34.3005,31.5577,30.0891,29.2755,28.5442,28.0098,27.4645,26.9074,26.3375,25.5156,24.5387,22.5737,17.5123,10.3644,6.65172,3.07878
85.713,0.9680,0.0000,0.0000,4.0,77.93,-0.6355,-0.0052,5781.61,0.0,13.8069,42.8326,38.1242,34.1404,31.4598,30.0294,29.2392,28.5304,28.0135,27.4872,26.9506,26.403,25.6161,24.6841,22.8289,18.3602,10.7797,6.81917,3.10871
85.738,0.9751,0.0000,0.0000,4.0,77.72,-0.6338,-0.0185,5767.42,0.0,13.6139,42.7183,38.1143,34.2359,31.6385,30.2566,29.4954,28.8144,28.3188,27.8152,27.3031,26.7819,26.0357,25.1568,23.4215,19.4524,11.5769,7.13302,3.16638
85.757,0.8292,0.0000,0.0000,4.0,77.46,-0.6308,-0.0363,5749.28,0.0,13.3617,42.7473,38.2769,34.5244,32.0237,30.6954,29.9657,29.3144,28.8414,28.3616,27.8748,27.3806,26.6754,25.849,24.2314,20.6495,12.8584,7.61148,3.25309
85.782,0.2278,0.0000,0.0000,4.0,77.18,-0.6264,-0.0576,5729.61,0.0,13.0697,42.8762,38.5585,34.9433,32.5443,31.2736,30.5755,29.9536,29.5028,29.0462,28.5838,28.1152,27.4485,26.6701,25.1585,21.8789,14.8188,8.28401,3.36993
85.801,-0.0000,0.0000,0.0000,4.0,76.94,-0.6205,-0.0814,5710.81,0.0,12.7554,43.0651,38.9105,35.4367,33.1393,31.9264,31.2608,30.6674,30.2375,29.8027,29.3628,28.9178,28.2859,27.5503,26.1298,23.095,17.1345,9.19608,3.51811
85.826,-0.0000,0.0000,0.0000,4.0,76.84,-0.6133,-0.1039,5698.84,0.0,12.4636,43.1935,39.1862,35.8392,33.6313,32.4684,31.8314,31.2642,30.8533,30.4375,30.0168,29.5915,28.9885,28.288,26.9404,24.0928,18.7243,10.2788,3.6831
85.851,-0.0000,0.0000,0.0000,4.0,76.79,-0.6057,-0.1163,5694.91,0.0,12.2833,43.0053,39.0734,35.7989,33.6447,32.5126,31.8933,31.3423,30.9435,30.5403,30.1325,29.72,29.1355,28.4574,27.1559,24.4237,19.3767,11.0699,3.81348
85.869,-0.0000,0.0000,0.0000,4.0,76.73,-0.5978,-0.1211,5690.83,0.0,12.1762,42.5952,38.6899,35.452,33.329,32.2156,31.6073,31.0666,30.6755,30.2803,29.8809,29.4773,28.9053,28.2425,26.9728,24.32,19.4872,11.5472,3.91434
85.895,-0.0000,1.0000,0.0000,4.0,76.67,-0.5893,-0.1227,5686.95,0.0,12.0959,42.0943,38.1975,34.9831,32.8829,31.784,31.1843,30.6518,30.2669,29.8781,29.4856,29.0891,28.5275,27.8775,26.6345,24.0489,19.3939,11.8834,4.00517
85.913,-0.0000,1.0000,0.0000,4.0,77.03,-0.5805,-0.1233,5933.08,0.0,12.0235,41.5588,37.6649,34.47,32.3904,31.3047,30.713,30.188,29.8089,29.4262,29.0399,28.6501,28.0984,27.4604,26.2426,23.7201,19.2283,12.1707,4.09426
85.939,-0.0000,1.0000,0.0000,4.0,77.55,-0.5713,-0.1235,5966.76,0.0,11.9518,41.0087,37.117,33.9415,31.8822,30.8097,30.2259,29.7085,29.335,28.9582,28.5782,28.195,27.6531,27.027,25.8342,23.3734,19.0373,12.4471,4.18476
85.956,-0.0000,1.0000,0.0000,4.0,78.06,-0.5619,-0.1236,6002.65,0.0,11.88,40.4486,36.5593,33.4034,31.3648,30.3055,29.7297,29.2198,28.852,28.4812,28.1075,27.7309,27.1988,26.5847,25.4167,23.017,18.8305,12.6619,4.27673
85.982,-0.0000,1.0000,0.0000,4.0,78.58,-0.5524,-0.1235,6041.18,0.0,11.8073,39.8811,35.9948,32.8592,30.8418,29.7959,29.2282,28.7259,28.3638,27.9991,27.6318,27.2618,26.7395,26.1373,24.9942,22.6549,18.6128,12.8085,4.37013
86.001,-0.0000,1.0000,0.0000,4.0,79.11,-0.5426,-0.1235,6081.91,0.0,11.7337,39.3074,35.4253,32.3108,30.3149,29.2828,28.7234,28.2287,27.8725,27.5139,27.1529,26.7896,26.2772,25.6871,24.5687,22.2892,18.3868,12.9045,4.46484
86.026,-0.0000,1.0000,0.0000,4.0,79.63,-0.5328,-0.1235,6124.63,0.0,11.6592,38.7283,34.8513,31.7589,29.7851,28.767,28.2158,27.729,27.3787,27.0262,26.6717,26.3152,25.8127,25.2346,24.141,21.9208,18.1534,12.9602,4.56072
86.045,-0.0000,1.0000,0.0000,5.0,80.16,-0.5228,-0.1234,6168.51,0.0,11.5837,38.1438,34.2731,31.2036,29.2524,28.2486,27.7058,27.2269,26.8826,26.5364,26.1884,25.8386,25.3461,24.7801,23.7112,21.5497,17.9129,12.9825,4.65771
86.070,-0.0000,1.0000,0.0000,5.0,80.33,-0.5128,-0.1234,5551.13,0.0,11.5076,37.5546,33.6911,30.6453,28.7174,27.7279,27.1937,26.7228,26.3845,26.0446,25.7031,25.3602,24.8776,24.3237,23.2796,21.1759,17.6655,12.976,4.75544
86.089,-0.0000,1.0000,0.0000,5.0,80.28,-0.5028,-0.1234,5567.52,0.0,11.4314,36.9634,33.1081,30.0868,28.1823,27.2075,26.6819,26.219,25.8867,25.553,25.2181,24.882,24.4094,23.8675,22.8478,20.801,17.4123,12.9443,4.85331
86.114,-0.0000,1.0000,0.0000,5.0,80.25,-0.4928,-0.1234,5362.45,0.0,11.3551,36.3705,32.5245,29.5283,27.6477,26.6875,26.1706,25.7157,25.3895,25.0621,24.7338,24.4044,23.9418,23.4119,22.4163,20.4254,17.1538,12.891,4.95126
86.132,-0.0000,1.0000,0.0000,5.0,80.53,-0.4827,-0.1234,5525.44,0.0,11.2785,35.7748,31.9391,28.9688,27.1124,26.1671,25.6589,25.2121,24.8919,24.5709,24.2491,23.9265,23.4738,22.9558,21.9842,20.0482,16.8898,12.8186,5.04945
86.158,-0.0000,1.0000,0.0000,5.0,80.94,-0.4726,-0.1234,5552.04,0.0,11.2016,35.174,31.3498,28.4062,26.5745,25.6443,25.1449,24.7063,24.3922,24.0775,23.7623,23.4465,23.0037,22.4976,21.5499,19.6682,16.6196,12.7288,5.14821
86.176,-0.0000,1.0000,0.0000,5.0,81.36,-0.4624,-0.1234,5577.54,0.0,11.1248,34.5678,30.7561,27.8402,26.0337,25.1187,24.6282,24.1979,23.89,23.5816,23.273,22.9641,22.5313,22.037,21.1131,19.285,16.343,12.6229,5.24751
86.201,-0.0000,1.0000,0.0000,5.0,81.78,-0.4522,-0.1234,5604.03,0.0,11.0613,33.9559,30.1581,27.2707,25.4899,24.5903,24.1089,23.6869,23.3851,23.0832,22.7812,22.4791,22.0563,21.5739,20.6737,18.8986,16.0603,12.5021,5.34736
86.220,-0.0000,1.0000,0.0000,5.0,82.20,-0.4419,-0.1234,5631.99,0.0,11.0177,33.3384,29.5555,26.6976,24.943,24.0591,23.5868,23.1732,22.8777,22.5822,22.2868,21.9916,21.5788,21.1082,20.2316,18.5089,15.7715,12.3676,5.44771
86.245,-0.0000,1.0000,0.0000,5.0,82.61,-0.4316,-0.1234,5664.34,0.0,10.996,32.7149,28.9483,26.1208,24.3929,23.525,23.0618,22.6567,22.3675,22.0785,21.7898,21.5015,21.0987,20.6399,19.7869,18.1159,15.4768,12.2202,5.54857
86.263,-0.0000,1.0000,0.0000,5.0,83.03,-0.4212,-0.1234,5703.79,0.0,10.9991,32.0852,28.3361,25.54,23.8394,22.9876,22.5338,22.1372,21.8543,21.5719,21.2899,21.0085,20.6156,20.1687,19.3391,17.7193,15.1761,12.0605,5.64983
86.289,-0.0000,1.0000,0.0000,5.0,83.46,-0.4108,-0.1234,5730.32,0.0,11.03,31.4498,27.7197,24.9561,23.2833,22.4479,22.0034,21.6154,21.3389,21.063,20.7878,20.5134,20.1305,19.6955,18.8891,17.3199,14.8701,11.8899,5.74857
86.307,-0.0000,0.0000,0.0000,5.0,83.89,-0.4003,-0.1234,5757.7,0.0,11.0929,30.8082,27.0985,24.3685,22.7241,21.9053,21.4703,21.091,20.821,20.5517,20.2832,20.0157,19.6429,19.2197,18.4365,16.9173,14.5588,11.7086,5.82952
86.332,0.1317,0.0000,0.0000,5.0,83.98,-0.3897,-0.1234,5596.42,0.0,11.1931,30.1613,26.4734,23.778,22.1625,21.3605,20.9352,20.5647,20.3011,20.0384,19.7768,19.5162,19.1534,18.742,17.9818,16.5121,14.2426,11.5174,5.89152
86.351,0.2385,0.0000,0.0000,5.0,83.91,-0.3790,-0.1255,5591.97,0.0,11.3,29.5738,25.9119,23.2524,21.6658,20.8803,20.4643,20.1023,19.8449,19.5887,19.3336,19.0797,18.7264,18.3262,17.5876,16.1636,13.9747,11.3602,5.95134
86.376,0.3986,0.0000,0.0000,5.0,83.81,-0.3676,-0.1322,5586.01,0.0,11.3629,29.1187,25.4883,22.8653,21.3063,20.5361,20.1287,19.7744,19.5227,19.2722,19.0229,18.775,18.4302,18.0397,17.3196,15.9339,13.8105,11.2822,6.02834
86.395,0.6584,0.0000,0.0000,5.0,83.68,-0.3553,-0.1434,5578.21,0.0,11.3665,28.7956,25.2005,22.6131,21.0794,20.323,19.9232,19.5756,19.3288,19.0833,18.8391,18.5962,18.2587,17.8766,17.1718,15.8167,13.744,11.279,6.12413
86.420,1.0000,0.0000,0.0000,5.0,83.51,-0.3419,-0.1589,5567.88,0.0,11.3027,28.596,25.0383,22.4847,20.9738,20.2293,19.8361,19.4943,19.2517,19.0103,18.7704,18.5318,18.2002,17.825,17.1329,15.8012,13.7655,11.3435,6.23896
86.445,1.0000,0.0000,0.0000,5.0,83.28,-0.3271,-0.1781,5554.39,0.0,11.178,28.498,24.9786,22.4567,20.9661,20.232,19.8443,19.5074,19.2683,19.0305,18.794,18.5589,18.2322,17.8626,17.1808,15.8674,13.8574,11.4624,6.37005
86.464,1.0000,0.0000,0.0000,5.0,83.01,-0.3109,-0.2001,5537.89,0.0,11.0067,28.4776,24.9965,22.5041,21.0316,20.3065,19.9235,19.5909,19.3547,19.1198,18.8862,18.6541,18.3314,17.9663,17.2929,15.9944,14.0018,11.6218,6.51384
86.489,1.0000,0.0000,0.0000,5.0,82.71,-0.2936,-0.2095,5519.63,0.0,10.8041,28.5131,25.0701,22.6053,21.1491,20.4319,20.0532,19.7241,19.4905,19.2581,19.027,18.7972,18.478,18.1167,17.4501,16.1639,14.1835,11.8101,6.66713
86.506,1.0000,0.0000,0.0000,5.0,82.40,-0.2766,-0.2126,5500.27,0.0,10.5827,28.5891,25.1832,22.7445,21.3031,20.5931,20.2181,19.8921,19.6607,19.4305,19.2016,18.9739,18.6575,18.2994,17.6385,16.3624,14.3916,12.0188,6.82737
86.533,1.0000,0.0000,0.0000,5.0,82.08,-0.2599,-0.2169,5480.03,0.0,10.3515,28.6941,25.3244,22.9105,21.4829,20.7793,20.4076,20.0845,19.855,19.6268,19.3997,19.1739,18.8601,18.5047,17.8486,16.5807,14.6185,12.2421,6.993
86.551,1.0000,0.0000,0.0000,5.0,81.74,-0.2436,-0.2221,5459.15,0.0,10.1167,28.82,25.4855,23.0952,21.6805,20.9829,20.6142,20.2937,20.066,19.8395,19.6142,19.39,19.0784,18.7255,18.0736,16.8127,14.8574,12.4758,7.1628
86.576,1.0000,0.0000,0.0000,5.0,81.39,-0.2275,-0.2281,5437.27,0.0,9.88187,28.9626,25.6623,23.2945,21.892,21.2,20.8341,20.516,20.2899,20.065,19.8412,19.6186,19.309,18.9582,18.3101,17.0552,15.105,12.718,7.33597
86.595,1.0000,0.0000,0.0000,5.0,81.01,-0.2117,-0.2347,5414.33,0.0,9.65053,29.116,25.8487,23.5029,22.1119,21.4251,21.0619,20.746,20.5215,20.2981,20.0757,19.8544,19.5467,19.1979,18.5532,17.3035,15.3575,12.9656,7.51079
86.620,1.0000,0.0000,0.0000,5.0,80.62,-0.1961,-0.2417,5390.34,0.0,9.42511,29.2755,26.0404,23.7157,22.3358,21.6541,21.2933,20.9795,20.7565,20.5344,20.3134,20.0935,19.7875,19.4406,18.799,17.5541,15.6116,13.2153,7.68638
86.639,1.0000,0.0000,0.0000,5.0,80.21,-0.1807,-0.2490,5365.24,0.0,9.20689,29.438,26.2342,23.9298,22.5607,21.8838,21.5255,21.2137,20.992,20.7713,20.5516,20.3329,20.0286,19.6835,19.0448,17.8044,15.865,13.464,7.86211
86.664,1.0000,0.0000,0.0000,4.0,79.78,-0.1656,-0.2566,5339.02,0.0,8.99646,29.6012,26.4283,24.1432,22.7845,22.1123,21.7563,21.4465,21.2262,21.0068,20.7884,20.5709,20.2681,19.9247,19.289,18.0529,16.1163,13.7106,8.03759
86.682,1.0000,0.0000,0.0000,4.0,79.33,-0.1507,-0.2642,5937.24,0.0,8.79389,29.7638,26.6211,24.3547,23.0061,22.3385,21.9848,21.6769,21.4579,21.2398,21.0225,20.8062,20.505,20.1633,19.5303,18.2985,16.3647,13.9544,8.21255
86.708,1.0000,0.0000,0.0000,4.0,78.87,-0.1360,-0.2720,5934.48,0.0,8.59904,29.9252,26.812,24.5636,23.2248,22.5617,22.2102,21.9042,21.6865,21.4696,21.2535,21.0383,20.7387,20.3986,19.7683,18.5406,16.6096,14.1949,8.38684
86.726,1.0000,0.0000,0.0000,4.0,78.38,-0.1215,-0.2799,5840.16,0.0,8.41151,30.0852,27.0008,24.77,23.4404,22.7816,22.4324,22.1281,21.9117,21.696,21.4811,21.2671,20.9689,20.6304,20.0028,18.7792,16.851,14.4322,8.56048
86.751,1.0000,0.0000,0.0000,4.0,77.87,-0.1071,-0.2878,5802.84,0.0,8.23095,30.2437,27.1872,24.9739,23.6531,22.9984,22.6512,22.3488,22.1336,21.9191,21.7053,21.4924,21.1957,20.8588,20.2339,19.0142,17.0889,14.6663,8.73346
86.770,1.0000,0.0000,0.0000,4.0,77.34,-0.0929,-0.2959,5765.82,0.0,8.05691,30.4009,27.3715,25.1752,23.8631,23.2123,22.8671,22.5663,22.3523,22.139,21.9263,21.7145,21.4192,21.0839,20.4615,19.2459,17.3234,14.8972,8.90589
86.795,1.0000,0.0000,0.0000,4.0,76.79,-0.0789,-0.3036,5728.02,0.0,7.88906,30.5567,27.5537,25.3741,24.0706,23.4235,23.0802,22.781,22.568,22.3558,22.1442,21.9334,21.6396,21.3058,20.686,19.4743,17.5547,15.1252,9.07779
86.814,1.0000,0.0000,0.0000,4.0,76.22,-0.0651,-0.3108,5689.19,0.0,7.72707,30.7109,27.7336,25.5704,24.2753,23.632,23.2906,22.9929,22.781,22.5698,22.3592,22.1493,21.8568,21.5244,20.9072,19.6994,17.7828,15.3501,9.24871
86.839,0.8612,0.0000,0.0000,4.0,75.64,-0.0516,-0.3180,5649.28,0.0,7.57065,30.8634,27.9115,25.7642,24.4774,23.8377,23.4981,23.202,22.9912,22.7809,22.5713,22.3624,22.0711,21.74,21.1251,19.9212,18.0077,15.5721,9.4179
86.857,0.6797,0.0000,0.0000,4.0,75.05,-0.0382,-0.3253,5608.4,0.0,7.41957,31.014,28.087,25.9551,24.6764,24.0404,23.7026,23.408,23.1982,22.989,22.7803,22.5723,22.2823,21.9525,21.3398,20.1395,18.2291,15.791,9.58533
86.883,0.6263,1.0000,0.0000,4.0,74.47,-0.0251,-0.3326,5567.08,0.0,7.27361,31.1623,28.26,26.1429,24.8723,24.2399,23.9039,23.6108,23.4021,23.1938,22.9861,22.779,22.4902,22.1617,21.5511,20.3542,18.447,16.0066,9.75098
86.901,0.6335,1.0000,0.0000,4.0,74.16,-0.0121,-0.3398,6258.36,0.0,7.13335,31.3149,28.427,26.3244,25.0617,24.4329,24.0987,23.8071,23.5993,23.3921,23.1853,22.9792,22.6915,22.3644,21.7561,20.5625,18.6586,16.2166,9.91371
86.926,0.6370,1.0000,0.0000,4.0,74.05,0.0007,-0.3468,6471.49,0.0,6.99841,31.5037,28.5877,26.4994,25.2441,24.6189,24.2865,23.9964,23.7897,23.5834,23.3777,23.1724,22.8861,22.5603,21.9542,20.7642,18.8635,16.4206,10.0735
86.945,0.6441,1.0000,0.0000,4.0,74.01,0.0134,-0.3536,6609.03,0.0,6.86896,31.7319,28.7405,26.6665,25.4184,24.7966,24.466,24.1774,23.9717,23.7664,23.5617,23.3574,23.0723,22.7478,22.1441,20.9578,19.0604,16.6174,10.2294
86.970,0.6513,1.0000,0.0000,4.0,74.01,0.0259,-0.3599,6703.38,0.0,6.74649,31.9932,28.8783,26.8181,25.5773,24.9586,24.6297,24.3426,24.1379,23.9337,23.7299,23.5266,23.2428,22.9198,22.3185,21.1362,19.2428,16.8007,10.3781
86.995,0.6619,1.0000,0.0000,4.0,74.03,0.0382,-0.3653,6774.39,0.0,6.63218,32.2797,28.9945,26.9476,25.7138,25.0984,24.7712,24.4854,24.2818,24.0785,23.8757,23.6734,23.3909,23.0694,22.4706,21.2928,19.4043,16.9648,10.5162
87.014,0.6299,1.0000,0.0000,4.0,74.07,0.0502,-0.3698,6835.4,0.0,6.5263,32.5865,29.0897,27.0521,25.8252,25.2131,24.8875,24.6031,24.4005,24.1982,23.9963,23.7949,23.5138,23.1937,22.5977,21.4247,19.5423,17.1071,10.6421
87.039,0.3167,1.0000,0.0000,4.0,74.11,0.0619,-0.3734,6894.92,0.0,6.42824,32.9148,29.1912,27.1333,25.9132,25.3043,24.9803,24.6974,24.4957,24.2944,24.0935,23.893,23.6131,23.2946,22.7013,21.5334,19.6579,17.2285,10.7559
87.057,0.1246,1.0000,0.0000,4.0,74.14,0.0734,-0.3763,6958.71,0.0,6.33684,33.2721,29.3087,27.1967,25.9831,25.3773,25.0549,24.7734,24.5727,24.3723,24.1723,23.9728,23.6942,23.3771,22.7865,21.6238,19.7557,17.3333,10.8593
87.082,-0.0000,1.0000,0.0000,4.0,74.19,0.0845,-0.3787,7024.3,0.0,6.25089,33.6693,29.449,27.2481,26.0407,25.4379,25.1171,24.8369,24.6372,24.4377,24.2387,24.0401,23.7628,23.4471,22.859,21.7014,19.8409,17.4262,10.9547
87.101,-0.0000,1.0000,0.0000,4.0,74.29,0.0953,-0.3805,7087.14,0.0,6.16973,34.1155,29.6167,27.2922,26.0892,25.4893,25.17,24.8911,24.6923,24.4938,24.2957,24.0979,23.8219,23.5075,22.922,21.7692,19.9162,17.5095,11.0431
87.126,-0.0000,1.0000,0.0000,4.0,74.43,0.1057,-0.3810,7145.67,0.0,6.09326,34.6165,29.8142,27.3506,26.129,25.5318,25.214,24.9364,24.7384,24.5408,24.3436,24.1467,23.8719,23.5589,22.9758,21.8276,19.9821,17.5836,11.1248
87.145,-0.0000,1.0000,0.0000,4.0,74.57,0.1156,-0.3812,7200.39,0.0,6.02144,35.1778,30.0436,27.431,26.16,25.5655,25.249,24.9726,24.7756,24.5788,24.3824,24.1864,23.9127,23.601,23.0204,21.8768,20.0384,17.6483,11.1995
87.170,-0.0000,1.0000,0.0000,4.0,74.72,0.1251,-0.3810,7251.71,0.0,5.95453,35.8039,30.3054,27.5331,26.1901,25.5892,25.2741,24.9988,24.8026,24.6066,24.4111,24.2159,23.9433,23.6329,23.0546,21.9155,20.0841,17.7029,11.2667
87.189,-0.0000,1.0000,0.0000,4.0,74.87,0.1342,-0.3804,7301.75,0.0,5.8928,36.4993,30.6005,27.6566,26.2369,25.6057,25.2881,25.0139,24.8185,24.6233,24.4285,24.2341,23.9626,23.6535,23.0775,21.9429,20.1184,17.7463,11.3258
87.214,-0.0000,1.0000,0.0000,4.0,75.02,0.1427,-0.3793,7352.31,0.0,5.83643,37.2706,30.9303,27.8019,26.3006,25.6347,25.3,25.0183,24.8227,24.6284,24.4343,24.2407,23.9702,23.6623,23.0886,21.9584,20.1409,17.778,11.3764
87.233,-0.0000,1.0000,0.0000,4.0,75.17,0.1507,-0.3777,7404.92,0.0,5.78554,38.1276,31.2978,27.9702,26.3823,25.6795,25.3267,25.0299,24.8243,24.624,24.4287,24.2357,23.9663,23.6596,23.088,21.9622,20.1517,17.7982,11.4184
87.258,-0.0000,1.0000,0.0000,4.0,75.31,0.1582,-0.3757,7460.55,0.0,5.74008,39.085,31.7085,28.1644,26.4837,25.7419,25.3699,25.0571,24.8407,24.6297,24.4242,24.2239,23.9519,23.6463,23.0769,21.9552,20.1518,17.8078,11.4522
87.277,-0.0000,1.0000,0.0000,4.0,75.44,0.1651,-0.3734,7519.59,0.0,5.69995,40.1635,32.1703,28.3891,26.6084,25.8247,25.4323,25.1026,24.8745,24.6524,24.4361,24.2253,23.9393,23.6249,23.0568,21.9392,20.1427,17.808,11.4784
87.301,0.5267,1.0000,0.0000,4.0,75.58,0.1714,-0.3708,7581.34,0.0,5.66494,41.391,32.6939,28.6504,26.7608,25.932,25.5177,25.1698,24.9293,24.6952,24.4673,24.2454,23.9445,23.6139,23.0297,21.9161,20.1262,17.8007,11.4979
87.320,0.7651,1.0000,0.0000,4.0,75.69,0.1771,-0.3681,7645.17,0.0,5.63471,42.8073,33.2948,28.9574,26.9479,26.0698,25.6315,25.2639,25.01,24.763,24.5227,24.2888,23.9718,23.6238,23.0095,21.8885,20.1049,17.7882,11.5119
87.345,0.8755,1.0000,0.0000,4.0,75.75,0.1822,-0.3655,7712.01,0.0,5.60869,44.4721,33.9961,29.3239,27.1802,26.2474,25.7827,25.3934,25.1247,24.8635,24.6095,24.3625,24.028,23.661,23.014,21.8605,20.0825,17.7739,11.5223
87.364,0.8861,1.0000,0.0000,4.0,75.76,0.1865,-0.3631,7783.7,0.0,5.58653,46.4612,34.8245,29.765,27.4689,26.4747,25.9804,25.5668,25.2816,25.0046,24.7355,24.474,24.12,23.7321,23.0491,21.8377,20.0619,17.7602,11.5305
87.389,0.7972,1.0000,0.0000,4.0,75.71,0.1902,-0.3611,7860.74,0.0,5.56796,48.8779,35.8134,30.2985,27.8271,26.7628,26.2349,25.7939,25.4901,25.1953,24.9091,24.6313,24.2555,23.8442,23.1212,21.842,20.0454,17.7494,11.5374
87.408,0.5410,1.0000,0.0000,4.0,75.62,0.1932,-0.3595,7942.73,0.0,5.5527,51.8691,37.0061,30.947,28.2707,27.1253,26.5589,26.0863,25.7613,25.4462,25.1406,24.8441,24.4437,24.0058,23.2377,21.8828,20.0354,17.7434,11.5441
87.432,0.1068,1.0000,0.0000,4.0,75.49,0.1954,-0.3585,8028.6,0.0,5.54048,55.6522,38.4604,31.7387,28.8195,27.5791,26.9676,26.4584,26.1088,25.7701,25.4421,25.1242,24.6953,24.2271,23.4075,21.9667,20.0339,17.7441,11.5514
87.451,-0.0000,1.0000,0.0000,4.0,75.34,0.1969,-0.3583,8116.94,0.0,5.53105,60.5576,40.2534,32.7091,29.4972,28.1439,27.4791,26.9269,26.5482,26.1821,25.8278,25.4849,25.023,24.5196,23.6403,22.1013,20.0496,17.7529,11.5603
87.477,-0.0000,1.0000,0.0000,4.0,75.19,0.1975,-0.3587,8206.53,0.0,5.52441,67.1096,42.4872,33.9015,30.3317,28.8424,28.1139,27.5104,27.0973,26.6985,26.3132,25.9408,25.4401,24.8954,23.9468,22.2941,20.1057,17.7701,11.5707
87.496,-0.0000,1.0000,0.0000,4.0,75.06,0.1975,-0.3599,8296.39,0.0,5.52035,76.2318,45.3147,35.377,31.3616,29.7058,28.9,28.2344,27.7799,27.3419,26.9195,26.5119,25.9648,25.3712,24.3406,22.5552,20.2096,17.7965,11.5832
87.521,-0.0000,1.0000,0.0000,4.0,74.92,0.1966,-0.3618,8384.59,0.0,5.51888,89.6571,48.9571,37.2152,32.6345,30.7717,29.8706,29.1289,28.6239,28.1381,27.6707,27.2205,26.6177,25.9653,24.8371,22.8951,20.3671,17.8318,11.5976
87.540,-0.0000,1.0000,0.0000,4.0,74.77,0.1951,-0.3643,8470.96,0.0,5.52041,111.041,53.7406,39.518,34.2068,32.0831,31.0632,30.2272,29.6597,29.1154,28.5928,28.0907,27.4201,26.6967,25.4511,23.3235,20.5832,17.875,11.6128
87.565,-0.0000,1.0000,0.0000,4.0,74.59,0.1927,-0.3673,8557.12,0.0,5.5255,149.852,60.1988,42.4316,36.1559,33.6977,32.5273,31.5728,30.9274,30.31,29.7191,29.1529,28.3992,27.589,26.2013,23.8518,20.8632,17.948,11.6275
87.584,-0.0000,1.0000,0.0000,4.0,74.38,0.1896,-0.3706,8645.55,0.0,5.53452,200.0,69.2866,46.183,38.5959,35.6992,34.3344,33.2282,32.4836,31.7739,31.097,30.4506,29.5931,28.6755,27.1136,24.4963,21.215,18.0626,11.641
87.609,-0.0000,1.0000,0.0000,4.0,74.13,0.1857,-0.3743,8738.64,0.0,5.54757,200.0,82.9057,51.1456,41.7044,38.2153,36.5927,35.2873,34.4135,33.5845,32.7969,32.0478,31.0586,30.0056,28.2263,25.281,21.6506,18.2241,11.6533
87.627,-0.0000,1.0000,0.0000,4.0,73.84,0.1811,-0.3785,8838.21,0.0,5.56454,53.5794,105.444,57.9747,45.7693,41.4475,39.4706,37.8951,36.8479,35.8597,34.9257,34.0416,32.8806,31.6526,29.5959,26.241,22.1875,18.4401,11.6648
87.652,-0.0000,1.0000,0.0000,4.0,73.51,0.1756,-0.3833,8945.39,0.0,5.58507,24.4882,149.749,67.9227,51.283,45.7271,43.2405,41.2829,39.9932,38.7845,37.6494,36.5817,35.1891,33.7278,31.3069,27.4272,22.8507,18.7216,11.6765
87.672,-0.0000,1.0000,0.0000,4.0,73.13,0.1693,-0.3889,9058.9,0.0,5.60878,18.5122,200.0,83.69,59.1495,51.6302,48.3644,45.8348,44.1881,42.6587,41.2347,39.9056,38.1873,36.4026,33.486,28.9139,23.6749,19.0836,11.6898
87.696,-0.0000,1.0000,0.0000,4.0,72.69,0.1623,-0.3952,9177.54,0.0,5.63528,15.841,200.0,112.336,71.2113,60.2425,55.6833,52.2328,50.0232,47.9965,46.131,44.4082,42.2071,39.9512,36.3299,30.8097,24.708,19.5452,11.7059
87.716,-0.0000,1.0000,0.0000,4.0,72.19,0.1545,-0.4024,9300.46,0.0,5.66427,14.2725,67.1702,179.974,91.8871,73.8776,66.9023,61.806,58.6218,55.7536,53.1568,50.7949,47.8259,44.8389,40.1577,33.2797,26.0173,20.1315,11.7259
87.741,-0.0000,0.0000,0.0000,4.0,71.63,0.1459,-0.4105,9427.24,0.0,5.69557,13.2072,36.2789,200.0,135.101,98.5018,86.0869,77.5471,72.4221,67.9374,63.9804,60.4632,56.1491,51.9246,45.5265,36.5881,27.7,20.8757,11.7508
87.760,-0.0000,0.0000,0.0000,4.0,70.95,0.1366,-0.4194,8290.63,0.0,5.72954,12.4241,26.4788,145.615,200.0,155.228,125.638,107.692,97.7295,89.4606,82.4877,76.5285,69.5074,62.9215,53.454,41.1573,29.889,21.8158,11.7799
87.785,-0.0000,0.0000,0.0000,4.0,70.10,0.1266,-0.4282,7388.12,0.0,5.76876,11.8501,21.7448,55.2294,200.0,200.0,200.0,183.985,155.865,135.209,119.396,106.901,93.251,81.3889,65.7442,47.5629,32.7017,22.9626,11.8043
87.804,-0.0000,0.0000,0.0000,4.0,69.11,0.1159,-0.4362,6687.41,0.0,5.8151,11.4361,19.0249,36.8485,84.9483,200.0,200.0,200.0,200.0,200.0,200.0,182.14,144.742,117.251,86.4957,56.8165,36.2968,24.3238,11.8162
87.829,-0.0000,0.0000,0.0000,4.0,68.01,0.1047,-0.4430,6166.21,0.0,5.86887,11.136,17.2904,29.0288,49.3122,75.9246,106.656,165.185,200.0,200.0,200.0,200.0,200.0,200.0,128.13,71.0835,40.962,25.9294,11.8288
87.847,-0.0000,0.0000,0.0000,4.0,66.85,0.0929,-0.4489,5783.83,0.0,5.9293,10.9116,16.0935,24.7121,36.6232,48.3229,58.267,71.0775,84.3279,103.66,134.507,191.51,200.0,200.0,200.0,95.8862,47.2422,27.8454,11.8548
87.872,-0.0000,0.0000,0.0000,4.0,65.65,0.0806,-0.4540,5499.12,0.0,5.99512,10.7347,15.2108,21.96,30.0862,36.9661,42.1146,47.9681,53.2606,59.8709,68.3604,79.6624,103.672,158.188,200.0,150.112,56.2046,30.1855,11.8972
87.891,-0.2155,0.0000,0.0000,4.0,64.43,0.0678,-0.4587,5279.96,0.0,6.06512,10.587,14.5234,20.0334,26.0674,30.7282,33.9782,37.4499,40.4023,43.8636,47.9776,52.9476,61.9382,76.8687,140.395,200.0,70.1251,33.1272,11.9602
87.917,-0.8622,0.0000,0.0000,4.0,63.21,0.0546,-0.4632,5235.99,0.0,6.13838,10.4578,13.9654,18.5959,23.3252,26.7562,29.043,31.3959,33.3276,35.5154,38.0137,40.8936,45.7518,52.9507,75.1633,200.0,94.7547,36.9442,12.0474
87.936,-1.0000,0.0000,0.0000,4.0,62.01,0.0411,-0.4677,5235.99,0.0,6.21437,10.3424,13.5005,17.4766,21.3261,23.9943,25.7177,27.447,28.8346,30.3725,32.0862,34.0077,37.1247,41.4771,53.1979,122.87,149.925,42.0732,12.1613
87.960,-1.0000,0.0000,0.0000,4.0,60.86,0.0273,-0.4718,5235.99,0.0,6.29315,10.2399,13.109,16.5834,19.8084,21.9677,23.3308,24.6744,25.7354,26.8939,28.1639,29.5622,31.7746,34.7536,42.1918,74.0167,200.0,49.2447,12.3019
87.979,-1.0000,0.0000,0.0000,3.0,59.82,0.0132,-0.4754,5235.99,0.0,6.3754,10.1529,12.7825,15.8663,18.6339,20.4381,21.5574,22.6463,23.4961,24.4141,25.4089,26.4902,28.1723,30.3827,35.6448,54.697,200.0,59.753,12.4654
88.005,-1.0000,0.0000,0.0000,3.0,58.88,-0.0011,-0.4779,5777.94,0.0,6.46197,10.0836,12.5153,15.2923,17.7178,19.2661,20.2139,21.1267,21.8329,22.5898,23.4028,24.2785,25.6241,27.3622,31.3679,44.4771,149.28,76.2238,12.6454
88.024,-1.0000,0.0000,0.0000,3.0,58.02,-0.0156,-0.4792,5775.87,0.0,6.55359,10.0329,12.3013,14.8357,17.0012,18.3605,19.184,19.9709,20.5757,21.2199,21.9075,22.6429,23.7627,25.1911,28.4074,38.2503,91.748,105.029,12.8348
88.049,-1.0000,0.0000,0.0000,3.0,57.25,-0.0301,-0.4790,5455.16,0.0,6.65088,10.0001,12.134,14.4753,16.4402,17.6572,18.3885,19.083,19.6139,20.1768,20.7746,21.4106,22.3723,23.5875,26.2772,34.1279,68.7544,166.809,13.0267
88.068,-1.0000,0.0000,0.0000,3.0,56.56,-0.0448,-0.4772,5363.82,0.0,6.75415,9.98323,12.0063,14.1928,16.0012,17.1091,17.7704,18.3955,18.8713,19.374,19.9057,20.469,21.3163,22.379,24.7008,31.2463,56.5426,200.0,13.2154
88.092,-1.0000,0.0000,0.0000,3.0,55.97,-0.0595,-0.4739,5284.29,0.0,6.85778,9.97979,11.9112,13.9728,15.6573,16.6803,17.2876,17.8594,18.2932,18.7501,19.232,19.7408,20.5028,21.4531,23.5083,29.1519,49.0668,200.0,13.3967
88.111,-1.0000,0.0000,0.0000,3.0,55.46,-0.0742,-0.4691,5235.99,0.0,6.957,9.98702,11.8424,13.8022,15.3877,16.3434,16.9084,17.4386,17.8398,18.2614,18.7048,19.1718,19.8687,20.734,22.5903,27.5844,44.082,200.0,13.5679
88.136,-1.0000,0.0000,0.0000,3.0,55.04,-0.0889,-0.4629,5235.99,0.0,7.05134,10.0023,11.7942,13.6706,15.1758,16.0778,16.609,17.1063,17.4818,17.8755,18.2887,18.723,19.3695,20.1689,21.8731,26.3844,40.5638,172.057,13.7271
88.155,-1.0000,0.0000,0.0000,3.0,54.70,-0.1035,-0.4553,5235.99,0.0,7.14073,10.0246,11.7641,13.5723,15.0129,15.8719,16.3762,16.8473,17.2024,17.5741,17.9636,18.3723,18.9791,19.7274,21.3141,25.4607,38.0051,127.409,13.8697
88.180,-1.0000,0.0000,0.0000,3.0,54.43,-0.1180,-0.4461,5235.99,0.0,7.2256,10.055,11.7527,13.507,14.8967,15.722,16.2053,16.6561,16.9953,17.35,17.7212,18.11,18.6863,19.3953,20.8925,24.7654,36.1431,104.816,13.9856
88.199,-1.0000,0.0000,0.0000,3.0,54.25,-0.1324,-0.4354,5235.99,0.0,7.30612,10.0936,11.7594,13.4726,14.8236,15.6232,16.0907,16.5261,16.8533,17.1951,17.5524,17.9263,18.4797,19.1592,20.5894,24.2599,34.8044,91.7213,14.0671
88.224,-1.0000,0.0000,0.0000,3.0,54.15,-0.1466,-0.4231,5235.99,0.0,7.38185,10.1387,11.7812,13.4641,14.7865,15.5673,16.023,16.4469,16.7653,17.0976,17.4447,17.8075,18.344,19.0018,20.3827,23.9052,33.8545,83.538,14.1132
88.243,-1.0000,0.0000,0.0000,3.0,54.12,-0.1604,-0.4208,5235.99,0.0,7.45213,10.188,11.8142,13.4757,14.7776,15.5448,15.9921,16.4078,16.7198,17.0453,17.3849,17.7398,18.2641,18.9062,20.2515,23.6673,33.1929,78.2032,14.1269
88.268,-0.5124,0.0000,0.0000,3.0,54.16,-0.1727,-0.4259,5235.99,0.0,7.51639,10.2394,11.8554,13.5027,14.7909,15.5489,15.9904,16.4006,16.7082,17.0289,17.3635,17.7129,18.2288,18.86,20.1807,23.5223,32.7536,74.6991,14.1117
88.293,-0.0000,0.0000,0.0000,3.0,54.24,-0.1834,-0.4298,5235.99,0.0,7.5741,10.2912,11.9017,13.5409,14.8208,15.573,16.011,16.4176,16.7225,17.0402,17.3716,17.7175,18.228,18.8522,20.1569,23.4499,32.4855,72.4412,14.0731
88.311,-0.0000,0.0000,0.0000,3.0,54.31,-0.1925,-0.4330,5235.99,0.0,7.62356,10.3362,11.9426,13.5754,14.8489,15.5967,16.0318,16.4356,16.7383,17.0537,17.3826,17.7257,18.232,18.8507,20.1428,23.3973,32.2793,70.7234,14.0358
88.336,-0.0000,0.0000,0.0000,3.0,54.33,-0.2001,-0.4359,5235.99,0.0,7.66379,10.3704,11.972,13.598,14.8647,15.6079,16.0402,16.4413,16.7418,17.0549,17.3812,17.7217,18.2237,18.837,20.117,23.335,32.0746,69.1971,14.0149
88.355,-0.0000,0.0000,0.0000,3.0,54.31,-0.2061,-0.4388,5235.99,0.0,7.69405,10.3907,11.985,13.6018,14.8599,15.5975,16.0263,16.424,16.7219,17.0322,17.3556,17.6928,18.19,18.797,20.0629,23.2398,31.8261,67.6273,14.0234
88.380,-0.0000,0.0000,0.0000,3.0,54.26,-0.2106,-0.4417,5235.99,0.0,7.71467,10.3983,11.9837,13.5897,14.838,15.5693,15.9943,16.3883,16.6834,16.9906,17.3107,17.6445,18.1363,18.7367,19.9876,23.1216,31.5522,66.0955,14.0571
88.399,-0.0000,0.0000,0.0000,3.0,54.20,-0.2135,-0.4445,5235.99,0.0,7.72577,10.394,11.9692,13.563,14.8006,15.5252,15.946,16.3361,16.6281,16.9321,17.2488,17.5789,18.0653,18.6586,19.8941,22.9842,31.2605,64.6257,14.1147
88.423,-0.0000,0.0000,0.0000,3.0,54.13,-0.2149,-0.4472,5235.99,0.0,7.7274,10.3779,11.9416,13.5223,14.7484,15.4658,15.8823,16.2682,16.5571,16.8577,17.1708,17.4971,17.9778,18.5639,19.7836,22.8293,30.9535,63.2206,14.196
88.443,-0.0000,0.0000,0.0000,3.0,54.06,-0.2148,-0.4497,5235.99,0.0,7.71958,10.3502,11.9013,13.4677,14.6817,15.3915,15.8034,16.1851,16.4706,16.7678,17.0772,17.3996,17.8743,18.453,19.6565,22.6576,30.6324,61.8749,14.3009
88.469,-0.0000,0.0000,0.0000,3.0,53.99,-0.2131,-0.4521,5235.99,0.0,7.70231,10.311,11.8482,13.3993,14.6004,15.3023,15.7094,16.0866,16.3687,16.6623,16.9678,17.2862,17.7548,18.3259,19.5129,22.4687,30.2958,60.5764,14.4304
88.487,-0.2791,0.0000,0.0000,3.0,53.93,-0.2098,-0.4543,5235.99,0.0,7.67562,10.2601,11.7824,13.3171,14.5046,15.1981,15.6003,15.9727,16.2513,16.5411,16.8427,17.1568,17.6191,18.1824,19.3525,22.2625,29.9431,59.3148,14.5847
88.511,-0.9823,0.0000,0.0000,3.0,53.88,-0.2050,-0.4562,5235.99,0.0,7.64012,10.1997,11.7066,13.2248,14.3987,15.0839,15.4812,15.849,16.1241,16.4102,16.7079,17.0179,17.4741,18.0298,19.1835,22.0499,29.5939,58.1616,14.7568
88.530,-1.0000,0.0000,0.0000,3.0,53.88,-0.1987,-0.4577,5235.99,0.0,7.59644,10.1317,11.6239,13.1264,14.2877,14.9652,15.358,15.7216,15.9935,16.2762,16.5704,16.8767,17.3274,17.8762,19.0153,21.8431,29.2702,57.1932,14.9373
88.556,-1.0000,0.0000,0.0000,3.0,53.89,-0.1911,-0.4567,5235.99,0.0,7.55051,10.077,11.5643,13.0624,14.2206,14.8966,15.2885,15.6513,15.9227,16.2048,16.4985,16.8043,17.2542,17.8021,18.9398,21.7655,29.1973,57.2747,15.0362
88.574,-1.0000,0.0000,0.0000,3.0,53.99,-0.1825,-0.4477,5235.99,0.0,7.51975,10.0954,11.6148,13.1503,14.3412,15.0379,15.4423,15.817,16.0975,16.3894,16.6934,17.0102,17.4767,18.0457,19.2294,22.1846,30.0607,61.2493,14.8049
88.598,-0.8445,0.0000,0.0000,3.0,54.22,-0.1731,-0.4311,5235.99,0.0,7.50442,10.1871,11.7767,13.3936,14.6555,15.3968,15.8283,16.2289,16.5292,16.8422,17.1685,17.5092,18.0117,18.6261,19.9099,23.1472,32.0094,70.8375,14.3027
88.618,-0.6113,0.0000,0.0000,3.0,54.58,-0.1626,-0.4093,5235.99,0.0,7.49957,10.3346,12.0265,13.7637,15.1315,15.9402,16.4126,16.8524,17.1828,17.5278,17.8884,18.2655,18.8235,19.5081,20.9474,24.6315,35.1362,89.8887,13.6798
88.642,-0.0000,0.0000,0.0000,3.0,54.94,-0.1508,-0.3852,5235.99,0.0,7.49682,10.5089,12.3242,14.2092,15.7095,16.6035,17.1281,17.6181,17.9873,18.3736,18.7785,19.203,19.8334,20.6103,22.2565,26.5511,39.4768,128.797,13.08
88.661,-0.0000,0.0000,0.0000,3.0,55.21,-0.1376,-0.3615,5235.99,0.0,7.48866,10.6831,12.6304,14.6779,16.3269,17.3179,17.9024,18.4503,18.8645,19.2991,19.7558,20.2361,20.9521,21.8391,23.7356,28.7938,45.0589,200.0,12.5797
88.686,-0.0000,0.0000,0.0000,3.0,55.35,-0.1234,-0.3415,5235.99,0.0,7.46382,10.8121,12.8763,15.0717,16.8595,17.9424,18.5843,19.1881,19.6458,20.1274,20.6348,21.1702,21.971,22.9681,25.1186,30.982,51.1944,200.0,12.2465
88.704,-0.0000,0.0000,0.0000,3.0,55.40,-0.1083,-0.3276,5235.99,0.0,7.41283,10.8564,12.9975,15.2945,17.1804,18.3298,19.0136,19.6584,20.1483,20.6649,21.2104,21.7871,22.6523,23.7337,26.0819,32.597,56.403,200.0,12.106
88.730,-0.0000,0.0000,0.0000,3.0,55.40,-0.0923,-0.3200,5235.99,0.0,7.33392,10.8062,12.976,15.3151,17.2448,18.4249,19.1285,19.793,20.2985,20.8322,21.3963,21.9936,22.8911,24.0156,26.4669,33.3392,59.3751,200.0,12.1362
88.755,-0.8975,0.0000,0.0000,3.0,55.38,-0.0758,-0.3171,5235.99,0.0,7.23332,10.6831,12.843,15.176,17.1042,18.2851,18.9897,19.6555,20.1624,20.6976,21.2638,21.8635,22.7653,23.896,26.3651,33.3162,60.0441,200.0,12.2866
88.773,-1.0000,0.0000,0.0000,3.0,55.33,-0.0591,-0.3137,5235.99,0.0,7.13346,10.5655,12.7194,15.0513,16.9831,18.1681,18.8758,19.5452,20.055,20.5938,21.1639,21.7682,22.6777,23.8194,26.3171,33.3851,61.0709,200.0,12.4238
88.799,-1.0000,0.0000,0.0000,3.0,55.21,-0.0431,-0.3043,5235.99,0.0,7.05992,10.5382,12.7358,15.1306,17.1271,18.3575,19.0945,19.793,20.326,20.8901,21.4881,22.123,23.0808,24.2869,26.9405,34.5611,66.1018,200.0,12.4065
88.817,-1.0000,0.0000,0.0000,3.0,55.02,-0.0281,-0.2899,5235.99,0.0,7.01198,10.5939,12.8817,15.401,17.5229,18.8406,19.6336,20.3877,20.9648,21.5772,22.2282,22.9215,23.9714,25.3003,28.2515,36.9432,76.7139,139.967,12.265
88.843,-0.5159,0.0000,0.0000,3.0,54.80,-0.0144,-0.2719,5235.99,0.0,6.98769,10.7244,13.1467,15.8522,18.1632,19.6135,20.4919,21.3313,21.9763,22.6634,23.3966,24.1807,25.3745,26.897,30.3244,40.8031,97.5101,99.09,12.0382
88.861,-0.0000,0.0000,0.0000,3.0,54.60,-0.0020,-0.2510,5235.99,0.0,6.98585,10.9262,13.5292,16.4891,19.0633,20.7009,21.7014,22.6634,23.4068,24.2024,25.056,25.974,27.3821,29.1963,33.3574,46.7846,144.585,74.3918,11.7575
88.886,-0.0000,0.0000,0.0000,3.0,54.58,0.0093,-0.2305,5235.99,0.0,6.99328,11.1525,13.9569,17.2088,20.0936,21.9572,23.1067,24.22,25.0857,26.0176,27.0236,28.1127,29.7978,31.9954,37.152,54.9811,200.0,59.9927,11.4946
88.905,-0.0000,1.0000,0.0000,3.0,54.61,0.0205,-0.2186,5235.99,0.0,6.96649,11.2403,14.1591,17.5854,20.6636,22.6719,23.9184,25.1316,26.0788,27.1023,28.2117,29.4181,31.2957,33.7647,39.6504,61.0535,200.0,54.2868,11.4033
88.930,-0.0000,1.0000,0.0000,3.0,54.97,0.0319,-0.2149,5262.77,0.0,6.90139,11.1764,14.108,17.5631,20.6799,22.72,23.9889,25.2257,26.1927,27.239,28.3745,29.6113,31.5398,34.083,40.1779,62.7376,200.0,53.1654,11.4646
88.948,-0.0000,1.0000,0.0000,3.0,55.56,0.0437,-0.2141,5307.09,0.0,6.82091,11.0544,13.96,17.3872,20.4814,22.5081,23.7692,24.9988,25.9605,27.0012,28.1311,29.362,31.2824,33.8161,39.8953,62.4807,200.0,53.4287,11.5816
88.973,-0.0000,1.0000,0.0000,3.0,56.15,0.0557,-0.2140,5351.89,0.0,6.73616,10.9186,13.7895,17.1765,20.2348,22.2382,23.4849,24.7006,25.6514,26.6804,27.7976,29.0148,30.9139,33.4199,39.4337,61.7919,200.0,53.9778,11.7119
88.993,-0.0000,1.0000,0.0000,3.0,56.75,0.0678,-0.2140,5404.91,0.0,6.64964,10.7785,13.6128,16.9564,19.9758,21.9537,23.1846,24.3847,25.3234,26.3394,27.4425,28.6443,30.5192,32.9934,38.9312,61.0083,200.0,54.591,11.8463
89.016,-0.0000,1.0000,0.0000,3.0,57.34,0.0801,-0.2140,5464.97,0.0,6.5619,10.6362,13.433,16.7324,19.7117,21.6634,22.8779,24.0622,24.9885,25.9909,27.0793,28.2651,30.1152,32.5566,38.4153,60.1977,200.0,55.2238,11.9828
89.036,-0.1661,1.0000,0.0000,3.0,57.95,0.0925,-0.2140,5530.43,0.0,6.4731,10.4921,13.2509,16.5055,19.4444,21.3694,22.5675,23.7356,24.6492,25.638,26.7116,27.8812,29.706,32.114,37.8927,59.3759,200.0,55.8655,12.1211
89.061,-1.0000,1.0000,0.0000,3.0,58.54,0.1049,-0.2122,5602.55,0.0,6.39197,10.3792,13.1217,16.3633,19.2964,21.2207,22.4195,23.5893,24.5049,25.4964,26.5736,27.7482,29.5824,32.0062,37.8385,59.7183,200.0,55.6617,12.2249
89.080,-1.0000,1.0000,0.0000,3.0,59.10,0.1169,-0.2065,5686.17,0.0,6.33012,10.339,13.1147,16.4167,19.4244,21.4083,22.6484,23.8616,24.8133,25.8462,26.971,28.2003,30.1264,32.6838,38.8942,62.9314,200.0,53.6899,12.2483
89.104,-1.0000,1.0000,0.0000,3.0,59.60,0.1282,-0.1965,5782.71,0.0,6.29082,10.3817,13.2482,16.6981,19.8792,21.998,23.3308,24.6411,25.6734,26.7981,28.0281,29.3787,31.5084,34.3614,41.4137,70.4787,200.0,50.2377,12.1859
89.123,-0.9611,1.0000,0.0000,4.0,60.05,0.1386,-0.1828,5884.23,0.0,6.27343,10.5044,13.5206,17.2124,20.6786,23.021,24.5086,25.9819,27.1502,28.4307,29.8403,31.3996,33.8827,37.2564,45.8379,85.2893,200.0,46.0796,12.0532
89.148,-0.3145,1.0000,0.0000,4.0,60.13,0.1480,-0.1665,5250.85,0.0,6.27584,10.6989,13.9221,17.9545,21.8314,24.5029,26.2217,27.9412,29.3171,30.8381,32.528,34.4166,37.4669,41.6982,52.9339,115.269,160.595,41.9166,11.8738
89.166,-0.0000,1.0000,0.0000,3.0,59.91,0.1562,-0.1482,5267.2,0.0,6.29891,10.9677,14.4627,18.9556,23.4077,26.5546,28.6144,30.7033,32.3954,34.2878,36.4178,38.8332,42.8143,48.5061,64.6547,194.552,113.348,38.0354,11.6601
89.192,-0.0000,1.0000,0.0000,3.0,59.84,0.1632,-0.1293,5488.63,0.0,6.33639,11.289,15.11,20.1789,25.3855,29.1815,31.7204,34.3401,36.4964,38.9448,41.7488,44.9916,50.4883,58.6937,84.4805,200.0,87.1596,34.7303,11.4405
89.211,-0.0000,1.0000,0.0000,3.0,59.85,0.1699,-0.1182,5505.02,0.0,6.33988,11.4544,15.4761,20.9202,26.6463,30.9096,33.8038,36.827,39.3439,42.2336,45.5853,49.5188,56.3308,66.8536,102.971,200.0,77.0422,33.1433,11.3442
89.235,-0.0000,1.0000,0.0000,3.0,59.84,0.1768,-0.1148,5481.22,0.0,6.3045,11.4413,15.5052,21.0429,26.9132,31.3148,34.3181,37.4684,40.1015,43.1362,46.6716,50.8425,58.1219,69.5073,109.946,200.0,74.6819,32.8162,11.3612
89.261,-0.0000,1.0000,0.0000,4.0,60.28,0.1838,-0.1139,5803.53,0.0,6.25523,11.3637,15.4112,20.935,26.8014,31.2076,34.2175,37.3781,40.0223,43.0726,46.63,50.8321,58.1799,69.7082,111.004,200.0,74.4916,32.89,11.4168
89.279,-0.0000,1.0000,0.0000,4.0,60.48,0.1908,-0.1138,5250.85,0.0,6.20248,11.2707,15.2876,20.7718,26.5989,30.9771,33.969,37.1112,39.7406,42.7746,46.3139,50.4962,57.8119,69.2988,110.532,200.0,74.7826,33.056,11.4816
89.306,-0.0000,1.0000,0.0000,4.0,60.46,0.1978,-0.1137,5267.2,0.0,6.14904,11.1743,15.1574,20.596,26.3752,30.718,33.6858,36.803,39.4116,42.4217,45.9334,50.0831,57.3432,68.7441,109.691,200.0,75.1864,33.2434,11.5484
89.324,-0.5795,1.0000,0.0000,4.0,60.46,0.2048,-0.1137,5235.99,0.0,6.0955,11.0772,15.0259,20.4176,26.1471,30.4527,33.3951,36.4856,39.072,42.0564,45.5385,49.6531,56.8517,68.1573,108.765,200.0,75.6152,33.4356,11.6157
89.348,-1.0000,1.0000,0.0000,4.0,60.80,0.2116,-0.1114,5235.99,0.0,6.05444,11.035,14.999,20.4357,26.2436,30.6292,33.6367,36.8049,39.4634,42.5395,46.1394,50.409,57.9204,69.8236,113.686,200.0,74.2937,33.2844,11.648
89.367,-1.0000,1.0000,0.0000,4.0,61.16,0.2176,-0.1039,5235.99,0.0,6.04439,11.1266,15.2282,20.9398,27.1549,31.9276,35.2412,38.768,41.7568,45.2485,49.3817,54.3503,63.2711,77.8974,137.61,200.0,69.3725,32.3663,11.5975
89.392,-0.5229,1.0000,0.0000,4.0,61.46,0.2227,-0.0924,5235.99,0.0,6.06171,11.3345,15.686,21.8985,28.8701,34.38,38.2881,42.5249,46.1791,50.5245,55.7773,62.2544,74.3517,95.5995,200.0,200.0,62.8452,30.9679,11.4843
89.411,-0.0000,1.0000,0.0000,4.0,61.73,0.2269,-0.0781,5235.99,0.0,6.10277,11.6453,16.3574,23.3182,31.4766,38.201,43.1272,48.6211,53.4936,59.4569,66.9218,76.5369,95.8232,134.616,200.0,167.075,56.2082,29.35,11.3287
89.435,-0.0000,1.0000,0.0000,4.0,62.08,0.2300,-0.0624,5235.99,0.0,6.16117,12.0335,17.2045,25.1694,35.0379,43.6413,50.2345,57.8972,64.9837,74.0539,86.0736,102.761,141.065,200.0,200.0,123.597,50.3816,27.7502,11.1546
89.454,-0.0000,1.0000,0.0000,4.0,62.60,0.2328,-0.0519,5235.99,0.0,6.19656,12.3008,17.8132,26.5716,37.9002,48.236,56.4647,66.3851,75.9194,88.6594,106.547,133.49,200.0,200.0,200.0,105.41,47.1596,26.7963,11.0492
89.479,-0.0000,1.0000,0.0000,4.0,63.08,0.2357,-0.0486,5235.99,0.0,6.19168,12.3571,17.9717,26.9877,38.826,49.8043,58.6692,69.5051,80.0768,94.4499,115.123,147.395,200.0,200.0,200.0,100.825,46.2888,26.5484,11.0343
89.498,-0.0000,1.0000,0.0000,4.0,63.54,0.2388,-0.0477,5235.99,0.0,6.17191,12.3343,17.9583,27.0138,38.9502,50.0667,59.0764,70.1301,80.9583,95.7486,117.162,150.927,200.0,200.0,200.0,99.922,46.1608,26.536,11.051
89.524,-0.0000,1.0000,0.0000,4.0,64.00,0.2418,-0.0475,5235.99,0.0,6.14817,12.2909,17.8998,26.9369,38.8603,49.9762,58.9935,70.0664,80.9236,95.771,117.302,151.339,200.0,200.0,200.0,99.8963,46.2173,26.5832,11.0759
89.542,-0.0000,1.0000,0.0000,4.0,64.46,0.2449,-0.0475,5235.99,0.0,6.12328,12.2419,17.8294,26.8332,38.7147,49.7941,58.7829,69.8237,80.651,95.4611,116.945,150.921,200.0,200.0,200.0,100.091,46.3211,26.6458,11.103
89.566,-0.0000,1.0000,0.0000,4.0,64.92,0.2481,-0.0475,5235.99,0.0,6.09795,12.1913,17.7556,26.7221,38.5544,49.5876,58.5394,69.5344,80.3168,95.0653,116.46,150.295,200.0,200.0,200.0,100.344,46.4376,26.7127,11.1309
89.586,-0.0000,1.0000,0.0000,4.0,65.38,0.2512,-0.0475,5235.99,0.0,6.07239,12.14,17.6808,26.6091,38.3906,49.376,58.2887,69.2348,79.9699,94.6523,115.95,149.628,200.0,200.0,200.0,100.607,46.5568,26.7807,11.159
89.611,-0.0000,1.0000,0.0000,4.0,65.84,0.2544,-0.0475,5235.99,0.0,6.04666,12.0885,17.6056,26.4957,38.2266,49.1644,58.0384,68.9367,79.6246,94.2422,115.445,148.971,200.0,200.0,200.0,100.868,46.6761,26.849,11.1874
89.630,-0.0000,1.0000,0.0000,4.0,66.29,0.2576,-0.0475,5235.99,0.0,6.02077,12.0367,17.5301,26.382,38.0624,48.9531,57.7889,68.6405,79.2816,93.8359,114.946,148.326,200.0,200.0,200.0,101.127,46.7954,26.9175,11.2159
89.654,-0.0000,1.0000,0.0000,4.0,66.75,0.2608,-0.0475,5235.99,0.0,5.9947,11.9846,17.4543,26.2679,37.8978,48.7417,57.539,68.3438,78.939,93.4305,114.45,147.686,200.0,200.0,200.0,101.385,46.9147,26.9862,11.2445
89.673,-0.0000,1.0000,0.0000,4.0,67.21,0.2640,-0.0475,5235.99,0.0,5.96845,11.9322,17.3779,26.1531,37.7323,48.5288,57.2881,68.0455,78.5947,93.0232,113.953,147.046,200.0,200.0,200.0,101.643,47.0349,27.0554,11.2734
89.698,-0.0000,1.0000,0.0000,4.0,67.66,0.2673,-0.0475,5235.99,0.0,5.94202,11.8793,17.301,26.0374,37.5654,48.3143,57.035,67.7451,78.2478,92.613,113.449,146.4,200.0,200.0,200.0,101.904,47.1559,27.1251,11.3024
89.723,-0.0000,1.0000,0.0000,4.0,68.12,0.2706,-0.0475,5235.99,0.0,5.91541,11.8261,17.2235,25.9207,37.397,48.0977,56.7792,67.4412,77.8974,92.1983,112.941,145.742,200.0,200.0,200.0,102.168,47.2782,27.1954,11.3317
89.742,-0.0000,1.0000,0.0000,4.0,68.57,0.2739,-0.0475,5249.45,0.0,5.88861,11.7725,17.1454,25.8031,37.2272,47.8791,56.521,67.1343,77.542,91.7779,112.426,145.075,200.0,200.0,200.0,102.436,47.4015,27.2663,11.3612
89.767,-0.0000,1.0000,0.0000,4.0,69.03,0.2772,-0.0475,5285.76,0.0,5.86163,11.7185,17.0667,25.6845,37.056,47.6586,56.2604,66.8249,77.1842,91.353,111.904,144.399,200.0,200.0,200.0,102.707,47.526,27.3376,11.3909
89.786,-0.0000,1.0000,0.0000,4.0,69.49,0.2805,-0.0475,5322.12,0.0,5.83446,11.6642,16.9875,25.5653,36.8836,47.4365,55.9981,66.5128,76.8234,90.9252,111.379,143.718,200.0,200.0,200.0,102.979,47.6513,27.4095,11.4208
89.811,-0.0000,1.0000,0.0000,4.0,69.96,0.2839,-0.0475,5358.55,0.0,5.80711,11.6095,16.9078,25.4451,36.71,47.2133,55.7343,66.1988,76.4603,90.4947,110.85,143.034,200.0,200.0,200.0,103.253,47.7773,27.4819,11.4509
89.830,-0.1767,1.0000,0.0000,4.0,70.43,0.2873,-0.0475,5395.18,0.0,5.77958,11.5544,16.8275,25.3243,36.5355,46.9886,55.4685,65.8832,76.0953,90.0623,110.319,142.347,200.0,200.0,200.0,103.529,47.9041,27.5547,11.4812
89.848,-0.1024,1.0000,0.0000,4.0,70.87,0.2905,-0.0454,5447.87,0.0,5.76463,11.5635,16.8869,25.5234,37.0315,47.878,56.7616,67.7764,78.6908,93.8036,116.112,152.358,200.0,200.0,200.0,100.952,47.4138,27.426,11.4832
89.873,-0.0000,1.0000,0.0000,4.0,71.34,0.2933,-0.0408,5484.04,0.0,5.76663,11.655,17.1263,26.1413,38.4285,50.3071,60.2592,72.8872,85.7276,104.069,132.411,181.981,200.0,200.0,200.0,95.4133,46.2201,27.0585,11.4498
89.898,-0.0000,1.0000,0.0000,4.0,71.82,0.2959,-0.0378,5513.87,0.0,5.76111,11.7017,17.2656,26.5288,39.3503,51.9655,62.7055,76.5638,90.9256,111.93,145.568,200.0,200.0,200.0,200.0,92.2127,45.5116,26.8443,11.4359
89.917,-0.0000,1.0000,0.0000,4.0,72.31,0.2986,-0.0369,5546.92,0.0,5.7437,11.6832,17.2592,26.5712,39.5195,52.3273,63.2845,77.4956,92.3111,114.143,149.511,200.0,200.0,200.0,200.0,91.4599,45.3776,26.8227,11.4489
89.942,-0.0000,1.0000,0.0000,4.0,72.80,0.3013,-0.0366,5582.74,0.0,5.72277,11.6456,17.2096,26.51,39.4596,52.2884,63.2795,77.5562,92.4662,114.486,150.283,200.0,200.0,200.0,200.0,91.3809,45.4067,26.8565,11.4698
89.961,-0.0000,1.0000,0.0000,4.0,73.28,0.3041,-0.0366,5620.13,0.0,5.70077,11.6022,17.1474,26.4186,39.3326,52.1321,63.1026,77.359,92.2556,114.268,150.092,200.0,200.0,200.0,200.0,91.4935,45.4826,26.9063,11.4929
89.985,-0.0000,1.0000,0.0000,4.0,73.78,0.3068,-0.0365,5658.91,0.0,5.67839,11.5571,17.0811,26.3177,39.1847,51.9396,62.8726,77.083,91.9332,113.881,149.61,200.0,200.0,200.0,200.0,91.6643,45.5731,26.9612,11.5169
90.005,-0.0000,1.0000,0.0000,4.0,74.27,0.3096,-0.0365,5698.76,0.0,5.65579,11.5111,17.0133,26.2134,39.03,51.7349,62.6258,76.7808,91.5737,113.438,149.032,200.0,200.0,200.0,200.0,91.8543,45.6685,27.0178,11.5412
90.030,-0.0000,1.0000,0.0000,4.0,74.77,0.3123,-0.0365,5739.35,0.0,5.63304,11.4648,16.9448,26.1078,38.8724,51.5259,62.3722,76.47,91.2027,112.977,148.426,200.0,200.0,200.0,200.0,92.0506,45.7657,27.0752,11.5657
90.049,-0.0000,1.0000,0.0000,4.0,75.27,0.3151,-0.0365,5780.36,0.0,5.61015,11.4182,16.8758,26.0014,38.7136,51.3151,62.1166,76.156,90.8274,112.511,147.81,200.0,200.0,200.0,200.0,92.2491,45.8637,27.1331,11.5903
90.073,-0.0000,1.0000,0.0000,4.0,75.78,0.3179,-0.0365,5821.55,0.0,5.58711,11.3712,16.8064,25.8943,38.5541,51.103,61.8599,75.8408,90.4508,112.044,147.193,200.0,200.0,200.0,200.0,92.4488,45.9624,27.1912,11.6151
90.092,-0.0000,1.0000,0.0000,4.0,76.29,0.3208,-0.0365,5862.77,0.0,5.56392,11.324,16.7365,25.7866,38.3936,50.8901,61.6019,75.5241,90.0727,111.574,146.575,200.0,200.0,200.0,200.0,92.6489,46.0614,27.2498,11.6401
90.117,-0.0000,1.0000,0.0000,4.0,76.80,0.3236,-0.0365,5904.05,0.0,5.54059,11.2765,16.6663,25.6783,38.2323,50.6761,61.3428,75.2056,89.6923,111.104,145.956,200.0,200.0,200.0,200.0,92.8497,46.161,27.3086,11.6652
90.136,-0.0000,1.0000,0.0000,4.0,77.32,0.3265,-0.0365,5945.28,0.0,5.51711,11.2287,16.5956,25.5694,38.07,50.4608,61.082,74.8856,89.3113,110.63,145.332,200.0,200.0,200.0,200.0,93.0518,46.2612,27.3678,11.6904
90.160,-0.0000,1.0000,0.0000,4.0,77.84,0.3294,-0.0365,5986.48,0.0,5.49347,11.1806,16.5245,25.4598,37.9065,50.2443,60.8194,74.5641,88.9268,110.153,144.705,200.0,200.0,200.0,200.0,93.2552,46.3619,27.4274,11.7159
90.180,-0.0000,1.0000,0.0000,4.0,78.36,0.3323,-0.0365,6027.84,0.0,5.46967,11.1321,16.4529,25.3493,37.7422,50.0261,60.5556,74.2398,88.5398,109.673,144.075,200.0,200.0,200.0,200.0,93.4594,46.4635,27.4874,11.7415
90.204,-0.0000,1.0000,0.0000,4.0,78.88,0.3352,-0.0365,6079.35,0.0,5.44574,11.0835,16.381,25.2387,37.5776,49.8083,60.2922,73.918,88.1568,109.2,143.454,200.0,200.0,200.0,200.0,93.6625,46.5648,27.5475,11.7672
90.222,-0.1873,1.0000,0.0000,4.0,79.42,0.3381,-0.0365,6119.5,0.0,5.42162,11.0344,16.3084,25.1269,37.4113,49.5879,60.0255,73.5906,87.7663,108.716,142.821,200.0,200.0,200.0,200.0,93.8685,46.6675,27.6083,11.7932
90.249,-0.5406,1.0000,0.0000,4.0,79.94,0.3409,-0.0344,6161.71,0.0,5.40996,11.0504,16.3815,25.3644,38.0241,50.7441,61.7859,76.3309,91.7721,115.054,154.181,200.0,200.0,200.0,200.0,91.7568,46.1931,27.4701,11.7901
90.267,-0.7102,1.0000,0.0000,5.0,80.42,0.3430,-0.0274,6213.94,0.0,5.42816,11.2189,16.799,26.4485,40.6013,55.5172,69.0713,87.8522,109.04,143.715,200.0,200.0,200.0,200.0,190.195,85.1806,44.518,26.9036,11.7215
90.292,-0.2827,1.0000,0.0000,5.0,80.51,0.3441,-0.0161,5592.9,0.0,5.47765,11.5477,17.5941,28.5429,45.8404,65.8758,85.9329,117.167,158.271,200.0,200.0,200.0,200.0,200.0,150.329,76.2015,41.9823,25.9929,11.5938
90.317,-0.0000,1.0000,0.0000,5.0,80.32,0.3441,-0.0013,5609.3,0.0,5.55813,12.0415,18.8111,31.9476,55.3685,87.5672,126.994,200.0,200.0,200.0,200.0,200.0,200.0,190.665,117.841,66.8952,39.0317,24.8664,11.4202
90.335,-0.0000,1.0000,0.0000,5.0,80.28,0.3432,0.0127,5366.15,0.0,5.64548,12.5692,20.1603,36.0685,69.0297,127.386,200.0,200.0,200.0,200.0,200.0,200.0,190.299,143.159,97.7908,59.9382,36.5807,23.8757,11.2552
90.361,-0.0000,1.0000,0.0000,5.0,80.47,0.3421,0.0185,5527.99,0.0,5.68876,12.8165,20.8031,38.1559,77.0132,157.294,200.0,200.0,200.0,200.0,200.0,200.0,167.112,129.613,91.2655,57.4188,35.6305,23.4747,11.1829
90.379,-0.0000,1.0000,0.0000,5.0,80.89,0.3409,0.0203,5551.91,0.0,5.70962,12.911,21.0355,38.8944,79.9409,169.684,200.0,200.0,200.0,200.0,200.0,200.0,160.988,125.877,89.378,56.6519,35.3264,23.3396,11.1538
90.404,-0.0000,1.0000,0.0000,5.0,81.32,0.3396,0.0209,5575.13,0.0,5.72459,12.9598,21.1402,39.1882,81.0196,174.21,200.0,200.0,200.0,200.0,200.0,200.0,159.049,124.662,88.7393,56.3754,35.2069,23.2807,11.1366
90.423,-0.0000,1.0000,0.0000,5.0,81.75,0.3381,0.0210,5601.34,0.0,5.73831,12.995,21.2045,39.3354,81.457,175.79,200.0,200.0,200.0,200.0,200.0,200.0,158.392,124.229,88.4916,56.2531,35.145,23.2453,11.1227
90.448,-0.0000,1.0000,0.0000,5.0,82.17,0.3365,0.0211,5629.93,0.0,5.75205,13.0266,21.2568,39.4352,81.677,176.334,200.0,200.0,200.0,200.0,200.0,200.0,158.155,124.052,88.3718,56.1806,35.1012,23.217,11.1095
90.467,-0.0000,1.0000,0.0000,5.0,82.60,0.3349,0.0210,5660.32,0.0,5.76614,13.0578,21.3065,39.5228,81.8368,176.569,200.0,200.0,200.0,200.0,200.0,200.0,158.041,123.949,88.2882,56.1216,35.0619,23.1901,11.0961
90.492,-0.0000,1.0000,0.0000,5.0,83.03,0.3332,0.0210,5692.0,0.0,5.7806,13.0897,21.3572,39.6112,81.9927,176.776,200.0,200.0,200.0,200.0,200.0,200.0,157.937,123.851,88.2064,56.0626,35.0221,23.1627,11.0824
90.510,-0.0000,1.0000,0.0000,5.0,83.46,0.3315,0.0210,5724.2,0.0,5.79541,13.1226,21.4098,39.7045,82.1655,177.05,200.0,200.0,200.0,200.0,200.0,200.0,157.804,123.735,88.1144,55.9992,34.9803,23.1341,11.0683
90.535,-0.0000,1.0000,0.0000,5.0,83.89,0.3297,0.0210,5757.23,0.0,5.81051,13.1565,21.4644,39.8034,82.359,177.413,200.0,200.0,200.0,200.0,200.0,200.0,157.637,123.597,88.011,55.9305,34.9362,23.1045,11.0538
90.554,-0.0000,1.0000,0.0000,5.0,84.33,0.3280,0.0210,5787.53,0.0,5.82583,13.191,21.5206,39.9067,82.5676,177.844,200.0,200.0,200.0,200.0,200.0,200.0,157.443,123.442,87.8989,55.8579,34.8904,23.0741,11.0392
90.580,-0.0000,1.0000,0.0000,5.0,84.77,0.3262,0.0210,5817.91,0.0,5.84132,13.226,21.5776,40.0119,82.7841,178.299,200.0,200.0,200.0,200.0,200.0,200.0,157.237,123.28,87.7824,55.7836,34.8438,23.0431,11.0243
90.598,-0.0000,1.0000,0.0000,5.0,85.21,0.3244,0.0210,5848.46,0.0,5.85694,13.2614,21.6352,40.1188,83.004,178.772,200.0,200.0,200.0,200.0,200.0,200.0,157.026,123.113,87.664,55.708,34.7965,23.0119,11.0094
90.623,-0.0000,1.0000,0.0000,5.0,85.66,0.3226,0.0210,5879.13,0.0,5.87268,13.297,21.6933,40.2264,83.227,179.249,200.0,200.0,200.0,200.0,200.0,200.0,156.812,122.945,87.5443,55.6318,34.7489,22.9803,10.9943
90.642,-0.0000,1.0000,0.0000,5.0,86.11,0.3207,0.0210,5910.08,0.0,5.88852,13.3329,21.7519,40.3349,83.4508,179.732,200.0,200.0,200.0,200.0,200.0,200.0,156.596,122.776,87.4233,55.5549,34.7009,22.9486,10.9791
90.666,-0.0000,1.0000,0.0000,5.0,86.56,0.3189,0.0210,5941.47,0.0,5.90446,13.3689,21.8107,40.4439,83.6766,180.215,200.0,200.0,200.0,200.0,200.0,200.0,156.379,122.606,87.3021,55.4778,34.6526,22.9167,10.9638
90.686,-0.0000,1.0000,0.0000,5.0,87.01,0.3170,0.0210,5973.27,0.0,5.92048,13.4052,21.8698,40.5535,83.903,180.7,200.0,200.0,200.0,200.0,200.0,200.0,156.161,122.435,87.1796,55.4001,34.6041,22.8846,10.9484
90.710,-0.0000,1.0000,0.0000,5.0,87.46,0.3152,0.0210,6005.38,0.0,5.93659,13.4417,21.9293,40.6637,84.1305,181.188,200.0,200.0,200.0,200.0,200.0,200.0,155.942,122.263,87.0575,55.3221,34.5554,22.8523,10.933
90.730,-0.0000,1.0000,0.0000,5.0,87.92,0.3133,0.0210,6037.58,0.0,5.9528,13.4783,21.9891,40.7745,84.3586,181.679,200.0,200.0,200.0,200.0,200.0,200.0,155.722,122.09,86.9342,55.2437,34.5063,22.8199,10.9174
90.754,-0.0000,1.0000,0.0000,5.0,88.37,0.3114,0.0210,6069.99,0.0,5.96909,13.5152,22.0492,40.8857,84.5886,182.169,200.0,200.0,200.0,200.0,200.0,200.0,155.502,121.917,86.8107,55.165,34.457,22.7873,10.9018
90.773,-0.0000,1.0000,0.0000,5.0,88.83,0.3095,0.0210,6102.61,0.0,5.98547,13.5523,22.1097,40.9978,84.8192,182.665,200.0,200.0,200.0,200.0,200.0,200.0,155.279,121.742,86.686,55.0856,34.4074,22.7544,10.8861
90.798,-0.0000,1.0000,0.0000,5.0,89.30,0.3076,0.0210,6135.41,0.0,6.00193,13.5895,22.1704,41.1102,85.0517,183.16,200.0,200.0,200.0,200.0,200.0,200.0,155.056,121.567,86.5607,55.0061,34.3577,22.7215,10.8703
90.817,-0.0000,1.0000,0.0000,5.0,89.76,0.3057,0.0210,6167.78,0.0,6.01849,13.627,22.2315,41.2236,85.2855,183.665,200.0,200.0,200.0,200.0,200.0,200.0,154.831,121.39,86.4347,54.9258,34.3075,22.6883,10.8545
90.842,-0.0000,1.0000,0.0000,5.0,90.23,0.3038,0.0210,6197.7,0.0,6.03513,13.6647,22.293,41.3376,85.5222,184.173,200.0,200.0,200.0,200.0,200.0,200.0,154.602,121.211,86.3072,54.845,34.2571,22.6549,10.8385
90.867,-0.0000,1.0000,0.0000,5.0,90.70,0.3019,0.0210,6231.24,0.0,6.05185,13.7026,22.3548,41.4521,85.7592,184.683,200.0,200.0,200.0,200.0,200.0,200.0,154.374,121.032,86.1799,54.7639,34.2064,22.6214,10.8225
90.885,-0.0000,1.0000,0.0000,5.0,91.17,0.2999,0.0210,6265.85,0.0,6.06867,13.7406,22.4169,41.5673,85.9967,185.197,200.0,200.0,200.0,200.0,200.0,200.0,154.144,120.851,86.0515,54.6824,34.1554,22.5877,10.8063
90.910,-0.0000,1.0000,0.0000,5.0,91.65,0.2980,0.0209,6300.98,0.0,6.08557,13.7789,22.4793,41.6829,86.2361,185.708,200.0,200.0,200.0,200.0,200.0,200.0,153.915,120.671,85.923,54.6004,34.1042,22.5539,10.7901
90.929,-0.0000,1.0000,0.0000,5.0,92.12,0.2960,0.0209,6335.6,0.0,6.10256,13.8173,22.542,41.7991,86.4761,186.223,200.0,200.0,200.0,200.0,200.0,200.0,153.682,120.49,85.7932,54.5181,34.0528,22.5198,10.7739
90.955,-0.0000,1.0000,0.0000,5.0,92.60,0.2941,0.0209,6369.81,0.0,6.11964,13.856,22.6051,41.9161,86.7181,186.744,200.0,200.0,200.0,200.0,200.0,200.0,153.45,120.307,85.6632,54.4353,34.001,22.4856,10.7575
90.972,-0.0000,1.0000,0.0000,5.0,93.08,0.2921,0.0209,6404.0,0.0,6.13681,13.8949,22.6685,42.0337,86.9614,187.268,200.0,200.0,200.0,200.0,200.0,200.0,153.215,120.122,85.5321,54.352,33.949,22.4512,10.741
90.998,-0.0000,1.0000,0.0000,5.0,93.57,0.2901,0.0209,6438.16,0.0,6.15406,13.9339,22.7322,42.1519,87.2051,187.791,200.0,200.0,200.0,200.0,200.0,200.0,152.979,119.938,85.4003,54.2684,33.8968,22.4166,10.7245
91.017,-0.0000,1.0000,0.0000,5.0,94.06,0.2881,0.0209,6471.82,0.0,6.17141,13.9732,22.7962,42.2703,87.45,188.316,200.0,200.0,200.0,200.0,200.0,200.0,152.745,119.753,85.2683,54.1844,33.8442,22.3819,10.7078
91.042,-0.0000,1.0000,0.0000,5.0,94.55,0.2861,0.0209,6505.61,0.0,6.18884,14.0126,22.8605,42.3893,87.6954,188.84,200.0,200.0,200.0,200.0,200.0,200.0,152.509,119.568,85.1365,54.1001,33.7915,22.347,10.6911
91.061,-0.0000,1.0000,0.0000,5.0,95.04,0.2841,0.0209,6539.91,0.0,6.20635,14.0523,22.9251,42.5089,87.9411,189.367,200.0,200.0,200.0,200.0,200.0,200.0,152.272,119.382,85.0035,54.0155,33.7386,22.3119,10.6743
91.085,-0.0000,1.0000,0.0000,5.0,95.53,0.2820,0.0209,6574.81,0.0,6.22396,14.0921,22.99,42.629,88.189,189.893,200.0,200.0,200.0,200.0,200.0,200.0,152.034,119.195,84.8699,53.9305,33.6854,22.2767,10.6574
91.104,-0.0000,1.0000,0.0000,5.0,96.03,0.2800,0.0209,6606.22,0.0,6.24167,14.1322,23.0554,42.7501,88.4391,190.429,200.0,200.0,200.0,200.0,200.0,200.0,151.793,119.006,84.7351,53.8448,33.6318,22.2412,10.6405
91.129,-0.0000,1.0000,0.0000,5.0,96.54,0.2779,0.0209,6635.41,0.0,6.25947,14.1725,23.1212,42.8724,88.693,190.98,200.0,200.0,200.0,200.0,200.0,199.728,151.548,118.814,84.5987,53.758,33.5777,22.2055,10.6234
91.148,-0.0000,1.0000,0.0000,5.0,97.04,0.2759,0.0209,6672.5,0.0,6.27737,14.213,23.1873,42.995,88.9466,191.526,200.0,200.0,200.0,200.0,200.0,199.406,151.303,118.622,84.4621,53.6712,33.5234,22.1696,10.6062
91.173,-0.0000,1.0000,0.0000,5.0,97.53,0.2738,0.0209,6712.9,0.0,6.29535,14.2537,23.2537,43.118,89.1997,192.067,200.0,200.0,200.0,200.0,200.0,199.086,151.059,118.43,84.3252,53.5843,33.469,22.1336,10.589
91.192,-0.0000,1.0000,0.0000,5.0,98.04,0.2717,0.0209,6752.92,0.0,6.31342,14.2946,23.3204,43.2414,89.455,192.614,200.0,200.0,200.0,200.0,200.0,198.763,150.814,118.238,84.1875,53.4967,33.4143,22.0974,10.5717
91.217,-0.0000,1.0000,0.0000,5.0,98.54,0.2696,0.0209,6791.08,0.0,6.33159,14.3358,23.3874,43.3656,89.7116,193.165,200.0,200.0,200.0,200.0,200.0,198.438,150.566,118.044,84.0492,53.4087,33.3593,22.061,10.5542
91.235,-0.0000,1.0000,0.0000,5.0,99.06,0.2675,0.0209,6827.89,0.0,6.34986,14.3771,23.4549,43.4908,89.9704,193.722,200.0,200.0,200.0,200.0,200.0,198.108,150.317,117.848,83.9102,53.32,33.3039,22.0244,10.5367
91.260,-0.0000,1.0000,0.0000,5.0,99.57,0.2654,0.0209,6864.03,0.0,6.36821,14.4187,23.5227,43.6165,90.2305,194.282,200.0,200.0,200.0,200.0,200.0,197.777,150.066,117.651,83.77,53.231,33.2483,21.9876,10.5191
91.279,-0.0000,1.0000,0.0000,6,100.09,0.2633,0.0209,6899.75,0.0,6.38666,14.4604,23.5908,43.7427,90.4902,194.841,200.0,200.0,200.0,200.0,200.0,197.449,149.815,117.454,83.6295,53.1416,33.1924,21.9507,10.5014
91.305,-0.0000,1.0000,0.0000,6,100.27,0.2611,0.0209,6335.67,0.0,6.4052,14.5024,23.6592,43.8692,90.752,195.398,200.0,200.0,200.0,200.0,200.0,197.118,149.564,117.257,83.4888,53.052,33.1364,21.9136,10.4837
91.323,-0.0000,1.0000,0.0000,6,100.20,0.2590,0.0209,6351.63,0.0,6.42372,14.5443,23.7276,43.9961,91.0145,195.963,200.0,200.0,200.0,200.0,200.0,196.784,149.311,117.058,83.3473,52.9621,33.0802,21.8764,10.4659
91.348,-0.0000,1.0000,0.0000,6,100.15,0.2568,0.0209,6132.02,0.0,6.44222,14.5862,23.7959,44.1228,91.2765,196.527,200.0,200.0,200.0,200.0,200.0,196.45,149.058,116.86,83.2061,52.8723,33.0242,21.8393,10.4482
91.372,-0.0000,1.0000,0.0000,6,100.41,0.2547,0.0209,6301.67,0.0,6.46074,14.6281,23.8645,44.25,91.5398,197.101,200.0,200.0,200.0,200.0,200.0,196.114,148.802,116.659,83.0638,52.7821,32.9679,21.8022,10.4304
91.392,-0.0000,1.0000,0.0000,6,100.84,0.2526,0.0209,6319.15,0.0,6.47936,14.6704,23.9334,44.3783,91.8078,197.685,200.0,200.0,200.0,200.0,200.0,195.766,148.542,116.456,82.92,52.6912,32.9113,21.7648,10.4125
91.417,-0.0000,1.0000,0.0000,6,101.26,0.2504,0.0209,6344.3,0.0,6.49804,14.7127,24.0024,44.5062,92.0725,198.255,200.0,200.0,200.0,200.0,200.0,195.429,148.286,116.256,82.7773,52.6005,32.8546,21.7273,10.3946
91.435,-0.0000,1.0000,0.0000,6,101.67,0.2482,0.0209,6372.77,0.0,6.5168,14.7551,24.0716,44.6345,92.3365,198.823,200.0,200.0,200.0,200.0,200.0,195.096,148.031,116.055,82.6345,52.5096,32.7978,21.6898,10.3766
91.460,-0.0000,1.0000,0.0000,6,102.09,0.2461,0.0209,6404.26,0.0,6.53562,14.7977,24.1411,44.7631,92.6016,199.389,200.0,200.0,200.0,200.0,200.0,194.759,147.776,115.855,82.4916,52.4186,32.7409,21.6521,10.3586
91.479,-0.0000,1.0000,0.0000,6,102.51,0.2439,0.0209,6435.3,0.0,6.55453,14.8405,24.2109,44.8923,92.8686,199.962,200.0,200.0,200.0,200.0,200.0,194.423,147.519,115.653,82.3476,52.327,32.6836,21.6142,10.3405
91.504,-0.0000,1.0000,0.0000,6,102.93,0.2417,0.0209,6464.67,0.0,6.57352,14.8835,24.281,45.0222,93.1377,200.0,200.0,200.0,200.0,200.0,200.0,194.08,147.26,115.45,82.2029,52.235,32.6261,21.5761,10.3222
91.523,-0.0000,1.0000,0.0000,6,103.36,0.2395,0.0209,6492.67,0.0,6.59259,14.9266,24.3514,45.1528,93.4079,200.0,200.0,200.0,200.0,200.0,200.0,193.736,146.999,115.246,82.0573,52.1425,32.5683,21.5379,10.304
91.548,-0.0000,1.0000,0.0000,6,103.79,0.2373,0.0209,6518.69,0.0,6.61172,14.9699,24.4219,45.2833,93.6764,200.0,200.0,200.0,200.0,200.0,200.0,193.399,146.74,115.043,81.9119,52.0501,32.5105,21.4996,10.2856
91.566,-0.0000,1.0000,0.0000,6,104.22,0.2351,0.0209,6544.97,0.0,6.63094,15.0134,24.4928,45.4144,93.9452,200.0,200.0,200.0,200.0,200.0,200.0,193.061,146.482,114.839,81.7668,51.9573,32.4524,21.4612,10.2672
91.592,-0.0000,1.0000,0.0000,6,104.65,0.2328,0.0209,6571.51,0.0,6.65023,15.057,24.5638,45.5457,94.215,200.0,200.0,200.0,200.0,200.0,200.0,192.723,146.224,114.636,81.6211,51.8645,32.3942,21.4226,10.2487
91.610,-0.0000,1.0000,0.0000,6,105.08,0.2306,0.0209,6598.54,0.0,6.6696,15.1008,24.6351,45.6774,94.4859,200.0,200.0,200.0,200.0,200.0,200.0,192.383,145.964,114.432,81.4748,51.7711,32.3358,21.3838,10.2301
91.636,-0.0000,1.0000,0.0000,6,105.53,0.2284,0.0209,6612.58,0.0,6.68906,15.1449,24.7071,45.8109,94.7625,200.0,200.0,200.0,200.0,200.0,200.0,192.03,145.697,114.222,81.3257,51.6765,32.2767,21.3448,10.2115
91.655,-0.0000,1.0000,0.0000,6,105.97,0.2261,0.0209,6636.36,0.0,6.70861,15.1892,24.7794,45.9452,95.0413,200.0,200.0,200.0,200.0,200.0,200.0,191.672,145.427,114.011,81.1756,51.5813,32.2173,21.3056,10.1927
91.679,-0.0000,1.0000,0.0000,6,106.40,0.2238,0.0209,6668.45,0.0,6.72823,15.2336,24.8518,46.0794,95.3183,200.0,200.0,200.0,200.0,200.0,200.0,191.321,145.161,113.801,81.0261,51.4862,32.1579,21.2663,10.1739
91.698,-0.0000,1.0000,0.0000,6,106.83,0.2216,0.0209,6705.24,0.0,6.74793,15.2781,24.9244,46.2139,95.5947,200.0,200.0,200.0,200.0,200.0,200.0,190.973,144.894,113.592,80.8769,51.3909,32.0983,21.2268,10.155
91.723,-0.0000,1.0000,0.0000,6,107.26,0.2193,0.0209,6739.75,0.0,6.7677,15.3229,24.9974,46.3489,95.8731,200.0,200.0,200.0,200.0,200.0,200.0,190.62,144.626,113.381,80.7267,51.2953,32.0385,21.1872,10.136
91.742,-0.0000,1.0000,0.0000,6,107.70,0.2170,0.0209,6771.09,0.0,6.78756,15.3678,25.0707,46.4847,96.1535,200.0,200.0,200.0,200.0,200.0,200.0,190.265,144.355,113.169,80.5754,51.199,31.9783,21.1475,10.117
91.767,-0.0000,1.0000,0.0000,6,108.14,0.2147,0.0209,6800.11,0.0,6.80751,15.413,25.1443,46.6213,96.436,200.0,200.0,200.0,200.0,200.0,200.0,189.905,144.083,112.956,80.4231,51.1024,31.9179,21.1075,10.0979
91.785,-0.0000,1.0000,0.0000,6,108.59,0.2124,0.0209,6826.9,0.0,6.82753,15.4583,25.2181,46.7578,96.7179,200.0,200.0,200.0,200.0,200.0,200.0,189.549,143.811,112.743,80.271,51.0056,31.8574,21.0674,10.0787
91.810,-0.0000,1.0000,0.0000,6,109.03,0.2101,0.0209,6853.28,0.0,6.84762,15.5037,25.2922,46.8946,96.9989,200.0,200.0,200.0,200.0,200.0,200.0,189.195,143.543,112.53,80.1195,50.9087,31.7967,21.0272,10.0594
91.829,-0.0000,1.0000,0.0000,6,109.48,0.2077,0.0209,6880.3,0.0,6.86779,15.5493,25.3664,47.0318,97.2791,200.0,200.0,200.0,200.0,200.0,200.0,188.845,143.273,112.318,79.9674,50.8115,31.7358,20.9869,10.0401
91.854,-0.0000,1.0000,0.0000,6,109.93,0.2054,0.0209,6908.0,0.0,6.88804,15.5951,25.4409,47.1693,97.5616,200.0,200.0,200.0,200.0,200.0,200.0,188.491,143.004,112.105,79.8146,50.7141,31.6747,20.9464,10.0207
91.873,-0.0000,1.0000,0.0000,6,110.40,0.2031,0.0209,6920.34,0.0,6.90839,15.6411,25.5161,47.3087,97.8499,200.0,200.0,200.0,200.0,200.0,200.0,188.124,142.725,111.887,79.6591,50.6153,31.613,20.9056,10.0012
91.898,-0.0000,1.0000,0.0000,6,110.85,0.2007,0.0209,6941.32,0.0,6.92885,15.6875,25.5918,47.4495,98.1422,200.0,200.0,200.0,200.0,200.0,200.0,187.748,142.44,111.665,79.5018,50.5156,31.5509,20.8645,9.98154
91.917,-0.0000,1.0000,0.0000,6,111.30,0.1983,0.0209,6975.17,0.0,6.94937,15.7339,25.6676,47.5899,98.432,200.0,200.0,200.0,200.0,200.0,200.0,187.38,142.161,111.445,79.3455,50.416,31.4887,20.8234,9.96186
91.941,-0.0000,1.0000,0.0000,6,111.74,0.1960,0.0209,7016.06,0.0,6.96996,15.7805,25.7435,47.7303,98.7209,200.0,200.0,200.0,200.0,200.0,200.0,187.016,141.883,111.227,79.1893,50.3165,31.4264,20.7822,9.94212
91.966,-0.0000,1.0000,0.0000,6,112.18,0.1936,0.0209,7054.47,0.0,6.99063,15.8273,25.8197,47.8712,99.0119,200.0,200.0,200.0,200.0,200.0,200.0,186.648,141.604,111.007,79.0322,50.2167,31.3639,20.7408,9.92229
91.986,-0.0000,1.0000,0.0000,6,112.64,0.1912,0.0209,7088.53,0.0,7.01139,15.8743,25.8963,48.0132,99.305,200.0,200.0,200.0,200.0,200.0,200.0,186.275,141.321,110.785,78.8744,50.116,31.301,20.6992,9.90238
92.011,-0.0000,1.0000,0.0000,6,113.09,0.1888,0.0209,7119.09,0.0,7.03224,15.9214,25.9733,48.1559,99.5993,200.0,200.0,200.0,200.0,200.0,200.0,185.902,141.036,110.561,78.7152,50.0149,31.2378,20.6574,9.8824
92.029,-0.0000,1.0000,0.0000,6,113.56,0.1863,0.0209,7145.83,0.0,7.05316,15.9687,26.0503,48.2984,99.8929,200.0,200.0,200.0,200.0,200.0,200.0,185.531,140.754,110.34,78.5569,49.9139,31.1746,20.6156,9.86234
92.055,-0.0000,1.0000,0.0000,6,114.02,0.1839,0.0209,7172.41,0.0,7.07415,16.0162,26.1276,48.4409,100.184,200.0,200.0,200.0,200.0,200.0,200.0,185.168,140.475,110.119,78.3988,49.8129,31.1113,20.5736,9.84221
92.073,-0.0000,1.0000,0.0000,6,114.48,0.1815,0.0209,7200.09,0.0,7.09524,16.0638,26.2051,48.5839,100.477,200.0,200.0,200.0,200.0,200.0,200.0,184.801,140.195,109.899,78.2404,49.7116,31.0478,20.5315,9.822
92.098,-0.0000,1.0000,0.0000,6,114.95,0.1790,0.0209,7228.62,0.0,7.1164,16.1116,26.2829,48.7274,100.77,200.0,200.0,200.0,200.0,200.0,200.0,184.434,139.914,109.677,78.0815,49.6099,30.984,20.4892,9.80171
92.116,-0.0000,1.0000,0.0000,6,115.44,0.1766,0.0209,7228.74,0.0,7.13769,16.1599,26.3618,48.8742,101.076,200.0,200.0,200.0,200.0,200.0,200.0,184.039,139.616,109.445,77.9169,49.5059,30.9192,20.4464,9.78128
92.142,-0.0000,1.0000,0.0000,6,115.91,0.1741,0.0209,7257.86,0.0,7.15906,16.2083,26.4408,49.0209,101.381,200.0,200.0,200.0,200.0,200.0,200.0,183.649,139.321,109.214,77.7528,49.4018,30.8543,20.4035,9.76078
92.160,-0.0000,1.0000,0.0000,6,116.36,0.1717,0.0209,7298.04,0.0,7.1805,16.2568,26.5199,49.1673,101.682,200.0,200.0,200.0,200.0,200.0,200.0,183.266,139.03,108.985,77.5898,49.2981,30.7894,20.3606,9.74023
92.185,-0.0000,1.0000,0.0000,6,116.81,0.1692,0.0209,7342.95,0.0,7.20202,16.3055,26.5992,49.314,101.983,200.0,200.0,200.0,200.0,200.0,200.0,182.887,138.739,108.757,77.4266,49.194,30.7243,20.3175,9.7196
92.205,-0.0000,1.0000,0.0000,6,117.27,0.1667,0.0209,7383.23,0.0,7.22363,16.3544,26.6788,49.4613,102.287,200.0,200.0,200.0,200.0,200.0,200.0,182.502,138.448,108.527,77.2623,49.0896,30.659,20.2742,9.69888
92.229,-0.0000,1.0000,0.0000,6,117.74,0.1642,0.0209,7418.08,0.0,7.24531,16.4035,26.7589,49.6096,102.593,200.0,200.0,200.0,200.0,200.0,200.0,182.112,138.151,108.295,77.097,48.9845,30.5933,20.2308,9.67808
92.248,-0.0000,1.0000,0.0000,6,118.22,0.1617,0.0209,7448.13,0.0,7.2671,16.4527,26.8393,49.7586,102.9,200.0,200.0,200.0,200.0,200.0,200.0,181.723,137.855,108.062,76.9312,48.8789,30.5273,20.1871,9.65719
92.273,-0.0000,1.0000,0.0000,6,118.69,0.1591,0.0209,7474.86,0.0,7.28895,16.5022,26.9197,49.9072,103.206,200.0,200.0,200.0,200.0,200.0,200.0,181.338,137.562,107.831,76.7662,48.7735,30.4613,20.1434,9.63624
92.292,-0.0000,1.0000,0.0000,6,119.17,0.1566,0.0209,7502.92,0.0,7.31089,16.5517,27.0005,50.0563,103.51,200.0,200.0,200.0,200.0,200.0,200.0,180.955,137.268,107.6,76.6005,48.6677,30.395,20.0995,9.6152
92.316,-0.0000,1.0000,0.0000,6,119.65,0.1541,0.0209,7531.96,0.0,7.33291,16.6015,27.0815,50.2061,103.818,200.0,200.0,200.0,200.0,200.0,200.0,180.569,136.973,107.368,76.434,48.5617,30.3286,20.0555,9.59408
92.335,-0.0000,1.0000,0.0000,6,120.16,0.1515,0.0209,7539.61,0.0,7.35505,16.6517,27.1634,50.3581,104.133,200.0,200.0,200.0,200.0,200.0,200.0,180.165,136.667,107.128,76.2641,48.4538,30.2613,20.011,9.57285
92.361,-0.0000,1.0000,0.0000,6,120.64,0.1489,0.0209,7565.31,0.0,7.37729,16.7021,27.2456,50.5107,104.451,200.0,200.0,200.0,200.0,200.0,200.0,179.757,136.36,106.888,76.0931,48.3456,30.1938,19.9664,9.55152
92.379,-0.0000,1.0000,0.0000,6,121.11,0.1464,0.0209,7602.46,0.0,7.3996,16.7526,27.328,50.6633,104.766,200.0,200.0,200.0,200.0,200.0,200.0,179.356,136.056,106.649,75.9231,48.2374,30.1262,19.9217,9.53013
92.405,-0.0000,1.0000,0.0000,6,121.58,0.1438,0.0209,7646.37,0.0,7.42199,16.8032,27.4105,50.8162,105.08,200.0,200.0,200.0,200.0,200.0,200.0,178.959,135.752,106.41,75.7531,48.1292,30.0585,19.8769,9.50865
92.423,-0.0000,1.0000,0.0000,6,122.06,0.1412,0.0209,7687.13,0.0,7.44447,16.854,27.4934,50.9694,105.396,200.0,200.0,200.0,200.0,200.0,200.0,178.557,135.446,106.171,75.5821,48.0203,29.9904,19.8319,9.4871
92.448,-0.0000,1.0000,0.0000,6,122.54,0.1386,0.0209,7723.21,0.0,7.46704,16.9051,27.5768,51.124,105.715,200.0,200.0,200.0,200.0,200.0,200.0,178.152,135.139,105.929,75.41,47.9109,29.922,19.7866,9.46545
92.467,-0.0000,1.0000,0.0000,6,123.03,0.1360,0.0209,7755.62,0.0,7.4897,16.9564,27.6604,51.2789,106.035,200.0,200.0,200.0,200.0,200.0,200.0,177.743,134.828,105.687,75.2369,47.8009,29.8533,19.7412,9.44373
92.492,-0.0000,1.0000,0.0000,6,123.53,0.1333,0.0209,7785.13,0.0,7.51245,17.0079,27.7444,51.4344,106.356,200.0,200.0,200.0,200.0,200.0,200.0,177.334,134.519,105.443,75.0638,47.6906,29.7844,19.6956,9.4219
92.510,-0.0000,1.0000,0.0000,6,124.02,0.1307,0.0209,7814.44,0.0,7.53528,17.0596,27.8286,51.5903,106.677,200.0,200.0,200.0,200.0,200.0,200.0,176.929,134.209,105.2,74.8901,47.5802,29.7153,19.6499,9.40001
92.535,-0.0000,1.0000,0.0000,6,124.52,0.1281,0.0209,7844.64,0.0,7.55821,17.1114,27.9131,51.7467,106.999,200.0,200.0,200.0,200.0,200.0,200.0,176.519,133.899,104.956,74.7159,47.4691,29.6459,19.604,9.37802
92.561,-0.0000,1.0000,0.0000,6,125.02,0.1254,0.0209,7869.85,0.0,7.58123,17.1635,27.998,51.904,107.324,200.0,200.0,200.0,200.0,200.0,200.0,176.106,133.585,104.709,74.5404,47.3575,29.5762,19.5578,9.35595
92.579,-0.0000,1.0000,0.0000,6,125.53,0.1227,0.0209,7891.17,0.0,7.60436,17.2159,28.0836,52.0628,107.654,200.0,200.0,200.0,200.0,200.0,200.0,175.684,133.266,104.46,74.3626,47.245,29.506,19.5114,9.33376
92.604,-0.0000,1.0000,0.0000,6,126.03,0.1201,0.0209,7924.29,0.0,7.62756,17.2685,28.1693,52.2217,107.982,200.0,200.0,200.0,200.0,200.0,200.0,175.265,132.948,104.21,74.1853,47.1323,29.4356,19.4649,9.3115
92.623,-0.0000,1.0000,0.0000,6,126.52,0.1174,0.0209,7962.49,0.0,7.65087,17.3212,28.2553,52.381,108.311,200.0,200.0,200.0,200.0,200.0,200.0,174.846,132.63,103.961,74.0079,47.0193,29.365,19.4182,9.28916
92.649,-0.0000,1.0000,0.0000,6,127.02,0.1147,0.0209,8001.43,0.0,7.67425,17.3741,28.3416,52.5409,108.64,200.0,200.0,200.0,200.0,200.0,200.0,174.429,132.311,103.711,73.8296,46.9059,29.2942,19.3713,9.26673
92.666,-0.0000,1.0000,0.0000,6,127.52,0.1120,0.0209,8037.65,0.0,7.69774,17.4273,28.4283,52.7015,108.973,200.0,200.0,200.0,200.0,200.0,200.0,174.004,131.991,103.46,73.6506,46.7921,29.223,19.3242,9.24421
92.691,-0.0000,1.0000,0.0000,6,128.02,0.1092,0.0209,8071.48,0.0,7.72131,17.4806,28.5153,52.8629,109.306,200.0,200.0,200.0,200.0,200.0,200.0,173.579,131.668,103.206,73.4704,46.6776,29.1515,19.277,9.2216
92.711,-0.0000,1.0000,0.0000,6,128.53,0.1065,0.0209,8103.11,0.0,7.74498,17.5342,28.6027,53.0247,109.639,200.0,200.0,200.0,200.0,200.0,200.0,173.156,131.345,102.953,73.2899,46.5629,29.0798,19.2296,9.19889
92.736,-0.0000,1.0000,0.0000,6,129.04,0.1038,0.0209,8134.44,0.0,7.76874,17.588,28.6902,53.1867,109.974,200.0,200.0,200.0,200.0,200.0,200.0,172.731,131.022,102.7,73.1091,46.448,29.0079,19.182,9.17612
92.754,-0.0000,1.0000,0.0000,6,129.56,0.1010,0.0209,8166.07,0.0,7.79259,17.6419,28.7782,53.3495,110.308,200.0,200.0,200.0,200.0,200.0,200.0,172.307,130.699,102.446,72.9279,46.3324,28.9357,19.1342,9.15324
92.779,-0.0000,1.0000,0.0000,6,130.08,0.0983,0.0209,8191.92,0.0,7.81653,17.6961,28.8666,53.5132,110.646,200.0,200.0,200.0,200.0,200.0,200.0,171.876,130.372,102.189,72.7453,46.2163,28.8632,19.0862,9.13028
92.798,-0.0000,1.0000,0.0000,6,130.60,0.0955,0.0209,8214.86,0.0,7.84059,17.7506,28.9555,53.6783,110.989,200.0,200.0,200.0,200.0,200.0,200.0,171.438,130.04,101.93,72.5608,46.0993,28.7901,19.038,9.10721
92.823,-0.0000,1.0000,0.0000,6,131.11,0.0927,0.0209,8249.3,0.0,7.86473,17.8052,29.0447,53.8436,111.33,200.0,200.0,200.0,200.0,200.0,200.0,171.002,129.71,101.671,72.3763,45.9821,28.7169,18.9896,9.08405
92.841,-0.0000,1.0000,0.0000,6,131.62,0.0899,0.0209,8288.9,0.0,7.88896,17.8601,29.1341,54.0093,111.672,200.0,200.0,200.0,200.0,200.0,200.0,170.567,129.379,101.411,72.1915,45.8646,28.6435,18.941,9.06082
92.866,-0.0000,1.0000,0.0000,6,132.14,0.0871,0.0209,8328.97,0.0,7.91329,17.9151,29.2238,54.1754,112.016,200.0,200.0,200.0,200.0,200.0,200.0,170.13,129.047,101.152,72.006,45.7467,28.5699,18.8922,9.03749
92.886,-0.0000,1.0000,0.0000,6,132.65,0.0843,0.0209,8366.25,0.0,7.93771,17.9704,29.314,54.3426,112.361,200.0,200.0,200.0,200.0,200.0,200.0,169.689,128.714,100.889,71.8197,45.6282,28.4958,18.8433,9.01406
92.911,-0.0000,1.0000,0.0000,6,133.18,0.0815,0.0209,8401.04,0.0,7.96224,18.0259,29.4046,54.5105,112.708,200.0,200.0,200.0,200.0,200.0,200.0,169.248,128.378,100.626,71.6322,45.5091,28.4215,18.7941,8.99054
92.929,-0.0000,1.0000,0.0000,6,133.70,0.0786,0.0209,8433.41,0.0,7.98685,18.0816,29.4954,54.6785,113.055,200.0,200.0,200.0,200.0,200.0,200.0,168.805,128.043,100.363,71.4449,45.3899,28.3469,18.7448,8.96694
92.954,-0.0000,1.0000,0.0000,6,134.23,0.0758,0.0209,8465.95,0.0,8.01155,18.1375,29.5865,54.8472,113.401,200.0,200.0,200.0,200.0,200.0,200.0,168.366,127.707,100.1,71.2568,45.2702,28.2721,18.6953,8.94325
92.973,-0.0000,1.0000,0.0000,6,134.76,0.0729,0.0209,8498.69,0.0,8.03636,18.1936,29.6779,55.0163,113.751,200.0,200.0,200.0,200.0,200.0,200.0,167.922,127.371,99.8353,71.0683,45.1502,28.1971,18.6456,8.91945
92.998,-0.0000,1.0000,0.0000,6,135.31,0.0700,0.0209,8518.98,0.0,8.06127,18.2501,29.77,55.1871,114.104,200.0,200.0,200.0,200.0,200.0,200.0,167.47,127.027,99.5671,70.8772,45.0291,28.1215,18.5956,8.89556
93.016,-0.0000,1.0000,0.0000,6,135.84,0.0671,0.0209,8549.24,0.0,8.08629,18.3067,29.8625,55.3587,114.459,200.0,200.0,200.0,200.0,200.0,200.0,167.016,126.683,99.2979,70.6856,44.9075,28.0456,18.5455,8.87156
93.042,-0.0000,1.0000,0.0000,6,136.37,0.0642,0.0209,8586.66,0.0,8.11141,18.3636,29.9552,55.5306,114.814,200.0,200.0,200.0,200.0,200.0,200.0,166.563,126.341,99.0283,70.4941,44.7856,27.9694,18.4951,8.84748
93.060,-0.0000,1.0000,0.0000,6,136.90,0.0613,0.0209,8628.46,0.0,8.13661,18.4206,30.0482,55.7029,115.169,200.0,200.0,200.0,200.0,200.0,200.0,166.112,125.997,98.7584,70.3019,44.6634,27.8931,18.4446,8.82332
93.086,-0.0000,1.0000,0.0000,6,137.43,0.0584,0.0209,8668.67,0.0,8.16191,18.4778,30.1416,55.8758,115.526,200.0,200.0,200.0,200.0,200.0,200.0,165.657,125.651,98.4875,70.1089,44.5407,27.8164,18.3939,8.79905
93.111,-0.0000,1.0000,0.0000,6,137.96,0.0555,0.0209,8706.04,0.0,8.18731,18.5354,30.2353,56.0497,115.886,200.0,200.0,200.0,200.0,200.0,200.0,165.198,125.303,98.2156,69.9148,44.4175,27.7394,18.343,8.77469
93.130,-0.0000,1.0000,0.0000,6,138.50,0.0525,0.0209,8740.64,0.0,8.2128,18.5931,30.3294,56.2238,116.246,200.0,200.0,200.0,200.0,200.0,200.0,164.74,124.955,97.9425,69.7203,44.2938,27.6622,18.2919,8.75024
93.154,-0.0000,1.0000,0.0000,6,139.05,0.0496,0.0209,8773.96,0.0,8.2384,18.651,30.4238,56.3985,116.606,200.0,200.0,200.0,200.0,200.0,200.0,164.281,124.608,97.6692,69.5254,44.1698,27.5847,18.2406,8.72569
93.173,-0.0000,1.0000,0.0000,6,139.59,0.0466,0.0209,8807.75,0.0,8.26409,18.7091,30.5185,56.5739,116.967,200.0,200.0,200.0,200.0,200.0,200.0,163.822,124.258,97.3947,69.33,44.0454,27.5069,18.1892,8.70105
93.198,-0.0000,1.0000,0.0000,6,140.15,0.0436,0.0209,8832.18,0.0,8.28989,18.7675,30.6138,56.7506,117.331,200.0,200.0,200.0,200.0,200.0,200.0,163.356,123.905,97.1177,69.1329,43.9201,27.4286,18.1374,8.6763
93.216,-0.0000,1.0000,0.0000,6,140.70,0.0407,0.0209,8859.61,0.0,8.31581,18.8262,30.7096,56.9282,117.7,200.0,200.0,200.0,200.0,200.0,200.0,162.886,123.548,96.8389,68.9342,43.7942,27.35,18.0854,8.65145
93.242,-0.0000,1.0000,0.0000,6,141.25,0.0377,0.0209,8896.58,0.0,8.3418,18.8851,30.8056,57.1062,118.068,200.0,200.0,200.0,200.0,200.0,200.0,162.416,123.193,96.5598,68.7355,43.6679,27.2712,18.0333,8.62651
93.260,-0.0000,1.0000,0.0000,6,141.79,0.0346,0.0209,8938.51,0.0,8.3679,18.9441,30.9019,57.2846,118.437,200.0,200.0,200.0,200.0,200.0,200.0,161.947,122.837,96.2802,68.5363,43.5413,27.1921,17.981,8.60148
93.286,-0.0000,1.0000,0.0000,6,142.34,0.0316,0.0209,8980.48,0.0,8.39411,19.0034,30.9986,57.4638,118.807,200.0,200.0,200.0,200.0,200.0,200.0,161.476,122.478,95.9996,68.3364,43.4143,27.1127,17.9285,8.57635
93.305,-0.0000,1.0000,0.0000,6,142.89,0.0286,0.0209,9019.61,0.0,8.42041,19.063,31.0958,57.6439,119.179,200.0,200.0,200.0,200.0,200.0,200.0,161.001,122.119,95.7172,68.1358,43.2866,27.0329,17.8758,8.55112
93.329,-0.0000,1.0000,0.0000,6,143.44,0.0255,0.0209,9055.76,0.0,8.44682,19.1227,31.1932,57.8244,119.551,200.0,200.0,200.0,200.0,200.0,200.0,160.526,121.758,95.4344,67.9343,43.1585,26.9529,17.8228,8.5258
93.349,-0.0000,1.0000,0.0000,6,144.00,0.0225,0.0209,9090.17,0.0,8.47332,19.1827,31.291,58.0053,119.923,200.0,200.0,200.0,200.0,200.0,200.0,160.051,121.397,95.1511,67.7324,43.03,26.8727,17.7697,8.50038
93.373,-0.0000,1.0000,0.0000,6,144.56,0.0194,0.0209,9125.03,0.0,8.49993,19.2429,31.3891,58.187,120.298,200.0,200.0,200.0,200.0,200.0,199.256,159.576,121.035,94.8668,67.5297,42.9011,26.7921,17.7164,8.47486
93.391,-0.0000,1.0000,0.0000,6,145.14,0.0163,0.0209,9149.3,0.0,8.52664,19.3034,31.4878,58.3698,120.677,200.0,200.0,200.0,200.0,200.0,198.463,159.092,120.669,94.58,67.3256,42.7714,26.7111,17.6629,8.44924
93.417,-0.0000,1.0000,0.0000,6,145.71,0.0132,0.0209,9178.72,0.0,8.55348,19.3641,31.5869,58.5537,121.058,200.0,200.0,200.0,200.0,200.0,197.666,158.606,120.299,94.2913,67.1199,42.641,26.6297,17.609,8.42351
93.435,-0.0000,1.0000,0.0000,6,146.27,0.0101,0.0209,9216.86,0.0,8.5804,19.4251,31.6863,58.7381,121.439,200.0,200.0,200.0,200.0,200.0,196.868,158.12,119.93,94.0022,66.9141,42.5103,26.548,17.555,8.39768
93.460,-0.0000,1.0000,0.0000,6,146.83,0.0070,0.0209,9259.76,0.0,8.60742,19.4863,31.7861,58.9228,121.82,200.0,200.0,200.0,200.0,200.0,196.066,157.633,119.561,93.7128,66.7079,42.3792,26.4661,17.5009,8.37177
93.480,-0.0000,1.0000,0.0000,6,147.39,0.0039,0.0209,9302.49,0.0,8.63455,19.5476,31.8863,59.1086,122.203,200.0,200.0,200.0,200.0,200.0,195.261,157.145,119.191,93.4215,66.5009,42.2477,26.3839,17.4465,8.34575
93.505,-0.0000,1.0000,0.0000,6,147.95,0.0007,0.0209,9342.43,0.0,8.66178,19.6093,31.9868,59.2947,122.588,200.0,200.0,200.0,200.0,200.0,194.451,156.653,118.819,93.1298,66.2928,42.1154,26.3014,17.3919,8.31963
93.523,-0.0000,1.0000,0.0000,6,148.53,-0.0024,0.0209,9379.14,0.0,8.68912,19.6711,32.0877,59.4816,122.974,200.0,200.0,200.0,200.0,200.0,193.639,156.162,118.446,92.837,66.0845,41.9828,26.2185,17.3371,8.29341
93.548,-0.0000,1.0000,0.0000,6,149.10,-0.0056,0.0209,9414.7,0.0,8.71656,19.7332,32.1888,59.6689,123.359,200.0,200.0,200.0,200.0,200.0,192.824,155.672,118.072,92.5437,65.8754,41.8499,26.1354,17.2821,8.26709
93.567,-0.0000,1.0000,0.0000,6,149.68,-0.0088,0.0209,9450.06,0.0,8.7441,19.7955,32.2904,59.857,123.746,200.0,200.0,200.0,200.0,200.0,192.004,155.178,117.697,92.2491,65.6655,41.7163,26.052,17.2269,8.24068
93.591,-0.0000,1.0000,0.0000,6,150.27,-0.0119,0.0209,9470.48,0.0,8.77177,19.8582,32.3927,60.0469,124.14,200.0,200.0,200.0,200.0,200.0,191.177,154.675,117.316,91.9509,65.4535,41.5818,25.968,17.1714,8.21415
93.617,-0.0000,1.0000,0.0000,6,150.84,-0.0152,0.0209,9503.66,0.0,8.79953,19.9211,32.4953,60.2369,124.534,200.0,200.0,200.0,200.0,200.0,190.347,154.171,116.934,91.6529,65.241,41.447,25.8838,17.1158,8.18751
93.635,-0.0000,1.0000,0.0000,6,151.41,-0.0184,0.0209,9542.36,0.0,8.8274,19.9842,32.5982,60.4277,124.929,200.0,200.0,200.0,200.0,200.0,189.514,153.668,116.553,91.3536,65.0283,41.3117,25.7993,17.0599,8.16078
93.660,-0.0000,1.0000,0.0000,6,151.98,-0.0216,0.0209,9584.24,0.0,8.85538,20.0475,32.7014,60.619,125.324,200.0,200.0,200.0,200.0,200.0,188.678,153.165,116.171,91.0539,64.8148,41.176,25.7145,17.0038,8.13395
93.679,-0.0000,1.0000,0.0000,6,152.54,-0.0248,0.0209,9623.99,0.0,8.88346,20.111,32.8051,60.8112,125.72,200.0,200.0,200.0,200.0,200.0,187.839,152.66,115.787,90.7525,64.6002,41.0397,25.6294,16.9475,8.10703
93.704,-0.0000,1.0000,0.0000,6,153.11,-0.0281,0.0209,9660.59,0.0,8.91163,20.1748,32.9091,61.0038,126.119,200.0,200.0,200.0,200.0,200.0,186.996,152.151,115.402,90.4505,64.3852,40.903,25.544,16.8911,8.08
93.723,-0.0000,1.0000,0.0000,6,153.68,-0.0313,0.0209,9694.57,0.0,8.93991,20.2388,33.0134,61.1969,126.516,200.0,200.0,200.0,200.0,199.222,186.15,151.644,115.017,90.1481,64.1697,40.7659,25.4583,16.8344,8.05288
93.748,-0.0000,1.0000,0.0000,6,154.24,-0.0346,0.0209,9728.36,0.0,8.9683,20.303,33.1181,61.3907,126.916,200.0,200.0,200.0,200.0,198.282,185.3,151.134,114.63,89.8447,63.953,40.6283,25.3724,16.7775,8.02565
93.766,-0.0000,1.0000,0.0000,6,154.82,-0.0379,0.0209,9752.18,0.0,8.99679,20.3675,33.2234,61.586,127.319,200.0,200.0,200.0,200.0,197.337,184.445,150.62,114.238,89.538,63.7353,40.4899,25.2859,16.7203,7.99832
93.792,-0.0000,1.0000,0.0000,6,155.39,-0.0412,0.0209,9781.46,0.0,9.0254,20.4323,33.3291,61.782,127.726,200.0,200.0,200.0,200.0,196.388,183.584,150.1,113.846,89.2303,63.5164,40.3509,25.1992,16.663,7.97089
93.810,-0.0000,1.0000,0.0000,6,155.95,-0.0445,0.0209,9817.78,0.0,9.0541,20.4973,33.4351,61.9786,128.132,200.0,200.0,200.0,200.0,195.437,182.722,149.581,113.452,88.9221,63.297,40.2115,25.1121,16.6054,7.94336
93.835,-0.0000,1.0000,0.0000,6,156.50,-0.0478,0.0209,9857.71,0.0,9.08292,20.5625,33.5414,62.1758,128.539,200.0,200.0,200.0,200.0,194.482,181.857,149.062,113.058,88.6134,63.0768,40.0717,25.0248,16.5477,7.91573
93.854,-0.0000,1.0000,0.0000,6,157.06,-0.0512,0.0209,9897.19,0.0,9.11182,20.6279,33.6481,62.3734,128.948,200.0,200.0,200.0,200.0,193.525,180.987,148.54,112.663,88.3031,62.8562,39.9314,24.9372,16.4897,7.888
93.879,-0.0000,1.0000,0.0000,6,157.61,-0.0545,0.0209,9933.86,0.0,9.14083,20.6936,33.7552,62.572,129.357,200.0,200.0,200.0,200.0,192.563,180.115,148.018,112.265,87.9916,62.6345,39.7907,24.8492,16.4316,7.86018
93.898,-0.0000,1.0000,0.0000,6,158.17,-0.0579,0.0209,9967.68,0.0,9.16994,20.7595,33.8626,62.7707,129.768,200.0,200.0,200.0,200.0,191.598,179.239,147.494,111.869,87.6803,62.4126,39.6494,24.761,16.3732,7.83226
93.923,-0.0000,1.0000,0.0000,6,158.72,-0.0613,0.0209,10000.9,0.0,9.19915,20.8256,33.9703,62.9701,130.179,200.0,200.0,200.0,199.537,190.631,178.361,146.97,111.469,87.368,62.1897,39.5078,24.6725,16.3147,7.80425
93.942,-0.0000,1.0000,0.0000,6,159.29,-0.0646,0.0209,10026.1,0.0,9.22847,20.8919,34.0787,63.1711,130.594,200.0,200.0,200.0,198.526,189.659,177.477,146.441,111.068,87.0525,61.9656,39.3655,24.5836,16.2559,7.77613
93.967,-0.0000,1.0000,0.0000,6,159.85,-0.0680,0.0209,10054.0,0.0,9.25789,20.9586,34.1874,63.3728,131.013,200.0,200.0,200.0,197.511,188.683,176.587,145.906,110.664,86.7359,61.7404,39.2224,24.4943,16.1969,7.7479
93.986,-0.0000,1.0000,0.0000,6,160.40,-0.0714,0.0209,10089.1,0.0,9.28742,21.0255,34.2965,63.5749,131.431,200.0,200.0,200.0,196.492,187.704,175.696,145.372,110.259,86.4189,61.5148,39.079,24.4048,16.1377,7.71959
94.010,-0.0000,1.0000,0.0000,6,160.94,-0.0749,0.0209,10127.5,0.0,9.31704,21.0925,34.4058,63.7777,131.849,200.0,200.0,200.0,195.471,186.723,174.802,144.839,109.854,86.1009,61.2884,38.9352,24.315,16.0783,7.69118
94.030,-0.0000,1.0000,0.0000,6,161.48,-0.0783,0.0209,10166.0,0.0,9.34676,21.1598,34.5155,63.9809,132.269,200.0,200.0,200.0,194.445,185.737,173.903,144.302,109.446,85.7824,61.0612,38.791,24.2249,16.0187,7.66267
94.054,-0.0000,1.0000,0.0000,6,162.03,-0.0817,0.0209,10201.9,0.0,9.37659,21.2273,34.6257,64.185,132.691,200.0,200.0,200.0,193.417,184.749,173.001,143.764,109.039,85.4621,60.8335,38.6462,24.1345,15.9589,7.63406
94.073,-0.0000,1.0000,0.0000,6,162.57,-0.0852,0.0209,10235.2,0.0,9.40651,21.295,34.7361,64.3896,133.112,200.0,200.0,200.0,192.385,183.758,172.098,143.227,108.63,85.1415,60.6051,38.501,24.0438,15.8989,7.60536
94.099,-0.0000,1.0000,0.0000,6,163.12,-0.0886,0.0209,10267.8,0.0,9.43653,21.363,34.8468,64.5945,133.536,200.0,200.0,199.111,191.349,182.763,171.189,142.686,108.22,84.8203,60.376,38.3554,23.9528,15.8387,7.57657
94.117,-0.0000,1.0000,0.0000,6,163.67,-0.0921,0.0209,10291.8,0.0,9.46666,21.4311,34.9582,64.801,133.964,200.0,200.0,198.032,190.31,181.764,170.277,142.14,107.807,84.4962,60.1457,38.2091,23.8614,15.7783,7.54767
94.142,-0.0000,1.0000,0.0000,6,164.22,-0.0956,0.0209,10320.9,0.0,9.49689,21.4996,35.0699,65.0083,134.393,200.0,200.0,196.949,189.267,180.761,169.359,141.592,107.391,84.171,59.9144,38.0622,23.7697,15.7177,7.51868
94.167,-0.0000,1.0000,0.0000,6,164.75,-0.0991,0.0209,10355.6,0.0,9.52722,21.5683,35.1819,65.2159,134.822,200.0,200.0,195.862,188.22,179.756,168.44,141.045,106.976,83.8454,59.6823,37.9149,23.6778,15.6569,7.48959
94.186,-0.0000,1.0000,0.0000,6,165.29,-0.1026,0.0209,10393.1,0.0,9.55765,21.6372,35.2942,65.4241,135.252,200.0,200.0,194.772,187.17,178.748,167.518,140.495,106.559,83.5187,59.45,37.7672,23.5855,15.5959,7.46041
94.211,-0.0000,1.0000,0.0000,6,165.82,-0.1061,0.0209,10430.2,0.0,9.58818,21.7063,35.407,65.6331,135.683,200.0,200.0,193.679,186.117,177.736,166.591,139.945,106.141,83.1909,59.2167,37.619,23.4929,15.5347,7.43113
94.229,-0.0000,1.0000,0.0000,6,166.36,-0.1097,0.0209,10464.7,0.0,9.6188,21.7756,35.52,65.8424,136.116,200.0,200.0,192.582,185.06,176.72,165.662,139.392,105.722,82.8627,58.983,37.4704,23.4001,15.4733,7.40176
94.254,-0.0000,1.0000,0.0000,6,166.89,-0.1132,0.0209,10497.2,0.0,9.64951,21.8451,35.6333,66.0524,136.55,200.0,200.0,191.482,184.001,175.703,164.729,138.839,105.303,82.5335,58.7485,37.3214,23.307,15.4117,7.3723
94.273,-0.0000,1.0000,0.0000,6,167.43,-0.1168,0.0209,10529.4,0.0,9.68033,21.9148,35.747,66.2631,136.983,200.0,200.0,190.379,182.938,174.682,163.794,138.286,104.881,82.2031,58.5132,37.1718,23.2136,15.35,7.34274
94.298,-0.0000,1.0000,0.0000,6,167.97,-0.1203,0.0209,10551.4,0.0,9.71126,21.9849,35.8613,66.4751,137.424,200.0,200.0,189.27,181.87,173.656,162.852,137.724,104.456,81.8706,58.2763,37.0216,23.1198,15.2879,7.31308
94.316,-0.0000,1.0000,0.0000,6,168.50,-0.1239,0.0209,10582.7,0.0,9.74228,22.0551,35.9759,66.6877,137.864,200.0,199.447,188.159,180.799,172.627,161.908,137.162,104.031,81.5369,58.0392,36.8709,23.0257,15.2257,7.28333
94.342,-0.0000,1.0000,0.0000,6,169.03,-0.1275,0.0209,10617.3,0.0,9.7734,22.1256,36.0909,66.9007,138.304,200.0,198.266,187.044,179.724,171.596,160.961,136.6,103.605,81.2028,57.8014,36.7198,22.9314,15.1633,7.25349
94.361,-0.0000,1.0000,0.0000,6,169.55,-0.1311,0.0209,10654.0,0.0,9.8046,22.1962,36.2061,67.1143,138.746,200.0,197.081,185.927,178.647,170.561,160.011,136.036,103.177,80.8677,57.5629,36.5683,22.8367,15.1008,7.22355
94.386,-0.0000,1.0000,0.0000,6,170.07,-0.1347,0.0209,10689.4,0.0,9.83592,22.2671,36.3217,67.3287,139.188,200.0,195.892,184.805,177.566,169.523,159.058,135.472,102.748,80.5315,57.3236,36.4162,22.7418,15.038,7.19352
94.404,-0.0000,1.0000,0.0000,6,170.60,-0.1383,0.0209,10722.2,0.0,9.86732,22.3382,36.4376,67.5434,139.632,200.0,194.7,183.68,176.482,168.482,158.101,134.905,102.319,80.1949,57.0838,36.2638,22.6466,14.975,7.1634
94.429,-0.0000,1.0000,0.0000,6,171.12,-0.1420,0.0209,10753.8,0.0,9.89882,22.4095,36.5539,67.7587,140.076,200.0,193.504,182.552,175.395,167.438,157.141,134.338,101.888,79.8571,56.8433,36.111,22.5511,14.9119,7.13319
94.448,-0.0000,1.0000,0.0000,6,171.65,-0.1456,0.0209,10779.9,0.0,9.93042,22.481,36.6706,67.975,140.524,200.0,192.304,181.42,174.304,166.391,156.177,133.767,101.454,79.5178,56.6015,35.9576,22.4553,14.8485,7.10288
94.473,-0.0000,1.0000,0.0000,6,172.18,-0.1493,0.0209,10807.0,0.0,9.96212,22.5528,36.7878,68.1926,140.973,200.0,191.1,180.284,173.209,165.34,155.209,133.193,101.019,79.1764,56.359,35.8036,22.3591,14.785,7.07248
94.492,-0.0000,1.0000,0.0000,6,172.70,-0.1529,0.0209,10839.6,0.0,9.99392,22.6248,36.9052,68.4102,141.425,200.0,189.893,179.145,172.111,164.286,154.239,132.617,100.584,78.8351,56.116,35.6491,22.2627,14.7212,7.04199
94.518,-0.0000,1.0000,0.0000,6,173.21,-0.1566,0.0209,10874.4,0.0,10.0258,22.697,37.0229,68.6284,142.053,200.0,188.682,178.003,171.01,163.229,153.265,132.041,100.147,78.4927,55.8723,35.4943,22.1661,14.6573,7.01141
94.536,-0.0000,1.0000,0.0000,6,173.73,-0.1603,0.0209,10909.6,0.0,10.0578,22.7694,37.141,68.8474,143.491,200.0,187.468,176.857,169.905,162.168,152.288,131.465,99.7088,78.1493,55.6279,35.339,22.0691,14.5932,6.98074
94.560,-0.0000,1.0000,0.0000,6,174.24,-0.1640,0.0209,10942.8,0.0,10.0899,22.842,37.2594,69.0669,200.0,199.999,186.25,175.708,168.797,161.105,151.308,130.886,99.2694,77.8055,55.3828,35.1834,21.9719,14.5289,6.94998
94.579,-0.0000,1.0000,0.0000,6,174.75,-0.1677,0.0209,10974.2,0.0,10.122,22.9148,37.3782,69.2868,200.0,198.687,185.028,174.556,167.686,160.039,150.325,130.306,98.8297,77.4601,55.1372,35.0272,21.8743,14.4644,6.91912
94.604,-0.0000,1.0000,0.0000,6,175.27,-0.1714,0.0209,11004.8,0.0,10.1543,22.9878,37.4972,69.5074,200.0,197.372,183.803,173.401,166.572,158.969,149.338,129.724,98.3886,77.1142,54.8908,34.8707,21.7765,14.3997,6.88818
94.624,-0.0000,1.0000,0.0000,6,175.79,-0.1752,0.0209,11027.8,0.0,10.1867,23.0611,37.6169,69.7295,200.0,196.051,182.574,172.24,165.453,157.896,148.347,129.137,97.9434,76.7657,54.643,34.7133,21.6783,14.3348,6.85714
94.648,-0.0000,1.0000,0.0000,6,176.30,-0.1789,0.0209,11058.7,0.0,10.2191,23.1346,37.7368,69.9517,200.0,194.728,181.341,171.078,164.332,156.82,147.353,128.55,97.4978,76.4171,54.3946,34.5557,21.5799,14.2697,6.826
94.666,-0.0000,1.0000,0.0000,6,176.81,-0.1827,0.0209,11091.9,0.0,10.2517,23.2083,37.857,70.1745,200.0,193.401,180.105,169.911,163.207,155.741,146.356,127.962,97.0519,76.0676,54.1458,34.3977,21.4812,14.2044,6.79479
94.692,-0.0000,1.0000,0.0000,6,177.31,-0.1865,0.0209,11126.3,0.0,10.2843,23.2822,37.9775,70.398,200.0,192.07,178.866,168.742,162.079,154.658,145.356,127.372,96.6046,75.7171,53.8963,34.2392,21.3822,14.139,6.76347
94.717,-0.0000,1.0000,0.0000,6,177.81,-0.1902,0.0209,11159.2,0.0,10.3171,23.3563,38.0985,70.6221,200.0,190.735,177.622,167.569,160.948,153.573,144.352,126.781,96.1561,75.3655,53.6461,34.0802,21.283,14.0733,6.73207
94.736,-0.0000,1.0000,0.0000,6,178.32,-0.1940,0.0209,11190.3,0.0,10.3499,23.4306,38.2197,70.8469,200.0,189.396,176.376,166.394,159.814,152.485,143.346,126.188,95.7073,75.013,53.3954,33.9208,21.1834,14.0075,6.70058
94.760,-0.0000,1.0000,0.0000,6,178.82,-0.1978,0.0209,11220.9,0.0,10.3828,23.5052,38.3412,71.0719,200.0,188.054,175.126,165.214,158.676,151.394,142.337,125.594,95.2562,74.6601,53.1438,33.761,21.0836,13.9415,6.66901
94.779,-0.0000,1.0000,0.0000,6,179.34,-0.2016,0.0209,11244.3,0.0,10.4158,23.58,38.4633,71.2986,200.0,186.707,173.872,164.031,157.535,150.299,141.323,124.996,94.803,74.3045,52.8912,33.6005,20.9834,13.8753,6.63734
94.804,-0.0000,1.0000,0.0000,6,179.84,-0.2054,0.0209,11274.2,0.0,10.449,23.655,38.5856,71.5253,200.0,185.357,172.614,162.844,156.39,149.201,140.307,124.397,94.3484,73.9489,52.6378,33.4397,20.883,13.8089,6.60557
94.823,-0.0000,1.0000,0.0000,6,180.34,-0.2093,0.0209,11306.2,0.0,10.4822,23.7301,38.7083,71.7529,200.0,184.003,171.353,161.655,155.242,148.1,139.287,123.797,93.8936,73.5918,52.3841,33.2784,20.7823,13.7423,6.57373
94.848,-0.0000,1.0000,0.0000,6,180.83,-0.2131,0.0209,11339.4,0.0,10.5155,23.8055,38.8313,71.9808,200.0,182.645,170.089,160.462,154.092,146.996,138.265,123.196,93.4374,73.2343,52.1295,33.1167,20.6813,13.6755,6.54179
94.867,-0.0000,1.0000,0.0000,6,181.32,-0.2170,0.0209,11371.7,0.0,10.5488,23.8811,38.9546,72.2094,200.0,181.284,168.821,159.266,152.938,145.889,137.239,122.591,92.9801,72.8758,51.8744,32.9546,20.5801,13.6086,6.50977
94.892,-0.0000,1.0000,0.0000,6,181.82,-0.2208,0.0209,11402.4,0.0,10.5823,23.9569,39.0782,72.4386,200.0,179.919,167.55,158.067,151.78,144.78,136.21,121.988,92.5214,72.5163,51.6185,32.7921,20.4786,13.5415,6.47766
94.910,-0.0000,1.0000,0.0000,6,182.31,-0.2247,0.0209,11432.5,0.0,10.6159,24.0329,39.2021,72.668,200.0,178.551,166.276,156.865,150.62,143.667,135.178,121.357,92.0624,72.1565,51.3619,32.6292,20.3768,13.4742,6.44546
94.936,-0.0000,1.0000,0.0000,6,182.81,-0.2286,0.0209,11456.4,0.0,10.6496,24.1091,39.3265,72.8988,200.0,177.178,164.998,155.659,149.456,142.551,134.143,120.691,91.5997,71.7945,51.1044,32.4657,20.2747,13.4066,6.41317
94.954,-0.0000,1.0000,0.0000,6,183.31,-0.2325,0.0209,11485.7,0.0,10.6833,24.1856,39.4512,73.1301,200.0,175.801,163.715,154.45,148.288,141.431,133.104,119.996,91.1374,71.4316,50.8464,32.3017,20.1723,13.339,6.3808
94.979,-0.0000,1.0000,0.0000,6,183.80,-0.2364,0.0209,11516.8,0.0,10.7172,24.2622,39.5762,73.3622,200.0,174.421,162.431,153.237,147.118,140.31,132.062,119.278,90.6728,71.0676,50.5875,32.1373,20.0697,13.2711,6.34834
94.998,-0.0000,1.0000,0.0000,6,184.28,-0.2403,0.0209,11548.9,0.0,10.7511,24.339,39.7016,73.5945,200.0,173.037,161.142,152.022,145.945,139.185,131.018,118.538,90.2079,70.7032,50.3281,31.9725,19.9668,13.2031,6.31579
95.023,-0.0000,1.0000,0.0000,6,184.77,-0.2442,0.0209,11580.4,0.0,10.7851,24.4161,39.8273,73.8274,199.345,171.65,159.85,150.803,144.768,138.057,129.97,117.778,89.7418,70.3379,50.0681,31.8073,19.8636,13.1348,6.28315
95.041,-0.0000,1.0000,0.0000,6,185.25,-0.2482,0.0209,11610.5,0.0,10.8192,24.4933,39.9532,74.061,197.73,170.259,158.555,149.581,143.588,136.926,128.92,117.004,89.2745,69.9716,49.8073,31.6416,19.7602,13.0664,6.25043
95.067,-0.0000,1.0000,0.0000,6,185.74,-0.2521,0.0209,11640.1,0.0,10.8535,24.5707,40.0796,74.2951,196.11,168.865,157.256,148.356,142.405,135.792,127.866,116.212,88.8059,69.6043,49.5459,31.4756,19.6564,12.9978,6.21763
95.085,-0.0000,1.0000,0.0000,6,186.23,-0.2561,0.0209,11664.2,0.0,10.8877,24.6484,40.2063,74.5302,194.486,167.466,155.954,147.127,141.219,134.655,126.808,115.405,88.3353,69.2356,49.2836,31.3089,19.5524,12.9291,6.18473
95.111,-0.0000,1.0000,0.0000,6,186.71,-0.2600,0.0209,11693.3,0.0,10.9221,24.7263,40.3333,74.7659,192.857,166.065,154.648,145.895,140.029,133.515,125.748,114.585,87.8634,68.8659,49.0205,31.142,19.4482,12.8601,6.15175
95.130,-0.0000,1.0000,0.0000,6,187.19,-0.2640,0.0209,11723.7,0.0,10.9566,24.8043,40.4607,75.0019,191.225,164.659,153.339,144.661,138.837,132.372,124.685,113.754,87.3912,68.4958,48.757,30.9745,19.3436,12.791,6.11869
95.154,-0.0000,1.0000,0.0000,6,187.67,-0.2680,0.0209,11754.7,0.0,10.9912,24.8826,40.5883,75.2385,189.588,163.25,152.027,143.422,137.641,131.226,123.618,112.911,86.9169,68.1247,48.4926,30.8067,19.2388,12.7217,6.08554
95.173,-0.0000,1.0000,0.0000,6,188.15,-0.2720,0.0209,11785.2,0.0,11.0258,24.9611,40.7163,75.4761,187.948,161.837,150.711,142.181,136.442,130.078,122.549,112.059,86.4423,67.7527,48.2278,30.6385,19.1337,12.6522,6.05231
95.198,-0.0000,1.0000,0.0000,6,188.62,-0.2760,0.0209,11814.6,0.0,11.0606,25.0397,40.8446,75.7138,186.303,160.421,149.393,140.937,135.24,128.926,121.477,111.196,85.9664,67.3798,47.9623,30.4698,19.0284,12.5826,6.01899
95.217,-0.0000,1.0000,0.0000,6,189.10,-0.2800,0.0209,11842.4,0.0,11.0954,25.1186,40.9733,75.9523,184.655,159.001,148.07,139.69,134.035,127.772,120.402,110.324,85.4893,67.0053,47.6961,30.3006,18.9228,12.5127,5.98558
95.242,-0.0000,1.0000,0.0000,6,189.58,-0.2840,0.0209,11868.1,0.0,11.1303,25.1976,41.1023,76.1916,183.001,157.577,146.745,138.439,132.827,126.615,119.323,109.442,85.0102,66.6299,47.4291,30.131,18.8169,12.4427,5.95209
95.267,-0.0000,1.0000,0.0000,6,190.05,-0.2881,0.0209,11896.9,0.0,11.1653,25.2769,41.2316,76.4313,181.343,156.15,145.415,137.185,131.616,125.454,118.242,108.551,84.5298,66.2541,47.1613,29.961,18.7107,12.3725,5.91852
95.285,-0.0000,1.0000,0.0000,6,190.52,-0.2921,0.0209,11926.6,0.0,11.2004,25.3564,41.3613,76.6718,179.681,154.719,144.083,135.928,130.401,124.291,117.157,107.653,84.0492,65.877,46.8931,29.7906,18.6043,12.3022,5.88486
95.311,-0.0000,1.0000,0.0000,6,190.99,-0.2962,0.0209,11956.6,0.0,11.2356,25.436,41.4912,76.9127,178.016,153.285,142.747,134.668,129.183,123.125,116.07,106.747,83.5665,65.4992,46.624,29.6197,18.4976,12.2316,5.85112
95.329,-0.0000,1.0000,0.0000,6,191.46,-0.3003,0.0209,11986.1,0.0,11.2709,25.5159,41.6215,77.1544,176.346,151.847,141.409,133.405,127.963,121.956,114.98,105.834,83.0835,65.1201,46.3545,29.4484,18.3907,12.1609,5.8173
95.354,-0.0000,1.0000,0.0000,6,191.93,-0.3043,0.0209,12014.9,0.0,11.3062,25.5959,41.7521,77.3965,174.673,150.406,140.066,132.139,126.739,120.785,113.886,104.912,82.5991,64.7405,46.0843,29.2768,18.2835,12.09,5.78338
95.373,-0.0000,1.0000,0.0000,6,192.40,-0.3084,0.0209,12040.9,0.0,11.3417,25.6762,41.883,77.6391,172.995,148.962,138.721,130.87,125.512,119.61,112.79,103.985,82.1129,64.36,45.8132,29.1047,18.176,12.0189,5.7494
95.398,-0.0000,1.0000,0.0000,6,192.86,-0.3125,0.0209,12068.1,0.0,11.3772,25.7567,42.0143,77.8827,171.313,147.513,137.372,129.597,124.283,118.432,111.69,103.05,81.6257,63.9781,45.5415,28.9321,18.0683,11.9477,5.71532
95.416,-0.0000,1.0000,0.0000,6,193.33,-0.3166,0.0209,12096.6,0.0,11.4128,25.8373,42.1459,78.1268,169.626,146.061,136.02,128.322,123.05,117.252,110.588,102.108,81.1378,63.5953,45.2693,28.7591,17.9602,11.8763,5.68116
95.442,-0.0000,1.0000,0.0000,6,193.79,-0.3207,0.0209,12125.6,0.0,11.4485,25.9181,42.2777,78.3711,167.936,144.606,134.665,127.043,121.814,116.068,109.483,101.161,80.6482,63.2121,44.9963,28.5858,17.852,11.8047,5.64693
95.461,-0.0000,1.0000,0.0000,6,194.25,-0.3249,0.0209,12154.5,0.0,11.4843,25.9992,42.41,78.6165,166.242,143.147,133.307,125.762,120.575,114.883,108.375,100.207,80.158,62.8274,44.7228,28.412,17.7435,11.733,5.61261
95.485,-0.0000,1.0000,0.0000,6,194.71,-0.3290,0.0209,12183.1,0.0,11.5202,26.0804,42.5424,78.862,164.544,141.685,131.945,124.477,119.332,113.694,107.264,99.2477,79.6659,62.4424,44.4485,28.2379,17.6347,11.661,5.57821
95.505,-0.0000,1.0000,0.0000,6,195.17,-0.3332,0.0209,12211.2,0.0,11.5561,26.1618,42.6753,79.1085,162.842,140.219,130.58,123.19,118.087,112.502,106.15,98.2825,79.1735,62.0559,44.1737,28.0632,17.5257,11.589,5.54372
95.530,-0.0000,1.0000,0.0000,6,195.63,-0.3373,0.0209,12236.7,0.0,11.5922,26.2434,42.8085,79.3556,161.136,138.75,129.212,121.899,116.839,111.308,105.033,97.3108,78.6791,61.6686,43.8981,27.8882,17.4164,11.5167,5.50916
95.548,-0.0000,1.0000,0.0000,6,196.09,-0.3415,0.0209,12264.3,0.0,11.6283,26.3252,42.9418,79.6028,159.426,137.278,127.841,120.605,115.588,110.11,103.913,96.3339,78.1836,61.2808,43.6218,27.7128,17.3069,11.4443,5.47452
95.573,-0.0000,1.0000,0.0000,6,196.54,-0.3457,0.0209,12292.3,0.0,11.6645,26.4072,43.0757,79.8511,157.711,135.802,126.466,119.309,114.334,108.91,102.79,95.3511,77.6876,60.8916,43.3451,27.5369,17.197,11.3717,5.43978
95.592,-0.0000,1.0000,0.0000,6,196.99,-0.3499,0.0209,12320.5,0.0,11.7008,26.4894,43.2097,80.0995,155.993,134.322,125.088,118.009,113.077,107.707,101.665,94.3641,77.1897,60.5019,43.0675,27.3607,17.087,11.2989,5.40497
95.617,-0.0000,1.0000,0.0000,6,197.45,-0.3540,0.0209,12348.5,0.0,11.7372,26.5718,43.3442,80.3489,154.271,132.84,123.708,116.706,111.817,106.502,100.536,93.3706,76.6915,60.111,42.7895,27.184,16.9767,11.226,5.37009
95.636,-0.0000,1.0000,0.0000,6,197.90,-0.3583,0.0209,12376.2,0.0,11.7737,26.6543,43.4788,80.5989,152.546,131.354,122.324,115.4,110.553,105.294,99.405,92.3731,76.1914,59.7195,42.5106,27.007,16.8661,11.1528,5.33511
95.661,-0.0000,1.0000,0.0000,6,198.35,-0.3625,0.0209,12402.6,0.0,11.8102,26.7371,43.6139,80.8491,150.815,129.864,120.936,114.091,109.287,104.082,98.2707,91.3698,75.6909,59.3269,42.2314,26.8295,16.7553,11.0796,5.30007
95.679,-0.0000,1.0000,0.0000,6,198.80,-0.3667,0.0209,12429.4,0.0,11.8468,26.82,43.7492,81.1198,149.081,128.371,119.546,112.778,108.018,102.869,97.1341,90.3614,75.1884,58.9332,41.9512,26.6516,16.6442,11.0061,5.26493
95.705,-0.0000,1.0000,0.0000,6,199.24,-0.3709,0.0209,12456.7,0.0,11.8836,26.9032,43.8849,81.5454,147.344,126.874,118.153,111.462,106.746,101.652,95.994,89.3489,74.6849,58.5386,41.6705,26.4733,16.5329,10.9325,5.22972
95.723,-0.0000,1.0000,0.0000,6,199.69,-0.3752,0.0209,12484.0,0.0,11.9203,26.9865,44.0208,82.2212,145.602,125.375,116.756,110.143,105.471,100.433,94.8512,88.3313,74.181,58.1437,41.3893,26.2946,16.4213,10.8587,5.19444
95.749,-0.0000,1.0000,0.0000,6,200.13,-0.3794,0.0209,12511.3,0.0,11.9572,27.07,44.1571,83.3197,143.857,123.872,115.356,108.821,104.193,99.2107,93.7059,87.3092,73.6753,57.7473,41.1073,26.1155,16.3095,10.7848,5.15906
95.767,-0.0000,1.0000,0.0000,6,200.58,-0.3837,0.0209,12538.5,0.0,11.9942,27.1537,44.2936,85.3898,142.107,122.366,113.954,107.495,102.912,97.986,92.5577,86.2821,73.1684,57.3505,40.8246,25.9361,16.1974,10.7107,5.12362
95.791,-0.0000,1.0000,0.0000,6,201.02,-0.3880,0.0209,12565.3,0.0,12.0312,27.2376,44.4305,200.0,140.354,120.856,112.548,106.167,101.628,96.7587,91.4064,85.2507,72.6611,56.9525,40.5416,25.7562,16.0851,10.6364,5.08809
95.811,-0.0000,1.0000,0.0000,6,201.46,-0.3923,0.0209,12591.9,0.0,12.0684,27.3216,44.5677,200.0,138.597,119.343,111.139,104.834,100.341,95.5285,90.2527,84.215,72.152,56.5535,40.2577,25.5758,15.9725,10.562,5.05249
95.835,-0.0000,1.0000,0.0000,6,201.90,-0.3965,0.0209,12618.6,0.0,12.1056,27.4059,44.7051,200.0,136.836,117.827,109.727,103.499,99.0513,94.2956,89.0959,83.1746,71.6405,56.1542,39.9732,25.3952,15.8597,10.4874,5.0168
95.861,-0.0000,1.0000,0.0000,6,202.34,-0.4008,0.0209,12645.4,0.0,12.1429,27.4903,44.8429,199.99,135.071,116.307,108.311,102.16,97.7588,93.0602,87.9366,82.1298,71.0854,55.7535,39.6883,25.2141,15.7466,10.4126,4.98104
95.879,-0.0000,1.0000,0.0000,6,202.78,-0.4052,0.0209,12672.1,0.0,12.1802,27.575,44.9809,197.371,133.302,114.784,106.893,100.818,96.4628,91.8218,86.7744,81.0813,70.4807,55.3519,39.4025,25.0327,15.6333,10.3377,4.9452
95.905,-0.0000,1.0000,0.0000,6,203.22,-0.4095,0.0209,12698.8,0.0,12.2177,27.6598,45.1193,194.747,131.53,113.258,105.472,99.4733,95.1645,90.581,85.6092,80.0278,69.8355,54.9499,39.1163,24.8508,15.5197,10.2626,4.90929
95.923,-0.0000,1.0000,0.0000,6,203.65,-0.4138,0.0209,12725.4,0.0,12.2552,27.7447,45.258,192.116,129.753,111.728,104.048,98.125,93.8632,89.3376,84.4417,78.9705,69.1551,54.5466,38.8293,24.6686,15.4059,10.1874,4.87329
95.948,-0.0000,1.0000,0.0000,6,204.09,-0.4181,0.0209,12752.5,0.0,12.2928,27.8299,45.3969,189.481,127.974,110.196,102.62,96.7733,92.5586,88.0913,83.2711,77.909,68.4452,54.1424,38.5417,24.4859,15.2919,10.1119,4.83722
95.967,-0.0000,1.0000,0.0000,6,204.52,-0.4225,0.0209,12778.9,0.0,12.3305,27.9153,45.5362,186.84,126.19,108.66,101.19,95.4186,91.2514,86.8424,82.0976,76.8436,67.7098,53.7378,38.2537,24.3029,15.1776,10.0364,4.80107
95.992,-0.0000,1.0000,0.0000,6,204.96,-0.4268,0.0209,12805.1,0.0,12.3683,28.0008,45.6758,184.192,124.403,107.12,99.7565,94.0603,89.9414,85.5911,80.922,75.774,66.9504,53.3321,37.9649,24.1194,15.063,9.96062,4.76484
96.010,-0.0000,1.0000,0.0000,6,205.39,-0.4312,0.0209,12831.1,0.0,12.4062,28.0866,45.8156,181.54,122.611,105.578,98.3202,92.6988,88.6283,84.3369,79.7431,74.7004,66.1706,52.9257,37.6754,23.9357,14.9483,9.88471,4.72853
96.036,-0.0000,1.0000,0.0000,6,205.82,-0.4356,0.0209,12857.1,0.0,12.4441,28.1725,45.9558,178.882,120.816,104.032,96.8808,91.3343,87.3122,83.0799,78.5615,73.6228,65.3722,52.5181,37.3853,23.7514,14.8332,9.80865,4.69215
96.054,-0.0000,1.0000,0.0000,6,206.25,-0.4400,0.0209,12883.3,0.0,12.4821,28.2586,46.0963,176.218,119.016,102.483,95.4381,89.9663,85.9938,81.8204,77.3774,72.5412,64.5564,52.1097,37.0948,23.5668,14.7179,9.73244,4.65569
96.079,-0.0000,1.0000,0.0000,6,206.68,-0.4444,0.0209,12910.8,0.0,12.5202,28.3448,46.2371,173.549,117.214,100.931,93.9927,88.5952,84.6719,80.5586,76.1906,71.4561,63.7249,51.7004,36.8036,23.3818,14.6024,9.65606,4.61916
96.098,-0.0000,1.0000,0.0000,6,207.11,-0.4488,0.0209,12937.0,0.0,12.5584,28.4313,46.3781,170.874,115.408,99.3755,92.5442,87.2207,83.3472,79.2938,75.001,70.3668,62.8789,51.2906,36.5117,23.1965,14.4867,9.57952,4.58255
96.123,-0.0000,1.0000,0.0000,6,207.54,-0.4532,0.0209,12962.7,0.0,12.5966,28.5179,46.5194,168.194,113.597,97.8167,91.0926,85.8435,82.0199,78.0267,73.8085,69.2738,62.0192,50.8797,36.2194,23.0107,14.3707,9.50284,4.54587
96.142,-0.0000,1.0000,0.0000,6,207.97,-0.4576,0.0209,12988.1,0.0,12.635,28.6047,46.6611,165.508,111.784,96.2547,89.6382,84.4626,80.6896,76.7569,72.6135,68.177,61.1464,50.4678,35.9263,22.8245,14.2544,9.42597,4.5091
96.167,-0.0000,1.0000,0.0000,6,208.39,-0.4620,0.0209,13013.5,0.0,12.6734,28.6917,46.803,162.817,109.966,94.6897,88.1809,83.0783,79.3565,75.4843,71.4156,67.0767,60.262,50.0555,35.6326,22.6381,14.138,9.34895,4.47226
96.185,-0.0000,1.0000,0.0000,6,208.82,-0.4665,0.0209,13039.1,0.0,12.7119,28.7789,46.9452,160.12,108.144,93.1214,86.72,81.6909,78.0203,74.2091,70.2152,65.9726,59.3663,49.642,35.3383,22.4512,14.0213,9.27177,4.43535
96.211,-0.0000,1.0000,0.0000,6,209.24,-0.4709,0.0209,13067.2,0.0,12.7505,28.8662,47.0878,157.417,106.319,91.5499,85.2568,80.3002,76.6817,72.9316,69.0123,64.8646,58.4602,49.2276,35.0436,22.2638,13.9043,9.19445,4.39835
96.229,-0.0000,1.0000,0.0000,6,209.66,-0.4754,0.0209,13093.0,0.0,12.7891,28.9537,47.2305,154.71,104.491,89.9755,83.7903,78.9064,75.3398,71.6512,67.8065,63.7534,57.5435,48.8127,34.7481,22.0762,13.7871,9.11695,4.36129
96.254,0.1246,1.0000,0.0000,6,210.08,-0.4799,0.0209,13118.1,0.0,12.8278,29.0414,47.3736,151.996,102.658,88.3975,82.321,77.5096,73.9954,70.3683,66.5979,62.6383,56.6178,48.3647,34.4522,21.8882,13.6697,9.03931,4.32415
96.273,0.1459,1.0000,0.0000,6,210.49,-0.4840,0.0174,13143.9,0.0,12.8174,28.8115,46.6584,154.221,103.042,88.4515,82.2616,77.4701,74.0456,70.5254,66.8866,63.0949,57.4211,50.0122,35.5333,22.2501,13.7648,9.05299,4.30419
96.298,0.1103,1.0000,0.0000,6,210.86,-0.4871,0.0080,13175.3,0.0,12.7206,28.0588,44.5945,166.434,107.63,91.5462,84.8103,79.6921,76.3583,72.9939,69.5434,65.9874,60.7752,54.3119,39.59,23.7082,14.2652,9.23806,4.31767
96.317,-0.0000,1.0000,0.0000,6,211.23,-0.4890,-0.0034,13207.7,0.0,12.592,27.1739,42.2958,185.631,114.507,96.1747,88.6313,82.9513,79.3275,76.0025,72.7145,69.3537,64.4953,58.6439,45.9518,25.8725,14.9856,9.51101,4.35071
96.342,-0.0000,1.0000,0.0000,6,211.62,-0.4898,-0.0114,13233.6,0.0,12.4998,26.5778,40.8071,200.0,119.481,99.345,91.1748,85.067,81.1895,77.6555,74.4026,71.1657,66.5209,61.002,49.6239,27.6916,15.5588,9.72507,4.37929
96.367,-0.0000,1.0000,0.0000,6,212.04,-0.4898,-0.0142,13250.4,0.0,12.4658,26.3714,40.3052,200.0,119.979,99.3809,91.0672,84.8685,80.9408,77.3659,74.0987,70.9368,66.4164,61.0796,50.2902,28.4058,15.7787,9.80777,4.39184
96.385,-0.0000,1.0000,0.0000,6,212.46,-0.4890,-0.0147,13269.2,0.0,12.4531,26.32,40.193,200.0,118.345,97.9565,89.7361,83.6096,79.729,76.1982,72.9721,69.8704,65.4477,60.2507,49.8745,28.5852,15.844,9.83803,4.4008
96.410,-0.0000,1.0000,0.0000,6,212.88,-0.4877,-0.0144,13290.3,0.0,12.4456,26.3205,40.2262,198.851,115.924,95.999,87.9596,81.9664,78.1692,74.7137,71.556,68.5109,64.1803,59.1124,49.1,28.5719,15.8593,9.8544,4.41117
96.429,-0.0000,1.0000,0.0000,6,213.30,-0.4858,-0.0138,13313.2,0.0,12.4371,26.3294,40.343,193.784,113.334,93.9276,86.089,80.2424,76.5364,73.1631,70.0788,67.0911,62.8528,57.9129,48.2509,28.5252,15.8707,9.87269,4.42438
96.454,-0.0000,1.0000,0.0000,6,213.72,-0.4837,-0.0133,13337.4,0.0,12.4257,26.3308,40.5154,188.88,110.802,91.8968,84.2528,78.5482,74.931,71.6378,68.6245,65.6955,61.551,56.74,47.4221,28.5031,15.8937,9.89757,4.44033
96.473,-0.0000,1.0000,0.0000,6,214.13,-0.4814,-0.0129,13366.8,0.0,12.4112,26.32,40.7374,184.344,108.396,89.9525,82.4891,76.9179,73.384,70.1657,67.2191,64.3494,60.3003,55.6192,46.6379,28.5226,15.9319,9.92973,4.4585
96.498,-0.0000,1.0000,0.0000,6,214.54,-0.4789,-0.0126,13391.5,0.0,12.3942,26.2979,41.0179,180.167,106.112,88.0923,80.7964,75.3482,71.8921,68.7439,65.8603,63.0515,59.098,54.5464,45.892,28.5816,15.984,9.96798,4.47831
96.516,-0.0000,1.0000,0.0000,6,214.95,-0.4764,-0.0124,13415.2,0.0,12.3752,26.2667,41.3762,176.26,103.921,86.2956,79.1567,73.8248,70.4419,67.3605,64.5376,61.7895,57.9318,53.5084,45.1693,28.671,16.0465,10.0107,4.49924
96.542,-0.0000,1.0000,0.0000,6,215.36,-0.4738,-0.0122,13438.9,0.0,12.355,26.2295,41.8391,172.532,101.791,84.5401,77.5521,72.3316,69.0196,66.0022,63.2377,60.551,56.7887,52.4912,44.4555,28.7811,16.116,10.0565,4.52091
96.561,-0.0000,1.0000,0.0000,6,215.77,-0.4712,-0.0122,13462.7,0.0,12.3339,26.1884,42.4419,168.915,99.6975,82.8102,75.9677,70.8562,67.6129,64.6583,61.9518,59.3255,55.6579,51.4848,43.7404,28.9048,16.1901,10.1043,4.54305
96.585,-0.0000,1.0000,0.0000,6,216.18,-0.4685,-0.0121,13486.9,0.0,12.3124,26.1448,43.2344,165.362,97.6252,81.0936,74.3951,69.3909,66.2153,63.3223,60.6728,58.1074,54.5339,50.4826,43.018,29.0126,16.2671,10.1532,4.56548
96.604,-0.0000,1.0000,0.0000,6,216.59,-0.4659,-0.0121,13517.4,0.0,12.2905,26.0997,44.2946,161.847,95.5643,79.385,72.8286,67.9304,64.8223,61.9904,59.3976,56.8928,53.4123,49.4807,42.2853,29.0289,16.3459,10.203,4.58811
96.629,-0.0000,1.0000,0.0000,6,216.99,-0.4632,-0.0121,13541.0,0.0,12.2684,26.0535,45.7699,158.354,93.5098,77.6799,71.265,66.4725,63.4311,60.6604,58.124,55.6793,52.2911,48.4768,41.5409,28.9627,16.426,10.2533,4.61088
96.648,-0.0000,1.0000,0.0000,6,217.40,-0.4605,-0.0121,13564.3,0.0,12.2461,26.0096,48.0131,154.87,91.4572,75.9754,69.7015,65.0146,62.0401,59.3303,56.85,54.4656,51.1685,47.4696,40.7841,28.8265,16.5069,10.304,4.63375
96.673,-0.0000,1.0000,0.0000,6,217.81,-0.4579,-0.0121,13587.3,0.0,12.2238,25.9942,52.8515,151.39,89.4039,74.27,68.1375,63.5555,60.648,57.999,55.575,53.2504,50.0437,46.4579,40.0141,28.6298,16.5883,10.3549,4.65669
96.692,0.1139,1.0000,0.0000,6,218.21,-0.4552,-0.0121,13610.7,0.0,12.2013,26.0156,73.6055,147.907,87.3484,72.5627,66.5712,62.0945,59.2538,56.6659,54.2979,52.0329,48.9157,45.4413,39.2316,28.3806,16.6701,10.406,4.67968
96.717,0.3950,1.0000,0.0000,6,218.60,-0.4522,-0.0154,13635.4,0.0,12.136,25.8017,74.3154,151.234,87.6159,72.4471,66.3398,61.7917,58.9121,56.293,53.901,51.6737,48.6259,45.2355,39.1948,28.6915,17.051,10.5719,4.72209
96.735,0.5659,1.0000,0.0000,6,218.90,-0.4480,-0.0261,13675.3,0.0,11.9776,25.0372,53.6123,173.507,93.5945,76.1339,69.2618,64.2014,61.0221,58.1473,55.5349,53.151,50.0992,46.7338,40.7297,30.2317,18.1711,11.013,4.81138
96.761,0.5801,1.0000,0.0000,6,219.10,-0.4420,-0.0437,13716.6,0.0,11.7342,23.8252,41.9793,200.0,108.092,85.0025,76.3276,70.0806,66.2159,62.7592,59.6502,56.839,53.3267,49.8113,43.7337,32.9661,20.162,11.7907,4.95632
96.779,0.4875,1.0000,0.0000,6,219.21,-0.4336,-0.0646,13758.5,0.0,11.4489,22.4897,36.3393,200.0,135.155,100.259,88.1454,79.7291,74.6447,70.1753,66.2154,62.6832,58.3341,54.0574,47.5065,36.3773,22.6416,12.8817,5.14949
96.804,0.2349,1.0000,0.0000,6,219.28,-0.4226,-0.0864,13795.4,0.0,11.1505,21.2182,32.4141,200.0,186.351,124.978,106.329,94.0634,86.9102,80.7735,75.4516,70.793,65.1678,59.7528,51.7222,40.0219,25.3687,14.271,5.38409
96.823,-0.0000,1.0000,0.0000,6,219.34,-0.4089,-0.1069,13823.9,0.0,10.8578,20.1027,29.5775,116.221,200.0,165.098,133.491,114.354,103.74,94.9362,87.5157,81.1769,73.7119,66.7125,56.6562,43.4737,28.0668,15.8515,5.65139
96.848,-0.0000,1.0000,0.0000,6,219.50,-0.3925,-0.1230,13835.8,0.0,10.5957,19.25,27.7249,69.0721,200.0,200.0,167.989,138.278,122.778,110.41,100.313,91.9149,82.2809,73.4916,61.2552,46.028,30.2028,17.2308,5.92689
96.866,-0.0000,1.0000,0.0000,6,219.83,-0.3738,-0.1312,13836.6,0.0,10.3873,18.7527,26.8823,59.9562,200.0,200.0,193.058,154.26,134.907,119.876,107.867,98.0515,86.9814,77.0539,63.4991,47.0487,31.1767,18.0753,6.17438
96.892,-0.0000,1.0000,0.0000,6,220.25,-0.3530,-0.1342,13819.9,0.0,10.2063,18.471,26.6154,59.4909,200.0,200.0,198.801,159.482,138.578,122.526,109.814,99.4994,87.9453,77.654,63.7105,46.9512,31.3518,18.5229,6.40501
96.916,-0.0000,1.0000,0.0000,6,220.69,-0.3301,-0.1339,13807.7,0.0,10.0361,18.3214,26.7138,63.0292,200.0,200.0,195.871,156.051,135.701,120.055,107.651,97.577,86.2836,76.2165,62.5637,46.1355,31.0555,18.7171,6.62879
96.935,-0.0000,1.0000,0.0000,6,221.12,-0.3054,-0.1319,13807.5,0.0,9.86516,18.2409,27.0315,68.8094,200.0,200.0,186.654,148.724,129.884,115.289,103.649,94.1504,83.4539,73.8761,60.8205,45.0102,30.5596,18.7854,6.85469
96.960,-0.0000,1.0000,0.0000,6,221.54,-0.2796,-0.1295,13819.9,0.0,9.69011,18.1924,27.4832,75.8486,200.0,200.0,174.991,140.835,123.613,110.15,99.3394,90.4669,80.4215,71.3769,58.9733,43.8336,30.0203,18.8026,7.08634
96.979,-0.0000,1.0000,0.0000,6,221.94,-0.2529,-0.1273,13851.9,0.0,9.51778,18.1475,27.9938,82.9718,200.0,200.0,165.515,134.279,118.338,105.788,95.6502,87.2925,77.7863,69.1884,57.3363,42.7747,29.5327,18.817,7.31078
97.004,-0.0000,1.0000,0.0000,6,222.33,-0.2256,-0.1259,13883.9,0.0,9.34941,18.0945,28.5258,89.21,200.0,197.707,158.826,129.513,114.437,102.512,92.8442,84.8485,75.7284,67.4543,56.0102,41.8881,29.1242,18.8438,7.52264
97.023,-0.0000,1.0000,0.0000,6,222.74,-0.1980,-0.1250,13899.4,0.0,9.18778,18.043,29.111,94.4929,200.0,194.772,154.048,126.001,111.509,100.014,90.6732,82.9338,74.0901,66.053,54.9129,41.1292,28.7644,18.87,7.71966
97.048,-0.0000,1.0000,0.0000,6,223.15,-0.1710,-0.1231,13922.1,0.0,9.04182,18.0216,29.8514,99.5219,200.0,191.959,149.945,122.928,108.92,97.7844,88.7207,81.2003,72.595,64.763,53.8907,40.4106,28.3994,18.864,7.89224
