time,steer,accel,brake,gear,speedX,speedY,speedZ,trackPos,angle,rpm,damage,wheelSpin_0,wheelSpin_1,wheelSpin_2,wheelSpin_3,track_0,track_1,track_2,track_3,track_4,track_5,track_6,track_7,track_8,track_9,track_10,track_11,track_12,track_13,track_14,track_15,track_16,track_17,track_18
0.025,0.0000,0.4500,0.0000,2,-0.01,-0.00,0.00,0.3334,0.0082,5235.99,0.0,0.00,0.00,0.00,0.00,5.70304,12.6267,22.455,140.486,90.9268,77.357,71.6721,67.3518,64.5773,62.0267,59.6744,57.4982,54.7119,51.8501,47.2417,40.0655,31.0431,22.7658,11.2227
0.043,0.0000,0.6975,0.0000,1,-0.01,-0.00,0.00,0.3334,0.0082,5303.22,0.0,0.00,0.00,0.00,0.00,5.70304,12.6267,22.455,140.486,90.9268,77.357,71.6721,67.3518,64.5773,62.0267,59.6744,57.4982,54.7119,51.8501,47.2417,40.0655,31.0431,22.7658,11.2227
0.062,0.0000,0.8336,0.0000,1,-0.01,-0.00,0.00,0.3334,0.0082,5409.19,0.0,0.00,0.00,0.00,0.00,5.70304,12.6267,22.455,140.486,90.9268,77.357,71.6721,67.3518,64.5773,62.0267,59.6744,57.4982,54.7119,51.8501,47.2417,40.0655,31.0431,22.7658,11.2227
0.080,0.0000,0.9085,0.0000,1,-0.01,-0.00,0.00,0.3334,0.0082,5539.06,0.0,0.00,0.00,0.00,0.00,5.70304,12.6267,22.455,140.486,90.9268,77.357,71.6721,67.3518,64.5773,62.0267,59.6744,57.4982,54.7119,51.8501,47.2417,40.0655,31.0431,22.7658,11.2227
0.099,0.0000,0.9497,0.0000,1,-0.01,-0.00,0.00,0.3334,0.0082,5684.4,0.0,0.00,0.00,0.00,0.00,5.70304,12.6267,22.455,140.486,90.9268,77.357,71.6721,67.3518,64.5773,62.0267,59.6744,57.4982,54.7119,51.8501,47.2417,40.0655,31.0431,22.7658,11.2227
0.124,0.0000,0.9723,0.0000,1,-0.01,-0.00,0.00,0.3334,0.0082,5840.98,0.0,0.00,0.00,0.00,0.00,5.70304,12.6267,22.455,140.486,90.9268,77.357,71.6721,67.3518,64.5773,62.0267,59.6744,57.4982,54.7119,51.8501,47.2417,40.0655,31.0431,22.7658,11.2227
0.143,0.0000,0.9848,0.0000,1,-0.01,-0.00,0.00,0.3334,0.0082,6006.14,0.0,0.00,0.00,0.00,0.00,5.70304,12.6267,22.455,140.486,90.9268,77.357,71.6721,67.3518,64.5773,62.0267,59.6744,57.4982,54.7119,51.8501,47.2417,40.0655,31.0431,22.7658,11.2227
0.162,0.0000,0.9916,0.0000,1,-0.01,-0.00,0.00,0.3334,0.0082,6178.76,0.0,0.00,0.00,0.00,0.00,5.70304,12.6267,22.455,140.486,90.9268,77.357,71.6721,67.3518,64.5773,62.0267,59.6744,57.4982,54.7119,51.8501,47.2417,40.0655,31.0431,22.7658,11.2227
0.180,0.0000,0.9954,0.0000,1,-0.01,-0.00,0.00,0.3334,0.0082,6358.11,0.0,0.00,0.00,0.00,0.00,5.70304,12.6267,22.455,140.486,90.9268,77.357,71.6721,67.3518,64.5773,62.0267,59.6744,57.4982,54.7119,51.8501,47.2417,40.0655,31.0431,22.7658,11.2227
0.200,0.0000,0.9975,0.0000,1,-0.01,-0.00,0.00,0.3334,0.0082,6543.73,0.0,0.00,0.00,0.00,0.00,5.70304,12.6267,22.455,140.486,90.9268,77.357,71.6721,67.3518,64.5773,62.0267,59.6744,57.4982,54.7119,51.8501,47.2417,40.0655,31.0431,22.7658,11.2227
0.224,0.0000,0.9986,0.0000,1,-0.01,-0.00,0.00,0.3334,0.0082,6735.65,0.0,0.00,0.00,0.00,0.00,5.70304,12.6267,22.455,140.486,90.9268,77.357,71.6721,67.3518,64.5773,62.0267,59.6744,57.4982,54.7119,51.8501,47.2417,40.0655,31.0431,22.7658,11.2227
0.243,0.0000,0.9992,0.0000,1,-0.01,-0.00,0.00,0.3334,0.0082,6934.1,0.0,0.00,0.00,0.00,0.00,5.70304,12.6267,22.455,140.486,90.9268,77.357,71.6721,67.3518,64.5773,62.0267,59.6744,57.4982,54.7119,51.8501,47.2417,40.0655,31.0431,22.7658,11.2227
0.262,0.0000,0.9996,0.0000,1,-0.01,-0.00,0.00,0.3334,0.0082,7138.89,0.0,0.00,0.00,0.00,0.00,5.70304,12.6267,22.455,140.486,90.9268,77.357,71.6721,67.3518,64.5773,62.0267,59.6744,57.4982,54.7119,51.8501,47.2417,40.0655,31.0431,22.7658,11.2227
0.280,0.0000,0.9998,0.0000,1,-0.01,-0.00,0.00,0.3334,0.0082,7350.45,0.0,0.00,0.00,0.00,0.00,5.70304,12.6267,22.455,140.486,90.9268,77.357,71.6721,67.3518,64.5773,62.0267,59.6744,57.4982,54.7119,51.8501,47.2417,40.0655,31.0431,22.7658,11.2227
0.299,0.0000,0.9999,0.0000,1,-0.01,-0.00,0.00,0.3334,0.0082,7568.77,0.0,0.00,0.00,0.00,0.00,5.70304,12.6267,22.455,140.486,90.9268,77.357,71.6721,67.3518,64.5773,62.0267,59.6744,57.4982,54.7119,51.8501,47.2417,40.0655,31.0431,22.7658,11.2227
0.324,0.0000,0.9999,0.0000,1,-0.01,-0.00,0.00,0.3334,0.0082,7794.07,0.0,0.00,0.00,0.00,0.00,5.70304,12.6267,22.455,140.486,90.9268,77.357,71.6721,67.3518,64.5773,62.0267,59.6744,57.4982,54.7119,51.8501,47.2417,40.0655,31.0431,22.7658,11.2227
0.343,0.0000,0.9999,0.0000,1,-0.01,-0.00,0.00,0.3334,0.0082,8026.58,0.0,0.00,0.00,0.00,0.00,5.70304,12.6267,22.455,140.486,90.9268,77.357,71.6721,67.3518,64.5773,62.0267,59.6744,57.4982,54.7119,51.8501,47.2417,40.0655,31.0431,22.7658,11.2227
0.362,0.0000,1.0000,0.0000,1,-0.01,-0.00,0.00,0.3334,0.0082,8266.53,0.0,0.00,0.00,0.00,0.00,5.70304,12.6267,22.455,140.486,90.9268,77.357,71.6721,67.3518,64.5773,62.0267,59.6744,57.4982,54.7119,51.8501,47.2417,40.0655,31.0431,22.7658,11.2227
0.380,0.0000,1.0000,0.0000,1,-0.01,-0.00,0.00,0.3334,0.0082,8514.15,0.0,0.00,0.00,0.00,0.00,5.70304,12.6267,22.455,140.486,90.9268,77.357,71.6721,67.3518,64.5773,62.0267,59.6744,57.4982,54.7119,51.8501,47.2417,40.0655,31.0431,22.7658,11.2227
0.399,0.0000,1.0000,0.0000,1,-0.01,-0.00,0.00,0.3334,0.0082,8769.68,0.0,0.00,0.00,0.00,0.00,5.70304,12.6267,22.455,140.486,90.9268,77.357,71.6721,67.3518,64.5773,62.0267,59.6744,57.4982,54.7119,51.8501,47.2417,40.0655,31.0431,22.7658,11.2227
0.424,0.0000,1.0000,0.0000,1,-0.01,-0.00,0.00,0.3334,0.0082,9033.39,0.0,0.00,0.00,0.00,0.00,5.70304,12.6267,22.455,140.486,90.9268,77.357,71.6721,67.3518,64.5773,62.0267,59.6744,57.4982,54.7119,51.8501,47.2417,40.0655,31.0431,22.7658,11.2227
0.443,0.0000,1.0000,0.0000,1,-0.01,-0.00,0.00,0.3334,0.0082,9305.54,0.0,0.00,0.00,0.00,0.00,5.70304,12.6267,22.455,140.486,90.9268,77.357,71.6721,67.3518,64.5773,62.0267,59.6744,57.4982,54.7119,51.8501,47.2417,40.0655,31.0431,22.7658,11.2227
0.462,0.0000,1.0000,0.0000,1,-0.01,-0.00,0.00,0.3334,0.0082,9585.18,0.0,0.00,0.00,0.00,0.00,5.70304,12.6267,22.455,140.486,90.9268,77.357,71.6721,67.3518,64.5773,62.0267,59.6744,57.4982,54.7119,51.8501,47.2417,40.0655,31.0431,22.7658,11.2227
0.480,0.0000,1.0000,0.0000,1,-0.01,-0.00,0.00,0.3334,0.0082,9865.82,0.0,0.00,0.00,0.00,0.00,5.70304,12.6267,22.455,140.486,90.9268,77.357,71.6721,67.3518,64.5773,62.0267,59.6744,57.4982,54.7119,51.8501,47.2417,40.0655,31.0431,22.7658,11.2227
0.499,0.0000,1.0000,0.0000,1,-0.01,-0.00,0.00,0.3334,0.0082,10146.5,0.0,0.00,0.00,0.00,0.00,5.70304,12.6267,22.455,140.486,90.9268,77.357,71.6721,67.3518,64.5773,62.0267,59.6744,57.4982,54.7119,51.8501,47.2417,40.0655,31.0431,22.7658,11.2227
0.525,0.0000,1.0000,0.0000,1,-0.01,-0.00,0.00,0.3334,0.0082,10427.1,0.0,0.00,0.00,0.00,0.00,5.70304,12.6267,22.455,140.486,90.9268,77.357,71.6721,67.3518,64.5773,62.0267,59.6744,57.4982,54.7119,51.8501,47.2417,40.0655,31.0431,22.7658,11.2227
0.543,0.0000,1.0000,0.0000,1,-0.01,-0.00,0.00,0.3334,0.0082,10707.8,0.0,0.00,0.00,0.00,0.00,5.70304,12.6267,22.455,140.486,90.9268,77.357,71.6721,67.3518,64.5773,62.0267,59.6744,57.4982,54.7119,51.8501,47.2417,40.0655,31.0431,22.7658,11.2227
0.561,0.0000,1.0000,0.0000,2,-0.01,-0.00,0.00,0.3334,0.0082,10988.4,0.0,0.00,0.00,0.00,0.00,5.70304,12.6267,22.455,140.486,90.9268,77.357,71.6721,67.3518,64.5773,62.0267,59.6744,57.4982,54.7119,51.8501,47.2417,40.0655,31.0431,22.7658,11.2227
0.581,0.0000,1.0000,0.0000,1,-0.01,-0.00,0.00,0.3334,0.0082,11269.0,0.0,0.00,0.00,0.00,0.00,5.70304,12.6267,22.455,140.486,90.9268,77.357,71.6721,67.3518,64.5773,62.0267,59.6744,57.4982,54.7119,51.8501,47.2417,40.0655,31.0431,22.7658,11.2227
0.600,0.0000,1.0000,0.0000,1,-0.01,-0.00,0.00,0.3334,0.0082,11549.7,0.0,0.00,0.00,0.00,0.00,5.70304,12.6267,22.455,140.486,90.9268,77.357,71.6721,67.3518,64.5773,62.0267,59.6744,57.4982,54.7119,51.8501,47.2417,40.0655,31.0431,22.7658,11.2227
0.625,0.0000,1.0000,0.0000,1,-0.01,-0.00,0.00,0.3334,0.0082,11830.3,0.0,0.00,0.00,0.00,0.00,5.70304,12.6267,22.455,140.486,90.9268,77.357,71.6721,67.3518,64.5773,62.0267,59.6744,57.4982,54.7119,51.8501,47.2417,40.0655,31.0431,22.7658,11.2227
0.644,0.0000,1.0000,0.0000,1,-0.01,-0.00,0.00,0.3334,0.0082,12110.9,0.0,0.00,0.00,0.00,0.00,5.70304,12.6267,22.455,140.486,90.9268,77.357,71.6721,67.3518,64.5773,62.0267,59.6744,57.4982,54.7119,51.8501,47.2417,40.0655,31.0431,22.7658,11.2227
0.662,0.0000,1.0000,0.0000,1,-0.01,-0.00,0.00,0.3334,0.0082,12391.6,0.0,0.00,0.00,0.00,0.00,5.70304,12.6267,22.455,140.486,90.9268,77.357,71.6721,67.3518,64.5773,62.0267,59.6744,57.4982,54.7119,51.8501,47.2417,40.0655,31.0431,22.7658,11.2227
0.681,0.0000,1.0000,0.0000,1,-0.01,-0.00,0.00,0.3334,0.0082,12672.3,0.0,0.00,0.00,0.00,0.00,5.70304,12.6267,22.455,140.486,90.9268,77.357,71.6721,67.3518,64.5773,62.0267,59.6744,57.4982,54.7119,51.8501,47.2417,40.0655,31.0431,22.7658,11.2227
0.699,0.0000,1.0000,0.0000,1,-0.01,-0.00,0.00,0.3334,0.0082,12953.8,0.0,0.00,0.00,0.00,0.00,5.70304,12.6267,22.455,140.486,90.9268,77.357,71.6721,67.3518,64.5773,62.0267,59.6744,57.4982,54.7119,51.8501,47.2417,40.0655,31.0431,22.7658,11.2227
0.718,0.0000,1.0000,0.0000,1,-0.01,-0.00,0.00,0.3334,0.0082,13236.5,0.0,0.00,0.00,0.00,0.00,5.70304,12.6267,22.455,140.486,90.9268,77.357,71.6721,67.3518,64.5773,62.0267,59.6744,57.4982,54.7119,51.8501,47.2417,40.0655,31.0431,22.7658,11.2227
0.743,0.0000,1.0000,0.0000,1,-0.01,-0.00,0.00,0.3334,0.0082,13520.3,0.0,0.00,0.00,0.00,0.00,5.70304,12.6267,22.455,140.486,90.9268,77.357,71.6721,67.3518,64.5773,62.0267,59.6744,57.4982,54.7119,51.8501,47.2417,40.0655,31.0431,22.7658,11.2227
0.762,0.0000,1.0000,0.0000,1,-0.01,-0.00,0.00,0.3334,0.0082,13805.2,0.0,0.00,0.00,0.00,0.00,5.70304,12.6267,22.455,140.486,90.9268,77.357,71.6721,67.3518,64.5773,62.0267,59.6744,57.4982,54.7119,51.8501,47.2417,40.0655,31.0431,22.7658,11.2227
0.781,0.0000,1.0000,0.0000,1,-0.01,-0.00,0.00,0.3334,0.0082,14091.2,0.0,0.00,0.00,0.00,0.00,5.70304,12.6267,22.455,140.486,90.9268,77.357,71.6721,67.3518,64.5773,62.0267,59.6744,57.4982,54.7119,51.8501,47.2417,40.0655,31.0431,22.7658,11.2227
0.800,0.0000,1.0000,0.0000,1,-0.01,-0.00,0.00,0.3334,0.0082,14378.4,0.0,0.00,0.00,0.00,0.00,5.70304,12.6267,22.455,140.486,90.9268,77.357,71.6721,67.3518,64.5773,62.0267,59.6744,57.4982,54.7119,51.8501,47.2417,40.0655,31.0431,22.7658,11.2227
0.824,0.0000,1.0000,0.0000,1,-0.01,-0.00,0.00,0.3334,0.0082,14666.7,0.0,0.00,0.00,0.00,0.00,5.70304,12.6267,22.455,140.486,90.9268,77.357,71.6721,67.3518,64.5773,62.0267,59.6744,57.4982,54.7119,51.8501,47.2417,40.0655,31.0431,22.7658,11.2227
0.843,0.0000,1.0000,0.0000,1,-0.01,-0.00,0.00,0.3334,0.0082,14956.1,0.0,0.00,0.00,0.00,0.00,5.70304,12.6267,22.455,140.486,90.9268,77.357,71.6721,67.3518,64.5773,62.0267,59.6744,57.4982,54.7119,51.8501,47.2417,40.0655,31.0431,22.7658,11.2227
0.862,0.0000,0.9650,0.0000,1,-0.01,-0.00,0.00,0.3334,0.0082,15246.7,0.0,0.00,0.00,0.00,0.00,5.70304,12.6267,22.455,140.486,90.9268,77.357,71.6721,67.3518,64.5773,62.0267,59.6744,57.4982,54.7119,51.8501,47.2417,40.0655,31.0431,22.7658,11.2227
0.880,0.0000,0.7362,0.0000,1,-0.01,-0.00,0.00,0.3334,0.0082,15526.0,0.0,0.00,0.00,0.00,0.00,5.70304,12.6267,22.455,140.486,90.9268,77.357,71.6721,67.3518,64.5773,62.0267,59.6744,57.4982,54.7119,51.8501,47.2417,40.0655,31.0431,22.7658,11.2227
0.900,0.0000,0.4615,0.0000,1,-0.01,-0.00,0.00,0.3334,0.0082,15724.6,0.0,0.00,0.00,0.00,0.00,5.70304,12.6267,22.455,140.486,90.9268,77.357,71.6721,67.3518,64.5773,62.0267,59.6744,57.4982,54.7119,51.8501,47.2417,40.0655,31.0431,22.7658,11.2227
0.924,0.0000,0.2538,0.0000,1,-0.01,-0.00,0.00,0.3334,0.0082,15824.8,0.0,0.00,0.00,0.00,0.00,5.70304,12.6267,22.455,140.486,90.9268,77.357,71.6721,67.3518,64.5773,62.0267,59.6744,57.4982,54.7119,51.8501,47.2417,40.0655,31.0431,22.7658,11.2227
0.943,0.0000,0.1396,0.0000,1,-0.01,-0.00,0.00,0.3334,0.0082,15850.6,0.0,0.00,0.00,0.00,0.00,5.70304,12.6267,22.455,140.486,90.9268,77.357,71.6721,67.3518,64.5773,62.0267,59.6744,57.4982,54.7119,51.8501,47.2417,40.0655,31.0431,22.7658,11.2227
0.962,0.0000,0.0768,0.0000,1,-0.01,-0.00,0.00,0.3334,0.0082,15835.4,0.0,0.00,0.00,0.00,0.00,5.70304,12.6267,22.455,140.486,90.9268,77.357,71.6721,67.3518,64.5773,62.0267,59.6744,57.4982,54.7119,51.8501,47.2417,40.0655,31.0431,22.7658,11.2227
0.999,0.0000,0.0719,0.0000,1,-0.02,0.01,0.00,0.3335,0.0087,15760.4,0.0,0.80,-0.81,1.05,-1.08,5.70582,12.646,22.5471,139.767,90.6271,77.1409,71.4869,67.1886,64.4275,61.8889,59.547,57.3803,54.6054,51.7547,47.163,40.0057,31.0007,22.7402,11.2174
1.024,0.0000,0.4896,0.0000,1,-0.03,-0.00,0.00,0.3335,0.0087,5245.61,0.0,-0.54,0.59,-1.05,0.44,5.70581,12.6462,22.5487,139.753,90.6212,77.1367,71.4834,67.1855,64.4247,61.8864,59.5448,57.3782,54.6035,51.7529,47.1616,40.0047,31.0,22.7398,11.2173
1.043,0.0000,0.7192,0.0000,1,-0.04,-0.01,-0.00,0.3335,0.0089,5260.48,0.0,0.85,-0.73,0.47,-1.02,5.7067,12.6521,22.5766,139.54,90.5322,77.0726,71.4285,67.1374,64.3804,61.8455,59.5071,57.3431,54.572,51.7246,47.1383,39.9869,30.9873,22.7322,11.2156
1.063,0.0000,0.8456,0.0000,1,-0.15,-0.00,-0.00,0.3334,0.0089,5235.99,0.0,-1.10,0.68,0.96,0.96,5.70717,12.655,22.5894,139.443,90.4918,77.0436,71.4036,67.1154,64.3601,61.8268,59.4899,57.3272,54.5576,51.7119,47.1277,39.9788,30.9815,22.7286,11.2148
1.081,0.0000,0.6901,0.0000,2,0.68,0.01,0.00,0.3335,0.0089,5235.99,0.0,-0.07,0.45,0.98,0.98,5.70681,12.6528,22.5803,139.516,90.5216,77.0647,71.4216,67.1313,64.3745,61.8401,59.5021,57.3385,54.5678,51.721,47.1352,39.9844,30.9857,22.7312,11.2155
1.100,0.0000,0.8295,0.0000,1,0.71,-0.00,0.01,0.3334,0.0088,5249.36,0.0,1.25,0.96,0.31,0.32,5.70667,12.6513,22.5742,139.581,90.5471,77.082,71.4363,67.1438,64.386,61.8504,59.5113,57.347,54.5752,51.7272,47.1402,39.988,30.9883,22.7329,11.2159
1.125,0.0000,0.6812,0.0000,1,0.68,0.00,0.02,0.3334,0.0088,5264.23,0.0,0.03,0.38,0.89,0.92,5.70659,12.6507,22.5728,139.605,90.5547,77.0871,71.4401,67.1468,64.3885,61.8527,59.5133,57.3487,54.5766,51.7283,47.1407,39.9883,30.9887,22.7333,11.2161
1.143,0.0000,0.8247,0.0000,1,0.68,0.00,0.01,0.3334,0.0088,5240.44,0.0,1.22,0.95,0.44,0.45,5.70677,12.6519,22.5798,139.564,90.5358,77.0726,71.4275,67.1354,64.3781,61.8428,59.504,57.34,54.5685,51.7208,47.1343,39.9833,30.9852,22.7314,11.2158
1.161,0.0000,0.6786,0.0000,1,0.66,0.00,0.01,0.3334,0.0088,5255.31,0.0,-0.04,0.34,0.86,0.89,5.70667,12.6511,22.5779,139.593,90.5457,77.0791,71.4326,67.1399,64.382,61.8461,59.507,57.3425,54.5707,51.7226,47.1356,39.984,30.986,22.732,11.216
1.181,0.0000,0.8232,0.0000,1,0.65,0.00,0.00,0.3334,0.0088,5270.17,0.0,1.23,0.93,0.31,0.33,5.70685,12.6523,22.5849,139.553,90.5273,77.0651,71.4202,67.1288,64.3714,61.8365,59.4979,57.334,54.5628,51.7154,47.1293,39.9791,30.9826,22.73,11.2157
1.200,0.0000,0.9028,0.0000,1,0.78,0.02,0.00,0.3334,0.0088,5235.99,0.0,-0.10,0.31,0.24,0.24,5.70677,12.6516,22.5831,139.581,90.5369,77.0713,71.4253,67.1329,64.3753,61.8398,59.5007,57.3365,54.5648,51.7171,47.1305,39.9797,30.9831,22.7306,11.2159
1.225,0.0000,0.9465,0.0000,1,1.30,0.02,0.01,0.3334,0.0089,5235.99,0.0,1.64,1.51,3.72,3.72,5.70733,12.6565,22.6103,139.385,90.4526,77.0093,71.3718,67.0854,64.3314,61.7992,59.4632,57.3015,54.5331,51.6885,47.1065,39.9613,30.9705,22.7233,11.2147
1.243,0.0000,0.9706,0.0000,1,2.26,0.00,0.02,0.3334,0.0089,5235.99,0.0,1.68,2.76,4.35,4.35,5.70726,12.6567,22.6163,139.375,90.4426,77.0004,71.3631,67.077,64.323,61.7911,59.4552,57.2938,54.5256,51.6813,47.0996,39.9559,30.9671,22.7218,11.2148
1.262,0.0000,0.9838,0.0000,1,3.15,-0.00,0.05,0.3334,0.0090,5235.99,0.0,3.08,2.28,5.06,5.06,5.70774,12.6598,22.6383,139.264,90.3881,76.9582,71.3256,67.0429,64.2913,61.7612,59.4269,57.2669,54.5007,51.6584,47.0797,39.9399,30.9564,22.716,11.2141
1.281,0.0000,0.9911,0.0000,1,4.02,-0.00,0.07,0.3334,0.0090,5235.99,0.0,4.13,3.37,5.78,5.78,5.70803,12.6616,22.6553,139.208,90.3546,76.9301,71.2999,67.0188,64.2681,61.7391,59.4059,57.2468,54.4815,51.6402,47.0633,39.9264,30.9478,22.7116,11.2137
1.306,0.0000,0.9951,0.0000,1,4.91,-0.00,0.09,0.3333,0.0090,5235.99,0.0,4.89,4.14,6.52,6.52,5.70838,12.6637,22.6763,139.143,90.3143,76.8962,71.2689,66.9897,64.2404,61.7124,59.3802,57.2221,54.4581,51.6181,47.0433,39.9102,30.9373,22.7062,11.2134
1.325,0.0000,0.9973,0.0000,1,5.79,-0.00,0.10,0.3333,0.0090,5235.99,0.0,5.66,4.94,7.38,7.38,5.70878,12.6662,22.7007,139.072,90.2688,76.8578,71.233,66.9564,64.2084,61.6818,59.3506,57.1937,54.4312,51.5926,47.0201,39.8913,30.925,22.7,11.213
1.344,0.0000,0.9985,0.0000,1,6.66,-0.00,0.10,0.3332,0.0090,5235.99,0.0,6.39,5.70,8.46,8.46,5.70924,12.6691,22.7293,138.988,90.2156,76.8129,71.1915,66.9173,64.171,61.6458,59.3162,57.1605,54.3997,51.5628,46.9929,39.8692,30.9107,22.6928,11.2125
1.362,0.0000,0.9992,0.0000,1,7.51,-0.00,0.10,0.3332,0.0090,5235.99,0.0,6.92,6.42,9.85,9.85,5.70975,12.6722,22.7613,138.9,90.1577,76.7637,71.1459,66.8742,64.1299,61.6062,59.2783,57.124,54.3646,51.5297,46.9628,39.8447,30.8948,22.6848,11.212
1.381,0.0000,0.9995,0.0000,1,8.35,0.00,0.10,0.3331,0.0090,5235.99,0.0,7.38,7.38,11.39,11.39,5.71028,12.6755,22.7959,138.808,90.0965,76.7112,71.0971,66.8282,64.0856,61.5637,59.2372,57.0843,54.327,51.4939,46.9301,39.8178,30.8776,22.6761,11.2115
1.406,0.0000,0.9997,0.0000,1,9.17,0.00,0.10,0.3330,0.0090,5235.99,0.0,8.03,8.38,12.99,12.99,5.71087,12.6791,22.8349,138.708,90.0296,76.6534,71.0433,66.7775,64.0368,61.5169,59.1921,57.0407,54.2855,51.4543,46.8939,39.7882,30.8585,22.6665,11.211
1.424,0.0000,0.9998,0.0000,1,9.99,0.00,0.11,0.3330,0.0090,5235.99,0.0,8.82,9.29,14.56,14.56,5.71152,12.6833,22.8786,138.595,89.9543,76.5889,70.9833,66.7211,63.9827,61.4648,59.1419,56.9922,54.2391,51.4106,46.8539,39.7555,30.8374,22.6559,11.2103
1.444,0.0000,0.9999,0.0000,1,10.82,0.00,0.12,0.3329,0.0090,5235.99,0.0,9.74,10.12,16.06,16.06,5.71226,12.6881,22.9274,138.466,89.8703,76.5172,70.9167,66.6587,63.9228,61.4074,59.0863,56.9388,54.1884,51.3624,46.8099,39.7196,30.8141,22.6441,11.2096
1.462,0.0000,0.9999,0.0000,1,11.66,0.00,0.14,0.3328,0.0090,5235.99,0.0,10.63,10.85,17.50,17.50,5.71307,12.6935,22.9812,138.323,89.7782,76.4387,70.8443,66.5902,63.8573,61.3444,59.0258,56.8805,54.1328,51.3098,46.7619,39.6803,30.7887,22.6311,11.2088
1.487,0.0000,1.0000,0.0000,1,12.59,-0.00,0.16,0.3327,0.0090,5235.99,0.0,11.60,11.53,19.02,19.02,5.71404,12.7001,23.0466,138.151,89.6672,76.3447,70.7572,66.5087,63.7788,61.269,58.9535,56.8108,54.0667,51.2471,46.7048,39.6336,30.7585,22.6156,11.2079
1.505,0.0000,1.0000,0.0000,1,13.44,-0.00,0.17,0.3326,0.0090,5235.99,0.0,12.32,12.29,20.36,20.36,5.71497,12.7066,23.1112,137.988,89.5615,76.2546,70.6737,66.43,63.7034,61.1967,58.8839,56.7437,54.0028,51.1864,46.6497,39.5884,30.7291,22.6006,11.2069
1.524,0.0000,1.0000,0.0000,1,14.29,-0.00,0.19,0.3324,0.0090,5235.99,0.0,13.07,13.07,21.66,21.66,5.71596,12.7136,23.1809,137.815,89.4487,76.1586,70.5847,66.3463,63.6233,61.1197,58.8097,56.6722,53.9347,51.1218,46.5908,39.5402,30.698,22.5847,11.206
1.544,0.0000,1.0000,0.0000,1,15.14,-0.00,0.20,0.3323,0.0090,5235.99,0.0,13.84,13.84,22.94,22.94,5.71701,12.7212,23.2561,137.631,89.3293,76.0566,70.4903,66.2574,63.5381,61.0377,58.731,56.5964,53.8626,51.0534,46.5283,39.4891,30.6647,22.5676,11.205
1.568,0.0000,1.0000,0.0000,1,15.99,-0.00,0.21,0.3322,0.0090,5235.99,0.0,14.62,14.62,24.21,24.21,5.71812,12.7296,23.3378,137.437,89.2024,75.949,70.3902,66.1637,63.448,60.9511,58.6477,56.5161,53.7862,50.981,46.4623,39.4351,30.6295,22.5495,11.2039
1.588,0.0000,1.0000,0.0000,1,16.85,-0.00,0.22,0.3321,0.0090,5235.99,0.0,15.40,15.40,25.47,25.47,5.71929,12.7385,23.4256,137.231,89.0693,75.8351,70.2849,66.0646,63.353,60.86,58.56,56.4314,53.7055,50.9045,46.3928,39.3779,30.5924,22.5303,11.2027
1.606,0.0000,1.0000,0.0000,2,17.70,-0.00,0.23,0.3319,0.0090,5235.99,0.0,16.17,16.17,26.73,26.73,5.72052,12.7482,23.5204,137.015,88.9292,75.7155,70.1741,65.9604,63.2533,60.764,58.4676,56.3425,53.6208,50.8244,46.3195,39.318,30.5532,22.51,11.2015
1.625,0.0000,1.0000,0.0000,2,18.52,-0.00,0.24,0.3318,0.0090,5249.36,0.0,16.94,16.94,16.43,16.43,5.72181,12.7586,23.6221,136.789,88.7819,75.5904,70.0578,65.8512,63.1486,60.6632,58.3707,56.2489,53.532,50.7402,46.2428,39.2549,30.5121,22.4886,11.2002
1.644,0.0000,1.0000,0.0000,2,18.49,-0.00,0.24,0.3316,0.0090,5264.23,0.0,16.98,16.98,16.40,16.40,5.72312,12.7695,23.7286,136.558,88.631,75.4623,69.9391,65.7398,63.0415,60.5606,58.2717,56.1537,53.4412,50.654,46.1645,39.1906,30.4702,22.4668,11.199
1.668,0.0000,1.0000,0.0000,2,18.51,-0.00,0.22,0.3315,0.0090,5235.99,0.0,17.00,17.00,16.43,16.35,5.72443,12.7807,23.8385,136.325,88.4807,75.334,69.8202,65.6279,62.9342,60.4576,58.1727,56.0584,53.3504,50.568,46.0861,39.1262,30.428,22.4447,11.1977
1.687,0.0000,1.0000,0.0000,2,19.05,-0.00,0.22,0.3313,0.0090,5235.99,0.0,17.44,17.44,18.65,18.65,5.72574,12.7922,23.9517,136.097,88.3311,75.2062,69.7019,65.5164,62.8273,60.3549,58.0737,55.9629,53.2596,50.4818,46.0073,39.0615,30.3856,22.4226,11.1964
1.706,0.0000,1.0000,0.0000,2,19.73,-0.00,0.23,0.3311,0.0090,5235.99,0.0,18.06,18.06,19.01,19.01,5.72712,12.8045,24.0732,135.854,88.1735,75.0721,69.5774,65.3996,62.7153,60.247,57.9699,55.863,53.1647,50.3918,45.9252,38.994,30.3414,22.3993,11.1951
1.725,0.0000,1.0000,0.0000,2,20.40,-0.00,0.25,0.3310,0.0090,5235.99,0.0,18.67,18.67,19.45,19.45,5.72855,12.8177,24.203,135.603,88.0103,74.933,69.4486,65.2785,62.5991,60.1355,57.8627,55.7596,53.066,50.2985,45.8402,38.924,30.2954,22.3751,11.1937
1.743,0.0000,1.0000,0.0000,2,21.06,-0.00,0.27,0.3308,0.0090,5235.99,0.0,19.28,19.28,19.96,19.96,5.73002,12.8317,24.341,135.344,87.8416,74.7896,69.3155,65.1531,62.4792,60.0201,57.7517,55.6527,52.9641,50.2019,45.7523,38.8518,30.2479,22.3499,11.1922
1.768,0.0000,1.0000,0.0000,2,21.73,-0.00,0.29,0.3306,0.0090,5235.99,0.0,19.88,19.88,20.52,20.52,5.73155,12.8465,24.4891,135.075,87.6674,74.6412,69.1779,65.0238,62.3551,59.9011,57.6371,55.5422,52.8592,50.1024,45.6615,38.777,30.1988,22.3237,11.1907
1.787,0.0000,1.0000,0.0000,2,22.38,-0.00,0.30,0.3304,0.0090,5235.99,0.0,20.48,20.48,21.12,21.12,5.73312,12.8623,24.6468,134.798,87.4877,74.4884,69.0362,64.8908,62.2275,59.7784,57.5191,55.4284,52.7508,49.9997,45.5681,38.7001,30.148,22.2966,11.1892
1.806,0.0000,1.0000,0.0000,2,23.04,-0.00,0.31,0.3302,0.0090,5235.99,0.0,21.08,21.08,21.74,21.74,5.73474,12.8789,24.8157,134.513,87.3028,74.3308,68.8903,64.7536,62.0961,59.652,57.3975,55.3113,52.6395,49.8941,45.4718,38.6206,30.0955,22.2686,11.1876
1.825,0.0000,1.0000,0.0000,2,23.70,-0.00,0.32,0.3301,0.0090,5235.99,0.0,21.68,21.68,22.39,22.39,5.73641,12.8966,24.9965,134.221,87.1126,74.1688,68.7403,64.6127,61.9607,59.522,57.2724,55.1907,52.5248,49.7855,45.3726,38.5388,30.0415,22.2397,11.1859
1.843,0.0000,1.0000,0.0000,2,24.35,-0.00,0.32,0.3298,0.0090,5235.99,0.0,22.28,22.28,23.05,23.05,5.73812,12.9153,25.1902,133.919,86.9171,74.0023,68.5859,64.4675,61.8216,59.3885,57.1437,55.0667,52.4069,49.6735,45.2707,38.4548,29.9858,22.2097,11.184
1.863,0.0000,1.0000,0.0000,2,25.01,-0.00,0.32,0.3296,0.0090,5235.99,0.0,22.88,22.88,23.69,23.69,5.73987,12.935,25.3985,133.609,86.7163,73.8314,68.4273,64.3186,61.6788,59.2512,57.0119,54.9396,52.2857,49.5588,45.166,38.3684,29.9286,22.1787,11.1818
1.887,0.0000,1.0000,0.0000,2,25.66,-0.00,0.32,0.3294,0.0090,5235.99,0.0,23.49,23.49,24.32,24.32,5.74168,12.9558,25.6229,133.292,86.51,73.6555,68.2645,64.1656,61.532,59.1103,56.8763,54.8089,52.1613,49.4409,45.0587,38.2796,29.8696,22.1467,11.1795
1.906,0.0000,1.0000,0.0000,2,26.32,-0.00,0.32,0.3292,0.0090,5235.99,0.0,24.08,24.08,24.93,24.93,5.74353,12.9778,25.8645,132.966,86.2984,73.4754,68.0975,64.0086,61.3814,58.9657,56.7372,54.6747,52.0336,49.3199,44.9485,38.1885,29.8091,22.1137,11.1769
1.925,0.0000,1.0000,0.0000,2,26.97,-0.00,0.32,0.3290,0.0090,5235.99,0.0,24.69,24.69,25.55,25.55,5.74543,13.0012,26.1269,132.631,86.0813,73.2906,67.9263,63.8475,61.227,58.8173,56.5944,54.5374,51.9028,49.1959,44.8355,38.095,29.7468,22.0796,11.174
1.943,0.0000,1.0000,0.0000,2,27.63,-0.00,0.33,0.3288,0.0090,5235.99,0.0,25.29,25.29,26.16,26.16,5.74738,13.0257,26.4123,132.288,85.8587,73.1015,67.751,63.6825,61.0687,58.6654,56.4482,54.3965,51.7688,49.0689,44.7195,37.9991,29.6828,22.0445,11.1709
1.968,0.0000,1.0000,0.0000,2,28.29,-0.00,0.33,0.3285,0.0090,5235.99,0.0,25.89,25.89,26.77,26.77,5.74937,13.0517,26.7239,131.937,85.6309,72.9072,67.5712,63.5137,60.9067,58.5097,56.2984,54.2521,51.6315,48.9386,44.6011,37.9008,29.6172,22.0084,11.1675
1.987,0.0000,1.0000,0.0000,2,29.01,-0.00,0.34,0.3283,0.0090,5235.99,0.0,26.55,26.55,27.44,27.44,5.75162,13.082,27.102,131.541,85.3744,72.6887,67.3686,63.3232,60.7244,58.3345,56.1298,54.0897,51.4767,48.7919,44.4674,37.79,29.543,21.9674,11.1635
2.006,0.0000,1.0000,0.0000,2,29.67,-0.00,0.35,0.3280,0.0090,5235.99,0.0,27.15,27.15,28.05,28.05,5.75372,13.111,27.4845,131.173,85.1355,72.4856,67.18,63.1459,60.5541,58.1712,55.9726,53.9383,51.3327,48.6556,44.3428,37.6869,29.4738,21.9289,11.1595
2.025,0.0000,1.0000,0.0000,2,30.32,-0.00,0.36,0.3278,0.0090,5235.99,0.0,27.75,27.75,28.66,28.66,5.75585,13.1416,27.9123,130.796,84.8907,72.2774,66.9872,62.965,60.3806,58.0044,55.8121,53.7834,51.1854,48.5159,44.2158,37.5812,29.4029,21.8894,11.1552
2.049,0.0000,1.0000,0.0000,2,30.98,-0.00,0.37,0.3275,0.0090,5235.99,0.0,28.35,28.35,29.27,29.27,5.75803,13.1738,28.3959,130.412,84.6416,72.0649,66.7905,62.7798,60.203,57.8338,55.6481,53.6254,51.035,48.3734,44.0857,37.4732,29.3302,21.8486,11.1505
2.068,0.0000,1.0000,0.0000,2,31.63,-0.00,0.38,0.3273,0.0090,5235.99,0.0,28.95,28.95,29.89,29.89,5.76026,13.2078,28.9523,130.019,84.3862,71.8479,66.5892,62.5909,60.0219,57.6597,55.4805,53.4639,50.8814,48.2276,43.9532,37.3628,29.2558,21.8068,11.1455
2.086,0.0000,1.0000,0.0000,2,32.29,-0.00,0.39,0.3270,0.0090,5235.99,0.0,29.55,29.55,30.50,30.50,5.76255,13.2436,29.6083,129.618,84.1263,71.6264,66.3839,62.3978,59.8366,57.4819,55.3094,53.2991,50.7243,48.079,43.8175,37.25,29.1797,21.7638,11.1401
2.106,0.0000,1.0000,0.0000,2,32.94,-0.00,0.40,0.3267,0.0090,5235.99,0.0,30.15,30.15,31.12,31.12,5.76488,13.2812,30.4136,129.208,83.8602,71.4,66.1742,62.2008,59.6479,57.3004,55.1347,53.1308,50.5642,47.9272,43.6792,37.1347,29.1018,21.7197,11.1343
2.125,0.0000,1.0000,0.0000,2,33.59,-0.00,0.40,0.3265,0.0090,5235.99,0.0,30.75,30.75,31.73,31.73,5.76725,13.3208,31.4808,128.791,83.59,71.1696,65.9606,61.9997,59.4552,57.1153,54.9566,52.9592,50.401,47.7723,43.5381,37.0174,29.0221,21.6744,11.1282
2.150,0.0000,1.0000,0.0000,2,34.25,-0.00,0.41,0.3262,0.0090,5235.99,0.0,31.35,31.35,32.35,32.35,5.76967,13.3626,33.2691,128.365,83.3131,70.9344,65.7426,61.7949,59.2588,56.9266,54.7751,52.7842,50.2345,47.6146,43.3943,36.8973,28.9406,21.6279,11.1216
2.168,0.0000,1.0000,0.0000,2,34.90,-0.00,0.42,0.3259,0.0090,5235.99,0.0,31.94,31.94,32.96,32.96,5.77213,13.4064,200.0,127.931,83.0321,70.6945,65.5207,61.5862,59.0586,56.7343,54.59,52.6059,50.0648,47.4538,43.2477,36.7748,28.8574,21.5801,11.1146
2.187,0.0000,1.0000,0.0000,2,35.56,-0.00,0.43,0.3256,0.0090,5235.99,0.0,32.54,32.54,33.57,33.57,5.77464,13.4526,200.0,127.489,82.745,70.4505,65.2941,61.3734,58.8544,56.5383,54.4014,52.4241,49.8918,47.2897,43.0982,36.65,28.7724,21.5311,11.1072
2.206,0.0000,1.0000,0.0000,2,36.21,-0.00,0.43,0.3253,0.0090,5235.99,0.0,33.14,33.14,34.18,34.18,5.7772,13.5011,200.0,127.039,82.4531,70.2017,65.0634,61.1567,58.6467,56.3388,54.2094,52.2389,49.7156,47.1228,42.9462,36.5228,28.6855,21.4809,11.0993
2.225,0.0000,1.0000,0.0000,2,36.86,-0.00,0.44,0.3250,0.0090,5235.99,0.0,33.74,33.74,34.79,34.79,5.77981,13.5521,200.0,126.581,82.1553,69.9484,64.8289,60.9362,58.4352,56.1354,54.0139,52.0507,49.5364,46.9529,42.7912,36.3931,28.5969,21.4294,11.0909
2.250,0.0000,1.0000,0.0000,2,37.51,-0.00,0.44,0.3247,0.0090,5235.99,0.0,34.33,34.33,35.52,35.52,5.78247,13.6056,200.0,126.115,81.8535,69.6912,64.5905,60.712,58.2202,55.929,53.8152,51.8592,49.3541,46.7801,42.6339,36.2612,28.5066,21.3766,11.0821
2.268,0.0000,1.0000,0.0000,2,38.16,-0.00,0.43,0.3244,0.0090,5235.99,0.0,34.93,34.93,36.14,36.14,5.78539,13.662,200.0,125.641,81.5458,69.4291,64.3475,60.4837,58.0011,55.7186,53.6129,51.6642,49.1683,46.6042,42.4735,36.1268,28.4142,21.3225,11.0727
2.288,0.0000,1.0000,0.0000,2,38.82,-0.00,0.43,0.3240,0.0090,5235.99,0.0,35.53,35.53,36.71,36.71,5.78886,13.7212,200.0,125.159,81.2319,69.1625,64.1002,60.2512,57.7784,55.5045,53.4067,51.4657,48.9794,46.425,42.3102,35.9899,28.3201,21.2672,11.0628
2.305,0.0000,1.0000,0.0000,2,39.47,-0.00,0.43,0.3237,0.0090,5235.99,0.0,36.13,36.13,37.28,37.28,5.79282,13.7834,200.0,124.667,80.9137,68.8912,63.8489,60.015,57.5517,55.2869,53.1974,51.2638,48.7875,46.243,42.1443,35.8504,28.224,21.2105,11.0524
2.325,0.0000,1.0000,0.0000,2,40.13,-0.00,0.43,0.3234,0.0090,5235.99,0.0,36.73,36.73,37.85,37.85,5.79733,13.8487,200.0,124.168,80.5895,68.6153,63.5933,59.7748,57.3214,55.0656,52.9845,51.0585,48.5923,46.058,41.9756,35.7086,28.1261,21.1524,11.0414
2.350,0.0000,1.0000,0.0000,2,40.78,-0.00,0.44,0.3230,0.0090,5235.99,0.0,37.33,37.33,38.43,38.43,5.80242,13.9174,200.0,123.661,80.2604,68.335,63.3335,59.5306,57.0872,54.8405,52.768,50.8499,48.3938,45.8697,41.8043,35.5642,28.0263,21.0929,11.0298
2.368,0.0000,1.0000,0.0000,2,41.43,-0.00,0.45,0.3227,0.0090,5235.99,0.0,37.92,37.92,39.02,39.02,5.80814,13.9894,200.0,123.146,79.9261,68.0503,63.0694,59.2826,56.8493,54.6121,52.5478,50.6381,48.192,45.6786,41.63,35.4175,27.9246,21.0321,11.0176
2.387,0.0000,1.0000,0.0000,2,42.08,-0.00,0.46,0.3224,0.0090,5235.99,0.0,38.52,38.52,39.62,39.62,5.81446,14.0651,200.0,122.622,79.5863,67.7608,62.8015,59.0304,56.6077,54.3799,52.3247,50.4229,47.9872,45.4843,41.4528,35.2683,27.821,20.9698,11.0048
2.406,0.0000,1.0000,0.0000,2,42.73,-0.00,0.47,0.3220,0.0090,5254.2,0.0,39.12,39.12,40.23,40.23,5.82146,14.1447,200.0,122.09,79.2412,67.4673,62.5292,58.7744,56.3623,54.1441,52.0979,50.2043,47.779,45.2872,41.2733,35.1167,27.7155,20.9062,10.9914
2.425,0.0000,1.0000,0.0000,2,43.39,-0.00,0.48,0.3216,0.0090,5345.55,0.0,39.71,39.71,40.93,40.93,5.82914,14.2283,200.0,121.551,78.8907,67.1688,62.2527,58.5146,56.1131,53.9048,51.8673,49.9823,47.5677,45.0872,41.0908,34.9625,27.608,20.8411,10.9773
2.450,0.0115,1.0000,0.0000,2,44.05,-0.00,0.49,0.3213,0.0090,5444.51,0.0,40.32,40.32,41.68,41.68,5.83752,14.316,200.0,121.003,78.5351,66.8662,61.9721,58.2509,55.86,53.6617,51.6336,49.7568,47.3535,44.8837,40.9054,34.8059,27.4986,20.7746,10.9625
2.468,0.0215,1.0000,0.0000,2,44.72,0.03,0.49,0.3209,0.0088,5547.83,0.0,40.96,40.90,42.47,42.47,5.84544,14.3972,200.0,120.671,78.268,66.6265,61.7453,58.0342,55.6503,53.4584,51.4363,49.5653,47.1692,44.7075,40.7422,34.6646,27.3998,20.7144,10.949
2.488,0.0268,1.0000,0.0000,2,45.42,0.05,0.37,0.3206,0.0084,5662.47,0.0,41.54,41.46,43.34,43.34,5.85259,14.4704,200.0,120.576,78.0987,66.4569,61.5782,57.87,55.4884,53.299,51.2797,49.4112,47.0188,44.5612,40.6035,34.5402,27.3128,20.6613,10.937
2.506,0.0242,1.0000,0.0000,2,46.11,0.08,0.31,0.3203,0.0078,5785.54,0.0,42.24,42.09,44.29,44.29,5.8587,14.5324,200.0,120.774,78.0486,66.3727,61.4839,57.7699,55.3852,53.1936,51.1725,49.3028,46.9096,44.4517,40.4949,34.4368,27.2404,20.617,10.9269
2.525,0.0217,1.0000,0.0000,2,46.83,0.08,0.28,0.3201,0.0071,5910.94,0.0,42.92,42.75,45.25,45.25,5.86441,14.5896,200.0,121.137,78.063,66.3339,61.4285,57.7034,55.3128,53.1161,51.091,49.2183,46.8217,44.3612,40.4016,34.3437,27.1751,20.577,10.9176
2.550,0.0196,1.0000,0.0000,2,47.57,0.08,0.27,0.3199,0.0063,6039.51,0.0,43.60,43.43,46.23,46.23,5.87064,14.6495,200.0,121.509,78.0782,66.2948,61.3717,57.6359,55.2391,53.0377,51.0086,49.1325,46.7326,44.2691,40.307,34.2487,27.1082,20.5358,10.9078
2.568,0.0176,1.0000,0.0000,2,48.32,0.08,0.28,0.3197,0.0056,6170.9,0.0,44.29,44.12,47.24,47.24,5.87764,14.7145,200.0,121.846,78.0753,66.2414,61.3026,57.5568,55.1546,52.9488,50.9166,49.0378,46.635,44.1695,40.2056,34.1487,27.0371,20.4919,10.8972
2.588,0.0159,1.0000,0.0000,2,49.09,0.07,0.30,0.3195,0.0049,6306.33,0.0,44.98,44.83,48.27,48.27,5.8856,14.7859,200.0,122.128,78.045,66.1674,61.2154,57.4616,55.0552,52.846,50.8112,48.9306,46.5262,44.0597,40.0955,34.0422,26.9609,20.4445,10.8854
2.606,0.0143,1.0000,0.0000,2,49.88,0.06,0.33,0.3186,0.0058,6449.25,0.0,45.70,45.55,49.36,49.36,5.90023,14.8778,200.0,122.327,77.974,66.0615,61.0999,57.3408,54.9316,52.7207,50.6845,48.8035,46.3985,43.9322,39.9703,33.9234,26.8732,20.3873,10.8676
2.625,0.0128,1.0000,0.0000,2,50.68,0.05,0.36,0.3184,0.0070,6605.13,0.0,46.42,46.29,50.55,50.55,5.91042,14.9648,200.0,122.462,77.8769,65.9376,60.9692,57.2067,54.7959,52.5841,50.5479,48.6668,46.2627,43.7979,39.8395,33.8011,26.7847,20.3321,10.8534
2.650,0.0116,1.0000,0.0000,2,51.50,0.04,0.38,0.3180,0.0084,6781.03,0.0,47.16,47.03,51.89,51.89,5.92175,15.0595,200.0,122.534,77.7514,65.7924,60.8196,57.0554,54.6448,52.4334,50.3977,48.5177,46.1152,43.6529,39.6995,33.6719,26.6912,20.2732,10.8378
2.669,0.0104,1.0000,0.0000,2,52.33,0.03,0.40,0.3176,0.0097,6985.75,0.0,47.91,47.79,53.45,53.45,5.93414,15.1615,200.0,122.565,77.6058,65.6316,60.6566,56.8923,54.4822,52.2719,50.2374,48.359,45.9591,43.4999,39.5528,33.5375,26.593,20.2114,10.8212
2.687,0.0198,1.0000,0.0000,2,53.15,0.02,0.38,0.3171,0.0112,7291.14,0.0,48.67,48.56,55.54,55.54,5.94778,15.2717,200.0,122.539,77.4339,65.4511,60.4762,56.7137,54.3051,52.0967,50.0646,48.1886,45.792,43.337,39.3975,33.3964,26.4899,20.146,10.8033
2.706,0.0401,1.0000,0.0000,3,53.61,0.02,0.14,0.3166,0.0125,8436.46,0.0,49.12,48.95,64.37,64.37,5.96111,15.375,200.0,122.752,77.3543,65.3355,60.351,56.583,54.172,51.9618,49.9285,48.052,45.6556,43.2011,39.2643,33.2708,26.3965,20.0865,10.7864
2.724,0.0609,1.0000,0.0000,3,54.40,0.05,0.09,0.3160,0.0133,6710.14,0.0,49.90,49.59,54.57,54.57,5.97158,15.4457,200.0,123.709,77.5629,65.4238,60.3988,56.6036,54.177,51.9538,49.9091,48.0232,45.6157,43.1514,39.2014,33.1945,26.3358,20.0469,10.7741
2.750,0.0732,1.0000,0.0000,3,54.79,0.14,0.08,0.3154,0.0135,6724.2,0.0,50.53,50.11,48.48,48.03,5.97835,15.4784,200.0,125.521,78.0946,65.7385,60.6383,56.792,54.335,52.0858,50.0188,48.1135,45.6829,43.1968,39.2162,33.1728,26.3112,20.0297,10.7671
2.768,0.0768,1.0000,0.0000,3,54.76,0.25,0.09,0.3149,0.0133,5235.99,0.0,50.57,50.05,48.70,48.23,5.98169,15.4809,200.0,128.027,78.8764,66.2276,61.025,57.1087,54.6102,52.3251,50.2272,48.2945,45.8316,43.3149,39.2906,33.193,26.3138,20.0295,10.7647
2.787,0.0691,1.0000,0.0000,3,55.16,0.31,0.11,0.3145,0.0128,5262.64,0.0,50.85,50.26,50.82,50.82,5.98211,15.4579,200.0,131.221,79.8916,66.876,61.5455,57.5413,54.9908,52.6606,50.5235,48.5568,46.0528,43.4974,39.4172,33.2499,26.3393,20.0437,10.7661
2.806,0.0622,1.0000,0.0000,3,55.67,0.31,0.14,0.3141,0.0123,5312.29,0.0,51.31,50.73,51.30,51.30,5.98205,15.433,164.405,134.673,80.9669,67.5603,62.0938,57.9969,55.3916,53.014,50.8358,48.8331,46.2863,43.6903,39.5517,33.3119,26.3664,20.0591,10.768
2.825,0.0560,1.0000,0.0000,3,56.19,0.30,0.16,0.3138,0.0120,5361.48,0.0,51.76,51.22,51.78,51.78,5.98322,15.4219,134.874,138.026,81.969,68.188,62.5924,58.4078,55.7506,53.3287,51.1119,49.0759,46.4891,43.8553,39.6633,33.357,26.3805,20.0665,10.7681
2.850,0.0504,1.0000,0.0000,3,56.71,0.28,0.21,0.3134,0.0120,5411.45,0.0,52.22,51.74,52.26,52.26,5.98599,15.4268,117.519,141.196,82.8735,68.7421,63.0273,58.7622,56.0577,53.5951,51.3435,49.277,46.6543,43.9867,39.7466,33.3819,26.3796,20.0645,10.7658
2.868,0.0453,1.0000,0.0000,3,57.24,0.26,0.28,0.3130,0.0121,5461.45,0.0,52.68,52.24,52.74,52.74,5.99028,15.4461,106.255,144.198,83.6896,69.2305,63.4052,59.0664,56.3181,53.8186,51.5351,49.4412,46.7857,44.0879,39.805,33.3891,26.3652,20.0543,10.7615
2.887,0.0408,1.0000,0.0000,3,57.77,0.24,0.34,0.3126,0.0124,5513.05,0.0,53.14,52.74,53.24,53.24,5.99623,15.4808,98.6618,146.975,84.4028,69.6442,63.7196,59.3137,56.527,53.9945,51.6827,49.5643,46.8805,44.1559,39.8362,33.3768,26.3368,20.0353,10.7549
2.906,0.0367,1.0000,0.0000,3,58.31,0.22,0.38,0.3121,0.0129,5567.03,0.0,53.61,53.24,53.76,53.76,6.00378,15.5295,93.3312,149.538,85.0217,69.9904,63.9754,59.5101,56.6889,54.1271,51.7905,49.6509,46.9421,44.1945,39.8431,33.3474,26.2959,20.0084,10.7462
2.925,0.0330,1.0000,0.0000,3,58.85,0.19,0.41,0.3116,0.0136,5623.31,0.0,54.08,53.75,54.30,54.30,6.01296,15.5919,89.5155,151.891,85.5516,70.2727,64.1774,59.6589,56.8072,54.2197,51.8614,49.7034,46.9729,44.2056,39.8275,33.3018,26.2433,19.974,10.7354
2.950,0.0297,1.0000,0.0000,3,59.40,0.17,0.42,0.3110,0.0145,5681.94,0.0,54.56,54.26,54.87,54.87,6.02385,15.6683,86.7996,154.018,85.9912,70.491,64.3248,59.7601,56.882,54.2725,51.8955,49.7217,46.9731,44.1893,39.7894,33.2406,26.1793,19.9324,10.7226
2.968,0.0367,1.0000,0.0000,3,59.95,0.15,0.41,0.3103,0.0154,5742.26,0.0,55.05,54.77,55.45,55.45,6.03634,15.7576,84.8653,155.937,86.3497,70.6527,64.4241,59.8193,56.9185,54.29,51.8974,49.7104,46.9465,44.1494,39.732,33.1656,26.1054,19.8844,10.7079
2.988,0.0562,1.0000,0.0000,3,60.57,0.16,0.39,0.3094,0.0165,5808.94,0.0,55.62,55.32,56.10,56.10,6.05052,15.8561,82.737,158.298,86.8018,70.8655,64.5616,59.908,56.9796,54.328,51.9161,49.7129,46.9306,44.1168,39.6775,33.0888,26.0259,19.8326,10.6916
3.011,0.0743,1.0000,0.0000,3,61.19,0.20,0.37,0.3086,0.0171,5876.0,0.0,56.24,55.83,56.74,56.74,6.06209,15.9241,79.3941,161.971,87.6176,71.3162,64.8945,60.1638,57.1912,54.5022,52.0588,49.8284,47.0146,44.1722,39.6935,33.0598,25.9743,19.7977,10.6791
3.032,0.0847,1.0000,0.0000,3,61.84,0.27,0.40,0.3078,0.0170,5901.71,0.0,56.90,56.35,57.01,57.01,6.06914,15.9436,74.6484,167.791,89.0022,72.1345,65.5289,60.6767,57.6335,54.8854,52.3908,50.117,47.252,44.3618,39.8165,33.1036,25.9648,19.7889,10.673
3.056,0.0829,1.0000,0.0000,3,62.48,0.33,0.48,0.3070,0.0164,5957.08,0.0,57.55,56.89,57.53,57.53,6.07212,15.9229,69.4464,175.824,90.9067,73.2801,66.4286,61.4142,58.2771,55.449,52.8865,50.5542,47.6201,44.6657,40.0303,33.2085,25.9894,19.8013,10.6723
3.075,0.0746,1.0000,0.0000,3,63.11,0.35,0.56,0.3063,0.0156,6031.85,0.0,58.16,57.45,58.24,58.24,6.07279,15.8822,64.641,182.085,93.1702,74.639,67.4974,62.292,59.0449,56.1236,53.4815,51.0809,48.0663,45.037,40.2969,33.348,26.0311,19.8245,10.6745
3.099,0.0671,1.0000,0.0000,3,63.74,0.33,0.60,0.3057,0.0148,6119.72,0.0,58.74,58.04,59.09,59.09,6.07332,15.8432,60.6785,185.798,95.5819,76.0695,68.6173,63.2089,59.8453,56.8257,54.1,51.6274,48.5288,45.4214,40.5721,33.4921,26.0736,19.847,10.6767
3.119,0.0604,1.0000,0.0000,3,64.39,0.29,0.62,0.3050,0.0142,6205.98,0.0,59.31,58.65,59.92,59.92,6.07508,15.8176,57.5645,188.531,98.0047,77.4823,69.7155,64.103,60.6224,57.5047,54.6958,52.1524,48.9704,45.7866,40.8306,33.6234,26.1078,19.8622,10.6772
3.143,0.0544,1.0000,0.0000,3,65.05,0.24,0.62,0.3044,0.0139,6286.66,0.0,59.88,59.27,60.71,60.71,6.07857,15.8102,55.1564,190.655,100.368,78.8337,70.7561,64.9443,61.3501,58.1372,55.2481,52.6364,49.3749,46.1177,41.0607,33.7344,26.1295,19.8677,10.6753
3.161,0.0490,1.0000,0.0000,3,65.73,0.21,0.65,0.3037,0.0138,6361.14,0.0,60.49,59.93,61.43,61.43,6.08403,15.8213,53.2875,192.356,102.648,80.1109,71.731,65.7251,62.0219,58.7179,55.752,53.0752,49.7383,46.4121,41.2605,33.8239,26.1377,19.8631,10.6708
3.187,0.0441,1.0000,0.0000,3,66.41,0.17,0.71,0.3029,0.0138,6429.04,0.0,61.10,60.57,62.09,62.09,6.09115,15.8479,51.8045,193.762,104.869,81.329,72.6515,66.4573,62.6479,59.2558,56.2161,53.477,50.0681,46.6762,41.4352,33.8956,26.1351,19.8499,10.6641
3.211,0.0664,1.0000,0.0000,3,67.11,0.14,0.75,0.3021,0.0142,6498.15,0.0,61.71,61.22,62.75,62.75,6.10046,15.8937,50.6728,194.9,106.961,82.4501,73.4882,67.1158,63.2066,59.7319,56.6235,53.8266,50.3511,46.8988,41.5763,33.9441,26.1185,19.8263,10.6546
3.231,0.0953,1.0000,0.0000,3,67.81,0.18,0.78,0.3013,0.0142,6570.71,0.0,62.39,61.80,63.45,63.45,6.10787,15.9185,49.3382,196.175,109.59,83.8646,74.5515,67.9589,63.9266,60.3504,57.1573,54.289,50.7313,47.2048,41.7814,34.0337,26.1251,19.8144,10.6478
3.256,0.1207,1.0000,0.0000,3,68.51,0.25,0.79,0.3006,0.0133,6647.92,0.0,63.12,62.33,64.20,64.20,6.10845,15.8743,47.3306,197.962,113.706,86.1072,76.2562,69.3274,65.1077,61.3767,58.0541,55.0771,51.3936,47.7526,42.1731,34.2441,26.2003,19.84,10.6504
3.275,0.1393,1.0000,0.0000,3,69.22,0.31,0.80,0.3000,0.0113,6730.59,0.0,63.88,62.84,64.99,64.99,6.10026,15.7464,44.7053,200.0,120.0,89.509,78.8453,71.4125,66.9127,62.9512,59.4366,56.2976,52.4283,48.6183,42.8083,34.6101,26.363,19.9127,10.6647
3.300,0.1531,1.0000,0.0000,3,69.93,0.34,0.79,0.2996,0.0082,6818.37,0.0,64.64,63.38,65.84,65.84,6.08353,15.5445,41.7697,200.0,129.068,94.2826,82.4528,74.3069,69.4144,65.1314,61.3505,57.9887,53.8635,49.8219,43.6977,35.1352,26.6129,20.0307,10.6908
3.318,0.1625,1.0000,0.0000,3,70.67,0.34,0.81,0.2995,0.0043,6875.32,0.0,65.39,63.95,66.43,66.43,6.05913,15.2856,38.8006,200.0,141.762,100.684,87.2265,78.1046,72.682,67.9684,63.8333,60.1768,55.7161,51.3732,44.8435,35.8157,26.9459,20.1893,10.7274
3.344,0.1654,1.0000,0.0000,3,71.42,0.36,0.88,0.2996,-0.0001,6919.01,0.0,66.14,64.59,66.82,66.82,6.02905,14.9977,36.0544,200.0,158.986,108.851,93.2017,82.7985,76.6911,71.4279,66.8454,62.8199,57.9423,53.2287,46.2059,36.6211,27.3423,20.3757,10.772
3.363,0.1560,1.0000,0.0000,3,72.15,0.36,0.95,0.3002,-0.0049,7003.76,0.0,66.85,65.24,67.63,67.63,5.99449,14.696,33.5975,200.0,177.534,119.16,100.557,88.4839,81.5017,75.5462,70.4069,65.927,60.5416,55.3816,47.7729,37.5388,27.7929,20.5831,10.8229
3.387,0.1404,1.0000,0.0000,3,72.88,0.31,1.00,0.3010,-0.0098,7115.87,0.0,67.55,65.90,68.70,68.70,5.95645,14.3901,31.4271,200.0,185.489,132.251,109.609,95.341,87.2376,80.4095,74.5779,69.5397,63.5389,57.8446,49.546,38.5638,28.2926,20.8087,10.879
3.406,0.1263,1.0000,0.0000,3,73.62,0.20,1.02,0.3022,-0.0146,7236.15,0.0,68.22,66.58,69.86,69.86,5.91679,14.0949,29.5621,165.783,191.033,148.763,120.581,103.45,93.9262,86.0143,79.3377,73.6276,66.8962,60.5776,51.4874,39.6677,28.8239,21.0474,10.9376
3.432,0.1137,1.0000,0.0000,3,74.37,0.07,1.03,0.3035,-0.0192,7352.07,0.0,68.88,67.30,70.98,70.98,5.87722,13.8212,27.9918,120.033,195.403,169.522,133.715,112.871,101.571,92.3333,84.6426,78.1397,70.5594,63.5281,53.5511,40.8185,29.3686,21.29,10.9962
3.451,0.1023,1.0000,0.0000,3,75.15,-0.05,1.08,0.3052,-0.0235,7457.73,0.0,69.58,68.05,72.01,72.01,5.83789,13.5675,26.6544,95.2708,199.045,180.395,149.655,123.909,110.358,99.4857,90.5696,83.1263,74.5573,66.7104,55.741,42.0147,29.9251,21.5353,11.0544
3.475,0.0921,1.0000,0.0000,3,75.95,-0.16,1.12,0.3070,-0.0275,7553.33,0.0,70.25,68.80,72.94,72.94,5.79945,13.3372,25.5243,79.9728,200.0,186.141,168.991,136.761,120.366,107.488,97.1057,88.5587,78.8525,70.0861,58.023,43.2341,30.4815,21.7775,11.1109
3.494,0.0829,1.0000,0.0000,3,76.76,-0.27,1.15,0.3090,-0.0309,7646.14,0.0,70.94,69.58,73.84,73.84,5.76262,13.1332,24.5802,69.7796,200.0,190.323,178.719,151.56,131.599,116.292,104.182,94.3627,83.3726,73.5907,60.3475,44.4474,31.0238,22.0102,11.1643
3.519,0.0746,1.0000,0.0000,3,77.59,-0.35,1.17,0.3112,-0.0338,7738.12,0.0,71.63,70.37,74.72,74.72,5.72743,12.9541,23.7896,62.5719,200.0,193.597,183.87,168.505,144.16,125.921,111.786,100.512,88.0852,77.1924,62.6908,45.6416,31.5465,22.2308,11.2141
3.537,0.0671,1.0000,0.0000,3,78.42,-0.41,1.19,0.3136,-0.0362,7830.9,0.0,72.33,71.17,75.62,75.62,5.6939,12.7974,23.1242,57.2475,200.0,196.243,187.585,176.883,158.188,136.414,119.917,106.987,92.9648,80.867,65.0344,46.8081,32.0466,22.4385,11.2602
3.563,0.0604,1.0000,0.0000,3,79.27,-0.46,1.19,0.3161,-0.0382,7926.86,0.0,73.05,71.98,76.54,76.54,5.66204,12.6615,22.5626,53.1869,200.0,198.414,190.468,181.443,171.367,147.802,128.562,113.761,97.9813,84.5876,67.3601,47.9382,32.5211,22.6325,11.3024
3.582,0.0544,1.0000,0.0000,3,80.16,-0.48,1.24,0.3188,-0.0396,7963.5,0.0,73.80,72.82,76.93,76.93,5.63181,12.5454,22.0891,50.0252,200.0,200.0,192.765,184.699,176.946,160.06,137.663,120.773,103.08,88.3111,69.6408,49.0209,32.9665,22.8115,11.3406
3.606,0.0489,1.0000,0.0000,3,81.06,-0.47,1.30,0.3216,-0.0405,8008.95,0.0,74.56,73.71,77.35,77.35,5.60381,12.4522,21.7057,47.6,200.0,200.0,194.548,187.105,180.393,170.328,146.857,127.732,108.048,91.8816,71.7833,50.0135,33.3656,22.9684,11.3734
3.625,0.0441,1.0000,0.0000,3,81.93,-0.44,1.35,0.3245,-0.0408,8097.44,0.0,75.32,74.57,78.19,78.19,5.57766,12.3777,21.3912,45.6874,145.361,200.0,195.952,188.952,182.866,174.781,156.135,134.632,112.882,95.3035,73.797,50.9252,33.7246,23.1066,11.4016
3.649,0.0396,1.0000,0.0000,3,82.78,-0.42,1.38,0.3274,-0.0408,8228.88,0.0,76.09,75.39,79.44,79.44,5.55268,12.3158,21.1181,44.0944,128.548,200.0,197.112,190.454,184.805,177.727,165.673,141.682,117.734,98.688,75.7526,51.7935,34.0607,23.2343,11.4267
3.669,0.0357,1.0000,0.0000,3,83.64,-0.42,1.39,0.3305,-0.0406,8380.17,0.0,76.86,76.20,80.90,80.90,5.52847,12.2613,20.8673,42.6967,115.968,200.0,198.12,191.746,186.434,180.014,170.948,149.153,122.782,102.159,77.7242,52.6532,34.3896,23.3586,11.4499
3.694,0.0321,1.0000,0.0000,4,84.52,-0.43,1.43,0.3335,-0.0403,8534.71,0.0,77.67,77.02,82.39,82.39,5.50478,12.211,20.6269,41.4225,105.955,200.0,199.034,192.905,187.869,181.935,174.201,157.308,128.19,105.823,79.7697,53.5308,34.7222,23.4842,11.4718
3.712,0.0289,1.0000,0.0000,4,85.01,-0.38,1.46,0.3365,-0.0397,6931.11,0.0,78.31,77.75,75.23,74.70,5.48309,12.1724,20.4268,40.3778,98.5203,200.0,199.74,193.809,188.985,183.399,176.434,164.985,133.42,109.309,81.679,54.3327,35.0203,23.5947,11.4896
3.738,0.0260,1.0000,0.0000,4,84.93,-0.26,1.47,0.3396,-0.0383,6946.2,0.0,78.25,77.83,75.10,74.68,5.46503,12.1565,20.3037,39.689,93.8225,200.0,200.0,194.297,189.617,184.253,177.724,168.239,137.509,111.99,83.1148,54.9178,35.2292,23.6671,11.4994
3.756,0.0234,1.0000,0.0000,4,84.88,-0.18,1.47,0.3426,-0.0366,6315.28,0.0,78.16,77.80,75.19,74.91,5.44863,12.1458,20.2037,39.1233,90.142,200.0,200.0,194.631,190.067,184.879,178.67,170.19,141.279,114.43,84.4028,55.434,35.4102,23.7283,11.506
3.781,0.0211,1.0000,0.0000,4,85.24,-0.13,1.47,0.3455,-0.0347,6598.43,0.0,78.32,77.99,78.38,78.38,5.43388,12.1382,20.1186,38.6399,87.1185,200.0,200.0,194.859,190.394,185.35,179.393,171.57,144.845,116.714,85.592,55.9037,35.5726,23.7823,11.5099
3.806,0.0190,1.0000,0.0000,4,85.80,-0.11,1.49,0.3483,-0.0328,6629.6,0.0,78.79,78.49,78.78,78.78,5.42081,12.1322,20.0429,38.2098,84.5228,200.0,200.0,195.014,190.636,185.718,179.968,172.629,148.321,118.915,86.7246,56.3454,35.7235,23.8318,11.5112
3.825,0.0171,1.0000,0.0000,4,86.37,-0.09,1.54,0.3510,-0.0306,6655.89,0.0,79.28,79.02,79.08,79.08,5.41002,12.1307,19.9834,37.8539,82.4083,200.0,200.0,195.071,190.767,185.953,180.372,173.39,151.504,120.909,87.7363,56.7332,35.8531,23.8726,11.5093
3.850,0.0154,1.0000,0.0000,4,86.93,-0.07,1.59,0.3535,-0.0282,6694.56,0.0,79.77,79.55,79.53,79.53,5.4016,12.1338,19.9403,37.5702,80.7199,200.0,200.0,195.031,190.789,186.062,180.616,173.906,154.329,122.658,88.6117,57.0619,35.9595,23.9039,11.5038
3.869,0.0138,1.0000,0.0000,4,87.48,-0.05,1.62,0.3558,-0.0256,6739.65,0.0,80.26,80.07,80.07,80.07,5.39567,12.1406,19.9104,37.3426,79.3523,200.0,200.0,194.913,190.724,186.07,180.737,174.242,156.842,124.198,89.3712,57.3414,36.0468,23.9275,11.4962
3.894,0.0124,1.0000,0.0000,4,88.04,-0.04,1.64,0.3580,-0.0229,6789.52,0.0,80.76,80.59,80.66,80.66,5.39218,12.1498,19.8886,37.1515,78.1912,200.0,200.0,194.742,190.6,186.012,180.776,174.458,159.149,125.603,90.0561,57.5889,36.1219,23.9463,11.4881
3.913,0.0112,1.0000,0.0000,4,88.60,-0.03,1.64,0.3599,-0.0201,6841.87,0.0,81.27,81.11,81.28,81.28,5.39119,12.1605,19.8731,36.9882,77.1889,200.0,199.833,194.529,190.43,185.899,180.749,174.585,160.721,126.899,90.6805,57.8109,36.1872,23.9612,11.4797
3.938,0.0101,1.0000,0.0000,4,89.17,-0.03,1.64,0.3615,-0.0173,6891.9,0.0,81.78,81.64,81.87,81.87,5.39277,12.1723,19.8624,36.847,76.3106,200.0,199.564,194.28,190.221,185.742,180.669,174.638,161.707,128.104,91.2554,58.012,36.2447,23.973,11.4711
3.956,0.0091,1.0000,0.0000,4,89.74,-0.03,1.64,0.3629,-0.0143,6939.66,0.0,82.30,82.17,82.44,82.44,5.39694,12.185,19.8554,36.7232,75.5291,200.0,199.269,194.003,189.98,185.55,180.547,174.634,162.392,129.238,91.7911,58.1968,36.296,23.9826,11.4623
3.981,0.0082,1.0000,0.0000,4,90.32,-0.03,1.65,0.3641,-0.0113,6986.0,0.0,82.83,82.70,82.99,82.99,5.40388,12.1987,19.8523,36.6164,74.839,156.992,198.948,193.697,189.708,185.322,180.383,174.576,162.873,130.295,92.2851,58.3643,36.3409,23.9896,11.4534
4.001,0.0073,1.0000,0.0000,4,90.90,-0.03,1.65,0.3649,-0.0082,7032.34,0.0,83.35,83.24,83.54,83.54,5.41374,12.2136,19.8535,36.5275,74.2396,153.839,198.6,193.363,189.404,185.059,180.178,174.465,163.196,131.264,92.7326,58.5129,36.3787,23.9938,11.4443
4.025,0.0066,1.0000,0.0000,4,91.49,-0.03,1.67,0.3655,-0.0050,7075.96,0.0,83.89,83.78,84.06,84.06,5.42619,12.2299,19.8594,36.4574,73.7306,151.208,198.223,192.998,189.068,184.76,179.931,174.302,163.389,132.133,93.1287,58.6407,36.4087,23.9949,11.4348
4.043,0.0060,1.0000,0.0000,4,92.09,-0.03,1.68,0.3658,-0.0017,7121.32,0.0,84.42,84.33,84.60,84.60,5.4388,12.2468,19.8677,36.3986,73.279,148.887,197.826,192.612,188.71,184.436,179.656,174.103,163.496,132.941,93.4929,58.7558,36.4341,23.9944,11.4252
4.069,0.0054,1.0000,0.0000,4,92.68,-0.03,1.70,0.3658,0.0016,7168.87,0.0,84.96,84.88,85.17,85.17,5.45136,12.2645,19.8788,36.351,72.8821,146.845,197.409,192.207,188.329,184.088,179.353,173.87,163.528,133.687,93.8248,58.8579,36.4548,23.9919,11.4154
4.087,0.0048,1.0000,0.0000,4,93.28,-0.03,1.72,0.3654,0.0049,7217.87,0.0,85.51,85.43,85.75,85.75,5.46392,12.2834,19.8941,36.3195,72.5581,145.141,196.966,191.775,187.92,183.71,179.015,173.595,163.48,134.335,94.1077,58.9408,36.4683,23.9867,11.4054
4.113,0.0043,1.0000,0.0000,4,93.88,-0.02,1.73,0.3648,0.0084,7267.69,0.0,86.05,85.98,86.34,86.34,5.47651,12.3031,19.9121,36.2985,72.2812,143.657,196.504,191.325,187.492,183.309,178.652,173.291,163.376,134.92,94.3591,59.0113,36.4773,23.9797,11.3951
4.131,0.0039,1.0000,0.0000,4,94.49,-0.03,1.73,0.3638,0.0119,7318.3,0.0,86.60,86.54,86.94,86.94,5.48908,12.3237,19.9329,36.2883,72.0532,142.394,196.023,190.855,187.043,182.886,178.264,172.956,163.219,135.435,94.5755,59.0682,36.4813,23.9707,11.3846
4.157,0.0035,1.0000,0.0000,4,95.10,-0.02,1.73,0.3624,0.0154,7369.1,0.0,87.15,87.10,87.54,87.54,5.50163,12.3449,19.956,36.2872,71.8657,141.31,195.525,190.369,186.575,182.443,177.855,172.596,163.019,135.89,94.7622,59.1136,36.4812,23.9601,11.374
4.175,0.0032,1.0000,0.0000,4,95.71,-0.02,1.73,0.3608,0.0163,7419.6,0.0,87.72,87.66,88.14,88.14,5.5141,12.3663,19.9797,36.289,71.6934,140.302,195.018,189.873,186.099,181.99,177.434,172.223,162.795,136.326,94.9388,59.1551,36.4797,23.949,11.3634
4.200,0.0028,1.0000,0.0000,4,96.33,-0.02,1.74,0.3592,0.0161,7469.83,0.0,88.28,88.23,88.74,88.74,5.5266,12.3884,20.0057,36.2996,71.5582,139.451,194.495,189.361,185.605,181.519,176.993,171.826,162.534,136.703,95.0867,59.1856,36.4741,23.9363,11.3526
4.219,0.0026,1.0000,0.0000,4,96.95,-0.02,1.74,0.3576,0.0159,7525.94,0.0,88.85,88.81,89.40,89.40,5.53914,12.4112,20.034,36.3184,71.4579,138.744,193.955,188.835,185.095,181.031,176.533,171.407,162.238,137.023,95.207,59.2053,36.4647,23.9221,11.3416
4.244,0.0023,1.0000,0.0000,4,97.58,-0.02,1.73,0.3561,0.0156,7579.42,0.0,89.42,89.38,90.04,90.04,5.55159,12.4339,20.0622,36.3374,71.3608,138.059,193.411,188.302,184.58,180.536,176.066,170.981,161.932,137.339,95.3255,59.2245,36.4551,23.9079,11.3306
4.263,0.0021,1.0000,0.0000,4,98.22,-0.02,1.74,0.3545,0.0155,7628.2,0.0,90.00,89.96,90.62,90.62,5.56408,12.4573,20.0926,36.3644,71.2968,137.506,192.851,187.755,184.049,180.025,175.581,170.534,161.594,137.6,95.4168,59.2332,36.4417,23.8922,11.3195
4.288,0.0019,1.0000,0.0000,4,98.86,-0.02,1.74,0.3529,0.0153,7676.39,0.0,90.58,90.55,91.20,91.20,5.57673,12.4817,20.1257,36.4007,71.2692,137.095,192.274,187.192,183.501,179.496,175.077,170.065,161.224,137.798,95.4775,59.2302,36.4239,23.8746,11.3081
4.306,0.0017,1.0000,0.0000,4,99.50,-0.02,1.75,0.3514,0.0152,7725.18,0.0,91.17,91.14,91.78,91.78,5.58934,12.5064,20.1596,36.4402,71.2556,136.74,191.688,186.621,182.944,178.958,174.562,169.584,160.838,137.971,95.5263,59.2227,36.4045,23.8565,11.2966
4.332,0.0015,1.0000,0.0000,4,100.15,-0.02,1.77,0.3498,0.0150,7775.24,0.0,91.76,91.73,92.37,92.37,5.60196,12.5311,20.1939,36.4811,71.248,136.412,191.096,186.043,182.38,178.412,174.041,169.096,160.441,138.134,95.5701,59.2132,36.3844,23.8381,11.2851
4.356,0.0014,1.0000,0.0000,4,100.80,-0.02,1.79,0.3483,0.0149,7827.05,0.0,92.36,92.33,92.98,92.98,5.61449,12.5557,20.228,36.5218,71.2416,136.092,190.499,185.46,181.812,177.862,173.514,168.603,160.037,138.294,95.6128,59.2034,36.3643,23.8197,11.2737
4.375,0.0012,1.0000,0.0000,4,101.46,-0.02,1.80,0.3467,0.0148,7880.31,0.0,92.96,92.93,93.62,93.62,5.62718,12.5813,20.2646,36.5708,71.2667,135.89,189.887,184.863,181.229,177.296,172.97,168.09,159.606,138.398,95.6282,59.1831,36.3403,23.7997,11.2619
4.401,0.0011,1.0000,0.0000,4,102.11,-0.02,1.82,0.3452,0.0147,7934.78,0.0,93.56,93.54,94.26,94.26,5.64,12.6078,20.3038,36.6285,71.3252,135.812,189.26,184.251,180.63,176.713,172.409,167.557,159.149,138.44,95.6142,59.1517,36.3121,23.778,11.2499
4.419,0.0010,1.0000,0.0000,4,102.78,-0.01,1.83,0.3436,0.0146,7990.03,0.0,94.16,94.14,94.92,94.92,5.65286,12.6346,20.344,36.6893,71.3962,135.779,188.624,183.631,180.023,176.122,171.838,167.014,158.678,138.459,95.5893,59.1161,36.2824,23.7556,11.2378
4.444,0.0009,1.0000,0.0000,4,103.45,-0.01,1.83,0.3421,0.0146,8045.65,0.0,94.77,94.75,95.58,95.58,5.66575,12.6616,20.3844,36.7513,71.4715,135.763,187.982,183.005,179.41,175.525,171.261,166.465,158.2,138.471,95.5604,59.0788,36.2521,23.733,11.2257
4.463,0.0008,1.0000,0.0000,4,104.12,-0.01,1.84,0.3405,0.0145,8101.31,0.0,95.38,95.37,96.24,96.24,5.67867,12.6887,20.4251,36.8136,71.5482,135.753,187.335,182.374,178.793,174.923,170.679,165.911,157.716,138.479,95.53,59.0411,36.2215,23.7103,11.2135
4.487,0.0007,1.0000,0.0000,4,104.80,-0.01,1.85,0.3390,0.0144,8156.83,0.0,96.00,95.99,96.90,96.90,5.69159,12.7157,20.4657,36.8759,71.6246,135.742,186.684,181.74,178.171,174.317,170.093,165.353,157.228,138.488,95.4997,59.0032,36.1909,23.6875,11.2013
4.507,0.0007,1.0000,0.0000,4,105.48,-0.01,1.86,0.3374,0.0143,8213.78,0.0,96.63,96.61,97.58,97.58,5.70452,12.7428,20.5063,36.938,71.7002,135.728,186.029,181.101,177.545,173.707,169.504,164.791,156.735,138.497,95.4699,58.9656,36.1603,23.6648,11.1891
4.532,0.0006,1.0000,0.0000,4,106.17,-0.01,1.87,0.3359,0.0143,8271.14,0.0,97.26,97.24,98.26,98.26,5.71746,12.7698,20.5468,36.9999,71.775,135.712,185.369,180.458,176.915,173.093,168.91,164.225,156.237,138.509,95.4408,58.9281,36.1298,23.6421,11.1769
4.550,0.0005,1.0000,0.0000,4,106.86,-0.01,1.88,0.3343,0.0142,8326.98,0.0,97.89,97.87,98.92,98.92,5.73041,12.7969,20.5873,37.0616,71.849,135.694,184.705,179.81,176.281,172.475,168.312,163.655,155.735,138.522,95.412,58.8907,36.0993,23.6193,11.1647
4.575,0.0005,1.0000,0.0000,4,107.56,-0.01,1.89,0.3328,0.0141,8382.38,0.0,98.53,98.51,99.58,99.58,5.74338,12.8239,20.6279,37.1233,71.9226,135.674,184.037,179.159,175.642,171.853,167.71,163.081,155.228,138.535,95.3835,58.8534,36.0688,23.5965,11.1525
4.595,0.0004,1.0000,0.0000,4,108.26,-0.01,1.90,0.3312,0.0141,8438.1,0.0,99.17,99.16,100.24,100.24,5.75653,12.852,20.6711,37.1934,72.028,135.768,183.353,178.493,174.989,171.215,167.092,162.488,154.699,138.489,95.3269,58.8053,36.0342,23.5721,11.1399
4.619,0.0004,1.0000,0.0000,4,108.97,-0.01,1.91,0.3296,0.0141,8494.63,0.0,99.81,99.81,100.92,100.92,5.76991,12.8814,20.7174,37.2737,72.1706,135.993,182.654,177.811,174.319,170.56,166.455,161.876,154.143,138.375,95.2376,58.7447,35.995,23.5456,11.127
4.638,0.0003,1.0000,0.0000,4,109.68,-0.01,1.93,0.3281,0.0140,8552.18,0.0,100.46,100.46,101.60,101.60,5.78342,12.9113,20.7652,37.3583,72.3289,136.272,181.945,177.121,173.641,169.895,165.808,161.253,153.575,138.232,95.1347,58.6788,35.9538,23.5183,11.1139
4.663,0.0003,1.0000,0.0000,4,110.40,-0.01,1.94,0.3265,0.0140,8610.69,0.0,101.12,101.11,102.29,102.29,5.797,12.9415,20.8136,37.4448,72.4941,136.575,181.229,176.424,172.956,169.224,165.155,160.623,152.999,138.069,95.0257,58.6106,35.9116,23.4906,11.1008
4.681,0.0003,1.0000,0.0000,4,111.12,-0.01,1.95,0.3249,0.0140,8670.01,0.0,101.77,101.77,103.00,103.00,5.81069,12.9721,20.8626,37.5328,72.6633,136.891,180.508,175.722,172.265,168.548,164.496,159.987,152.418,137.861,94.9136,58.541,35.8687,23.4625,11.0875
4.706,0.0003,1.0000,0.0000,4,111.84,-0.00,1.96,0.3233,0.0140,8730.01,0.0,102.44,102.44,103.71,103.71,5.82446,13.0028,20.912,37.6215,72.8346,137.575,179.782,175.015,171.57,167.867,163.832,159.347,151.831,137.617,94.7997,58.4706,35.8255,23.4342,11.0741
4.725,0.0002,1.0000,0.0000,4,112.57,-0.00,1.97,0.3217,0.0140,8790.43,0.0,103.10,103.10,104.43,104.43,5.8383,13.0337,20.9617,37.7108,73.0074,184.837,179.051,174.303,170.87,167.181,163.164,158.702,151.24,137.342,94.6848,58.3996,35.782,23.4057,11.0606
4.750,0.0002,1.0000,0.0000,4,113.31,-0.00,1.98,0.3201,0.0140,8851.06,0.0,103.78,103.78,105.15,105.15,5.85223,13.0648,21.0117,37.8007,73.1813,184.078,178.315,173.587,170.165,166.49,162.492,158.053,150.644,137.043,94.569,58.3282,35.7382,23.3771,11.0471
4.770,0.0002,1.0000,0.0000,4,114.05,-0.00,1.99,0.3184,0.0140,8913.36,0.0,104.45,104.45,105.89,105.89,5.86624,13.096,21.062,37.8912,73.3564,183.313,177.575,172.865,169.456,165.796,161.815,157.4,150.044,136.721,94.4525,58.2563,35.6942,23.3483,11.0335
4.794,0.0002,1.0000,0.0000,4,114.79,-0.00,2.00,0.3168,0.0140,8976.07,0.0,105.13,105.13,106.63,106.63,5.88034,13.1275,21.1126,37.9822,73.5325,182.544,176.829,172.139,168.742,165.096,161.133,156.742,149.44,136.38,94.3354,58.184,35.6498,23.3193,11.0197
4.813,0.0001,1.0000,0.0000,4,115.54,-0.00,2.01,0.3151,0.0140,9037.31,0.0,105.82,105.82,107.36,107.36,5.89453,13.1592,21.1635,38.0738,73.7097,181.769,176.079,171.408,168.023,164.392,160.448,156.08,148.831,136.021,94.2174,58.1112,35.6052,23.2901,11.006
4.838,0.0001,1.0000,0.0000,4,116.30,-0.00,2.02,0.3135,0.0140,9097.93,0.0,106.51,106.51,108.08,108.08,5.90881,13.1911,21.2148,38.166,73.8881,180.989,175.324,170.673,167.3,163.684,159.757,155.414,148.218,135.645,94.0987,58.038,35.5603,23.2607,10.9921
4.856,0.0001,1.0000,0.0000,4,117.06,-0.00,2.03,0.3118,0.0140,9158.73,0.0,107.21,107.21,108.81,108.81,5.92319,13.2232,21.2664,38.2589,74.068,180.205,174.563,169.932,166.572,162.97,159.062,154.743,147.6,135.255,93.979,57.9641,35.5151,23.2311,10.9781
4.882,0.0001,1.0000,0.0000,4,117.83,-0.00,2.05,0.3101,0.0140,9220.2,0.0,107.91,107.91,109.53,109.53,5.93765,13.2554,21.3183,38.3523,74.2488,179.415,173.798,169.187,165.839,162.252,158.363,154.067,146.978,134.851,93.8587,57.8899,35.4696,23.2014,10.964
4.907,0.0001,1.0000,0.0000,4,118.60,-0.00,2.06,0.3084,0.0140,9282.69,0.0,108.62,108.62,110.28,110.28,5.95219,13.2879,21.3705,38.4462,74.4305,178.619,173.028,168.437,165.101,161.53,157.659,153.387,146.351,134.434,93.7377,57.8153,35.4239,23.1714,10.9499
4.925,0.0001,1.0000,0.0000,4,119.38,-0.00,2.08,0.3067,0.0140,9346.21,0.0,109.33,109.33,111.03,111.03,5.96682,13.3206,21.4231,38.5407,74.6135,177.819,172.253,167.682,164.359,160.802,156.95,152.703,145.72,134.005,93.6159,57.7401,35.3778,23.1413,10.9357
4.950,0.0001,1.0000,0.0000,4,120.16,-0.00,2.09,0.3050,0.0140,9410.73,0.0,110.04,110.04,111.80,111.80,5.98154,13.3534,21.4759,38.6358,74.7976,177.013,171.472,166.921,163.611,160.07,156.237,152.014,145.084,133.564,93.4934,57.6645,35.3315,23.111,10.9213
4.969,0.0001,1.0000,0.0000,4,120.95,-0.00,2.10,0.3033,0.0140,9473.82,0.0,110.76,110.76,112.55,112.55,5.99637,13.3865,21.5292,38.7316,74.983,176.203,170.687,166.156,162.859,159.333,155.519,151.321,144.443,133.112,93.3699,57.5884,35.2849,23.0805,10.9069
4.994,0.0001,1.0000,0.0000,5,121.73,-0.00,2.11,0.3016,0.0140,9533.21,0.0,111.48,111.48,113.26,113.26,6.0113,13.4199,21.5827,38.828,75.1697,175.387,169.896,165.386,162.102,158.592,154.796,150.622,143.798,132.649,93.2457,57.5118,35.238,23.0498,10.8924
5.013,0.0001,1.0000,0.0000,5,122.07,-0.00,2.12,0.2998,0.0140,8564.48,0.0,112.07,112.07,107.75,107.75,6.02631,13.4534,21.6367,38.925,75.3577,174.566,169.101,164.612,161.341,157.846,154.07,149.92,143.149,132.177,93.1205,57.4347,35.1907,23.0189,10.8778
5.038,0.0001,1.0000,0.0000,5,121.94,-0.00,2.12,0.2981,0.0140,8574.8,0.0,112.06,112.06,107.54,107.54,6.04134,13.4869,21.6907,39.0222,75.5459,173.746,168.307,163.837,160.579,157.1,153.343,149.218,142.499,131.698,92.9952,57.3574,35.1434,22.988,10.8632
5.057,0.0000,1.0000,0.0000,5,121.83,-0.00,2.11,0.2963,0.0140,8133.79,0.0,111.95,111.95,107.59,107.60,6.05635,13.5205,21.7446,39.1192,75.7339,172.926,167.513,163.064,159.819,156.355,152.617,148.517,141.849,131.213,92.87,57.2803,35.0962,22.9571,10.8486
5.082,0.0000,1.0000,0.0000,5,122.15,-0.00,2.11,0.2946,0.0140,8462.53,0.0,112.03,112.03,111.88,111.88,6.07139,13.554,21.7986,39.2165,75.9227,172.106,166.718,162.29,159.058,155.61,151.891,147.815,141.199,130.722,92.7442,57.2028,35.0488,22.9261,10.834
5.100,0.0000,1.0000,0.0000,5,122.74,-0.00,2.12,0.2928,0.0140,8519.85,0.0,112.51,112.51,112.67,112.67,6.08646,13.5877,21.8527,39.3139,76.1114,171.282,165.92,161.512,158.294,154.861,151.161,147.11,140.545,130.224,92.6185,57.1254,35.0013,22.8951,10.8193
5.126,0.0000,1.0000,0.0000,5,123.35,-0.00,2.14,0.2911,0.0140,8552.91,0.0,113.06,113.06,113.11,113.11,6.10157,13.6214,21.907,39.4115,76.3004,170.455,165.119,160.731,157.526,154.109,150.429,146.402,139.888,129.718,92.4927,57.0478,34.9538,22.864,10.8046
5.144,0.0000,1.0000,0.0000,5,123.97,-0.00,2.16,0.2893,0.0140,8584.44,0.0,113.62,113.62,113.53,113.53,6.11677,13.6554,21.9615,39.5097,76.4904,169.623,164.313,159.947,156.754,153.354,149.692,145.69,139.227,129.205,92.3663,56.9698,34.906,22.8327,10.7899
5.168,0.0000,1.0000,0.0000,5,124.59,-0.00,2.18,0.2875,0.0140,8620.74,0.0,114.17,114.17,114.01,114.01,6.13203,13.6894,22.0163,39.6083,76.6814,168.788,163.504,159.158,155.979,152.594,148.952,144.974,138.563,128.685,92.2392,56.8914,34.858,22.8013,10.775
5.188,0.0000,1.0000,0.0000,5,125.20,-0.00,2.19,0.2858,0.0140,8662.45,0.0,114.73,114.73,114.56,114.56,6.14738,13.7237,22.0715,39.7075,76.8735,167.948,162.69,158.365,155.2,151.831,148.208,144.255,137.895,128.158,92.1112,56.8125,34.8097,22.7698,10.7601
5.213,0.0000,1.0000,0.0000,5,125.81,-0.00,2.20,0.2840,0.0140,8708.21,0.0,115.30,115.30,115.16,115.16,6.1628,13.7581,22.1269,39.8072,77.0666,167.104,161.873,157.568,154.417,151.064,147.461,143.532,137.223,127.624,91.9827,56.7333,34.7611,22.738,10.7451
5.231,0.0000,1.0000,0.0000,5,126.42,-0.00,2.20,0.2822,0.0140,8756.76,0.0,115.86,115.86,115.80,115.80,6.17831,13.7928,22.1826,39.9074,77.2608,166.255,161.051,156.767,153.63,150.293,146.71,142.806,136.547,127.082,91.8534,56.6536,34.7123,22.7061,10.73
5.257,0.0000,1.0000,0.0000,5,127.04,-0.00,2.19,0.2804,0.0140,8806.25,0.0,116.43,116.43,116.46,116.46,6.1939,13.8276,22.2385,40.0081,77.4558,165.403,160.225,155.963,152.839,149.518,145.955,142.076,135.868,126.535,91.7236,56.5736,34.6633,22.674,10.7149
5.275,0.0000,1.0000,0.0000,5,127.66,-0.00,2.20,0.2785,0.0140,8852.1,0.0,117.00,117.00,117.06,117.06,6.20956,13.8625,22.2948,40.1093,77.6518,164.547,159.396,155.154,152.044,148.74,145.196,141.342,135.184,125.981,91.5932,56.4931,34.614,22.6418,10.6996
5.300,0.0000,1.0000,0.0000,5,128.29,-0.00,2.20,0.2767,0.0140,8896.37,0.0,117.57,117.57,117.65,117.65,6.22528,13.8976,22.3512,40.2109,77.8486,163.686,158.562,154.342,151.245,147.958,144.434,140.605,134.498,125.421,91.4621,56.4124,34.5646,22.6094,10.6844
5.319,0.0000,1.0000,0.0000,5,128.92,-0.00,2.21,0.2749,0.0140,8940.23,0.0,118.15,118.15,118.23,118.23,6.24115,13.9331,22.4082,40.3134,78.0472,162.821,157.724,153.525,150.443,147.171,143.667,139.863,133.807,124.854,91.3299,56.3308,34.5146,22.5768,10.6689
5.344,0.0000,1.0000,0.0000,5,129.55,-0.00,2.23,0.2730,0.0140,8983.73,0.0,118.73,118.73,118.81,118.81,6.25707,13.9686,22.4654,40.4164,78.2465,161.952,156.882,152.704,149.636,146.381,142.897,139.118,133.112,124.281,91.1972,56.2491,34.4645,22.544,10.6534
5.363,0.0000,1.0000,0.0000,5,130.19,-0.00,2.24,0.2712,0.0140,9027.33,0.0,119.31,119.31,119.38,119.38,6.27303,14.0042,22.5227,40.5195,78.4462,161.078,156.036,151.879,148.825,145.588,142.124,138.37,132.413,123.703,91.0643,56.1671,34.4143,22.5112,10.6379
5.388,0.0000,1.0000,0.0000,5,130.83,-0.00,2.25,0.2693,0.0140,9071.35,0.0,119.90,119.90,119.97,119.97,6.28913,14.0402,22.5805,40.6235,78.6476,160.2,155.185,151.05,148.011,144.79,141.346,137.617,131.711,123.118,90.9303,56.0844,34.3637,22.478,10.6223
5.406,0.0000,1.0000,0.0000,5,131.47,-0.00,2.27,0.2674,0.0140,9116.21,0.0,120.49,120.49,120.56,120.56,6.30527,14.0762,22.6385,40.7278,78.8496,159.318,154.331,150.217,147.192,143.988,140.565,136.861,131.005,122.527,90.7958,56.0015,34.3129,22.4448,10.6066
5.431,0.0000,1.0000,0.0000,5,132.12,-0.00,2.28,0.2655,0.0140,9161.78,0.0,121.08,121.08,121.16,121.16,6.3215,14.1124,22.6968,40.8326,79.0527,158.432,153.472,149.38,146.37,143.182,139.779,136.101,130.294,121.93,90.6605,55.9181,34.2618,22.4114,10.5908
5.451,0.0000,1.0000,0.0000,5,132.76,-0.00,2.29,0.2636,0.0140,9207.95,0.0,121.67,121.67,121.77,121.77,6.33779,14.1488,22.7553,40.9379,79.2567,157.541,152.609,148.539,145.543,142.373,138.99,135.338,129.58,121.328,90.5248,55.8344,34.2105,22.3779,10.575
5.476,0.0000,1.0000,0.0000,5,133.41,-0.00,2.30,0.2617,0.0140,9255.01,0.0,122.26,122.26,122.39,122.39,6.3542,14.1855,22.8142,41.044,79.4621,156.646,151.742,147.693,144.712,141.559,138.197,134.57,128.862,120.72,90.3881,55.7502,34.1589,22.3441,10.559
5.501,0.0000,1.0000,0.0000,5,134.07,-0.00,2.31,0.2598,0.0140,9301.89,0.0,122.86,122.86,123.01,123.01,6.37066,14.2222,22.8733,41.1503,79.6681,155.746,150.871,146.844,143.877,140.742,137.4,133.798,128.14,120.106,90.2509,55.6656,34.1071,22.3102,10.543
5.519,0.0000,1.0000,0.0000,5,134.72,-0.00,2.32,0.2579,0.0140,9348.5,0.0,123.46,123.46,123.63,123.63,6.38721,14.2592,22.9327,41.2573,79.8752,154.843,149.995,145.99,143.038,139.92,136.6,133.023,127.414,119.486,90.1131,55.5806,34.055,22.2762,10.5269
5.539,0.0000,1.0000,0.0000,5,135.38,-0.00,2.33,0.2560,0.0140,9395.01,0.0,124.06,124.06,124.25,124.25,6.40385,14.2963,22.9925,41.3648,80.0835,153.934,149.115,145.132,142.195,139.095,135.795,132.244,126.684,118.861,89.9744,55.4951,34.0027,22.242,10.5107
5.564,0.0000,1.0000,0.0000,5,136.05,-0.00,2.34,0.2540,0.0140,9441.24,0.0,124.67,124.67,124.86,124.86,6.42057,14.3336,23.0525,41.4728,80.2928,153.021,148.231,144.27,141.348,138.265,134.986,131.461,125.95,118.231,89.8351,55.4093,33.9501,22.2076,10.4945
5.588,0.0000,1.0000,0.0000,5,136.71,-0.00,2.35,0.2521,0.0140,9485.52,0.0,125.28,125.28,125.44,125.44,6.43737,14.3711,23.1129,41.5814,80.5031,152.104,147.342,143.403,140.497,137.431,134.173,130.674,125.212,117.595,89.6951,55.3229,33.8972,22.173,10.4781
5.606,0.0000,1.0000,0.0000,5,137.37,-0.00,2.36,0.2501,0.0140,9529.33,0.0,125.89,125.89,126.02,126.02,6.45424,14.4088,23.1735,41.6905,80.7144,151.182,146.45,142.533,139.641,136.594,133.357,129.883,124.471,116.953,89.5545,55.2363,33.8441,22.1383,10.4617
5.632,0.0000,1.0000,0.0000,5,138.04,-0.00,2.37,0.2481,0.0140,9573.18,0.0,126.50,126.50,126.60,126.60,6.47118,14.4466,23.2343,41.7999,80.9264,150.256,145.552,141.658,138.782,135.752,132.536,129.088,123.725,116.306,89.4133,55.1492,33.7908,22.1034,10.4453
5.650,0.0000,1.0000,0.0000,5,138.70,-0.00,2.39,0.2462,0.0140,9617.1,0.0,127.11,127.11,127.18,127.18,6.48823,14.4847,23.2955,41.9101,81.1399,149.325,144.651,140.779,137.918,134.906,131.711,128.289,122.975,115.654,89.2713,55.0617,33.7372,22.0683,10.4287
5.675,0.0000,1.0000,0.0000,5,139.36,-0.00,2.40,0.2442,0.0140,9661.06,0.0,127.71,127.71,127.77,127.77,6.50536,14.523,23.357,42.0208,81.3543,148.39,143.745,139.895,137.05,134.056,130.883,127.486,122.221,114.996,89.1286,54.9737,33.6833,22.0331,10.412
5.694,0.0000,1.0000,0.0000,5,140.01,-0.00,2.41,0.2422,0.0140,9705.08,0.0,128.32,128.32,128.35,128.35,6.52256,14.5614,23.4188,42.132,81.5697,147.451,142.835,139.007,136.178,133.202,130.05,126.68,121.463,114.333,88.9852,54.8853,33.6291,21.9976,10.3953
5.719,0.0000,1.0000,0.0000,5,140.67,-0.00,2.42,0.2402,0.0140,9748.88,0.0,128.92,128.92,128.93,128.93,6.53984,14.6,23.4809,42.2437,81.786,146.507,141.921,138.116,135.302,132.344,129.214,125.869,120.701,113.665,88.8412,54.7965,33.5748,21.9621,10.3785
5.738,0.0000,1.0000,0.0000,5,141.33,-0.00,2.43,0.2382,0.0140,9792.44,0.0,129.52,129.52,129.50,129.50,6.55722,14.6387,23.5433,42.356,82.0035,145.558,141.002,137.219,134.422,131.482,128.374,125.055,119.935,112.992,88.6964,54.7072,33.5201,21.9263,10.3616
5.763,0.0000,1.0000,0.0000,5,141.98,-0.00,2.44,0.2361,0.0140,9835.82,0.0,130.12,130.12,130.08,130.08,6.57466,14.6777,23.6059,42.4687,82.2219,144.606,140.079,136.319,133.537,130.617,127.529,124.237,119.165,112.314,88.5511,54.6176,33.4652,21.8904,10.3446
5.781,0.0000,1.0000,0.0000,5,142.63,-0.00,2.45,0.2341,0.0140,9879.08,0.0,130.72,130.72,130.65,130.65,6.59218,14.7168,23.6689,42.5819,82.4412,143.648,139.152,135.415,132.649,129.747,126.681,123.415,118.391,111.63,88.4051,54.5277,33.4101,21.8544,10.3276
5.807,0.0000,1.0000,0.0000,5,143.28,-0.00,2.46,0.2320,0.0140,9922.24,0.0,131.32,131.32,131.22,131.22,6.60978,14.7561,23.7321,42.6957,82.6616,142.687,138.22,134.506,131.757,128.873,125.829,122.589,117.614,110.942,88.2584,54.4372,33.3547,21.8182,10.3105
5.826,0.0000,1.0000,0.0000,5,143.94,-0.00,2.48,0.2300,0.0140,9965.29,0.0,131.92,131.92,131.79,131.79,6.62749,14.7956,23.7957,42.8101,82.8832,141.721,137.285,133.593,130.86,127.995,124.973,121.759,116.832,110.248,88.1109,54.3463,33.299,21.7817,10.2933
5.850,0.0000,1.0000,0.0000,5,144.58,-0.00,2.49,0.2279,0.0140,10008.4,0.0,132.52,132.52,132.36,132.36,6.64524,14.8353,23.8594,42.9248,83.1055,140.751,136.345,132.676,129.959,127.113,124.113,120.926,116.046,109.55,87.963,54.2551,33.2431,21.7452,10.276
5.869,0.0000,1.0000,0.0000,5,145.23,-0.00,2.50,0.2258,0.0140,10051.3,0.0,133.11,133.11,132.93,132.93,6.66311,14.8752,23.9236,43.0403,83.3292,139.776,135.4,131.755,129.054,126.227,123.249,120.088,115.257,108.846,87.8141,54.1633,33.1869,21.7084,10.2586
5.894,0.0000,1.0000,0.0000,5,145.88,-0.00,2.51,0.2238,0.0140,10093.9,0.0,133.71,133.71,133.49,133.49,6.68103,14.9152,23.9879,43.1562,83.5535,138.797,134.452,130.83,128.146,125.338,122.382,119.247,114.463,108.138,87.6648,54.0712,33.1305,21.6715,10.2412
5.913,0.0000,1.0000,0.0000,5,146.52,-0.00,2.52,0.2217,0.0140,10136.6,0.0,134.30,134.30,134.06,134.06,6.69904,14.9554,24.0526,43.2726,83.7791,137.814,133.5,129.9,127.233,124.444,121.51,118.402,113.666,107.425,87.5147,53.9787,33.0738,21.6345,10.2237
5.938,0.0000,1.0000,0.0000,5,147.17,-0.00,2.53,0.2196,0.0140,10179.5,0.0,134.89,134.89,134.62,134.62,6.71712,14.9958,24.1175,43.3894,84.0053,136.826,132.543,128.967,126.316,123.546,120.635,117.553,112.865,106.707,87.3642,53.8859,33.017,21.5973,10.2061
5.956,0.0000,1.0000,0.0000,5,147.81,-0.00,2.55,0.2175,0.0140,10222.2,0.0,135.48,135.48,135.19,135.19,6.7353,15.0364,24.1828,43.5069,84.2329,135.834,131.582,128.029,125.395,122.645,119.756,116.7,112.059,105.984,87.2126,53.7925,32.9597,21.5598,10.1884
5.981,0.0000,1.0000,0.0000,5,148.45,-0.00,2.56,0.2153,0.0140,10264.8,0.0,136.07,136.07,135.75,135.75,6.75354,15.0771,24.2483,43.6247,84.4612,134.838,130.617,127.087,124.47,121.739,118.873,115.844,111.25,105.256,87.0607,53.6988,32.9024,21.5223,10.1707
6.007,0.0000,1.0000,0.0000,5,149.09,-0.00,2.57,0.2132,0.0140,10307.3,0.0,136.66,136.66,136.31,136.31,6.77188,15.118,24.3142,43.7433,84.6909,133.837,129.648,126.141,123.542,120.83,117.986,114.983,110.437,104.523,86.9078,53.6046,32.8446,21.4846,10.1529
6.025,0.0000,1.0000,0.0000,5,149.73,-0.00,2.58,0.2111,0.0140,10349.6,0.0,137.24,137.24,136.87,136.87,6.79027,15.1591,24.3803,43.8621,84.9211,132.832,128.674,125.191,122.609,119.916,117.095,114.119,109.62,103.786,86.7546,53.5101,32.7868,21.4467,10.135
6.051,0.0000,1.0000,0.0000,5,150.36,-0.00,2.59,0.2089,0.0140,10391.7,0.0,137.83,137.83,137.43,137.43,6.80874,15.2003,24.4466,43.9815,85.1524,131.823,127.697,124.237,121.672,118.999,116.201,113.252,108.799,103.044,86.6007,53.4152,32.7286,21.4087,10.117
6.069,0.0000,1.0000,0.0000,5,151.00,-0.00,2.60,0.2068,0.0140,10433.7,0.0,138.41,138.41,137.99,137.99,6.82731,15.2418,24.5133,44.1015,85.3847,130.81,126.715,123.278,120.731,118.078,115.302,112.38,107.975,102.298,86.4461,53.3199,32.6702,21.3705,10.099
6.094,0.0000,1.0000,0.0000,5,151.63,-0.00,2.62,0.2046,0.0140,10475.0,0.0,138.99,138.99,138.53,138.53,6.84593,15.2834,24.5802,44.2218,85.6179,129.792,125.729,122.316,119.786,117.153,114.4,111.505,107.146,101.547,86.2761,53.2242,32.6117,21.3322,10.0809
6.113,0.0000,1.0000,0.0000,6,152.27,-0.00,2.63,0.2024,0.0140,10516.8,0.0,139.58,139.58,139.09,139.09,6.86466,15.3252,24.6474,44.3429,86.0581,128.77,124.739,121.35,118.837,116.225,113.494,110.625,106.314,100.791,86.0454,53.128,32.5527,21.2936,10.0627
6.138,0.0000,1.0000,0.0000,6,152.47,-0.00,2.64,0.2003,0.0140,9639.49,0.0,140.03,140.03,134.60,134.60,6.88346,15.3672,24.7149,44.4644,136.059,127.745,123.746,120.38,117.885,115.293,112.586,109.743,105.478,100.031,85.7628,53.0314,32.4936,21.255,10.0444
6.157,0.0000,1.0000,0.0000,6,152.28,-0.00,2.64,0.1981,0.0140,9644.64,0.0,139.96,139.96,134.32,134.32,6.90224,15.4091,24.7824,44.5858,134.968,126.72,122.753,119.411,116.934,114.361,111.677,108.862,104.643,99.2701,85.4387,52.935,32.4345,21.2163,10.0261
6.181,0.0000,1.0000,0.0000,6,152.10,-0.00,2.63,0.1959,0.0140,9302.4,0.0,139.79,139.79,134.24,134.24,6.92097,15.4509,24.8497,44.7069,133.878,125.697,121.762,118.443,115.984,113.431,110.77,107.981,103.808,98.5089,85.081,52.8387,32.3755,21.1778,10.0079
6.201,0.0000,1.0000,0.0000,6,152.37,-0.00,2.64,0.1937,0.0140,9612.95,0.0,139.81,139.81,138.66,138.66,6.93972,15.4928,24.9171,44.8282,132.788,124.673,120.77,117.475,115.034,112.501,109.863,107.1,102.973,97.7462,84.6939,52.7422,32.3165,21.1391,9.98967
6.225,0.0000,1.0000,0.0000,6,152.92,-0.00,2.65,0.1915,0.0140,9658.89,0.0,140.24,140.24,139.36,139.36,6.95851,15.5348,24.9845,44.9497,131.694,123.646,119.776,116.504,114.081,111.568,108.953,106.217,102.135,96.9799,84.2805,52.6457,32.2573,21.1005,9.9714
6.244,0.0000,1.0000,0.0000,6,153.49,-0.00,2.67,0.1893,0.0140,9685.38,0.0,140.74,140.74,139.74,139.74,6.97739,15.5769,25.0523,45.0716,130.597,122.616,118.778,115.53,113.124,110.632,108.039,105.33,101.293,96.2095,83.8435,52.5488,32.198,21.0616,9.95305
6.269,0.0000,1.0000,0.0000,6,154.06,-0.00,2.69,0.1871,0.0140,9710.97,0.0,141.26,141.26,140.11,140.11,6.99633,15.6192,25.1203,45.194,129.495,121.582,117.776,114.551,112.164,109.692,107.122,104.439,100.448,95.4349,83.385,52.4515,32.1384,21.0227,9.93463
6.288,0.0000,1.0000,0.0000,6,154.62,-0.00,2.71,0.1849,0.0140,9740.45,0.0,141.77,141.77,140.53,140.53,7.01534,15.6616,25.1886,45.3169,128.39,120.544,116.77,113.569,111.2,108.748,106.202,103.546,99.5999,94.6562,82.9072,52.3539,32.0785,20.9835,9.91614
6.313,0.0000,1.0000,0.0000,6,155.18,-0.00,2.72,0.1827,0.0140,9774.01,0.0,142.28,142.28,141.02,141.02,7.03443,15.7043,25.2572,45.4403,127.28,119.502,115.761,112.584,110.233,107.801,105.278,102.649,98.748,93.8735,82.4115,52.2558,32.0185,20.9443,9.89759
6.332,0.0000,1.0000,0.0000,6,155.73,-0.00,2.73,0.1805,0.0140,9810.14,0.0,142.79,142.79,141.54,141.54,7.05357,15.747,25.3259,45.5639,126.167,118.457,114.748,111.595,109.262,106.851,104.351,101.748,97.8926,93.0866,81.8994,52.1575,31.9583,20.9049,9.87898
6.356,0.0000,1.0000,0.0000,6,156.28,-0.00,2.73,0.1783,0.0140,9847.9,0.0,143.30,143.30,142.08,142.08,7.07279,15.7899,25.3949,45.6882,125.049,117.407,113.732,110.602,108.288,105.898,103.421,100.845,97.0339,92.2958,81.372,52.0588,31.8978,20.8653,9.86029
6.375,0.0000,1.0000,0.0000,6,156.83,-0.00,2.73,0.1760,0.0140,9884.41,0.0,143.81,143.81,142.61,142.61,7.09207,15.833,25.4642,45.8128,123.928,116.354,112.712,109.606,107.31,104.941,102.488,99.9377,96.1718,91.501,80.8306,51.9597,31.8371,20.8256,9.84154
6.400,0.0000,1.0000,0.0000,6,157.38,-0.00,2.73,0.1738,0.0140,9918.87,0.0,144.31,144.31,143.11,143.11,7.11142,15.8762,25.5337,45.9378,122.802,115.298,111.689,108.606,106.329,103.98,101.551,99.0276,95.3062,90.7022,80.2757,51.8604,31.7763,20.7858,9.82273
6.419,0.0000,1.0000,0.0000,6,157.93,-0.00,2.74,0.1715,0.0140,9952.23,0.0,144.82,144.82,143.59,143.59,7.13084,15.9195,25.6034,46.0633,121.673,114.238,110.661,107.603,105.344,103.017,100.611,98.1141,94.4373,89.8995,79.7082,51.7607,31.7152,20.7459,9.80384
6.444,0.0000,1.0000,0.0000,6,158.48,-0.00,2.76,0.1692,0.0140,9985.06,0.0,145.32,145.32,144.06,144.06,7.15034,15.963,25.6734,46.1893,120.54,113.173,109.631,106.596,104.356,102.05,99.6671,97.1973,93.565,89.0927,79.1288,51.6605,31.6538,20.7057,9.78488
6.463,0.0000,1.0000,0.0000,6,159.03,-0.00,2.77,0.1670,0.0140,10016.4,0.0,145.83,145.83,144.52,144.52,7.16992,16.0068,25.7437,46.3158,119.402,112.106,108.596,105.585,103.365,101.079,98.7202,96.2773,92.6892,88.282,78.538,51.56,31.5922,20.6655,9.76585
6.488,0.0000,1.0000,0.0000,6,159.58,-0.00,2.79,0.1647,0.0140,10048.9,0.0,146.33,146.33,144.98,144.98,7.18954,16.0506,25.8142,46.4427,118.261,111.034,107.559,104.571,102.37,100.106,97.7702,95.354,91.8101,87.4674,77.9364,51.4592,31.5305,20.6251,9.74677
6.506,0.0000,1.0000,0.0000,6,160.12,-0.00,2.80,0.1624,0.0140,10081.9,0.0,146.83,146.83,145.46,145.46,7.20923,16.0945,25.8849,46.5699,117.116,109.959,106.517,103.554,101.372,99.1285,96.8169,94.4275,90.9276,86.6488,77.3247,51.3581,31.4685,20.5845,9.72762
6.531,0.0000,1.0000,0.0000,6,160.67,-0.00,2.82,0.1601,0.0140,10115.2,0.0,147.33,147.33,145.94,145.94,7.22901,16.1387,25.956,46.6977,115.967,108.88,105.472,102.533,100.37,98.148,95.8603,93.4976,90.0417,85.8263,76.7029,51.2565,31.4063,20.5439,9.7084
6.557,0.0000,1.0000,0.0000,6,161.21,-0.00,2.83,0.1578,0.0140,10148.6,0.0,147.83,147.83,146.42,146.42,7.24883,16.1829,26.0271,46.8258,114.815,107.798,104.423,101.508,99.3646,97.1643,94.9005,92.5647,89.1525,85.0001,76.0719,51.1547,31.344,20.5031,9.68913
6.575,0.0000,1.0000,0.0000,6,161.75,-0.00,2.84,0.1555,0.0140,10182.0,0.0,148.33,148.33,146.90,146.90,7.26872,16.2274,26.0986,46.9544,113.658,106.712,103.371,100.48,98.3561,96.1773,93.9374,91.6283,88.26,84.17,75.4317,51.0525,31.2814,20.4621,9.66978
6.600,0.0000,1.0000,0.0000,6,162.29,-0.00,2.85,0.1532,0.0140,10215.1,0.0,148.82,148.82,147.38,147.38,7.2887,16.272,26.1703,47.0835,112.497,105.622,102.314,99.4484,97.3441,95.1869,92.971,90.6888,87.3641,83.336,74.7825,50.9499,31.2185,20.421,9.65036
6.619,0.0000,1.0000,0.0000,6,162.83,-0.00,2.87,0.1508,0.0140,10248.0,0.0,149.32,149.32,147.86,147.86,7.30873,16.3167,26.2423,47.213,111.333,104.529,101.255,98.4133,96.3288,94.1933,92.0014,89.7461,86.4649,82.4982,74.125,50.847,31.1555,20.3798,9.63088
6.644,0.0000,1.0000,0.0000,6,163.37,-0.00,2.88,0.1485,0.0140,10279.0,0.0,149.81,149.81,148.30,148.30,7.32884,16.3616,26.3145,47.3429,110.164,103.432,100.191,97.3747,95.3101,93.1964,91.0286,88.8001,85.5623,81.6566,73.4592,50.7438,31.0922,20.3384,9.61133
6.663,0.0000,1.0000,0.0000,6,163.90,-0.00,2.90,0.1462,0.0140,10311.5,0.0,150.31,150.31,148.77,148.77,7.349,16.4066,26.3869,47.4732,108.992,102.332,99.1241,96.3327,94.288,92.1962,90.0526,87.8509,84.6565,80.8112,72.7856,50.6402,31.0288,20.2969,9.59173
6.688,0.0000,1.0000,0.0000,6,164.44,-0.00,2.91,0.1438,0.0140,10344.4,0.0,150.80,150.80,149.25,149.25,7.36921,16.4517,26.4595,47.6039,107.816,101.228,98.0533,95.2873,93.2626,91.1928,89.0734,86.8986,83.7474,79.9622,72.1042,50.5364,30.9652,20.2553,9.57208
6.707,0.0000,1.0000,0.0000,6,164.97,-0.00,2.92,0.1415,0.0140,10377.5,0.0,151.29,151.29,149.73,149.73,7.38951,16.4971,26.5324,47.7351,106.637,100.12,96.979,94.2383,92.2337,90.186,88.0909,85.943,82.8349,79.1092,71.4151,50.4321,30.9013,20.2136,9.55234
6.732,0.0000,1.0000,0.0000,6,165.50,-0.00,2.93,0.1391,0.0140,10410.4,0.0,151.78,151.78,150.20,150.20,7.40985,16.5425,26.6054,47.8665,105.453,99.0087,95.9011,93.1861,91.2017,89.1761,87.1053,84.9844,81.9192,78.2527,70.7189,50.3277,30.8373,20.1717,9.53256
6.750,0.0000,1.0000,0.0000,6,166.03,-0.00,2.94,0.1367,0.0140,10443.0,0.0,152.27,152.27,150.67,150.67,7.4303,16.5881,26.6789,47.9987,104.265,97.8938,94.8193,92.1301,90.1661,88.1628,86.1164,84.0224,81.0,77.3922,70.0155,50.2227,30.773,20.1296,9.51268
6.776,0.0000,1.0000,0.0000,6,166.56,-0.00,2.95,0.1343,0.0140,10475.2,0.0,152.75,152.75,151.14,151.14,7.45078,16.6339,26.7524,48.131,103.074,96.7754,93.7341,91.0708,89.1274,87.1463,85.1244,83.0573,80.0778,76.5282,69.3051,50.1175,30.7086,20.0875,9.49276
6.794,0.0000,1.0000,0.0000,6,167.09,-0.00,2.97,0.1319,0.0140,10507.1,0.0,153.24,153.24,151.60,151.60,7.47136,16.6798,26.8263,48.264,101.879,95.6534,92.6452,90.0082,88.0852,86.1266,84.1291,82.089,79.1521,75.6603,68.5878,50.0118,30.6438,20.0452,9.47276
6.819,0.0000,1.0000,0.0000,6,167.62,-0.00,2.99,0.1296,0.0140,10537.0,0.0,153.73,153.73,152.03,152.03,7.49197,16.7258,26.9004,48.3972,100.68,94.5278,91.5528,88.942,87.0397,85.1037,83.1308,81.1175,78.2233,74.7888,67.864,49.9059,30.579,20.0027,9.45271
6.838,0.0000,1.0000,0.0000,6,168.15,-0.00,3.00,0.1271,0.0140,10568.8,0.0,154.21,154.21,152.49,152.49,7.51268,16.7721,26.9747,48.531,99.4779,93.3987,90.4567,87.8724,85.991,84.0775,82.1292,80.143,77.291,73.9136,67.1336,49.7996,30.5138,19.9601,9.43258
6.863,0.0000,1.0000,0.0000,6,168.67,-0.00,3.02,0.1247,0.0141,10601.3,0.0,154.69,154.69,152.96,152.96,7.53342,16.8184,27.0492,48.6651,98.2715,92.2661,89.357,86.7995,84.939,83.0481,81.1245,79.1652,76.3556,73.0347,66.3969,49.6931,30.4486,19.9174,9.41242
6.881,0.0000,1.0000,0.0000,6,169.19,-0.00,3.03,0.1223,0.0141,10634.0,0.0,155.17,155.17,153.43,153.43,7.55423,16.8648,27.124,48.7996,97.0614,91.13,88.2538,85.7232,83.8837,82.0156,80.1167,78.1843,75.417,72.1523,65.6539,49.5862,30.3831,19.8746,9.39218
6.907,0.0000,1.0000,0.0000,6,169.72,-0.00,3.04,0.1199,0.0141,10666.4,0.0,155.65,155.65,153.90,153.90,7.5751,16.9114,27.1989,48.9345,95.8476,89.9903,87.1471,84.6433,82.825,80.9799,79.1057,77.2004,74.4751,71.2662,64.9048,49.479,30.3174,19.8317,9.37189
6.925,0.0000,1.0000,0.0000,6,170.24,-0.00,3.05,0.1175,0.0141,10698.4,0.0,156.13,156.13,154.36,154.36,7.59606,16.9582,27.2742,49.085,94.63,88.8471,86.0367,83.5602,81.7631,79.9409,78.0916,76.2133,73.5299,70.3765,64.1497,49.3565,30.2515,19.7886,9.35151
6.950,0.0000,1.0000,0.0000,6,170.76,-0.00,3.07,0.1150,0.0141,10730.1,0.0,156.61,156.61,154.81,154.81,7.61706,17.0051,27.3496,49.4078,93.4088,87.7005,84.9228,82.4738,80.698,78.8988,77.0744,75.2231,72.5817,69.4832,63.3886,49.1769,30.1854,19.7453,9.33109
6.970,0.0000,1.0000,0.0000,6,171.28,-0.00,3.08,0.1126,0.0141,10760.2,0.0,157.09,157.09,155.25,155.25,7.63813,17.0522,27.4253,50.0846,92.1838,86.5505,83.8053,81.3839,79.6296,77.8535,76.0541,74.2298,71.6301,68.5863,62.6218,48.9462,30.1192,19.702,9.31061
6.994,0.0000,1.0000,0.0000,6,171.80,-0.00,3.10,0.1101,0.0141,10790.1,0.0,157.56,157.56,155.68,155.68,7.65928,17.0994,27.5012,51.799,90.955,85.3968,82.6842,80.2906,78.5579,76.8049,75.0306,73.2333,70.6753,67.6857,61.8492,48.6718,30.0526,19.6585,9.29005
7.013,0.0000,1.0000,0.0000,6,172.31,-0.00,3.12,0.1077,0.0141,10821.5,0.0,158.04,158.04,156.13,156.13,7.68048,17.1467,27.5774,103.389,89.7226,84.2397,81.5596,79.194,77.483,75.7534,74.0041,72.2337,69.7174,66.7816,61.0709,48.3595,29.9859,19.6148,9.26943
7.038,0.0000,1.0000,0.0000,6,172.82,-0.00,3.13,0.1052,0.0141,10853.5,0.0,158.51,158.51,156.60,156.60,7.70172,17.1941,27.6537,101.965,88.4866,83.0792,80.4315,78.0941,76.405,74.6987,72.9745,71.2312,68.7563,65.8741,60.2872,48.014,29.9191,19.5711,9.24878
7.057,0.0000,1.0000,0.0000,6,173.34,-0.00,3.14,0.1027,0.0141,10885.6,0.0,158.98,158.98,157.06,157.06,7.72304,17.2417,27.7302,100.536,87.2469,81.9152,79.2999,76.9908,75.3237,73.6408,71.9417,70.2255,67.792,64.963,59.498,47.6384,29.852,19.5273,9.22805
7.081,0.0000,1.0000,0.0000,6,173.85,-0.00,3.16,0.1002,0.0141,10917.5,0.0,159.46,159.46,157.52,157.52,7.74443,17.2895,27.8071,99.1036,86.0035,80.7478,78.1647,75.8842,74.239,72.5798,70.906,69.2167,66.8245,64.0483,58.7035,47.2361,29.7847,19.4832,9.20725
7.100,0.0000,1.0000,0.0000,6,174.36,-0.00,3.17,0.0977,0.0141,10948.8,0.0,159.92,159.92,157.97,157.97,7.76587,17.3374,27.8841,97.6666,84.7564,79.577,77.0261,74.7743,73.1513,71.5158,69.8672,68.2049,65.8538,63.1301,57.9036,46.8092,29.7173,19.4391,9.1864
7.125,0.0000,1.0000,0.0000,6,174.87,-0.00,3.18,0.0952,0.0141,10979.7,0.0,160.39,160.39,158.42,158.42,7.78739,17.3854,27.9613,96.2253,83.5057,78.4026,75.8839,73.6611,72.0603,70.4485,68.8252,67.19,64.88,62.2084,57.0984,46.36,29.6496,19.3949,9.16548
7.151,0.0000,1.0000,0.0000,6,175.38,-0.00,3.20,0.0927,0.0141,11007.8,0.0,160.86,160.86,158.82,158.82,7.80898,17.4336,28.0389,94.7798,82.2513,77.2249,74.738,72.5444,70.9661,69.3781,67.7802,66.172,63.9029,61.2832,56.2881,45.89,29.5816,19.3504,9.14449
7.170,0.0000,1.0000,0.0000,6,175.89,-0.00,3.22,0.0902,0.0141,11038.1,0.0,161.33,161.33,159.26,159.26,7.83062,17.4819,28.1166,93.3301,80.9932,76.0437,73.5887,71.4244,69.8687,68.3046,66.7321,65.151,62.9227,60.3544,55.4726,45.4008,29.5136,19.3059,9.12345
7.194,0.0000,1.0000,0.0000,6,176.39,-0.00,3.24,0.0877,0.0141,11069.3,0.0,161.79,161.79,159.71,159.71,7.85234,17.5304,28.1946,91.8761,79.7315,74.8591,72.4359,70.3012,68.768,67.2279,65.6809,64.1268,61.9393,59.4222,54.6521,44.8938,29.4452,19.2612,9.10233
7.213,0.0000,1.0000,0.0000,6,176.90,-0.00,3.25,0.0852,0.0141,11100.9,0.0,162.25,162.25,160.16,160.16,7.87411,17.579,28.2728,90.4182,78.4662,73.6711,71.2795,69.1746,67.6643,66.1483,64.6268,63.0997,60.9528,58.4866,53.8266,44.3702,29.3767,19.2164,9.08117
7.238,0.0000,1.0000,0.0000,6,177.40,-0.00,3.26,0.0826,0.0141,11132.4,0.0,162.72,162.72,160.62,160.62,7.89595,17.6278,28.3512,88.9559,77.1973,72.4797,70.1197,68.0449,66.5573,65.0655,63.5695,62.0695,59.9632,57.5475,52.9961,43.8308,29.308,19.1715,9.05993
7.257,0.0000,1.0000,0.0000,6,177.90,-0.00,3.28,0.0801,0.0141,11163.4,0.0,163.18,163.18,161.07,161.07,7.91783,17.6767,28.4298,87.4898,75.9249,71.2847,68.9565,66.9118,65.4473,63.9798,62.5094,61.0364,58.9706,56.605,52.1609,43.2767,29.2392,19.1264,9.03865
7.281,0.0000,1.0000,0.0000,6,178.40,-0.00,3.30,0.0775,0.0141,11194.0,0.0,163.64,163.64,161.51,161.51,7.93982,17.7258,28.5088,86.0192,74.6486,70.0857,67.7896,65.7754,64.334,62.8908,61.4461,60.0002,57.9746,55.659,51.3208,42.7083,29.17,19.0812,9.01728
7.300,0.0000,1.0000,0.0000,6,178.90,-0.00,3.31,0.0750,0.0141,11222.3,0.0,164.10,164.10,161.92,161.92,7.96183,17.7749,28.5878,84.5446,73.3691,68.8831,66.6194,64.6357,63.2177,61.7989,60.3799,58.9611,56.9757,54.7096,50.4759,42.1267,29.1008,19.0359,8.99588
7.325,0.0000,1.0000,0.0000,6,179.40,-0.00,3.33,0.0724,0.0141,11250.9,0.0,164.56,164.56,162.33,162.33,7.9839,17.8242,28.6671,83.0659,72.0859,67.6766,65.4457,63.4929,62.0981,60.7039,59.3106,57.9189,55.9737,53.7568,49.6263,41.5323,29.0313,18.9905,8.97441
7.344,0.0000,1.0000,0.0000,6,179.90,-0.00,3.35,0.0698,0.0141,11281.3,0.0,165.01,165.01,162.77,162.77,8.00602,17.8736,28.7484,81.5832,70.7992,66.4665,64.2686,62.3469,60.9756,59.606,58.2386,56.8738,54.9686,52.8008,48.7722,40.926,28.9598,18.945,8.95291
7.369,0.0000,1.0000,0.0000,6,180.39,-0.00,3.37,0.0673,0.0141,11312.3,0.0,165.47,165.47,163.22,163.22,8.02825,17.9232,28.8977,80.0962,69.5087,65.2524,63.0878,61.1974,59.8497,58.5049,57.1633,55.8256,53.9602,51.8412,47.9133,40.3078,28.8519,18.8992,8.9313
7.388,0.0000,1.0000,0.0000,6,180.88,-0.00,3.38,0.0647,0.0141,11343.4,0.0,165.92,165.92,163.66,163.66,8.05053,17.973,29.1689,78.6052,68.2147,64.0346,61.9036,60.0447,58.7208,57.4007,56.0851,54.7744,52.9489,50.8781,47.0498,39.6785,28.6998,18.8534,8.90963
7.413,0.0000,1.0000,0.0000,6,181.37,-0.00,3.40,0.0621,0.0141,11374.1,0.0,166.38,166.38,164.11,164.11,8.07287,18.0228,29.6063,77.1101,66.9173,62.8131,60.7161,58.8888,57.5887,56.2935,55.0039,53.7202,51.9344,49.9119,46.1817,39.0386,28.5085,18.8074,8.88792
7.432,0.0056,1.0000,0.0000,6,181.87,-0.00,3.41,0.0595,0.0141,11404.3,0.0,166.83,166.83,164.54,164.54,8.09522,18.0727,30.2911,75.6113,65.6166,61.5881,59.5253,57.7299,56.4538,55.1836,53.92,52.6634,50.9172,48.9425,45.3094,38.3884,28.2819,18.7614,8.86618
7.456,0.0151,1.0000,0.0000,6,182.36,0.01,3.43,0.0569,0.0138,11433.5,0.0,167.30,167.25,164.97,164.97,8.11565,18.1104,31.3272,74.1559,64.3475,60.3911,58.3628,56.5993,55.3472,54.1019,52.8641,51.6343,49.9273,47.9997,44.4619,37.7554,28.0452,18.727,8.84642
7.475,0.0230,1.0000,0.0000,6,182.85,-0.01,3.45,0.0544,0.0131,11460.0,0.0,167.81,167.65,165.35,165.35,8.13069,18.1153,32.9664,72.8179,63.1647,59.2721,57.2778,55.546,54.3174,53.0966,51.8841,50.6805,49.0117,47.1298,43.6834,37.1799,27.8329,18.7234,8.83216
7.501,0.0289,1.0000,0.0000,6,183.33,-0.09,3.48,0.0520,0.0115,11489.8,0.0,168.33,168.01,165.78,165.78,8.13822,18.0766,97.0459,71.6304,62.0925,58.2531,56.2921,54.591,53.3854,52.1882,51.0,49.8217,48.1895,46.3512,42.9916,36.6773,27.6587,18.7616,8.82555
7.519,0.0337,1.0000,0.0000,6,183.82,-0.22,3.49,0.0499,0.0093,11520.6,0.0,168.85,168.38,166.22,166.22,8.13787,17.9955,95.8743,70.5814,61.122,57.3249,55.3962,53.7249,52.5413,51.3669,50.2022,49.048,47.4507,45.6539,42.376,36.2374,27.5156,18.8419,8.82703
7.544,0.0373,1.0000,0.0000,6,184.30,-0.39,3.51,0.0481,0.0064,11552.0,0.0,169.35,168.76,166.68,166.68,8.12998,17.878,94.9215,69.6452,60.2338,56.4686,54.5712,52.9286,51.7663,50.6137,49.4716,48.3404,46.7764,45.0189,41.8182,35.8434,27.3915,18.9612,8.83639
7.563,0.0401,1.0000,0.0000,6,184.77,-0.56,3.52,0.0466,0.0031,11583.0,0.0,169.84,169.15,167.12,167.12,8.11501,17.731,94.1358,68.793,59.4064,55.6633,53.7963,52.1814,51.0396,49.9082,48.7876,47.6785,46.1464,44.4264,41.2988,35.4774,27.274,19.0907,8.85333
7.588,0.0425,1.0000,0.0000,6,185.25,-0.73,3.54,0.0457,-0.0005,11613.2,0.0,170.31,169.54,167.56,167.56,8.09327,17.5766,93.4814,68.0044,58.6245,54.8939,53.0562,51.4682,50.3463,49.2352,48.1355,47.0477,45.5461,43.862,40.8041,35.1275,27.155,19.1995,8.87772
7.607,0.0447,1.0000,0.0000,6,185.72,-0.90,3.55,0.0453,-0.0045,11643.0,0.0,170.77,169.94,167.99,167.99,8.06516,17.4391,92.9205,67.2583,57.8724,54.1485,52.3363,50.7746,49.6719,48.5805,47.5009,46.4338,44.9617,43.3122,40.3211,34.7823,27.0268,19.2847,8.90934
7.631,0.0476,1.0000,0.0000,6,186.20,-1.03,3.58,0.0455,-0.0086,11668.7,0.0,171.22,170.35,168.36,168.36,8.03064,17.3225,92.433,66.5435,57.1416,53.4214,51.6285,50.0923,49.0084,47.9362,46.8763,45.8291,44.3856,42.7694,39.8428,34.4358,26.8861,19.346,8.94842
7.651,0.0546,1.0000,0.0000,6,186.66,-1.15,3.61,0.0464,-0.0129,11698.0,0.0,171.67,170.75,168.78,168.78,7.98935,17.2276,92.0241,65.8611,56.433,52.713,50.9324,49.4212,48.3556,47.3021,46.2613,45.2335,43.8177,42.2339,39.3693,34.0885,26.7341,19.3856,8.99561
7.676,0.0751,1.0000,0.0000,6,187.13,-1.25,3.63,0.0480,-0.0176,11728.4,0.0,172.12,171.14,169.22,169.22,7.93964,17.1465,91.7657,65.2454,55.7708,52.0442,50.2667,48.7796,47.7316,46.6961,45.6736,44.6644,43.275,41.7221,38.9166,33.7549,26.583,19.413,9.05311
7.700,0.1029,1.0000,0.0000,6,187.58,-1.37,3.64,0.0505,-0.0231,11760.2,0.0,172.60,171.44,169.68,169.68,7.87667,17.0459,91.9118,64.8175,55.241,51.4889,49.7023,48.2319,47.2001,46.181,45.1752,44.183,42.8176,41.2926,38.5401,33.4845,26.4721,19.4551,9.12738
7.719,0.1343,1.0000,0.0000,6,188.02,-1.57,3.65,0.0540,-0.0303,11793.4,0.0,173.11,171.64,170.16,170.16,7.79433,16.8801,92.8251,64.7417,54.9581,51.145,49.3331,47.8571,46.8389,45.8337,44.8418,43.8637,42.5183,41.0163,38.3073,33.3369,26.4486,19.5447,9.22744
7.744,0.1630,1.0000,0.0000,6,188.45,-1.94,3.67,0.0588,-0.0394,11828.0,0.0,173.63,171.76,170.66,170.66,7.6889,16.619,94.8324,65.1459,55.0069,51.0828,49.2238,47.712,46.6916,45.697,44.7157,43.7482,42.4178,40.933,38.2556,33.3454,26.5395,19.7017,9.36085
7.763,0.1845,1.0000,0.0000,6,188.85,-2.46,3.68,0.0651,-0.0505,11863.7,0.0,174.10,171.85,171.17,171.17,7.56095,16.2686,98.1183,66.0682,55.4035,51.3133,49.3826,47.8161,46.7607,45.7543,44.7805,43.8205,42.5004,41.0269,38.3704,33.4977,26.7367,19.9228,9.52847
7.788,0.2003,1.0000,0.0000,6,189.23,-3.08,3.71,0.0731,-0.0629,11894.6,0.0,174.51,171.95,171.62,171.62,7.41393,15.8609,102.757,67.4738,56.1098,51.7995,49.7741,48.1349,47.0327,45.9835,44.9833,44.0248,42.7115,41.2455,38.602,33.7504,27.0077,20.1886,9.70697
7.807,0.2121,1.0000,0.0000,6,189.59,-3.73,3.74,0.0828,-0.0761,11929.2,0.0,174.85,172.09,172.12,172.12,7.25368,15.4313,108.804,69.3028,57.0697,52.4896,50.3485,48.6208,47.4618,46.3602,45.3121,44.3135,42.9902,41.5295,38.8945,34.0547,27.3158,20.4758,9.88682
7.832,0.2205,1.0000,0.0000,6,189.94,-4.36,3.75,0.0946,-0.0898,11963.8,0.0,175.13,172.26,172.62,172.62,7.0942,15.0022,116.445,71.5292,58.25,53.3509,51.0741,49.2432,48.0179,46.8557,45.7518,44.702,43.3161,41.8391,39.2103,34.378,27.6363,20.7687,10.065
7.851,0.2261,1.0000,0.0000,6,190.27,-4.95,3.76,0.1084,-0.1036,11996.7,0.0,175.38,172.45,173.09,173.09,6.9385,14.5865,126.014,74.1514,59.632,54.3637,51.9311,49.9822,48.6816,47.4505,46.2835,45.176,43.717,42.1684,39.5244,34.6983,27.9523,21.0566,10.2393
7.876,0.2286,1.0000,0.0000,6,190.59,-5.44,3.83,0.1244,-0.1176,12027.2,0.0,175.64,172.66,173.53,173.53,6.78534,14.1776,138.416,77.3025,61.2798,55.5752,52.9605,50.8742,49.4862,48.1757,46.9362,45.7622,44.2195,42.5866,39.8486,35.0263,28.2728,21.3457,10.4119
7.895,0.2293,1.0000,0.0000,6,190.88,-6.00,3.93,0.1425,-0.1277,12057.5,0.0,175.96,172.82,173.97,173.97,6.63002,13.7447,156.069,81.408,63.4213,57.163,54.3192,52.0613,50.5646,49.1552,47.8257,46.5698,44.9239,43.1874,40.2888,35.4206,28.6444,21.6686,10.5913
7.919,0.2295,1.0000,0.0000,6,191.17,-6.58,4.02,0.1609,-0.1292,12080.6,0.0,176.22,173.00,174.33,174.33,6.47619,13.3192,181.053,86.454,65.9906,59.0594,55.9411,53.479,51.8534,50.3277,48.8926,47.5408,45.7746,43.9181,40.8344,35.8252,29.0235,21.996,10.771
7.938,0.2291,1.0000,0.0000,6,191.50,-6.81,4.26,0.1792,-0.1299,12071.2,0.0,176.40,173.29,174.18,174.18,6.32916,12.9434,200.0,92.0738,68.7222,61.0417,57.6228,54.9392,53.1751,51.5246,49.9771,48.5235,46.6307,44.6484,41.3728,36.1442,29.3343,22.2765,10.9385
7.963,0.2281,1.0000,0.0000,6,191.78,-6.89,4.54,0.1975,-0.1301,12086.7,0.0,176.62,173.59,174.40,174.40,6.18445,12.5884,25.4133,98.7236,71.8186,63.2605,59.4958,56.5595,54.6384,52.8474,51.1739,49.6068,47.5733,45.4522,41.9663,36.4519,29.6163,22.5373,11.1014
7.981,0.2273,1.0000,0.0000,6,192.06,-6.97,4.74,0.2157,-0.1299,12112.4,0.0,176.82,173.88,174.77,174.77,6.04258,12.2558,23.4086,106.61,75.3066,65.722,61.5602,58.3372,56.2391,54.2906,52.4766,50.7836,48.5949,46.3218,42.6077,36.7861,29.8624,22.7732,11.2581
8.007,0.2267,1.0000,0.0000,6,192.40,-6.80,5.03,0.2339,-0.1285,12096.1,0.0,176.98,174.22,174.54,174.54,5.90716,11.9689,22.3275,115.374,78.9228,68.2137,63.6265,60.0998,57.816,55.7035,53.744,51.9213,49.5741,47.1468,43.2035,37.0793,30.0242,22.9505,11.3996
8.025,0.2263,1.0000,0.0000,6,192.70,-6.42,5.30,0.2520,-0.1258,12113.2,0.0,177.14,174.62,174.78,174.78,5.77795,11.7255,21.7069,124.959,82.5829,70.6689,65.6367,61.7962,59.3223,57.0429,54.9363,52.9837,50.4783,47.8985,43.7314,37.3171,30.0986,23.0664,11.5251
8.050,0.2256,1.0000,0.0000,6,192.99,-6.14,5.44,0.2699,-0.1229,12149.0,0.0,177.38,174.97,175.29,175.29,5.65113,11.4938,21.189,136.68,86.7623,73.4252,67.8787,63.68,60.9907,58.5236,56.2525,54.1549,51.4746,48.7272,44.316,37.5895,30.1491,23.1645,11.6445
8.069,0.2230,1.0000,0.0000,6,193.33,-5.93,5.59,0.2876,-0.1198,12153.2,0.0,177.65,175.28,175.36,175.36,5.52654,11.2674,20.7061,151.746,91.7261,76.6426,70.4805,65.858,62.9162,60.2303,57.7686,55.5044,52.6235,49.6854,44.9986,37.9242,30.2011,23.2545,11.7599
8.095,0.2155,1.0000,0.0000,6,193.64,-5.71,5.68,0.3048,-0.1164,12181.5,0.0,177.93,175.62,175.76,175.76,5.40614,11.0582,20.3387,170.879,97.4083,80.2359,73.3584,68.2505,65.0225,62.0906,59.416,56.9663,53.8644,50.7174,45.732,38.2865,30.2652,23.3202,11.8665
8.113,0.2078,1.0000,0.0000,6,193.95,-5.62,5.70,0.3216,-0.1131,12214.3,0.0,178.26,175.96,176.23,176.23,5.28851,10.8518,19.967,197.597,104.428,84.5697,76.8017,71.0986,67.5232,64.2949,61.3657,58.696,55.3329,51.9413,46.6094,38.7387,30.3802,23.3838,11.9697
8.138,0.1816,1.0000,0.0000,6,194.27,-5.62,5.70,0.3378,-0.1100,12235.5,0.0,178.62,176.28,176.54,176.54,5.17392,10.647,19.5789,200.0,113.325,89.8989,80.9916,74.5411,70.5347,66.9419,63.702,60.7658,57.0889,53.4057,47.6651,39.3,30.5559,23.4484,12.0698
8.157,0.1634,1.0000,0.0000,6,194.61,-5.65,5.66,0.3534,-0.1065,12258.5,0.0,179.01,176.71,176.88,176.88,5.06545,10.4633,19.3065,200.0,124.079,96.0703,85.7678,78.4216,73.9067,69.8883,66.2892,63.0473,59.0142,55.003,48.809,39.9062,30.7523,23.4873,12.1594
8.182,0.1471,1.0000,0.0000,6,194.95,-5.61,5.60,0.3683,-0.1023,12280.0,0.0,179.36,177.18,177.19,177.19,4.96504,10.3116,19.2251,200.0,136.757,102.973,91.007,82.6196,77.5231,73.0242,69.0238,65.4437,61.0205,56.6546,49.9771,40.5133,30.9438,23.4861,12.2342
8.201,0.1324,1.0000,0.0000,6,195.30,-5.53,5.52,0.3824,-0.0976,12313.0,0.0,179.72,177.66,177.65,177.65,4.87246,10.1881,19.3246,200.0,152.155,110.869,96.8752,87.2529,81.4795,76.4282,71.9718,68.0114,63.1542,58.3985,51.1971,41.1391,31.1408,23.4659,12.2957
8.225,0.1191,1.0000,0.0000,6,195.67,-5.49,5.37,0.3957,-0.0925,12333.0,0.0,180.05,178.09,177.96,177.96,4.78834,10.0935,19.5772,200.0,171.337,120.03,103.524,92.4182,85.8477,80.1553,75.1761,70.7846,65.4409,60.2534,52.4816,41.7902,31.3466,23.4514,12.344
8.245,0.1072,1.0000,0.0000,6,196.06,-5.29,5.24,0.4079,-0.0862,12343.0,0.0,180.36,178.58,178.10,178.10,4.71613,10.0503,19.9178,200.0,193.476,129.708,110.341,97.6046,90.1777,83.8073,78.2831,73.4472,67.6089,61.9889,53.6551,42.3571,31.5023,23.4119,12.3708
8.269,0.0965,1.0000,0.0000,6,196.43,-5.01,5.08,0.4192,-0.0792,12385.8,0.0,180.70,179.10,178.68,178.68,4.65481,10.0513,20.2441,200.0,200.0,140.301,117.58,103.0,94.628,87.5204,81.4118,76.1057,69.7503,63.6841,54.7805,42.8822,31.633,23.362,12.3805
8.295,0.0868,1.0000,0.0000,6,196.82,-4.90,4.81,0.4292,-0.0720,12409.5,0.0,181.04,179.50,179.07,179.07,4.60338,10.0831,20.4531,151.56,200.0,153.154,126.099,109.231,99.7133,91.7276,84.9321,79.0796,72.1304,65.5584,56.0186,43.4632,31.7909,23.3285,12.3791
8.313,0.0782,1.0000,0.0000,6,197.25,-4.61,4.59,0.4380,-0.0637,12411.9,0.0,181.35,180.00,179.10,179.10,4.56717,10.1853,20.7614,112.803,200.0,166.221,134.409,115.145,104.461,95.5972,88.1264,81.7444,74.2284,67.1812,57.0555,43.9131,31.8786,23.2617,12.3546
8.338,0.0703,1.0000,0.0000,6,197.63,-4.24,4.35,0.4454,-0.0547,12462.6,0.0,181.71,180.53,179.77,179.77,4.54533,10.3542,21.0927,94.5884,200.0,180.025,142.838,120.989,109.081,99.3138,91.1583,84.2466,76.1708,68.6614,57.9759,44.2873,31.9277,23.1788,12.3117
8.357,0.0633,1.0000,0.0000,6,198.04,-4.11,3.94,0.4512,-0.0458,12493.6,0.0,182.06,180.89,180.28,180.28,4.53594,10.569,21.3008,82.1158,200.0,197.303,153.224,128.045,114.604,103.724,94.7368,87.1889,78.4491,70.3971,59.0627,44.7496,32.0216,23.1214,12.2593
8.382,0.0570,1.0000,0.0000,6,198.50,-3.82,3.61,0.4554,-0.0358,12488.6,0.0,182.39,181.38,180.21,180.21,4.54593,10.8899,21.6147,75.4308,200.0,200.0,162.779,134.315,119.411,107.491,97.7424,89.6209,80.2912,71.7662,59.8781,45.0505,32.035,23.0267,12.1834
8.401,0.0513,1.0000,0.0000,6,198.90,-3.44,3.28,0.4578,-0.0251,12548.4,0.0,182.77,181.93,180.98,180.98,4.57442,11.237,21.962,71.2379,200.0,200.0,172.004,140.179,123.826,110.897,100.419,91.7571,81.8795,72.9216,60.5364,45.2605,32.0056,22.9147,12.0893
8.426,0.0462,1.0000,0.0000,6,199.31,-3.35,2.73,0.4584,-0.0147,12589.3,0.0,183.13,182.24,181.67,181.67,4.61916,11.5344,22.184,67.1086,200.0,200.0,184.049,147.691,129.439,115.209,103.805,94.4624,83.9013,74.4074,61.4115,45.5865,32.0345,22.8343,11.9862
8.445,0.0415,1.0000,0.0000,6,199.80,-3.10,2.29,0.4569,-0.0034,12575.2,0.0,183.47,182.72,181.47,181.47,4.68806,11.8438,22.5087,64.8873,200.0,200.0,193.274,153.885,133.95,118.595,106.407,96.4961,85.375,75.451,61.9767,45.7398,31.9814,22.7168,11.8688
8.469,0.0374,1.0000,0.0000,6,200.19,-2.76,1.86,0.4534,0.0085,12646.3,0.0,183.89,183.28,182.36,182.36,4.78059,12.1487,22.8654,63.5141,200.0,200.0,195.395,159.412,137.889,121.496,108.593,98.1744,86.5592,76.2617,62.381,45.806,31.8896,22.584,11.7525
8.488,0.0373,1.0000,0.0000,6,200.61,-2.72,1.17,0.4478,0.0199,12696.2,0.0,184.23,183.56,183.22,183.22,4.89391,12.4091,23.1021,61.67,200.0,200.0,196.76,166.976,143.27,125.467,111.607,100.511,88.2409,77.4494,63.0307,46.0025,31.8619,22.4848,11.6464
8.514,0.0396,1.0000,0.0000,6,201.13,-2.51,0.63,0.4397,0.0322,12670.6,0.0,184.58,184.02,182.85,182.85,5.03137,12.6873,23.4346,60.8603,200.0,200.0,197.036,172.764,147.258,128.323,113.71,102.092,89.3268,78.1704,63.3661,46.0313,31.757,22.351,11.5366
8.533,0.0418,1.0000,0.0000,6,201.51,-2.22,0.11,0.4294,0.0447,12754.5,0.0,185.04,184.56,183.89,183.89,5.16505,12.9521,23.7531,60.2138,200.0,200.0,197.035,178.606,151.221,131.126,115.753,103.614,90.3586,78.8455,63.6694,46.0448,31.6482,22.2183,11.4305
8.557,0.0376,1.0000,0.0000,6,201.93,-2.26,-0.57,0.4168,0.0560,12812.7,0.0,185.47,184.81,184.91,184.91,5.28498,13.141,23.8425,58.3698,200.0,200.0,197.558,187.845,159.027,136.745,119.948,106.833,92.6611,80.4754,64.5854,46.3738,31.687,22.1577,11.3412
8.576,0.0338,1.0000,0.0000,6,202.45,-2.28,-0.99,0.4023,0.0586,12769.8,0.0,185.99,185.23,184.30,184.30,5.39684,13.2988,23.8604,56.4206,200.0,200.0,198.002,190.543,168.882,143.741,125.124,110.784,95.4766,82.4693,65.718,46.806,31.7728,22.1208,11.2591
8.601,0.0304,1.0000,0.0000,6,202.92,-2.22,-1.26,0.3882,0.0550,12774.9,0.0,186.49,185.74,184.31,184.31,5.5017,13.4407,23.8629,54.6919,200.0,200.0,198.23,191.868,180.031,151.494,130.774,115.048,98.4812,84.5776,66.9039,47.2575,31.8676,22.0905,11.1818
8.620,0.0274,1.0000,0.0000,6,203.38,-2.18,-1.45,0.3750,0.0514,12783.2,0.0,186.95,186.18,184.47,184.47,5.59825,13.5584,23.8238,53.0119,200.0,200.0,198.36,192.739,186.265,160.657,137.351,119.959,101.907,86.9657,68.2429,47.7767,31.993,22.0768,11.1113
8.645,0.0247,1.0000,0.0000,6,203.87,-2.07,-1.50,0.3625,0.0480,12771.7,0.0,187.38,186.66,184.30,184.30,5.68893,13.6694,23.7966,51.6171,175.377,200.0,198.283,193.173,187.935,170.373,144.186,124.985,105.356,89.3379,69.5494,48.2715,32.1083,22.061,11.044
8.664,0.0222,1.0000,0.0000,6,204.34,-1.86,-1.42,0.3508,0.0452,12769.5,0.0,187.77,187.16,184.26,184.26,5.77524,13.7859,23.818,50.6298,158.031,200.0,197.946,193.183,188.57,179.441,150.471,129.522,108.406,91.395,70.6472,48.6613,32.1798,22.0285,10.9775
8.688,0.0200,1.0000,0.0000,6,204.80,-1.59,-1.27,0.3399,0.0429,12780.7,0.0,188.14,187.65,184.41,184.41,5.85789,13.9105,23.891,50.0071,147.11,200.0,197.376,192.855,188.616,181.942,155.83,133.315,110.897,93.0344,71.4848,48.9271,32.2012,21.9768,10.9114
8.707,0.0180,1.0000,0.0000,6,205.24,-1.33,-1.11,0.3296,0.0410,12802.5,0.0,188.52,188.12,184.72,184.72,5.93692,14.0388,23.9968,49.6226,139.744,200.0,196.647,192.305,188.32,182.532,160.414,136.497,112.938,94.3458,72.123,49.1009,32.1869,21.9122,10.8464
8.733,0.0162,1.0000,0.0000,6,205.68,-1.11,-0.97,0.3200,0.0394,12829.9,0.0,188.89,188.55,185.12,185.12,6.01195,14.165,24.115,49.3641,134.281,199.696,195.821,191.623,187.83,182.574,164.547,139.321,114.715,95.4643,72.6459,49.2237,32.1548,21.8428,10.7836
8.751,0.0146,1.0000,0.0000,6,206.11,-0.95,-0.87,0.3108,0.0380,12863.4,0.0,189.28,188.97,185.59,185.59,6.08357,14.288,24.2379,49.1803,129.967,198.719,194.93,190.854,187.216,182.334,168.411,141.924,116.327,96.4611,73.0961,49.3152,32.1125,21.7712,10.7229
8.776,0.0131,1.0000,0.0000,6,206.54,-0.82,-0.84,0.3021,0.0366,12898.8,0.0,189.66,189.37,186.11,186.11,6.15174,14.4046,24.3548,49.017,126.243,197.716,194.006,190.039,186.536,181.949,172.28,144.506,117.908,97.4316,73.5292,49.4007,32.0704,21.702,10.6648
8.795,0.0118,1.0000,0.0000,6,206.98,-0.74,-0.85,0.2937,0.0354,12930.8,0.0,190.05,189.78,186.57,186.57,6.2171,14.5167,24.4685,48.8788,123.032,196.687,193.049,189.181,185.795,181.448,174.032,147.039,119.443,98.3639,73.9384,49.4767,32.0265,21.6338,10.6087
8.820,0.0106,1.0000,0.0000,6,207.42,-0.67,-0.88,0.2856,0.0342,12959.7,0.0,190.44,190.19,186.99,186.99,6.28013,14.6262,24.5838,48.7792,120.341,195.627,192.054,188.274,184.99,180.838,174.343,149.438,120.876,99.2212,74.3033,49.5342,31.9772,21.5648,10.5542
8.838,0.0096,1.0000,0.0000,6,207.86,-0.61,-0.91,0.2778,0.0331,12986.7,0.0,190.83,190.60,187.38,187.38,6.34121,14.7337,24.7013,48.7159,118.085,194.539,191.025,187.323,184.128,180.139,174.225,151.694,122.202,100.002,74.6234,49.573,31.922,21.4948,10.5009
8.864,0.0086,1.0000,0.0000,6,208.29,-0.56,-0.95,0.2703,0.0321,13013.5,0.0,191.22,191.01,187.77,187.77,6.40053,14.8398,24.8217,48.6875,116.205,193.423,189.963,186.331,183.215,179.364,173.865,153.787,123.412,100.7,74.8967,49.5925,31.8606,21.4234,10.4487
8.888,0.0077,1.0000,0.0000,6,208.73,-0.51,-0.99,0.2630,0.0312,13039.1,0.0,191.62,191.43,188.14,188.14,6.45822,14.9446,24.945,48.6917,114.649,192.283,188.871,185.302,182.255,178.522,173.34,155.707,124.501,101.314,75.1232,49.5931,31.7933,21.3507,10.3975
8.907,0.0070,1.0000,0.0000,6,209.17,-0.47,-1.01,0.2560,0.0304,13064.7,0.0,192.01,191.84,188.51,188.51,6.5145,15.0486,25.0719,48.728,113.383,191.119,187.75,184.238,181.252,177.621,172.689,157.437,125.461,101.841,75.3012,49.574,31.7196,21.2765,10.3473
8.933,0.0063,1.0000,0.0000,6,209.61,-0.42,-1.02,0.2491,0.0297,13090.0,0.0,192.41,192.25,188.87,188.87,6.56961,15.1525,25.2035,48.7981,112.388,189.93,186.601,183.14,180.208,176.665,171.935,158.95,126.277,102.271,75.4263,49.5335,31.6389,21.2003,10.2976
8.951,0.0056,1.0000,0.0000,6,210.04,-0.38,-1.04,0.2424,0.0291,13115.4,0.0,192.80,192.66,189.24,189.24,6.62386,15.2575,25.3422,48.9077,111.672,188.717,185.423,182.006,179.122,175.655,171.087,160.193,126.918,102.584,75.4886,49.4675,31.5491,21.1211,10.2484
8.976,0.0051,1.0000,0.0000,6,210.48,-0.34,-1.05,0.2359,0.0285,13141.0,0.0,193.19,193.07,189.61,189.61,6.67708,15.3617,25.4832,49.0378,111.121,187.486,184.225,180.849,178.008,174.608,170.18,161.271,127.454,102.829,75.5141,49.3872,31.455,21.041,10.1998
8.994,0.0046,1.0000,0.0000,6,210.87,-0.31,-1.06,0.2301,0.0281,13167.9,0.0,193.55,193.44,189.99,189.99,6.72462,15.4559,25.6125,49.1692,110.727,186.355,183.121,179.78,176.975,173.632,169.316,161.499,127.868,103.003,75.5124,49.3048,31.3667,20.9677,10.1562
9.013,0.0041,1.0000,0.0000,6,211.26,-0.28,-1.08,0.2243,0.0276,13191.8,0.0,193.91,193.80,190.34,190.34,6.7715,15.5492,25.7421,49.3084,110.406,185.215,182.007,178.7,175.929,172.638,168.424,161.246,128.233,103.145,75.4938,49.2161,31.2767,20.8942,10.1131
9.031,0.0037,1.0000,0.0000,6,211.66,-0.26,-1.09,0.2187,0.0273,13215.0,0.0,194.26,194.17,190.68,190.68,6.81779,15.6424,25.8735,49.4612,110.181,184.064,180.881,177.604,174.865,171.622,167.499,160.772,128.524,103.239,75.45,49.1178,31.1837,20.82,10.0704
9.051,0.0033,1.0000,0.0000,6,212.05,-0.23,-1.09,0.2132,0.0269,13237.8,0.0,194.62,194.53,191.00,191.00,6.86349,15.7354,26.0067,49.6265,110.044,182.903,179.742,176.494,173.785,170.586,166.545,160.164,128.741,103.286,75.3821,49.0103,31.0878,20.7451,10.0281
9.076,0.0030,1.0000,0.0000,6,212.44,-0.21,-1.11,0.2077,0.0266,13260.7,0.0,194.97,194.90,191.34,191.34,6.90895,15.8294,26.1441,49.8121,110.026,181.728,178.589,175.368,172.685,169.527,165.558,159.448,128.857,103.268,75.2795,48.8889,30.9871,20.6685,9.98577
9.095,0.0027,1.0000,0.0000,6,212.83,-0.19,-1.13,0.2023,0.0263,13283.9,0.0,195.32,195.26,191.67,191.67,6.95415,15.9242,26.2857,50.0173,110.121,180.541,177.421,174.224,171.567,168.444,164.54,158.649,128.869,103.183,75.1428,48.754,30.8816,20.5902,9.94355
9.113,0.0024,1.0000,0.0000,6,213.22,-0.17,-1.16,0.1970,0.0261,13310.2,0.0,195.68,195.62,192.03,192.03,6.99894,16.0186,26.4272,50.2259,110.245,179.348,176.247,173.074,170.44,167.353,163.51,157.811,128.852,103.081,74.9971,48.616,30.7753,20.512,9.90164
9.133,0.0022,1.0000,0.0000,6,213.60,-0.15,-1.20,0.1917,0.0259,13338.5,0.0,196.03,195.98,192.46,192.46,7.0434,16.1131,26.5705,50.4447,110.433,178.147,175.064,171.913,169.302,166.247,162.461,156.928,128.775,102.94,74.8319,48.4706,30.6667,20.4331,9.85994
9.151,0.0020,1.0000,0.0000,6,213.99,-0.14,-1.23,0.1864,0.0257,13359.9,0.0,196.38,196.34,192.77,192.77,7.08775,16.2084,26.717,50.6777,110.697,176.936,173.87,170.74,168.15,165.126,161.391,156.002,128.624,102.752,74.6423,48.3155,30.5547,20.353,9.81822
9.176,0.0018,1.0000,0.0000,6,214.38,-0.12,-1.25,0.1812,0.0255,13381.7,0.0,196.74,196.70,193.08,193.08,7.13177,16.3032,26.8633,50.9127,110.979,175.721,172.671,169.562,166.993,163.998,160.312,155.056,128.452,102.551,74.4465,48.1584,30.4423,20.273,9.77677
9.195,0.0016,1.0000,0.0000,6,214.77,-0.11,-1.27,0.1761,0.0254,13403.4,0.0,197.09,197.06,193.40,193.40,7.1755,16.3974,27.0085,51.1457,111.26,174.503,171.47,168.381,165.832,162.867,159.229,154.098,128.279,102.35,74.2508,48.0018,30.3303,20.1934,9.73557
9.213,0.0014,1.0000,0.0000,6,215.16,-0.10,-1.30,0.1709,0.0252,13425.6,0.0,197.45,197.41,193.72,193.72,7.21895,16.491,27.1529,51.3777,111.542,173.282,170.265,167.197,164.668,161.732,158.141,153.128,128.099,102.145,74.0538,47.845,30.2187,20.1141,9.6946
9.232,0.0013,1.0000,0.0000,6,215.54,-0.09,-1.33,0.1658,0.0251,13448.3,0.0,197.80,197.77,194.04,194.04,7.26236,16.5857,27.301,51.6254,111.906,172.051,169.049,166.001,163.491,160.581,157.034,152.124,127.841,101.89,73.8309,47.6779,30.1033,20.0334,9.65356
9.251,0.0012,1.0000,0.0000,6,215.91,-0.08,-1.40,0.1608,0.0250,13482.7,0.0,198.14,198.12,194.54,194.54,7.30589,16.6818,27.4535,51.8897,112.351,170.811,167.824,164.793,162.301,159.415,155.907,151.089,127.503,101.585,73.582,47.5003,29.9839,19.9511,9.61235
9.276,0.0010,1.0000,0.0000,6,216.30,-0.07,-1.44,0.1557,0.0249,13503.2,0.0,198.49,198.47,194.84,194.84,7.34928,16.7779,27.6065,52.1575,112.817,169.567,166.593,163.58,161.105,158.244,154.774,150.042,127.143,101.267,73.3262,47.3202,29.8637,19.8687,9.57122
9.295,0.0009,1.0000,0.0000,6,216.69,-0.06,-1.47,0.1507,0.0248,13523.8,0.0,198.85,198.83,195.13,195.13,7.39253,16.8737,27.7592,52.425,113.284,168.319,165.36,162.365,159.907,157.069,153.637,148.988,126.778,100.945,73.0692,47.1398,29.7437,19.7863,9.5302
9.313,0.0008,1.0000,0.0000,6,217.07,-0.06,-1.49,0.1456,0.0247,13544.5,0.0,199.20,199.19,195.43,195.43,7.43569,16.9693,27.9113,52.6909,113.746,167.07,164.125,161.147,158.706,155.893,152.498,147.93,126.416,100.625,72.8132,46.9599,29.6238,19.7042,9.48927
9.333,0.0008,1.0000,0.0000,6,217.45,-0.05,-1.53,0.1406,0.0246,13565.7,0.0,199.55,199.53,195.74,195.74,7.47872,17.0645,28.063,52.9561,114.207,165.817,162.887,159.926,157.503,154.713,151.355,146.866,126.051,100.304,72.5569,46.78,29.5042,19.6222,9.44844
9.351,0.0007,1.0000,0.0000,6,217.84,-0.05,-1.57,0.1356,0.0246,13587.8,0.0,199.90,199.88,196.06,196.06,7.52166,17.1596,28.2143,53.2209,114.668,164.562,161.646,158.703,156.297,153.531,150.21,145.797,125.684,99.9817,72.2997,46.6,29.3846,19.5403,9.40768
9.376,0.0006,1.0000,0.0000,6,218.20,-0.04,-1.64,0.1306,0.0245,13624.7,0.0,200.25,200.23,196.58,196.58,7.56444,17.2541,28.3646,53.4824,115.117,163.306,160.404,157.479,155.09,152.348,149.064,144.726,125.325,99.6649,72.0458,46.4215,29.2657,19.4588,9.36707
9.395,0.0006,1.0000,0.0000,6,218.58,-0.04,-1.71,0.1256,0.0244,13645.9,0.0,200.59,200.57,196.90,196.90,7.60707,17.3481,28.5135,53.74,115.55,162.047,159.16,156.254,153.882,151.164,147.917,143.653,124.978,99.3553,71.796,46.2449,29.1476,19.3777,9.32658
9.413,0.0005,1.0000,0.0000,6,218.97,-0.04,-1.75,0.1207,0.0243,13664.7,0.0,200.95,200.93,197.17,197.17,7.6496,17.4418,28.6617,53.9955,115.974,160.787,157.915,155.026,152.673,149.979,146.768,142.577,124.636,99.049,71.5479,46.069,29.03,19.2968,9.28619
9.433,0.0005,1.0000,0.0000,6,219.35,-0.04,-1.78,0.1157,0.0242,13684.4,0.0,201.30,201.28,197.45,197.45,7.69201,17.5351,28.8092,54.2491,116.393,159.524,156.667,153.797,151.461,148.791,145.617,141.498,124.297,98.7444,71.3008,45.8938,28.9127,19.2161,9.24589
9.451,0.0004,1.0000,0.0000,6,219.73,-0.04,-1.83,0.1107,0.0242,13704.6,0.0,201.64,201.62,197.74,197.74,7.73469,17.6303,28.9622,54.5225,116.903,158.252,155.409,152.556,150.237,147.589,144.448,140.393,123.872,98.3858,71.0257,45.707,28.7909,19.1336,9.20529
9.476,0.0004,1.0000,0.0000,6,220.11,-0.04,-1.87,0.1058,0.0241,13725.9,0.0,201.98,201.97,198.05,198.05,7.77769,17.7279,29.1219,54.8202,117.527,156.969,154.139,151.302,148.998,146.371,143.259,139.26,123.344,97.9627,70.7171,45.5065,28.6638,19.0488,9.16433
9.495,0.0003,1.0000,0.0000,6,220.47,-0.03,-1.95,0.1008,0.0242,13763.7,0.0,202.32,202.32,198.58,198.58,7.82076,17.8263,29.2837,55.126,118.189,155.681,152.863,150.041,147.752,145.145,142.063,138.117,122.782,97.5179,70.3973,45.3016,28.535,18.9634,9.12329
9.513,0.0003,1.0000,0.0000,6,220.84,-0.02,-2.05,0.0959,0.0242,13787.1,0.0,202.66,202.66,198.94,198.94,7.86393,17.925,29.4463,55.4343,118.86,154.389,151.584,148.778,146.504,143.916,140.863,136.969,122.211,97.0676,70.0745,45.0952,28.4056,18.8776,9.08215
9.531,0.0003,1.0000,0.0000,6,221.22,-0.01,-2.10,0.0909,0.0242,13804.2,0.0,203.01,203.01,199.18,199.18,7.90717,18.0238,29.6093,55.7435,119.535,153.095,150.303,147.512,145.253,142.685,139.661,135.818,121.639,96.6158,69.7508,44.8883,28.276,18.7917,9.04095
9.551,0.0002,1.0000,0.0000,6,221.60,-0.01,-2.13,0.0860,0.0242,13822.9,0.0,203.36,203.36,199.45,199.45,7.95044,18.1227,29.7722,56.0521,120.207,151.799,149.02,146.245,144.0,141.453,138.457,134.666,121.069,96.1659,69.428,44.6818,28.1464,18.7057,8.99972
9.576,0.0002,1.0000,0.0000,6,221.98,-0.01,-2.16,0.0810,0.0242,13841.9,0.0,203.70,203.70,199.72,199.72,7.9937,18.2216,29.9349,56.3599,120.875,150.501,147.735,144.976,142.746,140.219,137.252,133.512,120.503,95.7183,69.1064,44.4757,28.017,18.6199,8.95849
9.595,0.0002,1.0000,0.0000,6,222.35,-0.00,-2.16,0.0760,0.0242,13861.7,0.0,204.05,204.05,200.01,200.01,8.037,18.3204,30.0976,56.6672,121.54,149.2,146.448,143.705,141.49,138.983,136.046,132.357,119.939,95.2723,68.7856,44.2699,27.8876,18.534,8.91724
9.614,0.0002,1.0000,0.0000,6,222.72,-0.00,-2.17,0.0710,0.0242,13885.3,0.0,204.39,204.39,200.34,200.34,8.08041,18.4195,30.2605,56.9746,122.203,147.897,145.158,142.432,140.233,137.746,134.838,131.199,119.378,94.827,68.4648,44.0639,27.758,18.448,8.87587
9.633,0.0002,1.0000,0.0000,6,223.09,-0.00,-2.18,0.0660,0.0242,13908.9,0.0,204.73,204.73,200.69,200.69,8.12385,18.5186,30.4234,57.2817,150.922,146.593,143.867,141.157,138.973,136.507,133.628,130.039,118.818,94.383,68.1446,43.858,27.6284,18.3619,8.83448
9.651,0.0001,1.0000,0.0000,6,223.46,-0.00,-2.18,0.0610,0.0242,13931.0,0.0,205.07,205.07,201.01,201.01,8.16735,18.6178,30.5864,57.5888,149.598,145.285,142.574,139.88,137.712,135.266,132.417,128.878,118.259,93.9391,67.8243,43.6521,27.4987,18.2757,8.79304
9.676,0.0001,1.0000,0.0000,6,223.83,0.00,-2.19,0.0560,0.0242,13952.9,0.0,205.41,205.41,201.32,201.32,8.21091,18.7171,30.7496,57.8963,148.272,143.976,141.278,138.601,136.449,134.023,131.203,127.713,117.7,93.495,67.5039,43.4459,27.3689,18.1894,8.75154
9.694,0.0001,1.0000,0.0000,6,224.19,0.00,-2.18,0.0510,0.0242,13974.5,0.0,205.75,205.75,201.64,201.64,8.25458,18.8166,30.9131,58.2042,146.943,142.663,139.98,137.32,135.183,132.779,129.988,126.547,117.14,93.0504,67.1829,43.2393,27.2388,18.103,8.70993
9.714,0.0001,1.0000,0.0000,6,224.56,0.00,-2.16,0.0460,0.0242,13996.2,0.0,206.09,206.09,201.95,201.95,8.29825,18.9162,31.0767,58.5121,145.612,141.349,138.68,136.036,133.916,131.532,128.77,125.378,116.576,92.6059,66.862,43.0328,27.1087,18.0165,8.66833
9.733,0.0001,1.0000,0.0000,6,224.93,0.00,-2.14,0.0410,0.0242,14015.7,0.0,206.43,206.43,202.23,202.23,8.34198,19.0158,31.2405,58.8205,144.277,140.032,137.377,134.751,132.647,130.284,127.551,124.206,115.901,92.1608,66.5406,42.826,26.9784,17.9299,8.62666
9.751,0.0001,1.0000,0.0000,6,225.29,0.00,-2.12,0.0359,0.0242,14036.6,0.0,206.76,206.76,202.53,202.53,8.38582,19.1158,31.4047,59.1297,142.941,138.713,136.072,133.463,131.375,129.033,126.33,123.032,115.125,91.7145,66.2184,42.6186,26.8477,17.8431,8.58489
9.776,0.0001,1.0000,0.0000,6,225.66,0.00,-2.10,0.0309,0.0242,14059.3,0.0,207.10,207.10,202.86,202.86,8.42976,19.216,31.5692,59.4395,141.601,137.391,134.765,132.173,130.101,127.78,125.106,121.856,114.286,91.2673,65.8954,42.4108,26.7168,17.7561,8.54302
9.795,0.0001,1.0000,0.0000,6,226.02,0.00,-2.09,0.0258,0.0242,14082.6,0.0,207.43,207.43,203.19,203.19,8.47372,19.3161,31.7338,59.7492,140.259,136.066,133.456,130.882,128.826,126.526,123.881,120.677,113.404,90.8204,65.5726,42.2029,26.5859,17.669,8.50114
9.814,0.0001,1.0000,0.0000,6,226.38,0.00,-2.10,0.0207,0.0242,14106.4,0.0,207.76,207.76,203.54,203.54,8.5178,19.4166,31.8988,60.06,138.914,134.74,132.144,129.587,127.548,125.269,122.653,119.496,112.488,90.3719,65.2488,41.9945,26.4545,17.5817,8.45915
9.833,0.0001,1.0000,0.0000,6,226.74,0.00,-2.12,0.0157,0.0242,14129.6,0.0,208.09,208.09,203.87,203.87,8.56199,19.5173,32.0643,60.3715,137.566,133.41,130.83,128.291,126.268,124.01,121.423,118.312,111.545,89.9221,64.9241,41.7855,26.3229,17.4942,8.41705
9.851,0.0000,1.0000,0.0000,6,227.09,0.00,-2.15,0.0106,0.0242,14155.9,0.0,208.42,208.42,204.25,204.25,8.60614,19.618,32.2296,60.6827,136.215,132.079,129.514,126.993,124.986,122.749,120.192,117.126,110.582,89.4731,64.5998,41.5767,26.1913,17.4068,8.37498
9.876,0.0000,1.0000,0.0000,6,227.45,0.00,-2.19,0.0055,0.0242,14177.4,0.0,208.75,208.75,204.56,204.56,8.65042,19.7189,32.3954,60.9947,134.862,130.745,128.195,125.692,123.702,121.487,118.958,115.937,109.6,89.0228,64.2746,41.3674,26.0594,17.3191,8.3328
9.894,0.0000,1.0000,0.0000,6,227.81,0.00,-2.21,0.0004,0.0242,14197.9,0.0,209.08,209.08,204.86,204.86,8.69471,19.8199,32.5613,61.3071,133.507,129.408,126.874,124.389,122.416,120.222,117.723,114.746,108.601,88.5719,63.949,41.1578,25.9275,17.2314,8.29059
9.913,0.0000,1.0000,0.0000,6,228.17,0.00,-2.23,-0.0047,0.0242,14218.6,0.0,209.41,209.41,205.16,205.16,8.73911,19.9211,32.7275,61.6201,132.148,128.069,125.551,123.085,121.128,118.955,116.485,113.553,107.589,88.12,63.6228,40.9479,25.7952,17.1435,8.24829
9.933,0.0000,1.0000,0.0000,6,228.53,0.00,-2.27,-0.0098,0.0242,14239.4,0.0,209.73,209.73,205.46,205.46,8.78359,20.0225,32.8941,61.9338,130.786,126.728,124.226,121.777,119.838,117.687,115.245,112.357,106.564,87.6672,63.2958,40.7374,25.6626,17.0554,8.20591
9.951,0.0000,1.0000,0.0000,6,228.89,0.00,-2.31,-0.0149,0.0242,14260.5,0.0,210.06,210.06,205.76,205.76,8.82812,20.124,33.0609,62.2477,129.422,125.384,122.898,120.468,118.545,116.416,114.004,111.159,105.528,87.214,62.9686,40.5268,25.5299,16.9672,8.16348
9.976,0.0000,1.0000,0.0000,6,229.24,0.00,-2.39,-0.0201,0.0242,14293.6,0.0,210.39,210.39,206.24,206.24,8.87278,20.2257,33.228,62.5622,128.056,124.038,121.568,119.157,117.251,115.143,112.76,109.958,104.482,86.7603,62.6409,40.3158,25.397,16.8788,8.12094
9.994,0.0000,1.0000,0.0000,6,229.59,0.00,-2.45,-0.0252,0.0242,14312.6,0.0,210.71,210.71,206.52,206.52,8.91749,20.3277,33.3954,62.8774,126.686,122.689,120.236,117.843,115.955,113.869,111.514,108.755,103.426,86.3053,62.3123,40.1043,25.2637,16.7903,8.07833
10.014,0.0000,1.0000,0.0000,6,229.95,0.00,-2.49,-0.0304,0.0242,14330.8,0.0,211.04,211.04,206.78,206.78,8.96226,20.4297,33.5631,63.193,125.314,121.338,118.901,116.528,114.656,112.592,110.267,107.55,102.361,85.8496,61.9834,39.8926,25.1304,16.7016,8.03569
10.032,0.0000,1.0000,0.0000,6,230.31,0.00,-2.53,-0.0355,0.0242,14349.6,0.0,211.37,211.37,207.05,207.05,9.00708,20.5319,33.7309,63.509,123.938,119.984,117.564,115.21,113.356,111.313,109.017,106.342,101.289,85.3934,61.654,39.6806,24.9968,16.6129,7.99298
10.051,0.0000,1.0000,0.0000,6,230.67,0.00,-2.59,-0.0407,0.0242,14369.0,0.0,211.69,211.69,207.33,207.33,9.05194,20.6341,33.899,63.8255,122.56,118.628,116.225,113.89,112.054,110.033,107.765,105.132,100.208,84.9364,61.3241,39.4683,24.8631,16.524,7.95024
10.076,0.0000,1.0000,0.0000,6,231.02,0.00,-2.65,-0.0458,0.0242,14389.4,0.0,212.02,212.02,207.62,207.62,9.09685,20.7365,34.0673,64.1425,121.18,117.269,114.883,112.568,110.749,108.75,106.512,103.92,99.1209,84.4787,60.9937,39.2558,24.7293,16.4351,7.90745
10.094,0.0000,1.0000,0.0000,6,231.35,0.00,-2.78,-0.0510,0.0242,14430.7,0.0,212.33,212.33,208.22,208.22,9.14186,20.8391,34.2356,64.4592,119.796,115.908,113.54,111.244,109.443,107.466,105.256,102.706,98.0275,84.0218,60.6636,39.0432,24.5952,16.346,7.86457
10.114,0.0000,1.0000,0.0000,6,231.71,0.00,-2.88,-0.0562,0.0242,14446.0,0.0,212.66,212.66,208.45,208.45,9.18695,20.9419,34.4045,64.7771,118.41,114.545,112.194,109.918,108.134,106.18,103.999,101.489,96.9271,83.5629,60.3322,38.8299,24.4609,16.2567,7.82161
10.131,0.0000,1.0000,0.0000,6,232.07,0.00,-2.93,-0.0614,0.0242,14462.1,0.0,212.99,212.99,208.68,208.68,9.23207,21.0447,34.5735,65.0953,117.021,113.179,110.846,108.59,106.824,104.891,102.739,100.27,95.8208,83.1036,60.0006,38.6165,24.3264,16.1674,7.77862
10.151,0.0000,1.0000,0.0000,6,232.43,0.00,-2.99,-0.0666,0.0242,14479.1,0.0,213.31,213.31,208.92,208.92,9.27735,21.148,34.743,65.4146,115.629,111.81,109.495,107.259,105.511,103.601,101.478,99.0487,94.7082,82.6427,59.6678,38.4023,24.1915,16.0777,7.73547
10.176,0.0000,1.0000,0.0000,6,232.78,0.00,-3.08,-0.0718,0.0242,14497.6,0.0,213.63,213.63,209.19,209.19,9.32259,21.2511,34.9126,65.7339,114.234,110.439,108.142,105.927,104.197,102.309,100.214,97.825,93.5903,82.1815,59.335,38.1882,24.0567,15.9881,7.69237
10.195,0.0000,1.0000,0.0000,6,233.12,0.00,-3.18,-0.0770,0.0242,14529.4,0.0,213.95,213.95,209.59,209.59,9.368,21.3546,35.0826,66.054,112.837,109.066,106.787,104.592,102.88,101.014,98.9483,96.5989,92.467,81.7195,59.0014,37.9735,23.9214,15.8982,7.64911
10.213,0.0000,1.0000,0.0000,6,233.45,0.00,-3.37,-0.0822,0.0242,14565.6,0.0,214.26,214.26,210.17,210.17,9.41333,21.4579,35.2521,66.3725,111.437,107.691,105.43,103.256,101.562,99.7188,97.6816,95.3716,91.3397,81.2601,58.6693,37.7594,23.7864,15.8084,7.60591
10.232,0.0000,1.0000,0.0000,6,233.81,0.00,-3.48,-0.0875,0.0242,14576.8,0.0,214.59,214.59,210.34,210.34,9.45888,21.5617,35.4227,66.6939,110.034,106.312,104.07,101.917,100.241,98.4206,96.412,94.1411,90.2062,80.7961,58.3344,37.5439,23.6507,15.7182,7.56252
10.251,0.0000,1.0000,0.0000,6,234.17,0.00,-3.54,-0.0927,0.0242,14591.2,0.0,214.92,214.92,210.54,210.54,9.50445,21.6656,35.5934,67.0155,108.627,104.931,102.708,100.575,98.9185,97.1205,95.1405,92.9083,89.0678,80.3316,57.9991,37.3282,23.5149,15.628,7.5191
10.276,0.0000,1.0000,0.0000,6,234.52,0.00,-3.64,-0.0979,0.0242,14606.8,0.0,215.23,215.23,210.76,210.76,9.55008,21.7696,35.7644,67.3376,107.218,103.548,101.344,99.2321,97.5938,95.8184,93.867,91.6733,87.9248,79.8665,57.6635,37.1123,23.3789,15.5376,7.47563
10.295,0.0000,1.0000,0.0000,6,234.88,0.00,-3.75,-0.1032,0.0242,14624.4,0.0,215.55,215.55,211.02,211.02,9.5958,21.8739,35.9357,67.6604,105.806,102.162,99.9769,97.8867,96.267,94.5142,92.5915,90.436,86.7773,79.4004,57.3272,36.8959,23.2426,15.4471,7.43207
10.314,0.0000,1.0000,0.0000,6,235.19,0.00,-3.93,-0.1085,0.0242,14676.6,0.0,215.87,215.87,211.74,211.74,9.64158,21.9782,36.107,67.9824,104.392,100.774,98.6082,96.5394,94.9386,93.2086,91.3145,89.1969,85.6259,78.8431,56.9914,36.6796,23.1063,15.3564,7.38845
10.333,0.0000,1.0000,0.0000,6,235.54,0.00,-4.14,-0.1137,0.0242,14696.9,0.0,216.17,216.17,212.07,212.07,9.68745,22.0827,36.2786,68.3052,102.974,99.383,97.2373,95.1901,93.6082,91.901,90.0355,87.9556,84.4703,78.1441,56.6548,36.4629,22.9697,15.2656,7.34475
10.351,0.0000,1.0000,0.0000,6,235.90,0.00,-4.25,-0.1190,0.0242,14705.4,0.0,216.50,216.50,212.19,212.19,9.73337,22.1874,36.4506,68.6293,101.554,97.9896,95.8638,93.8385,92.2755,90.5913,88.7542,86.7118,83.31,77.3601,56.3171,36.2456,22.8328,15.1747,7.301
10.376,0.0000,1.0000,0.0000,6,236.25,0.00,-4.33,-0.1243,0.0242,14718.1,0.0,216.83,216.83,212.37,212.37,9.77933,22.2922,36.6228,68.9537,100.13,96.5937,94.488,92.4847,90.9408,89.2796,87.471,85.4658,82.1457,76.5188,55.979,36.0281,22.6958,15.0837,7.25721
10.394,0.0000,1.0000,0.0000,6,236.61,0.00,-4.47,-0.1296,0.0242,14732.8,0.0,217.13,217.13,212.58,212.58,9.82539,22.3972,36.7955,69.279,98.7037,95.1951,93.1098,91.1286,89.604,87.9658,86.1857,84.2174,80.9772,75.6341,55.64,35.81,22.5585,14.9924,7.21333
10.414,0.0000,0.5500,0.0000,6,236.96,0.00,-4.59,-0.1349,0.0242,14750.0,0.0,217.46,217.46,212.83,212.83,9.87149,22.5024,36.9683,69.6049,97.2741,93.794,91.7292,89.7705,88.2651,86.65,84.8984,82.9668,79.8048,74.7157,55.3006,35.5918,22.4211,14.9011,7.16941
10.433,0.0000,0.3025,0.0000,6,237.04,0.00,-4.88,-0.1402,0.0242,14633.8,0.0,217.70,217.70,211.18,211.18,9.91759,22.6073,37.1405,69.928,95.8427,92.3915,90.3477,88.4115,86.9256,85.3338,83.6107,81.7155,78.6304,73.7723,54.9633,35.3743,22.2839,14.8099,7.12547
10.452,0.0000,0.1664,0.0000,6,236.89,0.00,-5.09,-0.1455,0.0242,14530.4,0.0,217.69,217.69,209.69,209.69,9.96373,22.7124,37.313,70.7896,94.4105,90.9887,88.9659,87.0524,85.586,84.0174,82.3228,80.4637,77.4536,72.8063,54.6249,35.1563,22.1466,14.7185,7.08151
10.476,0.0000,0.0915,0.0000,6,236.58,0.00,-5.19,-0.1508,0.0242,14463.7,0.0,217.48,217.48,208.73,208.73,10.0098,22.8175,37.4856,98.7172,92.9788,89.5867,87.585,85.6945,84.2477,82.7023,81.0359,79.2127,76.2759,71.8225,54.2864,34.9384,22.0092,14.6273,7.03759
10.495,0.0000,0.0503,0.0000,6,236.19,-0.00,-5.26,-0.1561,0.0242,14415.6,0.0,217.16,217.16,208.10,207.97,10.0557,22.9214,37.6551,97.2542,91.55,88.1882,86.2081,84.3407,82.9136,81.3917,79.7537,77.9662,75.1017,70.8297,53.9563,34.724,21.8734,14.5367,6.99382
10.514,0.0000,0.0277,0.0000,6,235.76,-0.01,-5.34,-0.1614,0.0241,14375.9,0.0,216.79,216.78,207.58,207.35,10.101,23.0218,37.8152,95.7965,90.1282,86.7977,84.8398,82.9962,81.5894,80.0914,78.4822,76.7309,73.9389,69.8404,53.6521,34.5205,21.742,14.4481,6.9505
10.533,0.0000,0.0152,0.0000,6,235.30,-0.03,-5.41,-0.1666,0.0240,14339.2,0.0,216.38,216.35,207.09,206.80,10.1456,23.1186,37.966,94.3438,88.7132,85.4149,83.4797,81.6604,80.2743,78.8006,77.2207,75.506,72.7861,68.8533,53.3727,34.3276,21.6148,14.3614,6.9076
10.551,0.0000,0.0084,0.0000,6,234.83,-0.05,-5.56,-0.1719,0.0239,14305.5,0.0,215.95,215.92,206.62,206.28,10.1899,23.2132,38.1104,92.895,87.3032,84.038,82.126,80.3313,78.9661,77.5169,75.9665,74.2882,71.6396,67.8638,53.1102,34.1415,21.4904,14.2759,6.86488
10.576,0.0000,0.0046,0.0000,6,234.35,-0.07,-5.62,-0.1771,0.0237,14275.7,0.0,215.51,215.48,206.19,205.85,10.2336,23.3052,38.2485,91.4495,85.8979,82.6664,80.7778,79.0081,77.6639,76.2394,74.7184,73.0766,70.4982,66.871,52.8628,33.9622,21.3689,14.1918,6.82263
10.595,0.0000,0.0025,0.0000,6,233.88,-0.08,-5.64,-0.1823,0.0236,14246.6,0.0,215.07,215.03,205.77,205.43,10.277,23.396,38.3837,90.006,84.4954,81.2979,79.433,77.6883,76.3653,74.9654,73.4737,71.8678,69.3578,65.8704,52.6212,33.7855,21.2486,14.1085,6.78061
10.614,0.0000,0.0014,0.0000,6,233.40,-0.09,-5.65,-0.1875,0.0234,14217.6,0.0,214.64,214.60,205.35,205.01,10.3201,23.4861,38.5178,88.5635,83.0945,79.9314,78.0902,76.3706,75.0686,73.6933,72.2306,70.6601,68.2168,64.8606,52.3807,33.6098,21.1291,14.0256,6.73886
10.631,0.0000,0.0008,0.5000,6,232.92,-0.10,-5.65,-0.1926,0.0232,14188.4,0.0,214.20,214.16,204.93,204.59,10.3629,23.5756,38.6512,87.1216,81.6949,78.5664,76.7491,75.0545,73.7736,72.4225,70.9885,69.4528,67.0743,63.8419,52.1392,33.4342,21.01,13.9432,6.69742
10.651,0.0000,0.0004,0.7500,6,231.65,-0.11,-5.67,-0.1976,0.0231,13935.3,0.0,204.52,204.48,201.36,200.99,10.4053,23.6646,38.7846,85.6819,80.2981,77.2043,75.4109,73.7414,72.4812,71.1544,69.7487,68.2471,65.9315,62.8158,51.8954,33.2584,20.8914,13.8613,6.65632
10.676,0.0000,0.0002,0.8750,6,229.51,-0.11,-5.68,-0.2027,0.0229,13696.8,0.0,195.44,195.39,197.97,197.57,10.4473,23.7531,38.9176,84.2508,78.9102,75.8512,74.0815,72.4369,71.1974,69.8943,68.5166,67.0484,64.7937,61.7879,51.6501,33.0828,20.7733,13.7799,6.61563
10.695,0.0000,0.0001,0.9375,6,226.92,-0.11,-5.65,-0.2076,0.0228,13468.5,0.0,186.93,186.87,194.71,194.27,10.4888,23.8406,39.0497,82.8319,77.5348,74.5105,72.7645,71.1445,69.9255,68.6459,67.2955,65.8599,63.6641,60.7617,51.404,32.908,20.6563,13.6996,6.5755
10.714,0.0000,0.0001,0.9687,6,224.10,-0.12,-5.60,-0.2124,0.0227,13249.2,0.0,179.03,178.93,191.57,191.09,10.5295,23.9271,39.1809,81.4274,76.1739,73.1843,71.4618,69.8662,68.6673,67.4109,66.0873,64.6835,62.5445,59.7399,51.1575,32.7343,20.5406,13.6202,6.536
10.732,0.0000,0.0000,0.9844,6,221.17,-0.12,-5.54,-0.2172,0.0226,13039.4,0.0,171.12,171.01,188.55,188.05,10.5698,24.0127,39.3113,80.0382,74.8286,71.8734,70.1742,68.6027,67.4238,66.1901,64.8928,63.5199,61.4358,58.7237,50.9104,32.5614,20.4259,13.5418,6.49706
10.751,0.0000,0.0000,0.9922,6,218.16,-0.12,-5.45,-0.2219,0.0225,12837.8,0.0,163.82,163.69,185.65,185.13,10.6092,24.097,39.4401,78.6653,73.4997,70.5789,68.9028,67.3552,66.196,64.9846,63.7131,62.3705,60.3395,57.7151,50.5609,32.3906,20.313,13.4647,6.45886
10.775,0.0000,0.0000,0.9961,6,215.14,-0.12,-5.39,-0.2265,0.0224,12615.9,0.0,156.74,156.60,182.47,181.91,10.6482,24.1804,39.5681,77.3085,72.1871,69.3006,67.6474,66.1235,64.9836,63.7943,62.548,61.2349,59.2552,56.7141,50.0702,32.2206,20.2011,13.3885,6.42119
10.795,0.0000,0.0000,0.9980,6,212.10,-0.12,-5.32,-0.2310,0.0223,12425.1,0.0,149.51,149.36,179.71,179.14,10.6863,24.2621,39.6935,75.9689,70.892,68.0396,66.4093,64.9088,63.7881,62.6204,61.399,60.1146,58.1848,55.723,49.5002,32.0538,20.0914,13.3138,6.38425
10.814,0.0000,0.0000,0.9990,6,209.07,-0.12,-5.23,-0.2355,0.0222,12243.8,0.0,141.97,141.81,177.09,176.53,10.7238,24.3426,39.8172,74.6461,69.6139,66.7955,65.1879,63.7106,62.6088,61.4624,60.2653,59.0091,57.1275,54.7416,48.8776,31.889,19.9832,13.2402,6.34796
10.833,0.0000,0.0000,0.9995,6,206.07,-0.12,-5.12,-0.2398,0.0221,12063.4,0.0,133.98,133.79,174.48,173.93,10.7607,24.4221,39.9402,73.3397,68.3522,65.5678,63.9827,62.5283,61.4451,60.3198,59.1465,57.9177,56.083,53.7693,48.2181,31.7254,19.8763,13.1677,6.31229
10.851,0.0000,0.0000,0.9997,6,203.16,-0.11,-5.05,-0.2441,0.0220,11882.9,0.0,124.91,124.70,171.87,171.33,10.7971,24.5011,40.0634,72.0489,67.1063,64.3556,62.7927,61.361,60.2962,59.1915,58.0416,56.8396,55.0501,52.8055,47.5313,31.5617,19.7701,13.0959,6.2771
10.876,0.0000,0.0000,0.9999,6,200.30,-0.11,-4.98,-0.2483,0.0220,11701.4,0.0,115.17,114.94,169.25,168.72,10.8328,24.5791,40.1856,70.7739,65.8763,63.1592,61.6185,60.2092,59.1626,58.0782,56.9512,55.7754,54.0299,51.8515,46.8262,31.3996,19.6654,13.0254,6.24263
10.895,0.0000,0.0000,0.9999,6,197.50,-0.10,-4.96,-0.2525,0.0219,11498.7,0.0,104.93,104.68,166.35,165.79,10.8682,24.6566,40.3081,69.514,64.6616,61.9779,60.4592,59.0721,58.0434,56.979,55.8745,54.7243,53.0215,50.9065,46.107,31.2377,19.5614,12.9555,6.20857
10.914,0.0000,0.0000,1.0000,6,194.73,-0.10,-4.96,-0.2565,0.0219,11311.5,0.0,94.29,94.03,163.65,163.06,10.9028,24.7326,40.428,68.2701,63.4632,60.8129,59.316,57.9509,56.94,55.8953,54.8129,53.6878,52.0266,49.9727,45.3805,31.079,19.4595,12.887,6.17523
10.932,0.0000,0.0000,1.0000,6,191.96,-0.09,-4.93,-0.2605,0.0218,11137.7,0.0,83.43,83.16,161.14,160.54,10.937,24.8077,40.5847,67.0417,62.2805,59.6635,58.1883,56.8451,55.8516,54.8264,53.7658,52.6652,51.0446,49.0494,44.6484,30.9219,19.3586,12.8192,6.14222
10.951,0.0000,0.0000,1.0000,6,189.21,-0.09,-4.89,-0.2644,0.0218,10966.9,0.0,72.49,72.22,158.67,158.08,10.9703,24.8806,41.1703,65.8298,61.1145,58.5309,57.0773,55.7557,54.7797,53.7737,52.7345,51.658,50.0768,48.1385,43.9152,30.7692,19.2604,12.7533,6.11005
10.976,0.0000,0.0000,1.0000,6,186.48,-0.09,-4.85,-0.2683,0.0217,10795.4,0.0,61.31,61.02,156.20,155.60,11.0032,24.9527,71.4138,64.6334,59.9642,57.4138,55.9817,54.6816,53.7227,52.7356,51.7175,50.6646,49.1219,47.2383,43.1807,30.6185,19.1635,12.6881,6.07829
10.995,0.0000,0.0000,1.0000,6,183.78,-0.08,-4.81,-0.2721,0.0217,10623.1,0.0,49.87,49.56,153.72,153.12,11.0356,25.0235,70.1961,63.4525,58.8296,56.3123,54.9016,53.6228,52.6808,51.7124,50.715,49.6852,48.18,46.3493,42.4466,30.4701,19.0681,12.6239,6.04703
11.014,0.0000,0.0000,1.0000,6,181.09,-0.08,-4.76,-0.2758,0.0216,10449.9,0.0,38.49,38.17,151.22,150.62,11.0674,25.093,68.993,62.2871,57.7108,55.2265,53.837,52.5793,51.6541,50.7042,49.7271,48.7199,47.2514,45.4717,41.7145,30.3243,18.9744,12.5609,6.01632
11.032,0.0000,0.0000,1.0000,6,178.42,-0.08,-4.73,-0.2795,0.0216,10252.2,0.0,27.23,26.90,148.40,147.76,11.0986,25.1613,67.8046,61.1372,56.6075,54.1562,52.7878,51.551,50.6423,49.7106,48.7535,47.7685,46.3356,44.6053,40.9851,30.1809,18.8822,12.499,5.98617
11.051,0.0000,0.0000,1.0000,6,175.75,-0.08,-4.70,-0.2831,0.0215,10069.7,0.0,16.06,15.73,145.76,145.10,11.1291,25.2279,66.6312,60.003,55.5202,53.1018,51.7543,50.5382,49.646,48.7321,47.7948,46.8316,45.4334,43.7509,40.2601,30.0409,18.7922,12.4385,5.95669
11.076,0.0000,0.0000,1.0000,6,173.07,-0.08,-4.64,-0.2866,0.0215,9898.89,0.0,4.98,4.65,143.30,142.62,11.1592,25.2936,65.4723,58.8842,54.4484,52.0627,50.7361,49.5404,48.6644,47.7682,46.8502,45.9083,44.544,42.9077,39.5393,29.9028,18.7034,12.3788,5.92756
11.094,0.0000,0.0000,1.0000,6,170.39,-0.08,-4.57,-0.2901,0.0214,9730.95,0.0,0.00,0.00,140.89,140.19,11.189,25.3584,64.3279,57.7806,53.3919,51.0388,49.7328,48.5575,47.6974,46.8186,45.9196,44.9986,43.6673,42.0757,38.8232,29.7663,18.6156,12.3197,5.89877
11.114,0.0000,0.0000,1.0000,6,167.73,-0.07,-4.49,-0.2935,0.0214,9562.81,0.0,0.00,0.00,138.46,137.76,11.2181,25.4219,63.1986,56.6927,52.3512,50.0306,48.7451,47.5899,46.7456,45.8839,45.0036,44.103,42.8039,41.2556,38.1133,29.6326,18.5296,12.2619,5.8706
11.131,0.0000,0.0000,1.0000,6,165.12,-0.07,-4.42,-0.2969,0.0213,9393.51,0.0,0.00,0.00,136.02,135.32,11.2466,25.4842,62.0839,55.6202,51.3261,49.0378,47.7726,46.6373,45.8085,44.9637,44.1018,43.2212,41.9536,40.4471,37.4097,29.5014,18.4453,12.2053,5.84302
11.151,0.0000,0.0000,1.0000,6,162.54,-0.07,-4.36,-0.3002,0.0213,9223.28,0.0,0.00,0.00,133.57,132.86,11.2747,25.5455,60.9835,54.5627,50.3159,48.0598,46.8148,45.6992,44.8858,44.0576,43.2137,42.3527,41.1158,39.6499,36.7124,29.3398,18.3622,12.1495,5.81589
11.176,0.0000,0.0000,1.0000,6,159.99,-0.07,-4.30,-0.3034,0.0212,9050.25,0.0,0.00,0.00,131.09,130.37,11.3023,25.6059,59.8972,53.5199,49.3206,47.0965,45.8715,44.7754,43.9771,43.1654,42.3391,41.4974,40.2903,38.8638,36.0216,29.1016,18.2804,12.0946,5.78919
11.195,0.0000,0.0000,1.0000,6,157.50,-0.07,-4.28,-0.3066,0.0212,8852.54,0.0,0.00,0.00,128.25,127.50,11.3295,25.6655,58.8246,52.4916,48.3397,46.1475,44.9424,43.8655,43.0822,42.2866,41.4777,40.6549,39.4769,38.0885,35.3374,28.809,18.1997,12.0405,5.76296
11.214,0.0000,0.0000,1.0000,6,155.01,-0.07,-4.23,-0.3097,0.0212,8674.21,0.0,0.00,0.00,125.68,124.91,11.3562,25.7242,57.766,51.4777,47.3734,45.213,44.0276,42.9697,42.2012,41.4215,40.6297,39.8253,38.6758,37.3245,34.6605,28.4777,18.1203,11.9874,5.73717
11.231,0.0000,0.0000,1.0000,6,152.53,-0.06,-4.18,-0.3128,0.0211,8505.31,0.0,0.00,0.00,123.24,122.46,11.3824,25.7819,56.7212,50.4784,46.4217,44.2928,43.1269,42.0879,41.334,40.5699,39.795,39.0086,37.8869,36.5715,33.9911,28.1175,18.0422,11.9351,5.71184
11.251,0.0000,0.0000,1.0000,6,150.06,-0.06,-4.12,-0.3158,0.0211,8339.67,0.0,0.00,0.00,120.86,120.06,11.4082,25.8549,55.6902,49.4934,45.4843,43.3869,42.2404,41.22,40.4805,39.7318,38.9734,38.2047,37.1101,35.8296,33.3293,27.7354,17.9652,11.8837,5.68694
11.276,0.0000,0.0000,1.0000,6,147.61,-0.06,-4.06,-0.3188,0.0211,8174.37,0.0,0.00,0.00,118.48,117.67,11.4336,26.0347,54.6731,48.5228,44.5613,42.4952,41.3679,40.3659,39.6406,38.9071,38.1649,37.4135,36.3454,35.0988,32.6754,27.3366,17.8894,11.8331,5.66247
11.295,0.0000,0.0000,1.0000,6,145.20,-0.06,-4.00,-0.3217,0.0211,8007.55,0.0,0.00,0.00,116.08,115.26,11.4585,26.3827,53.6695,47.5663,43.6525,41.6175,40.5092,39.5254,38.8142,38.0955,37.3692,36.6349,35.5926,34.3789,32.0294,26.9251,17.8148,11.7833,5.63844
11.314,0.0000,0.0000,1.0000,6,142.81,-0.05,-3.95,-0.3245,0.0210,7838.74,0.0,0.00,0.00,113.64,112.83,11.483,27.0191,52.6795,46.6239,42.7578,40.7537,39.6642,38.6985,38.0011,37.2971,36.5865,35.8688,34.8518,33.67,31.3916,26.504,17.7413,11.7344,5.61485
11.333,0.0000,0.0000,1.0000,6,140.45,-0.05,-3.89,-0.3273,0.0210,7667.43,0.0,0.00,0.00,111.18,110.36,11.5071,28.4243,51.703,45.6956,41.8771,39.9037,38.833,37.885,37.2012,36.5117,35.8164,35.1151,34.1227,32.972,30.7621,26.0758,17.669,11.6862,5.59163
11.351,0.0000,0.0000,1.0000,5,138.11,-0.05,-3.84,-0.3301,0.0210,7483.74,0.0,0.00,0.00,108.56,107.71,11.5308,58.3986,50.7397,44.7809,41.01,39.0672,38.015,37.0846,36.4142,35.739,35.0587,34.3734,33.4051,32.2846,30.1406,25.6422,17.5975,11.6387,5.56876
11.375,0.0309,0.0000,1.0000,5,135.81,-0.05,-3.80,-0.3328,0.0210,8126.88,0.0,0.00,0.00,105.84,105.10,11.5542,57.4265,49.7895,43.8798,40.1565,38.2441,37.2102,36.2972,35.6401,34.9789,34.3135,33.6438,32.699,31.6079,29.5275,25.2051,17.5271,11.592,5.54631
11.394,0.1233,0.0000,0.5000,5,133.51,-0.04,-3.76,-0.3354,0.0210,8112.36,0.0,0.00,0.00,103.28,102.63,11.5772,56.4659,48.852,42.9918,39.3161,37.4339,36.4181,35.5223,34.8783,34.2308,33.58,32.9256,32.0038,30.9413,28.9222,24.7652,17.4573,11.5458,5.52421
11.414,0.2049,0.0000,0.2500,5,131.26,-0.04,-3.70,-0.3381,0.0210,8074.46,0.0,2.69,2.69,106.97,106.35,11.6002,55.5162,47.9264,42.1161,38.4879,36.6357,35.6379,34.759,34.1279,33.494,32.8574,32.2181,31.3187,30.2839,28.3241,24.3229,17.3871,11.4997,5.50235
11.433,0.2659,0.0000,0.1250,5,129.24,-0.03,-3.63,-0.3406,0.0210,8402.08,0.0,13.69,13.69,111.26,110.84,11.6222,54.58,47.0157,41.2559,37.6753,35.8528,34.8729,34.0107,33.3923,32.7718,32.1493,31.5248,30.6473,29.6396,27.737,23.8833,17.3208,11.4556,5.48112
11.451,0.3068,0.0000,0.0625,5,127.68,-0.02,-3.56,-0.3431,0.0208,8452.88,0.0,28.34,28.32,111.95,111.75,11.6417,53.6629,46.1261,40.418,36.8853,35.0927,34.1305,33.2851,32.6793,32.072,31.4634,30.8534,29.9974,29.0163,27.1693,23.4557,17.2611,11.418,5.46124
11.475,0.3375,0.0000,0.0312,5,126.38,-0.01,-3.51,-0.3456,0.0203,8402.66,0.0,43.90,43.84,111.32,111.08,11.6568,52.7703,45.2637,39.6086,36.1244,34.3618,33.4173,32.5885,31.9953,31.4011,30.8062,30.2105,29.3758,28.4207,26.6277,23.0476,17.1844,11.391,5.44347
11.495,0.3605,0.0000,0.0156,5,125.22,-0.01,-3.47,-0.3479,0.0193,8339.28,0.0,59.07,58.95,110.54,110.18,11.6643,51.9142,44.4409,38.8408,35.4056,33.673,32.7463,31.9341,31.3533,30.7721,30.1907,29.6092,28.7953,27.8655,26.1249,22.6717,17.1052,11.3826,5.42953
11.514,0.3774,0.0000,0.0078,5,124.16,-0.02,-3.46,-0.3501,0.0174,8274.17,0.0,73.50,73.26,109.77,109.22,11.6605,51.1109,43.6749,38.1316,34.7461,33.0436,32.1345,31.3387,30.7701,30.2018,29.6336,29.066,28.2723,27.3671,25.677,22.3436,17.0423,11.403,5.42132
11.531,0.3902,0.0000,0.0039,5,123.18,-0.03,-3.45,-0.3519,0.0143,8211.03,0.0,86.93,86.47,109.08,108.23,11.6388,50.3867,42.993,37.5086,34.173,32.5003,31.6085,30.8288,30.2723,29.7164,29.1612,28.6069,27.8327,26.9512,25.309,22.087,17.0205,11.4692,5.42222
11.551,0.3997,0.0000,0.0020,5,122.30,-0.05,-3.46,-0.3534,0.0091,8152.17,0.0,98.60,97.70,108.54,107.20,11.5892,49.7869,42.4419,37.0186,33.7327,32.0892,31.2142,30.45,29.905,29.361,28.8181,28.2765,27.5207,26.6612,25.0636,21.9425,17.0782,11.6117,5.43781
11.576,0.4069,0.0000,0.0010,5,121.64,-0.12,-3.49,-0.3541,0.0006,8103.11,0.0,106.68,104.99,108.26,106.16,11.4966,49.3799,42.0922,36.7321,33.495,31.8794,31.0201,30.2704,29.7362,29.2032,28.6717,28.1416,27.4026,26.5629,25.0049,21.9708,17.271,11.8831,5.47757
11.595,0.4123,0.0000,0.0005,5,121.21,-0.39,-3.51,-0.3538,-0.0118,8069.18,0.0,110.43,107.84,108.26,105.25,11.3543,49.1995,41.9774,36.6817,33.4912,31.9015,31.0568,30.32,29.7954,29.2724,28.7508,28.2311,27.5067,26.684,25.1595,22.1968,17.6225,12.3314,5.5491
11.614,0.4163,0.0000,0.0002,5,120.91,-0.91,-3.52,-0.3523,-0.0274,8046.42,0.0,111.79,108.42,108.34,104.56,11.1724,49.2054,42.0542,36.8217,33.6749,32.109,31.2773,30.5522,30.0359,29.5214,29.0086,28.4977,27.786,26.9779,25.481,22.5761,18.0954,12.8955,5.65307
11.633,0.4193,0.0000,0.0001,5,120.65,-1.59,-3.53,-0.3496,-0.0454,8027.48,0.0,112.21,108.27,108.35,104.04,10.965,49.3352,42.2567,37.0853,33.9792,32.4346,31.6147,30.9,30.3913,29.8842,29.3789,28.8757,28.1747,27.3793,25.9059,23.0479,18.6385,13.496,5.7879
11.651,0.4216,0.0000,0.0001,5,120.38,-2.37,-3.53,-0.3454,-0.0648,8009.33,0.0,112.25,107.92,108.29,103.62,10.743,49.5378,42.5317,37.4188,34.3507,32.8255,32.0161,31.3109,30.8089,30.3086,29.8101,29.3135,28.622,27.8373,26.3845,23.5656,19.2127,14.1078,5.95241
11.676,0.4233,0.0000,0.0000,5,120.11,-3.18,-3.52,-0.3398,-0.0850,7990.77,0.0,112.12,107.53,108.15,103.27,10.5138,49.7782,42.8428,37.7859,34.753,33.2459,32.4462,31.7493,31.2535,30.7594,30.2671,29.7766,29.0936,28.3185,26.8835,24.0989,19.793,14.7142,6.1461
11.695,0.4245,0.0000,0.0000,5,119.82,-3.99,-3.52,-0.3327,-0.1056,7971.41,0.0,111.88,107.14,107.95,102.96,10.2814,50.034,43.1671,38.1633,35.1635,33.6734,32.8827,32.1937,31.7034,31.2148,30.728,30.2433,29.5681,28.8019,27.3829,24.6291,20.3641,15.3058,6.36954
11.714,0.4255,0.0000,0.0000,5,119.52,-4.79,-3.51,-0.3240,-0.1264,7951.2,0.0,111.57,106.75,107.71,102.67,10.0481,50.2907,43.4896,38.5361,35.5678,34.0933,33.3112,32.6296,32.1445,31.6611,31.1795,30.6998,30.0318,29.2739,27.8699,25.1439,20.9159,15.876,6.62375
11.733,0.4262,0.0000,0.0000,5,119.20,-5.56,-3.51,-0.3139,-0.1473,7930.1,0.0,111.23,106.36,107.45,102.37,9.81434,50.5445,43.8066,38.9014,35.9627,34.503,33.7286,33.054,32.5739,32.0955,31.6188,31.1439,30.4825,29.732,28.3422,25.6418,21.4477,16.4246,6.91127
11.751,0.4268,0.0000,0.0000,5,118.86,-6.31,-3.50,-0.3021,-0.1683,7908.1,0.0,110.87,105.96,107.17,102.07,9.57979,50.7965,44.1194,39.2603,36.3495,34.9041,34.1371,33.4689,32.9934,32.5195,32.0475,31.5772,30.9222,30.1787,28.8016,26.1254,21.9624,16.9545,7.23569
11.776,0.4272,0.0000,0.0000,5,118.52,-7.05,-3.49,-0.2888,-0.1894,7885.12,0.0,110.49,105.55,106.88,101.75,9.34408,51.0484,44.4301,39.6149,36.7309,35.2988,34.539,33.8768,33.4056,32.936,32.4681,32.0021,31.3531,30.6164,29.2512,26.5974,22.4632,17.469,7.59165
11.794,0.4275,0.0000,0.0000,5,118.15,-7.80,-3.49,-0.2739,-0.2107,7861.23,0.0,110.11,105.13,106.59,101.41,9.10659,51.3061,44.7447,39.9714,37.1129,35.6931,34.94,34.2837,33.8167,33.3511,32.8873,32.4252,31.7815,31.051,29.6972,27.0637,22.9554,17.973,7.94622
11.814,0.4277,0.0000,0.0000,5,117.77,-8.54,-3.48,-0.2575,-0.2321,7836.56,0.0,109.72,104.70,106.28,101.07,8.87018,19.6005,45.0584,40.3257,37.4913,36.0834,35.3365,34.6856,34.2225,33.7608,33.3007,32.8424,32.2039,31.4791,30.1358,27.5213,23.437,18.4647,8.29548
11.833,0.4279,0.0000,0.0000,5,117.37,-9.25,-3.46,-0.2394,-0.2536,7811.07,0.0,109.31,104.26,105.95,100.72,8.63872,17.8984,45.3651,40.6712,37.8598,36.4635,35.7225,35.0768,34.6172,34.1591,33.7027,33.248,32.6145,31.8951,30.5616,27.9654,23.9037,18.9412,8.63824
11.851,0.4280,0.0000,0.0000,5,116.97,-9.94,-3.44,-0.2198,-0.2750,7784.81,0.0,108.87,103.82,105.60,100.38,8.41249,16.7152,45.6602,41.0034,38.2142,36.8287,36.0936,35.4528,34.9967,34.5421,34.089,33.6377,33.0089,32.2949,30.9709,28.392,24.3522,19.4002,8.97353
11.876,0.4281,0.0000,0.0000,5,116.55,-10.58,-3.41,-0.1986,-0.2962,7757.87,0.0,108.41,103.39,105.23,100.04,8.19176,15.7677,45.9399,41.3189,38.551,37.1759,36.4462,35.8103,35.3576,34.9063,34.4566,34.0085,33.3841,32.6752,31.3606,28.7981,24.7798,19.8393,9.30053
11.895,0.4282,0.0000,0.0000,5,116.12,-11.19,-3.39,-0.1759,-0.3172,7730.35,0.0,107.94,102.95,104.85,99.70,7.97642,14.9653,46.2019,41.6153,38.8679,37.5029,36.7784,36.147,35.6976,35.2497,34.8032,34.3583,33.7383,33.0342,31.7284,29.1824,25.1854,20.2574,9.61879
11.914,0.4282,0.0000,0.0000,5,115.69,-11.75,-3.35,-0.1515,-0.3379,7702.34,0.0,107.46,102.51,104.45,99.35,7.7663,14.2629,46.4466,41.8931,39.1653,37.8103,37.091,36.464,36.0177,35.5728,35.1294,34.6877,34.072,33.3727,32.0755,29.5457,25.5699,20.6556,9.92813
11.933,0.4282,0.0000,0.0000,5,115.25,-12.28,-3.33,-0.1257,-0.3584,7673.92,0.0,106.97,102.08,104.05,99.00,7.56142,13.6368,46.6724,42.1505,39.4419,38.0962,37.382,36.7594,36.3161,35.8743,35.4339,34.995,34.3835,33.689,32.4003,29.8862,25.9316,21.0326,10.2278
11.951,0.4283,0.0000,0.0000,5,114.81,-12.76,-3.31,-0.0983,-0.3752,7645.26,0.0,106.47,101.66,103.63,98.67,7.36218,13.0756,46.8723,42.3808,39.6908,38.3541,37.6447,37.0264,36.5862,36.1474,35.7099,35.274,34.6665,33.9765,32.6964,30.1978,26.2652,21.3837,10.5156
11.976,0.4283,0.0000,0.0000,5,114.37,-13.19,-3.31,-0.0707,-0.3761,7616.54,0.0,105.96,101.25,103.19,98.34,7.16878,12.5704,47.0411,42.579,39.9069,38.5792,37.8745,37.2603,36.8231,36.3872,35.9528,35.5198,34.9163,34.2308,32.9591,30.4766,26.5668,21.7053,10.7903
11.995,0.4283,0.0000,0.0000,5,113.94,-13.53,-3.29,-0.0434,-0.3763,7587.81,0.0,105.44,100.86,102.74,98.03,6.98134,12.1149,47.1736,42.7397,40.0849,38.7662,38.0662,37.4561,37.0217,36.5888,36.1573,35.7272,35.1279,34.4471,33.1837,30.7178,26.8322,21.994,11.05
12.014,0.4283,0.0000,0.0000,5,113.51,-13.77,-3.29,-0.0166,-0.3756,7559.31,0.0,104.91,100.47,102.28,97.74,6.8003,11.7062,47.2619,42.855,40.2173,38.9073,38.2121,37.606,37.1746,36.7445,36.3159,35.8888,35.2937,34.6176,33.363,30.9141,27.0546,22.2443,11.2918
12.033,0.4283,0.0000,0.0000,5,113.09,-13.96,-3.30,0.0097,-0.3742,7531.29,0.0,104.39,100.10,101.83,97.45,6.6247,11.3327,47.3151,42.934,40.3131,39.0115,38.321,37.7191,37.2907,36.8636,36.4379,36.0137,35.4226,34.7513,33.5056,31.0741,27.242,22.4625,11.518
12.051,0.4283,0.0000,0.0000,5,112.67,-14.09,-3.32,0.0357,-0.3723,7503.69,0.0,103.89,99.74,101.39,97.15,6.454,10.986,47.3416,42.9855,40.3809,39.0878,38.4017,37.8039,37.3784,36.9542,36.5314,36.1102,35.5232,34.8565,33.6198,31.2059,27.4018,22.655,11.7305
12.070,0.4284,0.0000,0.0000,5,112.26,-14.19,-3.35,0.0611,-0.3699,7476.48,0.0,103.42,99.38,100.97,96.85,6.28784,10.6616,47.3453,43.0133,40.4245,39.1397,38.4581,37.8642,37.4415,37.0203,36.6005,36.1821,35.5992,34.9372,33.7093,31.3131,27.5375,22.8247,11.9305
12.095,0.4284,0.0000,0.0000,5,111.85,-14.24,-3.38,0.0861,-0.3672,7449.61,0.0,102.96,99.02,100.56,96.55,6.1258,10.3558,47.3291,43.0205,40.4472,39.1706,38.4934,37.9034,37.4835,37.065,36.6481,36.2327,35.6538,34.9965,33.7773,31.399,27.6522,22.9745,12.119
12.114,0.4284,0.0000,0.0000,5,111.45,-14.24,-3.41,0.1107,-0.3642,7423.05,0.0,102.51,98.67,100.17,96.25,5.96781,10.0664,47.295,43.009,40.4508,39.1822,38.5094,37.9233,37.5061,37.0905,36.6763,36.2637,35.689,35.0363,33.8258,31.4652,27.7474,23.1058,12.2964
12.133,0.4284,0.0000,0.0000,5,111.05,-14.19,-3.43,0.1348,-0.3608,7396.79,0.0,102.08,98.33,99.77,95.95,5.81348,9.79141,17.2736,42.9797,40.4364,39.1756,38.5072,37.9249,37.5105,37.0976,36.6862,36.2764,35.7056,35.0575,33.8559,31.5128,27.8242,23.2197,12.4632
12.151,0.4284,0.0000,0.0000,5,110.66,-14.11,-3.46,0.1585,-0.3570,7370.84,0.0,101.66,97.99,99.39,95.64,5.6626,9.52861,15.7506,42.9364,40.4077,39.1545,38.4903,37.9118,37.5002,37.09,36.6814,36.2743,35.7074,35.0639,33.871,31.5454,27.886,23.3189,12.6204
12.170,0.4284,0.0000,0.0000,5,110.28,-14.01,-3.49,0.1818,-0.3530,7345.28,0.0,101.27,97.66,99.02,95.34,5.51497,9.27644,14.895,42.8807,40.3662,39.1206,38.4605,37.8856,37.4768,37.0694,36.6635,36.2592,35.6961,35.0571,33.8727,31.5646,27.9344,23.4049,12.7689
12.196,0.4284,0.0000,0.0000,5,109.90,-13.87,-3.53,0.2046,-0.3487,7320.15,0.0,100.88,97.34,98.64,95.04,5.37069,9.03558,14.2398,42.8092,40.3087,39.0706,38.4146,37.8434,37.4371,37.0324,36.6293,36.2278,35.6686,35.034,33.8581,31.5677,27.9669,23.4757,12.9078
12.214,0.4286,0.0000,0.0000,5,109.53,-13.69,-3.56,0.2270,-0.3440,7295.5,0.0,100.49,97.03,98.28,94.76,5.22994,8.80604,13.7001,42.7208,40.2341,39.0035,38.3516,37.7841,37.3804,36.9783,36.5779,36.1792,35.624,34.9939,33.8265,31.5537,27.9827,23.5308,13.0368
12.234,0.4288,0.0000,0.0000,5,109.17,-13.47,-3.59,0.2490,-0.3392,7271.34,0.0,100.11,96.73,97.91,94.48,5.09247,8.58656,13.2364,42.6167,40.1437,38.9206,38.2728,37.7088,37.3078,36.9084,36.5107,36.1147,35.5634,34.9378,33.779,31.5239,27.983,23.5712,13.1564
12.252,0.4290,0.0000,0.0000,5,108.81,-13.22,-3.62,0.2707,-0.3339,7247.69,0.0,99.75,96.44,97.56,94.21,4.95814,8.37601,12.827,42.4987,40.0393,38.8235,38.1798,37.6196,37.2212,36.8244,36.4294,36.0361,35.4886,34.8676,33.7175,31.4801,27.9695,23.5985,13.2672
12.271,0.4291,0.0000,0.0000,5,108.46,-12.94,-3.65,0.2919,-0.3285,7224.42,0.0,99.40,96.16,97.22,93.93,4.82656,8.17233,12.4535,42.3712,39.9254,38.7168,38.0771,37.5205,37.1248,36.7307,36.3383,35.9477,35.404,34.7875,33.646,31.4263,27.946,23.6158,13.3708
12.296,0.4292,0.0000,0.0000,5,108.12,-12.66,-3.69,0.3127,-0.3229,7201.61,0.0,99.08,95.88,96.89,93.66,4.69739,7.97379,12.104,42.238,39.8055,38.604,37.9683,37.4153,37.0222,36.6308,36.2411,35.8531,35.3133,34.7011,33.5682,31.3661,27.9159,23.6262,13.4686
12.315,0.4287,0.0000,0.0000,5,107.78,-12.35,-3.74,0.3331,-0.3170,7179.3,0.0,98.76,95.62,96.57,93.39,4.57102,7.78214,11.7829,42.0946,39.6753,38.481,37.8493,37.2997,36.9093,36.5204,36.1334,35.7482,35.2122,34.6044,33.48,31.2955,27.8755,23.6267,13.5593
12.333,0.4272,0.0000,0.0000,5,107.46,-12.02,-3.77,0.3530,-0.3109,7157.51,0.0,98.45,95.37,96.25,93.13,4.4475,7.59762,11.4888,41.9399,39.5336,38.3466,37.7188,37.1728,36.7849,36.3987,36.0143,35.6319,35.0997,34.4964,33.3804,31.2136,27.8241,23.6167,13.6426
12.351,0.4232,0.0000,0.0000,5,107.14,-11.65,-3.81,0.3726,-0.3047,7136.23,0.0,98.16,95.13,95.94,92.88,4.32649,7.41901,11.2155,41.7754,39.3822,38.2024,37.5786,37.0362,36.6508,36.2672,35.8856,35.5058,34.9775,34.3787,33.2712,31.1223,27.7633,23.5976,13.7193
12.371,0.4172,0.0000,0.0000,5,106.83,-11.26,-3.84,0.3919,-0.2983,7115.44,0.0,97.88,94.91,95.63,92.63,4.208,7.24552,10.959,41.6035,39.2234,38.0508,37.4309,36.8921,36.5093,36.1283,35.7493,35.3722,34.8478,34.2534,33.1545,31.0233,27.6949,23.5711,13.7901
12.396,0.4037,0.0000,0.0000,5,106.52,-10.87,-3.88,0.4107,-0.2918,7095.05,0.0,97.64,94.70,95.34,92.38,4.09158,7.07499,10.7103,41.4292,39.062,37.8965,37.2806,36.7453,36.3651,35.9867,35.6103,35.2359,34.7152,34.1254,33.0349,30.9213,27.623,23.5407,13.8568
12.415,0.3925,0.0000,0.0000,5,106.22,-10.49,-3.92,0.4292,-0.2853,7075.07,0.0,97.45,94.53,95.08,92.12,3.97692,6.90576,10.4623,41.2575,38.9032,37.7446,37.1327,36.6008,36.2231,35.8473,35.4735,35.1017,34.5847,33.9992,32.9172,30.8206,27.552,23.5099,13.9209
12.434,0.3837,0.0000,0.0000,5,105.94,-10.11,-3.97,0.4474,-0.2787,7055.65,0.0,97.27,94.37,94.81,91.87,3.86414,6.7391,10.2204,41.0845,38.7429,37.5911,36.983,36.4547,36.0795,35.7062,35.3349,34.9657,34.4524,33.8712,32.7974,30.7179,27.4785,23.4762,13.9815
12.453,0.3771,0.0000,0.0000,5,105.65,-9.72,-4.01,0.4651,-0.2720,7036.82,0.0,97.09,94.22,94.55,91.64,3.75352,6.57611,9.98823,40.9074,38.5785,37.4336,36.8293,36.3044,35.9317,35.561,35.1922,34.8256,34.316,33.739,32.6734,30.6109,27.4006,23.4379,14.0378
12.471,0.3714,0.0000,0.0000,5,105.38,-9.32,-4.05,0.4825,-0.2653,7018.56,0.0,96.91,94.07,94.29,91.41,3.64495,6.41631,9.76401,40.7273,38.4109,37.2729,36.6724,36.1508,35.7806,35.4125,35.0463,34.6823,34.1763,33.6035,32.546,30.5004,27.3191,23.3957,14.0901
12.496,0.3638,0.0000,0.0000,5,105.12,-8.91,-4.08,0.4996,-0.2587,7000.83,0.0,96.72,93.91,94.05,91.18,3.53836,6.25917,9.54534,40.5458,38.2419,37.1107,36.5139,35.9957,35.628,35.2623,34.8987,34.5373,34.0349,33.4663,32.4169,30.388,27.2352,23.3508,14.139
12.515,0.3551,0.0000,0.0000,5,104.86,-8.51,-4.11,0.5163,-0.2520,6983.54,0.0,96.56,93.76,93.82,90.96,3.43351,6.10342,9.32733,40.3665,38.0749,36.9505,36.3574,35.8425,35.4771,35.1139,34.7528,34.3939,33.8951,33.3307,32.2892,30.2767,27.1519,23.3056,14.1857
12.534,0.3447,0.4500,0.0000,5,104.60,-8.14,-4.16,0.5326,-0.2455,6966.61,0.0,96.41,93.61,93.60,90.72,3.33,5.94702,9.10247,40.1952,37.9155,36.7978,36.2083,35.6966,35.3336,34.9727,34.614,34.2575,33.7623,33.2019,32.1681,30.1714,27.0736,23.2639,14.2321
12.553,0.2971,0.6975,0.0000,5,104.53,-7.80,-4.20,0.5486,-0.2388,7171.13,0.0,96.30,93.49,94.84,94.84,3.2283,5.79336,8.88423,40.021,37.7534,36.6421,36.0563,35.5479,35.1872,34.8287,34.4723,34.1183,33.6265,33.0702,32.044,30.063,26.9921,23.2187,14.2751
12.571,0.2674,0.8336,0.0000,5,104.61,-7.45,-4.24,0.5643,-0.2316,7290.18,0.0,96.39,93.61,96.39,96.39,3.12954,5.64855,8.6953,39.8255,37.5702,36.4657,35.8837,35.3786,35.0204,34.6643,34.3105,33.9589,33.4707,32.9186,31.9005,29.9359,26.8932,23.1581,14.3093
12.596,0.2406,0.9085,0.0000,5,104.82,-7.12,-4.29,0.5796,-0.2240,7387.15,0.0,96.58,93.86,97.68,97.68,3.03393,5.51317,8.53755,39.6071,37.3648,36.2673,35.6892,35.1877,34.832,34.4785,34.1273,33.7784,33.2939,32.7461,31.7364,29.7891,26.776,23.0813,14.3343
12.615,0.2166,0.9497,0.0000,5,105.13,-6.79,-4.33,0.5945,-0.2159,7454.69,0.0,96.85,94.21,98.58,98.58,2.9416,5.38782,8.41422,39.3642,37.1354,36.0452,35.4712,34.9734,34.6204,34.2696,33.9211,33.575,33.0944,32.5512,31.5503,29.6212,26.6394,22.9875,14.3497
12.634,0.1949,0.9723,0.0000,5,105.50,-6.45,-4.38,0.6089,-0.2070,7501.26,0.0,97.18,94.65,99.20,99.20,2.85327,5.27492,8.33584,39.0921,36.8775,35.7951,35.2254,34.7314,34.3813,34.0334,33.6879,33.3447,32.8683,32.3298,31.3382,29.4285,26.4799,22.8736,14.3539
12.653,0.1754,0.9848,0.0000,5,105.92,-6.11,-4.45,0.6228,-0.1973,7537.32,0.0,97.56,95.15,99.68,99.68,2.7696,5.17648,8.31417,38.7889,36.5894,35.5152,34.95,34.4601,34.113,33.7682,33.4257,33.0856,32.6137,32.0804,31.0987,29.2095,26.2962,22.7385,14.3463
12.672,0.1579,0.9916,0.0000,5,106.36,-5.74,-4.52,0.6362,-0.1868,7562.79,0.0,97.96,95.69,100.02,100.02,2.69067,5.09343,8.364,38.4538,36.2702,35.2048,34.6445,34.159,33.815,33.4734,33.1342,32.7975,32.3303,31.8025,30.8312,28.9639,26.0881,22.5822,14.3268
12.696,0.2265,0.9954,0.0000,5,106.83,-5.34,-4.59,0.6489,-0.1755,7581.21,0.0,98.37,96.27,100.27,100.27,2.61722,5.028,8.51552,38.0864,35.9197,34.8636,34.3085,33.8276,33.487,33.1488,32.8131,32.4799,32.0178,31.4958,30.5357,28.6915,25.8555,22.4045,14.295
12.715,0.2824,0.9975,0.0000,5,107.32,-4.88,-4.66,0.6610,-0.1638,7596.31,0.0,98.60,96.64,100.47,100.47,2.5488,4.97749,8.80146,37.6995,35.5504,34.504,33.9542,33.4782,33.141,32.8064,32.4743,32.1448,31.6878,31.1719,30.2233,28.4031,25.6081,22.2136,14.2548
12.733,0.3243,0.9986,0.0000,5,107.79,-4.42,-4.71,0.6724,-0.1522,7612.41,0.0,98.85,96.91,100.68,100.68,2.4847,4.93665,9.29965,37.3132,35.1817,34.1451,33.6007,33.1294,32.7958,32.4647,32.1362,31.8103,31.3585,30.8487,29.9116,28.1151,25.3609,22.0221,14.2115
12.753,0.3557,0.9992,0.0000,5,108.25,-4.01,-4.76,0.6831,-0.1408,7633.1,0.0,99.15,97.15,100.95,100.95,2.42445,4.90159,40.8416,36.942,34.8278,33.8006,33.2614,32.7948,32.4646,32.1369,31.8119,31.4895,31.0427,30.5387,29.6128,27.8391,25.124,21.8385,14.169
12.772,0.3792,0.9996,0.0000,5,108.69,-3.67,-4.81,0.6931,-0.1301,7659.89,0.0,99.52,97.39,101.30,101.30,2.36768,4.86882,40.517,36.5972,34.4991,33.4809,32.9467,32.4845,32.1574,31.833,31.5112,31.1922,30.7501,30.2515,29.336,27.5837,24.9051,21.669,14.1298
12.796,0.3968,0.5498,0.0000,5,109.13,-3.43,-4.85,0.7024,-0.1200,7687.28,0.0,99.94,97.62,101.67,101.67,2.31437,4.83727,40.236,36.2826,34.1997,33.1896,32.66,32.2019,31.8778,31.5564,31.2376,30.9216,30.4838,29.9902,29.0844,27.3518,24.7065,21.5157,14.095
12.816,0.4099,0.3024,0.0000,5,109.45,-3.21,-4.88,0.7109,-0.1106,7509.64,0.0,100.36,97.87,99.38,99.38,2.265,4.80949,39.9922,35.9915,33.9227,32.9203,32.3949,31.9406,31.6193,31.3006,30.9847,30.6715,30.2377,29.7487,28.8518,27.1375,24.5232,21.374,14.0625
12.834,0.4198,0.1663,0.0000,5,109.53,-2.93,-4.90,0.7188,-0.1013,7396.61,0.0,100.64,98.06,97.86,97.86,2.22046,4.79351,39.7597,35.7033,33.6481,32.6531,32.1319,31.6814,31.3628,31.0468,30.7336,30.4232,29.9934,29.509,28.6208,26.9244,24.3403,21.2318,14.0272
12.853,0.4272,0.0915,0.0000,5,109.46,-2.66,-4.91,0.7260,-0.0925,7341.36,0.0,100.76,98.15,98.24,96.00,2.17986,4.78403,39.5562,35.4353,33.3882,32.4003,31.883,31.436,31.1199,30.8066,30.496,30.1882,29.7621,29.282,28.402,26.7225,24.1668,21.0966,13.9925
12.872,0.4327,0.0503,0.0000,5,109.31,-2.49,-4.91,0.7325,-0.0850,7308.05,0.0,100.87,98.09,98.06,95.29,2.14148,4.76611,39.4322,35.2266,33.1762,32.1942,31.6801,31.236,30.922,30.6109,30.3025,29.9969,29.5739,29.0974,28.2242,26.5588,24.0267,20.9882,13.9672
12.891,0.4369,0.0277,0.0000,5,109.13,-2.45,-4.90,0.7385,-0.0791,7282.74,0.0,100.96,97.90,97.94,94.75,2.10456,4.73269,39.4124,35.0949,33.0241,32.0465,31.5348,31.0928,30.7805,30.4709,30.1641,29.8602,29.4396,28.9657,28.0976,26.4427,23.9281,20.9134,13.9541
12.916,0.4400,0.0152,0.0000,5,108.92,-2.55,-4.88,0.7438,-0.0747,7261.85,0.0,101.02,97.63,97.86,94.27,2.06884,4.6827,39.5045,35.0449,32.9306,31.9559,31.4458,31.0052,30.6938,30.3853,30.0796,29.7767,29.3576,28.8856,28.0209,26.3727,23.8701,20.8712,13.9531
12.934,0.4424,0.0084,0.0000,5,108.70,-2.77,-4.86,0.7486,-0.0718,7242.93,0.0,101.03,97.32,97.78,93.85,2.03447,4.61862,39.7061,35.0749,32.8906,31.915,31.4057,30.9659,30.655,30.347,30.0418,29.7396,29.3212,28.8502,27.9874,26.343,23.847,20.8571,13.9623
12.953,0.4441,0.0046,0.0000,5,108.47,-3.07,-4.83,0.7530,-0.0702,7225.23,0.0,100.98,97.00,97.69,93.48,2.0017,4.54463,39.9684,35.181,32.9116,31.9145,31.4055,30.9658,30.6551,30.3473,30.0422,29.7401,29.3219,28.8512,27.989,26.3458,23.8521,20.8655,13.9795
12.971,0.4454,0.0025,0.0000,5,108.23,-3.45,-4.81,0.7568,-0.0695,7208.3,0.0,100.87,96.67,97.57,93.15,1.97087,4.46535,40.2579,35.3588,32.9915,31.9543,31.436,30.996,30.6852,30.3771,30.0719,29.7696,29.3512,28.8801,28.0174,26.3735,23.8787,20.8909,14.0024
12.990,0.4464,0.0014,0.0000,5,107.98,-3.87,-4.78,0.7603,-0.0695,7191.25,0.0,100.71,96.35,97.42,92.84,1.94239,4.38523,40.5588,35.6042,33.126,32.0434,31.5031,31.05,30.7368,30.4284,30.1228,29.82,29.401,28.9293,28.0652,26.4191,23.9205,20.9282,14.0289
13.015,0.4472,0.0008,0.0000,5,107.72,-4.31,-4.75,0.7634,-0.0700,7173.6,0.0,100.51,96.02,97.25,92.55,1.91614,4.30624,40.861,35.9161,33.3137,32.1805,31.6158,31.1425,30.8159,30.4983,30.1895,29.8861,29.4663,28.9936,28.1277,26.4779,23.9737,20.9744,14.0578
13.034,0.4477,0.0004,0.0000,5,107.45,-4.77,-4.73,0.7661,-0.0708,7156.02,0.0,100.27,95.69,97.06,92.27,1.89208,4.23007,41.1603,36.2964,33.5551,32.3657,31.7739,31.2785,30.9368,30.6047,30.282,29.9683,29.5435,29.0695,28.2014,26.547,24.0356,21.0273,14.0883
13.053,0.4481,0.0002,0.0000,5,107.17,-5.23,-4.71,0.7684,-0.0720,7137.64,0.0,100.01,95.37,96.85,92.00,1.87034,4.15824,41.4522,36.7194,33.8496,32.5982,31.9766,31.4568,31.0985,30.7507,30.4128,30.0845,29.6403,29.1538,28.2824,26.6227,24.103,21.0842,14.1192
13.071,0.4485,0.0001,0.0000,5,106.89,-5.70,-4.69,0.7705,-0.0734,7119.04,0.0,99.73,95.04,96.62,91.74,1.85093,4.09176,41.7317,37.1203,34.1976,32.8778,32.2235,31.677,31.3006,30.9354,30.5809,30.2368,29.7716,29.2623,28.3675,26.7021,24.1734,21.143,14.1499
13.090,0.4487,0.0001,0.0000,5,106.60,-6.15,-4.67,0.7722,-0.0750,7100.02,0.0,99.42,94.72,96.38,91.48,1.8341,4.03191,41.9952,37.4937,34.6,33.2049,32.5148,31.939,31.5429,31.1589,30.7864,30.425,29.9369,29.4031,28.4665,26.7828,24.2443,21.2018,14.1794
13.116,0.4489,0.0000,0.0000,5,106.30,-6.57,-4.64,0.7737,-0.0765,7080.59,0.0,99.10,94.40,96.12,91.23,1.81954,3.97865,42.2399,37.8366,35.0257,33.5794,32.8501,32.2425,31.8249,31.4204,31.0284,30.6483,30.1354,29.5751,28.5935,26.862,24.3137,21.259,14.2071
13.134,0.4490,0.0000,0.0000,5,105.99,-6.96,-4.60,0.7749,-0.0780,7060.62,0.0,98.76,94.07,95.85,90.97,1.8069,3.93073,42.4703,38.1543,35.4201,34.0007,33.2352,32.5927,32.1516,31.7247,31.3113,30.9109,30.3711,29.7821,28.7518,26.9436,24.3827,21.3155,14.2337
13.153,0.4491,0.0000,0.0000,5,105.67,-7.34,-4.57,0.7759,-0.0796,7040.15,0.0,98.43,93.73,95.58,90.70,1.79596,3.88735,42.6889,38.4533,35.7866,34.408,33.6593,32.9966,32.5296,32.0781,31.6413,31.2185,30.6492,30.0288,28.9456,27.0502,24.4525,21.3724,14.2596
13.172,0.4492,0.0000,0.0000,5,105.35,-7.71,-4.54,0.7767,-0.0813,7019.32,0.0,98.10,93.40,95.30,90.43,1.78659,3.84817,8.70261,38.7331,36.1257,34.785,34.0576,33.4142,32.9507,32.4838,32.0213,31.5741,30.9724,30.3176,29.1766,27.1869,24.5225,21.4291,14.2847
13.197,0.4492,0.0000,0.0000,5,105.03,-8.07,-4.52,0.7773,-0.0830,6998.15,0.0,97.75,93.07,95.01,90.15,1.77888,3.81346,8.01379,38.9931,36.4392,35.1321,34.4246,33.7991,33.3487,32.8953,32.4389,31.9796,31.3431,30.6508,29.4467,27.3545,24.5917,21.4848,14.3086
13.215,0.4493,0.0000,0.0000,5,104.69,-8.40,-4.49,0.7777,-0.0848,6976.68,0.0,97.40,92.74,94.72,89.88,1.77264,3.78292,7.64694,39.233,36.7292,35.45,34.7606,34.1518,33.7136,33.2727,32.829,32.3827,31.7534,31.0304,29.7573,27.554,24.663,21.5388,14.3312
13.234,0.4493,0.0000,0.0000,5,104.36,-8.69,-4.45,0.7780,-0.0863,6955.01,0.0,97.04,92.41,94.41,89.62,1.76803,3.75783,7.3986,39.4504,36.9914,35.7376,35.0626,34.4685,34.0416,33.6123,33.1804,32.7461,32.1341,31.4289,30.1062,27.7829,24.7525,21.5885,14.3511
13.254,0.4493,0.0000,0.0000,5,104.02,-8.93,-4.40,0.7781,-0.0878,6933.0,0.0,96.67,92.07,94.10,89.35,1.76442,3.73588,7.20449,39.6505,37.2314,36.002,35.3403,34.758,34.3404,33.9215,33.5007,33.0776,32.4816,31.7954,30.4946,28.0473,24.8668,21.6362,14.3699
13.271,0.4493,0.0000,0.0000,5,103.68,-9.17,-4.36,0.7782,-0.0892,6910.74,0.0,96.31,91.74,93.79,89.06,1.76168,3.7165,7.04281,39.8368,37.4536,36.247,35.598,35.0271,34.6177,34.207,33.795,33.382,32.8011,32.1325,30.8661,28.3528,25.0094,21.6833,14.3879
13.290,0.4494,0.0000,0.0000,5,103.34,-9.40,-4.33,0.7781,-0.0907,6888.35,0.0,95.96,91.41,93.48,88.78,1.75977,3.69959,6.90592,40.0093,37.6606,36.473,35.8362,35.2761,34.8745,34.4716,34.0677,33.6627,33.0941,32.4417,31.2076,28.7023,25.1818,21.7295,14.4053
13.316,0.4493,0.0000,0.0000,5,102.99,-9.62,-4.31,0.7780,-0.0922,6865.85,0.0,95.61,91.08,93.17,88.50,1.75856,3.68469,6.78854,40.1691,37.8521,36.6816,36.0548,35.505,35.1108,34.7155,34.3192,33.9219,33.3641,32.7247,31.52,29.0765,25.3854,21.7774,14.4217
13.334,0.4492,0.0000,0.0000,5,102.65,-9.81,-4.28,0.7777,-0.0936,6843.25,0.0,95.25,90.76,92.85,88.22,1.75814,3.67233,6.69048,40.3151,38.0265,36.8727,36.2548,35.713,35.3256,34.9375,34.5485,34.1585,33.6111,32.9837,31.8032,29.4199,25.6208,21.8432,14.4369
13.354,0.4490,0.0000,0.0000,5,102.30,-9.95,-4.24,0.7774,-0.0947,6820.67,0.0,94.87,90.43,92.52,87.95,1.75873,3.66423,6.61917,40.4405,38.1772,37.0393,36.4301,35.896,35.514,35.1316,34.7491,34.3661,33.8286,33.2127,32.054,29.7247,25.8835,21.926,14.4489
13.373,0.4487,0.0000,0.0000,5,101.95,-10.03,-4.19,0.7771,-0.0957,6797.99,0.0,94.50,90.11,92.19,87.68,1.75965,3.65777,6.55964,40.5518,38.3123,37.1887,36.5879,36.0611,35.6844,35.3074,34.9302,34.5528,34.0244,33.4195,32.2818,29.9999,26.1813,22.0305,14.4597
13.391,0.4485,0.0000,0.0000,5,101.61,-10.12,-4.15,0.7768,-0.0966,6775.27,0.0,94.15,89.79,91.87,87.40,1.76068,3.65191,6.5045,40.6541,38.4376,37.3261,36.7331,36.2136,35.842,35.4701,35.0981,34.7259,34.2049,33.6095,32.4919,30.2519,26.5135,22.1609,14.4703
13.416,0.4484,0.0000,0.0000,5,101.26,-10.21,-4.12,0.7765,-0.0976,6752.6,0.0,93.81,89.47,91.56,87.11,1.76177,3.64646,6.45275,40.7495,38.5538,37.4537,36.8671,36.3541,35.9875,35.6207,35.2537,34.8866,34.3726,33.7853,32.6856,30.4852,26.8294,22.3189,14.4809
13.435,0.4483,0.0000,0.0000,5,100.92,-10.29,-4.10,0.7761,-0.0987,6730.0,0.0,93.47,89.16,91.25,86.82,1.76304,3.64152,6.4053,40.8372,38.6603,37.5715,36.9908,36.4831,36.1207,35.7586,35.3965,35.0343,34.5272,33.9478,32.8632,30.7005,27.1196,22.5058,14.4911
13.453,0.4483,0.0000,0.0000,5,100.58,-10.35,-4.08,0.7757,-0.0996,6707.46,0.0,93.13,88.86,90.93,86.54,1.76452,3.6375,6.36376,40.9156,38.7555,37.6776,37.1028,36.6002,36.2415,35.8832,35.5252,35.1677,34.6673,34.0956,33.0254,30.8966,27.3839,22.722,14.5005
13.471,0.4488,0.0000,0.0000,5,100.24,-10.35,-4.04,0.7754,-0.1002,6685.04,0.0,92.78,88.56,90.60,86.28,1.76632,3.63608,6.33702,40.9766,38.8326,37.7643,37.1953,36.6978,36.3427,35.9879,35.6336,35.2797,34.7852,34.2211,33.165,31.0666,27.616,22.9628,14.5072
13.491,0.4496,0.0000,0.0000,5,99.90,-10.29,-3.98,0.7751,-0.1007,6662.74,0.0,92.42,88.25,90.27,86.02,1.76798,3.63524,6.31585,41.0264,38.8979,37.8377,37.2742,36.7816,36.4301,36.0789,35.7281,35.3778,34.8883,34.3304,33.2881,31.2174,27.8245,23.2344,14.5128
13.516,0.4506,0.0000,0.0000,5,99.57,-10.24,-3.94,0.7749,-0.1012,6640.54,0.0,92.09,87.95,89.96,85.74,1.76896,3.63289,6.2904,41.0728,38.9585,37.9061,37.3468,36.8588,36.5107,36.1631,35.8158,35.4689,34.9843,34.432,33.4018,31.3581,28.0188,23.5208,14.5192
13.535,0.4519,0.0000,0.0000,5,99.23,-10.21,-3.91,0.7747,-0.1017,6618.49,0.0,91.77,87.65,89.66,85.46,1.76935,3.62906,6.26058,41.1168,39.0151,37.9705,37.4153,36.9308,36.5857,36.2414,35.8975,35.5541,35.0743,34.5275,33.5076,31.4899,28.2,23.7875,14.5266
13.554,0.4533,0.0000,0.0000,5,98.90,-10.17,-3.89,0.7746,-0.1024,6596.61,0.0,91.46,87.35,89.36,85.18,1.76926,3.62393,6.22779,41.1576,39.0672,38.0302,37.4791,36.9982,36.6556,36.3138,35.9729,35.6328,35.1577,34.6163,33.6065,31.6123,28.3682,24.0349,14.5346
13.572,0.4548,0.0000,0.0000,5,98.57,-10.13,-3.88,0.7745,-0.1030,6574.91,0.0,91.15,87.06,89.07,84.90,1.76881,3.61798,6.19426,41.1937,39.1139,38.0836,37.5365,37.0591,36.719,36.3797,36.0413,35.7038,35.233,34.6968,33.6969,31.7239,28.5222,24.2623,14.5428
13.591,0.4563,0.0000,0.0000,5,98.25,-10.04,-3.85,0.7745,-0.1034,6553.29,0.0,90.83,86.78,88.75,84.64,1.76808,3.6128,6.16772,41.2176,39.1483,38.1235,37.5803,37.1064,36.7688,36.432,36.096,35.761,35.2936,34.7621,33.772,31.8185,28.657,24.4648,14.5497
13.616,0.4356,0.0000,0.0000,5,97.93,-9.88,-3.79,0.7746,-0.1035,6531.97,0.0,90.49,86.49,88.43,84.40,1.7669,3.60799,6.147,41.2301,39.1704,38.151,37.6107,37.1402,36.8051,36.4707,36.1373,35.8047,35.3408,34.8132,33.832,31.8978,28.7743,24.6452,14.566
13.635,0.3401,0.4500,0.0000,5,97.61,-9.73,-3.75,0.7749,-0.1037,6510.8,0.0,90.24,86.27,88.14,84.13,1.76445,3.59999,6.1172,41.2426,39.1915,38.1773,37.6399,37.1719,36.839,36.5071,36.1761,35.846,35.3855,34.8618,33.888,31.9727,28.8848,24.815,14.5993
13.654,0.3061,0.6975,0.0000,5,97.48,-9.61,-3.72,0.7753,-0.1037,6735.8,0.0,90.28,86.33,89.09,89.09,1.76118,3.59135,6.08912,41.2468,39.2032,38.1944,37.6598,37.1943,36.8631,36.5332,36.2045,35.8768,35.4197,34.8999,33.9334,32.0356,28.9813,24.9679,14.6477
13.673,0.2755,0.8336,0.0000,5,97.48,-9.48,-3.71,0.7758,-0.1032,6850.45,0.0,90.34,86.50,90.57,90.57,1.75813,3.5873,6.0847,41.2253,39.189,38.1854,37.6538,37.1908,36.8614,36.5333,36.2065,35.8809,35.4273,34.9114,33.9524,32.0711,29.0493,25.0907,14.7059
13.691,0.2479,0.9085,0.0000,5,97.59,-9.35,-3.70,0.7763,-0.1021,6955.13,0.0,90.43,86.72,91.95,91.95,1.75568,3.58896,6.09917,41.1761,39.1475,38.1485,37.6199,37.1595,36.8321,36.5059,36.181,35.8573,35.4065,34.8947,33.9433,32.0778,29.088,25.1829,14.7727
13.716,0.2231,0.9497,0.0000,5,97.81,-9.19,-3.70,0.7768,-0.1002,7025.53,0.0,90.58,87.03,92.91,92.91,1.75437,3.59847,6.09251,14.1017,39.0742,38.0795,37.5538,37.0963,36.7708,36.4466,36.1237,35.8021,35.3542,34.8458,33.9023,32.0528,29.0951,25.2424,14.8463
13.735,0.2008,0.9723,0.0000,5,98.10,-8.93,-3.67,0.7774,-0.0971,7066.63,0.0,90.78,87.44,93.46,93.46,1.75479,3.61963,6.07491,12.6918,38.9575,37.9674,37.4444,36.9897,36.6665,36.3444,36.0237,35.7043,35.2595,34.7546,33.8187,31.9862,29.0614,25.2621,14.9219
13.754,0.1807,0.9848,0.0000,5,98.43,-8.60,-3.63,0.7779,-0.0931,7096.11,0.0,91.03,87.91,93.85,93.85,1.75672,3.65144,6.04264,11.7268,38.8038,37.8189,37.2987,36.8467,36.5256,36.2059,35.8874,35.5704,35.1289,34.6278,33.6993,31.8846,28.9932,25.2485,15.0012
13.773,0.1627,0.9916,0.0000,5,98.80,-8.23,-3.61,0.7784,-0.0882,7119.77,0.0,91.33,88.42,94.16,94.16,1.76025,3.69475,5.99697,11.0006,38.615,37.6358,37.1187,36.6694,36.3503,36.0329,35.7169,35.4023,34.9643,34.4674,33.5466,31.7501,28.8929,25.2036,15.0842
13.791,0.1464,0.9954,0.0000,5,99.19,-7.82,-3.60,0.7788,-0.0826,7140.51,0.0,91.65,88.95,94.44,94.44,1.76595,3.73871,5.93942,10.4218,38.3936,37.4203,36.9065,36.4602,36.1433,35.828,35.5145,35.2025,34.7682,34.2756,33.3631,31.585,28.7627,25.1299,15.1707
13.817,0.1317,0.9975,0.0000,5,99.60,-7.39,-3.61,0.7790,-0.0763,7157.32,0.0,92.00,89.49,94.66,94.66,1.77408,3.7639,5.86977,9.93631,38.1422,37.1753,36.6651,36.2219,35.9073,35.5944,35.2833,34.9739,34.5434,34.0553,33.1515,31.3923,28.6056,25.0301,15.2611
13.835,0.1186,0.9986,0.0000,5,100.04,-6.91,-3.61,0.7791,-0.0691,7163.01,0.0,92.37,90.04,94.76,94.76,1.7851,3.77197,5.78894,9.51423,37.8624,36.9021,36.3956,35.9558,35.6437,35.3333,35.0247,34.7178,34.2914,33.808,32.9132,31.1733,28.4233,24.906,15.3506
13.853,0.1067,0.9992,0.0000,5,100.50,-6.32,-3.55,0.7790,-0.0610,7147.62,0.0,92.76,90.66,94.55,94.55,1.79962,3.76633,5.70249,9.15001,37.5468,36.5935,36.0911,35.655,35.3455,35.0378,34.7319,34.4278,34.0053,33.5269,32.6419,30.9221,28.2106,24.753,15.4182
13.873,0.0960,0.9996,0.0000,5,100.97,-5.67,-3.47,0.7788,-0.0524,7144.03,0.0,93.19,91.27,94.50,94.50,1.81292,3.74276,5.59895,8.80079,37.2114,36.2653,35.7672,35.3349,35.0282,34.7234,34.4203,34.1192,33.7008,33.2274,32.3524,30.6536,27.9813,24.5843,15.4696
13.891,0.0864,0.9998,0.0000,5,101.43,-5.05,-3.42,0.7783,-0.0430,7150.55,0.0,93.60,91.83,94.58,94.58,1.81678,3.70456,5.48385,8.47088,36.851,35.9124,35.4188,34.9906,34.6869,34.385,34.085,33.7869,33.373,32.9046,32.0401,30.3631,27.7313,24.3961,15.5031
13.916,0.0778,0.9999,0.0000,5,101.91,-4.45,-3.41,0.7777,-0.0419,7161.1,0.0,93.97,92.40,94.72,94.72,1.81204,3.65542,5.36302,8.16558,36.459,35.5286,35.0398,34.6159,34.3154,34.0167,33.72,33.4252,33.0159,32.553,31.6994,30.0454,27.4556,24.1842,15.5163
13.935,0.0700,0.9999,0.0000,5,102.39,-3.87,-3.44,0.7781,-0.0475,7172.4,0.0,94.34,92.97,94.86,94.86,1.79957,3.59741,5.2389,7.88388,36.0335,35.1122,34.6283,34.2091,33.912,33.6167,33.3235,33.0322,32.6279,32.1709,31.3286,29.6991,27.1531,23.9476,15.5088
13.953,0.0630,0.9999,0.0000,5,102.89,-3.30,-3.47,0.7795,-0.0523,7178.1,0.0,94.71,93.55,94.97,94.97,1.78039,3.53239,5.1132,7.64508,35.5745,34.6629,34.1845,33.7702,33.4767,33.1852,32.8956,32.6082,32.2092,31.7584,30.9281,29.3243,26.824,23.6866,15.481
13.973,0.0567,1.0000,0.0000,5,103.42,-2.67,-3.45,0.7819,-0.0559,7160.06,0.0,95.07,94.18,94.70,94.70,1.75519,3.46285,4.99018,7.48565,35.0737,34.1728,33.7003,33.2914,33.0018,32.7142,32.4287,32.1453,31.7521,31.308,30.4907,28.9142,26.4623,23.3962,15.4306
13.991,0.0510,1.0000,0.0000,5,103.92,-2.07,-3.47,0.7852,-0.0585,7186.47,0.0,95.45,94.79,95.03,95.03,1.72436,3.38807,4.86662,7.43626,34.5389,33.6496,33.1835,32.7804,32.4949,32.2116,31.9304,31.6514,31.2644,30.8274,30.0238,28.4762,26.0748,23.0825,15.3617
14.016,0.0507,1.0000,0.0000,5,104.39,-1.58,-3.49,0.7893,-0.0610,7229.64,0.0,95.92,95.33,95.60,95.60,1.68783,3.30375,4.73149,7.55252,33.9961,33.1188,32.6592,32.2619,31.9808,31.7018,31.425,31.1504,30.7697,30.34,29.5503,28.0319,25.6814,22.7626,15.2832
14.035,0.1285,1.0000,0.0000,5,104.88,-1.22,-3.52,0.7941,-0.0638,7271.06,0.0,96.42,95.77,96.15,96.15,1.64566,3.20767,4.57887,35.2528,33.4616,32.5961,32.1431,31.7516,31.4748,31.2001,30.9276,30.6574,30.2829,29.8605,29.0844,27.5948,25.294,22.4467,15.2002
14.054,0.2088,0.5500,0.0000,5,105.37,-0.85,-3.57,0.7995,-0.0677,7309.64,0.0,96.89,96.00,96.66,96.66,1.59664,3.09357,4.39575,34.7352,32.9646,32.1101,31.6631,31.2771,31.0042,30.7335,30.4651,30.199,29.8304,29.4146,28.6514,27.1885,24.934,22.1531,15.1222
14.073,0.2691,0.3025,0.0000,5,105.70,-0.58,-3.63,0.8057,-0.0738,7188.13,0.0,97.38,96.06,95.09,95.09,1.53898,2.95505,4.1817,34.288,32.5348,31.6897,31.2479,30.8664,30.5969,30.3298,30.0649,29.8024,29.4387,29.0288,28.2767,26.8371,24.6228,21.9002,15.0582
14.091,0.3143,0.1664,0.0000,5,105.80,-0.42,-3.70,0.8129,-0.0818,7125.34,0.0,97.71,95.98,94.25,94.25,1.47249,2.79475,3.95769,33.9042,32.1652,31.328,30.8905,30.5128,30.2461,29.9819,29.7201,29.4606,29.1012,28.6963,27.9536,26.5339,24.3544,21.6824,15.0056
14.117,0.3483,0.0915,0.0000,5,105.79,-0.35,-3.74,0.8209,-0.0916,7084.75,0.0,97.91,95.78,94.78,92.66,1.39743,2.61595,3.72797,33.5788,31.851,31.0202,30.5862,30.2116,29.9472,29.6852,29.4258,29.1689,28.8132,28.4124,27.6777,26.2744,24.1246,21.496,14.9619
14.135,0.3737,0.0503,0.0000,5,105.70,-0.39,-3.76,0.8301,-0.1033,7062.0,0.0,98.05,95.50,94.77,92.07,1.31359,2.42536,3.49275,33.3161,31.5958,30.7697,30.3383,29.9661,29.7033,29.443,29.1854,28.9303,28.5774,28.1799,27.4514,26.0609,23.9355,21.3425,14.9285
14.154,0.3928,0.0277,0.0000,5,105.58,-0.58,-3.82,0.8403,-0.1168,7044.18,0.0,98.15,95.18,94.77,91.59,1.22128,2.24047,3.25611,33.114,31.3974,30.5744,30.1447,29.7741,29.5124,29.2533,28.9968,28.7429,28.3917,27.9967,27.2728,25.8918,23.7848,21.2199,14.9049
14.173,0.4071,0.0152,0.0000,5,105.44,-0.88,-3.91,0.8516,-0.1318,7028.96,0.0,98.19,94.87,94.75,91.21,1.12137,2.06635,3.0279,32.9593,31.2437,30.422,29.9932,29.6235,29.3625,29.1041,28.8483,28.595,28.245,27.8512,27.1306,25.7564,23.663,21.1198,14.8868
14.191,0.4178,0.0084,0.0000,5,105.25,-1.17,-3.86,0.8642,-0.1488,7013.99,0.0,98.25,94.41,94.80,90.77,1.01968,1.90075,2.80198,32.8739,31.1552,30.3323,29.9035,29.5338,29.2728,29.0144,28.7586,28.5054,28.1555,27.7618,27.042,25.6709,23.5844,21.0543,14.8803
14.217,0.4259,0.0046,0.0000,5,105.04,-1.66,-3.80,0.8775,-0.1469,6998.81,0.0,98.38,93.92,94.91,90.26,0.926199,1.74111,2.57241,32.8821,31.1549,30.328,29.8972,29.5261,29.2642,29.005,28.7485,28.4945,28.1434,27.7485,27.0265,25.6532,23.5646,21.0369,14.8921
14.235,0.4319,0.0025,0.0000,5,104.81,-2.33,-3.75,0.8893,-0.1382,6983.35,0.0,98.46,93.42,94.98,89.78,0.84151,1.59079,2.3467,32.9757,31.2343,30.4011,29.9669,29.5928,29.329,29.068,28.8098,28.5543,28.201,27.8037,27.0771,25.696,23.5979,21.0627,14.9193
14.253,0.4364,0.0014,0.0000,5,104.54,-3.12,-3.65,0.8997,-0.1315,6966.86,0.0,98.47,92.89,95.01,89.32,0.766042,1.45275,2.13177,3.97805,31.3866,30.5447,30.106,29.728,29.4614,29.1976,28.9366,28.6785,28.3219,27.921,27.1877,25.7938,23.6793,21.1272,14.9606
14.273,0.4398,0.0008,0.0000,5,104.24,-4.15,-3.54,0.9086,-0.1274,6949.9,0.0,98.49,92.27,95.06,88.83,0.699407,1.32438,1.9262,3.30975,31.6339,30.7798,30.3351,29.9518,29.6815,29.414,29.1493,28.8875,28.5257,28.1192,27.3765,25.9643,23.8238,21.2426,15.0222
14.292,0.4424,0.0004,0.0000,5,103.91,-5.22,-3.34,0.9162,-0.1249,6928.14,0.0,98.38,91.69,95.00,88.32,0.641766,1.20852,1.74082,2.83681,31.9459,31.0769,30.6245,30.235,29.9603,29.6885,29.4195,29.1534,28.7857,28.3723,27.6172,26.1831,24.0093,21.3905,15.0955
14.317,0.4443,0.0002,0.0000,5,103.56,-6.21,-3.09,0.9227,-0.1246,6903.0,0.0,98.08,91.27,94.71,87.94,0.591681,1.10887,1.58515,2.49906,32.2612,31.3774,30.9172,30.5208,30.2413,29.9649,29.6915,29.4211,29.0474,28.6272,27.8595,26.4021,24.194,21.5369,15.1641
14.335,0.4457,0.0001,0.0000,5,103.21,-7.24,-2.94,0.9282,-0.1243,6878.34,0.0,97.67,90.92,94.33,87.67,0.549296,1.02637,1.45962,2.25233,32.5621,31.6639,31.196,30.793,30.5089,30.2277,29.9497,29.6747,29.295,28.8683,28.0885,26.6076,24.3666,21.6717,15.2232
14.354,0.4468,0.0001,0.0000,5,102.84,-8.10,-2.79,0.9327,-0.1228,6852.77,0.0,97.15,90.54,93.87,87.44,0.514977,0.961626,1.3641,2.07509,32.8346,31.9217,31.4467,31.0377,30.7491,30.4637,30.1813,29.9021,29.5163,29.0828,28.2916,26.7891,24.5165,21.7864,15.27
14.373,0.4476,0.0000,0.0000,5,102.46,-8.72,-2.56,0.9364,-0.1200,6826.75,0.0,96.57,90.17,93.38,87.25,0.488134,0.913202,1.29349,1.95135,3.48934,32.1425,31.6603,31.2453,30.9527,30.6634,30.3771,30.094,29.7028,29.2633,28.4608,26.9388,24.6373,21.8755,15.3025
14.391,0.4482,0.0000,0.0000,5,102.07,-9.21,-2.39,0.9391,-0.1158,6801.84,0.0,95.99,89.83,92.90,87.08,0.468396,0.877943,1.24328,1.87088,3.21725,32.3255,31.8369,31.4163,31.1198,30.8266,30.5367,30.2501,29.8542,29.4092,28.5967,27.0564,24.729,21.9398,15.3209
14.417,0.4486,0.0000,0.0000,5,101.69,-9.77,-2.28,0.9410,-0.1129,6778.24,0.0,95.44,89.50,92.49,86.86,0.454941,0.854574,1.21166,1.82536,3.10922,32.4936,31.9989,31.5729,31.2727,30.9757,30.6821,30.3918,29.9911,29.541,28.719,27.1606,24.8086,21.9931,15.3313
14.435,0.4490,0.0000,0.0000,5,101.30,-10.43,-2.28,0.9421,-0.1108,6754.45,0.0,94.95,89.12,92.14,86.58,0.447456,0.842647,1.19692,1.80862,3.07491,32.6703,32.1692,31.7379,31.4337,31.133,30.8356,30.5415,30.1355,29.6796,28.8477,27.2708,24.8927,22.0491,15.3399
14.454,0.4492,0.0000,0.0000,5,100.87,-11.01,-2.20,0.9423,-0.1091,6729.76,0.0,94.49,88.63,91.81,86.26,0.446173,0.84221,1.19867,1.81665,3.08889,32.87,32.3616,31.9242,31.616,31.3112,31.0098,30.7117,30.3002,29.8379,28.9947,27.3978,24.9906,22.1155,15.351
14.473,0.4497,0.0000,0.0000,5,100.44,-11.61,-2.13,0.9418,-0.1075,6703.64,0.0,94.01,88.17,91.44,85.93,0.450556,0.852764,1.21596,1.84488,3.16485,33.0802,32.5644,32.1205,31.8077,31.4985,31.1929,30.8908,30.4736,30.005,29.15,27.5317,25.0936,22.1851,15.3617
14.492,0.4507,0.0000,0.0000,5,100.00,-12.22,-2.05,0.9406,-0.1064,6676.17,0.0,93.58,87.72,91.11,85.54,0.460056,0.871462,1.24243,1.88636,3.27581,33.3157,32.792,32.3413,32.0237,31.7096,31.3993,31.0925,30.6691,30.1938,29.3263,27.6844,25.2127,22.2672,15.376
14.511,0.4520,0.0000,0.0000,5,99.52,-12.83,-1.96,0.9388,-0.1073,6648.44,0.0,93.18,87.14,90.79,85.12,0.473627,0.895518,1.27549,1.93538,3.37104,33.5935,33.0612,32.6031,32.2802,31.961,31.6454,31.3335,30.9029,30.4196,29.5383,27.8699,25.3603,22.372,15.3983
14.536,0.4537,0.0000,0.0000,5,99.03,-13.55,-1.86,0.9365,-0.1099,6618.68,0.0,92.79,86.55,90.46,84.68,0.490847,0.925591,1.31632,1.99438,3.44598,33.9104,33.3682,32.9018,32.5733,32.2485,31.9273,31.6099,31.1716,30.6796,29.7825,28.0854,25.5332,22.4968,15.4271
14.554,0.4557,0.4500,0.0000,5,98.51,-14.35,-1.81,0.9336,-0.1129,6588.95,0.0,92.37,85.96,90.08,84.29,0.511709,0.962103,1.36607,2.06503,3.52782,34.2522,33.6998,33.2245,32.8897,32.5587,32.2316,31.9084,31.4622,30.9611,30.0472,28.3193,25.7213,22.6332,15.4597
14.574,0.4578,0.6975,0.0000,5,98.11,-15.02,-1.69,0.9304,-0.1161,6922.55,0.0,91.91,85.40,91.49,91.49,0.535532,1.00386,1.42253,2.13956,3.61394,34.6143,34.0514,33.567,33.2258,32.8883,32.5549,32.2253,31.7705,31.2601,30.329,28.5681,25.9221,22.7791,15.4952
14.592,0.4597,0.8336,0.0000,5,97.81,-15.64,-1.52,0.9267,-0.1190,7060.94,0.0,91.46,84.92,93.46,93.46,0.562439,1.05092,1.48465,2.22384,3.73853,34.9773,34.4037,33.9103,33.5626,33.2188,32.879,32.5431,32.0795,31.5592,30.6108,28.8168,26.1224,22.924,15.5285
14.611,0.3960,0.9085,0.0000,5,97.57,-16.43,-1.48,0.9227,-0.1220,7243.87,0.0,91.08,84.58,95.76,95.76,0.591696,1.10038,1.54999,2.31323,3.86062,35.3527,34.7678,34.2647,33.9103,33.5601,33.2138,32.8716,32.3991,31.8688,30.9019,29.0743,26.3298,23.074,15.5626
14.636,0.3564,0.9497,0.0000,5,97.40,-17.17,-1.43,0.9184,-0.1268,7398.46,0.0,90.88,84.50,97.68,97.68,0.622662,1.15229,1.61824,2.4061,3.96332,35.7502,35.1538,34.6407,34.2792,33.9219,33.5687,33.2198,32.7383,32.1976,31.2116,29.3483,26.5508,23.2346,15.5997
14.654,0.3208,0.9723,0.0000,5,97.30,-18.02,-1.37,0.9137,-0.1318,7505.13,0.0,90.78,84.51,99.18,99.18,0.65596,1.2077,1.69082,2.50153,4.05314,36.1735,35.5652,35.0418,34.673,34.3084,33.9479,33.5917,33.1002,32.5486,31.543,29.6415,26.788,23.4074,15.6408
14.673,0.2887,0.9848,0.0000,5,97.28,-18.79,-1.25,0.9087,-0.1365,7540.1,0.0,90.72,84.59,99.77,99.77,0.69182,1.26815,1.77061,2.60497,4.1761,36.5949,35.9741,35.4402,35.0641,34.6923,34.3247,33.9614,33.4599,32.8971,31.8713,29.9319,27.0222,23.5768,15.6789
14.691,0.2598,0.9916,0.0000,5,97.36,-19.25,-1.05,0.9035,-0.1391,7516.89,0.0,90.64,84.83,99.44,99.44,0.730087,1.33586,1.86227,2.73791,4.4368,36.9401,36.3084,35.765,35.3821,35.0037,34.6298,34.2603,33.7501,33.1774,32.1335,30.1611,27.2025,23.7017,15.6963
14.710,0.2339,0.9954,0.0000,5,97.43,-19.62,-0.95,0.8981,-0.1400,7536.62,0.0,90.58,85.15,99.66,99.66,0.770472,1.40858,1.96448,2.89876,4.84178,37.2201,36.5787,36.0268,35.638,35.2537,34.8738,34.4985,33.9807,33.3995,32.3397,30.3378,27.3364,23.7885,15.6964
14.736,0.2105,0.9975,0.0000,5,97.49,-19.92,-0.88,0.8925,-0.1405,7597.56,0.0,90.55,85.48,100.45,100.45,0.812599,1.48641,2.077,3.08643,5.51678,37.457,36.8065,36.247,35.8527,35.463,35.0777,34.6971,34.1719,33.5826,32.5085,30.4794,27.4393,23.8495,15.6844
14.755,0.1894,0.9986,0.0000,5,97.55,-20.25,-0.86,0.8866,-0.1412,7674.19,0.0,90.58,85.76,101.46,101.46,0.856508,1.56877,2.19792,3.28981,38.9507,37.6815,37.0218,36.4545,36.055,35.66,35.2696,34.8838,34.3514,33.754,32.6658,30.6102,27.5325,23.9018,15.6679
14.773,0.1705,0.9992,0.0000,5,97.64,-20.60,-0.87,0.8805,-0.1416,7738.45,0.0,90.65,85.99,102.33,102.33,0.902708,1.65668,2.3278,3.51156,39.1816,37.8955,37.2269,36.6518,36.2467,35.8465,35.4511,35.0603,34.5209,33.9157,32.8131,30.7318,27.6171,23.9466,15.6472
14.792,0.1536,0.9996,0.0000,5,97.79,-20.85,-0.82,0.8742,-0.1414,7756.76,0.0,90.76,86.22,102.59,102.59,0.9512,1.75032,2.46603,3.75955,39.392,38.0891,37.412,36.8295,36.4192,36.0138,35.6132,35.2175,34.6716,34.0589,32.9426,30.8366,27.6867,23.9789,15.6203
14.811,0.2115,0.9998,0.0000,5,97.94,-21.02,-0.78,0.8676,-0.1405,7779.73,0.0,90.90,86.50,102.89,102.89,1.00162,1.84758,2.61232,4.03748,39.5823,38.2628,37.5775,36.988,36.5728,36.1624,35.7569,35.3564,34.8038,34.1841,33.0549,30.925,27.7417,23.9991,15.5876
14.836,0.2746,0.9999,0.0000,5,98.10,-21.14,-0.73,0.8609,-0.1392,7807.54,0.0,90.84,86.55,103.26,103.26,1.05372,1.94898,2.76787,4.34546,39.7557,38.4204,37.7267,37.1304,36.7105,36.2954,35.8852,35.48,34.9211,34.2942,33.1528,30.9996,27.7844,24.009,15.5498
14.854,0.3217,0.9999,0.0000,5,98.26,-21.26,-0.71,0.8539,-0.1386,7837.18,0.0,90.63,86.45,103.65,103.65,1.10726,2.05532,2.93454,4.69224,39.9107,38.5603,37.8587,37.2555,36.8308,36.4113,35.9967,35.5871,35.022,34.3883,33.2348,31.0597,27.8142,24.0078,15.5067
14.874,0.3569,0.9999,0.0000,5,98.41,-21.29,-0.64,0.8469,-0.1380,7865.03,0.0,90.40,86.26,104.02,104.02,1.16174,2.16459,3.10551,5.07212,40.0783,38.7031,37.9935,37.3834,36.9539,36.5296,36.1105,35.6965,35.1254,34.4848,33.3187,31.1217,27.8454,24.0075,15.4638
14.893,0.3830,1.0000,0.0000,5,98.56,-21.33,-0.54,0.8398,-0.1379,7867.94,0.0,90.23,86.05,104.09,104.09,1.21609,2.27206,3.27096,5.45469,40.3038,38.8795,38.1615,37.5441,37.1093,36.6799,36.2556,35.8367,35.259,34.611,33.4314,31.2099,27.8991,24.0254,15.4285
14.911,0.4024,1.0000,0.0000,5,98.72,-21.33,-0.39,0.8327,-0.1380,7853.83,0.0,90.10,85.87,103.89,103.89,1.27025,2.37705,3.43288,5.84022,40.5747,39.0869,38.3477,37.7227,37.2826,36.8478,36.4183,35.9941,35.4092,34.7535,33.56,31.3124,27.9652,24.0531,15.3973
14.936,0.4168,1.0000,0.0000,5,98.85,-21.37,-0.29,0.8256,-0.1381,7856.75,0.0,90.02,85.74,103.92,103.92,1.32427,2.48053,3.59356,6.24081,40.885,39.3287,38.5567,37.9116,37.4656,37.0254,36.5906,36.1611,35.5688,34.9049,33.697,31.4225,28.0376,24.0861,15.3682
14.955,0.4274,1.0000,0.0000,5,98.95,-21.47,-0.23,0.8185,-0.1384,7882.11,0.0,89.95,85.65,104.24,104.24,1.37784,2.58355,3.75387,6.67231,41.2316,39.6017,38.7946,38.1209,37.6573,37.2075,36.7674,36.3326,35.7329,35.0607,33.838,31.5364,28.1131,24.1211,15.34
14.974,0.4352,1.0000,0.0000,5,99.05,-21.62,-0.21,0.8114,-0.1394,7920.78,0.0,89.90,85.59,104.74,104.74,1.43158,2.68757,3.91398,7.14231,41.6153,39.9064,39.0618,38.3576,37.8733,37.4039,36.9488,36.507,35.9,35.2195,33.9816,31.6527,28.1905,24.1572,15.3118
14.991,0.4410,1.0000,0.0000,5,99.15,-21.80,-0.22,0.8042,-0.1402,7963.21,0.0,89.86,85.54,105.31,105.31,1.48587,2.79279,4.07607,7.68689,42.0342,40.2405,39.3558,38.6191,38.1129,37.6227,37.1477,36.6873,36.0662,35.3775,34.1245,31.768,28.2667,24.1922,15.2831
15.011,0.3822,1.0000,0.0000,5,99.28,-21.92,-0.21,0.7969,-0.1407,7973.23,0.0,89.83,85.53,105.47,105.47,1.54089,2.89956,4.24398,8.43937,42.475,40.5921,39.6653,38.8944,38.3654,37.8534,37.3577,36.8776,36.2304,35.5243,34.2568,31.8733,28.3342,24.2201,15.2512
15.036,0.3440,1.0000,0.0000,5,99.43,-21.97,-0.17,0.7896,-0.1407,7980.02,0.0,89.99,85.77,105.55,105.55,1.59703,3.00962,4.42192,47.6195,42.9272,40.951,39.9805,39.1744,38.6217,38.0872,37.5702,37.0698,36.3958,35.6613,34.371,31.9616,28.3868,24.2361,15.2144
15.055,0.3096,1.0000,0.0000,5,99.58,-22.01,-0.15,0.7823,-0.1403,8000.8,0.0,90.26,86.13,105.81,105.81,1.65317,3.12126,4.60395,48.3579,43.4047,41.3299,40.3132,39.47,38.8926,38.3346,37.7952,37.2737,36.5718,35.8077,34.4754,32.0411,28.4315,24.2456,15.175
15.074,0.2786,1.0000,0.0000,5,99.72,-22.05,-0.15,0.7749,-0.1402,8030.53,0.0,90.59,86.55,106.20,106.20,1.70952,3.23467,4.78871,49.1597,43.923,41.7419,40.6759,39.7931,39.1892,38.6061,38.0431,37.499,36.7676,35.9723,34.5878,32.1185,28.4744,24.2531,15.1346
15.093,0.2508,1.0000,0.0000,5,99.87,-22.10,-0.16,0.7675,-0.1405,8062.9,0.0,90.94,86.98,106.63,106.63,1.76577,3.34776,4.97375,50.0446,44.4958,42.1989,41.0794,40.1537,39.5212,38.9112,38.3226,37.7544,36.9913,36.1626,34.7224,32.1988,28.5196,24.2625,15.095
15.111,0.2257,1.0000,0.0000,5,100.04,-22.15,-0.16,0.7601,-0.1408,8088.39,0.0,91.31,87.41,106.98,106.98,1.82216,3.46007,5.15943,51.0261,45.1315,42.7078,41.5298,40.5574,39.8939,39.2546,38.6385,38.0442,37.2469,36.3822,34.8823,32.2832,28.5682,24.2745,15.0563
15.136,0.2310,1.0000,0.0000,5,100.25,-22.15,-0.12,0.7527,-0.1409,8086.95,0.0,91.68,87.84,106.97,106.97,1.87875,3.57271,5.34778,52.0951,45.8207,43.2592,42.0181,40.9955,40.2987,39.6281,38.9824,38.3602,37.5266,36.6236,35.0605,32.3652,28.614,24.2842,15.0169
15.155,0.2570,1.0000,0.0000,5,100.45,-22.12,-0.08,0.7454,-0.1408,8088.64,0.0,91.96,88.18,106.99,106.99,1.93488,3.68478,5.53517,53.2652,46.5715,43.8598,42.5502,41.4733,40.7405,40.0362,39.3587,38.7067,37.8341,36.8903,35.2599,32.4586,28.6581,24.2929,14.9774
15.173,0.2804,1.0000,0.0000,5,100.66,-22.08,-0.05,0.7382,-0.1406,8100.12,0.0,92.10,88.36,107.13,107.13,1.99035,3.79687,5.72295,54.549,47.3901,44.5139,43.1298,41.994,41.2224,40.4816,39.7699,39.0858,38.1714,37.184,35.4819,32.5682,28.7009,24.3001,14.9376
15.192,0.2979,1.0000,0.0000,5,100.86,-22.07,-0.05,0.7309,-0.1409,8122.32,0.0,92.18,88.47,107.42,107.42,2.04531,3.90807,5.91114,55.9676,48.2887,45.2312,43.7655,42.5653,41.7514,40.971,40.2222,39.5033,38.5438,37.5094,35.7304,32.6971,28.7437,24.3071,14.8979
15.211,0.3014,1.0000,0.0000,5,101.06,-22.06,-0.05,0.7238,-0.1413,8149.63,0.0,92.23,88.54,107.78,107.78,2.0997,4.01741,6.09808,57.5489,49.2833,46.0243,44.4683,43.1973,42.3368,41.5131,40.7238,39.967,38.9583,37.8729,36.0109,32.8494,28.7886,24.3159,14.8591
15.236,0.2521,1.0000,0.0000,5,101.26,-22.05,-0.05,0.7167,-0.1415,8167.37,0.0,92.31,88.64,108.03,108.03,2.15388,4.12576,6.28312,59.3142,50.3832,46.8994,45.2434,43.8944,42.9828,42.1114,41.2777,40.4795,39.4174,38.2766,36.3247,33.0254,28.8344,24.3257,14.8209
15.254,0.2269,1.0000,0.0000,5,101.49,-21.99,-0.03,0.7097,-0.1416,8170.37,0.0,92.59,88.95,108.07,108.07,2.20778,4.23442,6.47046,61.2554,51.5766,47.8447,46.0792,44.6449,43.6777,42.7547,41.8731,41.0301,39.9105,38.7102,36.6624,33.2174,28.8748,24.331,14.7815
15.273,0.2042,1.0000,0.0000,5,101.72,-21.92,-0.01,0.7028,-0.1414,8180.16,0.0,92.92,89.34,108.19,108.19,2.26082,4.34269,6.65846,63.4145,52.8856,48.877,46.9903,45.4622,44.434,43.4546,42.5205,41.6289,40.4468,39.1823,37.0312,33.4306,28.9233,24.3341,14.7417
15.291,0.1838,1.0000,0.0000,5,101.94,-21.85,-0.01,0.6959,-0.1411,8198.72,0.0,93.28,89.75,108.43,108.43,2.31326,4.45011,6.84783,65.8369,54.332,50.0122,47.9905,46.3581,45.2626,44.2208,43.2292,42.2843,41.0338,39.6993,37.4364,33.6685,28.9866,24.336,14.7018
15.310,0.1654,1.0000,0.0000,5,102.18,-21.79,-0.01,0.6891,-0.1414,8222.58,0.0,93.64,90.16,108.75,108.75,2.36478,4.55526,7.03406,68.5862,55.9464,51.273,49.0991,47.3501,46.1793,45.0683,44.0128,43.0088,41.683,40.2716,37.8863,33.9373,29.0685,24.3391,14.6626
15.336,0.1489,1.0000,0.0000,5,102.42,-21.74,-0.02,0.6825,-0.1417,8247.59,0.0,94.01,90.56,109.08,109.08,2.41566,4.65855,7.21649,71.7371,57.7586,52.6799,50.3334,48.4528,47.1974,46.0088,44.882,43.8123,42.4029,40.9065,38.3868,34.2405,29.1709,24.3438,14.6244
15.354,0.1340,1.0000,0.0000,5,102.68,-21.67,-0.02,0.6759,-0.1418,8258.21,0.0,94.37,90.95,109.23,109.23,2.466,4.76074,7.39747,76.0724,59.7879,54.2439,51.7013,49.6719,48.3216,47.0462,45.8397,44.6969,43.195,41.6047,38.9376,34.577,29.2924,24.3482,14.5867
15.373,0.1206,1.0000,0.0000,5,102.96,-21.57,-0.01,0.6695,-0.1416,8263.48,0.0,94.73,91.36,109.30,109.30,2.51578,4.86338,7.58234,84.9953,62.0393,55.9629,53.1987,51.0026,49.5461,48.174,46.8794,45.6559,44.052,42.3591,39.5316,34.9404,29.428,24.3481,14.5478
15.392,0.1419,1.0000,0.0000,5,103.24,-21.45,-0.00,0.6632,-0.1412,8273.22,0.0,95.08,91.76,109.43,109.43,2.56456,4.96509,7.76964,162.972,64.557,57.866,54.8492,52.4643,50.8885,49.4082,48.015,46.7018,44.9852,43.1791,40.1762,35.3355,29.5804,24.3445,14.5083
15.411,0.2189,1.0000,0.0000,5,103.53,-21.32,-0.00,0.6569,-0.1409,8289.09,0.0,95.31,92.04,109.63,109.63,2.61243,5.06565,7.95735,155.177,67.3923,59.985,56.678,54.0781,52.367,50.7646,49.2609,47.8473,46.0051,44.0738,40.8778,35.7661,29.7516,24.3393,14.4684
15.435,0.2767,1.0000,0.0000,5,103.81,-21.19,-0.01,0.6509,-0.1408,8308.91,0.0,95.32,92.08,109.89,109.89,2.65942,5.16469,8.14377,147.663,70.7629,62.3716,58.727,55.8789,54.0128,52.271,50.6419,49.1149,47.1314,45.0598,41.6497,36.2405,29.9462,24.3448,14.4287
15.454,0.3200,1.0000,0.0000,5,104.09,-21.06,-0.02,0.6450,-0.1407,8328.61,0.0,95.23,92.00,110.16,110.16,2.70551,5.26169,8.32689,140.378,76.2454,65.0903,61.0473,57.9093,55.8633,53.9609,52.1876,50.5309,48.3866,46.1567,42.5063,36.7681,30.1693,24.3659,14.3901
15.473,0.3525,1.0000,0.0000,5,104.38,-20.91,-0.03,0.6392,-0.1404,8337.27,0.0,95.14,91.90,110.28,110.28,2.75078,5.35731,8.50895,133.324,162.201,68.2143,63.6785,60.1997,57.9439,55.8552,53.9158,52.1103,49.7829,47.3734,43.4532,37.3505,30.4208,24.402,14.3522
15.491,0.3769,1.0000,0.0000,5,104.67,-20.74,-0.02,0.6336,-0.1400,8346.62,0.0,95.06,91.82,110.40,110.40,2.79479,5.45081,8.68849,126.487,154.714,72.7553,66.6747,62.7921,60.2899,57.9838,55.8517,53.8747,51.3373,48.7236,44.4994,37.9921,30.7023,24.4537,14.3148
15.517,0.3731,1.0000,0.0000,5,104.94,-20.58,-0.03,0.6281,-0.1395,8360.57,0.0,95.03,91.78,110.58,110.58,2.83738,5.54106,8.86188,119.812,147.463,161.96,70.7039,65.7634,62.9673,60.4038,58.045,55.8676,53.0865,50.2376,45.6669,38.7058,31.0203,24.5244,14.2789
15.535,0.2906,1.0000,0.0000,5,105.21,-20.42,-0.03,0.6227,-0.1393,8378.5,0.0,95.11,91.86,110.81,110.81,2.87859,5.62763,9.02671,113.247,140.408,154.53,79.5289,69.6835,66.0663,63.1875,60.5582,58.1432,55.0754,51.9522,46.9818,39.5062,31.3818,24.6174,14.2448
15.555,0.2616,1.0000,0.0000,5,105.47,-20.28,-0.05,0.6176,-0.1394,8397.91,0.0,95.52,92.27,111.07,111.07,2.91846,5.71026,9.18141,106.743,133.514,147.289,154.851,77.9551,70.5517,66.4839,63.4676,60.7668,57.357,53.9097,48.4732,40.4088,31.7938,24.7358,14.213
15.573,0.2354,1.0000,0.0000,5,105.75,-20.15,-0.06,0.6126,-0.1395,8414.54,0.0,96.00,92.77,111.30,111.30,2.95697,5.78876,9.32434,100.256,126.765,140.223,147.588,154.165,158.948,71.7814,67.059,63.8141,59.9915,56.1572,50.1716,41.4284,32.2621,24.8819,14.1838
15.592,0.2119,1.0000,0.0000,5,106.04,-20.01,-0.06,0.6077,-0.1396,8425.28,0.0,96.50,93.29,111.44,111.44,2.99408,5.86333,9.45692,93.751,120.171,133.347,140.53,146.932,151.583,156.303,73.5833,67.8217,63.0372,58.7375,52.1021,42.574,32.7882,25.0554,14.1565
15.610,0.1907,1.0000,0.0000,5,106.34,-19.88,-0.07,0.6031,-0.1396,8437.19,0.0,96.99,93.80,111.59,111.59,3.02958,5.93416,9.58093,87.1489,113.73,126.665,133.682,139.924,144.45,149.04,153.698,76.6933,66.9786,61.7081,54.298,43.8584,33.3753,25.2567,14.1308
15.635,0.1716,1.0000,0.0000,5,106.64,-19.74,-0.08,0.5985,-0.1394,8450.54,0.0,97.46,94.31,111.77,111.77,3.06363,6.0018,9.69822,80.2741,107.428,120.169,127.038,133.132,137.544,142.014,146.545,151.143,75.4391,65.3596,56.8039,45.2987,34.0282,25.4869,14.1063
15.654,0.1545,1.0000,0.0000,5,106.96,-19.60,-0.09,0.5942,-0.1397,8465.01,0.0,97.93,94.80,111.96,111.96,3.09637,6.06669,9.81006,72.6646,101.243,113.844,120.587,126.549,130.857,135.215,139.627,144.101,150.476,72.1847,59.6771,46.9166,34.753,25.7478,14.0828
15.673,0.1390,1.0000,0.0000,5,107.28,-19.46,-0.10,0.5901,-0.1400,8479.76,0.0,98.38,95.29,112.16,112.16,3.12782,6.12909,9.91626,60.6965,95.1436,107.678,114.317,120.164,124.379,128.634,132.938,137.296,143.498,150.748,63.0651,48.7378,35.5564,26.041,14.0602
15.691,0.1251,1.0000,0.0000,5,107.62,-19.30,-0.11,0.5861,-0.1400,8493.06,0.0,98.82,95.76,112.33,112.33,3.15811,6.18909,10.0177,39.3594,89.0923,101.654,108.218,113.969,118.102,122.266,126.471,130.722,136.764,143.817,68.6732,50.791,36.4449,26.3678,14.0383
15.717,0.1126,1.0000,0.0000,5,107.96,-19.14,-0.13,0.5824,-0.1399,8505.92,0.0,99.24,96.22,112.50,112.50,3.18705,6.24713,10.1178,31.1584,83.0388,95.7656,102.288,107.965,112.03,116.115,120.231,124.385,130.28,137.149,150.477,53.1049,37.4233,26.7283,14.0167
15.735,0.1013,1.0000,0.0000,5,108.32,-18.96,-0.14,0.5788,-0.1395,8518.61,0.0,99.65,96.67,112.67,112.67,3.21487,6.30461,10.2217,26.7716,76.8956,90.0053,96.5307,102.161,106.171,110.19,114.229,118.298,124.06,130.759,143.731,55.7068,38.4929,27.1209,13.9943
15.753,0.0912,1.0000,0.0000,5,108.69,-18.77,-0.16,0.5754,-0.1390,8531.01,0.0,100.06,97.13,112.84,112.84,3.24167,6.362,10.3306,24.0001,70.4339,84.3339,90.9217,96.5363,100.511,104.478,108.453,112.447,118.09,124.637,137.278,58.6415,39.6617,27.5467,13.971
15.773,0.0821,1.0000,0.0000,5,109.07,-18.54,-0.18,0.5722,-0.1386,8542.75,0.0,100.46,97.59,112.99,112.99,3.26759,6.41968,10.4106,22.0586,62.8999,78.6848,85.4232,91.0659,95.0253,98.9573,102.882,106.814,112.353,118.761,131.098,62.4706,40.94,28.0081,13.9467
15.792,0.0739,1.0000,0.0000,5,109.46,-18.30,-0.19,0.5692,-0.1380,8553.77,0.0,100.86,98.05,113.14,113.14,3.29255,6.47715,10.4476,20.596,49.8635,72.9453,79.9823,85.7113,89.6836,93.6019,97.4931,101.376,106.827,113.113,125.17,71.0276,42.342,28.5081,13.9253
15.816,0.0665,1.0000,0.0000,5,109.85,-18.04,-0.21,0.5664,-0.1371,8567.11,0.0,101.26,98.51,113.31,113.31,3.31648,6.53404,10.4489,19.4325,40.4794,66.8794,74.5146,80.4252,84.4473,88.3778,92.255,96.1051,101.486,107.665,119.47,144.538,43.8848,29.0506,13.9139
15.835,0.0598,1.0000,0.0000,5,110.26,-17.77,-0.23,0.5638,-0.1359,8579.1,0.0,101.66,98.97,113.47,113.47,3.33938,6.59151,10.4231,18.4781,34.7143,59.8086,68.9192,75.1744,79.3032,83.2812,87.1691,91.005,96.3361,102.428,114.008,138.466,45.5745,29.6342,13.912
15.854,0.0539,1.0000,0.0000,5,110.68,-17.47,-0.25,0.5614,-0.1343,8588.9,0.0,102.06,99.43,113.60,113.60,3.36166,6.65139,10.378,17.6794,30.8067,49.0878,62.9472,69.9024,74.2288,78.3065,82.2383,86.083,91.3876,97.4116,108.795,132.692,47.4128,30.2552,13.9189
15.873,0.0485,1.0000,0.0000,5,111.11,-17.13,-0.27,0.5591,-0.1327,8596.12,0.0,102.46,99.91,113.70,113.70,3.38333,6.71391,10.3156,16.9912,27.9577,41.3481,55.4578,64.4476,69.1469,73.4066,77.4292,81.3132,86.6191,92.598,103.815,127.198,49.4148,30.9157,13.9348
15.891,0.0436,1.0000,0.0000,5,111.56,-16.76,-0.29,0.5571,-0.1309,8600.73,0.0,102.87,100.40,113.76,113.76,3.40441,6.77177,10.2373,16.3832,25.7659,36.1612,46.0933,58.3679,63.9146,68.5098,72.6968,76.6618,82.0055,87.9657,99.0483,121.962,51.5993,31.618,13.96
15.917,0.0393,1.0000,0.0000,5,112.02,-16.36,-0.30,0.5553,-0.1287,8608.31,0.0,103.29,100.89,113.86,113.86,3.42489,6.80959,10.1441,15.8338,24.0074,32.4083,39.8589,49.9059,58.1743,63.492,67.9761,72.0874,77.5182,83.4903,94.4729,116.963,53.9889,32.3654,13.9948
15.934,0.0353,1.0000,0.0000,5,112.48,-15.95,-0.33,0.5536,-0.1262,8618.17,0.0,103.71,101.39,113.99,113.99,3.44462,6.82786,10.0358,15.3252,22.5419,29.5267,35.3848,42.826,50.4016,58.0477,63.1433,67.5159,73.1071,79.1327,90.0549,112.164,57.0077,33.1647,14.0401
15.953,0.0318,1.0000,0.0000,5,112.95,-15.51,-0.37,0.5521,-0.1233,8623.13,0.0,104.13,101.89,114.06,114.06,3.46404,6.83033,9.91901,14.8607,21.3153,27.2671,32.0492,37.8662,43.5112,51.1386,58.0695,62.9383,68.8035,74.9357,85.8423,107.618,62.0861,34.0013,14.0936
15.972,0.0286,1.0000,0.0000,5,113.45,-15.02,-0.39,0.5508,-0.1199,8623.92,0.0,104.55,102.41,114.07,114.07,3.48348,6.8187,9.79528,14.4329,20.2698,25.4424,29.4606,34.1911,38.6245,44.3828,52.1172,58.2327,64.5774,70.8905,81.8334,103.323,142.791,34.8704,14.1549
15.991,0.0258,1.0000,0.0000,5,113.95,-14.48,-0.41,0.5496,-0.1165,8620.56,0.0,104.99,102.95,114.03,114.03,3.50302,6.79357,9.66421,14.0331,19.3592,23.9256,27.3777,31.3393,34.9556,39.5189,45.4561,53.0306,60.3599,66.9681,78.0105,99.2622,137.941,35.7717,14.224
16.015,0.0051,1.0000,0.0000,5,114.47,-13.90,-0.42,0.5486,-0.1125,8615.31,0.0,105.44,103.50,113.96,113.96,3.52202,6.75528,9.52523,13.6539,18.5499,22.6323,25.6504,29.044,32.0785,35.824,40.5637,46.7524,56.0252,63.1325,74.3555,95.4175,133.369,36.7045,14.3012
16.034,-0.0485,1.0000,0.0000,5,114.98,-13.29,-0.45,0.5478,-0.1082,8622.17,0.0,105.97,104.13,114.05,114.05,3.53307,6.70366,9.37671,13.2871,17.813,21.4976,24.1712,27.1276,29.7275,32.8813,36.7868,41.7488,51.22,59.3103,70.8301,91.7526,129.03,37.6754,14.3873
16.053,-0.0950,1.0000,0.0000,5,115.52,-12.68,-0.44,0.5471,-0.1035,8619.85,0.0,106.65,104.91,114.02,114.02,3.53407,6.63772,9.21569,12.9232,17.1221,20.4697,22.8601,25.4663,27.7267,30.4301,33.7203,37.8115,45.5555,55.368,67.3785,88.2179,124.868,38.6988,14.484
16.072,-0.1311,1.0000,0.0000,5,116.08,-12.05,-0.44,0.5465,-0.0979,8609.12,0.0,107.26,105.71,113.89,113.89,3.52731,6.56759,9.06136,12.5973,16.5313,19.6154,21.7898,24.1345,26.1466,28.5271,31.3873,34.8877,41.3486,51.5128,64.2491,85.0515,121.152,39.6707,14.5799
16.090,-0.1494,1.0000,0.0000,5,116.68,-11.33,-0.44,0.5463,-0.1000,8588.29,0.0,107.71,106.57,113.62,113.62,3.51615,6.50698,8.9389,12.3537,16.1076,19.0175,21.052,23.2301,25.0864,27.2675,29.8664,33.0156,38.7392,48.2801,61.8281,82.5897,118.259,40.4176,14.6574
16.115,-0.1345,1.0000,0.0000,5,117.33,-10.41,-0.45,0.5473,-0.1020,8556.18,0.0,108.05,107.47,113.20,113.20,3.50303,6.46499,8.86409,12.2183,15.8862,18.7156,20.6865,22.7901,24.5776,26.6716,29.1582,32.1587,37.5768,46.5484,60.4115,81.0617,116.437,40.7931,14.7029
16.134,-0.1210,1.0000,0.0000,5,118.02,-9.21,-0.45,0.5494,-0.1016,8497.67,0.0,108.34,108.32,112.45,112.45,3.48795,6.44085,8.83457,12.1843,15.8513,18.6829,20.6569,22.7652,24.5577,26.6589,29.1557,32.1712,37.624,46.6602,59.9957,80.4464,115.661,40.774,14.7152
16.153,-0.1089,1.0000,0.0000,5,118.72,-7.77,-0.44,0.5526,-0.0989,8440.68,0.0,108.67,109.18,111.68,111.68,3.47051,6.43196,8.84502,12.2412,15.9854,18.8955,20.9341,23.1204,24.9867,27.1831,29.8052,32.9899,38.7987,48.0797,60.4541,80.6507,115.832,40.3965,14.6975
16.171,-0.0980,1.0000,0.0000,5,119.40,-6.24,-0.45,0.5569,-0.0944,8406.53,0.0,109.04,110.00,111.21,111.21,3.44994,6.43316,8.88541,12.3708,16.2604,19.3183,21.4787,23.8128,25.8192,28.1973,31.0604,34.5736,41.0847,50.0531,61.5486,81.4941,116.761,39.7559,14.6581
16.191,-0.0882,1.0000,0.0000,5,120.05,-4.75,-0.48,0.5621,-0.0888,8396.28,0.0,109.47,110.72,111.06,111.06,3.42552,6.43783,8.94216,12.5475,16.6359,19.8995,22.2321,24.7772,26.9865,29.6309,32.8526,36.8633,44.4662,52.1515,62.9863,82.73,118.174,38.9802,14.6076
16.215,-0.0794,1.0000,0.0000,5,120.67,-3.42,-0.52,0.5680,-0.0827,8403.22,0.0,109.95,111.34,111.14,111.14,3.39691,6.43951,9.00125,12.7431,17.0654,20.5775,23.1222,25.9325,28.4006,31.3906,35.0872,39.7741,47.5806,54.1365,64.5099,84.113,119.794,38.1846,14.5565
16.235,-0.0715,1.0000,0.0000,5,121.26,-2.32,-0.55,0.5743,-0.0766,8423.95,0.0,110.48,111.88,111.41,111.41,3.36431,6.43392,9.05219,12.9348,17.5082,21.2963,24.0822,27.2,29.9746,33.3824,37.6678,43.2125,49.8896,55.8857,65.9433,85.4595,121.4,37.4433,14.5115
16.253,-0.0643,1.0000,0.0000,5,121.84,-1.46,-0.53,0.5810,-0.0708,8453.86,0.0,111.05,112.38,111.80,111.80,3.32826,6.41881,9.08844,13.1066,17.9332,22.0098,25.0547,28.5104,31.6294,35.5178,40.5,45.9521,51.6818,57.3478,67.1866,86.6534,122.85,36.7922,14.4761
16.271,-0.0579,1.0000,0.0000,5,122.42,-0.81,-0.49,0.5877,-0.0656,8486.4,0.0,111.61,112.84,112.23,112.23,3.2899,6.39496,9.1093,13.2534,18.3271,22.6962,26.0109,29.8272,33.3226,37.7495,43.2985,47.8187,53.0826,58.5347,68.2164,87.6547,124.091,36.2342,14.4501
16.290,-0.0521,1.0000,0.0000,5,122.98,-0.35,-0.45,0.5944,-0.0608,8521.71,0.0,112.17,113.30,112.70,112.70,3.25029,6.36423,9.11695,13.377,18.6893,23.3517,26.9445,31.142,35.0448,40.0694,45.184,49.2025,54.1854,59.4849,69.0487,88.4708,125.125,35.7567,14.4321
16.315,-0.0469,1.0000,0.0000,5,123.55,-0.01,-0.41,0.6010,-0.0564,8558.43,0.0,112.72,113.75,113.18,113.18,3.21002,6.32761,9.1122,13.4767,19.0153,23.9665,27.8408,32.4339,36.7702,42.1461,46.5072,50.2427,55.0325,60.2203,69.691,89.101,125.947,35.3517,14.4209
16.334,-0.0422,1.0000,0.0000,5,124.13,0.21,-0.35,0.6073,-0.0526,8578.71,0.0,113.28,114.21,113.47,113.47,3.16978,6.2862,9.09612,13.5522,19.3005,24.5297,28.6828,33.6772,38.4648,43.4889,47.4505,51.0028,55.6542,60.7532,70.1478,89.5445,126.551,35.0127,14.4159
16.353,-0.0380,1.0000,0.0000,5,124.70,0.34,-0.26,0.6135,-0.0492,8604.09,0.0,113.87,114.68,113.79,113.79,3.12961,6.23952,9.067,13.5981,19.5302,25.0138,29.4295,34.8121,39.9487,44.3608,48.0812,51.5039,56.0483,61.0766,70.4039,89.7803,126.909,34.7409,14.4175
16.372,-0.0342,1.0000,0.0000,5,125.26,0.41,-0.17,0.6194,-0.0463,8645.87,0.0,114.44,115.14,114.33,114.33,3.08991,6.18897,9.0273,13.6182,19.7091,25.4224,30.082,35.8347,40.8852,44.9174,48.4711,51.7962,56.2548,61.2228,70.4885,89.8363,127.052,34.5236,14.4242
16.390,-0.0308,1.0000,0.0000,5,125.82,0.46,-0.12,0.6250,-0.0438,8696.79,0.0,114.99,115.61,115.00,115.00,3.05103,6.13637,8.98075,13.6202,19.8508,25.7745,30.6639,36.7735,41.4757,45.2624,48.69,51.9359,56.3221,61.236,70.4437,89.7549,127.031,34.3451,14.4343
16.415,-0.0277,1.0000,0.0000,5,126.38,0.48,-0.10,0.6305,-0.0414,8750.71,0.0,115.53,116.09,115.72,115.72,3.01326,6.08333,8.93077,13.6115,19.9694,26.0921,31.2037,37.607,41.8619,45.4673,48.7925,51.9702,56.292,61.1553,70.3066,89.5764,126.892,34.1921,14.446
16.434,-0.0249,1.0000,0.0000,5,126.94,0.50,-0.09,0.6357,-0.0393,8800.88,0.0,116.07,116.58,116.38,116.38,2.97676,6.03077,8.87934,13.5964,20.0731,26.3872,31.7177,38.1697,42.1072,45.5688,48.807,51.9249,56.1871,61.0033,70.0986,89.3215,126.663,34.0571,14.4584
16.453,-0.0224,1.0000,0.0000,5,127.51,0.51,-0.06,0.6407,-0.0373,8846.05,0.0,116.62,117.11,116.98,116.98,2.94137,5.97875,8.82695,13.5763,20.1652,26.6655,32.2133,38.537,42.2441,45.5875,48.7501,51.8139,56.0207,60.7918,69.832,89.0048,126.359,33.9361,14.4714
16.472,-0.0202,1.0000,0.0000,5,128.09,0.51,-0.03,0.6455,-0.0355,8886.69,0.0,117.17,117.62,117.52,117.52,2.90711,5.92733,8.77357,13.5509,20.2443,26.9235,32.6845,38.7571,42.287,45.53,48.6251,51.6393,55.794,60.5222,69.5065,88.6245,125.978,33.8291,14.4848
16.490,-0.0182,1.0000,0.0000,5,128.67,0.51,0.00,0.6501,-0.0338,8925.97,0.0,117.72,118.13,118.04,118.04,2.8739,5.87597,8.71795,13.5168,20.3017,27.1446,33.1057,38.8459,42.2327,45.3885,48.4224,51.3906,55.4958,60.1815,69.1098,88.1657,125.501,33.7395,14.4994
16.515,-0.0163,1.0000,0.0000,5,129.26,0.49,0.02,0.6545,-0.0323,8965.57,0.0,118.27,118.64,118.57,118.57,2.84158,5.82436,8.65958,13.4731,20.3348,27.3229,33.4609,38.8211,42.0887,45.1674,48.1453,51.0699,55.128,59.7712,68.6414,87.6288,124.929,33.6676,14.5152
16.535,-0.0147,1.0000,0.0000,5,129.86,0.47,0.07,0.6587,-0.0310,8987.62,0.0,118.83,119.16,118.87,118.87,2.80997,5.77212,8.59775,13.4178,20.3394,27.4499,33.648,38.6914,41.8571,44.8667,47.7928,50.6757,54.6875,59.2885,68.099,87.0097,124.254,33.6143,14.5327
16.553,-0.0132,1.0000,0.0000,5,130.46,0.43,0.13,0.6628,-0.0299,9020.84,0.0,119.40,119.69,119.30,119.30,2.7792,5.71955,8.53299,13.352,20.316,27.5247,33.6767,38.4708,41.5472,44.4933,47.3702,50.2133,54.1793,58.7374,67.4854,86.3112,123.481,33.581,14.5515
16.572,-0.0119,1.0000,0.0000,5,131.04,0.39,0.17,0.6668,-0.0290,9064.56,0.0,119.96,120.21,119.87,119.87,2.74916,5.66683,8.46597,13.2776,20.2694,27.5554,33.5909,38.1786,41.1743,44.0609,46.8906,49.6947,53.615,58.1298,66.8136,85.5471,122.627,33.577,14.5714
16.591,-0.0107,1.0000,0.0000,5,131.63,0.35,0.20,0.6706,-0.0282,9114.74,0.0,120.51,120.73,120.53,120.53,2.71974,5.61412,8.39739,13.1969,20.2055,27.5526,33.4233,37.8334,40.7535,43.5839,46.3679,49.1332,53.0079,57.479,66.0958,84.7318,121.708,33.6021,14.592
16.615,-0.0097,1.0000,0.0000,5,132.21,0.32,0.21,0.6743,-0.0274,9166.32,0.0,121.06,121.26,121.21,121.21,2.69106,5.56212,8.3289,13.1138,20.1328,27.5315,33.2007,37.453,40.3016,43.077,45.8161,48.5434,52.3722,56.7988,65.3474,83.8811,120.746,33.6537,14.6127
16.634,-0.0087,1.0000,0.0000,5,132.81,0.30,0.22,0.6779,-0.0267,9214.96,0.0,121.61,121.80,121.86,121.86,2.66302,5.51078,8.26056,13.029,20.0537,27.4969,32.9368,37.0444,39.8248,42.5468,45.2416,47.9305,51.7135,56.0949,64.5735,83.002,119.748,33.7323,14.6334
16.654,-0.0078,1.0000,0.0000,5,133.41,0.28,0.24,0.6814,-0.0261,9259.77,0.0,122.17,122.34,122.45,122.45,2.63557,5.46014,8.19264,12.9433,19.9697,27.4517,32.6387,36.6127,39.3272,41.9966,44.6473,47.2983,51.0352,55.3711,63.7785,82.0975,118.718,33.8375,14.654
16.672,-0.0070,1.0000,0.0000,5,134.01,0.26,0.25,0.6849,-0.0255,9302.32,0.0,122.73,122.89,123.02,123.02,2.60853,5.40968,8.12415,12.8545,19.8766,27.388,32.3036,36.1527,38.804,41.4216,44.0292,46.642,50.3322,54.622,62.9564,81.1621,117.65,33.9739,14.6748
16.690,-0.0063,1.0000,0.0000,5,134.62,0.25,0.26,0.6882,-0.0249,9344.45,0.0,123.29,123.44,123.58,123.58,2.58192,5.35936,8.05489,12.7619,19.7723,27.2705,31.9315,35.6631,38.253,40.8198,43.3841,45.9589,49.6018,53.8445,62.1036,80.1914,116.537,34.1461,14.6961
16.716,-0.0057,1.0000,0.0000,5,135.23,0.23,0.28,0.6915,-0.0245,9381.53,0.0,123.85,123.98,124.08,124.08,2.55557,5.30874,7.98413,12.6641,19.6538,27.0834,31.5219,35.1421,37.6723,40.1892,42.7101,45.2463,48.8414,53.0357,61.2178,79.1823,115.376,34.3589,14.7181
16.735,-0.0051,1.0000,0.0000,5,135.85,0.21,0.31,0.6948,-0.0241,9416.4,0.0,124.43,124.54,124.53,124.53,2.52956,5.25818,7.91264,12.563,19.5252,26.8441,31.0834,34.5974,37.0691,39.5363,42.0134,44.5109,48.0575,52.2029,60.3051,78.1417,114.175,34.6119,14.7405
16.753,-0.0046,1.0000,0.0000,5,136.46,0.19,0.34,0.6980,-0.0238,9457.67,0.0,125.00,125.10,125.07,125.07,2.50378,5.20753,7.84029,12.4587,19.3873,26.5617,30.6196,34.0315,36.4458,38.8628,41.2968,43.7551,47.2524,51.3474,59.368,77.0722,112.937,34.9091,14.7633
16.772,-0.0042,1.0000,0.0000,5,137.07,0.17,0.36,0.7011,-0.0235,9500.9,0.0,125.56,125.66,125.64,125.64,2.47832,5.15714,7.76778,12.3526,19.2434,26.2458,30.1366,33.4496,35.8068,38.1744,40.5645,42.9831,46.4306,50.4742,58.4115,75.9796,111.67,35.2533,14.7863
16.791,-0.0037,1.0000,0.0000,5,137.68,0.15,0.37,0.7043,-0.0233,9545.77,0.0,126.13,126.21,126.24,126.24,2.45302,5.10667,7.69464,12.2441,19.0924,25.8994,29.6347,32.8517,35.1528,37.471,39.8168,42.1952,45.5919,49.584,57.4354,74.8629,110.372,35.6482,14.8096
16.816,-0.0034,1.0000,0.0000,5,138.29,0.13,0.38,0.7074,-0.0230,9590.41,0.0,126.69,126.76,126.83,126.83,2.42784,5.05613,7.62094,12.1335,18.9356,25.5272,29.1169,32.2402,34.4856,36.7546,39.0557,41.3936,44.739,48.6776,56.442,73.7255,109.047,36.0997,14.8332
16.835,-0.0030,1.0000,0.0000,5,138.90,0.12,0.37,0.7104,-0.0229,9633.36,0.0,127.25,127.31,127.40,127.40,2.40284,5.00559,7.54677,12.0209,18.7727,25.1316,28.5836,31.6152,33.8051,36.0248,38.2813,40.5781,43.8708,47.7554,55.4302,72.5657,107.694,36.6155,14.8571
16.853,-0.0027,1.0000,0.0000,5,139.50,0.11,0.37,0.7135,-0.0227,9674.83,0.0,127.81,127.87,127.95,127.95,2.37782,4.9547,7.47166,11.9057,18.6033,24.7152,28.0359,30.9775,33.1125,35.2827,37.494,39.7494,42.9886,46.818,54.4011,71.3852,106.313,37.2024,14.8814
16.872,-0.0025,1.0000,0.0000,5,140.11,0.10,0.37,0.7165,-0.0226,9715.53,0.0,128.37,128.42,128.49,128.49,2.35303,4.90418,7.39697,11.7908,18.4331,24.2858,27.481,30.334,32.4143,34.5347,36.7006,38.9138,42.0993,45.8725,53.3622,70.1908,104.916,37.867,14.9056
16.891,-0.0022,1.0000,0.0000,5,140.72,0.09,0.37,0.7195,-0.0225,9757.55,0.0,128.93,128.98,129.04,129.04,2.32827,4.85347,7.32165,11.674,18.2581,23.8398,26.9144,29.6801,31.706,33.7766,35.8966,38.0674,41.198,44.9137,52.3084,68.9777,103.495,38.6235,14.9301
16.916,-0.0460,1.0000,0.0000,5,141.32,0.08,0.36,0.7225,-0.0224,9798.52,0.0,129.49,129.53,129.58,129.58,2.30347,4.80237,7.24539,11.5546,18.0766,23.3767,26.3352,29.0152,30.9869,33.0073,35.0811,37.2087,40.2833,43.9406,51.2372,67.7434,102.046,39.4913,14.9551
16.935,-0.0809,1.0000,0.0000,5,141.92,-0.02,0.36,0.7254,-0.0214,9837.72,0.0,129.92,130.17,130.10,130.10,2.28173,4.76599,7.20232,11.5185,18.073,23.1091,25.9641,28.5675,30.4908,32.4675,34.5007,36.5916,39.619,43.2282,50.4481,66.8403,101.032,40.195,14.9635
16.953,-0.0987,1.0000,0.0000,5,142.52,-0.00,0.36,0.7280,-0.0182,9877.6,0.0,130.22,130.92,130.63,130.63,2.26683,4.76134,7.23076,11.6634,18.397,23.2334,26.0119,28.56,30.4491,32.3966,34.4039,36.4728,39.4741,43.0596,50.2512,66.6384,100.946,40.3632,14.9371
16.972,-0.0888,1.0000,0.0000,5,143.11,0.18,0.37,0.7302,-0.0131,9919.63,0.0,130.53,131.68,131.18,131.18,2.25974,4.7904,7.33516,12.006,18.9951,23.703,26.4348,28.9528,30.8242,32.7588,34.7561,36.8179,39.8155,43.4031,50.6165,67.1091,101.757,39.9829,14.877
16.997,-0.0799,1.0000,0.0000,5,143.75,0.55,0.37,0.7321,-0.0062,9966.96,0.0,130.98,132.42,131.81,131.81,2.25939,4.85007,7.51201,12.5545,19.7697,24.3979,27.1021,29.6041,31.4705,33.4018,35.4009,37.4673,40.4761,44.0848,51.3571,68.0394,103.209,39.2722,14.7895
17.015,-0.0719,1.0000,0.0000,5,144.40,0.90,0.36,0.7333,0.0007,10013.9,0.0,131.54,133.02,132.43,132.43,2.26467,4.92495,7.72131,13.2033,20.4871,25.0608,27.7499,30.2451,32.1089,34.0433,36.0466,38.1215,41.1472,44.7809,52.1203,69.0074,104.724,38.5902,14.6976
17.041,-0.0647,1.0000,0.0000,5,145.04,1.16,0.34,0.7338,0.0072,10060.1,0.0,132.17,133.57,133.04,133.04,2.27505,5.01025,7.95057,13.8987,21.0881,25.621,28.296,30.7855,32.6497,34.5851,36.594,38.6763,41.7167,45.3747,52.7764,69.8563,106.094,38.0374,14.6074
17.060,-0.0583,1.0000,0.0000,5,145.68,1.35,0.32,0.7336,0.0132,10110.9,0.0,132.81,134.11,133.69,133.69,2.29069,5.10528,8.19702,14.4926,21.5723,26.0641,28.7261,31.2082,33.07,35.0067,37.0181,39.1061,42.1588,45.8363,53.2919,70.5435,107.258,37.6228,14.5199
17.085,-0.0524,1.0000,0.0000,5,146.30,1.49,0.26,0.7327,0.0188,10173.5,0.0,133.43,134.65,134.54,134.54,2.31178,5.21165,8.4648,14.9816,21.9627,26.4161,29.0639,31.5389,33.3971,35.3331,37.3462,39.4377,42.5002,46.1941,53.6965,71.1044,108.264,37.3089,14.4333
17.104,-0.0472,1.0000,0.0000,5,146.95,1.57,0.23,0.7311,0.0241,10209.6,0.0,134.07,135.20,135.03,135.03,2.33844,5.32938,8.75342,15.3782,22.2631,26.6767,29.308,31.7722,33.6268,35.5593,37.5724,39.6655,42.7335,46.4402,53.9812,71.5244,109.087,37.095,14.3478
17.128,-0.0425,1.0000,0.0000,5,147.60,1.59,0.21,0.7288,0.0288,10243.6,0.0,134.72,135.75,135.48,135.48,2.37047,5.45688,9.05794,15.683,22.4644,26.8309,29.4423,31.8924,33.7386,35.6659,37.6743,39.7658,42.8351,46.5471,54.1136,71.7661,109.677,36.9979,14.2649
17.147,-0.0382,1.0000,0.0000,5,148.25,1.56,0.21,0.7258,0.0330,10277.3,0.0,135.38,136.29,135.92,135.92,2.40771,5.5932,9.36506,15.8985,22.5654,26.8769,29.4632,31.8948,33.7287,35.6458,37.6463,39.7315,42.7955,46.5061,54.0841,71.8135,110.011,37.022,14.1915
17.172,-0.0344,1.0000,0.0000,5,148.90,1.49,0.17,0.7221,0.0367,10312.6,0.0,136.02,136.81,136.39,136.39,2.44976,5.73645,9.6159,16.0269,22.5636,26.8098,29.3637,31.7697,33.5874,35.4897,37.4776,39.5511,42.6023,46.3029,53.8752,71.644,110.055,37.1811,14.1305
17.191,-0.0310,1.0000,0.0000,5,149.55,1.37,0.12,0.7177,0.0397,10351.5,0.0,136.68,137.34,136.90,136.90,2.49613,5.88456,9.80293,16.0711,22.4588,26.6266,29.141,31.5141,33.3108,35.1926,37.1617,39.2185,42.2481,45.9293,53.4768,71.2436,109.788,37.49,14.0829
17.216,-0.0279,1.0000,0.0000,5,150.19,1.24,0.08,0.7128,0.0423,10393.4,0.0,137.33,137.90,137.45,137.45,2.54675,6.03953,9.93866,16.0537,22.2831,26.365,28.8354,31.171,32.9426,34.8007,36.747,38.7826,41.7852,45.4397,52.9492,70.6856,109.31,37.9159,14.0467
17.235,-0.0251,1.0000,0.0000,5,150.80,1.14,-0.02,0.7074,0.0447,10475.1,0.0,137.95,138.47,138.51,138.51,2.60192,6.1889,10.0388,15.9988,22.0697,26.0628,28.4875,30.7843,32.5288,34.361,36.283,38.296,41.2691,44.8931,52.3571,70.0493,108.727,38.4174,14.0187
17.260,-0.0226,1.0000,0.0000,6,151.44,1.09,-0.12,0.7015,0.0472,10522.1,0.0,138.53,139.05,139.16,139.16,2.66172,6.31632,10.1142,15.9273,21.8459,25.7546,28.1339,30.3924,32.1104,33.918,35.8151,37.8053,40.7489,44.3426,51.7613,69.4094,108.144,38.9531,13.9969
17.278,-0.0203,1.0000,0.0000,6,151.70,0.99,-0.17,0.6951,0.0494,9643.13,0.0,139.04,139.52,133.82,134.27,2.72545,6.41846,10.1569,15.8212,21.5857,25.4068,27.7386,29.9572,31.6469,33.4269,35.2979,37.2631,40.174,43.7341,51.1007,68.6892,107.453,39.5796,13.9844
17.304,-0.0183,1.0000,0.0000,6,151.54,0.87,-0.19,0.6882,0.0514,9648.26,0.0,139.05,139.47,133.45,133.86,2.7925,6.4944,10.1649,15.6738,21.278,25.0053,27.286,29.4607,31.1193,32.869,34.7111,36.6476,39.5212,43.0416,50.3446,67.8497,106.6,40.3407,13.9827
17.322,-0.0165,1.0000,0.0000,6,151.37,0.77,-0.20,0.6810,0.0532,9257.41,0.0,138.92,139.30,133.42,133.76,2.85775,6.54988,10.1484,15.5011,20.9453,24.578,26.8067,28.9354,30.5621,32.2799,34.0915,35.9981,38.8316,42.3097,49.5432,66.9528,105.666,41.2051,13.9894
17.347,-0.0148,1.0000,0.0000,6,151.64,0.69,-0.23,0.6734,0.0548,9567.34,0.0,138.95,139.29,138.00,138.00,2.91317,6.5841,10.1051,15.2991,20.5803,24.1149,26.2892,28.3699,29.9628,31.6471,33.4257,35.3001,38.0903,41.5217,48.6776,65.9748,104.621,42.2146,14.0063
17.373,-0.0133,1.0000,0.0000,6,152.20,0.64,-0.25,0.6658,0.0507,9617.54,0.0,139.39,139.71,138.76,138.76,2.95892,6.59884,10.0385,15.0745,20.1917,23.6278,25.7465,27.7779,29.3359,30.985,32.7292,34.5699,37.3145,40.6963,47.7691,64.9418,103.502,43.3702,14.0326
17.391,-0.0120,1.0000,0.0000,6,152.78,0.59,-0.27,0.6591,0.0435,9650.61,0.0,139.93,140.21,139.21,139.21,2.99479,6.59463,9.94919,14.8253,19.777,23.1117,25.1736,27.1536,28.6747,30.2872,31.9952,33.8002,36.4959,39.8244,46.8069,63.8405,102.291,44.7199,14.0687
17.417,-0.0108,1.0000,0.0000,6,153.34,0.54,-0.33,0.6535,0.0362,9692.88,0.0,140.46,140.71,139.85,139.85,3.02134,6.57241,9.83783,14.5515,19.3359,22.5668,24.5697,26.4966,27.9791,29.5532,31.2229,32.99,35.6339,38.9058,45.7903,62.6688,100.983,46.3201,14.1154
17.435,-0.0338,1.0000,0.0000,6,153.92,0.49,-0.38,0.6489,0.0287,9721.29,0.0,141.00,141.22,140.26,140.26,3.03883,6.53312,9.70641,14.2564,18.8726,21.9983,23.9399,25.8123,27.2551,28.7894,30.4191,32.1465,34.7357,37.9473,44.7264,61.4353,99.5913,48.235,14.1728
17.460,-0.0757,1.0000,0.0000,6,154.50,0.40,-0.42,0.6454,0.0224,9749.5,0.0,141.46,141.80,140.67,140.67,3.04997,6.49055,9.58249,13.9916,18.4635,21.4986,23.3885,25.214,26.6225,28.1228,29.7185,31.4126,33.9558,37.1173,43.8108,60.394,98.4787,50.1253,14.2289
17.479,-0.1130,1.0000,0.0000,6,155.06,0.37,-0.43,0.6426,0.0180,9781.84,0.0,141.76,142.46,141.13,141.13,3.06007,6.46925,9.5133,13.843,18.2369,21.2256,23.0897,24.8935,26.2867,27.7726,29.3543,31.0356,33.5632,36.7097,43.3888,59.9987,98.303,51.0093,14.2616
17.504,-0.1081,1.0000,0.0000,6,155.61,0.51,-0.44,0.6404,0.0161,9818.65,0.0,141.97,143.18,141.66,141.66,3.07378,6.48471,9.52746,13.859,18.2644,21.2684,23.1447,24.9614,26.3664,27.8653,29.4621,31.1609,33.7164,36.9008,43.6672,60.5262,99.4734,50.2118,14.2568
17.523,-0.0973,1.0000,0.0000,6,156.15,0.88,-0.44,0.6387,0.0161,9857.8,0.0,142.29,143.89,142.22,142.22,3.0899,6.52599,9.60039,13.9919,18.475,21.5388,23.455,25.3114,26.7478,28.2804,29.9148,31.653,34.2691,37.5303,44.463,61.7403,101.653,48.491,14.2252
17.554,-0.0876,1.0000,0.0000,6,156.69,1.29,-0.44,0.6372,0.0171,9896.69,0.0,142.72,144.47,142.78,142.78,3.10533,6.57327,9.68979,14.1621,18.7463,21.8868,23.8522,25.7585,27.2335,28.8089,30.4872,32.2744,34.9642,38.3173,45.4462,63.2062,104.321,46.7796,14.1863
17.567,-0.0788,1.0000,0.0000,6,157.22,1.64,-0.43,0.6360,0.0179,9935.84,0.0,143.23,144.96,143.35,143.35,3.11851,6.61603,9.77267,14.3237,19.0074,22.2241,24.2402,26.1958,27.7104,29.3276,31.0519,32.8874,35.651,39.0969,46.4225,64.6706,107.178,45.3706,14.1509
17.590,-0.0709,1.0000,0.0000,6,157.76,1.90,-0.43,0.6350,0.0181,9971.15,0.0,143.77,145.40,143.86,143.86,3.12901,6.64895,9.83735,14.4527,19.2228,22.5066,24.5671,26.5677,28.117,29.7732,31.5387,33.419,36.2506,39.7822,47.292,65.9972,110.014,44.3006,14.1238
17.610,-0.0639,1.0000,0.0000,6,158.30,2.05,-0.44,0.6341,0.0181,10004.1,0.0,144.34,145.83,144.34,144.34,3.13646,6.66934,9.87784,14.5383,19.3731,22.7094,24.8057,26.8429,28.4215,30.109,31.9101,33.8279,36.7181,40.3236,47.9948,67.1105,112.685,43.5439,14.1069
17.635,-0.0575,1.0000,0.0000,6,158.85,2.12,-0.44,0.6334,0.0175,10036.1,0.0,144.91,146.26,144.80,144.80,3.14063,6.67683,9.89254,14.5762,19.4506,22.8235,24.9459,27.01,28.6109,30.3232,32.1517,34.0992,37.0363,40.7029,48.5096,67.9814,115.107,43.0521,14.1005
17.655,-0.0517,1.0000,0.0000,6,159.39,2.11,-0.45,0.6329,0.0162,10067.3,0.0,145.49,146.69,145.25,145.25,3.14175,6.67135,9.88167,14.5653,19.455,22.8472,24.9848,27.0662,28.6817,30.411,32.2583,34.2289,37.2008,40.9143,48.8291,68.5992,117.216,42.7868,14.1047
17.679,-0.0465,1.0000,0.0000,6,159.94,2.04,-0.45,0.6326,0.0143,10097.2,0.0,146.06,147.14,145.68,145.68,3.13977,6.65347,9.84645,14.5091,19.3903,22.785,24.9278,27.0169,28.6401,30.3792,32.2379,34.2221,37.2175,40.9644,48.961,68.9746,118.991,42.7134,14.1188
17.698,-0.0419,1.0000,0.0000,6,160.49,1.93,-0.46,0.6324,0.0123,10126.9,0.0,146.63,147.59,146.11,146.11,3.13454,6.62405,9.78934,14.4133,19.2643,22.6474,24.7864,26.8744,28.4989,30.2399,32.1038,34.0942,37.103,40.8706,48.9251,69.1312,120.437,42.7995,14.1418
17.723,-0.0377,1.0000,0.0000,6,161.03,1.80,-0.47,0.6325,0.0098,10157.7,0.0,147.19,148.05,146.56,146.56,3.12596,6.58389,9.71207,14.2806,19.0822,22.4396,24.567,26.6457,28.2655,30.0027,31.8644,33.8545,36.8662,40.6435,48.7327,69.0841,121.554,43.0296,14.1733
17.741,-0.0339,1.0000,0.0000,6,161.59,1.67,-0.48,0.6330,0.0068,10188.3,0.0,147.75,148.51,147.00,147.00,3.11401,6.53325,9.61631,14.1146,18.8504,22.1701,24.2775,26.3406,27.949,29.6775,31.5306,33.5145,36.5199,40.295,48.3983,68.8524,122.347,43.3901,14.2132
17.767,-0.0305,1.0000,0.0000,6,162.13,1.53,-0.48,0.6337,0.0037,10218.9,0.0,148.30,148.98,147.44,147.44,3.09843,6.47246,9.50339,13.919,18.5743,21.846,23.9265,25.9668,27.5596,29.2729,31.1122,33.0837,36.0749,39.8386,47.9366,68.4529,122.831,43.874,14.2611
17.786,-0.0275,1.0000,0.0000,6,162.68,1.39,-0.49,0.6349,0.0004,10250.4,0.0,148.84,149.46,147.89,147.89,3.07887,6.40199,9.37433,13.6977,18.2598,21.4739,23.5223,25.5338,27.1062,28.8,30.6208,32.575,35.5442,39.2868,47.3624,67.906,123.029,44.4735,14.3165
17.811,-0.0247,1.0000,0.0000,6,163.23,1.26,-0.49,0.6365,-0.0032,10282.4,0.0,149.38,149.94,148.35,148.35,3.05527,6.32179,9.2298,13.451,17.9086,21.0565,23.067,25.0441,26.5929,28.2621,30.0595,31.9906,34.9306,38.6441,46.6808,67.2172,122.934,45.196,14.38
17.829,-0.0223,1.0000,0.0000,6,163.78,1.14,-0.50,0.6386,-0.0070,10314.1,0.0,149.92,150.42,148.81,148.81,3.02743,6.23214,9.07105,13.1819,17.5252,20.5995,22.5672,24.5052,26.0259,27.6669,29.4365,31.3406,34.2447,37.9205,45.9012,66.3991,122.569,46.0432,14.4515
17.854,-0.0230,1.0000,0.0000,6,164.33,1.03,-0.50,0.6411,-0.0108,10345.9,0.0,150.45,150.90,149.27,149.27,2.99499,6.13271,8.89819,12.892,17.113,20.1074,22.0277,23.923,25.4112,27.0208,28.7586,30.6314,33.4928,37.1239,45.0345,65.4645,121.95,47.0224,14.5309
17.873,-0.0403,1.0000,0.0000,6,164.87,0.92,-0.51,0.6443,-0.0147,10378.8,0.0,150.97,151.39,149.74,149.74,2.95818,6.02548,8.71482,12.5886,16.6839,19.595,21.4658,23.315,24.7701,26.3456,28.0496,29.8882,32.7037,36.2858,44.1172,64.4627,121.189,48.1069,14.6168
17.898,-0.0742,1.0000,0.0000,6,165.42,0.81,-0.51,0.6479,-0.0181,10411.8,0.0,151.41,151.93,150.22,150.22,2.91912,5.92035,8.54158,12.311,16.2991,19.1408,20.9705,22.7829,24.2107,25.7591,27.4357,29.2486,32.0294,35.5751,43.3545,63.6753,120.996,49.0329,14.6983
17.916,-0.0976,1.0000,0.0000,6,165.95,0.77,-0.51,0.6520,-0.0197,10446.2,0.0,151.71,152.54,150.72,150.72,2.88174,5.83472,8.41251,12.1235,16.0608,18.8751,20.691,22.4927,23.9145,25.4578,27.131,28.943,31.7256,35.2805,43.0995,63.5936,122.398,49.2848,14.7554
17.941,-0.1021,1.0000,0.0000,6,166.47,0.92,-0.52,0.6562,-0.0191,10483.0,0.0,151.95,153.19,151.25,151.25,2.84852,5.77697,8.34322,12.0548,16.0152,18.8578,20.6969,22.5237,23.9674,25.5363,27.2388,29.0831,31.9196,35.5454,43.5299,64.4693,124.631,48.6473,14.7778
17.960,-0.0919,1.0000,0.0000,6,166.98,1.24,-0.52,0.6604,-0.0171,10520.6,0.0,152.25,153.82,151.79,151.79,2.81905,5.74081,8.31939,12.0778,16.119,19.0346,20.9254,22.807,24.2954,25.914,27.6721,29.5772,32.5082,36.2564,44.5068,66.1087,126.88,47.4585,14.7738
17.985,-0.0827,1.0000,0.0000,6,167.50,1.63,-0.52,0.6647,-0.0145,10556.9,0.0,152.67,154.37,152.31,152.31,2.79132,5.7134,8.3138,12.1378,16.2854,19.294,21.2504,23.2006,24.7437,26.4243,28.2491,30.2283,33.2738,37.1669,45.7297,68.0865,128.74,46.1928,14.7598
18.011,-0.0744,1.0000,0.0000,6,168.01,1.95,-0.53,0.6688,-0.0119,10591.1,0.0,153.16,154.83,152.81,152.81,2.7636,5.68439,8.3052,12.1923,16.4447,19.5462,21.569,23.5869,25.1862,26.928,28.8213,30.8749,34.0342,38.0728,46.949,70.0594,130.114,45.1077,14.7481
18.029,-0.0670,1.0000,0.0000,6,168.52,2.17,-0.53,0.6729,-0.0099,10623.4,0.0,153.68,155.25,153.28,153.28,2.73546,5.64963,8.28293,12.2198,16.5609,19.744,21.8243,23.9038,25.5532,27.3505,29.3056,31.4266,34.6911,38.8634,48.0273,71.8364,131.041,44.2684,14.7442
18.055,-0.0603,1.0000,0.0000,6,169.04,2.28,-0.53,0.6768,-0.0086,10653.9,0.0,154.23,155.66,153.72,153.72,2.70682,5.60765,8.24388,12.2117,16.6182,19.8651,21.9926,24.122,25.8129,27.6568,29.6639,31.8422,35.1965,39.4852,48.9009,73.3341,131.593,43.6658,14.7497
18.073,-0.0543,1.0000,0.0000,6,169.56,2.29,-0.54,0.6806,-0.0078,10683.1,0.0,154.79,156.07,154.14,154.14,2.67735,5.55793,8.18713,12.1653,16.6112,19.9018,22.0638,24.2312,25.9535,27.8343,29.8821,32.1071,35.5338,39.9181,49.5478,74.5221,131.839,43.271,14.7647
18.097,-0.0488,1.0000,0.0000,6,170.08,2.24,-0.54,0.6843,-0.0076,10712.1,0.0,155.34,156.48,154.56,154.56,2.64719,5.50097,8.11319,12.0823,16.5416,19.8564,22.0388,24.231,25.9759,27.882,29.9596,32.2193,35.7019,40.1614,49.9643,75.396,131.834,43.0512,14.7888
18.117,-0.0440,1.0000,0.0000,6,170.60,2.13,-0.54,0.6879,-0.0080,10740.8,0.0,155.89,156.91,154.97,154.97,2.61638,5.43773,8.02426,11.9667,16.4153,19.7354,21.9268,24.1316,25.8892,27.8115,29.909,32.1914,35.7149,40.2304,50.1693,76.0104,131.63,42.9766,14.821
18.142,-0.0396,1.0000,0.0000,6,171.12,2.00,-0.54,0.6915,-0.0087,10769.7,0.0,156.43,157.34,155.39,155.39,2.58464,5.36842,7.92211,11.8218,16.2384,19.5469,21.7363,23.9428,25.704,27.6328,29.7406,32.0359,35.5846,40.1393,50.1809,76.398,131.263,43.0243,14.8604
18.160,-0.0356,1.0000,0.0000,6,171.65,1.85,-0.54,0.6951,-0.0099,10798.9,0.0,156.97,157.78,155.81,155.81,2.5517,5.29341,7.80764,11.651,16.0169,19.2986,21.4757,23.6742,25.4317,27.3589,29.4673,31.7672,35.3276,39.9054,50.0204,76.5739,130.763,43.1766,14.9066
18.185,-0.0374,1.0000,0.0000,6,172.17,1.70,-0.55,0.6988,-0.0115,10828.4,0.0,157.50,158.23,156.23,156.23,2.5174,5.2128,7.68151,11.4571,15.7561,18.9978,21.1535,23.3347,25.081,26.9992,29.1012,31.3968,34.9566,39.5433,49.7033,76.5476,130.152,43.42,14.9591
18.205,-0.0582,1.0000,0.0000,6,172.69,1.55,-0.55,0.7026,-0.0130,10858.4,0.0,158.00,158.69,156.67,156.67,2.4819,5.12886,7.54947,11.2512,15.4748,18.6693,20.7988,22.9575,24.6889,26.5941,28.6838,30.9721,34.5245,39.1124,49.3024,76.4179,129.479,43.7122,15.0153
18.229,-0.0753,1.0000,0.0000,6,173.21,1.40,-0.55,0.7065,-0.0140,10889.8,0.0,158.41,159.20,157.12,157.12,2.44715,5.05197,7.43371,11.0805,15.2539,18.4216,20.5386,22.6887,24.4169,26.3197,28.4113,30.7028,34.2687,38.8801,49.1474,76.7051,128.932,43.849,15.0622
18.248,-0.0878,1.0000,0.0000,6,173.72,1.37,-0.55,0.7104,-0.0138,10922.7,0.0,158.73,159.76,157.59,157.59,2.41543,4.99163,7.35399,10.9852,15.1632,18.3487,20.4839,22.6557,24.4039,26.3313,28.4511,30.7778,34.4002,39.089,49.539,77.9374,128.656,43.6578,15.0875
18.273,-0.0967,1.0000,0.0000,6,174.22,1.48,-0.55,0.7142,-0.0122,10956.8,0.0,159.05,160.34,158.08,158.08,2.38745,4.94994,7.31328,10.9716,15.2139,18.4666,20.6524,22.8811,24.6763,26.6576,28.8385,31.2322,34.9605,39.7875,50.5343,80.3573,128.64,43.1413,15.0896
18.292,-0.0927,1.0000,0.0000,6,174.71,1.70,-0.55,0.7179,-0.0095,10991.4,0.0,159.37,160.89,158.58,158.58,2.36359,4.92576,7.30899,11.0337,15.3963,18.7627,21.0324,23.3502,25.2181,27.2811,29.5524,32.0455,35.9256,40.9437,52.0929,84.126,128.809,42.3823,15.0711
18.317,-0.0835,1.0000,0.0000,6,175.20,1.98,-0.55,0.7212,-0.0062,11025.4,0.0,159.76,161.41,159.07,159.07,2.34325,4.91373,7.32898,11.1461,15.6675,19.1804,21.5564,23.9851,25.9438,28.1082,30.4904,33.1019,37.1642,42.4098,54.0244,89.2069,129.035,41.5287,15.0405
18.335,-0.0751,1.0000,0.0000,6,175.69,2.24,-0.55,0.7242,-0.0029,11057.8,0.0,160.22,161.87,159.54,159.54,2.32545,4.90658,7.35618,11.2715,15.9622,19.6312,22.1191,24.6642,26.7199,28.989,31.4855,34.222,38.4722,43.9496,56.0397,95.3098,129.183,40.7329,15.0085
18.360,-0.0676,1.0000,0.0000,6,176.18,2.41,-0.55,0.7269,-0.0000,11088.3,0.0,160.72,162.28,159.99,159.99,2.3093,4.89912,7.37931,11.384,16.2312,20.047,22.64,25.2969,27.4413,29.811,32.416,35.2689,39.6957,45.3913,57.9252,101.757,129.184,40.0674,14.9812
18.379,-0.0608,1.0000,0.0000,6,176.68,2.49,-0.55,0.7293,0.0022,11117.1,0.0,161.25,162.68,160.40,160.40,2.29456,4.88963,7.39364,11.4722,16.4541,20.3971,23.0843,25.8384,28.0638,30.521,33.2219,36.1789,40.7639,46.653,59.5863,104.584,129.026,39.5399,14.961
18.405,-0.0548,1.0000,0.0000,6,177.18,2.49,-0.55,0.7313,0.0038,11145.2,0.0,161.78,163.07,160.81,160.81,2.28111,4.87727,7.39718,11.5312,16.6196,20.6669,23.4307,26.267,28.5589,31.0899,33.873,36.9184,41.6385,47.6956,60.9758,105.962,128.719,39.1437,14.9483
18.423,-0.0493,1.0000,0.0000,6,177.68,2.41,-0.55,0.7331,0.0049,11172.9,0.0,162.32,163.47,161.21,161.21,2.26883,4.86201,7.38979,11.5592,16.7231,20.8497,23.6724,26.5733,28.9177,31.5088,34.3577,37.4757,42.3067,48.5039,62.1505,106.671,128.275,38.863,14.9427
18.448,-0.0444,1.0000,0.0000,6,178.18,2.29,-0.55,0.7346,0.0054,11200.0,0.0,162.85,163.88,161.60,161.60,2.25723,4.84339,7.37115,11.5566,16.7665,20.9445,23.8098,26.7559,29.1403,31.776,34.6748,37.8492,42.768,49.0775,63.128,106.956,127.711,38.6843,14.9439
18.467,-0.0812,1.0000,0.0000,6,178.68,2.14,-0.54,0.7359,0.0053,11227.6,0.0,163.38,164.29,162.00,162.00,2.24619,4.82138,7.34172,11.5252,16.7515,20.957,23.8461,26.8221,29.2325,31.8983,34.8333,38.049,43.0341,49.4315,63.896,106.939,127.044,38.5914,14.9515
18.491,-0.1381,1.0000,0.0000,6,179.17,1.93,-0.54,0.7370,0.0060,11257.6,0.0,163.72,164.74,162.43,162.43,2.23878,4.81295,7.33986,11.5513,16.8379,21.1084,24.0477,27.0771,29.5335,32.2515,35.2433,38.5214,43.6033,50.1241,65.248,107.065,126.467,38.3812,14.9464
18.511,-0.1709,1.0000,0.0000,6,179.65,1.88,-0.54,0.7376,0.0089,11291.0,0.0,163.85,165.25,162.91,162.91,2.23986,4.84197,7.41931,11.7583,17.2592,21.7246,24.801,27.972,30.541,33.3814,36.5047,39.9224,45.2092,51.9796,68.594,107.787,126.226,37.7947,14.9025
18.535,-0.1539,1.0000,0.0000,6,180.09,2.15,-0.54,0.7376,0.0144,11328.3,0.0,163.91,165.83,163.44,163.44,2.25224,4.91991,7.60615,12.2096,18.1374,22.9764,26.3102,29.7409,32.5122,35.5677,38.9188,42.5724,48.2014,55.3921,75.292,109.083,126.361,36.8026,14.8125
18.560,-0.1385,1.0000,0.0000,6,180.52,2.67,-0.54,0.7369,0.0216,11366.4,0.0,164.16,166.46,163.99,163.99,2.27486,5.03801,7.88081,12.8648,19.4018,24.7652,28.4506,32.229,35.2689,38.6074,42.2514,46.2051,52.2651,60.5729,86.3272,110.532,85.7729,35.6309,14.6933
18.579,-0.1246,1.0000,0.0000,6,180.96,3.22,-0.53,0.7354,0.0291,11400.9,0.0,164.53,166.95,164.49,164.49,2.30616,5.18291,8.21193,13.6525,20.917,26.8906,30.9784,35.145,38.4819,42.1264,46.086,50.3614,57.2014,67.6722,95.4066,111.807,76.5187,34.4867,14.5647
18.605,-0.1122,1.0000,0.0000,6,181.39,3.66,-0.53,0.7330,0.0362,11432.8,0.0,164.97,167.34,164.96,164.96,2.34472,5.34566,8.57694,14.5188,22.5744,29.1937,33.6954,38.2574,41.8892,45.8387,50.1093,54.8963,63.3747,76.9704,98.82,112.799,69.5657,33.4579,14.4373
18.623,-0.1009,1.0000,0.0000,6,181.84,3.96,-0.52,0.7297,0.0426,11461.6,0.0,165.46,167.69,165.37,165.37,2.38994,5.52048,8.9615,15.4217,24.2834,31.5407,36.4423,41.3795,45.2904,49.5246,54.3371,60.1917,70.8935,88.5601,100.926,113.486,64.3653,32.5679,14.3159
18.648,-0.0908,1.0000,0.0000,6,182.28,4.10,-0.52,0.7255,0.0481,11486.8,0.0,165.98,168.01,165.74,165.74,2.44163,5.70418,9.35482,16.3285,25.97,33.8245,39.0935,44.3713,48.5323,53.2832,59.0715,66.276,79.9345,93.0841,102.289,113.887,60.451,31.8133,14.2017
18.666,-0.0818,1.0000,0.0000,6,182.74,4.08,-0.51,0.7203,0.0525,11510.4,0.0,166.52,168.35,166.08,166.08,2.49946,5.895,9.75019,17.2158,27.5825,35.9759,41.5693,47.1451,51.7442,57.343,64.3057,73.1964,88.3227,95.207,103.141,114.037,57.4638,31.1768,14.0948
18.691,-0.0736,1.0000,0.0000,6,183.20,3.96,-0.51,0.7144,0.0562,11533.2,0.0,167.06,168.69,166.41,166.41,2.56308,6.09106,10.1431,18.0685,29.0889,37.9518,43.8276,49.8056,55.1105,61.6866,70.0495,81.0415,91.0826,96.4396,103.615,113.974,55.1477,30.6394,13.9941
18.711,-0.0662,1.0000,0.0000,6,183.67,3.74,-0.50,0.7075,0.0590,11554.9,0.0,167.60,169.05,166.72,166.72,2.63223,6.29244,10.5318,18.8792,30.4759,39.7425,45.8598,52.5274,58.6205,66.3157,76.3454,86.6002,92.5005,97.1443,103.801,113.735,53.3177,30.1808,13.8981
18.735,-0.0596,1.0000,0.0000,6,184.14,3.48,-0.50,0.7000,0.0611,11577.4,0.0,168.15,169.43,167.05,167.05,2.70641,6.49784,10.9151,19.6443,31.7373,41.3456,47.8238,55.3077,62.274,71.2516,82.8668,88.4824,93.2851,97.4903,103.764,113.351,51.8449,29.786,13.8057
18.755,-0.0536,1.0000,0.0000,6,184.62,3.19,-0.49,0.6918,0.0627,11601.0,0.0,168.67,169.82,167.39,167.39,2.7852,6.70685,11.2929,20.3653,32.8847,42.7766,49.7991,58.1634,66.0998,76.5475,85.3712,89.4542,93.6791,97.579,103.554,112.85,50.6327,29.4405,13.716
18.780,-0.0483,1.0000,0.0000,6,185.10,2.90,-0.49,0.6830,0.0638,11624.4,0.0,169.19,170.22,167.72,167.72,2.86786,6.91934,11.6645,21.0453,33.9279,44.1194,51.7988,61.1159,70.1336,81.3444,86.5007,89.9552,93.8049,97.4751,103.207,112.255,49.6125,29.1333,13.6279
18.798,-0.0435,1.0000,0.0000,6,185.58,2.62,-0.48,0.6737,0.0644,11649.2,0.0,169.70,170.63,168.08,168.08,2.95386,7.13306,12.0285,21.6815,34.8655,45.4509,53.8173,64.1609,74.3786,83.0338,87.0622,90.1451,93.7261,97.2154,102.745,111.577,48.746,28.859,13.5415
18.824,-0.0391,1.0000,0.0000,6,186.07,2.36,-0.48,0.6641,0.0647,11675.3,0.0,170.20,171.04,168.46,168.46,3.04199,7.34592,12.3804,22.269,35.6972,46.7603,55.8402,67.2822,78.392,83.7928,87.2757,90.1068,93.4833,96.8256,102.184,110.826,48.0072,28.615,13.4571
18.842,-0.0352,1.0000,0.0000,6,186.55,2.11,-0.47,0.6541,0.0646,11700.9,0.0,170.70,171.46,168.83,168.83,3.13186,7.55757,12.7204,22.8108,36.4299,48.053,57.8729,70.4855,79.8874,84.1112,87.2519,89.8967,93.1099,96.3297,101.539,110.014,47.3675,28.3957,13.3744
18.867,-0.0317,1.0000,0.0000,6,187.04,1.89,-0.46,0.6439,0.0643,11727.8,0.0,171.19,171.88,169.21,169.21,3.22273,7.76579,13.046,23.3064,37.0708,49.3289,59.913,73.774,80.4997,84.1516,87.0509,89.5505,92.6292,95.7442,100.824,109.147,46.8103,28.1987,13.2934
18.886,-0.0285,1.0000,0.0000,6,187.52,1.70,-0.46,0.6335,0.0637,11755.6,0.0,171.67,172.30,169.62,169.62,3.31391,7.96999,13.3575,23.7584,37.6518,50.5918,61.9647,75.9395,80.7067,83.9973,86.7136,89.0952,92.0603,95.084,100.047,108.235,46.3189,28.0211,13.2144
18.911,-0.0257,1.0000,0.0000,6,188.00,1.53,-0.45,0.6231,0.0629,11782.6,0.0,172.15,172.73,170.00,170.00,3.40492,8.169,13.6535,24.1674,38.2166,51.8362,64.0234,76.6507,80.6616,83.6951,86.2659,88.5489,91.4162,94.3591,99.2176,107.28,45.8829,27.8612,13.1373
18.930,-0.0231,1.0000,0.0000,6,188.49,1.38,-0.44,0.6126,0.0618,11810.7,0.0,172.63,173.16,170.41,170.41,3.49511,8.3614,13.9309,24.5307,38.7572,53.0534,66.0713,76.8659,80.4326,83.2717,85.7232,87.9223,90.7039,93.575,98.3387,106.287,45.4977,27.7189,13.0626
18.955,-0.0208,1.0000,0.0000,6,188.97,1.24,-0.43,0.6022,0.0606,11839.5,0.0,173.10,173.58,170.82,170.82,3.58375,8.54534,14.1879,24.8443,39.2623,54.216,68.063,76.7908,80.055,82.7405,85.0932,87.2201,89.9265,92.7331,97.4111,105.255,45.1626,27.5958,12.9908
18.974,-0.0187,1.0000,0.0000,6,189.46,1.12,-0.42,0.5919,0.0591,11867.0,0.0,173.57,174.00,171.22,171.22,3.67058,8.7202,14.4236,25.11,39.7314,55.3228,69.8222,76.5205,79.5609,82.1211,84.3889,86.4527,89.092,91.8405,96.4399,104.187,44.8712,27.4907,12.9222
18.999,-0.0168,1.0000,0.0000,6,189.94,1.00,-0.41,0.5817,0.0575,11895.7,0.0,174.04,174.43,171.64,171.64,3.75517,8.88593,14.6397,25.3347,40.173,56.3822,70.4241,76.1133,78.977,81.431,83.6246,85.6323,88.2109,90.9061,95.4327,103.09,44.6124,27.4013,12.8563
19.017,-0.0152,1.0000,0.0000,6,190.42,0.91,-0.40,0.5717,0.0558,11925.0,0.0,174.50,174.85,172.06,172.06,3.83716,9.04189,14.8356,25.5174,40.5837,57.3884,70.501,75.5963,78.316,80.6792,82.8072,84.7641,87.287,89.9332,94.3921,101.965,44.3858,27.3275,12.7937
19.042,-0.0136,1.0000,0.0000,6,190.90,0.82,-0.39,0.5620,0.0539,11952.6,0.0,174.97,175.28,172.46,172.46,3.9161,9.18679,15.0088,25.6563,40.9528,58.3196,70.3009,74.9856,77.5849,79.8686,81.938,83.8492,86.3214,88.922,93.318,100.812,44.1904,27.2706,12.7348
19.060,-0.0123,1.0000,0.0000,6,191.38,0.73,-0.38,0.5525,0.0518,11981.6,0.0,175.42,175.71,172.88,172.88,3.99193,9.32163,15.1629,25.759,41.2955,59.1971,69.9329,74.3041,76.7995,79.0125,81.0288,82.8976,85.3227,87.8805,92.2168,99.6359,44.0185,27.2282,12.6793
19.086,-0.0110,1.0000,0.0000,6,191.86,0.66,-0.37,0.5433,0.0497,12011.0,0.0,175.88,176.13,173.30,173.30,4.06436,9.44556,15.2967,25.8239,41.605,60.007,69.4395,73.5601,75.9648,78.114,80.0814,81.9112,84.2919,86.8096,91.0895,98.4374,43.8694,27.2002,12.6273
19.105,-0.0099,1.0000,0.0000,6,192.34,0.59,-0.36,0.5344,0.0475,12038.4,0.0,176.33,176.56,173.70,173.70,4.133,9.5576,15.4093,25.868,41.8783,60.743,68.8465,72.7605,75.0851,77.176,79.0987,80.8919,83.2313,85.7109,89.9369,97.2171,43.742,27.1803,12.5793
19.130,-0.0089,1.0000,0.0000,6,192.81,0.53,-0.34,0.5260,0.0452,12067.5,0.0,176.78,176.99,174.12,174.12,4.1978,9.65921,15.5029,25.9048,42.1251,61.3517,68.1827,71.9193,74.1704,76.2081,78.0887,79.8474,82.1472,84.5906,88.7649,95.9797,43.6308,27.1638,12.5353
19.154,-0.0081,1.0000,0.0000,6,193.29,0.48,-0.34,0.5178,0.0428,12096.5,0.0,177.23,177.41,174.54,174.54,4.25861,9.7499,15.5792,25.9353,42.349,61.4177,67.4601,71.0413,73.2258,75.2132,77.0541,78.7801,81.042,83.4502,87.5744,94.7254,43.5333,27.1507,12.4949
19.174,-0.0072,1.0000,0.0000,6,193.76,0.43,-0.32,0.5101,0.0404,12124.1,0.0,177.67,177.84,174.93,174.93,4.31546,9.82987,15.6373,25.9588,42.5471,61.1758,66.6871,70.13,72.2527,74.1932,75.9962,77.6907,79.9163,82.2908,86.3663,93.4553,43.4489,27.1403,12.4585
19.199,-0.0065,1.0000,0.0000,6,194.23,0.39,-0.30,0.5028,0.0378,12153.1,0.0,178.12,178.27,175.35,175.35,4.36798,9.89849,15.6766,25.9734,42.7167,60.7572,65.8681,69.1865,71.2519,73.1481,74.9152,76.5799,78.7703,81.112,85.1404,92.1689,43.3789,27.1341,12.4264
19.217,-0.0059,1.0000,0.0000,6,194.70,0.35,-0.30,0.4959,0.0353,12181.4,0.0,178.56,178.69,175.76,175.76,4.41639,9.9571,15.7013,25.9864,42.8746,60.2333,65.0191,68.2229,70.2336,72.0873,73.8198,75.4551,77.6115,79.921,83.9025,90.8712,43.3153,27.1287,12.3983
19.242,-0.0053,1.0000,0.0000,6,195.17,0.32,-0.28,0.4895,0.0327,12209.3,0.0,179.00,179.12,176.16,176.16,4.46044,10.0053,15.7099,25.9962,43.018,59.6304,64.1421,67.2398,69.1987,71.0113,72.7101,74.3168,76.4397,78.7176,82.6531,89.5622,43.2586,27.1246,12.3743
19.260,-0.0048,1.0000,0.0000,6,195.64,0.29,-0.26,0.4836,0.0301,12238.3,0.0,179.43,179.54,176.58,176.58,4.49991,10.0425,15.7012,25.9977,43.1329,58.9545,63.2327,66.232,68.1419,69.9152,71.5816,73.1609,75.2511,77.498,81.3882,88.2389,43.2139,27.124,12.3548
19.285,-0.0043,1.0000,0.0000,6,196.11,0.26,-0.25,0.4781,0.0275,12265.8,0.0,179.87,179.97,176.98,176.98,4.53503,10.0695,15.6796,25.995,43.2316,58.2277,62.3,65.2068,67.0695,68.805,70.4397,71.9918,74.05,76.2663,80.1119,86.9042,43.1765,27.1253,12.3398
19.304,-0.0039,0.5500,0.0000,6,196.57,0.23,-0.23,0.4732,0.0248,12293.9,0.0,180.31,180.39,177.38,177.38,4.56563,10.0863,15.6546,25.9869,43.3113,57.4566,61.3448,64.1643,65.9817,67.6804,69.2842,70.8097,72.8361,75.0223,78.8233,85.5576,43.1471,27.1285,12.3293
19.330,-0.0035,0.3025,0.0000,6,196.80,0.21,-0.22,0.4687,0.0221,12159.6,0.0,180.65,180.73,175.47,175.47,4.59147,10.0924,15.6286,25.9733,43.3711,56.6484,60.3701,63.1066,64.8804,66.5432,68.1167,69.6163,71.6115,73.7677,77.5246,84.201,43.1256,27.1342,12.3234
19.348,-0.0031,0.1664,0.0000,6,196.74,0.18,-0.20,0.4647,0.0194,12079.0,0.0,180.72,180.79,174.31,174.31,4.61285,10.0884,15.6012,25.9529,43.4056,55.8059,59.3761,62.034,63.7657,65.3937,66.9376,68.4116,70.3761,72.5027,76.2158,82.8344,43.1137,27.1426,12.3223
19.373,-0.0028,0.0915,0.0000,6,196.52,0.16,-0.18,0.4613,0.0166,12025.2,0.0,180.59,180.65,173.54,173.53,4.62954,10.0748,15.5737,25.9295,43.4295,54.942,58.3718,60.9541,62.6447,64.2386,65.7534,67.202,69.1359,71.2333,74.9025,81.463,43.1059,27.1521,12.3259
19.392,-0.0025,0.0503,0.0000,6,196.23,0.14,-0.17,0.4584,0.0139,11984.7,0.0,180.35,180.41,172.95,172.95,4.64177,10.0545,15.5485,25.9106,43.4625,54.0691,57.3666,59.8752,61.5255,63.0854,64.5713,65.9945,67.8979,69.9655,73.5905,80.0922,43.095,27.1598,12.3337
19.416,-0.0023,0.0277,0.0000,6,195.90,0.13,-0.14,0.4560,0.0113,11951.2,0.0,180.06,180.12,172.51,172.43,4.6497,10.0351,15.526,25.8962,43.5032,53.1881,56.3602,58.7974,60.4078,61.9342,63.3912,64.789,66.6618,68.6996,72.28,78.7219,43.0811,27.1656,12.3432
19.436,-0.0020,0.0152,0.0000,6,195.54,0.11,-0.11,0.4541,0.0085,11922.3,0.0,179.75,179.79,172.12,171.99,4.65311,10.015,15.5008,25.8727,43.5157,52.2845,55.3401,57.7087,59.2806,60.7743,62.2029,63.5759,65.4184,67.4268,70.9628,77.3449,43.0772,27.1749,12.3529
19.460,-0.0018,0.0084,0.5000,6,195.16,0.09,-0.09,0.4528,0.0058,11895.6,0.0,179.42,179.45,171.75,171.58,4.65179,9.99401,15.4726,25.8381,43.4431,51.3589,54.3055,56.6086,58.1431,59.6049,61.0057,62.3543,64.1669,66.146,69.638,75.9606,43.0864,27.1886,12.363
19.480,-0.0017,0.0046,0.7500,6,193.88,0.08,-0.06,0.4520,0.0031,11632.0,0.0,169.28,169.31,168.04,167.83,4.64605,9.97267,15.4427,25.7974,43.1491,50.4211,53.2649,55.5044,57.0023,58.4327,59.8063,61.1307,62.9136,64.8637,68.3117,74.5744,43.1396,27.2049,12.3731
19.504,-0.0015,0.0025,0.8750,6,191.73,0.06,-0.04,0.4518,0.0003,11368.6,0.0,158.60,158.64,164.31,164.04,4.63612,9.95076,15.4104,25.749,42.7131,49.4764,52.2231,54.4016,55.8642,57.2641,58.6108,59.9113,61.6649,63.5863,66.9905,73.1935,43.4531,27.2244,12.3835
19.523,-0.0013,0.0014,0.9375,6,189.18,0.05,-0.03,0.4520,-0.0024,11110.5,0.0,147.23,147.27,160.64,160.28,4.62537,9.92757,15.3743,25.6883,42.1807,48.5245,51.1802,53.3003,54.7287,56.0988,57.4194,58.6967,60.4216,62.3147,65.6758,71.8195,44.3687,27.2487,12.3945
19.549,-0.0012,0.0008,0.9687,6,186.34,0.03,0.05,0.4528,-0.0052,10861.9,0.0,136.79,136.82,157.11,156.66,4.61455,9.90307,15.3346,25.6163,41.5845,47.5703,50.1402,52.2043,53.5996,54.9409,56.2359,57.4904,59.1872,61.0524,64.3709,70.4558,79.3671,27.2777,12.406
19.567,-0.0011,0.0004,0.9844,6,183.39,0.01,0.13,0.4539,-0.0065,10619.5,0.0,126.29,126.31,153.65,153.13,4.60379,9.87806,15.293,25.5383,40.9501,46.6215,49.1097,51.1197,52.4828,53.7959,55.0659,56.298,57.9669,59.8045,63.0807,69.107,77.9707,27.3091,12.4177
19.591,-0.0010,0.0002,0.9922,6,180.40,-0.02,0.23,0.4551,-0.0066,10413.3,0.0,115.20,115.22,150.66,150.06,4.59307,9.85276,15.2506,25.4574,40.2921,45.6822,48.0923,50.0499,51.3816,52.667,53.9123,55.1222,56.7636,58.5739,61.8079,67.7754,76.5908,27.3419,12.4296
19.610,-0.0009,0.0001,0.9961,6,177.40,-0.03,0.36,0.4563,-0.0067,10233.4,0.0,103.38,103.39,148.10,147.50,4.58246,9.82751,15.208,25.3753,39.6195,44.7546,47.0899,48.9964,50.2973,51.5556,52.7765,53.9646,55.5787,57.3617,60.5536,66.4623,75.2285,27.3752,12.4414
19.636,-0.0008,0.0001,0.9980,6,174.47,-0.05,0.44,0.4575,-0.0069,10024.6,0.0,90.84,90.85,145.10,144.48,4.57193,9.80243,15.1656,25.2935,38.9384,43.8401,46.1034,47.9604,49.2311,50.4626,51.6595,52.8259,54.4129,56.1689,59.3188,65.1683,73.8844,27.4086,12.4532
19.655,-0.0007,0.0000,0.9990,6,171.62,-0.06,0.48,0.4587,-0.0070,9812.12,0.0,77.45,77.45,142.06,141.40,4.56159,9.77793,15.1244,25.2146,38.2547,42.9409,45.1347,46.9432,48.1842,49.3893,50.5626,51.7074,53.2675,54.9965,58.1044,63.8943,72.5592,27.4408,12.4647
19.679,-0.0006,0.0000,0.9995,6,168.82,-0.07,0.48,0.4598,-0.0071,9602.91,0.0,63.19,63.18,139.06,138.35,4.55145,9.75419,15.0848,25.1399,37.5716,42.0573,44.184,45.9453,47.1572,48.3362,49.486,50.6095,52.1428,53.8448,56.9107,62.6405,71.2531,27.4714,12.4759
19.698,-0.0006,0.0000,0.9997,6,165.99,-0.08,0.51,0.4609,-0.0072,9397.94,0.0,49.44,49.40,136.12,135.37,4.54141,9.73105,15.0467,25.0692,36.8908,41.1897,43.2516,44.9667,46.15,47.3034,48.4299,49.5323,51.0389,52.714,55.7378,61.4073,69.9664,27.5003,12.4868
19.723,-0.0005,0.0000,0.9999,6,163.19,-0.08,0.53,0.4621,-0.0073,9195.68,0.0,35.35,35.30,133.22,132.43,4.53157,9.70866,15.0102,25.0028,36.2135,40.3376,42.337,44.007,45.1623,46.2903,47.3939,48.4753,49.9555,51.6039,54.5855,60.1942,68.699,27.5275,12.4974
19.748,-0.0005,0.0000,0.4999,6,160.42,-0.08,0.54,0.4632,-0.0073,9003.12,0.0,20.83,20.77,130.42,129.58,4.52187,9.68687,14.9751,24.9398,35.5403,39.5006,41.4396,43.0656,44.1934,45.2965,46.3775,47.4381,48.892,50.5138,53.4534,59.0012,67.4505,27.5532,12.5077
19.766,-0.0004,0.0000,0.2500,6,157.74,-0.08,0.63,0.4643,-0.0074,9284.75,0.0,24.82,24.75,134.23,133.59,4.51237,9.66558,14.9408,24.8787,34.8703,38.6767,40.5574,42.1408,43.2416,44.3203,45.3788,46.419,47.8469,49.4422,52.3399,57.8265,66.2196,27.5782,12.5178
19.792,-0.0004,0.0000,0.1250,6,155.60,-0.08,0.69,0.4654,-0.0075,9386.82,0.0,37.79,37.71,135.63,135.36,4.5027,9.64325,14.904,24.8103,34.1964,37.8584,39.683,41.2249,42.2994,43.3541,44.3907,45.4106,46.8129,48.3819,51.238,56.6634,64.9999,27.6064,12.5283
19.810,-0.0003,0.0000,0.0625,6,153.87,-0.07,0.71,0.4665,-0.0076,9350.59,0.0,54.38,54.29,135.08,134.89,4.49306,9.62126,14.8681,24.7447,33.5259,37.0505,38.8207,40.322,41.3706,42.4015,43.4163,44.4162,45.7928,47.3356,50.1499,55.5137,63.7924,27.6475,12.5387
19.835,-0.1128,0.0000,0.0312,6,152.34,-0.07,0.71,0.4676,-0.0076,9285.81,0.0,72.07,71.97,134.14,133.97,4.48357,9.60028,14.8348,24.6863,32.8609,36.2545,37.9717,39.4328,40.4559,41.4633,42.4565,43.4363,44.7873,46.3038,49.0761,54.3774,62.597,27.7673,12.5487
19.854,-0.1971,0.4500,0.0156,6,150.93,-0.08,0.69,0.4687,-0.0073,9213.12,0.0,89.80,89.69,133.05,132.95,4.47564,9.58759,14.8212,24.6468,32.2329,35.4989,37.1634,38.5846,39.5819,40.5656,41.5369,42.4965,43.8213,45.3111,48.0402,53.2771,61.4339,27.9687,12.5547
19.879,-0.2603,0.6975,0.0078,6,149.82,-0.10,0.66,0.4696,-0.0060,9295.01,0.0,107.12,107.06,134.15,134.15,4.47383,9.60852,14.8891,24.6932,31.747,34.8837,36.4938,37.8733,38.8437,39.8026,40.7508,41.6888,42.9859,44.447,47.1297,52.2958,60.3804,28.1672,12.5451
19.898,-0.3077,0.8336,0.0039,6,149.12,-0.06,0.64,0.4702,-0.0020,9345.14,0.0,122.01,122.29,134.86,134.86,4.48618,9.70596,15.1432,24.9931,31.5488,34.5508,36.1032,37.4381,38.3794,39.3112,40.2342,41.1486,42.4151,43.8443,46.4747,51.5589,59.5537,28.1584,12.5008
19.923,-0.3433,0.9085,0.0020,6,148.91,0.16,0.62,0.4701,0.0063,9383.92,0.0,130.64,131.95,135.41,135.41,4.52534,9.94863,15.7604,25.7262,31.8176,34.6803,36.1714,37.4582,38.3678,39.2701,40.1651,41.0532,42.2855,43.6785,46.2487,51.2351,59.1134,27.6085,12.396
19.941,-0.3700,0.9497,0.0010,6,149.11,0.76,0.63,0.4687,0.0194,9421.19,0.0,133.36,135.78,135.93,135.93,4.59829,10.3782,16.8761,26.8403,32.5303,35.2594,36.6898,37.9283,38.8059,39.6776,40.5438,41.4046,42.6007,43.9553,46.4601,51.3369,59.0757,26.4986,12.2274
19.967,-0.3900,0.9723,0.0005,6,149.46,1.63,0.64,0.4659,0.0355,9470.21,0.0,134.09,137.22,136.63,136.63,4.70148,10.98,18.5115,28.0781,33.445,36.0566,37.432,38.6261,39.4736,40.3168,41.1557,41.9904,43.1517,44.4687,46.909,51.6748,59.2664,25.1894,12.0202
19.986,-0.4050,0.9848,0.0002,6,149.84,2.58,0.65,0.4615,0.0526,9520.61,0.0,134.38,137.89,137.35,137.35,4.83007,11.7331,20.4545,29.2596,34.3692,36.8804,38.2078,39.3625,40.1833,41.0008,41.815,42.6258,43.7551,45.0375,47.4174,52.0775,59.5249,23.9244,11.797
20.010,-0.4162,0.9916,0.0001,6,150.23,3.48,0.65,0.4554,0.0699,9571.37,0.0,134.55,138.24,138.08,138.08,4.98127,12.6302,22.058,30.3108,35.2108,37.6362,38.9218,40.0419,40.839,41.6336,42.4256,43.2149,44.3153,45.5661,47.8906,52.4524,59.7637,22.7783,11.5694
20.029,-0.4199,0.9954,0.0001,6,150.61,4.29,0.64,0.4475,0.0869,9623.45,0.0,134.72,138.46,138.83,138.83,5.15528,13.6852,23.3859,31.2265,35.9504,38.301,39.5497,40.6389,41.4148,42.1888,42.9609,43.7307,44.8049,46.0269,48.3005,52.7711,59.9548,21.746,11.3405
20.054,-0.3779,0.9975,0.0000,6,150.98,5.04,0.61,0.4378,0.1037,9675.54,0.0,134.90,138.65,139.59,139.59,5.35365,14.9307,24.5159,32.0281,36.6,38.8844,40.0999,41.1614,41.9181,42.6734,43.4272,44.1793,45.2294,46.4248,48.6514,53.0372,60.1008,20.8026,11.1095
20.074,-0.3401,0.9986,0.0000,6,151.34,5.73,0.59,0.4262,0.1203,9723.73,0.0,135.28,139.00,140.28,140.28,5.57927,16.3298,25.5026,32.7415,37.1796,39.4042,40.5897,41.6259,42.3649,43.103,43.8401,44.5758,45.6036,46.7743,48.957,53.2631,60.213,19.9247,10.8746
20.098,-0.3061,0.9992,0.0000,6,151.69,6.38,0.57,0.4126,0.1369,9767.14,0.0,135.77,139.44,140.91,140.91,5.8345,17.5619,26.3765,33.3814,37.6997,39.87,41.028,42.0407,42.7636,43.4858,44.2073,44.9278,45.9347,47.0825,49.224,53.4548,60.2968,19.0994,10.6351
20.116,-0.3056,0.9996,0.0000,6,152.05,7.00,0.55,0.3972,0.1533,9812.96,0.0,136.28,139.91,141.57,141.57,6.1218,18.636,27.1557,33.9553,38.1651,40.2854,41.418,42.4091,43.1169,43.8243,44.5312,45.2375,46.225,47.3511,49.4538,53.6133,60.3525,18.3194,10.3906
20.141,-0.3417,0.9998,0.0000,6,152.41,7.56,0.54,0.3797,0.1696,9848.72,0.0,136.65,140.24,142.10,142.10,6.44327,19.5835,27.8503,34.4666,38.5769,40.6511,41.7599,42.7308,43.4244,44.118,44.8114,45.5043,46.4734,47.5791,49.6453,53.7369,60.3784,17.5806,10.1411
20.161,-0.3688,0.9999,0.0000,6,152.77,8.05,0.54,0.3602,0.1856,9879.78,0.0,136.83,140.38,142.55,142.55,6.80046,20.419,28.4616,34.9109,38.9291,40.9601,42.0468,42.9987,43.6791,44.3596,45.0401,45.7204,46.6722,47.7587,49.7901,53.8174,60.366,16.8827,9.8871
20.186,-0.3891,0.9999,0.0000,6,153.12,8.46,0.54,0.3386,0.2012,9907.19,0.0,136.95,140.45,142.94,142.94,7.19494,21.1531,28.9908,35.2856,39.2176,41.208,42.2737,43.2078,43.8756,44.5437,45.2121,45.8804,46.8158,47.8841,49.8825,53.8485,60.3089,16.2243,9.62865
20.204,-0.4043,0.9999,0.0000,6,153.47,8.78,0.55,0.3150,0.2163,9931.69,0.0,137.07,140.52,143.30,143.30,7.62764,21.7908,29.4369,35.5867,39.437,41.3888,42.4346,43.3517,44.0075,44.6639,45.3207,45.9776,46.8975,47.9482,49.9151,53.8228,60.1996,15.6049,9.36592
20.230,-0.4157,0.5500,0.0000,6,153.83,9.01,0.52,0.2892,0.2306,9953.99,0.0,137.21,140.58,143.62,143.62,8.09615,22.3243,29.7851,35.7957,39.5676,41.4824,42.5091,43.4097,44.0542,44.6993,45.345,45.9911,46.8959,47.93,49.8666,53.7189,24.037,15.0304,9.10022
20.249,-0.4243,0.3025,0.0000,6,154.05,9.00,0.49,0.2614,0.2436,9732.56,0.0,137.40,140.61,140.51,140.51,8.59239,22.7332,30.0071,35.8802,39.5753,41.454,42.4621,43.3468,43.9802,44.6144,45.2493,45.8848,46.7751,47.7931,49.7009,53.5005,22.569,14.513,8.83385
20.274,-0.4307,0.1664,0.0000,6,154.01,8.63,0.45,0.2315,0.2545,9563.93,0.0,137.57,140.52,138.05,138.05,9.06081,23.0001,30.079,35.8124,39.4305,41.2732,42.2628,43.1319,43.7542,44.3776,45.002,45.6272,46.5034,47.5056,49.3855,53.135,21.7089,14.0627,8.56823
20.293,-0.4355,0.0915,0.0000,6,153.77,8.13,0.35,0.1996,0.2646,9468.0,0.0,137.65,140.34,135.92,137.38,9.48558,23.1871,30.0727,35.6683,39.2103,41.0175,41.9889,42.8425,43.4541,44.0669,44.6809,45.2959,46.1582,47.1451,48.9976,52.6982,21.0664,13.6464,8.29756
20.318,-0.4391,0.0503,0.0000,6,153.43,7.68,0.28,0.1657,0.2753,9402.0,0.0,137.57,140.16,134.66,136.73,9.89128,23.3793,30.0892,35.5563,39.0263,40.7996,41.7536,42.5923,43.1935,43.7961,44.4,45.0051,45.8539,46.8258,48.6517,52.3041,20.3363,13.2178,8.01444
20.342,-0.4419,0.4777,0.0000,6,153.02,7.36,0.26,0.1298,0.2871,9352.97,0.0,137.34,139.98,133.73,136.24,10.2883,23.6031,30.1585,35.509,38.9123,40.6538,41.5914,42.416,43.0072,43.6001,44.1944,44.79,45.6258,46.5833,48.3833,51.9885,19.4618,12.7632,7.71757
20.361,-0.4439,0.7127,0.0000,6,152.67,7.19,0.26,0.0919,0.3001,9495.2,0.0,136.99,139.78,136.96,136.96,10.678,23.8535,30.2732,35.5182,38.8598,40.5717,41.4937,42.3051,42.8869,43.4705,44.0556,44.6423,45.4656,46.4094,48.1844,51.7435,18.504,12.2877,7.4176
20.386,-0.4454,0.8420,0.0000,6,152.63,7.15,0.27,0.0520,0.3138,9638.52,0.0,136.71,139.65,139.04,139.04,11.057,24.1127,30.4101,35.5579,38.8419,40.5258,41.4332,42.2319,42.8048,43.3795,43.956,44.534,45.3456,46.2761,48.027,51.5415,17.5412,11.8031,7.11988
20.405,-0.4466,0.9131,0.0000,6,152.77,7.27,0.28,0.0100,0.3280,9730.9,0.0,136.56,139.66,140.39,140.39,11.4238,24.3714,30.5567,35.6142,38.8441,40.5015,41.395,42.1816,42.746,43.3123,43.8805,44.4503,45.2506,46.1682,47.8961,51.3673,16.6053,11.3166,6.82546
20.430,-0.4474,0.9522,0.0000,6,153.00,7.44,0.27,-0.0340,0.3402,9792.09,0.0,136.54,139.72,141.28,141.28,11.7697,24.6015,30.6784,35.6488,38.8264,40.458,41.338,42.113,42.6692,43.2274,43.7875,44.3493,45.1386,46.0439,47.7494,51.1786,15.7484,10.844,6.53706
20.449,-0.4481,0.9737,0.0000,6,153.30,7.57,0.27,-0.0782,0.3335,9833.84,0.0,136.64,139.83,141.88,141.88,12.0883,24.7842,30.7519,35.6357,38.7615,40.3678,41.2345,41.998,42.5462,43.0963,43.6485,44.2025,44.981,45.8743,47.5578,50.9461,14.9881,10.395,6.25654
20.474,-0.4485,0.9855,0.0000,6,153.62,7.66,0.23,-0.1214,0.3259,9878.47,0.0,136.82,139.97,142.52,142.52,12.3774,24.915,30.7713,35.5681,38.6421,40.2232,41.0768,41.8289,42.369,42.9113,43.4557,44.002,44.7698,45.6511,47.313,50.6614,14.3161,9.97175,5.98466
20.493,-0.4489,0.9920,0.0000,6,153.95,7.73,0.17,-0.1634,0.3178,9916.68,0.0,137.05,140.14,143.08,143.08,12.6424,25.0104,30.756,35.4669,38.4899,40.0462,40.8868,41.6278,42.16,42.6946,43.2312,43.7699,44.5273,45.397,47.0378,50.347,13.6978,9.5664,5.72059
20.518,-0.4492,0.9956,0.0000,6,154.30,7.76,0.13,-0.2043,0.3093,9942.74,0.0,137.31,140.37,143.46,143.46,12.8857,25.077,30.7137,35.3403,38.3132,39.8452,40.6732,41.4032,41.9277,42.4546,42.9838,43.5151,44.2622,45.1205,46.7406,50.0116,13.1198,9.17624,5.46413
20.536,-0.4494,0.9976,0.0000,6,154.65,7.77,0.11,-0.2439,0.3006,9964.79,0.0,137.61,140.63,143.78,143.78,13.1094,25.1205,30.6504,35.1947,38.1187,39.627,40.4425,41.1618,41.6788,42.1982,42.7201,43.2441,43.9812,44.8282,46.4281,49.6617,12.5728,8.79912,5.21506
20.561,-0.4495,0.9987,0.0000,6,155.00,7.77,0.10,-0.2822,0.2917,9984.34,0.0,137.91,140.93,144.06,144.06,13.3161,25.1464,30.5728,35.037,37.9134,39.3985,40.2019,40.9108,41.4204,41.9326,42.4472,42.9641,43.6915,44.5276,46.1077,49.3047,12.0483,8.43279,4.97308
20.580,-0.4496,0.5493,0.0000,6,155.35,7.76,0.10,-0.3193,0.2827,10002.9,0.0,138.22,141.24,144.33,144.33,13.5069,25.1577,30.4837,34.8702,37.7003,39.1629,39.9545,40.6534,41.1558,41.6609,42.1685,42.6785,43.3963,44.2218,45.7825,48.9438,11.5434,8.07674,4.73824
20.605,-0.4497,0.3021,0.0000,6,155.55,7.68,0.12,-0.3551,0.2734,9788.95,0.0,138.52,141.54,141.32,141.32,13.679,25.1457,30.3726,34.6823,37.467,38.9075,39.6875,40.3763,40.8717,41.3698,41.8705,42.3737,43.0822,43.8972,45.4389,48.5651,11.0689,7.73497,4.51134
20.624,-0.4498,0.1662,0.0000,6,155.47,7.39,0.13,-0.3897,0.2631,9635.21,0.0,138.75,141.68,139.08,139.08,13.8232,25.0862,30.2095,34.4402,37.1782,38.5961,39.3643,40.0429,40.5311,41.0221,41.5158,42.0121,42.7111,43.5154,45.038,48.129,10.6546,7.41814,4.29442
20.649,-0.4498,0.0914,0.0000,6,155.21,7.00,0.14,-0.4228,0.2522,9542.9,0.0,138.86,141.66,136.83,138.63,13.9458,24.9958,30.0144,34.1655,36.8566,38.2517,39.008,39.6764,40.1574,40.6413,41.1281,41.6174,42.3069,43.1006,44.604,47.6598,10.28,7.11964,4.08653
20.667,-0.4499,0.0503,0.0000,6,154.84,6.68,0.15,-0.4546,0.2418,9482.24,0.0,138.79,141.56,135.66,138.04,14.0633,24.9167,29.8381,33.9147,36.5616,37.9352,38.6802,39.3389,39.8131,40.2902,40.7702,41.253,41.9333,42.7169,44.2019,47.2239,9.89486,6.82268,3.88496
20.693,-0.4499,0.0276,0.0000,6,154.42,6.54,0.15,-0.4850,0.2326,9436.4,0.0,138.55,141.42,134.79,137.59,14.185,24.8717,29.708,33.7184,36.3255,37.6796,38.4144,39.0642,39.5322,40.0031,40.477,40.9537,41.6256,42.3998,43.8678,46.858,9.47331,6.51863,3.68825
20.711,-0.4499,0.0152,0.0000,6,153.96,6.61,0.16,-0.5139,0.2248,9397.85,0.0,138.18,141.26,134.04,137.22,14.3137,24.8663,29.6308,33.5841,36.1565,37.4933,38.2191,38.8611,39.3234,39.7888,40.2572,40.7285,41.3929,42.1586,43.6111,46.5723,9.01412,6.20695,3.4964
20.736,-0.4499,0.4584,0.0000,6,153.48,6.87,0.17,-0.5415,0.2184,9362.41,0.0,137.73,141.05,133.35,136.88,14.4486,24.8965,29.6013,33.5061,36.0485,37.3704,38.0882,38.7233,39.1807,39.6412,40.1048,40.5713,41.229,41.9872,43.4258,46.3607,8.52923,5.89107,3.3099
20.754,-0.4500,0.7021,0.0000,6,153.06,7.24,0.18,-0.5677,0.2126,9504.03,0.0,137.23,140.75,137.07,137.07,14.5813,24.9399,29.5922,33.4538,35.9692,37.2776,37.9882,38.617,39.07,39.5261,39.9852,40.4473,41.0989,41.8502,43.2761,46.1868,8.04946,5.58127,3.13047
20.780,-0.4500,0.8361,0.0000,6,152.97,7.65,0.19,-0.5926,0.2069,9664.58,0.0,136.84,140.47,139.41,139.41,14.7021,24.9705,29.5715,33.3913,35.8807,37.176,37.8796,38.5024,38.951,39.4029,39.8578,40.3156,40.9614,41.706,43.1197,46.0071,7.60209,5.2875,2.95971
20.798,-0.4500,0.9099,0.0000,6,153.06,8.09,0.20,-0.6162,0.2010,9769.58,0.0,136.62,140.31,140.94,140.94,14.8101,24.986,29.5363,33.3151,35.7791,37.0617,37.7587,38.3755,38.8201,39.2677,39.7185,40.1722,40.8123,41.5505,42.9524,45.8173,7.18756,5.01049,2.79779
20.824,-0.4500,0.9504,0.0000,6,153.25,8.53,0.20,-0.6385,0.1947,9841.16,0.0,136.54,140.25,141.98,141.98,14.9006,24.9748,29.4728,33.2098,35.6481,36.9179,37.6081,38.2191,38.6594,39.1029,39.5496,39.9992,40.6336,41.3654,42.7556,45.5983,6.81453,4.75434,2.6457
20.843,-0.4500,0.9727,0.0000,6,153.50,8.88,0.20,-0.6593,0.1874,9889.8,0.0,136.59,140.24,142.69,142.69,14.9679,24.9231,29.3638,33.0561,35.4672,36.7235,37.4066,38.0114,38.4474,38.8867,39.329,39.7744,40.4029,41.1281,42.5063,45.3263,6.49246,4.52347,2.50448
20.868,-0.4500,0.9850,0.0000,6,153.79,9.09,0.20,-0.6787,0.1790,9924.72,0.0,136.72,140.26,143.20,143.20,15.0079,24.8215,29.198,32.841,35.2225,36.4643,37.1397,37.738,38.1693,38.6039,39.0417,39.4826,40.1048,40.823,42.1885,44.985,6.22709,4.32069,2.37489
20.893,-0.4500,0.9917,0.0000,6,154.12,9.15,0.18,-0.6966,0.1693,9951.08,0.0,136.94,140.31,143.58,143.58,15.0203,24.6691,28.974,32.5627,34.912,36.1381,36.8053,37.3964,37.8227,38.2523,38.6852,39.1212,39.7368,40.4475,41.7994,44.571,6.01926,4.14665,2.25728
20.911,-0.4500,0.9954,0.0000,6,154.46,9.06,0.17,-0.7130,0.1584,9973.15,0.0,137.22,140.41,143.90,143.90,15.0076,24.4726,28.6998,32.2301,34.5449,35.7542,36.4126,36.9961,37.4171,37.8414,38.269,38.6999,39.3084,40.0112,41.3488,44.0942,5.86679,4.00035,2.15167
20.936,-0.4500,0.5475,0.0000,6,154.81,8.87,0.16,-0.7279,0.1467,9992.98,0.0,137.54,140.57,144.19,144.19,14.9748,24.2442,28.39,31.8593,34.138,35.3298,35.979,36.5547,36.9701,37.3889,37.8111,38.2366,38.8378,39.5323,40.8551,43.5733,5.76554,3.87969,2.05781
20.955,-0.4500,0.3011,0.0000,6,155.02,8.55,0.15,-0.7411,0.1344,9773.64,0.0,137.88,140.78,141.10,141.10,14.9247,23.9902,28.052,31.4585,33.7,34.8738,35.5136,36.0811,36.4907,36.9039,37.3205,37.7405,38.3341,39.0201,40.3276,43.018,5.71762,3.78453,1.97577
20.980,-0.4500,0.1656,0.0000,6,154.96,8.03,0.14,-0.7528,0.1212,9610.95,0.0,138.17,140.89,138.73,138.73,14.854,23.7022,27.6754,31.0154,33.2177,34.3723,35.0021,35.5611,35.9646,36.3718,36.7825,37.1967,37.7822,38.4593,39.7507,42.4116,5.74114,3.71934,1.9061
20.999,-0.4500,0.0911,0.0000,6,154.70,7.40,0.14,-0.7630,0.1075,9514.41,0.0,138.33,140.89,136.57,138.07,14.7698,23.3968,27.2799,30.5523,32.7146,33.8497,34.4693,35.0194,35.4168,35.8178,36.2225,36.6307,37.208,37.8758,39.1506,41.7813,5.83709,3.68161,1.84818
21.024,-0.4500,0.0501,0.0000,6,154.34,6.87,0.14,-0.7715,0.0945,9452.36,0.0,138.32,140.82,135.38,137.46,14.6854,23.1064,26.9055,30.1146,32.2391,33.3558,33.9658,34.5076,34.8991,35.2943,35.6932,36.0957,36.6652,37.3244,38.5834,41.1852,5.98606,3.66244,1.80061
21.043,-0.4500,0.0276,0.0000,6,153.93,6.54,0.15,-0.7786,0.0829,9406.5,0.0,138.13,140.74,134.50,137.02,14.6085,22.8496,26.5751,29.7284,31.8197,32.92,33.5214,34.0558,34.4421,34.8322,35.226,35.6234,36.1859,36.8373,38.0822,40.6582,6.17216,3.65602,1.76253
21.067,-0.4500,0.0152,0.0000,6,153.48,6.44,0.16,-0.7841,0.0730,9368.48,0.0,137.79,140.63,133.74,136.68,14.5413,22.6317,26.2955,29.4018,31.4649,32.5515,33.1457,33.6738,34.0557,34.4413,34.8308,35.2239,35.7805,36.4253,37.6582,40.2121,6.38761,3.65989,1.73357
21.086,-0.4500,0.0083,0.0000,6,153.01,6.57,0.17,-0.7881,0.0648,9333.7,0.0,137.36,140.47,133.04,136.37,14.4828,22.4496,26.0628,29.1306,31.1707,32.2459,32.8341,33.3571,33.7353,34.1174,34.5033,34.8929,35.4447,36.084,37.3071,39.8429,6.63497,3.67459,1.71382
21.112,-0.4500,0.0046,0.0000,6,152.52,6.88,0.18,-0.7907,0.0580,9300.75,0.0,136.87,140.25,132.41,136.06,14.4299,22.2955,25.8676,28.9042,30.9255,31.9916,32.575,33.0938,33.4691,33.8483,34.2313,34.6181,35.1659,35.8009,37.016,39.5374,6.92943,3.70245,1.70349
21.130,-0.4500,0.0025,0.0000,6,152.03,7.33,0.19,-0.7919,0.0523,9268.92,0.0,136.34,139.96,131.82,135.72,14.3794,22.1604,25.6987,28.7097,30.7158,31.7744,32.3539,32.8694,33.2423,33.6191,33.9998,34.3844,34.929,35.5605,36.7693,39.2791,7.30478,3.7469,1.70292
21.155,-0.4500,0.0014,0.0000,6,151.52,7.86,0.20,-0.7917,0.0474,9237.03,0.0,135.79,139.61,131.27,135.35,14.328,22.0361,25.5457,28.5352,30.5287,31.5812,32.1575,32.6702,33.0412,33.4161,33.7949,34.1776,34.7197,35.3483,36.5521,39.0527,7.83142,3.81155,1.71235
21.174,-0.4500,0.0008,0.0000,6,151.01,8.45,0.20,-0.7902,0.0431,9204.6,0.0,135.24,139.19,130.75,134.94,14.273,21.9152,25.3994,28.3704,30.353,31.4003,31.9738,32.4842,32.8535,33.2268,33.604,33.9852,34.5251,35.1514,36.351,38.8441,8.74935,3.90019,1.73203
21.199,-0.4500,0.0004,0.0000,6,150.49,9.04,0.20,-0.7874,0.0390,9172.51,0.0,134.69,138.73,130.25,134.51,14.2121,21.7918,25.2527,28.2067,30.1795,31.222,31.7932,32.3015,32.6694,33.0412,33.4171,33.7968,34.335,34.9592,36.1551,38.642,43.4675,4.01616,1.76209
21.217,-0.4500,0.0002,0.0000,6,149.96,9.63,0.20,-0.7834,0.0351,9139.71,0.0,134.14,138.22,129.77,134.04,14.1439,21.6615,25.0997,28.0373,30.0008,31.0391,31.6079,32.1143,32.4808,32.8514,33.2259,33.6044,34.1409,34.7632,35.9558,38.4384,43.4374,4.16335,1.80271
21.243,-0.4500,0.0001,0.0000,6,149.42,10.18,0.19,-0.7783,0.0311,9106.97,0.0,133.59,137.68,129.31,133.56,14.0673,21.5216,24.9369,27.8583,29.8128,30.8466,31.4133,31.9178,32.2831,32.6524,33.0257,33.403,33.9378,34.5583,35.7479,38.2452,43.4342,4.34493,1.8539
21.261,-0.4500,0.0001,0.0000,6,148.88,10.68,0.19,-0.7719,0.0270,9074.06,0.0,133.05,137.13,128.85,133.07,13.9819,21.3701,24.762,27.6669,29.6121,30.6417,31.2061,31.7088,32.0727,32.4407,32.8128,33.1889,33.7221,34.3408,35.5274,38.0643,43.4535,4.56516,1.91573
21.287,-0.4500,0.0000,0.0000,6,148.33,11.13,0.18,-0.7644,0.0228,9041.0,0.0,132.51,136.56,128.39,132.57,13.8874,21.2065,24.5739,27.4617,29.3973,30.4224,30.9847,31.4854,31.848,32.2147,32.5856,32.9604,33.492,34.1089,35.2925,37.8933,43.4928,4.8287,1.98819
21.305,-0.4500,0.0000,0.0000,6,147.78,11.52,0.18,-0.7558,0.0184,9007.85,0.0,131.97,135.98,127.94,132.07,13.7841,21.0305,24.3722,27.2422,29.1679,30.1884,30.7483,31.247,31.6083,31.9737,32.3432,32.7168,33.2467,33.8618,35.0467,37.7311,43.5513,5.14133,2.07117
21.330,-0.4500,0.0000,0.0000,6,147.24,11.86,0.18,-0.7462,0.0139,8974.65,0.0,131.44,135.40,127.50,131.56,13.6724,20.8423,24.1573,27.0085,28.9238,29.9396,30.497,30.9936,31.3535,31.7175,32.0857,32.458,32.9861,33.5993,34.8049,37.5769,43.629,5.51065,2.16448
21.349,-0.4500,0.0000,0.0000,6,146.69,12.14,0.18,-0.7356,0.0092,8941.48,0.0,130.92,134.82,127.05,131.04,13.5522,20.642,23.9288,26.7604,28.6649,29.6755,30.2304,30.7249,31.0832,31.4458,31.8125,32.1835,32.7097,33.327,34.5674,37.4297,43.7253,5.94866,2.26825
21.374,-0.4500,0.0000,0.0000,6,146.14,12.36,0.18,-0.7240,0.0042,8908.4,0.0,130.40,134.25,126.61,130.53,13.4241,20.4299,23.6871,26.4981,28.391,29.3964,29.9485,30.4408,30.7975,31.1585,31.5238,31.8933,32.4234,33.0572,34.3337,37.2891,43.8406,6.47279,2.38244
21.393,-0.4500,0.0000,0.0000,6,145.60,12.53,0.18,-0.7115,-0.0009,8875.47,0.0,129.90,133.68,126.17,130.02,13.2881,20.2061,23.4323,26.2215,28.1023,29.102,29.6513,30.1411,30.4962,30.8556,31.22,31.5945,32.1384,32.7895,34.1027,37.1542,43.9744,7.11241,2.50706
21.418,-0.4500,0.0000,0.0000,6,145.06,12.64,0.18,-0.6980,-0.0061,8842.76,0.0,129.40,133.11,125.73,129.51,13.1446,19.971,23.1645,25.9307,27.7987,28.7925,29.3387,29.826,30.1793,30.5404,30.9128,31.2967,31.8546,32.5232,33.8739,37.0242,44.127,7.92137,2.64222
21.443,-0.4500,0.0000,0.0000,6,144.52,12.70,0.18,-0.6837,-0.0116,8810.33,0.0,128.91,132.56,125.31,129.00,12.994,19.7246,22.8839,25.6259,27.4804,28.4678,29.0108,29.4965,29.855,30.2245,30.6058,30.9991,31.5712,32.2575,33.6463,36.8984,44.2984,9.02661,2.78808
21.462,-0.4500,0.0000,0.0000,6,143.99,12.70,0.18,-0.6685,-0.0173,8778.22,0.0,128.44,132.01,124.88,128.50,12.8364,19.4677,22.591,25.3076,27.1477,28.1284,28.6699,29.1642,29.5306,29.9086,30.2988,30.7016,31.288,31.9921,33.4198,36.7768,44.4896,10.9661,2.94471
21.486,-0.4500,0.4500,0.0000,6,143.46,12.66,0.18,-0.6525,-0.0232,8746.49,0.0,127.97,131.48,124.46,128.00,12.6725,19.2007,22.2866,24.9763,26.8014,27.7767,28.3272,28.8319,29.2062,29.5926,29.9918,30.4041,31.0049,31.7272,33.1945,36.6596,44.7024,65.6956,3.11227
21.505,-0.4500,0.6975,0.0000,6,142.99,12.55,0.17,-0.6358,-0.0296,8887.95,0.0,127.52,130.94,128.16,128.16,12.5001,18.9182,21.9634,24.6237,26.432,27.4125,27.9732,28.4876,28.8694,29.264,29.6717,30.0932,30.708,31.4479,32.9538,36.5261,44.9059,67.3831,3.29219
21.530,-0.4500,0.8336,0.0000,6,142.81,12.33,0.17,-0.6182,-0.0367,9083.5,0.0,127.17,130.46,131.01,131.01,12.3169,18.6134,21.6126,24.2392,26.0297,27.0233,27.5928,28.1158,28.5043,28.9059,29.3213,29.751,30.3783,31.1341,32.6756,36.3483,45.0562,69.0794,3.48677
21.549,-0.4500,0.9085,0.0000,6,142.86,12.09,0.18,-0.5998,-0.0444,9213.47,0.0,126.98,130.16,132.90,132.90,12.1248,18.2917,21.2411,23.8308,25.611,26.6169,27.1942,27.7249,28.1193,28.5274,28.9497,29.387,30.0258,30.7965,32.3714,36.1406,45.1753,70.8443,3.6964
21.573,-0.4500,0.9497,0.0000,6,143.04,11.82,0.18,-0.5805,-0.0526,9296.2,0.0,126.95,130.02,134.11,134.11,11.9239,17.9537,20.8496,23.3993,25.1763,26.1927,26.7768,27.3142,27.714,28.1278,28.5564,29.0005,29.6499,30.4342,32.0401,35.9015,45.2606,72.6839,3.92303
21.593,-0.4500,0.9723,0.0000,6,143.31,11.50,0.17,-0.5603,-0.0615,9346.8,0.0,127.05,130.01,134.86,134.86,11.713,17.5963,20.4341,22.9396,24.7185,25.7429,26.3323,26.8751,27.2792,27.6978,28.1316,28.5814,29.2397,30.0359,31.6691,35.6142,45.284,74.5333,4.16957
21.618,-0.4500,0.9848,0.0000,6,143.63,11.09,0.17,-0.5391,-0.0712,9375.41,0.0,127.25,130.09,135.28,135.28,11.4912,17.2171,19.9913,22.449,24.2312,25.2603,25.8531,26.3995,26.8066,27.2285,27.6661,28.1202,28.7852,29.5905,31.2456,35.2615,45.2141,76.3036,4.43935
21.636,-0.4500,0.9916,0.0000,6,144.00,10.59,0.16,-0.5168,-0.0819,9392.21,0.0,127.55,130.24,135.52,135.52,11.2585,16.8164,19.5217,21.9326,23.7129,24.7429,25.337,25.885,26.2936,26.7174,27.1572,27.6138,28.2832,29.0945,30.7653,34.8367,45.036,77.9381,4.73589
21.661,-0.4500,0.9954,0.0000,6,144.40,10.00,0.15,-0.4935,-0.0932,9403.21,0.0,127.92,130.47,135.68,135.68,11.0166,16.3987,19.0307,21.3965,23.1697,24.1975,24.7911,25.339,25.7479,26.1721,26.6127,27.0704,27.7419,28.5568,30.2378,34.3513,44.7651,79.4661,5.06159
21.680,-0.4500,0.9975,0.0000,6,144.80,9.38,0.14,-0.4691,-0.1048,9412.07,0.0,128.34,130.76,135.81,135.81,10.7678,15.9707,18.527,20.8506,22.6132,23.637,24.2289,24.7756,25.1839,25.6079,26.0483,26.5062,27.1786,27.9954,29.6834,33.8312,44.4441,81.0166,5.41809
21.706,-0.4500,0.9986,0.0000,6,145.21,8.76,0.13,-0.4436,-0.1165,9421.9,0.0,128.79,131.14,135.95,135.95,10.5151,15.54,18.0206,20.3073,22.0588,23.0782,23.6682,24.2137,24.6213,25.0447,25.485,25.9431,26.6162,27.4348,29.1296,33.3127,44.1362,82.8207,5.8056
21.724,-0.4500,0.9992,0.0000,6,145.61,8.20,0.13,-0.4169,-0.1278,9432.83,0.0,129.25,131.57,136.11,136.11,10.2604,15.1125,17.5193,19.7772,21.5191,22.5351,23.1238,23.6687,24.0761,24.4997,24.9404,25.3993,26.0741,26.8958,28.6005,32.828,43.902,85.1581,6.22409
21.749,-0.4500,0.9996,0.0000,6,146.01,7.72,0.13,-0.3892,-0.1384,9444.15,0.0,129.70,132.06,136.27,136.27,10.0047,14.6912,17.0271,19.2666,21.0021,22.0167,22.6055,23.1509,23.5592,23.9839,24.4261,24.8868,25.5652,26.3922,28.112,32.3996,43.7881,88.3309,6.67354
21.768,-0.4500,0.9998,0.0000,6,146.41,7.35,0.13,-0.3602,-0.1483,9458.32,0.0,130.13,132.56,136.47,136.47,9.74804,14.2766,16.5503,18.7782,20.5112,21.527,22.1174,22.6649,23.0751,23.5022,23.9473,24.4114,25.0956,25.9309,27.6724,32.0402,43.8272,92.6931,7.155
21.793,-0.4500,0.9999,0.0000,6,146.80,7.08,0.13,-0.3302,-0.1576,9474.77,0.0,130.53,133.07,136.71,136.71,9.49018,13.8681,16.0917,18.3125,20.0472,21.067,21.6608,22.2121,22.6256,23.0565,23.506,23.9752,24.6677,25.5146,27.2853,31.7568,44.0455,98.7254,7.66988
21.811,-0.4500,0.9999,0.0000,6,147.18,6.91,0.13,-0.2989,-0.1661,9493.61,0.0,130.92,133.56,136.98,136.98,9.23038,13.4641,15.6501,17.8683,19.609,20.6357,21.2346,21.7915,22.2096,22.6459,23.1014,23.5774,24.281,25.143,26.9512,31.5526,44.466,107.16,8.22089
21.836,-0.4500,0.9999,0.0000,6,147.57,6.82,0.13,-0.2666,-0.1740,9514.67,0.0,131.28,134.03,137.28,137.28,8.96816,13.0628,15.2245,17.4443,19.195,20.2314,20.8373,21.4015,21.8257,22.2688,22.7319,23.2166,23.934,24.8149,26.6693,31.4296,45.1146,119.228,8.81108
21.855,-0.4500,1.0000,0.0000,6,147.94,6.80,0.14,-0.2331,-0.1813,9537.68,0.0,131.62,134.48,137.61,137.61,8.70265,12.6624,14.8128,17.0378,18.8024,19.8512,20.4658,21.0392,21.4708,21.9222,22.3947,22.8898,23.624,24.5277,26.4375,31.3886,46.0212,137.224,9.44552
21.881,-0.4500,1.0000,0.0000,6,148.32,6.83,0.14,-0.1984,-0.1882,9562.26,0.0,131.96,134.91,137.97,137.97,8.43338,12.2687,14.4137,16.6472,18.4293,19.4932,20.1182,20.7024,21.1429,21.6042,22.0878,22.5953,23.3493,24.2797,26.2551,31.4324,47.2297,166.025,10.1115
21.899,-0.4500,1.0000,0.0000,6,148.69,6.92,0.14,-0.1627,-0.1947,9587.99,0.0,132.28,135.31,138.34,138.34,8.15988,11.8846,14.0257,16.2707,18.0739,19.1554,19.7927,20.3895,20.8402,21.313,21.8094,22.3313,23.1084,24.07,26.1216,31.5659,48.8012,200.0,10.7214
21.924,-0.4500,1.0000,0.0000,6,149.05,7.03,0.14,-0.1258,-0.2008,9614.44,0.0,132.59,135.68,138.72,138.72,7.88178,11.5093,13.6479,15.907,17.7346,18.8364,19.4876,20.0989,20.5614,21.0474,21.5586,22.0969,22.9005,23.898,26.0382,31.7967,50.8243,200.0,11.2684
21.943,-0.4500,1.0000,0.0000,6,149.41,7.17,0.14,-0.0879,-0.2066,9641.23,0.0,132.89,136.04,139.10,139.10,7.59878,11.1421,13.2791,15.5548,17.4101,18.5349,19.202,19.8296,20.3055,20.8065,21.3345,21.8917,22.7255,23.7642,26.0067,32.1352,53.4273,200.0,11.7588
21.968,-0.4500,1.0000,0.0000,6,149.77,7.33,0.14,-0.0489,-0.2122,9668.0,0.0,133.19,136.38,139.49,139.49,7.31059,10.7823,12.9185,15.213,17.0992,18.2498,18.9346,19.5807,20.0717,20.5896,21.1366,21.7151,22.5834,23.6693,26.0297,32.5954,56.8008,200.0,12.1982
21.986,-0.4500,1.0000,0.0000,6,150.12,7.49,0.13,-0.0089,-0.2176,9694.47,0.0,133.49,136.71,139.87,139.87,7.01734,10.4299,12.5659,14.8813,16.8018,17.981,18.6857,19.3524,19.8604,20.3974,20.9659,21.5686,22.4761,23.616,26.1126,33.1977,61.2424,200.0,12.5912
22.011,-0.4500,1.0000,0.0000,6,150.47,7.65,0.13,0.0322,-0.2229,9720.44,0.0,133.78,137.02,140.25,140.25,6.71829,10.0838,12.2196,14.5577,16.5157,17.7264,18.4531,19.1428,19.6698,20.2282,20.8208,21.4509,22.4029,23.6045,26.2587,33.9642,67.2251,179.694,12.9437
22.037,-0.4500,1.0000,0.0000,6,150.82,7.81,0.13,0.0744,-0.2281,9745.77,0.0,134.07,137.32,140.62,140.62,6.41626,9.74396,11.8796,14.242,16.2408,17.4863,18.2374,18.9527,19.5009,20.0833,20.7031,21.3641,22.3668,23.6389,26.4762,34.9303,75.5791,133.78,13.2593
22.055,-0.4500,1.0000,0.0000,6,151.17,7.96,0.13,0.1174,-0.2333,9770.39,0.0,134.36,137.62,140.97,140.97,6.12211,9.41103,11.5464,13.935,15.9782,17.2619,18.04,18.7838,19.3557,19.965,20.6156,21.3117,22.3721,23.7256,26.7769,36.1449,87.8813,108.538,13.5408
22.080,-0.4500,1.0000,0.0000,6,151.52,8.09,0.13,0.1615,-0.2384,9794.26,0.0,134.66,137.90,141.32,141.32,5.83651,9.08424,11.2191,13.6352,15.7265,17.0522,17.8602,18.6358,19.2343,19.8739,20.5593,21.2953,22.4218,23.8693,27.1723,37.6723,107.513,92.5475,13.7923
22.098,-0.4500,1.0000,0.0000,6,151.86,8.20,0.13,0.2065,-0.2426,9817.39,0.0,134.95,138.19,141.65,141.65,5.55987,8.76425,10.8983,13.3439,15.4875,16.8594,17.7007,18.5119,19.1403,19.8143,20.5392,21.3209,22.5238,24.0808,27.6834,39.6132,143.389,81.4784,14.0159
22.124,-0.3811,1.0000,0.0000,6,152.20,8.29,0.13,0.2510,-0.2291,9839.79,0.0,135.25,138.47,141.97,141.97,5.29215,8.45108,10.5841,13.0611,15.2616,16.6847,17.5631,18.4144,19.0766,19.7898,20.56,21.3942,22.6859,24.3719,28.335,42.1128,197.452,73.3427,14.2142
22.143,-0.3430,1.0000,0.0000,6,152.55,8.36,0.13,0.2936,-0.2157,9861.08,0.0,135.86,139.03,142.28,142.28,5.03335,8.1444,10.2758,12.7856,15.0475,16.5268,17.4466,18.3428,19.0432,19.8008,20.6229,21.5178,22.9128,24.7512,29.1516,45.3725,200.0,67.1245,14.3903
22.168,-0.3087,1.0000,0.0000,6,152.91,8.40,0.13,0.3343,-0.2026,9880.97,0.0,136.55,139.62,142.57,142.57,4.78355,7.84371,9.97213,12.5152,14.8422,16.3827,17.348,18.294,19.0373,19.8451,20.7262,21.6909,23.206,25.2242,30.1572,49.6869,200.0,62.2492,14.5477
22.187,-0.2778,1.0000,0.0000,6,153.29,8.39,0.14,0.3732,-0.1899,9899.81,0.0,137.23,140.20,142.84,142.84,4.54254,7.54835,9.67174,12.2476,14.6429,16.249,17.2639,18.2651,19.0562,19.9205,20.8685,21.9131,23.5677,25.7987,31.3853,55.549,200.0,58.3464,14.6894
22.211,-0.2500,1.0000,0.0000,6,153.68,8.33,0.14,0.4103,-0.1776,9917.54,0.0,137.91,140.75,143.10,143.10,4.31034,7.25805,9.3738,11.9809,14.4465,16.1226,17.1913,18.2528,19.0969,20.0244,21.0483,22.1843,24.0009,26.4842,32.8796,63.8255,200.0,55.173,14.818
22.229,-0.2250,1.0000,0.0000,6,154.09,8.21,0.14,0.4454,-0.1659,9934.11,0.0,138.58,141.28,143.34,143.34,4.0871,6.97289,9.07787,11.7138,14.2507,16.0004,17.1267,18.2541,19.1565,20.1544,21.2637,22.504,24.5086,27.2919,34.6979,76.1911,200.0,52.5623,14.9356
22.255,-0.2025,1.0000,0.0000,6,154.51,8.03,0.14,0.4787,-0.1546,9949.56,0.0,139.23,141.79,143.56,143.56,3.87279,6.6927,8.78323,11.4443,14.0522,15.8782,17.0659,18.2642,19.2304,20.3063,21.5113,22.8703,25.0928,28.2336,36.9162,96.3599,161.976,50.396,15.0441
22.274,-0.1823,1.0000,0.0000,6,154.96,7.78,0.14,0.5102,-0.1440,9964.03,0.0,139.87,142.29,143.77,143.77,3.66771,6.41818,8.49045,11.1723,13.8498,15.7545,17.0067,18.2811,19.3168,20.4786,21.7908,23.2846,25.76,29.3289,39.6482,134.633,138.572,48.5827,15.1446
22.299,-0.1640,1.0000,0.0000,6,155.41,7.47,0.14,0.5399,-0.1340,9977.76,0.0,140.51,142.78,143.97,143.97,3.47185,6.14972,8.19981,10.8974,13.6422,15.6271,16.947,18.3025,19.4135,20.6697,22.1015,23.7484,26.5183,30.603,43.0614,189.371,122.542,47.0528,15.238
22.317,-0.1476,1.0000,0.0000,6,155.88,7.11,0.14,0.5677,-0.1245,9991.1,0.0,141.14,143.26,144.16,144.16,3.28549,5.88833,7.91261,10.6209,13.4303,15.4964,16.8868,18.3287,19.5212,20.8812,22.4468,24.2682,27.3823,32.0948,47.4208,197.643,110.922,45.7505,15.3247
22.342,-0.1329,1.0000,0.0000,6,156.36,6.70,0.14,0.5938,-0.1157,10004.4,0.0,141.76,143.74,144.35,144.35,3.10883,5.6351,7.63047,10.3446,13.2156,15.3643,16.8283,18.3622,19.6429,21.1174,22.8332,24.8544,28.3745,33.8614,53.164,200.0,102.135,44.6304,15.4046
22.362,-0.1196,1.0000,0.0000,6,156.86,6.26,0.14,0.6181,-0.1074,10018.1,0.0,142.38,144.23,144.55,144.55,2.94191,5.39093,7.35478,10.0703,13.0002,15.2324,16.7733,18.4055,19.7822,21.3833,23.2684,25.5201,29.5236,35.981,61.0467,200.0,95.2697,43.6579,15.4779
22.387,-0.1076,1.0000,0.0000,6,157.36,5.80,0.14,0.6408,-0.0995,10032.6,0.0,142.99,144.71,144.76,144.76,2.78506,5.1572,7.08772,9.80112,12.7875,15.1051,16.7268,18.4642,19.9459,21.688,23.7654,26.2853,30.8718,38.5704,72.5097,200.0,89.7612,42.8043,15.5442
22.405,-0.0969,1.0000,0.0000,6,157.87,5.33,0.14,0.6618,-0.0922,10048.3,0.0,143.59,145.20,144.99,144.99,2.63805,4.93433,6.83025,9.53841,12.5794,14.9843,16.6909,18.5417,20.1387,22.0384,24.336,27.1707,32.4698,41.7926,90.6233,200.0,85.2464,42.0486,15.6038
22.430,-0.0872,1.0000,0.0000,6,158.39,4.86,0.14,0.6813,-0.0853,10065.3,0.0,144.19,145.69,145.23,145.23,2.50042,4.72218,6.58247,9.28246,12.376,14.87,16.666,18.6388,20.3623,22.439,24.9895,28.1966,34.3775,45.8799,123.277,200.0,81.487,41.3762,15.6575
22.449,-0.0785,1.0000,0.0000,6,158.91,4.41,0.14,0.6993,-0.0789,10084.0,0.0,144.78,146.18,145.50,145.50,2.3723,4.52167,6.34592,9.03546,12.1797,14.7648,16.6549,18.7591,20.6221,22.8979,25.7404,29.3912,36.6791,51.1966,178.878,200.0,78.3171,40.7749,15.7052
22.474,-0.0706,1.0000,0.0000,6,159.44,3.99,0.14,0.7158,-0.0729,10104.3,0.0,145.36,146.66,145.79,145.79,2.25315,4.33232,6.12022,8.79687,11.9893,14.6667,16.6551,18.9002,20.9161,23.4153,26.5952,30.7771,39.4713,58.3054,186.036,200.0,75.6232,40.2376,15.7478
22.493,-0.0636,1.0000,0.0000,6,159.98,3.58,0.14,0.7311,-0.0673,10126.3,0.0,145.93,147.14,146.11,146.11,2.14251,4.15397,5.90549,8.56715,11.8054,14.576,16.6671,19.0631,21.2467,23.9974,27.5687,32.3917,42.9054,68.2265,189.843,200.0,73.3113,39.7555,15.7859
22.518,-0.0611,1.0000,0.0000,6,160.51,3.21,0.14,0.7451,-0.0621,10150.0,0.0,146.50,147.62,146.45,146.45,2.04018,3.98684,5.70242,8.34756,11.6294,14.4944,16.6926,19.2503,21.6182,24.6525,28.6803,34.2843,47.2027,82.9295,192.456,200.0,71.311,39.3212,15.8196
22.537,-0.0969,1.0000,0.0000,6,161.05,2.87,0.14,0.7580,-0.0572,10175.5,0.0,147.05,148.10,146.81,146.81,1.94563,3.83079,5.51157,8.14013,11.4656,14.4287,16.7411,19.4751,22.0493,25.4099,29.9817,36.5631,52.7941,107.199,194.403,162.406,69.5438,38.9218,15.8485
22.561,-0.1278,1.0000,0.0000,6,161.58,2.54,0.14,0.7697,-0.0517,10204.4,0.0,147.43,148.57,147.23,147.23,1.86041,3.69427,5.35114,7.98534,11.3956,14.5098,16.9913,19.9852,22.865,26.717,32.1326,40.3059,62.609,169.569,196.362,150.886,67.6129,38.4397,15.8578
22.587,-0.1089,1.0000,0.0000,6,162.09,2.37,0.14,0.7802,-0.0448,10237.6,0.0,147.70,149.11,147.71,147.71,1.78677,3.58741,5.24286,7.93354,11.5285,14.9269,17.7176,21.1871,24.635,29.4261,36.534,48.1743,86.9862,180.942,198.791,138.243,65.183,37.7607,15.8309
22.606,-0.0980,1.0000,0.0000,6,162.60,2.43,0.14,0.7895,-0.0369,10272.0,0.0,148.10,149.75,148.20,148.20,1.72405,3.50687,5.18055,7.97561,11.862,15.7063,18.995,23.2603,27.707,34.2589,44.8734,65.0256,169.209,186.683,200.0,126.035,62.531,36.9618,15.7766
22.624,-0.0882,1.0000,0.0000,6,163.11,2.55,0.14,0.7975,-0.0288,10305.1,0.0,148.57,150.28,148.68,148.68,1.67074,3.44525,5.14877,8.07966,12.3444,16.7958,20.8029,26.2967,32.414,42.2446,60.6403,107.429,180.524,190.893,200.0,115.627,60.0187,36.1623,15.7108
22.649,-0.0794,1.0000,0.0000,6,163.62,2.65,0.14,0.8044,-0.0209,10336.6,0.0,149.08,150.75,149.14,149.14,1.62639,3.39967,5.14091,8.23108,12.9543,18.1951,23.2101,30.5931,39.5928,56.1002,96.2276,174.216,185.73,194.097,200.0,107.111,57.7705,35.4128,15.6412
22.674,-0.0714,1.0000,0.0000,6,164.14,2.70,0.14,0.8100,-0.0136,10366.5,0.0,149.62,151.19,149.57,149.57,1.59045,3.36817,5.1527,8.42,13.6782,19.921,26.3407,36.6933,51.0215,83.7188,170.645,180.778,189.269,196.536,200.0,100.237,55.8148,34.7342,15.5721
22.693,-0.0643,1.0000,0.0000,6,164.66,2.68,0.15,0.8145,-0.0069,10395.3,0.0,150.18,151.61,149.99,149.99,1.56296,3.35067,5.18334,8.64317,14.5135,22.0149,30.4054,45.6301,71.0477,160.419,177.797,184.648,191.819,198.372,200.0,94.6866,54.1324,34.1289,15.5047
22.718,-0.0579,1.0000,0.0000,6,165.18,2.60,0.15,0.8179,-0.0009,10423.4,0.0,150.74,152.04,150.39,150.39,1.54371,3.34705,5.23263,8.8994,15.4624,24.539,35.7387,59.5169,113.438,173.902,181.638,187.298,193.682,199.729,158.414,90.1656,52.6862,33.5911,15.4394
22.736,-0.0521,1.0000,0.0000,6,165.71,2.47,0.15,0.8202,0.0045,10451.4,0.0,151.30,152.47,150.79,150.79,1.53243,3.35736,5.30102,9.18975,16.5331,27.5878,42.8991,83.4274,168.342,177.984,184.201,189.189,195.038,200.0,147.053,86.4318,51.4346,33.1108,15.3757
22.761,-0.0469,1.0000,0.0000,6,166.24,2.32,0.15,0.8215,0.0094,10479.5,0.0,151.86,152.90,151.20,151.20,1.52898,3.38192,5.38947,9.51638,17.7369,31.2871,52.8279,132.931,173.422,180.58,186.0,190.546,196.005,200.0,138.12,83.3067,50.3425,32.6788,15.3128
22.780,-0.0422,1.0000,0.0000,6,166.77,2.15,0.15,0.8218,0.0138,10508.1,0.0,152.41,153.35,151.61,151.61,1.53303,3.42057,5.49827,9.88069,19.0849,35.8034,67.2394,167.131,176.287,182.367,187.277,191.505,196.663,200.0,130.93,80.6559,49.3806,32.287,15.2502
22.805,-0.0380,1.0000,0.0000,6,167.30,1.97,0.15,0.8213,0.0177,10537.1,0.0,152.95,153.80,152.03,152.03,1.54423,3.47312,5.62762,10.2839,20.5881,41.3574,89.5861,170.957,178.18,183.616,188.167,192.152,197.071,200.0,125.028,78.3806,48.5258,31.9285,15.1875
22.824,-0.0342,1.0000,0.0000,6,167.83,1.79,0.15,0.8199,0.0212,10566.5,0.0,153.49,154.25,152.46,152.46,1.56189,3.53848,5.77623,10.7246,22.2541,48.2459,128.055,173.216,179.481,184.479,188.759,192.553,197.277,200.0,120.1,76.4051,47.7595,31.5981,15.1245
22.849,-0.0308,1.0000,0.0000,6,168.36,1.63,0.15,0.8177,0.0244,10596.4,0.0,154.03,154.71,152.89,152.89,1.58587,3.61674,5.94471,11.205,24.0968,56.8995,161.75,174.708,180.37,185.046,189.113,192.753,197.313,200.0,115.92,74.6704,47.0658,31.2906,15.0607
22.868,-0.0277,1.0000,0.0000,6,168.89,1.47,0.15,0.8149,0.0273,10626.7,0.0,154.55,155.17,153.32,153.32,1.61556,3.70693,6.13191,11.7239,26.1271,67.9512,165.23,175.72,180.958,185.383,189.278,192.788,197.21,153.673,112.322,73.1296,46.4318,31.002,14.9961
22.893,-0.0249,1.0000,0.0000,6,169.42,1.33,0.15,0.8114,0.0299,10657.3,0.0,155.08,155.63,153.76,153.76,1.65064,3.80861,6.33756,12.2822,28.36,82.3854,167.164,176.394,181.313,185.537,189.289,192.689,196.991,147.943,109.181,71.7456,45.8466,30.7286,14.9304
22.911,-0.0224,1.0000,0.0000,6,169.95,1.20,0.15,0.8073,0.0323,10688.2,0.0,155.59,156.10,154.21,154.21,1.69047,3.92046,6.55947,12.8752,30.7896,101.602,168.389,176.804,181.473,185.533,189.164,192.469,196.668,143.032,106.427,70.4998,45.3059,30.4696,14.8639
22.936,-0.0202,1.0000,0.0000,6,170.48,1.08,0.15,0.8027,0.0344,10719.2,0.0,156.11,156.56,154.66,154.66,1.73484,4.04192,6.79651,13.4991,33.4007,127.692,169.158,176.995,181.463,185.386,188.914,192.138,196.246,138.818,104.015,69.3803,44.8072,30.2246,14.7967
22.956,-0.0182,1.0000,0.0000,6,171.01,0.97,0.15,0.7976,0.0363,10750.3,0.0,156.62,157.03,155.11,155.11,1.78317,4.17183,7.04695,14.1506,36.1887,153.837,169.61,177.009,181.313,185.119,188.559,191.713,195.741,135.16,101.881,68.3667,44.3442,29.9916,14.7291
22.980,-0.0163,1.0000,0.0000,6,171.54,0.88,0.15,0.7921,0.0380,10781.7,0.0,157.13,157.50,155.56,155.56,1.83517,4.30975,7.31033,14.8298,39.1617,156.853,169.832,176.884,181.049,184.755,188.117,191.208,195.166,131.94,99.9697,67.4381,43.9099,29.768,14.6606
22.998,-0.0147,1.0000,0.0000,6,172.07,0.79,0.15,0.7862,0.0395,10813.1,0.0,157.64,157.97,156.01,156.01,1.89066,4.45526,7.58591,15.5343,42.3087,158.277,169.871,176.639,180.685,184.304,187.598,190.633,194.528,129.089,98.2505,66.5847,43.5013,29.5529,14.5914
23.025,-0.0132,1.0000,0.0000,6,172.59,0.71,0.15,0.7799,0.0409,10844.5,0.0,158.14,158.44,156.47,156.47,1.94917,4.60753,7.87271,16.2639,45.6452,159.099,169.772,176.301,180.243,183.784,187.017,190.002,193.839,126.522,96.6792,65.7892,43.1123,29.344,14.5214
23.044,-0.0119,1.0000,0.0000,6,173.12,0.64,0.15,0.7732,0.0421,10876.1,0.0,158.64,158.91,156.92,156.92,2.01054,4.76615,8.16989,17.0158,49.1546,159.555,169.554,175.879,179.729,183.201,186.379,189.319,148.938,124.207,95.2414,65.047,42.7416,29.141,14.4507
23.068,-0.0107,1.0000,0.0000,6,173.65,0.57,0.15,0.7663,0.0433,10907.6,0.0,159.13,159.38,157.38,157.38,2.07431,4.93003,8.47552,17.7852,52.8133,159.757,169.234,175.382,179.151,182.56,185.688,188.587,145.437,122.113,93.9235,64.3538,42.3883,28.9439,14.3794
23.086,-0.0097,1.0000,0.0000,6,174.17,0.52,0.15,0.7591,0.0443,10939.1,0.0,159.62,159.85,157.83,157.83,2.14075,5.09999,8.7914,18.5775,56.6532,159.784,168.834,174.826,178.522,181.875,184.957,187.817,142.818,120.186,92.6946,63.696,42.0466,28.7501,14.3072
23.112,-0.0087,1.0000,0.0000,6,174.69,0.47,0.15,0.7517,0.0452,10970.6,0.0,160.12,160.32,158.28,158.28,2.20927,5.27471,9.11525,19.3878,60.6591,159.674,168.367,174.22,177.848,181.148,184.188,187.013,140.417,118.404,91.5449,63.0704,41.716,28.5597,14.2342
23.131,-0.0078,1.0000,0.0000,6,175.21,0.43,0.15,0.7440,0.0461,11002.0,0.0,160.60,160.79,158.74,158.74,2.27965,5.45358,9.44592,20.2127,64.8068,159.448,167.837,173.564,177.131,180.384,183.384,186.176,138.215,116.756,90.4691,62.4755,41.3963,28.3729,14.1607
23.155,-0.0070,1.0000,0.0000,6,175.73,0.39,0.16,0.7361,0.0469,11033.4,0.0,161.09,161.26,159.19,159.19,2.35186,5.63644,9.78292,21.0496,69.0648,159.121,167.249,172.863,176.374,179.582,182.546,185.307,136.197,115.234,89.4637,61.9102,41.0871,28.1895,14.0868
23.181,-0.0063,1.0000,0.0000,6,176.25,0.35,0.16,0.7280,0.0476,11064.7,0.0,161.58,161.72,159.64,159.64,2.42584,5.82307,10.1256,21.8955,73.3907,158.705,166.606,172.117,175.576,178.744,181.675,184.407,134.354,113.832,88.5258,61.3736,40.7882,28.0095,14.0123
23.199,-0.0057,1.0000,0.0000,6,176.76,0.32,0.16,0.7197,0.0482,11096.0,0.0,162.06,162.19,160.09,160.09,2.5014,6.01284,10.4726,22.7456,77.7284,158.208,165.909,171.327,174.74,177.869,180.77,183.476,132.679,112.546,87.6544,60.8657,40.5,27.8332,13.9375
23.224,0.0106,1.0000,0.0000,6,177.28,0.28,0.16,0.7113,0.0487,11127.2,0.0,162.54,162.66,160.54,160.54,2.57798,6.20484,10.8231,23.6019,82.1349,157.654,165.176,170.508,173.877,176.971,179.842,182.523,131.112,111.335,86.8255,60.3764,40.2185,27.6592,13.8625
23.243,0.0260,1.0000,0.0000,6,177.80,0.28,0.16,0.7028,0.0487,11158.3,0.0,163.08,163.07,160.99,160.99,2.65387,6.38657,11.1382,24.2776,84.3068,156.711,164.149,169.439,172.785,175.861,178.717,181.386,130.564,110.856,86.4391,60.0978,40.0279,27.5259,13.7943
23.268,0.0264,1.0000,0.0000,6,178.31,0.19,0.16,0.6943,0.0474,11189.4,0.0,163.67,163.42,161.44,161.44,2.72583,6.54039,11.3673,24.5481,81.8108,155.021,162.552,167.882,171.248,174.34,177.208,179.888,132.046,111.835,86.9344,60.2411,40.0207,27.4759,13.7413
23.287,0.0237,1.0000,0.0000,6,178.82,-0.01,0.16,0.6860,0.0453,11220.7,0.0,164.23,163.79,161.90,161.90,2.79383,6.67054,11.5277,24.521,76.7446,152.762,160.533,165.968,169.384,172.516,175.418,178.127,135.162,113.948,88.1024,60.7006,40.1496,27.4877,13.7002
23.312,0.0213,1.0000,0.0000,6,179.33,-0.22,0.16,0.6778,0.0429,11252.1,0.0,164.73,164.23,162.35,162.35,2.85912,6.78919,11.6598,24.4029,71.759,150.276,158.366,163.932,167.412,170.593,173.535,176.279,179.839,116.521,89.5268,61.2729,40.3251,27.5206,13.6636
23.331,0.0192,1.0000,0.0000,6,179.84,-0.38,0.16,0.6698,0.0406,11283.3,0.0,165.19,164.70,162.80,162.80,2.92241,6.90332,11.7862,24.3007,67.7372,147.773,156.214,161.914,165.457,168.687,171.669,174.446,178.046,119.135,90.9553,61.8383,40.4961,27.5518,13.6276
23.356,0.0173,1.0000,0.0000,6,180.34,-0.49,0.16,0.6621,0.0385,11314.1,0.0,165.63,165.19,163.24,163.24,2.98392,7.0156,11.9153,24.248,64.692,145.345,154.143,159.97,163.571,166.845,169.862,172.669,176.304,121.601,92.2781,62.3476,40.6423,27.5724,13.5909
23.374,0.0156,1.0000,0.0000,6,180.85,-0.55,0.16,0.6547,0.0366,11344.8,0.0,166.08,165.68,163.69,163.69,3.04356,7.12626,12.048,24.2444,62.4113,143.023,152.172,158.112,161.763,165.075,168.123,170.955,174.62,123.859,93.4657,62.7899,40.7601,27.5813,13.5534
23.399,0.0140,1.0000,0.0000,6,181.35,-0.57,0.16,0.6475,0.0349,11375.3,0.0,166.52,166.16,164.12,164.12,3.10127,7.23471,12.1821,24.2766,60.664,140.794,150.286,156.328,160.023,163.368,166.441,169.294,172.984,125.932,94.5356,63.1753,40.8545,27.5809,13.5156
23.418,0.0126,1.0000,0.0000,6,181.85,-0.57,0.16,0.6406,0.0335,11405.6,0.0,166.96,166.65,164.56,164.56,3.15715,7.34114,12.3176,24.3401,59.3299,138.664,148.485,154.616,158.348,161.72,164.814,167.684,171.395,127.814,95.4872,63.5052,40.9266,27.5717,13.4775
23.441,0.0113,1.0000,0.0000,6,182.36,-0.55,0.16,0.6339,0.0321,11435.9,0.0,167.41,167.12,165.00,165.00,3.21106,7.44503,12.4531,24.4276,58.3091,136.632,146.763,152.969,156.732,160.125,163.236,166.12,169.846,131.704,96.3287,63.7851,40.9793,27.5552,13.4395
23.462,0.0102,1.0000,0.0000,6,182.86,-0.52,0.16,0.6275,0.0310,11466.1,0.0,167.85,167.60,165.44,165.44,3.26338,7.54732,12.5901,24.5408,57.5596,134.715,145.123,151.389,155.175,158.585,161.708,164.602,168.34,172.245,97.0514,64.0121,41.0114,27.5308,13.4012
23.487,0.0145,1.0000,0.0000,6,183.36,-0.48,0.16,0.6213,0.0300,11496.2,0.0,168.29,168.08,165.87,165.87,3.31412,7.64795,12.7282,24.676,57.0313,132.92,143.561,149.872,153.674,157.095,160.226,163.126,166.872,170.784,97.6596,64.1894,41.0247,27.4994,13.3629
23.505,0.0261,1.0000,0.0000,6,183.85,-0.44,0.16,0.6153,0.0289,11526.4,0.0,168.76,168.53,166.31,166.31,3.36247,7.74162,12.8524,24.7764,56.4078,131.016,141.955,148.32,152.143,155.576,158.717,161.625,165.38,169.302,98.3573,64.4052,41.0548,27.4764,13.3273
23.530,0.0317,1.0000,0.0000,6,184.35,-0.41,0.16,0.6096,0.0272,11556.7,0.0,169.27,168.92,166.74,166.74,3.40648,7.81557,12.9272,24.7116,55.0436,128.316,140.002,146.498,150.371,153.84,157.008,159.938,163.717,167.662,99.6582,64.8757,41.1874,27.4988,13.3007
23.549,0.0285,1.0000,0.0000,6,184.84,-0.47,0.16,0.6043,0.0248,11587.3,0.0,169.79,169.30,167.18,167.18,3.44464,7.8631,12.9367,24.4361,52.8264,123.766,137.54,144.294,148.265,151.802,155.022,157.993,161.819,165.808,101.834,65.7062,41.4623,27.5834,13.2865
23.574,0.0256,1.0000,0.0000,6,185.34,-0.60,0.16,0.5992,0.0221,11617.6,0.0,170.28,169.72,167.62,167.62,3.4783,7.89482,12.9123,24.0743,50.4432,111.816,134.781,141.894,145.994,149.619,152.904,155.927,159.811,163.854,104.513,66.7279,41.8099,27.6999,13.2795
23.593,0.0231,1.0000,0.0000,6,185.83,-0.70,0.17,0.5946,0.0195,11647.7,0.0,170.73,170.17,168.06,168.06,3.50871,7.92002,12.8804,23.7227,48.3276,100.641,131.937,139.476,143.716,147.434,150.788,153.863,157.806,161.902,107.313,67.7779,42.1655,27.8206,13.275
23.618,0.0208,1.0000,0.0000,6,186.31,-0.77,0.17,0.5904,0.0170,11677.4,0.0,171.16,170.64,168.49,168.49,3.53625,7.94199,12.8501,23.4105,46.5554,92.2848,129.093,137.113,141.496,145.307,148.725,151.851,155.849,159.994,110.058,68.787,42.5033,27.9349,13.2713
23.637,0.0187,1.0000,0.0000,6,186.80,-0.79,0.17,0.5866,0.0148,11706.9,0.0,171.59,171.12,168.91,168.91,3.56122,7.96214,12.8245,23.1436,45.0992,85.9895,126.283,134.84,139.362,143.258,146.737,149.908,153.955,158.143,112.664,69.7254,42.8131,28.0386,13.2677
23.662,0.0168,1.0000,0.0000,6,187.29,-0.79,0.17,0.5831,0.0128,11736.2,0.0,172.01,171.59,169.33,169.33,3.58359,7.9802,12.8025,22.9143,43.8923,81.122,123.5,132.655,137.312,141.288,144.821,148.033,152.123,156.348,115.117,70.5917,43.0956,28.1326,13.2645
23.680,0.0151,1.0000,0.0000,6,187.78,-0.76,0.17,0.5800,0.0110,11765.4,0.0,172.44,172.06,169.76,169.76,3.60356,7.99642,12.7837,22.7182,42.889,77.2936,120.732,130.564,135.348,139.396,142.977,146.224,150.35,154.608,161.62,71.3835,43.3508,28.2169,13.2615
23.706,0.0136,1.0000,0.0000,6,188.26,-0.72,0.17,0.5773,0.0095,11794.6,0.0,172.86,172.53,170.18,170.18,3.62123,8.01084,12.768,22.5512,42.0551,74.2514,117.957,128.568,133.47,137.581,141.204,144.48,148.636,152.92,159.97,72.0981,43.5788,28.2917,13.2588
23.731,0.0123,1.0000,0.0000,6,188.75,-0.67,0.17,0.5749,0.0081,11823.7,0.0,173.29,173.00,170.60,170.60,3.63669,8.02302,12.7532,22.4045,41.3433,71.7557,115.077,126.651,131.661,135.829,139.487,142.787,146.969,151.274,158.354,72.752,43.7859,28.3596,13.2567
23.749,0.0110,1.0000,0.0000,6,189.23,-0.62,0.17,0.5728,0.0068,11852.7,0.0,173.72,173.46,171.02,171.02,3.65012,8.0332,12.7394,22.2757,40.7356,69.6953,111.887,124.814,129.921,134.137,137.824,141.144,145.346,149.667,156.77,73.3451,43.9727,28.4209,13.2551
23.774,0.0099,1.0000,0.0000,6,189.72,-0.57,0.17,0.5710,0.0058,11881.8,0.0,174.15,173.92,171.44,171.44,3.66167,8.0415,12.7263,22.1624,40.2146,67.9804,107.657,123.054,128.245,132.501,136.211,139.546,143.763,148.096,155.217,73.8805,44.1406,28.4761,13.254
23.793,0.0089,1.0000,0.0000,6,190.20,-0.52,0.17,0.5694,0.0048,11910.8,0.0,174.58,174.37,171.85,171.85,3.6714,8.04753,12.7125,22.0585,39.7539,66.5081,103.796,121.353,126.618,130.907,134.635,137.983,142.21,146.552,153.685,74.3737,44.2953,28.5274,13.2536
23.817,0.0080,1.0000,0.0000,6,190.68,-0.47,0.17,0.5680,0.0039,11939.7,0.0,175.01,174.83,172.27,172.27,3.67963,8.05175,12.6982,21.963,39.3444,65.2331,100.551,119.706,125.036,129.351,133.093,136.449,140.683,145.031,152.171,74.8281,44.4378,28.5752,13.2538
23.836,0.0072,1.0000,0.0000,6,191.16,-0.43,0.17,0.5669,0.0031,11968.6,0.0,175.45,175.28,172.69,172.69,3.68643,8.05432,12.6837,21.8754,38.981,64.1287,97.813,118.115,123.497,127.832,131.583,134.944,139.182,143.532,150.676,75.2437,44.5683,28.6193,13.2545
23.862,0.0065,1.0000,0.0000,6,191.63,-0.39,0.17,0.5659,0.0024,11997.5,0.0,175.88,175.73,173.10,173.10,3.69192,8.05542,12.6691,21.7956,38.6608,63.1769,95.5074,116.581,122.002,126.349,130.105,133.468,137.706,142.055,149.199,75.6191,44.6865,28.6598,13.2557
23.880,0.0059,1.0000,0.0000,6,192.11,-0.35,0.17,0.5652,0.0018,12026.3,0.0,176.31,176.17,173.52,173.52,3.69613,8.0546,12.6528,21.7179,38.3625,62.3131,93.4622,115.081,120.532,124.887,128.645,132.007,136.243,140.589,147.73,75.9741,44.7991,28.699,13.2577
23.905,0.0053,1.0000,0.0000,6,192.59,-0.32,0.17,0.5645,0.0012,12055.0,0.0,176.74,176.61,173.94,173.94,3.69922,8.05213,12.6352,21.6423,38.0841,61.5261,91.6374,113.612,119.086,123.445,127.201,130.561,134.792,139.134,146.269,76.3095,44.9063,28.7371,13.2603
23.925,0.0048,1.0000,0.0000,6,193.06,-0.29,0.17,0.5641,0.0006,12083.7,0.0,177.17,177.06,174.35,174.35,3.7014,8.04889,12.6182,21.5742,37.8405,60.8507,90.0983,112.196,117.679,122.035,125.786,129.139,133.363,137.697,144.823,76.607,45.0018,28.7715,13.2631
23.949,0.0043,1.0000,0.0000,6,193.53,-0.26,0.17,0.5637,0.0002,12112.3,0.0,177.60,177.50,174.76,174.76,3.70267,8.04445,12.6006,21.5093,37.6171,60.2447,88.7412,110.817,116.297,120.645,124.387,127.733,131.947,136.272,143.385,76.8812,45.0906,28.8041,13.2663
23.968,0.0038,1.0000,0.0000,6,194.00,-0.23,0.17,0.5635,-0.0002,12140.9,0.0,178.03,177.94,175.17,175.17,3.70321,8.03925,12.583,21.4485,37.4149,59.7068,87.5555,109.473,114.941,119.276,123.007,126.342,130.543,134.857,141.956,77.1304,45.172,28.8344,13.2697
23.993,0.0035,1.0000,0.0000,6,194.48,-0.21,0.17,0.5633,-0.0006,12169.3,0.0,178.46,178.38,175.59,175.59,3.70299,8.03306,12.5649,21.3902,37.2281,59.221,86.5015,108.16,113.606,117.923,121.64,124.963,129.15,133.451,140.533,77.3599,45.2477,28.8633,13.2735
24.011,0.0031,1.0000,0.0000,6,194.94,-0.19,0.17,0.5633,-0.0009,12197.7,0.0,178.88,178.81,176.00,176.00,3.70219,8.02638,12.5471,21.3364,37.0615,58.7959,85.5928,106.881,112.296,116.591,120.29,123.598,127.769,132.055,139.118,77.5639,45.3159,28.8897,13.2775
24.036,0.0028,1.0000,0.0000,6,195.41,-0.17,0.17,0.5633,-0.0012,12226.0,0.0,179.31,179.25,176.40,176.40,3.70085,8.01918,12.5295,21.2861,36.9113,58.421,84.8034,105.633,111.006,115.274,118.953,122.246,126.398,130.668,137.709,77.746,45.3775,28.9142,13.2815
24.055,0.0025,1.0000,0.0000,6,195.88,-0.15,0.18,0.5634,-0.0015,12254.3,0.0,179.74,179.68,176.81,176.81,3.69893,8.01089,12.5105,21.2343,36.762,58.0558,84.0451,104.391,109.721,113.961,117.619,120.894,125.028,129.28,136.298,77.9253,45.439,28.9391,13.2861
24.080,0.0023,1.0000,0.0000,6,196.34,-0.14,0.18,0.5636,-0.0018,12282.5,0.0,180.16,180.11,177.22,177.22,3.69637,8.00125,12.4895,21.1792,36.6078,57.6855,83.2863,103.15,108.434,112.645,116.281,119.54,123.653,127.889,134.883,78.1089,45.5028,28.9654,13.2912
24.099,0.0020,1.0000,0.0000,6,196.81,-0.13,0.18,0.5638,-0.0020,12310.6,0.0,180.59,180.54,177.62,177.62,3.69345,7.99136,12.4688,21.1274,36.4674,57.3556,82.6203,101.932,107.163,111.342,114.955,118.194,122.287,126.504,133.473,78.2737,45.5608,28.9899,13.2964
24.124,0.0018,1.0000,0.0000,6,197.27,-0.11,0.18,0.5641,-0.0022,12338.6,0.0,181.01,180.97,178.03,178.03,3.69019,7.98133,12.4488,21.0797,36.3429,57.0701,82.0536,100.74,105.911,110.055,113.641,116.86,120.93,125.126,132.068,78.4166,45.6122,29.0121,13.3016
24.143,0.0017,1.0000,0.0000,6,197.73,-0.10,0.18,0.5645,-0.0024,12366.5,0.0,181.43,181.39,178.43,178.43,3.68652,7.97063,12.4281,21.0316,36.2209,56.7957,81.516,99.5556,104.664,108.77,112.329,115.526,119.573,123.748,130.662,78.5544,45.6626,29.0343,13.3071
24.168,0.0015,1.0000,0.0000,6,198.19,-0.09,0.18,0.5649,-0.0026,12394.4,0.0,181.85,181.82,178.83,178.83,3.68246,7.95911,12.4061,20.9817,36.0966,56.5197,80.9807,98.371,103.416,107.483,111.015,114.191,118.213,122.367,129.252,78.6937,45.7139,29.0573,13.3129
24.186,0.0013,1.0000,0.0000,6,198.65,-0.09,0.18,0.5653,-0.0027,12422.2,0.0,182.27,182.24,179.23,179.23,3.67817,7.94766,12.3851,20.936,35.9877,56.2854,80.5357,97.2097,102.184,106.211,109.712,112.865,116.862,120.992,127.847,78.8112,45.7585,29.0779,13.3187
24.212,0.0012,1.0000,0.0000,6,199.11,-0.08,0.18,0.5658,-0.0028,12449.9,0.0,182.69,182.67,179.63,179.63,3.67377,7.9366,12.3656,20.8959,35.8972,56.0985,80.1913,96.0739,100.972,104.953,108.423,111.55,115.52,119.626,126.447,78.9032,45.7951,29.0955,13.3241
24.230,0.0011,1.0000,0.0000,6,199.56,-0.06,0.18,0.5663,-0.0029,12477.5,0.0,183.11,183.09,180.03,180.03,3.66914,7.92526,12.346,20.8565,35.8109,55.9247,79.8765,94.9439,99.7635,103.699,107.136,110.237,114.179,118.26,125.047,78.988,45.8296,29.1126,13.3296
24.255,0.0010,1.0000,0.0000,6,200.02,-0.06,0.18,0.5669,-0.0030,12505.0,0.0,183.53,183.51,180.43,180.43,3.66428,7.91348,12.3258,20.8164,35.7241,55.7518,79.5661,93.8131,98.5545,102.443,105.847,108.922,112.835,116.891,123.644,79.0723,45.8642,29.13,13.3353
24.280,0.0009,1.0000,0.0000,6,200.47,-0.05,0.18,0.5674,-0.0031,12532.5,0.0,183.94,183.93,180.83,180.83,3.65916,7.90111,12.3046,20.7745,35.6342,55.5737,79.2479,92.6784,97.3422,101.185,104.554,107.604,111.487,115.517,122.235,79.1592,45.9002,29.1481,13.3414
24.299,0.0008,1.0000,0.0000,6,200.93,-0.04,0.18,0.5680,-0.0032,12559.9,0.0,184.36,184.34,181.22,181.22,3.65382,7.88823,12.2826,20.7312,35.5415,55.3907,78.9222,91.5397,96.1268,99.9222,103.258,106.282,110.136,114.14,120.822,79.2488,45.9373,29.1668,13.3476
24.324,0.0007,1.0000,0.0000,6,201.38,-0.04,0.18,0.5686,-0.0033,12587.3,0.0,184.78,184.75,181.62,181.62,3.6483,7.87497,12.2599,20.6867,35.4464,55.2034,78.5894,90.3973,94.9082,98.6569,101.959,104.956,108.78,112.758,119.404,79.3411,45.9756,29.1861,13.3541
24.343,0.0006,1.0000,0.0000,6,201.83,-0.04,0.16,0.5693,-0.0034,12614.8,0.0,185.19,185.17,182.01,182.01,3.64251,7.86108,12.2363,20.6405,35.3484,55.0116,78.2507,89.2515,93.6868,97.3886,100.657,103.626,107.421,111.372,117.982,79.4565,46.015,29.2061,13.3608
24.368,0.0006,1.0000,0.0000,6,202.28,-0.04,0.15,0.5699,-0.0035,12642.4,0.0,185.60,185.58,182.41,182.41,3.63662,7.84699,12.2124,20.5937,35.2495,54.8186,77.8196,88.1034,92.4633,96.1179,99.3514,102.294,106.058,109.982,116.555,79.8151,46.0549,29.2264,13.3677
24.387,0.0005,1.0000,0.0000,6,202.72,-0.04,0.12,0.5706,-0.0036,12674.4,0.0,186.01,185.99,182.87,182.87,3.63052,7.83243,12.1877,20.5456,35.148,54.6213,77.2305,86.9518,91.2369,94.8442,98.043,100.958,104.692,108.588,115.124,80.7667,46.0959,29.2472,13.3747
24.411,0.0005,1.0000,0.0000,6,203.17,-0.04,0.10,0.5713,-0.0036,12700.4,0.0,186.42,186.40,183.25,183.25,3.62423,7.81743,12.1623,20.4962,35.0441,54.4198,76.5481,85.7967,90.0075,93.5674,96.7312,99.6185,103.322,107.19,113.688,124.684,46.138,29.2687,13.382
24.430,0.0084,1.0000,0.0000,6,203.62,-0.04,0.09,0.5721,-0.0037,12726.3,0.0,186.83,186.82,183.62,183.62,3.61789,7.80289,12.1384,20.4521,34.957,54.2606,75.8514,84.6598,88.7929,92.303,95.4302,98.2883,101.959,105.798,112.256,123.207,46.1722,29.2872,13.389
24.456,0.0421,1.0000,0.0000,6,204.06,-0.02,0.08,0.5728,-0.0040,12752.0,0.0,187.27,187.20,183.99,183.99,3.61016,7.78136,12.0979,20.3616,34.737,53.7849,74.7937,83.3766,87.4583,90.933,94.033,96.8689,100.515,104.331,110.757,121.672,46.2687,29.3303,13.4001
24.475,0.0673,1.0000,0.0000,6,204.51,-0.05,0.07,0.5738,-0.0060,12778.2,0.0,187.82,187.43,184.37,184.37,3.59482,7.71995,11.9616,20.0052,33.7612,51.5406,71.6143,81.2327,85.4209,88.9481,92.0786,94.9351,98.5998,102.43,108.875,119.822,46.7381,29.5193,13.4351
24.499,0.0754,1.0000,0.0000,6,204.94,-0.32,0.05,0.5753,-0.0104,12806.4,0.0,188.44,187.56,184.78,184.78,3.56692,7.59774,11.6844,19.2748,31.7932,47.1622,63.5709,77.6061,82.2436,85.9889,89.2532,92.203,95.9598,99.8663,106.411,117.491,47.8077,29.9395,13.5082
24.517,0.0678,1.0000,0.0000,6,205.36,-0.82,0.02,0.5774,-0.0167,12843.5,0.0,189.03,187.74,185.31,185.31,3.52702,7.42738,11.3054,18.3093,29.3263,42.0142,54.6378,71.9316,77.9007,82.1275,85.6603,88.7858,92.7128,96.7553,103.472,114.772,49.4236,30.5619,13.6149
24.543,0.0611,1.0000,0.0000,6,205.78,-1.39,-0.02,0.5804,-0.0238,12872.8,0.0,189.50,188.03,185.74,185.74,3.47819,7.23391,10.8908,17.3052,26.9269,37.3529,47.0916,61.0227,72.3425,77.6084,81.5907,84.9835,89.1501,93.3736,100.311,111.874,51.3786,31.2997,13.7416
24.562,0.0550,1.0000,0.0000,6,206.20,-1.83,-0.04,0.5844,-0.0306,12898.5,0.0,189.88,188.43,186.11,186.11,3.42303,7.03619,10.4867,16.3814,24.8655,33.6052,41.3731,51.8733,63.3663,72.5633,77.3123,81.0756,85.5421,89.9761,97.1526,108.986,53.4511,32.0674,13.8758
24.587,0.0495,1.0000,0.0000,6,206.62,-2.10,-0.05,0.5894,-0.0368,12923.0,0.0,190.20,188.88,186.46,186.46,3.36226,6.83973,10.1048,15.5585,23.1438,30.6491,37.0718,45.4046,54.0947,66.3905,72.8833,77.1806,82.0124,86.678,94.0989,106.19,55.5242,32.8244,14.0122
24.605,0.0445,1.0000,0.0000,6,207.05,-2.21,-0.06,0.5955,-0.0423,12946.4,0.0,190.51,189.34,186.80,186.80,3.29591,6.64506,9.74471,14.826,21.6999,28.2893,33.768,40.6657,47.6178,57.4424,68.1796,73.3331,78.6137,83.5287,91.1917,103.517,57.5306,33.5509,14.1488
24.630,0.0401,1.0000,0.0000,6,207.47,-2.19,-0.07,0.6026,-0.0470,12969.8,0.0,190.82,189.81,187.14,187.14,3.22391,6.45075,9.40132,14.1639,20.4639,26.3539,31.1439,37.0406,42.8381,50.7917,62.366,69.5017,75.3553,80.538,88.4352,100.971,59.4421,34.2412,14.2852
24.649,0.0361,1.0000,0.0000,6,207.90,-2.10,-0.08,0.6108,-0.0510,12997.1,0.0,191.16,190.28,187.53,187.53,3.14612,6.25421,9.06715,13.5491,19.369,24.7014,28.9624,34.1175,39.0912,45.7665,55.1961,65.5288,72.195,77.6729,85.8009,98.5263,61.2738,34.9036,14.4227
24.674,0.0325,1.0000,0.0000,6,208.32,-1.98,-0.11,0.6199,-0.0547,13022.9,0.0,191.50,190.72,187.91,187.91,3.0625,6.05314,8.73558,12.9619,18.3642,23.2308,27.0638,31.6363,35.9819,41.7152,49.6263,60.9342,69.0629,74.8846,83.2498,96.1518,63.5592,35.5515,14.5632
24.693,0.0292,1.0000,0.0000,6,208.75,-1.84,-0.12,0.6299,-0.0580,13046.4,0.0,191.86,191.16,188.24,188.24,2.97329,5.84712,8.40458,12.395,17.4273,21.8963,25.374,29.4749,33.3251,38.3356,45.1236,54.8377,65.9255,72.1621,80.7723,93.839,110.536,36.1862,14.7066
24.717,0.0263,1.0000,0.0000,6,209.18,-1.69,-0.13,0.6407,-0.0609,13069.9,0.0,192.22,191.60,188.58,188.58,2.87888,5.63619,8.07309,11.8434,16.5432,20.6664,23.8427,27.5525,31.0007,35.4386,41.3629,49.6703,62.7284,69.4941,78.36,91.5818,108.402,36.808,14.8529
24.737,0.0237,1.0000,0.0000,6,209.61,-1.54,-0.14,0.6523,-0.0635,13093.6,0.0,192.59,192.03,188.93,188.93,2.77958,5.42033,7.74012,11.3029,15.6997,19.5172,22.4328,25.8109,28.9248,32.8959,38.1343,45.3611,59.3668,66.8673,76.0051,89.3732,106.302,37.4177,15.0019
24.762,0.0213,1.0000,0.0000,6,210.03,-1.39,-0.14,0.6646,-0.0658,13117.8,0.0,192.96,192.46,189.28,189.28,2.67582,5.19978,7.40518,10.7705,14.8877,18.4305,21.1168,24.2079,27.0374,30.6186,35.2964,41.6649,55.5484,64.2663,73.6999,87.2065,104.232,38.0161,15.1534
24.780,0.0192,1.0000,0.0000,6,210.46,-1.25,-0.15,0.6776,-0.0678,13143.8,0.0,193.33,192.89,189.65,189.65,2.56792,4.97467,7.06776,10.2437,14.0999,17.3925,19.8734,22.7118,25.2945,28.5426,32.7505,38.4172,50.7063,61.674,71.4356,85.0748,102.187,38.6044,15.3073
24.806,-0.0221,1.0000,0.0000,6,210.89,-1.12,-0.16,0.6911,-0.0697,13170.7,0.0,193.70,193.30,190.04,190.04,2.4562,4.74504,6.72725,9.71988,13.3292,16.3903,18.6841,21.2953,23.6592,26.6159,30.4196,35.4951,46.3208,59.0594,69.1995,82.9687,100.159,39.1859,15.4637
24.830,-0.0272,1.0000,0.0000,6,211.32,-1.04,-0.17,0.7050,-0.0698,13195.0,0.0,193.93,193.89,190.39,190.39,2.34538,4.53004,6.42144,9.27593,12.717,15.6339,17.8188,20.3052,22.5553,25.3684,28.9858,33.8093,44.0858,57.2497,67.4822,81.2386,98.4154,39.5282,15.5933
24.849,-0.0245,1.0000,0.0000,6,211.75,-0.64,-0.18,0.7190,-0.0678,13219.5,0.0,194.11,194.50,190.74,190.74,2.23787,4.33519,6.15913,8.92656,12.2865,15.1553,17.3168,19.7896,22.0396,24.8691,28.5346,33.4703,44.1729,56.5147,66.4146,79.9749,97.0256,39.5602,15.6857
24.875,-0.0221,1.0000,0.0000,6,212.18,-0.17,-0.18,0.7330,-0.0651,13244.9,0.0,194.41,194.99,191.11,191.11,2.13169,4.1469,5.91065,8.6074,11.9155,14.7699,16.939,19.4403,21.7347,24.6454,28.4587,33.671,45.2896,56.103,65.5684,78.8754,95.762,39.4735,15.7628
24.893,-0.0199,1.0000,0.0000,6,212.60,0.21,-0.18,0.7468,-0.0622,13270.6,0.0,194.79,195.38,191.48,191.48,2.02631,3.95875,5.66115,8.28477,11.5378,14.3759,16.5523,19.0832,21.4252,24.4245,28.4029,33.9325,46.6544,55.6114,64.696,77.7613,94.4879,39.3827,15.8379
24.917,-0.0179,1.0000,0.0000,6,213.03,0.47,-0.18,0.7604,-0.0597,13296.7,0.0,195.21,195.75,191.85,191.85,1.92178,3.7692,5.4065,7.94831,11.1316,13.9379,16.1085,18.6533,21.0281,24.098,28.2199,34.0459,47.2201,54.9375,63.718,76.5716,93.1553,39.3264,15.9153
24.936,-0.0161,1.0000,0.0000,6,213.45,0.62,-0.18,0.7737,-0.0575,13323.1,0.0,195.63,196.10,192.24,192.24,1.81874,3.57942,5.14818,7.59955,10.6973,13.4543,15.6036,18.1424,20.5304,23.6444,27.8744,33.9508,47.011,54.0902,62.6285,75.2992,91.7574,39.3087,15.9953
24.961,-0.0145,1.0000,0.0000,6,213.87,0.69,-0.19,0.7867,-0.0555,13348.7,0.0,196.05,196.46,192.60,192.60,1.71742,3.39013,4.88744,7.24061,10.2381,12.9283,15.0405,17.5526,19.9323,23.0607,27.3562,33.6215,46.4136,53.0914,61.4353,73.9477,90.2959,39.3271,16.0776
24.980,-0.0130,1.0000,0.0000,6,214.29,0.70,-0.19,0.7993,-0.0539,13374.0,0.0,196.46,196.81,192.97,192.97,1.61795,3.20198,4.62558,6.87402,9.75796,12.3655,14.4256,16.8905,19.2407,22.3525,26.6676,33.0503,45.555,51.9621,60.1488,72.5234,88.775,39.3777,16.1618
25.005,-0.0117,1.0000,0.0000,6,214.71,0.68,-0.19,0.8117,-0.0525,13399.3,0.0,196.88,197.18,193.34,193.34,1.52044,3.01571,4.36422,6.50336,9.26387,11.7762,13.7722,16.1734,18.4761,21.5453,25.8396,32.275,44.5218,50.7341,58.7894,71.0411,87.2056,39.4513,16.247
25.023,-0.0106,1.0000,0.0000,6,215.13,0.64,-0.18,0.8237,-0.0512,13424.4,0.0,197.28,197.55,193.70,193.70,1.42499,2.83205,4.10499,6.13221,8.76281,11.1712,13.0945,15.4199,17.662,20.6687,24.9115,31.349,43.3759,49.4374,57.3775,69.5157,85.5993,39.5383,16.3318
25.049,-0.0095,1.0000,0.0000,6,215.55,0.60,-0.18,0.8354,-0.0501,13449.3,0.0,197.68,197.92,194.06,194.06,1.33149,2.65104,3.84822,5.76161,8.25715,10.5545,12.3979,14.637,16.8068,19.7335,23.8966,30.289,42.1402,48.0833,55.921,67.9528,83.9601,39.6432,16.4161
25.068,-0.0086,1.0000,0.0000,6,215.97,0.56,-0.17,0.8469,-0.0490,13473.8,0.0,198.07,198.29,194.41,194.41,1.23978,2.47249,3.59377,5.39171,7.74755,9.9273,11.6839,13.827,15.9133,18.7428,22.7982,29.096,40.8232,46.6754,54.422,66.354,82.2891,39.8493,16.5
25.093,-0.0528,1.0000,0.0000,6,216.38,0.51,-0.16,0.8581,-0.0481,13499.1,0.0,198.47,198.66,194.78,194.78,1.14971,2.29625,3.34159,5.0227,7.23473,9.29087,10.9545,12.9922,14.9846,17.7002,21.6201,27.7729,39.4301,45.2164,52.8824,64.7206,80.5871,40.2046,16.5835
25.111,-0.1521,1.0000,0.0000,6,216.79,0.44,-0.16,0.8690,-0.0455,13525.4,0.0,198.65,199.18,195.15,195.15,1.06432,2.13444,3.11648,4.70891,6.82932,8.82633,10.4608,12.486,14.4912,17.2653,21.355,27.9864,38.8616,44.2997,51.7502,63.4058,79.141,40.421,16.6334
25.136,-0.2265,1.0000,0.0000,6,217.17,0.68,-0.15,0.8790,-0.0385,13555.2,0.0,198.42,199.75,195.58,195.58,0.989588,2.00745,2.95883,4.53853,6.7163,8.84925,10.6575,12.9804,15.3757,18.8567,24.3777,33.7904,40.0727,44.7461,51.7005,62.9634,78.4099,39.8875,16.595
25.155,-0.2824,1.0000,0.0000,6,217.49,1.64,-0.14,0.8875,-0.0260,13591.5,0.0,197.99,200.31,196.10,196.10,0.930874,1.92882,2.8945,4.57402,7.05959,9.70826,12.1413,15.5549,19.466,26.0072,34.5498,38.4903,42.6029,46.5273,52.8473,63.5439,78.5396,38.401,16.4483
25.180,-0.3243,1.0000,0.0000,6,217.76,3.05,-0.13,0.8941,-0.0097,13629.6,0.0,197.56,200.68,196.66,196.66,0.89029,1.89903,2.9242,4.83502,8.00561,11.9312,16.1631,23.4423,32.2454,36.4309,39.5068,42.1478,45.4406,48.8468,54.6081,64.721,79.2009,36.4793,16.2293
25.199,-0.3557,1.0000,0.0000,6,217.98,4.60,-0.11,0.8984,0.0084,13666.3,0.0,197.20,200.80,197.18,197.18,0.869681,1.91983,3.05357,5.37096,9.93466,17.3085,28.6259,35.1885,38.1632,40.7382,43.076,45.2543,48.1092,51.1698,56.4959,66.0878,80.0591,34.5494,15.9747
25.223,-0.3793,1.0000,0.0000,6,218.16,6.06,-0.09,0.9001,0.0269,13701.5,0.0,196.89,200.74,197.69,197.69,0.870993,1.99671,3.2998,6.29563,13.954,30.6706,35.9778,39.5301,41.7969,43.9193,45.9317,47.8589,50.4416,53.2606,58.2519,67.4005,80.903,32.7829,15.707
25.243,-0.3970,1.0000,0.0000,6,218.31,7.32,-0.08,0.8992,0.0449,13731.5,0.0,196.65,200.57,198.13,198.13,0.896087,2.1378,3.69109,7.83271,24.2827,35.9263,39.6359,42.5582,44.522,46.4075,48.2289,49.9948,52.3897,55.0312,59.7604,68.5356,81.6177,31.2203,15.438
25.269,-0.4102,1.0000,0.0000,6,218.44,8.32,-0.07,0.8955,0.0621,13755.6,0.0,196.45,200.34,198.48,198.48,0.947134,2.35443,4.27039,10.4438,32.1615,39.0837,42.2467,44.8469,46.6321,48.3662,50.0568,51.7092,53.9642,56.4694,60.9869,69.4445,82.1553,29.8483,15.1715
25.287,-0.4202,1.0000,0.0000,6,218.56,9.06,-0.05,0.8889,0.0784,13774.3,0.0,196.31,200.11,198.75,198.75,1.02599,2.66049,5.10136,15.2397,35.5338,41.3865,44.241,46.6349,48.2957,49.9217,51.5152,53.0794,55.2254,57.6195,61.9609,70.1444,82.5246,28.6279,14.906
25.311,-0.4276,1.0000,0.0000,6,218.68,9.55,-0.03,0.8794,0.0937,13784.7,0.0,196.22,199.89,198.91,198.91,1.13436,3.07009,6.26543,24.0873,37.8481,43.1201,45.7674,48.0128,49.5813,51.1228,52.64,54.1346,56.1906,58.493,62.6841,70.6278,82.7151,27.5408,14.6416
25.331,-0.4332,1.0000,0.0000,6,218.81,9.74,0.01,0.8669,0.1077,13789.0,0.0,196.19,199.69,198.97,198.97,1.27331,3.59512,7.85848,28.2517,39.4994,44.3863,46.8814,49.0122,50.5073,51.982,53.4371,54.8731,56.8546,59.079,63.1414,70.8748,82.7026,26.5808,14.3795
25.355,-0.4374,1.0000,0.0000,6,218.95,9.67,0.03,0.8515,0.1204,13793.5,0.0,196.23,199.53,199.04,199.04,1.44388,4.24988,10.0199,30.6207,40.6872,45.2876,47.6617,49.6994,51.1344,52.5524,53.9545,55.3415,57.2585,59.4147,63.3641,70.9115,82.5072,25.724,14.1171
25.380,-0.4405,1.0000,0.0000,6,219.09,9.43,0.04,0.8332,0.1322,13798.2,0.0,196.31,199.43,199.11,199.11,1.64719,5.05363,12.975,32.2686,41.5578,45.9287,48.2013,50.1603,51.5425,52.9113,54.2675,55.6109,57.4702,59.5662,63.413,70.791,82.1752,24.9398,13.85
25.400,-0.4429,1.0000,0.0000,6,219.24,9.10,0.06,0.8119,0.1436,13802.1,0.0,196.43,199.41,199.16,199.16,1.88491,6.0362,17.0815,33.5381,42.241,46.4169,48.6017,50.4897,51.8251,53.1501,54.4642,55.7674,57.5743,59.6143,63.3665,70.5852,81.7694,24.1937,13.5725
25.424,-0.4447,1.0000,0.0000,6,219.38,8.79,0.07,0.7878,0.1550,13806.2,0.0,196.56,199.47,199.22,199.22,2.15982,7.24685,20.2565,34.6223,42.8516,46.856,48.9608,50.7844,52.0771,53.3609,54.6356,55.9016,57.6594,59.6459,63.3075,70.3725,81.36,23.4515,13.2791
25.443,-0.4460,1.0000,0.0000,6,219.52,8.54,0.10,0.7608,0.1666,13804.9,0.0,196.69,199.59,199.21,199.21,2.47388,8.73671,22.4346,35.5731,43.4041,47.2558,49.2879,51.053,52.3054,53.5506,54.789,56.0203,57.7307,59.6669,63.2415,70.1581,80.9513,22.7118,12.9698
25.468,-0.4470,1.0000,0.0000,6,219.67,8.27,0.14,0.7310,0.1781,13805.6,0.0,196.84,199.72,199.21,199.21,2.82837,10.5575,24.1198,36.3835,43.8733,47.5871,49.5534,51.2636,52.4788,53.6888,54.8932,56.0911,57.7573,59.6462,63.1378,69.9124,37.0049,21.987,12.6472
25.486,-0.4477,1.0000,0.0000,6,219.81,8.03,0.17,0.6984,0.1896,13811.6,0.0,196.99,199.86,199.30,199.30,3.22544,12.6767,25.5023,37.0866,44.2769,47.8655,49.7704,51.4298,52.6108,53.7875,54.9592,56.1259,57.7508,59.5939,63.0067,69.6448,34.5583,21.2734,12.311
25.512,-0.4483,1.0000,0.0000,6,219.95,7.86,0.18,0.6629,0.2013,13821.5,0.0,197.13,200.02,199.44,199.44,3.66799,14.4994,26.6942,37.7226,44.6455,48.1195,49.9672,51.5798,52.7282,53.873,55.0142,56.1516,57.7366,59.5358,62.8727,69.3794,32.596,20.5623,11.9601
25.530,-0.4487,1.0000,0.0000,6,220.08,7.77,0.21,0.6247,0.2135,13832.2,0.0,197.27,200.20,199.59,199.59,4.16102,16.0662,27.7775,38.3408,45.0246,48.3919,50.187,51.7549,52.8723,53.9873,55.0998,56.2089,57.7552,59.5127,62.7755,69.1546,30.7956,19.8402,11.5926
25.556,-0.4490,1.0000,0.0000,6,220.20,7.85,0.23,0.5836,0.2265,13843.6,0.0,197.37,200.40,199.76,199.76,4.71114,17.4768,28.8103,38.9789,45.4467,48.716,50.4613,51.987,53.0754,54.1624,55.2469,56.3287,57.8382,59.5555,62.7458,68.9988,29.0547,19.0982,11.2073
25.574,-0.4493,1.0000,0.0000,6,220.33,7.99,0.28,0.5398,0.2398,13846.4,0.0,197.45,200.58,199.80,199.80,5.3213,18.7507,29.7655,39.5903,45.8619,49.0404,50.739,52.2255,53.2866,54.3462,55.4042,56.4603,57.935,59.6128,62.7343,68.8636,27.4379,18.3558,10.8077
25.599,-0.4495,1.0000,0.0000,6,220.46,8.08,0.33,0.4931,0.2530,13851.9,0.0,197.54,200.71,199.88,199.88,5.98272,19.8755,30.598,40.1108,46.2012,49.2939,50.9492,52.3985,53.4333,54.4673,55.5005,56.5324,57.9732,59.6138,62.6703,68.68,26.001,17.6371,10.4058
25.618,-0.4496,1.0000,0.0000,6,220.58,8.12,0.36,0.4436,0.2659,13861.8,0.0,197.65,200.80,200.02,200.02,6.63029,20.866,31.3114,40.5367,46.4568,49.4693,51.0832,52.4969,53.5071,54.5173,55.5267,56.5349,57.9436,59.5492,62.5443,68.4379,24.7109,16.9445,10.0106
25.644,-0.4497,1.0000,0.0000,6,220.71,8.14,0.37,0.3913,0.2785,13874.0,0.0,197.75,200.88,200.19,200.19,7.2517,21.7458,31.929,40.887,46.6473,49.5841,51.1583,52.5385,53.5255,54.5124,55.4989,56.4846,57.863,59.4354,62.3722,68.1512,23.5216,16.2725,9.62119
25.661,-0.4498,1.0000,0.0000,6,220.82,8.16,0.40,0.3362,0.2914,13885.4,0.0,197.86,200.99,200.36,200.36,7.85133,22.5525,32.494,41.2046,46.8153,49.6797,51.2166,52.5651,53.5293,54.4938,55.4585,56.4231,57.7727,59.3135,62.1929,67.8589,22.379,15.6083,9.23576
25.687,-0.4498,1.0000,0.0000,6,220.93,8.28,0.42,0.2792,0.2926,13896.3,0.0,197.95,201.12,200.52,200.52,8.43339,23.3151,33.0393,41.5244,46.9951,49.7911,51.2929,52.6105,53.5531,54.4965,55.4405,56.3849,57.7071,59.2177,62.0397,67.5942,21.2491,14.9424,8.85268
25.706,-0.4499,1.0000,0.0000,6,221.06,8.40,0.47,0.2229,0.2893,13896.0,0.0,198.03,201.24,200.52,200.52,8.99485,24.0174,33.536,41.8095,47.1478,49.8795,51.347,52.6352,53.5574,54.4808,55.4053,56.3305,57.6267,59.1077,61.8731,67.3174,20.1664,14.2871,8.47433
25.730,-0.4499,1.0000,0.0000,6,221.18,8.42,0.53,0.1674,0.2855,13899.0,0.0,198.13,201.32,200.56,200.56,9.52836,24.6279,33.9397,42.0074,47.2179,49.8869,51.3216,52.582,53.4847,54.389,55.2949,56.2019,57.4728,58.9236,61.6347,66.971,19.1694,13.6586,8.1037
25.750,-0.4499,1.0000,0.0000,6,221.29,8.36,0.61,0.1127,0.2814,13907.0,0.0,198.24,201.41,200.67,200.67,10.0371,25.1705,34.2792,42.15,47.2375,49.8458,51.2493,52.483,53.3672,54.2534,55.1413,56.0306,57.2755,58.6971,61.3543,66.5854,18.2247,13.0471,7.73916
25.774,-0.4499,1.0000,0.0000,6,221.40,8.36,0.66,0.0589,0.2771,13918.6,0.0,198.35,201.51,200.84,200.84,10.5268,25.6738,34.5898,42.274,47.2444,49.795,51.1688,52.3773,53.2438,54.1125,54.9828,55.8536,57.0733,58.4671,61.0704,66.1982,17.3017,12.4427,7.37907
25.794,-0.4499,1.0000,0.0000,6,221.52,8.36,0.74,0.0060,0.2727,13917.0,0.0,198.45,201.62,200.82,200.82,10.9943,26.1258,34.8549,42.3592,47.2168,49.7127,51.0582,52.2425,53.0918,53.9429,54.7951,55.6482,56.8437,58.2092,60.7603,65.7864,16.4148,11.8517,7.02497
25.818,-0.4500,1.0000,0.0000,6,221.64,8.28,0.80,-0.0460,0.2678,13922.7,0.0,198.57,201.70,200.90,200.90,11.4338,26.5075,35.0472,42.3755,47.1227,49.5658,50.8839,52.0445,52.8761,53.7094,54.5443,55.3804,56.5517,57.8891,60.3895,65.3158,15.5815,11.2821,6.67864
25.837,-0.4500,1.0000,0.0000,6,221.75,8.21,0.86,-0.0969,0.2627,13934.2,0.0,198.69,201.80,201.06,201.06,11.8526,26.8503,35.2062,42.3652,47.0068,49.3992,50.6908,51.8269,52.6412,53.4576,54.2758,55.0948,56.2416,57.5519,60.0019,64.8304,14.7718,10.7227,6.33823
25.861,-0.4500,1.0000,0.0000,6,221.86,8.23,0.90,-0.1468,0.2576,13944.6,0.0,198.79,201.92,201.22,201.22,12.254,27.1684,35.3508,42.3481,46.8899,49.234,50.4984,51.6109,52.4088,53.2088,54.0099,54.8117,55.935,57.2192,59.6187,64.3508,13.9744,10.1699,6.0033
25.881,-0.4230,1.0000,0.0000,6,221.99,8.23,0.96,-0.1956,0.2523,13944.2,0.0,198.89,202.03,201.21,201.21,12.633,27.4448,35.4564,42.2973,46.7433,49.039,50.277,51.3669,52.1484,52.9314,53.7157,54.501,55.6017,56.8593,59.2099,23.1777,13.2061,9.63094,5.67542
25.906,-0.3807,1.0000,0.0000,6,222.10,8.17,1.01,-0.2432,0.2466,13952.6,0.0,199.18,202.27,201.33,201.33,12.9864,27.6689,35.5086,42.1958,46.5487,48.7953,50.0077,51.0749,51.8396,52.6061,53.3742,54.1436,55.2215,56.4527,58.756,20.6256,12.475,9.11006,5.35588
25.931,-0.3427,1.0000,0.0000,6,222.23,8.16,1.05,-0.2896,0.2407,13964.1,0.0,199.65,202.69,201.50,201.50,13.3196,27.8612,35.5342,42.0732,46.3346,48.5339,49.721,50.7651,51.5137,52.2643,53.0168,53.77,54.825,56.0307,58.2871,18.8383,11.765,8.60088,5.04366
25.950,-0.3084,1.0000,0.0000,6,222.37,8.17,1.08,-0.3347,0.2345,13969.7,0.0,200.19,203.18,201.59,201.59,13.6309,28.0186,35.5283,41.924,46.095,48.2481,49.4093,50.4313,51.1643,51.8995,52.6358,53.3729,54.4058,55.5871,57.7965,17.3591,11.0793,8.10523,4.7394
25.975,-0.2776,1.0000,0.0000,6,222.54,8.09,1.13,-0.3784,0.2277,13973.4,0.0,200.77,203.64,201.63,201.63,13.9136,28.1191,35.4613,41.7151,45.795,47.9011,49.0371,50.0375,50.7551,51.4741,52.1945,52.916,53.9276,55.0844,57.248,16.1278,10.4329,7.63034,4.4448
25.994,-0.2498,1.0000,0.0000,6,222.73,7.94,1.17,-0.4207,0.2204,13982.7,0.0,201.33,204.06,201.76,201.76,14.1677,28.165,35.3366,41.4486,45.437,47.4955,48.607,49.5857,50.2872,50.9906,51.6955,52.4019,53.3925,54.5245,56.644,15.0655,9.82312,7.17603,4.16037
26.018,-0.2248,1.0000,0.0000,6,222.93,7.78,1.20,-0.4615,0.2123,13993.8,0.0,201.86,204.48,201.92,201.92,14.396,28.1679,35.1694,41.14,45.0371,47.0494,48.1363,49.0929,49.7789,50.467,51.157,51.8485,52.8175,53.9255,56.0019,14.1098,9.24207,6.7393,3.88583
26.037,-0.2023,1.0000,0.0000,6,223.16,7.58,1.24,-0.5007,0.2037,13997.7,0.0,202.36,204.86,201.98,201.98,14.5964,28.1229,34.953,40.7815,44.5869,46.5536,47.6154,48.5503,49.2211,49.8944,50.5695,51.2456,52.1935,53.2782,55.3118,13.2587,8.69407,6.32242,3.62203
26.061,-0.1821,1.0000,0.0000,6,223.40,7.29,1.28,-0.5381,0.1944,14006.0,0.0,202.85,205.21,202.10,202.10,14.7658,28.0217,34.6762,40.3599,44.0726,45.9928,47.0297,47.9434,48.5993,49.2576,49.9174,50.5784,51.5058,52.5677,54.5587,12.5211,8.18508,5.92843,3.37011
26.080,-0.1639,1.0000,0.0000,6,223.65,6.97,1.31,-0.5738,0.1843,14017.3,0.0,203.32,205.55,202.26,202.26,14.9069,27.875,34.3533,39.8909,43.5109,45.3842,46.3965,47.2893,47.9303,48.5732,49.2179,49.8642,50.7715,51.8109,53.7598,11.8699,7.7094,5.55548,3.1305
26.106,-0.1475,1.0000,0.0000,6,223.93,6.66,1.33,-0.6075,0.1736,14027.8,0.0,203.76,205.89,202.42,202.42,15.0206,27.688,33.9906,39.3804,42.9081,44.7348,45.7231,46.5949,47.2205,47.8484,48.4784,49.1102,49.9977,51.0144,52.9221,11.2989,7.26651,5.20448,2.90387
26.124,-0.1174,1.0000,0.0000,6,224.22,6.31,1.36,-0.6390,0.1622,14036.8,0.0,204.19,206.22,202.54,202.54,15.1057,27.4567,33.5815,38.8221,42.257,44.0376,45.0019,45.8522,46.4628,47.0758,47.6913,48.3089,49.1766,50.1705,52.0378,10.8247,6.86137,4.87806,2.69108
26.149,-0.1720,1.0000,0.0000,6,224.52,5.95,1.39,-0.6683,0.1501,14049.2,0.0,204.71,206.58,202.72,202.72,15.1586,27.1736,33.1157,38.2047,41.5455,43.2801,44.2198,45.0487,45.6443,46.2426,46.8436,47.4471,48.2945,49.266,51.0936,10.4846,6.50371,4.58063,2.49411
26.168,-0.2415,1.0000,0.0000,6,224.82,5.54,1.40,-0.6953,0.1376,14064.5,0.0,204.83,206.69,202.94,202.94,15.1913,26.8749,32.639,37.5798,40.8281,42.5174,43.4326,44.2406,44.8215,45.4055,45.9924,46.5814,47.4089,48.3583,50.149,10.2284,6.1778,4.30569,2.31242
26.193,-0.2936,1.0000,0.0000,6,225.08,5.34,1.42,-0.7198,0.1262,14081.0,0.0,204.68,206.73,203.18,203.18,15.2219,26.6114,32.2151,37.0197,40.1816,41.8276,42.7198,43.508,44.075,44.6453,45.2182,45.7932,46.6015,47.5297,49.2961,9.94193,5.85716,4.04326,2.14403
26.211,-0.3327,1.0000,0.0000,6,225.31,5.45,1.44,-0.7420,0.1165,14102.2,0.0,204.42,206.77,203.48,203.48,15.255,26.3931,31.8559,36.537,39.6204,41.2257,42.0965,42.8664,43.4205,43.9773,44.5366,45.0984,45.8886,46.7965,48.5601,9.58667,5.5382,3.79267,1.98878
26.237,-0.3620,1.0000,0.0000,6,225.50,5.83,1.45,-0.7619,0.1079,14125.3,0.0,204.14,206.81,203.81,203.81,15.2874,26.2096,31.5463,36.1159,39.1267,40.6944,41.5456,42.2982,42.8394,43.3834,43.9301,44.4794,45.2524,46.1453,47.9326,9.18726,5.23093,3.55822,1.84797
26.255,-0.3840,1.0000,0.0000,6,225.67,6.38,1.45,-0.7793,0.1001,14147.1,0.0,203.88,206.83,204.13,204.13,15.3131,26.0405,31.2614,35.7276,38.6697,40.2026,41.035,41.7703,42.2993,42.8313,43.3661,43.9037,44.6629,45.5657,47.3867,8.80843,4.95012,3.34573,1.72261
26.281,-0.4005,1.0000,0.0000,6,225.81,6.99,1.46,-0.7945,0.0927,14167.2,0.0,203.65,206.80,204.42,204.42,15.3256,25.8653,30.9754,35.3421,38.2175,39.7168,40.5303,41.2492,41.7667,42.2872,42.8107,43.3403,44.1087,45.0295,46.8891,8.5212,4.70939,3.16167,1.6134
26.300,-0.4129,1.0000,0.0000,6,225.94,7.57,1.46,-0.8074,0.0853,14185.3,0.0,203.46,206.73,204.68,204.68,15.3193,25.6677,30.6664,34.9338,37.7445,39.2096,40.0047,40.7078,41.2141,41.724,42.2463,42.7851,43.5686,44.5082,46.409,8.39979,4.52066,3.01111,1.52143
26.324,-0.4222,1.0000,0.0000,6,226.06,8.06,1.46,-0.8180,0.0772,14200.4,0.0,203.31,206.65,204.90,204.90,15.2903,25.4371,30.3207,34.488,37.2338,38.6648,39.4421,40.1299,40.6294,41.1444,41.6759,42.2246,43.0231,43.9817,45.9241,8.54716,4.39422,2.89736,1.44773
26.343,-0.4291,1.0000,0.0000,6,226.16,8.45,1.45,-0.8262,0.0686,14214.1,0.0,203.21,206.55,205.10,205.10,15.2377,25.1693,29.9345,33.9999,36.6798,38.0773,38.837,39.5208,40.0279,40.5513,41.0917,41.65,42.463,43.44,45.4235,9.28867,4.33886,2.82315,1.39253
26.369,-0.4343,1.0000,0.0000,6,226.27,8.72,1.44,-0.8321,0.0595,14223.6,0.0,203.16,206.46,205.24,205.24,15.1607,24.8616,29.5042,33.4652,36.0777,37.4419,38.1975,38.8904,39.4046,39.9356,40.4843,41.0514,41.8781,42.8726,44.8951,49.6831,4.36574,2.793,1.35634
26.387,-0.4382,1.0000,0.0000,6,226.38,8.84,1.42,-0.8356,0.0494,14230.3,0.0,203.14,206.38,205.34,205.34,15.0583,24.5118,29.0259,32.8795,35.4236,36.7661,37.5295,38.2301,38.7505,39.2882,39.8441,40.4191,41.2579,42.2682,44.3263,49.2192,4.49311,2.8117,1.34066
26.412,-0.4412,1.0000,0.0000,6,226.49,8.86,1.40,-0.8366,0.0386,14239.8,0.0,203.17,206.33,205.48,205.48,14.9331,24.1251,28.5067,32.2511,34.7268,36.0695,36.8395,37.5468,38.0725,38.616,39.1784,39.7604,40.6102,41.6348,43.7261,48.7189,4.74661,2.88346,1.3462
26.431,-0.4434,1.0000,0.0000,6,226.60,8.83,1.37,-0.8350,0.0275,14244.2,0.0,203.21,206.32,205.54,205.54,14.7881,23.7092,27.957,31.5911,34.0111,35.3623,36.1383,36.8517,37.3822,37.9312,38.4995,39.0881,39.9483,40.9866,43.11,48.2017,5.16265,3.01515,1.37342
26.456,-0.4450,1.0000,0.0000,6,226.72,8.72,1.35,-0.8310,0.0157,14247.2,0.0,203.29,206.33,205.59,205.59,14.6219,23.2621,27.3736,30.8963,33.2802,34.638,35.4187,36.1372,36.6719,37.2256,37.7991,38.3936,39.2631,40.3138,42.4669,47.6533,5.82409,3.21779,1.42429
26.475,-0.4463,0.5500,0.0000,6,226.83,8.56,1.31,-0.8243,0.0034,14255.1,0.0,203.38,206.36,205.69,205.69,14.4359,22.7902,26.7646,30.1751,32.5419,33.9051,34.6899,35.4128,35.9513,36.5092,37.0875,37.6874,38.5656,39.6282,41.81,47.0902,6.91305,3.50212,1.5001
26.500,-0.4472,0.3025,0.0000,6,226.73,8.38,1.27,-0.8149,-0.0090,14052.5,0.0,203.46,206.41,202.82,202.82,14.233,22.2996,26.1375,29.4395,31.8066,33.1749,33.9637,34.691,35.2332,35.7953,36.3785,36.9839,37.871,38.9458,41.1573,46.5361,9.52498,3.88196,1.60166
26.518,-0.4479,0.1664,0.0000,6,226.31,8.07,1.23,-0.8028,-0.0216,13913.3,0.0,203.42,206.29,200.80,200.80,14.0103,21.7818,25.4817,28.6913,31.0578,32.429,33.2206,33.9513,34.4963,35.0619,35.6491,36.2591,37.1539,38.2393,40.4776,45.9496,59.7689,4.38523,1.73031
26.544,-0.4484,0.0915,0.0000,6,225.71,7.80,1.21,-0.7883,-0.0339,13817.0,0.0,203.19,206.03,198.29,200.53,13.7756,21.2595,24.8256,27.9664,30.3353,31.7115,32.5071,33.2422,33.7912,34.3612,34.9535,35.5693,36.4736,37.5721,39.8429,45.4252,59.7236,5.04361,1.88532
26.568,-0.4488,0.0503,0.0000,6,225.01,7.89,1.16,-0.7712,-0.0442,13742.6,0.0,202.75,205.73,196.86,199.82,13.5421,20.768,24.2137,27.3241,29.7114,31.1026,31.9084,32.6539,33.2112,33.7905,34.393,35.02,35.9421,37.0641,39.3902,45.148,60.1583,5.87502,2.06398
26.587,-0.4491,0.0277,0.0000,6,224.23,8.33,1.14,-0.7517,-0.0528,13677.3,0.0,202.10,205.34,195.65,199.15,13.3107,20.3081,23.6473,26.774,29.199,30.6176,31.4411,32.2042,32.7754,33.3698,33.9888,34.6339,35.584,36.7426,39.1532,45.1713,61.2125,6.95422,2.26716
26.611,-0.4493,0.0152,0.0000,6,223.42,9.05,1.14,-0.7297,-0.0605,13617.2,0.0,201.32,204.86,194.57,198.49,13.0771,19.8674,23.1271,26.3058,28.7869,30.2448,31.0935,31.8813,32.472,33.0875,33.7295,34.3995,35.3881,36.5969,39.1228,45.4943,62.9503,8.47733,2.49462
26.630,-0.4495,0.0084,0.0000,6,222.57,9.96,1.13,-0.7054,-0.0669,13558.8,0.0,200.46,204.26,193.57,197.81,12.8366,19.4338,22.6581,25.9062,28.4601,29.9685,30.8494,31.6688,32.2844,32.9269,33.5981,34.2999,35.3378,36.6105,39.2839,46.1105,65.4493,11.8248,2.74722
26.656,-0.4496,0.0046,0.0000,6,221.70,10.94,1.14,-0.6788,-0.0730,13501.4,0.0,199.57,203.56,192.66,197.06,12.5848,18.9938,22.2251,25.5553,28.1952,29.7637,30.6827,31.5399,32.185,32.8597,33.5659,34.3058,35.4028,36.7527,39.6047,46.9919,68.7728,170.249,3.02801
26.675,-0.4497,0.0025,0.0000,6,220.82,11.87,1.15,-0.6498,-0.0797,13445.0,0.0,198.66,202.75,191.82,196.27,12.3175,18.5363,21.8122,25.2318,27.9669,29.6023,30.5641,31.4637,32.1424,32.8536,33.5996,34.3829,35.5476,36.9863,40.046,48.1002,72.9925,182.613,3.33879
26.699,-0.4498,0.0014,0.0000,6,219.93,12.68,1.16,-0.6184,-0.0866,13388.7,0.0,197.77,201.87,191.04,195.43,12.0311,18.0756,21.4065,24.9181,27.7534,29.4604,30.4684,31.414,32.1291,32.8802,33.6698,34.501,35.7407,37.2785,40.5726,49.402,78.2287,193.685,3.68514
26.718,-0.4498,0.0008,0.0000,6,219.04,13.33,1.16,-0.5848,-0.0945,13332.4,0.0,196.90,200.94,190.28,194.57,11.7246,17.6183,21.0008,24.6038,27.5419,29.3235,30.3802,31.3745,32.1285,32.9223,33.7589,34.6418,35.9632,37.6096,41.1644,50.8849,84.7138,200.0,4.07081
26.743,-0.4499,0.4504,0.0000,6,218.15,13.79,1.17,-0.5488,-0.1038,13277.6,0.0,196.05,199.99,189.57,193.69,11.3979,17.1599,20.5878,24.278,27.3182,29.1756,30.2823,31.327,32.1216,32.96,33.846,34.7838,36.1922,37.9555,41.7952,52.5271,92.7547,200.0,4.50191
26.761,-0.4499,0.6977,0.0000,6,217.34,13.95,1.18,-0.5105,-0.1144,13412.2,0.0,195.25,199.01,193.47,193.47,11.0473,16.6859,20.144,23.9055,27.0359,28.9627,30.1159,31.2081,32.0411,32.9224,33.8562,34.8472,36.3411,38.2207,42.3494,54.1573,102.263,82.9818,4.99129
26.788,-0.4499,0.3837,0.0000,6,216.96,13.72,1.19,-0.4698,-0.1271,13558.7,0.0,194.63,198.11,195.63,195.63,10.6706,16.1864,19.6527,23.46,26.6587,28.6413,29.8332,30.9656,31.8316,32.7499,33.7255,34.7637,36.3343,38.3198,42.7189,55.593,112.984,66.1445,5.55325
26.806,-0.4499,0.2111,0.0000,6,216.63,13.17,1.20,-0.4265,-0.1424,13404.9,0.0,194.22,197.43,193.48,193.48,10.2704,15.6641,19.117,22.9435,26.1868,28.2103,29.4316,30.5956,31.4879,32.4364,33.4464,34.5241,36.1599,38.2373,42.8785,56.7723,124.965,59.7581,6.20867
26.830,-0.4499,0.1161,0.0000,6,216.15,12.19,1.22,-0.3805,-0.1594,13271.4,0.0,193.95,196.82,190.80,192.30,9.84737,15.1144,18.5276,22.3395,25.5954,27.6385,28.876,30.0585,30.9671,31.9349,32.9677,34.0723,35.7539,37.8984,42.7255,57.4815,135.408,57.4026,6.96522
26.849,-0.4500,0.0638,0.0000,6,215.54,11.00,1.23,-0.3320,-0.1775,13180.9,0.0,193.68,196.23,189.34,191.13,9.41523,14.5597,17.9194,21.6984,24.949,27.0,28.2464,29.4402,30.3596,31.3407,32.3899,33.5144,35.2312,37.4294,42.413,57.9619,142.247,56.358,7.69886
26.875,-0.4500,0.0351,0.0000,6,214.87,9.90,1.23,-0.2807,-0.1967,13113.9,0.0,193.34,195.72,188.27,190.26,8.99994,14.0268,17.3356,21.0854,24.3352,26.3972,27.6549,28.8627,29.795,30.7919,31.8603,33.0082,34.7662,37.0266,42.192,58.6792,148.305,55.2561,8.37399
26.893,-0.4500,0.0193,0.0000,6,214.16,9.00,1.25,-0.2266,-0.2146,13057.9,0.0,192.91,195.26,187.33,189.59,8.60672,13.5321,16.8035,20.5429,23.8118,25.8999,27.1787,28.4106,29.3641,30.3861,31.4844,32.6676,34.4864,36.837,42.2597,60.0595,154.678,53.6292,8.98194
26.918,-0.4500,0.4606,0.0000,6,213.43,8.45,1.26,-0.1698,-0.2305,13006.3,0.0,192.37,194.84,186.39,189.03,8.23888,13.09,16.3477,20.1109,23.4362,25.5778,26.8962,28.1714,29.1616,30.2263,31.3743,32.6154,34.5323,37.0261,42.8501,62.6959,162.001,51.2979,9.51284
26.937,-0.4500,0.7033,0.0000,6,212.81,8.28,1.27,-0.1124,-0.2217,13136.7,0.0,191.74,194.45,189.53,189.53,7.89639,12.7016,15.9721,19.7988,23.2251,25.4545,26.836,28.1788,29.226,30.3564,31.5803,32.9097,34.9753,37.6854,44.118,67.1831,170.185,48.5429,9.96648
26.962,-0.4500,0.8368,0.0000,6,212.55,8.32,1.29,-0.0579,-0.2081,13245.1,0.0,191.20,194.12,191.11,191.11,7.57459,12.3508,15.6515,19.5707,23.1337,25.4802,26.9456,28.3781,29.5011,30.719,32.0445,33.4921,35.7582,38.7626,46.039,73.9424,178.511,45.8907,10.358
26.980,-0.4500,0.9102,0.0000,6,212.47,8.48,1.32,-0.0061,-0.1941,13309.1,0.0,190.83,193.92,192.04,192.04,7.27082,12.0281,15.3711,19.4055,23.1367,25.6276,27.197,28.7417,29.9599,31.2884,32.7429,34.3418,36.867,40.2574,48.6753,83.9402,186.642,43.5192,10.6987
27.005,-0.4500,0.9506,0.0000,6,212.49,8.66,1.34,0.0429,-0.1803,13348.0,0.0,190.61,193.79,192.60,192.60,6.98232,11.7232,15.1139,19.2777,23.2005,25.859,27.5506,29.2283,30.5604,32.0222,33.6336,35.4186,38.2668,42.1479,52.0779,98.8371,194.274,41.5143,11.0003
27.025,-0.4500,0.9728,0.0000,6,212.58,8.75,1.35,0.0892,-0.1671,13372.1,0.0,190.52,193.71,192.95,192.95,6.70673,11.4265,14.8633,19.1597,23.2869,26.1289,27.9566,29.7844,31.2464,32.862,34.6566,36.6614,39.8977,44.3835,56.2757,120.809,200.0,39.8978,11.2737
27.050,-0.4017,0.9851,0.0000,6,212.70,8.69,1.36,0.1327,-0.1546,13387.4,0.0,190.53,193.65,193.18,193.18,6.44357,11.1358,14.6145,19.0427,23.3828,26.4218,28.3985,30.3929,32.0011,33.7917,35.7975,38.0596,41.7591,46.9875,61.4427,135.488,200.0,38.5974,11.5236
27.068,-0.3615,0.9918,0.0000,6,212.85,8.53,1.36,0.1736,-0.1429,13397.8,0.0,190.89,193.88,193.33,193.33,6.19318,10.8521,14.3683,18.9271,23.4879,26.738,28.8774,31.0567,32.8295,34.8196,37.0696,39.6337,43.8894,50.0391,67.9165,145.518,105.879,37.5339,11.7518
27.094,-0.3253,0.9955,0.0000,6,213.03,8.24,1.37,0.2119,-0.1319,13402.6,0.0,191.45,194.26,193.40,193.40,5.95594,10.5771,14.1271,18.8152,23.6053,27.0817,29.3994,31.7845,33.743,35.9617,38.4957,41.4174,46.3479,53.6578,76.2427,153.483,93.8388,36.6474,11.9596
27.119,-0.2928,0.9975,0.0000,6,213.24,7.88,1.38,0.2475,-0.1214,13410.1,0.0,192.09,194.72,193.50,193.50,5.73297,10.316,13.8997,18.7222,23.7589,27.4856,30.0042,32.6253,34.8001,37.2884,40.1634,43.5223,49.3008,58.1322,87.5979,160.272,85.1077,35.8673,12.1455
27.136,-0.2635,0.9986,0.0000,6,213.45,7.54,1.38,0.2806,-0.1110,13421.0,0.0,192.72,195.21,193.66,193.66,5.52606,10.0774,13.7026,18.6786,23.9997,28.0212,30.7809,33.6894,36.1315,38.9584,42.2687,46.1977,53.1166,64.0998,104.772,166.476,78.1984,35.1162,12.3054
27.163,-0.2372,0.9992,0.0000,6,213.69,7.25,1.38,0.3111,-0.1005,13432.3,0.0,193.32,195.73,193.82,193.82,5.33659,9.8691,13.551,18.7153,24.3849,28.7744,31.8404,35.1205,37.9138,41.1932,45.0975,49.8234,58.3987,72.7148,122.443,172.458,72.359,34.3447,12.436
27.181,-0.2135,0.9996,0.0000,6,213.93,7.06,1.40,0.3392,-0.0897,13444.0,0.0,193.85,196.25,193.99,193.99,5.16541,9.69549,13.4547,18.8554,24.9638,29.8276,33.2971,37.0767,40.3522,44.2662,49.0252,54.9354,66.0997,86.1167,133.372,178.366,67.26,33.5396,12.5365
27.205,-0.1921,0.9998,0.0000,6,214.19,6.92,1.41,0.3647,-0.0788,13454.8,0.0,194.33,196.72,194.15,194.15,5.01171,9.55371,13.4094,19.0953,25.7445,31.2127,35.2117,39.6648,43.608,48.426,54.4454,62.1791,77.6257,108.124,142.263,184.082,62.8542,32.7355,12.6118
27.225,-0.1729,0.9999,0.0000,6,214.47,6.77,1.43,0.3878,-0.0681,13465.7,0.0,194.79,197.12,194.30,194.30,4.87425,9.43816,13.4045,19.4176,26.7104,32.9302,37.6122,42.9643,47.8303,53.9437,61.8545,72.4906,95.4904,123.063,149.829,189.41,59.1292,31.9732,12.6677
27.249,-0.1556,0.9999,0.0000,6,214.76,6.58,1.45,0.4084,-0.0579,13478.2,0.0,195.24,197.49,194.48,194.48,4.75247,9.34631,13.4347,19.8142,27.8603,35.0064,40.5679,47.1265,53.2848,61.2998,72.1593,87.703,115.443,132.643,156.369,194.274,55.9917,31.2667,12.708
27.269,-0.1400,0.9999,0.0000,6,215.07,6.34,1.47,0.4267,-0.0482,13491.7,0.0,195.69,197.82,194.68,194.68,4.64607,9.27745,13.4987,20.2846,29.2085,37.4983,44.202,52.4085,60.4276,71.3506,87.1019,108.795,125.941,140.172,162.075,198.76,53.33,30.6151,12.7347
27.293,-0.1260,1.0000,0.0000,6,215.38,6.07,1.48,0.4426,-0.0390,13505.7,0.0,196.14,198.16,194.88,194.88,4.55527,9.23356,13.6008,20.8406,30.7972,40.522,48.7455,59.2819,70.1135,85.7961,107.48,120.42,133.749,146.484,167.129,104.5,51.0285,30.0064,12.7478
27.313,-0.1134,1.0000,0.0000,6,215.71,5.78,1.49,0.4563,-0.0302,13520.3,0.0,196.58,198.49,195.09,195.09,4.47981,9.21495,13.7422,21.4884,32.6642,44.2101,54.5005,68.4533,83.782,105.483,118.597,128.437,140.119,151.911,171.621,95.1583,49.0173,29.4356,12.7484
27.337,-0.1021,1.0000,0.0000,6,216.05,5.46,1.50,0.4679,-0.0220,13532.2,0.0,197.02,198.81,195.26,195.26,4.41922,9.22028,13.9198,22.2236,34.8264,48.6857,61.8263,80.9595,102.577,116.21,126.17,134.73,145.441,156.576,175.562,88.0618,47.2616,28.9049,12.7384
27.356,-0.0919,1.0000,0.0000,6,216.40,5.10,1.51,0.4773,-0.0144,13546.8,0.0,197.46,199.12,195.47,195.47,4.37296,9.24836,14.1312,23.0418,37.3027,54.1083,71.2492,98.3908,113.175,123.374,132.04,139.861,149.919,160.567,178.975,82.3748,45.7265,28.4135,12.7192
27.381,-0.0827,1.0000,0.0000,6,216.76,4.73,1.52,0.4847,-0.0073,13563.0,0.0,197.90,199.44,195.70,195.70,4.3408,9.30028,14.3793,23.9532,40.1542,60.7773,83.741,109.504,120.093,128.925,136.838,144.164,153.743,164.009,181.942,77.6914,44.3627,27.9524,12.6908
27.400,-0.0744,1.0000,0.0000,6,217.12,4.37,1.53,0.4903,-0.0006,13580.3,0.0,198.33,199.77,195.95,195.95,4.32251,9.37742,14.6683,24.973,43.4698,69.1634,99.2523,116.378,125.445,133.484,140.887,147.848,157.055,167.012,184.54,73.7313,43.1289,27.5128,12.6531
27.424,-0.0670,1.0000,0.0000,6,217.49,4.04,1.53,0.4940,0.0057,13598.2,0.0,198.76,200.10,196.21,196.21,4.31767,9.48022,15.0002,26.1122,47.3468,79.9464,107.893,121.619,129.824,137.33,144.358,151.037,159.943,169.639,186.823,70.3205,41.9996,27.09,12.6063
27.444,-0.0603,1.0000,0.0000,6,217.87,3.72,1.54,0.4961,0.0115,13615.4,0.0,199.18,200.43,196.46,196.46,4.32538,9.60667,15.3715,27.3657,51.8493,93.6692,113.684,125.822,133.459,140.575,147.314,153.767,162.425,171.9,188.902,67.369,40.9675,26.6853,12.5519
27.469,-0.0543,1.0000,0.0000,6,218.25,3.41,1.55,0.4966,0.0168,13633.8,0.0,199.60,200.75,196.72,196.72,4.34489,9.75459,15.7771,28.721,57.021,102.123,118.062,129.229,136.458,143.276,149.787,156.054,164.504,173.79,190.781,64.8137,40.0284,26.3008,12.491
27.487,-0.0488,1.0000,0.0000,6,218.63,3.11,1.56,0.4957,0.0217,13653.7,0.0,200.03,201.07,197.01,197.01,4.37527,9.92219,16.2138,30.1718,62.9359,107.409,121.51,132.007,138.925,145.507,151.83,157.943,166.214,175.336,101.709,62.5841,39.1708,25.9351,12.4245
27.513,-0.0439,1.0000,0.0000,6,219.02,2.82,1.56,0.4934,0.0262,13674.6,0.0,200.44,201.40,197.31,197.31,4.41593,10.1093,16.6824,31.7236,69.7329,111.327,124.297,134.291,140.963,147.351,153.515,159.495,167.612,176.589,94.412,60.609,38.3784,25.5839,12.3524
27.531,-0.0396,1.0000,0.0000,6,219.41,2.57,1.57,0.4898,0.0304,13696.0,0.0,200.85,201.74,197.62,197.62,4.46639,10.3157,17.1835,33.3829,77.5896,114.406,126.583,136.181,142.648,148.872,154.899,160.763,168.743,177.589,89.6107,58.8349,37.6381,25.2436,12.2749
27.556,-0.0356,1.0000,0.0000,6,219.80,2.34,1.58,0.4852,0.0342,13717.6,0.0,201.25,202.07,197.93,197.93,4.52582,10.5399,17.7147,35.1452,86.4765,116.874,128.453,137.728,144.022,150.104,156.011,161.772,169.629,178.359,85.8706,57.2306,36.9438,24.9135,12.1926
27.575,-0.0320,1.0000,0.0000,6,220.19,2.12,1.58,0.4794,0.0376,13738.8,0.0,201.66,202.40,198.24,198.24,4.59352,10.7802,18.272,36.9983,92.2844,118.849,129.957,138.962,145.107,151.065,156.866,162.535,170.28,178.941,82.7604,55.777,36.2924,24.5935,12.1061
27.599,-0.0288,1.0000,0.0000,6,220.58,1.93,1.59,0.4727,0.0408,13761.2,0.0,202.07,202.74,198.56,198.56,4.66869,11.0341,18.8496,38.9206,96.0031,120.399,131.123,139.898,145.913,151.761,157.468,163.054,170.699,179.341,80.0516,54.4615,35.6829,24.2846,12.0161
27.624,-0.0260,1.0000,0.0000,6,220.98,1.74,1.60,0.4651,0.0436,13784.0,0.0,202.47,203.07,198.89,198.89,4.75066,11.3004,19.4457,40.9059,98.698,121.599,132.002,140.576,146.477,152.226,157.848,163.358,170.911,179.568,77.6535,53.2609,35.1088,23.985,11.9229
27.643,-0.0234,1.0000,0.0000,6,221.37,1.57,1.60,0.4567,0.0462,13807.1,0.0,202.86,203.41,199.22,199.22,4.83898,11.5788,20.0601,42.9537,100.745,122.515,132.641,141.037,146.834,152.495,158.038,163.479,170.945,179.642,75.5026,52.1532,34.5634,23.6926,11.8266
27.668,-0.0210,1.0000,0.0000,6,221.76,1.42,1.60,0.4475,0.0485,13830.3,0.0,203.26,203.75,199.56,199.56,4.93312,11.8676,20.6891,45.0478,102.306,123.176,133.059,141.296,146.998,152.576,158.047,163.423,170.811,179.561,73.5671,51.1293,34.0447,23.4071,11.7275
27.687,-0.0189,1.0000,0.0000,6,222.16,1.28,1.61,0.4377,0.0506,13853.2,0.0,203.65,204.09,199.89,199.89,5.03233,12.1657,21.3308,47.1819,103.498,123.621,133.287,141.378,146.995,152.497,157.9,163.216,170.531,179.339,71.8085,50.1755,33.5487,23.1277,11.626
27.712,-0.0170,1.0000,0.0000,6,222.55,1.15,1.61,0.4273,0.0525,13876.5,0.0,204.03,204.43,200.22,200.22,5.13642,12.4731,21.9862,49.3604,104.407,123.89,133.359,141.316,146.852,152.283,157.622,162.881,170.141,178.995,70.1897,49.2772,33.0701,22.8524,11.522
27.731,-0.0153,1.0000,0.0000,6,222.94,1.04,1.61,0.4163,0.0542,13900.0,0.0,204.41,204.78,200.56,200.56,5.2447,12.7882,22.6521,51.57,105.076,123.999,133.288,141.12,146.58,151.943,157.223,162.426,169.644,178.534,68.6942,48.4291,32.608,22.5813,11.416
27.756,-0.0138,1.0000,0.0000,6,223.34,0.94,1.62,0.4048,0.0557,13923.5,0.0,204.80,205.12,200.90,200.90,5.35691,13.11,23.3253,53.7925,105.531,123.958,133.079,140.795,146.183,151.483,156.705,161.856,169.04,93.615,67.3119,47.6281,32.1617,22.3144,11.308
27.775,-0.0124,1.0000,0.0000,6,223.73,0.84,1.62,0.3929,0.0571,13947.1,0.0,205.17,205.47,201.24,201.24,5.47276,13.4386,24.0076,56.038,105.821,123.797,132.763,140.367,145.687,150.926,156.092,161.194,168.349,89.5642,66.0155,46.8625,31.7267,22.0501,11.1981
27.799,-0.0112,1.0000,0.0000,6,224.12,0.76,1.62,0.3806,0.0584,13970.8,0.0,205.55,205.81,201.58,201.58,5.59184,13.7726,24.6957,58.2898,105.959,123.523,132.342,139.841,145.094,150.274,155.388,160.441,167.57,86.8085,64.7994,46.1309,31.3031,21.7885,11.0866
27.818,-0.0101,1.0000,0.0000,6,224.51,0.68,1.62,0.3679,0.0595,13994.4,0.0,205.92,206.16,201.92,201.92,5.71371,14.1111,25.3875,60.537,105.963,123.145,131.825,139.223,144.414,149.536,154.598,159.604,166.708,84.6272,63.655,45.4301,30.89,21.5298,10.9737
27.843,-0.0090,1.0000,0.0000,6,224.90,0.61,1.62,0.3548,0.0605,14017.9,0.0,206.29,206.51,202.26,202.26,5.83851,14.4551,26.0865,62.7967,105.865,122.69,131.235,138.536,143.665,148.733,153.744,158.704,165.783,82.7609,62.5619,44.7504,30.4834,21.2721,10.8591
27.862,-0.0081,1.0000,0.0000,6,225.29,0.55,1.62,0.3414,0.0614,14041.3,0.0,206.66,206.86,202.60,202.60,5.96556,14.8031,26.7897,65.0592,105.673,122.161,130.578,137.784,142.854,147.868,152.83,157.745,164.797,81.1317,61.5161,44.0911,30.0834,21.0159,10.7433
27.887,-0.0073,1.0000,0.0000,6,225.68,0.50,1.62,0.3278,0.0622,14064.7,0.0,207.03,207.20,202.94,202.94,6.09492,15.1549,27.4962,67.0597,105.394,121.563,129.855,136.97,141.982,146.943,151.857,156.727,163.751,79.6996,60.5145,43.4506,29.6896,20.7609,10.6263
27.906,-0.0066,1.0000,0.0000,6,226.06,0.45,1.62,0.3139,0.0629,14088.4,0.0,207.40,207.55,203.28,203.28,6.22607,15.5089,28.2024,68.5166,105.032,120.896,129.069,136.094,141.049,145.958,150.825,155.652,162.644,78.4497,59.5565,42.8296,29.3027,20.5079,10.5083
27.930,-0.0059,1.0000,0.0000,6,226.45,0.40,1.62,0.2997,0.0636,14112.3,0.0,207.76,207.90,203.62,203.62,6.35916,15.8672,28.9152,69.6362,104.619,120.191,128.246,135.183,140.083,144.94,149.76,154.544,161.503,77.2964,58.6203,42.2171,28.9178,20.2545,10.3891
27.950,-0.0053,1.0000,0.0000,6,226.84,0.37,1.61,0.2854,0.0642,14135.5,0.0,208.12,208.25,203.96,203.96,6.49424,16.2297,29.6348,70.5088,104.159,119.449,127.389,134.24,139.084,143.892,148.665,153.405,160.331,76.2341,57.7033,41.6119,28.5344,20.0006,10.2686
27.975,-0.0048,1.0000,0.0000,6,227.22,0.33,1.61,0.2708,0.0648,14158.6,0.0,208.48,208.60,204.29,204.29,6.63059,16.5931,30.3509,71.1614,103.633,118.651,126.479,133.245,138.035,142.793,147.52,152.218,159.105,75.3295,56.8213,41.0227,28.1569,19.7485,10.1475
27.993,-0.0043,1.0000,0.0000,6,227.60,0.30,1.61,0.2561,0.0653,14181.6,0.0,208.84,208.94,204.63,204.63,6.76828,16.9584,31.0678,71.6515,103.058,117.813,125.531,132.214,136.95,141.659,146.34,150.997,157.842,74.5468,55.9616,40.4432,27.7824,19.497,10.0256
28.018,-0.0039,1.0000,0.0000,6,227.99,0.27,1.61,0.2412,0.0657,14204.7,0.0,209.20,209.29,204.96,204.96,6.90719,17.3253,31.7841,72.0048,102.439,116.937,124.547,131.147,135.831,140.491,145.127,149.742,156.542,73.9032,55.1233,39.873,27.4111,19.246,9.90296
28.037,-0.0035,1.0000,0.0000,6,228.37,0.24,1.60,0.2261,0.0661,14229.1,0.0,209.55,209.64,205.31,205.31,7.04727,17.6941,32.5016,72.2481,101.783,116.032,123.535,130.054,134.685,139.296,143.887,148.462,155.213,73.399,54.3004,39.3094,27.0416,18.9951,9.77958
28.063,-0.0032,1.0000,0.0000,6,228.75,0.22,1.60,0.2109,0.0665,14252.1,0.0,209.90,209.99,205.64,205.64,7.1887,18.0668,33.2276,72.4172,101.113,115.117,122.516,128.954,133.532,138.095,142.641,147.175,153.879,72.9929,53.478,38.7446,26.6705,18.7428,9.65522
28.081,-0.0028,1.0000,0.0000,6,229.13,0.20,1.59,0.1956,0.0668,14274.8,0.0,210.26,210.33,205.97,205.97,7.33113,18.4408,33.9537,72.5008,100.41,114.176,121.471,127.829,132.355,136.869,141.37,145.864,152.517,72.809,52.6742,38.1858,26.3013,18.4906,9.53023
28.106,-0.0026,1.0000,0.0000,6,229.51,0.18,1.58,0.1802,0.0671,14297.4,0.0,210.61,210.67,206.30,206.30,7.47435,18.8154,34.6773,72.5046,99.6731,113.205,120.398,126.676,131.151,135.617,140.073,144.526,151.126,73.001,51.8978,37.6341,25.9344,18.2389,9.40475
28.125,-0.0023,1.0000,0.0000,6,229.89,0.16,1.56,0.1646,0.0674,14320.3,0.0,210.96,211.02,206.63,206.63,7.61859,19.1924,35.4052,72.4527,98.9184,112.221,119.313,125.512,129.936,134.353,138.765,143.177,149.723,73.8891,51.1374,37.0833,25.5671,17.9865,9.27854
28.150,-0.0021,1.0000,0.0000,6,230.26,0.15,1.52,0.1490,0.0676,14348.7,0.0,211.31,211.36,207.04,207.04,7.76345,19.5694,36.1294,72.3357,98.1331,111.21,118.202,124.323,128.695,133.065,137.432,141.803,148.292,156.506,50.4054,36.539,25.2022,17.7347,9.15195
28.168,-0.0019,1.0000,0.0000,6,230.64,0.13,1.49,0.1332,0.0678,14369.9,0.0,211.66,211.70,207.34,207.34,7.90898,19.9466,36.8506,72.1613,97.3204,110.176,117.069,123.112,127.432,131.755,136.077,140.406,146.837,154.977,49.7011,36.0001,24.839,17.4832,9.02489
28.193,-0.0017,1.0000,0.0000,6,231.02,0.12,1.48,0.1174,0.0680,14391.3,0.0,212.01,212.05,207.65,207.65,8.0552,20.3254,37.5744,71.9468,96.4934,109.132,115.926,121.892,126.161,130.436,134.714,139.001,145.372,153.438,49.0158,35.4617,24.4754,17.2311,8.89733
28.218,-0.0015,1.0000,0.0000,6,231.39,0.11,1.45,0.1015,0.0682,14412.7,0.0,212.35,212.39,207.96,207.96,8.20224,20.7065,38.3034,71.6988,95.6589,108.083,114.779,120.668,124.887,129.113,133.347,137.593,143.904,151.894,48.3471,34.9219,24.1107,16.978,8.76916
28.237,-0.0014,1.0000,0.0000,6,231.77,0.10,1.43,0.0855,0.0684,14434.5,0.0,212.70,212.74,208.28,208.28,8.35004,21.09,39.0375,71.4197,94.8156,107.028,113.629,119.44,123.608,127.788,131.977,136.18,142.432,150.347,47.6962,34.3809,23.7448,16.724,8.64042
28.262,-0.0012,1.0000,0.0000,6,232.13,0.09,1.39,0.0694,0.0686,14463.4,0.0,213.04,213.07,208.69,208.69,8.49828,21.4726,39.7654,71.0952,93.9454,105.95,112.455,118.189,122.307,126.439,130.583,134.744,140.933,148.77,47.0811,33.8457,23.3809,16.4705,8.51136
28.281,-0.0011,1.0000,0.0000,6,232.51,0.08,1.36,0.0533,0.0687,14484.2,0.0,213.39,213.41,208.99,208.99,8.64665,21.8535,40.4682,70.7271,93.0494,104.849,111.258,116.917,120.984,125.068,129.167,133.285,139.41,147.166,46.5059,33.3167,23.0196,16.218,8.3822
28.305,-0.0010,1.0000,0.0000,6,232.88,0.07,1.34,0.0371,0.0688,14505.0,0.0,213.74,213.75,209.29,209.29,8.79555,22.2352,41.0727,70.3308,92.142,103.739,110.053,115.635,119.651,123.688,127.742,131.818,137.877,145.551,45.96,32.7882,22.6581,15.965,8.25262
28.324,-0.0009,1.0000,0.0000,6,233.25,0.06,1.32,0.0209,0.0689,14525.8,0.0,214.08,214.09,209.59,209.59,8.94503,22.6185,41.5829,69.9111,91.2269,102.624,108.843,114.351,118.316,122.305,126.314,130.347,136.341,143.931,45.4434,32.2587,22.2956,15.7113,8.12257
28.349,-0.0008,1.0000,0.0000,6,233.62,0.05,1.31,0.0045,0.0690,14547.0,0.0,214.42,214.44,209.90,209.90,9.09499,23.0032,42.0112,69.4703,90.306,101.505,107.632,113.063,116.978,120.919,124.883,128.873,134.802,142.31,44.9574,31.728,21.9323,15.4569,7.99217
28.368,-0.0007,1.0000,0.0000,6,233.99,0.05,1.30,-0.0118,0.0691,14572.1,0.0,214.76,214.78,210.26,210.26,9.24556,23.3898,42.3673,69.0105,89.3798,100.384,106.417,111.774,115.639,119.532,123.451,127.397,133.26,140.686,44.5054,31.1956,21.5677,15.2016,7.86128
28.393,-0.0006,1.0000,0.0000,6,234.36,0.05,1.29,-0.0283,0.0691,14594.0,0.0,215.09,215.11,210.58,210.58,9.39673,23.7783,42.6595,68.5328,88.4492,99.2616,105.202,110.484,114.299,118.144,122.018,125.921,131.718,139.061,44.0909,30.6613,21.2018,14.9453,7.72993
28.412,-0.0006,1.0000,0.0000,6,234.72,0.05,1.28,-0.0447,0.0693,14615.4,0.0,215.43,215.45,210.89,210.89,9.54836,24.1684,42.8931,68.0375,87.5135,98.1355,103.985,109.193,112.957,116.755,120.584,124.443,130.174,137.434,43.7204,30.1257,20.835,14.6885,7.59824
28.437,-0.0005,1.0000,0.0000,6,235.09,0.05,1.28,-0.0612,0.0694,14636.7,0.0,215.77,215.79,211.19,211.19,9.70046,24.5599,43.0734,67.5248,86.5716,97.0066,102.766,107.898,111.612,115.363,119.146,122.962,128.628,135.804,43.4017,29.5892,20.4674,14.431,7.46621
28.456,-0.0005,1.0000,0.0000,6,235.46,0.05,1.28,-0.0778,0.0695,14658.1,0.0,216.10,216.13,211.50,211.50,9.8531,24.953,43.2051,66.9953,85.6239,95.8744,101.543,106.602,110.266,113.968,117.706,121.479,127.079,134.172,43.1435,29.0616,20.0988,14.1728,7.33376
28.481,-0.0004,1.0000,0.0000,6,235.82,0.04,1.28,-0.0944,0.0695,14680.9,0.0,216.44,216.46,211.83,211.83,10.0057,25.3433,43.2818,66.4345,84.6533,94.7194,100.298,105.283,108.897,112.551,116.244,119.972,125.504,132.511,42.9841,28.5583,19.7326,13.9155,7.20123
28.499,-0.0004,1.0000,0.0000,6,236.18,0.03,1.27,-0.1111,0.0695,14702.9,0.0,216.78,216.78,212.15,212.15,10.1581,25.7295,43.3074,65.8434,83.6587,93.5419,99.0305,103.941,107.505,111.111,114.758,118.442,123.903,130.821,42.9488,28.0814,19.3691,13.6593,7.0687
28.524,-0.0003,1.0000,0.0000,6,236.54,0.02,1.28,-0.1278,0.0695,14724.6,0.0,217.12,217.12,212.46,212.46,10.3106,26.087,43.2914,65.2332,82.6532,92.3557,97.7548,102.591,106.105,109.663,113.263,116.902,122.293,129.121,43.0482,27.6271,19.0058,13.403,6.93598
28.543,-0.0003,1.0000,0.0000,6,236.90,0.01,1.28,-0.1445,0.0695,14746.3,0.0,217.45,217.45,212.78,212.78,10.4634,26.4007,43.2401,64.6094,81.6427,91.1659,96.4755,101.238,104.702,108.211,111.765,115.36,120.679,127.417,43.3162,27.1951,18.642,13.1463,6.80302
28.569,-0.0003,1.0000,0.0000,6,237.26,0.01,1.29,-0.1613,0.0695,14767.9,0.0,217.78,217.78,213.09,213.09,10.6166,26.6741,43.1563,63.9732,80.6277,89.9742,95.1953,99.8843,103.297,106.758,110.266,113.817,119.064,125.711,43.8221,26.7863,18.2773,12.8889,6.66976
28.587,-0.0003,1.0000,0.0000,6,237.62,0.00,1.30,-0.1781,0.0695,14788.4,0.0,218.11,218.11,213.38,213.38,10.77,26.9092,43.0416,63.3248,79.6098,88.7804,93.9137,98.5291,101.892,105.305,108.766,112.272,117.448,124.005,44.7067,26.4029,17.9118,12.6311,6.53629
28.611,-0.0002,1.0000,0.0000,6,237.98,0.00,1.32,-0.1949,0.0695,14810.1,0.0,218.44,218.44,213.69,213.69,10.9237,27.1085,42.8981,62.6653,78.5871,87.5848,92.6306,97.1725,100.485,103.849,107.264,110.726,115.83,122.297,46.3535,26.0473,17.5457,12.3729,6.40261
28.631,-0.0002,1.0000,0.0000,6,238.34,0.00,1.33,-0.2117,0.0695,14832.1,0.0,218.77,218.76,214.01,214.01,11.0776,27.2739,42.7271,61.9942,77.5613,86.3873,91.3454,95.8146,99.0765,102.393,105.761,109.177,114.211,120.587,134.762,25.7213,17.1809,12.1141,6.26867
28.656,-0.0002,1.0000,0.0000,6,238.69,0.00,1.35,-0.2286,0.0695,14854.1,0.0,219.09,219.09,214.33,214.33,11.2318,27.4072,42.5304,61.3121,76.5302,85.1866,90.0583,94.4549,97.6669,100.935,104.256,107.628,112.59,118.875,132.849,25.429,16.8311,11.855,6.13458
28.675,-0.0002,1.0000,0.0000,6,239.04,-0.00,1.37,-0.2455,0.0695,14876.0,0.0,219.42,219.42,214.65,214.65,11.3862,27.51,42.3085,60.6193,75.4955,83.9835,88.7691,93.0933,96.2552,99.4748,102.749,106.076,110.967,117.161,130.933,25.173,16.4994,11.5954,6.00024
28.700,-0.0001,1.0000,0.0000,6,239.40,-0.00,1.40,-0.2624,0.0695,14894.3,0.0,219.75,219.75,214.91,214.91,11.5409,27.5838,42.0636,59.9161,74.4564,82.7781,87.478,91.73,94.8417,98.0128,101.241,104.521,109.341,115.445,129.016,24.9574,16.1867,11.3353,5.86568
28.718,-0.0001,1.0000,0.0000,6,239.75,-0.00,1.42,-0.2793,0.0695,14915.9,0.0,220.07,220.07,215.22,215.22,11.6958,27.63,41.7961,59.2017,73.4128,81.5699,86.1847,90.3645,93.4264,96.5487,99.7295,102.965,107.714,113.727,127.095,24.787,15.8943,11.0749,5.73092
28.744,-0.0001,1.0000,0.0000,6,240.10,-0.00,1.44,-0.2963,0.0695,14938.2,0.0,220.39,220.39,215.54,215.54,11.8507,27.6496,41.507,58.4776,72.3645,80.3582,84.8888,88.9963,92.0085,95.0824,98.2158,101.405,106.084,112.006,125.172,24.6679,15.6236,10.8226,5.59605
28.769,-0.0001,1.0000,0.0000,6,240.45,-0.00,1.48,-0.3133,0.0695,14960.7,0.0,220.72,220.72,215.87,215.87,11.9965,27.6439,41.1972,57.7434,71.312,79.1438,83.5902,87.626,90.5883,93.6137,96.6996,99.8437,104.451,110.282,123.245,24.6063,15.3756,10.5855,5.46094
28.787,-0.0001,1.0000,0.0000,6,240.80,-0.00,1.50,-0.3303,0.0695,14982.6,0.0,221.03,221.03,216.18,216.18,12.1286,27.6144,40.8679,56.9995,70.2553,77.9272,82.2896,86.2542,89.1664,92.1432,95.1821,98.2798,102.816,108.556,121.316,24.6098,15.1518,10.3643,5.32556
28.812,-0.0001,1.0000,0.0000,6,241.15,-0.00,1.55,-0.3474,0.0695,14998.4,0.0,221.36,221.36,216.41,216.41,12.2469,27.5613,40.5196,56.2464,69.1946,76.7074,80.9871,84.8802,87.7428,90.6705,93.662,96.7137,101.18,106.827,119.385,24.6902,14.9539,10.1599,5.1901
28.831,-0.0001,1.0000,0.0000,6,241.50,-0.00,1.59,-0.3644,0.0695,15020.1,0.0,221.68,221.68,216.73,216.73,12.3519,27.4862,40.1533,55.4841,68.1292,75.4853,79.6819,83.5036,86.3167,89.1958,92.14,95.1455,99.5399,105.096,117.45,24.8601,14.7836,9.97275,5.05506
28.856,-0.0001,1.0000,0.0000,6,241.84,-0.00,1.62,-0.3815,0.0695,15043.1,0.0,221.99,221.99,217.06,217.06,12.4436,27.3896,39.7699,54.7129,67.06,74.2598,78.3741,82.1256,84.8884,87.7189,90.6151,93.5745,97.8977,103.363,115.513,25.1377,14.643,9.80388,4.92791
28.875,-0.0001,1.0000,0.0000,6,242.18,-0.00,1.67,-0.3986,0.0689,15065.9,0.0,222.31,222.31,217.39,217.39,12.5224,27.2726,39.3695,53.933,65.986,73.0319,77.0643,80.7448,83.4582,86.2399,89.0882,92.0008,96.2537,101.627,113.573,25.5471,14.534,9.65367,4.81071
28.900,-0.0001,1.0000,0.0000,6,242.53,-0.00,1.70,-0.4149,0.0632,15085.8,0.0,222.62,222.62,217.69,217.69,12.5882,27.1355,38.953,53.1444,64.9085,71.8012,75.7523,79.3621,82.026,84.7588,87.5596,90.4253,94.6074,99.8885,111.63,26.1251,14.4596,9.52365,4.7039
28.918,-0.0001,1.0000,0.0000,6,242.88,-0.00,1.77,-0.4298,0.0574,15100.9,0.0,222.94,222.94,217.89,217.89,12.6414,26.9795,38.5209,52.348,63.8269,70.5684,74.4381,77.9783,80.5922,83.2764,86.0289,88.8477,92.9589,98.1481,109.686,26.9253,14.4222,9.41435,4.6075
28.944,-0.0000,1.0000,0.0000,6,243.22,-0.00,1.82,-0.4433,0.0516,15122.9,0.0,223.26,223.26,218.21,218.21,12.6821,26.8044,38.0736,51.5428,62.7412,69.3324,73.1215,76.5909,79.1557,81.791,84.4955,87.2673,91.3079,96.4048,107.737,28.0426,14.4255,9.32704,4.5218
28.963,-0.0000,1.0000,0.0000,6,243.55,-0.00,1.85,-0.4554,0.0459,15146.8,0.0,223.57,223.57,218.55,218.55,12.7105,26.6117,37.6118,50.7299,61.6514,68.0934,71.8023,75.2019,77.7174,80.3035,82.9601,85.6848,89.6541,94.6589,105.786,29.6632,14.4727,9.26271,4.44703
28.987,-0.0000,1.0000,0.0000,6,243.89,-0.00,1.89,-0.4660,0.0401,15169.8,0.0,223.88,223.88,218.89,218.89,12.7266,26.4017,37.1356,49.9087,60.5575,66.8517,70.481,73.8108,76.2764,78.8141,81.4221,84.0994,87.9983,92.911,103.833,32.2831,14.5685,9.22268,4.38339
29.005,-0.0000,1.0000,0.0000,6,244.22,-0.00,1.90,-0.4753,0.0343,15191.5,0.0,224.19,224.19,219.20,219.20,12.7308,26.1747,36.6458,49.0804,59.4597,65.6077,69.1571,72.4178,74.8342,77.3226,79.8822,82.5119,86.3404,91.1603,101.876,133.535,14.7176,9.20805,4.33102
29.031,-0.0000,0.9953,0.0000,6,244.57,-0.00,1.95,-0.4831,0.0284,15206.2,0.0,224.50,224.50,219.41,219.41,12.7232,25.9316,36.1431,48.2446,58.3585,64.3612,67.832,71.023,73.3901,75.8297,78.3408,80.9227,84.6806,89.4076,99.9182,130.968,14.9258,9.2205,4.2903
29.050,-0.0000,0.9782,0.0000,6,244.90,0.00,1.99,-0.4894,0.0226,15225.7,0.0,224.81,224.81,219.69,219.69,12.7039,25.6727,35.6274,47.4016,57.2533,63.1119,66.5041,69.6261,71.9438,74.3344,76.7971,79.3308,83.0184,87.653,97.9571,128.398,15.2,9.26112,4.26128
29.075,-0.0000,0.9568,0.0000,6,245.22,0.00,2.01,-0.4943,0.0168,15241.6,0.0,225.11,225.11,219.92,219.92,12.6731,25.3985,35.0992,46.5513,56.1444,61.8602,65.1737,68.2269,70.4955,72.8372,75.2513,77.7366,81.354,85.8955,95.9931,125.824,15.5488,9.33211,4.24432
29.094,-0.0000,0.9353,0.0000,6,245.52,0.00,2.03,-0.4978,0.0109,15254.6,0.0,225.39,225.39,220.11,220.11,12.6308,25.1092,34.5588,45.6939,55.0317,60.6057,63.8415,66.8263,69.0454,71.3377,73.7031,76.1404,79.6871,84.1355,94.0266,123.246,15.9827,9.4352,4.23974
29.118,-0.0333,0.9157,0.0000,6,245.79,0.00,2.04,-0.4998,0.0051,15264.9,0.0,225.66,225.66,220.26,220.26,12.5774,24.8057,34.0068,44.8299,53.9152,59.3491,62.5076,65.4236,67.5939,69.8372,72.1533,74.5425,78.0189,82.374,92.0576,120.666,16.5142,9.57211,4.24768
29.137,-0.0915,0.9003,0.0000,6,246.06,0.01,2.07,-0.5005,0.0008,15271.1,0.0,225.72,226.06,220.35,220.35,12.5329,24.5788,33.6017,44.202,53.1065,58.439,61.5409,64.4075,66.5424,68.7499,71.0305,73.3842,76.8184,81.1364,90.7477,119.23,16.9641,9.6908,4.25998
29.163,-0.1411,0.8830,0.0000,6,246.28,0.37,2.10,-0.5004,0.0006,15282.9,0.0,225.47,226.61,220.52,220.52,12.5294,24.5652,33.5787,44.1676,53.0626,58.3899,61.4893,64.3532,66.4859,68.6922,70.971,73.3228,76.8072,81.2317,91.1206,120.761,16.994,9.70004,4.26196
29.181,-0.1764,0.8625,0.0000,6,246.45,1.35,2.11,-0.5001,0.0052,15297.5,0.0,225.07,227.14,220.73,220.73,12.5812,24.8178,34.0263,44.8581,53.9503,59.3877,62.548,65.4659,67.6376,69.882,72.1997,74.6331,78.3391,83.069,93.7272,126.417,16.4882,9.56254,4.24492
29.206,-0.1719,0.8407,0.0000,6,246.56,2.73,2.12,-0.5001,0.0134,15311.6,0.0,224.69,227.50,220.93,220.93,12.6795,25.2867,34.855,46.1331,55.582,61.2165,64.4853,67.4988,69.739,72.0652,74.5481,77.2149,81.2965,86.5405,98.5049,136.52,15.6563,9.31777,4.21008
29.225,-0.1547,0.8215,0.0000,6,246.62,4.20,2.13,-0.5009,0.0230,15321.2,0.0,224.51,227.71,221.08,221.08,12.8049,25.8734,35.89,47.7179,57.5995,63.4704,66.8681,69.9989,72.3912,74.959,77.7218,80.7031,85.2926,91.2405,105.027,150.931,14.77,9.03206,4.16367
29.250,-0.1392,0.8097,0.0000,6,246.66,5.40,2.14,-0.5027,0.0322,15322.8,0.0,224.55,227.74,221.10,221.10,12.9358,26.4688,36.9365,49.31,59.6127,65.7099,69.247,72.6483,75.297,78.152,81.239,84.5861,89.7759,96.5655,112.588,33.7498,13.9963,8.75844,4.112
29.268,-0.1253,0.8024,0.0000,6,246.68,6.13,2.16,-0.5056,0.0397,15323.9,0.0,224.72,227.63,221.12,221.12,13.059,27.0021,37.8654,50.7097,61.3676,67.6685,71.4859,75.2103,78.1249,81.2807,84.7096,88.4464,94.282,101.991,120.532,27.3531,13.3757,8.51779,4.05814
29.293,-0.1128,0.7997,0.0000,6,246.71,6.41,2.17,-0.5098,0.0454,15322.2,0.0,224.95,227.50,221.10,221.10,13.1703,27.4485,38.6287,51.8435,62.7749,69.3688,73.4865,77.5258,80.7016,84.1554,87.9251,92.056,98.5496,107.213,128.451,24.6243,12.8851,8.30923,4.0023
29.318,-0.1015,0.7993,0.0000,6,246.76,6.31,2.17,-0.5151,0.0494,15320.7,0.0,225.20,227.38,221.08,221.08,13.2703,27.808,39.2268,52.7122,63.8419,70.8092,75.2086,79.5452,82.9701,86.7098,90.8101,95.3253,102.471,112.095,136.137,22.9672,12.4893,8.12482,3.94379
29.337,-0.0913,0.8005,0.0000,6,246.82,5.98,2.17,-0.5215,0.0521,15318.8,0.0,225.45,227.32,221.05,221.05,13.3615,28.0945,39.6832,53.3548,64.6789,72.0146,76.6746,81.2898,84.9502,88.9631,93.381,98.2688,106.053,116.634,143.563,21.831,12.1571,7.95593,3.88187
29.362,-0.0822,0.8014,0.0000,6,246.89,5.51,2.16,-0.5289,0.0537,15318.5,0.0,225.68,227.31,221.05,221.05,13.4474,28.3259,40.0314,53.8242,65.3649,73.0417,77.9465,82.8258,86.7113,90.9861,95.7125,100.964,109.381,120.924,150.85,20.9757,11.8633,7.7945,3.81599
29.381,-0.0740,0.8019,0.0000,6,246.97,5.00,2.16,-0.5372,0.0545,15318.5,0.0,225.88,227.34,221.05,221.05,13.5304,28.5194,40.3036,54.1707,65.9539,73.9555,79.0957,84.2317,88.337,92.871,97.9031,103.52,112.577,125.108,158.21,20.2776,11.5905,7.6356,3.74602
29.406,-0.0666,0.8010,0.0000,6,247.07,4.51,2.16,-0.5461,0.0549,15320.1,0.0,226.07,227.40,221.07,221.07,13.6116,28.6858,40.5212,54.4287,66.4853,74.8026,80.1757,85.5668,89.8923,94.6866,100.028,106.018,115.735,129.303,165.839,19.6743,11.3299,7.47712,3.67269
29.425,-0.0599,0.7989,0.0000,6,247.17,4.06,2.15,-0.5555,0.0548,15322.2,0.0,226.24,227.47,221.10,221.10,13.6912,28.8298,40.6939,54.6144,66.9758,75.6058,81.21,86.8567,91.4052,96.4643,102.124,108.498,118.904,133.567,173.857,19.1376,11.0785,7.31876,3.59667
29.450,-0.0539,0.7958,0.0000,6,247.28,3.67,2.14,-0.5652,0.0542,15324.8,0.0,226.41,227.55,221.13,221.13,13.7679,28.9477,40.8169,54.7245,67.4135,76.3468,82.178,88.078,92.8484,98.1731,104.154,110.92,122.033,137.843,182.19,18.6679,10.8388,7.16276,3.51913
29.468,-0.0485,0.7905,0.0000,6,247.38,3.32,2.12,-0.5752,0.0533,15329.6,0.0,226.57,227.63,221.20,221.20,13.8404,29.0405,40.8937,54.7922,67.8022,77.0293,83.0835,89.2342,94.2254,99.8169,106.122,113.286,125.129,142.135,190.873,18.2575,10.6119,7.01043,3.44118
29.493,-0.0437,0.7858,0.0000,6,247.49,3.02,2.10,-0.5852,0.0521,15331.9,0.0,226.72,227.71,221.24,221.24,13.9092,29.1116,40.9317,54.8363,68.1551,77.6714,83.9464,90.348,95.5615,101.422,108.058,115.631,128.23,146.499,200.0,17.8939,10.396,6.86188,3.36334
29.512,-0.0393,0.7810,0.0000,6,247.60,2.75,2.09,-0.5951,0.0505,15334.9,0.0,226.87,227.79,221.28,221.28,13.9721,29.1568,40.9246,54.8454,68.4568,78.2502,84.7402,91.3871,96.8206,102.949,109.915,117.901,131.272,150.85,200.0,17.5882,10.1962,6.72006,3.28707
29.537,-0.0354,0.7762,0.0000,6,247.71,2.50,2.08,-0.6049,0.0485,15337.8,0.0,227.02,227.86,221.32,221.32,14.028,29.171,40.8647,54.8043,68.6789,78.7292,85.4202,92.2992,97.9419,104.328,111.614,120.003,134.136,155.03,200.0,17.352,10.0162,6.58685,3.21306
29.556,-0.0318,0.7712,0.0000,6,247.81,2.26,2.06,-0.6144,0.0461,15340.9,0.0,227.18,227.92,221.37,221.37,14.0747,29.1486,40.7436,54.6961,68.7948,79.0703,85.9412,93.0294,98.8628,105.485,113.068,121.835,136.691,158.857,200.0,17.2017,9.86198,6.46556,3.14253
29.581,-0.0287,0.7633,0.0000,6,247.91,2.04,2.03,-0.6235,0.0434,15347.8,0.0,227.31,227.99,221.47,221.47,14.1132,29.0979,40.5771,54.5432,68.8383,79.3173,86.3525,93.6351,99.6465,106.492,114.356,123.485,139.041,162.462,200.0,17.1248,9.7302,6.35534,3.07599
29.600,-0.0258,0.7578,0.0000,6,248.01,1.85,2.00,-0.6321,0.0404,15349.3,0.0,227.43,228.06,221.49,221.49,14.1443,29.0256,40.3779,54.3661,68.841,79.5116,86.704,94.1731,100.357,107.42,115.561,125.047,141.305,166.001,200.0,17.1127,9.61931,6.25623,3.01387
29.624,-0.0232,0.7531,0.0000,6,248.10,1.69,1.98,-0.6401,0.0373,15351.6,0.0,227.55,228.12,221.52,221.52,14.1668,28.928,40.1406,54.1532,68.7849,79.6272,86.9635,94.6049,100.95,108.217,116.621,126.45,143.387,169.34,200.0,17.1847,9.53384,6.17042,2.95708
29.644,-0.0209,0.7487,0.0000,6,248.19,1.53,1.97,-0.6474,0.0338,15354.0,0.0,227.66,228.18,221.56,221.56,14.1796,28.8023,39.8609,53.8935,68.6497,79.638,87.0982,94.8916,101.38,108.831,117.472,127.615,145.184,172.328,200.0,17.3631,9.47808,6.09984,2.9062
29.668,-0.0188,0.7441,0.0000,6,248.27,1.37,1.94,-0.6540,0.0300,15356.9,0.0,227.78,228.23,221.60,221.60,14.1819,28.6469,39.5368,53.5801,68.4246,79.5263,87.0877,95.007,101.616,109.223,118.07,128.488,146.618,174.845,200.0,17.6775,9.45724,6.04689,2.86214
29.687,-0.0169,0.7359,0.0000,6,248.35,1.23,1.89,-0.6597,0.0260,15364.5,0.0,227.88,228.29,221.71,221.71,14.1744,28.4677,39.1919,53.232,68.1396,79.3337,86.9797,95.0067,101.721,109.466,118.498,129.164,147.809,177.05,200.0,18.1419,9.4712,6.01183,2.82541
29.712,-0.0186,0.7311,0.0000,6,248.43,1.12,1.85,-0.6646,0.0218,15364.8,0.0,227.96,228.34,221.71,221.71,14.1579,28.2699,38.8388,52.865,67.8203,79.0929,86.8134,94.9383,101.749,109.621,118.824,129.725,148.861,179.087,200.0,18.7816,9.52,5.99492,2.79628
29.731,-0.0469,0.7278,0.0000,6,248.50,1.02,1.82,-0.6685,0.0177,15365.8,0.0,228.03,228.41,221.73,221.73,14.1341,28.0624,38.4946,52.5102,67.5195,78.8771,86.6782,94.9071,101.82,109.83,119.216,130.368,150.035,181.332,200.0,19.6161,9.60044,5.99512,2.77486
29.755,-0.0744,0.7241,0.0000,6,248.56,0.98,1.80,-0.6715,0.0150,15368.2,0.0,227.92,228.59,221.76,221.76,14.1228,27.9349,38.322,52.4801,67.7599,79.4055,87.4462,95.9641,103.15,111.509,121.353,133.114,154.032,187.792,200.0,20.2078,9.63933,5.98584,2.75639
29.775,-0.0724,0.7200,0.0000,6,248.60,1.25,1.76,-0.6741,0.0147,15371.0,0.0,227.69,228.85,221.80,221.80,14.1402,27.9557,38.4584,53.0447,69.0151,81.3489,89.9481,99.1332,106.944,116.099,126.98,140.123,163.893,200.0,200.0,20.0377,9.57106,5.94279,2.73576
29.800,-0.0652,0.7106,0.0000,6,248.63,1.83,1.70,-0.6763,0.0161,15380.5,0.0,227.55,229.06,221.94,221.94,14.1768,28.0741,38.8239,54.0678,71.0886,84.4772,93.94,104.167,112.961,123.387,135.945,151.362,179.955,200.0,200.0,19.3777,9.43286,5.8776,2.71361
29.824,-0.0586,0.7063,0.0000,6,248.65,2.39,1.64,-0.6783,0.0177,15379.4,0.0,227.53,229.12,221.93,221.93,14.2153,28.2067,39.2691,55.27,73.5299,88.1942,98.7236,110.26,120.312,132.393,147.184,165.709,200.0,200.0,200.0,18.7161,9.29133,5.8126,2.69263
29.843,-0.0528,0.7053,0.0000,6,248.68,2.73,1.60,-0.6801,0.0188,15377.6,0.0,227.61,229.09,221.90,221.90,14.2456,28.3065,39.6945,56.4527,75.9971,92.0274,103.726,116.729,128.222,142.238,159.707,182.084,200.0,200.0,200.0,18.2619,9.18146,5.75943,2.674
29.869,-0.0475,0.7052,0.0000,6,248.70,2.87,1.57,-0.6820,0.0190,15376.9,0.0,227.71,229.03,221.89,221.89,14.2638,28.3737,40.0569,57.5213,78.309,95.7069,108.608,123.153,136.194,152.337,172.836,199.727,200.0,200.0,200.0,18.0485,9.1139,5.72174,2.658
29.887,-0.0428,0.7056,0.0000,6,248.72,2.81,1.53,-0.6838,0.0182,15376.4,0.0,227.84,228.95,221.88,221.88,14.2682,28.3999,40.3286,58.4063,80.3201,99.0007,113.057,129.119,143.716,162.049,185.759,200.0,200.0,200.0,200.0,18.0933,9.09381,5.70127,2.64497
29.912,-0.0385,0.6996,0.0000,6,248.74,2.65,1.45,-0.6854,0.0167,15384.6,0.0,227.95,228.90,222.00,222.00,14.2612,28.3993,40.5364,59.1578,82.107,102.004,117.184,134.751,150.926,171.53,198.665,200.0,200.0,200.0,176.94,18.3483,9.11292,5.69623,2.63525
29.931,-0.0346,0.6987,0.0000,6,248.77,2.48,1.37,-0.6867,0.0148,15381.4,0.0,228.03,228.89,221.96,221.96,14.2466,28.3916,40.7218,59.8603,83.8234,104.944,121.276,140.421,158.283,181.368,200.0,200.0,200.0,200.0,116.255,18.7592,9.1597,5.70287,2.62888
29.956,-0.0312,0.6997,0.0000,6,248.80,2.29,1.33,-0.6877,0.0125,15379.4,0.0,228.10,228.88,221.93,221.93,14.2242,28.3755,40.8809,60.5032,85.4418,107.771,125.267,146.036,165.671,191.423,200.0,200.0,200.0,200.0,92.6083,19.2693,9.23762,5.7226,2.62627
29.975,-0.0280,0.7006,0.0000,6,248.84,2.09,1.29,-0.6883,0.0099,15379.0,0.0,228.18,228.88,221.92,221.92,14.193,28.3489,41.0093,61.0727,86.9286,110.425,129.07,151.472,172.927,200.0,200.0,200.0,200.0,200.0,80.4212,19.7473,9.35136,5.75747,2.62826
30.000,-0.0252,0.7007,0.0000,6,248.87,1.87,1.24,-0.6884,0.0067,15379.5,0.0,228.27,228.86,221.93,221.93,14.151,28.3022,41.0858,61.5198,88.1762,112.722,132.42,156.352,179.547,200.0,200.0,200.0,200.0,200.0,73.7125,20.2419,9.51293,5.81213,2.63605
30.018,-0.0227,0.6932,0.0000,6,248.90,1.66,1.15,-0.6878,0.0032,15389.6,0.0,228.34,228.86,222.07,222.07,14.1,28.2465,41.1341,61.8956,89.2819,114.807,135.509,160.926,185.841,200.0,200.0,200.0,200.0,200.0,69.4198,20.719,9.72017,5.88595,2.65015
30.044,-0.0204,0.6916,0.0000,6,248.94,1.51,1.05,-0.6866,-0.0004,15386.2,0.0,228.38,228.88,222.03,222.03,14.0425,28.197,41.1886,62.2795,90.409,116.949,138.706,165.707,192.49,200.0,200.0,200.0,200.0,200.0,66.0163,21.1283,9.96762,5.97748,2.67075
30.062,-0.0184,0.6920,0.0000,6,248.97,1.38,1.00,-0.6845,-0.0042,15384.5,0.0,228.44,228.90,222.00,222.00,13.9767,28.1451,41.2316,62.6295,91.4684,118.997,141.8,170.399,200.0,200.0,200.0,200.0,200.0,200.0,63.4961,21.5098,10.2668,6.0906,2.69879
30.087,-0.0166,0.6924,0.0000,6,249.00,1.24,0.96,-0.6816,-0.0082,15384.2,0.0,228.50,228.91,221.99,221.99,13.904,28.0859,41.2512,62.918,92.3986,120.843,144.632,174.764,200.0,200.0,200.0,200.0,200.0,200.0,61.7487,21.8898,10.5805,6.22907,2.73521
30.106,-0.0149,0.6925,0.0000,6,249.03,1.10,0.90,-0.6777,-0.0125,15384.5,0.0,228.56,228.91,222.00,222.00,13.832,28.0163,41.2414,63.1303,93.1627,122.417,147.094,178.631,200.0,200.0,200.0,200.0,200.0,200.0,60.6439,22.2821,10.8834,6.3962,2.78067
30.131,-0.0134,0.6839,0.0000,6,249.06,0.99,0.79,-0.6729,-0.0170,15396.0,0.0,228.60,228.92,222.16,222.16,13.762,27.9431,41.2176,63.3023,93.8367,123.843,149.359,182.243,200.0,200.0,200.0,200.0,200.0,200.0,59.8625,22.6656,11.1725,6.58655,2.83566
30.150,-0.0121,0.6819,0.0000,6,249.09,0.90,0.68,-0.6670,-0.0216,15392.3,0.0,228.64,228.94,222.11,222.11,13.6947,27.8715,41.1925,63.4649,94.4885,125.238,151.594,185.845,200.0,200.0,200.0,200.0,200.0,199.487,59.2028,23.0241,11.4458,6.77107,2.90068
30.174,-0.0109,0.6827,0.0000,6,249.12,0.82,0.62,-0.6601,-0.0262,15389.8,0.0,228.68,228.95,222.08,222.08,13.6292,27.7981,41.1582,63.599,95.0745,126.524,153.682,189.271,200.0,200.0,200.0,200.0,200.0,196.417,58.7253,23.3734,11.7077,6.9477,2.97624
30.194,-0.0098,0.6834,0.0000,6,249.15,0.74,0.56,-0.6520,-0.0310,15389.4,0.0,228.72,228.97,222.07,222.07,13.5653,27.7219,41.113,63.7008,95.5848,127.681,155.591,200.0,200.0,200.0,200.0,200.0,200.0,193.315,58.417,23.7184,11.9604,7.11756,3.05678
30.218,-0.0088,0.6837,0.0000,6,249.17,0.66,0.46,-0.6430,-0.0331,15389.6,0.0,228.76,228.97,222.07,222.07,13.5016,27.6366,41.0426,63.7351,95.9387,128.561,157.097,200.0,200.0,200.0,200.0,200.0,200.0,190.361,58.3918,24.0854,12.2117,7.2838,3.13478
30.237,-0.0079,0.6702,0.0000,6,249.19,0.59,0.28,-0.6341,-0.0323,15407.8,0.0,228.80,228.98,222.33,222.33,13.4389,27.5479,40.9608,63.7365,96.2129,129.299,158.396,200.0,200.0,200.0,200.0,200.0,200.0,187.363,58.4917,24.4543,12.4577,7.44545,3.21032
30.263,-0.0071,0.6685,0.0000,6,249.21,0.54,0.09,-0.6254,-0.0314,15400.1,0.0,228.82,229.00,222.23,222.23,13.3785,27.4639,40.8862,63.7504,96.512,130.082,159.768,200.0,200.0,200.0,200.0,200.0,200.0,183.482,58.5377,24.7966,12.6915,7.60043,3.28326
30.281,-0.0064,0.6714,0.0000,6,249.23,0.50,-0.01,-0.6170,-0.0306,15395.1,0.0,228.84,229.01,222.15,222.15,13.3191,27.3786,40.8055,63.7447,96.7626,130.778,161.014,200.0,200.0,200.0,200.0,200.0,200.0,176.616,58.6501,25.1358,12.9198,7.7513,3.35413
30.306,-0.0058,0.6745,0.0000,6,249.25,0.45,-0.08,-0.6088,-0.0299,15393.0,0.0,228.87,229.02,222.12,222.12,13.2603,27.289,40.712,63.7029,96.9255,131.314,162.019,200.0,200.0,200.0,200.0,200.0,198.509,171.455,58.8839,25.484,13.1462,7.89944,3.42323
30.325,-0.0052,0.6764,0.0000,6,249.28,0.39,-0.20,-0.6009,-0.0294,15392.7,0.0,228.91,229.02,222.12,222.12,13.2014,27.1933,40.6015,63.6147,96.9761,131.642,162.71,200.0,200.0,200.0,200.0,200.0,196.755,168.217,59.2695,25.85,13.3736,8.0462,3.49094
30.350,-0.0047,0.6642,0.0000,6,249.28,0.35,-0.37,-0.5931,-0.0289,15410.4,0.0,228.93,229.03,222.36,222.36,13.1431,27.095,40.4827,63.5018,96.9644,131.852,163.221,200.0,200.0,200.0,200.0,200.0,195.059,165.996,59.7277,26.2208,13.599,8.19059,3.55718
30.368,-0.0042,0.6615,0.0000,6,249.30,0.32,-0.58,-0.5855,-0.0284,15405.1,0.0,228.94,229.04,222.30,222.30,13.0864,27.0011,40.3717,63.4052,96.9876,132.125,163.829,200.0,200.0,200.0,200.0,200.0,193.344,163.575,60.1152,26.5703,13.8159,8.33063,3.62185
30.393,-0.0038,0.6647,0.0000,6,249.32,0.29,-0.68,-0.5780,-0.0280,15398.8,0.0,228.96,229.06,222.21,222.21,13.0306,26.9074,40.2595,63.3023,96.9927,132.364,164.385,200.0,200.0,200.0,200.0,199.372,191.651,161.535,60.5125,26.9148,14.0289,8.46807,3.6853
30.418,-0.0034,0.6683,0.0000,6,249.33,0.27,-0.75,-0.5707,-0.0275,15396.4,0.0,228.98,229.07,222.17,222.17,12.9753,26.813,40.1434,63.1866,96.964,132.537,164.84,200.0,200.0,200.0,200.0,197.695,189.991,159.988,60.9421,27.2588,14.2392,8.60329,3.74755
30.437,-0.0031,0.6710,0.0000,6,249.35,0.24,-0.84,-0.5635,-0.0272,15395.4,0.0,229.00,229.08,222.16,222.16,12.9198,26.7136,40.0144,63.0363,96.8507,132.551,165.048,200.0,200.0,200.0,200.0,196.068,188.402,159.361,61.4799,27.6197,14.4523,8.73863,3.80922
30.461,-0.0028,0.6638,0.0000,6,249.36,0.20,-0.95,-0.5564,-0.0269,15407.0,0.0,229.03,229.09,222.31,222.31,12.8644,26.6115,39.8774,62.863,96.6797,132.455,165.083,200.0,200.0,200.0,198.774,194.476,186.862,159.331,62.0858,27.9894,14.6658,8.87309,3.87006
30.481,-0.0025,0.6605,0.0000,6,249.38,0.18,-1.11,-0.5494,-0.0266,15406.1,0.0,229.03,229.09,222.31,222.31,12.8101,26.5125,39.7463,62.7021,96.5349,132.405,165.19,200.0,200.0,200.0,197.151,192.874,185.308,159.071,62.6396,28.3442,14.8735,9.00463,3.92986
30.506,-0.0022,0.6625,0.0000,6,249.39,0.17,-1.19,-0.5425,-0.0264,15401.1,0.0,229.05,229.11,222.24,222.24,12.7562,26.4125,39.6117,62.5304,96.3622,132.301,165.212,200.0,200.0,199.244,195.543,191.29,183.778,159.088,63.2211,28.7012,15.0805,9.13516,3.98901
30.525,-0.0020,0.6651,0.0000,6,249.41,0.15,-1.23,-0.5356,-0.0262,15399.0,0.0,229.07,229.12,222.21,222.21,12.7021,26.3103,39.4709,62.3419,96.1476,132.117,165.149,200.0,200.0,197.636,193.956,189.729,182.283,159.492,63.8533,29.0661,15.2886,9.26563,4.04782
30.550,-0.0018,0.6669,0.0000,6,249.42,0.13,-1.30,-0.5289,-0.0260,15398.5,0.0,229.09,229.13,222.20,222.20,12.6485,26.2079,39.3285,62.1467,95.9138,131.894,200.0,200.0,199.303,196.039,192.38,188.182,180.806,160.073,64.5013,29.4307,15.4949,9.39468,4.10584
30.569,-0.0016,0.6628,0.0000,6,249.43,0.11,-1.37,-0.5221,-0.0258,15405.4,0.0,229.10,229.14,222.28,222.28,12.5952,26.1057,39.1857,61.9497,95.6745,131.659,200.0,200.0,197.692,194.444,190.807,186.639,179.334,160.694,65.1489,29.7934,15.7001,9.52291,4.16349
30.593,-0.0015,0.6588,0.0000,6,249.44,0.11,-1.50,-0.5155,-0.0256,15407.6,0.0,229.10,229.15,222.33,222.33,12.5428,26.006,39.0478,61.763,95.4571,131.464,200.0,199.003,196.075,192.843,189.227,185.088,177.85,160.778,65.7537,30.144,15.9006,9.64876,4.22029
30.612,-0.0013,0.6599,0.0000,6,249.46,0.10,-1.57,-0.5089,-0.0254,15403.2,0.0,229.12,229.16,222.27,222.27,12.4901,25.9039,38.9038,61.5605,95.2013,131.196,200.0,197.386,194.471,191.258,187.664,183.557,176.395,160.352,66.4082,30.5041,16.1033,9.77525,4.27707
30.637,-0.0012,0.6616,0.0000,6,249.47,0.09,-1.60,-0.5023,-0.0253,15401.8,0.0,229.14,229.16,222.25,222.25,12.437,25.7987,38.7524,61.3384,94.8978,130.836,199.441,195.784,192.885,189.691,186.124,182.052,174.974,159.794,67.1282,30.877,16.3092,9.90268,4.33386
30.656,-0.0011,0.6629,0.0000,6,249.48,0.08,-1.66,-0.4959,-0.0252,15401.3,0.0,229.15,229.17,222.24,222.24,12.3846,25.6943,38.6009,61.1133,94.5827,130.45,197.827,194.187,191.304,188.131,184.59,180.555,173.563,159.096,67.8566,31.2476,16.5125,10.0282,4.38967
30.680,-0.0010,0.6619,0.0000,6,249.49,0.06,-1.70,-0.4894,-0.0251,15403.6,0.0,229.16,229.18,222.26,222.26,12.3322,25.5894,38.4485,60.8858,94.262,130.054,196.214,192.592,189.726,186.573,183.06,179.061,172.156,158.297,68.5896,31.619,16.7161,10.1539,4.44549
30.699,-0.0009,0.6580,0.0000,6,249.50,0.06,-1.79,-0.4830,-0.0250,15408.1,0.0,229.17,229.19,222.34,222.34,12.2798,25.4851,38.2973,60.6612,93.9484,129.672,194.599,190.995,188.145,185.013,181.526,177.564,170.743,157.406,69.3077,31.9873,16.9188,10.2792,4.50126
30.724,-0.0008,0.6583,0.0000,6,249.51,0.05,-1.84,-0.4765,-0.0249,15404.8,0.0,229.18,229.20,222.29,222.29,12.2275,25.3811,38.1468,60.4388,93.6401,129.3,192.982,189.396,186.563,183.451,179.991,176.064,169.327,156.45,70.0133,32.3529,17.1207,10.4042,4.557
30.743,-0.0007,0.6593,0.0000,6,249.52,0.05,-1.86,-0.4702,-0.0248,15403.7,0.0,229.19,229.21,222.28,222.28,12.1762,25.2792,37.9998,60.2221,93.3417,128.943,191.364,187.795,184.978,181.887,178.453,174.562,167.907,155.441,70.6953,32.7095,17.3184,10.5268,4.61172
30.769,-0.0006,0.6601,0.0000,6,249.53,0.05,-1.89,-0.4638,-0.0247,15403.3,0.0,229.20,229.22,222.27,222.27,12.1251,25.1778,37.8534,60.0064,93.0448,128.588,189.745,186.194,183.393,180.323,176.915,173.06,166.486,154.4,71.3696,33.0635,17.5149,10.6487,4.66617
30.787,-0.0006,0.6604,0.0000,6,249.54,0.05,-1.91,-0.4575,-0.0246,15403.6,0.0,229.21,229.23,222.27,222.27,12.074,25.0762,37.7067,59.7899,92.746,128.23,188.126,184.593,181.809,178.76,175.379,171.559,165.066,153.334,72.0426,33.417,17.7112,10.7705,4.72061
30.811,-0.0005,0.6576,0.0000,6,249.55,0.05,-1.96,-0.4512,-0.0245,15407.5,0.0,229.22,229.24,222.33,222.33,12.0229,24.9748,37.5602,59.5741,92.449,127.875,186.507,182.992,180.225,177.197,173.842,170.058,163.645,152.244,72.7087,33.769,17.9071,10.8922,4.77502
30.832,-0.0005,0.6572,0.0000,6,249.56,0.05,-1.98,-0.4449,-0.0244,15406.0,0.0,229.22,229.25,222.31,222.31,11.9719,24.8734,37.4139,59.3588,92.1531,127.523,184.888,181.391,178.641,175.633,172.306,168.557,162.224,151.134,73.3687,34.1195,18.1026,11.0138,4.82942
30.856,-0.0004,0.6575,0.0000,6,249.57,0.05,-1.99,-0.4387,-0.0243,15405.3,0.0,229.24,229.25,222.30,222.30,11.9211,24.7704,37.2623,59.1273,91.8142,127.085,183.281,179.804,177.072,174.087,170.789,167.079,160.83,150.06,74.0936,34.4806,18.2994,11.1349,4.88314
30.875,-0.0004,0.6578,0.0000,6,249.57,0.04,-2.00,-0.4325,-0.0243,15405.0,0.0,229.25,229.25,222.29,222.29,11.8697,24.6639,37.1023,58.8742,91.4231,126.546,181.689,178.234,175.521,172.561,169.293,165.624,159.467,149.025,74.9044,34.8601,18.5013,11.2579,4.93714
30.900,-0.0003,0.6578,0.0000,6,249.58,0.02,-2.00,-0.4263,-0.0243,15405.3,0.0,229.26,229.26,222.30,222.30,11.8184,24.5569,36.9408,58.6163,91.019,125.981,180.1,176.667,173.975,171.039,167.803,164.175,158.11,147.982,75.7366,35.2431,18.7037,11.3808,4.99092
30.918,-0.0003,0.6570,0.0000,6,249.59,0.01,-2.00,-0.4201,-0.0244,15406.4,0.0,229.27,229.26,222.31,222.31,11.7671,24.4498,36.7791,58.3579,90.6137,125.414,178.511,175.1,172.428,169.518,166.313,162.727,156.752,146.918,76.5715,35.6266,18.9061,11.5037,5.04467
30.943,-0.0003,0.6565,0.0000,6,249.60,0.01,-2.00,-0.4140,-0.0244,15406.4,0.0,229.27,229.27,222.31,222.31,11.7159,24.3429,36.6178,58.1006,90.211,124.852,176.921,173.533,170.881,167.995,164.822,161.277,155.391,145.833,77.4024,36.0092,19.1083,11.6264,5.09841
30.969,-0.0002,0.6561,0.0000,6,249.60,0.00,-2.00,-0.4078,-0.0244,15406.6,0.0,229.28,229.28,222.32,222.32,11.6647,24.2363,36.457,57.8445,89.8112,124.296,175.331,171.964,169.333,166.472,163.329,159.825,154.027,144.729,78.2285,36.3908,19.3102,11.7491,5.15214
30.987,-0.0002,0.6560,0.0000,6,249.61,0.00,-1.99,-0.4016,-0.0244,15406.5,0.0,229.28,229.28,222.32,222.32,11.6135,24.1298,36.2966,57.5894,89.4137,123.744,173.739,170.395,167.784,164.947,161.836,158.372,152.66,143.608,79.0506,36.7715,19.5118,11.8717,5.20586
31.012,-0.0002,0.6558,0.0000,6,249.62,0.00,-1.97,-0.3954,-0.0244,15406.7,0.0,229.29,229.29,222.32,222.32,11.5623,24.0233,36.1363,57.3348,89.0178,123.194,172.147,168.825,166.234,163.422,160.342,156.918,151.291,142.473,79.87,37.1518,19.7134,11.9943,5.25959
31.031,-0.0002,0.6568,0.0000,6,249.62,0.00,-1.94,-0.3893,-0.0244,15405.2,0.0,229.29,229.29,222.30,222.30,11.5112,23.917,35.9763,57.0808,88.6229,122.647,170.554,167.255,164.684,161.897,158.847,155.464,149.919,141.325,80.6878,37.5316,19.9148,12.1168,5.31329
31.056,-0.0002,0.6567,0.0000,6,249.63,-0.00,-1.91,-0.3831,-0.0244,15406.0,0.0,229.30,229.30,222.31,222.31,11.46,23.8107,35.8164,56.827,88.2287,122.101,168.961,165.685,163.134,160.371,157.352,154.008,148.547,140.165,81.5041,37.9111,20.1161,12.2393,5.36699
31.075,-0.0120,0.6559,0.0000,6,249.63,-0.00,-1.89,-0.3769,-0.0244,15407.1,0.0,229.30,229.30,222.32,222.32,11.4089,23.7045,35.6566,56.5734,87.8349,121.556,167.367,164.114,161.583,158.846,155.857,152.553,147.172,138.995,82.3197,38.2904,20.3173,12.3617,5.42068
31.100,-0.0108,0.6549,0.0000,6,249.64,0.00,-1.86,-0.3708,-0.0238,15407.8,0.0,229.24,229.38,222.33,222.33,11.3647,23.6382,35.5903,56.559,88.0217,122.128,165.616,162.37,159.846,157.118,154.141,150.85,145.496,137.37,82.0108,38.4247,20.4498,12.4592,5.47056
31.118,-0.0097,0.6542,0.0000,6,249.64,0.15,-1.82,-0.3648,-0.0225,15407.9,0.0,229.18,229.44,222.34,222.34,11.3284,23.6131,35.619,56.7859,88.7977,123.863,163.711,160.457,157.928,155.193,152.209,148.908,143.528,135.308,80.6451,38.314,20.5103,12.5293,5.51544
31.144,-0.0088,0.6571,0.0000,6,249.65,0.28,-1.76,-0.3590,-0.0212,15403.7,0.0,229.18,229.45,222.28,222.28,11.2942,23.5955,35.6633,57.0521,89.6756,165.172,161.788,158.525,155.989,153.246,150.253,146.939,141.527,133.192,79.2112,38.1691,20.5567,12.5926,5.55831
31.162,-0.0079,0.6576,0.0000,6,249.65,0.36,-1.69,-0.3534,-0.0201,15405.1,0.0,229.19,229.44,222.30,222.30,11.2604,23.5733,35.6946,57.2823,90.4681,163.286,159.896,156.628,154.087,151.341,148.342,145.021,139.589,131.168,78.0209,38.0618,20.6094,12.6564,5.6
31.188,-0.0071,0.6560,0.0000,6,249.65,0.39,-1.65,-0.3480,-0.0191,15407.5,0.0,229.21,229.43,222.33,222.33,11.2266,23.5449,35.708,57.4618,91.1344,161.436,158.043,154.774,152.234,149.487,146.489,143.168,137.731,129.268,77.0989,38.0019,20.6712,12.7214,5.64055
31.206,-0.0064,0.6543,0.0000,6,249.65,0.40,-1.60,-0.3429,-0.0182,15408.7,0.0,229.23,229.42,222.35,222.35,11.1932,23.5113,35.706,57.5969,91.6866,159.617,156.225,152.959,150.422,147.681,144.688,141.373,135.945,127.481,76.3921,37.9807,20.7402,12.7872,5.6799
31.231,-0.0057,0.6533,0.0000,6,249.65,0.39,-1.55,-0.3380,-0.0174,15408.7,0.0,229.25,229.41,222.35,222.35,11.1603,23.4741,35.6929,57.6985,92.1513,157.822,154.434,151.175,148.644,145.909,142.926,139.622,134.215,125.783,75.8398,37.987,20.8137,12.8529,5.71808
31.250,-0.0052,0.6578,0.0000,6,249.66,0.36,-1.46,-0.3332,-0.0167,15402.0,0.0,229.26,229.40,222.25,222.25,11.1282,23.435,35.6719,57.7744,92.5458,156.046,152.665,149.414,146.891,144.167,141.196,137.908,132.531,124.158,75.4032,38.0123,20.8892,12.9177,5.75487
31.275,-0.0047,0.6589,0.0000,6,249.66,0.33,-1.35,-0.3287,-0.0162,15403.9,0.0,229.27,229.39,222.28,222.28,11.0965,23.3924,35.6398,57.8158,92.8464,154.293,150.921,147.682,145.171,142.46,139.505,136.238,130.901,122.62,75.1031,38.0638,20.9694,12.9825,5.79051
31.293,-0.0042,0.6571,0.0000,6,249.66,0.29,-1.29,-0.3243,-0.0156,15407.1,0.0,229.28,229.39,222.32,222.32,11.0655,23.3483,35.6018,57.8379,93.0931,152.554,149.194,145.969,143.47,140.774,137.838,134.594,129.304,121.134,74.8795,38.1286,21.051,13.0467,5.82517
31.319,-0.0038,0.6544,0.0000,6,249.67,0.27,-1.23,-0.3201,-0.0152,15409.3,0.0,229.29,229.39,222.35,222.35,11.0354,23.3042,35.5609,57.8478,93.3022,150.826,147.478,144.268,141.783,139.103,136.188,132.97,127.732,119.687,74.7069,38.2,21.1318,13.1091,5.85852
31.337,-0.0034,0.6529,0.0000,6,249.67,0.24,-1.15,-0.3161,-0.0147,15409.3,0.0,229.29,229.38,222.36,222.36,11.0063,23.2617,35.5218,57.8588,93.5105,149.099,145.765,142.571,140.1,137.438,134.543,131.352,126.168,118.25,74.5378,38.2672,21.2093,13.1692,5.89073
31.363,-0.0031,0.6587,0.0000,6,249.67,0.23,-1.04,-0.3121,-0.0143,15400.6,0.0,229.30,229.38,222.23,222.23,10.9775,23.2172,35.4762,57.8495,93.6617,147.386,144.067,140.89,138.435,135.792,132.921,129.759,124.635,116.859,74.4404,38.3488,21.2892,13.2292,5.92225
31.381,-0.0027,0.6604,0.0000,6,249.68,0.20,-0.90,-0.3083,-0.0140,15402.5,0.0,229.31,229.38,222.26,222.26,10.9489,23.1696,35.4214,57.8121,93.735,145.69,142.389,139.231,136.793,134.171,131.326,128.198,123.14,115.522,74.4365,38.4512,21.3738,13.2901,5.95324
31.406,-0.0025,0.6584,0.0000,6,249.68,0.17,-0.81,-0.3046,-0.0137,15406.4,0.0,229.32,229.38,222.31,222.31,10.9208,23.1223,35.3658,57.7704,93.7939,143.998,140.715,137.578,135.158,132.558,129.739,126.645,121.655,114.197,74.4484,38.5548,21.4574,13.3499,5.98355
31.425,-0.0022,0.6549,0.0000,6,249.68,0.15,-0.73,-0.3010,-0.0135,15409.6,0.0,229.32,229.37,222.36,222.36,10.8931,23.0742,35.3067,57.7159,93.8143,142.315,139.05,135.935,133.534,130.957,128.166,125.107,120.188,112.895,74.5033,38.6665,21.5419,13.4092,6.01314
31.450,-0.0020,0.6526,0.0000,6,249.67,0.14,-0.64,-0.2974,-0.0133,15410.1,0.0,229.32,229.37,222.37,222.37,10.8659,23.026,35.2462,57.6556,93.8168,140.636,137.391,134.298,131.917,129.363,126.601,123.579,118.732,111.604,74.5774,38.781,21.6261,13.4678,6.04222
31.469,-0.0018,0.6594,0.0000,6,249.68,0.12,-0.50,-0.2939,-0.0130,15399.4,0.0,229.32,229.37,222.22,222.22,10.8389,22.9781,35.1856,57.594,93.8142,138.958,135.733,132.663,130.302,127.772,125.04,122.054,117.28,110.315,74.6557,38.8952,21.7097,13.5258,6.07097
31.494,-0.0016,0.6622,0.0000,6,249.68,0.11,-0.32,-0.2905,-0.0128,15400.6,0.0,229.33,229.37,222.23,222.23,10.8125,22.9306,35.1245,57.5286,93.7975,137.284,134.08,131.033,128.692,126.187,123.485,120.536,115.836,109.032,74.7478,39.0103,21.7921,13.5827,6.09901
31.518,-0.0015,0.6601,0.0000,6,249.68,0.10,-0.20,-0.2872,-0.0126,15405.5,0.0,229.33,229.37,222.30,222.30,10.7866,22.8839,35.0646,57.464,93.7807,135.609,132.427,129.404,127.084,124.603,121.931,119.02,114.393,107.748,74.8381,39.1229,21.8729,13.6385,6.12648
31.538,-0.0013,0.6555,0.0000,6,249.68,0.09,-0.14,-0.2839,-0.0125,15410.0,0.0,229.34,229.37,222.36,222.36,10.7608,22.8357,34.9995,57.3835,93.7177,133.944,130.785,127.787,125.488,123.033,120.392,117.52,112.969,106.485,74.9789,39.2472,21.9561,13.6946,6.15358
31.563,-0.0012,0.6522,0.0000,6,249.68,0.08,-0.07,-0.2806,-0.0124,15411.1,0.0,229.34,229.36,222.38,222.38,10.7348,22.7852,34.9288,57.2873,93.653,132.287,129.151,126.179,123.903,121.475,118.866,116.034,111.561,105.238,75.1672,39.3839,22.043,13.7519,6.18079
31.582,-0.0011,0.6568,0.0000,6,249.68,0.07,0.01,-0.2774,-0.0123,15402.6,0.0,229.34,229.36,222.27,222.27,10.7091,22.735,34.858,57.189,94.1825,130.632,127.52,124.574,122.321,119.92,117.344,114.552,110.156,103.991,75.3624,39.5209,22.1292,13.8086,6.2076
31.607,-0.0010,0.6588,0.0000,6,249.68,0.06,0.13,-0.2743,-0.0122,15403.2,0.0,229.34,229.36,222.27,222.27,10.6836,22.685,34.7868,57.0887,134.178,128.978,125.89,122.971,120.741,118.367,115.824,113.073,108.754,102.743,75.564,39.6587,22.2152,13.865,6.23413
31.625,-0.0009,0.6570,0.0000,6,249.68,0.05,0.21,-0.2711,-0.0121,15407.1,0.0,229.34,229.36,222.32,222.32,10.6581,22.6349,34.7155,56.9882,132.491,127.324,124.261,121.369,119.162,116.816,114.305,111.595,107.353,101.491,75.7655,39.7964,22.3011,13.9212,6.26065
31.650,-0.0008,0.6539,0.0000,6,249.68,0.05,0.23,-0.2680,-0.0120,15409.9,0.0,229.34,229.36,222.36,222.36,10.6327,22.5851,34.645,56.8894,130.802,125.669,122.631,119.766,117.582,115.263,112.786,110.116,105.949,100.233,75.9606,39.932,22.3862,13.9772,6.28707
31.669,-0.0007,0.6518,0.0000,6,249.67,0.05,0.26,-0.2649,-0.0119,15410.5,0.0,229.33,229.36,222.37,222.37,10.6081,22.5372,34.5776,56.7968,129.111,124.012,120.999,118.161,116.001,113.71,111.265,108.634,104.543,98.9671,76.1382,40.0606,22.468,14.0312,6.31273
31.694,-0.0006,0.6535,0.0000,6,249.67,0.05,0.28,-0.2619,-0.0117,15406.6,0.0,229.33,229.35,222.32,222.32,10.5836,22.4897,34.511,56.706,127.419,122.354,119.366,116.556,114.419,112.155,109.743,107.153,103.135,97.6958,76.3096,40.1871,22.549,14.0848,6.33825
31.711,-0.0006,0.6549,0.0000,6,249.67,0.05,0.33,-0.2588,-0.0116,15406.0,0.0,229.33,229.35,222.31,222.31,10.5593,22.4425,34.4447,56.6153,125.725,120.695,117.733,114.951,112.837,110.601,108.222,105.671,101.727,96.4213,76.4803,40.3127,22.6293,14.138,6.36357
31.737,-0.0005,0.6544,0.0000,6,249.66,0.05,0.36,-0.2558,-0.0115,15407.8,0.0,229.33,229.35,222.33,222.33,10.5351,22.3954,34.3786,56.5248,124.03,119.036,116.1,113.346,111.256,109.048,106.702,104.191,100.319,95.1438,76.6501,40.4376,22.7092,14.191,6.38877
31.755,-0.0005,0.6533,0.0000,6,249.66,0.05,0.37,-0.2529,-0.0114,15408.8,0.0,229.32,229.34,222.35,222.35,10.5118,22.3503,34.3154,56.4391,122.334,117.376,114.466,111.74,109.674,107.494,105.181,102.709,98.9099,93.8609,76.8077,40.5564,22.7858,14.2419,6.41306
31.780,-0.0004,0.6528,0.0000,6,249.65,0.05,0.40,-0.2500,-0.0114,15408.7,0.0,229.32,229.34,222.35,222.35,10.4881,22.3022,34.245,56.3332,120.646,115.725,112.843,110.146,108.105,105.953,103.673,101.242,97.5163,92.5943,77.0281,40.6922,22.8675,14.2946,6.43756
31.799,-0.0004,0.6544,0.0000,6,249.65,0.04,0.44,-0.2471,-0.0114,15406.2,0.0,229.32,229.32,222.32,222.32,10.4637,22.2507,34.1662,56.2047,118.966,114.085,111.231,108.564,106.548,104.426,102.181,99.7912,96.1391,91.3441,77.173,40.8478,22.9555,14.3498,6.46251
31.825,-0.0003,0.6568,0.0000,6,249.65,0.02,0.50,-0.2442,-0.0114,15404.2,0.0,229.32,229.32,222.28,222.28,10.4392,22.1981,34.0849,56.0693,117.288,112.447,109.622,106.986,104.995,102.903,100.693,98.3442,94.7659,90.0955,76.9627,41.0094,23.0455,14.4057,6.48757
31.843,-0.0003,0.6568,0.0000,6,249.65,0.01,0.55,-0.2413,-0.0114,15405.9,0.0,229.32,229.32,222.31,222.31,10.4146,22.1454,34.0033,55.9331,115.609,110.809,108.013,105.407,103.443,101.38,99.2047,96.8974,93.3921,88.843,76.543,41.1719,23.1356,14.4618,6.51264
31.869,-0.0003,0.6555,0.0000,6,249.64,0.01,0.58,-0.2383,-0.0114,15407.7,0.0,229.32,229.32,222.33,222.33,10.3901,22.0929,33.9221,55.7979,113.928,109.169,106.403,103.829,101.89,99.8571,97.7159,95.4495,92.0161,87.5851,75.9873,41.3335,23.2255,14.5177,6.5377
31.887,-0.0002,0.6545,0.0000,6,249.64,0.00,0.62,-0.2354,-0.0114,15408.0,0.0,229.32,229.31,222.34,222.34,10.3655,22.0403,33.841,55.6635,112.246,107.529,104.792,102.249,100.336,98.3331,96.2265,94.0006,90.6382,86.3221,75.334,41.4945,23.3154,14.5737,6.56285
31.913,-0.0002,0.6550,0.0000,6,249.64,0.00,0.65,-0.2325,-0.0114,15406.6,0.0,229.31,229.31,222.32,222.32,10.341,21.9881,33.7607,55.5307,110.562,105.888,103.18,100.668,98.7816,96.8084,94.7361,92.5506,89.2582,85.0536,74.6062,41.654,23.4047,14.6294,6.58787
31.931,-0.0002,0.6576,0.0000,6,249.64,0.00,0.72,-0.2296,-0.0114,15403.6,0.0,229.31,229.31,222.27,222.27,10.3166,21.936,33.6806,55.3986,108.877,104.245,101.568,99.0874,97.2267,95.2833,93.2453,91.0998,87.8765,83.781,73.8208,41.8129,23.4938,14.685,6.61288
31.956,-0.0002,0.6575,0.0000,6,249.63,0.00,0.77,-0.2267,-0.0114,15405.5,0.0,229.31,229.31,222.30,222.30,10.2921,21.884,33.6006,55.2668,107.19,102.602,99.9547,97.506,95.6716,93.7579,91.7542,89.6485,86.4936,82.5043,72.9889,41.9714,23.5827,14.7406,6.63788
31.975,-0.0002,0.6561,0.0000,6,249.63,0.00,0.79,-0.2238,-0.0114,15407.4,0.0,229.31,229.31,222.33,222.33,10.2677,21.832,33.5208,55.1353,105.502,100.958,98.3412,95.9244,94.1162,92.2325,90.2629,88.1967,85.1094,81.224,72.1178,42.1297,23.6716,14.7961,6.66288
32.000,-0.0001,0.6551,0.0000,6,249.63,0.00,0.82,-0.2209,-0.0114,15407.7,0.0,229.30,229.30,222.33,222.33,10.2433,21.78,33.441,55.004,103.812,99.3133,96.7273,94.3426,92.5607,90.7068,88.7714,86.7446,83.724,79.9401,71.2133,42.2879,23.7604,14.8516,6.68788
32.019,-0.0001,0.6549,0.0000,6,249.62,0.00,0.85,-0.2180,-0.0114,15407.2,0.0,229.30,229.30,222.33,222.33,10.2189,21.7283,33.3615,54.8734,102.121,97.6678,95.1129,92.7603,91.005,89.1809,87.2796,85.2919,82.3373,78.6528,70.2791,42.4453,23.8489,14.9069,6.71277
32.044,-0.0001,0.6580,0.0000,6,249.62,0.00,0.92,-0.2150,-0.0114,15402.9,0.0,229.30,229.30,222.26,222.26,10.1945,21.6764,33.2817,54.7421,100.43,96.0218,93.4983,91.1782,89.4494,87.6553,85.7879,83.8392,80.95,77.3625,69.3201,42.6034,23.9377,14.9624,6.73776
32.063,-0.0001,0.6584,0.0000,6,249.62,0.00,0.97,-0.2121,-0.0114,15404.6,0.0,229.30,229.30,222.29,222.29,10.1698,21.6238,33.201,54.6093,98.7372,94.3761,91.8842,89.5969,87.8947,86.1308,84.2973,82.3874,79.5627,76.0704,68.34,42.7633,24.0275,15.0186,6.76305
32.087,-0.0001,0.6573,0.0000,6,249.62,0.00,0.99,-0.2092,-0.0114,15406.4,0.0,229.29,229.29,222.31,222.31,10.145,21.5712,33.1202,54.4764,97.0437,92.7299,90.27,88.0155,86.3402,84.6063,82.8067,80.9353,78.1746,74.7755,67.34,42.9235,24.1175,15.0748,6.78838
32.113,-0.0001,0.6562,0.0000,6,249.62,0.00,1.03,-0.2062,-0.0114,15407.1,0.0,229.29,229.29,222.32,222.32,10.1203,21.5185,33.0394,54.3435,95.3489,91.083,88.6554,86.434,84.7856,83.0818,81.3161,79.4831,76.7857,73.4778,66.322,43.0836,24.2075,15.131,6.8137
32.131,-0.0001,0.6556,0.0000,6,249.61,0.00,1.05,-0.2032,-0.0114,15407.1,0.0,229.29,229.29,222.32,222.32,10.0954,21.4657,32.9583,54.2423,93.6528,89.4356,87.0406,84.8526,83.2312,81.5575,79.8257,78.0308,75.396,72.1777,65.2878,43.2444,24.2978,15.1875,6.83913
32.156,-0.0001,0.6587,0.0000,6,249.61,0.00,1.12,-0.2003,-0.0114,15402.5,0.0,229.29,229.29,222.26,222.26,10.0707,21.413,32.8774,54.42,91.9553,87.7873,85.4253,83.2709,81.6766,80.033,78.335,76.578,74.0052,70.8747,64.2381,43.4045,24.3878,15.2437,6.86446
32.175,-0.0001,0.3623,0.0000,6,249.61,0.00,1.17,-0.1973,-0.0114,15404.0,0.0,229.29,229.29,222.28,222.28,10.0459,21.3604,32.7966,55.2748,90.2564,86.1383,83.8096,81.6889,80.1218,78.5085,76.8442,75.125,72.6134,69.569,63.1743,43.5647,24.4778,15.3,6.88978
32.200,-0.0001,0.1993,0.0000,6,249.41,0.00,1.20,-0.1944,-0.0114,15303.2,0.0,229.21,229.21,220.84,220.84,10.0216,21.3087,32.7173,95.8817,88.556,84.4885,82.1933,80.1066,78.5668,76.9837,75.353,73.6712,71.2203,68.2601,62.0965,43.7219,24.5661,15.3552,6.91464
32.218,-0.0001,0.1096,0.0000,6,249.03,0.00,1.23,-0.1915,-0.0114,15230.5,0.0,228.93,228.93,219.79,219.80,9.99726,21.257,32.6378,94.1161,86.8563,82.84,80.5787,78.5261,77.0137,75.4609,73.8636,72.2191,69.8282,66.9508,61.0086,43.8794,24.6546,15.4105,6.93955
32.243,-0.0000,0.0603,0.0000,6,248.54,0.00,1.26,-0.1887,-0.0114,15173.2,0.0,228.51,228.51,218.91,219.03,9.97325,21.2066,32.5614,92.3483,85.1555,81.1909,78.9636,76.9452,75.4601,73.9375,72.3734,70.7659,68.434,65.6374,59.9071,44.0289,24.7403,15.4646,6.96416
32.262,-0.0000,0.0332,0.0000,6,247.99,0.02,1.32,-0.1858,-0.0113,15125.1,0.0,228.03,228.04,218.17,218.39,9.94972,21.1591,32.492,90.575,83.4499,79.5372,77.3439,75.3596,73.9017,72.409,70.8779,69.3069,67.0329,64.3152,58.7874,44.159,24.82,15.5164,6.98842
32.287,-0.0000,0.0182,0.5000,6,247.42,0.03,1.38,-0.1829,-0.0112,15081.4,0.0,227.50,227.53,217.51,217.79,9.92675,21.1147,32.43,88.7964,81.7397,77.8792,75.72,73.7697,72.3391,70.876,69.3777,67.8426,65.6258,62.9849,57.6512,44.1371,24.8932,15.5657,7.01223
32.306,-0.0000,0.0100,0.7500,6,245.87,0.06,1.40,-0.1801,-0.0111,14816.8,0.0,217.61,217.64,213.73,214.06,9.90444,21.0729,32.3738,87.0175,80.0303,76.2222,74.0974,72.1811,70.7775,69.344,67.8781,66.3788,64.2181,61.6524,56.5053,43.9127,24.9611,15.6127,7.03545
32.331,-0.0000,0.0055,0.8750,6,243.36,0.08,1.42,-0.1773,-0.0109,14554.1,0.0,208.86,208.90,209.94,210.34,9.88249,21.0325,32.3204,85.2488,78.3322,74.577,72.4865,70.6042,69.2276,67.8236,66.3898,64.9256,62.8202,60.328,55.3601,43.5569,25.0261,15.6584,7.05833
32.350,-0.0000,0.0030,0.9375,6,240.35,0.09,1.44,-0.1745,-0.0107,14295.1,0.0,200.77,200.82,206.19,206.65,9.86108,20.9934,32.2695,83.4965,76.6514,72.9494,70.8932,69.0448,67.6951,66.3202,64.9182,63.4887,61.4376,59.0167,54.221,43.1083,25.0884,15.7026,7.08065
32.375,-0.0000,0.0017,0.9687,6,237.08,0.11,1.50,-0.1718,-0.0105,14062.2,0.0,193.12,193.19,202.82,203.30,9.8399,20.9549,32.2194,81.7637,74.9913,71.3427,69.3208,67.5062,66.1832,64.8372,63.4666,62.0713,60.0734,57.7222,53.0914,42.5927,25.1497,15.7462,7.10273
32.394,-0.0000,0.0009,0.9844,6,233.69,0.12,1.57,-0.1692,-0.0104,13821.4,0.0,185.73,185.82,199.34,199.85,9.81925,20.9171,32.17,80.0531,73.3542,69.759,67.7715,65.9906,64.694,63.3766,62.037,60.6754,58.7296,56.4462,51.9738,42.0274,25.2098,15.7888,7.12423
32.419,-0.0000,0.0005,0.9922,6,230.27,0.13,1.60,-0.1666,-0.0102,13586.0,0.0,178.30,178.40,195.92,196.47,9.79896,20.8796,32.1205,78.3653,71.7409,68.1995,66.2461,64.4987,63.2284,61.9394,60.6304,59.3018,57.4071,55.1897,50.8695,41.4251,25.2694,15.8308,7.14533
32.437,-0.0000,0.0003,0.9961,6,226.83,0.13,1.63,-0.1640,-0.0101,13358.9,0.0,170.70,170.82,192.64,193.19,9.77898,20.8423,32.0704,76.7009,70.1518,66.6643,64.7451,63.031,61.7868,60.5257,59.247,57.9509,56.1063,53.9531,49.7792,40.7946,25.329,15.8724,7.16606
32.463,-0.0000,0.0002,0.9980,6,223.38,0.13,1.67,-0.1617,-0.0100,13136.7,0.0,163.23,163.36,189.42,189.99,9.7601,20.8068,32.0301,75.0595,68.5863,65.1526,63.2674,61.5864,60.3679,59.1345,57.8855,56.6214,54.8256,52.7349,48.7013,40.1391,25.3857,15.9118,7.18562
32.481,-0.0000,0.0001,0.9990,6,219.97,0.13,1.71,-0.1593,-0.0099,12925.3,0.0,155.09,155.24,186.34,186.90,9.7414,20.7712,32.0976,73.4416,67.0452,63.6655,61.8142,60.1659,58.973,57.7669,56.5472,55.3145,53.5666,51.5366,47.6382,39.4671,25.443,15.9512,7.20497
32.507,-0.0000,0.0000,0.9995,6,216.61,0.13,1.77,-0.1570,-0.0098,12729.4,0.0,146.11,146.28,183.55,184.09,9.72307,20.7357,32.3409,71.847,65.5281,62.2024,60.3848,58.7692,57.6016,56.4225,55.2317,54.0298,52.3287,50.3578,46.5894,38.782,25.5004,15.9901,7.22389
32.524,-0.0000,0.0000,0.9997,6,213.34,0.12,1.78,-0.1548,-0.0097,12513.9,0.0,136.25,136.44,180.45,180.99,9.70497,20.7,32.843,70.2755,64.035,60.7632,58.9792,57.396,56.2534,55.101,53.9386,52.767,51.1117,49.1984,45.5553,38.0875,25.5585,16.0289,7.24252
32.550,-0.0000,0.0000,0.9999,6,210.13,0.11,1.76,-0.1526,-0.0096,12298.2,0.0,125.51,125.72,177.33,177.88,9.68713,20.6644,33.8018,68.726,62.5644,59.3467,57.5961,56.0452,54.9273,53.8012,52.6668,51.525,49.9144,48.0572,44.5349,37.3855,25.6168,16.0674,7.26086
32.569,-0.0000,0.0000,0.9999,6,206.97,0.11,1.72,-0.1504,-0.0096,12086.8,0.0,114.33,114.56,174.26,174.84,9.66951,20.6289,36.1303,67.1976,61.1156,57.9518,56.2346,54.7155,53.6222,52.5221,51.4152,50.3026,48.7359,46.9332,43.5274,36.6774,25.6483,16.1057,7.27894
32.594,-0.0000,0.0000,1.0000,6,203.82,0.10,1.69,-0.1483,-0.0095,11878.3,0.0,103.17,103.41,171.24,171.84,9.65222,20.5941,74.9281,65.6896,59.6878,56.5779,54.8938,53.4063,52.3372,51.2628,50.183,49.099,47.5752,45.8256,42.5323,35.9641,25.589,16.1432,7.29669
32.612,-0.0000,0.0000,1.0000,6,200.69,0.10,1.67,-0.1462,-0.0095,11676.9,0.0,91.74,91.99,168.30,168.91,9.63545,20.5605,73.3699,64.2011,58.28,55.224,53.5727,52.1166,51.0714,50.0222,48.9692,47.9133,46.4314,44.7334,41.5486,35.2468,25.4548,16.1794,7.31391
32.638,-0.0000,0.0000,1.0000,6,197.56,0.10,1.69,-0.1442,-0.0094,11497.8,0.0,80.08,80.33,165.74,166.34,9.61915,20.528,71.8299,62.7323,56.8924,53.89,52.2714,50.8463,49.8248,48.8006,47.7737,46.7454,45.3045,43.6568,40.5768,34.5269,25.2613,16.2145,7.33065
32.663,-0.0000,0.0000,1.0000,6,194.48,0.09,1.69,-0.1423,-0.0093,11293.5,0.0,68.20,68.47,162.80,163.40,9.6032,20.4962,70.308,61.2833,55.5251,52.5762,50.99,49.5958,48.5976,47.5979,46.597,45.5956,44.1948,42.5961,39.6174,33.8065,25.0197,16.2488,7.34702
32.681,-0.0000,0.0000,1.0000,6,191.44,0.09,1.68,-0.1403,-0.0093,11085.6,0.0,56.09,56.37,159.79,160.41,9.58758,20.4959,68.8041,59.8541,54.178,51.2826,49.7286,48.3648,47.3898,46.4143,45.4387,44.464,43.1023,41.5514,38.6705,33.0869,24.7388,16.2824,7.36307
32.706,0.0675,0.0000,0.5000,6,188.42,0.09,1.65,-0.1385,-0.0092,10879.5,0.0,43.75,44.04,156.80,157.45,9.57238,20.5645,67.3181,58.4445,52.8508,50.0087,48.4867,47.1531,46.2009,45.2493,44.2987,43.3499,42.0266,40.5222,37.7359,32.3687,24.4252,16.3151,7.37867
32.725,0.1631,0.0000,0.2500,6,185.59,0.09,1.65,-0.1366,-0.0092,11032.7,0.0,50.62,50.91,158.96,159.46,9.55698,20.7078,65.8539,57.0587,51.5479,48.7591,47.2689,45.9653,45.0356,44.1075,43.1814,42.2582,40.9723,39.5132,36.8185,31.6575,24.0886,16.3494,7.39439
32.750,0.2348,0.0000,0.1250,6,183.23,0.09,1.66,-0.1348,-0.0094,11070.8,0.0,66.45,66.74,159.68,159.94,9.53956,20.9252,64.427,55.7136,50.2867,47.5512,46.0926,44.8184,43.911,43.0061,42.104,41.2058,39.9565,38.5413,35.9347,30.9694,23.7461,16.3815,7.41167
32.768,0.2886,0.0000,0.0625,6,181.23,0.05,1.69,-0.1329,-0.0103,11018.0,0.0,85.68,85.93,159.03,159.09,9.5157,21.1961,63.0721,54.4457,49.1041,46.4216,44.9943,43.7494,42.8637,41.9814,41.1029,40.2289,39.0147,37.6418,35.119,30.3366,23.4268,16.396,7.43434
32.793,0.3290,0.0000,0.0312,6,179.44,-0.04,1.72,-0.1309,-0.0123,10937.2,0.0,105.59,105.72,158.19,157.59,9.48037,21.4823,61.8324,53.2995,48.0442,45.4141,44.0176,42.8008,41.9361,41.0756,40.2196,39.3686,38.1878,36.8545,34.4096,29.7941,23.161,16.4162,7.46677
32.812,0.3592,0.4500,0.0156,6,177.83,-0.23,1.73,-0.1285,-0.0161,10849.9,0.0,124.64,124.46,157.15,156.10,9.42515,21.6972,60.7767,52.3455,47.1767,44.5974,43.2301,42.0401,41.195,40.3548,39.5196,38.6899,37.5394,36.2422,33.867,29.3966,22.9947,16.4781,7.51689
32.838,0.3819,0.6975,0.0078,6,176.67,-0.53,1.71,-0.1255,-0.0227,10933.2,0.0,141.20,140.33,157.80,157.80,9.34094,21.7121,59.9785,51.658,46.5745,44.0431,42.7028,41.5373,40.7098,39.8875,39.0708,38.26,37.1358,35.8692,33.553,29.2002,22.9751,16.6173,7.59441
32.856,0.3989,0.8336,0.0039,6,176.07,-1.03,1.68,-0.1214,-0.0330,10988.8,0.0,152.54,150.59,158.57,158.57,9.21667,21.365,59.5262,51.3271,46.3262,43.8389,42.5222,41.378,40.5658,39.7584,38.9568,38.1613,37.0588,35.8162,33.5451,29.2765,23.1622,16.8806,7.71353
32.881,0.4117,0.9085,0.0020,6,175.93,-1.90,1.66,-0.1159,-0.0476,11044.0,0.0,158.17,155.22,159.35,159.35,9.04817,20.6099,59.4508,51.3845,46.4635,44.0156,42.7192,41.5924,40.7928,39.9979,39.208,38.424,37.3376,36.1128,33.8718,29.6535,23.584,17.2941,7.88629
32.899,0.4213,0.9497,0.0010,6,176.04,-3.11,1.65,-0.1085,-0.0652,11097.4,0.0,160.48,156.87,160.11,160.11,8.84831,19.6501,59.6189,51.6915,46.8491,44.4371,43.1595,42.0481,41.2587,40.4741,39.6945,38.9202,37.8459,36.6345,34.4154,30.2261,24.1622,17.8107,8.1102
32.925,0.4285,0.9723,0.0005,6,176.24,-4.40,1.65,-0.0992,-0.0839,11141.8,0.0,161.44,157.48,160.76,160.76,8.63391,18.7052,59.8491,52.061,47.2951,44.9189,43.6585,42.5621,41.7832,41.0081,40.2375,39.4721,38.41,37.2106,35.0112,30.8466,24.7787,18.3552,8.37342
32.944,0.4338,0.9848,0.0002,6,176.49,-5.49,1.67,-0.0877,-0.1020,11174.7,0.0,161.82,157.78,161.23,161.23,8.41809,17.8929,59.9977,52.3421,47.6525,45.3112,44.0691,42.9874,42.2188,41.4541,40.6934,39.9373,38.8873,37.7015,35.5238,31.39,25.3335,18.8588,8.63725
32.968,0.4379,0.9916,0.0001,6,176.76,-6.31,1.69,-0.0741,-0.1187,11208.4,0.0,161.93,157.98,161.72,161.72,8.21441,17.2308,60.0052,52.4728,47.8576,45.552,44.3283,43.2626,42.5048,41.7504,41.0002,40.2545,39.2185,38.0472,35.8956,31.8027,25.7793,19.2873,8.8839
32.988,0.4409,0.9954,0.0001,6,177.02,-6.88,1.70,-0.0582,-0.1341,11242.8,0.0,161.94,158.17,162.21,162.21,8.02364,16.6887,59.8814,52.463,47.9202,45.6506,44.4451,43.3955,42.6492,41.9062,41.1667,40.4315,39.4104,38.2559,36.1327,32.0895,26.1191,19.6412,9.11267
33.013,0.4432,0.9975,0.0000,6,177.26,-7.26,1.70,-0.0418,-0.1474,11274.5,0.0,161.96,158.34,162.67,162.67,7.8582,16.2618,59.6936,52.3712,47.8933,45.6555,44.4674,43.4321,42.6962,41.9637,41.2347,40.5096,39.502,38.363,36.2677,32.2739,26.3628,19.9148,9.30822
33.032,0.4449,0.5486,0.0000,6,177.49,-7.56,1.71,-0.0235,-0.1605,11303.1,0.0,162.02,158.52,163.08,163.08,7.69688,15.8637,59.4766,52.2447,47.8306,45.6245,44.4534,43.4331,42.7072,41.9848,41.2661,40.5513,39.5577,38.434,36.3673,32.424,26.5751,20.1645,9.49687
33.050,0.4462,0.3017,0.0000,6,177.57,-7.80,1.72,-0.0033,-0.1718,11113.4,0.0,162.11,158.66,160.42,160.42,7.5383,15.4794,59.2509,52.1051,47.7535,45.5791,44.4243,43.4186,42.7033,41.9908,41.2819,40.577,39.5975,38.4894,36.4502,32.5574,26.7715,20.4017,9.68128
33.069,0.4471,0.1660,0.0000,6,177.40,-7.89,1.73,0.0175,-0.1708,10968.6,0.0,162.09,158.73,158.32,158.32,7.38524,15.1347,58.9748,51.9099,47.6197,45.4765,44.3382,43.3467,42.6418,41.9399,41.2412,40.5461,39.5805,38.4884,36.4776,32.6376,26.9218,20.603,9.85566
33.088,0.4478,0.0913,0.0000,6,177.07,-7.83,1.77,0.0379,-0.1692,10871.7,0.0,161.93,158.68,158.02,155.81,7.23771,14.8271,58.6505,51.6614,47.4311,45.3185,44.197,43.2198,42.525,41.8334,41.1452,40.4605,39.5087,38.4326,36.4516,32.6667,27.0258,20.7688,10.0193
33.113,0.4484,0.0502,0.0000,6,176.64,-7.74,1.81,0.0582,-0.1678,10806.9,0.0,161.67,158.51,157.36,154.59,7.09143,14.5227,58.3294,51.4124,47.2405,45.158,44.0529,43.0901,42.4053,41.7236,41.0455,40.371,39.4335,38.3727,36.4209,32.6901,27.1228,20.9279,10.18
33.131,0.4488,0.0276,0.0000,6,176.15,-7.79,1.82,0.0782,-0.1669,10757.0,0.0,161.38,158.21,156.80,153.70,6.94365,14.1942,58.0589,51.2098,47.0944,45.0417,43.9522,43.0034,42.3286,41.6566,40.9878,40.3229,39.3989,38.3533,36.4283,32.7478,27.2478,21.1052,10.344
33.150,0.4491,0.0152,0.0000,6,175.64,-7.99,1.82,0.0979,-0.1666,10714.4,0.0,161.06,157.81,156.32,152.95,6.79382,13.8372,57.8504,51.0645,47.0034,44.9801,43.9056,42.9699,42.3046,41.6421,40.9826,40.3265,39.4149,38.3836,36.4838,32.8493,27.4081,21.3067,10.5131
33.168,0.4493,0.0084,0.0000,6,175.11,-8.28,1.82,0.1173,-0.1671,10675.1,0.0,160.70,157.34,155.86,152.28,6.64325,13.4639,57.689,50.9611,46.9518,44.9565,43.8972,42.974,42.3176,41.664,41.0136,40.3665,39.4666,38.4484,36.5731,32.9813,27.5923,21.5251,10.6855
33.188,0.4495,0.0046,0.0000,6,174.57,-8.67,1.80,0.1365,-0.1681,10637.7,0.0,160.30,156.84,155.40,151.65,6.49225,13.0793,57.5707,50.8954,46.9339,44.9651,43.9204,43.01,42.3622,41.7171,41.0751,40.4365,39.5484,38.5427,36.6901,33.1383,27.7974,21.7577,10.861
33.212,0.4496,0.0025,0.0000,6,174.01,-9.15,1.77,0.1553,-0.1694,10601.7,0.0,159.87,156.30,154.95,151.07,6.34205,12.6917,57.4852,50.8567,46.9389,44.9953,43.9643,43.0662,42.4272,41.7906,41.1566,40.5259,39.649,38.6561,36.8247,33.311,28.015,21.9984,11.0378
33.231,0.4497,0.0014,0.0000,6,173.46,-9.66,1.73,0.1738,-0.1708,10566.2,0.0,159.39,155.74,154.48,150.51,6.19405,12.3114,57.4143,50.8273,46.949,45.0294,44.0115,43.125,42.4944,41.8662,41.2406,40.6178,39.7514,38.7705,36.9609,33.4844,28.2315,22.2381,11.2132
33.250,0.4498,0.0008,0.0000,6,172.89,-10.14,1.68,0.1919,-0.1721,10530.4,0.0,158.87,155.19,153.97,149.99,6.04961,11.9493,57.3349,50.7848,46.942,45.0452,44.0398,43.1644,42.5418,41.9217,41.3042,40.6896,39.8343,38.865,37.0771,33.6381,28.4304,22.4634,11.3837
33.268,0.4498,0.0004,0.0000,6,172.33,-10.60,1.63,0.2098,-0.1734,10495.2,0.0,158.31,154.64,153.45,149.49,5.90893,11.6064,57.2432,50.7261,46.9154,45.0389,44.0456,43.1808,42.5659,41.9536,41.3439,40.7371,39.8929,38.936,37.1691,33.7684,28.6082,22.6713,11.5481
33.288,0.4499,0.0002,0.0000,6,171.76,-11.03,1.56,0.2273,-0.1741,10459.9,0.0,157.74,154.09,152.92,149.00,5.77243,11.2842,57.134,50.6462,46.865,45.0064,44.0245,43.17,42.5625,41.9577,41.3556,40.7563,39.9228,38.9783,37.2331,33.8715,28.7605,22.8591,11.7053
33.313,0.4499,0.0001,0.0000,6,171.20,-11.38,1.50,0.2445,-0.1744,10425.1,0.0,157.16,153.56,152.39,148.53,5.64081,10.9849,56.9995,50.538,46.7842,44.9424,43.9704,43.1258,42.5256,41.9279,41.3331,40.7413,39.9182,38.9856,37.263,33.9414,28.8825,23.0225,11.8537
33.331,0.4499,0.0001,0.0000,6,170.63,-11.65,1.44,0.2613,-0.1743,10390.5,0.0,156.55,153.02,151.85,148.07,5.51414,10.7096,56.8324,50.3952,46.6666,44.8414,43.8784,43.0424,42.4492,41.8586,41.271,40.6865,39.8735,38.9527,37.2524,33.9721,28.9696,23.1568,11.9921
33.350,0.4499,0.0000,0.0000,6,170.07,-11.86,1.38,0.2778,-0.1740,10356.0,0.0,155.96,152.50,151.31,147.61,5.39165,10.4529,20.7718,50.228,46.523,44.7129,43.7589,42.9308,42.3435,41.7596,41.179,40.6015,39.7985,38.8893,37.2108,33.9727,29.0285,23.2681,12.1216
33.369,0.4500,0.0000,0.0000,6,169.51,-12.02,1.32,0.2939,-0.1730,10321.8,0.0,155.37,151.98,150.78,147.15,5.27336,10.213,19.2925,50.0398,46.357,44.5605,43.6152,42.7949,42.2132,41.6351,41.0608,40.4902,39.697,38.799,37.1418,33.9465,29.062,23.3584,12.2426
33.387,0.4500,0.0000,0.0000,6,168.96,-12.12,1.26,0.3097,-0.1717,10288.1,0.0,154.80,151.47,150.26,146.70,5.15934,9.98968,18.4682,49.8284,46.1667,44.3832,43.4459,42.6333,42.0571,41.4847,40.916,40.3514,39.5676,38.6807,37.0447,33.8921,29.0694,23.4263,12.3548
33.413,0.4500,0.0000,0.0000,6,168.40,-12.13,1.23,0.3251,-0.1701,10254.4,0.0,154.22,150.96,149.74,146.25,5.04948,9.78311,17.8867,49.5932,45.9516,44.1812,43.251,42.4456,41.875,41.3082,40.7451,40.1862,39.4107,38.5345,36.9193,33.809,29.0507,23.4716,12.4579
33.431,0.4500,0.0000,0.0000,6,167.85,-12.12,1.18,0.3401,-0.1683,10220.9,0.0,153.66,150.46,149.23,145.80,4.94304,9.5879,17.4168,49.3477,45.7249,43.967,43.0439,42.2448,41.6792,41.1179,40.5604,40.007,39.2394,38.3728,36.7779,33.7089,29.015,23.5023,12.554
33.450,0.4500,0.0000,0.0000,6,167.30,-12.10,1.13,0.3548,-0.1661,10187.6,0.0,153.13,149.96,148.73,145.33,4.83992,9.40336,17.0327,49.0933,45.4883,43.7418,42.8256,42.0327,41.4716,40.9151,40.363,39.8152,39.0553,38.1976,36.6215,33.5931,28.9636,23.5192,12.6433
33.469,0.4500,0.0000,0.0000,6,166.76,-12.03,1.09,0.3690,-0.1636,10155.0,0.0,152.60,149.48,148.23,144.89,4.74073,9.23131,16.7437,48.8242,45.2363,43.5003,42.591,41.8044,41.2478,40.6957,40.1484,39.6058,38.8537,38.0049,36.4461,33.4576,28.8932,23.5187,12.725
33.487,0.4500,0.0000,0.0000,6,166.22,-11.89,1.08,0.3829,-0.1610,10122.4,0.0,152.07,148.99,147.74,144.44,4.64522,9.0714,16.5412,48.5419,44.9705,43.2449,42.3418,41.5613,41.0092,40.4617,39.9189,39.381,38.6362,37.7963,36.2543,33.3044,28.8051,23.5023,12.7989
33.513,0.4500,0.0000,0.0000,6,165.68,-11.77,1.05,0.3964,-0.1583,10089.9,0.0,151.56,148.51,147.26,143.99,4.55262,8.91925,16.3846,48.2588,44.7028,42.9875,42.09,41.3151,40.7674,40.2243,39.686,39.1526,38.4143,37.5827,36.0572,33.1436,28.7079,23.4774,12.8675
33.531,0.4500,0.0000,0.0000,6,165.15,-11.65,1.01,0.4096,-0.1552,10057.5,0.0,151.08,148.04,146.78,143.52,4.46293,8.77452,16.2752,47.9764,44.4346,42.729,41.8371,41.0672,40.5233,39.9846,39.4507,38.9217,38.1896,37.3654,35.8557,32.9763,28.6025,23.4446,12.9311
33.550,0.4500,0.0000,0.0000,6,164.62,-11.49,1.00,0.4222,-0.1521,10026.1,0.0,150.59,147.58,146.31,143.08,4.37727,8.64108,16.2717,47.6855,44.1573,42.4608,41.5744,40.8094,40.2692,39.7343,39.2047,38.6801,37.9542,37.1372,35.6424,32.7955,28.4828,23.3981,12.9877
33.568,0.4500,0.0000,0.0000,6,164.09,-11.28,1.01,0.4346,-0.1489,9994.42,0.0,150.10,147.10,145.85,142.64,4.29447,8.51497,16.3748,47.3935,43.8782,42.1899,41.309,40.5489,40.0122,39.4809,38.955,38.4347,37.715,36.905,35.4239,32.6087,28.3548,23.343,13.0389
33.587,0.4500,0.0000,0.0000,6,163.56,-11.11,1.00,0.4465,-0.1456,9962.6,0.0,149.64,146.64,145.40,142.17,4.21443,8.39412,16.5954,47.112,43.6081,41.9274,41.0512,40.2958,39.7625,39.2347,38.7123,38.1955,37.4814,36.6783,35.2102,32.4245,28.226,23.2853,13.0866
33.607,0.4500,0.0000,0.0000,6,163.04,-10.99,0.98,0.4579,-0.1423,9930.92,0.0,149.20,146.17,144.95,141.70,4.13708,8.27819,17.1929,46.8416,43.3477,41.6742,40.802,40.0507,39.5207,38.9961,38.477,37.9636,37.2543,36.4576,35.0018,32.2436,28.0969,23.2254,13.131
33.631,0.4500,0.0000,0.0000,6,162.52,-10.80,1.01,0.4690,-0.1389,9900.34,0.0,148.74,145.71,144.50,141.26,4.06335,8.1718,52.8163,46.5685,43.0838,41.4174,40.5491,39.8014,39.2744,38.7531,38.2373,37.7272,37.0226,36.2314,34.7879,32.0556,27.9588,23.1556,13.1697
33.649,0.4500,0.0000,0.0000,6,162.00,-10.60,1.05,0.4796,-0.1356,9869.17,0.0,148.28,145.24,144.06,140.81,3.9922,8.06942,52.5544,46.3072,42.8304,41.1699,40.3054,39.5611,39.0366,38.5181,38.0054,37.4984,36.7984,36.0124,34.5797,31.8715,27.8211,23.0836,13.2052
33.669,0.4500,0.0000,0.0000,6,161.49,-10.48,1.07,0.4899,-0.1324,9837.62,0.0,147.86,144.77,143.63,140.32,3.9235,7.9697,52.3168,46.0671,42.596,40.9402,40.0791,39.3378,38.8155,38.2992,37.789,37.2849,36.589,35.8078,34.3844,31.6983,27.6897,23.0138,13.2391
33.688,0.4500,0.0000,0.0000,6,160.97,-10.41,1.08,0.4997,-0.1292,9806.21,0.0,147.44,144.31,143.21,139.84,3.85725,7.87307,52.1026,45.847,42.3798,40.7276,39.8691,39.1306,38.6102,38.096,37.5878,37.0858,36.3936,35.6167,34.2017,31.5356,27.5649,22.9458,13.2712
33.713,0.4500,0.0000,0.0000,6,160.45,-10.27,1.15,0.5090,-0.1260,9776.07,0.0,146.99,143.84,142.77,139.41,3.79489,7.78679,51.8895,45.6266,42.1626,40.5138,39.6574,38.9213,38.4029,37.8906,37.3845,36.8846,36.1953,35.4227,34.0159,31.3684,27.434,22.8696,13.2977
33.731,0.4500,0.0000,0.0000,6,159.94,-10.13,1.23,0.5180,-0.1231,9744.89,0.0,146.55,143.35,142.35,138.94,3.73502,7.70288,51.6996,45.4263,41.9633,40.3173,39.4625,38.7281,38.2113,37.7007,37.1964,36.6983,36.0116,35.242,33.8427,31.2114,27.3098,22.7955,13.3223
33.750,0.4500,0.0000,0.0000,6,159.42,-10.09,1.28,0.5265,-0.1201,9713.23,0.0,146.13,142.88,141.93,138.44,3.67723,7.61999,51.5409,45.2533,41.7888,40.1441,39.2906,38.5572,38.0413,37.5319,37.029,36.5324,35.8478,35.0808,33.6873,31.0696,27.1963,22.7268,13.3464
33.769,0.4500,0.0000,0.0000,6,158.91,-10.11,1.31,0.5346,-0.1174,9681.79,0.0,145.72,142.40,141.51,137.95,3.62212,7.54056,51.4111,45.1052,41.6368,39.9918,39.139,38.4063,37.8909,37.3821,36.8799,36.3845,35.7017,34.9368,33.5473,30.9414,27.0921,22.6617,13.3692
33.788,0.4500,0.0000,0.0000,6,158.39,-10.03,1.42,0.5422,-0.1146,9651.7,0.0,145.26,141.92,141.07,137.52,3.57125,7.47393,51.2798,44.9544,41.4815,39.8359,38.9834,38.2515,37.7366,37.2284,36.7269,36.2321,35.5508,34.788,33.4026,30.8076,26.9814,22.5881,13.3858
33.807,0.4500,0.0000,0.0000,6,157.87,-9.96,1.54,0.5494,-0.1121,9620.22,0.0,144.82,141.42,140.64,137.04,3.52282,7.40929,51.1773,44.8282,41.3485,39.7015,38.8484,38.1165,37.6019,37.094,36.5929,36.0985,35.4178,34.6563,33.2743,30.6875,26.8807,22.52,13.4011
33.832,0.4500,0.0000,0.0000,6,157.35,-9.99,1.62,0.5562,-0.1095,9588.21,0.0,144.40,140.93,140.22,136.54,3.47676,7.34641,51.1092,44.7318,41.2424,39.5928,38.7385,38.0057,37.4907,36.9828,36.4817,35.9874,35.3068,34.5456,33.1654,30.5841,26.7925,22.4594,13.4158
33.850,0.4500,0.0000,0.0000,6,156.83,-10.11,1.67,0.5626,-0.1071,9556.54,0.0,143.98,140.45,139.81,136.04,3.43313,7.28707,51.0729,44.6628,41.161,39.5071,38.6511,37.917,37.4011,36.8924,36.3908,35.8963,35.2155,34.4539,33.0739,30.4959,26.7153,22.4048,13.4295
33.869,0.4500,0.0000,0.0000,6,156.31,-10.06,1.83,0.5685,-0.1046,9526.25,0.0,143.50,139.95,139.35,135.62,3.39399,7.24364,51.0291,44.5859,41.0716,39.4129,38.5554,37.82,37.3033,36.7938,36.2915,35.7965,35.1155,34.3539,32.9738,30.3992,26.6294,22.3406,13.4361
33.888,0.4500,0.0000,0.0000,6,155.78,-10.04,1.98,0.5741,-0.1024,9494.34,0.0,143.04,139.44,138.92,135.14,3.35735,7.20312,51.0157,44.535,41.0056,39.3413,38.481,37.7439,37.2262,36.7156,36.2123,35.7163,35.0341,34.2718,32.8911,30.3173,26.5548,22.2834,13.4413
33.906,0.4500,0.0000,0.0000,6,155.26,-10.13,2.08,0.5793,-0.1000,9461.91,0.0,142.61,138.95,138.49,134.63,3.32336,7.16591,51.0379,44.5147,40.9671,39.2961,38.4324,37.6925,37.1731,36.6612,36.1565,35.6592,34.9752,34.2111,32.8284,30.2526,26.4934,22.2347,13.4456
33.932,0.4500,0.0000,0.0000,6,154.73,-10.29,2.16,0.5839,-0.0979,9429.93,0.0,142.18,138.46,138.07,134.12,3.29248,7.13525,51.0926,44.522,40.9535,39.274,38.4064,37.6632,37.1415,36.6274,36.1211,35.6221,34.9359,34.1694,32.7831,30.2027,26.4429,22.1926,13.4482
33.950,0.4500,0.0000,0.0000,6,154.21,-10.26,2.36,0.5881,-0.0955,9399.39,0.0,141.68,137.95,137.59,133.72,3.26636,7.12436,51.1327,44.5153,40.9262,39.2381,38.3669,37.6206,37.0968,36.5807,36.0723,35.5717,34.8836,34.115,32.7251,30.1411,26.3813,22.1397,13.443
33.969,0.4500,0.4500,0.0000,6,153.67,-10.25,2.55,0.5920,-0.0934,9367.18,0.0,141.20,137.44,137.15,133.24,3.24274,7.11767,51.2041,44.5354,40.9231,39.2254,38.3494,37.5997,37.0735,36.5551,36.0444,35.5415,34.8506,34.0794,32.685,30.095,26.3319,22.0949,13.4372
33.988,0.4500,0.6975,0.0000,6,153.38,-10.36,2.67,0.5954,-0.0907,9589.93,0.0,140.78,136.98,138.37,138.37,3.22273,7.1216,51.2917,44.5688,40.9317,39.2238,38.3427,37.5887,37.0599,36.539,36.0259,35.5207,34.8265,34.0519,32.6526,30.055,26.2865,22.0519,13.4282
34.013,0.4500,0.8336,0.0000,6,153.26,-10.48,2.78,0.5984,-0.0876,9707.38,0.0,140.45,136.66,140.06,140.06,3.20814,7.15014,51.3564,44.5807,40.9196,39.202,38.3162,37.5582,37.0267,36.5033,35.9881,35.4808,34.7838,34.0061,32.6022,29.9979,26.2257,21.9959,13.4103
34.032,0.4500,0.9085,0.0000,6,153.31,-10.33,3.02,0.6008,-0.0835,9773.45,0.0,140.19,136.49,141.01,141.01,3.20151,7.22227,51.3433,44.523,40.843,39.1177,38.2287,37.4681,36.9347,36.4096,35.8927,35.3842,34.6857,33.9064,32.4997,29.8937,26.1245,21.9072,13.3771
34.050,0.4500,0.9497,0.0000,6,153.43,-10.12,3.25,0.6028,-0.0788,9827.83,0.0,140.07,136.47,141.79,141.79,3.20078,7.32574,51.293,44.4317,40.7351,39.0033,38.1115,37.3489,36.8142,36.2878,35.7697,35.26,34.5604,33.7802,32.3723,29.7664,26.0036,21.8025,13.3357
34.069,0.4500,0.9723,0.0000,6,153.61,-9.93,3.43,0.6042,-0.0730,9874.0,0.0,140.05,136.54,142.46,142.46,3.20686,7.46207,51.2077,44.3089,40.5978,38.8611,37.9667,37.2026,36.667,36.1397,35.6209,35.1105,34.4099,33.6293,32.2213,29.6176,25.8642,21.6828,13.2861
34.088,0.4500,0.9848,0.0000,6,153.83,-9.76,3.57,0.6050,-0.0666,9901.09,0.0,140.11,136.68,142.90,142.90,3.22027,7.63373,51.0913,44.158,40.4342,38.6935,37.7974,37.0318,36.4954,35.9678,35.4486,34.9378,34.2369,33.4561,32.0491,29.4491,25.7077,21.5494,13.2283
34.107,0.4500,0.5416,0.0000,6,154.12,-9.30,3.86,0.6051,-0.0592,9879.07,0.0,140.20,136.93,142.56,142.56,3.24304,7.86745,50.8892,43.9316,40.2012,38.4592,37.563,36.7975,36.2614,35.734,35.2155,34.7055,34.0057,33.2262,31.8226,29.2316,25.5102,21.3841,13.1564
34.132,0.4500,0.2979,0.0000,6,154.25,-8.70,4.13,0.6045,-0.0510,9679.75,0.0,140.34,137.23,139.74,139.74,3.27407,8.1596,50.6302,43.6553,39.9225,38.1811,37.2861,36.5217,35.9865,35.4601,34.9426,34.434,33.7363,32.9594,31.5608,28.9828,25.2866,21.1982,13.0753
34.150,0.4500,0.1638,0.0000,6,154.13,-8.03,4.31,0.6034,-0.0419,9546.58,0.0,140.39,137.47,137.79,137.79,3.31407,8.52565,50.3013,43.3181,39.5884,37.8504,36.9578,36.1959,35.6624,35.1379,34.6224,34.1158,33.4214,32.6484,31.2574,28.6968,25.0323,20.9888,12.9842
34.169,0.4500,0.0901,0.0000,6,153.86,-7.37,4.46,0.6016,-0.0326,9457.82,0.0,140.35,137.57,137.38,135.66,3.36164,8.96133,49.9528,42.9644,39.2395,37.5059,36.6159,35.8568,35.3255,34.8032,34.2899,33.7856,33.0946,32.326,30.9434,28.4013,24.7704,20.7736,12.889
34.187,0.4500,0.0496,0.0000,6,153.50,-6.56,4.71,0.5990,-0.0230,9396.6,0.0,140.21,137.56,136.70,134.53,3.41626,9.48526,49.581,42.5908,38.8728,37.1447,36.258,35.502,34.9731,34.4534,33.9427,33.4411,32.7539,31.9899,30.6168,28.0946,24.4993,20.5514,12.7892
34.213,0.4500,0.0273,0.0000,6,153.10,-5.94,4.89,0.5958,-0.0140,9355.95,0.0,140.04,137.42,136.24,133.82,3.47423,10.061,49.2652,42.2663,38.5511,36.8266,35.942,35.1882,34.6611,34.1432,33.6346,33.135,32.4507,31.6903,30.3248,27.819,24.2538,20.3482,12.6945
34.231,0.4500,0.0150,0.0000,6,152.68,-5.59,4.99,0.5919,-0.0074,9321.01,0.0,139.91,137.16,135.91,133.14,3.53384,10.6446,49.0646,42.0415,38.32,36.5944,35.7099,34.9561,34.4292,33.9118,33.4039,32.905,32.2219,31.4628,30.1008,27.6037,24.0574,20.1812,12.6106
34.250,0.4500,0.0082,0.0000,6,152.25,-5.49,5.07,0.5874,-0.0023,9289.66,0.0,139.77,136.80,135.64,132.50,3.5939,11.1936,48.994,41.9284,38.19,36.458,35.5708,34.815,34.2866,33.768,33.2588,32.7591,32.075,31.3149,29.9515,27.455,23.9148,20.0535,12.5382
34.269,0.4500,0.0045,0.0000,6,151.81,-5.50,5.18,0.5823,0.0017,9259.93,0.0,139.58,136.39,135.34,131.94,3.65437,11.7143,49.0194,41.8972,38.1338,36.3914,35.4995,34.7399,34.209,33.6878,33.1763,32.6743,31.9875,31.2247,29.8567,27.3542,23.8108,19.9539,12.4734
34.287,0.4500,0.0025,0.0000,6,151.36,-5.70,5.25,0.5765,0.0045,9230.92,0.0,139.37,135.93,135.06,131.38,3.71451,12.1519,49.1563,41.9609,38.1631,36.4059,35.5066,34.741,34.2062,33.6812,33.1659,32.6602,31.9685,31.2007,29.8242,27.3082,23.7507,19.8863,12.4174
34.307,0.4500,0.0014,0.0000,6,150.91,-6.06,5.30,0.5703,0.0054,9201.58,0.0,139.11,135.44,134.77,130.83,3.77423,12.4791,49.3987,42.1143,38.2724,36.4963,35.5873,34.8136,34.2732,33.743,33.2227,32.7121,32.0136,31.2384,29.8499,27.3128,23.7309,19.8478,12.3697
34.332,0.4500,0.4507,0.0000,6,150.44,-6.53,5.33,0.5635,0.0053,9172.74,0.0,138.82,134.94,134.45,130.31,3.83401,12.7062,49.7273,42.3404,38.4468,36.6475,35.7271,34.9437,34.3966,33.8597,33.3331,32.8167,32.1101,31.3259,29.9214,27.3578,23.7428,19.8315,12.3278
34.350,0.4500,0.6979,0.0000,6,150.24,-6.97,5.41,0.5564,0.0052,9379.26,0.0,138.47,134.48,135.34,135.34,3.89626,12.9296,50.0674,42.575,38.6284,36.8051,35.8728,35.0796,34.5256,33.982,33.4488,32.9258,32.2109,31.4176,29.9969,27.4058,23.7565,19.8156,12.2845
34.369,0.4500,0.8338,0.0000,6,150.17,-7.35,5.48,0.5489,0.0056,9489.71,0.0,138.18,134.18,136.90,136.90,3.9629,13.211,50.3781,42.7832,38.7852,36.9393,35.9954,35.1926,34.6322,34.0823,33.5429,33.0139,32.2906,31.4886,30.0529,27.4358,23.755,19.788,12.2357
34.388,0.4500,0.9086,0.0000,6,150.23,-7.73,5.53,0.5410,0.0056,9584.5,0.0,137.98,134.02,138.27,138.27,4.0336,13.5322,50.6762,42.9795,38.9305,37.062,36.107,35.2945,34.7274,34.1713,33.626,33.0911,32.3599,31.5491,30.0986,27.4561,23.7449,19.7533,12.1832
34.407,0.4500,0.9497,0.0000,6,150.38,-8.12,5.57,0.5327,0.0057,9656.31,0.0,137.89,133.96,139.31,139.31,4.1079,13.893,50.9614,43.1636,39.0641,37.1731,36.2071,35.3854,34.8119,34.2494,33.698,33.1574,32.4186,31.5993,30.1339,27.4669,23.7263,19.7115,12.1272
34.431,0.4500,0.9723,0.0000,6,150.59,-8.41,5.64,0.5241,0.0063,9692.51,0.0,137.85,133.99,139.85,139.85,4.18713,14.353,51.2035,43.3091,39.1623,37.2505,36.274,35.4439,34.8646,34.2964,33.7393,33.1934,32.4474,31.6207,30.142,27.4534,23.6876,19.6541,12.0647
34.450,0.4500,0.9848,0.0000,6,150.83,-8.59,5.73,0.5152,0.0076,9723.18,0.0,137.87,134.10,140.29,140.29,4.27188,14.966,51.389,43.4053,39.2152,37.2849,36.299,35.4612,34.8767,34.3036,33.7418,33.1912,32.4389,31.6055,30.1159,27.4091,23.6237,19.5779,11.9948
34.469,0.4500,0.9916,0.0000,6,151.08,-8.71,5.79,0.5059,0.0092,9751.76,0.0,137.92,134.27,140.70,140.70,4.36222,15.7785,51.5225,43.456,39.2267,37.2796,36.2857,35.441,34.8518,34.2744,33.7086,33.1539,32.3964,31.5572,30.0584,27.3366,23.5368,19.4846,11.9181
34.488,0.4500,0.9954,0.0000,6,151.34,-8.77,5.84,0.4963,0.0108,9779.99,0.0,138.01,134.47,141.11,141.11,4.45761,16.9327,51.6109,43.4673,39.2021,37.2398,36.2389,35.3882,34.795,34.2137,33.6441,33.0862,32.3241,31.4802,29.9733,27.24,23.4299,19.3763,11.8358
34.506,0.4500,0.9975,0.0000,6,151.63,-8.76,5.90,0.4864,0.0131,9789.29,0.0,138.13,134.70,141.25,141.25,4.5579,19.4764,51.6543,43.4389,39.1416,37.1659,36.1586,35.3029,34.7063,34.1217,33.5489,32.988,32.2224,31.3746,29.8614,27.1195,23.3038,19.2534,11.748
34.531,0.4500,0.9986,0.0000,6,151.91,-8.65,5.98,0.4762,0.0157,9803.06,0.0,138.28,134.97,141.45,141.45,4.66288,65.5049,51.6588,43.3767,39.05,37.0627,36.0497,35.1897,34.5903,34.0029,33.4275,32.8641,32.0953,31.2445,29.7266,26.9788,23.1614,19.1185,11.6554
34.550,0.4500,0.9992,0.0000,6,152.19,-8.55,6.04,0.4658,0.0184,9824.88,0.0,138.48,135.25,141.76,141.76,4.77129,65.6262,51.6509,43.3033,38.948,36.9496,35.9311,35.0667,34.4645,33.8747,33.2969,32.7313,31.9595,31.1057,29.5836,26.8308,23.013,18.9792,11.5605
34.569,0.4500,0.9996,0.0000,6,152.46,-8.47,6.07,0.4551,0.0206,9846.67,0.0,138.70,135.51,142.07,142.07,4.88202,65.7545,51.6447,43.2305,38.8463,36.8361,35.8125,34.9438,34.3385,33.746,33.1659,32.5981,31.8234,30.9665,29.4401,26.6819,22.8637,18.8391,11.4648
34.588,0.4500,0.9998,0.0000,6,152.76,-8.38,6.12,0.4441,0.0229,9853.94,0.0,138.93,135.78,142.19,142.19,4.99528,65.9014,51.6369,43.1555,38.7422,36.7203,35.6913,34.8183,34.2102,33.6149,33.0323,32.4623,31.6848,30.825,29.294,26.5307,22.7123,18.6971,11.3678
34.606,0.4500,0.9999,0.0000,6,153.05,-8.24,6.19,0.4329,0.0254,9863.09,0.0,139.18,136.07,142.31,142.31,5.1118,66.0526,51.6144,43.067,38.6256,36.5927,35.5585,34.6816,34.0709,33.4732,32.8882,32.3159,31.5359,30.6736,29.1386,26.3715,22.5543,18.5501,11.2687
34.632,0.4500,0.9999,0.0000,6,153.33,-8.11,6.25,0.4215,0.0278,9880.99,0.0,139.44,136.35,142.57,142.57,5.2302,66.2346,51.597,42.9824,38.5119,36.4679,35.4283,34.5471,33.9338,33.3335,32.7462,32.1717,31.3888,30.5239,28.985,26.2136,22.3974,18.4038,11.1692
34.650,0.4500,0.9999,0.0000,6,153.62,-8.03,6.28,0.4099,0.0296,9901.76,0.0,139.71,136.63,142.87,142.87,5.34986,66.4585,51.591,42.9067,38.4058,36.3499,35.3046,34.4189,33.8027,33.1998,32.61,32.0331,31.2471,30.3792,28.836,26.0595,22.2433,18.2594,11.0696
34.669,0.4500,1.0000,0.0000,6,153.91,-7.96,6.31,0.3981,0.0314,9913.06,0.0,139.98,136.90,143.04,143.04,5.47101,66.7265,51.5958,42.8391,38.3066,36.2379,35.1869,34.2965,33.6769,33.0711,32.4787,31.8995,31.1103,30.239,28.691,25.9085,22.0915,18.1165,10.97
34.688,0.4500,1.0000,0.0000,6,154.20,-7.85,6.37,0.3861,0.0333,9921.98,0.0,140.25,137.18,143.16,143.16,5.5947,67.0132,51.5913,42.7625,38.1991,36.1179,35.0613,34.1665,33.5439,32.9352,32.3402,31.7586,30.9665,30.0921,28.5394,25.752,21.935,17.97,10.8689
34.707,0.4500,1.0000,0.0000,6,154.49,-7.76,6.41,0.3739,0.0352,9939.54,0.0,140.52,137.46,143.41,143.41,5.71965,67.3457,51.5949,42.6919,38.0965,36.0025,34.9399,34.0404,33.4148,32.8031,32.2053,31.6212,30.826,29.9485,28.3909,25.5979,21.7803,17.8247,10.7678
34.731,0.4500,1.0000,0.0000,6,154.77,-7.70,6.44,0.3615,0.0365,9961.54,0.0,140.80,137.74,143.73,143.73,5.84506,67.7404,51.6146,42.6342,38.0045,35.8971,34.8279,33.9233,33.2944,32.6797,32.0789,31.4919,30.693,29.8122,28.2492,25.4495,21.63,17.6822,10.6669
34.751,0.4500,1.0000,0.0000,6,155.06,-7.68,6.46,0.3490,0.0376,9976.87,0.0,141.07,138.00,143.96,143.96,5.97089,68.2066,51.6527,42.5909,37.925,35.803,34.727,33.8166,33.1841,32.566,31.962,31.372,30.5692,29.6843,28.1153,25.3076,21.4845,17.543,10.5666
34.769,0.4500,1.0000,0.0000,6,155.35,-7.62,6.50,0.3363,0.0389,9986.68,0.0,141.34,138.27,144.10,144.10,6.09842,68.717,51.6885,42.5447,37.8425,35.7057,34.6229,33.707,33.0706,32.449,31.842,31.249,30.4424,29.5535,27.9785,25.1629,21.3367,17.4022,10.4655
34.788,0.4500,1.0000,0.0000,6,155.64,-7.57,6.54,0.3236,0.0401,10004.9,0.0,141.62,138.54,144.36,144.36,6.22604,69.3017,51.7375,42.5082,37.7683,35.616,34.526,33.6043,32.9641,32.3388,31.7281,31.1321,30.3215,29.4283,27.8466,25.0225,21.192,17.2634,10.3648
34.807,0.4500,1.0000,0.0000,6,155.92,-7.56,6.56,0.3106,0.0408,10027.6,0.0,141.89,138.80,144.68,144.68,6.35315,69.9815,51.8069,42.4881,37.7077,35.539,34.441,33.5132,32.8688,32.2395,31.6251,31.0255,30.2104,29.3127,27.7234,24.8895,21.0529,17.1282,10.2649
34.831,0.4500,1.0000,0.0000,6,156.20,-7.59,6.57,0.2976,0.0412,10047.3,0.0,142.17,139.05,144.98,144.98,6.47967,70.7728,51.8999,42.4868,37.6631,35.4768,34.3703,33.4355,32.7866,32.153,31.5345,30.931,30.1107,29.2079,27.6105,24.7649,20.9201,16.9973,10.1659
34.850,0.4500,1.0000,0.0000,6,156.49,-7.59,6.60,0.2845,0.0417,10057.5,0.0,142.43,139.31,145.12,145.12,6.60702,71.6486,51.9959,42.4866,37.6191,35.4147,34.2997,33.3578,32.7041,32.0663,31.4437,30.8362,30.0109,29.1026,27.497,24.6396,20.7866,16.8659,10.0666
34.869,0.4500,1.0000,0.0000,6,156.77,-7.59,6.63,0.2713,0.0422,10075.8,0.0,142.69,139.57,145.38,145.38,6.73385,72.6359,52.1035,42.4951,37.5823,35.359,34.2351,33.286,32.6274,31.9848,31.3579,30.7465,29.9158,29.0019,27.3874,24.5174,20.6552,16.736,9.9677
34.888,0.4500,1.0000,0.0000,6,157.04,-7.62,6.65,0.2581,0.0422,10098.0,0.0,142.96,139.82,145.70,145.70,6.85964,73.7643,52.23,42.5182,37.5577,35.3145,34.1811,33.2244,32.5607,31.913,31.2814,30.6655,29.8293,28.9095,27.2852,24.4016,20.5285,16.609,9.86959
34.907,0.4500,1.0000,0.0000,6,157.32,-7.68,6.65,0.2448,0.0421,10120.8,0.0,143.22,140.06,146.03,146.03,6.98445,75.0593,52.3936,42.5584,37.5473,35.2833,34.1395,33.1746,32.5054,31.8525,31.2159,30.5951,29.7527,28.8267,27.1917,24.2928,20.407,16.4855,9.7722
34.932,0.4500,1.0000,0.0000,6,157.60,-7.72,6.67,0.2314,0.0419,10131.2,0.0,143.47,140.30,146.18,146.18,7.10926,76.5061,52.5909,42.6021,37.5394,35.2539,34.0998,33.1263,32.4514,31.7934,31.1515,30.5261,29.6771,28.7444,27.099,24.1845,20.2857,16.3621,9.67477
34.951,0.4500,1.0000,0.0000,6,157.88,-7.75,6.70,0.2181,0.0418,10148.9,0.0,143.72,140.55,146.43,146.43,7.23322,78.1276,52.8255,42.6497,37.5347,35.2271,34.0626,33.0804,32.3996,31.736,31.0892,30.4588,29.6033,28.6638,27.0076,24.077,20.1649,16.2392,9.57775
34.969,0.4500,1.0000,0.0000,6,158.15,-7.80,6.71,0.2047,0.0415,10170.6,0.0,143.97,140.80,146.75,146.75,7.35593,79.9751,53.1113,42.709,37.5395,35.2089,34.0334,33.0424,32.3555,31.686,31.0336,30.3981,29.5361,28.5893,26.9215,23.9738,20.0473,16.1183,9.48141
34.988,0.4500,1.0000,0.0000,6,158.42,-7.87,6.70,0.1913,0.0409,10192.9,0.0,144.21,141.03,147.07,147.07,7.4773,82.094,53.4566,42.7824,37.5559,35.2014,34.0142,33.0138,32.3207,31.6451,30.9868,30.3458,29.4766,28.5225,26.8421,23.8764,19.9337,16.0,9.38583
35.007,0.4500,1.0000,0.0000,6,158.70,-7.92,6.71,0.1780,0.0403,10205.1,0.0,144.45,141.27,147.25,147.25,7.59795,84.4968,53.8535,42.8601,37.5756,35.1968,33.9976,32.9874,32.2878,31.6061,30.942,30.2953,29.4187,28.457,26.7641,23.7797,19.8206,15.8822,9.29042
35.031,0.4500,1.0000,0.0000,6,158.97,-7.95,6.73,0.1647,0.0398,10221.4,0.0,144.69,141.52,147.48,147.48,7.7179,87.213,54.2993,42.9367,37.594,35.1903,33.9795,32.9594,32.2532,31.5653,30.8954,30.2431,29.3591,28.3896,26.6844,23.6814,19.7064,15.7636,9.19515
35.051,0.4500,1.0000,0.0000,6,159.24,-7.99,6.73,0.1513,0.0392,10241.4,0.0,144.92,141.76,147.77,147.77,7.8365,90.3415,54.8135,43.0216,37.6187,35.1897,33.9666,32.9367,32.2236,31.5292,30.8531,30.1952,29.3037,28.3261,26.6079,23.5856,19.5938,15.6464,9.10056
35.070,0.4500,1.0000,0.0000,6,159.51,-8.05,6.73,0.1381,0.0384,10262.8,0.0,145.16,142.00,148.08,148.08,7.95326,93.9827,55.4089,43.1177,37.6526,35.1975,33.9616,32.9214,32.2014,31.5002,30.8178,30.1538,29.2545,28.2686,26.5367,23.4943,19.4845,15.5314,9.00699
35.088,0.4500,1.0000,0.0000,6,159.78,-8.09,6.73,0.1250,0.0375,10275.8,0.0,145.39,142.23,148.27,148.27,8.06886,98.2222,56.0854,43.2188,37.6906,35.2087,33.9597,32.9088,32.1817,31.4738,30.7849,30.1146,29.2072,28.213,26.4671,23.4042,19.376,15.4169,8.91376
35.107,0.4500,1.0000,0.0000,6,160.05,-8.10,6.74,0.1119,0.0368,10290.6,0.0,145.63,142.48,148.48,148.48,8.18366,103.15,56.8369,43.322,37.7247,35.216,33.9541,32.8925,32.1583,31.4436,30.7483,30.072,29.1563,28.1538,26.3945,23.3113,19.2655,15.3013,8.82071
35.132,0.4500,1.0000,0.0000,6,160.32,-8.12,6.74,0.0989,0.0361,10309.1,0.0,145.86,142.72,148.75,148.75,8.29675,109.015,57.694,43.4594,37.7646,35.2283,33.9533,32.881,32.1393,31.4177,30.7157,30.0332,29.1095,28.0981,26.3248,23.2207,19.1569,15.1871,8.72861
35.151,0.4500,1.0000,0.0000,6,160.59,-8.15,6.73,0.0860,0.0350,10328.9,0.0,146.09,142.96,149.03,149.03,8.408,116.106,58.676,43.6381,37.8122,35.2479,33.959,32.8756,32.1265,31.3976,30.6888,29.9997,29.0676,28.0473,26.2593,23.1336,19.0506,15.0749,8.63751
35.169,0.4500,1.0000,0.0000,6,160.86,-8.18,6.73,0.0732,0.0340,10342.5,0.0,146.33,143.20,149.24,149.24,8.51734,124.798,59.7965,43.8598,37.8656,35.2725,33.9696,32.8747,32.1179,31.3816,30.6658,29.97,29.0291,27.9999,26.1968,23.049,18.9462,14.9638,8.54724
35.188,0.4500,1.0000,0.0000,6,161.13,-8.17,6.73,0.0605,0.0332,10356.4,0.0,146.56,143.45,149.43,149.43,8.62545,135.549,61.0542,44.1175,37.9162,35.2941,33.9774,32.8709,32.1063,31.3629,30.6402,29.9378,28.9881,27.9498,26.132,22.9623,18.8405,14.8523,8.45745
35.207,0.4500,1.0000,0.0000,6,161.40,-8.17,6.73,0.0480,0.0323,10373.4,0.0,146.80,143.69,149.68,149.68,8.7316,149.314,62.496,44.4277,37.973,35.3212,33.9904,32.8722,32.0996,31.3486,30.6188,29.9097,28.9512,27.9033,26.0706,22.8784,18.7369,14.7425,8.36883
35.232,0.4500,1.0000,0.0000,6,161.66,-8.17,6.72,0.0356,0.0311,10392.2,0.0,147.03,143.94,149.95,149.95,8.83543,167.552,64.161,44.8,38.0453,35.3563,34.0106,32.8806,32.0999,31.341,30.6037,29.8877,28.92,27.8626,26.0141,22.7984,18.6364,14.6351,8.28159
35.250,0.4500,1.0000,0.0000,6,161.93,-8.18,6.71,0.0233,0.0300,10406.3,0.0,147.27,144.18,150.16,150.16,8.93679,192.764,66.0898,45.2414,38.1535,35.3991,34.038,32.8955,32.1065,31.3398,30.5948,29.8714,28.8944,27.8271,25.9621,22.7224,18.5387,14.5297,8.19555
35.270,0.4500,1.0000,0.0000,6,162.20,-8.16,6.71,0.0113,0.0289,10419.5,0.0,147.50,144.43,150.34,150.34,9.0365,200.0,68.3009,45.7457,38.2923,35.4403,34.0644,32.9093,32.1119,31.3372,30.5847,29.8541,28.8675,27.7904,25.9091,22.6455,18.4406,14.4245,8.11035
35.289,0.4500,1.0000,0.0000,6,162.47,-8.14,6.71,-0.0006,0.0279,10435.7,0.0,147.74,144.68,150.57,150.57,9.13376,200.0,70.8872,46.3362,38.475,35.4992,34.0974,32.9296,32.1236,31.3406,30.5804,29.8425,28.846,27.7586,25.8609,22.5725,18.3457,14.3218,8.02668
35.307,0.4500,1.0000,0.0000,6,162.74,-8.13,6.70,-0.0124,0.0266,10453.5,0.0,147.98,144.92,150.83,150.83,9.22804,200.0,73.948,47.0305,38.7106,35.5974,34.1424,32.9594,32.1444,31.3529,30.5845,29.839,28.8327,27.7344,25.8195,22.5052,18.2552,14.2224,7.9449
35.333,0.4500,1.0000,0.0000,6,163.00,-8.13,6.68,-0.0239,0.0253,10468.5,0.0,148.22,145.16,151.05,151.05,9.31946,200.0,77.6042,47.8441,39.0047,35.7389,34.2202,32.9985,32.1742,31.3739,30.5971,29.8434,28.8267,27.7176,25.7844,22.443,18.1684,14.1259,7.8646
35.351,0.4500,1.0000,0.0000,6,163.27,-8.11,6.68,-0.0352,0.0240,10481.1,0.0,148.46,145.41,151.23,151.23,9.40879,200.0,81.9741,48.7803,39.3548,35.9202,34.3317,33.0578,32.2071,31.3971,30.6119,29.8501,28.8226,27.7026,25.751,22.3824,18.0829,14.0305,7.78544
35.370,0.4500,1.0000,0.0000,6,163.54,-8.08,6.68,-0.0463,0.0228,10496.5,0.0,148.71,145.66,151.45,151.45,9.49514,200.0,87.3145,49.8747,39.7779,36.1542,34.4881,33.1565,32.2694,31.4309,30.6348,29.8648,28.8263,27.6947,25.7244,22.3273,18.0018,13.9385,7.70819
35.389,0.4500,1.0000,0.0000,6,163.80,-8.07,6.66,-0.0572,0.0213,10513.7,0.0,148.95,145.90,151.70,151.70,9.57832,122.462,93.9675,51.1605,40.2871,36.4498,34.6968,33.3008,32.3734,31.4985,30.672,29.8891,28.8393,27.6955,25.7056,22.2788,17.9258,13.8503,7.63299
35.407,0.4500,1.0000,0.0000,6,164.07,-8.07,6.65,-0.0679,0.0197,10529.1,0.0,149.19,146.14,151.93,151.93,9.658,86.0037,102.442,52.6766,40.8962,36.8159,34.9651,33.4969,32.5244,31.609,30.7461,29.9313,28.8622,27.706,25.6953,22.2373,17.855,13.766,7.55983
35.433,0.4150,1.0000,0.0000,6,164.34,-8.05,6.64,-0.0783,0.0182,10542.0,0.0,149.43,146.39,152.11,152.11,9.73498,69.5987,113.451,54.4511,41.6093,37.2532,35.2924,33.7437,32.721,31.7609,30.8578,30.0069,28.8951,27.721,25.6893,22.1994,17.7871,13.684,7.48833
35.451,0.3535,1.0000,0.0000,6,164.60,-8.02,6.64,-0.0885,0.0168,10557.3,0.0,149.81,146.79,152.33,152.33,9.80904,60.1444,128.31,56.549,42.4483,37.7757,35.6903,34.0509,32.9721,31.9619,31.014,30.1231,28.9619,27.7447,25.6896,22.1669,17.7234,13.6052,7.41873
35.470,0.3181,1.0000,0.0000,6,164.88,-8.01,6.63,-0.0985,0.0152,10573.6,0.0,150.37,147.42,152.57,152.57,9.88062,53.9655,149.233,59.0274,43.4244,38.3884,36.1618,34.4203,33.2786,32.2125,31.215,30.2797,29.0641,27.794,25.6928,22.1369,17.6619,13.5286,7.35095
35.489,0.2863,1.0000,0.0000,6,165.16,-7.99,6.61,-0.1082,0.0137,10588.6,0.0,150.94,148.06,152.79,152.79,9.95074,49.6178,180.435,61.945,44.543,39.0905,36.7044,34.8487,33.6369,32.509,31.4566,30.4725,29.1975,27.8698,25.6929,22.1042,17.5991,13.4518,7.28422
35.508,0.2577,1.0000,0.0000,6,165.47,-7.93,6.61,-0.1176,0.0124,10600.6,0.0,151.48,148.69,152.96,152.96,10.0208,46.426,200.0,65.354,45.7998,39.8735,37.3091,35.3267,34.038,32.8423,31.7302,30.6932,29.3538,27.9644,25.6974,22.0621,17.53,13.3718,7.21783
35.532,0.2319,1.0000,0.0000,6,165.78,-7.83,6.60,-0.1268,0.0115,10614.0,0.0,151.98,149.29,153.15,153.15,10.0912,43.9851,200.0,69.3607,47.209,40.7426,37.9786,35.8559,34.4823,33.2126,32.0354,30.9411,29.5326,28.077,25.7143,22.0091,17.4538,13.2881,7.15182
35.551,0.2087,1.0000,0.0000,6,166.11,-7.70,6.59,-0.1358,0.0107,10627.7,0.0,152.44,149.86,153.35,153.35,10.1627,42.0723,200.0,74.0872,48.7783,41.6966,38.71,36.4324,34.9661,33.6156,32.368,31.212,29.7294,28.2034,25.7399,21.941,17.3679,13.1992,7.08576
35.570,0.1878,1.0000,0.0000,6,166.45,-7.53,6.58,-0.1445,0.0103,10640.5,0.0,152.89,150.41,153.54,153.54,10.236,40.5496,200.0,79.6832,50.5123,42.7318,39.4979,37.0503,35.483,34.0454,32.7221,31.5001,29.9389,28.3386,25.7699,21.8543,17.2699,13.1037,7.01931
35.589,0.1691,1.0000,0.0000,6,166.81,-7.30,6.58,-0.1530,0.0103,10650.3,0.0,153.31,150.95,153.68,153.68,10.3124,39.3365,200.0,86.3069,52.4009,43.833,40.3274,37.6955,36.0196,34.4888,33.0854,31.794,30.1503,28.4733,25.7966,21.7529,17.1557,12.9993,6.95177
35.607,0.1522,1.0000,0.0000,6,167.18,-7.03,6.58,-0.1613,0.0109,10661.4,0.0,153.72,151.49,153.84,153.84,10.3924,38.3574,200.0,94.2352,54.4553,45.0001,41.1965,38.3651,36.573,34.9434,33.4552,32.091,30.3617,28.6051,25.8183,21.6464,17.0251,12.8856,6.8831
35.633,0.1369,1.0000,0.0000,6,167.56,-6.71,6.58,-0.1695,0.0117,10673.0,0.0,154.12,152.01,154.00,154.00,10.4762,37.5609,200.0,103.844,56.6844,46.2308,42.1012,39.055,37.1389,35.4046,33.8276,32.3874,30.5693,28.7312,25.8327,21.5337,16.8779,12.7626,6.81326
35.651,0.1232,1.0000,0.0000,6,167.96,-6.36,6.58,-0.1775,0.0130,10684.2,0.0,154.51,152.53,154.17,154.17,10.5644,36.9121,174.056,115.66,59.0939,47.5188,43.0347,39.7583,37.7109,35.8666,34.1969,32.678,30.7688,28.8478,25.8371,21.4131,16.7131,12.6298,6.74194
35.670,0.1109,1.0000,0.0000,6,168.36,-5.97,6.59,-0.1854,0.0148,10693.7,0.0,154.90,153.05,154.30,154.30,10.658,36.3892,145.866,130.393,61.6751,48.849,43.9828,40.4622,38.2772,36.3188,34.5535,32.9543,30.9525,28.9483,25.8266,21.2819,16.5296,12.4865,6.66876
35.689,0.0998,1.0000,0.0000,6,168.77,-5.56,6.60,-0.1933,0.0171,10705.3,0.0,155.29,153.56,154.47,154.47,10.7573,35.9652,127.774,149.272,64.4464,50.2232,44.9451,41.1661,38.8372,36.7603,34.8968,33.2156,31.1205,29.033,25.8016,21.1409,16.3283,12.3328,6.59353
35.708,0.1030,1.0000,0.0000,6,169.19,-5.13,6.61,-0.2011,0.0197,10718.1,0.0,155.68,154.07,154.65,154.65,10.8625,35.6206,115.238,174.3,67.425,51.6405,45.9197,41.8679,39.3889,37.1898,35.2257,33.4611,31.272,29.1015,25.7626,20.9907,16.1173,12.1695,6.51627
35.733,0.1407,1.0000,0.0000,6,169.61,-4.70,6.62,-0.2090,0.0225,10731.9,0.0,156.04,154.52,154.85,154.85,10.9722,35.3149,105.85,200.0,70.7511,53.1686,46.9575,42.6088,39.9687,37.6393,35.5691,33.7171,31.43,29.1739,25.7252,20.8422,15.9098,12.0003,6.43762
35.751,0.1923,1.0000,0.0000,6,170.03,-4.27,6.64,-0.2169,0.0251,10747.5,0.0,156.34,154.80,155.07,155.07,11.0793,34.9428,97.7772,200.0,75.0381,55.1178,48.2934,43.579,40.7418,38.2542,36.0554,34.0983,31.6936,29.3348,25.7546,20.7373,15.7298,11.8384,6.36052
35.770,0.2347,1.0000,0.0000,6,170.43,-3.96,6.66,-0.2249,0.0268,10768.6,0.0,156.64,154.93,155.37,155.37,11.1735,34.3917,89.9099,200.0,81.4945,58.0371,50.3247,45.0892,41.9739,39.2641,36.8856,34.7813,32.2126,29.7105,25.9456,20.735,15.6095,11.7007,6.28911
35.789,0.2535,1.0000,0.0000,6,170.80,-3.82,6.68,-0.2328,0.0270,10794.1,0.0,156.94,154.99,155.74,155.74,11.2492,33.6344,82.1249,200.0,91.8856,62.5536,53.4653,47.4416,43.9118,40.8738,38.2316,35.9129,33.1062,30.3968,26.3651,20.8731,15.5675,11.5944,6.22518
35.808,0.2327,1.0000,0.0000,6,171.16,-3.88,6.69,-0.2407,0.0260,10822.2,0.0,157.30,155.08,156.14,156.14,11.3065,32.7177,74.7606,200.0,109.258,69.4515,58.1649,50.9308,46.7792,43.2565,40.23,37.6021,34.4555,31.4532,27.0486,21.166,15.6082,11.5241,6.1686
35.833,0.2095,1.0000,0.0000,6,171.50,-4.08,6.70,-0.2484,0.0241,10851.3,0.0,157.79,155.33,156.56,156.56,11.3502,31.7287,68.1936,200.0,140.113,79.8512,64.966,55.8631,50.7848,46.5562,42.9807,39.918,36.3012,32.9006,27.9979,21.6053,15.7228,11.4938,6.11746
35.851,0.1885,1.0000,0.0000,6,171.85,-4.35,6.71,-0.2561,0.0219,10881.6,0.0,158.29,155.68,157.00,157.00,11.3788,30.7432,62.5752,200.0,200.0,95.7841,74.7215,62.6725,56.2039,50.9492,46.5964,42.9318,38.6781,34.7497,29.2039,22.1743,15.8982,11.4955,6.06929
35.870,0.1697,1.0000,0.0000,6,172.20,-4.64,6.71,-0.2636,0.0194,10910.8,0.0,158.73,156.07,157.42,157.42,11.3931,29.8056,57.8611,182.123,200.0,121.657,89.0176,72.1026,63.491,56.7207,51.2588,46.7595,41.6472,37.0273,30.6657,22.8603,16.1239,11.5231,6.02246
35.889,0.1527,1.0000,0.0000,6,172.56,-4.90,6.71,-0.2711,0.0171,10937.1,0.0,159.12,156.48,157.81,157.81,11.3978,28.9416,53.9456,144.624,200.0,168.65,110.973,85.4244,73.3661,64.2952,57.2245,51.5584,45.2865,39.7655,32.3811,23.6495,16.3895,11.5706,5.97532
35.908,0.1374,1.0000,0.0000,6,172.92,-5.09,6.71,-0.2784,0.0153,10960.5,0.0,159.47,156.91,158.14,158.14,11.3959,28.1633,50.711,121.23,200.0,200.0,147.544,104.942,87.0057,74.3104,64.8524,57.5341,49.6902,42.9985,34.3451,24.5268,16.6852,11.6331,5.92672
35.933,0.1237,1.0000,0.0000,6,173.30,-5.19,6.71,-0.2856,0.0141,10982.4,0.0,159.79,157.37,158.46,158.46,11.3896,27.4709,48.0357,105.458,200.0,200.0,200.0,135.421,106.536,87.8122,74.6913,64.9857,54.9895,46.7751,36.5561,25.4794,17.0031,11.7069,5.87576
35.951,0.1113,1.0000,0.0000,6,173.68,-5.20,6.71,-0.2927,0.0135,11002.1,0.0,160.10,157.84,158.75,158.75,11.3796,26.8587,45.814,94.2384,200.0,200.0,200.0,188.353,136.132,106.588,87.5865,74.3397,61.356,51.1548,39.014,26.4959,17.3375,11.7898,5.82791
35.970,0.1002,1.0000,0.0000,6,174.07,-5.12,6.72,-0.2997,0.0135,11019.4,0.0,160.41,158.33,159.00,159.00,11.3672,26.3204,43.9623,85.9461,200.0,200.0,200.0,200.0,185.125,133.884,104.866,86.1914,68.9984,56.1973,41.7108,27.5623,17.6818,11.8791,5.78776
35.988,0.0902,1.0000,0.0000,6,174.47,-4.93,6.74,-0.3067,0.0144,11035.0,0.0,160.73,158.83,159.22,159.22,11.3519,25.8444,42.4031,79.607,169.563,200.0,200.0,200.0,200.0,176.578,128.902,101.503,78.2337,62.0007,44.6533,28.6728,18.0344,11.9748,5.75544
36.008,0.0812,1.0000,0.0000,6,174.88,-4.69,6.77,-0.3136,0.0158,11050.2,0.0,161.06,159.32,159.44,159.44,11.3324,25.4137,41.0581,74.5669,147.288,200.0,200.0,200.0,200.0,200.0,164.736,122.124,89.6649,68.7839,47.8968,29.8411,18.4013,12.0801,5.73157
36.033,0.0730,1.0000,0.0000,6,175.29,-4.40,6.78,-0.3200,0.0097,11065.3,0.0,161.38,159.81,159.66,159.66,11.3109,25.034,39.9194,70.5754,131.867,200.0,200.0,200.0,200.0,200.0,200.0,150.184,103.614,76.5136,51.3566,31.0255,18.7672,12.1889,5.71489
36.052,0.0657,1.0000,0.0000,6,175.72,-4.05,6.79,-0.3250,0.0040,11074.4,0.0,161.70,160.31,159.80,159.80,11.2882,24.7045,38.9665,67.416,120.833,200.0,200.0,200.0,200.0,200.0,200.0,189.045,120.405,85.1051,54.9373,32.1901,19.1215,12.2975,5.70471
36.071,0.0592,1.0000,0.0000,6,176.15,-3.64,6.80,-0.3288,-0.0009,11090.8,0.0,162.02,160.83,160.03,160.03,11.2652,24.4238,38.1815,64.9317,112.799,178.977,200.0,200.0,200.0,200.0,200.0,200.0,140.13,94.3278,58.506,33.295,19.4535,12.4024,5.70022
36.089,0.0532,1.0000,0.0000,6,176.57,-3.24,6.78,-0.3316,-0.0052,11116.9,0.0,162.36,161.33,160.40,160.40,11.2402,24.1738,37.5066,62.8857,106.582,163.613,200.0,200.0,200.0,200.0,200.0,200.0,164.026,104.425,62.1312,34.3702,19.7758,12.5086,5.70174
36.107,0.0479,1.0000,0.0000,6,177.00,-2.88,6.73,-0.3332,-0.0091,11144.6,0.0,162.72,161.79,160.80,160.80,11.2108,23.9362,36.8905,61.0953,101.428,151.662,200.0,200.0,200.0,200.0,200.0,200.0,194.837,115.993,65.9742,35.4682,20.1073,12.6238,5.71025
36.132,0.0431,1.0000,0.0000,6,177.43,-2.58,6.67,-0.3340,-0.0128,11170.0,0.0,163.10,162.24,161.17,161.17,11.1767,23.7041,36.3109,59.4758,96.9835,141.883,188.477,200.0,200.0,200.0,200.0,200.0,200.0,129.661,70.1411,36.6135,20.4552,12.7501,5.72539
36.151,0.0388,1.0000,0.0000,6,177.86,-2.30,6.72,-0.3338,-0.0165,11192.2,0.0,163.54,162.69,161.49,161.49,11.1358,23.4613,35.7259,57.9018,92.8497,133.198,173.448,200.0,200.0,200.0,200.0,200.0,200.0,147.255,74.9897,37.8906,20.8444,12.8965,5.74829
36.170,0.0349,1.0000,0.0000,6,178.30,-2.11,6.77,-0.3328,-0.0203,11213.2,0.0,163.97,163.10,161.79,161.79,11.0868,23.201,35.1187,56.3246,88.8752,125.191,160.137,200.0,200.0,200.0,200.0,200.0,200.0,171.49,80.8619,39.3579,21.2898,13.0681,5.77957
36.188,0.0314,1.0000,0.0000,6,178.73,-1.95,6.82,-0.3311,-0.0239,11234.8,0.0,164.35,163.52,162.10,162.10,11.0342,22.9462,34.5424,54.8772,85.3665,118.387,149.213,193.282,200.0,200.0,200.0,200.0,200.0,200.0,87.4062,40.8978,21.754,13.2505,5.81657
36.207,0.0283,1.0000,0.0000,6,179.21,-1.74,6.96,-0.3286,-0.0269,11221.5,0.0,164.71,164.00,161.92,161.92,10.9818,22.717,34.0417,53.6638,82.5325,113.073,140.928,179.69,200.0,200.0,200.0,200.0,200.0,200.0,93.9567,42.3584,22.1951,13.4285,5.85695
36.233,0.0255,1.0000,0.0000,6,179.65,-1.48,7.11,-0.3254,-0.0293,11241.3,0.0,165.05,164.50,162.19,162.19,10.9313,22.5224,33.6341,52.7155,80.3991,109.192,135.022,170.298,200.0,200.0,200.0,200.0,200.0,200.0,99.8385,43.626,22.5861,13.593,5.89921
36.251,0.0229,1.0000,0.0000,6,180.07,-1.24,7.23,-0.3216,-0.0312,11272.6,0.0,165.40,164.95,162.64,162.64,10.8805,22.3444,33.2755,51.9115,78.649,106.088,130.388,163.104,198.742,200.0,200.0,200.0,200.0,200.0,105.391,44.7944,22.9548,13.7539,5.94433
36.270,0.0206,1.0000,0.0000,6,180.49,-1.05,7.28,-0.3173,-0.0329,11312.1,0.0,165.76,165.36,163.21,163.21,10.8274,22.1698,32.9328,51.1641,77.0638,103.333,126.339,156.937,189.786,200.0,200.0,200.0,200.0,200.0,111.085,45.9587,23.3264,13.9195,5.9931
36.289,0.0186,1.0000,0.0000,6,180.91,-0.92,7.30,-0.3126,-0.0346,11348.7,0.0,166.15,165.76,163.74,163.74,10.7713,21.9918,32.5895,50.4299,75.5366,100.721,122.548,151.253,181.665,200.0,200.0,200.0,200.0,200.0,117.281,47.1774,23.7151,14.0941,6.04567
36.307,0.0167,1.0000,0.0000,6,181.34,-0.83,7.33,-0.3075,-0.0364,11379.5,0.0,166.56,166.16,164.19,164.19,10.712,21.8073,32.2374,49.6868,74.0141,98.1515,118.86,145.799,173.982,200.0,200.0,200.0,200.0,200.0,124.3,48.4897,24.1293,14.2802,6.10203
36.333,0.0150,1.0000,0.0000,6,181.77,-0.77,7.36,-0.3020,-0.0381,11406.6,0.0,166.94,166.56,164.58,164.58,10.6504,21.6213,31.888,48.9623,72.5566,95.728,115.421,140.785,167.017,200.0,200.0,200.0,200.0,200.0,131.932,49.8507,24.5572,14.4735,6.16155
36.351,0.0135,1.0000,0.0000,6,182.22,-0.71,7.40,-0.2962,-0.0396,11419.6,0.0,167.32,166.97,164.79,164.79,10.5875,21.4391,31.5527,48.2828,71.2187,93.5398,112.353,136.376,160.975,196.42,200.0,200.0,200.0,200.0,139.814,51.203,24.9851,14.6694,6.22348
36.369,0.0122,1.0000,0.0000,6,182.66,-0.63,7.48,-0.2900,-0.0409,11436.6,0.0,167.71,167.41,165.01,165.01,10.5242,21.2647,31.2397,47.6658,70.0347,91.6385,109.722,132.648,155.935,189.156,200.0,200.0,200.0,200.0,147.511,52.4927,25.4004,14.8635,6.28705
36.389,0.0110,1.0000,0.0000,6,183.09,-0.56,7.55,-0.2835,-0.0421,11463.9,0.0,168.08,167.82,165.40,165.40,10.4605,21.0967,30.9456,47.1017,68.9788,89.9733,107.446,129.467,151.686,183.129,200.0,200.0,200.0,200.0,154.947,53.7206,25.8042,15.0562,6.35218
36.408,0.0099,1.0000,0.0000,6,183.51,-0.49,7.60,-0.2768,-0.0431,11494.7,0.0,168.46,168.23,165.84,165.84,10.3961,20.9328,30.6642,46.574,68.0122,88.4722,105.416,126.663,147.981,177.942,200.0,200.0,200.0,200.0,162.246,54.9087,26.2014,15.2487,6.41878
36.433,0.0089,1.0000,0.0000,6,183.93,-0.43,7.62,-0.2698,-0.0440,11526.0,0.0,168.83,168.63,166.30,166.30,10.3307,20.7701,30.3887,46.0661,67.0974,87.0694,103.536,124.091,144.611,173.278,200.0,200.0,200.0,200.0,169.633,56.0877,26.5994,15.4434,6.48713
36.452,0.0080,1.0000,0.0000,6,184.35,-0.39,7.63,-0.2626,-0.0448,11555.1,0.0,169.22,169.02,166.72,166.72,10.2642,20.6079,30.1174,45.5736,66.2237,85.7446,101.775,121.703,141.507,169.025,200.0,200.0,200.0,200.0,177.146,57.2629,26.9992,15.6406,6.55715
36.470,0.0072,1.0000,0.0000,6,184.78,-0.35,7.63,-0.2553,-0.0456,11582.3,0.0,169.60,169.42,167.11,167.11,10.1969,20.4473,29.8523,45.0997,65.3963,84.5049,100.14,119.506,138.675,165.183,200.0,200.0,200.0,200.0,184.647,58.4207,27.3975,15.8389,6.62845
36.489,0.0065,1.0000,0.0000,6,185.20,-0.31,7.63,-0.2477,-0.0463,11608.0,0.0,169.98,169.82,167.49,167.49,10.1291,20.2888,29.5943,44.6466,64.6186,83.3545,98.6363,117.505,136.117,161.749,199.293,200.0,200.0,200.0,191.982,59.5483,27.7915,16.0373,6.70082
36.508,0.0058,1.0000,0.0000,6,185.62,-0.28,7.62,-0.2400,-0.0469,11636.2,0.0,170.36,170.22,167.89,167.89,10.0607,20.1317,29.3413,44.2086,63.8783,82.2717,97.2322,115.653,133.766,158.621,194.84,200.0,200.0,200.0,199.213,60.6555,28.1833,16.2364,6.77429
36.526,0.0052,1.0000,0.0000,6,186.05,-0.24,7.62,-0.2321,-0.0475,11660.7,0.0,170.75,170.61,168.25,168.25,9.9915,19.9747,29.0906,43.7792,63.1605,81.2308,95.8905,113.894,131.548,155.692,190.71,200.0,200.0,200.0,200.0,61.7587,28.5763,16.4372,6.84883
36.552,0.0047,1.0000,0.0000,6,186.47,-0.22,7.63,-0.2241,-0.0480,11685.1,0.0,171.13,171.01,168.60,168.60,9.92171,19.8184,28.8433,43.3606,62.4695,80.2384,94.6202,112.241,129.477,152.979,186.924,200.0,200.0,200.0,200.0,62.8473,28.9684,16.639,6.92438
36.570,0.0042,1.0000,0.0000,6,186.90,-0.19,7.64,-0.2159,-0.0485,11709.4,0.0,171.51,171.40,168.95,168.95,9.85134,19.6627,28.5989,42.9515,61.802,79.2885,93.412,110.681,127.533,150.453,183.432,200.0,200.0,200.0,200.0,63.9221,29.3596,16.8416,7.00083
36.589,-0.0115,1.0000,0.0000,6,187.32,-0.17,7.64,-0.2076,-0.0489,11733.7,0.0,171.89,171.79,169.30,169.30,9.78044,19.5079,28.3581,42.5531,61.1605,78.3847,92.2707,109.218,125.724,148.119,180.24,200.0,200.0,200.0,200.0,64.9748,29.7482,17.0446,7.07811
36.608,-0.0443,1.0000,0.0000,6,187.74,-0.16,7.64,-0.1993,-0.0489,11758.6,0.0,172.22,172.23,169.66,169.66,9.71356,19.3769,28.1705,42.2784,60.778,77.9092,91.7248,108.592,125.025,147.333,179.346,200.0,200.0,200.0,200.0,65.5887,30.0469,17.2194,7.15202
36.632,-0.0661,1.0000,0.0000,6,188.15,-0.12,7.63,-0.1911,-0.0472,11784.5,0.0,172.43,172.76,170.03,170.03,9.66102,19.3222,28.1501,42.3866,61.1944,78.7537,93.0156,110.551,127.768,151.351,185.627,200.0,200.0,200.0,200.0,64.8295,30.0548,17.3,7.21277
36.651,-0.0579,1.0000,0.0000,6,188.55,0.13,7.60,-0.1831,-0.0435,11824.3,0.0,172.56,173.36,170.60,170.60,9.62892,19.3739,28.3636,43.0388,62.7704,81.5557,97.079,116.501,135.939,163.178,200.0,200.0,200.0,200.0,186.405,62.3792,29.677,17.2513,7.25432
36.670,-0.0521,1.0000,0.0000,6,188.96,0.57,7.59,-0.1755,-0.0386,11848.8,0.0,172.78,173.89,170.96,170.96,9.6111,19.4957,28.7337,44.0709,65.211,85.9115,103.457,125.993,149.225,182.978,200.0,200.0,200.0,200.0,158.29,59.2312,29.0909,17.1248,7.28225
36.688,-0.0469,1.0000,0.0000,6,189.37,0.98,7.60,-0.1684,-0.0334,11870.6,0.0,173.12,174.31,171.28,171.28,9.59882,19.6375,29.1501,45.2337,68.018,91.0508,111.159,137.812,166.312,200.0,200.0,200.0,200.0,200.0,137.2,56.3033,28.4961,16.984,7.30449
36.707,-0.0422,1.0000,0.0000,6,189.78,1.28,7.63,-0.1619,-0.0286,11891.8,0.0,173.53,174.65,171.58,171.58,9.58833,19.7768,29.5615,46.4048,70.9333,96.5614,119.653,151.346,186.684,200.0,200.0,200.0,200.0,200.0,122.125,53.8341,27.9637,16.8539,7.32437
36.733,-0.0380,1.0000,0.0000,6,190.19,1.46,7.67,-0.1559,-0.0243,11912.3,0.0,173.95,174.97,171.88,171.88,9.57816,19.9035,29.9427,47.5175,73.7973,102.163,128.555,166.134,200.0,200.0,200.0,200.0,200.0,200.0,111.327,51.832,27.5133,16.7429,7.34309
36.752,-0.0342,1.0000,0.0000,6,190.59,1.53,7.72,-0.1505,-0.0205,11933.4,0.0,174.39,175.28,172.18,172.18,9.56811,20.0143,30.2838,48.5386,76.5141,107.661,137.568,181.784,200.0,200.0,200.0,200.0,200.0,200.0,103.462,50.2313,27.1416,16.6516,7.36071
36.771,-0.0308,1.0000,0.0000,6,191.00,1.53,7.78,-0.1457,-0.0173,11955.6,0.0,174.82,175.60,172.50,172.50,9.55842,20.1103,30.5855,49.4633,79.0509,112.965,146.537,198.079,200.0,200.0,200.0,200.0,200.0,194.364,97.5742,48.9445,26.8354,16.5767,7.37702
36.789,-0.0277,1.0000,0.0000,6,191.40,1.47,7.83,-0.1415,-0.0144,11980.4,0.0,175.25,175.93,172.86,172.86,9.54975,20.1953,30.8558,50.3066,81.4274,118.087,155.462,200.0,200.0,200.0,200.0,200.0,200.0,176.227,93.0011,47.8857,26.5771,16.5132,7.39148
36.807,-0.0249,1.0000,0.0000,6,191.81,1.39,7.88,-0.1379,-0.0119,12005.3,0.0,175.66,176.26,173.22,173.22,9.54263,20.2734,31.104,51.0903,83.6867,123.095,164.445,200.0,200.0,200.0,200.0,200.0,200.0,162.821,89.3052,46.9864,26.3517,16.4564,7.40376
36.833,-0.0224,1.0000,0.0000,6,192.21,1.31,7.92,-0.1347,-0.0096,12030.4,0.0,176.06,176.60,173.58,173.58,9.53705,20.3456,31.3327,51.8184,85.8292,127.972,173.445,200.0,200.0,200.0,200.0,200.0,200.0,152.546,86.2657,46.2145,26.1531,16.405,7.41393
36.852,-0.0202,1.0000,0.0000,6,192.61,1.22,7.96,-0.1320,-0.0076,12055.2,0.0,176.47,176.94,173.94,173.94,9.5332,20.4126,31.5424,52.4893,87.8382,132.66,182.337,200.0,200.0,200.0,200.0,200.0,200.0,144.516,83.7502,45.5508,25.9774,16.3577,7.42183
36.871,-0.0182,1.0000,0.0000,6,193.01,1.12,7.99,-0.1297,-0.0058,12079.6,0.0,176.86,177.29,174.29,174.29,9.53062,20.4745,31.7345,53.1066,89.7169,137.147,191.08,200.0,200.0,200.0,200.0,200.0,200.0,138.091,81.6422,44.9764,25.8217,16.3146,7.42801
36.889,-0.0163,1.0000,0.0000,6,193.41,1.03,8.02,-0.1278,-0.0042,12103.9,0.0,177.26,177.64,174.64,174.64,9.5295,20.5327,31.9121,53.6772,91.4761,141.438,199.658,200.0,200.0,200.0,200.0,200.0,200.0,132.839,79.8494,44.4728,25.6813,16.274,7.43235
36.907,-0.0147,1.0000,0.0000,6,193.82,0.95,8.04,-0.1263,-0.0028,12128.2,0.0,177.65,177.99,174.99,174.99,9.5298,20.5874,32.0759,54.2023,93.1116,145.505,200.0,200.0,200.0,200.0,200.0,200.0,195.31,128.503,78.3183,44.0301,25.5544,16.2356,7.43491
36.933,-0.0132,1.0000,0.0000,6,194.22,0.86,8.06,-0.1250,-0.0016,12152.9,0.0,178.03,178.34,175.35,175.35,9.53122,20.6398,32.2295,54.6927,94.6536,149.408,200.0,200.0,200.0,200.0,200.0,200.0,186.791,124.82,76.979,43.6329,25.4375,16.1988,7.43609
36.952,-0.0119,1.0000,0.0000,6,194.62,0.79,8.08,-0.1241,-0.0004,12177.2,0.0,178.42,178.69,175.70,175.70,9.53412,20.6908,32.3754,55.1539,96.111,153.154,200.0,200.0,200.0,200.0,200.0,200.0,179.688,121.652,75.7946,43.2718,25.3276,16.1623,7.43557
36.970,-0.0107,1.0000,0.0000,6,195.02,0.72,8.10,-0.1234,0.0006,12201.0,0.0,178.80,179.05,176.04,176.04,9.53809,20.7399,32.5121,55.5827,97.4727,156.704,200.0,200.0,200.0,200.0,200.0,200.0,173.742,118.928,74.7515,42.9459,25.2255,16.1269,7.43375
36.989,-0.0097,1.0000,0.0000,6,195.42,0.66,8.12,-0.1230,0.0015,12224.6,0.0,179.18,179.41,176.38,176.38,9.54324,20.7881,32.6427,55.9873,98.76,160.103,200.0,200.0,200.0,200.0,200.0,200.0,168.649,116.538,73.8156,42.6459,25.1285,16.0916,7.43059
37.007,-0.0087,1.0000,0.0000,6,195.81,0.60,8.14,-0.1227,0.0024,12248.3,0.0,179.56,179.76,176.73,176.73,9.54934,20.835,32.7669,56.3679,99.9727,163.34,200.0,200.0,200.0,200.0,200.0,200.0,164.256,114.434,72.974,42.3699,25.0366,16.0567,7.42632
37.026,-0.0078,1.0000,0.0000,6,196.21,0.55,8.16,-0.1227,0.0031,12272.1,0.0,179.93,180.12,177.07,177.07,9.55636,20.8808,32.8847,56.7234,101.104,166.39,200.0,200.0,200.0,200.0,200.0,200.0,160.469,112.585,72.2198,42.1165,24.9496,16.0223,7.42099
37.051,-0.0070,1.0000,0.0000,6,196.61,0.50,8.18,-0.1228,0.0038,12296.0,0.0,180.31,180.47,177.41,177.41,9.56413,20.9249,32.9953,57.0522,102.148,169.224,200.0,200.0,200.0,200.0,200.0,200.0,157.217,110.97,71.5484,41.8854,24.8677,15.9886,7.41474
37.070,-0.0063,1.0000,0.0000,6,197.00,0.45,8.20,-0.1231,0.0044,12320.6,0.0,180.68,180.83,177.77,177.77,9.57241,20.967,33.0979,57.3525,103.097,171.817,200.0,200.0,200.0,200.0,200.0,200.0,154.439,109.569,70.9554,41.6766,24.7915,15.9561,7.40785
37.089,-0.0057,1.0000,0.0000,6,197.40,0.41,8.22,-0.1236,0.0049,12344.6,0.0,181.06,181.18,178.12,178.12,9.58121,21.0072,33.193,57.6251,103.951,174.16,200.0,200.0,200.0,200.0,200.0,200.0,152.074,108.357,70.4335,41.4881,24.7204,15.9245,7.40028
37.108,-0.0051,1.0000,0.0000,6,197.79,0.37,8.24,-0.1242,0.0054,12368.5,0.0,181.42,181.54,178.46,178.46,9.59057,21.0466,33.2841,57.8817,104.75,176.354,200.0,200.0,200.0,200.0,200.0,200.0,149.969,107.266,69.9553,41.3115,24.6519,15.8931,7.39206
37.133,-0.0046,1.0000,0.0000,6,198.18,0.34,8.25,-0.1249,0.0058,12392.2,0.0,181.79,181.89,178.80,178.80,9.60058,21.0856,33.3719,58.1239,105.495,178.403,200.0,200.0,200.0,200.0,200.0,200.0,148.092,106.278,69.5155,41.145,24.5853,15.8615,7.38311
37.151,-0.0042,1.0000,0.0000,6,198.58,0.31,8.27,-0.1257,0.0062,12415.8,0.0,182.16,182.25,179.14,179.14,9.61108,21.1242,33.4567,58.3534,106.195,180.326,200.0,200.0,200.0,200.0,200.0,200.0,146.402,105.378,69.1081,40.9873,24.5206,15.83,7.37362
37.170,-0.0037,1.0000,0.0000,6,198.97,0.28,8.29,-0.1266,0.0065,12439.4,0.0,182.52,182.60,179.48,179.48,9.62189,21.1617,33.5373,58.5667,106.836,182.085,200.0,200.0,200.0,200.0,200.0,200.0,144.908,104.573,68.7374,40.8404,24.4585,15.799,7.36371
37.189,-0.0034,1.0000,0.0000,6,199.36,0.26,8.30,-0.1275,0.0068,12462.9,0.0,182.88,182.96,179.82,179.82,9.63303,21.1983,33.614,58.7653,107.425,183.69,200.0,200.0,200.0,200.0,200.0,200.0,143.585,103.85,68.3991,40.7029,24.3988,15.7683,7.35341
37.207,-0.0030,1.0000,0.0000,6,199.74,0.24,8.32,-0.1286,0.0070,12487.0,0.0,183.25,183.31,180.17,180.17,9.64448,21.2339,33.6864,58.9473,107.953,185.117,200.0,200.0,200.0,200.0,200.0,200.0,142.436,103.214,68.0948,40.5755,24.3416,15.7381,7.34272
37.233,-0.0027,1.0000,0.0000,6,200.13,0.21,8.33,-0.1297,0.0073,12510.6,0.0,183.61,183.66,180.51,180.51,9.65611,21.2684,33.7547,59.1143,108.426,186.383,200.0,200.0,200.0,200.0,200.0,200.0,141.434,102.651,67.8202,40.4573,24.2869,15.7084,7.33177
37.252,-0.0025,1.0000,0.0000,6,200.52,0.19,8.35,-0.1309,0.0075,12534.0,0.0,183.96,184.02,180.85,180.85,9.66811,21.3032,33.823,59.2792,108.889,187.615,200.0,200.0,200.0,200.0,200.0,200.0,140.477,102.109,67.5526,40.3403,24.232,15.6783,7.32044
37.271,-0.0022,1.0000,0.0000,6,200.91,0.18,8.36,-0.1321,0.0076,12557.2,0.0,184.32,184.37,181.18,181.18,9.6802,21.3369,33.8872,59.4294,109.299,188.69,200.0,200.0,200.0,200.0,200.0,200.0,139.652,101.633,67.3123,40.232,24.1796,15.6488,7.30894
37.289,-0.0020,1.0000,0.0000,6,201.29,0.16,8.38,-0.1334,0.0078,12580.5,0.0,184.68,184.72,181.52,181.52,9.69241,21.3692,33.9471,59.5641,109.652,189.589,200.0,200.0,200.0,200.0,200.0,200.0,138.961,101.226,67.1004,40.1327,24.1298,15.62,7.29724
37.308,-0.0018,1.0000,0.0000,6,201.67,0.14,8.39,-0.1347,0.0079,12603.7,0.0,185.04,185.07,181.86,181.86,9.70482,21.4016,34.0061,59.6944,109.988,190.434,200.0,200.0,200.0,200.0,200.0,200.0,138.315,100.842,66.8972,40.0357,24.0803,15.5911,7.28532
37.326,-0.0016,1.0000,0.0000,6,202.06,0.13,8.40,-0.1360,0.0080,12627.2,0.0,185.39,185.42,182.19,182.19,9.71753,21.4344,34.0658,59.8253,110.323,191.274,200.0,200.0,200.0,200.0,200.0,200.0,137.678,100.461,66.6943,39.9381,24.0301,15.5617,7.2731
37.351,-0.0014,1.0000,0.0000,6,202.44,0.12,8.42,-0.1374,0.0081,12650.7,0.0,185.74,185.77,182.53,182.53,9.73058,21.4682,34.1272,59.9604,110.67,192.146,200.0,200.0,200.0,200.0,200.0,200.0,137.026,100.07,66.4861,39.8378,23.9787,15.5315,7.26057
37.370,-0.0013,1.0000,0.0000,6,202.82,0.11,8.43,-0.1388,0.0082,12673.9,0.0,186.09,186.12,182.87,182.87,9.74363,21.5007,34.1848,60.082,110.968,192.87,200.0,200.0,200.0,200.0,200.0,200.0,136.479,99.7335,66.3009,39.7451,23.9295,15.502,7.24796
37.389,-0.0012,1.0000,0.0000,6,203.20,0.10,8.45,-0.1403,0.0082,12697.0,0.0,186.45,186.47,183.20,183.20,9.75649,21.5313,34.2368,60.1856,111.203,193.399,200.0,200.0,200.0,200.0,200.0,200.0,136.063,99.4662,66.1457,39.6628,23.8838,15.4737,7.23545
37.407,-0.0011,1.0000,0.0000,6,203.58,0.09,8.46,-0.1418,0.0083,12720.1,0.0,186.80,186.82,183.53,183.53,9.76945,21.5616,34.2875,60.2836,111.416,193.861,200.0,200.0,200.0,200.0,200.0,200.0,135.691,99.2219,65.9998,39.5833,23.8388,15.4456,7.22281
37.427,-0.0010,1.0000,0.0000,6,203.96,0.08,8.47,-0.1432,0.0083,12743.1,0.0,187.15,187.16,183.87,183.87,9.78242,21.5917,34.3378,60.3804,111.625,194.308,200.0,200.0,200.0,200.0,200.0,199.444,135.33,98.9833,65.8563,39.5045,23.7939,15.4175,7.21014
37.451,-0.0009,1.0000,0.0000,6,204.34,0.07,8.49,-0.1448,0.0084,12766.1,0.0,187.50,187.51,184.20,184.20,9.79579,21.6228,34.3896,60.4799,111.84,194.767,200.0,200.0,200.0,200.0,200.0,198.81,134.961,98.7386,65.7089,39.4235,23.7478,15.3885,7.1971
37.470,-0.0008,1.0000,0.0000,6,204.72,0.07,8.50,-0.1463,0.0084,12789.1,0.0,187.84,187.86,184.53,184.53,9.80926,21.6542,34.4421,60.5813,112.06,195.242,200.0,200.0,200.0,200.0,200.0,198.156,134.582,98.4884,65.5589,39.3413,23.7012,15.3593,7.18395
37.489,-0.0007,1.0000,0.0000,6,205.09,0.06,8.52,-0.1478,0.0084,12812.0,0.0,188.19,188.21,184.86,184.86,9.82287,21.686,34.4954,60.6848,112.286,195.735,200.0,200.0,200.0,200.0,200.0,197.481,134.193,98.2323,65.4059,39.2578,23.654,15.3298,7.17068
37.508,-0.0006,1.0000,0.0000,6,205.47,0.06,8.53,-0.1494,0.0085,12834.9,0.0,188.54,188.55,185.19,185.19,9.83668,21.7183,34.5498,60.7907,112.52,196.246,200.0,200.0,200.0,200.0,200.0,196.786,133.793,97.9698,65.2495,39.1728,23.6059,15.2998,7.15723
37.527,-0.0006,1.0000,0.0000,6,205.85,0.05,8.54,-0.1509,0.0085,12857.9,0.0,188.88,188.90,185.52,185.52,9.85048,21.7508,34.6045,60.8977,112.756,196.769,200.0,200.0,200.0,200.0,200.0,196.079,133.388,97.7045,65.0919,39.0874,23.5578,15.2698,7.14379
37.552,-0.0005,1.0000,0.0000,6,206.22,0.05,8.56,-0.1525,0.0086,12880.6,0.0,189.23,189.24,185.85,185.85,9.86442,21.7836,34.6599,61.0064,112.998,197.305,200.0,200.0,200.0,200.0,200.0,195.358,132.975,97.4345,64.9318,39.0008,23.5091,15.2394,7.13022
37.570,-0.0005,1.0000,0.0000,6,206.60,0.05,8.57,-0.1541,0.0086,12903.4,0.0,189.57,189.59,186.18,186.18,9.87864,21.8172,34.7166,61.1179,113.247,197.861,200.0,200.0,200.0,200.0,200.0,194.616,132.55,97.1575,64.768,38.9123,23.4594,15.2085,7.11639
37.589,-0.0004,1.0000,0.0000,6,206.97,0.05,8.59,-0.1557,0.0086,12926.1,0.0,189.92,189.93,186.51,186.51,9.89248,21.8484,34.7675,61.2115,113.435,198.229,200.0,200.0,200.0,200.0,200.0,194.124,132.243,96.9432,64.6319,38.8339,23.4133,15.179,7.10283
37.608,-0.0004,1.0000,0.0000,6,207.34,0.04,8.60,-0.1573,0.0086,12948.5,0.0,190.26,190.27,186.83,186.83,9.9061,21.8776,34.8123,61.2851,113.552,198.38,200.0,200.0,200.0,200.0,200.0,193.918,132.066,96.7989,64.5265,38.7661,23.3708,15.1509,7.08938
37.627,-0.0003,1.0000,0.0000,6,207.71,0.03,8.62,-0.1590,0.0086,12971.0,0.0,190.61,190.61,187.16,187.16,9.91955,21.9056,34.8543,61.3499,113.639,198.438,200.0,200.0,200.0,200.0,200.0,193.834,131.946,96.6846,64.4344,38.7031,23.33,15.1235,7.07605
37.652,-0.0003,1.0000,0.0000,6,208.08,0.03,8.63,-0.1606,0.0085,12993.7,0.0,190.95,190.95,187.48,187.48,9.93293,21.9333,34.8955,61.4122,113.718,198.471,200.0,200.0,200.0,200.0,200.0,193.781,131.841,96.5784,64.3459,38.6414,23.2898,15.0963,7.06277
37.671,-0.0003,1.0000,0.0000,6,208.45,0.02,8.64,-0.1622,0.0085,13016.3,0.0,191.29,191.29,187.81,187.81,9.94648,21.9613,34.9373,61.4756,113.798,198.508,200.0,200.0,200.0,200.0,200.0,193.724,131.732,96.4697,64.2558,38.5788,23.2489,15.0687,7.04932
37.689,-0.0002,1.0000,0.0000,6,208.82,0.01,8.66,-0.1638,0.0085,13038.9,0.0,191.63,191.63,188.13,188.13,9.95992,21.9893,34.979,61.5396,113.882,198.558,200.0,200.0,200.0,200.0,200.0,193.648,131.616,96.3574,64.1645,38.5161,23.2082,15.0413,7.03598
37.707,-0.0002,1.0000,0.0000,6,209.19,0.01,8.68,-0.1654,0.0084,13061.3,0.0,191.97,191.97,188.46,188.46,9.9734,22.0174,35.0213,61.6052,113.972,198.626,200.0,200.0,200.0,200.0,200.0,193.549,131.488,96.239,64.0704,38.4523,23.1672,15.0138,7.02262
37.733,-0.0002,1.0000,0.0000,6,209.56,0.01,8.69,-0.1671,0.0084,13083.2,0.0,192.31,192.30,188.78,188.78,9.98699,22.046,35.0645,61.6732,114.069,198.714,200.0,200.0,200.0,200.0,200.0,193.423,131.348,96.1132,63.9728,38.3871,23.1255,14.9859,7.00915
37.751,-0.0002,1.0000,0.0000,6,209.93,0.00,8.71,-0.1687,0.0084,13105.4,0.0,192.65,192.64,189.09,189.09,10.0005,22.0744,35.1074,61.7407,114.166,198.801,200.0,200.0,200.0,200.0,200.0,193.296,131.207,95.9879,63.8757,38.3222,23.084,14.9582,6.99575
37.770,-0.0002,1.0000,0.0000,6,210.29,0.00,8.72,-0.1703,0.0083,13127.7,0.0,192.98,192.98,189.42,189.42,10.014,22.1028,35.1505,61.809,114.265,198.898,200.0,200.0,200.0,200.0,200.0,193.157,131.061,95.8595,63.7772,38.2569,23.0424,14.9304,6.98235
37.789,-0.0001,1.0000,0.0000,6,210.66,0.00,8.74,-0.1719,0.0083,13150.1,0.0,193.32,193.31,189.74,189.74,10.0276,22.1315,35.1939,61.8781,114.366,199.0,200.0,200.0,200.0,200.0,200.0,193.01,130.911,95.7287,63.6774,38.191,23.0005,14.9025,6.96891
37.808,-0.0001,1.0000,0.0000,6,211.02,-0.00,8.75,-0.1735,0.0083,13172.5,0.0,193.65,193.65,190.06,190.06,10.0411,22.1601,35.2375,61.9478,114.47,199.113,200.0,200.0,200.0,200.0,200.0,192.848,130.754,95.5947,63.5766,38.1249,22.9587,14.8747,6.95552
37.826,-0.0001,1.0000,0.0000,6,211.39,-0.00,8.77,-0.1751,0.0082,13194.8,0.0,193.99,193.99,190.38,190.38,10.0546,22.1887,35.2812,62.0184,114.578,199.238,200.0,200.0,200.0,200.0,200.0,192.669,130.59,95.4569,63.4742,38.0583,22.9167,14.8468,6.94217
37.851,-0.0001,1.0000,0.0000,6,211.75,-0.00,8.79,-0.1768,0.0082,13216.8,0.0,194.32,194.32,190.70,190.70,10.0681,22.2176,35.3256,62.091,114.693,199.382,200.0,200.0,200.0,200.0,200.0,192.465,130.414,95.3127,63.3688,37.9907,22.8743,14.8188,6.92878
37.870,-0.0001,1.0000,0.0000,6,212.11,-0.00,8.81,-0.1784,0.0082,13237.9,0.0,194.66,194.65,191.01,191.01,10.0817,22.2465,35.37,62.1637,114.807,199.526,200.0,200.0,200.0,200.0,200.0,192.26,130.237,95.1682,63.2632,37.9228,22.8319,14.7907,6.91534
37.889,-0.0001,1.0000,0.0000,6,212.47,-0.00,8.82,-0.1800,0.0082,13259.9,0.0,194.99,194.99,191.32,191.32,10.0952,22.2753,35.4141,62.2354,114.919,199.663,200.0,200.0,200.0,200.0,200.0,192.063,130.065,95.0258,63.1588,37.8556,22.7897,14.7628,6.90198
37.908,-0.0001,1.0000,0.0000,6,212.84,-0.00,8.84,-0.1816,0.0081,13282.0,0.0,195.32,195.32,191.64,191.64,10.1088,22.3042,35.4585,62.3081,115.034,199.809,200.0,200.0,200.0,200.0,200.0,191.855,129.887,94.8804,63.053,37.7877,22.7472,14.7347,6.88857
37.926,-0.0001,1.0000,0.0000,6,213.19,-0.00,8.86,-0.1832,0.0081,13304.3,0.0,195.65,195.65,191.97,191.97,10.1223,22.3331,35.5031,62.3813,115.151,199.96,200.0,200.0,200.0,200.0,200.0,191.638,129.705,94.733,62.9463,37.7196,22.7047,14.7066,6.87517
37.952,-0.0001,1.0000,0.0000,6,213.55,-0.00,8.88,-0.1848,0.0081,13326.3,0.0,195.98,195.98,192.28,192.28,10.1359,22.3622,35.5481,62.4557,115.272,200.0,200.0,200.0,200.0,200.0,200.0,191.402,129.514,94.581,62.8376,37.6508,22.6619,14.6785,6.86177
37.971,-0.0001,1.0000,0.0000,6,213.91,-0.00,8.89,-0.1864,0.0081,13348.2,0.0,196.31,196.31,192.60,192.60,10.1494,22.3914,35.5934,62.5317,115.399,200.0,200.0,200.0,200.0,200.0,200.0,191.142,129.313,94.4235,62.7266,37.5813,22.619,14.6503,6.84839
37.989,-0.0000,1.0000,0.0000,6,214.27,-0.00,8.91,-0.1880,0.0081,13368.8,0.0,196.64,196.64,192.90,192.90,10.1631,22.4209,35.6394,62.6092,115.53,200.0,200.0,200.0,200.0,200.0,200.0,190.865,129.103,94.2613,62.6133,37.5107,22.5756,14.6219,6.83493
38.008,-0.0000,1.0000,0.0000,6,214.63,-0.01,8.94,-0.1896,0.0081,13390.3,0.0,196.97,196.97,193.21,193.21,10.1767,22.4502,35.6848,62.6852,115.657,200.0,200.0,200.0,200.0,200.0,200.0,190.607,128.902,94.1036,62.5021,37.441,22.5325,14.5936,6.82149
38.026,-0.0000,1.0000,0.0000,6,214.98,-0.01,8.95,-0.1912,0.0080,13412.2,0.0,197.29,197.29,193.52,193.52,10.1902,22.4794,35.7302,62.7614,115.784,200.0,200.0,200.0,200.0,200.0,200.0,190.341,128.698,93.9448,62.3905,37.3713,22.4896,14.5654,6.80813
38.052,-0.0115,1.0000,0.0000,6,215.34,-0.01,8.97,-0.1928,0.0080,13434.2,0.0,197.62,197.62,193.84,193.84,10.2038,22.5087,35.7759,62.8382,115.914,200.0,200.0,200.0,200.0,200.0,200.0,190.068,128.491,93.7837,62.2779,37.3012,22.4464,14.537,6.79471
38.071,-0.0352,1.0000,0.0000,6,215.69,-0.02,8.99,-0.1945,0.0085,13456.1,0.0,197.90,197.99,194.16,194.16,10.2223,22.5683,35.8997,63.1578,116.872,200.0,200.0,200.0,200.0,200.0,200.0,186.59,126.809,92.8342,61.816,37.1052,22.3577,14.49,6.77799
38.089,-0.0529,1.0000,0.0000,6,216.04,0.04,9.01,-0.1963,0.0102,13478.2,0.0,198.07,198.45,194.47,194.47,10.2561,22.7212,36.2652,64.2362,120.474,200.0,200.0,200.0,200.0,200.0,200.0,174.414,120.983,89.6227,60.3331,36.5359,22.1327,14.3863,6.7511
38.107,-0.0547,1.0000,0.0000,6,216.39,0.29,9.03,-0.1985,0.0137,13499.3,0.0,198.18,198.95,194.78,194.78,10.3118,23.0052,36.9742,66.4271,128.235,200.0,200.0,200.0,200.0,200.0,195.86,154.355,110.898,83.9141,57.6464,35.5011,21.7311,14.2071,6.70974
38.126,-0.0493,1.0000,0.0000,6,216.73,0.70,9.06,-0.2012,0.0184,13521.5,0.0,198.35,199.41,195.10,195.10,10.3854,23.3923,37.9604,69.5903,140.304,200.0,200.0,200.0,200.0,198.349,176.56,133.625,99.6971,77.2852,54.3901,34.2028,21.2175,13.9764,6.65676
38.151,-0.0443,1.0000,0.0000,6,217.07,1.11,9.08,-0.2045,0.0234,13544.5,0.0,198.62,199.77,195.43,195.43,10.4681,23.8235,39.0726,73.2928,155.799,200.0,200.0,200.0,199.639,192.354,148.548,116.838,89.9642,71.2483,51.2758,32.9029,20.6856,13.7315,6.59775
38.171,-0.0399,1.0000,0.0000,6,217.41,1.42,9.10,-0.2084,0.0281,13566.8,0.0,198.95,200.05,195.75,195.75,10.5543,24.2594,40.2035,77.19,173.888,200.0,200.0,200.0,195.209,169.015,128.983,104.289,82.2533,66.2642,48.5835,31.7248,20.1839,13.4929,6.5359
38.189,-0.0359,1.0000,0.0000,6,217.75,1.59,9.13,-0.2130,0.0324,13588.2,0.0,199.31,200.32,196.06,196.06,10.643,24.6886,41.3181,81.1503,200.0,200.0,200.0,197.039,189.664,145.921,114.943,94.8208,76.1638,62.1905,46.292,30.6762,19.7188,13.2636,6.47155
38.208,-0.0323,1.0000,0.0000,6,218.09,1.67,9.17,-0.2184,0.0362,13608.8,0.0,199.68,200.58,196.36,196.36,10.7341,25.1108,42.4122,85.1451,200.0,200.0,200.0,193.215,170.661,129.543,104.397,87.4328,71.2358,58.7982,44.3152,29.7336,19.284,13.0417,6.40444
38.227,-0.0291,1.0000,0.0000,6,218.43,1.68,9.22,-0.2245,0.0396,13625.6,0.0,200.04,200.84,196.61,196.61,10.827,25.5198,43.4643,89.0669,200.0,200.0,197.216,188.972,150.778,117.557,96.3381,81.6132,67.2347,55.9748,42.6163,28.8907,18.8795,12.8279,6.33479
38.252,-0.0262,1.0000,0.0000,6,218.77,1.61,9.28,-0.2312,0.0425,13641.2,0.0,200.42,201.10,196.83,196.83,10.921,25.91,44.4538,92.8011,200.0,200.0,194.432,183.176,136.665,108.605,90.1104,77.0033,63.9822,53.6283,41.1616,28.1405,18.5048,12.6224,6.26291
38.270,-0.0236,1.0000,0.0000,6,219.11,1.50,9.33,-0.2386,0.0450,13661.7,0.0,200.78,201.37,197.12,197.12,11.0164,26.2846,45.3883,96.348,200.0,198.37,191.704,166.087,126.1,101.637,85.1288,73.2388,61.2668,51.6308,39.8893,27.4604,18.152,12.4226,6.18858
38.289,-0.0212,1.0000,0.0000,6,219.45,1.37,9.37,-0.2466,0.0471,13684.0,0.0,201.13,201.65,197.44,197.44,11.1142,26.6522,46.291,99.7876,200.0,196.19,188.972,152.258,117.685,95.9132,80.9446,70.022,58.9021,49.8619,38.7359,26.8243,17.8115,12.2244,6.11126
38.308,-0.0191,1.0000,0.0000,6,219.79,1.25,9.42,-0.2552,0.0491,13706.8,0.0,201.48,201.94,197.77,197.77,11.2149,27.018,47.179,103.189,200.0,194.042,186.162,141.128,110.653,91.0076,77.2911,67.1723,56.7738,48.2469,37.6618,26.2162,17.4774,12.0257,6.03099
38.326,-0.0172,1.0000,0.0000,6,220.13,1.15,9.47,-0.2643,0.0510,13728.4,0.0,201.81,202.24,198.09,198.09,11.3188,27.3861,48.0648,106.606,200.0,191.903,183.167,131.78,104.561,86.6667,74.007,64.5786,54.8099,46.7386,36.6414,25.6257,17.146,11.8254,5.94779
38.351,-0.0155,1.0000,0.0000,6,220.47,1.06,9.51,-0.2738,0.0526,13743.6,0.0,202.14,202.53,198.32,198.32,11.4251,27.7525,48.9357,109.97,199.137,189.789,179.847,123.933,99.3042,82.8466,71.0732,62.2338,53.0106,45.3395,35.6785,25.0558,16.819,11.6242,5.86195
38.370,-0.0139,1.0000,0.0000,6,220.82,0.95,9.59,-0.2837,0.0540,13759.9,0.0,202.49,202.82,198.54,198.54,11.5327,28.1093,49.7668,113.144,197.399,187.739,175.576,117.476,94.8653,79.5585,68.5095,60.1591,51.3957,44.0675,34.7864,24.5144,16.5007,11.4245,5.77415
38.389,-0.0125,1.0000,0.0000,6,221.15,0.85,9.65,-0.2941,0.0553,13781.6,0.0,202.82,203.12,198.85,198.85,11.6418,28.4598,50.5685,116.169,195.698,185.735,165.372,111.982,91.004,76.6506,66.2124,58.2804,49.9152,42.8879,33.9457,23.9933,16.188,11.2253,5.68446
38.408,-0.0113,1.0000,0.0000,6,221.49,0.76,9.69,-0.3048,0.0564,13805.3,0.0,203.14,203.41,199.19,199.19,11.7527,28.8097,51.3604,119.144,194.016,183.744,155.97,107.081,87.4988,73.9761,64.0779,56.5197,48.5145,41.7623,33.1337,23.482,15.8768,11.0248,5.59282
38.426,-0.0101,1.0000,0.0000,6,221.82,0.68,9.72,-0.3157,0.0575,13828.8,0.0,203.47,203.71,199.53,199.53,11.8653,29.159,52.1424,122.065,192.352,181.763,147.791,102.665,84.2899,71.4982,62.0814,54.8603,47.1829,40.6836,32.3468,22.9795,15.567,10.8234,5.49945
38.452,-0.0091,1.0000,0.0000,6,222.16,0.62,9.75,-0.3270,0.0584,13850.8,0.0,203.79,204.01,199.85,199.85,11.9797,29.5079,52.9153,124.93,190.704,179.789,140.582,98.6475,81.3269,69.1847,60.2012,53.2861,45.9093,39.6443,31.5809,22.484,15.2578,10.6206,5.40428
38.471,-0.0082,1.0000,0.0000,6,222.50,0.56,9.77,-0.3386,0.0593,13867.4,0.0,204.10,204.31,200.10,200.10,12.0956,29.8558,53.6773,127.727,189.072,177.822,134.178,94.9732,78.5803,67.0177,58.4251,51.7891,44.6888,38.6413,30.8344,21.9951,14.9494,10.4166,5.30748
38.489,-0.0074,1.0000,0.0000,6,222.84,0.51,9.81,-0.3504,0.0600,13886.5,0.0,204.43,204.61,200.37,200.37,12.2124,30.1999,54.42,130.405,187.463,175.874,128.526,91.6358,76.0508,65.0007,56.7581,50.3741,43.5258,37.6787,30.1107,21.5151,14.643,10.2124,5.20942
38.508,-0.0067,1.0000,0.0000,6,223.17,0.45,9.85,-0.3624,0.0607,13908.0,0.0,204.75,204.90,200.68,200.68,12.3302,30.5402,55.1433,132.96,185.876,173.945,123.492,88.5829,73.7067,63.1128,55.1851,49.0301,42.4129,36.7512,29.4068,21.0426,14.3383,10.0077,5.11012
38.526,-0.0060,1.0000,0.0000,6,223.50,0.40,9.87,-0.3746,0.0613,13930.1,0.0,205.06,205.20,201.00,201.00,12.4491,30.8806,55.8611,135.473,184.298,172.001,118.825,85.6965,71.47,61.2985,53.665,47.7255,41.3272,35.8422,28.7126,20.5731,14.0335,9.80198,5.00968
38.551,-0.0054,1.0000,0.0000,6,223.84,0.37,9.88,-0.3869,0.0618,13951.7,0.0,205.37,205.51,201.31,201.31,12.5691,31.2218,56.5766,137.96,182.724,170.028,114.443,82.94,69.3168,59.5414,52.1858,46.4509,40.2619,34.9468,28.0253,20.1052,13.7281,9.59502,4.90811
38.571,-0.0049,1.0000,0.0000,6,224.17,0.33,9.90,-0.3995,0.0623,13972.6,0.0,205.69,205.80,201.61,201.61,12.6898,31.5602,57.2777,140.351,181.166,168.045,110.412,80.3525,67.2759,57.8634,50.7649,45.2208,39.228,34.0737,27.3505,19.6422,13.4236,9.3877,4.80567
38.589,-0.0044,1.0000,0.0000,6,224.50,0.30,9.91,-0.4122,0.0628,13991.8,0.0,206.00,206.10,201.89,201.89,12.8114,31.898,57.9718,142.687,179.615,166.023,106.621,77.8795,65.3101,56.2379,49.3819,44.019,38.2138,33.214,26.6827,19.181,13.1188,9.17938,4.70222
38.608,-0.0039,1.0000,0.0000,6,224.84,0.27,9.93,-0.4250,0.0632,14011.8,0.0,206.31,206.41,202.18,202.18,12.9335,32.2341,58.6558,144.949,178.073,163.95,103.059,75.5197,63.4202,54.6659,48.0386,42.8473,37.2209,32.3692,26.0232,18.7229,12.8144,8.97058,4.59803
38.626,-0.0035,1.0000,0.0000,6,225.17,0.24,9.94,-0.4379,0.0635,14032.1,0.0,206.62,206.71,202.47,202.47,13.0563,32.5691,59.3319,147.151,176.539,161.785,99.6812,73.2499,61.5902,53.1363,46.7261,41.6989,36.2443,31.5357,25.3697,18.2666,12.5099,8.76108,4.49307
38.651,-0.0032,1.0000,0.0000,6,225.50,0.22,9.96,-0.4510,0.0639,14052.4,0.0,206.93,207.01,202.76,202.76,13.1802,32.9066,60.0124,149.369,175.001,159.386,96.3782,71.0136,59.7809,51.6199,45.4225,40.5564,35.271,30.7036,24.7161,17.8091,12.2039,8.55027,4.38726
38.670,-0.0029,1.0000,0.0000,6,225.83,0.20,9.96,-0.4642,0.0642,14072.7,0.0,207.23,207.31,203.05,203.05,13.3045,33.2428,60.6852,151.527,173.469,156.374,93.223,68.8512,58.0214,50.1388,44.1448,39.4336,34.3115,29.8812,24.0676,17.3532,11.8979,8.3389,4.28081
38.689,-0.0026,1.0000,0.0000,6,226.16,0.18,9.96,-0.4775,0.0644,14092.9,0.0,207.54,207.60,203.35,203.35,13.4293,33.5774,61.3488,153.615,171.944,150.744,90.207,66.7592,56.3094,48.6915,42.892,38.3296,33.3653,29.068,23.4241,16.8988,11.5919,8.12694,4.17369
38.708,-0.0023,1.0000,0.0000,6,226.48,0.16,9.95,-0.4908,0.0647,14116.2,0.0,207.84,207.90,203.68,203.68,13.5547,33.9131,62.0137,183.384,170.417,145.075,87.2486,64.6951,54.6156,47.2566,41.6481,37.2321,32.4233,28.2575,22.7817,16.4444,11.2852,7.91437,4.06613
38.727,-0.0021,1.0000,0.0000,6,226.81,0.15,9.95,-0.5043,0.0649,14135.3,0.0,208.15,208.20,203.96,203.96,13.6806,34.2475,62.6709,181.943,168.894,139.737,84.3968,62.6847,52.958,45.8474,40.4229,36.1487,31.4911,27.4535,22.1426,15.9907,10.9782,7.70106,3.95789
38.752,0.0089,1.0000,0.0000,6,227.14,0.13,9.95,-0.5178,0.0651,14154.4,0.0,208.45,208.50,204.23,204.23,13.8064,34.579,63.3157,180.505,167.379,134.736,81.6607,60.7356,51.3428,44.4691,39.2211,35.0835,30.5721,26.6592,21.5092,15.5394,10.6718,7.48781,3.84939
38.771,0.0557,1.0000,0.0000,6,227.47,0.13,9.94,-0.5313,0.0649,14173.3,0.0,208.80,208.75,204.51,204.51,13.9259,34.8571,63.7755,179.14,166.016,132.436,79.9085,59.328,50.1134,43.3792,38.2431,34.1968,29.7881,25.9671,20.9417,15.1217,10.3807,7.28147,3.74195
38.789,0.1253,1.0000,0.0000,6,227.79,0.07,9.93,-0.5447,0.0626,14192.9,0.0,209.28,208.80,204.79,204.79,14.0107,34.867,63.3287,178.145,165.389,144.34,83.0726,60.5818,50.7685,43.6941,38.3527,34.1773,29.6604,25.7725,20.6969,14.8719,10.168,7.11305,3.64263
38.808,0.1880,1.0000,0.0000,6,228.09,-0.34,9.92,-0.5575,0.0563,14217.7,0.0,209.86,208.58,205.13,205.13,14.0274,34.3763,61.2639,141.978,166.01,154.34,99.6939,68.3541,55.8241,47.1792,40.8555,36.0291,30.9194,26.6111,21.108,14.9553,10.1096,7.01911,3.56012
38.827,0.2274,1.0000,0.0000,6,228.34,-1.29,9.88,-0.5692,0.0456,14252.2,0.0,210.39,208.20,205.64,205.64,13.9659,33.3705,57.7203,123.063,167.66,158.878,149.667,91.8751,70.1338,56.7167,47.6119,41.0286,34.3782,29.0096,22.4488,15.4808,10.2466,7.01822,3.49984
38.852,0.2220,1.0000,0.0000,6,228.56,-2.64,9.85,-0.5794,0.0316,14281.9,0.0,210.79,207.84,206.07,206.07,13.8453,32.0612,53.5564,104.726,169.659,162.707,157.474,150.059,110.523,79.9719,62.6567,51.5084,41.2407,33.5938,24.9376,16.481,10.5739,7.10427,3.46161
38.870,0.1998,1.0000,0.0000,6,228.75,-4.12,9.85,-0.5878,0.0160,14310.2,0.0,211.13,207.70,206.48,206.48,13.6944,30.6964,49.5693,89.9353,171.454,165.724,161.802,157.475,153.375,146.292,99.8523,73.8453,54.1188,41.4669,28.841,17.9504,11.0618,7.25916,3.44279
38.889,0.1798,1.0000,0.0000,6,228.93,-5.45,9.83,-0.5942,0.0008,14334.1,0.0,211.34,207.79,206.83,206.83,13.5378,29.4452,46.1709,78.9738,138.619,167.884,164.676,161.358,158.561,155.193,150.719,133.727,80.0338,54.867,34.5289,19.8549,11.6682,7.46154,3.44039
38.908,0.1618,1.0000,0.0000,6,229.11,-6.40,9.81,-0.5986,-0.0131,14352.3,0.0,211.41,208.05,207.09,207.09,13.391,28.3868,43.4654,71.1402,115.862,169.24,166.481,163.704,161.449,158.89,155.897,152.186,142.445,78.8023,42.462,22.1163,12.3427,7.6894,3.4511
38.927,0.1456,1.0000,0.0000,6,229.29,-6.94,9.76,-0.6009,-0.0252,14378.0,0.0,211.42,208.41,207.45,207.45,13.2545,27.5008,41.3171,65.4198,101.262,139.684,167.533,165.101,163.161,161.01,158.59,155.799,150.838,129.82,53.6768,24.729,13.0702,7.93833,3.47512
38.951,0.1311,1.0000,0.0000,6,229.49,-7.22,9.69,-0.6011,-0.0361,14394.1,0.0,211.48,208.78,207.70,207.70,13.1206,26.723,39.5197,60.9494,90.8705,120.609,168.118,165.936,164.212,162.325,160.241,157.907,154.044,148.009,71.012,27.8428,13.8778,8.21874,3.5141
38.971,0.1180,1.0000,0.0000,6,229.72,-7.22,9.65,-0.5992,-0.0458,14398.4,0.0,211.58,209.18,207.77,207.77,12.9882,26.0365,38.0028,57.3904,83.1747,107.425,127.25,166.343,164.779,163.079,161.22,159.171,155.884,151.204,100.179,31.5228,14.7633,8.53052,3.56838
38.989,0.1062,1.0000,0.0000,6,229.96,-6.98,9.63,-0.5952,-0.0543,14401.5,0.0,211.70,209.59,207.81,207.81,12.8565,25.4274,36.714,54.5182,77.3153,97.8895,114.119,133.509,164.968,163.407,161.711,159.859,156.937,152.944,139.99,35.8141,15.72,8.87256,3.63805
39.008,0.0956,1.0000,0.0000,6,230.22,-6.55,9.58,-0.5891,-0.0614,14403.5,0.0,211.82,210.02,207.84,207.84,12.7273,24.8969,35.6391,52.2337,72.877,90.9485,104.845,121.048,164.82,163.363,161.787,160.075,157.402,153.828,144.078,40.5872,16.713,9.2351,3.7217
39.027,0.0860,1.0000,0.0000,6,230.49,-5.92,9.53,-0.5812,-0.0672,14406.4,0.0,211.96,210.48,207.88,207.88,12.5994,24.4312,34.736,50.3991,69.4609,85.7755,98.0916,112.207,125.075,163.026,161.539,159.93,157.435,154.142,145.73,45.7313,17.7254,9.61485,3.81864
39.051,0.0774,1.0000,0.0000,6,230.75,-5.30,9.43,-0.5715,-0.0724,14433.8,0.0,212.17,210.89,208.27,208.27,12.4659,23.9867,33.9043,48.771,66.533,81.4543,92.5512,105.096,116.374,130.375,161.131,159.607,157.255,154.181,146.625,51.6593,18.8171,10.0295,3.93032
39.070,0.0697,1.0000,0.0000,6,231.03,-4.79,9.34,-0.5602,-0.0776,14440.9,0.0,212.46,211.23,208.38,208.38,12.3203,23.5264,33.0637,47.1699,63.73,77.4009,87.4286,98.6247,108.565,120.745,160.685,159.24,157.018,154.138,147.253,59.2332,20.0761,10.5023,4.05911
39.089,0.0627,1.0000,0.0000,6,231.33,-4.35,9.30,-0.5473,-0.0827,14446.9,0.0,212.76,211.55,208.46,208.46,12.1654,23.0601,32.2319,45.627,61.0976,73.6665,82.7718,92.8261,101.656,112.351,125.572,158.81,156.706,153.995,147.648,68.8777,21.4945,11.0276,4.20324
39.107,0.0094,1.0000,0.0000,6,231.62,-3.97,9.25,-0.5329,-0.0876,14455.3,0.0,213.03,211.88,208.58,208.58,12.003,22.5959,31.424,44.1685,58.6719,70.2881,78.6116,87.7145,95.6332,105.132,116.737,158.299,156.298,153.734,147.824,81.0698,23.0588,11.6001,4.36182
39.127,-0.0401,1.0000,0.0000,6,231.94,-3.61,9.19,-0.5173,-0.0905,14463.1,0.0,213.22,212.46,208.70,208.70,11.8518,22.2198,30.809,43.1249,57.0207,68.0597,75.9205,84.4708,91.8697,100.698,111.412,124.688,155.527,153.054,147.408,91.5454,24.4138,12.1304,4.52326
39.151,-0.0768,1.0000,0.0000,6,232.26,-2.91,9.12,-0.5009,-0.0896,14479.2,0.0,213.14,213.23,208.89,208.89,11.7325,22.0236,30.5646,42.8364,56.7184,67.7736,75.6607,84.2535,91.701,100.601,111.424,124.867,154.11,151.645,146.021,92.0525,25.0554,12.4969,4.67188
39.170,-0.0830,1.0000,0.0000,6,232.57,-1.84,8.98,-0.4843,-0.0846,14509.2,0.0,212.95,214.00,209.36,209.36,11.6517,22.0283,30.7301,43.3824,57.9118,69.651,78.1191,87.4347,95.5852,105.42,117.521,153.987,151.993,149.443,143.584,82.3282,24.8474,12.6546,4.79873
39.189,-0.0747,1.0000,0.0000,6,232.90,-0.47,8.90,-0.4678,-0.0767,14521.7,0.0,212.89,214.63,209.54,209.54,11.6,22.1805,31.2033,44.5797,60.3305,73.3722,82.9609,93.6894,103.235,114.956,152.834,151.454,149.345,146.635,140.304,70.2246,24.125,12.663,4.90631
39.208,-0.0672,1.0000,0.0000,6,233.21,0.81,8.86,-0.4519,-0.0680,14538.0,0.0,213.04,215.02,209.77,209.77,11.5605,22.3896,31.8036,46.0813,63.4058,78.189,89.322,102.053,113.632,151.555,150.188,148.72,146.471,143.559,136.568,60.751,23.3322,12.6223,5.00271
39.227,-0.0605,1.0000,0.0000,6,233.51,1.77,8.79,-0.4367,-0.0600,14554.9,0.0,213.34,215.22,210.01,210.01,11.5209,22.5859,32.3857,47.5864,66.6014,83.3445,96.2816,111.435,150.366,149.018,147.574,146.019,143.626,140.501,132.709,54.3795,22.6982,12.597,5.09435
39.252,-0.0544,1.0000,0.0000,6,233.81,2.32,8.73,-0.4224,-0.0532,14571.1,0.0,213.72,215.35,210.25,210.25,11.4755,22.7335,32.8674,48.9048,69.5322,88.2382,103.055,149.356,148.041,146.632,145.12,143.489,140.967,137.639,128.946,50.3116,22.2758,12.6108,5.1839
39.270,-0.0490,1.0000,0.0000,6,234.07,2.59,8.60,-0.4092,-0.0476,14615.0,0.0,214.12,215.48,210.87,210.87,11.427,22.8421,33.2637,50.0525,72.198,92.8384,109.578,147.206,145.843,144.383,142.813,141.115,138.476,134.959,125.21,47.5581,21.9948,12.6491,5.26965
39.289,-0.0441,1.0000,0.0000,6,234.37,2.74,8.46,-0.3969,-0.0424,14631.6,0.0,214.44,215.68,211.13,211.13,11.3815,22.9435,33.6418,51.1742,74.8817,97.5966,116.475,145.097,143.69,142.181,140.555,138.791,136.037,132.324,121.032,45.3809,21.7576,12.6858,5.34864
39.308,-0.0397,1.0000,0.0000,6,234.68,2.75,8.39,-0.3856,-0.0377,14639.1,0.0,214.80,215.90,211.24,211.24,11.3382,23.0317,33.9853,52.2253,77.4787,102.334,144.919,143.051,141.605,140.051,138.374,136.55,133.686,129.776,114.801,43.6885,21.5695,12.7241,5.42124
39.327,-0.0357,1.0000,0.0000,6,234.99,2.65,8.35,-0.3753,-0.0336,14649.1,0.0,215.15,216.12,211.38,211.38,11.2966,23.1029,34.2845,53.1758,79.9077,106.895,142.991,141.081,139.6,138.008,136.285,134.408,131.444,127.344,103.637,42.3897,21.4298,12.7663,5.48809
39.351,-0.0321,1.0000,0.0000,6,235.30,2.46,8.28,-0.3660,-0.0303,14660.1,0.0,215.52,216.32,211.54,211.54,11.2546,23.1457,34.5106,53.9475,81.9693,110.894,141.162,139.219,137.712,136.09,134.333,132.413,129.368,125.107,96.4012,41.4828,21.3541,12.8197,5.55068
39.371,-0.0289,1.0000,0.0000,6,235.60,2.20,8.24,-0.3575,-0.0277,14673.4,0.0,215.89,216.53,211.73,211.73,11.2129,23.1654,34.6753,54.561,83.6856,141.458,139.418,137.451,135.925,134.281,132.498,130.547,127.441,123.049,91.5003,40.8529,21.3253,12.8807,5.6091
39.389,-0.0260,1.0000,0.0000,6,235.89,1.98,8.10,-0.3498,-0.0252,14712.4,0.0,216.20,216.78,212.29,212.29,11.1753,23.1863,34.8343,55.1532,85.3659,139.759,137.697,135.708,134.165,132.502,130.696,128.716,125.553,121.035,87.4767,40.2938,21.2954,12.9336,5.66171
39.407,-0.0234,1.0000,0.0000,6,236.20,1.81,8.02,-0.3428,-0.0228,14723.0,0.0,216.50,217.06,212.45,212.45,11.1426,23.2151,35.0044,55.7672,87.1137,138.063,135.979,133.97,132.41,130.728,128.9,126.892,123.672,119.019,83.9147,39.7491,21.2518,12.9748,5.7084
39.427,-0.0211,1.0000,0.0000,6,236.51,1.65,7.99,-0.3364,-0.0206,14735.4,0.0,216.82,217.33,212.62,212.62,11.1132,23.2434,35.1659,56.353,88.8066,136.387,134.285,132.258,130.685,128.986,127.138,125.105,121.833,117.051,80.9387,39.2669,21.2104,13.0107,5.75047
39.452,-0.0190,1.0000,0.0000,6,236.83,1.50,7.96,-0.3306,-0.0186,14748.5,0.0,217.13,217.59,212.81,212.81,11.0863,23.2678,35.3111,56.8888,90.3855,134.738,132.622,130.581,128.996,127.285,125.421,123.368,120.053,115.156,78.5053,38.8577,21.1765,13.0439,5.78853
39.470,-0.0171,1.0000,0.0000,6,237.14,1.33,7.93,-0.3254,-0.0170,14763.0,0.0,217.45,217.85,213.02,213.02,11.0606,23.2832,35.4279,57.3425,91.7622,133.127,131.0,128.951,127.358,125.638,123.765,121.698,118.352,113.367,76.6154,38.5405,21.1585,13.0781,5.8236
39.490,-0.0154,1.0000,0.0000,6,237.44,1.18,7.89,-0.3207,-0.0155,14787.9,0.0,217.77,218.11,213.36,213.36,11.0367,23.2938,35.527,57.7406,92.9974,131.542,129.409,127.353,125.756,124.031,122.151,120.076,116.71,111.659,75.0785,38.2808,21.1482,13.1109,5.85557
39.508,-0.0138,1.0000,0.0000,6,237.74,1.06,7.83,-0.3164,-0.0141,14809.9,0.0,218.06,218.38,213.70,213.70,11.0155,23.3064,35.625,58.128,94.2051,129.966,127.827,125.767,124.167,122.439,120.554,118.473,115.091,109.984,73.695,38.0359,21.1344,13.1387,5.88425
39.527,-0.0125,1.0000,0.0000,6,238.05,0.96,7.79,-0.3125,-0.0128,14824.4,0.0,218.35,218.65,213.91,213.91,10.9965,23.3206,35.7217,58.5058,95.3888,128.398,126.255,124.193,122.59,120.86,118.973,116.887,113.494,108.338,72.4395,37.8042,21.1179,13.1624,5.91022
39.551,-0.0112,1.0000,0.0000,6,238.36,0.87,7.78,-0.3089,-0.0117,14840.1,0.0,218.65,218.93,214.13,214.13,10.9794,23.3344,35.8121,58.8587,96.5043,126.843,124.699,122.635,121.032,119.302,117.414,115.328,111.929,106.74,71.3386,37.5952,21.1017,13.1831,5.93344
39.570,-0.0460,1.0000,0.0000,6,238.67,0.78,7.75,-0.3057,-0.0106,14856.0,0.0,218.95,219.19,214.36,214.36,10.9635,23.3442,35.8884,59.1663,97.4961,125.307,123.163,121.101,119.5,117.772,115.887,113.804,110.408,105.21,70.426,37.4232,21.0918,13.2035,5.95482
39.589,-0.0813,1.0000,0.0000,6,238.97,0.68,7.72,-0.3029,-0.0084,14873.4,0.0,219.09,219.56,214.61,214.61,10.9634,23.438,36.1652,60.0229,127.15,123.596,121.435,119.357,117.743,115.998,114.093,111.982,108.522,103.112,68.1912,36.8544,20.9496,13.1703,5.96564
39.608,-0.0772,1.0000,0.0000,6,239.25,0.90,7.65,-0.3008,-0.0036,14906.3,0.0,219.03,220.05,215.08,215.08,10.9978,23.7243,36.913,62.2168,125.124,121.481,119.263,117.125,115.459,113.651,111.666,109.446,105.732,99.3554,63.4086,35.4657,20.5267,13.0227,5.95472
39.627,-0.0695,1.0000,0.0000,6,239.53,1.51,7.59,-0.2995,0.0033,14925.8,0.0,219.04,220.56,215.37,215.37,11.0627,24.1773,38.0842,65.7189,122.813,119.03,116.719,114.479,112.724,110.805,108.674,106.246,101.985,89.6788,57.5758,33.5983,19.9108,12.789,5.9247
39.651,-0.0625,1.0000,0.0000,6,239.81,2.14,7.56,-0.2992,0.0105,14942.4,0.0,219.23,220.89,215.61,215.61,11.1422,24.7,39.4482,69.9625,120.408,116.466,114.044,111.682,109.816,107.752,105.421,102.683,97.346,77.6827,52.3967,31.78,19.2703,12.5324,5.88458
39.670,-0.0563,1.0000,0.0000,6,240.09,2.59,7.55,-0.3000,0.0174,14958.1,0.0,219.52,221.12,215.83,215.83,11.2279,25.2363,40.8643,74.5714,118.017,113.916,111.38,108.886,106.895,104.662,102.076,98.8832,89.2922,68.8759,48.2274,30.1926,18.6759,12.282,5.83888
39.689,-0.0506,1.0000,0.0000,6,240.37,2.82,7.53,-0.3020,0.0234,14972.3,0.0,219.86,221.28,216.04,216.04,11.3151,25.7492,42.2276,79.1972,115.715,111.467,108.822,106.198,104.077,101.658,98.7615,94.8615,78.9917,62.5496,45.0086,28.8773,18.153,12.0497,5.7893
39.708,-0.0456,1.0000,0.0000,6,240.65,2.84,7.52,-0.3051,0.0285,14986.4,0.0,220.23,221.44,216.24,216.24,11.4031,26.2306,43.5062,83.6882,113.515,109.137,106.393,103.645,101.394,98.773,95.4896,90.1341,71.7567,57.8787,42.4929,27.7837,17.6924,11.8336,5.73575
39.727,-0.0410,1.0000,0.0000,6,240.93,2.78,7.47,-0.3093,0.0330,15012.5,0.0,220.56,221.63,216.62,216.62,11.4948,26.7008,44.7511,88.3596,111.377,106.88,104.04,101.168,98.7796,95.925,92.0923,82.201,66.1882,54.144,40.3868,26.8183,17.2643,11.6229,5.67698
39.752,-0.0369,1.0000,0.0000,6,241.22,2.66,7.45,-0.3145,0.0371,15024.8,0.0,220.89,221.85,216.80,216.80,11.5915,27.1678,45.9818,116.417,109.286,104.677,101.743,98.7429,96.204,93.064,88.2676,75.4845,61.6797,51.0246,38.557,25.9387,16.8553,11.4127,5.61238
39.771,-0.0332,1.0000,0.0000,6,241.51,2.49,7.45,-0.3208,0.0407,15037.8,0.0,221.22,222.07,216.99,216.99,11.6925,27.6276,47.1836,114.504,107.246,102.533,99.5097,96.3798,93.6761,90.1755,82.5103,70.1361,57.9721,48.3896,36.9562,25.1345,16.4642,11.2033,5.54247
39.790,-0.0299,1.0000,0.0000,6,241.80,2.30,7.45,-0.3280,0.0439,15050.9,0.0,221.55,222.29,217.18,217.18,11.7971,28.0767,48.3439,112.63,105.261,100.454,97.3457,94.0866,91.2038,87.2222,76.7018,65.7966,54.8802,46.1399,35.5452,24.3956,16.0892,10.9949,5.46762
39.808,-0.0269,1.0000,0.0000,6,242.09,2.08,7.46,-0.3361,0.0466,15065.0,0.0,221.88,222.51,217.38,217.38,11.9042,28.5094,49.4421,110.8,103.337,98.4486,95.2636,91.88,88.8066,84.1274,72.0601,62.2507,52.2919,44.2158,34.3016,23.7179,15.7307,10.7884,5.38852
39.826,-0.0242,1.0000,0.0000,6,242.38,1.86,7.45,-0.3450,0.0490,15088.0,0.0,222.19,222.75,217.70,217.70,12.0151,28.9362,50.5094,108.996,101.452,96.4905,93.233,89.7241,86.4365,80.2663,68.1396,59.2002,50.0196,42.4959,33.1615,23.0753,15.3792,10.5802,5.30485
39.852,-0.0218,1.0000,0.0000,6,242.67,1.69,7.44,-0.3546,0.0512,15104.9,0.0,222.48,223.00,217.95,217.95,12.1308,29.3694,51.5842,107.202,99.5824,94.5497,91.2187,87.5744,84.0222,75.6333,64.6346,56.4325,47.9244,40.887,32.0736,22.4463,15.0265,10.3671,5.21655
39.871,-0.0043,1.0000,0.0000,6,242.96,1.53,7.45,-0.3648,0.0533,15119.4,0.0,222.78,223.26,218.16,218.16,12.2508,29.8067,52.6604,105.418,97.7286,92.6279,89.2226,85.4312,81.5382,71.5333,61.4801,53.908,45.9849,39.3779,31.0343,21.831,14.6737,10.1502,5.12413
39.890,0.0092,1.0000,0.0000,6,243.26,1.40,7.47,-0.3756,0.0546,15133.8,0.0,223.15,223.45,218.37,218.37,12.3651,30.1763,53.5077,103.728,96.0056,90.8724,87.427,83.5433,79.3767,68.6862,59.2269,52.0611,44.5251,38.2108,30.1977,21.3078,14.3567,9.94662,5.03135
39.908,0.0083,1.0000,0.0000,6,243.56,1.12,7.49,-0.3867,0.0545,15148.4,0.0,223.58,223.58,218.58,218.58,12.4637,30.4084,53.9013,102.206,94.5164,89.4179,86.0014,82.1584,78.0584,67.6032,58.2761,51.214,43.7904,37.573,29.6863,20.9411,14.1066,9.77192,4.94209
39.927,0.0075,1.0000,0.0000,6,243.86,0.73,7.51,-0.3981,0.0535,15164.4,0.0,223.96,223.75,218.81,218.81,12.5523,30.5541,54.0098,100.784,93.167,88.1427,84.7963,81.0724,77.2362,67.545,58.0811,50.9467,43.4759,37.2415,29.3627,20.6646,13.8947,9.61362,4.85469
39.951,0.0067,1.0000,0.0000,6,244.14,0.38,7.50,-0.4096,0.0524,15189.4,0.0,224.25,223.99,219.17,219.17,12.6397,30.6844,54.0671,99.3758,91.8369,86.892,83.6197,80.0194,76.4304,67.6766,58.0194,50.7776,43.2291,36.9571,29.0659,20.3994,13.6867,9.45637,4.76686
39.970,0.0061,0.9959,0.0000,6,244.44,0.13,7.50,-0.4211,0.0513,15205.4,0.0,224.51,224.26,219.40,219.40,12.728,30.8214,54.1475,97.9533,90.4882,85.6175,82.4134,78.9221,75.5298,67.7222,57.8881,50.5512,42.938,36.6385,28.7466,20.1222,13.473,9.2963,4.67836
39.988,0.0055,0.9827,0.0000,6,244.73,-0.03,7.51,-0.4326,0.0504,15220.1,0.0,224.77,224.55,219.62,219.62,12.8179,30.9723,54.2743,96.5076,89.1093,84.3052,81.1608,77.7617,74.5213,67.5806,57.615,50.2142,42.5651,36.2593,28.3892,19.8263,13.251,9.13253,4.58931
40.008,0.0049,0.9668,0.0000,6,245.01,-0.12,7.53,-0.4440,0.0497,15231.5,0.0,225.01,224.83,219.78,219.78,12.9096,31.1401,54.4577,95.0349,87.6957,82.95,79.8566,76.5333,73.4087,67.1983,57.1643,49.7409,42.0935,35.8082,27.9879,19.5094,13.0202,8.96511,4.49993
40.027,0.0044,0.9506,0.0000,6,245.28,-0.16,7.54,-0.4553,0.0491,15241.5,0.0,225.25,225.10,219.92,219.92,13.0024,31.32,54.6828,93.5406,86.255,81.5618,78.5136,75.255,72.2233,66.6281,56.5763,49.1631,41.547,35.3033,27.5542,19.1776,12.7835,8.7954,4.41055
40.052,0.0040,0.9311,0.0000,6,245.53,-0.18,7.55,-0.4666,0.0486,15255.7,0.0,225.48,225.35,220.12,220.12,13.0959,31.5094,54.9402,92.0286,84.7925,80.1477,77.1401,73.9382,70.9839,65.8827,55.8778,48.5019,40.9413,34.7559,27.0953,18.8343,12.5425,8.62414,4.32131
40.070,0.0036,0.9142,0.0000,6,245.77,-0.17,7.54,-0.4778,0.0482,15263.9,0.0,225.69,225.59,220.25,220.25,13.1895,31.7037,55.2161,90.5038,83.3153,78.7164,75.7469,72.5971,69.7111,64.9479,55.11,47.789,40.2994,34.183,26.6218,18.4849,12.2994,8.45246,4.23246
40.089,0.0032,0.9004,0.0000,6,245.99,-0.16,7.55,-0.4888,0.0478,15269.8,0.0,225.90,225.80,220.34,220.34,13.2827,31.8985,55.4965,88.9713,81.8301,77.2764,74.3441,71.2445,68.4227,63.9246,54.3141,47.0555,39.6434,33.6008,26.1434,18.1341,12.0565,8.28131,4.14417
40.108,0.0029,0.8878,0.0000,6,246.20,-0.15,7.57,-0.4998,0.0474,15276.6,0.0,226.09,226.01,220.43,220.43,13.3757,32.0965,55.7898,87.4285,80.3334,75.8235,72.9268,69.8744,67.1114,62.8221,53.468,46.2848,38.9618,33.0007,25.6551,17.7794,11.8125,8.11014,4.05631
40.126,0.0026,0.8756,0.0000,6,246.39,-0.13,7.58,-0.5107,0.0471,15283.6,0.0,226.27,226.19,220.53,220.53,13.4687,32.298,56.0963,85.8753,78.8253,74.358,71.4955,68.4877,65.7785,61.6594,52.5724,45.4778,38.2553,32.3836,25.1574,17.4211,11.5676,7.93902,3.96888
40.151,0.0023,0.8638,0.0000,6,246.58,-0.11,7.60,-0.5216,0.0469,15290.3,0.0,226.44,226.37,220.63,220.63,13.5612,32.4991,56.4043,84.3158,77.3115,72.8867,70.0582,67.0943,64.4374,60.4716,51.6613,44.6601,37.542,31.7623,24.6581,17.0629,11.3234,7.7687,3.88203
40.170,0.0021,0.8494,0.0000,6,246.75,-0.10,7.60,-0.5323,0.0466,15301.0,0.0,226.60,226.54,220.79,220.79,13.6537,32.7032,56.7232,82.7471,75.7878,71.4048,68.6092,65.6874,63.0794,59.2455,50.71,43.8126,36.8082,31.1268,24.1506,16.7013,11.0782,7.59815,3.79539
40.190,0.0019,0.8388,0.0000,6,246.91,-0.08,7.60,-0.5431,0.0464,15304.5,0.0,226.75,226.70,220.84,220.84,13.7462,32.91,57.0671,81.1694,74.2549,69.913,67.1496,64.2684,61.7064,57.9887,49.7229,42.9392,36.0569,30.4794,23.6368,16.3375,10.8326,7.42779,3.70914
40.208,0.0017,0.8293,0.0000,6,247.06,-0.06,7.62,-0.5537,0.0463,15309.4,0.0,226.89,226.84,220.91,220.91,13.8384,33.1165,58.4717,79.5861,72.7172,68.4167,65.6856,62.8449,60.3285,56.7206,48.726,42.0589,35.3013,29.8294,23.122,15.9737,10.5873,7.25789,3.62321
40.227,0.0015,0.8207,0.0000,6,247.20,-0.04,7.64,-0.5643,0.0461,15313.9,0.0,227.03,226.98,220.97,220.97,13.93,33.3215,86.6747,77.9981,71.176,66.9177,64.2194,61.4197,58.9491,55.4485,47.729,41.1791,34.5465,29.1804,22.6083,15.6109,10.3429,7.08863,3.53766
40.252,0.0014,0.8122,0.0000,6,247.33,-0.03,7.66,-0.5749,0.0459,15318.9,0.0,227.15,227.10,221.05,221.05,14.021,33.5244,85.0582,76.4062,69.6322,65.4169,62.7521,59.9939,57.5697,54.1748,46.7357,40.3029,33.7951,28.5345,22.0973,15.2503,10.1,6.92043,3.45266
40.270,0.0012,0.8021,0.0000,6,247.46,-0.03,7.67,-0.5854,0.0457,15326.1,0.0,227.27,227.23,221.15,221.15,14.1124,33.731,83.4354,74.8047,68.0787,63.906,61.2739,58.556,56.1757,52.8756,45.7055,39.3993,33.0245,27.8751,21.5783,14.8859,9.85561,6.75162,3.36761
40.289,0.0226,0.7936,0.0000,6,247.57,-0.01,7.67,-0.5959,0.0456,15330.1,0.0,227.37,227.34,221.21,221.21,14.2038,33.9408,81.803,73.1941,66.5162,62.3857,59.7857,57.1071,54.7688,51.5551,44.6431,38.4725,32.2384,27.2053,21.0538,14.5197,9.61092,6.58302,3.28293
40.307,0.0897,0.7869,0.0000,6,247.68,0.01,7.68,-0.6062,0.0446,15332.8,0.0,227.57,227.34,221.25,221.25,14.2798,34.0414,80.243,71.6833,65.0826,61.0215,58.4783,55.8759,53.631,50.6473,44.3418,38.1107,31.849,26.8182,20.6991,14.2347,9.40211,6.43126,3.20191
40.327,0.1798,0.7805,0.0000,6,247.77,-0.15,7.69,-0.6161,0.0402,15336.3,0.0,227.94,227.02,221.30,221.30,14.2995,33.7525,78.9611,70.5392,64.1104,60.2048,57.7939,55.3753,53.3576,50.8821,46.9845,39.9595,32.9834,27.5015,20.9762,14.2471,9.32312,6.34013,3.13421
40.351,0.2473,0.7718,0.0000,6,247.81,-0.92,7.68,-0.6249,0.0308,15343.3,0.0,228.29,226.41,221.40,221.40,14.2326,32.9042,78.094,69.9296,63.7905,60.1362,57.9305,55.7802,54.0608,52.1059,49.7394,46.2542,37.2404,30.2645,22.4071,14.7704,9.4593,6.34843,3.08934
40.370,0.2980,0.7597,0.0000,6,247.79,-2.31,7.64,-0.6321,0.0171,15353.0,0.0,228.47,225.71,221.53,221.53,14.0913,31.6514,77.5692,69.726,63.9369,60.5653,58.5747,56.6822,55.2168,53.6246,51.8557,49.8123,45.8823,36.3907,25.4407,15.905,9.82936,6.46088,3.06977
40.389,0.3360,0.7435,0.0000,6,247.71,-3.98,7.54,-0.6374,0.0010,15365.8,0.0,228.41,225.05,221.72,221.72,13.9075,30.2642,77.2495,69.6805,64.2356,61.1228,59.3164,57.6286,56.348,54.9901,53.5358,51.9554,49.427,45.592,30.748,17.7082,10.4157,6.66364,3.07398
40.408,0.3645,0.7315,0.0000,6,247.58,-5.63,7.41,-0.6404,-0.0158,15369.9,0.0,228.12,224.44,221.78,221.78,13.7048,28.9109,44.6747,69.6252,64.4892,61.5954,59.9367,58.4051,57.2573,56.057,54.7951,53.4589,51.427,48.7643,39.9443,20.3163,11.2107,6.94625,3.10062
40.427,0.3859,0.7250,0.0000,6,247.40,-7.07,7.26,-0.6410,-0.0322,15369.7,0.0,227.69,223.88,221.78,221.78,13.4967,27.6679,41.1609,69.4692,64.5997,61.8865,60.3451,58.9332,57.8836,56.7953,55.6631,54.4805,52.723,50.5248,45.4216,23.9794,12.218,7.30281,3.14905
40.452,0.4019,0.7233,0.0000,6,247.20,-8.21,7.08,-0.6392,-0.0478,15367.3,0.0,227.16,223.37,221.75,221.75,13.2888,26.5528,38.6548,69.1779,64.5356,61.9716,60.5246,59.2065,58.2321,57.2274,56.1892,55.1136,53.5352,51.6053,47.4495,29.1448,13.4541,7.73211,3.2193
40.470,0.3549,0.7264,0.0000,6,246.99,-9.02,6.89,-0.6348,-0.0622,15361.9,0.0,226.59,222.91,221.68,221.68,13.0831,25.5603,36.5523,68.742,64.2932,61.8533,60.4834,59.2408,58.3259,57.3861,56.4195,55.4234,53.9733,52.2236,48.5857,36.5826,14.9404,8.23412,3.31141
40.489,0.3194,0.7310,0.0000,6,246.79,-9.53,6.68,-0.6278,-0.0754,15358.0,0.0,226.29,222.80,221.62,221.62,12.8783,24.6694,34.7518,68.174,63.8914,61.5566,60.2511,59.0708,58.2044,57.3171,56.4075,55.4737,54.1219,52.5047,49.2105,40.5497,16.7161,8.81378,3.42622
40.508,0.2874,0.7390,0.0000,6,246.60,-9.78,6.46,-0.6182,-0.0876,15350.7,0.0,226.14,222.89,221.52,221.52,12.6714,23.8543,33.1741,67.497,63.3597,61.1159,59.8656,58.7383,57.9128,57.0694,56.207,55.3243,54.0516,52.5387,49.4982,42.0817,18.8447,9.48032,3.56477
40.527,0.2587,0.7504,0.0000,6,246.45,-9.77,6.26,-0.6061,-0.0987,15341.4,0.0,226.07,223.08,221.39,221.39,12.4616,23.1026,31.7771,66.7318,62.7102,60.5461,59.3438,58.2622,57.4719,56.666,55.8436,55.0039,53.7971,52.3692,49.5278,42.8809,21.3787,10.2372,3.72726
40.551,0.2328,0.7630,0.0000,6,246.33,-9.55,6.05,-0.5915,-0.1087,15333.0,0.0,226.03,223.32,221.26,221.26,12.2476,22.4023,30.5244,65.8923,61.9557,59.8622,58.7023,57.661,56.9014,56.1281,55.3405,54.5377,53.3872,52.031,49.3525,43.2573,24.3792,11.0883,3.91399
40.571,0.2095,0.7751,0.0000,6,246.24,-9.14,5.85,-0.5744,-0.1178,15326.1,0.0,226.02,223.59,221.16,221.16,12.0287,21.7429,29.3865,64.9809,61.1089,59.0788,57.9568,56.9514,56.2192,55.4748,54.7178,53.9476,52.8462,51.552,49.0114,43.3447,27.9123,12.036,4.12477
40.589,0.1886,0.7859,0.0000,6,246.19,-8.60,5.64,-0.5549,-0.1261,15320.5,0.0,226.05,223.86,221.08,221.08,11.8028,21.1112,28.3312,64.0089,60.1888,58.2167,57.1293,56.1566,55.4492,54.731,54.0016,53.2607,52.2032,50.9641,48.544,43.2295,31.1263,13.0883,4.35998
40.608,0.1697,0.7937,0.0000,6,246.17,-8.02,5.42,-0.5330,-0.1339,15318.1,0.0,226.11,224.12,221.05,221.05,11.5674,20.4913,27.3239,62.9979,59.2211,57.3033,56.2483,55.306,54.6217,53.9278,53.224,52.5101,51.4929,50.304,47.9924,42.9805,32.4856,14.2642,4.62068
40.626,0.1528,0.8012,0.0000,6,246.17,-7.45,5.21,-0.5089,-0.1414,15313.7,0.0,226.21,224.35,220.98,220.98,11.3212,19.8741,26.3449,61.961,58.2212,56.3551,55.3307,54.4172,53.7547,53.0837,52.404,51.7153,50.7357,49.5934,47.3812,42.6369,33.2031,15.5819,4.90762
40.652,0.1664,0.8076,0.0000,6,246.19,-6.90,5.00,-0.4826,-0.1486,15310.7,0.0,226.33,224.56,220.94,220.94,11.0642,19.2567,25.3858,60.9039,57.1957,55.3792,54.3841,53.4981,52.8563,52.207,51.55,50.8852,49.9411,48.8423,46.7223,42.2187,33.5872,17.0559,5.22083
40.670,0.2369,0.8117,0.0000,6,246.23,-6.40,4.79,-0.4542,-0.1558,15310.0,0.0,226.35,224.62,220.93,220.93,10.7943,18.6281,24.4254,59.8485,56.1654,54.3972,53.4306,52.5712,51.9494,51.321,50.6859,50.044,49.1336,48.0763,46.0431,41.7602,33.7811,18.7284,5.5624
40.690,0.2902,0.8133,0.0000,6,246.25,-6.02,4.59,-0.4236,-0.1638,15310.8,0.0,226.17,224.36,220.94,220.94,10.5067,17.966,23.4231,58.8477,55.175,53.4552,52.517,51.684,51.0821,50.4743,49.8607,49.2412,48.3638,47.3467,45.3971,41.3211,33.8997,20.711,5.93914
40.708,0.3301,0.8127,0.0000,6,246.25,-5.92,4.38,-0.3909,-0.1731,15312.8,0.0,225.98,223.96,220.96,220.96,10.1981,17.2578,22.3635,57.9421,54.259,52.584,51.6744,50.8678,50.2856,49.6984,49.1061,48.5087,47.6639,46.6861,44.8172,40.9368,34.0037,22.7856,6.35853
40.726,0.3601,0.8104,0.0000,6,246.22,-6.07,4.17,-0.3561,-0.1836,15315.4,0.0,225.79,223.52,221.00,221.00,9.87038,16.5128,21.2628,57.1273,53.4194,51.7723,50.8911,50.1107,49.5479,48.9809,48.4094,47.8336,47.0203,46.0805,44.2891,40.5919,34.0885,24.1487,6.82474
40.751,0.3826,0.8074,0.0000,6,246.16,-6.40,3.96,-0.3190,-0.1950,15317.8,0.0,225.59,223.07,221.03,221.03,9.5266,15.7457,20.1465,56.3821,52.6383,50.9961,50.1425,49.3875,48.8436,48.296,47.7447,47.1897,46.4066,45.5031,43.7848,40.258,34.134,25.1136,7.33992
40.771,0.3994,0.4441,0.0000,6,246.09,-6.83,3.73,-0.2797,-0.2070,15319.9,0.0,225.38,222.66,221.06,221.06,9.16966,14.9692,19.0378,55.6834,51.896,50.2386,49.4054,48.6748,48.1491,47.6201,47.088,46.5527,45.7983,44.9291,43.2797,39.9105,34.1236,25.8194,7.90554
40.789,0.4121,0.2442,0.0000,6,245.83,-7.26,3.51,-0.2380,-0.2192,15163.6,0.0,225.13,222.25,218.85,218.85,8.8014,14.1915,17.9519,55.0136,51.1776,49.502,48.6658,47.9568,47.4482,46.937,46.423,45.9065,45.1792,44.3423,42.7573,39.534,34.0493,26.3312,8.52344
40.808,0.4216,0.1343,0.0000,6,245.33,-7.69,3.28,-0.1941,-0.2318,15046.0,0.0,224.76,221.77,218.38,215.92,8.42249,13.4147,16.8928,54.3716,50.482,48.7866,47.9412,47.2326,46.7396,46.2451,45.7485,45.2497,44.548,43.7415,42.2171,39.1291,33.9173,26.6949,9.19736
40.827,0.4287,0.0739,0.0000,6,244.68,-8.20,3.06,-0.1478,-0.2451,14957.6,0.0,224.29,221.17,217.44,214.32,8.03114,12.631,15.8446,53.7964,49.8416,48.1217,47.265,46.5473,46.052,45.5699,45.0897,44.6078,43.9305,43.1528,41.6853,38.7235,33.7602,26.966,9.93935
40.852,0.4340,0.0406,0.0000,6,243.95,-8.83,2.82,-0.0992,-0.2590,14885.5,0.0,223.73,220.46,216.58,213.09,7.62796,11.843,14.8117,53.2931,49.26,47.5105,46.64,45.9114,45.4088,44.9204,44.4459,43.9797,43.3254,42.575,41.1612,38.3171,33.5808,27.162,10.7578
40.871,0.4380,0.0223,0.0000,6,243.16,-9.56,2.58,-0.0483,-0.2736,14821.2,0.0,223.09,219.68,215.78,212.03,7.21414,11.0549,13.802,20.3571,48.7335,46.9495,46.0629,45.3214,44.8102,44.3137,43.8314,43.3628,42.7261,42.0013,40.6381,37.9037,33.3755,27.2901,11.6531
40.890,0.4410,0.0123,0.0000,6,242.34,-10.33,2.35,0.0050,-0.2887,14760.8,0.0,222.37,218.85,215.00,211.07,6.79076,10.2708,12.824,18.1733,48.2541,46.4309,45.5262,44.7701,44.2492,43.7435,43.2526,42.7757,42.1309,41.4229,40.1071,37.4752,33.1387,27.3529,12.4692
40.908,0.4432,0.0068,0.0000,6,241.49,-11.16,2.13,0.0607,-0.3043,14702.7,0.0,221.60,217.95,214.26,210.14,6.3576,9.50135,11.8759,16.4625,47.834,45.9658,45.0402,44.2673,43.7352,43.219,42.718,42.2317,41.5745,40.8553,39.5743,37.0382,32.8787,27.3641,13.162
40.927,0.4248,0.0037,0.0000,6,240.63,-12.00,1.91,0.1188,-0.3201,14646.2,0.0,220.81,217.04,213.50,209.27,5.91599,8.76202,10.9691,14.9977,47.4527,45.5351,44.5866,43.7954,43.2511,42.7234,42.2116,41.715,41.0443,40.311,39.0243,36.5778,32.5827,27.3161,13.7449
40.952,0.3773,0.0020,0.0000,6,239.76,-12.68,1.73,0.1794,-0.3355,14591.5,0.0,220.03,216.25,212.67,208.52,5.46771,8.06231,10.1215,13.7486,47.0572,45.0908,44.1198,43.3107,42.7545,42.2156,41.6932,41.1867,40.5031,39.7562,38.4471,36.064,32.2233,27.1881,14.22
40.971,0.3396,0.0011,0.0000,6,238.90,-13.18,1.53,0.2424,-0.3501,14536.7,0.0,219.38,215.70,211.80,207.80,5.01307,7.40617,9.33872,12.6816,46.618,44.6061,43.6144,42.7889,42.2219,41.6729,41.141,40.6256,39.9304,39.1715,37.8429,35.4863,31.7922,26.9759,14.5936
40.990,0.3056,0.0006,0.0000,6,238.07,-13.50,1.30,0.3078,-0.3638,14483.7,0.0,218.78,215.28,210.94,207.13,4.55178,6.79457,8.62035,11.769,46.126,44.0733,43.0632,42.2232,41.6467,41.0889,40.5488,40.0258,39.3208,38.5517,37.207,34.8478,31.2939,26.6861,14.8752
41.008,0.2751,0.0003,0.0000,6,237.26,-13.60,1.08,0.3756,-0.3766,14433.2,0.0,218.19,214.90,210.11,206.50,4.10236,6.22799,7.96579,10.9988,45.5767,43.4884,42.4626,41.6104,41.026,40.4608,39.914,39.3848,38.6718,37.8948,36.5375,34.1616,30.7344,26.3268,15.0739
41.027,0.2475,0.0002,0.0000,6,236.46,-13.54,0.97,0.4447,-0.3698,14384.0,0.0,217.60,214.48,209.38,205.82,3.68559,5.69858,7.35759,10.3144,45.0442,42.9182,41.8757,41.0106,40.4179,39.8451,39.2912,38.7555,38.0342,37.2489,35.8787,33.485,30.1529,25.9346,15.2124
41.052,0.2228,0.0001,0.0000,6,235.64,-13.62,0.99,0.5090,-0.3432,14335.3,0.0,217.14,213.92,208.80,204.99,3.29932,5.1952,6.77135,9.63449,44.6528,42.4735,41.4073,40.5236,39.9187,39.3346,38.7702,38.2247,37.491,36.6927,35.3021,32.8783,29.6006,25.5565,15.3177
41.071,0.2005,0.0001,0.0000,6,234.81,-13.80,1.21,0.5675,-0.3174,14289.1,0.0,216.73,213.23,208.29,204.16,2.94369,4.71977,6.20996,8.96269,44.4263,42.1747,41.0758,40.1665,39.5448,38.945,38.3659,37.8067,37.0553,36.2388,34.8186,32.3504,29.0786,25.1939,15.3947
41.089,0.1805,0.0000,0.0000,6,234.00,-13.87,1.44,0.6200,-0.2901,14243.8,0.0,216.19,212.68,207.57,203.57,2.6232,4.29469,5.72044,8.46246,44.1636,41.8418,40.7116,39.7779,39.1402,38.5256,37.9327,37.3607,36.5928,35.7594,34.3123,31.8044,28.5081,24.7785,15.4139
41.108,0.1624,0.0000,0.0000,6,233.27,-13.06,1.76,0.6665,-0.2587,14202.3,0.0,215.31,212.39,206.53,203.41,2.34355,3.94564,5.36014,8.43197,43.5787,41.2226,40.0781,39.1336,38.4893,37.8686,37.2705,36.6937,35.9201,35.0812,33.6264,31.1111,27.8155,24.2357,15.3416
41.127,0.1462,0.0000,0.0000,6,232.60,-11.75,1.99,0.7069,-0.2240,14157.5,0.0,214.40,212.18,205.56,203.10,2.104,3.66827,5.12741,48.5291,42.7555,40.3934,39.2479,38.3035,37.6597,37.04,36.443,35.8677,35.0965,34.2608,32.8133,30.3149,27.0498,23.6081,15.201
41.152,0.1316,0.0000,0.0000,6,231.93,-10.71,2.16,0.7409,-0.1895,14118.1,0.0,213.85,211.76,205.03,202.47,1.90362,3.45005,5.0003,47.8322,42.0012,39.6258,38.476,37.5291,36.8841,36.2636,35.6663,35.091,34.3204,33.4861,32.0425,29.5559,26.3152,22.9844,15.0356
41.170,0.1573,0.0000,0.0000,6,231.29,-9.71,2.36,0.7682,-0.1542,14082.7,0.0,213.32,211.33,204.44,202.03,1.74678,3.31294,5.05708,47.1006,41.2213,38.8365,37.6842,36.7363,36.0912,35.471,34.8743,34.3,33.5312,32.6996,31.2623,28.7913,25.5801,22.3399,14.8351
41.189,0.2305,0.0000,0.0000,6,230.65,-8.56,2.66,0.7888,-0.1184,14047.5,0.0,212.64,210.73,203.88,201.58,1.63639,3.27662,5.44147,46.3499,40.4279,38.0363,36.8828,35.935,35.2905,34.6713,34.076,33.5032,32.7371,31.9091,30.4797,28.0272,24.8488,21.6796,14.6036
41.208,0.2854,0.0000,0.0000,6,229.99,-7.79,2.92,0.8028,-0.0844,14006.5,0.0,211.93,209.75,203.52,200.77,1.57277,3.35057,6.6719,45.8688,39.8353,37.4123,36.2466,35.29,34.6402,34.0165,33.4173,32.8413,32.0715,31.2403,29.8076,27.3557,24.1893,21.0511,14.3643
41.227,0.3265,0.0000,0.0000,6,229.26,-7.53,3.34,0.8102,-0.0535,13965.9,0.0,211.33,208.53,203.30,199.82,1.55722,3.55747,62.8226,45.8619,39.5886,37.0892,35.8907,34.9092,34.2434,33.6051,32.9926,32.4044,31.6193,30.7728,29.3168,26.8336,23.6426,20.4963,14.1275
41.252,0.3574,0.0000,0.0000,6,228.49,-7.75,3.87,0.8113,-0.0257,13920.9,0.0,210.74,207.25,203.01,198.82,1.59132,3.94822,64.9102,46.3714,39.7067,37.0793,35.825,34.8005,34.1069,33.4429,32.8067,32.1966,31.3836,30.5088,29.008,26.4601,23.2068,20.0206,13.8901
41.271,0.3805,0.0000,0.0000,6,227.67,-8.28,4.49,0.8064,-0.0003,13872.9,0.0,210.08,206.02,202.57,197.88,1.67827,4.64357,68.194,47.3685,40.1522,37.3449,36.0121,34.9269,34.1941,33.4939,32.8242,32.1832,31.3306,30.4153,28.8503,26.208,22.8605,19.6089,13.6432
41.289,0.3979,0.0000,0.0000,6,226.82,-8.86,5.23,0.7957,0.0238,13822.1,0.0,209.28,204.84,201.97,197.02,1.8217,6.06767,72.7641,48.8011,40.8686,37.8317,36.3992,35.2374,34.4549,33.709,32.9972,32.3172,31.4149,30.4489,28.8035,26.0432,22.5776,19.2428,13.379
41.308,0.4109,0.0000,0.0000,6,225.90,-9.53,6.14,0.7797,0.0454,13766.8,0.0,208.48,203.54,201.43,195.96,2.02011,123.814,79.7634,51.02,42.0702,38.7133,37.143,35.8754,35.0247,34.2161,33.4464,32.713,31.7427,30.7073,28.9521,26.0307,22.4026,18.9513,13.1072
41.327,0.4207,0.0000,0.0000,6,224.94,-10.61,6.99,0.7586,0.0648,13707.9,0.0,207.71,202.32,200.80,194.89,2.27524,131.548,87.5483,54.2542,43.8567,40.0581,38.2995,36.8883,35.9456,35.0525,34.2052,33.4003,32.3392,31.2117,29.3111,26.1778,22.3374,18.7337,12.8253
41.351,0.4280,0.0000,0.0000,6,223.96,-11.57,7.94,0.7326,0.0837,13650.2,0.0,206.75,201.20,199.95,194.08,2.59548,48.9069,93.7166,58.3944,46.0834,41.7263,39.7337,38.1458,37.0905,36.0946,35.1535,34.2627,33.0929,31.8558,29.7839,26.4047,22.3229,18.5501,12.5202
41.371,0.4335,0.0000,0.0000,6,222.97,-11.99,8.96,0.7021,0.1036,13589.9,0.0,205.55,200.12,198.91,193.38,2.99137,32.4165,98.6107,63.2967,48.5882,43.5691,41.3049,39.5144,38.3311,37.2193,36.1729,35.1863,33.8963,32.5389,30.2814,26.6408,22.3098,18.3689,12.186
41.389,0.4376,0.0000,0.0000,6,221.93,-12.69,9.96,0.6674,0.1213,13525.5,0.0,204.58,198.96,198.19,192.25,3.45558,26.6938,103.641,70.6437,52.2196,46.2359,43.5843,41.508,40.1456,38.8727,37.6807,36.5625,35.1082,33.5877,31.0802,27.0922,22.4348,18.2753,11.8757
41.408,0.4407,0.0000,0.0000,6,220.87,-13.91,10.77,0.6285,0.1370,13459.6,0.0,203.71,197.82,197.40,191.13,3.99426,23.4976,109.781,80.2441,57.3998,49.9773,46.7649,44.2815,42.667,41.1691,39.7757,38.4763,36.7982,35.0571,32.2163,27.7737,22.6992,18.2659,11.601
41.427,0.4430,0.0000,0.0000,6,219.83,-14.48,11.77,0.5856,0.1542,13398.5,0.0,202.60,196.84,196.26,190.51,4.52265,21.9283,116.267,86.8362,63.5821,54.2792,50.363,47.3795,45.46,43.6931,42.0616,40.5505,38.6133,36.6207,33.4062,28.4686,22.9575,18.2504,11.3392
41.452,0.4448,0.4500,0.0000,6,218.88,-14.48,12.53,0.5390,0.1747,13336.1,0.0,201.29,196.09,194.93,190.04,5.00229,21.3571,122.149,91.1106,69.9984,58.5218,53.8296,50.3081,48.0664,46.0194,44.1428,42.4163,40.2193,37.9781,34.4021,29.0018,23.1031,18.1681,11.0759
41.471,0.4461,0.6975,0.0000,6,218.32,-14.28,12.93,0.4886,0.1870,13515.4,0.0,200.14,195.54,195.06,195.06,5.44638,21.2866,127.179,93.9152,75.3381,62.5267,57.0165,52.9426,50.3761,48.0504,45.9334,43.9982,41.5527,39.0776,35.1685,29.3574,23.1328,18.0204,10.8104
41.490,0.4471,0.8336,0.0000,6,218.02,-13.57,13.06,0.4394,0.1761,13588.9,0.0,199.21,195.27,196.09,196.09,5.87694,21.713,130.253,95.2422,77.8326,65.3972,59.1991,54.6738,51.8475,49.3026,46.9993,44.9048,42.2729,39.6259,35.4793,29.3907,22.967,17.7647,10.5319
41.509,0.4478,0.9085,0.0000,6,217.95,-12.35,12.90,0.3929,0.1698,13664.0,0.0,198.47,195.22,197.14,197.14,6.3078,22.6085,131.059,95.2242,78.2988,66.4192,59.8381,55.0722,52.1122,49.4578,47.0642,44.8947,42.1782,39.4569,35.2157,29.0354,22.5751,17.3876,10.2368
41.527,0.4484,0.9497,0.0000,6,218.01,-10.97,12.43,0.3486,0.1664,13738.3,0.0,197.96,195.29,198.21,198.21,6.73667,23.7716,130.382,94.3655,77.6408,66.0522,59.3449,54.5103,51.5172,48.8392,46.4293,44.2492,41.5248,38.8016,34.5694,28.4285,22.042,16.9378,9.93449
41.553,0.4488,0.9723,0.0000,6,218.17,-9.54,11.83,0.3060,0.1646,13786.1,0.0,197.64,195.45,198.92,198.92,7.15857,25.0516,128.921,93.0643,76.4324,64.9241,58.2416,53.4376,50.4686,47.8155,45.4308,43.2758,40.5859,37.9003,33.7333,27.701,21.4452,16.4583,9.63343
41.571,0.4491,0.9848,0.0000,6,218.38,-8.11,11.24,0.2650,0.1632,13801.3,0.0,197.49,195.69,199.16,199.16,7.56606,26.3058,127.278,91.6661,75.1098,63.6424,57.0202,52.2696,49.338,46.7211,44.3709,42.2491,39.6028,36.9635,32.8734,26.9637,20.8489,15.9844,9.34078
41.590,0.4493,0.9916,0.0000,6,218.62,-6.85,10.73,0.2256,0.1611,13794.6,0.0,197.53,195.99,199.07,199.07,7.94879,27.3768,125.998,90.4791,74.06,62.765,56.1276,51.3813,48.4588,45.8541,43.5184,41.412,38.7885,36.1761,32.1351,26.3129,20.3088,15.547,9.06324
41.609,0.4495,0.9954,0.0000,6,218.85,-5.86,10.31,0.1877,0.1574,13781.8,0.0,197.76,196.32,198.88,198.88,8.29641,28.1274,125.511,89.7397,73.567,62.7139,55.9201,51.068,48.0917,45.4464,43.0801,40.951,38.3056,35.678,31.6273,25.8194,19.8654,15.1682,8.80582
41.627,0.4496,0.9975,0.0000,6,219.05,-5.27,9.96,0.1513,0.1517,13783.5,0.0,198.16,196.63,198.88,198.88,8.59944,28.4542,126.173,89.6507,73.8175,63.6437,56.7556,51.6169,48.4856,45.7159,43.2485,41.0369,38.2997,35.5931,31.4435,25.5424,19.551,14.8653,8.57239
41.653,0.4127,0.9986,0.0000,6,219.21,-5.16,9.64,0.1166,0.1435,13794.4,0.0,198.66,196.85,199.04,199.04,8.85231,28.3382,128.18,90.3486,74.8289,65.4266,59.0012,53.3071,49.8736,46.859,44.1911,41.8137,38.8898,36.0178,31.6521,25.5201,19.3843,14.6471,8.36484
41.671,0.3715,0.9992,0.0000,6,219.35,-5.44,9.37,0.0837,0.1331,13808.5,0.0,199.34,197.17,199.25,199.25,9.05762,27.8795,131.426,91.8273,76.4023,67.7192,62.2087,56.3466,52.4115,48.9936,45.9973,43.3496,40.1216,36.9811,32.2634,25.7489,19.3577,14.5078,8.18167
41.690,0.3343,0.9996,0.0000,6,219.50,-5.98,9.11,0.0525,0.1212,13824.5,0.0,200.10,197.56,199.48,199.48,9.2231,27.224,135.613,93.9927,78.2695,70.1912,65.301,60.4022,56.2458,52.2148,48.7266,45.6785,42.0053,38.4762,33.2555,26.2014,19.4494,14.4331,8.01958
41.708,0.3009,0.9998,0.0000,6,219.63,-6.63,8.88,0.0232,0.1086,13842.9,0.0,200.78,197.97,199.74,199.74,9.35712,26.4944,58.6671,96.7227,80.205,72.615,68.157,63.8802,60.4904,56.629,52.4631,48.8474,44.5543,40.4943,34.601,26.8452,19.6352,14.4083,7.87544
41.728,0.2708,0.9999,0.0000,6,219.78,-7.30,8.64,-0.0041,0.0957,13861.5,0.0,201.34,198.37,200.01,200.01,9.46804,25.774,53.0736,99.89,82.0839,74.8498,70.7044,66.8223,63.8467,60.629,57.0432,52.93,47.7942,43.0305,36.2716,27.6465,19.8907,14.4189,7.74579
41.753,0.2437,0.9999,0.0000,6,219.94,-7.88,8.40,-0.0295,0.0831,13880.1,0.0,201.76,198.77,200.28,200.28,9.56204,25.1126,49.0195,103.346,84.0403,76.8027,72.8908,69.2817,66.5649,63.6963,60.6232,57.2536,51.7487,46.0729,38.2313,28.5686,20.1926,14.4523,7.62833
41.771,0.2193,0.9999,0.0000,6,220.11,-8.33,8.15,-0.0528,0.0712,13896.6,0.0,202.09,199.18,200.51,200.51,9.64399,24.5324,45.8354,106.939,86.0218,78.4285,74.6959,71.2859,68.7475,66.1023,63.3227,60.3663,55.7837,49.6067,40.4407,29.5756,20.5197,14.4977,7.52102
41.790,0.1974,1.0000,0.0000,6,220.29,-8.61,7.88,-0.0742,0.0601,13914.5,0.0,202.35,199.60,200.77,200.77,9.71529,24.0283,43.3066,110.4,87.9709,79.8788,76.1484,72.8913,70.4847,67.9975,65.4131,62.7077,58.645,53.3723,42.8923,30.652,20.8638,14.5519,7.42374
41.809,0.1777,1.0000,0.0000,6,220.50,-8.74,7.60,-0.0935,0.0498,13927.9,0.0,202.59,200.02,200.97,200.97,9.77741,23.5899,41.2644,113.579,89.8549,81.2561,77.3306,74.1548,71.8506,69.4826,67.0401,64.508,60.7709,56.1072,45.5946,31.7899,21.2199,14.6128,7.33577
41.828,0.1599,1.0000,0.0000,6,220.72,-8.69,7.34,-0.1109,0.0403,13936.8,0.0,202.82,200.45,201.10,201.10,9.83015,23.2052,39.5888,116.446,91.6448,82.5381,78.4046,75.1245,72.8981,70.625,68.2919,65.8892,62.3812,58.0971,48.5581,32.9849,21.5868,14.6808,7.25782
41.853,0.1439,1.0000,0.0000,6,220.95,-8.51,7.15,-0.1263,0.0311,13942.8,0.0,203.10,200.88,201.19,201.19,9.86892,22.8321,38.1018,119.218,93.4936,83.8489,79.497,76.0553,73.7804,71.5841,69.3421,67.0441,63.7152,59.7065,51.2251,34.3284,22.0021,14.7733,7.19321
41.871,0.1295,1.0000,0.0000,6,221.19,-8.30,6.96,-0.1397,0.0223,13946.6,0.0,203.39,201.28,201.25,201.25,9.89325,22.4625,36.7511,121.926,95.4342,85.2131,80.6297,77.0172,74.6355,72.4021,70.2368,68.0271,64.8441,61.0497,53.2591,35.8579,22.4771,14.8952,7.14284
41.890,0.1166,1.0000,0.0000,6,221.47,-7.94,6.82,-0.1510,0.0142,13930.6,0.0,203.65,201.68,201.03,201.03,9.90825,22.126,35.595,124.305,97.2551,86.4626,81.6526,77.8743,75.3894,73.0635,70.882,68.7462,65.683,62.0576,54.7563,37.4735,22.97,15.0287,7.1038
41.908,0.1049,1.0000,0.0000,6,221.77,-7.35,6.71,-0.1604,0.0074,13923.2,0.0,203.87,202.16,200.91,200.91,9.91947,21.8529,34.6892,126.032,98.6467,87.3637,82.3596,78.4407,75.8691,73.4662,71.216,69.0983,66.1328,62.6417,55.702,38.9996,23.4195,15.1501,7.07252
41.927,0.0944,1.0000,0.0000,6,222.06,-6.62,6.59,-0.1678,0.0016,13926.1,0.0,204.09,202.64,200.95,200.95,9.92483,21.6216,33.9549,127.218,99.604,87.9585,82.7914,78.7559,76.1128,73.6468,71.3406,69.1798,66.2882,62.9098,56.2592,40.4478,23.8377,15.2665,7.05034
41.953,0.0850,1.0000,0.0000,6,222.36,-5.88,6.47,-0.1734,-0.0036,13934.3,0.0,204.35,203.09,201.06,201.06,9.92127,21.4035,33.3043,128.092,100.302,88.3846,83.0713,78.9319,76.2258,73.7046,71.35,69.1464,66.272,62.9936,56.5901,41.885,24.2613,15.3932,7.03914
41.971,0.0765,1.0000,0.0000,6,222.66,-5.18,6.45,-0.1773,-0.0089,13945.7,0.0,204.72,203.50,201.23,201.23,9.90208,21.1529,32.6163,129.076,101.105,88.9378,83.4602,79.2045,76.4278,73.8447,71.4356,69.1838,66.2681,63.0821,56.9043,43.1684,24.7761,15.5634,7.04384
41.990,0.0688,1.0000,0.0000,6,222.96,-4.76,6.45,-0.1794,-0.0150,13958.3,0.0,205.14,203.77,201.41,201.41,9.86124,20.8325,31.7999,130.563,102.355,89.927,84.2274,79.8138,76.9411,74.2733,71.7898,69.4719,66.4757,63.3272,57.3625,44.4326,25.4779,15.8119,7.06942
42.009,0.0620,1.0000,0.0000,6,223.29,-4.44,6.49,-0.1800,-0.0212,13949.6,0.0,205.48,204.06,201.32,201.32,9.80735,20.4921,30.9768,132.122,103.678,91.0552,85.1098,80.5222,77.5438,74.7834,72.2179,69.8279,66.7439,63.5481,57.7765,45.5057,26.2861,16.1052,7.10993
42.027,0.0558,1.0000,0.0000,6,223.63,-3.97,6.63,-0.1790,-0.0263,13943.5,0.0,205.72,204.50,201.20,201.20,9.75082,20.1911,30.2828,133.13,104.528,91.8105,85.6762,80.945,77.8801,75.0443,72.413,69.9652,66.812,63.5504,57.9186,46.1861,27.0538,16.3895,7.15731
42.047,0.0502,1.0000,0.0000,6,223.95,-3.44,6.75,-0.1766,-0.0306,13958.6,0.0,205.94,204.93,201.41,201.41,9.69164,19.9235,29.6964,133.609,104.924,92.1561,85.9153,81.0737,77.9436,75.0516,72.3718,69.8821,66.679,63.371,57.8246,46.5536,27.7704,16.6627,7.211
42.071,0.0452,1.0000,0.0000,6,224.26,-2.98,6.81,-0.1728,-0.0343,13982.3,0.0,206.19,205.31,201.75,201.75,9.62691,19.6661,29.1567,133.812,105.08,92.2865,85.9868,81.0526,77.8681,74.9298,72.2105,69.6867,66.4442,63.1002,57.6022,46.7438,28.4858,16.9427,7.27285
42.090,0.0406,1.0000,0.0000,6,224.57,-2.59,6.92,-0.1679,-0.0380,14008.8,0.0,206.50,205.66,202.13,202.13,9.55372,19.3971,28.6103,133.996,105.224,92.4076,86.0744,81.0443,77.8038,74.818,72.0581,69.4996,66.2166,62.8359,57.3488,46.8683,29.2652,17.2512,7.34514
42.109,0.0366,1.0000,0.0000,6,224.89,-2.40,7.11,-0.1619,-0.0424,14030.1,0.0,206.90,205.90,202.44,202.44,9.46624,19.0823,27.9797,134.584,105.725,92.8557,86.491,81.3342,78.0128,74.9574,72.1376,69.5273,66.1831,62.7455,57.2047,47.0738,30.2396,17.6307,7.43339
42.128,0.0329,1.0000,0.0000,6,225.22,-2.33,7.28,-0.1548,-0.0468,14040.4,0.0,207.20,206.19,202.64,202.64,9.37084,18.7561,27.342,135.201,106.255,93.3319,86.9371,81.6824,78.2734,75.143,72.2587,69.5928,66.1828,62.6841,57.0588,47.23,31.2634,18.0465,7.53225
42.147,0.0296,1.0000,0.0000,6,225.59,-2.07,7.65,-0.1467,-0.0503,14018.8,0.0,207.44,206.62,202.28,202.28,9.27573,18.4613,26.7902,135.316,106.345,93.4077,87.0051,81.713,78.2416,75.0585,72.1298,69.4261,65.9726,62.4345,56.7575,47.1778,31.9807,18.4411,7.63366
42.172,0.0267,1.0000,0.0000,6,225.91,-1.75,7.97,-0.1377,-0.0529,14039.7,0.0,207.64,207.03,202.57,202.57,9.18088,18.1964,26.3177,134.913,105.982,93.0706,86.6831,81.3976,77.8928,74.6826,71.732,69.0107,65.5383,61.9851,56.2929,46.9341,32.4244,18.8081,7.73697
42.191,0.0240,1.0000,0.0000,6,226.22,-1.48,8.20,-0.1279,-0.0552,14070.9,0.0,207.88,207.37,203.02,203.02,9.08347,17.9406,25.8759,134.268,105.406,92.5402,86.1793,80.9178,77.3961,74.1712,71.2095,68.4803,65.0007,61.4439,55.7536,46.5935,32.7077,19.1716,7.84454
42.209,0.0216,1.0000,0.0000,6,226.53,-1.28,8.36,-0.1174,-0.0573,14105.7,0.0,208.17,207.69,203.52,203.52,8.98211,17.6825,25.4378,133.547,104.764,91.9502,85.6194,80.3852,76.8582,73.6219,70.6522,67.9178,64.4347,60.8778,55.1946,46.2089,32.8933,19.5472,7.95758
42.227,0.0194,1.0000,0.0000,6,226.84,-1.18,8.68,-0.1063,-0.0598,14131.7,0.0,208.53,207.95,203.90,203.90,8.87287,17.4,24.9675,133.058,104.327,91.5461,85.235,80.0188,76.4838,73.2221,70.2324,67.482,63.9825,60.4131,54.7187,45.8663,33.0652,19.9716,8.08065
42.247,0.0175,1.0000,0.0000,6,227.16,-1.18,8.93,-0.0946,-0.0623,14153.0,0.0,208.82,208.24,204.21,204.21,8.75906,17.1095,24.5147,132.597,103.913,91.1637,84.8711,79.6716,76.1383,72.8485,69.8363,67.0682,63.5499,59.9657,54.2571,45.5072,33.1797,20.4213,8.21029
42.272,0.0196,1.0000,0.0000,6,227.54,-1.06,9.44,-0.0823,-0.0644,14116.2,0.0,209.09,208.62,203.69,203.69,8.64499,16.8337,24.1339,131.843,103.243,90.5469,84.2859,79.115,75.6019,72.301,69.2805,66.5071,62.9854,59.4014,53.7007,45.0502,33.1749,20.8548,8.34126
42.290,0.0380,1.0000,0.0000,6,227.86,-0.86,9.92,-0.0694,-0.0660,14138.5,0.0,209.34,208.97,204.00,204.00,8.5302,16.5698,23.8264,130.821,102.339,89.7178,83.5004,78.3699,74.8856,71.5932,68.5778,65.8112,62.3005,58.7306,53.0585,44.5098,33.0695,21.2546,8.47369
42.309,0.0658,1.0000,0.0000,6,228.16,-0.72,10.27,-0.0560,-0.0683,14173.5,0.0,209.67,209.16,204.49,204.49,8.40636,16.2735,23.4865,130.179,101.766,89.1902,82.9992,77.8923,74.4258,71.1288,68.0985,65.3206,61.7992,58.2227,52.5487,44.0472,33.0013,21.6323,8.61838
42.328,0.0904,1.0000,0.0000,6,228.44,-0.79,10.44,-0.0419,-0.0724,14215.3,0.0,210.09,209.19,205.10,205.10,8.26458,15.9022,22.9938,130.582,102.103,89.4886,83.2759,78.1499,74.6696,71.3415,68.2376,65.3973,61.8039,58.162,52.4005,43.8133,33.094,22.0689,8.78857
42.347,0.1051,1.0000,0.0000,6,228.71,-1.14,10.83,-0.0268,-0.0798,14250.4,0.0,210.78,209.03,205.61,205.61,8.09305,15.4043,22.1952,132.934,104.148,91.3419,85.019,79.7935,76.2411,72.841,69.5957,66.5879,62.7964,58.9698,52.9487,44.0472,33.5028,22.6755,9.00469
42.372,0.1050,1.0000,0.0000,6,228.96,-1.98,11.12,-0.0104,-0.0904,14281.2,0.0,211.32,208.90,206.06,206.06,7.8934,14.8022,21.1478,137.136,107.84,94.7099,88.1989,82.8028,79.126,75.6001,72.2264,69.0057,64.8653,60.7133,54.2334,44.7716,34.1877,23.4385,9.27154
42.390,0.0945,1.0000,0.0000,6,229.29,-2.72,11.65,0.0076,-0.1015,14237.0,0.0,211.63,209.05,205.45,205.45,7.68201,14.1873,20.1033,141.798,111.975,98.5073,91.7981,86.2206,82.4105,78.7488,75.2386,71.8806,67.4362,62.8766,55.829,45.6849,34.8879,24.1946,9.56851
42.409,0.0850,1.0000,0.0000,6,229.55,-2.95,12.24,0.0274,-0.1106,14251.3,0.0,211.67,209.51,205.63,205.63,7.47381,13.6389,19.2636,145.485,115.114,101.407,94.5566,88.8481,84.9417,81.1816,77.5713,74.1124,69.5262,64.6697,57.1128,46.3739,35.3296,24.7634,9.86688
42.427,0.0765,1.0000,0.0000,6,229.80,-2.94,12.66,0.0489,-0.1180,14283.2,0.0,211.72,209.95,206.08,206.08,7.26577,13.1483,18.5732,148.371,117.392,103.524,96.577,90.7792,86.8056,82.9773,79.297,75.7674,71.0816,66.0919,58.0995,46.8575,35.5602,25.1738,10.1677
42.446,0.0689,1.0000,0.0000,6,230.05,-2.94,12.85,0.0719,-0.1246,14324.5,0.0,211.85,210.29,206.67,206.67,7.05363,12.6914,17.9599,150.915,119.255,105.265,98.243,92.3748,88.3494,84.4672,80.7319,77.1466,72.3815,67.3008,58.969,47.2575,35.6743,25.4884,10.4785
42.472,0.0620,1.0000,0.0000,6,230.30,-2.93,13.23,0.0963,-0.1318,14357.7,0.0,212.21,210.51,207.16,207.16,6.82957,12.2289,17.3216,154.124,121.485,107.353,100.245,94.2957,90.2096,86.2648,82.4651,78.8139,73.9555,68.7677,60.1179,47.8249,35.8389,25.8068,10.8164
42.490,0.0558,1.0000,0.0000,6,230.56,-3.23,13.57,0.1223,-0.1400,14381.6,0.0,212.56,210.66,207.51,207.51,6.59214,11.7523,16.6371,158.429,124.313,110.007,102.794,96.7451,92.5843,88.5617,84.6825,80.9496,75.9745,70.6521,61.713,48.6568,36.1419,26.1561,11.1596
42.510,0.0502,1.0000,0.0000,6,230.90,-3.28,14.10,0.1498,-0.1473,14328.2,0.0,212.73,211.01,206.78,206.78,6.35061,11.3093,16.0277,53.8876,126.714,112.272,104.974,98.8466,94.626,90.5413,86.5973,82.7981,77.7274,72.2942,63.1475,49.4154,36.3995,26.417,11.473
42.528,0.0452,1.0000,0.0000,6,231.18,-2.79,14.78,0.1789,-0.1521,14334.0,0.0,212.73,211.59,206.82,206.82,6.1117,10.9396,15.5938,46.2279,127.661,113.18,105.857,99.7051,95.4653,91.3606,87.3956,83.5746,78.4724,73.0009,63.7812,49.7097,36.4105,26.4815,11.732
42.547,0.0407,1.0000,0.0000,6,231.45,-2.26,15.27,0.2094,-0.1554,14364.7,0.0,212.82,212.02,207.25,207.25,5.87174,10.6154,15.2651,46.2196,127.799,113.332,106.016,99.8689,95.6327,91.5312,87.5691,83.7503,78.6512,73.1823,63.9637,49.742,36.2873,26.4307,11.9512
42.571,0.0366,1.0000,0.0000,6,231.71,-1.91,15.48,0.2410,-0.1583,14409.1,0.0,213.01,212.32,207.89,207.89,5.64031,10.3146,14.984,46.7573,127.743,113.302,106.001,99.8663,95.6395,91.547,87.5935,83.7835,78.6959,73.2389,64.04,49.7268,36.1425,26.3345,12.1445
42.590,0.0329,1.0000,0.0000,6,231.97,-1.70,15.85,0.2735,-0.1618,14445.7,0.0,213.38,212.53,208.43,208.43,5.41831,10.0187,14.6993,45.6972,128.016,113.581,106.283,100.15,95.923,91.8307,87.8773,84.0662,78.976,73.516,64.3071,49.8615,36.0772,26.2476,12.324
42.609,0.0296,1.0000,0.0000,6,232.24,-1.78,16.29,0.3065,-0.1581,14470.5,0.0,213.75,212.68,208.79,208.79,5.20374,9.71674,14.3788,42.9212,128.927,114.438,107.119,100.967,96.7245,92.6154,88.6447,84.8149,79.6977,74.2047,64.9321,50.2696,36.1521,26.1988,12.498
42.628,0.0267,1.0000,0.0000,6,232.59,-1.82,16.90,0.3377,-0.1489,14413.1,0.0,214.00,212.97,208.03,208.03,5.00236,9.43931,14.1047,40.979,129.815,115.221,107.886,101.716,97.4614,93.3386,89.3526,85.5075,80.3668,74.8452,65.5161,50.6875,36.231,26.1402,12.6493
42.647,0.0240,1.0000,0.0000,6,232.89,-1.49,17.80,0.3670,-0.1381,14413.9,0.0,214.11,213.47,207.98,207.98,4.81979,9.22116,13.981,41.2527,129.766,115.133,107.816,101.662,97.4189,93.3074,89.3329,85.4987,80.3734,74.8679,65.5661,50.7589,36.1383,25.999,12.7583
42.671,0.0216,1.0000,0.0000,6,233.15,-1.12,18.88,0.3943,-0.1267,14441.1,0.0,214.33,213.80,208.36,208.36,4.6526,9.03991,13.9516,41.9564,129.408,114.761,107.473,101.347,97.1232,93.0313,89.077,85.2622,80.1647,74.6903,65.4423,50.7209,35.9981,25.8375,12.8408
42.690,0.0195,1.0000,0.0000,6,233.39,-0.99,19.64,0.4194,-0.1154,14485.6,0.0,214.57,214.00,208.99,208.99,4.4996,8.88396,13.9854,42.2871,129.164,114.477,107.216,101.113,96.9062,92.8315,88.8938,85.097,80.0231,74.5752,65.3729,50.7223,35.8903,25.6947,12.9057
42.709,0.0175,1.0000,0.0000,6,233.70,-0.90,20.44,0.4422,-0.1039,14461.4,0.0,214.79,214.29,208.66,208.66,4.36381,8.76729,14.1337,42.7184,128.796,114.075,106.844,100.769,96.5829,92.5294,88.6127,84.8361,79.7908,74.3746,65.2287,50.6684,35.7672,25.5464,12.9473
42.728,0.0158,1.0000,0.0000,6,233.95,-0.74,21.18,0.4625,-0.0916,14495.7,0.0,214.98,214.61,209.14,209.14,4.24765,8.70488,14.4721,43.673,128.034,113.335,106.148,100.114,95.9574,91.9336,88.0477,84.3027,79.3002,73.9332,64.8753,50.4614,35.5773,25.3677,12.9606
42.746,0.0142,1.0000,0.0000,6,234.19,-0.65,21.67,0.4804,-0.0792,14543.6,0.0,215.19,214.84,209.83,209.83,4.15055,8.68995,15.0147,44.61,127.23,112.554,105.413,99.421,95.2958,91.3037,87.4492,83.736,78.7789,73.4621,64.495,50.233,35.3864,25.1902,12.953
42.771,0.0128,1.0000,0.0000,6,234.44,-0.65,21.89,0.4956,-0.0668,14586.5,0.0,215.41,215.06,210.46,210.46,4.07342,8.72727,15.6258,45.6998,126.439,111.782,104.686,98.7356,94.6398,90.6786,86.856,83.1746,78.2613,72.9948,64.1159,50.0027,35.2041,25.0182,12.9257
42.791,0.0115,1.0000,0.0000,6,234.75,-0.63,22.20,0.5081,-0.0542,14571.8,0.0,215.65,215.33,210.25,210.25,4.01816,8.83041,16.2299,47.374,125.535,110.913,103.867,97.9603,93.8987,89.9709,86.1823,82.5351,77.6697,72.4568,63.6751,49.7248,35.0059,24.8397,12.8763
42.809,0.0103,1.0000,0.0000,6,235.00,-0.58,22.34,0.5180,-0.0413,14609.9,0.0,215.85,215.60,210.79,210.79,3.98622,9.014,16.8466,50.5669,124.433,109.88,102.89,97.0351,93.0106,89.1214,85.3719,81.7635,76.9535,71.803,63.1327,49.3707,34.7753,24.647,12.8041
42.828,0.0093,1.0000,0.0000,6,235.25,-0.55,22.31,0.5250,-0.0282,14644.1,0.0,216.06,215.85,211.29,211.29,3.97866,9.28921,17.464,168.561,123.224,108.759,101.829,96.0293,92.0447,88.197,84.4885,80.9219,76.1703,71.0861,62.5343,48.9729,34.5289,24.4477,12.7109
42.847,0.0084,1.0000,0.0000,6,235.52,-0.51,22.20,0.5292,-0.0149,14673.3,0.0,216.29,216.10,211.71,211.71,3.99656,9.63871,18.0764,167.065,121.953,107.589,100.72,94.977,91.0341,87.2282,83.5635,80.0401,75.3485,70.3326,61.9028,48.5482,34.2746,24.2454,12.5981
42.872,0.0075,1.0000,0.0000,6,235.79,-0.49,22.03,0.5305,-0.0016,14698.5,0.0,216.52,216.35,212.09,212.09,4.04101,9.98751,18.6811,165.479,120.64,106.383,99.5776,93.8931,89.993,86.2308,82.6091,79.13,74.5008,69.554,61.2486,48.1038,34.0162,24.0421,12.4784
42.890,0.0068,1.0000,0.0000,6,236.07,-0.47,21.78,0.5290,0.0118,14714.7,0.0,216.75,216.59,212.32,212.32,4.11381,10.3334,19.2818,163.792,119.28,105.139,98.3992,92.7743,88.9182,85.2006,81.6237,78.1899,73.6234,68.7472,60.5687,47.6376,33.7519,23.8366,12.3589
42.909,0.0187,1.0000,0.0000,6,236.36,-0.44,21.47,0.5245,0.0254,14731.0,0.0,216.98,216.85,212.56,212.56,4.21669,10.6801,19.8921,161.885,117.817,103.812,97.1421,91.5802,87.7703,84.1001,80.5708,77.1843,72.6845,67.8836,59.8381,47.1318,33.4712,23.624,12.2389
42.928,0.0358,1.0000,0.0000,6,236.57,-0.40,21.03,0.5171,0.0387,14810.3,0.0,217.25,217.08,213.61,213.61,4.3477,11.0092,20.4458,160.379,116.537,102.634,96.026,90.5207,86.7527,83.1243,79.6375,76.294,71.8531,67.1183,59.1911,46.6832,33.2288,23.4305,12.1233
42.947,0.0465,1.0000,0.0000,6,236.83,-0.51,20.53,0.5068,0.0507,14843.6,0.0,217.58,217.15,214.20,214.20,4.47778,11.2771,20.796,160.544,116.014,102.062,95.4863,90.0113,86.2644,82.6576,79.1926,75.8709,71.4601,66.7592,58.891,46.4809,33.1278,23.3101,12.0228
42.972,0.0419,1.0000,0.0000,6,237.16,-0.84,19.88,0.4938,0.0617,14825.8,0.0,217.86,217.25,213.94,213.94,4.59928,11.494,20.9876,162.133,116.058,101.927,95.3623,89.8958,86.1562,82.5564,79.0977,75.7822,71.3804,66.6891,58.8377,46.4539,33.1249,23.2454,11.9345
42.991,0.0377,1.0000,0.0000,6,237.47,-1.08,19.26,0.4791,0.0615,14825.6,0.0,218.12,217.47,213.93,213.93,4.71889,11.7135,21.2074,163.453,115.897,101.613,95.067,89.6173,85.8894,82.3018,78.8559,75.5523,71.1678,66.4952,58.6769,46.347,33.0732,23.1658,11.8448
43.010,0.0339,1.0000,0.0000,6,237.58,-1.30,18.30,0.4648,0.0589,15007.1,0.0,218.38,217.74,216.41,216.41,4.83453,11.9225,21.4117,164.931,115.708,101.262,94.7348,89.3034,85.5887,82.0136,78.5812,75.2911,70.9242,66.2721,58.4901,46.2193,33.0075,23.0883,11.7574
43.028,0.0305,1.0000,0.0000,6,237.79,-1.72,17.39,0.4508,0.0552,15095.0,0.0,218.65,217.84,217.85,217.85,4.94044,12.0745,21.4478,168.974,116.208,101.429,94.8741,89.4372,85.7192,82.14,78.7032,75.4092,71.037,66.378,58.5837,46.2911,33.054,23.0756,11.6835
43.047,0.0275,1.0000,0.0000,6,238.19,-2.13,16.91,0.4372,0.0509,15002.7,0.0,219.04,218.06,216.56,216.56,5.038,12.1869,21.3835,176.503,117.149,101.92,95.2805,89.8253,86.0928,82.5002,79.0502,75.742,71.3498,66.6689,58.8348,46.4747,33.1635,23.1052,11.6195
43.071,0.0247,1.0000,0.0000,6,238.58,-2.37,16.60,0.4243,0.0469,14921.0,0.0,219.37,218.42,215.36,215.36,5.13116,12.2977,21.3456,184.734,117.916,102.268,95.5209,90.0552,86.3148,82.7145,79.2559,75.9395,71.5357,66.8424,58.9848,46.5853,33.2297,23.1255,11.5565
43.091,0.0222,1.0000,0.0000,6,238.93,-2.23,16.38,0.4121,0.0444,14882.4,0.0,219.54,218.88,214.77,214.77,5.22601,12.4541,21.4761,187.643,117.687,101.865,95.073,89.6288,85.9043,82.3203,78.8779,75.578,71.1977,66.5299,58.7181,46.3953,33.1226,23.0697,11.4831
43.110,0.0200,1.0000,0.0000,6,239.20,-1.86,16.28,0.4005,0.0430,14909.2,0.0,219.73,219.35,215.04,215.04,5.32064,12.639,21.7369,187.593,116.724,100.914,94.1398,88.7411,85.0498,81.4993,78.0907,74.8249,70.491,65.876,58.1587,45.9947,32.8933,22.9542,11.4037
43.127,0.0180,1.0000,0.0000,6,239.45,-1.61,16.05,0.3895,0.0415,14949.2,0.0,219.97,219.61,215.72,215.72,5.40914,12.8054,21.9988,187.8,115.836,100.019,93.2539,87.8978,84.2384,80.72,77.343,74.1095,69.821,65.2561,57.6278,45.6141,32.6742,22.8428,11.33
43.147,0.0162,1.0000,0.0000,6,239.75,-1.44,15.96,0.3791,0.0398,14949.1,0.0,220.26,219.87,215.71,215.71,5.49166,12.9516,22.2532,188.426,115.072,99.2163,92.4476,87.1267,83.4968,80.0074,76.6604,73.4562,69.2081,64.6892,57.1418,45.2647,32.4717,22.7384,11.2623
43.171,0.0323,1.0000,0.0000,6,240.05,-1.30,15.95,0.3691,0.0382,14951.8,0.0,220.54,220.16,215.75,215.75,5.56975,13.0875,22.5308,188.925,114.282,98.3944,91.6255,86.3382,82.7375,79.2779,75.9609,72.7865,68.5805,64.108,56.6438,44.9053,32.2616,22.6285,11.1981
43.191,0.0676,1.0000,0.0000,6,240.34,-1.15,15.95,0.3597,0.0361,14957.5,0.0,220.83,220.36,215.83,215.83,5.64028,13.1923,22.7625,190.412,113.803,97.7992,90.9991,85.7273,82.1495,78.7129,75.419,72.2672,68.0938,63.6572,56.2558,44.6237,32.0949,22.5395,11.1425
43.209,0.1049,1.0000,0.0000,6,240.61,-1.13,16.00,0.3510,0.0322,14968.4,0.0,221.24,220.38,215.99,215.99,5.69332,13.2031,22.7296,195.816,114.661,98.1824,91.2155,85.8763,82.2923,78.8486,75.5482,72.3903,68.207,63.7606,56.3423,44.6817,32.1242,22.5511,11.1114
43.227,0.1313,1.0000,0.0000,6,240.84,-1.47,16.00,0.3433,0.0254,14999.7,0.0,221.71,220.24,216.43,216.43,5.71999,13.0754,22.2748,200.0,117.847,100.236,92.8602,87.2558,83.6121,80.1153,76.7608,73.5493,69.2917,64.7624,57.1973,45.2925,32.4741,22.7282,11.1187
43.246,0.1355,1.0000,0.0000,6,241.06,-2.20,16.01,0.3368,0.0159,15021.4,0.0,222.16,220.07,216.74,216.74,5.71892,12.8271,21.4569,200.0,123.84,104.234,96.1429,90.0415,86.144,82.5394,79.0853,75.7745,71.3784,66.693,58.8517,46.4813,33.16,23.0787,11.1674
43.271,0.1219,1.0000,0.0000,6,241.27,-3.13,16.03,0.3319,0.0046,15041.9,0.0,222.52,220.01,217.04,217.04,5.69591,12.5128,20.4916,200.0,132.523,109.94,100.821,94.0131,89.6948,85.7622,82.1522,78.7153,74.1428,69.2589,61.0596,48.0758,34.0829,23.5509,11.249
43.291,0.1097,1.0000,0.0000,6,241.46,-3.97,16.17,0.3286,-0.0071,15060.5,0.0,222.82,220.11,217.31,217.31,5.65636,12.176,19.5295,45.7681,146.522,117.1,106.636,98.9181,94.0634,89.67,85.6741,82.0255,77.2641,72.1642,63.5725,49.903,35.1439,24.094,11.3552
43.310,0.0988,1.0000,0.0000,6,241.64,-4.77,16.35,0.3274,-0.0193,15076.9,0.0,223.06,220.25,217.55,217.55,5.60054,11.8254,18.5964,37.4443,177.945,125.969,113.745,104.86,99.3264,94.3546,89.8629,85.7861,80.6726,75.3478,66.3425,51.9343,36.3289,24.7014,11.4803
43.327,0.0889,1.0000,0.0000,6,241.86,-5.26,16.60,0.3281,-0.0303,15062.3,0.0,223.14,220.52,217.37,217.37,5.53566,11.5043,17.8032,33.2558,199.181,136.608,121.324,111.107,104.812,99.1982,94.1624,89.6199,83.9606,78.3113,68.9382,53.8579,37.4621,25.2865,11.6065
43.347,0.0800,1.0000,0.0000,6,242.08,-5.13,16.92,0.3310,-0.0390,15058.7,0.0,223.09,220.99,217.29,217.29,5.46799,11.25,17.2298,30.9426,200.0,150.492,127.884,116.343,109.351,103.16,97.6395,92.6867,86.5513,80.4771,70.8221,55.2776,38.3174,25.7403,11.7163
43.372,0.0720,1.0000,0.0000,6,242.30,-4.67,17.18,0.3359,-0.0455,15070.0,0.0,223.07,221.45,217.45,217.45,5.39826,11.0435,16.8091,29.5423,200.0,169.288,133.985,120.427,112.843,106.165,100.241,94.9491,88.4253,82.0019,72.0611,56.2344,38.9178,26.076,11.8123
43.390,0.0648,1.0000,0.0000,6,242.52,-4.14,17.35,0.3426,-0.0509,15093.0,0.0,223.15,221.84,217.77,217.77,5.32624,10.8564,16.4578,28.5323,200.0,180.247,140.747,123.911,115.757,108.642,102.358,96.7685,89.9062,83.1802,72.9396,56.9332,39.3788,26.35,11.9033
43.409,0.0583,1.0000,0.0000,6,242.74,-3.75,17.45,0.3509,-0.0554,15116.7,0.0,223.35,222.12,218.12,218.12,5.24844,10.6617,16.1018,27.5747,200.0,189.018,152.002,128.066,118.861,111.269,104.597,98.6857,91.4624,84.4159,73.7946,57.6225,39.841,26.63,12.0001
43.429,0.0525,1.0000,0.0000,6,242.98,-3.49,17.50,0.3601,-0.0570,15131.0,0.0,223.57,222.36,218.36,218.36,5.16574,10.4594,15.739,26.6477,200.0,196.662,166.812,133.51,122.32,114.12,107.019,100.758,93.14,85.7473,74.673,58.3179,40.3132,26.9193,12.1024
43.447,0.0472,1.0000,0.0000,6,243.24,-3.20,17.61,0.3700,-0.0581,15131.9,0.0,223.76,222.67,218.34,218.34,5.08105,10.2642,15.4045,25.8634,200.0,200.0,175.979,140.305,125.971,116.753,109.235,102.635,94.6427,86.9217,75.4257,58.8825,40.7151,27.1779,12.2029
43.471,0.0425,1.0000,0.0000,6,243.48,-2.89,17.67,0.3803,-0.0586,15151.3,0.0,223.94,222.98,218.62,218.62,4.99537,10.0778,15.0999,25.2111,200.0,200.0,182.514,150.464,129.845,119.128,111.169,104.256,95.9175,87.8989,76.0238,59.3014,41.0363,27.4007,12.3
43.491,0.0383,1.0000,0.0000,6,243.73,-2.63,17.68,0.3909,-0.0587,15170.3,0.0,224.13,223.26,218.90,218.90,4.90841,9.89503,14.8095,24.6264,200.0,200.0,187.737,160.623,134.451,121.632,112.981,105.761,97.0882,88.7834,76.5484,59.6378,41.3128,27.6035,12.3959
43.509,0.0344,1.0000,0.0000,6,243.99,-2.42,17.55,0.4018,-0.0584,15188.1,0.0,224.30,223.54,219.15,219.15,4.82211,9.72225,14.5471,24.1457,200.0,200.0,191.641,166.953,139.899,124.058,114.476,106.982,98.0139,89.4599,76.9144,59.839,41.5114,27.7695,12.4866
43.528,0.0310,0.9963,0.0000,6,244.25,-2.16,17.38,0.4127,-0.0573,15204.9,0.0,224.47,223.85,219.40,219.40,4.73819,9.56563,14.325,23.8025,200.0,200.0,194.133,170.828,146.42,126.052,115.509,107.731,98.54,89.8008,77.0325,59.8531,41.6009,27.882,12.5684
43.547,0.0279,0.9445,0.0000,6,244.46,-1.97,17.02,0.4236,-0.0561,15271.3,0.0,224.66,224.12,220.34,220.34,4.65518,9.41351,14.1144,23.4969,200.0,200.0,196.198,173.922,152.591,128.227,116.533,108.38,98.9803,90.0689,77.0963,59.813,41.6575,27.9774,12.6472
43.572,0.0251,0.9296,0.0000,6,244.71,-1.89,16.71,0.4344,-0.0550,15253.1,0.0,224.91,224.32,220.11,220.11,4.57217,9.25727,13.8915,23.1453,200.0,200.0,198.767,177.239,158.017,131.548,118.055,109.297,99.6402,90.5163,77.2891,59.8342,41.7488,28.0889,12.7278
43.590,0.0226,0.9311,0.0000,6,244.94,-1.78,16.54,0.4450,-0.0539,15240.2,0.0,225.14,224.56,219.92,219.92,4.49043,9.10449,13.6754,22.8147,200.0,200.0,200.0,180.152,162.355,136.028,119.791,110.235,100.292,90.9549,77.4735,59.8286,41.8224,28.1906,12.8059
43.610,0.0203,0.9311,0.0000,6,245.16,-1.65,16.42,0.4555,-0.0526,15241.4,0.0,225.32,224.79,219.93,219.93,4.41066,8.95883,13.4752,22.5324,200.0,200.0,200.0,182.474,165.672,142.336,121.593,111.122,100.824,91.2927,77.5836,59.758,41.8558,28.2709,12.8794
43.629,0.0183,0.9285,0.0000,6,245.38,-1.49,16.34,0.4658,-0.0509,15244.8,0.0,225.48,225.04,219.98,219.98,4.33392,8.82556,13.3027,22.3367,200.0,200.0,200.0,183.949,167.828,146.862,123.135,111.741,101.08,91.4038,77.5299,59.5731,41.8194,28.3144,12.9452
43.647,0.0165,0.9136,0.0000,6,245.57,-1.30,16.28,0.4758,-0.0488,15262.7,0.0,225.65,225.28,220.21,220.21,4.26019,8.70222,13.1511,22.2051,200.0,200.0,200.0,184.881,169.269,149.729,124.551,112.181,101.148,91.3603,77.3654,59.3202,41.7342,28.3312,13.0047
43.671,0.0148,0.8991,0.0000,6,245.77,-1.16,16.20,0.4856,-0.0467,15271.2,0.0,225.82,225.47,220.36,220.36,4.189,8.58408,13.0086,22.0957,200.0,200.0,200.0,185.695,170.528,152.083,126.278,112.689,101.205,91.3086,77.1958,59.065,41.6356,28.3391,13.0607
43.690,0.0133,0.8907,0.0000,6,245.96,-1.05,16.18,0.4949,-0.0446,15271.7,0.0,226.00,225.66,220.37,220.37,4.12069,8.47218,12.8764,22.0125,200.0,200.0,200.0,186.395,171.616,154.043,128.445,113.264,101.246,91.2425,77.016,58.8056,41.5231,28.3367,13.1126
43.710,0.0120,0.8837,0.0000,6,246.13,-0.95,16.18,0.5039,-0.0423,15274.9,0.0,226.15,225.85,220.41,220.41,4.05584,8.36871,12.7599,21.9728,200.0,200.0,200.0,186.935,172.43,155.55,131.12,113.829,101.221,91.1172,76.7948,58.5236,41.3856,28.3185,13.1593
43.729,0.0108,0.8768,0.0000,6,246.31,-0.85,16.20,0.5124,-0.0399,15279.0,0.0,226.30,226.02,220.47,220.47,3.995,8.27542,12.6625,21.9916,200.0,200.0,200.0,187.236,172.912,156.579,134.198,114.307,101.108,90.8998,76.5088,58.2052,41.2166,28.2812,13.1997
43.747,0.0097,0.8691,0.0000,6,246.47,-0.76,16.23,0.5204,-0.0373,15284.2,0.0,226.44,226.19,220.55,220.55,3.93832,8.19244,12.5844,22.0676,200.0,200.0,200.0,187.339,173.133,157.248,136.396,114.719,100.924,90.6054,76.1694,57.8576,41.0203,28.2264,13.2342
43.772,0.0088,0.8576,0.0000,6,246.62,-0.68,16.24,0.5280,-0.0347,15293.9,0.0,226.57,226.35,220.69,220.69,3.8858,8.11909,12.5244,22.1988,200.0,200.0,200.0,187.305,173.175,157.68,137.949,115.119,100.7,90.2613,75.7953,57.4913,40.8037,28.1572,13.263
43.791,0.0079,0.8474,0.0000,6,246.76,-0.61,16.26,0.5350,-0.0320,15299.0,0.0,226.70,226.50,220.76,220.76,3.83777,8.05603,12.4825,22.3897,200.0,200.0,200.0,187.161,173.076,157.917,139.071,115.527,100.445,89.8757,75.3932,57.1108,40.568,28.0748,13.2862
43.810,0.0071,0.8385,0.0000,6,246.90,-0.55,16.27,0.5415,-0.0292,15303.4,0.0,226.82,226.63,220.82,220.82,3.79446,8.00408,12.4613,22.6505,200.0,200.0,200.0,186.886,172.825,157.966,139.83,115.925,100.148,89.4413,74.9572,56.7124,40.3128,27.9782,13.3035
43.828,0.0064,0.8301,0.0000,6,247.03,-0.49,16.32,0.5473,-0.0263,15308.1,0.0,226.93,226.77,220.89,220.89,3.75635,7.96411,12.4625,22.9911,200.0,200.0,200.0,186.491,172.442,157.848,140.302,116.322,99.8101,88.9616,74.4906,56.297,40.0386,27.8678,13.3145
43.847,0.0057,0.8227,0.0000,6,247.14,-0.45,16.38,0.5525,-0.0233,15311.8,0.0,227.04,226.89,220.95,220.95,3.72342,7.93625,12.4862,23.4218,200.0,200.0,200.0,185.979,171.937,157.583,140.539,116.723,99.4329,88.441,73.9955,55.8667,39.7467,27.7442,13.3195
43.871,0.0052,0.8202,0.0000,6,247.26,-0.40,16.46,0.5571,-0.0203,15309.7,0.0,227.14,227.00,220.92,220.92,3.69592,7.92148,12.5345,23.9582,200.0,200.0,200.0,185.366,171.33,157.194,140.585,117.15,99.0234,87.8817,73.4747,55.4227,39.4388,27.6075,13.3183
43.891,0.0047,0.8152,0.0000,6,247.37,-0.35,16.56,0.5611,-0.0172,15314.5,0.0,227.23,227.12,220.98,220.98,3.6741,7.92043,12.6103,24.6274,200.0,200.0,200.0,184.617,170.593,156.655,140.42,117.555,98.5581,87.2737,72.9201,54.9608,39.1115,27.457,13.3106
43.910,0.0042,0.8078,0.0000,6,247.47,-0.31,16.63,0.5643,-0.0140,15320.7,0.0,227.32,227.22,221.07,221.07,3.65793,7.93304,12.7129,25.4486,200.0,200.0,200.0,183.781,169.775,156.019,140.119,118.011,98.0631,86.6347,72.3445,54.4883,38.7704,27.2946,13.2969
43.928,0.0038,0.7985,0.0000,6,247.56,-0.28,16.73,0.5669,-0.0108,15327.7,0.0,227.41,227.32,221.17,221.17,3.64788,7.96047,12.845,26.4656,200.0,200.0,200.0,182.874,168.887,155.303,139.71,118.555,97.5436,85.9734,71.7518,54.0061,38.4154,27.1208,13.2767
43.947,0.0034,0.7904,0.0000,6,247.65,-0.25,16.86,0.5688,-0.0076,15331.7,0.0,227.49,227.40,221.23,221.23,3.64352,8.00134,13.0042,27.7125,200.0,200.0,200.0,181.976,168.007,154.589,139.289,119.089,97.0537,85.3271,71.1634,53.5276,38.0541,26.9392,13.2514
43.972,0.0031,0.7918,0.0000,6,247.74,-0.24,16.99,0.5699,-0.0044,15323.9,0.0,227.56,227.48,221.14,221.14,3.64569,8.05861,13.1975,29.3145,200.0,200.0,200.0,181.004,167.063,153.8,138.769,119.356,96.5359,84.6617,70.5563,53.0391,37.6866,26.7461,13.2195
43.991,0.0027,0.7928,0.0000,6,247.82,-0.21,17.20,0.5703,-0.0011,15323.6,0.0,227.64,227.57,221.12,221.12,3.65442,8.13347,13.4297,31.5015,200.0,200.0,200.0,179.892,166.001,152.876,138.084,119.305,95.9515,83.9518,69.9147,52.5315,37.3102,26.5394,13.1809
44.010,0.0025,0.7873,0.0000,6,247.90,-0.18,17.37,0.5700,0.0023,15331.6,0.0,227.71,227.65,221.23,221.23,3.66959,8.22519,13.6997,34.477,200.0,200.0,200.0,178.725,164.893,151.9,137.331,119.112,95.3494,83.2294,69.2604,52.0183,36.9317,26.3226,13.1363
44.028,0.0087,0.7770,0.0000,6,247.96,-0.16,17.49,0.5689,0.0057,15341.3,0.0,227.77,227.72,221.37,221.37,3.69158,8.33523,14.0129,37.5617,200.0,200.0,200.0,177.483,163.719,150.852,136.491,118.757,94.7126,82.486,68.588,51.4944,36.5482,26.0949,13.0852
44.047,0.0194,0.7674,0.0000,6,248.02,-0.14,17.69,0.5672,0.0088,15346.6,0.0,227.87,227.74,221.45,221.45,3.71866,8.45328,14.3376,40.2141,200.0,200.0,200.0,176.825,163.042,150.323,136.241,119.165,94.5059,81.9872,68.0661,51.0559,36.2074,25.8805,13.0329
44.071,0.0250,0.7603,0.0000,6,248.08,-0.20,17.84,0.5647,0.0110,15349.0,0.0,228.01,227.69,221.48,221.48,3.74829,8.56333,14.6234,41.8023,200.0,200.0,200.0,177.652,163.626,151.058,137.408,121.307,95.4573,82.1137,67.9202,50.8267,35.9706,25.7102,12.9861
44.091,0.0225,0.7735,0.0000,6,248.15,-0.36,18.17,0.5617,0.0124,15326.2,0.0,228.16,227.66,221.16,221.16,3.77954,8.66358,14.8648,42.3826,200.0,200.0,200.0,179.946,165.445,152.886,139.749,124.704,97.8836,82.9104,68.1361,50.7981,35.8321,25.5809,12.9446
44.109,0.0202,0.7731,0.0000,6,248.19,-0.55,18.44,0.5583,0.0136,15336.5,0.0,228.23,227.68,221.30,221.30,3.81415,8.76885,15.1112,42.6666,200.0,200.0,200.0,182.719,167.657,154.873,142.2,128.014,101.564,84.0221,68.4585,50.8263,35.7223,25.4562,12.9018
44.129,0.0182,0.7635,0.0000,6,248.24,-0.69,18.61,0.5544,0.0150,15348.9,0.0,228.26,227.74,221.47,221.47,3.85365,8.89,15.3987,43.044,200.0,200.0,200.0,185.299,169.694,156.525,144.217,130.682,106.585,85.1919,68.7218,50.821,35.5964,25.3148,12.853
44.147,0.0164,0.7522,0.0000,6,248.28,-0.77,18.86,0.5501,0.0165,15357.0,0.0,228.29,227.79,221.60,221.60,3.89713,9.02315,15.7162,43.3975,200.0,200.0,200.0,187.892,171.731,158.141,146.016,133.011,111.043,86.5496,68.9788,50.8108,35.4694,25.166,12.8003
44.172,0.0147,0.7442,0.0000,6,248.31,-0.85,19.07,0.5453,0.0179,15359.3,0.0,228.32,227.83,221.63,221.63,3.94434,9.1664,16.0577,43.664,200.0,200.0,200.0,190.648,173.893,159.854,147.723,135.173,114.706,88.2344,69.2661,50.815,35.3503,25.0218,12.7444
44.190,0.0133,0.7628,0.0000,6,248.37,-0.86,19.43,0.5402,0.0197,15328.7,0.0,228.33,227.90,221.20,221.20,3.99643,9.32868,16.4566,44.1039,200.0,200.0,200.0,192.945,175.658,161.226,148.955,136.768,117.355,89.9817,69.4701,50.7586,35.2036,24.8662,12.682
44.209,0.0119,0.7663,0.0000,6,248.40,-0.77,19.83,0.5347,0.0219,15337.6,0.0,228.32,228.00,221.32,221.32,4.05457,9.51834,16.9443,44.8937,129.295,200.0,200.0,194.236,176.585,161.887,149.456,137.545,118.864,91.4468,69.4741,50.5821,35.0026,24.6861,12.6106
44.228,0.0108,0.7586,0.0000,6,248.44,-0.67,20.10,0.5287,0.0245,15350.5,0.0,228.32,228.06,221.50,221.50,4.1181,9.73003,17.5024,45.8319,124.391,200.0,200.0,194.978,177.056,162.16,149.588,137.896,119.788,92.8761,69.3815,50.3444,34.7748,24.4951,12.5329
44.247,0.0097,0.7451,0.0000,6,248.46,-0.59,20.36,0.5221,0.0270,15362.8,0.0,228.34,228.10,221.68,221.68,4.18678,9.95841,18.0611,46.7276,121.288,200.0,200.0,195.686,177.492,162.407,149.694,138.167,120.571,94.7193,69.3126,50.1052,34.5479,24.3059,12.451
44.272,0.0087,0.7352,0.0000,6,248.48,-0.58,20.65,0.5151,0.0294,15366.2,0.0,228.39,228.10,221.73,221.73,4.25967,10.1959,18.5726,47.386,117.686,200.0,200.0,196.904,178.347,162.996,150.091,138.67,121.579,97.4754,69.4037,49.9254,34.3504,24.132,12.3674
44.290,0.0078,0.7532,0.0000,6,248.53,-0.58,21.00,0.5075,0.0318,15334.9,0.0,228.40,228.12,221.32,221.32,4.33795,10.4523,19.0705,48.0313,114.859,200.0,200.0,198.048,179.135,163.532,150.44,139.065,122.418,99.7013,69.5191,49.7384,34.1512,23.9584,12.2792
44.310,0.0216,0.7622,0.0000,6,248.56,-0.50,21.54,0.4993,0.0346,15336.0,0.0,228.41,228.21,221.29,221.29,4.42331,10.7396,19.5963,48.9196,113.571,200.0,200.0,198.378,179.257,163.508,150.312,138.967,122.684,100.951,69.4735,49.4644,33.9133,23.7681,12.1833
44.329,0.0539,0.7576,0.0000,6,248.58,-0.41,21.94,0.4907,0.0369,15348.8,0.0,228.47,228.18,221.47,221.47,4.51154,11.0247,20.0425,49.3764,110.79,200.0,200.0,199.839,180.295,164.245,150.829,139.413,123.521,102.778,69.768,49.3157,33.7348,23.6072,12.0885
44.347,0.0842,0.7421,0.0000,6,248.59,-0.46,22.18,0.4817,0.0373,15366.1,0.0,228.68,227.95,221.72,221.72,4.59343,11.2209,20.1953,48.211,103.57,200.0,200.0,200.0,185.527,168.439,154.245,142.267,126.876,107.418,71.5454,49.7045,33.8038,23.5643,12.0124
44.372,0.0929,0.7271,0.0000,6,248.57,-0.93,22.57,0.4728,0.0337,15374.8,0.0,229.14,227.42,221.85,221.85,4.65462,11.2346,19.7954,44.3929,92.6943,200.0,200.0,200.0,200.0,180.883,164.483,150.82,135.005,117.071,77.5165,51.2721,34.3997,23.7671,11.9806
44.391,0.0836,0.7222,0.0000,6,248.53,-1.95,22.87,0.4643,0.0270,15370.3,0.0,229.42,227.04,221.85,221.85,4.6958,11.1052,19.0319,39.6171,82.2554,200.0,200.0,200.0,200.0,200.0,182.792,165.939,146.986,129.514,93.2236,54.0068,35.4802,24.1875,11.9927
44.409,0.0753,0.7501,0.0000,6,248.53,-2.58,23.54,0.4565,0.0209,15329.4,0.0,229.34,227.09,221.21,221.21,4.73309,10.9745,18.3649,36.0614,73.3108,102.635,200.0,200.0,200.0,200.0,200.0,183.606,160.515,140.368,107.586,57.1231,36.607,24.6218,12.0126
44.428,0.0677,0.7573,0.0000,6,248.50,-2.75,24.10,0.4496,0.0168,15340.3,0.0,229.09,227.28,221.35,221.35,4.77254,10.8903,17.9104,33.8019,66.6947,90.2699,200.0,200.0,200.0,200.0,200.0,200.0,173.077,149.732,117.118,60.163,37.5443,24.9704,12.0242
44.447,0.0610,0.7476,0.0000,6,248.47,-2.76,24.39,0.4435,0.0141,15358.6,0.0,228.91,227.41,221.61,221.61,4.80656,10.825,17.5642,32.1901,61.5887,83.3261,103.038,200.0,200.0,200.0,200.0,200.0,185.095,158.49,124.224,63.3286,38.3656,25.2696,12.0342
44.472,0.0549,0.7332,0.0000,6,248.45,-2.77,24.70,0.4379,0.0114,15370.6,0.0,228.90,227.41,221.79,221.79,4.82799,10.7347,17.195,30.6798,56.8212,77.3855,91.0336,200.0,200.0,200.0,200.0,200.0,199.268,168.61,130.91,67.4966,39.277,25.6074,12.0569
44.491,0.0494,0.7228,0.0000,6,248.42,-2.98,24.87,0.4332,0.0053,15374.0,0.0,228.92,227.36,221.84,221.84,4.83524,10.6086,16.7732,29.1563,52.1346,71.3854,82.8229,100.486,200.0,200.0,200.0,200.0,200.0,181.263,138.232,73.84,40.3607,26.0153,12.0974
44.509,0.0444,0.7489,0.0000,6,248.43,-2.94,25.27,0.4298,-0.0006,15331.5,0.0,228.82,227.46,221.24,221.24,4.83545,10.4907,16.4103,27.9409,48.4382,66.396,77.1334,89.2337,200.0,200.0,200.0,200.0,200.0,193.927,145.293,82.5707,41.3744,26.3947,12.1393
44.528,0.0400,0.7567,0.0000,6,248.41,-2.59,25.67,0.4279,-0.0047,15340.3,0.0,228.63,227.65,221.36,221.36,4.83213,10.4025,16.1546,27.1317,46.0179,62.8787,73.1429,83.4687,96.4094,200.0,200.0,200.0,200.0,200.0,150.649,88.8008,42.1363,26.6783,12.1731
44.548,0.0360,0.7496,0.0000,6,248.41,-2.25,25.87,0.4271,-0.0080,15355.4,0.0,228.53,227.75,221.57,221.57,4.82285,10.3186,15.9331,26.4786,44.1477,60.0328,69.8509,79.2958,89.3863,200.0,200.0,200.0,200.0,200.0,155.264,93.3876,42.7988,26.928,12.2075
44.573,0.0324,0.7382,0.0000,6,248.41,-2.02,25.94,0.4273,-0.0111,15365.5,0.0,228.51,227.79,221.72,221.72,4.80654,10.2256,15.7081,25.8599,42.4694,57.436,66.8168,75.7092,84.1662,101.781,200.0,200.0,200.0,200.0,159.86,97.301,43.4875,27.182,12.2477
44.591,0.0292,0.7301,0.0000,6,248.40,-1.90,26.05,0.4284,-0.0144,15367.8,0.0,228.54,227.77,221.75,221.75,4.78181,10.1119,15.4491,25.1863,40.7343,54.7789,63.7025,72.2057,79.4403,91.3652,200.0,200.0,200.0,200.0,165.264,101.168,44.3336,27.4781,12.2989
44.610,0.0262,0.7296,0.0000,6,248.40,-1.86,26.11,0.4303,-0.0178,15362.6,0.0,228.54,227.77,221.72,221.72,4.7503,9.98555,15.175,24.5076,39.0663,52.2193,60.6851,68.8241,75.2701,84.6379,200.0,200.0,200.0,200.0,171.154,104.788,45.3013,27.7973,12.358
44.628,0.0236,0.7463,0.0000,6,248.41,-1.68,26.38,0.4331,-0.0205,15340.0,0.0,228.49,227.85,221.36,221.36,4.71509,9.86382,14.9262,23.9269,37.7076,50.0876,58.1378,65.9381,71.9554,79.9609,95.6236,200.0,200.0,200.0,176.301,107.61,46.2422,28.0865,12.4168
44.646,0.0213,0.7494,0.0000,6,248.41,-1.47,26.60,0.4365,-0.0226,15348.1,0.0,228.43,227.91,221.47,221.47,4.67637,9.7457,14.6984,23.4266,36.5918,48.3068,55.9856,63.4764,69.2313,76.3926,88.481,200.0,200.0,200.0,180.609,109.751,47.1519,28.3458,12.4752
44.671,0.0191,0.7435,0.0000,6,248.42,-1.29,26.70,0.4407,-0.0245,15358.2,0.0,228.40,227.95,221.61,221.61,4.63368,9.625,14.4748,22.9571,35.5839,46.6972,54.0305,61.2283,66.7834,73.3276,83.5553,200.0,200.0,200.0,184.567,111.532,48.099,28.5968,12.5359
44.691,0.0172,0.7361,0.0000,6,248.42,-1.16,26.79,0.4454,-0.0263,15363.7,0.0,228.39,227.97,221.69,221.69,4.58689,9.49827,14.2459,22.4911,34.6097,45.1591,52.1622,59.0739,64.4337,70.5054,79.4462,200.0,200.0,200.0,188.527,113.138,49.1384,28.8534,12.6006
44.710,-0.0097,0.7319,0.0000,6,248.42,-1.09,26.89,0.4506,-0.0282,15364.0,0.0,228.40,227.97,221.70,221.70,4.53569,9.36198,14.0025,22.0034,33.6093,43.6081,50.2819,56.9051,62.0661,67.7452,75.6569,92.095,200.0,200.0,200.0,114.744,50.3428,29.1312,12.6712
44.728,-0.0544,0.7423,0.0000,6,248.44,-1.04,27.03,0.4562,-0.0288,15347.0,0.0,228.27,228.13,221.48,221.48,4.48717,9.25243,13.8266,21.6953,33.0176,42.6389,49.079,55.4918,60.5053,66.0008,73.5289,87.9614,200.0,200.0,200.0,115.158,51.2152,29.2986,12.7278
44.747,-0.0808,0.7484,0.0000,6,248.44,-0.70,27.26,0.4618,-0.0261,15346.4,0.0,227.90,228.50,221.45,221.45,4.4526,9.22427,13.8402,21.8648,33.4352,43.0705,49.5045,55.9041,60.9047,66.6868,75.204,200.0,200.0,200.0,200.0,112.661,50.9075,29.1565,12.7398
44.771,-0.0701,0.7453,0.0000,6,248.44,0.07,27.43,0.4669,-0.0198,15355.1,0.0,227.49,228.87,221.57,221.57,4.43682,9.29289,14.0772,22.6076,34.974,45.0308,51.6962,58.2876,63.5947,70.9286,84.8857,200.0,200.0,200.0,173.302,107.299,49.3547,28.6897,12.7007
44.791,-0.0631,0.7371,0.0000,6,248.42,1.07,27.51,0.4712,-0.0121,15363.7,0.0,227.30,229.04,221.69,221.69,4.4335,9.41468,14.4383,23.6981,37.0584,47.7055,54.6899,61.6663,68.5303,80.6042,200.0,200.0,200.0,200.0,158.718,101.05,47.4619,28.1109,12.6377
44.810,-0.0568,0.7301,0.0000,6,248.40,1.84,27.60,0.4746,-0.0046,15367.1,0.0,227.27,229.01,221.75,221.75,4.43783,9.55607,14.8437,24.9349,39.2161,50.4396,57.7269,66.1889,76.835,200.0,200.0,200.0,200.0,200.0,146.506,95.2259,45.7563,27.557,12.57
44.829,-0.0511,0.7264,0.0000,6,248.37,2.40,27.67,0.4769,0.0025,15366.9,0.0,227.29,228.94,221.74,221.74,4.44959,9.71103,15.2765,26.1879,41.3165,53.0575,61.0216,72.9301,200.0,200.0,200.0,200.0,200.0,181.084,136.541,90.0645,44.2894,27.0507,12.5007
44.848,-0.0460,0.7378,0.0000,6,248.36,2.65,27.81,0.4781,0.0086,15349.0,0.0,227.37,228.81,221.49,221.49,4.46761,9.86718,15.7017,27.3157,43.1351,55.2737,64.8596,90.5206,200.0,200.0,200.0,200.0,200.0,167.373,128.835,85.8544,43.1375,26.6233,12.4347
44.872,-0.0414,0.7426,0.0000,6,248.34,2.61,27.96,0.4780,0.0135,15350.9,0.0,227.50,228.66,221.51,221.51,4.49032,10.0139,16.0882,28.2245,44.5089,57.119,69.184,200.0,200.0,200.0,200.0,200.0,200.0,158.018,123.143,82.6812,42.3173,26.2901,12.3752
44.891,-0.0373,0.7414,0.0000,6,248.33,2.45,28.05,0.4768,0.0175,15356.0,0.0,227.59,228.54,221.58,221.58,4.51923,10.1606,16.4578,28.9759,45.5631,58.9238,75.0491,200.0,200.0,200.0,200.0,200.0,177.126,150.861,118.667,80.1786,41.7028,26.0165,12.3172
44.910,-0.0335,0.7380,0.0000,6,248.32,2.27,28.09,0.4746,0.0210,15359.7,0.0,227.65,228.47,221.64,221.64,4.55499,10.3149,16.8308,29.6296,46.4208,60.882,193.419,200.0,200.0,200.0,200.0,200.0,168.534,144.961,114.893,78.0719,41.203,25.776,12.2574
44.929,-0.0302,0.7355,0.0000,6,248.31,2.10,28.14,0.4714,0.0244,15360.5,0.0,227.67,228.45,221.65,221.65,4.59848,10.4862,17.2239,30.2574,47.2216,63.3877,195.145,200.0,200.0,200.0,200.0,200.0,161.472,139.625,111.419,76.1185,40.7352,25.5433,12.1921
44.947,-0.0272,0.7348,0.0000,6,248.30,1.98,28.16,0.4674,0.0275,15359.7,0.0,227.69,228.43,221.64,221.64,4.64892,10.6719,17.6073,30.8484,47.946,66.7536,196.48,200.0,200.0,200.0,200.0,200.0,155.189,134.818,108.237,74.3243,40.3078,25.3217,12.1225
44.973,-0.0244,0.7433,0.0000,6,248.31,1.80,28.27,0.4625,0.0302,15347.7,0.0,227.75,228.38,221.47,221.47,4.70486,10.8631,17.9553,31.3396,48.5433,71.4507,197.327,200.0,200.0,200.0,200.0,200.0,149.953,130.762,105.503,72.8055,39.9702,25.1284,12.0514
44.991,-0.0220,0.7455,0.0000,6,248.30,1.61,28.36,0.4569,0.0325,15351.1,0.0,227.80,228.34,221.51,221.51,4.76553,11.0575,18.2629,31.7244,49.0849,186.338,197.766,200.0,200.0,200.0,200.0,166.518,145.612,127.361,103.17,71.5373,39.723,24.9644,11.9796
45.010,-0.0198,0.7432,0.0000,6,248.30,1.43,28.40,0.4506,0.0345,15355.8,0.0,227.84,228.31,221.58,221.58,4.83099,11.2569,18.5422,32.0409,49.6401,187.049,198.014,200.0,200.0,200.0,200.0,161.693,141.805,124.349,101.074,70.4115,39.5311,24.8185,11.9056
45.029,-0.0178,0.7404,0.0000,6,248.31,1.28,28.42,0.4438,0.0363,15357.8,0.0,227.86,228.29,221.61,221.61,4.90116,11.451,18.8022,32.3119,50.2679,187.504,198.166,200.0,200.0,200.0,200.0,157.308,138.318,121.568,99.1174,69.3633,39.3709,24.6836,11.8287
45.047,-0.0160,0.7386,0.0000,6,248.31,1.17,28.44,0.4363,0.0381,15358.2,0.0,227.88,228.28,221.62,221.62,4.97596,11.6381,19.0467,32.5528,51.0127,187.796,198.267,200.0,200.0,200.0,200.0,153.218,135.041,118.938,97.2484,68.3598,39.2324,24.5566,11.7493
45.072,-0.0144,0.7405,0.0000,6,248.31,1.07,28.46,0.4284,0.0397,15354.3,0.0,227.90,228.27,221.57,221.57,5.05453,11.8147,19.2687,32.7466,51.8597,187.904,198.267,200.0,200.0,200.0,200.0,149.492,132.034,116.507,95.5019,67.4247,39.1299,24.4422,11.6722
45.091,-0.0130,0.7426,0.0000,6,248.32,0.97,28.51,0.4201,0.0411,15352.9,0.0,227.93,228.25,221.54,221.54,5.13594,11.9763,19.4585,32.8725,52.7624,187.791,198.102,200.0,200.0,200.0,161.25,146.219,129.371,114.335,93.9208,66.5888,39.0816,24.3472,11.5992
45.109,-0.0117,0.7417,0.0000,6,248.32,0.86,28.54,0.4114,0.0423,15355.6,0.0,227.95,228.24,221.58,221.58,5.21964,12.1251,19.6208,32.9454,53.7738,187.518,197.812,200.0,200.0,200.0,157.775,143.275,126.956,112.352,92.4597,65.8212,39.0509,24.2678,11.5299
45.129,-0.0105,0.7400,0.0000,6,248.33,0.77,28.55,0.4023,0.0435,15357.3,0.0,227.97,228.23,221.60,221.60,5.30081,12.2624,19.7622,32.9812,54.9878,187.147,197.448,200.0,200.0,200.0,154.57,140.531,124.692,110.481,91.0705,65.0884,39.0104,24.2005,11.4639
45.147,-0.0095,0.7391,0.0000,6,248.33,0.69,28.71,0.3928,0.0446,15357.2,0.0,227.97,228.24,221.60,221.60,5.37895,12.3924,19.8929,33.0057,56.6059,186.771,197.101,200.0,200.0,200.0,151.4,137.81,122.441,108.617,89.6805,64.3425,38.938,24.1376,11.4003
45.171,-0.0085,0.7396,0.0000,6,248.33,0.66,28.90,0.3832,0.0438,15355.9,0.0,227.97,228.24,221.59,221.59,5.45392,12.5155,20.0139,33.0223,58.8808,186.419,196.78,200.0,200.0,200.0,148.242,135.095,120.188,106.746,88.2813,63.5794,38.8335,24.0784,11.3389
45.191,-0.0077,0.7569,0.0000,6,248.35,0.60,29.20,0.3740,0.0420,15333.1,0.0,228.00,228.24,221.26,221.26,5.52475,12.6252,20.11,33.0191,62.0781,185.98,196.362,200.0,200.0,200.0,145.353,132.597,118.104,105.004,86.966,62.8597,38.7297,24.0349,11.2819
45.209,-0.0069,0.7638,0.0000,6,248.36,0.51,29.56,0.3651,0.0399,15336.7,0.0,228.04,228.23,221.31,221.31,5.59059,12.7169,20.1713,33.0012,67.6292,185.375,195.759,200.0,200.0,200.0,142.883,130.444,116.288,103.471,85.7911,62.2233,38.6464,24.015,11.2303
45.228,-0.0062,0.7615,0.0000,6,248.38,0.43,29.84,0.3566,0.0377,15344.7,0.0,228.07,228.22,221.42,221.42,5.65162,12.7937,20.2046,32.9843,164.569,184.663,195.034,200.0,200.0,200.0,140.68,128.511,114.644,102.073,84.705,61.6346,38.5693,24.014,11.1837
45.247,-0.0056,0.7528,0.0000,6,248.38,0.37,30.22,0.3486,0.0355,15354.7,0.0,228.08,228.23,221.56,221.56,5.70839,12.8604,20.2239,33.0043,164.393,183.943,194.302,200.0,200.0,200.0,138.512,126.605,113.019,100.687,83.6261,61.0389,38.4723,24.0229,11.1407
45.272,-0.0050,0.7443,0.0000,6,248.38,0.35,30.49,0.3410,0.0333,15359.7,0.0,228.08,228.24,221.63,221.63,5.76135,12.9205,20.2367,33.0856,164.214,183.277,193.63,200.0,200.0,150.993,136.25,124.618,111.328,99.2478,82.5073,60.4073,38.3407,24.0349,11.1008
45.291,-0.0045,0.7632,0.0000,6,248.41,0.32,30.92,0.3339,0.0311,15328.2,0.0,228.11,228.25,221.19,221.19,5.80923,12.9676,20.2283,33.1912,163.901,182.556,192.895,200.0,200.0,147.928,134.124,122.744,109.724,97.877,81.4346,59.7956,38.2044,24.063,11.0656
45.310,-0.0041,0.7667,0.0000,6,248.42,0.27,31.34,0.3273,0.0287,15337.4,0.0,228.13,228.24,221.31,221.31,5.85186,12.9989,20.1931,33.3019,163.41,181.727,192.04,200.0,200.0,145.683,132.232,121.064,108.274,96.6265,80.4435,59.2268,38.0765,24.1126,11.0362
45.328,-0.0037,0.7577,0.0000,6,248.42,0.24,31.60,0.3212,0.0262,15352.0,0.0,228.15,228.24,221.52,221.52,5.88924,13.017,20.1371,33.4372,162.818,180.839,191.119,200.0,200.0,143.678,130.466,119.487,106.906,95.4401,79.4953,58.6751,37.9446,24.1685,11.0121
45.347,-0.0033,0.7447,0.0000,6,248.42,0.21,31.66,0.3157,0.0237,15362.7,0.0,228.16,228.24,221.68,221.68,5.92169,13.0241,20.0654,33.6134,162.179,179.931,190.175,200.0,200.0,141.732,128.747,117.95,105.569,94.2772,78.5627,58.1251,37.8008,24.2107,10.9927
45.373,-0.0030,0.7337,0.0000,6,248.42,0.20,31.61,0.3107,0.0211,15367.8,0.0,228.16,228.23,221.75,221.75,5.94882,13.0194,19.9796,33.8318,161.492,178.998,189.203,199.17,200.0,139.852,127.082,116.458,104.266,93.1405,77.6477,57.5767,37.6468,24.2405,10.9784
45.391,-0.0027,0.7276,0.0000,6,248.42,0.18,31.49,0.3064,0.0186,15367.9,0.0,228.16,228.23,221.76,221.76,5.97068,13.0031,19.9035,34.0952,160.762,178.041,188.204,198.131,200.0,138.035,125.468,115.007,102.997,92.03,76.7503,57.0301,37.4833,24.2587,10.9695
45.409,0.0169,0.7252,0.0000,6,248.41,0.17,31.36,0.3026,0.0160,15366.6,0.0,228.16,228.22,221.74,221.74,5.9876,12.9766,19.8455,34.4192,160.011,177.079,187.198,197.085,200.0,136.234,123.869,113.567,101.736,90.9271,75.8564,56.477,37.3059,24.2631,10.9655
45.429,0.0557,0.7255,0.0000,6,248.40,0.17,31.23,0.2994,0.0126,15364.5,0.0,228.23,228.13,221.71,221.71,5.99386,12.9096,19.7318,34.5238,158.683,175.567,185.578,195.355,200.0,135.695,123.307,113.0,101.174,90.3807,75.349,56.1543,37.2408,24.3128,10.9761
45.447,0.0940,0.7259,0.0000,6,248.39,-0.02,30.92,0.2972,0.0072,15364.1,0.0,228.38,227.91,221.70,221.70,5.98065,12.7581,19.4518,33.9696,155.946,172.732,182.474,191.979,199.417,140.305,125.384,114.641,102.374,91.2336,75.8082,56.4073,37.4732,24.4951,11.0169
45.473,0.1167,0.7252,0.0000,6,248.37,-0.51,30.62,0.2961,-0.0008,15365.4,0.0,228.58,227.59,221.72,221.72,5.94269,12.5033,18.9549,32.5995,151.219,168.295,177.583,186.623,193.684,200.0,131.367,119.511,106.117,94.0836,77.621,57.4225,38.1071,24.8608,11.0983
45.491,0.1100,0.6756,0.0000,6,248.26,-1.46,29.93,0.2964,-0.0117,15431.0,0.0,228.79,227.16,222.66,222.66,5.87711,12.1446,18.2338,30.5131,143.292,162.269,170.93,179.332,185.877,192.932,200.0,129.116,113.479,99.6991,81.2445,59.3586,39.2322,25.4517,11.2289
45.510,0.0990,0.6774,0.0000,6,248.21,-2.70,29.49,0.2985,-0.0248,15392.2,0.0,229.01,226.79,222.13,222.13,5.78746,11.7231,17.3792,28.1591,77.3575,154.854,163.328,171.019,176.988,183.403,190.315,197.785,125.163,108.461,86.7912,62.1087,40.7884,26.2398,11.4064
45.528,0.0891,0.6949,0.0000,6,248.13,-3.80,29.17,0.3026,-0.0382,15370.3,0.0,229.03,226.62,221.81,221.81,5.68342,11.3006,16.5485,26.0613,47.0873,146.49,155.929,163.167,168.617,174.458,180.732,187.489,197.871,119.555,93.5562,65.2998,42.4903,27.0953,11.6107
45.547,0.0802,0.7118,0.0000,6,248.07,-4.43,28.61,0.3086,-0.0487,15360.5,0.0,228.81,226.72,221.66,221.66,5.58112,10.961,15.9298,24.6739,41.3916,138.928,149.943,157.468,162.578,168.032,173.879,180.161,189.785,129.162,99.1399,67.7805,43.747,27.7544,11.7897
45.573,0.0722,0.7162,0.0000,6,248.03,-4.18,28.05,0.3166,-0.0556,15367.1,0.0,228.43,226.98,221.66,221.66,5.48349,10.7153,15.5369,23.9376,39.3328,133.479,146.123,153.91,158.945,164.19,169.807,175.835,185.056,196.892,102.076,68.9668,44.3372,28.1197,11.9271
45.591,0.0650,0.6273,0.0000,6,247.87,-4.12,26.95,0.3262,-0.0623,15488.8,0.0,228.16,227.10,223.45,223.45,5.37454,10.4688,15.1477,23.2254,37.5099,115.031,142.26,150.384,155.473,160.525,165.928,171.721,180.569,191.906,105.165,70.1942,44.9139,28.4828,12.0665
45.610,0.0585,0.6284,0.0000,6,247.82,-4.36,26.17,0.3375,-0.0710,15422.2,0.0,228.19,226.93,222.60,222.60,5.24861,10.1727,14.6519,22.2503,34.9368,74.8814,136.612,145.608,150.936,155.877,161.002,166.488,174.852,185.537,110.601,72.4025,45.8781,29.0222,12.2347
45.629,0.0526,0.6754,0.0000,6,247.78,-4.61,25.59,0.3506,-0.0800,15360.3,0.0,228.24,226.82,221.68,221.68,5.11727,9.86352,14.1356,21.2503,32.5085,55.7667,129.16,140.305,146.026,151.142,156.031,161.214,169.1,179.148,117.302,75.0443,46.9576,29.6184,12.4146
45.648,0.0474,0.7161,0.0000,6,247.75,-4.40,24.77,0.3654,-0.0842,15340.5,0.0,228.10,226.93,221.38,221.38,4.99777,9.6288,13.7896,20.6921,31.4708,51.3341,122.833,137.099,143.028,148.234,153.08,158.106,165.746,175.468,120.443,76.1673,47.3683,29.9183,12.5522
45.673,0.0426,0.7117,0.0000,6,247.74,-3.41,23.90,0.3807,-0.0803,15376.2,0.0,227.84,227.19,221.74,221.74,4.89334,9.48026,13.6369,20.6191,31.8449,55.8626,125.152,136.732,142.449,147.534,152.324,157.346,164.983,174.706,118.504,75.2644,46.9663,29.8521,12.635
45.691,0.0384,0.5839,0.0000,6,247.56,-2.66,22.47,0.3959,-0.0768,15543.3,0.0,227.52,227.37,224.18,224.18,4.78693,9.31958,13.4578,20.4848,32.0768,59.3864,125.293,135.977,141.55,146.546,151.29,156.29,163.895,173.58,117.243,74.6404,46.6691,29.8297,12.7232
45.710,0.0345,0.5636,0.0000,6,247.52,-2.49,21.38,0.4110,-0.0760,15476.7,0.0,227.54,227.16,223.43,223.43,4.67026,9.10014,13.146,20.0116,31.2764,56.1515,121.508,133.376,139.061,144.101,148.808,153.686,161.1,170.534,119.696,75.4068,46.8997,30.0452,12.8473
45.729,0.0311,0.6485,0.0000,6,247.53,-2.60,20.73,0.4261,-0.0767,15348.7,0.0,227.72,226.96,221.55,221.55,4.5474,8.84639,12.7577,19.3452,29.9055,50.2705,100.731,129.55,135.576,140.765,145.524,150.229,157.367,166.436,186.708,77.0851,47.4649,30.4048,12.9938
45.747,0.0280,0.7185,0.0000,6,247.51,-2.62,19.89,0.4412,-0.0763,15317.5,0.0,227.69,226.98,221.06,221.06,4.42917,8.61765,12.4256,18.8238,28.9813,47.3342,87.7054,126.447,132.756,138.049,142.854,147.468,154.405,163.208,182.849,78.2202,47.8239,30.657,13.1236
45.772,0.0047,0.7604,0.0000,6,247.55,-2.10,19.24,0.4562,-0.0735,15313.1,0.0,227.54,227.14,220.97,220.97,4.32053,8.43924,12.2051,18.582,28.8751,48.2528,89.2255,125.256,131.457,136.687,141.445,146.014,152.881,161.594,181.034,78.0292,47.6972,30.6832,13.2171
45.791,0.0043,0.6418,0.0000,6,247.41,-1.67,17.97,0.4709,-0.0702,15501.9,0.0,227.34,227.30,223.62,223.62,4.21555,8.27385,12.0117,18.4071,28.9784,49.99,93.7202,124.481,130.494,135.625,140.316,144.846,151.67,160.333,179.667,77.5419,47.4661,30.6536,13.2998
45.810,0.0038,0.6071,0.0000,6,247.42,-1.42,16.96,0.4853,-0.0675,15461.1,0.0,227.29,227.25,223.19,223.19,4.11081,8.09905,11.7932,18.1627,28.8727,50.5949,94.3544,123.169,129.105,134.185,138.834,143.319,150.066,158.63,177.741,77.4442,47.381,30.6774,13.3881
45.828,0.0035,0.6746,0.0000,6,247.48,-1.22,16.43,0.4992,-0.0651,15345.7,0.0,227.35,227.25,221.50,221.50,4.00753,7.92224,11.5657,17.8901,28.676,50.6295,93.1479,121.621,127.525,132.574,137.193,141.63,148.284,156.73,175.568,77.5294,47.3662,30.7212,13.4771
45.848,0.0031,0.7337,0.0000,6,247.50,-1.01,15.79,0.5128,-0.0624,15316.5,0.0,227.36,227.29,221.04,221.04,3.90799,7.75578,11.3579,17.6616,28.619,51.1254,93.618,120.304,126.132,131.13,135.708,140.1,146.679,155.026,173.644,77.45,47.2941,30.7297,13.5578
45.872,0.0028,0.7702,0.0000,6,247.56,-0.71,15.35,0.5259,-0.0591,15311.1,0.0,227.34,227.38,220.95,220.95,3.81342,7.6051,11.1815,17.5109,28.83,52.524,97.2067,119.392,125.071,129.984,134.502,138.853,145.383,153.67,172.16,77.0621,47.1105,30.6805,13.626
45.890,0.0025,0.6950,0.0000,6,247.51,-0.47,14.54,0.5386,-0.0558,15438.1,0.0,227.34,227.42,222.70,222.70,3.72244,7.46038,11.0139,17.3761,29.116,53.9456,100.989,118.465,124.003,128.834,133.293,137.604,144.086,152.314,170.676,76.6771,46.9296,30.6222,13.6893
45.910,0.0023,0.6862,0.0000,6,247.57,-0.34,13.87,0.5507,-0.0529,15394.8,0.0,227.37,227.38,222.20,222.20,3.63431,7.31588,10.8396,17.2141,29.3099,54.6944,102.469,117.263,122.71,127.482,131.894,136.162,142.576,150.719,168.891,76.5071,46.8289,30.5874,13.7528
45.929,0.0020,0.7197,0.0000,6,247.63,-0.28,13.53,0.5622,-0.0502,15343.6,0.0,227.45,227.42,221.43,221.43,3.54976,7.1755,10.6685,17.0497,29.4996,55.1142,102.783,115.939,121.316,126.037,130.409,134.632,140.971,149.017,166.971,76.4367,46.7662,30.5581,13.8135
45.948,0.0018,0.7491,0.0000,6,247.68,-0.24,13.17,0.5732,-0.0475,15329.0,0.0,227.50,227.46,221.21,221.21,3.46928,7.04249,10.5079,16.9035,29.7592,55.5034,102.388,114.613,119.919,124.591,128.922,133.101,139.364,147.313,165.049,76.3723,46.7068,30.5198,13.8692
45.973,0.0017,0.7682,0.0000,6,247.75,-0.18,12.88,0.5835,-0.0446,15325.0,0.0,227.54,227.52,221.15,221.15,3.39352,6.9193,10.3628,16.7887,30.0692,56.0263,101.871,113.34,118.568,123.186,127.474,131.609,137.8,145.658,163.189,76.2647,46.6322,30.4679,13.9185
45.990,0.0015,0.7233,0.0000,6,247.75,-0.14,12.40,0.5933,-0.0418,15398.9,0.0,227.59,227.58,222.16,222.16,3.32272,6.80543,10.2318,16.7011,30.3817,56.5596,101.185,112.072,117.222,121.786,126.03,130.122,136.241,144.008,161.336,76.1528,46.5559,30.4155,13.9617
46.010,0.0013,0.7142,0.0000,6,247.82,-0.13,11.92,0.6024,-0.0390,15378.2,0.0,227.62,227.59,221.93,221.93,3.25604,6.6986,10.1107,16.6296,30.656,56.9746,100.307,110.767,115.845,120.358,124.559,128.608,134.654,142.326,159.443,76.0743,46.4931,30.3689,14.0007
46.029,0.0012,0.7298,0.0000,6,247.88,-0.11,11.68,0.6110,-0.0363,15350.6,0.0,227.68,227.66,221.52,221.52,3.19429,6.60147,10.0042,16.5863,30.9274,57.3861,99.3802,109.463,114.469,118.93,123.089,127.094,133.066,140.645,157.55,75.9958,46.4304,30.3226,14.0341
46.048,0.0011,0.7443,0.0000,6,247.94,-0.10,11.49,0.6189,-0.0335,15342.8,0.0,227.73,227.71,221.40,221.40,3.13761,6.51427,9.91266,16.5746,31.1996,57.8047,98.4276,108.165,113.098,117.507,121.623,125.585,131.484,138.969,155.666,75.9137,46.367,30.2761,14.0617
46.073,0.0010,0.7547,0.0000,6,248.00,-0.08,11.34,0.6262,-0.0307,15339.5,0.0,227.78,227.76,221.35,221.35,3.08563,6.4368,9.83706,16.5963,31.4796,58.2567,97.4747,106.88,111.739,116.094,120.167,124.087,129.913,137.307,153.798,75.8205,46.2995,30.2286,14.0838
46.091,0.0009,0.7412,0.0000,6,248.04,-0.07,11.19,0.6328,-0.0278,15365.2,0.0,227.84,227.82,221.69,221.69,3.03897,6.37004,9.77821,16.6554,31.763,58.7206,96.5053,105.6,110.385,114.687,118.715,122.593,128.348,135.65,151.936,75.7226,46.2306,30.1802,14.1001
46.109,0.0008,0.7347,0.0000,6,248.10,-0.06,10.99,0.6388,-0.0250,15364.0,0.0,227.88,227.86,221.71,221.71,2.99692,6.31243,9.73396,16.7463,32.0269,59.1343,95.4914,104.307,109.02,113.269,117.253,121.089,126.771,133.981,150.06,75.6377,46.1675,30.1347,14.1117
46.129,0.0007,0.7369,0.0000,6,248.16,-0.06,10.89,0.6442,-0.0222,15356.2,0.0,227.94,227.92,221.59,221.59,2.96033,6.26598,9.70746,16.8777,32.2847,59.524,94.4499,103.009,107.65,111.846,115.787,119.581,125.19,132.307,148.178,75.5598,46.1064,30.09,14.1176
46.147,0.0006,0.7402,0.0000,6,248.22,-0.05,10.87,0.6489,-0.0195,15353.4,0.0,227.99,227.97,221.55,221.55,2.92854,6.22973,9.69735,17.0223,32.5333,59.891,93.3884,101.706,106.277,110.421,114.318,118.07,123.606,130.629,146.291,75.4866,46.0477,30.0466,14.1185
46.173,0.0006,0.7431,0.0000,6,248.27,-0.05,10.91,0.6530,-0.0167,15352.0,0.0,228.04,228.02,221.53,221.53,2.90237,6.20541,9.70739,17.1672,32.7822,60.2569,92.3173,100.404,104.904,108.996,112.849,116.56,122.023,128.953,144.406,75.4133,45.9887,30.003,14.1138
46.192,0.0005,0.7453,0.0000,6,248.32,-0.05,10.99,0.6565,-0.0139,15351.2,0.0,228.09,228.07,221.52,221.52,2.88101,6.19149,9.73528,17.3082,33.0222,60.605,91.2324,99.1001,103.531,107.57,111.38,115.049,120.438,127.276,142.52,75.3429,45.9318,29.9606,14.1043
46.209,0.0005,0.7459,0.0000,6,248.38,-0.05,11.11,0.6593,-0.0111,15352.0,0.0,228.14,228.12,221.53,221.53,2.86542,6.19024,9.78487,17.4506,33.2658,60.9641,90.1439,97.8001,102.161,106.147,109.913,113.541,118.858,125.602,140.639,75.2695,45.8734,29.9176,14.0891
46.228,0.0004,0.7434,0.0000,6,248.43,-0.05,11.21,0.6615,-0.0082,15355.8,0.0,228.18,228.17,221.58,221.58,2.85486,6.20089,9.85661,17.5964,33.5286,61.3958,89.0789,96.5221,100.811,104.743,108.464,112.051,117.296,123.951,138.785,75.1739,45.8075,29.8719,14.0684
46.247,0.0004,0.7389,0.0000,6,248.48,-0.04,11.33,0.6630,-0.0054,15360.0,0.0,228.23,228.22,221.64,221.64,2.85023,6.22564,9.94337,17.7508,33.8203,61.923,88.04,95.2697,99.4847,103.361,107.035,110.58,115.757,122.324,136.964,75.0506,45.7313,29.8218,14.0446
46.272,0.0003,0.7343,0.0000,6,248.52,-0.03,11.61,0.6639,-0.0025,15362.7,0.0,228.27,228.27,221.68,221.68,2.85129,6.26357,10.0302,17.9059,34.1168,62.468,86.9958,94.0206,98.1619,101.983,105.61,109.114,114.222,120.702,135.148,74.9223,45.6535,29.7712,14.0209
46.292,0.0003,0.7330,0.0000,6,248.56,-0.02,11.84,0.6641,0.0005,15361.2,0.0,228.30,228.30,221.68,221.68,2.8576,6.31355,10.1159,18.0592,34.4094,63.0056,85.9395,92.7691,96.8379,100.603,104.184,107.646,112.686,119.079,133.33,74.7958,45.5766,29.7212,13.9974
46.310,0.0003,0.7475,0.0000,6,248.62,-0.01,12.27,0.6636,0.0034,15340.9,0.0,228.35,228.36,221.37,221.37,2.86996,6.36757,10.2026,18.2142,34.706,63.5529,84.8769,91.5182,95.5148,99.2241,102.758,106.179,111.15,117.456,131.514,74.6668,45.4987,29.6706,13.9736
46.329,0.0002,0.7484,0.0000,6,248.66,-0.01,12.64,0.6625,0.0063,15350.3,0.0,228.39,228.39,221.50,221.50,2.88818,6.42169,10.2894,18.3695,35.0034,64.1019,83.806,90.2666,94.1916,97.8455,101.333,104.713,109.615,115.834,129.698,74.5375,45.4205,29.6198,13.9499
46.347,0.0002,0.7390,0.0000,6,248.69,-0.00,12.87,0.6607,0.0092,15363.5,0.0,228.43,228.43,221.69,221.69,2.91138,6.47522,10.3752,18.5231,35.2972,64.6438,82.7253,89.0126,92.8668,96.4654,99.9062,103.244,108.078,114.21,127.88,74.4128,45.3433,29.5697,13.9264
46.373,0.0002,0.7259,0.0000,6,248.72,-0.00,12.99,0.6583,0.0121,15374.0,0.0,228.46,228.46,221.84,221.84,2.93529,6.52842,10.4605,18.6755,35.5886,65.1799,81.6359,87.756,91.5405,95.0841,98.4783,101.775,106.54,112.585,126.06,74.461,45.2669,29.52,13.903
46.390,0.0002,0.7153,0.0000,6,248.75,-0.00,13.01,0.6555,0.0122,15378.6,0.0,228.49,228.49,221.91,221.91,2.95938,6.58201,10.5464,18.8289,35.881,65.7159,80.5395,86.4988,90.2139,93.7023,97.0497,100.305,105.002,110.96,124.24,74.9848,45.1902,29.47,13.8795
46.410,0.0002,0.7170,0.0000,6,248.79,-0.00,13.09,0.6527,0.0122,15368.5,0.0,228.52,228.52,221.76,221.76,2.98351,6.63568,10.6324,18.9825,36.1738,66.2527,79.4371,85.2407,88.8871,92.3207,95.621,98.8346,103.463,109.334,122.42,77.2808,45.1134,29.42,13.8559
46.428,0.0001,0.7129,0.0000,6,248.80,-0.00,13.10,0.6499,0.0122,15375.3,0.0,228.53,228.53,221.86,221.86,3.00779,6.68965,10.7189,19.1366,36.4668,66.7869,78.3278,83.9811,87.5594,90.9382,94.1917,97.3632,101.924,107.707,120.598,177.432,45.0368,29.3698,13.8323
46.448,0.0001,0.7081,0.0000,6,248.82,-0.00,13.07,0.6470,0.0122,15378.7,0.0,228.55,228.55,221.91,221.91,3.03218,6.74389,10.8057,19.2918,36.7622,67.2471,77.2147,82.722,86.2327,89.5567,92.763,95.8926,100.386,106.081,118.778,176.195,44.9593,29.3193,13.8085
46.473,0.0001,0.7042,0.0000,6,248.84,-0.00,12.92,0.6442,0.0122,15380.3,0.0,228.57,228.57,221.94,221.94,3.05657,6.79816,10.8927,19.4471,37.0583,67.0989,76.097,81.4624,84.906,88.1756,91.3347,94.4221,98.8478,104.456,116.958,174.957,44.8817,29.2687,13.7846
46.490,0.0001,0.7013,0.0000,6,248.85,-0.00,12.72,0.6414,0.0122,15381.4,0.0,228.58,228.58,221.95,221.95,3.08058,6.85157,10.9783,19.6001,37.3508,66.6473,74.9733,80.2014,83.5787,86.7937,89.9058,92.9507,97.3091,102.83,115.138,173.716,44.8049,29.2188,13.7612
46.510,0.0001,0.6767,0.0000,6,248.84,-0.00,12.35,0.6386,0.0122,15412.0,0.0,228.58,228.58,222.39,222.39,3.10463,6.90509,11.0641,19.7532,37.643,66.0444,73.8446,78.9392,82.2504,85.4113,88.4763,91.4787,95.7699,101.204,113.317,172.473,44.7284,29.169,13.7377
46.529,0.0001,0.6759,0.0000,6,248.85,-0.00,12.02,0.6358,0.0122,15395.0,0.0,228.58,228.58,222.16,222.16,3.12862,6.95847,11.1497,19.9062,37.9353,65.3481,72.7117,77.6767,80.9227,84.0295,87.0471,90.0068,94.2312,99.5777,111.496,171.228,44.6517,29.1191,13.7143
46.548,0.0001,0.6847,0.0000,6,248.86,-0.00,11.84,0.6330,0.0122,15382.8,0.0,228.59,228.59,221.98,221.98,3.15233,7.01124,11.2343,20.0575,38.2243,64.5896,71.5739,76.4125,79.5938,82.6465,85.6169,88.5338,92.6917,97.9507,109.675,169.981,44.5759,29.0698,13.6911
46.573,-0.0091,0.6920,0.0000,6,248.86,-0.00,11.70,0.6303,0.0122,15379.4,0.0,228.59,228.59,221.93,221.93,3.17604,7.06398,11.3188,20.2084,38.5121,63.7846,70.4316,75.147,78.2641,81.263,84.1859,87.0598,91.1513,96.323,107.852,168.732,44.5005,29.0206,13.668
46.590,-0.0622,0.6978,0.0000,6,248.87,-0.00,11.58,0.6274,0.0125,15377.0,0.0,228.56,228.64,221.89,221.89,3.20167,7.12604,11.4263,20.4297,39.0486,63.1401,69.4301,74.0101,77.0579,79.9991,82.8725,85.7019,89.7349,94.834,106.205,140.765,44.353,28.9413,13.6394
46.610,-0.1156,0.6916,0.0000,6,248.86,0.06,11.47,0.6243,0.0152,15389.6,0.0,228.29,228.85,222.06,222.06,3.23742,7.24475,11.6796,21.1172,41.3154,63.5722,69.3128,73.6853,76.6346,79.4992,82.3101,85.088,89.1231,94.2472,105.696,165.863,43.7464,28.6705,13.5776
46.628,-0.1275,0.6895,0.0000,6,248.84,0.65,11.36,0.6205,0.0223,15387.8,0.0,227.75,229.22,222.05,222.05,3.29469,7.4803,12.2381,22.8327,47.9172,65.5554,70.6584,74.7631,77.5871,80.3587,83.0975,85.864,90.0575,95.3996,107.4,163.737,42.3387,28.0564,13.4538
46.647,-0.1148,0.6896,0.0000,6,248.80,1.78,11.30,0.6154,0.0329,15386.2,0.0,227.26,229.57,222.02,222.02,3.37585,7.83942,13.1351,25.8685,57.7372,68.3239,72.9589,76.8353,79.5494,82.2392,84.9894,87.935,92.4319,98.1882,111.234,161.059,40.3971,27.1918,13.2784
46.673,-0.1033,0.6901,0.0000,6,248.75,3.02,11.28,0.6089,0.0445,15385.5,0.0,227.04,229.69,222.01,222.01,3.47642,8.28658,14.2934,30.2536,62.0933,71.0078,75.3607,79.0861,81.7292,84.4943,87.4597,90.6481,95.5365,101.831,116.252,158.058,38.4215,26.2796,13.0828
46.692,-0.0930,0.6925,0.0000,6,248.69,3.92,11.25,0.6008,0.0554,15382.7,0.0,227.04,229.57,221.97,221.97,3.59126,8.7807,15.6049,35.8685,64.9398,73.1431,77.3287,80.9768,83.7402,86.7058,89.8962,93.3377,98.6367,105.501,121.406,55.3804,36.7013,25.4519,12.8901
46.710,-0.0837,0.6927,0.0000,6,248.63,4.40,11.22,0.5910,0.0647,15384.2,0.0,227.13,229.37,221.98,221.98,3.71892,9.30567,17.0191,42.7533,66.8949,74.7009,78.7797,82.5521,85.484,88.6389,92.0427,95.7258,101.421,108.841,126.22,51.5613,35.2563,24.7268,12.7047
46.728,-0.0753,0.6930,0.0000,6,248.58,4.62,11.15,0.5794,0.0730,15384.0,0.0,227.21,229.19,222.00,222.00,3.86079,9.86904,18.5587,50.1833,68.3124,75.8554,79.9592,83.9259,87.0172,90.3522,93.9604,97.8767,103.956,111.921,157.626,48.8733,33.9974,24.0702,12.5214
46.748,-0.0678,0.6979,0.0000,6,248.54,4.60,11.12,0.5661,0.0803,15377.6,0.0,227.31,229.04,221.90,221.90,4.01674,10.4693,20.218,53.2317,69.3149,76.6772,80.9326,85.0777,88.3166,91.8193,95.6188,99.7542,106.198,114.685,155.483,46.7232,32.8874,23.4694,12.3388
46.773,-0.0610,0.7037,0.0000,6,248.51,4.40,11.09,0.5512,0.0866,15373.5,0.0,227.40,228.91,221.84,221.84,4.18653,11.1041,21.9862,54.9468,69.977,77.2814,81.6883,85.9926,89.3643,93.0185,96.9923,101.328,108.109,117.084,153.412,44.8956,31.8976,22.9141,12.1557
46.791,-0.0549,0.7092,0.0000,6,248.49,4.10,11.08,0.5346,0.0922,15370.5,0.0,227.50,228.81,221.80,221.80,4.36987,11.7738,23.8635,56.0461,70.3698,77.7079,82.2476,86.6928,90.1825,93.9726,98.1032,102.621,109.709,119.135,151.413,43.2913,30.9976,22.3921,11.9706
46.810,-0.0494,0.7140,0.0000,6,248.48,3.73,11.08,0.5165,0.0970,15368.1,0.0,227.59,228.73,221.76,221.76,4.56634,12.4791,25.8542,56.7687,70.5552,77.9841,82.6399,87.2093,90.8042,94.7157,98.9874,103.67,111.039,120.881,149.478,41.85,30.1628,21.8933,11.7823
46.828,-0.0445,0.7173,0.0000,6,248.49,3.37,11.09,0.4970,0.1013,15367.2,0.0,227.67,228.68,221.75,221.75,4.7754,13.2204,27.9635,57.2289,70.5786,78.1359,82.8933,87.5728,91.2612,95.2813,99.6801,104.513,112.139,122.402,147.6,40.5287,29.3755,21.4103,11.5899
46.848,-0.0400,0.7195,0.0000,6,248.50,3.01,11.09,0.4762,0.1052,15366.6,0.0,227.74,228.65,221.74,221.74,4.99646,13.9978,30.1956,57.4983,70.5052,78.1841,83.0308,87.8075,91.5792,95.6971,100.211,105.18,113.041,149.126,145.77,39.2971,28.623,20.9379,11.3931
46.873,-0.0360,0.7206,0.0000,6,248.51,2.69,11.10,0.4543,0.1087,15366.8,0.0,227.80,228.63,221.74,221.74,5.22829,14.81,32.5553,57.6215,70.3641,78.1489,83.0746,87.9383,91.7851,95.9916,100.61,105.705,113.784,147.412,143.98,38.1333,27.8962,20.4727,11.1922
46.891,-0.0324,0.7210,0.0000,6,248.53,2.41,11.15,0.4313,0.1120,15367.1,0.0,227.85,228.63,221.75,221.75,5.4712,15.6641,35.0828,57.654,70.1932,78.0769,83.0769,88.0234,91.942,96.2335,100.954,106.169,114.462,145.712,142.211,37.0064,27.1806,20.0079,10.986
46.910,-0.0292,0.7212,0.0000,6,248.55,2.19,11.19,0.4074,0.1152,15367.2,0.0,227.90,228.63,221.75,221.75,5.72447,16.5584,37.3687,57.6062,69.9935,77.9692,83.0395,88.0645,92.0517,96.4249,101.242,106.575,115.076,144.025,140.462,35.9121,26.4748,19.5432,10.775
46.929,-0.0263,0.7254,0.0000,6,248.57,1.97,11.27,0.3825,0.1180,15361.7,0.0,227.97,228.63,221.67,221.67,5.98575,17.4772,38.6323,57.4528,69.721,77.7705,82.8986,87.9893,92.0348,96.478,101.38,106.816,115.542,142.371,138.758,34.8753,25.7909,19.0857,10.5612
46.948,-0.0236,0.7262,0.0000,6,248.60,1.75,11.36,0.3569,0.1205,15363.6,0.0,228.04,228.61,221.70,221.70,6.25391,18.411,39.4009,57.1906,69.3562,77.4557,82.6255,87.7655,91.8552,96.3525,101.321,106.838,142.318,140.76,137.113,33.9071,25.1315,18.6372,10.3453
46.973,-0.0213,0.7243,0.0000,6,248.63,1.55,11.42,0.3305,0.1226,15366.9,0.0,228.10,228.61,221.74,221.74,6.52864,19.3633,39.8853,56.8505,68.9292,77.0624,82.2627,87.4397,91.5644,96.1047,101.127,106.712,140.748,139.177,135.508,32.9919,24.487,18.1932,10.1268
46.990,-0.0191,0.7207,0.0000,6,248.65,1.38,11.51,0.3035,0.1247,15370.2,0.0,228.15,228.62,221.79,221.79,6.81006,20.3406,40.197,56.4617,68.4714,76.6295,81.8543,87.0625,91.2164,95.7946,100.864,106.509,139.191,137.611,133.925,32.1155,23.8486,17.7495,9.90534
47.010,-0.0172,0.7176,0.0000,6,248.68,1.27,11.60,0.2758,0.1267,15371.7,0.0,228.17,228.64,221.81,221.81,7.09854,21.3519,40.3918,56.0499,68.0133,76.1959,81.4449,86.6841,90.8677,95.4831,100.6,106.306,137.635,136.046,132.347,31.2648,23.2088,17.3024,9.68029
47.029,-0.0155,0.7235,0.0000,6,248.71,1.16,11.73,0.2477,0.1285,15361.6,0.0,228.22,228.65,221.67,221.67,7.39223,22.3796,40.4732,55.586,67.5111,75.7055,80.9705,86.2317,90.4373,95.0818,100.237,105.992,136.097,134.503,130.798,30.4667,22.5781,16.8578,9.45313
47.047,-0.0140,0.7255,0.0000,6,248.74,1.02,11.89,0.2190,0.1300,15363.2,0.0,228.28,228.64,221.69,221.69,7.68934,23.4071,40.4408,55.0514,66.9321,75.1175,80.3835,85.6508,89.8654,94.5241,99.7001,105.484,134.59,132.996,129.298,29.7443,21.9632,16.4195,9.22491
47.066,-0.0126,0.7224,0.0000,6,248.76,0.90,12.01,0.1898,0.1314,15368.8,0.0,228.34,228.64,221.77,221.77,7.98981,24.4379,40.3222,54.4731,66.2977,74.4585,79.7146,84.9769,89.1908,93.8518,99.0353,104.833,133.105,131.515,127.834,29.0895,21.3586,15.9848,8.99538
47.091,-0.0113,0.7165,0.0000,6,248.78,0.79,12.12,0.1603,0.1326,15374.4,0.0,228.37,228.65,221.85,221.85,8.29414,25.2949,40.1447,53.8783,65.6372,73.7654,79.0061,84.2574,88.4655,93.1237,98.3074,104.115,131.632,130.047,126.388,28.4937,20.7576,15.5503,8.76401
47.110,-0.0102,0.7116,0.0000,6,248.80,0.73,12.27,0.1304,0.1338,15376.7,0.0,228.39,228.68,221.88,221.88,8.60334,25.8935,39.9317,53.2914,64.9871,73.0848,78.3114,83.5529,87.7567,92.4135,97.5997,103.547,130.156,128.576,124.939,27.9454,20.1527,15.1124,8.53017
47.129,-0.0092,0.7166,0.0000,6,248.83,0.68,12.42,0.1002,0.1350,15366.4,0.0,228.42,228.69,221.77,221.77,8.91577,26.3119,39.6713,52.6906,64.3144,72.3746,77.5824,82.8096,87.0047,91.6549,96.838,103.238,128.689,127.117,123.505,27.4776,19.551,14.6747,8.29488
47.148,-0.0082,0.7225,0.0000,6,248.86,0.60,12.67,0.0697,0.1359,15362.1,0.0,228.47,228.69,221.67,221.67,9.22945,26.5849,39.3526,52.051,63.5818,71.5874,76.7645,81.9642,86.1396,90.7706,95.9355,128.455,127.247,125.685,122.109,27.1278,18.9596,14.2414,8.05909
47.166,-0.0074,0.7209,0.0000,6,248.88,0.51,12.87,0.0389,0.1366,15368.6,0.0,228.51,228.69,221.76,221.76,9.54444,26.7471,38.9856,51.3813,62.8025,70.74,75.8763,81.0379,85.1849,89.7864,94.9209,127.023,125.823,124.276,120.741,26.9168,18.3767,13.8109,7.82258
47.191,-0.0067,0.7136,0.0000,6,248.90,0.45,12.99,0.0079,0.1373,15377.2,0.0,228.54,228.69,221.89,221.89,9.86086,26.8263,38.5823,50.6949,61.9968,69.858,74.9482,80.0655,84.1788,88.7445,93.842,125.601,124.41,122.878,119.389,26.8799,17.8244,13.3814,7.58532
47.210,-0.0060,0.7070,0.0000,6,248.91,0.40,13.20,-0.0234,0.1380,15380.7,0.0,228.55,228.72,221.94,221.94,10.1809,26.8463,38.1658,50.0216,61.2096,68.9994,74.0464,79.1231,83.2056,87.7395,92.8033,124.172,122.991,121.474,118.028,27.0301,17.3077,12.9485,7.34628
47.228,-0.0054,0.7043,0.0000,6,248.92,0.38,13.35,-0.0548,0.1387,15379.4,0.0,228.56,228.73,221.94,221.94,10.5037,26.8148,37.7314,49.3523,60.4274,68.1462,73.151,78.1877,82.2399,86.7421,91.7734,122.742,121.571,120.068,116.665,27.5009,16.8352,12.5139,7.10598
47.247,-0.0049,0.7188,0.0000,6,248.95,0.34,13.69,-0.0864,0.1393,15358.1,0.0,228.60,228.74,221.62,221.62,10.8269,26.727,37.2629,48.6593,59.6085,67.2458,72.2001,77.1885,81.2035,85.6662,90.6547,121.326,120.165,118.678,115.323,28.6753,16.4215,12.0814,6.86532
47.266,-0.0044,0.7206,0.0000,6,248.96,0.29,13.98,-0.1182,0.1398,15366.3,0.0,228.63,228.74,221.73,221.73,11.1502,26.5887,36.763,47.944,58.7548,66.3003,71.197,76.1293,80.1003,84.515,89.4521,119.921,118.773,117.305,114.002,103.602,16.0674,11.6515,6.62433
47.290,-0.0039,0.3963,0.0000,6,248.97,0.25,14.14,-0.1501,0.1402,15377.2,0.0,228.65,228.74,221.88,221.88,11.473,26.4112,36.2408,47.2177,57.8833,65.3314,70.1668,75.0384,78.9614,83.3244,88.2048,118.524,117.388,115.94,112.691,102.594,15.7788,11.2475,6.38276
47.310,-0.0035,0.2180,0.0000,6,248.80,0.22,14.39,-0.1821,0.1406,15275.9,0.0,228.58,228.68,220.44,220.44,11.7554,26.203,35.7063,46.4947,57.016,64.3675,69.1421,73.9539,77.8299,82.1412,86.965,117.125,116.003,114.574,111.378,101.57,15.5612,10.8851,6.14045
47.329,-0.0032,0.1199,0.0000,6,248.44,0.21,14.57,-0.2142,0.1410,15201.3,0.0,228.31,228.42,219.36,219.39,11.9819,25.9702,35.1656,45.7845,56.1674,63.427,68.1438,72.8991,76.7309,80.9943,85.7661,115.723,114.613,113.202,110.056,100.517,15.4153,10.5681,5.89733
47.348,-0.0029,0.0659,0.0000,6,247.97,0.20,14.92,-0.2464,0.1415,15143.1,0.0,227.94,228.03,218.45,218.63,12.1571,25.7098,34.609,45.0697,55.3107,62.4755,67.1326,71.8291,75.6148,79.8278,84.545,114.326,113.229,111.837,108.743,99.4664,15.3634,10.2999,5.65416
47.367,-0.0026,0.0363,0.0000,6,247.44,0.19,15.28,-0.2786,0.1418,15096.5,0.0,227.48,227.57,217.74,218.00,12.2896,25.4239,34.0445,44.3499,54.4456,61.5124,66.1076,70.743,74.4801,78.6407,83.3004,112.936,111.852,110.479,107.437,98.4191,15.4215,10.082,5.41109
47.391,-0.0023,0.0199,0.0000,6,246.89,0.19,15.48,-0.3108,0.1423,15052.7,0.0,226.99,227.09,217.07,217.40,12.3835,25.1179,33.4842,43.6361,53.5883,60.5588,65.0933,69.6685,73.3586,77.4679,82.0712,111.548,110.477,109.122,106.131,97.3592,15.6023,9.91872,5.18079
47.410,-0.0021,0.0110,0.0000,6,246.32,0.20,15.84,-0.3430,0.1427,15011.7,0.0,226.39,226.49,216.46,216.83,12.4439,24.7941,32.9281,42.9285,52.7392,59.6149,64.0897,68.6066,72.2503,76.3091,80.8574,110.16,109.102,107.766,104.825,96.2877,15.9368,9.81017,4.98388
47.428,-0.0019,0.0060,0.0000,6,245.73,0.22,16.49,-0.3746,0.1319,14972.9,0.0,225.82,225.95,215.87,216.29,12.475,24.4571,32.381,42.2357,51.912,58.6989,63.1181,67.5807,71.1821,75.1949,79.6935,108.769,107.722,106.404,103.51,95.1929,16.4546,9.75935,4.82182
47.448,-0.0017,0.0033,0.0000,6,245.12,0.22,17.46,-0.4018,0.1100,14946.5,0.0,225.27,225.41,215.51,215.88,12.4781,24.1048,31.838,41.5481,51.0919,57.7908,62.155,66.5641,70.1236,74.0912,78.5414,107.379,106.345,105.044,102.197,94.0911,17.2247,9.7726,4.69149
47.472,-0.0015,0.0018,0.0000,6,244.50,0.19,19.17,-0.4240,0.0879,14911.1,0.0,224.70,224.81,215.05,215.34,12.4555,23.7328,31.2895,40.8494,50.2528,56.8578,61.1627,65.5134,69.0269,72.9445,77.3403,106.001,104.98,103.697,100.898,93.0053,18.3743,9.85521,4.593
47.490,-0.0014,0.0010,0.0000,6,243.89,0.16,20.69,-0.4416,0.0693,14872.6,0.0,224.16,224.26,214.50,214.78,12.4094,23.3442,30.7377,40.1433,49.4012,55.9076,60.1501,64.4388,67.9033,71.7674,76.1043,104.632,103.624,102.36,99.6108,91.9294,20.1452,10.0154,4.52625
47.510,-0.0012,0.0006,0.0000,6,243.28,0.13,22.21,-0.4549,0.0506,14836.6,0.0,223.63,223.70,214.00,214.24,12.34,22.9372,30.178,39.4222,48.5253,54.9256,59.0999,63.3207,66.7311,70.5355,74.8057,103.277,102.282,101.038,98.3402,90.872,23.1581,10.2606,4.48958
47.529,-0.0011,0.0003,0.0000,6,242.68,0.11,23.24,-0.4642,0.0331,14794.1,0.0,223.10,223.16,213.37,213.65,12.2507,22.5154,29.6151,38.6939,47.6375,53.9272,58.0303,62.1796,65.5329,69.274,73.474,101.93,100.95,99.726,97.0801,89.8224,26.6152,10.6004,4.48364
47.548,-0.0010,0.0002,0.5000,6,242.08,0.10,23.76,-0.4697,0.0171,14755.3,0.0,222.59,222.65,212.78,213.11,12.1429,22.0859,29.0543,37.9684,46.7529,52.9328,56.9648,61.0432,64.3396,68.0178,72.1477,100.586,99.6206,98.4164,95.8218,88.7669,30.0318,11.0418,4.50693
47.572,-0.0009,0.0001,0.7500,6,240.69,0.11,23.90,-0.4717,0.0011,14512.7,0.0,212.52,212.37,209.30,209.73,12.0176,21.658,28.4958,37.2457,45.8716,51.9415,55.9028,59.9102,63.1496,66.765,70.8247,99.2471,98.2962,97.1119,94.5677,87.7087,33.4059,11.5993,4.55929
47.591,-0.0008,0.0001,0.8750,6,238.66,0.12,23.63,-0.4702,-0.0130,14250.9,0.0,200.46,199.99,205.49,206.09,11.8775,21.2338,27.9421,36.5291,44.9972,50.9581,54.8492,58.7863,61.969,65.5216,69.5118,97.9184,96.9816,95.8169,93.3222,86.652,36.7231,12.2837,4.64018
47.610,-0.0007,0.0000,0.9375,6,236.46,0.14,23.00,-0.4658,-0.0267,13961.4,0.0,185.16,184.37,201.21,202.10,11.7234,20.8132,27.3927,35.8174,44.1283,49.9804,53.8009,57.6674,60.7936,64.2836,68.2039,96.6028,95.68,94.5348,92.0888,85.6008,39.9889,13.1158,4.7479
47.629,-0.0007,0.0000,0.9687,6,234.36,0.16,22.04,-0.4583,-0.0400,13651.0,0.0,165.93,164.77,196.56,197.84,11.5557,20.3949,26.8454,35.107,43.2595,49.0013,52.7506,56.5452,59.614,63.0399,66.8889,95.3017,94.3931,93.2672,90.8695,84.559,43.2278,14.1205,4.88315
47.648,-0.0006,0.0000,0.9844,6,232.17,0.18,21.04,-0.4482,-0.0520,13335.2,0.0,146.63,144.97,191.82,193.58,11.3762,19.9796,26.3018,34.4011,42.3955,48.0272,51.7052,55.4281,58.4392,61.8011,65.579,94.0132,93.1186,92.012,89.6619,83.5229,46.4273,15.1927,5.04428
47.672,-0.0005,0.0000,0.9922,6,230.21,0.19,19.77,-0.4357,-0.0639,12921.0,0.0,124.90,123.21,185.59,187.88,11.1855,19.5663,25.7597,33.6951,41.5293,47.0488,50.6539,54.3034,57.2552,60.5516,64.2554,92.7403,91.8599,90.7725,88.4697,82.4984,49.622,16.2571,5.23096
47.691,-0.0005,0.0000,0.9961,6,228.17,0.20,18.63,-0.4207,-0.0751,12656.6,0.0,101.66,99.66,181.48,184.02,10.9842,19.1559,25.2212,32.9937,40.6681,46.076,49.6085,53.1848,56.0777,59.3081,62.9383,91.4785,90.612,89.5436,87.2874,81.4785,52.7848,17.312,5.44271
47.710,-0.0004,0.0000,0.9980,6,225.91,0.22,17.62,-0.4037,-0.0856,12348.5,0.0,82.26,79.94,176.85,180.63,10.7741,18.7489,24.6866,32.2962,39.8107,45.1064,48.5659,52.0686,54.902,58.066,61.6219,90.2311,89.3785,88.329,86.1186,80.4673,55.9297,18.3572,5.67804
47.729,-0.0004,0.0000,0.9990,6,224.38,0.18,16.13,-0.3846,-0.0963,11795.5,0.0,56.20,54.94,168.50,172.38,10.5532,18.3364,24.1403,31.5764,38.9174,44.0896,47.4677,50.8873,53.6532,56.7418,60.2123,89.0097,88.172,87.1425,84.9801,79.4895,59.2838,19.4194,5.93951
47.748,-0.0003,0.0000,0.9995,6,222.43,0.15,14.99,-0.3635,-0.1061,11604.3,0.0,30.39,28.93,165.56,169.50,10.3248,17.9298,23.603,30.8708,38.0442,43.0974,46.3974,49.7381,52.4396,55.456,58.8454,87.7927,86.9694,85.9591,83.8427,78.5049,61.3172,20.4673,6.22368
47.766,-0.0003,0.0000,0.9997,6,220.50,0.11,13.80,-0.3407,-0.1157,11115.3,0.0,9.21,8.26,158.30,163.91,10.0933,17.5236,23.0649,30.1613,37.1632,42.0941,45.3138,48.5721,51.207,54.1485,57.4534,86.5932,85.7844,84.7935,82.7231,77.5354,61.9462,21.5189,6.5309
47.791,-0.0003,0.0000,0.9999,6,219.63,-0.02,12.09,-0.3161,-0.1256,10356.9,0.0,0.00,0.00,146.98,152.41,9.85999,17.1055,22.5036,29.4099,36.2163,41.0051,44.1298,47.2907,49.8455,52.6963,55.8974,85.4281,84.6355,83.6658,81.6452,76.6155,62.2709,22.6222,6.84734
47.809,-0.0003,0.0000,0.9999,6,218.14,-0.11,10.81,-0.2899,-0.1346,10148.4,0.0,0.00,0.00,144.09,148.92,9.62971,16.6977,21.9602,28.6884,35.3146,39.9737,43.0126,46.0855,48.5684,51.3382,54.4474,84.2542,83.4765,82.5265,80.5521,75.6677,62.2754,23.6985,7.16055
47.829,-0.0002,0.0000,1.0000,6,216.74,-0.24,9.41,-0.2622,-0.1437,9482.33,0.0,0.00,0.00,133.67,141.41,9.39917,16.2844,21.4054,27.9457,34.379,38.8978,41.843,44.8197,47.2236,49.904,52.9112,83.1054,82.3433,81.414,79.4872,74.7498,62.1921,24.8116,7.47488
47.847,-0.0002,0.0000,1.0000,6,216.29,-0.50,7.60,-0.2329,-0.1533,8504.79,0.0,0.00,0.00,119.41,127.44,9.16623,15.8583,20.8265,27.1598,33.3768,37.7359,40.5737,43.4389,45.7509,48.3267,51.2142,54.7484,81.2447,80.3377,78.462,73.8782,62.0895,26.0038,7.79417
47.866,-0.0002,0.0000,1.0000,6,214.88,-0.65,6.34,-0.2028,-0.1543,8020.94,0.0,0.00,0.00,113.63,118.00,8.93837,15.4528,20.2846,26.4382,32.4722,36.6994,39.4496,42.225,44.4636,46.9567,49.7499,52.9998,80.1109,79.223,77.3915,72.9415,61.7726,27.1187,8.10691
47.890,-0.0002,0.0000,1.0000,5,213.22,-0.75,5.17,-0.1729,-0.1548,7364.32,0.0,0.00,0.00,103.54,110.26,8.71312,15.0537,19.7528,25.7323,31.5903,35.6908,38.3573,41.0472,43.2158,45.6301,48.3339,51.4086,78.9805,78.1112,76.3219,71.9989,61.3788,28.2204,8.41669
47.910,-0.0002,0.0000,1.0000,5,211.00,-0.86,4.35,-0.1433,-0.1554,7954.69,0.0,0.00,0.00,98.76,104.61,8.48979,14.6582,19.2259,25.0333,30.7173,34.6928,37.2766,39.882,41.9817,44.3183,46.9342,49.8831,77.8597,77.0083,75.2603,71.0599,60.9385,29.323,8.7246
47.929,-0.0001,0.0000,1.0000,5,208.11,-0.92,3.97,-0.1141,-0.1558,7941.35,0.0,0.00,0.00,98.84,104.11,8.27051,14.2735,18.7162,24.3616,29.8835,33.7438,36.2517,38.7799,40.8169,43.0832,45.6196,48.4773,76.7404,75.9059,74.1964,70.1101,60.4327,30.3869,9.0269
47.947,-0.0001,0.0000,1.0000,5,204.70,-0.95,3.92,-0.0853,-0.1560,7864.82,0.0,0.00,0.00,101.24,106.58,8.05542,13.8985,18.2214,23.7127,29.0817,32.8339,35.2711,37.7275,39.7063,41.9076,44.3709,47.1456,75.63,74.8113,73.1382,69.1592,59.8823,31.4157,9.32324
47.966,-0.0001,0.0000,1.0000,5,201.03,-0.96,4.05,-0.0570,-0.1562,8134.12,0.0,0.00,0.00,104.73,110.03,7.84441,13.5317,17.7383,23.0804,28.3021,31.9505,34.3198,36.7075,38.6308,40.77,43.1636,45.8594,74.5351,73.7318,72.0935,68.2166,59.3064,32.4193,9.61396
47.992,-0.0001,0.0000,1.0000,5,197.26,-0.94,4.27,-0.0292,-0.1563,8486.84,0.0,0.00,0.00,109.37,114.67,7.63769,13.1739,17.2683,22.4673,27.5485,31.0982,33.4033,35.7262,37.5972,39.6781,42.0063,44.6283,73.455,72.6663,71.0612,67.2811,58.7071,33.3897,9.89842
48.010,-0.0001,0.0000,1.0000,5,193.53,-0.91,4.50,-0.0019,-0.1563,8823.85,0.0,0.00,0.00,113.73,119.42,7.43527,12.825,16.8112,21.8729,26.82,30.2762,32.5206,34.7823,36.604,38.6302,40.8972,43.4503,72.3902,71.6153,70.0419,66.3536,58.0894,34.3251,10.1764
48.029,-0.0001,0.0000,1.0000,5,190.17,-0.88,4.52,0.0249,-0.1563,8914.05,0.0,0.00,0.00,114.83,120.90,7.23625,12.4817,16.3612,21.2874,26.102,29.4657,31.65,33.8512,35.6241,37.596,39.8023,42.287,71.3457,70.5844,69.0419,65.4425,57.4694,35.2476,10.4499
48.048,-0.0001,0.0000,1.0000,5,187.06,-0.84,4.43,0.0512,-0.1562,8987.04,0.0,0.00,0.00,115.85,121.81,7.04112,12.1466,15.923,20.7191,25.4075,28.6833,30.8108,32.9548,34.6818,36.603,38.7524,41.1734,70.3134,69.5652,68.0521,64.5373,56.8349,36.1339,10.7172
48.073,-0.0001,0.0000,1.0000,5,184.09,-0.77,4.30,0.0772,-0.1559,9050.55,0.0,0.00,0.00,116.72,122.63,6.84987,11.82,15.4977,20.1701,24.7393,27.933,30.0077,32.0989,33.7837,35.6579,37.7555,40.1184,69.2902,68.5544,67.0694,63.6347,56.184,36.9741,10.9779
48.091,-0.0001,0.0000,1.0000,5,181.33,-0.69,4.06,0.1027,-0.1556,8998.13,0.0,0.00,0.00,115.79,122.50,6.66162,11.4992,15.0804,19.6323,24.086,27.2002,29.2238,31.264,32.908,34.7373,36.785,39.0924,68.2804,67.5566,66.0987,62.7411,55.5281,37.7869,11.2337
48.111,-0.0001,0.0000,1.0000,5,178.81,-0.61,3.71,0.1279,-0.1553,8856.25,0.0,0.00,0.00,113.95,120.47,6.476,11.1829,14.669,19.1022,23.442,26.478,28.4513,30.4413,32.0452,33.8304,35.829,38.0816,67.2844,66.5724,65.1411,61.8584,54.8716,38.5814,11.4855
48.129,-0.0000,0.0000,1.0000,5,176.34,-0.52,3.38,0.1528,-0.1549,8788.96,0.0,0.00,0.00,113.13,119.44,6.2932,10.8727,14.2666,18.5854,22.8162,25.7778,27.7036,29.6463,31.2126,32.9562,34.909,37.1108,66.2968,65.5962,64.1904,60.9794,54.2059,39.2678,11.7319
48.147,-0.0000,0.0000,1.0000,5,173.84,-0.41,3.11,0.1774,-0.1543,8757.76,0.0,0.00,0.00,112.75,118.97,6.11337,10.5686,13.8731,18.0814,22.2078,25.0984,26.9791,28.877,30.4078,32.1125,34.0224,36.1768,65.3184,64.6288,63.2476,60.1054,53.5336,39.6565,11.9727
48.166,-0.0000,0.0000,1.0000,5,171.41,-0.31,2.81,0.2015,-0.1538,8602.15,0.0,0.00,0.00,110.44,117.46,5.93587,10.2678,13.4833,17.5814,21.6031,24.4226,26.2578,28.1106,29.6055,31.2708,33.1372,35.2435,64.3557,63.677,62.3202,59.2455,52.8676,39.8672,12.2102
48.191,-0.0000,0.0000,1.0000,5,169.05,-0.22,2.49,0.2254,-0.1533,8414.91,0.0,0.00,0.00,108.02,114.79,5.7605,9.97001,13.0968,17.0847,21.0015,23.7492,25.5385,27.3457,28.8043,30.4296,32.2519,34.3092,63.4083,62.7404,61.4077,58.3992,52.208,39.9601,12.4445
48.210,-0.0000,0.0000,1.0000,5,166.64,-0.13,2.25,0.2489,-0.1528,8302.92,0.0,0.00,0.00,106.61,113.17,5.58775,9.6769,12.7166,16.5966,20.4108,23.0885,24.8332,26.596,28.0192,29.6057,31.3852,33.395,62.4723,61.815,60.5058,57.5615,51.5486,39.9558,12.6743
48.229,-0.0000,0.0000,1.0000,5,164.11,-0.04,2.11,0.2721,-0.1523,8223.48,0.0,0.00,0.00,105.61,112.04,5.41756,9.3882,12.3422,16.1161,19.8294,22.4383,24.1391,25.8582,27.2467,28.7953,30.5328,32.4961,61.5492,60.9023,59.6161,56.7341,50.8922,39.8802,12.8998
48.247,-0.0000,0.0000,1.0000,5,161.59,0.04,1.97,0.2949,-0.1518,8052.88,0.0,0.00,0.00,103.11,110.30,5.24953,9.102,11.9702,15.6369,19.2477,21.7864,23.4421,25.1164,26.4691,27.9781,29.6719,31.5866,60.6443,60.0078,58.7445,55.9241,50.2475,39.7606,13.1228
48.267,-0.0000,0.0000,1.0000,5,159.20,0.10,1.77,0.3174,-0.1514,7824.35,0.0,0.00,0.00,100.16,107.08,5.08362,8.81826,11.6003,15.159,18.6657,21.1326,22.7421,24.37,25.6857,27.1538,28.8022,30.6661,59.7572,59.1312,57.8906,55.1308,49.6145,39.6072,13.3437
48.291,-0.0000,0.0000,1.0000,5,156.81,0.15,1.61,0.3395,-0.1510,7673.58,0.0,0.00,0.00,98.27,104.91,4.92003,8.53826,11.2351,14.6868,18.0903,20.4859,22.0495,23.6315,24.9104,26.3377,27.9408,29.7542,58.8837,58.2679,57.0497,54.349,48.9869,39.4187,13.5611
48.310,-0.0000,0.0000,1.0000,5,154.38,0.20,1.50,0.3613,-0.1507,7557.65,0.0,0.00,0.00,96.82,103.26,4.75882,8.26216,10.8748,14.2208,17.5222,19.8472,21.3652,22.9016,24.144,25.5309,27.0892,28.8523,58.0237,57.418,56.2218,53.5786,48.3648,39.2003,13.7749
48.329,-0.0000,0.0000,1.0000,5,151.92,0.25,1.42,0.3828,-0.1503,7432.75,0.0,0.00,0.00,95.05,101.89,4.60017,7.9899,10.5192,13.76,16.9595,19.2139,20.6864,22.177,23.3827,24.729,26.242,27.9544,57.1791,56.5833,55.4086,52.8218,47.7511,38.9597,13.9855
48.348,-0.0000,0.0000,1.0000,5,149.64,0.27,1.24,0.4039,-0.1501,7140.91,0.0,0.00,0.00,91.15,98.10,4.44341,7.71935,10.1644,13.2983,16.3932,18.5744,19.9995,21.4423,22.6095,23.9129,25.3779,27.0363,56.3538,55.7681,54.615,52.0838,47.1524,38.7099,14.1954
48.366,-0.0000,0.0000,1.0000,5,147.41,0.29,1.05,0.4247,-0.1500,6931.66,0.0,0.00,0.00,88.52,95.10,4.28882,7.45223,9.81388,12.8416,15.8326,17.9411,19.3188,20.7139,21.8426,23.1033,24.5204,26.1247,29.8362,54.9661,53.8342,51.3573,46.5604,38.4434,14.4026
48.391,-0.0000,0.0000,1.0000,5,145.16,0.30,0.91,0.4452,-0.1498,6768.21,0.0,0.00,0.00,86.46,92.80,4.13655,7.18912,9.46861,12.3918,15.2804,17.3172,18.6484,19.9964,21.0873,22.3058,23.6757,25.2268,28.3856,54.1759,53.0647,50.6407,45.9732,38.1605,14.6063
48.410,-0.0000,0.0000,1.0000,5,142.88,0.32,0.81,0.4654,-0.1496,6627.73,0.0,0.00,0.00,84.70,90.81,3.98663,6.92992,9.12836,11.9483,14.7357,16.7017,17.9868,19.2884,20.3417,21.5185,22.8416,24.34,27.189,53.3982,52.3073,49.9347,45.392,37.865,14.8069
48.429,-0.0000,0.0000,0.5000,4,140.66,0.32,0.68,0.4852,-0.1496,6394.65,0.0,0.00,0.00,81.38,88.27,3.83911,6.67401,8.79173,11.5084,14.1941,16.0885,17.3268,18.5812,19.5964,20.7305,22.0058,23.4501,26.0571,52.6368,51.5658,49.2437,44.8217,37.5645,15.0056
48.448,-0.0000,0.0000,0.2500,4,138.54,0.31,0.49,0.5047,-0.1496,7160.43,0.0,1.03,1.47,84.66,91.10,3.69329,6.42046,8.45766,11.071,13.6545,15.4768,16.668,17.8747,18.8511,19.9421,21.1688,22.5581,24.9687,51.8898,50.8386,48.566,44.2609,37.2587,15.2033
48.467,-0.0586,0.0000,0.1250,4,136.47,0.30,0.32,0.5240,-0.1496,7152.0,0.0,9.16,9.72,92.86,98.74,3.54996,6.1712,8.12925,10.641,13.124,14.8754,16.0202,17.1799,18.1183,19.1668,20.3457,21.6809,23.9374,51.154,50.1221,47.8975,43.705,36.9434,15.3977
48.491,-0.1565,0.0000,0.0625,4,134.40,0.28,0.19,0.5429,-0.1496,8905.37,0.0,21.68,22.37,102.72,108.06,3.40853,5.92541,7.80553,10.2174,12.6016,14.2834,15.3827,16.4963,17.3974,18.4042,19.5363,20.8185,22.9503,50.4284,49.4154,47.2375,43.1535,36.6194,15.5892
48.510,-0.2298,0.0000,0.0312,4,132.46,0.25,0.12,0.5616,-0.1494,9552.24,0.0,36.69,37.52,111.66,114.88,3.27006,5.68594,7.49111,9.80749,12.0981,13.7143,14.7709,15.8414,16.7078,17.676,18.7647,19.998,22.0336,49.7068,48.7119,46.5788,42.5984,36.2788,15.7734
48.529,-0.2849,0.0000,0.0156,4,131.00,0.25,0.04,0.5799,-0.1486,9666.78,0.0,52.88,53.82,114.47,115.34,3.13514,5.45619,7.19251,9.42316,11.6319,13.1921,14.2129,15.2477,16.0858,17.0226,18.0769,19.2719,21.2432,48.9734,47.9953,45.9039,42.0206,35.9022,15.9422
48.548,-0.3020,0.0000,0.0078,4,129.77,0.25,-0.10,0.5979,-0.1473,9603.01,0.0,68.54,69.89,113.87,114.46,3.00347,5.23513,6.90791,9.06136,11.1986,12.7112,13.7022,14.7079,15.5232,16.4354,17.463,18.6292,20.5583,48.2275,47.265,45.2128,41.4212,35.4932,16.0958
48.566,-0.2384,0.0000,0.0039,4,128.72,0.25,-0.25,0.6156,-0.1453,9529.32,0.0,82.03,83.64,112.94,113.63,2.87565,5.02432,6.63988,8.72629,10.8044,12.2798,13.2484,14.233,15.0324,15.9283,16.939,18.0882,20.0088,47.4633,46.5152,44.4995,40.7945,35.0466,16.23
48.591,-0.2145,0.0000,0.0020,4,127.73,0.28,-0.37,0.6329,-0.1424,9458.58,0.0,94.72,96.51,112.00,112.89,2.75244,4.82597,6.3922,8.42449,10.4596,11.911,12.8669,13.8412,14.6339,15.5243,16.5313,17.6795,19.6765,46.6728,45.7379,43.7558,40.1317,34.5547,16.3391
48.611,-0.1931,0.0000,0.0010,4,126.84,0.30,-0.45,0.6497,-0.1381,9391.5,0.0,106.07,107.97,111.04,112.24,2.63507,4.64394,6.17159,8.16769,10.1826,11.6294,12.5869,13.5664,14.3663,15.2677,16.291,17.4628,19.9291,45.8435,44.9199,42.968,39.4188,34.0037,16.414
48.628,-0.1738,0.0000,0.0005,4,126.20,0.33,-0.50,0.6657,-0.1314,9336.65,0.0,113.11,114.94,110.08,111.88,2.52694,4.49001,5.99916,7.99365,10.0334,11.5148,12.503,13.5204,14.3562,15.3033,16.3857,17.6353,45.4106,44.9362,44.0212,42.0938,38.6107,33.3475,16.4291
48.647,-0.1564,0.0000,0.0002,4,125.90,0.63,-0.64,0.6810,-0.1217,9303.57,0.0,114.38,116.60,109.33,111.81,2.42992,4.37052,5.88713,7.92666,10.0552,11.6291,12.6923,13.7984,14.7157,15.765,16.9797,44.8084,44.4024,43.9301,43.0209,41.1122,37.6872,32.569,16.3726
48.666,-0.1408,0.0000,0.0001,4,125.69,1.13,-0.80,0.6954,-0.1105,9286.61,0.0,114.22,116.76,108.95,111.78,2.34104,4.27209,5.81164,7.92705,10.192,11.9058,13.0827,14.3241,15.3669,16.613,44.039,43.7537,43.3487,42.8783,41.9743,40.0835,36.7165,31.7434,16.2802
48.691,-0.1267,0.0000,0.0001,4,125.47,1.59,-0.96,0.7089,-0.0994,9271.74,0.0,114.04,116.60,108.78,111.59,2.25723,4.18042,5.74592,7.94678,10.3698,12.2506,13.567,14.9776,16.3156,43.2741,42.9927,42.7084,42.3052,41.8374,40.9403,39.0705,35.7665,30.942,16.1872
48.710,-0.1140,0.0000,0.0000,4,125.27,1.91,-1.07,0.7215,-0.0891,9257.26,0.0,113.91,116.33,108.70,111.34,2.17782,4.09127,5.6811,7.96834,10.5599,12.6269,14.1033,15.9961,42.5313,42.2542,41.9743,41.6916,41.2912,40.8271,39.9387,38.0938,34.8585,30.1852,16.1041
48.729,-0.1026,0.0000,0.0000,4,125.06,2.08,-1.12,0.7332,-0.0796,9242.83,0.0,113.81,116.03,108.63,111.06,2.10332,4.00484,5.61628,7.98783,10.7539,13.023,14.769,41.8142,41.5415,41.2662,40.9884,40.708,40.3112,39.8519,38.9742,37.1576,33.9956,29.4745,16.0323
48.748,-0.0924,0.0000,0.0000,4,124.86,2.22,-1.24,0.7439,-0.0707,9221.57,0.0,113.69,115.76,108.42,110.77,2.03433,3.92429,5.55741,8.01649,10.972,13.4714,41.2186,40.8438,40.5732,40.3002,40.0249,39.7473,39.3549,38.9011,38.0354,36.2497,33.1642,28.7948,15.9651
48.766,-0.0831,0.0000,0.0000,4,124.65,2.41,-1.41,0.7538,-0.0618,9207.49,0.0,113.53,115.58,108.26,110.59,1.97147,3.8542,5.51452,8.07647,11.2585,40.6696,40.25,39.8782,39.61,39.3397,39.0673,38.7928,38.4051,37.9573,37.1045,35.3517,32.3443,28.1258,15.893
48.791,-0.0748,0.0000,0.5000,4,124.45,2.49,-1.57,0.7627,-0.0538,9195.11,0.0,113.44,115.31,108.23,110.33,1.91315,3.78662,5.47064,8.131,11.5443,39.7285,39.3127,38.9446,38.6794,38.4122,38.1431,37.8722,37.4899,37.0489,36.2103,34.4929,31.5659,27.4958,15.8318
48.810,-0.0673,0.0000,0.7500,4,123.60,2.53,-1.70,0.7708,-0.0471,8852.72,0.0,102.18,104.13,104.36,106.22,1.85902,3.71891,5.41898,8.1619,11.8375,38.8292,38.4179,38.0543,37.7924,37.5289,37.2637,36.9968,36.6206,36.187,35.364,33.684,30.8382,26.9126,15.7826
48.829,-0.0606,0.0000,0.8750,4,122.09,2.58,-1.75,0.7783,-0.0421,8515.89,0.0,88.40,90.70,100.50,102.20,1.80668,3.64329,5.34362,8.13217,12.5932,37.991,37.5851,37.2266,36.9687,36.7093,36.4484,36.1861,35.8165,35.3909,34.5845,32.9436,30.1788,26.3913,15.7455
48.848,-0.0545,0.0000,0.9375,4,120.30,2.59,-1.78,0.7853,-0.0388,8141.56,0.0,73.19,75.89,96.12,97.96,1.7554,3.55929,5.24407,8.03884,37.9504,37.211,36.8111,36.4583,36.2046,35.9496,35.6933,35.4358,35.0733,34.6562,33.867,32.2657,29.5803,25.9239,15.7171
48.867,-0.0491,0.0000,0.9687,4,118.55,2.67,-1.93,0.7919,-0.0363,7536.24,0.0,57.70,60.57,88.82,90.90,1.70531,3.4719,5.13279,7.91187,37.196,36.4672,36.0736,35.7266,35.4774,35.2269,34.9754,34.7228,34.3674,33.959,33.1871,31.6251,29.0172,25.4856,15.6861
48.891,-0.0442,0.0000,0.9844,4,116.75,2.74,-2.08,0.7982,-0.0343,7055.19,0.0,39.75,42.98,83.07,85.12,1.6563,3.38347,5.01619,7.76789,36.4656,35.7477,35.3605,35.0195,34.7746,34.5288,34.282,34.0344,33.6862,33.2863,32.5317,31.0085,28.4758,25.0636,15.6474
48.910,-0.0398,0.0000,0.9922,4,114.87,2.78,-2.16,0.8044,-0.0328,6655.13,0.0,21.66,24.93,78.32,80.29,1.60802,3.2931,4.89256,7.60291,35.7607,35.0539,34.6732,34.3382,34.0979,33.8567,33.6147,33.3719,33.0309,32.6396,31.9021,30.4169,27.9571,24.6589,15.6027
48.929,-0.0358,0.0000,0.9961,4,112.89,2.77,-2.18,0.8104,-0.0318,6300.31,0.0,4.28,7.58,74.08,76.06,1.56014,3.20035,4.76146,7.41689,35.0813,34.3858,34.0117,33.6826,33.4468,33.2102,32.973,32.7351,32.4012,32.0184,31.2977,29.8497,27.4604,24.2708,15.5529
48.948,-0.0322,0.0000,0.9980,4,110.83,2.72,-2.15,0.8162,-0.0313,5969.93,0.0,0.00,0.00,70.13,72.13,1.51306,3.10643,4.62508,7.24573,34.4264,33.7422,33.3746,33.0516,32.8202,32.5882,32.3557,32.1227,31.7958,31.4213,30.7171,29.3053,26.9836,23.8974,15.4975
48.966,-0.0290,0.0000,0.9990,4,108.78,2.64,-2.12,0.8218,-0.0312,5597.37,0.0,0.00,0.00,65.75,68.03,1.46662,3.0116,4.48455,7.12144,33.7939,33.121,32.7599,32.4428,32.2158,31.9883,31.7604,31.5322,31.2122,30.8458,30.1577,28.781,26.5244,23.5364,15.4361
48.991,-0.0261,0.0000,0.9995,3,106.93,2.56,-2.21,0.8274,-0.0313,5235.99,0.0,0.00,0.00,58.85,61.10,1.42104,2.9175,4.34377,7.08145,33.1775,32.5157,32.161,31.8497,31.627,31.4039,31.1806,30.9571,30.6438,30.2854,29.613,28.2703,26.0763,23.1822,15.3669
49.011,-0.0235,0.0000,0.9997,3,105.10,2.47,-2.31,0.8328,-0.0315,6116.79,0.0,0.00,0.00,53.78,55.95,1.37631,2.82471,4.20443,7.20677,32.5739,31.9231,31.5746,31.2691,31.0506,30.8319,30.613,30.394,30.0873,29.7367,29.0795,27.77,25.6363,22.8322,15.2895
49.029,-0.0211,0.0000,0.9999,3,103.27,2.37,-2.39,0.8380,-0.0318,6113.53,0.0,0.00,0.00,49.41,51.53,1.33244,2.73326,4.06652,33.2522,31.9831,31.3431,31.0008,30.7009,30.4866,30.2721,30.0576,29.8431,29.5427,29.1997,28.5574,27.2799,25.2045,22.4865,15.2046
49.047,-0.0190,0.0000,0.9999,3,101.43,2.27,-2.44,0.8432,-0.0322,5235.99,0.0,0.00,0.00,45.46,47.53,1.28942,2.64325,3.93128,32.6553,31.4045,30.7752,30.439,30.1446,29.9343,29.724,29.5138,29.3036,29.0095,28.6738,28.0459,26.7997,24.7802,22.1451,15.1128
49.073,-0.0171,0.0000,1.0000,3,99.54,2.16,-2.46,0.8483,-0.0327,5235.99,0.0,0.00,0.00,41.79,43.82,1.24724,2.55481,3.82141,32.0704,30.8377,30.2189,29.8886,29.5997,29.3933,29.1871,28.981,28.7751,28.4871,28.1586,27.5448,26.3287,24.3633,21.8075,15.0146
49.092,-0.0154,0.0000,1.0000,3,97.61,2.06,-2.43,0.8532,-0.0332,5235.99,0.0,0.00,0.00,38.20,40.20,1.20601,2.46832,3.75189,31.4971,30.2823,29.6737,29.3493,29.0656,28.8632,28.6609,28.4589,28.2571,27.975,27.6535,27.0533,25.8665,23.9533,21.4737,14.9103
49.110,-0.0139,0.0000,1.0000,3,95.79,1.96,-2.48,0.8581,-0.0337,5235.99,0.0,0.00,0.00,32.41,34.75,1.16562,2.38491,3.73095,30.9352,29.738,29.1395,28.8207,28.5422,28.3436,28.1452,27.9471,27.7494,27.4731,27.1584,26.5714,25.4129,23.55,21.1436,14.8004
49.129,-0.0125,0.0000,1.0000,3,94.02,1.88,-2.54,0.8628,-0.0341,5235.99,0.0,0.00,0.00,26.22,28.46,1.12627,2.32256,3.77533,30.3811,29.2013,28.6128,28.2996,28.0262,27.8312,27.6367,27.4424,27.2486,26.978,26.6699,26.0958,24.9647,23.1506,20.8149,14.684
49.147,-0.0112,0.0000,1.0000,3,92.61,1.80,-2.84,0.8675,-0.0345,5235.99,0.0,0.00,0.00,21.15,23.21,1.08764,2.28765,3.90902,29.8354,28.6729,28.094,27.7864,27.5179,27.3266,27.1358,26.9453,26.7554,26.4903,26.1886,25.6271,24.5228,22.7559,20.4884,14.5623
49.167,-0.0101,0.0000,1.0000,3,91.39,1.75,-3.23,0.8721,-0.0348,5235.99,0.0,0.00,0.00,16.46,18.65,1.05076,2.28423,4.20145,29.2937,28.1483,27.5792,27.277,27.0134,26.8257,26.6385,26.4518,26.2656,26.0059,25.7106,25.1615,24.0833,22.3625,20.1614,14.4343
49.191,-0.0091,0.0000,1.0000,3,90.16,1.72,-3.59,0.8766,-0.0348,5235.99,0.0,0.00,0.00,11.82,14.76,1.02497,2.31797,4.93403,28.7531,27.6247,27.0652,26.7683,26.5096,26.3255,26.1419,25.9589,25.7764,25.5221,25.2331,24.6961,23.6436,21.968,19.8319,14.2995
49.211,-0.0082,0.0000,1.0000,3,88.69,1.71,-3.80,0.8803,-0.0164,5235.99,0.0,0.00,0.00,7.05,11.29,1.01251,2.39511,30.0581,28.2161,27.1048,26.5548,26.2633,26.0094,25.8287,25.6487,25.4693,25.2906,25.0416,24.7587,24.2336,23.2063,21.575,19.5022,14.1593
49.229,-0.0074,0.0000,1.0000,3,86.99,1.70,-3.86,0.8825,0.0023,5235.99,0.0,0.00,0.00,3.70,6.42,1.01361,2.52608,29.5099,27.6877,26.5933,26.0527,25.7664,25.5173,25.3401,25.1636,24.9878,24.8127,24.5688,24.292,23.7786,22.7758,21.1874,19.1759,14.0159
49.248,-0.0066,0.0000,1.0000,3,85.28,1.69,-3.91,0.8832,0.0207,5235.99,0.0,0.00,0.00,0.10,1.69,1.02811,2.7288,28.9714,27.1692,26.0915,25.5601,25.279,25.0345,24.8607,24.6877,24.5154,24.3438,24.105,23.8341,23.3321,22.3531,20.8064,18.854,13.87
49.266,-0.0060,0.0000,1.0000,3,84.71,1.74,-4.57,0.8824,0.0393,5235.99,0.0,0.00,0.00,0.00,0.00,1.05693,3.04388,28.4294,26.6473,25.5865,25.0644,24.7885,24.5487,24.3783,24.2086,24.0398,23.8718,23.6381,23.373,22.8823,21.9271,20.4216,18.5276,13.7177
49.291,-0.0054,0.0000,0.5000,3,84.18,1.89,-5.22,0.8802,0.0590,5235.99,0.0,0.00,0.00,0.00,0.00,1.1021,3.57656,27.8669,26.1053,25.062,24.5495,24.279,24.0439,23.877,23.7109,23.5457,23.3813,23.1527,22.8937,22.4146,21.4836,20.0203,18.1858,13.5539
49.310,-0.0048,0.0000,0.2500,3,83.45,2.11,-5.76,0.8767,0.0793,5235.99,0.0,0.00,0.00,0.00,0.00,1.16499,4.82053,27.294,25.5538,24.5284,24.0258,23.7607,23.5305,23.3671,23.2046,23.0431,22.8824,22.6591,22.4062,21.9388,21.0322,19.6113,17.8365,13.3827
49.329,-0.0043,0.0000,0.1250,3,82.33,2.28,-6.04,0.8719,0.1000,5235.99,0.0,5.62,1.95,0.07,2.53,1.24471,29.1175,26.7354,25.0173,24.0099,23.517,23.2573,23.0319,22.8721,22.7131,22.5552,22.3981,22.18,21.9331,21.4772,20.5944,19.2145,17.4969,13.2128
49.348,0.0490,0.0000,0.0625,3,81.04,2.36,-6.22,0.8658,0.1194,5235.99,0.0,18.57,10.14,2.88,5.04,1.34102,28.5737,26.2057,24.5099,23.5198,23.0363,22.7817,22.561,22.4045,22.249,22.0944,21.9409,21.7276,21.4864,21.0415,20.1811,18.8398,17.1755,13.0481
49.367,0.1732,0.0000,0.0312,3,79.40,2.33,-6.18,0.8584,0.1374,5235.99,0.0,36.78,19.13,9.01,13.96,1.45366,28.058,25.7057,24.032,23.0585,22.5839,22.3343,22.1179,21.9646,21.8123,21.661,21.5107,21.3022,21.0663,20.6316,19.7924,18.487,16.8721,12.8888
49.391,0.2634,0.0000,0.0156,3,78.39,2.41,-6.54,0.8499,0.1559,5235.99,0.0,53.51,25.64,11.08,17.09,1.58769,27.5328,25.1967,23.5455,22.589,22.1235,21.8789,21.667,21.5169,21.3679,21.2199,21.0729,20.869,20.6387,20.2144,19.3964,18.1272,16.5618,12.7233
49.410,0.3179,0.0000,0.0078,3,77.41,2.62,-6.85,0.8404,0.1736,5235.99,0.0,67.34,33.54,13.05,21.24,1.74306,27.0202,24.7015,23.073,22.1332,21.6767,21.437,21.2294,21.0825,20.9366,20.7918,20.6481,20.4488,20.2237,19.8094,19.0121,17.7777,16.2597,12.5589
49.429,0.3594,0.0000,0.0039,3,76.38,2.71,-6.95,0.8301,0.1861,5235.99,0.0,71.00,42.84,19.34,29.80,1.90388,26.6072,24.307,22.6981,21.7717,21.3222,21.0864,20.8823,20.7378,20.5945,20.4522,20.3111,20.1154,19.8944,19.4881,18.7069,17.4997,16.0178,12.4203
49.448,0.3909,0.0000,0.0020,3,75.21,2.31,-6.86,0.8192,0.1918,5235.99,0.0,70.99,53.25,28.01,42.60,2.05637,26.3317,24.0494,22.4552,21.5369,21.0918,20.8583,20.6563,20.5134,20.3716,20.2309,20.0913,19.8978,19.6795,19.2781,18.5069,17.3165,15.8555,12.3163
49.466,0.4150,0.0000,0.0010,3,73.95,1.55,-6.63,0.8077,0.1909,5235.99,0.0,70.75,63.43,37.84,57.01,2.19259,26.1863,23.9213,22.3372,21.4218,20.9782,20.7457,20.5445,20.4021,20.2609,20.1208,19.9818,19.7892,19.5718,19.1723,18.4051,17.2216,15.7675,12.2446
49.491,0.4328,0.0000,0.0005,3,73.31,1.00,-6.34,0.7959,0.1857,5689.5,0.0,70.33,65.18,47.42,62.05,2.3144,26.1169,23.8701,22.2942,21.3789,20.9352,20.7025,20.5013,20.3589,20.2176,20.0775,19.9385,19.7459,19.5285,19.1291,18.362,17.1792,15.724,12.1927
49.510,0.4465,0.0000,0.0002,3,72.90,0.53,-6.18,0.7842,0.1802,6175.28,0.0,69.87,64.83,57.16,61.72,2.43486,26.047,23.82,22.2516,21.3382,20.8941,20.6613,20.46,20.3175,20.1762,20.036,19.8969,19.7042,19.4868,19.0872,18.3201,17.1374,15.6815,12.1413
49.529,0.4570,0.0000,0.0001,3,72.78,-0.26,-6.40,0.7724,0.1731,6227.85,0.0,69.87,64.44,59.01,61.31,2.54986,26.0003,23.7952,22.2327,21.3223,20.8773,20.644,20.4422,20.2994,20.1578,20.0173,19.8779,19.6848,19.4669,19.0664,18.2978,17.1129,15.6539,12.0961
49.548,0.4650,0.0000,0.0001,3,72.60,-1.07,-6.59,0.7604,0.1647,6359.38,0.0,69.79,64.15,61.71,61.01,2.66033,25.9721,23.7912,22.2333,21.3256,20.881,20.6469,20.4443,20.301,20.1588,20.0178,19.8779,19.6841,19.4653,19.0634,18.2919,17.1027,15.6385,12.0557
49.567,0.4713,0.0000,0.0000,3,72.40,-1.67,-6.72,0.7482,0.1568,6497.41,0.0,69.39,63.94,64.60,60.86,2.7736,25.9271,23.77,22.2184,21.3134,20.8702,20.6365,20.4337,20.2899,20.1472,20.0057,19.8654,19.6709,19.4515,19.0482,18.2743,17.0814,15.6131,12.0106
49.591,0.4761,0.0000,0.0000,3,72.25,-2.05,-6.80,0.7362,0.1507,6554.67,0.0,68.95,63.78,65.78,60.85,2.89139,25.8549,23.7198,22.1775,21.2755,20.8338,20.601,20.3989,20.2556,20.113,19.9713,19.8306,19.6357,19.4158,19.0118,18.2363,17.0415,15.5714,11.9584
49.610,0.4799,0.0000,0.0000,3,72.11,-2.22,-6.81,0.7243,0.1467,6564.23,0.0,68.56,63.64,65.97,60.88,3.0135,25.7565,23.6427,22.1121,21.2136,20.7737,20.5419,20.3406,20.1979,20.056,19.9149,19.7746,19.5797,19.3596,18.9552,18.1792,16.9841,15.5145,11.8998
49.630,0.4830,0.0000,0.0000,3,71.97,-2.21,-6.74,0.7125,0.1435,6556.93,0.0,68.26,63.51,65.83,60.88,3.13932,25.6373,23.5458,22.0288,21.134,20.6961,20.4654,20.2651,20.1231,19.9818,19.8414,19.7019,19.508,19.2885,18.8842,18.1084,16.9143,15.4468,11.837
49.648,0.4854,0.0000,0.0000,3,71.82,-2.11,-6.65,0.7011,0.1409,6544.69,0.0,68.03,63.40,65.64,60.84,3.26635,25.504,23.4361,21.9342,21.0435,20.6076,20.378,20.1788,20.0375,19.897,19.7573,19.6185,19.4257,19.2075,18.8046,18.0295,16.837,15.3727,11.7721
49.667,0.4873,0.0000,0.0000,3,71.68,-2.25,-6.74,0.6898,0.1378,6527.15,0.0,67.97,63.26,65.51,60.64,3.38925,25.3748,23.3324,21.8454,20.9603,20.5263,20.2977,20.0994,19.9587,19.8189,19.6799,19.5418,19.3499,19.1328,18.7321,17.9581,16.7664,15.3041,11.71
49.691,0.4890,0.0000,0.0000,3,71.53,-2.43,-6.79,0.6786,0.1333,6512.68,0.0,67.99,63.05,65.48,60.38,3.50392,25.2609,23.2467,21.774,20.8961,20.4636,20.2358,20.0382,19.898,19.7587,19.6202,19.4827,19.2916,19.0753,18.6762,17.904,16.7112,15.2485,11.6542
49.710,0.4904,0.0000,0.0000,3,71.38,-2.55,-6.79,0.6676,0.1283,6500.9,0.0,67.90,62.84,65.44,60.19,3.61395,25.15,23.1661,21.7071,20.8378,20.4071,20.18,19.983,19.8433,19.7044,19.5664,19.4293,19.2389,19.0234,18.6257,17.8563,16.6621,15.1978,11.6008
49.729,0.4921,0.0000,0.0000,3,71.22,-2.63,-6.75,0.6568,0.1232,6488.52,0.0,67.75,62.66,65.34,60.05,3.7209,25.0356,23.084,21.6382,20.7773,20.3506,20.1243,19.9279,19.7886,19.6502,19.5126,19.3759,19.1861,18.9713,18.5749,17.8083,16.6144,15.1482,11.5486
49.748,0.4936,0.0000,0.0000,3,71.06,-2.64,-6.68,0.6463,0.1196,6475.41,0.0,67.56,62.50,65.20,59.94,3.82711,24.9145,22.9962,21.5636,20.7109,20.2884,20.0644,19.8692,19.7303,19.5923,19.4552,19.3189,19.1297,18.9156,18.5206,17.7568,16.5652,15.0973,11.4965
49.767,0.4944,0.0000,0.0000,3,70.90,-2.61,-6.59,0.6361,0.1163,6461.78,0.0,67.36,62.37,65.03,59.85,3.93346,24.7844,22.8985,21.4809,20.6363,20.2179,19.9962,19.8029,19.6654,19.5284,19.3918,19.256,19.0674,18.854,18.4605,17.6996,16.5125,15.0436,11.4438
49.791,0.4951,0.0000,0.0000,3,70.75,-2.53,-6.50,0.6261,0.1134,6447.88,0.0,67.15,62.25,64.85,59.76,4.04022,24.645,22.7897,21.3894,20.5527,20.1385,19.9189,19.7277,19.5916,19.4559,19.3208,19.1861,18.9985,18.7859,18.3939,17.6361,16.4545,14.9864,11.3904
49.810,0.4959,0.0000,0.0000,3,70.58,-2.44,-6.41,0.6165,0.1104,6432.61,0.0,67.00,62.11,64.69,59.63,4.14472,24.5013,22.6755,21.2947,20.4658,20.0556,19.8382,19.6489,19.5142,19.3799,19.2462,19.1129,18.9272,18.7163,18.3259,17.5713,16.3951,14.9297,11.3375
49.829,0.4966,0.0000,0.0000,3,70.41,-2.39,-6.32,0.6071,0.1066,6416.45,0.0,66.98,61.93,64.61,59.40,4.24034,24.3661,22.5697,21.2107,20.3892,19.9828,19.7675,19.58,19.4466,19.3137,19.1812,19.0493,18.8655,18.6567,18.2692,17.5171,16.3454,14.883,11.2896
49.848,0.4974,0.0000,0.0000,3,70.25,-2.39,-6.24,0.5981,0.1022,6401.69,0.0,66.90,61.75,64.52,59.19,4.32913,24.2442,22.4673,21.1321,20.3183,19.9156,19.7022,19.5165,19.3843,19.2527,19.1215,18.9908,18.8088,18.602,18.2184,17.4699,16.3017,14.8432,11.2452
49.866,0.4986,0.0000,0.0000,3,70.09,-2.42,-6.17,0.5893,0.0977,6387.56,0.0,66.78,61.59,64.41,59.03,4.41529,24.1364,22.3629,21.051,20.2474,19.8483,19.6368,19.4528,19.3218,19.1914,19.0614,18.932,18.7517,18.5469,18.167,17.4243,16.2595,14.8058,11.2025
49.891,0.4997,0.0000,0.0000,3,69.93,-2.45,-6.11,0.5808,0.0938,6373.71,0.0,66.61,61.45,64.27,58.91,4.50103,24.0391,22.2529,20.9634,20.1728,19.777,19.5675,19.385,19.2553,19.126,18.9973,18.869,18.6904,18.4876,18.1113,17.3759,16.2154,14.7665,11.16
49.910,0.5007,0.0000,0.0000,3,69.78,-2.47,-6.07,0.5725,0.0911,6360.04,0.0,66.42,61.32,64.10,58.81,4.58809,23.9494,22.1347,20.8667,20.09,19.6992,19.4914,19.3106,19.182,19.054,18.9264,18.7993,18.6223,18.4214,18.0487,17.3206,16.1671,14.7234,11.1167
49.930,0.5017,0.0000,0.0000,3,69.62,-2.48,-6.04,0.5643,0.0886,6346.45,0.0,66.21,61.20,63.93,58.72,4.67764,23.8652,22.0071,20.7597,19.9965,19.6125,19.4073,19.2281,19.1007,18.9737,18.8473,18.7214,18.5461,18.3471,17.978,17.2572,16.1132,14.6752,11.0721
49.948,0.5025,0.0000,0.0000,3,69.47,-2.45,-6.00,0.5563,0.0865,6332.85,0.0,66.01,61.07,63.75,58.64,4.76973,23.7863,21.8709,20.6431,19.8929,19.5156,19.3141,19.1377,19.0116,18.8858,18.7606,18.6359,18.4622,18.265,17.8996,17.186,16.0538,14.6221,11.0262
49.967,0.5034,0.0000,0.0000,3,69.29,-2.21,-5.79,0.5486,0.0840,6317.36,0.0,65.91,60.90,63.62,58.47,4.85657,23.7256,21.7359,20.5273,19.7896,19.419,19.221,19.0477,18.924,18.8002,18.6765,18.5529,18.3808,18.1855,17.8235,17.1169,15.9965,14.5724,10.9833
49.993,0.5042,0.0000,0.0000,3,69.11,-2.00,-5.58,0.5414,0.0808,6301.0,0.0,65.86,60.74,63.53,58.25,4.93357,23.6903,21.613,20.4163,19.691,19.3267,19.1323,18.9621,18.8405,18.719,18.5975,18.4761,18.3063,18.1128,17.7541,17.0541,15.9447,14.5297,10.9456
50.011,0.5050,0.0000,0.0000,3,68.94,-1.87,-5.41,0.5345,0.0773,6285.6,0.0,65.78,60.59,63.41,58.06,5.00343,23.677,21.5064,20.306,19.5928,19.2348,19.0437,18.8765,18.7571,18.6378,18.5185,18.3993,18.2326,18.0424,17.6873,16.9937,15.895,14.4908,10.9116
50.029,0.5058,0.0000,0.0000,3,68.79,-1.83,-5.30,0.5279,0.0737,6270.92,0.0,65.66,60.45,63.29,57.90,5.06839,23.6837,21.4144,20.1941,19.4926,19.1406,18.9529,18.7886,18.6713,18.554,18.4369,18.3198,18.1561,17.9693,17.6203,16.9332,15.8449,14.4537,10.88
50.048,0.5060,0.0000,0.0000,3,68.63,-1.85,-5.25,0.5215,0.0712,6256.9,0.0,65.53,60.31,63.16,57.76,5.13005,23.7094,21.3361,20.0791,19.3888,19.0428,18.8582,18.6967,18.5815,18.4663,18.3511,18.2361,18.0754,17.8919,17.5493,16.8711,15.7928,14.4154,10.8499
50.067,0.5069,0.0000,0.0000,3,68.49,-1.91,-5.23,0.5153,0.0692,6243.54,0.0,65.37,60.18,63.01,57.65,5.19069,23.7514,21.2692,19.9598,19.2794,18.939,18.7575,18.5988,18.4855,18.3723,18.2592,18.1462,17.9882,17.808,17.4715,16.805,15.7368,14.373,10.8201
50.092,0.5077,0.0000,0.0000,3,68.34,-1.98,-5.24,0.5091,0.0674,6230.6,0.0,65.19,60.06,62.86,57.55,5.25255,23.8061,21.2109,19.8451,19.1622,18.8273,18.6488,18.4927,18.3813,18.27,18.1588,18.0477,17.8925,17.7155,17.3849,16.7306,15.6747,14.3245,10.7897
50.111,0.5080,0.0000,0.0000,3,68.19,-1.96,-5.19,0.5030,0.0658,6217.69,0.0,65.01,59.91,62.70,57.46,5.31576,23.8749,21.162,19.7383,19.0382,18.7086,18.5329,18.3794,18.2698,18.1603,18.051,17.9418,17.7892,17.6153,17.2905,16.6481,15.6071,14.2707,10.7584
50.130,0.5083,0.0000,0.0000,3,68.01,-1.62,-4.88,0.4972,0.0642,6202.77,0.0,64.86,59.78,62.54,57.33,5.37939,23.9646,21.1269,19.643,18.9144,18.5862,18.4134,18.2623,18.1545,18.0469,17.9394,17.832,17.682,17.511,17.1919,16.561,15.5377,14.2149,10.7275
50.148,0.5088,0.0000,0.0000,3,67.84,-1.30,-4.61,0.4918,0.0626,6187.03,0.0,64.73,59.68,62.38,57.19,5.44281,24.0768,21.1066,19.5597,18.801,18.4618,18.2905,18.1418,18.0358,17.9299,17.8242,17.7186,17.5711,17.4031,17.0895,16.47,15.466,14.1577,10.6975
50.167,0.5094,0.0000,0.0000,3,67.68,-1.10,-4.42,0.4867,0.0610,6172.23,0.0,64.61,59.59,62.23,57.06,5.50659,24.214,21.1024,19.4893,18.6994,18.3463,18.1684,18.0184,17.9139,17.8098,17.7058,17.602,17.457,17.2917,16.9836,16.3752,15.39,14.099,10.668
50.193,0.5099,0.0000,0.0000,3,67.54,-1.02,-4.32,0.4819,0.0592,6158.39,0.0,64.52,59.47,62.11,56.90,5.5697,24.3845,21.1191,19.4353,18.6123,18.2446,18.0594,17.9032,17.7949,17.6893,17.5862,17.4841,17.3415,17.179,16.8762,16.2784,15.3117,14.0402,10.6396
50.211,0.5105,0.0000,0.0000,3,67.40,-1.04,-4.29,0.4773,0.0571,6145.4,0.0,64.43,59.33,62.01,56.75,5.63218,24.5937,21.1596,19.3997,18.5414,18.1582,17.9653,17.8025,17.6897,17.5797,17.4723,17.3675,17.2251,17.0654,16.7676,16.1802,15.2312,13.9816,10.6119
50.230,0.5116,0.0000,0.0000,3,67.27,-1.12,-4.30,0.4727,0.0549,6133.1,0.0,64.32,59.20,61.90,56.62,5.69662,24.8405,21.2224,19.3807,18.485,18.0856,17.8844,17.7149,17.5973,17.4826,17.3708,17.2616,17.1132,16.9498,16.656,16.0787,15.1468,13.921,10.5839
50.249,0.5126,0.0000,0.0000,3,67.14,-1.22,-4.35,0.4682,0.0526,6121.2,0.0,64.18,59.07,61.78,56.52,5.76864,25.1222,21.3047,19.3761,18.4411,18.0245,17.8149,17.6382,17.5158,17.3963,17.2798,17.1661,17.0115,16.8413,16.5398,15.9719,15.0566,13.8544,10.5546
50.268,0.5135,0.0000,0.0000,3,67.00,-1.26,-4.34,0.4638,0.0507,6109.99,0.0,64.01,58.95,61.63,56.44,5.85971,25.433,21.4019,19.382,18.4061,17.972,17.7537,17.5697,17.4422,17.3178,17.1965,17.0781,16.9173,16.7403,16.4265,15.8576,14.9587,13.7795,10.5227
50.287,0.5143,0.0000,0.0000,3,66.86,-0.95,-4.12,0.4596,0.0499,6097.95,0.0,63.70,58.91,61.35,56.49,5.98602,25.735,21.489,19.3795,18.3641,17.913,17.6863,17.4953,17.363,17.2339,17.1081,16.9854,16.8186,16.635,16.3097,15.7272,14.8447,13.6892,10.4838
50.311,0.5151,0.0000,0.0000,3,66.71,-0.61,-3.91,0.4558,0.0498,6084.54,0.0,63.48,58.88,61.14,56.45,6.14624,26.1259,21.5789,19.3783,18.3232,17.8553,17.6203,17.4224,17.2853,17.1516,17.0213,16.8943,16.7216,16.5316,16.195,15.5924,14.7211,13.5893,10.4401
50.330,0.5158,0.0000,0.0000,3,66.57,-0.36,-3.77,0.4522,0.0498,6071.53,0.0,63.37,58.81,61.01,56.33,6.33847,26.8984,21.6911,19.393,18.2959,17.8102,17.5665,17.3613,17.2192,17.0808,16.9458,16.8142,16.6354,16.4387,16.0905,15.4672,14.5945,13.486,10.3947
50.349,0.5165,0.0000,0.0000,3,66.44,-0.23,-3.70,0.4488,0.0492,6059.17,0.0,63.35,58.69,60.94,56.15,6.58143,53.9812,21.8445,19.4371,18.2934,17.7881,17.5348,17.3216,17.1741,17.0303,16.8902,16.7537,16.5683,16.3643,16.0033,15.3576,14.4698,13.3835,10.3499
50.368,0.5172,0.0000,0.0000,3,66.31,-0.21,-3.68,0.4455,0.0502,6047.37,0.0,63.35,58.55,60.91,55.96,7.03739,52.7085,22.0492,19.5174,18.3211,17.7938,17.5297,17.3076,17.154,17.0043,16.8585,16.7165,16.5237,16.3117,15.9366,15.2663,14.3485,13.2829,10.3059
50.386,0.5178,0.0000,0.0000,3,66.19,-0.25,-3.69,0.4421,0.0525,6036.02,0.0,63.32,58.39,60.86,55.78,10.9147,51.4138,22.3091,19.6355,18.3801,17.8282,17.5521,17.3201,17.1596,17.0034,16.8513,16.7032,16.5022,16.2812,15.8907,15.1933,14.2393,13.1829,10.262
50.411,0.5184,0.0000,0.0000,3,66.07,-0.33,-3.71,0.4385,0.0542,6024.98,0.0,63.27,58.24,60.81,55.63,11.3125,50.108,22.6248,19.7911,18.4695,17.8903,17.6009,17.3579,17.19,17.0266,16.8675,16.7127,16.5027,16.272,15.8645,15.1378,14.1448,13.0821,10.2173
50.431,0.5190,0.0000,0.0000,3,65.95,-0.44,-3.75,0.4347,0.0557,6014.07,0.0,63.18,58.11,60.73,55.50,11.3049,48.8013,22.9964,19.9825,18.5877,17.9785,17.6744,17.4195,17.2434,17.0721,16.9054,16.7433,16.5235,16.2822,15.8564,15.0981,14.0637,12.9787,10.1709
50.449,0.5196,0.0000,0.0000,3,65.83,-0.46,-3.73,0.4308,0.0575,6003.77,0.0,63.02,58.01,60.58,55.45,11.2811,47.5211,23.4495,20.1965,18.7231,18.0819,17.7624,17.4947,17.31,17.1304,16.9558,16.7859,16.5559,16.3035,15.8586,15.0676,13.9905,12.8687,10.1204
50.468,0.5201,0.0000,0.0000,3,65.73,-0.42,-3.72,0.4267,0.0606,5994.06,0.0,62.74,57.98,60.32,55.51,11.3575,46.3168,24.2329,20.4021,18.8499,18.1769,17.8422,17.562,17.3687,17.181,16.9985,16.8212,16.5811,16.318,15.8545,15.0319,13.9142,12.7515,10.0616
50.487,0.5207,0.0000,0.0000,3,65.62,-0.33,-3.73,0.4225,0.0646,5984.32,0.0,62.47,57.97,60.11,55.54,11.46,45.173,50.9689,20.6056,18.9735,18.2685,17.9184,17.6257,17.4239,17.228,17.0378,16.853,16.603,16.3291,15.8474,14.9939,13.837,12.6352,9.9943
50.512,0.5244,0.0000,0.0000,3,65.50,-0.22,-3.74,0.4182,0.0689,5974.13,0.0,62.31,57.91,59.97,55.48,11.5198,44.0522,49.8066,20.8316,19.1137,18.3746,18.0083,17.7023,17.4916,17.2872,17.0887,16.8961,16.6356,16.3506,15.8498,14.9641,13.7669,12.5256,9.92138
50.531,0.5500,0.0000,0.0000,3,65.38,-0.12,-3.74,0.4137,0.0734,5963.42,0.0,62.25,57.80,59.90,55.34,11.5082,42.9252,48.637,21.1056,19.2909,18.5138,18.1293,17.8085,17.5879,17.3739,17.1664,16.965,16.693,16.3956,15.8738,14.9529,13.7118,12.4281,9.84554
50.550,0.5561,0.4500,0.0000,3,65.26,-0.03,-3.73,0.4088,0.0828,5952.21,0.0,62.21,57.62,59.87,55.16,11.4252,41.777,47.4454,21.4668,19.5213,18.7001,18.2948,17.9571,17.725,17.5001,17.2822,17.0709,16.7857,16.4743,15.9285,14.9678,13.6774,12.3467,9.7683
50.569,0.5049,0.6975,0.0000,3,65.41,-0.05,-3.71,0.4035,0.0915,6251.92,0.0,62.29,57.56,60.41,60.41,11.2984,40.6105,46.2342,22.1748,19.8093,18.9372,18.5079,18.1506,17.9054,17.6681,17.4383,17.2156,16.9155,16.588,16.0151,15.0095,13.6639,12.2812,9.6889
50.587,0.4250,0.8336,0.0000,3,65.68,-0.15,-3.69,0.3975,0.1001,6416.0,0.0,62.57,57.81,61.95,61.95,11.173,39.4515,45.0285,48.938,20.14,19.2112,18.7551,18.3763,18.1165,17.8654,17.6225,17.3873,17.0707,16.7256,16.123,15.0686,13.6637,12.226,9.60423
50.612,0.3825,0.9085,0.0000,3,66.06,-0.43,-3.76,0.3908,0.1090,6631.63,0.0,62.95,58.20,63.95,63.95,11.0633,38.3136,43.8409,47.7178,20.5487,19.5158,19.0304,18.6279,18.3524,18.0862,17.829,17.5803,17.2457,16.8817,16.2472,15.1405,13.6729,12.1778,9.51264
50.632,0.3443,0.9497,0.0000,3,66.55,-0.96,-3.99,0.3831,0.1186,6861.65,0.0,63.21,58.47,66.22,66.22,10.9936,37.2247,42.6976,46.539,21.3005,19.8345,19.3138,18.8864,18.5942,18.3122,18.04,17.7772,17.424,17.0402,16.3727,15.2124,13.6812,12.1291,9.41058
50.651,0.3098,0.9723,0.0000,3,67.16,-1.50,-4.26,0.3742,0.1302,7026.86,0.0,63.40,58.63,67.83,67.83,11.0055,36.2397,41.6506,45.4547,47.7276,20.242,19.5667,19.1042,18.7961,18.4992,18.2129,17.9367,17.566,17.1637,16.4654,15.2558,13.667,12.0643,9.29302
50.669,0.2789,0.9848,0.0000,3,67.84,-1.89,-4.47,0.3641,0.1439,7139.58,0.0,63.69,58.93,68.94,68.94,11.0854,35.3558,40.699,44.463,46.7135,20.9514,19.8935,19.2935,18.9493,18.6386,18.3394,18.051,17.6643,17.2453,16.5193,15.2658,13.6269,11.9812,9.16045
50.688,0.2510,0.9916,0.0000,3,68.52,-2.07,-4.57,0.3527,0.1589,7212.4,0.0,64.17,60.03,69.66,69.66,11.1993,34.5401,39.811,43.5319,45.7592,46.8739,20.4837,19.576,19.1251,18.7548,18.4364,18.1365,17.7348,17.3001,16.5483,15.2544,13.57,11.8865,9.01594
50.706,0.2259,0.9954,0.0000,3,69.22,-2.14,-4.57,0.3399,0.1830,7255.54,0.0,64.83,61.21,70.09,70.09,11.3086,33.7479,38.9433,42.6185,44.8219,45.9251,46.5141,20.1759,19.4652,18.9627,18.5621,18.2253,17.8075,17.3565,16.5781,15.2427,13.5123,11.7913,8.86474
50.732,0.2033,0.9975,0.0000,3,69.95,-2.15,-4.49,0.3253,0.2087,7280.62,0.0,65.56,62.13,70.33,70.33,11.4045,32.9673,38.0839,41.7117,43.8903,44.981,45.5639,46.0745,20.3058,19.403,18.8252,18.3852,17.8941,17.4236,16.6169,15.2376,13.4591,11.6992,8.71553
50.750,0.1830,0.9986,0.0000,3,70.70,-2.14,-4.38,0.3090,0.2345,7304.91,0.0,66.25,62.93,70.57,70.57,11.493,32.2053,37.2389,40.8181,42.9703,44.0486,44.625,45.1301,45.4913,20.7789,19.4081,18.7138,18.0556,17.4992,16.6607,15.2358,13.4078,11.6085,8.56911
50.769,0.1647,0.9992,0.0000,3,71.32,-2.18,-4.34,0.2910,0.2600,7535.72,0.0,66.93,63.70,72.57,72.57,11.5713,31.4569,36.4035,39.9325,42.0571,43.1232,43.6926,44.1919,44.5491,44.9067,45.2646,19.54,18.4019,17.6518,16.7137,15.2405,13.3607,11.5208,8.42585
50.788,0.1482,0.9996,0.0000,3,71.68,-2.67,-4.54,0.2710,0.2829,8230.28,0.0,67.55,63.86,79.28,79.28,11.5808,30.6417,35.498,38.9741,41.07,42.1231,42.6857,43.1786,43.5314,43.8847,44.2386,44.593,19.686,18.1214,16.8548,15.3062,13.3568,11.462,8.29222
50.807,0.1334,0.9998,0.0000,4,72.30,-3.29,-4.64,0.2490,0.3041,8635.08,0.0,68.13,64.23,83.27,83.27,11.5547,29.7967,34.5593,37.9793,40.0455,41.084,41.6396,42.1265,42.4746,42.8232,43.1725,43.5224,44.0133,44.5755,17.189,15.4156,13.3825,11.4221,8.16497
50.832,0.1200,0.9999,0.0000,4,73.00,-3.85,-4.71,0.2249,0.3247,7027.28,0.0,68.70,64.80,73.97,72.78,11.5277,28.9671,33.6323,36.9932,39.0283,40.0509,40.5987,41.0791,41.4229,41.767,42.1114,42.4565,42.9409,43.4961,17.9898,15.5421,13.4181,11.3876,8.04027
50.851,0.1080,0.9999,0.0000,4,73.43,-3.88,-4.75,0.1991,0.3470,7040.83,0.0,68.93,65.53,67.32,64.49,11.5571,28.2425,32.8076,36.108,38.1105,39.118,39.6575,40.1311,40.4702,40.8098,41.1499,41.4905,41.9682,42.516,43.5483,15.6269,13.4158,11.3276,7.91106
50.870,0.0972,0.9999,0.0000,4,73.45,-3.40,-4.78,0.1726,0.3465,5471.18,0.0,68.64,66.15,66.12,63.91,11.6827,27.691,32.156,35.3975,37.368,38.3614,38.893,39.3599,39.6944,40.0295,40.3653,40.7017,41.1736,41.7144,42.7344,15.6475,13.3314,11.2151,7.77202
50.888,0.0875,1.0000,0.0000,4,73.79,-2.78,-4.80,0.1469,0.3399,5740.01,0.0,68.34,66.72,68.20,68.20,11.8778,27.2685,31.6354,34.8197,36.7598,37.7394,38.2638,38.7244,39.0545,39.3853,39.717,40.0493,40.5157,41.0502,42.0586,15.6071,13.1803,11.0608,7.62603
50.907,0.0788,1.0000,0.0000,4,74.28,-2.13,-4.80,0.1221,0.3353,5747.11,0.0,68.46,67.41,68.29,68.29,12.1062,26.9112,31.1825,34.3109,36.2215,37.1876,37.7051,38.1596,38.4854,38.8121,39.1397,39.4681,39.9292,40.4577,41.4549,15.5449,12.9935,10.885,7.47758
50.932,0.0709,1.0000,0.0000,4,74.78,-1.46,-4.73,0.0980,0.3321,5733.66,0.0,68.75,68.09,68.12,68.12,12.3571,26.5968,30.775,33.849,35.7309,36.6838,37.1947,37.6433,37.965,38.2877,38.6114,38.936,39.3918,39.9146,40.9011,15.4779,12.7817,10.6944,7.32808
50.951,0.0638,1.0000,0.0000,4,75.24,-0.96,-4.78,0.0744,0.3296,5800.12,0.0,69.12,68.60,68.88,68.88,12.6163,26.3011,30.3884,33.409,35.2628,36.2028,36.707,37.1499,37.4676,37.7864,38.1062,38.427,38.8777,39.3949,40.371,15.4467,12.5587,10.4979,7.17936
50.969,0.0574,1.0000,0.0000,4,75.70,-0.67,-4.97,0.0512,0.3272,5867.45,0.0,69.53,69.02,69.69,69.69,12.8666,26.0028,30.0006,32.9681,34.7939,35.7208,36.2185,36.6557,36.9693,37.2842,37.6001,37.9172,38.3627,38.8742,39.8399,15.5189,12.3365,10.3026,7.03234
50.989,0.0517,1.0000,0.0000,4,76.19,-0.52,-5.28,0.0281,0.3250,5930.43,0.0,69.75,69.48,70.44,70.44,13.0872,25.7088,29.6186,32.5334,34.3312,35.2452,35.7362,36.1678,36.4774,36.7883,37.1004,37.4137,37.8541,38.3599,39.3152,15.8165,12.1095,10.1046,6.88535
51.008,0.0465,1.0000,0.0000,4,76.70,-0.43,-5.63,0.0051,0.3231,5985.86,0.0,69.79,69.97,71.10,71.10,13.2764,25.4183,29.2413,32.1037,33.8737,34.7747,35.2592,35.685,35.9907,36.2976,36.6059,36.9153,37.3505,37.8506,38.7955,40.7194,11.8778,9.90368,6.73803
51.032,0.0419,1.0000,0.0000,4,77.22,-0.35,-5.96,-0.0178,0.3212,6031.13,0.0,69.98,70.47,71.64,71.64,13.4348,25.1254,28.8625,31.6727,33.4148,34.3028,34.7805,35.2007,35.5023,35.8053,36.1096,36.4153,36.8452,37.3395,38.274,40.1785,11.6447,9.70201,6.5907
51.052,0.0377,1.0000,0.0000,4,77.74,-0.28,-6.25,-0.0407,0.3192,6069.32,0.0,70.36,70.97,72.10,72.10,13.5636,24.8263,28.4783,31.2362,32.9502,33.825,34.296,34.7105,35.008,35.3069,35.6073,35.909,36.3337,36.8221,37.7459,39.6307,11.4169,9.50112,6.44375
51.070,0.0339,1.0000,0.0000,4,78.26,-0.24,-6.49,-0.0635,0.3171,6103.54,0.0,71.12,71.46,72.51,72.51,13.6654,24.5206,28.0881,30.7936,32.4793,33.3408,33.805,34.2136,34.507,34.8018,35.0982,35.396,35.8153,36.2976,37.2107,39.0753,11.2038,9.30121,6.29721
51.088,0.0305,1.0000,0.0000,4,78.75,-0.22,-6.73,-0.0863,0.3147,6191.82,0.0,71.88,71.92,73.54,73.54,13.7423,24.2074,27.6908,30.3437,32.0008,32.8488,33.3061,33.7088,33.998,34.2887,34.581,34.8747,35.2885,35.7647,36.6668,38.5107,11.0098,9.1026,6.1511
51.107,0.0275,1.0000,0.0000,4,79.16,-0.31,-7.08,-0.1091,0.3116,6421.93,0.0,72.37,72.24,76.02,76.02,13.7863,23.8718,27.2703,29.8694,31.4969,32.331,32.7811,33.1778,33.4626,33.749,34.0369,34.3265,34.7345,35.2043,36.095,37.9169,10.8547,8.91216,6.00719
51.132,0.0247,1.0000,0.0000,4,79.58,-0.47,-7.54,-0.1318,0.3083,6636.13,0.0,72.86,72.55,78.77,78.77,13.8105,23.5304,26.8442,29.3891,30.9868,31.8067,32.2495,32.6399,32.9204,33.2023,33.4859,33.7712,34.1733,34.6366,35.5154,37.3148,10.7345,8.72274,5.86355
51.151,0.0222,1.0000,0.0000,4,80.15,-0.61,-7.97,-0.1547,0.3050,6724.24,0.0,72.95,73.00,79.88,79.88,13.8202,23.1885,26.4182,28.9089,30.4765,31.2821,31.7175,32.1016,32.3777,32.6551,32.9343,33.2152,33.6113,34.0678,34.9347,36.7112,10.6566,8.53132,5.71917
51.170,0.0200,1.0000,0.0000,4,80.79,-0.74,-8.37,-0.1776,0.3017,6737.85,0.0,72.95,73.55,80.08,80.08,13.8166,22.8454,25.9915,28.4278,29.9651,30.7562,31.1841,31.5618,31.8333,32.1063,32.381,32.6575,33.0474,33.4972,34.3518,36.1049,10.644,8.33783,5.57397
51.189,0.0180,1.0000,0.0000,4,81.47,-0.85,-8.73,-0.2005,0.2985,6703.8,0.0,72.95,74.17,79.69,79.69,13.8026,22.503,25.5664,27.9483,29.4553,30.2318,30.6522,31.0233,31.2904,31.5589,31.829,32.101,32.4848,32.9276,33.7697,35.4991,10.7181,8.14136,5.42782
51.207,0.0162,1.0000,0.0000,4,82.17,-0.91,-9.05,-0.2235,0.2954,6647.98,0.0,72.95,74.83,79.03,79.03,13.7802,22.1639,25.1458,27.4738,28.9505,29.7124,30.1251,30.4898,30.7523,31.0163,31.2819,31.5494,31.927,32.3629,33.1924,34.8979,10.9509,7.94227,5.28035
51.232,0.0146,1.0000,0.0000,4,82.85,-0.92,-9.36,-0.2465,0.2927,6603.67,0.0,72.95,75.52,78.49,78.49,13.7509,21.8299,24.7319,27.0066,28.4532,29.2006,29.6058,29.964,30.2219,30.4814,30.7426,31.0056,31.3769,31.8059,32.6229,34.3046,11.9646,7.75322,5.1315
51.251,0.0131,1.0000,0.0000,4,83.40,-0.92,-9.70,-0.2694,0.2902,6712.19,0.0,73.17,76.15,79.60,79.60,13.7123,21.4973,24.3208,26.5426,27.9593,28.6922,29.0899,29.4416,29.6949,29.9499,30.2067,30.4651,30.8303,31.2523,32.0566,33.7144,36.6307,7.58165,4.98193
51.270,0.0118,1.0000,0.0000,4,83.76,-1.05,-10.12,-0.2923,0.2868,7031.77,0.0,74.89,76.42,83.31,83.31,13.6516,21.1436,23.887,26.0543,27.4399,28.1577,28.5475,28.8924,29.141,29.3913,29.6433,29.8971,30.2557,30.6704,31.4613,33.0936,35.9713,7.44726,4.83465
51.288,0.0106,1.0000,0.0000,4,84.21,-1.25,-10.50,-0.3152,0.2828,7268.68,0.0,76.60,76.74,86.28,86.28,13.5754,20.7789,23.4417,25.5537,26.9075,27.6098,27.9915,28.3294,28.573,28.8184,29.0656,29.3146,29.6664,30.0734,30.8504,32.4563,35.2934,7.3548,4.68834
51.307,0.0096,1.0000,0.0000,4,84.79,-1.44,-10.78,-0.3381,0.2786,7384.17,0.0,77.88,77.20,87.71,87.71,13.4873,20.4082,22.9904,25.0466,26.3682,27.0546,27.428,27.7587,27.9973,28.2377,28.48,28.7241,29.0689,29.4681,30.2306,31.8093,34.6042,7.3166,4.54216
51.332,0.0086,1.0000,0.0000,4,85.47,-1.63,-11.01,-0.3610,0.2741,7417.75,0.0,78.61,77.76,88.15,88.15,13.388,20.0317,22.5334,24.5333,25.8222,26.4925,26.8574,27.1809,27.4142,27.6495,27.8867,28.1258,28.4637,28.8547,29.6025,31.153,33.9043,7.35085,4.39602
51.351,0.0078,1.0000,0.0000,4,86.20,-1.79,-11.21,-0.3839,0.2695,7384.87,0.0,79.27,78.39,87.79,87.79,13.2798,19.6533,22.0751,24.0186,25.2746,25.9287,26.2851,26.6011,26.8292,27.0593,27.2914,27.5254,27.8561,28.239,28.9717,30.4936,33.2001,7.48056,4.24947
51.369,0.0070,1.0000,0.0000,4,86.96,-1.90,-11.40,-0.4068,0.2651,7309.52,0.0,79.93,79.09,86.92,86.92,13.1648,19.2766,21.6197,23.5074,24.7307,25.3685,25.7163,26.0249,26.2478,26.4726,26.6995,26.9284,27.2521,27.6267,28.3442,29.8371,32.4983,7.78293,4.10212
51.388,0.0063,1.0000,0.0000,4,87.72,-1.95,-11.59,-0.4296,0.2611,7226.32,0.0,80.58,79.81,85.92,85.92,13.0445,18.9048,21.171,23.0039,24.1949,24.8168,25.1561,25.4573,25.675,25.8947,26.1164,26.3402,26.6568,27.0234,27.7258,29.1898,31.8056,8.56189,3.95376
51.407,-0.0057,1.0000,0.0000,4,88.44,-1.93,-11.81,-0.4522,0.2575,7187.92,0.0,81.21,80.51,85.46,85.46,12.9198,18.5384,20.73,22.5094,23.6687,24.2748,24.6058,24.8998,25.1123,25.3269,25.5436,25.7623,26.0719,26.4306,27.1181,28.5534,31.1244,35.118,3.80589
51.432,-0.0697,1.0000,0.0000,4,89.19,-1.87,-12.07,-0.4748,0.2547,7120.55,0.0,81.80,80.92,84.65,84.65,12.7928,18.1815,20.3015,22.0294,23.1581,23.7489,24.0719,24.3589,24.5665,24.7761,24.9878,25.2016,25.5045,25.8555,26.5286,27.9359,30.4633,34.4034,3.67559
51.452,-0.1660,0.5500,0.0000,4,89.94,-1.75,-12.44,-0.4973,0.2537,7094.69,0.0,81.94,80.92,84.31,84.31,12.6706,17.8477,19.9016,21.5821,22.6823,23.2593,23.5748,23.8554,24.0583,24.2634,24.4706,24.6799,24.9765,25.3204,25.9802,27.3621,29.8497,33.7419,3.56739
51.469,-0.2508,0.3025,0.0000,4,90.52,-1.49,-12.85,-0.5197,0.2545,6886.2,0.0,81.94,80.92,81.85,81.85,12.5526,17.5362,19.5296,21.167,22.2414,22.8056,23.1145,23.3892,23.588,23.7889,23.992,24.1972,24.4881,24.8256,25.4736,26.8324,29.2846,33.1352,3.48354
51.488,-0.3141,0.1664,0.0000,4,90.82,-1.17,-13.27,-0.5419,0.2432,6815.04,0.0,81.94,80.92,80.98,80.98,12.4345,17.2395,19.1771,20.7747,21.8252,22.3779,22.6806,22.95,23.145,23.3421,23.5414,23.7428,24.0285,24.36,24.9972,26.3351,28.7555,32.5693,3.42853
51.507,-0.3612,0.0915,0.0000,4,90.99,-0.88,-13.72,-0.5614,0.2016,6789.12,0.0,81.94,80.92,80.45,80.90,12.3105,16.9459,18.8304,20.3899,21.4176,21.9592,22.256,22.5202,22.7115,22.905,23.1007,23.2985,23.5791,23.905,24.5318,25.8497,28.2396,32.0187,3.40514
51.532,-0.3965,0.0503,0.0000,4,91.11,-0.62,-14.20,-0.5772,0.1593,6776.05,0.0,81.94,80.92,80.23,80.81,12.1776,16.6491,18.4817,20.0038,21.0091,21.5397,21.8307,22.0898,22.2775,22.4674,22.6595,22.8538,23.1294,23.4497,24.0661,25.3642,27.7238,31.468,3.41246
51.551,-0.4228,0.0277,0.0000,4,91.19,-0.38,-14.89,-0.5892,0.1162,6775.98,0.0,81.94,80.92,80.13,80.90,12.035,16.3466,18.1282,19.6132,20.5961,21.1158,21.4009,21.655,21.8391,22.0254,22.2138,22.4045,22.6751,22.9897,23.5959,24.8739,27.2026,30.9113,3.45542
51.570,-0.4424,0.0152,0.0000,4,91.26,-0.15,-15.75,-0.5974,0.0725,6772.74,0.0,81.94,80.92,80.09,80.88,11.8833,16.0394,17.7708,19.219,20.1798,20.6885,20.9678,21.2168,21.3973,21.58,21.7648,21.9519,22.2176,22.5265,23.1223,24.38,26.6776,30.3499,3.5398
51.588,-0.4571,0.0084,0.0000,4,91.27,-0.06,-16.49,-0.6017,0.0304,6759.65,0.0,81.94,81.91,79.91,80.76,11.7253,15.7328,17.416,18.8284,19.7679,20.266,20.5397,20.7837,20.9606,21.1398,21.3212,21.5048,21.7655,22.069,22.6546,23.8927,26.1599,29.7968,3.66863
51.608,-0.4683,0.0046,0.0000,4,91.19,-0.06,-16.98,-0.6030,0.0004,6741.48,0.0,81.94,83.68,79.65,80.59,11.5834,15.472,17.1179,18.5032,19.4269,19.9173,20.1869,20.4273,20.6018,20.7784,20.9572,21.1383,21.3956,21.6952,22.274,23.4989,25.7472,29.366,3.81617
51.632,-0.4767,0.0025,0.0000,4,91.09,0.34,-17.34,-0.6019,-0.0231,6721.43,0.0,81.94,84.81,79.37,80.40,11.471,15.2855,16.912,18.284,19.2014,19.689,19.957,20.1962,20.3697,20.5454,20.7234,20.9036,21.1599,21.4587,22.0361,23.2589,25.5082,29.1391,3.9603
51.651,-0.4833,0.0014,0.0000,4,90.97,1.35,-17.66,-0.5983,-0.0389,6700.22,0.0,81.94,85.85,79.07,80.20,11.3931,15.1855,16.8138,18.1896,19.1121,19.6025,19.8722,20.1128,20.2874,20.4643,20.6435,20.8252,21.0838,21.3852,21.9679,23.2023,25.4779,29.1587,4.083
51.670,-0.4884,0.0008,0.0000,4,90.79,2.86,-17.74,-0.5926,-0.0448,6677.89,0.0,79.89,87.06,78.75,79.99,11.3605,15.1987,16.8556,18.2587,19.2009,19.7016,19.977,20.223,20.4016,20.5827,20.7664,20.9525,21.2173,21.5261,22.1228,23.3874,25.7228,29.5064,4.15697
51.689,-0.4927,0.0004,0.0000,4,90.52,5.24,-17.62,-0.5850,-0.0385,6585.45,0.0,78.13,88.34,77.03,79.78,11.3897,15.3636,17.0844,18.5463,19.5272,20.0493,20.3369,20.5938,20.7803,20.9694,21.1611,21.3554,21.6318,21.9539,22.5763,23.8982,26.3387,30.2953,4.15419
51.708,-0.4963,0.0002,0.0000,4,90.17,7.29,-16.98,-0.5764,-0.0209,6458.54,0.0,77.29,88.55,73.97,79.60,11.4527,15.615,17.4228,18.9602,19.9934,20.5439,20.8469,21.1176,21.3141,21.5132,21.715,21.9195,22.2106,22.5502,23.2071,24.6009,27.1751,31.3642,4.11928
51.733,-0.4997,0.0001,0.0000,4,89.67,9.21,-16.32,-0.5675,-0.0021,6431.02,0.0,76.68,87.98,73.40,79.45,11.5259,15.8931,17.797,19.4169,20.5074,21.0879,21.4073,21.6927,21.9001,22.1104,22.3236,22.5398,22.8474,23.2062,23.8996,25.3709,28.0886,32.6554,4.08616
51.751,-0.5032,0.0001,0.0000,4,89.02,10.02,-15.24,-0.5588,0.0119,6565.39,0.0,76.31,86.49,73.46,82.50,11.5801,16.1277,18.1171,19.8136,20.955,21.5633,21.8985,22.198,22.4155,22.6361,22.8597,23.0863,23.4086,23.7844,24.5114,26.0555,28.9064,33.9702,4.08086
51.770,-0.5064,0.0000,0.0000,4,88.55,10.10,-14.22,-0.5505,0.0178,6567.42,0.0,76.23,84.65,73.85,82.27,11.5926,16.2641,18.3158,20.0689,21.2496,21.8795,22.2266,22.5366,22.7617,22.9899,23.2212,23.4558,23.7897,24.1793,24.9332,26.5331,29.4932,35.0774,4.11438
51.788,-0.5093,0.0000,0.0000,4,88.21,9.82,-13.44,-0.5426,0.0158,6536.62,0.0,76.25,83.11,74.36,81.03,11.5601,16.2944,18.3835,20.1714,21.3782,22.0221,22.3768,22.6937,22.9238,23.1573,23.3942,23.6344,23.9764,24.3755,25.1474,26.7866,29.8551,35.8806,4.18599
51.806,-0.5118,0.0000,0.0000,4,87.97,9.56,-13.08,-0.5346,0.0083,6515.69,0.0,76.25,81.91,74.80,80.08,11.4889,16.2342,18.3391,20.144,21.3645,22.0159,22.3748,22.6957,22.929,23.1657,23.4058,23.6494,23.9961,24.4007,25.1833,26.8477,30.0125,36.3793,4.29029
51.830,-0.5140,0.0000,0.0000,4,87.76,9.42,-13.04,-0.5261,0.0007,6502.0,0.0,76.25,81.09,75.05,79.50,11.395,16.1219,18.2303,20.0421,21.2691,21.9243,22.2858,22.6092,22.8443,23.0828,23.3248,23.5703,23.9198,24.3277,25.1172,26.7984,30.0489,36.6973,4.41772
51.850,-0.5159,0.0000,0.0000,4,87.56,9.32,-13.16,-0.5171,-0.0081,6489.92,0.0,76.28,80.59,75.13,79.12,11.2918,15.9895,18.0962,19.9112,21.1419,21.7999,22.1633,22.4884,22.7248,22.9646,23.208,23.4549,23.8065,24.2168,25.0119,26.7064,30.0432,36.9571,4.55993
51.870,-0.5176,0.0000,0.0000,4,87.32,9.26,-13.25,-0.5074,-0.0157,6474.33,0.0,76.27,80.41,74.97,78.93,11.1951,15.8749,17.9841,19.8064,21.0433,21.7058,22.0717,22.3992,22.6373,22.8789,23.1241,23.3729,23.7271,24.1409,24.9435,26.6543,30.1031,37.3341,4.70157
51.888,-0.5193,0.0000,0.0000,4,87.05,9.36,-13.32,-0.4973,-0.0211,6451.82,0.0,76.10,80.40,74.57,78.80,11.1118,15.7948,17.9157,19.7527,21.0012,21.6707,22.0406,22.3717,22.6124,22.8567,23.1046,23.3562,23.7148,24.134,24.9469,26.6848,30.287,37.9316,4.83319
51.913,-0.5209,0.0000,0.0000,4,86.78,9.43,-13.30,-0.4866,-0.0248,6432.56,0.0,75.84,80.39,74.16,78.75,11.0386,15.7408,17.8804,19.7375,21.0021,21.6807,22.0557,22.3913,22.6353,22.883,23.1345,23.39,23.7541,24.1798,25.0055,26.7918,30.5812,38.737,4.95445
51.931,-0.5225,0.0000,0.0000,4,86.49,9.44,-13.22,-0.4757,-0.0277,6415.06,0.0,75.57,80.24,73.84,78.64,10.9688,15.6962,17.8575,19.7369,21.0194,21.7077,22.088,22.4285,22.6763,22.928,23.1836,23.4432,23.8133,24.246,25.0851,26.942,30.9415,39.6861,5.07096
51.950,-0.5241,0.0000,0.0000,4,86.21,9.40,-13.11,-0.4647,-0.0278,6396.42,0.0,75.31,80.01,73.58,78.46,10.9007,15.6564,17.8409,19.744,21.0448,21.7432,22.1292,22.4752,22.727,22.9828,23.2427,23.5065,23.8827,24.3225,25.1784,27.1263,31.3572,40.7694,5.18447
51.968,-0.5257,0.0000,0.0000,4,85.93,9.31,-12.98,-0.4537,-0.0280,6376.76,0.0,75.06,79.74,73.35,78.23,10.8341,15.619,17.8274,19.7553,21.0745,21.7832,22.1754,22.527,22.7829,23.0429,23.3069,23.5751,23.9574,24.4043,25.2933,27.3409,31.8248,41.9907,5.2958
51.987,-0.5273,0.4500,0.0000,4,85.65,9.16,-12.83,-0.4428,-0.0285,6356.71,0.0,74.82,79.45,73.15,77.96,10.7687,15.5825,17.8145,19.7675,21.1048,21.8245,22.2229,22.5799,22.8399,23.104,23.3722,23.6446,24.0334,24.4964,25.428,27.5819,32.341,43.3549,5.40587
52.012,-0.5288,0.6975,0.0000,4,85.38,8.88,-12.61,-0.4321,-0.0295,6462.55,0.0,74.58,79.12,76.70,76.70,10.7028,15.5423,17.796,19.7728,21.1279,21.858,22.2622,22.6245,22.8883,23.1563,23.4284,23.707,24.1114,24.5954,25.5711,27.8363,32.8881,44.8395,5.51585
52.031,-0.5300,0.8336,0.0000,4,85.37,8.58,-12.42,-0.4216,-0.0314,6681.16,0.0,74.44,78.84,79.32,79.32,10.6337,15.4912,17.7632,19.7604,21.1317,21.871,22.2804,22.6474,22.9145,23.1874,23.4688,23.7588,24.1802,24.6852,25.705,28.0825,33.4359,46.396,5.62859
52.050,-0.5306,0.9085,0.0000,4,85.52,8.34,-12.30,-0.4111,-0.0341,6838.71,0.0,74.42,78.74,81.21,81.21,10.5618,15.4314,17.7191,19.7339,21.1202,21.8677,22.2817,22.6537,22.9285,23.2119,23.5042,23.8057,24.2443,24.7703,25.8349,28.3271,33.9954,48.055,5.74402
52.069,-0.5308,0.9497,0.0000,4,85.78,8.18,-12.23,-0.4006,-0.0359,6962.31,0.0,74.51,78.78,82.68,82.68,10.4871,15.3638,17.6652,19.6959,21.0955,21.8504,22.2706,22.6549,22.9398,23.2337,23.5371,23.8503,24.3062,24.8537,25.964,28.5747,34.5746,49.8467,5.86292
52.087,-0.5304,0.9723,0.0000,4,86.12,8.07,-12.21,-0.3901,-0.0378,7061.78,0.0,74.67,78.91,83.87,83.87,10.4085,15.2862,17.5983,19.6427,21.0537,21.8176,22.2511,22.6486,22.9434,23.2478,23.5622,23.8871,24.3604,24.9295,26.0858,28.8174,35.1632,51.7632,5.98771
52.107,-0.5296,0.9848,0.0000,4,86.51,7.97,-12.23,-0.3795,-0.0407,7140.13,0.0,74.89,79.07,84.81,84.81,10.3243,15.1939,17.5128,19.5677,20.9876,21.7682,22.2151,22.6252,22.9296,23.2441,23.5692,23.9054,24.3957,24.9858,26.1873,29.0388,35.7366,53.7629,6.12208
52.131,-0.5284,0.9916,0.0000,4,86.97,7.77,-12.22,-0.3688,-0.0448,7165.22,0.0,75.19,79.26,85.14,85.14,10.2329,15.083,17.4029,19.4636,20.8921,21.693,22.1521,22.5738,22.8871,23.2109,23.5459,23.8926,24.3986,25.0085,26.2525,29.2187,36.2624,55.776,6.2684
52.150,-0.5268,0.9954,0.0000,4,87.45,7.47,-12.19,-0.3578,-0.0500,7188.27,0.0,75.58,79.52,85.41,85.41,10.1353,14.9556,17.2713,19.3334,20.7747,21.5938,22.064,22.4962,22.8176,23.1501,23.4942,23.8505,24.3711,24.9993,26.2834,29.3585,36.7409,57.7292,6.42628
52.168,-0.5250,0.9975,0.0000,4,87.92,7.14,-12.18,-0.3468,-0.0560,7219.65,0.0,76.01,79.83,85.78,85.78,10.0331,14.8158,17.1235,19.1834,20.6411,21.477,21.9575,22.3995,22.7284,23.069,23.4216,23.7871,24.3215,24.9671,26.2893,29.47,37.1895,59.5132,6.59465
52.187,-0.5230,0.9986,0.0000,4,88.41,6.79,-12.18,-0.3355,-0.0621,7254.2,0.0,76.49,80.21,86.18,86.18,9.92802,14.6684,16.9655,19.0209,20.4994,21.3514,21.8417,22.2932,22.6294,22.9777,23.3387,23.713,24.2609,24.9236,26.2834,29.5696,37.6349,61.1928,6.77183
52.212,-0.5208,0.9992,0.0000,4,88.90,6.43,-12.19,-0.3240,-0.0673,7285.64,0.0,77.00,80.64,86.56,86.56,9.82138,14.5171,16.8024,18.8535,20.3562,21.2242,21.7244,22.1854,22.529,22.8851,23.2545,23.6378,24.1994,24.8794,26.2777,29.6728,38.1031,62.8242,6.95613
52.231,-0.5184,0.9996,0.0000,4,89.40,6.09,-12.20,-0.3124,-0.0726,7311.11,0.0,77.53,81.10,86.87,86.87,9.71388,14.364,16.637,18.6884,20.2159,21.1003,21.6106,22.0814,22.4325,22.7968,23.1748,23.5675,24.1432,24.8413,26.2798,29.7898,38.6136,64.4399,7.14519
52.250,-0.5160,0.9998,0.0000,4,89.93,5.72,-12.18,-0.3007,-0.0780,7308.59,0.0,78.09,81.60,86.87,86.87,9.60573,14.2096,16.4696,18.5265,20.0795,20.9807,21.5015,21.9824,22.3414,22.7141,23.1012,23.5035,24.0941,24.8111,26.2919,29.9239,39.1744,66.0446,7.33891
52.268,-0.5134,0.9999,0.0000,4,90.46,5.25,-12.09,-0.2889,-0.0836,7292.74,0.0,78.75,82.16,86.67,86.67,9.49795,14.0551,16.3018,18.3701,19.9494,20.8683,21.4,21.8916,22.2589,22.6404,23.037,23.4496,24.0559,24.793,26.3187,30.0817,39.8005,67.6504,7.53645
52.287,-0.5108,0.9999,0.0000,4,90.97,4.81,-12.01,-0.2770,-0.0891,7302.36,0.0,79.37,82.74,86.77,86.77,9.39173,13.9036,16.1378,18.2247,19.8328,20.7708,21.3145,21.8177,22.194,22.5852,22.9923,23.4161,24.0395,24.7986,26.3739,30.2819,40.5301,69.3026,7.73534
52.311,-0.5081,0.9999,0.0000,4,91.47,4.43,-11.97,-0.2649,-0.0945,7332.01,0.0,79.94,83.30,87.11,87.11,9.28685,13.7551,15.9769,18.0906,19.7297,20.6885,21.2452,21.761,22.1471,22.549,22.9674,23.4035,24.0457,24.829,26.4587,30.5275,41.3755,70.9929,7.93545
52.330,-0.5054,1.0000,0.0000,4,91.98,4.12,-11.95,-0.2528,-0.0986,7372.1,0.0,80.49,83.86,87.58,87.58,9.18339,13.6105,15.822,17.9703,19.6436,20.6255,21.1965,21.7263,22.1233,22.5368,22.9679,23.4176,24.0807,24.8908,26.5813,30.8312,42.3703,72.7402,8.1346
52.349,-0.5027,1.0000,0.0000,4,92.49,3.87,-11.95,-0.2405,-0.1021,7414.07,0.0,81.02,84.41,88.08,88.08,9.08125,13.4701,15.6788,17.8659,19.5774,20.5848,21.1719,21.7173,22.1265,22.5531,22.9983,23.4633,24.1499,24.9902,26.7493,31.2052,43.5518,74.5557,8.33228
52.368,-0.5000,1.0000,0.0000,4,93.02,3.67,-11.96,-0.2281,-0.1056,7444.28,0.0,81.54,84.96,88.47,88.47,8.98,13.3331,15.5473,17.7774,19.5311,20.5671,21.1719,21.7348,22.1575,22.5988,23.0598,23.5418,24.2548,25.1291,26.9656,31.6562,44.9512,76.4302,8.52902
52.387,-0.4971,1.0000,0.0000,4,93.57,3.40,-11.88,-0.2155,-0.1090,7436.43,0.0,82.14,85.51,88.37,88.37,8.87828,13.1957,15.4227,17.6981,19.4967,20.5631,21.1872,21.7687,22.2061,22.6632,23.1412,23.6418,24.3833,25.2946,27.2158,32.1667,46.553,78.2981,8.72906
52.411,-0.4943,1.0000,0.0000,4,94.09,3.13,-11.80,-0.2029,-0.1123,7462.75,0.0,82.73,86.11,88.66,88.66,8.77832,13.063,15.3131,17.6395,19.4887,20.5894,21.2351,21.8378,22.2918,22.7668,23.2643,23.7859,24.56,25.5135,27.532,32.7852,48.4872,80.24,8.92517
52.431,-0.4915,1.0000,0.0000,4,94.61,2.94,-11.75,-0.1901,-0.1152,7511.03,0.0,83.27,86.70,89.22,89.22,8.68082,12.9367,15.2219,17.6064,19.5133,20.6534,21.3239,21.9509,22.424,22.9197,23.4396,23.9855,24.7972,25.7998,27.9316,33.5419,50.7945,82.2749,9.1142
52.449,-0.4887,1.0000,0.0000,4,95.12,2.84,-11.72,-0.1773,-0.1171,7569.46,0.0,83.78,87.28,89.92,89.92,8.58587,12.8191,15.1516,17.603,19.5765,20.7621,21.4614,22.1167,22.6119,23.1317,23.6777,24.2521,25.1079,26.168,28.4338,34.4725,53.2441,84.4177,9.29458
52.468,-0.4858,1.0000,0.0000,4,95.64,2.82,-11.73,-0.1643,-0.1179,7629.94,0.0,84.26,87.84,90.64,90.64,8.49296,12.7163,15.1036,17.632,19.6825,20.9209,21.6537,22.342,22.8632,23.4111,23.9878,24.5956,25.5034,26.6318,29.0572,35.6155,55.8024,86.6706,9.46628
52.487,-0.4830,1.0000,0.0000,4,96.17,2.88,-11.74,-0.1511,-0.1183,7688.82,0.0,84.72,88.39,91.34,91.34,8.40154,12.6282,15.0777,17.6939,19.8328,21.1323,21.9039,22.6306,23.182,23.7628,24.3755,25.0224,25.9916,27.2006,29.8165,37.0082,58.4467,89.2029,9.62972
52.511,-0.4801,1.0000,0.0000,4,96.75,2.88,-11.68,-0.1378,-0.1187,7689.06,0.0,85.23,88.91,91.37,91.37,8.30971,12.55,15.0667,17.7788,20.0155,21.383,22.1982,22.968,23.5536,24.1718,24.8252,25.5169,26.5561,27.858,30.6952,38.6433,61.0789,92.3254,9.77783
52.531,-0.4771,1.0000,0.0000,4,97.29,2.82,-11.58,-0.1245,-0.1190,7720.89,0.0,85.79,89.49,91.72,91.72,8.21863,12.4851,15.0758,17.8948,20.2416,21.6864,22.5513,23.3706,23.9955,24.6567,25.3573,26.1009,27.222,28.6328,31.7327,40.6057,63.7318,96.5033,9.90255
52.549,-0.4742,1.0000,0.0000,4,97.81,2.83,-11.51,-0.1111,-0.1189,7780.74,0.0,86.29,90.05,92.42,92.42,8.12989,12.4385,15.1133,18.055,20.5295,22.0647,22.988,23.8657,24.5372,25.2495,26.0064,26.8122,28.0317,29.5745,32.9966,43.0427,66.4636,103.548,10.001
52.568,-0.4713,1.0000,0.0000,4,98.33,2.94,-11.48,-0.0976,-0.1182,7855.56,0.0,86.76,90.59,93.31,93.31,8.0434,12.4118,15.1826,18.2657,20.8893,22.5312,23.5239,24.4713,25.1985,25.9723,26.7972,27.6784,29.018,30.723,34.5468,46.1054,69.2792,166.323,10.0753
52.592,-0.4685,1.0000,0.0000,4,98.85,3.13,-11.48,-0.0841,-0.1163,7933.87,0.0,87.20,91.12,94.24,94.24,7.95911,12.4068,15.2877,18.5349,21.3341,23.1029,24.179,25.2104,26.0052,26.8539,27.762,28.7359,30.2242,32.132,36.4667,49.4448,72.182,160.516,10.1268
52.612,-0.4656,1.0000,0.0000,4,99.38,3.39,-11.50,-0.0705,-0.1140,8010.74,0.0,87.62,91.63,95.15,95.15,7.87627,12.4236,15.4298,18.867,21.8729,23.7934,24.9698,26.1032,26.9805,27.921,28.9317,30.0206,31.6949,33.8592,38.8536,52.798,75.151,153.753,10.1593
52.630,-0.4626,1.0000,0.0000,4,99.97,3.62,-11.46,-0.0567,-0.1117,8023.49,0.0,88.06,92.11,95.34,95.34,7.79297,12.4568,15.6011,19.2523,22.496,24.5939,25.8889,27.1438,28.12,29.1713,30.3067,31.5366,33.4408,35.9264,41.769,56.077,78.0926,145.517,10.1802
52.648,-0.4596,1.0000,0.0000,4,100.52,3.72,-11.35,-0.0430,-0.1097,8054.25,0.0,88.60,92.62,95.69,95.69,7.70914,12.5062,15.8017,19.6928,23.2095,25.5147,26.9499,28.3499,29.4451,30.6308,31.9185,33.3219,35.5124,38.4047,45.2377,59.263,80.9782,47.4533,10.1915
52.668,-0.4572,1.0000,0.0000,4,101.05,3.87,-11.28,-0.0294,-0.1074,8119.76,0.0,89.09,93.14,96.45,96.45,7.62903,12.5818,16.0496,20.22,24.0624,26.62,28.2283,29.8089,31.0537,32.4096,33.892,35.5193,38.0843,41.5184,48.7676,62.4629,84.0387,42.155,10.1875
52.693,-0.4554,1.0000,0.0000,4,101.56,4.11,-11.25,-0.0157,-0.1046,8207.81,0.0,89.54,93.64,97.48,97.48,7.55915,12.6868,16.3526,20.852,25.089,27.9592,29.7851,31.5955,33.0327,34.6098,36.3478,38.2726,41.343,45.2293,52.273,65.6913,88.0041,38.445,10.1688
52.711,-0.4541,1.0000,0.0000,4,102.08,4.44,-11.26,-0.0020,-0.1008,8302.18,0.0,89.96,94.13,98.60,98.60,7.5004,12.8255,16.7209,21.6129,26.3361,29.6021,31.7083,33.8193,35.5112,37.3843,39.4693,41.8023,45.1743,48.9342,55.7862,68.9653,93.9418,35.3461,10.1363
52.730,-0.4530,1.0000,0.0000,4,102.61,4.84,-11.29,0.0117,-0.0967,8395.93,0.0,90.35,94.59,99.72,99.72,7.45297,13.0007,17.1632,22.5272,27.8569,31.6327,34.1082,36.6216,38.6601,40.9423,43.3458,45.7085,48.96,52.6103,59.3071,72.2757,162.26,32.7178,10.0916
52.749,-0.4523,1.0000,0.0000,4,103.19,5.20,-11.25,0.0255,-0.0926,8415.96,0.0,90.75,95.03,100.01,100.01,7.41527,13.207,17.6735,23.5961,29.6763,34.1073,37.0699,40.1261,42.5088,44.8555,47.1699,49.4567,52.6183,56.1831,62.752,75.5346,156.015,30.5084,10.0407
52.767,-0.4517,1.0000,0.0000,4,103.68,5.25,-10.91,0.0390,-0.0873,8447.8,0.0,91.39,95.75,100.36,100.36,7.39704,13.4875,18.3377,24.9937,32.1097,37.4864,41.127,44.3866,46.679,48.9463,51.1916,53.4174,56.5043,59.9954,66.4493,79.0546,148.315,28.4482,9.96546
52.793,-0.4117,1.0000,0.0000,4,104.13,5.62,-10.62,0.0521,-0.0790,8523.45,0.0,91.70,96.58,101.23,101.23,7.41265,13.9144,19.3103,27.063,35.8327,42.4886,46.1296,49.2678,51.4864,53.6882,55.8748,58.0472,61.0669,64.4893,70.8315,84.0704,136.545,26.3355,9.84498
52.812,-0.3705,1.0000,0.0000,4,104.57,6.33,-10.45,0.0649,-0.0666,8635.76,0.0,92.04,97.31,102.55,102.55,7.45517,14.4698,20.5878,29.903,41.0882,47.8123,51.3312,54.3795,56.5412,58.6909,60.8294,62.957,65.9186,69.2801,75.5193,93.0702,47.1202,24.3918,9.70292
52.830,-0.3334,1.0000,0.0000,4,105.00,7.27,-10.41,0.0766,-0.0429,8774.12,0.0,92.43,97.88,104.18,104.18,7.51903,15.1426,22.1856,33.7047,46.5538,53.0672,56.4975,59.4772,61.594,63.7016,65.8002,67.8901,70.8016,74.1092,80.5438,155.214,38.9956,22.6924,9.55468
52.849,-0.3001,1.0000,0.0000,4,105.44,8.34,-10.47,0.0870,-0.0196,8933.17,0.0,92.82,98.29,106.06,106.06,7.59952,15.9238,24.131,38.7353,51.7451,58.1078,61.47,64.3952,66.4752,68.5477,70.6126,72.6701,75.5379,78.9394,87.8479,145.735,34.5562,21.2441,9.4097
52.867,-0.2701,1.0000,0.0000,4,106.17,9.05,-10.28,0.0961,0.0016,8755.16,0.0,93.30,98.57,104.17,104.17,7.68175,16.7348,26.2803,43.5464,56.2388,62.4888,65.7977,68.679,70.7292,72.7728,74.8096,76.858,80.0955,84.7385,157.152,134.315,31.3984,20.1084,9.28629
52.892,-0.2431,1.0000,0.0000,4,106.88,9.08,-10.11,0.1037,0.0169,8652.49,0.0,94.05,98.69,102.83,102.83,7.73732,17.3731,28.1032,46.7791,59.2497,65.4152,68.6834,71.5311,73.5582,75.5798,77.7333,80.1777,84.3359,91.3738,151.51,125.346,29.5101,19.3918,9.21078
52.911,-0.2188,1.0000,0.0000,4,107.47,8.77,-10.13,0.1098,0.0273,8747.69,0.0,94.95,98.77,103.86,103.86,7.76921,17.8285,29.4948,48.7828,61.0763,67.173,70.408,73.2285,75.241,77.4139,79.8871,82.7879,88.1395,156.452,147.178,119.844,28.3861,18.9545,9.16941
52.930,-0.1969,1.0000,0.0000,4,108.01,8.46,-10.31,0.1146,0.0359,8949.01,0.0,95.92,98.99,106.21,106.21,7.79764,18.2284,30.7637,50.3025,62.4387,68.4732,71.6782,74.4752,76.6139,79.0428,81.8814,85.3711,93.0985,153.212,143.286,45.521,27.5355,18.6138,9.13582
52.949,-0.1772,1.0000,0.0000,4,108.53,8.27,-10.55,0.1183,0.0447,9183.97,0.0,96.85,99.44,109.00,109.00,7.83924,18.6926,32.2555,51.8522,63.8425,69.8177,72.9938,75.9009,78.2984,81.0946,84.5174,89.1925,154.455,149.726,138.921,41.766,26.69,18.2592,9.09225
52.968,-0.1595,1.0000,0.0000,4,109.07,8.28,-10.80,0.1210,0.0548,9415.27,0.0,97.62,100.09,111.76,111.76,7.90285,19.2961,34.2336,53.661,65.5168,71.4349,74.6525,77.9507,80.7793,84.2639,89.1071,154.653,150.642,145.544,133.249,38.7655,25.7555,17.8485,9.03132
52.987,-0.1435,1.0000,0.0000,5,109.64,8.49,-11.03,0.1227,0.0664,9612.17,0.0,98.25,100.84,114.12,114.12,7.99211,20.0835,36.614,55.7823,67.5151,73.404,77.0496,81.0591,84.7899,90.3659,153.236,150.37,146.009,140.325,126.23,36.085,24.7314,17.3791,8.95211
53.012,-0.1292,1.0000,0.0000,5,110.18,8.77,-11.23,0.1234,0.0793,8643.34,0.0,98.78,101.61,105.66,106.30,8.10598,21.0685,39.1747,58.1346,69.7552,76.0266,80.5333,86.1523,94.6958,151.4,148.467,145.316,140.415,133.695,119.265,33.6944,23.6717,16.8742,8.85829
53.031,-0.1163,1.0000,0.0000,5,110.41,8.69,-11.28,0.1228,0.0924,8652.43,0.0,99.31,102.32,99.30,101.28,8.23924,22.217,41.7289,60.5095,72.0452,79.4915,85.8449,152.258,149.437,146.424,143.171,139.604,133.816,125.846,112.875,31.6334,22.6589,16.3729,8.75615
53.048,-0.1046,1.0000,0.0000,5,110.39,8.52,-11.32,0.1207,0.1056,7435.74,0.0,99.56,102.60,97.09,99.70,8.39238,23.539,44.2343,62.8541,74.7161,84.5646,151.43,147.429,144.326,140.957,137.229,132.974,126.014,118.7,40.6299,29.7836,21.7037,15.8819,8.64626
53.068,-0.0942,1.0000,0.0000,5,110.43,8.34,-11.36,0.1170,0.1183,7789.54,0.0,99.65,102.62,102.85,102.85,8.56247,25.0242,46.623,65.0926,78.0345,151.245,146.71,142.307,138.818,134.919,130.384,125.38,118.98,112.44,36.5683,28.1423,20.8211,15.4117,8.53124
53.092,-0.0377,1.0000,0.0000,5,110.75,8.27,-11.43,0.1120,0.1308,7984.76,0.0,99.86,102.78,105.52,105.52,8.75108,26.712,48.9278,67.2562,82.6775,146.642,141.665,136.699,132.608,127.788,122.951,118.475,112.744,41.8561,33.7136,26.6573,19.993,14.9559,8.41051
53.112,0.0509,1.0000,0.0000,5,111.20,8.29,-11.49,0.1056,0.1429,8075.85,0.0,100.36,103.19,106.80,106.80,8.95535,28.6018,51.1082,69.3091,150.547,141.819,136.247,130.405,125.47,120.792,116.459,112.434,43.8526,37.0405,31.477,25.324,19.2244,14.5197,8.28618
53.130,0.1322,1.0000,0.0000,5,111.81,8.11,-11.44,0.0980,0.1524,8027.92,0.0,101.29,103.57,106.22,106.22,9.14821,30.3205,52.7341,70.9919,146.97,137.576,131.321,124.598,119.969,115.679,111.694,107.982,38.603,34.46,29.904,24.3011,18.6122,14.1585,8.17126
53.149,0.1863,1.0000,0.0000,5,112.45,7.62,-11.42,0.0892,0.1567,7994.85,0.0,102.55,103.69,105.77,105.77,9.29255,31.2243,53.3103,71.5919,144.93,135.195,128.539,121.774,117.336,113.218,109.387,43.7801,36.9957,33.344,29.1017,23.7405,18.2538,13.9301,8.08009
53.168,0.2020,1.0000,0.0000,5,113.10,6.74,-11.46,0.0795,0.1552,7988.05,0.0,103.88,103.68,105.66,105.66,9.37205,31.2047,52.7303,70.7062,144.79,135.244,128.803,122.077,117.598,113.444,109.581,105.981,37.4686,33.4809,29.0492,23.6543,18.163,13.8455,8.01692
53.192,0.1865,1.0000,0.0000,5,113.76,5.53,-11.57,0.0691,0.1488,8001.19,0.0,105.07,103.74,105.83,105.83,9.39629,30.4916,51.2483,68.6783,146.153,137.166,131.324,125.024,120.304,115.936,111.882,108.11,40.721,34.8773,29.6768,23.9614,18.2928,13.879,7.97683
53.211,0.1678,1.0000,0.0000,5,114.43,4.13,-11.70,0.0582,0.1395,8016.77,0.0,106.04,103.97,106.03,106.03,9.38855,29.4345,49.2773,66.1734,86.072,139.938,134.705,129.36,124.792,120.068,115.697,111.642,106.433,38.103,30.9281,24.5395,18.5683,13.9877,7.95053
53.230,0.1510,1.0000,0.0000,5,115.08,2.79,-11.81,0.0470,0.1289,8037.29,0.0,106.78,104.36,106.30,106.30,9.36886,28.303,47.1587,63.6077,78.1335,142.835,138.094,133.421,129.641,125.273,120.504,116.081,110.421,104.611,32.8729,25.2821,18.9244,14.1347,7.93026
53.249,0.1359,1.0000,0.0000,5,115.72,1.62,-11.91,0.0357,0.1181,8066.33,0.0,107.35,104.85,106.68,106.68,9.34889,27.2443,45.1021,61.074,73.3099,145.51,141.145,136.937,133.631,129.976,125.806,121.059,114.874,108.556,35.9639,26.1181,19.3156,14.2952,7.91134
53.267,0.1223,1.0000,0.0000,5,116.33,0.70,-11.94,0.0246,0.1077,8099.87,0.0,107.85,105.43,107.12,107.12,9.33394,26.3162,43.2088,58.6816,69.6367,79.9798,143.763,139.888,136.896,133.661,130.104,126.081,119.561,112.686,101.768,27.0754,19.7138,14.4543,7.89145
53.292,0.1101,1.0000,0.0000,5,116.93,-0.01,-11.93,0.0137,0.0979,8132.81,0.0,108.31,106.02,107.56,107.56,9.3246,25.5204,41.5028,56.4666,66.6551,74.5628,82.956,142.35,139.582,136.629,133.444,129.952,124.284,116.897,105.115,28.1945,20.1071,14.6069,7.87036
53.311,0.0991,1.0000,0.0000,5,117.53,-0.52,-11.90,0.0033,0.0889,8166.07,0.0,108.74,106.63,108.00,108.00,9.32173,24.8554,40.0,54.4586,64.1762,70.8338,76.2893,144.36,141.759,139.007,136.074,132.913,127.961,121.053,108.389,29.5081,20.4811,14.7465,7.84746
53.330,0.0892,1.0000,0.0000,5,118.13,-0.88,-11.86,-0.0067,0.0808,8199.85,0.0,109.16,107.25,108.44,108.44,9.32523,24.3096,38.6966,52.6648,62.082,67.9492,72.3374,78.0921,143.488,140.887,138.135,135.201,130.694,124.686,111.499,31.0922,20.8249,14.8688,7.82259
53.348,0.0803,1.0000,0.0000,5,118.73,-1.09,-11.82,-0.0161,0.0737,8231.2,0.0,109.59,107.89,108.87,108.87,9.33459,23.8662,37.5753,51.0759,60.2721,65.608,69.3957,73.8436,78.6553,142.345,139.729,136.96,132.759,127.307,114.379,33.136,21.1316,14.9718,7.79575
53.367,0.0722,1.0000,0.0000,5,119.35,-1.16,-11.71,-0.0250,0.0676,8241.22,0.0,110.02,108.56,108.99,108.99,9.35052,23.5203,36.6343,49.6986,58.6839,63.6843,67.0882,70.8884,74.516,80.4354,140.891,138.244,134.26,129.176,116.91,36.2226,21.3866,15.0496,7.76624
53.392,0.0650,1.0000,0.0000,5,119.95,-1.14,-11.62,-0.0333,0.0626,8278.83,0.0,110.46,109.23,109.48,109.48,9.37211,23.2535,35.8464,48.5081,57.2915,62.0711,65.2106,68.6151,71.6945,75.9072,141.691,139.137,135.315,130.49,119.062,96.5595,21.5932,15.1026,7.73437
53.412,0.0585,1.0000,0.0000,5,120.53,-1.10,-11.57,-0.0410,0.0582,8330.26,0.0,110.92,109.86,110.15,110.15,9.39604,23.0323,35.1574,47.4419,56.0303,60.6505,63.5898,66.7163,69.4579,72.964,78.4758,139.775,136.081,131.455,120.817,97.7048,21.7908,15.1407,7.70201
53.430,0.0527,1.0000,0.0000,5,121.12,-1.06,-11.55,-0.0484,0.0542,8389.5,0.0,111.42,110.45,110.93,110.93,9.41975,22.8309,34.524,46.4482,54.8456,59.3411,62.1161,65.0255,67.5235,70.5973,74.8332,140.262,136.678,132.216,122.172,98.7595,22.0037,15.1731,7.67068
53.449,0.0474,1.0000,0.0000,5,121.71,-1.05,-11.57,-0.0552,0.0504,8446.68,0.0,111.93,111.03,111.69,111.69,9.44191,22.6369,33.9247,45.5012,53.7101,58.1036,60.7372,63.4673,65.7742,68.5414,72.1197,78.0405,137.163,132.844,123.278,99.7684,22.2463,15.2046,7.64117
53.467,0.0427,1.0000,0.0000,5,122.31,-1.05,-11.61,-0.0617,0.0469,8498.29,0.0,112.46,111.61,112.38,112.38,9.46295,22.4499,33.3569,44.5985,52.6216,56.929,59.4401,62.0185,64.1705,66.7052,69.8589,74.342,137.547,133.352,124.181,100.728,22.5222,15.2345,7.61313
53.493,0.0384,1.0000,0.0000,5,122.92,-1.04,-11.65,-0.0678,0.0436,8545.04,0.0,112.99,112.20,113.00,113.00,9.48326,22.27,32.8198,43.7398,51.5806,55.8057,58.2175,60.6665,62.6909,65.0436,67.8955,71.6724,137.832,133.746,124.907,101.628,22.8343,15.2615,7.58624
53.512,0.0346,1.0000,0.0000,5,123.55,-1.04,-11.72,-0.0736,0.0406,8588.5,0.0,113.50,112.78,113.58,113.58,9.50388,22.102,32.3198,42.9339,50.5979,54.7422,57.0758,59.4154,61.3354,63.5427,66.1711,69.5131,79.4658,134.011,125.45,102.429,23.1783,15.2821,7.55976
53.530,0.0311,1.0000,0.0000,5,124.17,-1.01,-11.80,-0.0791,0.0380,8631.57,0.0,114.03,113.39,114.15,114.15,9.52523,21.946,31.8563,42.181,49.6743,53.7399,56.0105,58.2581,60.0912,62.1819,64.639,67.6813,74.5432,134.148,125.821,103.113,23.5553,15.2947,7.53337
53.549,0.0280,1.0000,0.0000,5,124.80,-0.97,-11.87,-0.0843,0.0357,8673.92,0.0,114.58,114.00,114.71,114.71,9.54694,21.798,31.4211,41.4711,48.7992,52.7877,55.0057,57.1738,58.933,60.9274,63.2482,66.0679,71.8748,134.181,126.054,103.698,23.9775,15.3008,7.50726
53.567,0.0252,1.0000,0.0000,5,125.43,-0.92,-11.94,-0.0892,0.0336,8716.73,0.0,115.13,114.62,115.27,115.27,9.5686,21.6539,31.007,40.7945,47.9624,51.8755,54.0479,56.1457,57.8408,59.7531,61.9608,64.6053,69.7714,134.129,126.178,104.198,24.4615,15.3023,7.4817
53.592,0.0227,1.0000,0.0000,5,126.03,-0.89,-12.04,-0.0938,0.0317,8788.78,0.0,115.69,115.22,116.21,116.21,9.58952,21.5082,30.6037,40.1381,47.1493,50.9881,53.1189,55.1524,56.7897,58.6294,60.7387,63.2369,67.9448,134.022,126.231,104.648,25.0367,15.3112,7.45708
53.611,0.0204,1.0000,0.0000,5,126.67,-0.87,-12.13,-0.0982,0.0298,8835.02,0.0,116.25,115.80,116.84,116.84,9.60909,21.3563,30.2031,39.4909,46.3474,50.1121,52.2042,54.1773,55.7608,57.5333,59.5535,61.9236,66.2703,133.885,126.243,105.083,25.747,15.3354,7.43381
53.630,-0.0489,1.0000,0.0000,5,127.32,-0.84,-12.20,-0.1024,0.0280,8870.44,0.0,116.83,116.41,117.31,117.31,9.62806,21.2023,29.8112,38.8608,45.566,49.2576,51.3122,53.2308,54.7655,56.4772,58.4184,60.6786,64.7367,74.5432,126.194,105.469,26.6286,15.3731,7.41138
53.649,-0.1468,1.0000,0.0000,5,127.98,-0.94,-12.25,-0.1065,0.0278,8902.52,0.0,117.26,117.17,117.74,117.74,9.66208,21.1231,29.551,38.4123,44.9945,48.6258,50.6491,52.5427,54.057,55.7445,57.6565,59.8788,63.8495,72.7408,125.657,105.189,27.353,15.3597,7.37866
53.667,-0.2178,1.0000,0.0000,5,128.63,-0.95,-12.30,-0.1109,0.0311,8934.64,0.0,117.41,118.00,118.16,118.16,9.73405,21.2226,29.5873,38.367,44.8891,48.4891,50.4995,52.4378,53.9951,55.7399,57.7318,60.0739,64.3914,131.557,124.035,103.403,27.2047,15.1991,7.31997
53.693,-0.2481,1.0000,0.0000,5,129.25,-0.70,-12.36,-0.1157,0.0385,8978.58,0.0,117.45,118.84,118.73,118.73,9.85339,21.529,29.9608,38.7763,45.3091,48.9109,50.9828,53.0617,54.7535,56.6767,58.9229,61.6689,67.4413,128.916,121.117,100.043,26.017,14.867,7.23063
53.711,-0.2479,1.0000,0.0000,5,129.86,-0.21,-12.44,-0.1213,0.0487,9038.95,0.0,117.59,119.65,119.52,119.52,10.0138,21.994,30.5879,39.5236,46.1172,49.7756,52.0533,54.3924,56.3419,58.6307,61.4561,65.3614,129.257,125.37,117.077,95.7787,24.3706,14.4202,7.11804
53.730,-0.1934,1.0000,0.0000,5,130.46,0.49,-12.67,-0.1276,0.0601,9116.75,0.0,117.83,120.20,120.54,120.54,10.1986,22.5249,31.3163,40.4016,47.0729,50.9641,53.5518,56.2984,58.6936,61.715,66.172,128.801,125.456,121.337,112.323,91.4561,22.8134,13.9465,6.99522
53.749,-0.1741,1.0000,0.0000,5,131.06,1.17,-12.94,-0.1347,0.0711,9201.0,0.0,118.34,120.82,121.65,121.65,10.392,23.0408,32.0164,41.2377,47.993,52.3171,55.3236,58.6949,61.9224,67.1509,127.503,125.124,121.594,117.195,107.199,87.5797,21.5376,13.5051,6.87198
53.768,-0.1567,1.0000,0.0000,5,131.67,1.74,-13.20,-0.1425,0.0815,9282.01,0.0,118.95,121.41,122.73,122.73,10.5855,23.5322,32.6738,42.0135,48.9677,53.862,57.4757,61.9996,68.374,126.326,123.942,121.44,117.695,112.956,102.105,84.122,20.4717,13.0969,6.74866
53.793,-0.1410,1.0000,0.0000,5,132.27,2.22,-13.43,-0.1512,0.0919,9361.86,0.0,119.61,122.04,123.73,123.73,10.7795,24.0198,33.3213,42.7727,50.0969,55.7841,60.475,127.461,125.175,122.786,120.277,117.628,113.618,108.423,97.4711,80.9203,19.5207,12.7052,6.62251
53.811,-0.1269,1.0000,0.0000,5,132.71,2.88,-13.84,-0.1607,0.1031,9612.32,0.0,120.12,122.68,127.04,127.04,10.9859,24.5623,34.0507,43.6346,51.6294,58.7106,68.1214,123.787,121.382,118.855,116.181,113.328,108.93,103.067,92.8968,77.3986,18.5722,12.2994,6.48857
53.830,-0.1142,1.0000,0.0000,5,133.28,3.68,-14.13,-0.1710,0.1158,9716.35,0.0,120.49,123.35,128.49,128.49,11.2142,25.2036,34.9283,44.6871,53.9351,65.4701,122.928,119.541,116.97,114.243,111.321,108.144,103.081,97.355,88.2147,73.0222,17.5848,11.8644,6.34407
53.849,-0.1028,1.0000,0.0000,5,133.91,4.49,-14.32,-0.1822,0.1291,9748.64,0.0,120.96,124.01,128.94,128.94,11.456,25.9008,35.8849,45.9736,57.444,122.337,118.485,114.842,112.041,109.022,105.711,102.017,97.047,91.945,83.7352,67.7237,16.6385,11.427,6.19321
53.868,-0.0925,1.0000,0.0000,5,134.56,5.22,-14.47,-0.1945,0.1425,9752.92,0.0,121.51,124.60,129.01,129.01,11.7034,26.6126,36.8548,47.5305,65.5603,117.912,113.77,109.786,106.655,103.182,99.4891,96.0452,91.617,87.0464,79.6395,31.4666,15.7743,11.0054,6.0393
53.893,-0.0833,1.0000,0.0000,5,135.22,5.79,-14.57,-0.2078,0.1552,9746.51,0.0,122.14,125.13,128.93,128.93,11.948,27.2967,37.773,49.3503,120.811,113.413,108.907,104.453,100.84,97.2791,93.9673,90.8803,86.8953,82.7626,75.9325,25.4358,15.0113,10.6117,5.88735
53.911,-0.0749,1.0000,0.0000,5,135.88,6.15,-14.66,-0.2224,0.1668,9744.68,0.0,122.83,125.61,128.90,128.90,12.1823,27.916,38.5847,51.4449,116.883,108.97,104.001,98.9913,95.5375,92.3233,89.325,86.5218,82.8906,79.1105,72.2593,22.9636,14.3529,10.2523,5.73917
53.930,-0.0675,1.0000,0.0000,5,136.53,6.36,-14.82,-0.2382,0.1768,9755.06,0.0,123.49,125.97,129.03,129.03,12.3981,28.431,39.2325,53.8308,113.235,104.757,99.2298,94.4063,91.2466,88.298,85.5403,82.9558,79.599,76.0938,68.7736,21.3799,13.8013,9.93203,5.59591
53.949,-0.0607,1.0000,0.0000,5,137.20,6.32,-15.08,-0.2552,0.1840,9778.64,0.0,124.11,126.25,129.33,129.33,12.5751,28.7536,39.5887,56.2416,110.258,101.267,95.6134,91.1038,88.1424,85.3736,82.7798,80.3448,77.1764,73.782,65.9919,20.4423,13.3915,9.67056,5.46221
53.968,-0.0546,1.0000,0.0000,5,137.87,5.99,-15.36,-0.2730,0.1851,9811.4,0.0,124.89,126.57,129.76,129.76,12.7166,28.9042,39.6974,58.8432,107.931,98.5348,93.0569,88.754,85.9237,83.2745,80.7896,78.4547,75.4131,72.0158,63.9656,19.9094,13.0911,9.45588,5.33636
53.987,-0.0492,1.0000,0.0000,5,138.54,5.46,-15.60,-0.2912,0.1819,9843.76,0.0,125.81,127.04,130.19,130.19,12.8383,28.9605,39.6939,120.384,105.967,96.3136,91.0381,86.8879,84.1551,81.595,79.1918,76.9319,73.9856,70.5617,62.3884,19.5653,12.8444,9.26393,5.21384
54.011,-0.0443,1.0000,0.0000,5,139.01,5.09,-16.04,-0.3094,0.1789,10078.6,0.0,126.63,127.65,133.12,133.12,12.9612,29.0225,39.7319,118.6,103.927,94.0944,89.0175,85.0173,82.3805,79.9084,77.5859,75.4003,72.5402,69.0614,60.7567,19.1974,12.5887,9.06714,5.0898
54.030,-0.0398,1.0000,0.0000,5,139.56,5.02,-16.39,-0.3277,0.1777,10217.4,0.0,127.10,128.37,135.12,135.12,13.1124,29.2159,40.0357,116.316,101.177,91.2133,86.402,82.6029,80.0945,77.7396,75.5249,73.4384,70.6253,67.0185,58.3514,18.561,12.2496,8.83304,4.9586
54.049,-0.0358,1.0000,0.0000,5,140.26,5.07,-16.61,-0.3459,0.1776,10214.1,0.0,127.58,129.12,135.13,135.13,13.2815,29.4886,40.5555,113.688,97.8716,88.0301,83.5098,79.9312,77.5642,75.3389,73.2431,71.2644,68.3733,64.5859,55.3623,17.7938,11.8638,8.5773,4.82299
54.067,-0.0323,1.0000,0.0000,5,141.01,5.12,-16.77,-0.3642,0.1777,10155.5,0.0,128.19,129.80,134.38,134.38,13.4535,29.7716,41.1984,110.945,94.2738,84.9259,80.6812,77.3127,75.0804,72.9788,70.9969,69.0346,65.998,62.0132,52.1093,17.0392,11.4745,8.3188,4.68635
54.087,-0.0290,1.0000,0.0000,5,141.78,5.01,-16.90,-0.3827,0.1769,10081.0,0.0,128.94,130.40,133.39,133.39,13.6109,29.9868,41.8207,108.379,91.0518,82.2378,78.2209,75.0263,72.9061,70.9077,68.9929,66.9611,63.8046,59.6502,49.1092,16.4124,11.1226,8.07615,4.55209
54.111,-0.0261,1.0000,0.0000,5,142.53,4.65,-16.97,-0.4013,0.1746,10028.0,0.0,129.78,130.97,132.67,132.67,13.7461,30.1023,42.3352,106.131,88.4492,80.0414,76.1993,73.139,71.1058,69.1876,67.2631,65.1769,61.9426,57.6803,46.7062,15.9355,10.8198,7.85488,4.42124
54.130,-0.0235,1.0000,0.0000,5,143.25,4.10,-17.00,-0.4200,0.1709,10011.0,0.0,130.65,131.52,132.42,132.42,13.8597,30.1221,42.7171,104.216,86.376,78.2695,74.558,71.5988,69.631,67.7626,65.816,63.7039,60.4348,56.132,45.0133,15.5857,10.5598,7.65212,4.29306
54.149,-0.0212,1.0000,0.0000,5,143.91,3.54,-17.09,-0.4389,0.1663,10067.0,0.0,131.43,132.07,133.13,133.13,13.9583,30.0805,43.027,102.513,84.6194,76.7512,73.1441,70.2657,68.3509,66.5079,64.5517,62.4327,59.1579,54.8583,43.8093,15.3122,10.3254,7.46039,4.16659
54.167,-0.0191,1.0000,0.0000,5,144.58,3.04,-17.18,-0.4577,0.1615,10104.3,0.0,132.12,132.66,133.64,133.64,14.0513,30.0202,43.3732,100.853,82.9535,75.3041,71.793,68.9896,67.1234,65.293,63.3309,61.2111,57.939,53.6554,42.7391,15.056,10.096,7.2706,4.04055
54.193,-0.0171,1.0000,0.0000,5,145.27,2.59,-17.25,-0.4764,0.1564,10130.5,0.0,132.79,133.28,133.98,133.98,14.138,29.9421,43.7677,99.2307,81.3658,73.9181,70.496,67.762,65.9412,64.1147,62.1502,60.0343,56.7731,52.5176,41.7885,14.8185,9.87216,7.08346,3.91551
54.211,-0.0154,1.0000,0.0000,5,145.95,2.19,-17.32,-0.4948,0.1509,10157.2,0.0,133.46,133.87,134.34,134.34,14.2172,29.8422,44.2081,97.6649,79.8686,72.6039,69.263,66.5923,64.81,62.986,61.0247,58.9178,55.677,51.4634,40.9808,14.6086,9.65731,6.90068,3.79213
54.230,-0.0139,1.0000,0.0000,5,146.64,1.83,-17.38,-0.5130,0.1451,10186.5,0.0,134.14,134.47,134.72,134.72,14.2875,29.7263,44.6962,96.166,78.4646,71.3643,68.0965,65.4833,63.7309,61.9135,59.9613,57.8685,54.6578,50.5007,40.3174,14.4335,9.45412,6.72387,3.67122
54.249,-0.0125,1.0000,0.0000,5,147.32,1.50,-17.43,-0.5308,0.1391,10218.6,0.0,134.81,135.08,135.15,135.15,14.3498,29.6107,45.2772,94.7114,77.1241,70.175,66.975,64.415,62.6875,60.8799,58.9406,56.8659,53.6921,49.601,39.7423,14.2907,9.26127,6.55278,3.55305
54.268,-0.0112,1.0000,0.0000,5,147.99,1.22,-17.47,-0.5480,0.1328,10257.7,0.0,135.46,135.69,135.65,135.65,14.4043,29.4983,46.0061,93.285,75.828,69.021,65.8846,63.3749,61.669,59.8733,57.9502,55.8963,52.7641,48.7458,39.2201,14.1813,9.0793,6.38796,3.43828
54.286,-0.0101,1.0000,0.0000,5,148.66,1.00,-17.51,-0.5647,0.1264,10303.6,0.0,136.09,136.30,136.26,136.26,14.4513,29.3921,47.0048,91.8731,74.5608,67.8892,64.814,62.3527,60.6661,58.8836,56.9789,54.9479,51.8608,47.9194,38.7246,14.1069,8.90841,6.22983,3.32729
54.311,-0.0091,1.0000,0.0000,5,149.33,0.81,-17.55,-0.5809,0.1198,10342.8,0.0,136.72,136.91,136.78,136.78,14.4914,29.296,48.6106,90.4599,73.3074,66.7678,63.7522,61.3379,59.6687,57.9009,56.0153,54.0086,50.9681,47.1052,38.2309,14.0681,8.7479,6.07815,3.22018
54.330,-0.0082,1.0000,0.0000,5,150.00,0.66,-17.57,-0.5963,0.1132,10381.0,0.0,137.35,137.52,137.29,137.29,14.5242,29.2099,111.021,89.0471,72.0685,65.6573,62.6999,60.3316,58.6784,56.9259,55.0612,53.0799,50.0881,46.3051,37.7431,14.0759,8.60031,5.93438,3.11762
54.349,-0.0074,1.0000,0.0000,5,150.67,0.54,-17.56,-0.6110,0.1065,10419.4,0.0,137.98,138.14,137.80,137.80,14.5495,29.1349,109.729,87.6316,70.8417,64.5558,61.6551,59.3319,57.6936,55.9574,54.1147,52.1601,49.2182,45.5166,37.2572,14.1407,8.46705,5.79934,3.02
54.368,-0.0066,1.0000,0.0000,5,151.33,0.44,-17.56,-0.6250,0.0996,10458.7,0.0,138.60,138.74,138.32,138.32,14.5668,29.0703,108.439,86.2168,69.6293,63.4654,60.6201,58.3397,56.7165,54.9979,53.1783,51.2517,48.3615,44.7429,36.7773,14.2817,8.35099,5.67428,2.92781
54.393,-0.0060,1.0000,0.0000,5,151.99,0.35,-17.55,-0.6381,0.0927,10499.9,0.0,139.21,139.34,138.86,138.86,14.5764,29.0179,107.147,84.7958,68.4257,62.3814,59.5904,57.3509,55.7435,54.0435,52.2481,50.3504,47.5127,43.9778,36.297,14.5212,8.25348,5.56001,2.84143
54.411,-0.0054,1.0000,0.0000,6,152.66,0.29,-17.53,-0.6504,0.0857,10535.5,0.0,139.83,139.95,139.33,139.33,14.5781,28.9796,105.854,83.3681,67.2303,61.3035,58.5662,56.3654,54.7746,53.0941,51.3235,49.4557,46.6719,43.2205,35.8155,14.8983,8.17664,5.45734,2.76111
54.431,-0.0048,1.0000,0.0000,6,152.96,0.22,-17.50,-0.6618,0.0785,9656.16,0.0,140.35,140.45,135.00,135.09,14.5713,28.9524,104.57,81.951,66.0559,60.2422,57.5564,55.3927,53.8195,52.1598,50.4154,48.5789,45.8504,42.4842,35.3474,15.499,8.12461,5.36787,2.68728
54.449,-0.0044,1.0000,0.0000,6,152.87,0.16,-17.46,-0.6722,0.0713,9660.76,0.0,140.41,140.50,134.75,134.84,14.556,28.938,103.295,80.5425,64.9008,59.1967,56.5611,54.4328,52.8779,51.2404,49.5229,47.7185,45.0461,41.765,34.8873,16.5133,8.10093,5.29332,2.62076
54.468,-0.0039,1.0000,0.0000,6,152.78,0.12,-17.34,-0.6816,0.0641,9340.57,0.0,140.33,140.42,134.75,134.81,14.5334,28.9432,102.017,79.1203,63.7494,58.1541,55.5683,53.4741,51.9382,50.3229,48.6327,46.8606,44.244,41.0468,34.4157,17.9844,8.10555,5.23332,2.56143
54.486,-0.0035,1.0000,0.0000,6,153.09,0.08,-17.22,-0.6901,0.0568,9636.86,0.0,140.41,140.49,139.00,139.00,14.5035,28.9707,100.733,77.6798,62.5994,57.1124,54.5761,52.5156,50.9987,49.406,47.743,46.0031,43.4425,40.3275,33.9326,18.9331,8.14183,5.18882,2.50946
54.511,-0.0032,1.0000,0.0000,6,153.66,0.06,-17.13,-0.6976,0.0495,9689.44,0.0,140.86,140.94,139.79,139.79,14.4665,29.0233,99.4354,76.22,61.445,56.0665,53.5801,51.5521,50.0546,48.4846,46.8492,45.1417,42.6368,39.603,33.4349,19.5589,8.21417,5.16086,2.46506
54.530,-0.0029,1.0000,0.0000,6,154.26,0.05,-17.05,-0.7040,0.0422,9712.35,0.0,141.38,141.46,140.14,140.14,14.4217,29.0999,98.1326,74.7673,60.294,55.0231,52.5858,50.5898,49.1121,47.5657,45.9583,44.2837,41.8344,38.8813,32.9326,19.9919,8.32969,5.15138,2.42857
54.549,-0.0026,1.0000,0.0000,6,154.86,0.04,-16.96,-0.7095,0.0348,9740.47,0.0,141.93,142.00,140.53,140.53,14.3689,29.2026,96.8281,73.3279,59.1504,53.9854,51.5968,49.6318,48.1747,46.6524,45.0738,43.4325,41.0395,38.1667,32.4303,20.2972,8.49699,5.16241,2.40041
54.567,0.0089,1.0000,0.0000,6,155.44,0.02,-16.92,-0.7139,0.0273,9778.23,0.0,142.46,142.52,141.07,141.07,14.3084,29.337,95.5179,71.8953,58.0102,52.9498,50.6092,48.6749,47.2388,45.7413,44.1918,42.5843,40.2474,37.4542,31.9234,20.4996,8.72395,5.19506,2.38072
54.586,0.0457,1.0000,0.0000,6,156.02,0.04,-16.86,-0.7173,0.0194,9821.1,0.0,143.04,143.03,141.69,141.69,14.2361,29.4737,94.2697,70.57,56.938,51.9701,49.6724,47.769,46.3563,44.8861,43.368,41.7963,39.5181,36.8058,31.4781,20.6852,9.0439,5.25765,2.37102
54.611,0.0981,1.0000,0.0000,6,156.59,0.07,-16.83,-0.7194,0.0102,9865.08,0.0,143.69,143.39,142.32,142.32,14.1385,29.5019,93.3126,69.6834,56.1468,51.2227,48.9468,47.0758,45.6952,44.2606,42.7807,41.2531,39.0415,36.4183,31.2977,21.0545,9.56015,5.37366,2.37513
54.630,0.1451,1.0000,0.0000,6,157.15,-0.01,-16.81,-0.7200,-0.0016,9907.9,0.0,144.42,143.59,142.94,142.94,14.0015,29.2836,92.8947,69.6079,55.8731,50.9019,48.6087,46.7588,45.4227,44.0385,42.6072,41.1354,39.0032,36.4816,31.5728,21.7873,10.4365,5.57813,2.39852
54.648,0.1771,1.0000,0.0000,6,157.72,-0.30,-16.76,-0.7189,-0.0164,9930.7,0.0,145.17,143.70,143.29,143.29,13.8208,28.7623,93.1029,70.5592,56.2413,51.1069,48.7468,46.8609,45.5752,44.2537,42.8862,41.4778,39.4423,37.0341,32.3402,22.9353,11.5498,5.90666,2.44572
54.668,0.1855,1.0000,0.0000,6,158.26,-0.74,-16.65,-0.7158,-0.0337,9961.25,0.0,145.88,143.86,143.71,143.71,13.6103,28.019,93.781,72.2764,57.1894,51.7795,49.3057,47.3345,46.0244,44.7625,43.4688,42.133,40.2003,37.9095,33.4381,24.372,12.8359,6.39042,2.51948
54.686,0.1580,1.0000,0.0000,6,158.77,-1.29,-16.55,-0.7106,-0.0525,10006.6,0.0,146.53,144.10,144.36,144.36,13.383,27.1634,94.7282,74.2309,58.6142,52.8272,50.1978,48.1103,46.7264,45.4235,44.1832,42.9247,41.0988,38.9323,34.6825,25.9493,14.2508,7.07121,2.62177
54.711,0.1422,1.0000,0.0000,6,159.27,-1.87,-16.37,-0.7030,-0.0722,10056.1,0.0,147.22,144.52,145.07,145.07,13.1466,26.2738,95.7967,76.205,60.4448,54.1825,51.3589,49.1266,47.6515,46.2658,44.9617,43.7317,42.0137,39.9681,35.9405,27.5511,15.7435,7.9048,2.75428
54.730,0.1280,1.0000,0.0000,6,159.76,-2.50,-16.19,-0.6930,-0.0925,10103.4,0.0,147.78,144.94,145.76,145.76,12.9046,25.3858,96.9138,78.1215,62.6772,55.8321,52.7727,50.3657,48.7811,47.2965,45.9031,44.5928,42.8839,40.9607,37.1548,29.1176,17.2837,8.79565,2.92007
54.749,0.1152,1.0000,0.0000,6,160.26,-3.08,-16.04,-0.6805,-0.1125,10145.2,0.0,148.21,145.41,146.37,146.37,12.6651,24.56,97.9296,79.811,65.1489,57.6368,54.3118,51.7098,50.0031,48.4093,46.9173,45.5178,43.6986,41.7939,38.2007,30.5247,18.7739,9.71186,3.11964
54.768,0.1037,1.0000,0.0000,6,160.79,-3.49,-15.86,-0.6655,-0.1317,10152.9,0.0,148.58,145.94,146.52,146.52,12.4338,23.8308,98.7348,81.167,67.5154,59.4404,55.8358,53.0303,51.1977,49.4909,47.8979,46.4076,44.4761,42.4639,39.0092,31.6888,20.1246,10.6163,3.35336
54.792,0.0933,1.0000,0.0000,6,161.33,-3.56,-15.61,-0.6480,-0.1490,10158.7,0.0,148.87,146.62,146.58,146.58,12.2187,23.2469,99.1653,82.0144,69.0489,60.9235,57.0653,54.0776,52.1327,50.3264,48.6448,47.0753,45.0464,42.9393,39.4727,32.4877,21.2133,11.4445,3.61696
54.811,0.0840,1.0000,0.0000,6,161.86,-3.41,-15.41,-0.6279,-0.1644,10183.9,0.0,149.15,147.32,146.93,146.93,12.0185,22.79,99.2443,82.4074,69.9088,62.0025,57.9322,54.7937,52.7569,50.8699,49.1168,47.484,45.3779,43.1963,39.6436,32.9642,22.0373,12.177,3.8844
54.831,0.0756,1.0000,0.0000,6,162.38,-3.19,-15.32,-0.6053,-0.1784,10221.3,0.0,149.45,147.94,147.46,147.46,11.8295,22.4283,99.0499,82.4566,70.2968,62.7154,58.4744,55.2161,53.1071,51.1572,49.3488,47.6676,45.5031,43.2659,39.6331,33.1907,22.6441,12.8167,4.14781
54.849,0.0680,1.0000,0.0000,6,162.91,-2.93,-15.35,-0.5804,-0.1892,10263.3,0.0,149.78,148.54,148.07,148.07,11.651,22.1491,98.6246,82.2214,70.3145,63.0252,58.7039,55.358,53.1972,51.2022,49.3551,47.6403,45.4359,43.1615,39.4771,33.2159,23.0609,13.3628,4.40462
54.867,0.0612,1.0000,0.0000,6,163.45,-2.66,-15.44,-0.5547,-0.1870,10303.4,0.0,150.16,149.13,148.65,148.65,11.4801,21.9282,98.0452,81.7989,70.0944,63.0234,58.714,55.3037,53.1055,51.0787,49.2048,47.4669,45.236,42.9375,39.2218,33.1082,23.3446,13.8331,4.65426
54.886,0.0551,1.0000,0.0000,6,163.94,-2.44,-15.65,-0.5291,-0.1843,10382.5,0.0,150.61,149.71,149.74,149.74,11.314,21.7428,97.3838,81.2778,69.7505,62.8612,58.6116,55.1492,52.9209,50.8693,48.9745,47.2192,44.9686,42.6531,38.9165,32.9232,23.5403,14.2463,4.89743
54.911,0.0496,1.0000,0.0000,6,164.45,-2.36,-15.90,-0.5036,-0.1820,10448.9,0.0,151.14,150.19,150.75,150.75,11.1459,21.5404,96.791,80.8377,69.4995,62.799,58.6603,55.1267,52.8571,50.7708,48.8465,47.0661,44.7866,42.445,38.6743,32.7581,23.7376,14.6504,5.13862
54.931,0.0446,1.0000,0.0000,6,165.00,-2.35,-16.11,-0.4783,-0.1799,10479.0,0.0,151.68,150.68,151.20,151.20,10.9774,21.3305,96.2439,80.4497,69.3049,62.7911,58.8172,55.2082,52.8877,50.7583,48.7973,46.9856,44.6695,42.2945,38.4791,32.5962,23.9239,15.0363,5.37632
54.949,0.0402,1.0000,0.0000,6,165.56,-2.34,-16.28,-0.4533,-0.1773,10495.9,0.0,152.20,151.20,151.45,151.45,10.8124,21.1416,95.6721,80.031,69.0682,62.724,58.9007,55.2833,52.9115,50.7386,48.7405,46.8974,44.5449,42.1369,38.2776,32.3949,24.0586,15.3832,5.60736
54.968,0.0361,1.0000,0.0000,6,166.14,-2.25,-16.36,-0.4285,-0.1744,10498.9,0.0,152.70,151.78,151.49,151.49,10.6535,20.9937,95.0286,79.5271,68.7276,62.5301,58.8319,55.2679,52.8513,50.6409,48.6114,46.7419,44.3591,41.9243,38.0307,32.1306,24.1204,15.6776,5.82942
54.986,0.0325,1.0000,0.0000,6,166.70,-2.11,-16.42,-0.4040,-0.1710,10518.5,0.0,153.18,152.37,151.76,151.76,10.5013,20.8938,94.3029,78.9271,68.273,62.2023,58.6082,55.1361,52.6842,50.4446,48.3914,46.5021,44.0973,41.6439,37.7283,31.8132,24.1109,15.9159,6.04105
55.011,0.0293,1.0000,0.0000,6,167.26,-1.95,-16.49,-0.3799,-0.1666,10545.8,0.0,153.64,152.94,152.15,152.15,10.3562,20.8491,93.4959,78.2332,67.7086,61.748,58.2417,54.8768,52.4039,50.1445,48.0755,46.1738,43.7564,41.2931,37.3687,31.4563,24.0343,16.1001,6.24111
55.030,0.0264,1.0000,0.0000,6,167.81,-1.77,-16.56,-0.3563,-0.1618,10572.5,0.0,154.10,153.49,152.55,152.55,10.219,20.8691,92.6132,77.4526,67.0448,61.181,57.7501,54.478,52.0139,49.7441,47.6677,45.7609,43.3394,40.8749,36.9545,31.0621,23.895,16.2336,6.4292
55.049,0.0237,1.0000,0.0000,6,168.37,-1.58,-16.59,-0.3331,-0.1565,10598.4,0.0,154.59,154.06,152.91,152.91,10.0898,20.9598,91.666,76.5993,66.2981,60.5215,57.1567,53.9646,51.5296,49.2574,47.1806,45.2752,42.8575,40.3995,36.4944,30.6366,23.7032,16.3196,6.60472
55.068,0.0213,1.0000,0.0000,6,168.91,-1.40,-16.65,-0.3106,-0.1508,10636.3,0.0,155.07,154.60,153.45,153.45,9.96799,21.1289,90.6753,75.6976,65.4978,59.8025,56.4986,53.3783,50.9836,48.7146,46.6426,44.7428,42.3342,39.8875,36.0051,30.1918,23.4725,16.3662,6.76772
55.087,0.0192,1.0000,0.0000,6,169.45,-1.26,-16.76,-0.2888,-0.1444,10679.0,0.0,155.54,155.12,154.07,154.07,9.85445,21.4061,89.6467,74.7545,64.6513,59.0328,55.7855,52.7313,50.3842,48.1232,46.0599,44.1695,41.7745,39.3436,35.4903,29.7299,23.2073,16.3768,6.91789
55.111,0.0173,1.0000,0.0000,6,170.00,-1.13,-16.85,-0.2678,-0.1378,10703.8,0.0,156.02,155.63,154.44,154.44,9.75008,21.8286,88.5841,73.7742,63.7644,58.2194,55.0256,52.0327,49.7369,47.4884,45.4378,43.5601,41.1828,38.7716,34.9532,29.2534,22.9097,16.3528,7.05492
55.130,0.0156,1.0000,0.0000,6,170.55,-1.01,-16.93,-0.2476,-0.1310,10739.0,0.0,156.52,156.17,154.94,154.94,9.65536,22.5048,87.4909,72.7615,62.8424,57.3679,54.2252,51.2901,49.0471,46.8154,44.7808,42.9189,40.563,38.1749,34.3966,28.7638,22.5815,16.2951,7.17775
55.149,0.0140,1.0000,0.0000,6,171.08,-0.91,-17.05,-0.2284,-0.1236,10780.3,0.0,157.00,156.68,155.53,155.53,9.57054,23.5562,86.3724,71.7221,61.892,56.4865,53.3931,50.5133,48.3209,46.1126,44.0967,42.2529,39.9211,37.5591,33.8247,28.2643,22.2273,16.2075,7.28688
55.168,0.0126,1.0000,0.0000,6,171.63,-0.83,-17.19,-0.2102,-0.1158,10814.2,0.0,157.48,157.18,156.04,156.04,9.4974,24.6625,85.2287,70.6564,60.9142,55.576,52.5303,49.7035,47.559,45.3795,43.3852,41.5619,39.2573,36.9239,33.2377,27.7547,21.8487,16.0914,7.38191
55.186,0.0113,1.0000,0.0000,6,172.19,-0.74,-17.25,-0.1932,-0.1078,10834.8,0.0,157.99,157.72,156.32,156.32,9.43711,25.7683,84.0601,69.5646,59.909,54.6367,51.6374,48.8618,46.763,44.6165,42.6464,40.846,38.5711,36.2693,32.635,27.2348,21.4469,15.9466,7.46148
55.211,0.0102,1.0000,0.0000,6,172.73,-0.66,-17.33,-0.1773,-0.0995,10869.9,0.0,158.48,158.24,156.83,156.83,9.38993,26.8741,82.8672,68.448,58.8782,53.6709,50.7171,47.991,45.9362,43.8259,41.8826,40.1072,37.8649,35.597,32.0184,26.7057,21.0242,15.7739,7.52603
55.230,0.0092,1.0000,0.0000,6,173.26,-0.59,-17.44,-0.1627,-0.0904,10908.6,0.0,158.96,158.74,157.38,157.38,9.3579,27.9869,81.6474,67.3037,57.8188,52.6756,49.7662,47.0884,45.0757,43.004,41.0902,39.3425,37.1357,34.9046,31.3859,26.1659,20.5887,15.5742,7.57544
55.249,0.0083,1.0000,0.0000,6,173.82,-0.52,-17.50,-0.1495,-0.0810,10927.5,0.0,159.46,159.26,157.67,157.67,9.34268,29.105,80.4043,66.1362,56.7359,51.6562,48.7906,46.16,44.1887,42.157,40.2752,38.5569,36.3882,34.1962,30.7406,25.6175,20.1484,15.3502,7.60916
55.268,0.0074,1.0000,0.0000,6,174.36,-0.45,-17.51,-0.1376,-0.0716,10957.2,0.0,159.96,159.79,158.09,158.09,9.34511,30.2259,79.1422,64.95,55.6347,50.6185,47.7967,45.213,43.2821,41.2916,39.4433,37.756,35.627,33.4758,30.0857,25.0628,19.7044,15.1036,7.62675
55.287,0.0067,1.0000,0.0000,6,174.90,-0.40,-17.56,-0.1273,-0.0612,10994.0,0.0,160.44,160.29,158.62,158.62,9.36735,31.3528,77.8597,63.7438,54.5141,49.5615,46.7832,44.2458,42.3549,40.4066,38.5936,36.9389,34.8514,32.7427,29.4209,24.5014,19.2565,14.8333,7.62853
55.311,0.0060,1.0000,0.0000,6,175.44,-0.35,-17.62,-0.1186,-0.0505,11022.1,0.0,160.92,160.78,159.05,159.05,9.41245,32.4837,76.5597,62.5211,53.3779,48.4894,45.7547,43.2636,41.4123,39.5067,37.7303,36.1094,34.065,32.0002,28.7484,23.9348,18.8056,14.5406,7.6147
55.330,0.0054,1.0000,0.0000,6,175.99,-0.30,-17.56,-0.1115,-0.0396,11043.4,0.0,161.45,161.32,159.33,159.33,9.48194,33.6167,75.2444,61.2843,52.2287,47.4049,44.7143,42.2695,40.4577,38.5953,36.8566,35.2704,33.27,31.2502,28.07,23.3643,18.3524,14.2271,7.58409
55.349,0.0049,1.0000,0.0000,6,176.51,-0.25,-17.53,-0.1062,-0.0282,11078.6,0.0,161.93,161.82,159.84,159.84,9.57968,34.7559,73.9115,60.0312,51.0644,46.3061,43.6597,41.2616,39.4891,37.6703,35.9705,34.42,32.465,30.4913,27.3844,22.7888,17.8963,13.894,7.53677
55.368,0.0044,1.0000,0.0000,6,177.04,-0.22,-17.55,-0.1028,-0.0158,11118.5,0.0,162.40,162.30,160.41,160.41,9.71107,35.9015,72.562,58.7626,49.8862,45.1941,42.5924,40.241,38.5079,36.7331,35.0733,33.5594,31.6509,29.7244,26.6924,22.209,17.4375,13.5421,7.47306
55.386,0.0040,1.0000,0.0000,6,177.59,-0.18,-17.45,-0.1015,-0.0033,11129.4,0.0,162.91,162.82,160.58,160.58,9.87928,37.0972,71.1952,57.4786,48.694,44.0691,41.5126,39.2084,37.5147,35.7841,34.1653,32.689,30.8281,28.9499,25.9943,21.6248,16.976,13.1819,7.39271
55.411,0.0036,1.0000,0.0000,6,178.12,-0.15,-17.34,-0.1021,0.0094,11162.1,0.0,163.40,163.32,161.04,161.04,10.0939,38.8903,69.8147,56.1824,47.4917,42.9353,40.4246,38.168,36.5141,34.828,33.2508,31.8126,29.9999,28.1705,25.2922,21.0378,16.5128,12.8206,7.29461
55.430,0.0032,1.0000,0.0000,6,178.64,-0.12,-17.27,-0.1050,0.0238,11201.5,0.0,163.88,163.80,161.61,161.61,10.3633,86.1068,68.4226,54.8771,46.2825,41.796,39.3321,37.1236,35.5097,33.8687,32.3332,30.9334,29.1691,27.3888,24.5881,20.4494,16.0486,12.4587,7.17928
55.449,0.0366,1.0000,0.0000,6,179.18,-0.10,-17.16,-0.1102,0.0383,11215.9,0.0,164.36,164.29,161.84,161.84,10.6764,84.6612,67.0139,53.5571,45.0607,40.6454,38.2287,36.069,34.4954,32.8994,31.4068,30.0459,28.3308,26.6004,23.8786,19.8572,15.582,12.0952,7.04675
55.468,0.1050,1.0000,0.0000,6,179.70,-0.01,-16.96,-0.1178,0.0517,11244.6,0.0,164.98,164.67,162.24,162.24,10.9727,83.3564,65.7595,52.4034,44.0152,39.6781,37.3132,35.2068,33.677,32.1247,30.6573,29.3202,27.6363,25.9385,23.2705,19.3342,15.1569,11.7556,6.90373
55.486,0.1848,1.0000,0.0000,6,180.20,-0.04,-16.81,-0.1274,0.0639,11283.6,0.0,165.68,164.74,162.79,162.79,11.2162,82.4524,64.9363,51.7047,43.443,39.1958,36.89,34.8442,33.3639,31.8654,30.3843,29.0294,27.3269,25.6148,22.933,18.9958,14.8425,11.4796,6.75926
55.511,0.2511,1.0000,0.0000,6,180.68,-0.39,-16.68,-0.1391,0.0727,11311.5,0.0,166.35,164.62,163.23,163.23,11.3845,82.0949,64.6958,51.6129,43.4931,39.3437,37.1012,35.1196,33.6913,32.2511,30.7974,29.3677,27.5714,25.7743,22.9785,18.9152,14.6813,11.2914,6.61942
55.530,0.3008,1.0000,0.0000,6,181.12,-0.99,-16.39,-0.1525,0.0778,11340.8,0.0,167.00,164.42,163.62,163.62,11.4772,82.2542,65.0009,52.0816,44.108,40.0559,37.875,35.9545,34.5751,33.1886,31.7946,30.3924,28.4465,26.4766,23.445,19.1097,14.6788,11.1929,6.48401
55.549,0.3381,1.0000,0.0000,6,181.50,-1.93,-16.17,-0.1673,0.0812,11392.2,0.0,167.48,164.22,164.35,164.35,11.5079,82.8059,65.7161,52.9642,45.132,41.1697,39.0446,37.1781,35.8409,34.5005,33.1567,31.8093,29.9167,27.7584,24.345,19.5731,14.8244,11.1758,6.3597
55.568,0.3605,1.0000,0.0000,6,181.84,-3.08,-16.02,-0.1837,0.0848,11448.7,0.0,167.79,164.06,165.18,165.18,11.4979,38.4523,66.6558,54.0664,46.3637,42.4815,40.4043,38.5839,37.2822,35.9794,34.6759,33.372,31.5462,29.4599,25.6665,20.2774,15.0921,11.2226,6.25482
55.587,0.3419,1.0000,0.0000,6,182.16,-3.92,-15.52,-0.2017,0.0871,11461.4,0.0,168.09,163.95,165.36,165.36,11.4552,33.7995,67.7501,55.3164,47.7322,43.9202,41.8845,40.1029,38.8306,37.559,36.2884,35.019,33.2452,31.2241,27.4609,21.2569,15.4892,11.3339,6.16991
55.612,0.2733,1.0000,0.0000,6,182.34,-5.05,-14.82,-0.2206,0.0830,11515.0,0.0,168.89,163.81,166.12,166.12,11.3366,30.4147,69.4219,57.1488,49.6771,45.9281,43.9284,42.1799,40.9322,39.6859,38.4415,37.1995,35.4657,33.493,29.8292,22.9486,16.2189,11.6075,6.12631
55.630,0.2460,1.0000,0.0000,6,182.49,-6.92,-14.27,-0.2383,0.0574,11580.7,0.0,169.74,163.89,167.06,167.06,11.1663,27.647,71.4916,59.3792,52.0122,48.3188,46.35,44.629,43.4013,42.1756,40.9522,39.7314,38.0278,36.0907,32.4954,25.5308,17.3312,12.0496,6.12225
55.649,0.2214,1.0000,0.0000,6,182.81,-8.43,-13.49,-0.2533,0.0330,11505.2,0.0,169.91,164.09,166.08,166.08,11.0036,25.6257,73.362,61.3979,54.1254,50.4816,48.5397,46.843,45.6328,44.4247,43.219,42.0162,40.3382,38.4304,34.8906,28.0309,18.6634,12.5645,6.13668
55.667,0.1992,1.0000,0.0000,6,183.16,-8.41,-12.62,-0.2654,0.0163,11468.7,0.0,169.46,164.86,165.50,165.50,10.9173,24.5383,74.1479,62.3039,55.1154,51.5179,49.6022,47.9291,46.7363,45.546,44.3586,43.1745,41.5234,39.6475,36.1704,29.4456,19.6882,12.9262,6.1337
55.687,0.1793,1.0000,0.0000,6,183.53,-7.40,-12.03,-0.2748,0.0074,11488.9,0.0,168.95,165.82,165.75,165.75,10.8974,24.1035,73.8979,62.1512,55.041,51.4896,49.6007,47.9523,46.7781,45.6071,44.4397,43.2764,41.6556,39.8163,36.4141,29.8621,20.2275,13.0856,6.10895
55.711,0.1614,1.0000,0.0000,6,183.89,-6.16,-11.73,-0.2818,0.0021,11547.3,0.0,168.78,166.82,166.58,166.58,10.8995,23.9567,73.1604,61.5039,54.4716,50.9676,49.1067,47.4844,46.3298,45.1791,44.033,42.8919,41.3037,39.5041,36.183,29.8214,20.5217,13.1555,6.08112
55.730,0.1452,1.0000,0.0000,6,184.23,-5.36,-11.53,-0.2869,-0.0050,11612.5,0.0,169.32,167.52,167.52,167.52,10.8658,23.6649,72.6601,61.0983,54.144,50.6865,48.8524,47.2552,46.1191,44.9879,43.8617,42.7414,41.1835,39.4202,36.1727,29.9773,20.9781,13.3351,6.08109
55.749,0.1206,1.0000,0.0000,6,184.59,-5.22,-11.49,-0.2902,-0.0143,11671.1,0.0,169.99,167.85,168.38,168.38,10.7951,23.201,72.4416,60.9769,54.0982,50.6843,48.8752,47.3009,46.1818,45.068,43.9599,42.858,41.327,39.5956,36.411,30.3524,21.5783,13.6472,6.11034
55.768,0.1704,1.0000,0.0000,6,185.09,-5.16,-11.26,-0.2919,-0.0239,11602.2,0.0,170.55,168.23,167.48,167.48,10.7087,22.7166,72.267,60.8974,54.0917,50.7196,48.9343,47.3816,46.2787,45.1814,44.0901,43.0055,41.4995,39.7977,36.6711,30.736,22.1575,14.0295,6.15776
55.786,0.2403,1.0000,0.0000,6,185.55,-4.50,-10.91,-0.2916,-0.0311,11596.4,0.0,170.61,168.66,167.32,167.32,10.6341,22.4294,71.7625,60.4855,53.7545,50.426,48.6659,47.1363,46.0505,44.9708,43.8978,42.832,41.353,39.6835,36.621,30.8245,22.4794,14.3594,6.20684
55.811,0.2927,1.0000,0.0000,6,185.94,-3.83,-10.74,-0.2896,-0.0374,11640.4,0.0,170.58,168.89,167.93,167.93,10.5558,22.2208,71.1316,59.9473,53.2921,50.0081,48.2737,46.7676,45.6993,44.6377,43.5833,42.5366,41.0853,39.4487,36.4515,30.7962,22.6891,14.6964,6.26629
55.830,0.3320,1.0000,0.0000,6,186.30,-3.47,-10.74,-0.2860,-0.0445,11699.5,0.0,170.68,168.96,168.78,168.78,10.4568,21.9493,70.6153,59.5231,52.9414,49.7001,47.99,46.5063,45.4544,44.4097,43.3727,42.3439,40.9184,39.3121,36.3745,30.8454,22.9426,15.1136,6.3475
55.850,0.3615,1.0000,0.0000,6,186.63,-3.52,-10.81,-0.2808,-0.0539,11756.6,0.0,170.95,168.92,169.61,169.61,10.3263,21.5149,70.3763,59.3735,52.8596,49.6562,47.9676,46.5033,45.4657,44.4354,43.4132,42.3995,40.9955,39.4144,36.5251,31.0949,23.3389,15.6081,6.46031
55.868,0.3836,1.0000,0.0000,6,186.95,-3.97,-10.94,-0.2740,-0.0656,11808.4,0.0,171.27,168.83,170.36,170.36,10.1665,20.9327,70.4039,59.4858,53.0323,49.8618,48.1914,46.7434,45.7175,44.6993,43.6892,42.6876,41.3008,39.7397,36.8878,31.53,23.8687,16.1716,6.60689
55.887,0.4002,1.0000,0.0000,6,187.30,-4.61,-11.03,-0.2657,-0.0786,11821.7,0.0,171.56,168.74,170.59,170.59,9.98648,20.2768,70.5957,59.7575,53.3582,50.2165,48.5619,47.1278,46.112,45.104,44.1039,43.1125,41.7399,40.1949,37.3728,32.0699,24.4703,16.7698,6.78445
55.912,0.4127,1.0000,0.0000,6,187.62,-5.19,-11.10,-0.2556,-0.0916,11846.4,0.0,171.75,168.72,170.91,170.91,9.79886,19.6538,70.7684,60.0068,53.6596,50.5455,48.9059,47.4851,46.4788,45.4803,44.49,43.5082,42.1491,40.6194,37.8256,32.5747,25.0347,17.3355,6.98466
55.931,0.3871,1.0000,0.0000,6,187.91,-5.74,-11.23,-0.2438,-0.1043,11889.2,0.0,171.87,168.75,171.53,171.53,9.60556,19.0751,70.8948,60.2073,53.9106,50.8233,49.1983,47.7905,46.7935,45.8043,44.8233,43.851,42.5052,40.9904,38.2243,33.0249,25.5468,17.8592,7.20658
55.949,0.3483,1.0000,0.0000,6,188.21,-6.30,-11.45,-0.2302,-0.1168,11931.5,0.0,172.09,168.94,172.14,172.14,9.40693,18.5395,70.9692,60.3533,54.106,51.0449,49.4342,48.0391,47.0513,46.0713,45.0996,44.1366,42.8037,41.3039,38.5651,33.4177,26.0042,18.3392,7.4505
55.968,0.3135,1.0000,0.0000,6,188.54,-6.76,-11.78,-0.2151,-0.1277,11970.9,0.0,172.34,169.28,172.71,172.71,9.21181,18.1099,70.8531,60.3088,54.1127,51.0795,49.4841,48.1028,47.1251,46.1553,45.1938,44.2411,42.9228,41.4398,38.7328,33.6475,26.3218,18.7172,7.70454
55.986,0.2822,1.0000,0.0000,6,188.88,-6.95,-12.13,-0.1984,-0.1371,12004.0,0.0,172.60,169.78,173.20,173.20,9.02043,17.7862,70.534,60.0621,53.9202,50.9169,49.3386,47.9723,47.0056,46.0471,45.097,44.1558,42.854,41.39,38.7197,33.7079,26.4939,18.9882,7.95464
56.011,0.2539,1.0000,0.0000,6,189.15,-7.10,-12.61,-0.1802,-0.1459,12107.0,0.0,172.96,170.40,174.60,174.60,8.83446,17.5123,70.1305,59.7306,53.6433,50.6707,49.1094,47.7587,46.8033,45.8562,44.9179,43.9887,42.7037,41.2594,38.6268,33.6916,26.5961,19.2023,8.18579
56.030,0.2286,1.0000,0.0000,6,189.45,-7.48,-13.08,-0.1606,-0.1560,12172.1,0.0,173.48,170.95,175.63,175.63,8.64666,17.182,69.8778,59.5449,53.5065,50.5607,49.0144,47.6772,46.7315,45.7943,44.8659,43.9468,42.6762,41.2485,38.6471,33.774,26.7706,19.4556,8.41685
56.049,0.1839,1.0000,0.0000,6,189.82,-7.92,-13.40,-0.1395,-0.1671,12169.6,0.0,174.08,171.45,175.61,175.61,8.45902,16.8152,69.7341,59.4634,53.4691,50.5472,49.014,47.6885,46.7513,45.8227,44.9029,43.9924,42.7341,41.3205,38.7455,33.9237,26.9927,19.7333,8.64606
56.068,0.2134,1.0000,0.0000,6,190.20,-8.33,-13.67,-0.1168,-0.1783,12159.2,0.0,174.71,172.03,175.47,175.47,8.27709,16.4617,69.5878,59.3772,53.4253,50.5264,49.0059,47.6915,46.7625,45.8421,44.9306,44.0284,42.7818,41.3817,38.832,34.0592,27.1975,19.9923,8.865
56.087,0.2726,1.0000,0.0000,6,190.60,-8.49,-13.93,-0.0925,-0.1883,12147.8,0.0,174.97,172.39,175.30,175.30,8.10887,16.1858,69.2887,59.14,53.2337,50.3598,48.8531,47.5512,46.6312,45.72,44.8179,43.9251,42.6917,41.3069,38.7864,34.0716,27.2971,20.1726,9.06012
56.112,0.3169,1.0000,0.0000,6,190.99,-8.30,-14.10,-0.0674,-0.1840,12139.8,0.0,174.99,172.59,175.18,175.18,7.95278,15.9774,68.8547,58.7702,52.9123,50.0655,48.574,47.2856,46.3756,45.4745,44.5826,43.7002,42.4816,41.114,38.6261,33.9773,27.3052,20.2837,9.23331
56.131,0.3502,1.0000,0.0000,6,191.32,-8.04,-14.29,-0.0430,-0.1783,12176.9,0.0,174.99,172.69,175.67,175.67,7.80222,15.7869,68.3978,58.3776,52.5682,49.7483,48.272,46.9973,46.0972,45.2062,44.3245,43.4526,42.2487,40.8982,38.443,33.86,27.2903,20.3733,9.39566
56.149,0.3752,1.0000,0.0000,6,191.64,-7.96,-14.44,-0.0193,-0.1736,12196.0,0.0,175.08,172.70,175.98,175.98,7.64937,15.549,68.0693,58.1085,52.3424,49.5464,48.0833,46.8205,45.9291,45.0466,44.1738,43.3108,42.1196,40.7836,38.3558,33.8274,27.3398,20.5019,9.56153
56.168,0.3939,1.0000,0.0000,6,191.96,-7.97,-14.52,0.0037,-0.1699,12197.1,0.0,175.24,172.69,176.00,176.00,7.49502,15.2724,67.848,57.9417,52.2144,49.4394,47.9878,46.7353,45.8513,44.9764,44.111,43.2555,42.0752,40.7515,38.3468,33.8634,27.441,20.6615,9.73002
56.186,0.4079,1.0000,0.0000,6,192.26,-8.02,-14.55,0.0260,-0.1666,12194.6,0.0,175.41,172.69,175.97,175.97,7.34186,14.9821,67.676,57.8214,52.1301,49.3743,47.9333,46.6902,45.813,44.945,44.0864,43.2379,42.0671,40.7545,38.3705,33.927,27.5614,20.8305,9.89666
56.212,0.4184,1.0000,0.0000,6,192.56,-8.01,-14.55,0.0479,-0.1632,12193.8,0.0,175.57,172.74,175.96,175.96,7.19303,14.7053,67.4888,57.6852,52.0295,49.2929,47.8623,46.6285,45.758,44.8968,44.0451,43.2034,42.0421,40.7406,38.3772,33.9733,27.6646,20.984,10.0557
56.230,0.4263,1.0000,0.0000,6,192.85,-7.90,-14.52,0.0692,-0.1594,12196.9,0.0,175.71,172.85,176.00,176.00,7.05017,14.4563,67.2503,57.4985,51.8796,49.1628,47.7431,46.519,45.6554,44.8012,43.9568,43.1222,41.9711,40.6811,38.3393,33.9778,27.731,21.1084,10.2038
56.249,0.4322,1.0000,0.0000,6,193.13,-7.72,-14.50,0.0900,-0.1552,12208.6,0.0,175.84,172.99,176.16,176.16,6.91341,14.2355,66.9585,57.2595,51.6787,48.9824,47.5741,46.3601,45.5039,44.6571,43.8201,42.9931,41.8527,40.5748,38.256,33.9396,27.7601,21.2031,10.3406
56.267,0.4367,1.0000,0.0000,6,193.41,-7.53,-14.50,0.1102,-0.1507,12224.2,0.0,176.00,173.17,176.38,176.38,6.78175,14.034,66.6362,56.9903,51.4481,48.7727,47.376,46.1723,45.3235,44.4843,43.6549,42.8356,41.7059,40.4406,38.1452,33.8751,27.7651,21.2774,10.4682
56.286,0.4400,1.0000,0.0000,6,193.68,-7.38,-14.53,0.1297,-0.1460,12244.2,0.0,176.18,173.36,176.67,176.67,6.65443,13.8433,66.3054,56.7121,51.2082,48.5534,47.1682,45.9747,45.1334,44.3017,43.4797,42.668,41.5491,40.2961,38.024,33.7996,27.7584,21.3401,10.5887
56.311,0.4425,1.0000,0.0000,6,193.95,-7.27,-14.58,0.1487,-0.1414,12263.2,0.0,176.39,173.56,176.95,176.95,6.53165,13.6628,65.9702,56.4286,50.9625,48.3282,46.9541,45.7708,44.9367,44.1123,43.2978,42.4935,41.3851,40.1443,37.895,33.7156,27.7421,21.3925,10.702
56.331,0.4444,1.0000,0.0000,6,194.23,-7.19,-14.65,0.1669,-0.1369,12280.6,0.0,176.61,173.77,177.20,177.20,6.41351,13.4913,65.6361,56.1451,50.716,48.1017,46.7386,45.565,44.7381,43.9208,43.1136,42.3166,41.2184,39.9894,37.7623,33.6266,27.719,21.4366,10.8088
56.349,0.4458,1.0000,0.0000,6,194.49,-7.17,-14.74,0.1843,-0.1325,12306.0,0.0,176.86,173.98,177.56,177.56,6.29952,13.323,65.3193,55.8768,50.4833,47.8881,46.5355,45.3712,44.551,43.7406,42.9403,42.1502,41.0618,39.8439,37.6379,33.5434,27.6978,21.4786,10.9103
56.367,0.4468,1.0000,0.0000,6,194.75,-7.21,-14.82,0.2011,-0.1284,12323.3,0.0,177.12,174.19,177.81,177.81,6.18889,13.1525,65.0329,55.6365,50.2763,47.6989,46.3561,45.2005,44.3866,43.5826,42.7886,42.005,40.9256,39.7181,37.5315,33.475,27.686,21.5239,11.0083
56.387,0.4476,1.0000,0.0000,6,195.02,-7.28,-14.89,0.2171,-0.1245,12337.7,0.0,177.38,174.39,178.02,178.02,6.08275,12.987,64.7616,55.4091,50.0807,47.5204,46.1868,45.0395,44.2316,43.4334,42.6455,41.8679,40.7972,39.5995,37.4311,33.4105,27.6747,21.5663,11.101
56.412,0.4482,1.0000,0.0000,6,195.29,-7.34,-14.97,0.2323,-0.1204,12351.4,0.0,177.61,174.60,178.22,178.22,5.98267,12.8397,64.473,55.1641,49.8672,47.324,45.9998,44.8608,44.0588,43.2667,42.4848,41.7132,40.6511,39.4632,37.3134,33.3288,27.647,21.594,11.1855
56.431,0.4487,1.0000,0.0000,6,195.56,-7.35,-15.03,0.2468,-0.1162,12364.5,0.0,177.84,174.82,178.41,178.41,5.88888,12.7126,64.1634,54.8978,49.6328,47.1066,45.792,44.6613,43.8653,43.0793,42.3035,41.5382,40.4846,39.3067,37.1756,33.2277,27.6012,21.6058,11.2612
56.449,0.4490,1.0000,0.0000,6,195.81,-7.37,-15.10,0.2606,-0.1121,12387.6,0.0,178.07,175.05,178.74,178.74,5.80032,12.5974,63.8528,54.6294,49.3953,46.886,45.5805,44.458,43.668,42.8879,42.1181,41.3588,40.3137,39.1455,37.0327,33.1206,27.5483,21.6096,11.3305
56.468,0.4492,1.0000,0.0000,6,196.06,-7.42,-15.16,0.2736,-0.1081,12403.2,0.0,178.32,175.27,178.97,178.97,5.71582,12.4845,63.5654,54.3818,49.1767,46.6832,45.3864,44.2716,43.4871,42.7126,41.9484,41.1947,40.1574,38.9982,36.9024,33.0236,27.5012,21.6149,11.3961
56.486,0.4494,1.0000,0.0000,6,196.32,-7.50,-15.22,0.2859,-0.1043,12416.7,0.0,178.57,175.49,179.16,179.16,5.63597,12.379,63.2891,54.1433,48.9659,46.4875,45.199,44.0914,43.3122,42.543,41.7842,41.0358,40.0061,38.8555,36.7757,32.9286,27.4537,21.6171,11.4569
56.512,0.4496,1.0000,0.0000,6,196.58,-7.55,-15.27,0.2974,-0.1003,12428.7,0.0,178.80,175.70,179.34,179.34,5.56273,12.2966,62.9882,53.8806,48.7313,46.2681,44.988,43.888,43.1141,42.3505,41.597,40.8542,39.8322,38.6905,36.6272,32.8127,27.3871,21.6031,11.509
56.531,0.4497,1.0000,0.0000,6,196.84,-7.54,-15.31,0.3082,-0.0961,12439.6,0.0,179.01,175.93,179.50,179.50,5.49615,12.2391,62.659,53.5902,48.4696,46.022,44.7506,43.6583,42.8901,42.132,41.3842,40.6471,39.6331,38.5006,36.4545,32.6738,27.3001,21.5718,11.5523
56.550,0.4498,1.0000,0.0000,6,197.08,-7.52,-15.36,0.3183,-0.0919,12460.9,0.0,179.23,176.16,179.80,179.80,5.43529,12.1985,62.3218,53.2911,48.199,45.7669,44.504,43.4194,42.6567,41.9042,41.1622,40.4306,39.4246,38.3012,36.2723,32.5254,27.2032,21.5312,11.589
56.568,0.4498,1.0000,0.0000,6,197.33,-7.54,-15.39,0.3277,-0.0879,12475.3,0.0,179.47,176.38,180.01,180.01,5.37898,12.1638,62.004,53.0091,47.9437,45.5262,44.2713,43.1939,42.4364,41.6892,40.9524,40.2262,39.2278,38.1129,36.1001,32.3846,27.1107,21.4912,11.622
56.587,0.4499,1.0000,0.0000,6,197.58,-7.57,-15.42,0.3363,-0.0840,12487.3,0.0,179.71,176.60,180.18,180.18,5.32764,12.1395,61.6959,52.7351,47.6951,45.2915,44.0444,42.9738,42.2212,41.479,40.7474,40.0263,39.0349,37.9283,35.9308,32.2455,27.0177,21.4484,11.6505
56.611,0.4499,0.5500,0.0000,6,197.83,-7.59,-15.45,0.3442,-0.0799,12498.2,0.0,179.94,176.82,180.34,180.34,5.28289,12.1407,61.3645,52.4382,47.4242,45.0349,43.7956,42.732,41.9846,41.2475,40.521,39.8052,38.8213,37.7231,35.7416,32.0875,26.9076,21.3912,11.671
56.631,0.4499,0.3025,0.0000,6,197.92,-7.48,-15.46,0.3513,-0.0756,12306.8,0.0,180.12,177.04,177.64,177.64,5.24549,12.1763,60.9932,52.1031,47.1166,44.7424,43.5115,42.4554,41.7134,40.9818,40.2608,39.5506,38.5745,37.4855,35.521,31.9005,26.7725,21.3139,11.6821
56.650,0.4499,0.1664,0.0000,6,197.72,-7.24,-15.48,0.3578,-0.0708,12177.7,0.0,180.19,177.19,175.76,175.76,5.21529,12.249,60.5798,51.728,46.7708,44.4127,43.1908,42.1427,41.4065,40.6808,39.9657,39.2614,38.2938,37.2146,35.2684,31.6842,26.6122,21.2166,11.684
56.668,0.4500,0.0915,0.0000,6,197.36,-7.02,-15.46,0.3637,-0.0665,12093.1,0.0,180.13,177.19,175.65,173.42,5.1882,12.3199,60.2068,51.3898,46.4593,44.1158,42.902,41.8612,41.1302,40.4098,39.7001,39.0012,38.0412,36.9708,35.0412,31.4897,26.468,21.1289,11.6853
56.687,0.4500,0.0503,0.0000,6,196.90,-6.98,-15.43,0.3690,-0.0633,12033.0,0.0,180.01,177.00,175.10,172.22,5.15979,12.3442,59.9572,51.1654,46.254,43.921,42.7129,41.6773,40.9501,40.2335,39.5276,38.8325,37.8779,36.8136,34.8959,31.3674,26.3805,21.0799,11.695
56.712,0.4500,0.0277,0.0000,6,196.38,-7.12,-15.37,0.3737,-0.0615,11983.8,0.0,179.82,176.67,174.59,171.31,5.12968,12.3166,59.8332,51.0563,46.1562,43.8294,42.6247,41.5921,40.8671,40.1528,39.4491,38.7563,37.8048,36.7441,34.8331,31.3178,26.3502,21.0702,11.7135
56.731,0.4500,0.0152,0.0000,6,195.84,-7.43,-15.30,0.3779,-0.0608,11940.8,0.0,179.55,176.21,174.13,170.53,5.0975,12.2367,59.8307,51.0588,46.1624,43.8377,42.634,41.6024,40.8781,40.1644,39.4614,38.7693,37.8188,36.7592,34.8501,31.3385,26.3755,21.0987,11.741
56.749,0.4500,0.0084,0.0000,6,195.27,-7.93,-15.25,0.3817,-0.0613,11899.6,0.0,179.21,175.67,173.69,169.79,5.06325,12.107,59.9455,51.1689,46.2689,43.9422,42.7375,41.7048,40.9797,40.2652,39.5614,38.8686,37.9169,36.856,34.9443,31.4272,26.4544,21.1644,11.7772
56.769,0.4500,0.0046,0.0000,6,194.68,-8.57,-15.19,0.3851,-0.0629,11860.0,0.0,178.82,175.07,173.25,169.09,5.02728,11.937,60.164,51.3743,46.4644,44.132,42.9242,41.8888,41.1617,40.4451,39.7392,39.0442,38.0896,37.0252,35.1068,31.5761,26.5811,21.2631,11.8213
56.786,0.4500,0.0025,0.0000,6,194.08,-9.28,-15.13,0.3881,-0.0650,11821.2,0.0,178.35,174.44,172.77,168.45,4.99129,11.7506,60.4415,51.6338,46.7102,44.3701,43.1581,42.1189,41.389,40.6697,39.961,39.2631,38.3044,37.2352,35.3079,31.7589,26.7344,21.3802,11.8694
56.811,0.4500,0.0014,0.0000,6,193.47,-9.98,-15.07,0.3909,-0.0672,11782.3,0.0,177.81,173.81,172.24,167.86,4.95737,11.5709,60.731,51.9039,46.9655,44.6175,43.4009,42.3575,41.6247,40.9025,40.1907,39.4898,38.5267,37.4525,35.5157,31.9474,26.8918,21.4995,11.9166
56.831,0.4500,0.0008,0.0000,6,192.85,-10.63,-15.02,0.3934,-0.0694,11743.0,0.0,177.20,173.18,171.67,167.29,4.92619,11.4067,61.0094,52.1632,47.2106,44.8547,43.6338,42.5865,41.8508,41.1256,40.411,39.7071,38.7398,37.6608,35.7147,32.1279,27.0421,21.6133,11.9611
56.850,0.4500,0.0004,0.0000,6,192.22,-11.23,-14.98,0.3956,-0.0715,11703.7,0.0,176.57,172.55,171.09,166.74,4.8977,11.2578,61.2734,52.409,47.4426,45.0791,43.8541,42.8031,42.0647,41.3367,40.6192,39.9125,38.9413,37.8577,35.9028,32.2982,27.1838,21.7204,12.0026
56.869,0.4500,0.0002,0.0000,6,191.59,-11.80,-14.94,0.3977,-0.0735,11664.3,0.0,175.92,171.92,170.51,166.18,4.87149,11.1208,61.5285,52.6462,47.6665,45.2955,44.0664,43.0118,42.2707,41.5401,40.8199,40.1104,39.1353,38.0472,36.0837,32.462,27.3197,21.8229,12.0416
56.887,0.4500,0.0001,0.0000,6,190.96,-12.27,-14.90,0.3996,-0.0752,11625.4,0.0,175.26,171.30,169.92,165.65,4.84803,11.0016,61.7566,52.8579,47.866,45.4886,44.2556,43.1978,42.4544,41.7213,40.9987,40.2867,39.3081,38.216,36.245,32.6078,27.4409,21.9144,12.0766
56.912,0.4500,0.0001,0.0000,6,190.33,-12.65,-14.86,0.4013,-0.0765,11586.6,0.0,174.59,170.69,169.31,165.13,4.8279,10.9057,61.9388,53.0265,48.0249,45.6422,44.4064,43.3459,42.6005,41.8656,41.1411,40.4273,39.4459,38.3505,36.3734,32.7242,27.5379,21.9881,12.1057
56.931,0.4500,0.0000,0.0000,6,189.70,-12.91,-14.81,0.4028,-0.0773,11548.0,0.0,173.91,170.09,168.70,164.63,4.81108,10.8336,62.07,53.1474,48.1386,45.7522,44.5143,43.4519,42.7052,41.9689,41.243,40.5278,39.5445,38.4469,36.4656,32.808,27.6082,22.0423,12.1285
56.950,0.4500,0.0000,0.0000,6,189.08,-13.09,-14.77,0.4043,-0.0778,11509.6,0.0,173.24,169.51,168.09,164.13,4.79716,10.7807,62.158,53.2278,48.2141,45.825,44.5857,43.5221,42.7746,42.0373,41.3105,40.5943,39.6098,38.5109,36.5268,32.8638,27.6556,22.0796,12.1457
56.969,0.4500,0.0000,0.0000,6,188.46,-13.20,-14.73,0.4056,-0.0780,11471.7,0.0,172.58,168.94,167.50,163.63,4.78534,10.7408,62.2181,53.2819,48.2646,45.8736,44.6334,43.569,42.8208,42.083,41.3556,40.6388,39.6534,38.5536,36.5678,32.9014,27.6879,22.1057,12.1591
56.988,0.4500,0.0000,0.0000,6,187.84,-13.23,-14.69,0.4068,-0.0779,11434.3,0.0,171.94,168.38,166.91,163.13,4.77565,10.7153,62.2445,53.3044,48.2851,45.8933,44.6526,43.5878,42.8394,42.1013,41.3738,40.6568,39.6711,38.5708,36.5845,32.9171,27.7024,22.1188,12.1684
57.013,0.4500,0.0000,0.0000,6,187.23,-13.18,-14.64,0.4080,-0.0774,11397.3,0.0,171.32,167.83,166.33,162.65,4.7682,10.7059,62.2315,53.2899,48.2707,45.8792,44.6388,43.5742,42.8259,42.0881,41.3608,40.644,39.6586,38.5587,36.5732,32.9076,27.6962,22.1168,12.1728
57.032,0.4500,0.0000,0.0000,6,186.63,-13.05,-14.59,0.4091,-0.0765,11360.9,0.0,170.71,167.29,165.76,162.17,4.76289,10.7121,62.1799,53.2395,48.2223,45.8323,44.5927,43.5288,42.7812,42.0439,41.3171,40.6011,39.6167,38.5179,36.5346,32.8736,27.6701,22.1002,12.1728
57.050,0.4500,0.0000,0.0000,6,186.04,-12.86,-14.54,0.4101,-0.0754,11324.9,0.0,170.11,166.78,165.19,161.70,4.75944,10.7317,62.0964,53.1591,48.1457,45.7579,44.5197,43.4572,42.7105,41.9741,41.2484,40.5333,39.5503,38.4534,36.4733,32.8194,27.6273,22.0714,12.1689
57.069,0.4500,0.0000,0.0000,6,185.46,-12.64,-14.50,0.4111,-0.0741,11289.6,0.0,169.54,166.27,164.65,161.22,4.75725,10.7595,61.9949,53.0619,48.0532,45.6683,44.4318,43.3707,42.6252,41.89,41.1654,40.4515,39.4703,38.3754,36.3993,32.7536,27.5751,22.0357,12.1626
57.088,0.4500,0.0000,0.0000,6,184.88,-12.39,-14.45,0.4120,-0.0727,11254.7,0.0,168.99,165.78,164.12,160.75,4.75619,10.7956,61.8758,52.9483,47.9451,45.5636,44.329,43.2698,42.5257,41.7918,41.0686,40.3561,39.3769,38.2843,36.3129,32.6765,27.5137,21.9933,12.1541
57.106,0.4500,0.0000,0.0000,6,184.31,-12.10,-14.41,0.4129,-0.0711,11220.4,0.0,168.46,165.28,163.59,160.28,4.7561,10.8391,61.7418,52.8208,47.824,45.4464,44.2139,43.1568,42.4141,41.6818,40.9601,40.2492,39.2723,38.1823,36.2161,32.5902,27.4448,21.9453,12.1437
57.131,0.4500,0.0000,0.0000,6,183.74,-11.80,-14.36,0.4137,-0.0694,11186.4,0.0,167.94,164.80,163.08,159.80,4.75669,10.8879,61.5983,52.6845,47.6946,45.3212,44.0911,43.0361,42.2949,41.5642,40.8443,40.1351,39.1606,38.0735,36.1126,32.4981,27.371,21.8937,12.1321
57.151,0.4500,0.0000,0.0000,6,183.19,-11.48,-14.31,0.4145,-0.0677,11152.8,0.0,167.44,164.33,162.59,159.33,4.75785,10.9403,61.4503,52.544,47.5614,45.1922,43.9646,42.9118,42.1723,41.4433,40.725,40.0176,39.0457,37.9614,36.0062,32.4032,27.295,21.8405,12.1197
57.168,0.4500,0.0000,0.0000,6,182.63,-11.19,-14.26,0.4152,-0.0660,11119.8,0.0,166.96,163.86,162.10,158.87,4.75916,10.9926,61.3072,52.4081,47.4324,45.0674,43.8422,42.7915,42.0536,41.3262,40.6096,39.9039,38.9343,37.8529,35.903,32.3113,27.2213,21.7887,12.1075
57.188,0.4500,0.0000,0.0000,6,182.09,-10.90,-14.22,0.4159,-0.0645,11086.9,0.0,166.49,163.40,161.62,158.39,4.76046,11.0434,61.1716,52.2793,47.3102,44.9489,43.726,42.6774,41.941,41.2151,40.5001,39.796,38.8286,37.7499,35.8052,32.224,27.1513,21.7395,12.0958
57.206,0.4500,0.0000,0.0000,6,181.55,-10.65,-14.20,0.4166,-0.0629,11054.5,0.0,166.03,162.95,161.15,157.93,4.76227,11.0968,61.0345,52.1491,47.1865,44.8292,43.6085,42.562,41.8271,41.1028,40.3893,39.6867,38.7218,37.6458,35.7063,32.1356,27.0804,21.6896,12.0837
57.231,0.4500,0.0000,0.0000,6,181.03,-10.37,-14.20,0.4172,-0.0609,11022.7,0.0,165.56,162.52,160.65,157.51,4.76666,11.1708,60.8562,51.9805,47.0269,44.6748,43.4571,42.4132,41.6803,40.9581,40.2467,39.5462,38.5842,37.5116,35.5788,32.0218,26.9889,21.6246,12.0667
57.250,0.4500,0.0000,0.0000,6,180.52,-10.05,-14.20,0.4177,-0.0586,10991.8,0.0,165.08,162.10,160.16,157.10,4.77322,11.2609,60.6499,51.7861,46.8429,44.497,43.2827,42.242,41.5114,40.7915,40.0825,39.3845,38.4259,37.3573,35.4322,31.8908,26.8833,21.5493,12.0461
57.270,0.4500,0.0000,0.0000,6,180.01,-9.81,-14.26,0.4180,-0.0566,10959.3,0.0,164.63,161.67,159.71,156.62,4.77963,11.3437,60.471,51.6168,46.6824,44.3418,43.1304,42.0924,41.3637,40.6458,39.9389,39.2429,38.2874,37.2223,35.3037,31.776,26.7905,21.4829,12.0276
57.288,0.4500,0.0000,0.0000,6,179.49,-9.70,-14.29,0.4182,-0.0555,10928.6,0.0,164.24,161.21,159.34,156.10,4.78315,11.3888,60.3856,51.5338,46.6027,44.2641,43.0541,42.0172,41.2893,40.5723,39.8663,39.1713,38.217,37.1535,35.2381,31.7169,26.7421,21.4479,12.0176
57.306,0.4500,0.0000,0.0000,6,178.97,-9.65,-14.28,0.4183,-0.0550,10897.9,0.0,163.85,160.72,158.97,155.59,4.78457,11.4075,60.3637,51.5092,46.5776,44.2389,43.029,41.9922,41.2644,40.5476,39.8417,39.1468,38.1928,37.1297,35.2149,31.6953,26.7238,21.434,12.0134
57.331,0.4500,0.0000,0.0000,6,178.47,-9.66,-14.32,0.4183,-0.0544,10867.2,0.0,163.46,160.27,158.53,155.14,4.78709,11.4324,60.3485,51.476,46.5443,44.2058,42.9961,41.9596,41.2321,40.5154,39.8097,39.1151,38.1614,37.0987,35.185,31.6676,26.7004,21.4164,12.0077
57.351,0.4500,0.0000,0.0000,6,177.97,-9.55,-14.35,0.4182,-0.0532,10837.3,0.0,162.99,159.85,158.03,154.77,4.79361,11.4911,60.2914,51.3808,46.4526,44.1166,42.9082,41.8731,41.1465,40.4308,39.7261,39.0325,38.0804,37.0194,35.1092,31.599,26.6438,21.3748,11.9944
57.370,0.4500,0.0000,0.0000,6,177.48,-9.35,-14.37,0.4180,-0.0516,10807.7,0.0,162.49,159.43,157.55,154.40,4.80273,11.5713,60.218,51.2489,46.3268,43.9943,42.7881,41.7547,41.0296,40.3154,39.6122,38.9201,37.9701,36.9116,35.0062,31.5061,26.5676,21.3189,11.9763
57.388,0.4500,0.0000,0.0000,6,176.99,-9.38,-14.50,0.4176,-0.0510,10774.5,0.0,162.06,158.97,157.15,153.85,4.80889,11.6119,60.2742,51.2017,46.2799,43.948,42.7422,41.7092,40.9843,40.2704,39.5675,38.8759,37.9264,36.8686,34.9645,31.4676,26.5347,21.2935,11.9667
57.406,0.4500,0.0000,0.0000,6,176.48,-9.53,-14.54,0.4171,-0.0515,10744.7,0.0,161.70,158.46,156.84,153.30,4.81048,11.5955,60.5122,51.2706,46.3414,44.0058,42.798,41.7633,41.0372,40.322,39.6179,38.925,37.974,36.9144,35.0068,31.5034,26.5611,21.3101,11.9688
57.431,0.4500,0.0000,0.0000,6,175.96,-9.73,-14.55,0.4166,-0.0527,10714.2,0.0,161.33,157.94,156.48,152.77,4.80929,11.5481,60.8816,51.4027,46.462,44.1204,42.9093,41.8718,41.1437,40.4265,39.7204,39.0254,38.0714,37.0086,35.095,31.5799,26.6201,21.3499,11.9775
57.451,0.4500,0.0000,0.0000,6,175.45,-9.93,-14.58,0.4160,-0.0537,10683.7,0.0,160.91,157.46,156.04,152.34,4.80931,11.5116,61.2842,51.5161,46.5651,44.2182,43.0042,41.9642,41.2343,40.5153,39.8073,39.1105,38.1541,37.0883,35.1696,31.6441,26.6692,21.3825,11.984
57.470,0.4500,0.4500,0.0000,6,174.95,-10.00,-14.58,0.4154,-0.0542,10653.4,0.0,160.41,156.99,155.55,151.95,4.81169,11.499,61.6817,51.583,46.6246,44.2741,43.0581,42.0163,41.2852,40.5651,39.856,39.1581,38.1999,37.1322,35.21,31.6782,26.6941,21.3978,11.9853
57.488,0.4500,0.6975,0.0000,6,174.70,-9.98,-14.59,0.4149,-0.0542,10868.1,0.0,159.92,156.57,156.80,156.80,4.81654,11.5126,62.0608,51.5965,46.6342,44.2819,43.0651,42.0225,41.2909,40.5702,39.8606,39.1622,38.2034,37.135,35.2115,31.6777,26.6912,21.3933,11.9808
57.507,0.4500,0.8336,0.0000,6,174.60,-10.06,-14.66,0.4142,-0.0542,10995.2,0.0,159.58,156.26,158.62,158.62,4.82179,11.5268,62.5028,51.6242,46.6446,44.2905,43.0727,42.0294,41.2972,40.5759,39.8657,39.1668,38.2074,37.1384,35.2135,31.6775,26.6885,21.3888,11.9761
57.532,0.4500,0.9085,0.0000,6,174.66,-10.14,-14.69,0.4135,-0.0542,11086.5,0.0,159.40,156.06,159.95,159.95,4.82759,11.5423,63.0136,51.6851,46.6552,44.2991,43.0804,42.0363,41.3035,40.5816,39.8709,39.1715,38.2113,37.1415,35.2154,31.6771,26.6854,21.3837,11.9709
57.551,0.4500,0.9497,0.0000,6,174.83,-10.20,-14.72,0.4128,-0.0538,11145.9,0.0,159.32,155.99,160.81,160.81,4.83563,11.5766,63.5408,51.7437,46.6334,44.2765,43.0575,42.0132,41.2802,40.5583,39.8474,39.1479,38.1876,37.1178,35.1917,31.6538,26.6637,21.3653,11.9613
57.570,0.4500,0.9723,0.0000,6,175.06,-10.15,-14.77,0.4119,-0.0524,11181.9,0.0,159.30,156.03,161.34,161.34,4.84951,11.6638,63.9693,51.7264,46.5193,44.165,42.9475,41.9047,41.1728,40.4521,39.7424,39.0441,38.0855,37.0176,35.0955,31.5659,26.5901,21.3094,11.9402
57.588,0.4500,0.9848,0.0000,6,175.35,-9.92,-14.81,0.4108,-0.0499,11202.0,0.0,159.31,156.18,161.64,161.64,4.87055,11.8186,64.2434,51.6005,46.293,43.9456,42.732,41.6926,40.9634,40.2453,39.5384,38.8428,37.8882,36.8249,34.9116,31.4001,26.4536,21.2084,11.9052
57.607,0.4500,0.9916,0.0000,6,175.65,-9.54,-14.87,0.4096,-0.0464,11229.9,0.0,159.39,156.42,162.02,162.02,4.89826,12.038,64.38,51.3796,45.973,43.6361,42.4284,41.3943,40.669,39.9549,39.252,38.5605,37.6117,36.5551,34.6547,31.1694,26.265,21.0698,11.8582
57.632,0.4500,0.9954,0.0000,6,175.97,-9.16,-14.95,0.4081,-0.0426,11250.8,0.0,159.55,156.70,162.34,162.34,4.92963,12.2897,64.5107,51.1464,45.6362,43.3026,42.1013,41.0731,40.352,39.6421,38.9436,38.2567,37.3142,36.2649,34.3784,30.9213,26.0622,20.9205,11.807
57.651,0.4500,0.9975,0.0000,6,176.29,-8.75,-14.99,0.4064,-0.0387,11256.7,0.0,159.79,157.02,162.43,162.43,4.9636,12.5648,64.678,50.9266,45.3077,42.9641,41.7693,40.747,40.0302,39.3247,38.6307,37.9482,37.0121,35.9703,34.0979,30.6695,25.856,20.7684,11.7538
57.670,0.4500,0.9986,0.0000,6,176.63,-8.35,-15.02,0.4044,-0.0348,11259.9,0.0,160.09,157.35,162.48,162.48,5.00019,12.8658,64.8881,50.7227,44.9895,42.6215,41.4335,40.4171,39.7048,39.0037,38.3142,37.6362,36.7066,35.6724,33.8143,30.4147,25.6472,20.614,11.6988
57.689,0.4500,0.9992,0.0000,6,176.97,-7.93,-15.03,0.4022,-0.0307,11263.4,0.0,160.41,157.71,162.53,162.53,5.04025,13.2052,65.1177,50.5196,44.6697,42.2652,41.0831,40.0731,39.3653,38.6689,37.9841,37.3109,36.3881,35.3617,33.5187,30.1492,25.4297,20.4527,11.6407
57.708,0.4500,0.9996,0.0000,6,177.31,-7.50,-15.02,0.3997,-0.0267,11267.9,0.0,160.75,158.08,162.59,162.59,5.08296,13.5776,65.4025,50.3377,44.3637,41.9185,40.7311,39.7275,39.0243,38.3326,37.6525,36.9842,36.0682,35.0498,33.2218,29.8825,25.2109,20.2902,11.581
57.727,0.4500,0.9998,0.0000,6,177.64,-7.13,-15.02,0.3970,-0.0229,11284.1,0.0,161.13,158.45,162.82,162.82,5.12738,13.9707,65.8021,50.2086,44.095,41.604,40.3981,39.3982,38.6994,38.0122,37.3367,36.6728,35.7633,34.7523,32.9384,29.6276,25.0012,20.1335,11.5219
57.751,0.4500,0.9999,0.0000,6,177.96,-6.85,-15.02,0.3939,-0.0196,11298.5,0.0,161.53,158.80,163.03,163.03,5.17206,14.3622,66.3984,50.1746,43.8947,41.3487,40.1188,39.1072,38.4121,37.7286,37.0569,36.397,35.4929,34.4883,32.6866,29.4003,24.813,19.9915,11.4658
57.770,0.4500,0.9999,0.0000,6,178.28,-6.66,-15.01,0.3906,-0.0167,11312.5,0.0,161.93,159.13,163.23,163.23,5.21696,14.7485,67.2183,50.2438,43.7669,41.1557,39.8973,38.8636,38.161,37.4805,36.812,36.1553,35.2558,34.2565,32.465,29.1994,24.6453,19.8633,11.4125
57.789,0.4500,0.9999,0.0000,6,178.60,-6.55,-14.99,0.3870,-0.0143,11327.5,0.0,162.33,159.45,163.44,163.44,5.26232,15.1301,68.2811,50.4186,43.7117,41.0244,39.7325,38.6732,37.9539,37.2636,36.597,35.9431,35.0474,34.0525,32.2694,29.021,24.4949,19.7467,11.3613
57.808,0.4500,1.0000,0.0000,6,178.92,-6.49,-14.96,0.3830,-0.0123,11344.2,0.0,162.71,159.75,163.68,163.68,5.30849,15.5112,69.6062,50.6994,43.727,40.9522,39.6222,38.5334,37.795,37.0871,36.4079,35.7542,34.8616,33.8704,32.0942,28.8604,24.3581,19.6391,11.3115
57.827,0.4500,1.0000,0.0000,6,179.23,-6.49,-14.93,0.3788,-0.0105,11362.4,0.0,163.07,160.04,163.95,163.95,5.35598,15.9,71.2127,51.0847,43.8092,40.9354,39.5622,38.4401,37.6801,36.9524,36.2549,35.5859,34.6917,33.7035,31.9333,28.7117,24.2301,19.537,11.2621
57.851,0.4500,1.0000,0.0000,6,179.54,-6.51,-14.90,0.3743,-0.0090,11380.7,0.0,163.41,160.31,164.21,164.21,5.40509,16.3042,73.1291,51.5756,43.9566,40.9715,39.5499,38.3906,37.6066,36.8568,36.1389,35.4512,34.5355,33.5465,31.7814,28.5708,24.1078,19.4383,11.2125
57.871,0.4500,1.0000,0.0000,6,179.84,-6.56,-14.87,0.3695,-0.0075,11401.2,0.0,163.73,160.59,164.50,164.50,5.45614,16.7325,75.3984,52.1767,44.1694,41.0599,39.5846,38.384,37.5734,36.799,36.0587,35.3502,34.4081,33.397,31.635,28.4342,23.9884,19.3409,11.162
57.889,0.4500,1.0000,0.0000,6,180.14,-6.63,-14.84,0.3645,-0.0062,11422.6,0.0,164.03,160.85,164.81,164.81,5.50902,17.1871,78.0998,52.9055,44.4563,41.2071,39.6717,38.425,37.5848,36.7833,36.018,35.2865,34.3151,33.2745,31.4943,28.3024,23.8721,19.2451,11.1107
57.907,0.4500,1.0000,0.0000,6,180.43,-6.73,-14.79,0.3591,-0.0053,11444.5,0.0,164.35,161.11,165.13,165.13,5.56202,17.627,81.4553,53.8335,44.8623,41.4501,39.8447,38.5446,37.6702,36.8372,36.043,35.2849,34.2799,33.2052,31.3772,28.1895,23.7703,19.1588,11.0611
57.927,0.4500,1.0000,0.0000,6,180.72,-6.89,-14.75,0.3535,-0.0047,11466.6,0.0,164.66,161.35,165.45,165.45,5.61544,18.056,85.611,54.9805,45.3938,41.7919,40.1058,38.7443,37.8304,36.9613,36.1339,35.3455,34.302,33.1883,31.2995,28.0915,23.6796,19.0797,11.0126
57.952,0.4500,1.0000,0.0000,6,181.01,-7.07,-14.71,0.3477,-0.0042,11483.8,0.0,164.94,161.58,165.71,165.71,5.67061,18.513,90.6768,56.3359,46.035,42.2175,40.4401,39.0094,38.0511,37.1416,36.2773,35.455,34.3687,33.2118,31.2558,27.9956,23.59,19.0008,10.963
57.971,0.4500,1.0000,0.0000,6,181.31,-7.18,-14.65,0.3416,-0.0035,11496.8,0.0,165.18,161.82,165.89,165.89,5.72953,19.0864,96.6761,57.846,46.743,42.6887,40.8121,39.3063,38.3005,37.3477,36.4438,35.5852,34.4533,33.2508,31.2238,27.8822,23.4862,18.9113,10.9093
57.989,0.4500,1.0000,0.0000,6,181.60,-7.24,-14.60,0.3354,-0.0024,11515.8,0.0,165.40,162.07,166.16,166.16,5.79292,19.8533,103.793,59.5066,47.5081,43.196,41.2124,39.6265,38.5699,37.5709,36.6251,35.7284,34.5486,33.2981,31.1974,27.7538,23.3638,18.8084,10.8507
58.009,0.4500,1.0000,0.0000,6,181.87,-7.25,-14.54,0.3288,-0.0012,11537.9,0.0,165.64,162.34,166.48,166.48,5.85915,20.8509,112.639,61.4207,48.3858,43.7833,41.6804,40.0054,38.8926,37.8428,36.8509,35.9123,34.6803,33.3777,31.1971,27.6433,23.2348,18.7002,10.7895
58.026,0.4500,1.0000,0.0000,6,182.14,-7.33,-14.47,0.3221,-0.0005,11559.5,0.0,165.91,162.59,166.79,166.79,5.92413,22.0095,124.673,63.8423,49.5156,44.5599,42.313,40.5313,39.3512,38.2407,37.1939,36.2057,34.9115,33.5471,31.2723,27.5886,23.1248,18.6048,10.7313
58.051,0.4500,1.0000,0.0000,6,182.41,-7.48,-14.42,0.3152,-0.0001,11580.9,0.0,166.19,162.81,167.10,167.10,5.98938,23.0138,141.313,66.8252,50.9001,45.5211,43.1035,41.1957,39.9367,38.7553,37.6446,36.5985,35.2322,33.7966,31.4132,27.5811,23.024,18.5153,10.6739
58.071,0.4500,1.0000,0.0000,6,182.70,-7.59,-14.34,0.3081,0.0005,11584.3,0.0,166.43,163.03,167.16,167.16,6.05728,23.4232,164.608,70.3562,52.4977,46.6261,44.0129,41.9617,40.6134,39.352,38.1694,37.0586,35.6121,34.0975,31.5945,27.6007,22.9157,18.4201,10.614
58.090,0.4500,1.0000,0.0000,6,182.99,-7.58,-14.26,0.3007,0.0017,11594.1,0.0,166.63,163.28,167.29,167.29,6.13165,23.747,200.0,74.2803,54.1909,47.7772,44.9521,42.7471,41.3037,39.9576,38.6993,37.5206,35.9905,34.3939,31.7683,27.611,22.7844,18.3022,10.5467
58.108,0.4500,1.0000,0.0000,6,183.27,-7.49,-14.20,0.2932,0.0035,11613.1,0.0,166.82,163.56,167.56,167.56,6.21217,24.0032,200.0,78.7074,56.0095,48.993,45.9366,43.5653,42.0198,40.5833,39.2445,37.9941,36.3761,34.694,31.9415,27.6176,22.6495,18.1647,10.473
58.128,0.4500,1.0000,0.0000,6,183.53,-7.37,-14.09,0.2855,0.0050,11635.7,0.0,167.06,163.84,167.89,167.89,6.29298,24.0054,200.0,84.3227,58.2447,50.4871,47.1506,44.58,42.9127,41.3687,39.9349,38.5999,36.8788,35.0967,32.1968,27.6808,22.5506,18.0331,10.4001
58.152,0.4307,1.0000,0.0000,6,183.79,-7.41,-14.01,0.2777,0.0058,11657.3,0.0,167.37,164.09,168.20,168.20,6.3704,23.7327,200.0,91.9986,61.1885,52.4559,48.7579,45.9321,44.11,42.43,40.8763,39.4353,37.5852,35.6786,32.5959,27.8432,22.5137,17.9214,10.3324
58.171,0.3536,1.0000,0.0000,6,184.05,-7.54,-13.94,0.2696,0.0063,11675.9,0.0,167.74,164.40,168.49,168.49,6.44745,23.3573,194.383,102.34,64.8938,54.9023,50.7491,47.6054,45.5924,43.7458,42.046,40.4765,38.4707,36.4152,33.1153,28.0847,22.5238,17.8171,10.2659
58.190,0.3182,1.0000,0.0000,6,184.36,-7.54,-13.81,0.2613,0.0073,11665.0,0.0,168.36,165.06,168.32,168.32,6.53048,23.064,185.642,115.52,69.1523,57.6398,52.9526,49.4426,47.2115,45.1763,43.3126,41.5994,39.4217,37.2027,33.6674,28.3411,22.5399,17.7,10.1933
58.208,0.2864,1.0000,0.0000,6,184.67,-7.39,-13.70,0.2529,0.0094,11677.3,0.0,168.92,165.80,168.49,168.49,6.62376,22.9102,155.971,131.777,73.7543,60.4941,55.2147,51.3051,48.8393,46.6031,44.566,42.7027,40.3462,37.9591,34.1852,28.5657,22.5341,17.5709,10.1104
58.227,0.2578,1.0000,0.0000,6,184.98,-7.13,-13.60,0.2443,0.0122,11700.9,0.0,169.44,166.55,168.83,168.83,6.72485,22.7987,110.159,153.228,78.9802,63.6255,57.6623,53.2999,50.5716,48.1125,45.8847,43.8573,41.3076,38.7405,34.7142,28.7909,22.5269,17.4432,10.0205
58.253,0.2320,1.0000,0.0000,6,185.29,-6.96,-13.47,0.2354,0.0143,11724.6,0.0,170.05,167.22,169.17,169.17,6.82368,22.5438,86.0051,200.0,86.0619,67.7571,60.8691,55.905,52.8323,50.0833,47.6097,45.3723,42.5764,39.7821,35.4401,29.1408,22.5914,17.3581,9.93455
58.271,0.2088,1.0000,0.0000,6,185.62,-6.94,-13.38,0.2263,0.0160,11747.2,0.0,170.61,167.76,169.50,169.50,6.92189,22.2015,71.1705,200.0,95.6861,73.1384,64.9887,59.2236,55.6994,52.5748,49.7858,47.2812,44.1755,41.0979,36.3669,29.6124,22.7226,17.3117,9.85047
58.289,0.1879,1.0000,0.0000,6,185.99,-6.89,-13.25,0.2168,0.0179,11742.0,0.0,171.09,168.26,169.45,169.45,7.02546,21.8695,61.643,199.184,108.268,79.7455,69.9381,63.152,59.0639,55.477,52.3044,49.4786,46.0049,42.5951,37.4155,30.1479,22.8847,17.2833,9.76229
58.309,0.1691,1.0000,0.0000,6,186.38,-6.60,-13.08,0.2071,0.0212,11742.2,0.0,171.45,168.85,169.43,169.43,7.14406,21.6653,55.7782,194.515,123.057,86.8848,75.127,67.1824,62.4696,58.3788,54.7947,51.629,47.7712,44.0201,38.3888,30.6203,23.007,17.2351,9.66137
58.327,0.1522,1.0000,0.0000,6,186.77,-6.17,-12.96,0.1971,0.0258,11761.1,0.0,171.78,169.47,169.69,169.69,7.27864,21.5586,51.9313,189.958,140.389,94.4849,80.4726,71.2394,65.8489,61.2211,57.2052,53.6874,49.4377,45.3439,39.2683,31.0217,23.0878,17.1677,9.54825
58.352,0.1370,1.0000,0.0000,6,187.15,-5.67,-12.78,0.1867,0.0307,11787.9,0.0,172.21,170.09,170.08,170.08,7.42131,21.4327,48.8153,185.011,164.037,103.82,86.8404,75.9794,69.7544,64.4768,59.9458,56.0138,51.3086,46.8225,40.246,31.4728,23.1941,17.1169,9.43099
58.371,0.1233,1.0000,0.0000,6,187.54,-5.39,-12.62,0.1758,0.0349,11812.0,0.0,172.74,170.53,170.43,170.43,7.56141,21.2037,45.8126,178.817,200.0,117.234,95.6727,82.4215,75.0077,68.8224,63.5839,59.0907,53.7773,48.7739,41.5485,32.1054,23.3935,17.1174,9.31802
58.390,0.1110,1.0000,0.0000,6,187.94,-5.22,-12.49,0.1644,0.0390,11835.2,0.0,173.19,170.96,170.77,170.77,7.6861,20.9449,43.1996,170.365,197.094,135.781,107.241,90.5941,81.5582,74.1665,68.008,62.7981,56.7223,51.0831,43.0766,32.8501,23.6458,17.1469,9.21568
58.408,0.0999,1.0000,0.0000,6,188.41,-4.87,-12.24,0.1524,0.0441,11812.9,0.0,173.55,171.49,170.46,170.46,7.80115,20.744,41.2263,144.792,193.394,159.169,120.797,99.7671,88.7404,79.914,72.6897,66.6679,59.7461,53.4178,44.5867,33.5625,23.8765,17.1679,9.11899
58.428,0.0899,1.0000,0.0000,6,188.84,-4.36,-12.01,0.1399,0.0507,11828.8,0.0,173.84,172.10,170.67,170.67,7.91232,20.6354,39.8849,123.2,190.024,198.509,135.153,109.009,95.7827,85.4246,77.0935,70.2479,62.4877,55.492,45.8853,34.1391,24.038,17.1583,9.02373
58.453,0.0809,1.0000,0.0000,6,189.27,-3.80,-11.79,0.1265,0.0581,11857.2,0.0,174.18,172.70,171.08,171.08,8.01495,20.5601,38.8462,109.485,186.806,195.761,151.458,118.978,103.182,91.095,81.5482,73.8174,65.1762,57.4946,47.1098,34.6633,24.1743,17.1407,8.93417
58.472,0.0728,1.0000,0.0000,6,189.69,-3.40,-11.51,0.1124,0.0650,11887.5,0.0,174.68,173.13,171.52,171.52,8.09698,20.4102,37.682,97.7041,183.179,192.748,196.878,133.05,113.36,98.753,87.4861,78.5327,68.6988,60.1076,48.7123,35.3761,24.4002,17.1704,8.86074
58.490,0.0655,1.0000,0.0000,6,190.13,-3.20,-11.35,0.0981,0.0610,11916.2,0.0,175.09,173.54,171.93,171.93,8.16593,20.2412,36.582,88.4648,179.329,189.64,193.992,151.475,126.186,108.141,94.6168,84.1053,72.7927,63.104,50.5231,36.1773,24.6645,17.2213,8.79766
58.508,0.0590,1.0000,0.0000,6,190.62,-2.95,-11.17,0.0849,0.0551,11903.1,0.0,175.41,174.04,171.78,171.78,8.2305,20.1129,35.721,81.951,175.603,186.702,191.269,194.805,140.343,118.144,102.016,89.7672,76.8589,66.0208,52.2379,36.9085,24.8944,17.2592,8.73788
58.528,0.0531,1.0000,0.0000,6,191.07,-2.51,-10.99,0.0730,0.0510,11928.2,0.0,175.67,174.65,172.09,172.09,8.29932,20.0824,35.2504,78.21,172.549,184.284,189.007,192.645,152.344,126.294,107.859,94.1264,79.8954,68.1355,53.4208,37.3647,25.0025,17.2448,8.6742
58.553,0.0478,1.0000,0.0000,6,191.50,-2.13,-11.01,0.0622,0.0477,11987.1,0.0,175.97,175.17,172.93,172.93,8.36659,20.0912,34.9518,75.6707,169.844,182.135,186.983,190.7,193.124,133.538,112.918,97.8212,82.4068,69.842,54.3377,37.6879,25.0554,17.2094,8.61162
58.571,0.0430,1.0000,0.0000,6,191.93,-1.88,-11.19,0.0521,0.0446,12044.6,0.0,176.33,175.60,173.77,173.77,8.42732,20.0913,34.6619,73.403,167.084,180.0,184.975,188.771,191.241,141.54,118.401,101.771,85.0568,71.6265,55.2878,38.0247,25.1171,17.1814,8.55447
58.590,0.0387,1.0000,0.0000,6,192.37,-1.72,-11.33,0.0428,0.0412,12090.6,0.0,176.80,176.04,174.44,174.44,8.47904,20.0596,34.3068,71.0386,163.963,177.728,182.856,186.747,189.27,151.769,125.277,106.666,88.3115,73.8093,56.4572,38.4592,25.2225,17.1759,8.5049
58.609,0.0348,1.0000,0.0000,6,192.83,-1.69,-11.45,0.0342,0.0374,12123.6,0.0,177.27,176.43,174.92,174.92,8.52002,19.9843,33.8524,68.4466,160.126,175.22,180.548,184.557,187.148,189.555,134.549,113.163,92.5739,76.6508,57.9824,39.0487,25.3941,17.2025,8.4645
58.627,0.0313,1.0000,0.0000,6,193.29,-1.71,-11.57,0.0262,0.0336,12147.9,0.0,177.70,176.85,175.29,175.29,8.55476,19.8963,33.3919,66.0211,155.451,172.635,178.189,182.328,184.991,187.459,145.656,120.755,97.4445,79.8446,59.6702,39.6977,25.5897,17.2419,8.42956
58.652,0.0282,1.0000,0.0000,6,193.82,-1.59,-11.51,0.0189,0.0303,12118.1,0.0,178.10,177.37,174.85,174.85,8.58898,19.836,33.0396,64.176,149.09,170.251,176.01,180.261,182.986,185.505,187.851,128.018,101.969,82.7425,61.1562,40.2466,25.7447,17.266,8.39527
58.672,0.0254,1.0000,0.0000,6,194.28,-1.39,-11.47,0.0123,0.0278,12144.8,0.0,178.47,177.90,175.23,175.23,8.62407,19.8109,32.8108,62.9067,141.191,168.161,174.079,178.415,181.184,183.741,186.12,134.181,105.693,85.0675,62.305,40.6445,25.8411,17.2676,8.3604
58.690,0.0228,1.0000,0.0000,6,194.73,-1.20,-11.48,0.0063,0.0257,12183.6,0.0,178.84,178.37,175.78,175.78,8.65732,19.7981,32.635,61.9063,135.242,166.217,172.272,176.677,179.484,182.071,184.476,139.915,109.073,87.1368,63.3017,40.9763,25.9141,17.2621,8.32734
58.708,0.0206,1.0000,0.0000,6,195.17,-1.05,-11.52,0.0008,0.0237,12225.5,0.0,179.25,178.81,176.38,176.38,8.68696,19.7819,32.4644,60.9812,130.058,164.295,170.488,174.962,177.804,180.42,182.85,145.953,112.563,89.2464,64.3061,41.3102,25.9906,17.2606,8.2976
58.727,0.0185,1.0000,0.0000,6,195.62,-0.96,-11.53,-0.0043,0.0216,12259.9,0.0,179.69,179.23,176.89,176.89,8.7112,19.7484,32.2593,59.984,124.898,162.275,168.634,173.187,176.071,178.72,181.177,183.471,116.691,91.7205,65.4827,41.7124,26.0959,17.2737,8.27275
58.753,0.0167,1.0000,0.0000,6,196.08,-0.92,-11.57,-0.0089,0.0194,12289.9,0.0,180.10,179.64,177.32,177.32,8.73158,19.707,32.0458,59.0059,120.138,160.221,166.763,171.401,174.327,177.011,179.497,181.816,121.223,94.3973,66.7424,42.1441,26.2143,17.2946,8.2515
58.771,0.0241,1.0000,0.0000,6,196.57,-0.86,-11.54,-0.0131,0.0175,12287.6,0.0,180.51,180.09,177.31,177.31,8.75017,19.6704,31.857,58.1549,116.161,158.242,164.957,169.673,172.637,175.351,177.863,180.203,125.684,96.9853,67.9364,42.5463,26.3233,17.3134,8.23203
58.790,0.0466,1.0000,0.0000,6,197.03,-0.74,-11.50,-0.0168,0.0156,12310.4,0.0,180.93,180.54,177.62,177.62,8.76609,19.6327,31.6764,57.3692,112.646,156.29,163.181,167.971,170.971,173.715,176.249,178.61,130.275,99.6042,69.1278,42.9448,26.4329,17.3347,8.21516
58.809,0.0683,1.0000,0.0000,6,197.48,-0.65,-11.49,-0.0201,0.0130,12344.4,0.0,181.39,180.85,178.10,178.10,8.77071,19.5397,31.3606,56.1799,107.809,153.821,161.044,165.97,169.035,171.83,174.406,176.803,137.797,103.853,71.0689,43.6249,26.6495,17.4028,8.2086
58.828,0.0866,1.0000,0.0000,6,197.91,-0.73,-11.55,-0.0228,0.0089,12385.3,0.0,181.91,181.07,178.69,178.69,8.75741,19.3529,30.814,54.3136,100.88,150.239,158.192,163.388,166.58,169.471,172.126,174.588,177.766,111.569,74.5247,44.8462,27.0629,17.5539,8.21865
58.852,0.0955,1.0000,0.0000,6,198.34,-0.98,-11.60,-0.0248,0.0031,12425.1,0.0,182.48,181.25,179.27,179.27,8.72272,19.0588,30.0146,51.7706,92.2691,144.498,154.303,160.014,163.431,166.489,169.277,171.848,175.153,125.185,80.2944,46.822,27.736,17.8113,8.2494
58.871,0.0861,1.0000,0.0000,6,198.76,-1.42,-11.70,-0.0259,-0.0041,12463.7,0.0,183.02,181.44,179.82,179.82,8.66892,18.6812,29.0385,48.8565,83.2974,128.869,149.07,155.773,159.563,162.883,165.87,168.601,172.086,175.684,89.0736,49.6368,28.6716,18.1716,8.30025
58.890,0.0775,1.0000,0.0000,6,199.19,-1.93,-11.78,-0.0260,-0.0120,12484.3,0.0,183.50,181.75,180.15,180.15,8.60374,18.2745,28.0316,46.0266,75.3472,110.749,141.804,150.767,155.153,158.851,162.107,165.044,168.755,172.555,101.106,53.1408,29.7884,18.598,8.36518
58.909,0.0697,1.0000,0.0000,6,199.62,-2.31,-11.83,-0.0252,-0.0194,12507.9,0.0,183.88,182.19,180.47,180.47,8.53531,17.8905,27.1193,43.6032,69.0632,97.6966,125.479,145.125,150.487,154.696,158.283,161.462,165.423,169.437,115.999,56.9942,30.9583,19.0397,8.43652
58.927,0.0628,1.0000,0.0000,6,200.04,-2.55,-11.91,-0.0233,-0.0261,12541.6,0.0,184.21,182.65,180.95,180.95,8.46482,17.5348,26.3076,41.5561,64.1009,88.0964,110.113,137.996,145.514,150.463,154.465,157.921,162.156,166.394,134.167,61.1023,32.1464,19.4843,8.51279
58.952,0.0565,1.0000,0.0000,6,200.46,-2.69,-12.00,-0.0204,-0.0323,12573.8,0.0,184.53,183.10,181.42,181.42,8.3915,17.2003,25.5736,39.7899,60.057,80.6991,98.8484,123.092,139.822,146.058,150.614,154.402,158.94,163.414,170.48,65.4923,33.3566,19.9341,8.59448
58.971,0.0508,1.0000,0.0000,6,200.89,-2.75,-12.09,-0.0164,-0.0380,12601.3,0.0,184.88,183.57,181.82,181.82,8.31487,16.8823,24.9016,38.242,56.6847,74.8054,90.213,110.067,130.611,141.31,146.687,150.887,155.771,160.495,167.86,70.1795,34.5888,20.3901,8.68189
58.990,0.0458,1.0000,0.0000,6,201.32,-2.74,-12.17,-0.0115,-0.0432,12624.8,0.0,185.22,184.03,182.16,182.16,8.23475,16.5779,24.2813,36.871,53.8267,69.9992,83.3858,100.163,116.985,135.755,142.621,147.365,152.648,157.642,165.309,75.1574,35.8381,20.8512,8.77498
59.008,0.0412,1.0000,0.0000,6,201.76,-2.66,-12.24,-0.0055,-0.0479,12645.2,0.0,185.57,184.49,182.46,182.46,8.15135,16.2867,23.7087,35.6544,51.3909,66.0366,77.8999,92.4467,106.687,126.123,138.328,143.841,149.592,154.871,162.84,80.3615,37.0887,21.3132,8.87323
59.028,0.0371,1.0000,0.0000,6,202.20,-2.52,-12.28,0.0014,-0.0520,12663.7,0.0,185.92,184.97,182.72,182.72,8.06514,16.0092,23.1822,34.5779,49.3152,62.7582,73.4596,86.358,98.7528,115.313,133.581,140.328,146.633,152.212,160.474,85.6725,38.3175,21.7698,8.97575
59.052,0.0334,1.0000,0.0000,6,202.64,-2.33,-12.32,0.0092,-0.0556,12684.5,0.0,186.28,185.44,183.02,183.02,7.97601,15.7427,22.6938,33.6159,47.5245,60.0035,69.7989,81.4459,92.4764,106.972,126.869,136.793,143.775,149.665,158.212,91.0264,39.5176,22.2199,9.0824
59.071,0.0300,1.0000,0.0000,6,203.08,-2.12,-12.34,0.0179,-0.0588,12706.2,0.0,186.64,185.91,183.34,183.34,7.88386,15.4844,22.235,32.7427,45.9501,57.6383,66.7071,77.3719,87.3555,100.306,117.775,133.141,140.998,147.219,156.04,96.4061,40.6915,22.6653,9.1931
59.090,0.0270,1.0000,0.0000,6,203.53,-1.91,-12.37,0.0273,-0.0616,12728.8,0.0,187.00,186.36,183.66,183.66,7.78882,15.2326,21.8006,31.9424,44.5502,55.5803,64.0571,73.9362,83.0978,94.8591,110.509,129.188,138.302,144.87,153.956,101.759,41.8356,23.1053,9.30756
59.108,0.0243,1.0000,0.0000,6,203.97,-1.70,-12.42,0.0375,-0.0639,12752.5,0.0,187.36,186.81,184.00,184.00,7.69132,14.9874,21.3894,31.2082,43.3031,53.7841,61.7767,71.0235,79.534,90.3696,104.632,124.229,135.698,142.629,151.965,106.973,42.9373,23.5367,9.42503
59.128,0.0219,1.0000,0.0000,6,204.40,-1.50,-12.46,0.0483,-0.0660,12781.3,0.0,187.74,187.26,184.39,184.39,7.59113,14.7455,20.993,30.5193,42.1623,52.1711,59.7532,68.472,76.4463,86.5304,99.6878,117.575,133.147,140.466,150.041,112.108,44.0121,23.9643,9.54578
59.152,0.0197,1.0000,0.0000,6,204.83,-1.35,-12.54,0.0597,-0.0680,12816.8,0.0,188.13,187.68,184.93,184.93,7.48737,14.5004,20.5968,29.8419,41.0588,50.6296,57.8363,66.0771,73.5715,82.9905,95.1836,111.587,130.517,138.299,148.126,117.5,45.1135,24.4035,9.67136
59.171,0.0177,1.0000,0.0000,6,205.28,-1.22,-12.58,0.0716,-0.0700,12838.4,0.0,188.53,188.10,185.24,185.24,7.38028,14.2521,20.1997,29.1727,39.9846,49.1452,56.0047,63.8074,70.867,79.6892,91.0281,106.139,127.755,136.116,146.214,159.984,46.2457,24.8548,9.80158
59.190,0.0160,1.0000,0.0000,6,205.72,-1.11,-12.61,0.0839,-0.0718,12860.4,0.0,188.93,188.53,185.56,185.56,7.27052,14.0029,19.8067,28.5212,38.9558,47.7409,54.286,61.6967,68.3699,76.6681,87.2666,101.275,124.852,133.947,144.325,158.273,47.3842,25.3113,9.93536
59.209,0.0144,1.0000,0.0000,6,206.16,-1.01,-12.67,0.0968,-0.0733,12882.8,0.0,189.29,188.94,185.88,185.88,7.15893,13.7562,19.4237,27.8988,37.9917,46.4434,52.7126,59.7837,66.1257,73.9793,83.9569,97.0542,121.797,131.837,142.491,156.6,48.4944,25.7631,10.0713
59.228,0.0129,1.0000,0.0000,6,206.61,-0.89,-12.76,0.1100,-0.0746,12906.7,0.0,189.66,189.37,186.23,186.23,7.04651,13.5156,19.058,27.3193,37.1166,45.2861,51.3262,58.118,64.1913,71.6881,81.1751,93.5635,118.575,129.855,140.752,154.991,49.5269,26.1966,10.2074
59.253,0.0116,1.0000,0.0000,6,207.04,-0.77,-12.87,0.1236,-0.0756,12943.8,0.0,190.05,189.80,186.70,186.70,6.93283,13.2779,18.702,26.766,36.2968,44.2172,50.0576,56.6089,62.453,69.6487,78.7251,90.5304,114.602,127.956,139.075,153.424,50.5105,26.6201,10.3446
59.271,0.0105,1.0000,0.0000,6,207.44,-0.70,-13.10,0.1375,-0.0766,13002.0,0.0,190.43,190.18,187.60,187.60,6.81659,13.0351,18.3387,26.2023,35.4633,43.1328,48.7724,55.0833,60.6988,67.595,76.2655,87.4954,110.234,125.991,137.368,151.838,51.5425,27.0594,10.4857
59.290,0.0094,1.0000,0.0000,6,207.89,-0.66,-13.25,0.1517,-0.0777,13015.7,0.0,190.84,190.59,187.81,187.81,6.69818,12.7885,17.9706,25.6331,34.625,42.0456,47.4869,53.5608,58.9522,65.556,73.8323,84.5077,105.973,123.967,135.641,150.238,52.6129,27.5116,10.6299
59.309,0.0085,1.0000,0.0000,6,208.34,-0.61,-13.33,0.1662,-0.0787,13030.8,0.0,191.25,191.02,188.02,188.02,6.57837,12.542,17.6056,25.0744,33.8114,40.9988,46.2565,52.1122,57.299,63.6374,71.5586,81.7394,102.085,121.956,133.937,148.654,53.671,27.9629,10.7759
59.327,0.0076,1.0000,0.0000,6,208.79,-0.55,-13.43,0.1809,-0.0795,13048.6,0.0,191.63,191.44,188.28,188.28,6.45762,12.2969,17.2462,24.5313,33.0304,40.0038,45.0942,50.7536,55.757,61.8599,69.4689,79.2193,98.6085,119.987,132.272,147.096,54.6952,28.4076,10.9226
59.353,0.0069,1.0000,0.0000,6,209.23,-0.48,-13.52,0.1959,-0.0802,13068.7,0.0,192.02,191.86,188.57,188.57,6.33596,12.0535,16.8924,24.0032,32.2809,39.0581,43.9973,49.4801,54.3206,60.2156,67.5516,76.9298,95.5037,118.071,130.65,145.565,55.6785,28.8438,11.0699
59.371,0.0062,1.0000,0.0000,6,209.66,-0.41,-13.60,0.2111,-0.0808,13103.0,0.0,192.42,192.28,189.01,189.01,6.21323,11.8101,16.541,23.4831,31.5495,38.1417,42.9393,48.2582,52.9482,58.6526,65.7401,74.7825,92.6314,116.173,129.053,144.05,56.6399,29.2766,11.2181
59.390,0.0056,1.0000,0.0000,6,210.08,-0.36,-13.75,0.2264,-0.0814,13145.2,0.0,192.80,192.67,189.67,189.67,6.08918,11.5649,16.1879,22.9622,30.8195,37.2297,41.8883,47.0473,51.5905,57.1097,63.9568,72.6756,89.832,114.234,127.452,142.533,57.6112,29.7141,11.3682
59.408,0.0050,1.0000,0.0000,6,210.52,-0.33,-13.84,0.2420,-0.0819,13163.0,0.0,193.21,193.08,189.93,189.93,5.96381,11.3175,15.832,22.4381,30.0866,36.3154,40.8362,45.8363,50.2344,55.5711,62.1814,70.5828,87.0615,112.219,125.838,141.006,58.6027,30.1586,11.5201
59.427,0.0045,1.0000,0.0000,6,210.96,-0.30,-13.90,0.2577,-0.0825,13182.8,0.0,193.61,193.49,190.21,190.21,5.83736,11.069,15.4757,21.9155,29.359,35.411,39.7979,44.6444,48.9028,54.0638,60.4477,68.5477,84.3882,110.147,124.225,139.481,59.5947,30.6051,11.6735
59.452,0.0041,1.0000,0.0000,6,211.40,-0.26,-13.92,0.2736,-0.0830,13203.0,0.0,194.01,193.91,190.50,190.50,5.70998,10.8199,15.1195,21.3953,28.6382,34.5182,38.7757,43.4745,47.5988,52.5922,58.7609,66.5748,81.8172,108.003,122.618,137.959,60.5823,31.0521,11.8279
59.471,0.0036,1.0000,0.0000,6,211.84,-0.24,-13.90,0.2897,-0.0834,13224.1,0.0,194.41,194.32,190.81,190.81,5.58172,10.5701,14.7635,20.8778,27.9244,33.6375,37.7697,42.326,46.3218,51.1549,57.1189,64.6632,79.3438,105.749,121.018,136.441,61.5621,31.4989,11.9833
59.490,0.0033,1.0000,0.0000,6,212.27,-0.21,-13.87,0.3059,-0.0838,13246.8,0.0,194.81,194.72,191.13,191.13,5.45259,10.3195,14.4073,20.3617,27.2153,32.7652,36.7753,41.1937,45.0652,49.744,55.5116,62.7975,76.9465,103.28,119.42,134.925,62.5382,31.9462,12.1396
59.508,0.0030,1.0000,0.0000,6,212.70,-0.19,-13.82,0.3222,-0.0842,13267.3,0.0,195.20,195.13,191.43,191.43,5.32271,10.0685,14.0516,19.8484,26.5131,31.9044,35.7967,40.082,43.8342,48.3656,53.9464,60.9884,74.6383,100.315,117.83,133.414,63.5021,32.392,12.2967
59.528,0.0027,1.0000,0.0000,6,213.13,-0.16,-13.76,0.3386,-0.0845,13291.8,0.0,195.59,195.53,191.78,191.78,5.19224,9.81748,13.697,19.3388,25.8195,31.0569,34.8358,38.9935,42.6318,47.0229,52.427,59.2399,72.4244,97.1543,116.252,131.909,64.4473,32.8343,12.4541
59.551,0.0024,1.0000,0.0000,6,213.56,-0.13,-13.71,0.3552,-0.0848,13318.6,0.0,195.98,195.92,192.17,192.17,5.06098,9.56536,13.3412,18.8285,25.1261,30.2114,33.8779,37.9099,41.4361,45.6895,50.9202,57.5084,70.2408,94.0564,114.669,130.401,65.3952,33.2787,12.6125
59.571,0.0022,1.0000,0.0000,6,213.98,-0.12,-13.68,0.3719,-0.0850,13346.7,0.0,196.36,196.31,192.57,192.57,4.92906,9.31261,12.9852,18.3191,24.4359,29.3712,32.9278,36.8366,40.2535,44.3728,49.4355,55.807,68.1046,91.05,113.087,128.894,66.3372,33.7228,12.7716
59.590,0.0019,1.0000,0.0000,6,214.40,-0.10,-13.65,0.3886,-0.0853,13375.2,0.0,196.75,196.70,192.98,192.98,4.79656,9.05927,12.6289,17.8103,23.748,28.5357,31.9838,35.7719,39.0817,43.07,47.9689,54.13,66.0076,88.122,111.503,127.385,67.2738,34.1667,12.9312
59.609,0.0017,1.0000,0.0000,6,214.82,-0.09,-13.63,0.4055,-0.0855,13402.4,0.0,197.13,197.09,193.38,193.38,4.66341,8.80485,12.2712,17.3,23.0586,27.6987,31.0388,34.7064,37.9095,41.7676,46.5038,52.4559,63.9169,85.2101,109.906,125.869,68.2193,34.6139,13.0918
59.628,0.0016,1.0000,0.0000,6,215.24,-0.09,-13.61,0.4224,-0.0857,13426.5,0.0,197.52,197.48,193.73,193.73,4.52958,8.54924,11.912,16.7877,22.3669,26.8593,30.0912,33.6385,36.7351,40.4629,45.0366,50.7804,61.8279,82.3067,108.295,124.345,69.1759,35.0649,13.2535
59.653,0.0014,1.0000,0.0000,6,215.66,-0.08,-13.58,0.4395,-0.0860,13451.0,0.0,197.91,197.87,194.08,194.08,4.39515,8.29277,11.5518,16.2745,21.675,26.0203,29.1451,32.5728,35.564,39.1631,43.5764,49.1149,59.755,79.4374,106.673,122.816,70.1366,35.5179,13.4159
59.671,0.0013,1.0000,0.0000,6,216.08,-0.08,-13.56,0.4566,-0.0862,13476.5,0.0,198.29,198.25,194.45,194.45,4.26028,8.03608,11.192,15.7632,20.9872,25.1883,28.2079,31.5193,34.4075,37.8817,42.1397,47.4804,57.7312,76.6597,105.054,121.288,71.082,35.9682,13.5785
59.690,0.0011,1.0000,0.0000,6,216.50,-0.07,-13.53,0.4738,-0.0863,13502.2,0.0,198.67,198.64,194.82,194.82,4.12505,7.77928,10.8326,15.2535,20.3035,24.3628,27.2795,30.4771,33.2652,36.6179,40.7256,45.8753,55.7523,73.9643,103.438,119.763,72.0114,36.4151,13.7413
59.708,0.0010,1.0000,0.0000,6,216.91,-0.06,-13.51,0.4910,-0.0865,13527.8,0.0,199.05,199.03,195.19,195.19,3.98936,7.52186,10.4726,14.7436,19.6201,23.5384,26.3528,29.4374,32.1264,35.3589,39.318,44.2793,53.7884,71.3004,101.812,118.233,72.9388,36.8625,13.9045
59.727,0.0009,1.0000,0.0000,6,217.33,-0.06,-13.50,0.5083,-0.0866,13553.4,0.0,199.43,199.41,195.56,195.56,3.8531,7.2635,10.1114,14.2322,18.9352,22.7125,25.4249,28.3967,30.9867,34.0994,37.9107,42.6846,51.8279,68.6459,100.171,116.696,73.8713,37.3121,14.0684
59.753,0.0008,1.0000,0.0000,6,217.75,-0.06,-13.48,0.5257,-0.0868,13579.4,0.0,199.81,199.79,195.93,195.93,3.71635,7.00429,9.74912,13.7194,18.2488,21.8851,24.4955,27.3547,29.8458,32.8389,36.5026,41.0897,49.8693,65.9979,98.512,115.151,74.8099,37.7639,14.2331
59.770,0.0008,1.0000,0.0000,6,218.16,-0.05,-13.47,0.5432,-0.0869,13605.6,0.0,200.19,200.17,196.31,196.31,3.57915,6.74434,9.38592,13.2055,17.5611,21.0566,23.5648,26.3117,28.7042,31.578,35.0943,39.4951,47.913,63.3572,96.8343,113.598,75.7545,38.218,14.3984
59.790,0.0007,1.0000,0.0000,6,218.57,-0.05,-13.46,0.5607,-0.0871,13630.4,0.0,200.57,200.55,196.67,196.67,3.44148,6.48359,9.02168,12.6904,16.8722,20.2266,22.6331,25.2675,27.5616,30.3165,33.686,37.9014,45.9587,60.723,95.1356,112.037,76.7053,38.6745,14.5643
59.809,0.0006,1.0000,0.0000,6,218.98,-0.06,-13.44,0.5783,-0.0872,13654.9,0.0,200.95,200.93,197.02,197.02,3.30334,6.22206,8.65648,12.1742,16.182,19.3956,21.7003,24.2226,26.4185,29.0546,32.278,36.3087,44.0078,58.0981,93.4143,110.467,77.6613,39.133,14.731
59.827,0.0005,1.0000,0.0000,6,219.40,-0.06,-13.43,0.5959,-0.0873,13679.1,0.0,201.33,201.31,197.37,197.37,3.16478,5.95986,8.29048,11.657,15.491,18.564,20.767,23.1776,25.2756,27.7934,30.8711,34.7181,42.0618,55.4846,91.6688,108.889,78.6215,39.5933,14.8982
59.853,-0.0543,1.0000,0.0000,6,219.81,-0.06,-13.43,0.6136,-0.0875,13703.8,0.0,201.70,201.68,197.73,197.73,3.0258,5.69702,7.92371,11.1391,14.7994,17.732,19.8338,22.133,24.1335,26.5337,29.4666,33.1313,40.1223,52.8854,89.897,107.303,79.5841,40.0548,15.0659
59.871,-0.1163,1.0000,0.0000,6,220.21,-0.12,-13.44,0.6312,-0.0859,13729.1,0.0,201.87,202.20,198.09,198.09,2.89199,5.45756,7.60336,10.7138,14.2719,17.1359,19.196,21.4564,23.4293,25.8038,28.7164,32.3731,39.402,52.419,89.0261,106.147,79.3991,40.2291,15.2007
59.890,-0.1197,1.0000,0.0000,6,220.59,0.20,-13.50,0.6483,-0.0803,13767.1,0.0,201.74,202.86,198.64,198.64,2.77114,5.27107,7.38643,10.4942,14.1109,17.071,19.2279,21.6218,23.7346,26.3072,29.5079,33.5983,41.6954,57.5579,89.9617,105.932,76.7981,39.7702,15.2593
59.909,-0.1078,1.0000,0.0000,6,220.96,1.06,-13.54,0.6645,-0.0714,13794.0,0.0,201.68,203.59,199.03,199.03,2.66354,5.13244,7.26233,10.4632,14.3002,17.5343,19.9461,22.6792,25.1422,28.2079,32.1277,37.3161,48.2258,72.4425,91.8884,106.434,72.5918,38.8202,15.251
59.927,-0.0970,1.0000,0.0000,6,221.32,2.03,-13.56,0.6797,-0.0614,13821.8,0.0,201.84,204.12,199.43,199.43,2.56549,5.01859,7.18393,10.529,14.6903,18.3331,21.1344,24.4007,27.4314,31.3245,36.5086,43.7528,60.5934,82.9473,93.7351,107.088,68.3238,37.7538,15.2147
59.953,-0.0873,1.0000,0.0000,6,221.69,2.84,-13.58,0.6937,-0.0516,13847.6,0.0,202.16,204.44,199.80,199.80,2.47496,4.91547,7.12103,10.6288,15.1722,19.3234,22.6327,26.6271,30.4712,35.6156,42.8538,53.7897,78.129,86.1924,95.1363,107.583,64.6621,36.7736,15.1745
59.971,-0.0786,1.0000,0.0000,6,222.05,3.37,-13.64,0.7064,-0.0431,13871.5,0.0,202.58,204.64,200.15,200.15,2.3908,4.81396,7.05195,10.7109,15.6414,20.347,24.2442,29.1311,34.0343,40.9261,51.3224,68.8062,82.0955,87.9906,95.9717,107.76,61.8206,35.9787,15.1451
59.990,-0.0707,1.0000,0.0000,6,222.42,3.58,-13.70,0.7178,-0.0358,13893.2,0.0,203.06,204.83,200.46,200.46,2.31326,4.71362,6.97347,10.7616,16.0584,21.3321,25.8707,31.7954,38.0176,47.2723,62.4887,77.552,83.8728,88.9399,96.3239,107.625,59.6655,35.3586,15.1275
60.009,-0.0636,1.0000,0.0000,6,222.76,3.67,-13.87,0.7279,-0.0294,13943.3,0.0,203.50,205.05,201.18,201.18,2.24353,4.62116,6.89943,10.8093,16.4764,22.3637,27.6391,34.8346,42.7971,55.4848,74.0455,79.7303,84.8576,89.4358,96.3891,107.298,57.9054,34.8363,15.1132
60.027,-0.0573,1.0000,0.0000,6,223.14,3.68,-14.00,0.7369,-0.0235,13959.7,0.0,203.92,205.34,201.43,201.43,2.18223,4.54139,6.84081,10.8799,16.9521,23.5506,29.7316,38.6033,49.0653,67.3131,76.7718,80.961,85.453,89.6851,96.2943,106.866,56.3574,34.3591,15.096
60.053,-0.0515,1.0000,0.0000,6,223.52,3.58,-14.09,0.7446,-0.0181,13972.2,0.0,204.36,205.65,201.61,201.61,2.12923,4.47307,6.79401,10.9618,17.4555,24.842,32.0946,43.1162,57.1365,73.1484,78.0496,81.6151,85.705,89.6824,96.0172,106.303,55.0411,33.9408,15.0785
60.071,-0.0464,1.0000,0.0000,6,223.91,3.38,-14.15,0.7511,-0.0134,13986.8,0.0,204.80,205.94,201.82,201.82,2.08441,4.41625,6.75881,11.0526,17.9757,26.2159,34.7133,48.4674,67.4426,74.6747,78.6663,81.8676,85.6775,89.46,95.572,105.615,53.9294,33.5777,15.0611
60.089,-0.0418,1.0000,0.0000,6,224.30,3.12,-14.25,0.7565,-0.0095,14002.2,0.0,205.25,206.21,202.04,202.04,2.04696,4.36783,6.72796,11.131,18.4485,27.5284,37.3416,54.2821,70.3189,75.2322,78.7733,81.7421,85.3543,88.99,94.9269,104.773,53.0547,33.2875,15.0474
60.109,-0.0376,1.0000,0.0000,6,224.70,2.78,-14.32,0.7609,-0.0063,14019.6,0.0,205.71,206.50,202.29,202.29,2.01651,4.32827,6.7032,11.2009,18.8747,28.7591,39.9215,60.467,71.0948,75.2706,78.5331,81.3392,84.8034,88.3248,94.1198,103.802,52.3633,33.0549,15.0361
60.127,-0.0338,1.0000,0.0000,6,225.06,2.49,-14.48,0.7643,-0.0033,14065.3,0.0,206.12,206.82,202.94,202.94,1.99319,4.30175,6.69619,11.296,19.3474,30.114,42.8428,65.5613,71.3749,75.1037,78.1543,80.8273,84.1646,87.5848,93.2519,102.784,51.729,32.834,15.021
60.152,-0.0304,1.0000,0.0000,6,225.46,2.28,-14.61,0.7669,-0.0004,14081.7,0.0,206.50,207.19,203.19,203.19,1.97681,4.29013,6.713,11.4365,19.9307,31.7628,46.5,66.8581,71.4628,74.8613,77.7326,80.2868,83.5068,86.8315,92.3749,101.759,51.0887,32.602,14.9991
60.171,-0.0274,1.0000,0.0000,6,225.86,2.09,-14.69,0.7688,0.0023,14097.2,0.0,206.90,207.55,203.41,203.41,1.96659,4.29041,6.74691,11.6047,20.5759,33.6039,50.7613,67.3505,71.3398,74.4914,77.2155,79.6675,82.7837,86.0217,91.4512,100.697,50.4892,32.3777,14.9736
60.189,-0.0247,1.0000,0.0000,6,226.26,1.90,-14.75,0.7699,0.0048,14114.2,0.0,207.30,207.89,203.66,203.66,1.96199,4.30089,6.79446,11.7913,21.2557,35.5741,55.5484,67.4285,71.0275,73.9888,76.5916,78.9562,81.9814,85.142,90.4677,99.5858,49.9458,32.1686,14.9463
60.208,-0.0222,1.0000,0.0000,6,226.66,1.70,-14.79,0.7703,0.0070,14132.4,0.0,207.70,208.22,203.92,203.92,1.9625,4.32023,6.85297,11.9891,21.9461,37.6061,59.7187,67.2215,70.5471,73.358,75.8601,78.1497,81.0952,84.1867,89.4189,98.4207,49.4652,31.9784,14.918
60.228,-0.0200,1.0000,0.0000,6,227.05,1.51,-14.82,0.7702,0.0089,14152.4,0.0,208.10,208.56,204.20,204.20,1.96776,4.34804,6.92225,12.1986,22.6475,39.6942,60.6264,66.8192,69.9376,72.6246,75.0405,77.2643,80.1389,83.1678,88.3143,97.2087,49.0362,31.8035,14.8887
60.252,-0.0180,1.0000,0.0000,6,227.44,1.34,-14.86,0.7694,0.0106,14180.1,0.0,208.49,208.91,204.60,204.60,1.97746,4.38444,7.00368,12.426,23.3816,41.9034,60.813,66.2939,69.2433,71.8235,74.1625,76.3268,79.1359,82.1067,87.1724,95.9649,48.6373,31.6362,14.8573
60.271,-0.0162,1.0000,0.0000,6,227.83,1.21,-14.90,0.7682,0.0122,14202.9,0.0,208.87,209.25,204.93,204.93,1.99116,4.42896,7.09716,12.673,24.1586,44.2736,60.6914,65.682,68.488,70.973,73.2419,75.3507,78.0985,81.0141,86.0026,94.6968,48.258,31.4728,14.8239
60.289,-0.0146,1.0000,0.0000,6,228.22,1.08,-14.93,0.7666,0.0137,14225.3,0.0,209.25,209.60,205.25,205.25,2.00849,4.48058,7.20075,12.935,24.9636,46.7612,60.3647,64.9883,67.6705,70.0708,72.2756,74.3331,77.0235,79.8868,84.8017,93.4017,47.9027,31.3157,14.7889
60.308,-0.0131,1.0000,0.0000,6,228.62,0.97,-14.96,0.7645,0.0150,14247.7,0.0,209.63,209.95,205.58,205.58,2.02908,4.53865,7.31365,13.2109,25.795,49.3652,59.8958,64.2275,66.801,69.124,71.2696,73.2793,75.9154,78.7289,83.5731,92.0821,47.568,31.1639,14.7525
60.328,-0.0118,1.0000,0.0000,6,229.01,0.87,-14.98,0.7620,0.0162,14270.3,0.0,210.01,210.29,205.91,205.91,2.05264,4.60245,7.43443,13.4973,26.6405,51.6201,59.312,63.4035,65.8805,68.1332,70.2238,72.1884,74.7732,77.5393,82.3157,90.7368,47.2557,31.0185,14.7151
60.352,-0.0106,1.0000,0.0000,6,229.40,0.78,-15.01,0.7593,0.0173,14293.7,0.0,210.38,210.64,206.24,206.24,2.0789,4.67139,7.56225,13.7923,27.4946,52.1146,58.6367,62.5242,64.9142,67.1022,69.1414,71.0637,73.5994,76.32,81.031,89.3669,46.9644,30.8794,14.6768
60.371,-0.0096,1.0000,0.0000,6,229.79,0.70,-15.04,0.7562,0.0182,14317.5,0.0,210.75,210.99,206.58,206.58,2.10762,4.74532,7.69736,14.0986,28.3687,52.0732,57.8971,61.6057,63.9155,66.0428,68.0329,69.9144,72.403,75.0794,79.7264,87.9787,46.6862,30.7434,14.6374
60.389,-0.0086,1.0000,0.0000,6,230.18,0.63,-15.07,0.7528,0.0191,14341.1,0.0,211.12,211.34,206.93,206.93,2.13864,4.82394,7.83942,14.4156,29.2633,51.7843,57.1052,60.6534,62.8888,64.9583,66.9016,68.7439,71.1866,73.8198,78.4039,86.5735,46.4188,30.61,14.5969
60.409,-0.0077,1.0000,0.0000,6,230.56,0.56,-15.10,0.7492,0.0199,14364.7,0.0,211.49,211.68,207.27,207.27,2.17167,4.90661,7.98733,14.7412,30.1709,51.3379,56.2664,59.6695,61.835,63.8498,65.7481,67.5523,69.9502,72.5411,77.0634,85.1515,46.1629,30.4797,14.5555
60.427,-0.0070,1.0000,0.0000,6,230.95,0.51,-15.12,0.7454,0.0207,14388.2,0.0,211.85,212.03,207.60,207.60,2.20658,4.99304,8.14068,15.0746,31.0899,50.7814,55.3877,58.6577,60.7572,62.7195,64.5743,66.3416,68.6958,71.2452,75.7064,83.7135,45.9396,30.3521,14.5134
60.453,-0.0063,1.0000,0.0000,6,231.34,0.46,-15.13,0.7413,0.0213,14411.4,0.0,212.22,212.38,207.94,207.94,2.24313,5.0827,8.29847,15.4135,32.0118,50.1384,54.4718,57.619,59.656,61.5679,63.3805,65.1118,67.4232,69.9317,74.3325,82.2591,45.8359,30.2277,14.4706
60.471,-0.0056,1.0000,0.0000,6,231.72,0.41,-15.13,0.7371,0.0219,14430.4,0.0,212.58,212.72,208.22,208.22,2.28115,5.1749,8.45924,15.7534,32.9183,49.4198,53.5177,56.551,58.5286,60.3921,62.164,63.8603,66.1296,68.598,72.9392,80.7859,45.9107,30.1081,14.4277
60.490,-0.0051,1.0000,0.0000,6,232.11,0.35,-15.13,0.7327,0.0224,14452.7,0.0,212.95,213.07,208.54,208.54,2.32052,5.26971,8.6235,16.097,33.8222,48.6474,52.536,55.462,57.3827,59.1993,60.9312,62.593,64.821,67.2495,71.5313,79.2981,46.255,29.9912,14.3843
60.507,-0.0046,1.0000,0.0000,6,232.49,0.31,-15.14,0.7282,0.0228,14477.0,0.0,213.31,213.42,208.89,208.89,2.36112,5.36692,8.79105,16.4445,34.7251,47.8319,51.5314,54.3556,56.2213,57.992,59.6848,61.3125,63.4994,65.8883,70.1107,77.7971,47.1226,29.8762,14.3404
60.527,-0.0041,1.0000,0.0000,6,232.87,0.27,-15.15,0.7235,0.0232,14502.3,0.0,213.66,213.77,209.25,209.25,2.40288,5.46654,8.96218,16.7973,35.6349,46.9834,50.5093,53.2362,55.0482,56.7738,58.428,60.0219,62.168,64.5171,68.6798,76.2853,87.4197,29.7622,14.2959
60.552,-0.0037,1.0000,0.0000,6,233.25,0.24,-15.13,0.7187,0.0236,14526.8,0.0,214.02,214.12,209.60,209.60,2.44569,5.56838,9.13676,17.156,36.5459,46.1082,49.4731,52.1065,53.866,55.5473,57.1632,58.7234,60.8286,63.1379,67.2405,74.7639,85.8293,29.6484,14.2507
60.571,-0.0033,1.0000,0.0000,6,233.63,0.21,-15.13,0.7137,0.0240,14550.5,0.0,214.37,214.46,209.95,209.95,2.48946,5.67226,9.3144,17.5193,36.8815,45.2082,48.423,50.9661,52.6744,54.312,55.8898,57.4166,59.4809,61.7502,65.7922,73.2322,84.2271,29.5352,14.2051
60.590,-0.0030,1.0000,0.0000,6,234.02,0.19,-15.09,0.7087,0.0243,14563.3,0.0,214.73,214.81,210.13,210.13,2.53406,5.77752,9.49346,17.8821,36.7727,44.2801,47.3547,49.8108,51.4692,53.0638,54.604,56.0975,58.121,60.3503,64.3314,71.6873,82.6104,29.4245,14.1593
60.608,-0.0438,1.0000,0.0000,6,234.40,0.16,-15.06,0.7036,0.0245,14586.8,0.0,215.08,215.15,210.47,210.47,2.57937,5.8839,9.67355,18.2433,36.4479,43.327,46.2697,48.6418,50.2512,51.8033,53.3064,54.7668,56.7495,58.9385,62.8582,70.129,80.9787,29.3166,14.1134
60.627,-0.1454,1.0000,0.0000,6,234.77,0.10,-15.05,0.6982,0.0263,14612.8,0.0,215.25,215.62,210.84,210.84,2.63098,6.02357,9.94105,18.9081,36.4368,42.678,45.468,47.7414,49.2929,50.7948,52.2535,53.6745,55.6084,57.7493,61.5947,68.7601,79.5111,29.0889,14.0457
60.652,-0.2215,1.0000,0.0000,6,235.10,0.32,-15.03,0.6921,0.0323,14641.2,0.0,214.99,216.20,211.25,211.25,2.70075,6.26349,10.4797,20.5705,37.3089,42.8347,45.4274,47.5705,49.0448,50.4787,51.8772,53.2444,55.1115,57.1856,60.927,67.9388,78.5281,28.5279,13.9167
60.671,-0.2786,1.0000,0.0000,6,235.40,1.36,-15.02,0.6848,0.0440,14674.1,0.0,214.46,216.79,211.72,211.72,2.80039,6.66755,11.4858,24.2286,39.0372,43.9018,46.2804,48.2753,49.6587,51.012,52.3382,53.6398,55.4242,57.4145,61.0229,67.8301,78.1861,27.5536,13.706
60.689,-0.3215,1.0000,0.0000,6,235.64,2.93,-15.00,0.6758,0.0596,14699.8,0.0,213.96,217.15,212.11,212.11,2.93102,7.24122,13.0334,30.0805,40.9918,45.3584,47.5523,49.4122,50.7109,51.9875,53.2434,54.4801,56.1815,58.0868,61.556,68.1428,78.2342,26.3675,13.4423
60.709,-0.3536,1.0000,0.0000,6,235.84,4.53,-14.95,0.6646,0.0765,14727.8,0.0,213.56,217.23,212.50,212.50,3.09062,7.97183,15.1746,33.6322,42.7494,46.7599,48.8082,50.558,51.7858,52.9966,54.1913,55.3709,56.9988,58.8266,62.1677,68.545,78.3767,25.169,13.1585
60.727,-0.3777,1.0000,0.0000,6,235.99,5.98,-14.96,0.6512,0.0932,14765.0,0.0,213.24,217.10,213.03,213.03,3.27844,8.85906,18.0361,36.0331,44.193,47.9392,49.8735,51.534,52.7031,53.8589,55.0022,56.1333,57.6971,59.4572,62.6848,68.8729,37.2675,24.0407,12.8699
60.752,-0.3958,1.0000,0.0000,6,236.12,7.20,-15.01,0.6355,0.1092,14799.5,0.0,212.98,216.87,213.53,213.53,3.49502,9.91724,21.865,37.8088,45.3337,48.8751,50.7164,52.303,53.4231,54.5327,55.6319,56.7209,58.2293,59.9306,63.0573,69.0762,33.752,22.9964,12.5808
60.771,-0.4093,1.0000,0.0000,6,236.21,8.22,-15.00,0.6172,0.1253,14828.9,0.0,212.72,216.62,213.96,213.96,3.7454,11.2108,25.903,39.2609,46.3105,49.6821,51.4445,52.9676,54.0449,55.1135,56.1736,57.2254,58.6844,60.3321,63.3669,69.23,31.2537,21.9946,12.2838
60.789,-0.4195,1.0000,0.0000,6,236.28,9.24,-15.03,0.5964,0.1414,14854.0,0.0,212.48,216.43,214.33,214.33,4.03378,12.8116,28.5092,40.5008,47.1713,50.398,52.0918,53.5585,54.5976,55.6297,56.6548,57.673,59.0865,60.6853,63.6356,69.353,29.1703,21.0231,11.9769
60.809,-0.4271,1.0000,0.0000,6,236.39,9.95,-14.98,0.5729,0.1566,14839.8,0.0,212.29,216.21,214.14,214.14,4.35716,14.7192,30.3474,41.4429,47.8037,50.9069,52.5407,53.9582,54.9638,55.9637,56.9576,57.9455,59.3187,60.8736,63.7481,69.3332,27.458,20.1196,11.6691
60.827,-0.4328,1.0000,0.0000,6,236.49,10.15,-14.94,0.5467,0.1696,14840.8,0.0,212.22,215.92,214.15,214.15,4.70942,16.8673,31.5747,42.003,48.1037,51.0997,52.6814,54.056,55.0322,56.0035,56.9698,57.9313,59.2688,60.7852,63.5928,69.0614,26.1051,19.312,11.3678
60.852,-0.4371,1.0000,0.0000,6,236.60,10.00,-14.97,0.5178,0.1808,14851.3,0.0,212.24,215.64,214.29,214.29,5.09033,19.0271,32.3803,42.2659,48.1382,51.0384,52.5733,53.9091,54.8585,55.8041,56.7456,57.6831,58.9885,60.47,63.2173,68.581,24.9915,18.5732,11.0685
60.871,-0.4403,1.0000,0.0000,6,236.71,9.63,-14.99,0.4863,0.1911,14863.7,0.0,212.31,215.45,214.47,214.47,5.50477,20.6,32.9481,42.3671,48.0319,50.8439,52.3354,53.6348,54.5594,55.481,56.3993,57.3144,58.5898,60.0387,62.7293,67.9946,23.9924,17.8628,10.7631
60.890,-0.4427,1.0000,0.0000,6,236.79,9.41,-14.99,0.4522,0.2024,14874.7,0.0,212.37,215.45,214.63,214.63,5.96986,21.9194,33.51,42.5206,47.9937,50.7223,52.1722,53.4369,54.3376,55.236,56.1319,57.0253,58.2714,59.6884,62.323,67.49,22.9378,17.1279,10.4376
60.909,-0.4446,1.0000,0.0000,6,236.88,9.43,-14.98,0.4155,0.2144,14869.6,0.0,212.40,215.54,214.61,214.61,6.48901,23.065,34.0546,42.7057,48.0018,50.652,52.0624,53.294,54.1719,55.0482,55.9226,56.7951,58.0129,59.3989,61.9788,67.0487,21.8533,16.3817,10.0942
60.928,-0.4459,1.0000,0.0000,6,237.01,9.20,-14.87,0.3761,0.2257,14842.8,0.0,212.46,215.59,214.19,214.19,7.05034,23.9658,34.4368,42.7614,47.8928,50.4692,51.8425,53.043,53.8994,54.7548,55.6089,56.4616,57.6526,59.0093,61.5371,66.5151,20.8609,15.6705,9.74346
60.952,-0.3677,1.0000,0.0000,6,237.13,8.75,-14.81,0.3341,0.2357,14843.6,0.0,212.60,215.59,214.19,214.19,7.64737,24.6317,34.6321,42.6516,47.6272,50.1334,51.4716,52.6424,53.4784,54.3139,55.1487,55.9827,57.1482,58.4769,60.9555,65.8468,19.9812,15.0051,9.38773
60.970,-0.3309,1.0000,0.0000,6,237.26,8.27,-14.84,0.2896,0.2449,14858.0,0.0,213.22,216.00,214.39,214.39,8.2839,25.1356,34.7056,42.4385,47.2654,49.7044,51.0088,52.1514,52.9677,53.7841,54.6003,55.416,56.5571,57.8587,60.2898,65.0978,19.1687,14.3696,9.02368
60.990,-0.2978,1.0000,0.0000,6,237.37,7.84,-14.79,0.2425,0.2549,14874.6,0.0,213.97,216.67,214.63,214.63,8.982,25.6052,34.7977,42.2681,46.9551,49.3301,50.6023,51.7175,52.5149,53.3128,54.1109,54.9091,56.0261,57.3012,59.6857,64.411,18.3232,13.7249,8.64326
61.009,-0.2681,1.0000,0.0000,6,237.48,7.94,-14.75,0.1930,0.2671,14892.8,0.0,214.54,217.41,214.89,214.89,9.70352,26.1363,35.0147,42.2537,46.8122,49.1277,50.3693,51.4586,52.2381,53.0183,53.7991,54.5802,55.6738,56.9231,59.2616,63.9037,17.3728,13.041,8.24051
61.027,-0.2413,1.0000,0.0000,6,237.66,8.18,-14.62,0.1409,0.2799,14866.5,0.0,214.97,218.01,214.55,214.55,10.381,26.6335,35.2331,42.2601,46.6989,48.9583,50.1712,51.236,51.9983,52.7617,53.5257,54.2904,55.3617,56.5862,58.8801,63.4411,16.4176,12.3573,7.82401
61.052,-0.2171,1.0000,0.0000,6,237.85,8.03,-14.44,0.0862,0.2912,14858.8,0.0,215.48,218.34,214.41,214.41,10.9809,26.9583,35.276,42.0929,46.4143,48.6189,49.8037,50.8446,51.59,52.3368,53.0847,53.8336,54.8832,56.0838,58.3348,62.8185,15.5779,11.7247,7.40333
61.071,-0.1954,1.0000,0.0000,6,238.05,7.61,-14.33,0.0290,0.3006,14870.7,0.0,216.03,218.56,214.57,214.57,11.5029,27.1212,35.1512,41.7576,45.9622,48.1125,49.2695,50.2866,51.0155,51.746,52.478,53.2113,54.2397,55.4168,57.6261,62.0355,14.8436,11.1414,6.98411
61.089,-0.1759,1.0000,0.0000,6,238.27,7.11,-14.30,-0.0307,0.3092,14894.3,0.0,216.56,218.81,214.91,214.91,11.9616,27.1823,34.9289,41.3284,45.418,47.5147,48.6442,49.6379,50.3504,51.0648,51.7812,52.4992,53.5067,54.6607,56.829,61.1657,14.1704,10.5897,6.57933
61.108,-0.1583,1.0000,0.0000,6,238.48,6.78,-14.22,-0.0926,0.3178,14915.9,0.0,216.98,219.26,215.22,215.22,12.3916,27.2548,34.7459,40.954,44.9355,46.9813,48.0845,49.0557,49.7524,50.4515,51.1527,51.8559,52.8431,53.9746,56.1029,60.3679,13.4714,10.0331,6.18328
61.126,-0.1425,1.0000,0.0000,6,238.71,6.80,-14.18,-0.1543,0.3059,14929.0,0.0,217.26,219.71,215.45,215.45,12.794,27.3326,34.5922,40.6233,44.5036,46.5011,47.5791,48.5289,49.2107,49.895,50.5817,51.2707,52.2382,53.348,55.4375,59.6322,12.7567,9.47643,5.79731
61.152,-0.1282,1.0000,0.0000,6,239.00,6.59,-14.01,-0.2135,0.2928,14904.2,0.0,217.64,219.98,215.07,215.07,13.141,27.3212,34.3488,40.204,43.9838,45.9332,46.9864,47.9149,48.5819,49.2516,49.924,50.5986,51.5469,52.6351,54.6864,21.1336,12.1045,8.95338,5.42812
61.171,-0.1318,1.0000,0.0000,6,239.28,6.09,-13.89,-0.2701,0.2776,14916.0,0.0,218.14,220.12,215.22,215.22,13.419,27.1793,33.9626,39.6356,43.3116,45.2116,46.2394,47.1462,47.798,48.4528,49.1104,49.7707,50.6993,51.7658,53.7785,57.8354,11.5502,8.47935,5.07922
61.189,-0.2114,1.0000,0.0000,6,239.55,5.52,-13.82,-0.3240,0.2616,14942.8,0.0,218.52,220.30,215.60,215.60,13.6506,26.9784,33.5206,39.0134,42.5861,44.4369,45.4394,46.3246,46.9611,47.601,48.244,48.8899,49.7989,50.8438,52.8178,56.806,11.0443,8.03392,4.74771
61.208,-0.2710,0.5500,0.0000,6,239.79,5.22,-13.86,-0.3749,0.2464,14971.4,0.0,218.44,220.32,216.02,216.02,13.8654,26.8051,33.1293,38.4562,41.9324,43.7369,44.7153,45.5799,46.202,46.8276,47.4566,48.0887,48.9789,50.0029,51.9394,55.8605,10.5216,7.59058,4.4292
61.227,-0.3158,0.3025,0.0000,6,239.82,5.18,-13.87,-0.4228,0.2325,14798.8,0.0,218.17,220.29,213.57,213.57,14.0684,26.6676,32.7979,37.9748,41.3622,43.1237,44.0799,44.9252,45.5337,46.1459,46.7617,47.3809,48.2532,49.2574,51.1582,55.0144,9.97746,7.14841,4.12381
61.252,-0.3493,0.1664,0.0000,6,239.51,5.26,-13.94,-0.4676,0.2189,14694.9,0.0,217.76,220.03,212.07,212.07,14.2469,26.5241,32.4733,37.5093,40.8125,42.5332,43.4679,44.2948,44.8903,45.4897,46.0928,46.6996,47.5548,48.5398,50.4062,54.1995,9.45006,6.7238,3.83493
61.271,-0.3745,0.0915,0.0000,6,239.03,5.57,-14.05,-0.5093,0.2066,14619.2,0.0,217.15,219.63,209.67,212.29,14.4151,26.4118,32.2016,37.1116,40.3386,42.022,42.937,43.7469,44.3304,44.918,45.5095,46.1047,46.9441,47.9112,49.7453,53.4792,8.91326,6.30703,3.56136
61.289,-0.3934,0.0503,0.0000,6,238.43,6.38,-14.17,-0.5480,0.1969,14555.1,0.0,216.34,219.24,208.31,211.82,14.5932,26.3814,32.0452,36.8523,40.0158,41.6674,42.5657,43.361,43.9343,44.5117,45.0931,45.6783,46.5036,47.455,49.2606,52.9408,8.33158,5.88419,3.30038
61.308,-0.4075,0.0277,0.0000,6,237.75,7.51,-14.23,-0.5837,0.1889,14497.5,0.0,215.43,218.75,207.18,211.28,14.7717,26.4006,31.9627,36.6845,39.794,41.4185,42.3023,43.0851,43.6495,44.218,44.7905,45.3668,46.1799,47.1176,48.8978,14.0623,7.74032,5.46928,3.05424
61.327,-0.4181,0.0152,0.0000,6,237.02,8.65,-14.25,-0.6166,0.1816,14443.2,0.0,214.49,218.09,206.29,210.62,14.9329,26.4148,31.8846,36.5282,39.5882,41.1877,42.0583,42.8295,43.3856,43.9458,44.5101,45.0783,45.88,46.8049,48.5616,12.3839,7.18526,5.08025,2.8255
61.351,-0.4261,0.0084,0.0000,6,236.24,9.77,-14.24,-0.6468,0.1748,14388.8,0.0,213.49,217.31,205.41,209.93,15.0782,26.4252,31.8115,36.3839,39.3985,40.9751,41.8335,42.5939,43.1424,43.695,44.2518,44.8124,45.6037,46.5168,48.2514,11.1263,6.66709,4.71734,2.61396
61.371,-0.4321,0.0046,0.0000,6,235.41,11.07,-14.21,-0.6744,0.1693,14333.8,0.0,212.44,216.53,204.46,209.30,15.2194,26.4605,31.7779,36.2903,39.266,40.8229,41.6705,42.4218,42.9635,43.5095,44.0596,44.6137,45.3959,46.2984,48.0136,10.0105,6.16945,4.37324,2.41781
61.389,-0.4365,0.0025,0.0000,6,234.55,12.43,-14.14,-0.6994,0.1642,14280.0,0.0,211.41,215.71,203.58,208.62,15.3469,26.4928,31.7483,36.2066,39.1474,40.6861,41.5241,42.2669,42.8027,43.3427,43.8868,44.4348,45.2084,46.1013,47.7988,9.07213,5.71205,4.05619,2.2383
61.408,-0.4399,0.0014,0.0000,6,233.67,13.45,-14.00,-0.7222,0.1582,14226.4,0.0,210.44,214.74,202.88,207.77,15.4408,26.4665,31.653,36.0529,38.9566,40.4766,41.3046,42.0387,42.5683,43.102,43.6399,44.1817,44.9467,45.8299,47.5095,8.36732,5.32236,3.77819,2.0771
61.426,-0.4424,0.0008,0.0000,6,232.79,14.08,-13.80,-0.7426,0.1512,14171.2,0.0,209.48,213.65,202.21,206.86,15.5007,26.3793,31.4882,35.8247,38.6888,40.1891,41.0067,41.7316,42.2546,42.7819,43.3133,43.8487,44.6049,45.4781,47.1393,7.84392,4.99639,3.53779,1.93353
61.452,-0.4443,0.0004,0.0000,6,231.87,14.71,-13.57,-0.7609,0.1446,14114.8,0.0,208.47,212.68,201.36,206.08,15.55,26.2917,31.3292,35.6073,38.4348,39.9168,40.7246,41.441,41.9579,42.4792,43.0046,43.5342,44.2822,45.1461,46.7901,7.37554,4.70087,3.32019,1.80441
61.471,-0.4457,0.0002,0.0000,6,230.95,15.39,-13.34,-0.7770,0.1381,14058.5,0.0,207.51,211.77,200.50,205.30,15.5853,26.1942,31.1636,35.3862,38.1792,39.6438,40.4423,41.1507,41.6619,42.1775,42.6974,43.2213,43.9616,44.8166,46.4444,6.97873,4.4418,3.12806,1.69022
61.489,-0.4468,0.0001,0.0000,6,230.04,15.61,-13.02,-0.7911,0.1301,14005.3,0.0,206.62,210.76,199.90,204.37,15.5848,26.0273,30.917,35.0762,37.8305,39.2757,40.0641,40.7636,41.2687,41.7781,42.2918,42.8097,43.5414,44.3869,45.9975,6.74141,4.24544,2.97221,1.59249
61.508,-0.4476,0.0001,0.0000,6,229.14,15.36,-12.63,-0.8033,0.1206,13951.1,0.0,205.77,209.65,199.31,203.40,15.5488,25.7908,30.5884,34.6756,37.3864,38.8102,39.5873,40.2772,40.7754,41.278,41.7849,42.296,43.0185,43.8537,45.4456,6.67291,4.11168,2.85236,1.51067
61.528,-0.4482,0.0000,0.0000,6,228.22,15.21,-12.22,-0.8136,0.1120,13894.8,0.0,204.84,208.75,198.43,202.66,15.5131,25.5771,30.2926,34.3154,36.9868,38.3913,39.1583,39.8393,40.3312,40.8276,41.3283,41.8333,42.5474,43.3732,44.948,6.63704,3.9985,2.74984,1.44073
61.551,-0.4486,0.0000,0.0000,6,227.29,15.36,-11.85,-0.8221,0.1043,13838.8,0.0,203.96,207.99,197.50,201.96,15.4763,25.382,30.0245,33.9898,36.626,38.0132,38.771,39.444,39.9302,40.4209,40.9161,41.4156,42.1221,42.9394,44.4986,6.64951,3.91057,2.66703,1.38345
61.570,-0.4490,0.0000,0.0000,6,226.39,15.07,-11.33,-0.8289,0.0952,13787.9,0.0,203.15,207.12,196.93,201.07,15.411,25.1314,29.6909,33.5916,36.1887,37.5566,38.3042,38.9683,39.4484,39.9329,40.422,40.9156,41.6138,42.4218,43.9639,6.89665,3.885,2.61806,1.34079
61.588,-0.4492,0.0000,0.0000,6,225.52,14.31,-10.79,-0.8340,0.0844,13735.2,0.0,202.42,206.11,196.39,200.08,15.3118,24.8106,29.2728,33.0984,35.6504,36.996,37.7319,38.386,38.8589,39.3365,39.8187,40.3053,40.9941,41.7914,43.3144,7.63838,3.93735,2.6078,1.3131
61.608,-0.4494,0.0000,0.0000,6,224.62,13.76,-10.23,-0.8375,0.0750,13679.9,0.0,201.57,205.34,195.45,199.43,15.2229,24.5335,28.9128,32.6737,35.1867,36.5129,37.2387,37.8841,38.3508,38.8223,39.2984,39.779,40.4595,41.2474,42.7535,45.9472,4.01207,2.61335,1.29576
61.633,-0.4496,0.0000,0.0000,6,223.72,13.79,-9.78,-0.8394,0.0674,13623.8,0.0,200.73,204.74,194.43,198.83,15.145,24.303,28.6147,32.3227,34.8036,36.1139,36.8314,37.4694,37.9311,38.3975,38.8685,39.3441,40.0175,40.7977,42.2898,45.5373,4.10869,2.63547,1.28959
61.652,-0.4497,0.0000,0.0000,6,222.83,13.46,-9.12,-0.8397,0.0589,13575.3,0.0,199.95,204.01,193.84,198.01,15.0472,24.0362,28.2744,31.9252,34.3711,35.6644,36.3728,37.0031,37.4592,37.9201,38.3857,38.8559,39.5219,40.2938,41.7718,45.0913,4.2837,2.693,1.29712
61.670,-0.4497,0.0000,0.0000,6,221.99,12.66,-8.50,-0.8385,0.0481,13523.8,0.0,199.29,203.06,193.37,197.00,14.9136,23.6908,27.8376,31.4176,33.8206,35.0929,35.7903,36.411,36.8603,37.3144,37.7733,38.237,38.894,39.6558,41.1284,44.5002,4.59356,2.80015,1.31996
61.689,-0.4498,0.0000,0.0000,6,221.11,12.03,-7.85,-0.8359,0.0390,13469.8,0.0,198.49,202.30,192.43,196.38,14.7905,23.3871,27.456,30.9754,33.3416,34.5958,35.2836,35.896,36.3394,36.7878,37.2409,37.6989,38.3481,39.1012,40.5916,44.0381,4.96469,2.92827,1.35307
61.708,-0.4499,0.0000,0.0000,6,220.23,12.17,-7.37,-0.8318,0.0323,13414.3,0.0,197.65,201.80,191.35,195.87,14.6856,23.1467,27.1574,30.6315,32.9704,34.2109,34.8915,35.4976,35.9366,36.3806,36.8295,37.2833,37.9267,38.6871,40.2201,43.7785,5.37676,3.07074,1.39603
61.732,-0.4499,0.0000,0.0000,6,219.36,12.16,-6.68,-0.8262,0.0256,13366.7,0.0,196.84,201.17,190.69,195.15,14.5708,22.8952,26.8476,30.2765,32.5881,33.8151,34.4885,35.0885,35.5232,35.9629,36.4075,36.8579,37.5101,38.2914,39.8695,43.5469,5.94206,3.25131,1.45207
61.751,-0.4499,0.0000,0.0000,6,218.54,11.60,-6.04,-0.8194,0.0162,13315.8,0.0,196.21,200.26,190.27,194.10,14.4181,22.5563,26.4296,29.7968,32.071,33.2795,33.9433,34.5349,34.9637,35.3975,35.8397,36.2957,36.9589,37.7542,39.3627,43.125,6.94887,3.50474,1.52442
61.770,-0.4499,0.0000,0.0000,6,217.71,11.09,-5.44,-0.8111,0.0074,13263.3,0.0,195.49,199.43,189.45,193.40,14.2637,22.2265,26.0253,29.3347,31.5737,32.7648,33.4194,34.0032,34.4272,34.8632,35.3132,35.7776,36.4536,37.2649,38.9091,42.7698,8.89485,3.8046,1.60919
61.788,-0.4499,0.0000,0.0000,6,216.88,11.24,-5.04,-0.8014,0.0003,13210.1,0.0,194.73,198.85,188.48,192.84,14.1194,21.9383,25.6769,28.9397,31.1503,32.3276,32.975,33.5585,33.9912,34.4379,34.8992,35.3757,36.0698,36.9041,38.5982,42.595,51.8523,4.13921,1.70568
61.808,-0.4500,0.0000,0.0000,6,216.05,11.33,-4.51,-0.7901,-0.0066,13164.2,0.0,193.98,198.23,187.82,192.17,13.9671,21.6443,25.3238,28.5411,30.7243,31.8882,32.5395,33.1369,33.5804,34.0386,34.5121,35.0017,35.7155,36.5747,38.3233,42.47,52.1925,4.53982,1.81716
61.826,-0.4500,0.0000,0.0000,6,215.28,11.01,-4.05,-0.7774,-0.0159,13115.0,0.0,193.37,197.40,187.38,191.19,13.7827,21.2779,24.8805,28.038,30.1849,31.342,32.0028,32.6095,33.0603,33.5262,34.0081,34.5068,35.2346,36.1116,37.9001,42.1618,52.2675,5.0748,1.94833
61.852,-0.4500,0.0000,0.0000,6,214.50,10.67,-3.66,-0.7632,-0.0253,13065.6,0.0,192.72,196.57,186.68,190.47,13.5888,20.901,24.4264,27.5237,29.6349,30.8026,31.4729,32.0891,32.5471,33.021,33.5115,34.0194,34.7615,35.6569,37.4869,41.8693,52.387,5.74162,2.09696
61.870,-0.4500,0.0000,0.0000,6,213.73,10.78,-3.42,-0.7473,-0.0334,13016.1,0.0,192.03,195.94,185.82,189.89,13.3981,20.5482,24.0062,27.051,29.1476,30.3364,31.02,31.649,32.1172,32.6019,33.1041,33.6245,34.3858,35.3057,37.1906,41.7309,52.7832,6.54544,2.26113
61.889,-0.4500,0.0000,0.0000,6,212.95,10.97,-3.13,-0.7297,-0.0411,12971.9,0.0,191.32,195.34,185.14,189.29,13.2019,20.1971,23.5911,26.5864,28.6933,29.9065,30.6052,31.2491,31.7288,32.226,32.7415,33.2764,34.0597,35.0079,36.9561,41.6793,53.3613,7.581,2.44338
61.908,-0.4500,0.0000,0.0000,6,212.21,10.83,-2.85,-0.7105,-0.0503,12925.5,0.0,190.71,194.59,184.66,188.44,12.9818,19.7959,23.1136,26.0502,28.1762,29.4068,30.1168,30.7718,31.2603,31.767,32.2929,32.8391,33.64,34.6108,36.6112,41.4909,53.7477,9.22178,2.64976
61.932,-0.4500,0.0000,0.0000,6,211.49,10.63,-2.66,-0.6896,-0.0601,12878.9,0.0,190.09,193.81,184.06,187.69,12.7478,19.3722,22.6097,25.4965,27.6423,28.8879,29.6079,30.2729,30.7694,31.2848,31.8203,32.3769,33.1941,34.1864,36.2365,41.2691,54.1144,98.0336,2.88015
61.952,-0.4500,0.0000,0.0000,6,210.75,10.67,-2.55,-0.6670,-0.0691,12832.7,0.0,189.45,193.15,183.32,187.10,12.5115,18.9586,22.1215,24.9819,27.1545,28.4199,29.1527,29.8305,30.3371,30.8636,31.4111,31.9808,32.8184,33.8374,35.949,41.1703,54.7448,104.041,3.13126
61.971,-0.4500,0.0000,0.0000,6,210.02,10.87,-2.45,-0.6427,-0.0774,12789.0,0.0,188.78,192.55,182.62,186.53,12.2708,18.5498,21.6424,24.5008,26.7066,27.9962,28.7445,29.4377,29.9565,30.4963,31.0582,31.6437,32.5059,33.5568,35.7421,41.1897,55.6546,112.167,3.40432
61.989,-0.4500,0.0000,0.0000,6,209.31,10.85,-2.31,-0.6166,-0.0866,12745.8,0.0,188.16,191.87,182.10,185.81,12.0145,18.1128,21.1291,23.9961,26.2289,27.5389,28.3008,29.0075,29.5372,30.0888,30.6639,31.2638,32.1483,33.2289,35.4836,41.1507,56.5302,121.666,3.70624
62.008,-0.4500,0.0000,0.0000,6,208.61,10.75,-2.26,-0.5889,-0.0963,12701.4,0.0,187.57,191.16,181.54,185.08,11.7439,17.6513,20.5922,23.4712,25.7251,27.0522,27.8256,28.5443,29.0835,29.6457,30.2325,30.8454,31.7505,32.8585,35.1785,41.059,57.3822,133.036,4.03995
62.026,-0.4500,0.0000,0.0000,6,207.91,10.74,-2.24,-0.5594,-0.1057,12657.7,0.0,186.95,190.48,180.89,184.47,11.4674,17.1893,20.0738,22.9689,25.2479,26.595,27.382,28.1144,28.6647,29.2392,29.8396,30.4674,31.3964,32.536,34.9316,41.0602,58.5125,148.927,4.40186
62.051,-0.4500,0.0000,0.0000,6,207.22,10.90,-2.28,-0.5282,-0.1145,12614.1,0.0,186.32,189.87,180.20,183.90,11.1863,16.7306,19.5804,22.4984,24.8092,26.1811,26.9846,27.7338,28.2976,28.887,29.5037,30.1498,31.1074,32.2851,34.7716,41.2003,60.0569,172.948,4.79165
62.070,-0.4500,0.0000,0.0000,6,206.52,10.98,-2.24,-0.4953,-0.1232,12573.7,0.0,185.69,189.25,179.63,183.31,10.8964,16.2624,19.0944,22.0353,24.3792,25.7771,26.598,27.365,27.943,28.5483,29.1826,29.8481,30.8365,32.0555,34.6411,41.403,61.9025,200.0,5.21492
62.089,-0.4500,0.0000,0.0000,6,205.84,10.97,-2.26,-0.4608,-0.1325,12531.2,0.0,185.10,188.59,179.09,182.62,10.5939,15.7739,18.5977,21.5541,23.9254,25.3462,26.1828,26.966,27.5573,28.1773,28.8281,29.512,30.5298,31.7885,34.4713,41.571,63.8648,200.0,5.67976
62.108,-0.4500,0.0000,0.0000,6,205.16,10.93,-2.28,-0.4246,-0.1417,12489.2,0.0,184.50,187.90,178.51,181.99,10.2836,15.2904,18.1093,21.0813,23.4812,24.9261,25.7794,26.5799,27.1854,27.8212,28.4897,29.1934,30.243,31.5451,34.3344,41.8121,66.2402,200.0,6.18459
62.126,-0.4500,0.0000,0.0000,6,204.48,11.02,-2.33,-0.3869,-0.1502,12447.1,0.0,183.87,187.28,177.85,181.44,9.96967,14.8287,17.6486,20.645,23.0826,24.5582,25.4325,26.2546,26.8776,27.533,28.2235,28.9516,30.0406,31.3959,34.3166,42.2642,69.4874,200.0,6.72487
62.151,-0.4500,0.0000,0.0000,6,203.80,11.22,-2.37,-0.3475,-0.1580,12405.9,0.0,183.23,186.69,177.20,180.89,9.65132,14.3871,17.2138,20.2431,22.728,24.2412,25.1411,25.9894,26.6338,27.313,28.0301,28.788,29.9246,31.3447,34.4257,42.9556,73.8981,200.0,7.30316
62.171,-0.4500,0.4500,0.0000,6,203.12,11.29,-2.35,-0.3067,-0.1660,12365.4,0.0,182.60,186.07,176.64,180.29,9.32414,13.9505,16.781,19.8414,22.3733,23.925,24.8512,25.7268,26.3934,27.0977,27.8427,28.6322,29.8196,31.3093,34.5648,43.7499,79.3459,200.0,7.93284
62.189,-0.4500,0.6975,0.0000,6,202.50,11.22,-2.35,-0.2645,-0.1747,12498.1,0.0,182.00,185.40,180.27,180.27,8.98593,13.5094,16.3352,19.4174,21.9892,23.5752,24.5255,25.4265,26.1142,26.8421,27.614,28.4337,29.6707,31.2291,34.6604,44.5349,85.7312,139.487,8.60253
62.208,-0.4500,0.8336,0.0000,6,202.21,11.03,-2.30,-0.2209,-0.1834,12645.6,0.0,181.47,184.76,182.44,182.44,8.64085,13.0771,15.8972,19.0013,21.6146,23.237,24.2132,25.1414,25.8516,26.6052,27.4061,28.2591,29.5504,31.1846,34.8125,45.4854,94.1033,106.577,9.22059
62.232,-0.4500,0.9085,0.0000,6,202.11,11.03,-2.28,-0.1759,-0.1915,12732.9,0.0,181.10,184.40,183.71,183.71,8.29191,12.6658,15.4866,18.623,21.2898,22.9578,23.966,24.928,25.6661,26.4514,27.2884,28.1823,29.5409,31.2693,35.1427,46.8393,106.539,87.902,9.77376
62.251,-0.4500,0.9497,0.0000,6,202.13,11.05,-2.21,-0.1294,-0.1994,12764.5,0.0,180.87,184.21,184.21,184.21,7.9395,12.2666,15.0901,18.2632,20.9904,22.71,23.7546,24.7548,25.5249,26.3466,27.225,28.1662,29.6027,31.4411,35.6055,48.566,125.256,76.1909,10.2745
62.270,-0.4500,0.9723,0.0000,6,202.24,10.79,-2.08,-0.0815,-0.2085,12767.5,0.0,180.80,184.06,184.24,184.24,7.59175,11.8555,14.6677,17.8607,20.6333,22.3952,23.4708,24.5045,25.3028,26.1569,27.0729,28.0575,29.5667,31.5095,35.9581,50.2441,151.203,69.2688,10.7514
62.289,-0.4500,0.9848,0.0000,6,202.40,10.22,-1.95,-0.0321,-0.2192,12769.7,0.0,180.88,183.94,184.27,184.27,7.24886,11.4263,14.2082,17.3962,20.1903,21.9785,23.0751,24.1325,24.9515,25.8301,26.7749,27.7936,29.3613,31.3907,36.0857,51.6312,186.728,65.228,11.2162
62.311,-0.4500,0.9916,0.0000,6,202.55,9.49,-1.80,0.0186,-0.2304,12775.7,0.0,181.06,183.91,184.35,184.35,6.91592,10.9987,13.7434,16.917,19.7241,21.5335,22.6479,23.7262,24.5638,25.4647,26.4363,27.4872,29.1109,31.2247,36.1671,53.0718,200.0,62.2996,11.6535
62.332,-0.4500,0.9954,0.0000,6,202.72,8.86,-1.71,0.0694,-0.2242,12787.6,0.0,181.27,184.00,184.52,184.52,6.59503,10.5825,13.2892,16.4481,19.269,21.1007,22.2343,23.3349,24.1925,25.1176,26.1183,27.2042,28.8894,31.0966,36.3179,54.8405,200.0,59.8316,12.0561
62.351,-0.4500,0.9975,0.0000,6,202.94,8.26,-1.62,0.1182,-0.2152,12771.1,0.0,181.49,184.15,184.31,184.31,6.28548,10.1759,12.8428,15.985,18.8186,20.6727,21.8258,22.9496,23.8281,24.7785,25.8099,26.9331,28.6844,30.9931,36.5238,56.9642,200.0,57.7566,12.4284
62.370,-0.4500,0.9986,0.0000,6,203.16,7.53,-1.53,0.1647,-0.2072,12769.5,0.0,181.76,184.29,184.25,184.25,5.98445,9.76753,12.3848,15.4959,18.3275,20.1939,21.3602,22.5008,23.3953,24.3658,25.4223,26.5767,28.3849,30.784,36.6038,59.0409,200.0,56.2977,12.7865
62.389,-0.4500,0.9992,0.0000,6,203.36,6.89,-1.55,0.2093,-0.1994,12793.8,0.0,182.06,184.47,184.59,184.59,5.69392,9.36738,11.9321,15.0079,17.8336,19.7099,20.888,22.0444,22.9543,23.9444,25.0257,26.2115,28.0774,30.5702,36.698,61.452,200.0,55.0616,13.1212
62.408,-0.4500,0.9996,0.0000,6,203.57,6.47,-1.65,0.2520,-0.1912,12820.8,0.0,182.33,184.71,184.99,184.99,5.41624,8.98769,11.5065,14.5571,17.3891,19.2854,20.4826,21.6627,22.5946,23.6122,24.7277,25.956,27.8997,30.5169,37.0532,65.037,200.0,53.6888,13.4187
62.432,-0.4500,0.9998,0.0000,6,203.77,6.29,-1.79,0.2929,-0.1821,12845.4,0.0,182.57,185.01,185.34,185.34,5.15214,8.63328,11.1172,14.1601,17.0198,18.9538,20.1827,21.4002,22.366,23.4249,24.5911,25.8815,27.9376,30.7334,37.856,70.8117,200.0,52.086,13.6731
62.451,-0.4500,0.9999,0.0000,6,203.97,6.30,-1.90,0.3319,-0.1718,12867.0,0.0,182.77,185.35,185.66,185.66,4.90283,8.30953,10.7742,13.8355,16.7555,18.7545,20.035,21.3117,22.3301,23.4526,24.696,26.0807,28.3061,31.3711,39.388,80.8759,200.0,50.206,13.878
62.470,-0.4500,0.9999,0.0000,6,204.16,6.55,-2.01,0.3691,-0.1601,12886.8,0.0,182.91,185.71,185.94,185.94,4.66826,8.01626,10.4784,13.5869,16.6058,18.7036,20.061,21.4249,22.5207,23.7365,25.0931,26.6163,29.0923,32.56,41.9583,99.6996,166.724,48.1455,14.0353
62.489,-0.4500,0.9999,0.0000,6,204.35,6.91,-2.08,0.4044,-0.1478,12894.0,0.0,183.03,186.02,186.06,186.06,4.44711,7.74721,10.2191,13.399,16.5524,18.7827,20.2432,21.7248,22.9254,24.2684,25.7807,27.4962,30.3251,34.3728,45.8785,139.565,136.749,46.0978,14.1557
62.508,-0.4500,1.0000,0.0000,6,204.54,7.22,-2.13,0.4378,-0.1354,12903.3,0.0,183.14,186.25,186.19,186.19,4.23762,7.49312,9.97972,13.2438,16.5559,18.9452,20.5313,22.1582,23.4898,24.9937,26.7055,28.6714,31.9704,36.8187,51.4832,200.0,116.597,44.2455,14.2541
62.532,-0.4500,1.0000,0.0000,6,204.72,7.48,-2.19,0.4691,-0.1232,12920.2,0.0,183.26,186.43,186.43,186.43,4.03953,7.25222,9.75666,13.1156,16.6103,19.187,20.9242,22.7285,24.2226,25.9291,27.8967,30.1898,34.1205,40.0941,59.7311,200.0,102.301,42.5948,14.3352
62.551,-0.4500,1.0000,0.0000,6,204.90,7.72,-2.26,0.4983,-0.1111,12940.2,0.0,183.39,186.57,186.71,186.71,3.85335,7.02635,9.55328,13.0213,16.7292,19.531,21.4535,23.4795,25.1803,27.1491,29.4542,32.1898,37.0064,44.6496,72.9286,200.0,91.5641,41.1006,14.3989
62.570,-0.4500,1.0000,0.0000,6,205.07,7.94,-2.34,0.5256,-0.0991,12959.5,0.0,183.51,186.70,186.99,186.99,3.6797,6.81797,9.37422,12.9705,16.9334,20.0122,22.1682,24.4797,26.4523,28.7733,31.5432,34.9061,41.0362,51.3525,97.2303,200.0,83.1208,39.7234,14.4448
62.589,-0.4500,1.0000,0.0000,6,205.23,8.15,-2.40,0.5507,-0.0869,12976.9,0.0,183.64,186.84,187.24,187.24,3.51996,6.63334,9.232,12.9901,17.2762,20.7165,23.1855,25.8897,28.2453,31.0751,34.5379,38.8726,47.1662,62.3901,158.216,200.0,76.0905,38.3967,14.4681
62.608,-0.4500,1.0000,0.0000,6,205.40,8.41,-2.47,0.5738,-0.0744,12992.8,0.0,183.75,186.99,187.48,187.48,3.37474,6.47472,9.13167,13.094,17.7959,21.7191,24.6212,27.886,30.8066,34.4135,38.9804,44.9488,57.2224,83.2,200.0,197.62,70.1258,37.1167,14.4695
62.632,-0.4500,1.0000,0.0000,6,205.57,8.65,-2.52,0.5948,-0.0620,12998.0,0.0,183.85,187.12,187.56,187.56,3.24349,6.33919,9.06799,13.2764,18.4997,23.0613,26.5623,30.6367,34.4101,39.2473,45.6705,54.6126,75.2483,132.486,200.0,159.077,65.1291,35.9228,14.4556
62.651,-0.4500,1.0000,0.0000,6,205.75,8.74,-2.56,0.6136,-0.0502,13002.7,0.0,183.99,187.21,187.62,187.62,3.12557,6.22194,9.03038,13.5173,19.3663,24.748,29.0637,34.3039,39.3789,46.2203,55.9439,70.8556,113.061,200.0,200.0,134.591,61.0489,34.8598,14.4343
62.670,-0.3826,1.0000,0.0000,6,205.93,8.73,-2.61,0.6303,-0.0390,13012.3,0.0,184.15,187.29,187.76,187.76,3.02136,6.12416,9.02056,13.8218,20.4243,26.8725,32.3249,39.3103,46.4907,56.8856,73.2748,102.941,200.0,200.0,200.0,117.748,57.6717,33.9116,14.4064
62.689,-0.3444,1.0000,0.0000,6,206.11,8.65,-2.69,0.6449,-0.0284,13025.0,0.0,184.66,187.66,187.94,187.94,2.9314,6.04905,9.04542,14.2086,21.7398,29.6237,36.7408,46.5294,57.4721,75.1531,108.556,195.437,200.0,200.0,200.0,105.351,54.8002,33.0485,14.3704
62.707,-0.3099,1.0000,0.0000,6,206.31,8.51,-2.77,0.6573,-0.0181,13037.2,0.0,185.29,188.14,188.12,188.12,2.85635,6.00067,9.11432,14.7057,23.4181,33.3285,43.0604,57.8506,76.6668,113.636,200.0,200.0,200.0,200.0,192.353,95.7155,52.2874,32.2431,14.3245
62.733,-0.2789,1.0000,0.0000,6,206.52,8.36,-2.83,0.6677,-0.0078,13047.8,0.0,185.94,188.66,188.27,188.27,2.79766,5.98755,9.2482,15.3775,25.6991,38.7472,53.1579,78.8216,120.326,200.0,200.0,200.0,200.0,200.0,161.574,87.7125,49.9732,31.4523,14.2634
62.751,-0.2511,1.0000,0.0000,6,206.75,8.24,-2.90,0.6760,0.0024,13057.8,0.0,186.55,189.18,188.42,188.42,2.75578,6.01296,9.45694,16.27,28.8611,47.1663,71.3107,129.201,200.0,200.0,200.0,200.0,200.0,200.0,139.363,80.9288,47.8256,30.6734,14.1873
62.770,-0.2259,1.0000,0.0000,6,207.00,8.08,-2.95,0.6822,0.0124,13058.3,0.0,187.12,189.65,188.43,188.43,2.73041,6.07556,9.73938,17.4045,33.2302,61.0658,110.441,200.0,200.0,200.0,200.0,200.0,200.0,180.205,122.9,75.2266,45.8727,29.9265,14.1004
62.789,-0.2034,1.0000,0.0000,6,207.27,7.82,-2.99,0.6864,0.0218,13062.4,0.0,187.68,190.08,188.49,188.49,2.72106,6.17191,10.0874,18.7787,39.2076,86.1985,200.0,200.0,200.0,200.0,200.0,200.0,196.664,154.742,110.599,70.5217,44.1489,29.235,14.0074
62.807,-0.1830,1.0000,0.0000,6,207.56,7.48,-3.03,0.6885,0.0306,13071.1,0.0,188.23,190.47,188.61,188.61,2.72785,6.30358,10.506,20.4366,47.6646,143.316,200.0,200.0,200.0,200.0,200.0,200.0,168.216,136.615,101.071,66.5763,42.615,28.5915,13.9085
62.832,-0.1647,1.0000,0.0000,6,207.85,7.11,-3.09,0.6886,0.0389,13082.5,0.0,188.76,190.84,188.77,188.77,2.75109,6.47433,11.0076,22.4593,60.4349,200.0,200.0,200.0,200.0,200.0,200.0,179.9,147.883,122.906,93.3854,63.1765,41.2213,27.9815,13.8023
62.851,-0.1482,1.0000,0.0000,6,208.16,6.72,-3.14,0.6868,0.0469,13095.5,0.0,189.26,191.22,188.96,188.96,2.79119,6.68941,11.6106,24.9833,81.9839,200.0,200.0,200.0,200.0,200.0,182.065,157.4,132.321,111.955,86.9198,60.1507,39.9197,27.3888,13.6868
62.870,-0.1334,1.0000,0.0000,6,208.47,6.37,-3.18,0.6831,0.0549,13108.6,0.0,189.72,191.63,189.15,189.15,2.84929,6.95869,12.35,28.2742,127.325,200.0,200.0,200.0,200.0,184.106,158.875,139.735,119.583,102.677,81.1992,57.3372,38.6552,26.7914,13.5585
62.889,-0.1201,1.0000,0.0000,6,208.80,6.07,-3.23,0.6776,0.0628,13122.1,0.0,190.15,192.02,189.34,189.34,2.925,7.28295,13.2366,32.584,200.0,200.0,200.0,200.0,186.343,160.463,140.905,125.605,109.043,94.7773,76.1419,54.7368,37.4379,26.1961,13.4195
62.907,-0.1081,1.0000,0.0000,6,209.14,5.75,-3.25,0.6702,0.0703,13126.8,0.0,190.58,192.38,189.41,189.41,3.01754,7.65867,14.2666,38.1641,200.0,200.0,200.0,189.699,162.843,142.657,126.933,114.339,100.405,88.1447,71.7553,52.3879,36.2949,25.6182,13.2728
62.933,-0.0973,1.0000,0.0000,6,209.49,5.39,-3.27,0.6611,0.0773,13138.3,0.0,191.03,192.71,189.58,189.58,3.12599,8.08089,15.4288,45.3024,200.0,200.0,198.629,166.7,145.506,129.103,116.03,105.369,93.3707,82.6321,68.0045,50.3043,35.2428,25.068,13.1214
62.951,-0.0875,1.0000,0.0000,6,209.84,5.00,-3.29,0.6504,0.0837,13153.1,0.0,191.48,193.03,189.79,189.79,3.24996,8.55018,16.7314,54.5781,200.0,200.0,183.275,149.524,132.154,118.407,107.258,98.0347,87.5106,77.9603,64.7468,48.4339,34.2654,24.5407,12.965
62.970,-0.0788,1.0000,0.0000,6,210.20,4.62,-3.32,0.6380,0.0898,13170.2,0.0,191.91,193.35,190.03,190.03,3.38918,9.06876,18.191,67.0046,200.0,197.273,163.68,136.056,121.43,109.65,99.9607,91.8512,82.4923,73.9005,61.8547,46.7239,33.3437,24.0289,12.8028
62.988,-0.0709,1.0000,0.0000,6,210.56,4.26,-3.34,0.6241,0.0955,13188.3,0.0,192.34,193.70,190.29,190.29,3.54361,9.64103,19.8354,84.5289,200.0,188.007,148.163,125.002,112.456,102.206,93.6749,86.4643,78.0618,70.2705,59.22,45.1252,32.4578,23.5244,12.634
63.008,-0.0638,1.0000,0.0000,6,210.93,3.95,-3.35,0.6088,0.1010,13206.5,0.0,192.74,194.05,190.56,190.56,3.71319,10.2716,21.6984,111.113,200.0,168.222,135.354,115.608,104.706,95.6905,88.1103,81.6488,74.055,66.951,56.7707,43.6042,31.5941,23.0216,12.4578
63.032,-0.0574,1.0000,0.0000,6,211.31,3.67,-3.36,0.5921,0.1063,13222.4,0.0,193.15,194.38,190.79,190.79,3.89668,10.955,23.7719,154.2,198.288,152.534,124.781,107.658,98.0564,90.0333,83.2296,77.3875,70.4712,63.9511,54.5222,42.1763,30.7631,22.5269,12.2761
63.051,-0.0517,1.0000,0.0000,6,211.69,3.37,-3.35,0.5741,0.1111,13235.3,0.0,193.57,194.70,190.97,190.97,4.09259,11.6807,26.0172,200.0,194.867,140.17,116.165,101.04,92.4508,85.2128,79.0317,73.692,67.3318,61.2967,52.5017,40.8633,29.9788,22.0485,12.0912
63.070,-0.0465,1.0000,0.0000,6,212.07,3.06,-3.34,0.5549,0.1153,13253.9,0.0,194.00,195.01,191.24,191.24,4.2999,12.4436,28.4173,200.0,191.01,130.239,109.049,95.4731,87.6836,81.0747,75.3979,70.469,64.5681,58.9384,50.6805,39.6538,29.2381,21.5858,11.9033
63.089,-0.0419,1.0000,0.0000,6,212.45,2.76,-3.34,0.5346,0.1192,13274.7,0.0,194.42,195.33,191.54,191.54,4.5181,13.2445,30.9837,200.0,185.64,121.968,102.986,90.6544,83.5191,77.4306,72.1745,67.5915,62.0805,56.7984,49.0067,38.5207,28.5288,21.1335,11.7121
63.108,-0.0377,1.0000,0.0000,6,212.84,2.50,-3.34,0.5133,0.1227,13296.8,0.0,194.82,195.66,191.86,191.86,4.74655,14.0825,33.7219,200.0,171.649,114.906,97.7055,86.4025,79.8145,74.1648,69.2673,64.9812,59.8079,54.8292,47.4487,37.4476,27.8437,20.6888,11.5174
63.132,-0.0339,1.0000,0.0000,6,213.22,2.26,-3.32,0.4910,0.1260,13319.0,0.0,195.22,196.00,192.18,192.18,4.98497,14.9606,36.6604,200.0,159.185,108.681,92.9736,82.5475,76.4323,71.1657,66.5828,62.559,57.6857,52.9789,45.9707,36.4147,27.1735,20.2473,11.3187
63.151,-0.0305,1.0000,0.0000,6,213.61,2.05,-3.31,0.4679,0.1291,13341.0,0.0,195.61,196.34,192.49,192.49,5.23262,15.8765,39.7998,198.46,148.557,103.135,88.6945,79.0259,73.3232,68.3929,64.0883,60.298,55.6938,51.2323,44.5629,35.4175,26.5166,19.8087,11.1164
63.170,-0.0275,1.0000,0.0000,6,214.00,1.87,-3.29,0.4439,0.1320,13358.3,0.0,196.01,196.67,192.75,192.75,5.48841,16.8234,43.1083,196.576,139.484,98.2078,84.8404,75.8223,70.4776,65.8413,61.7819,58.1981,53.8334,49.5918,43.2288,34.4596,25.8759,19.3749,10.9112
63.189,0.0103,1.0000,0.0000,6,214.39,1.68,-3.25,0.4192,0.1345,13378.5,0.0,196.41,197.00,193.04,193.04,5.75096,17.7901,46.5185,194.713,131.813,93.8828,81.4104,72.943,67.9043,63.5213,59.6738,56.27,52.1151,48.0676,41.9773,33.548,25.2559,18.949,10.7041
63.207,0.0536,1.0000,0.0000,6,214.78,1.54,-3.22,0.3939,0.1355,13400.3,0.0,196.96,197.22,193.35,193.35,6.00914,18.6585,49.204,193.144,127.477,91.2,79.2004,71.0339,66.1666,61.9279,58.2036,54.906,50.877,46.9483,41.0299,32.8243,24.7365,18.5743,10.5055
63.233,0.0856,1.0000,0.0000,6,215.17,1.19,-3.20,0.3685,0.1334,13423.2,0.0,197.65,197.24,193.68,193.68,6.24497,19.2444,49.8925,192.256,129.176,91.5718,79.2835,70.9624,66.0193,61.7243,57.9582,54.6292,50.5691,46.6181,40.6805,32.4771,24.4237,18.3092,10.3295
63.251,0.0975,1.0000,0.0000,6,215.55,0.51,-3.17,0.3432,0.1279,13448.7,0.0,198.37,197.18,194.04,194.04,6.44852,19.4786,48.3742,192.072,138.867,95.7732,82.1916,73.129,67.7958,63.1921,59.1781,55.6475,51.3639,47.2186,41.0318,32.5674,24.3504,18.1716,10.1817
63.270,0.0878,1.0000,0.0000,6,215.92,-0.42,-3.12,0.3184,0.1198,13476.2,0.0,199.00,197.20,194.44,194.44,6.62252,19.4517,45.6764,192.238,158.366,103.978,87.9012,77.4371,71.3744,66.1968,61.7237,57.8212,53.1257,48.6219,41.9729,33.0143,24.4668,18.1337,10.0571
63.288,0.0790,1.0000,0.0000,6,216.28,-1.39,-3.07,0.2944,0.1108,13503.0,0.0,199.45,197.40,194.83,194.83,6.7786,19.3319,43.0006,192.35,177.298,115.674,95.8048,83.2988,76.2006,70.2221,65.1178,60.7097,55.4609,50.482,43.2289,33.6359,24.6694,18.1396,9.94442
63.307,0.0711,1.0000,0.0000,6,216.64,-2.12,-3.00,0.2713,0.1023,13522.9,0.0,199.74,197.75,195.12,195.12,6.92663,19.2343,40.8864,192.219,180.413,130.091,105.115,90.0079,81.6352,74.6929,68.8436,63.8484,57.9673,52.4551,44.5382,34.2682,24.8696,18.1433,9.83459
63.332,0.0640,1.0000,0.0000,6,217.00,-2.58,-2.93,0.2493,0.0947,13545.3,0.0,199.96,198.16,195.44,195.44,7.07032,19.1931,39.3506,164.12,181.797,146.776,115.305,97.1026,87.2699,79.2506,72.5864,66.9607,60.4136,54.3501,45.7629,34.8316,25.0281,18.126,9.7245
63.351,0.0576,1.0000,0.0000,6,217.36,-2.80,-2.86,0.2284,0.0882,13567.5,0.0,200.17,198.60,195.76,195.76,7.21019,19.2057,38.266,136.121,182.384,165.599,126.094,104.332,92.8899,83.7149,76.1944,69.9189,62.6977,56.0876,46.8515,35.3016,25.1356,18.0845,9.61407
63.370,0.0518,1.0000,0.0000,6,217.72,-2.84,-2.80,0.2086,0.0825,13589.8,0.0,200.40,199.03,196.09,196.09,7.34572,19.2591,37.5028,119.659,182.496,172.714,137.381,111.596,98.4114,88.0184,79.6168,72.6844,64.7944,57.6525,47.7998,35.6814,25.1968,18.0222,9.50429
63.389,0.0466,1.0000,0.0000,6,218.08,-2.77,-2.75,0.1898,0.0775,13612.1,0.0,200.65,199.46,196.41,196.41,7.47608,19.3383,36.9543,108.881,182.306,174.126,149.278,118.937,103.867,92.1926,82.8832,75.2867,66.7324,59.0724,48.6322,35.9893,25.223,17.9455,9.39645
63.407,0.0420,1.0000,0.0000,6,218.44,-2.64,-2.70,0.1721,0.0731,13633.9,0.0,200.93,199.88,196.72,196.72,7.60074,19.4321,36.5493,101.273,181.909,174.676,161.971,126.437,109.317,96.2853,86.0364,77.7648,68.5474,60.3793,49.3747,36.2426,25.224,17.8597,9.29145
63.432,0.0378,1.0000,0.0000,6,218.81,-2.48,-2.66,0.1553,0.0692,13652.2,0.0,201.21,200.28,196.99,196.99,7.71998,19.5377,36.2586,95.7166,181.352,174.767,167.755,134.022,114.7,100.253,89.0446,80.0961,70.2251,61.565,50.0255,36.4433,25.2019,17.766,9.18945
63.452,0.0537,1.0000,0.0000,6,219.18,-2.28,-2.61,0.1394,0.0658,13672.2,0.0,201.50,200.69,197.27,197.27,7.83453,19.6551,36.067,91.608,180.666,174.552,168.746,141.528,119.897,104.009,91.8447,82.2334,71.7333,62.6086,50.574,36.5882,25.1561,17.6642,9.09011
63.469,0.0824,1.0000,0.0000,6,219.54,-2.06,-2.57,0.1244,0.0621,13695.1,0.0,201.83,200.99,197.60,197.60,7.93838,19.7351,35.7982,87.5758,179.983,174.304,169.295,150.999,126.349,108.625,95.2678,84.8419,73.5785,63.8955,51.2722,36.8087,25.148,17.5837,8.99901
63.488,0.1024,1.0000,0.0000,6,219.90,-1.98,-2.54,0.1103,0.0572,13719.8,0.0,202.24,201.14,197.96,197.96,8.02112,19.7006,35.2044,82.2418,179.471,174.306,170.034,163.163,137.433,116.49,101.093,89.2973,76.7666,66.1674,52.5834,37.3356,25.2813,17.5725,8.92546
63.507,0.0897,1.0000,0.0000,6,220.24,-2.14,-2.52,0.0974,0.0505,13745.9,0.0,202.71,201.23,198.34,198.34,8.07759,19.5246,34.227,75.6677,179.15,174.574,170.977,166.32,157.522,130.339,111.163,96.9132,82.1764,70.0205,54.8402,38.3125,25.6133,17.6557,8.87436
63.532,0.0807,1.0000,0.0000,6,220.57,-2.52,-2.49,0.0856,0.0429,13771.1,0.0,203.17,201.43,198.70,198.70,8.11429,19.2672,33.0882,69.2425,178.86,174.845,171.794,168.191,164.466,152.044,126.336,108.072,89.8904,75.4059,57.9343,39.6487,26.0928,17.8071,8.84071
63.552,0.0726,1.0000,0.0000,6,220.91,-2.88,-2.46,0.0750,0.0352,13794.1,0.0,203.51,201.73,199.03,199.03,8.14063,19.0021,32.0176,63.9056,178.454,174.91,172.272,169.285,166.506,162.56,146.83,122.519,99.4736,81.886,61.5242,41.1507,26.6282,17.9836,8.81664
63.570,0.0654,1.0000,0.0000,6,221.25,-3.11,-2.42,0.0656,0.0281,13812.9,0.0,203.78,202.10,199.31,199.31,8.16116,18.7604,31.0933,59.7119,134.593,174.73,172.4,169.82,167.525,164.601,160.241,140.259,110.646,89.1505,65.3739,42.6953,27.1665,18.1619,8.79819
63.588,0.0588,1.0000,0.0000,6,221.60,-3.18,-2.38,0.0575,0.0219,13832.7,0.0,204.01,202.51,199.59,199.59,8.17774,18.5511,30.3239,56.4674,117.976,174.331,172.232,169.941,167.946,165.516,162.335,157.016,123.183,96.9485,69.3108,44.2059,27.6789,18.3304,8.78363
63.607,0.0529,1.0000,0.0000,6,221.94,-3.13,-2.35,0.0506,0.0163,13852.4,0.0,204.25,202.93,199.88,199.88,8.19047,18.3703,29.683,53.9245,106.582,173.756,171.836,169.759,167.974,165.847,163.209,159.583,137.045,105.167,73.2577,45.6557,28.1587,18.4877,8.77284
63.633,0.0476,1.0000,0.0000,6,222.29,-2.99,-2.33,0.0449,0.0115,13872.3,0.0,204.50,203.34,200.16,200.16,8.19897,18.2106,29.1397,51.8812,98.3138,173.05,171.273,169.36,167.732,165.816,163.504,160.545,152.175,113.788,77.1952,47.0443,28.6096,18.6362,8.7662
63.652,0.0429,1.0000,0.0000,6,222.65,-2.81,-2.31,0.0403,0.0072,13892.5,0.0,204.77,203.75,200.45,200.45,8.20275,18.0647,28.6661,50.1889,92.0067,172.245,170.585,168.804,167.298,165.541,163.456,160.883,155.446,122.874,81.1417,48.3853,29.0395,18.78,8.76421
63.670,0.0386,1.0000,0.0000,6,223.00,-2.60,-2.30,0.0366,0.0033,13912.8,0.0,205.06,204.14,200.75,200.75,8.2017,17.9276,28.244,48.7528,87.0105,143.469,169.803,168.13,166.723,165.092,163.176,160.865,156.392,132.479,85.1086,49.6884,29.4542,18.9216,8.76707
63.689,0.0347,1.0000,0.0000,6,223.36,-2.39,-2.28,0.0340,-0.0001,13932.1,0.0,205.35,204.52,201.03,201.03,8.19597,17.7969,27.862,47.5136,82.9478,132.513,168.945,167.364,166.038,164.509,162.726,160.607,156.699,142.62,89.0896,50.9561,29.856,19.0622,8.77467
63.708,0.0313,1.0000,0.0000,6,223.72,-2.18,-2.28,0.0322,-0.0032,13952.5,0.0,205.64,204.91,201.32,201.32,8.18583,17.671,27.5129,46.4313,79.5816,123.985,168.026,166.523,165.264,163.82,162.146,160.174,156.649,149.436,93.0669,52.1864,30.2456,19.2022,8.78676
63.733,0.0281,1.0000,0.0000,6,224.08,-1.99,-2.27,0.0312,-0.0060,13973.4,0.0,205.94,205.28,201.62,201.62,8.17176,17.5495,27.1925,45.4802,76.7592,117.193,167.055,165.617,164.416,163.043,161.458,159.605,156.36,150.523,97.0041,53.3727,30.6218,19.341,8.80289
63.751,0.0253,1.0000,0.0000,6,224.44,-1.80,-2.27,0.0309,-0.0085,13994.5,0.0,206.25,205.66,201.93,201.93,8.15401,17.4312,26.8954,44.6342,74.3543,111.654,166.04,164.659,163.508,162.194,160.685,158.93,155.9,150.801,100.892,54.5167,30.9864,19.4791,8.82282
63.770,0.0228,1.0000,0.0000,6,224.80,-1.62,-2.27,0.0313,-0.0107,14015.8,0.0,206.55,206.02,202.23,202.23,8.1329,17.3152,26.617,43.8731,72.2735,107.041,164.99,163.659,162.55,161.288,159.843,158.17,155.314,150.707,104.724,55.6217,31.3408,19.617,8.84626
63.789,0.0205,1.0000,0.0000,6,225.16,-1.46,-2.27,0.0323,-0.0127,14037.3,0.0,206.86,206.38,202.54,202.54,8.10855,17.2002,26.3522,43.1768,70.4396,103.109,137.051,162.623,161.552,160.335,158.946,157.345,154.632,150.389,108.522,56.6963,31.6882,19.7558,8.87309
63.808,0.0185,1.0000,0.0000,6,225.53,-1.32,-2.28,0.0339,-0.0146,14059.2,0.0,207.18,206.74,202.86,202.86,8.08102,17.0845,26.0964,42.528,68.7882,99.6745,131.112,161.56,160.523,159.346,158.006,156.468,153.879,149.92,112.32,57.7537,32.0331,19.8969,8.90331
63.833,0.0166,1.0000,0.0000,6,225.89,-1.20,-2.29,0.0359,-0.0162,14080.7,0.0,207.49,207.10,203.17,203.17,8.05098,16.9703,25.8528,41.932,67.3206,96.7064,126.101,160.469,159.462,158.321,157.024,155.541,153.057,149.324,116.026,58.7714,32.3688,20.0377,8.93617
63.851,0.0150,1.0000,0.0000,6,226.25,-1.08,-2.29,0.0384,-0.0177,14102.2,0.0,207.81,207.45,203.48,203.48,8.01853,16.8567,25.6186,41.3779,65.9987,94.1007,121.796,159.355,158.375,157.265,156.007,154.572,152.18,148.635,119.651,59.7558,32.6974,20.1787,8.97158
63.870,0.0135,1.0000,0.0000,6,226.61,-0.98,-2.30,0.0413,-0.0191,14123.6,0.0,208.13,207.80,203.79,203.79,7.98386,16.7432,25.3916,40.8577,64.7929,91.7795,118.035,158.221,157.265,156.184,154.961,153.568,151.258,147.872,123.207,60.7124,33.0206,20.3204,9.00937
63.889,0.0121,1.0000,0.0000,6,226.97,-0.88,-2.31,0.0446,-0.0203,14145.1,0.0,208.44,208.15,204.10,204.10,7.94746,16.6315,25.1748,40.3767,63.7116,89.7463,114.8,157.067,156.132,155.076,153.884,152.529,150.291,147.04,126.595,61.6199,33.3325,20.4603,9.04894
63.908,0.0109,1.0000,0.0000,6,227.33,-0.79,-2.32,0.0482,-0.0213,14166.6,0.0,208.75,208.50,204.41,204.41,7.90948,16.521,24.9665,39.9286,62.7331,87.9469,111.985,155.894,154.978,153.946,152.78,151.46,149.285,146.15,129.817,62.4822,33.6341,20.5989,9.09016
63.933,0.0098,1.0000,0.0000,6,227.69,-0.71,-2.33,0.0521,-0.0223,14189.2,0.0,209.07,208.84,204.73,204.73,7.86981,16.4104,24.7624,39.501,61.8229,86.3055,109.456,154.708,153.81,152.798,151.658,150.369,148.252,145.221,132.942,63.3192,33.9314,20.738,9.13318
63.951,0.0088,1.0000,0.0000,6,228.05,-0.64,-2.35,0.0562,-0.0232,14211.7,0.0,209.40,209.18,205.06,205.06,7.82852,16.299,24.5611,39.0885,60.9647,84.7852,107.145,153.511,152.63,151.637,150.521,149.26,147.197,144.26,133.85,64.139,34.2267,20.8783,9.17793
63.970,0.0079,1.0000,0.0000,6,228.41,-0.58,-2.36,0.0607,-0.0240,14233.1,0.0,209.72,209.52,205.37,205.37,7.78583,16.1871,24.3624,38.6906,60.1547,83.3751,105.029,152.305,151.438,150.464,149.369,148.135,146.121,143.269,133.802,64.9393,34.5189,21.0193,9.22418
63.989,0.0072,1.0000,0.0000,6,228.76,-0.53,-2.38,0.0653,-0.0248,14254.3,0.0,210.04,209.86,205.67,205.67,7.74191,16.0753,24.1673,38.3081,59.3938,82.0732,103.101,151.088,150.235,149.277,148.203,146.993,145.025,142.251,133.447,65.7138,34.8063,21.1603,9.27173
64.008,0.0064,1.0000,0.0000,6,229.12,-0.48,-2.39,0.0702,-0.0254,14275.4,0.0,210.36,210.20,205.98,205.98,7.69699,15.964,23.9767,37.943,58.6838,80.8805,101.358,149.86,149.02,148.078,147.022,145.835,143.909,141.206,132.913,66.4546,35.0868,21.3002,9.3203
64.033,0.0058,1.0000,0.0000,6,229.48,-0.43,-2.41,0.0752,-0.0260,14296.6,0.0,210.67,210.54,206.28,206.28,7.65131,15.8541,23.7918,37.5974,58.0296,79.8034,99.8061,148.621,147.793,146.865,145.826,144.66,142.772,140.134,132.252,67.1503,35.357,21.438,9.36958
64.051,0.0052,1.0000,0.0000,6,229.83,-0.38,-2.43,0.0804,-0.0265,14318.4,0.0,210.99,210.87,206.60,206.60,7.60463,15.7438,23.6087,37.261,57.4044,78.7893,98.3616,147.375,146.558,145.643,144.62,143.474,141.622,139.044,131.512,67.8266,35.6241,21.5759,9.4199
64.070,0.0047,1.0000,0.0000,6,230.19,-0.34,-2.45,0.0857,-0.0269,14342.6,0.0,211.31,211.20,206.95,206.95,7.55717,15.6332,23.427,36.9319,56.802,77.825,97.0012,123.689,145.316,144.414,143.406,142.279,140.461,137.939,130.715,68.488,35.8889,21.7141,9.47106
64.089,0.0042,1.0000,0.0000,6,230.54,-0.31,-2.48,0.0912,-0.0273,14363.4,0.0,211.63,211.53,207.25,207.25,7.50882,15.5219,23.2455,36.6067,56.2153,76.896,95.7017,121.781,144.069,143.179,142.185,141.076,139.291,136.823,129.875,69.1413,36.1534,21.8533,9.52316
64.107,0.0038,1.0000,0.0000,6,230.89,-0.28,-2.49,0.0968,-0.0277,14384.1,0.0,211.96,211.86,207.55,207.55,7.45979,15.4104,23.0654,36.2885,55.649,76.0107,94.4751,120.002,142.815,141.937,140.958,139.865,138.111,135.695,128.994,69.7784,36.415,21.9925,9.57597
64.132,0.0034,1.0000,0.0000,6,231.25,-0.25,-2.51,0.1025,-0.0281,14404.6,0.0,212.28,212.19,207.84,207.84,7.41011,15.2986,22.8865,35.976,55.1015,75.1651,93.3144,118.334,141.556,140.688,139.723,138.647,136.923,134.555,128.078,70.3997,36.6741,22.1317,9.62945
64.151,0.0031,1.0000,0.0000,6,231.60,-0.23,-2.53,0.1084,-0.0284,14425.3,0.0,212.59,212.52,208.14,208.14,7.36,15.1875,22.7103,35.6731,54.5801,74.372,92.2382,116.81,140.289,139.432,138.479,137.419,135.723,133.401,127.128,70.9933,36.9272,22.2695,9.6833
64.169,0.0028,1.0000,0.0000,6,231.95,-0.20,-2.55,0.1143,-0.0286,14446.3,0.0,212.91,212.85,208.44,208.44,7.30941,15.0766,22.5361,35.3775,54.0792,73.6205,91.2293,115.398,139.017,138.169,137.229,136.184,134.515,132.236,126.15,71.5645,37.1756,22.4065,9.7376
64.189,0.0025,1.0000,0.0000,6,232.30,-0.18,-2.59,0.1203,-0.0289,14472.0,0.0,213.23,213.17,208.82,208.82,7.25824,14.9648,22.3611,35.0816,53.5807,72.8765,90.2346,114.014,137.741,136.904,135.975,134.944,133.302,131.066,125.156,72.1371,37.4256,22.5447,9.79255
64.207,0.0022,1.0000,0.0000,6,232.65,-0.16,-2.62,0.1264,-0.0291,14492.1,0.0,213.55,213.50,209.11,209.11,7.2067,14.8532,22.1874,34.7913,53.0978,72.164,89.2905,112.715,136.461,135.633,134.715,133.699,132.082,129.886,124.141,72.6919,37.672,22.6822,9.84783
64.233,0.0020,1.0000,0.0000,6,233.00,-0.14,-2.63,0.1325,-0.0292,14512.2,0.0,213.87,213.82,209.40,209.40,7.15484,14.7419,22.0156,34.5072,52.6318,71.4852,88.4003,111.505,135.175,134.356,133.45,132.447,130.854,128.698,123.105,73.2253,37.9137,22.8186,9.90338
64.251,0.0018,1.0000,0.0000,6,233.35,-0.13,-2.65,0.1387,-0.0294,14532.2,0.0,214.19,214.15,209.69,209.69,7.10257,14.6301,21.8434,34.2234,52.169,70.8144,87.524,110.318,133.886,133.076,132.181,131.191,129.622,127.504,122.057,73.7566,38.1559,22.9558,9.95937
64.270,0.0016,1.0000,0.0000,6,233.69,-0.11,-2.68,0.1450,-0.0296,14552.4,0.0,214.50,214.46,209.98,209.98,7.04987,14.5175,21.6702,33.9386,51.7056,70.1443,86.6503,109.139,132.595,131.794,130.909,129.933,128.388,126.307,121.0,74.2915,38.3999,23.094,10.0158
64.289,0.0015,1.0000,0.0000,6,234.04,-0.10,-2.70,0.1513,-0.0297,14573.0,0.0,214.82,214.78,210.27,210.27,6.99668,14.4039,21.4954,33.6513,51.2383,69.4688,85.77,107.952,131.302,130.51,129.636,128.673,127.151,125.108,119.937,74.8352,38.6471,23.2338,10.0729
64.308,0.0013,1.0000,0.0000,6,234.38,-0.10,-2.74,0.1577,-0.0299,14599.7,0.0,215.13,215.10,210.66,210.66,6.94333,14.2909,21.3226,33.3702,50.7867,68.8239,84.9379,106.844,130.005,129.221,128.358,127.407,125.908,123.9,118.857,75.3565,38.889,23.3722,10.13
64.333,0.0012,1.0000,0.0000,6,234.73,-0.09,-2.78,0.1641,-0.0300,14619.1,0.0,215.45,215.42,210.94,210.94,6.88989,14.1786,21.1524,33.0962,50.3535,68.2141,84.1603,105.823,128.702,127.926,127.073,126.135,124.657,122.684,117.761,75.8499,39.1245,23.5086,10.1871
64.351,0.0011,1.0000,0.0000,6,235.07,-0.07,-2.80,0.1705,-0.0300,14638.7,0.0,215.76,215.74,211.22,211.22,6.8362,14.0662,20.9821,32.8233,49.9242,67.6129,83.397,104.827,127.396,126.628,125.785,124.859,123.403,121.463,116.656,76.3375,39.3589,23.6451,10.2445
64.370,0.0010,1.0000,0.0000,6,235.42,-0.06,-2.81,0.1770,-0.0301,14658.1,0.0,216.08,216.06,211.50,211.50,6.78221,13.9532,20.8111,32.5495,49.4942,67.0113,82.6339,103.831,126.088,125.328,124.495,123.581,122.146,120.24,115.545,76.8273,39.5946,23.7823,10.3021
64.388,0.0009,1.0000,0.0000,6,235.76,-0.06,-2.83,0.1835,-0.0302,14677.8,0.0,216.40,216.38,211.79,211.79,6.72796,13.8397,20.6393,32.2744,49.0621,66.4071,81.8677,102.832,124.778,124.026,123.203,122.301,120.887,119.014,114.429,77.3213,39.8319,23.9203,10.3601
64.408,0.0008,1.0000,0.0000,6,236.10,-0.05,-2.84,0.1901,-0.0303,14697.8,0.0,216.71,216.69,212.07,212.07,6.67341,13.7255,20.4666,31.9977,48.6271,65.7985,81.0956,101.826,123.466,122.723,121.909,121.019,119.627,117.786,113.308,77.8211,40.0713,24.0594,10.4184
64.433,0.0007,1.0000,0.0000,6,236.44,-0.05,-2.87,0.1967,-0.0304,14722.1,0.0,217.02,217.00,212.43,212.43,6.6186,13.6108,20.2929,31.7195,48.19,65.187,80.32,100.893,122.153,121.417,120.614,119.736,118.364,116.556,112.181,78.3256,40.3124,24.1993,10.477
64.451,0.0006,1.0000,0.0000,6,236.78,-0.05,-2.89,0.2033,-0.0305,14742.0,0.0,217.34,217.31,212.71,212.71,6.56351,13.4954,20.1183,31.4398,47.7501,64.5714,79.539,121.503,120.838,120.111,119.317,118.451,117.1,115.323,111.051,78.836,40.5554,24.3402,10.536
64.470,0.0006,1.0000,0.0000,6,237.12,-0.05,-2.90,0.2099,-0.0306,14761.8,0.0,217.65,217.63,213.00,213.00,6.50818,13.3795,19.9429,31.1588,47.3082,63.953,78.7544,120.18,119.521,118.802,118.018,117.164,115.834,114.088,109.915,79.3513,40.8004,24.4819,10.5952
64.489,0.0005,1.0000,0.0000,6,237.46,-0.05,-2.91,0.2166,-0.0307,14781.5,0.0,217.96,217.94,213.28,213.28,6.45258,13.2631,19.7667,30.8765,46.8647,63.3326,77.9676,118.854,118.202,117.491,116.717,115.875,114.566,112.851,108.775,79.8707,41.047,24.6246,10.6548
64.507,0.0005,1.0000,0.0000,6,237.80,-0.05,-2.92,0.2233,-0.0307,14801.2,0.0,218.27,218.25,213.57,213.57,6.39674,13.1462,19.5898,30.5931,46.4194,62.7098,77.178,117.527,116.882,116.179,115.415,114.584,113.295,111.612,107.63,80.3948,41.2951,24.768,10.7146
64.533,0.0004,1.0000,0.0000,6,238.13,-0.05,-2.93,0.2301,-0.0308,14821.4,0.0,218.58,218.56,213.86,213.86,6.34093,13.0303,19.4155,30.3169,45.9918,62.1201,76.4392,116.195,115.556,114.861,114.107,113.287,112.018,110.364,106.473,80.8859,41.5351,24.9088,10.7743
64.551,0.0004,1.0000,0.0000,6,238.47,-0.04,-2.94,0.2368,-0.0308,14842.6,0.0,218.88,218.88,214.16,214.16,6.28522,12.9156,19.2443,30.049,45.5838,61.567,75.7563,114.858,114.225,113.538,112.792,111.984,110.734,109.109,105.303,81.3388,41.7656,25.0464,10.8336
64.570,-0.0065,1.0000,0.0000,6,238.80,-0.03,-2.94,0.2436,-0.0308,14862.8,0.0,219.19,219.19,214.46,214.46,6.22945,12.8011,19.0739,29.7834,45.1818,61.0254,75.0913,113.517,112.891,112.211,111.475,110.678,109.446,107.849,104.128,81.7789,41.9929,25.1831,10.8929
64.589,-0.0258,1.0000,0.0000,6,239.14,-0.02,-2.95,0.2504,-0.0306,14882.9,0.0,219.47,219.52,214.75,214.75,6.1752,12.6951,18.9228,29.5651,44.8893,60.6838,74.7295,112.159,111.537,110.863,110.135,109.346,108.131,106.558,102.908,81.9992,42.1628,25.2997,10.9492
64.608,-0.0232,0.5500,0.0000,6,239.47,0.03,-2.96,0.2570,-0.0292,14903.0,0.0,219.65,219.94,215.04,215.04,6.12803,12.6263,18.8563,29.5556,45.08,61.2291,75.7183,110.725,110.102,109.428,108.7,107.914,106.703,105.138,101.517,81.2719,42.0808,25.3269,10.9921
64.632,-0.0209,0.3025,0.0000,6,239.56,0.27,-2.96,0.2634,-0.0271,14762.9,0.0,219.78,220.27,213.04,213.04,6.08762,12.5901,18.8627,29.7256,45.6947,62.5721,77.9506,109.23,108.601,107.922,107.19,106.399,105.183,103.614,99.9884,79.8169,41.7949,25.2794,11.0227
64.651,-0.0188,0.1664,0.0000,6,239.37,0.50,-2.97,0.2696,-0.0248,14674.9,0.0,219.72,220.24,211.77,211.77,6.05008,12.5622,18.8857,29.9358,46.412,64.1328,80.5624,107.726,107.091,106.407,105.67,104.875,103.654,102.079,98.4463,78.3179,41.4811,25.2178,11.0495
64.670,-0.0169,0.0915,0.0000,6,239.04,0.67,-2.97,0.2754,-0.0225,14612.5,0.0,219.48,220.00,210.62,211.13,6.01479,12.5377,18.9129,30.1534,47.155,65.7708,83.3438,106.227,105.587,104.899,104.157,103.358,102.133,100.554,96.9196,76.9158,41.1779,25.1557,11.074
64.688,-0.0153,0.0503,0.0000,6,238.63,0.80,-2.97,0.2808,-0.0203,14564.1,0.0,219.14,219.65,209.86,210.51,5.98221,12.518,18.9472,30.3854,47.9389,67.517,105.558,104.732,104.088,103.395,102.65,101.848,100.62,99.0387,95.4049,75.5828,40.8787,25.0904,11.0958
64.707,-0.0137,0.0277,0.0000,6,238.17,0.89,-2.96,0.2859,-0.0182,14523.0,0.0,218.75,219.23,209.24,209.94,5.95199,12.5008,18.983,30.6163,48.7252,69.2973,104.079,103.246,102.598,101.902,101.155,100.352,99.1217,97.5408,93.9145,74.365,40.5983,25.0275,11.1156
64.732,-0.0124,0.0152,0.0000,6,237.69,0.94,-2.94,0.2906,-0.0163,14486.8,0.0,218.33,218.78,208.71,209.43,5.92417,12.4857,19.0187,30.8413,49.499,71.0797,102.609,101.772,101.122,100.424,99.6751,98.8712,97.6419,96.0638,92.4519,73.2667,40.3397,24.9684,11.1335
64.751,-0.0111,0.0084,0.0000,6,237.20,0.96,-2.92,0.2948,-0.0145,14452.9,0.0,217.91,218.32,208.23,208.93,5.89858,12.4715,19.0514,31.051,50.2342,72.8066,101.153,100.313,99.6606,98.9621,98.2136,97.4106,96.1842,94.6122,91.0229,72.3015,40.1094,24.9156,11.15
64.769,-0.0100,0.0046,0.5000,6,236.70,0.94,-2.90,0.2987,-0.0129,14420.4,0.0,217.47,217.84,207.77,208.44,5.87499,12.4574,19.0792,31.2406,50.9147,74.4387,99.7109,98.8689,98.2166,97.5187,96.7716,95.9711,94.7499,93.1872,89.6291,71.4672,39.9087,24.8701,11.1653
64.789,-0.0090,0.0025,0.7500,6,235.39,0.92,-2.89,0.3023,-0.0115,14170.0,0.0,207.89,208.29,204.23,204.89,5.85331,12.443,19.1009,31.4057,51.5262,75.9377,98.2854,97.4434,96.792,96.096,95.3518,94.5552,93.3417,91.7914,88.2727,70.7605,39.7386,24.8328,11.1798
64.808,-0.0081,0.0014,0.8750,6,233.22,0.88,-2.87,0.3055,-0.0104,13930.1,0.0,198.89,199.35,200.82,201.46,5.83264,12.4242,19.1073,31.5212,51.9969,97.7586,96.8889,96.0488,95.4001,94.7076,93.9681,93.1774,91.9745,90.4407,86.9722,70.2334,39.6175,24.811,11.1947
64.833,-0.0073,0.0008,0.9375,6,230.60,0.83,-2.85,0.3084,-0.0096,13697.0,0.0,190.36,190.90,197.48,198.10,5.81245,12.3993,19.0946,31.5767,52.2965,96.3935,95.5263,94.6905,94.0459,93.3587,92.6256,91.8428,90.6536,89.1404,85.7324,69.8939,39.5501,24.8074,11.2108
64.851,-0.0066,0.0004,0.9687,6,227.74,0.76,-2.80,0.3112,-0.0091,13472.8,0.0,182.51,183.12,194.26,194.86,5.79261,12.3691,19.065,31.5792,52.4411,95.0594,94.1967,93.3668,92.7277,92.0471,91.322,90.5485,89.3754,87.8859,84.546,69.7114,39.5285,24.8195,11.228
64.870,-0.0059,0.0002,0.9844,6,224.75,0.67,-2.74,0.3137,-0.0087,13256.3,0.0,175.21,175.88,191.14,191.73,5.77332,12.3356,19.0243,31.5448,52.4747,93.7529,92.8959,92.073,91.4402,90.7672,90.0509,89.2879,88.1323,86.6684,83.4007,69.6371,39.5384,24.842,11.2457
64.889,-0.0053,0.0001,0.9922,6,221.68,0.58,-2.67,0.3161,-0.0085,13050.0,0.0,168.24,168.96,188.17,188.74,5.75456,12.3001,18.976,31.4845,52.4288,92.4713,91.6209,90.8058,90.1799,89.515,88.8082,88.0561,86.919,85.4816,82.288,69.6386,39.5702,24.8716,11.2637
64.908,-0.0048,0.0001,0.9961,6,218.60,0.50,-2.59,0.3183,-0.0085,12849.7,0.0,161.24,162.01,185.28,185.84,5.73633,12.2631,18.9218,31.4032,52.3169,91.2134,90.3704,89.5636,88.945,88.2885,87.5916,86.8509,85.7328,84.3225,81.2036,69.6974,39.6199,24.9071,11.2817
64.932,-0.0043,0.0000,0.9980,6,215.53,0.41,-2.51,0.3204,-0.0084,12654.1,0.0,153.95,154.75,182.47,183.01,5.71859,12.2254,18.8639,31.3078,52.1603,89.9773,89.1419,88.3439,87.7327,87.085,86.3981,85.669,84.5701,83.1871,80.1424,69.5512,39.6818,24.9464,11.2997
64.951,-0.0039,0.0000,0.9990,6,212.49,0.34,-2.43,0.3224,-0.0085,12462.0,0.0,146.27,147.11,179.70,180.22,5.70136,12.1876,18.8041,31.2044,51.9764,88.7611,87.9336,87.1445,86.541,85.9021,85.2253,84.5078,83.4281,82.0722,79.1001,69.2081,39.751,24.9878,11.3175
64.970,-0.0035,0.0000,0.9995,6,209.48,0.27,-2.36,0.3243,-0.0086,12271.9,0.0,138.12,138.99,176.96,177.48,5.68465,12.1503,18.7443,31.0983,51.7808,87.5633,86.7438,85.9637,85.3678,84.7376,84.0708,83.3648,82.304,80.9747,78.0733,68.7546,39.8232,25.0298,11.3349
64.989,-0.0031,0.0000,0.9997,6,206.23,0.21,-2.30,0.3264,-0.0086,12065.0,0.0,128.48,129.37,173.98,174.49,5.66685,12.1103,18.6799,30.9832,51.5663,86.2654,85.4547,84.6842,84.0966,83.4759,82.82,82.1264,81.0859,79.7851,76.9586,68.1723,39.902,25.0751,11.3535
65.013,-0.0028,0.0000,0.9999,6,203.03,0.16,-2.25,0.3284,-0.0087,11860.7,0.0,118.04,118.94,171.02,171.54,5.64966,12.0719,18.6183,30.8737,51.3642,84.9866,84.1846,83.4237,82.8442,82.2328,81.5875,80.9059,79.8853,78.612,75.8573,67.5284,39.9769,25.1185,11.3714
65.033,-0.0025,0.0000,0.4999,6,199.90,0.13,-2.22,0.3303,-0.0088,11658.8,0.0,106.89,107.81,168.11,168.63,5.63306,12.0353,18.5604,30.7732,51.1841,83.7259,82.9323,82.1807,81.6091,81.0068,80.3717,79.7019,78.7003,77.4536,74.7675,66.8386,40.0449,25.1589,11.3886
65.057,-0.0023,0.0000,0.2500,6,197.04,0.10,-2.20,0.3322,-0.0088,11774.3,0.0,114.07,114.99,169.74,170.15,5.61717,12.0013,18.5079,30.6859,51.0383,82.4814,81.6959,80.9533,80.3894,79.7957,79.1706,78.512,77.5289,76.3077,73.6868,66.1119,40.1021,25.1948,11.4048
65.083,-0.0021,0.0000,0.1250,6,194.69,0.09,-2.18,0.3341,-0.0087,11778.0,0.0,130.02,130.94,169.88,170.18,5.60197,11.9701,18.4613,30.6136,50.9321,81.2497,80.4721,79.7383,79.1817,78.5965,77.981,77.3332,76.3677,75.1711,72.6124,65.3548,40.1471,25.2256,11.4199
65.101,-0.0019,0.0000,0.0625,6,192.67,0.09,-2.16,0.3359,-0.0086,11714.5,0.0,149.38,150.28,168.97,169.25,5.58729,11.9407,18.4188,30.5517,50.8526,80.0294,79.2596,78.5343,77.9849,77.4079,76.8017,76.1645,75.2162,74.0432,71.5444,64.5763,40.1834,25.2528,11.4343
65.126,-0.0017,0.0000,0.0312,6,190.98,0.08,-2.15,0.3376,-0.0085,11633.5,0.0,167.82,168.48,167.79,168.08,5.57343,11.9147,18.3837,30.509,50.8244,78.8167,78.0544,77.3373,76.7949,76.2258,75.6286,75.0016,74.0698,72.9196,70.4779,63.7737,40.2038,25.2736,11.4474
65.145,-0.0015,0.0000,0.0156,6,190.16,0.10,-2.14,0.3393,-0.0081,11577.5,0.0,174.01,174.13,166.94,167.25,5.56091,11.8952,18.3641,30.5081,50.9102,77.6029,76.8474,76.1379,75.6019,75.0402,74.4515,73.834,72.9177,71.7888,69.4005,62.9338,40.1891,25.2806,11.4581
65.170,-0.0014,0.0000,0.0078,6,189.72,0.12,-2.15,0.3410,-0.0077,11553.7,0.0,174.10,174.18,166.58,166.89,5.54915,11.8787,18.3508,30.5232,51.0394,76.3894,75.6406,74.9386,74.409,73.8546,73.2741,72.666,71.7648,70.6567,68.3204,62.0763,40.1616,25.2822,11.4677
65.189,-0.0012,0.0000,0.0039,6,189.32,0.14,-2.16,0.3426,-0.0074,11532.9,0.0,173.88,173.95,166.29,166.58,5.53754,11.8613,18.3345,30.5286,51.1393,75.1812,74.4395,73.7453,73.2223,72.6753,72.1033,71.5047,70.619,69.5319,67.2476,61.2191,40.1426,25.2867,11.4774
65.214,-0.0011,0.0000,0.0020,6,188.94,0.14,-2.19,0.3441,-0.0071,11511.6,0.0,173.62,173.68,165.99,166.26,5.52604,11.8426,18.314,30.5203,51.1984,73.9789,73.2447,72.5587,72.0425,71.5032,70.9398,70.3511,69.481,68.4153,66.1832,60.3642,40.1358,25.2954,11.4874
65.233,-0.0010,0.0000,0.5010,6,188.58,0.13,-2.22,0.3456,-0.0069,11489.8,0.0,173.32,173.38,165.68,165.95,5.51478,11.8235,18.2919,30.5061,51.2379,72.7807,72.0542,71.3766,70.8673,70.3359,69.7813,69.2024,68.3481,67.3037,65.1236,59.5066,40.1343,25.3058,11.4974
65.257,-0.0009,0.0000,0.7505,6,187.35,0.13,-2.25,0.3471,-0.0067,11228.4,0.0,162.60,162.66,161.97,162.25,5.50382,11.8047,18.2695,30.489,72.8106,71.5879,70.8694,70.2002,69.6979,69.1744,68.6287,68.0597,67.2212,66.1981,64.0693,58.6462,40.1358,25.3169,11.5072
65.276,-0.0008,0.0000,0.8752,6,185.27,0.13,-2.27,0.3484,-0.0065,10965.6,0.0,151.25,151.33,158.19,158.53,5.49322,11.7859,18.2461,30.4677,71.6196,70.4076,69.6971,69.0365,68.5413,68.0257,67.4889,66.9297,66.1069,65.1049,63.0265,57.7889,40.141,25.329,11.5168
65.302,-0.0007,0.0000,0.9376,6,182.77,0.13,-2.26,0.3498,-0.0063,10706.3,0.0,139.47,139.57,154.43,154.83,5.48281,11.767,18.2215,30.4413,70.4444,69.2432,68.5409,67.889,67.4009,66.8932,66.3652,65.8158,65.0087,64.0274,61.9986,56.9379,40.1509,25.3425,11.5264
65.320,-0.0006,0.0000,0.9688,6,180.03,0.12,-2.20,0.3510,-0.0062,10458.6,0.0,127.82,127.93,150.83,151.30,5.47262,11.7479,18.196,30.4111,69.2866,68.0967,67.4026,66.7593,66.2783,65.7785,65.2593,64.7196,63.9278,62.967,60.9865,56.0944,40.1642,25.3571,11.536
65.345,-0.0006,0.0000,0.9844,6,177.16,0.12,-2.13,0.3523,-0.0061,10220.5,0.0,116.38,116.50,147.36,147.90,5.46269,11.7289,18.17,30.378,68.1473,66.9686,66.2828,65.6482,65.1743,64.6824,64.1718,63.6417,62.865,61.9243,59.991,55.2592,40.1804,25.3724,11.5453
65.363,-0.0005,0.0000,0.9922,6,174.24,0.12,-2.04,0.3535,-0.0060,9997.16,0.0,104.83,104.97,144.10,144.70,5.45299,11.7101,18.1435,30.3426,67.0267,65.8596,65.1821,64.556,64.0891,63.6049,63.103,62.5824,61.8205,60.8994,59.012,54.433,40.1987,25.3883,11.5546
65.389,-0.0005,0.0000,0.9961,6,171.32,0.11,-1.95,0.3547,-0.0059,9786.92,0.0,92.81,92.97,141.03,141.69,5.44351,11.6913,18.1168,30.3049,65.9251,64.7695,64.1003,63.4829,63.0229,62.5464,62.0529,61.5416,60.7944,59.8925,58.0497,53.6162,40.2191,25.4047,11.5637
65.408,-0.0004,0.0000,0.9980,6,168.41,0.11,-1.86,0.3558,-0.0059,9586.76,0.0,80.28,80.45,138.12,138.81,5.43422,11.6726,18.0894,30.2644,64.8425,63.6986,63.0376,62.4287,61.9756,61.5068,61.0216,60.5195,59.7866,58.9036,57.1042,52.8094,40.2421,25.4219,11.5728
65.432,-0.0004,0.0000,0.9990,6,165.54,0.10,-1.78,0.3569,-0.0059,9392.52,0.0,67.17,67.35,135.29,136.03,5.42511,11.6538,18.0614,30.2211,63.7787,62.6465,61.9938,61.3934,60.9471,60.4858,60.0088,59.5157,58.797,57.9323,56.1753,52.013,40.2678,25.4399,11.5818
65.451,-0.0003,0.0000,0.9995,6,162.72,0.09,-1.72,0.3580,-0.0058,9201.63,0.0,53.34,53.52,132.53,133.28,5.41618,11.6351,18.0332,30.1761,62.7331,61.6128,60.9683,60.3763,59.9368,59.4828,59.014,58.5298,57.8248,56.9782,55.2622,51.2265,40.2951,25.4582,11.5907
65.477,-0.0003,0.0000,0.9997,6,159.94,0.09,-1.67,0.3590,-0.0058,9022.61,0.0,38.81,39.00,129.93,130.70,5.40741,11.6166,18.005,30.1303,61.7054,60.5969,59.9606,59.3769,58.9441,58.4974,58.0366,57.5611,56.8697,56.0406,54.3645,50.4496,40.3229,25.4768,11.5994
65.495,-0.0003,0.0000,0.9999,6,157.22,0.08,-1.64,0.3601,-0.0058,8834.58,0.0,23.68,23.88,127.22,128.00,5.39881,11.5984,17.9771,30.0847,60.6951,59.5984,58.9702,58.3948,57.9685,57.529,57.076,56.6091,55.9309,55.1189,53.4816,49.6823,40.2615,25.4951,11.6081
65.520,-0.0003,0.0000,0.9999,6,154.53,0.07,-1.62,0.3611,-0.0058,8641.1,0.0,8.21,8.41,124.42,125.21,5.39043,11.5805,17.9497,30.0397,59.7017,58.6168,57.9967,57.4294,57.0095,56.5772,56.1319,55.6734,55.0081,54.2128,52.6132,48.9245,40.087,25.5133,11.6165
65.539,-0.0002,0.0000,1.0000,6,151.88,0.07,-1.62,0.3620,-0.0058,8444.49,0.0,0.00,0.00,121.58,122.39,5.38227,11.5631,17.923,29.9957,58.725,57.6519,57.0398,56.4805,56.0671,55.6417,55.204,54.7537,54.101,53.3221,51.7589,48.1761,39.8378,25.5309,11.6247
65.564,-0.0002,0.0000,1.0000,6,149.24,0.06,-1.62,0.3630,-0.0058,8246.2,0.0,0.00,0.00,118.71,119.54,5.37426,11.546,17.8967,29.9522,57.765,56.7036,56.0994,55.5481,55.141,54.7225,54.2922,53.8499,53.2096,52.4466,50.9189,47.4375,39.5365,25.5484,11.6328
65.583,-0.0002,0.0000,1.0000,6,146.61,0.06,-1.60,0.3639,-0.0058,8047.37,0.0,0.00,0.00,115.83,116.68,5.36644,11.5294,17.871,29.9097,56.8215,55.7718,55.1754,54.6319,54.231,53.8192,53.3963,52.9618,52.3337,51.5862,50.093,46.7088,39.1966,25.5654,11.6407
65.607,-0.0002,0.0000,1.0000,6,143.99,0.05,-1.58,0.3648,-0.0058,7848.3,0.0,0.00,0.00,112.94,113.82,5.35882,11.5132,17.8461,29.8689,55.8943,54.8563,54.2677,53.7319,53.3371,52.9319,52.5161,52.0894,51.4731,50.7407,49.2809,45.9901,38.8278,25.5818,11.6483
65.626,-0.0001,0.0000,1.0000,6,141.38,0.05,-1.55,0.3657,-0.0058,7648.89,0.0,0.00,0.00,110.05,110.96,5.35137,11.4973,17.8218,29.8289,54.9836,53.9571,53.3762,52.8481,52.4593,52.0606,51.6518,51.2327,50.628,49.9102,48.483,45.2816,38.4374,25.5979,11.6558
65.652,-0.0001,0.0000,1.0000,5,138.78,0.05,-1.50,0.3666,-0.0058,7458.46,0.0,0.00,0.00,107.28,108.21,5.3441,11.4819,17.7981,29.79,54.0892,53.0742,52.5009,51.9803,51.5974,51.2052,50.8033,50.3915,49.7981,49.0947,47.699,44.5837,38.0305,25.6135,11.6631
65.676,-0.0001,0.0000,1.0000,5,136.21,0.04,-1.45,0.3674,-0.0057,8101.92,0.0,0.00,0.00,104.77,105.59,5.33698,11.4668,17.7749,29.7519,53.2111,52.2075,51.6417,51.1286,50.7515,50.3655,49.9704,49.5659,48.9835,48.2941,46.9291,43.8964,37.6113,25.6288,11.6702
65.695,-0.0001,0.0000,1.0000,5,133.67,0.04,-1.41,0.3683,-0.0057,8086.15,0.0,0.00,0.00,102.08,102.81,5.33001,11.4519,17.752,29.714,52.3492,51.357,50.7986,50.2928,49.9215,49.5416,49.1531,48.7558,48.1842,47.5084,46.1732,43.22,37.1831,25.644,11.6773
65.720,-0.0001,0.0000,1.0000,5,131.17,0.04,-1.37,0.3691,-0.0057,7490.36,0.0,0.00,0.00,98.84,99.62,5.32315,11.4371,17.7292,29.6759,51.5033,50.5224,49.9714,49.4728,49.1071,48.7333,48.3513,47.9609,47.3998,46.7374,45.4311,42.5544,36.7483,25.6592,11.6842
65.739,-0.0001,0.0000,1.0000,5,128.70,0.03,-1.34,0.3699,-0.0057,7235.74,0.0,0.00,0.00,95.43,96.30,5.31642,11.4227,17.7066,29.7535,50.6731,49.7035,49.1597,48.6683,48.3081,47.9403,47.5646,47.181,46.6303,45.9809,44.7027,41.8996,36.309,25.6743,11.691
65.763,-0.0001,0.0000,1.0000,5,126.26,0.03,-1.32,0.3706,-0.0057,6979.21,0.0,0.00,0.00,91.99,92.95,5.30985,11.4085,17.6845,51.5943,49.8584,48.9,48.3633,47.8789,47.5243,47.1623,46.7929,46.4159,45.8753,45.2385,43.9876,41.2555,35.8666,25.6891,11.6977
65.783,-0.0001,0.0000,1.0000,5,123.83,0.03,-1.28,0.3714,-0.0057,6719.96,0.0,0.00,0.00,88.53,89.55,5.30339,11.3945,17.6628,50.7807,49.0591,48.1118,47.5822,47.1047,46.7554,46.3991,46.0359,45.6654,45.1347,44.5102,43.2859,40.6221,35.4225,25.7037,11.7043
65.807,-0.0001,0.0000,1.0000,5,121.41,0.03,-1.23,0.3722,-0.0058,6457.31,0.0,0.00,0.00,85.04,86.11,5.29708,11.3808,17.6414,49.9824,48.2751,47.3388,46.8162,46.3455,46.0015,45.6509,45.2936,44.9295,44.4084,43.7959,42.5974,39.9995,34.9781,25.7181,11.7107
65.826,-0.0001,0.0000,1.0000,5,119.02,0.02,-1.19,0.3729,-0.0058,6190.8,0.0,0.00,0.00,81.50,82.60,5.29094,11.3675,17.6206,49.1992,47.5063,46.5808,46.0651,45.6011,45.2623,44.9172,44.5658,44.208,43.6962,43.0955,41.922,39.3876,34.5342,25.732,11.7169
65.851,-0.0001,0.0000,1.0000,5,116.66,0.02,-1.16,0.3736,-0.0058,5919.9,0.0,0.00,0.00,77.90,79.04,5.28489,11.3544,17.6002,48.431,46.7525,45.8378,45.3289,44.8715,44.5378,44.1981,43.8524,43.5008,42.9982,42.4088,41.2596,38.7865,34.0919,25.7458,11.7231
65.870,-0.0000,0.0000,1.0000,5,114.30,0.02,-1.09,0.3743,-0.0058,5684.75,0.0,0.00,0.00,74.77,75.90,5.27896,11.3416,17.5801,47.6777,46.0136,45.1096,44.6074,44.1565,43.8277,43.4934,43.1534,42.8077,42.314,41.7357,40.6102,38.1961,33.6517,25.7593,11.7291
65.895,-0.0000,0.0000,1.0000,5,111.97,0.02,-1.04,0.3750,-0.0058,5438.05,0.0,0.00,0.00,71.52,72.66,5.27317,11.329,17.5605,46.9392,45.2896,44.3961,43.9005,43.456,43.1321,42.803,42.4685,42.1286,41.6437,41.0763,39.9736,37.6166,33.2142,25.7461,11.735
65.913,-0.0000,0.0000,1.0000,5,109.69,0.02,-1.01,0.3756,-0.0058,5235.99,0.0,0.00,0.00,67.89,69.01,5.2675,11.3167,17.5412,46.2153,44.5801,43.6971,43.208,42.7697,42.4507,42.1267,41.7976,41.4634,40.987,40.4302,39.3498,37.0478,32.7801,25.6866,11.7408
65.939,-0.0000,0.0000,1.0000,5,107.46,0.02,-0.99,0.3763,-0.0058,5235.99,0.0,0.00,0.00,63.96,65.07,5.26192,11.3045,17.5221,45.5058,43.885,43.0123,42.5297,42.0975,41.7832,41.4642,41.1404,40.8118,40.3438,39.7972,38.7384,36.4895,32.3498,25.5914,11.7465
65.957,-0.0000,0.0000,1.0000,5,105.26,0.01,-0.97,0.3769,-0.0058,5235.99,0.0,0.00,0.00,59.84,60.94,5.25647,11.2927,17.5035,44.8102,43.2039,42.3413,41.8651,41.439,41.1293,40.8152,40.4966,40.1735,39.7135,39.177,38.1392,35.9416,31.9236,25.4679,11.752
65.983,-0.0000,0.0000,1.0000,5,103.08,0.01,-0.96,0.3776,-0.0058,5235.99,0.0,0.00,0.00,55.58,56.67,5.25111,11.281,17.4852,44.1286,42.5366,41.6842,41.2141,40.794,40.4889,40.1795,39.866,39.5482,39.0962,38.5694,37.5521,35.4041,31.5018,25.3219,11.7575
66.002,-0.0000,0.0000,1.0000,5,100.90,0.01,-0.93,0.3782,-0.0058,5235.99,0.0,0.00,0.00,51.22,52.31,5.2459,11.2697,17.4675,43.4608,41.8831,41.0406,40.5767,40.1624,39.8618,39.5572,39.2486,38.936,38.4918,37.9744,36.9769,34.8768,31.0848,25.1577,11.7628
66.026,-0.0000,0.0000,1.0000,5,98.74,0.01,-0.90,0.3788,-0.0058,5235.99,0.0,0.00,0.00,46.77,47.85,5.24081,11.2587,17.4502,42.8068,41.2434,40.4108,39.9528,39.5443,39.248,38.948,38.6443,38.3368,37.9001,37.3921,36.4138,34.3599,30.6731,24.9789,11.768
66.045,-0.0000,0.0000,0.5000,5,96.60,0.01,-0.87,0.3794,-0.0058,5235.99,0.0,0.00,0.00,42.24,43.31,5.23579,11.2478,17.4333,42.1665,40.6173,39.7944,39.3424,38.9395,38.6475,38.352,38.053,37.7505,37.3212,36.8221,35.8626,33.8534,30.2669,24.7884,11.7731
66.070,-0.0000,0.0000,0.2500,5,94.49,0.01,-0.84,0.3800,-0.0058,5235.99,0.0,0.00,0.00,45.15,46.21,5.23093,11.2373,17.4169,41.5397,40.0046,39.1913,38.7451,38.3478,38.06,37.7689,37.4745,37.1769,36.7547,36.2645,35.323,33.3571,29.8664,24.5882,11.778
66.089,-0.0000,0.0000,0.1250,5,92.39,0.01,-0.81,0.3805,-0.0058,5235.99,0.0,8.93,8.93,52.02,53.07,5.22619,11.2271,17.401,40.9263,39.4053,38.6013,38.1609,37.769,37.4853,37.1985,36.9087,36.6158,36.2006,35.7189,34.7951,32.8709,29.4718,24.3804,11.7828
66.114,-0.0000,0.0000,0.0625,5,90.33,0.01,-0.76,0.3811,-0.0058,5235.99,0.0,22.31,22.32,60.85,61.89,5.2215,11.217,17.3855,40.3263,38.8191,38.0245,37.5897,37.2031,36.9234,36.6409,36.3555,36.0672,35.6589,35.1855,34.2788,32.3949,29.0834,24.1667,11.7876
66.133,-0.0000,0.0000,0.0312,5,88.35,0.01,-0.74,0.3816,-0.0058,5359.88,0.0,37.73,37.73,70.03,70.99,5.21696,11.2073,17.3706,39.7391,38.2457,37.4602,37.031,36.6496,36.3739,36.0955,35.8144,35.5306,35.1289,34.6636,33.7736,31.9287,28.701,23.9482,11.7921
66.158,-0.0000,0.0000,0.0156,4,86.72,0.01,-0.71,0.3821,-0.0058,5759.67,0.0,53.85,53.85,76.03,76.26,5.21291,11.2001,17.4067,39.1618,37.6821,36.9056,36.4817,36.1054,35.8336,35.5592,35.2823,35.0029,34.6077,34.1503,33.2763,31.4692,28.3217,23.7232,11.7958
66.176,-0.0000,0.0000,0.0078,4,85.66,0.01,-0.69,0.3826,-0.0056,6412.08,0.0,69.40,69.41,75.71,75.73,5.20922,11.1946,17.6207,38.5914,37.1252,36.3575,35.939,35.5677,35.2996,35.0292,34.7565,34.4814,34.0926,33.6428,32.7846,31.0141,27.9442,23.492,11.7987
66.202,-0.0000,0.0000,0.0039,4,85.09,0.01,-0.68,0.3831,-0.0056,6407.05,0.0,78.03,78.04,75.04,75.05,5.20528,11.1873,18.6969,38.028,36.5755,35.8168,35.4036,35.0373,34.773,34.5065,34.2379,33.9671,33.5846,33.1424,32.2998,30.5654,27.5708,23.2586,11.8023
66.226,-0.0000,0.0000,0.0020,4,85.01,0.01,-0.68,0.3836,-0.0056,6300.92,0.0,78.06,78.06,74.87,74.89,5.20122,11.1791,39.6705,37.4667,36.0281,35.2783,34.8705,34.5092,34.2487,33.9862,33.7217,33.4552,33.0789,32.6443,31.8171,30.1183,27.1975,23.0204,11.8063
66.245,-0.0000,0.0000,0.0010,4,84.93,0.01,-0.69,0.3841,-0.0055,6296.04,0.0,78.01,78.01,74.81,74.84,5.19718,11.1707,39.0971,36.9057,35.4812,34.7405,34.338,33.9818,33.7251,33.4665,33.2061,32.9439,32.5738,32.1468,31.3349,29.6713,26.8229,22.7763,11.8103
66.270,-0.0000,0.0000,0.0005,4,84.86,0.01,-0.71,0.3846,-0.0055,6291.0,0.0,77.96,77.96,74.75,74.77,5.19316,11.1624,38.5235,36.345,34.9348,34.2031,33.8061,33.4549,33.202,32.9473,32.691,32.4331,32.0692,31.6497,30.853,29.2244,26.4468,22.5266,11.8142
66.289,-0.0000,0.0000,0.0002,4,84.79,0.01,-0.75,0.3851,-0.0055,6286.13,0.0,77.90,77.91,74.69,74.72,5.18916,11.1541,37.9496,35.7844,34.3887,33.6662,33.2746,32.9285,32.6794,32.4286,32.1764,31.9227,31.5651,31.1531,30.3715,28.7773,26.0693,22.2714,11.8182
66.314,-0.0000,0.0000,0.0001,4,84.72,0.00,-0.78,0.3856,-0.0055,6280.99,0.0,77.84,77.84,74.63,74.66,5.18516,11.1457,37.3755,35.2241,33.843,33.1298,32.7436,32.4025,32.1572,31.9104,31.6623,31.4128,31.0614,30.6568,29.8902,28.3301,25.6904,22.0111,11.8221
66.332,-0.0000,0.0000,0.0001,4,84.65,0.00,-0.81,0.3861,-0.0055,6275.87,0.0,77.78,77.78,74.57,74.60,5.1812,11.1375,36.801,34.6638,33.2976,32.5936,32.2129,31.8769,31.6354,31.3926,31.1485,30.9033,30.558,30.1608,29.4091,27.8827,25.3101,21.7458,11.8261
66.358,0.0254,0.0000,0.0000,4,84.58,0.00,-0.83,0.3865,-0.0055,6270.8,0.0,77.71,77.72,74.51,74.54,5.17726,11.1294,36.2261,34.1036,32.7525,32.0579,31.6826,31.3517,31.114,30.8751,30.6351,30.3941,30.055,29.6651,28.9282,27.4352,24.9284,21.4757,11.8299
66.377,0.1013,0.0000,0.0000,4,84.51,0.08,-0.84,0.3871,-0.0061,6265.67,0.0,77.73,77.57,74.56,74.37,5.16964,11.1005,35.6654,33.5593,32.224,31.539,31.1694,30.8437,30.6099,30.375,30.1392,29.9024,29.5695,29.1871,28.465,27.0053,24.5631,21.2181,11.8417
66.402,0.1947,0.0000,0.0000,4,84.43,0.28,-0.84,0.3879,-0.0089,6260.07,0.0,77.91,77.23,74.77,74.02,5.14865,10.9986,35.1552,33.0699,31.7526,31.0782,30.7147,30.3945,30.1648,29.9341,29.7027,29.4704,29.144,28.7692,28.0624,26.6361,24.2568,21.0136,11.8822
66.420,0.2592,0.0000,0.0000,4,84.34,0.49,-0.83,0.3893,-0.0152,6253.17,0.0,78.17,76.76,75.09,73.54,5.10509,10.78,34.7273,32.6688,31.3723,30.7097,30.3528,30.0387,29.8134,29.5873,29.3605,29.1329,28.8133,28.4465,27.7553,26.3628,24.0441,20.8948,11.972
66.445,0.2325,0.4500,0.0000,4,84.22,0.58,-0.81,0.3915,-0.0253,6245.02,0.0,78.44,76.29,75.38,73.06,5.0372,10.4488,34.3834,32.3571,31.084,30.4342,30.0844,29.7767,29.5561,29.3347,29.1127,28.89,28.5774,28.2188,27.5433,26.1844,23.9235,20.8598,12.1183
66.464,0.2092,0.6975,0.0000,4,84.38,0.46,-0.80,0.3947,-0.0374,6380.93,0.0,78.73,76.19,75.82,75.82,4.95454,10.072,34.0795,32.0874,30.8383,30.2014,29.8589,29.5576,29.3416,29.125,28.9078,28.69,28.3843,28.0338,27.3739,26.0477,23.8426,20.8589,12.3028
66.489,0.1883,0.8336,0.0000,4,84.67,0.29,-0.79,0.3987,-0.0493,6476.04,0.0,78.93,76.43,76.94,76.94,4.86793,9.71265,33.7667,31.8073,30.5814,29.957,29.6214,29.3263,29.1149,28.9028,28.6903,28.4772,28.1782,27.8355,27.1907,25.8962,23.7456,20.8393,12.4914
66.508,0.1695,0.9085,0.0000,4,85.08,0.11,-0.78,0.4036,-0.0606,6550.79,0.0,79.19,76.83,77.83,77.83,4.77981,9.38314,33.4336,31.505,30.3012,29.6888,29.3598,29.0707,28.8636,28.656,28.4479,28.2394,27.9468,27.6116,26.9814,25.7175,23.6205,20.7901,12.655
66.533,0.1525,0.9497,0.0000,4,85.55,-0.05,-0.81,0.4093,-0.0709,6609.27,0.0,79.48,77.32,78.52,78.52,4.69157,9.09076,33.0738,31.1739,29.9909,29.3899,29.0673,28.7839,28.581,28.3776,28.1738,27.9696,27.6833,27.3554,26.7392,25.5049,23.4609,20.7056,12.7892
66.551,0.1373,0.9723,0.0000,4,86.07,-0.16,-0.85,0.4158,-0.0801,6660.24,0.0,79.82,77.87,79.13,79.13,4.60366,8.83925,32.6848,30.8116,29.6483,29.0583,28.7418,28.4639,28.2649,28.0656,27.8659,27.666,27.3857,27.0648,26.4623,25.2569,23.2652,20.5844,12.8931
66.576,0.1235,0.9848,0.0000,4,86.62,-0.23,-0.89,0.4229,-0.0884,6707.84,0.0,80.20,78.46,79.69,79.69,4.51557,8.62855,32.2695,30.4212,29.2768,28.6973,28.3867,28.1141,27.919,27.7236,27.528,27.3321,27.0577,26.7437,26.1544,24.9774,23.037,20.4306,12.9693
66.595,0.1112,0.9916,0.0000,4,87.17,-0.26,-0.92,0.4308,-0.0958,6755.6,0.0,80.62,79.05,80.26,80.26,4.42651,8.45889,31.8318,30.0073,28.8812,28.3118,28.0069,27.7395,27.5482,27.3566,27.1649,26.9731,26.7043,26.397,25.8208,24.6715,22.7818,20.2495,13.0208
66.620,0.1001,0.9954,0.0000,4,87.74,-0.28,-0.95,0.4393,-0.1027,6803.36,0.0,81.08,79.65,80.82,80.82,4.33585,8.33319,31.3757,29.5741,28.4657,27.9064,27.607,27.3447,27.157,26.9693,26.7815,26.5935,26.3304,26.0297,25.4663,24.3443,22.5044,20.0457,13.0506
66.639,0.0901,0.9975,0.0000,4,88.30,-0.30,-0.98,0.4485,-0.1090,6867.21,0.0,81.56,80.23,81.56,81.56,4.24327,8.2595,30.9038,29.1245,28.0335,27.484,27.1901,26.9327,26.7488,26.5648,26.3807,26.1967,25.939,25.6448,25.094,23.9991,22.2083,19.8225,13.0606
66.664,0.0811,0.9986,0.0000,4,88.88,-0.34,-1.04,0.4582,-0.1151,6925.02,0.0,82.06,80.79,82.27,82.27,4.14832,8.25018,30.4204,28.663,27.5891,27.0492,26.7608,26.5083,26.328,26.1476,25.9673,25.7871,25.5349,25.2471,24.7088,23.6404,21.898,19.5842,13.0536
66.682,0.0786,0.9992,0.0000,4,89.48,-0.37,-1.06,0.4685,-0.1207,6961.56,0.0,82.56,81.38,82.71,82.71,4.05139,8.34125,29.9235,28.1876,27.1307,26.6003,26.3173,26.0697,25.8929,25.7162,25.5396,25.3631,25.1163,24.8348,24.3089,23.2667,21.5722,19.3297,13.0289
66.707,0.1528,0.5496,0.0000,4,90.09,-0.37,-1.08,0.4794,-0.1260,6998.23,0.0,83.07,81.97,83.14,83.14,3.95238,8.61437,29.4132,27.6986,26.6586,26.1377,25.86,25.6172,25.4439,25.2708,25.0979,24.9252,24.6838,24.4086,23.8948,22.8787,21.2314,19.0596,12.9871
66.726,0.2410,0.3023,0.0000,4,90.48,-0.16,-1.08,0.4909,-0.1319,6852.66,0.0,83.56,82.29,81.43,81.43,3.84713,9.37463,28.9114,27.2186,26.1953,25.6839,25.4115,25.1735,25.0037,24.8342,24.6649,24.4959,24.2597,23.9907,23.489,22.4984,20.8971,18.7937,12.9403
66.751,0.3069,0.1662,0.0000,4,90.61,0.07,-1.07,0.5033,-0.1397,6795.34,0.0,83.86,82.24,80.75,80.75,3.73124,30.7248,28.4416,26.771,25.7646,25.2625,24.9953,24.762,24.5956,24.4296,24.2638,24.0984,23.8674,23.6044,23.1143,22.1481,20.5905,18.5516,12.9
66.770,0.3564,0.0914,0.0000,4,90.60,0.22,-1.06,0.5168,-0.1501,6759.31,0.0,84.12,81.97,81.40,79.25,3.60875,30.2832,28.0197,26.3716,25.3818,24.8887,24.6266,24.3978,24.2347,24.072,23.9096,23.7477,23.5216,23.2642,22.785,21.8418,20.3246,18.3448,12.8734
66.795,0.3937,0.0503,0.0000,4,90.52,0.18,-1.10,0.5313,-0.1635,6735.17,0.0,84.34,81.62,81.47,78.61,3.48947,29.8937,27.6513,26.0256,25.0517,24.5673,24.3099,24.0854,23.9254,23.7658,23.6066,23.4479,23.2263,22.9743,22.5053,21.5831,20.1029,18.1759,12.8617
66.820,0.4217,0.0277,0.0000,4,90.40,0.02,-1.16,0.5470,-0.1789,6715.73,0.0,84.45,81.28,81.48,78.14,3.37616,29.5401,27.3188,25.7148,24.7561,24.2798,24.027,23.8065,23.6494,23.4928,23.3366,23.1808,22.9635,22.7165,22.2569,21.3543,19.908,18.0293,12.8561
66.839,0.4430,0.0152,0.0000,4,90.25,-0.22,-1.22,0.5640,-0.1962,6698.69,0.0,84.49,80.94,81.48,77.74,3.2695,29.2166,27.016,25.4326,24.4884,24.0199,23.7712,23.5545,23.4002,23.2463,23.0929,22.9399,22.7266,22.4841,22.0334,21.1489,19.7338,17.8992,12.8537
66.864,0.4592,0.0084,0.0000,4,90.08,-0.50,-1.25,0.5814,-0.1901,6682.19,0.0,84.49,80.58,81.47,77.36,3.1695,28.9207,26.7401,25.1764,24.2457,23.7844,23.5397,23.3264,23.1747,23.0233,22.8725,22.7222,22.5126,22.2744,21.8318,20.9641,19.5776,17.7833,12.8537
66.883,0.4704,0.0046,0.0000,4,89.89,-0.84,-1.26,0.5974,-0.1778,6665.96,0.0,84.46,80.22,81.44,77.00,3.07651,28.6494,26.4879,24.9425,24.0245,23.5699,23.3289,23.1189,22.9695,22.8205,22.6721,22.5242,22.318,22.0838,21.6487,20.7964,19.4362,17.6786,12.8547
66.907,0.4738,0.0025,0.0000,4,89.68,-1.26,-1.29,0.6119,-0.1666,6649.42,0.0,84.40,79.86,81.39,76.66,2.99058,28.4009,26.2575,24.729,23.8228,23.3744,23.1368,22.9298,22.7826,22.6358,22.4896,22.3439,22.1409,21.9103,21.4821,20.6439,19.3078,17.5838,12.856
66.927,0.4718,0.0014,0.0000,4,89.46,-1.87,-1.38,0.6249,-0.1570,6632.76,0.0,84.36,79.47,81.38,76.28,2.9113,28.1813,26.0546,24.5416,23.646,23.2033,22.9687,22.7645,22.6192,22.4744,22.3302,22.1865,21.9864,21.759,21.3371,20.5115,19.1969,17.5025,12.86
66.951,0.4690,0.0008,0.0000,4,89.22,-2.53,-1.44,0.6364,-0.1488,6614.79,0.0,84.29,79.08,81.32,75.91,2.83965,27.9846,25.873,24.3739,23.488,23.0503,22.8185,22.6167,22.4732,22.3303,22.1878,22.046,21.8483,21.6239,21.2075,20.3934,19.0979,17.4301,12.864
66.970,0.4628,0.0004,0.0000,4,88.97,-3.20,-1.47,0.6465,-0.1411,6596.6,0.0,84.11,78.72,81.19,75.61,2.77718,27.7988,25.7009,24.2143,23.337,22.9039,22.6747,22.4752,22.3333,22.1919,22.0511,21.9109,21.7156,21.4939,21.0826,20.2788,19.001,17.3576,12.8633
66.995,0.4494,0.0002,0.0000,4,88.70,-3.84,-1.48,0.6552,-0.1337,6577.05,0.0,83.86,78.38,81.00,75.34,2.72505,27.6166,25.5307,24.0555,23.186,22.7571,22.5302,22.3327,22.1923,22.0525,21.9132,21.7746,21.5814,21.3622,20.9557,20.1616,18.9003,17.2799,12.8552
67.014,0.4362,0.0001,0.0000,4,88.42,-4.45,-1.48,0.6626,-0.1262,6557.0,0.0,83.58,78.08,80.76,75.10,2.68508,27.432,25.3566,23.8917,23.0293,22.6043,22.3795,22.184,22.045,21.9066,21.7687,21.6315,21.4404,21.2235,20.8215,20.0366,18.791,17.1928,12.8374
67.039,0.4216,0.0001,0.0000,4,88.13,-4.99,-1.46,0.6686,-0.1183,6536.32,0.0,83.25,77.81,80.49,74.89,2.65808,27.241,25.1745,23.7191,22.8633,22.4419,22.2191,22.0253,21.8876,21.7505,21.614,21.4782,21.289,21.0744,20.6766,19.9006,18.6703,17.0937,12.808
67.058,0.4085,0.0000,0.0000,4,87.84,-5.48,-1.45,0.6734,-0.1099,6515.12,0.0,82.91,77.55,80.19,74.68,2.64444,27.0421,24.9832,23.5364,22.6868,22.2687,22.0478,21.8557,21.7192,21.5834,21.4482,21.3136,21.1263,20.9138,20.5202,19.7528,18.5374,16.9821,12.7666
67.083,0.3986,0.0000,0.0000,4,87.54,-5.91,-1.43,0.6768,-0.0993,6493.52,0.0,82.57,77.30,79.89,74.47,2.64434,26.8358,24.783,23.3441,22.5004,22.0855,21.8663,21.6758,21.5405,21.4058,21.2718,21.1384,20.9529,20.7425,20.3529,19.5937,18.3929,16.8588,12.7137
67.102,0.3915,0.0000,0.0000,4,87.24,-6.31,-1.42,0.6789,-0.0883,6471.6,0.0,82.23,77.04,79.59,74.25,2.65789,26.6235,24.5757,23.1439,22.3057,21.8938,21.6764,21.4874,21.3532,21.2196,21.0867,20.9545,20.7706,20.5621,20.1763,19.4252,18.2386,16.7252,12.6504
67.126,0.3864,0.0000,0.0000,4,86.93,-6.68,-1.42,0.6795,-0.0772,6449.37,0.0,81.90,76.77,79.29,74.01,2.68519,26.4071,24.363,22.9378,22.1046,21.6956,21.4797,21.2922,21.159,21.0265,20.8947,20.7636,20.5812,20.3746,19.9923,19.2489,18.076,16.5828,12.5777
67.145,0.3829,0.0000,0.0000,4,86.62,-7.03,-1.42,0.6787,-0.0660,6426.82,0.0,81.57,76.48,79.00,73.77,2.72647,26.1879,24.1466,22.727,21.8985,21.4922,21.2778,21.0916,20.9594,20.8279,20.6971,20.5671,20.3862,20.1813,19.8024,19.0662,17.9066,16.4331,12.4964
67.170,0.3806,0.0000,0.0000,4,86.30,-7.34,-1.42,0.6766,-0.0547,6403.95,0.0,81.23,76.19,78.71,73.52,2.78211,25.966,23.9264,22.5119,21.6877,21.2838,21.0708,20.8859,20.7546,20.6241,20.4943,20.3652,20.1857,19.9825,19.6068,18.8775,17.7307,16.2762,12.407
67.189,0.3792,0.0000,0.0000,4,85.98,-7.62,-1.42,0.6732,-0.0434,6380.79,0.0,80.89,75.89,78.41,73.27,2.85294,25.741,23.7022,22.2921,21.4719,21.0703,20.8586,20.6749,20.5445,20.4149,20.286,20.1579,19.9798,19.7781,19.4055,18.6828,17.5482,16.1124,12.3096
67.214,0.3784,0.0000,0.0000,4,85.66,-7.87,-1.41,0.6685,-0.0320,6357.38,0.0,80.54,75.60,78.10,73.02,2.94153,25.5127,23.4739,22.0675,21.251,20.8516,20.6412,20.4586,20.329,20.2002,20.0722,19.945,19.7682,19.568,19.1984,18.4821,17.3593,15.9417,12.2046
67.233,0.3781,0.0000,0.0000,4,85.33,-8.08,-1.40,0.6626,-0.0206,6333.8,0.0,80.19,75.30,77.79,72.77,3.04938,25.2802,23.2408,21.8375,21.0245,20.6272,20.4179,20.2364,20.1077,19.9797,19.8525,19.7262,19.5506,19.352,18.9852,18.2751,17.1638,15.7641,12.0921
67.258,0.3783,0.0000,0.0000,4,85.01,-8.26,-1.40,0.6554,-0.0091,6310.13,0.0,79.84,75.01,77.48,72.52,3.17782,25.0436,23.0028,21.6023,20.7925,20.3971,20.189,20.0086,19.8806,19.7534,19.6271,19.5016,19.3272,19.13,18.766,18.062,16.9619,15.5798,11.9725
67.276,0.3787,0.0000,0.0000,4,84.68,-8.40,-1.39,0.6471,0.0032,6286.37,0.0,79.48,74.72,77.16,72.27,3.32838,24.803,22.7603,21.3623,20.5554,20.1619,19.9549,19.7754,19.6482,19.5218,19.3963,19.2716,19.0984,18.9025,18.5414,17.8433,16.7542,15.3894,11.8462
67.301,0.3793,0.0000,0.0000,4,84.35,-8.51,-1.37,0.6376,0.0167,6262.57,0.0,79.13,74.42,76.85,72.02,3.50293,24.5591,22.5139,21.118,20.3138,19.9221,19.7162,19.5377,19.4112,19.2856,19.1608,19.0368,18.8648,18.6703,18.3118,17.6196,16.5414,15.1935,11.7138
67.321,0.3801,0.0000,0.0000,4,84.03,-8.58,-1.36,0.6268,0.0302,6238.75,0.0,78.79,74.13,76.54,71.77,3.70381,24.3122,22.2641,20.87,20.0684,19.6784,19.4735,19.2959,19.1702,19.0452,18.9212,18.798,18.6271,18.4339,18.0781,17.3915,16.3241,14.9927,11.5758
67.345,0.3810,0.0000,0.0000,4,83.70,-8.63,-1.35,0.6148,0.0435,6214.97,0.0,78.45,73.84,76.23,71.51,3.93393,24.0632,22.0117,20.6191,19.8199,19.4315,19.2275,19.0509,18.9258,18.8016,18.6783,18.5558,18.386,18.1941,17.8408,17.1599,16.1029,14.7879,11.4328
67.371,0.3820,0.0000,0.0000,4,83.38,-8.67,-1.34,0.6016,0.0565,6191.21,0.0,78.12,73.54,75.93,71.25,4.1972,23.8128,21.7574,20.3662,19.5691,19.1822,18.9791,18.8034,18.6789,18.5554,18.4328,18.3111,18.1423,17.9517,17.6008,16.9254,15.8787,14.5797,11.2853
67.389,0.3830,0.0000,0.0000,4,83.05,-8.67,-1.32,0.5874,0.0694,6167.48,0.0,77.79,73.25,75.62,70.99,4.49953,23.5637,21.5011,20.1109,19.3159,18.9305,18.7282,18.5533,18.4295,18.3066,18.1846,18.0637,17.8959,17.7065,17.3581,16.688,15.6515,14.3682,11.1335
67.414,0.3841,0.0000,0.0000,4,82.73,-8.66,-1.31,0.5721,0.0820,6143.84,0.0,77.47,72.97,75.32,70.73,4.84936,23.3191,21.2424,19.8531,19.0602,18.6761,18.4747,18.3006,18.1773,18.0551,17.9338,17.8135,17.6467,17.4585,17.1125,16.4477,15.4212,14.1535,10.9776
67.433,0.3853,0.0000,0.0000,4,82.41,-8.62,-1.29,0.5559,0.0945,6120.34,0.0,77.15,72.69,75.02,70.47,5.2599,23.0786,20.9814,19.5929,18.8019,18.4192,18.2186,18.0452,17.9226,17.8009,17.6803,17.5606,17.3948,17.2078,16.8642,16.2047,15.188,13.9359,10.8179
67.458,0.3864,0.0000,0.0000,4,82.09,-8.56,-1.27,0.5387,0.1066,6097.01,0.0,76.83,72.41,74.72,70.22,5.7535,22.842,20.7181,19.3302,18.5412,18.1598,17.9601,17.7874,17.6654,17.5443,17.4243,17.3053,17.1404,16.9546,16.6133,15.959,14.9522,13.7154,10.6547
67.477,0.3876,0.0000,0.0000,4,81.78,-8.48,-1.25,0.5206,0.1186,6073.88,0.0,76.52,72.14,74.42,69.96,6.37431,22.6091,20.4526,19.0652,18.2781,17.8981,17.6992,17.5273,17.4058,17.2853,17.1659,17.0476,16.8837,16.699,16.36,15.7108,14.7139,13.4924,10.4883
67.501,0.3888,0.0000,0.0000,4,81.47,-8.38,-1.23,0.5017,0.1303,6050.97,0.0,76.21,71.87,74.13,69.71,7.23589,22.38,20.1849,18.7982,18.0129,17.6342,17.4361,17.265,17.1441,17.0243,16.9055,16.7878,16.6248,16.4412,16.1045,15.4605,14.4734,13.2671,10.319
67.520,0.3899,0.0000,0.0000,4,81.16,-8.26,-1.22,0.4820,0.1417,6028.31,0.0,75.91,71.60,73.84,69.46,46.8726,22.1548,19.9154,18.5292,17.7458,17.3684,17.1712,17.0008,16.8805,16.7612,16.6431,16.5261,16.3641,16.1816,15.8472,15.2083,14.231,13.0399,10.147
67.545,0.3916,0.0000,0.0000,4,80.86,-8.12,-1.20,0.4616,0.1529,6005.89,0.0,75.61,71.35,73.55,69.22,48.1779,21.9335,19.6441,18.2584,17.4769,17.1009,16.9045,16.7349,16.6152,16.4965,16.379,16.2626,16.1016,15.9203,15.5881,14.9543,13.9868,12.8109,9.97258
67.564,0.3930,0.0000,0.0000,4,80.56,-7.97,-1.18,0.4404,0.1638,5983.75,0.0,75.32,71.09,73.27,68.97,49.6608,21.7163,19.3711,17.9861,17.2065,16.8319,16.6363,16.4675,16.3484,16.2303,16.1135,15.9977,15.8377,15.6575,15.3277,14.6989,13.7412,12.5804,9.79603
67.589,0.3945,0.0000,0.0000,4,80.27,-7.81,-1.16,0.4187,0.1744,5961.89,0.0,75.04,70.84,72.99,68.73,51.3566,21.5033,19.0967,17.7123,16.9347,16.5615,16.3667,16.1987,16.0802,15.9628,15.8465,15.7315,15.5724,15.3934,15.0659,14.4423,13.4943,12.3486,9.61755
67.608,0.3958,0.0000,0.0000,4,79.98,-7.63,-1.15,0.3963,0.1847,5940.33,0.0,74.77,70.60,72.72,68.49,53.3109,21.2949,18.8223,17.4372,16.6617,16.2899,16.096,15.9288,15.8108,15.6941,15.5785,15.4641,15.306,15.1282,14.803,14.1846,13.2464,12.1157,9.43747
67.633,0.3971,0.0000,0.0000,4,79.69,-7.43,-1.13,0.3734,0.1947,5919.08,0.0,74.50,70.36,72.45,68.25,55.5844,21.0914,18.5512,17.1611,16.3877,16.0173,15.8243,15.6579,15.5406,15.4245,15.3096,15.1959,15.0388,14.8621,14.5393,13.9261,12.9976,11.882,9.25601
67.651,0.3983,0.0000,0.0000,4,79.41,-7.23,-1.11,0.3500,0.2043,5898.14,0.0,74.24,70.12,72.19,68.02,58.2573,20.8932,18.2838,16.8842,16.1129,15.744,15.5519,15.3864,15.2696,15.1542,15.0399,14.9269,14.7708,14.5954,14.275,13.667,12.7483,11.6477,9.0734
67.677,0.3995,0.0000,0.0000,4,79.14,-7.02,-1.10,0.3260,0.2137,5877.52,0.0,73.99,69.90,71.93,67.79,61.4394,20.7008,18.0204,16.6066,15.8375,15.4702,15.2789,15.1142,14.9981,14.8833,14.7698,14.6575,14.5024,14.3282,14.0102,13.4076,12.4987,11.413,8.88982
67.695,0.4007,0.0000,0.0000,4,78.86,-6.80,-1.08,0.3017,0.2227,5857.23,0.0,73.74,69.67,71.68,67.56,65.2836,20.5149,17.761,16.3285,15.5618,15.1959,15.0056,14.8418,14.7264,14.6122,14.4993,14.3878,14.2337,14.0608,13.7453,13.1479,12.2489,11.1782,8.70548
67.720,0.4018,0.0000,0.0000,4,78.60,-6.58,-1.07,0.2769,0.2315,5837.27,0.0,73.50,69.45,71.43,67.33,70.0109,20.336,17.5059,16.0502,15.2858,14.9215,14.7321,14.5692,14.4544,14.3409,14.2288,14.1179,13.965,13.7933,13.4802,12.8883,11.9992,10.9433,8.52052
67.739,0.4029,0.0000,0.0000,4,78.33,-6.35,-1.05,0.2518,0.2398,5817.63,0.0,73.27,69.23,71.19,67.10,75.9521,20.1649,17.2555,15.7717,15.0097,14.647,14.4586,14.2966,14.1825,14.0697,13.9583,13.8482,13.6963,13.5258,13.2153,12.6288,11.7496,10.7086,8.33512
67.764,0.4040,0.0000,0.0000,4,78.07,-6.11,-1.04,0.2264,0.2478,5798.33,0.0,73.05,69.02,70.95,66.88,83.6246,20.0024,17.01,15.4939,14.7337,14.3727,14.1853,14.0242,13.9107,13.7986,13.6879,13.5786,13.4278,13.2586,12.9506,12.3696,11.5005,10.4742,8.14941
67.782,0.4050,0.0000,0.0000,4,77.82,-5.88,-1.02,0.2007,0.2553,5779.37,0.0,72.83,68.81,70.72,66.66,93.8881,19.8495,16.7699,15.2202,14.458,14.0987,13.9122,13.752,13.6393,13.5279,13.4179,13.3094,13.1596,12.9918,12.6863,12.1109,11.2518,10.2403,7.96353
67.808,0.4060,0.0000,0.0000,4,77.57,-5.64,-1.01,0.1747,0.2624,5760.74,0.0,72.62,68.61,70.49,66.44,108.284,19.7073,16.5354,14.9511,14.1826,13.825,13.6396,13.4803,13.3683,13.2577,13.1484,13.0406,12.892,12.7255,12.4226,11.8527,11.0038,10.007,7.77762
67.827,0.4071,0.0000,0.0000,4,77.33,-5.40,-0.99,0.1485,0.2691,5742.44,0.0,72.41,68.41,70.28,66.23,129.877,19.5769,16.3072,14.687,13.9078,13.5519,13.3675,13.2092,13.0979,12.988,12.8795,12.7725,12.625,12.4598,12.1595,11.5953,10.7565,9.77449,7.59177
67.851,0.4080,0.0000,0.0000,4,77.09,-5.17,-0.98,0.1221,0.2755,5724.48,0.0,72.21,68.21,70.06,66.01,165.745,19.46,16.0856,14.4282,13.6345,13.2796,13.0962,12.9389,12.8283,12.7191,12.6114,12.5051,12.3588,12.1949,11.8973,11.3387,10.5101,9.54283,7.40614
67.871,0.4090,0.0000,0.0000,4,76.85,-4.94,-0.97,0.0955,0.2816,5706.83,0.0,72.02,68.02,69.85,65.80,200.0,19.3583,15.8715,14.1751,13.3661,13.008,12.8257,12.6694,12.5595,12.4511,12.3442,12.2387,12.0935,11.931,11.636,11.0832,10.2647,9.31215,7.22081
67.896,0.4100,0.0000,0.0000,4,76.62,-4.71,-0.95,0.0688,0.2873,5689.5,0.0,71.83,67.83,69.65,65.59,200.0,19.2738,15.6655,13.928,13.1032,12.7389,12.5563,12.4009,12.2918,12.1841,12.078,11.9733,11.8293,11.6681,11.3758,10.8287,10.0204,9.08257,7.03588
67.914,0.4109,0.0000,0.0000,4,76.39,-4.49,-0.94,0.0420,0.2927,5672.48,0.0,71.65,67.64,69.45,65.39,200.0,19.2091,15.4685,13.6874,12.8461,12.4754,12.2897,12.1336,12.0252,11.9183,11.8129,11.7091,11.5662,11.4064,11.1168,10.5754,9.77741,8.85416,6.85144
67.939,0.4118,0.0000,0.0000,4,76.17,-4.28,-0.93,0.0151,0.2977,5655.76,0.0,71.48,67.46,69.26,65.18,200.0,19.1668,15.2813,13.4537,12.5952,12.2178,12.029,11.8703,11.7606,11.6537,11.5492,11.4461,11.3044,11.146,10.8591,10.3235,9.53571,8.62702,6.66757
67.965,0.4127,0.0000,0.0000,4,75.95,-4.07,-0.92,-0.0119,0.3023,5639.33,0.0,71.30,67.27,69.07,64.98,114.833,19.1504,15.105,13.2276,12.3509,11.9665,11.7743,11.613,11.5015,11.393,11.2874,11.1845,11.044,10.887,10.6028,10.0729,9.29539,8.40122,6.48437
67.983,0.4136,0.0000,0.0000,4,75.73,-3.87,-0.91,-0.0390,0.3066,5623.18,0.0,71.14,67.09,68.88,64.78,81.6849,19.1636,14.9408,13.0095,12.1135,11.7217,11.5261,11.3621,11.2487,11.1385,11.0312,10.9268,10.7852,10.6293,10.3479,9.82382,9.05651,8.17679,6.30194
68.009,0.4145,0.0000,0.0000,4,75.52,-3.69,-0.90,-0.0661,0.3105,5607.3,0.0,70.97,66.91,68.70,64.58,65.1955,19.2113,14.7898,12.8,11.8834,11.4839,11.2847,11.1177,11.0024,10.8904,10.7813,10.6753,10.5316,10.3739,10.0944,9.57616,8.81909,7.95377,6.12034
68.027,0.4153,0.0000,0.0000,4,75.31,-3.51,-0.89,-0.0932,0.3140,5591.67,0.0,70.81,66.73,68.53,64.39,55.2701,19.2988,14.6536,12.5998,11.6611,11.2533,11.0502,10.8802,10.7629,10.6489,10.5381,10.4304,10.2845,10.1245,9.84256,9.32996,8.58312,7.73216,5.9396
68.053,0.4162,0.0000,0.0000,4,75.10,-3.34,-0.88,-0.1204,0.3172,5576.31,0.0,70.65,66.56,68.35,64.19,48.6009,19.4333,14.5338,12.4097,11.4469,11.0303,10.8232,10.6499,10.5305,10.4144,10.3017,10.1922,10.044,9.88155,9.59566,9.0852,8.34861,7.51198,5.75979
68.071,0.4170,0.0000,0.0000,4,74.90,-3.18,-0.87,-0.1475,0.3200,5561.18,0.0,70.50,66.38,68.19,64.00,43.7825,19.6232,14.4324,12.2304,11.2416,10.8154,10.6039,10.4272,10.3054,10.1872,10.0725,9.96109,9.81041,9.64542,9.35537,8.84187,8.11556,7.29321,5.58092
68.095,0.4178,0.0000,0.0000,4,74.70,-3.04,-0.86,-0.1746,0.3222,5546.28,0.0,70.34,66.21,68.02,63.81,40.1171,19.8795,14.3516,12.063,11.0456,10.609,10.3928,10.2123,10.0881,9.96765,9.85076,9.73732,9.58402,9.41632,9.12186,8.60176,7.88388,7.07584,5.40302
68.114,0.4186,0.0000,0.0000,4,74.50,-2.90,-0.85,-0.2017,0.3241,5531.58,0.0,70.19,66.03,67.86,63.63,37.2186,20.2164,14.2944,11.9084,10.8597,10.4118,10.1904,10.0059,9.87903,9.75607,9.63685,9.52123,9.36513,9.19453,8.89541,8.3683,7.65359,6.85984,5.22613
68.139,0.4194,0.0000,0.0000,4,74.31,-2.78,-0.84,-0.2287,0.3257,5517.08,0.0,70.04,65.86,67.70,63.44,34.8568,20.6521,14.2639,11.7681,10.6846,10.2242,9.99728,9.80835,9.67858,9.55292,9.4312,9.31323,9.15411,8.98039,8.67626,8.14172,7.42463,6.6452,5.05028
68.159,0.4202,0.0000,0.0000,4,74.11,-2.66,-0.83,-0.2556,0.3269,5502.76,0.0,69.90,65.69,67.54,63.26,32.8856,21.2113,14.2643,11.6435,10.5212,10.0471,9.814,9.62024,9.48731,9.3587,9.23424,9.11371,8.95131,8.77421,8.46469,7.92223,7.19788,6.43187,4.87549
68.184,0.4210,0.0000,0.0000,3,73.92,-2.56,-0.82,-0.2824,0.3278,5488.63,0.0,69.75,65.52,67.38,63.08,31.2077,21.9274,14.3005,11.5363,10.3705,9.8812,9.64128,9.44218,9.30577,9.17392,9.04645,8.92314,8.75714,8.57637,8.261,7.71002,6.9775,6.21979,4.70178
68.202,0.4217,0.0000,0.0000,3,73.74,-2.46,-0.81,-0.3091,0.3283,6742.91,0.0,69.60,65.35,67.25,62.93,29.7561,22.8477,14.3789,11.4486,10.2337,9.72742,9.47992,9.2749,9.13464,8.99922,8.86843,8.74205,8.57211,8.38731,8.06556,7.50536,6.76414,6.00891,4.52918
68.227,0.4225,0.0000,0.0000,3,73.55,-2.37,-0.80,-0.3357,0.3286,6736.09,0.0,69.46,65.19,67.10,62.76,28.4832,24.0401,14.5071,11.3829,10.1122,9.58677,9.33079,9.11919,8.97463,8.83525,8.70078,8.57099,8.39671,8.20748,7.87873,7.30846,6.55792,5.79925,4.35766
68.246,0.4232,0.0000,0.0000,3,73.36,-2.29,-0.80,-0.3621,0.3286,6686.01,0.0,69.31,65.02,66.82,62.40,27.3542,25.608,14.6953,11.3422,10.0076,9.46055,9.19503,8.97603,8.82668,8.68286,8.5443,8.41071,8.2316,8.03745,7.70097,7.11968,6.35904,5.59474,4.18728
68.272,0.4240,0.0000,0.0000,3,73.16,-2.22,-0.79,-0.3884,0.3282,6665.43,0.0,69.15,64.85,66.64,62.18,26.3401,27.7205,14.9585,11.3313,9.92271,9.35092,9.07456,8.84718,8.6924,8.54358,8.4004,8.26256,8.07802,7.87836,7.53325,6.93973,6.168,5.39765,4.01812
68.290,0.4248,0.0000,0.0000,3,72.96,-2.16,-0.78,-0.4146,0.3276,6647.04,0.0,68.99,64.66,66.47,61.99,25.4192,30.6672,15.3175,11.3563,9.86097,9.26061,8.97178,8.7348,8.57381,8.41929,8.27085,8.12817,7.93748,7.7316,7.37674,6.76948,5.98537,5.20834,3.85029
68.315,0.4255,0.0000,0.0000,3,72.76,-2.11,-0.78,-0.4405,0.3265,6628.91,0.0,68.84,64.47,66.31,61.80,24.5757,34.9802,15.7999,11.4244,9.82625,9.19251,8.88922,8.64113,8.473,8.31191,8.15744,8.0092,7.81147,7.59847,7.23253,6.60969,5.81162,5.0271,3.68382
68.334,0.4263,0.0000,0.0000,3,72.56,-2.06,-0.77,-0.4663,0.3252,6610.89,0.0,68.68,64.28,66.15,61.61,23.7982,41.7588,16.4441,11.5445,9.82297,9.1499,8.82968,8.56866,8.39221,8.2235,8.06204,7.90739,7.70155,7.48037,7.10173,6.46113,5.64721,4.85417,3.51872
68.359,0.4271,0.0000,0.0000,3,72.36,-2.04,-0.78,-0.4919,0.3236,6593.14,0.0,68.50,64.11,65.98,61.43,23.0836,53.618,17.2963,11.7237,9.85343,9.134,8.79399,8.51791,8.33183,8.15432,7.98481,7.82279,7.60764,7.37713,6.98403,6.32338,5.4917,4.68921,3.35482
68.378,0.4278,0.0000,0.0000,3,72.17,-2.03,-0.81,-0.5172,0.3222,6575.98,0.0,68.30,63.95,65.79,61.30,22.4374,78.5969,18.4049,11.9624,9.91468,9.14138,8.77865,8.48538,8.28836,8.10088,7.92229,7.75198,7.52643,7.2855,6.87641,6.19382,5.34308,4.53078,3.1933
68.403,0.4286,0.0000,0.0000,3,71.99,-2.01,-0.87,-0.5425,0.3211,6559.43,0.0,68.07,63.82,65.57,61.19,21.8617,161.157,19.8369,12.2602,10.0026,9.16768,8.77927,8.46676,8.25755,8.05902,7.8704,7.69098,7.45405,7.2018,6.77549,6.06963,5.19926,4.37745,3.03875
68.421,0.4293,0.0000,0.0000,3,71.81,-1.95,-0.91,-0.5675,0.3202,6543.03,0.0,67.84,63.68,65.37,61.08,21.3423,200.0,21.7468,12.635,10.1247,9.21811,8.80028,8.46587,8.24289,8.03193,7.8321,7.64254,7.39298,7.12826,6.68312,5.95221,5.06122,4.2299,2.89162
68.447,0.4300,0.0000,0.0000,3,71.62,-1.84,-0.94,-0.5922,0.3097,6526.55,0.0,67.65,63.54,65.18,60.95,20.8588,200.0,24.4546,13.1272,10.3,9.30697,8.85415,8.49391,8.25475,8.0293,7.81641,7.61509,7.35097,7.07193,6.60531,5.84613,4.93213,4.0902,2.75248
68.465,0.4331,0.0000,0.0000,3,71.44,-1.73,-0.95,-0.6155,0.2901,6509.94,0.0,67.50,63.37,65.03,60.78,20.3949,200.0,28.621,13.8001,10.5562,9.45437,8.95816,8.56612,8.3072,8.06407,7.83535,7.61981,7.33814,7.04193,6.5497,5.75699,4.81568,3.96074,2.622
68.491,0.4597,0.0000,0.0000,3,71.25,-1.61,-0.95,-0.6373,0.2703,6493.25,0.0,67.38,63.19,64.90,60.58,19.9417,160.313,35.7827,14.746,10.928,9.68393,9.13196,8.69947,8.41555,8.15019,7.90163,7.66834,7.36488,7.04743,6.52368,5.68994,4.71511,3.84346,2.50072
68.510,0.4977,0.4500,0.0000,3,71.06,-1.57,-0.98,-0.6576,0.2498,6475.93,0.0,67.26,62.94,64.81,60.34,19.4874,121.716,50.9074,16.1414,11.4768,10.0365,9.40927,8.92277,8.60574,8.31107,8.03651,7.78008,7.44831,7.10343,6.53917,5.65302,4.6352,3.74112,2.38924
68.534,0.3940,0.6975,0.0000,3,71.14,-1.71,-1.05,-0.6764,0.2282,6852.23,0.0,67.25,62.71,66.19,66.19,19.022,97.4811,103.248,18.3398,12.3072,10.5778,9.84282,9.28009,8.91677,8.58146,8.27106,7.98292,7.61261,7.2306,6.61203,5.6562,4.58122,3.65628,2.28771
68.553,0.3546,0.8336,0.0000,3,71.41,-1.96,-1.09,-0.6939,0.2062,7084.43,0.0,67.63,62.98,68.39,68.39,18.5671,81.2227,200.0,21.8939,13.5118,11.35,10.4603,9.7903,9.36282,8.97177,8.6127,8.28187,7.86018,7.42922,6.73996,5.69524,4.54876,3.58534,2.19444
68.578,0.3192,0.9085,0.0000,3,71.84,-2.31,-1.12,-0.7103,0.1841,7310.13,0.0,68.01,63.36,70.56,70.56,18.1388,69.8073,200.0,28.0987,15.2463,12.4181,11.3029,10.481,9.96441,9.49696,9.0721,8.68426,8.19485,7.70029,6.92086,5.76586,4.53351,3.52505,2.10811
68.597,0.2872,0.9497,0.0000,3,72.39,-2.71,-1.14,-0.7255,0.1623,7507.33,0.0,68.44,63.84,72.47,72.47,17.7408,61.4283,200.0,41.0882,17.838,13.9143,12.4563,11.4119,10.7679,10.1935,9.67794,9.21271,8.63284,8.05488,7.15995,5.86843,4.53405,3.47391,2.02792
68.622,0.2585,0.9723,0.0000,3,73.03,-3.13,-1.14,-0.7398,0.1410,7683.33,0.0,68.92,64.42,74.17,74.17,17.3765,55.093,152.618,82.9894,21.9567,16.0642,14.0561,12.6721,11.8404,11.112,10.4687,9.89655,9.19426,8.50595,7.46249,6.00259,4.54845,3.4303,1.95319
68.642,0.2327,0.9848,0.0000,3,73.71,-3.55,-1.15,-0.7530,0.1204,7849.46,0.0,69.43,65.07,75.77,75.77,17.0452,50.1713,118.292,200.0,29.3086,19.3254,16.358,14.4225,13.2997,12.34,11.5103,10.7859,9.91369,9.07652,7.83945,6.1707,4.5763,3.39357,1.88362
68.666,0.2094,0.9916,0.0000,3,74.43,-3.97,-1.17,-0.7652,0.1005,8023.72,0.0,69.98,65.75,77.45,77.45,16.7421,46.2358,97.4075,200.0,45.9293,24.7926,19.9107,16.9867,15.3753,14.0441,12.926,11.9736,10.8552,9.80989,8.31332,6.38037,4.61971,3.36448,1.81928
68.685,0.1885,0.9954,0.0000,3,75.16,-4.42,-1.22,-0.7764,0.0813,8219.29,0.0,70.53,66.44,79.32,79.32,16.4658,43.0355,83.4326,200.0,116.388,35.585,25.974,21.0118,18.4901,16.5101,14.9141,13.6005,12.1089,10.7619,8.90864,6.63716,4.67892,3.3426,1.7599
68.710,0.1696,0.9975,0.0000,3,75.90,-4.87,-1.29,-0.7868,0.0627,8449.8,0.0,71.12,67.17,81.53,81.53,16.2095,40.3575,73.3435,180.5,200.0,66.95,38.6904,28.2582,23.6965,20.4042,17.9163,15.9702,13.8638,12.0497,9.67998,6.95833,4.75903,3.3299,1.70574
68.728,0.1527,0.9986,0.0000,4,76.63,-5.33,-1.35,-0.7962,0.0441,8718.2,0.0,71.81,67.87,84.11,84.11,15.9608,38.0092,65.4912,138.231,200.0,200.0,84.5815,45.8472,34.5492,27.7202,23.1468,19.87,16.5852,13.9518,10.7556,7.3873,4.8747,3.33241,1.65788
68.755,0.1374,0.9992,0.0000,4,77.25,-5.68,-1.39,-0.8046,0.0254,7090.24,0.0,72.50,68.54,74.36,73.30,15.7167,35.9167,59.1607,112.039,200.0,200.0,200.0,147.912,70.397,46.1936,34.377,27.3761,21.3048,16.9992,12.3329,7.97334,5.03819,3.35439,1.61725
68.774,0.1237,0.9996,0.0000,4,77.40,-5.53,-1.41,-0.8118,0.0089,7105.02,0.0,72.64,69.14,70.56,67.62,15.5121,34.2778,54.5741,96.1813,178.599,200.0,200.0,200.0,200.0,126.766,64.0442,42.8471,29.2824,21.5057,14.362,8.64105,5.21402,3.3818,1.58324
68.798,0.1113,0.9998,0.0000,4,77.32,-5.11,-1.42,-0.8174,-0.0050,5775.63,0.0,72.39,69.43,70.04,67.24,15.3441,33.0124,51.238,85.9644,145.86,200.0,200.0,200.0,200.0,200.0,200.0,88.1007,44.4483,28.3824,16.9228,9.37467,5.39797,3.41562,1.55754
68.817,0.1002,0.9999,0.0000,4,77.54,-4.78,-1.48,-0.8215,-0.0178,6237.01,0.0,72.34,69.64,74.03,74.03,15.1883,31.9249,48.5135,78.3408,124.916,178.042,200.0,200.0,200.0,200.0,200.0,200.0,90.1457,41.4441,20.5948,10.2782,5.62225,3.46916,1.54218
68.842,0.0901,0.9999,0.0000,4,77.97,-4.57,-1.52,-0.8244,-0.0305,6327.5,0.0,72.70,70.01,75.17,75.17,15.0285,30.8964,46.0538,71.9568,109.257,147.706,181.898,200.0,200.0,200.0,200.0,200.0,200.0,80.4985,26.8383,11.5151,5.92124,3.55312,1.53776
68.860,0.0811,0.9999,0.0000,4,78.48,-4.35,-1.54,-0.8260,-0.0427,6347.2,0.0,73.10,70.53,75.43,75.43,14.8726,29.9618,43.9095,66.7369,97.545,126.999,151.43,182.114,200.0,200.0,200.0,200.0,200.0,200.0,38.5637,13.1543,6.2904,3.66391,1.54342
68.886,0.0730,1.0000,0.0000,4,79.02,-4.07,-1.54,-0.8265,-0.0538,6337.04,0.0,73.46,71.14,75.32,75.32,14.7282,29.1541,42.1232,62.6155,88.9154,112.709,131.518,154.035,175.516,200.0,200.0,200.0,200.0,200.0,64.8224,15.2276,6.71401,3.79537,1.55826
68.905,0.0657,1.0000,0.0000,4,79.59,-3.68,-1.54,-0.8257,-0.0630,6316.37,0.0,73.79,71.83,75.07,75.07,14.601,28.4911,40.705,59.4855,82.7003,102.89,118.331,136.245,152.779,173.895,200.0,200.0,200.0,200.0,154.281,17.6917,7.16767,3.94042,1.58151
68.930,0.0591,1.0000,0.0000,4,80.15,-3.17,-1.54,-0.8238,-0.0703,6300.38,0.0,74.11,72.55,74.88,74.88,14.4927,27.9716,39.6281,57.1967,78.338,96.2269,109.608,124.814,138.559,155.717,177.741,200.0,200.0,200.0,200.0,20.4035,7.62498,4.09293,1.61253
68.955,0.0532,1.0000,0.0000,4,80.72,-2.59,-1.54,-0.8207,-0.0758,6297.47,0.0,74.44,73.28,74.83,74.83,14.4008,27.5733,38.8293,55.556,75.3129,91.7218,103.816,117.376,129.468,144.348,163.108,187.489,200.0,200.0,200.0,23.1812,8.07036,4.25043,1.65093
68.973,0.0479,1.0000,0.0000,4,81.28,-2.01,-1.55,-0.8166,-0.0797,6310.62,0.0,74.82,73.97,74.98,74.98,14.3194,27.2596,38.2224,54.3507,73.1542,88.5718,99.821,112.321,123.368,136.835,153.617,175.105,200.0,200.0,200.0,25.9374,8.50699,4.41485,1.69653
68.998,0.0431,1.0000,0.0000,4,81.83,-1.50,-1.56,-0.8116,-0.0829,6338.39,0.0,75.26,74.60,75.31,75.31,14.2424,26.9923,37.723,53.39,71.477,86.1662,96.8043,108.548,118.858,131.343,146.772,166.323,200.0,200.0,200.0,28.7506,8.952,4.59045,1.74906
69.017,0.0388,1.0000,0.0000,4,82.38,-1.10,-1.58,-0.8059,-0.0855,6372.97,0.0,75.74,75.18,75.71,75.71,14.1656,26.7456,37.2749,52.5504,70.0428,84.1377,94.2834,105.424,115.154,126.873,141.26,159.34,194.155,200.0,200.0,31.7697,9.42103,4.78016,1.80798
69.043,0.0349,1.0000,0.0000,4,82.94,-0.79,-1.59,-0.7996,-0.0879,6410.85,0.0,76.23,75.73,76.16,76.16,14.0876,26.5092,36.8553,51.781,68.7517,82.3332,92.0584,102.689,111.931,123.012,136.539,153.423,185.572,200.0,200.0,35.0852,9.91879,4.98379,1.87243
69.061,0.0314,1.0000,0.0000,4,83.50,-0.57,-1.61,-0.7927,-0.0900,6451.04,0.0,76.73,76.27,76.64,76.64,14.0086,26.2809,36.4577,51.066,67.5715,80.7009,90.0597,100.248,109.072,119.609,132.411,148.295,178.253,200.0,200.0,38.726,10.4428,5.19942,1.94147
69.086,0.0283,1.0000,0.0000,4,84.06,-0.41,-1.62,-0.7854,-0.0920,6492.53,0.0,77.23,76.82,77.13,77.13,13.9291,26.0612,36.0823,50.4032,66.494,79.2257,88.2648,98.0712,106.535,116.608,128.795,143.84,171.987,200.0,200.0,42.6717,10.9875,5.42463,2.01425
69.104,0.0255,1.0000,0.0000,4,84.63,-0.30,-1.62,-0.7778,-0.0937,6535.16,0.0,77.73,77.36,77.64,77.64,13.8496,25.8498,35.7273,49.7877,65.5081,77.889,86.6481,96.1216,104.275,113.948,125.612,139.947,166.581,200.0,200.0,46.906,11.5487,5.65766,2.09012
69.129,0.0229,1.0000,0.0000,4,85.20,-0.22,-1.63,-0.7699,-0.0953,6579.09,0.0,78.23,77.90,78.16,78.16,13.7701,25.6459,35.3907,49.2138,64.6016,76.6712,85.1838,94.3662,102.249,111.577,122.789,136.517,161.876,200.0,200.0,51.4167,12.1234,5.89713,2.16858
69.148,0.0206,1.0000,0.0000,4,85.78,-0.16,-1.64,-0.7618,-0.0967,6624.06,0.0,78.74,78.45,78.69,78.69,13.6906,25.4482,35.0691,48.6737,63.7598,75.5494,83.8419,92.7664,100.41,109.435,120.253,133.455,157.718,199.125,200.0,56.2172,12.7109,6.14242,2.24932
69.174,0.0186,1.0000,0.0000,4,86.36,-0.12,-1.65,-0.7534,-0.0980,6669.9,0.0,79.26,78.99,79.24,79.24,13.611,25.2552,34.7593,48.1608,62.9694,74.5046,82.5981,91.2899,98.7194,107.474,117.942,130.681,153.986,193.447,200.0,61.3298,13.3109,6.39322,2.33212
69.193,0.0167,1.0000,0.0000,4,86.94,-0.10,-1.66,-0.7448,-0.0992,6716.5,0.0,79.78,79.53,79.79,79.79,13.5312,25.0666,34.4602,47.6718,62.2246,73.5268,81.4396,89.9216,97.1583,105.671,115.827,128.155,150.617,188.385,200.0,66.754,13.922,6.64885,2.41675
69.217,0.0150,1.0000,0.0000,4,87.53,-0.08,-1.67,-0.7360,-0.1003,6763.77,0.0,80.31,80.08,80.35,80.35,13.4513,24.8822,34.1712,47.2055,61.5222,72.6115,80.3599,88.6515,95.715,104.01,113.888,125.85,147.568,183.865,200.0,72.4626,14.5422,6.90871,2.50303
69.235,0.0135,1.0000,0.0000,4,88.12,-0.07,-1.69,-0.7271,-0.1013,6811.63,0.0,80.84,80.63,80.92,80.92,13.3715,24.7021,33.8923,46.7614,60.8606,71.7557,79.3551,87.4751,94.3822,102.483,112.113,123.751,144.815,179.831,200.0,78.409,15.1689,7.17204,2.59076
69.261,0.0122,1.0000,0.0000,4,88.71,-0.06,-1.70,-0.7180,-0.1022,6859.92,0.0,81.37,81.19,81.49,81.49,13.2915,24.5249,33.6209,46.3341,60.2302,70.9458,78.4078,86.3709,93.1356,101.059,110.464,121.81,142.289,176.169,200.0,84.6241,15.8033,7.43901,2.67993
69.279,0.0110,1.0000,0.0000,4,89.31,-0.05,-1.72,-0.7088,-0.1030,6908.46,0.0,81.91,81.74,82.07,82.07,13.2115,24.3508,33.357,45.9231,59.6303,70.1799,77.516,85.3353,91.9703,99.7324,108.935,120.017,139.972,172.848,200.0,91.061,16.4435,7.70904,2.77037
69.304,0.0099,1.0000,0.0000,4,89.92,-0.05,-1.73,-0.6994,-0.1037,6957.25,0.0,82.46,82.30,82.65,82.65,13.1313,24.1796,33.0997,45.5271,59.0578,69.4537,76.6741,84.3614,90.878,98.4938,107.512,118.357,137.842,169.825,200.0,97.6862,17.0885,7.98187,2.86202
69.324,0.0089,1.0000,0.0000,4,90.53,-0.05,-1.74,-0.6899,-0.1044,7006.97,0.0,83.01,82.87,83.24,83.24,13.0509,24.0103,32.8475,45.1425,58.5067,68.7585,75.8709,83.4358,89.8432,97.3241,106.173,116.801,135.858,167.036,200.0,104.525,17.7392,8.25766,2.95487
69.348,0.0080,1.0000,0.0000,4,91.14,-0.04,-1.76,-0.6803,-0.1050,7057.64,0.0,83.56,83.43,83.84,83.84,12.9703,23.8426,32.5998,44.7681,57.9744,68.091,75.1022,82.5531,88.8583,96.2142,104.907,115.336,134.002,164.45,200.0,111.558,18.3952,8.53624,3.04884
69.367,0.0072,1.0000,0.0000,4,91.76,-0.04,-1.77,-0.6706,-0.1055,7107.27,0.0,84.12,84.00,84.43,84.43,12.8894,23.6765,32.3561,44.403,57.4595,67.4487,74.3652,81.71,87.9205,95.1607,103.709,113.954,132.263,162.047,200.0,118.751,19.0556,8.81739,3.14389
69.392,-0.0038,1.0000,0.0000,4,92.38,-0.04,-1.79,-0.6607,-0.1060,7156.8,0.0,84.68,84.58,85.02,85.02,12.8082,23.512,32.1167,44.0475,56.9622,66.832,73.6599,80.9057,87.0285,94.1617,102.577,112.654,130.637,159.823,200.0,126.027,19.7189,9.10074,3.23995
69.411,-0.0271,1.0000,0.0000,4,93.00,-0.06,-1.80,-0.6508,-0.1062,7206.59,0.0,85.22,85.18,85.61,85.61,12.7294,23.361,31.9044,43.7451,56.556,66.3417,73.1094,80.2891,86.3543,93.4185,101.75,111.722,129.508,158.347,200.0,131.386,20.3371,9.37591,3.33579
69.435,-0.0431,1.0000,0.0000,4,93.63,-0.12,-1.81,-0.6408,-0.1056,7257.03,0.0,85.70,85.84,86.21,86.21,12.6587,23.25,31.7704,43.5941,56.4058,66.2055,72.9897,80.1928,86.2829,93.3822,101.762,111.804,129.745,158.919,200.0,130.216,20.7963,9.61808,3.42838
69.455,-0.0388,1.0000,0.0000,4,94.27,-0.14,-1.82,-0.6309,-0.1040,7308.76,0.0,86.17,86.53,86.83,86.83,12.5991,23.191,31.7383,43.6395,56.5882,66.5306,73.4326,80.7784,87.0029,94.2746,102.881,113.227,131.798,162.24,200.0,121.762,21.0385,9.81315,3.51569
69.479,-0.0349,1.0000,0.0000,4,94.90,-0.09,-1.83,-0.6211,-0.1018,7361.41,0.0,86.70,87.17,87.45,87.45,12.5459,23.1615,31.7639,43.7973,56.9641,67.1267,74.2091,81.7714,88.1993,95.732,104.68,115.483,135.007,167.376,200.0,111.478,21.1562,9.97861,3.59922
69.499,-0.0314,1.0000,0.0000,4,95.55,-0.02,-1.86,-0.6114,-0.0995,7414.5,0.0,87.27,87.75,88.08,88.08,12.494,23.1367,31.7988,43.9746,57.3768,67.7784,75.0571,82.8558,89.5072,97.3281,106.655,117.969,138.564,173.142,200.0,102.857,21.2506,10.1356,3.68114
69.524,-0.0283,1.0000,0.0000,4,96.19,0.03,-1.91,-0.6018,-0.0974,7468.67,0.0,87.87,88.32,88.72,88.72,12.4411,23.1058,31.8217,44.1296,57.7545,68.3855,75.8541,83.8834,90.7535,98.8577,108.56,120.385,142.067,178.929,200.0,96.345,21.364,10.2937,3.76244
69.542,-0.0254,1.0000,0.0000,4,96.84,0.07,-1.95,-0.5923,-0.0954,7523.42,0.0,88.49,88.90,89.38,89.38,12.387,23.0668,31.8284,44.2541,58.0826,68.9261,76.5725,84.8192,91.8972,100.273,110.337,122.657,145.405,184.558,200.0,91.4579,21.5025,10.4545,3.84334
69.567,-0.0229,1.0000,0.0000,4,97.50,0.10,-1.99,-0.5828,-0.0936,7577.95,0.0,89.11,89.49,90.02,90.02,12.3318,23.0203,31.8202,44.3496,58.3626,69.4022,77.2137,85.6646,92.9386,101.571,111.981,124.778,148.568,190.003,200.0,87.7285,21.6629,10.6179,3.92385
69.592,-0.0206,1.0000,0.0000,4,98.16,0.11,-2.02,-0.5735,-0.0920,7631.75,0.0,89.74,90.09,90.66,90.66,12.2757,22.9678,31.7995,44.4211,58.6027,69.824,77.7907,86.4336,93.8937,102.772,113.514,126.775,151.585,195.302,200.0,84.8049,21.8396,10.7828,4.00388
69.610,-0.0185,1.0000,0.0000,4,98.81,0.13,-2.07,-0.5642,-0.0904,7713.76,0.0,90.35,90.68,91.62,91.62,12.2191,22.9115,31.7711,44.4773,58.8176,70.2125,78.3284,87.1578,94.7993,103.918,114.988,128.708,154.542,200.0,200.0,82.4052,22.0242,10.9475,4.08326
69.636,-0.0167,1.0000,0.0000,4,99.48,0.15,-2.13,-0.5550,-0.0890,7775.06,0.0,90.96,91.27,92.37,92.37,12.1624,22.8524,31.7367,44.522,59.0139,70.5766,78.8377,87.8491,95.6691,105.026,116.421,130.603,157.476,200.0,200.0,80.3852,22.2131,11.1114,4.16201
69.654,-0.0150,1.0000,0.0000,4,100.17,0.16,-2.16,-0.5459,-0.0876,7818.15,0.0,91.60,91.89,92.88,92.88,12.1049,22.7881,31.6917,44.5457,59.1743,70.8911,79.2871,88.4696,96.4576,106.04,117.747,132.37,160.254,200.0,200.0,78.7839,22.4149,11.2768,4.24042
69.679,-0.0135,1.0000,0.0000,4,100.86,0.16,-2.19,-0.5368,-0.0864,7860.87,0.0,92.25,92.51,93.39,93.39,12.0464,22.7173,31.6332,44.5421,59.287,71.139,79.6543,88.9895,97.1291,106.917,118.908,133.94,162.769,200.0,200.0,77.5964,22.6348,11.4453,4.31871
69.699,-0.0122,1.0000,0.0000,4,101.56,0.15,-2.20,-0.5278,-0.0853,7905.6,0.0,92.90,93.13,93.92,93.92,11.9869,22.6404,31.5619,44.5128,59.3549,71.3229,79.943,89.4133,97.6881,107.66,119.909,135.314,165.016,200.0,200.0,76.7476,22.8712,11.6167,4.39688
69.723,-0.0109,1.0000,0.0000,4,102.26,0.15,-2.21,-0.5189,-0.0843,7954.59,0.0,93.55,93.76,94.50,94.50,11.9265,22.5574,31.4782,44.458,59.3773,71.4422,80.1513,89.7379,98.1303,108.263,120.741,136.48,166.975,200.0,200.0,76.1925,23.124,11.7911,4.47503
69.742,-0.0099,1.0000,0.0000,4,102.95,0.14,-2.21,-0.5100,-0.0834,8008.28,0.0,94.20,94.38,95.14,95.14,11.8652,22.4691,31.3831,44.3802,59.359,71.5031,80.2868,89.9718,98.4659,108.739,121.417,137.452,168.657,200.0,200.0,75.876,23.3916,11.9684,4.55317
69.766,-0.0089,1.0000,0.0000,4,103.65,0.13,-2.22,-0.5011,-0.0826,8065.98,0.0,94.84,95.01,95.82,95.82,11.8034,22.3767,31.2796,44.2847,59.3089,71.5185,80.3652,90.1359,98.7177,109.115,121.97,138.271,170.125,200.0,200.0,75.7308,23.6696,12.1477,4.63128
69.786,-0.0080,1.0000,0.0000,4,104.36,0.12,-2.25,-0.4923,-0.0819,8127.05,0.0,95.49,95.64,96.54,96.54,11.7408,22.2802,31.1676,44.1721,59.2282,71.4896,80.3883,90.2309,98.8881,109.392,122.403,138.939,171.374,200.0,200.0,75.7399,23.9579,12.3291,4.70944
69.811,-0.0072,1.0000,0.0000,4,105.06,0.11,-2.28,-0.4835,-0.0813,8190.13,0.0,96.15,96.28,97.29,97.29,11.6776,22.1802,31.0482,44.0442,59.1199,71.421,80.3617,90.2637,98.9845,109.58,122.726,139.468,172.422,200.0,200.0,75.8759,24.2556,12.5125,4.78768
69.830,-0.0065,1.0000,0.0000,4,105.78,0.10,-2.31,-0.4747,-0.0808,8252.24,0.0,96.81,96.93,98.03,98.03,11.6139,22.077,30.9223,43.9028,58.9876,71.3172,80.2912,90.2418,99.0158,109.689,122.952,139.875,173.289,200.0,200.0,76.1195,24.5616,12.6977,4.86605
69.854,-0.0058,1.0000,0.0000,4,106.50,0.10,-2.34,-0.4659,-0.0802,8312.79,0.0,97.47,97.58,98.75,98.75,11.5496,21.9707,30.7899,43.7484,58.8319,71.1798,80.1781,90.166,98.9833,109.721,123.081,140.159,173.976,200.0,200.0,76.4608,24.8756,12.8849,4.94459
69.873,-0.0052,1.0000,0.0000,4,107.20,0.09,-2.39,-0.4571,-0.0798,8396.66,0.0,98.13,98.23,99.74,99.74,11.485,21.8632,30.655,43.589,58.6672,71.0295,80.049,90.071,98.9275,109.724,123.177,140.402,174.606,200.0,200.0,76.8311,25.1912,13.0724,5.02317
69.899,-0.0047,1.0000,0.0000,4,107.94,0.09,-2.43,-0.4483,-0.0793,8455.64,0.0,98.80,98.90,100.45,100.45,11.42,21.7537,30.5163,43.4216,58.4884,70.859,79.8945,89.9442,98.834,109.682,123.217,140.573,175.132,200.0,200.0,77.253,25.5111,13.261,5.10189
69.917,-0.0042,1.0000,0.0000,4,108.69,0.09,-2.46,-0.4395,-0.0789,8507.88,0.0,99.48,99.57,101.08,101.08,11.3546,21.6422,30.3735,43.2463,58.2954,70.6679,79.7142,89.7857,98.7021,109.594,123.198,140.671,175.551,200.0,200.0,77.7261,25.8356,13.4509,5.18081
69.942,-0.0038,1.0000,0.0000,4,109.44,0.08,-2.49,-0.4306,-0.0785,8558.74,0.0,100.17,100.25,101.68,101.68,11.2887,21.5282,30.2259,43.0611,58.0847,70.4511,79.5015,89.5855,98.5207,109.446,123.106,140.674,175.823,200.0,200.0,78.2662,26.1669,13.6426,5.26003
69.961,-0.0034,1.0000,0.0000,4,110.19,0.08,-2.50,-0.4218,-0.0782,8611.19,0.0,100.87,100.94,102.30,102.30,11.2222,21.4119,30.0736,42.8666,57.857,70.2098,79.2577,89.3467,98.2931,109.24,122.941,140.583,175.957,200.0,200.0,78.8691,26.5048,13.8363,5.33955
69.986,-0.0031,1.0000,0.0000,4,110.94,0.07,-2.51,-0.4129,-0.0779,8667.19,0.0,101.56,101.63,102.97,102.97,11.1551,21.293,29.9162,42.6617,57.611,69.9414,78.9797,89.0646,98.0134,108.97,122.697,140.391,175.933,200.0,200.0,79.5431,26.8507,14.0322,5.41947
70.005,-0.0028,1.0000,0.0000,4,111.70,0.06,-2.52,-0.4041,-0.0776,8727.2,0.0,102.26,102.31,103.68,103.68,11.0875,21.1718,29.7542,42.4477,57.3486,69.6493,78.6717,88.7453,97.6888,108.646,122.383,140.108,175.771,200.0,200.0,80.2781,27.2037,14.2302,5.49977
70.030,-0.0025,1.0000,0.0000,4,112.46,0.06,-2.53,-0.3952,-0.0774,8790.75,0.0,102.95,103.01,104.43,104.43,11.0194,21.0493,29.5898,42.229,57.078,69.3454,78.349,88.407,97.3417,108.294,122.035,139.781,175.542,200.0,200.0,81.0373,27.5598,14.4294,5.58037
70.049,-0.0023,1.0000,0.0000,4,113.23,0.05,-2.55,-0.3862,-0.0771,8856.62,0.0,103.66,103.71,105.21,105.21,10.9511,20.926,29.4239,42.0077,56.8031,69.0355,78.0188,88.0596,96.9837,107.93,121.671,139.435,175.285,200.0,200.0,81.8031,27.9171,14.6292,5.66121
70.073,-0.0020,1.0000,0.0000,4,114.00,0.05,-2.57,-0.3773,-0.0769,8923.48,0.0,104.36,104.41,106.01,106.01,10.8823,20.8008,29.2546,41.7797,56.5163,68.7085,77.6671,87.6847,96.5927,107.525,121.257,139.024,174.926,200.0,200.0,82.6112,28.28,14.8308,5.74245
70.098,-0.0018,1.0000,0.0000,4,114.77,0.05,-2.59,-0.3683,-0.0767,8990.46,0.0,105.07,105.11,106.80,106.80,10.8129,20.6736,29.0815,41.5444,56.2166,68.3627,77.2917,87.2803,96.1663,107.076,120.788,138.541,174.457,200.0,200.0,83.468,28.6493,15.0345,5.82417
70.117,-0.0016,1.0000,0.0000,4,115.55,0.04,-2.62,-0.3592,-0.0766,9061.93,0.0,105.79,105.82,107.65,107.65,10.7431,20.5454,28.9067,41.3059,55.9114,68.0095,76.9067,86.8645,95.7264,106.611,120.299,138.031,173.95,200.0,200.0,84.3377,29.021,15.2392,5.90625
70.143,-0.0015,1.0000,0.0000,4,116.34,0.04,-2.64,-0.3502,-0.0764,9128.12,0.0,106.51,106.54,108.44,108.44,10.673,20.4164,28.7304,41.0649,55.6026,67.6509,76.5158,86.4406,95.2769,106.134,119.796,137.505,173.417,200.0,200.0,85.2142,29.3943,15.4448,5.98865
70.161,-0.0013,1.0000,0.0000,4,117.13,0.04,-2.67,-0.3410,-0.0763,9191.88,0.0,107.23,107.27,109.20,109.20,10.6023,20.2853,28.5504,40.8168,55.281,67.2741,76.1016,85.9879,94.7934,105.616,119.239,136.909,172.775,200.0,200.0,86.1401,29.7747,15.6528,6.07161
70.185,-0.0012,1.0000,0.0000,4,117.94,0.04,-2.69,-0.3319,-0.0761,9254.56,0.0,107.97,108.00,109.94,109.94,10.5309,20.152,28.3663,40.5607,54.9454,66.877,75.6618,85.5028,94.2701,105.049,118.622,136.234,172.009,200.0,200.0,87.1246,30.1632,15.8635,6.15516
70.204,-0.0011,1.0000,0.0000,4,118.75,0.03,-2.71,-0.3227,-0.0760,9317.58,0.0,108.71,108.73,110.69,110.69,10.459,20.0174,28.1797,40.3001,54.6021,66.4689,75.2083,85.001,93.7266,104.457,117.973,135.518,171.182,200.0,200.0,88.1375,30.5563,16.0759,6.23923
70.230,-0.0010,1.0000,0.0000,4,119.56,0.03,-2.72,-0.3134,-0.0760,9381.98,0.0,109.45,109.47,111.46,111.46,10.3867,19.8816,27.9914,40.0365,54.2541,66.0544,74.7468,84.4886,93.171,103.851,117.306,134.781,170.319,200.0,200.0,89.1642,30.9525,16.2898,6.32376
70.248,-0.0009,1.0000,0.0000,4,120.37,0.03,-2.72,-0.3041,-0.0759,9447.36,0.0,110.21,110.23,112.23,112.23,10.3139,19.7449,27.8017,39.7709,53.903,65.6358,74.2805,83.9709,92.6092,103.238,116.632,134.032,169.441,200.0,200.0,90.1968,31.3507,16.5048,6.40873
70.273,-0.0008,1.0000,0.0000,5,121.19,0.02,-2.73,-0.2948,-0.0758,9509.09,0.0,110.96,110.98,112.97,112.97,10.2408,19.6075,27.611,39.5036,53.5497,65.2145,73.8112,83.4502,92.0443,102.62,115.952,133.278,168.559,200.0,200.0,91.2302,31.7505,16.7206,6.49414
70.293,-0.0160,1.0000,0.0000,5,121.57,0.02,-2.73,-0.2854,-0.0757,8543.03,0.0,111.58,111.60,107.31,107.33,10.1673,19.4692,27.4188,39.234,53.1925,64.7879,73.3353,82.9206,91.4692,101.991,115.258,132.505,167.645,200.0,200.0,92.2748,32.1527,16.9377,6.57992
70.317,-0.0144,1.0000,0.0000,5,121.47,-0.02,-2.74,-0.2761,-0.0752,8553.43,0.0,111.56,111.67,107.06,107.17,10.0977,19.3495,27.2646,39.0429,52.9804,64.577,73.136,82.7452,91.3245,101.897,115.249,132.639,168.187,200.0,200.0,92.5218,32.4563,17.1273,6.66211
70.336,-0.0130,1.0000,0.0000,5,121.38,0.00,-2.72,-0.2668,-0.0743,8103.31,0.0,111.43,111.62,107.12,107.26,10.0325,19.2504,27.1522,38.9385,52.9285,64.6044,73.243,82.9627,91.6597,102.403,116.008,133.794,170.388,200.0,200.0,91.914,32.6492,17.2855,6.7399
70.361,-0.0117,1.0000,0.0000,5,121.73,0.04,-2.70,-0.2577,-0.0733,8426.7,0.0,111.53,111.75,111.40,111.40,9.96884,19.1569,27.0509,38.8568,52.919,64.696,73.4334,83.2889,92.1301,103.079,116.992,135.258,173.121,200.0,200.0,91.1171,32.8101,17.4335,6.81594
70.379,-0.0105,1.0000,0.0000,5,122.34,0.08,-2.68,-0.2486,-0.0722,8488.96,0.0,112.03,112.25,112.26,112.26,9.90557,19.0644,26.9514,38.7788,52.9168,64.8001,73.641,83.6397,92.6318,103.799,118.038,136.818,176.053,200.0,200.0,90.3203,32.9629,17.5783,6.89124
70.404,-0.0095,1.0000,0.0000,5,122.98,0.11,-2.68,-0.2395,-0.0712,8529.31,0.0,112.60,112.81,112.80,112.80,9.84215,18.97,26.8477,38.692,52.8991,64.8816,73.8215,83.9568,93.0951,104.475,119.034,138.322,178.933,200.0,200.0,89.6345,33.1229,17.7241,6.96633
70.423,-0.0085,1.0000,0.0000,5,123.62,0.13,-2.68,-0.2305,-0.0704,8567.48,0.0,113.19,113.37,113.30,113.30,9.77802,18.8709,26.7337,38.5831,52.8403,64.9024,73.9239,84.1755,93.4396,105.004,119.846,139.586,181.453,200.0,200.0,89.1651,33.3057,17.8754,7.04178
70.449,-0.0077,1.0000,0.0000,5,124.26,0.13,-2.69,-0.2216,-0.0696,8608.55,0.0,113.78,113.94,113.84,113.84,9.71326,18.7674,26.6101,38.4538,52.7429,64.8654,73.9522,84.2989,93.6682,105.39,120.475,140.612,183.6,200.0,200.0,88.885,33.5097,18.0318,7.11754
70.467,-0.0069,1.0000,0.0000,5,124.90,0.13,-2.68,-0.2126,-0.0689,8652.8,0.0,114.38,114.53,114.43,114.43,9.64818,18.661,26.4804,38.3109,52.6198,64.7902,73.9309,84.3588,93.8196,105.679,120.982,141.48,185.505,200.0,200.0,88.7243,33.7261,18.1911,7.19334
70.493,-0.0062,1.0000,0.0000,5,125.54,0.13,-2.68,-0.2037,-0.0683,8699.31,0.0,114.98,115.11,115.04,115.04,9.58275,18.5519,26.3445,38.1545,52.4713,64.676,73.8602,84.3546,93.8926,105.872,121.365,142.184,187.15,200.0,200.0,88.6778,33.9555,18.3533,7.26924
70.510,-0.0056,1.0000,0.0000,5,126.19,0.13,-2.68,-0.1949,-0.0677,8747.28,0.0,115.57,115.69,115.68,115.68,9.51694,18.4399,26.2021,37.9838,52.295,64.5204,73.7348,84.2808,93.8802,105.956,121.609,142.7,188.492,200.0,200.0,88.7472,34.1988,18.519,7.34533
70.536,-0.0050,1.0000,0.0000,5,126.84,0.12,-2.69,-0.1861,-0.0672,8790.44,0.0,116.17,116.28,116.26,116.26,9.45088,18.3258,26.0551,37.8031,52.0998,64.3356,73.5724,84.1584,93.8082,105.966,121.756,143.089,189.626,200.0,200.0,88.8935,34.4511,18.6868,7.42149
70.555,-0.0045,1.0000,0.0000,5,127.50,0.11,-2.66,-0.1773,-0.0668,8823.04,0.0,116.78,116.88,116.68,116.68,9.38446,18.2091,25.9025,37.6102,51.8809,64.1151,73.3627,83.9747,93.6603,105.881,121.779,143.308,190.477,200.0,200.0,89.1325,34.7154,18.8577,7.49785
70.579,-0.0041,1.0000,0.0000,5,128.15,0.10,-2.63,-0.1685,-0.0664,8870.72,0.0,117.39,117.47,117.31,117.31,9.3178,18.0907,25.746,37.4085,51.6453,63.8689,73.1202,83.7477,93.459,105.727,121.713,143.408,191.127,200.0,200.0,89.435,34.9877,19.0307,7.57433
70.598,-0.0037,1.0000,0.0000,5,128.80,0.10,-2.62,-0.1598,-0.0660,8924.97,0.0,117.99,118.07,118.02,118.02,9.2509,17.9707,25.5859,37.1989,51.3947,63.5995,72.8469,83.4815,93.2093,105.512,121.568,143.399,191.594,200.0,200.0,89.793,35.2673,19.2054,7.65094
70.623,-0.0033,1.0000,0.0000,5,129.45,0.09,-2.63,-0.1510,-0.0657,8980.1,0.0,118.59,118.66,118.75,118.75,9.1838,17.8493,25.423,36.9834,51.1324,63.3125,72.5508,83.185,92.9222,105.25,121.36,143.306,191.919,200.0,200.0,90.1905,35.5521,19.3815,7.72766
70.648,-0.0030,1.0000,0.0000,5,130.11,0.09,-2.65,-0.1423,-0.0654,9032.08,0.0,119.19,119.26,119.44,119.44,9.11641,17.7264,25.2567,36.7605,50.856,63.004,72.2266,82.852,92.5897,104.93,121.077,143.109,192.065,200.0,200.0,90.6377,35.8439,19.5596,7.80461
70.667,-0.0027,1.0000,0.0000,5,130.78,0.08,-2.63,-0.1335,-0.0651,9080.49,0.0,119.83,119.88,120.08,120.08,9.04876,17.6021,25.0877,36.5318,50.5685,62.6788,71.8802,82.4899,92.2212,104.565,120.733,142.83,192.069,200.0,200.0,91.1221,36.1411,19.7393,7.88174
70.693,-0.0024,1.0000,0.0000,5,131.45,0.07,-2.59,-0.1248,-0.0648,9126.19,0.0,120.44,120.50,120.69,120.69,8.98111,17.4778,24.9186,36.303,50.2808,62.3533,71.5339,82.1283,91.8536,104.2,120.393,142.556,192.088,200.0,200.0,91.5981,36.4365,19.9184,7.95881
70.711,-0.0196,1.0000,0.0000,5,132.12,0.07,-2.57,-0.1160,-0.0646,9171.89,0.0,121.05,121.11,121.29,121.29,8.91314,17.352,24.7462,36.0673,49.9801,62.0079,71.1616,81.7326,91.4436,103.782,119.981,142.184,191.934,200.0,200.0,92.1202,36.739,20.0995,8.03616
70.735,-0.0286,1.0000,0.0000,5,132.80,0.03,-2.56,-0.1073,-0.0638,9217.79,0.0,121.61,121.77,121.90,121.90,8.84914,17.2462,24.616,35.9223,49.8551,61.9335,71.1474,81.8097,91.6264,104.13,120.595,143.258,194.438,200.0,200.0,91.8834,36.9193,20.2444,8.10873
70.755,-0.0257,1.0000,0.0000,5,133.51,0.04,-2.49,-0.0987,-0.0623,9232.77,0.0,122.16,122.47,122.11,122.11,8.79204,17.174,24.5564,35.93,50.0265,62.3199,71.7431,82.6984,92.8323,105.806,123.005,146.896,200.0,200.0,200.0,90.4429,36.8971,20.3282,8.17291
70.780,-0.0232,1.0000,0.0000,5,134.19,0.11,-2.43,-0.0902,-0.0605,9278.53,0.0,122.75,123.15,122.70,122.70,8.73895,17.1197,24.5339,36.0186,50.3583,62.96,72.6816,84.0506,94.6328,108.273,126.519,152.176,200.0,200.0,200.0,88.4965,36.7739,20.3793,8.23198
70.799,-0.0208,1.0000,0.0000,5,134.85,0.18,-2.40,-0.0819,-0.0585,9338.28,0.0,123.36,123.77,123.48,123.48,8.68703,17.0681,24.5162,36.1176,50.7139,63.6439,73.685,85.5025,96.5744,110.95,130.366,158.032,200.0,200.0,200.0,86.6276,36.6436,20.4252,8.28934
70.823,-0.0188,1.0000,0.0000,5,135.52,0.25,-2.40,-0.0738,-0.0567,9404.03,0.0,123.98,124.37,124.35,124.35,8.63557,17.0152,24.4949,36.2088,51.057,64.3148,74.6783,86.9527,98.5291,113.671,134.325,164.166,200.0,200.0,200.0,84.9514,36.5287,20.4728,8.34587
70.842,-0.0169,1.0000,0.0000,5,136.20,0.30,-2.43,-0.0657,-0.0550,9463.99,0.0,124.61,124.98,125.15,125.15,8.58447,16.9605,24.4684,36.2881,51.3796,64.9585,75.6426,88.3752,100.464,116.395,138.341,170.504,200.0,200.0,200.0,83.4694,36.4327,20.5233,8.4017
70.867,-0.0152,1.0000,0.0000,5,136.88,0.33,-2.40,-0.0579,-0.0533,9514.24,0.0,125.28,125.63,125.82,125.82,8.53384,16.9042,24.4376,36.357,51.6835,65.578,76.5806,89.7747,102.384,119.124,142.422,177.064,200.0,200.0,200.0,82.1493,36.3524,20.5758,8.45675
70.886,-0.0137,1.0000,0.0000,5,137.57,0.36,-2.34,-0.0502,-0.0517,9556.91,0.0,125.92,126.25,126.39,126.39,8.4839,16.8475,24.4043,36.4198,51.9766,66.1854,77.5081,91.1707,104.314,121.897,146.621,183.945,200.0,200.0,200.0,80.9504,36.2822,20.629,8.51078
70.911,-0.0123,1.0000,0.0000,5,138.26,0.37,-2.31,-0.0426,-0.0502,9599.54,0.0,126.56,126.86,126.95,126.95,8.43416,16.7876,24.3629,36.463,52.2311,66.7338,78.3613,92.4748,106.139,124.552,150.71,190.792,200.0,200.0,200.0,79.9318,36.2359,20.6871,8.5644
70.930,-0.0111,1.0000,0.0000,5,138.96,0.37,-2.27,-0.0353,-0.0490,9632.79,0.0,127.19,127.47,127.44,127.44,8.38426,16.7228,24.3091,36.4765,52.4251,67.1873,79.088,93.6111,107.756,126.947,154.468,197.245,200.0,200.0,200.0,79.1232,36.2228,20.7535,8.61811
70.955,-0.0100,1.0000,0.0000,5,139.68,0.34,-2.16,-0.0280,-0.0479,9640.06,0.0,127.87,128.10,127.49,127.49,8.33361,16.6497,24.2358,36.4437,52.5225,67.4836,79.5999,94.4541,108.992,128.83,157.513,200.0,200.0,200.0,200.0,78.5879,36.2585,20.8337,8.67269
70.973,-0.0090,1.0000,0.0000,5,140.36,0.30,-2.06,-0.0209,-0.0470,9686.84,0.0,128.52,128.71,128.10,128.10,8.28253,16.5704,24.1471,36.3736,52.5404,67.6493,79.9311,95.0459,109.9,130.269,159.92,200.0,200.0,200.0,200.0,78.2604,36.3322,20.9243,8.72779
70.999,-0.0081,1.0000,0.0000,5,141.02,0.27,-2.02,-0.0139,-0.0463,9749.12,0.0,129.15,129.31,128.92,128.92,8.23152,16.488,24.0504,36.2833,52.5149,67.742,80.1623,95.4979,110.625,131.46,161.977,200.0,200.0,200.0,200.0,78.0458,36.4255,21.0199,8.78278
71.017,-0.0073,1.0000,0.0000,5,141.68,0.24,-2.03,-0.0071,-0.0456,9814.52,0.0,129.76,129.91,129.78,129.78,8.18084,16.4047,23.9504,36.1837,52.4683,67.8,80.3451,95.8839,111.265,132.537,163.878,200.0,200.0,200.0,200.0,77.8852,36.5268,21.1169,8.83735
71.042,-0.0065,1.0000,0.0000,5,142.34,0.23,-2.05,-0.0003,-0.0450,9872.56,0.0,130.38,130.51,130.56,130.56,8.13046,16.3206,23.8478,36.0768,52.4053,67.8309,80.4899,96.2183,111.838,133.525,165.662,200.0,200.0,200.0,200.0,77.7653,36.634,21.2149,8.89152
71.061,-0.0059,1.0000,0.0000,5,143.01,0.21,-1.97,0.0064,-0.0443,9919.49,0.0,131.03,131.17,131.19,131.19,8.08087,16.2386,23.7491,35.9779,52.3587,67.8886,80.6743,96.6099,112.493,134.637,167.653,200.0,200.0,200.0,200.0,77.6141,36.7314,21.3088,8.94464
71.086,-0.0053,1.0000,0.0000,5,143.69,0.21,-1.90,0.0131,-0.0436,9960.13,0.0,131.64,131.78,131.72,131.72,8.03184,16.1577,23.6516,35.8807,52.3149,67.9518,80.8668,97.017,113.171,135.792,169.732,200.0,200.0,200.0,200.0,77.4609,36.8255,21.4007,8.99701
71.104,-0.0048,1.0000,0.0000,5,144.36,0.20,-1.85,0.0196,-0.0430,10001.5,0.0,132.26,132.38,132.27,132.27,7.98274,16.0744,23.5483,35.7688,52.2389,67.9605,80.9831,97.3148,113.705,136.746,171.517,200.0,200.0,200.0,200.0,77.3798,36.9333,21.4964,9.04947
71.130,-0.0043,1.0000,0.0000,5,145.08,0.18,-1.73,0.0261,-0.0425,9995.9,0.0,132.90,133.00,132.22,132.22,7.93338,15.9878,23.4368,35.6369,52.1189,67.895,80.9942,97.4627,114.036,137.412,172.861,200.0,200.0,200.0,200.0,77.3922,37.0601,21.5977,9.1023
71.155,-0.0039,1.0000,0.0000,5,145.76,0.16,-1.59,0.0326,-0.0422,10030.8,0.0,133.54,133.62,132.65,132.65,7.88356,15.897,23.3154,35.4804,51.9452,67.7369,80.8735,97.421,114.108,137.706,173.626,200.0,200.0,200.0,200.0,77.5175,37.2108,21.7062,9.15577
71.173,-0.0035,1.0000,0.0000,5,146.41,0.13,-1.49,0.0390,-0.0419,10088.2,0.0,134.15,134.22,133.40,133.40,7.83363,15.8042,23.1887,35.3107,51.7421,67.5286,80.6809,97.2741,114.037,137.792,174.066,200.0,200.0,200.0,200.0,77.7021,37.3738,21.8183,9.20944
71.198,-0.0031,1.0000,0.0000,5,147.05,0.12,-1.47,0.0453,-0.0416,10157.8,0.0,134.75,134.80,134.32,134.32,7.7837,15.7104,23.0594,35.1342,51.5234,67.2932,80.4493,97.0706,113.888,137.766,174.331,200.0,200.0,200.0,200.0,77.917,37.5429,21.9321,9.26311
71.217,-0.0028,1.0000,0.0000,5,147.70,0.10,-1.49,0.0517,-0.0413,10221.4,0.0,135.34,135.39,135.17,135.17,7.73382,15.6161,22.9288,34.954,51.2962,67.0434,80.1966,96.8365,113.697,137.68,174.502,200.0,200.0,200.0,200.0,78.1466,37.7146,22.0465,9.31672
71.242,-0.0025,1.0000,0.0000,5,148.35,0.09,-1.41,0.0580,-0.0411,10273.0,0.0,135.98,136.04,135.86,135.86,7.68427,15.523,22.8005,34.7789,51.08,66.8114,79.9705,96.6405,113.56,137.675,174.807,200.0,200.0,200.0,200.0,78.3514,37.88,22.1586,9.36987
71.261,-0.0023,1.0000,0.0000,5,149.01,0.09,-1.31,0.0643,-0.0408,10313.9,0.0,136.58,136.65,136.40,136.40,7.63515,15.4316,22.6758,34.612,50.8808,66.6088,79.786,96.5065,113.508,137.795,175.32,200.0,200.0,200.0,200.0,78.5174,38.0358,22.2672,9.4224
71.286,-0.0021,1.0000,0.0000,5,149.67,0.09,-1.25,0.0705,-0.0405,10353.0,0.0,137.18,137.24,136.92,136.92,7.58593,15.3392,22.5485,34.4388,50.6679,66.3827,79.568,96.3246,113.392,137.822,175.687,200.0,200.0,200.0,200.0,78.7092,38.1969,22.3774,9.47504
71.305,-0.0018,1.0000,0.0000,5,150.38,0.09,-1.11,0.0768,-0.0403,10341.9,0.0,137.79,137.84,136.81,136.81,7.53636,15.2444,22.4157,34.2522,50.4255,66.1058,79.277,96.0352,113.127,137.631,175.704,200.0,200.0,200.0,200.0,78.9602,38.3714,22.492,9.5282
71.329,-0.0017,1.0000,0.0000,5,151.04,0.07,-0.91,0.0831,-0.0401,10370.6,0.0,138.43,138.46,137.15,137.15,7.48649,15.1475,22.2784,34.0544,50.1583,65.7865,78.9243,95.6554,112.736,137.256,175.423,200.0,200.0,200.0,200.0,79.2608,38.5571,22.6102,9.58178
71.348,-0.0015,1.0000,0.0000,5,151.68,0.06,-0.77,0.0893,-0.0399,10426.9,0.0,139.02,139.05,137.88,137.88,7.43658,15.0501,22.1395,33.8528,49.8828,65.4522,78.5506,95.2447,112.303,136.817,175.038,200.0,200.0,200.0,200.0,79.5764,38.7463,22.7293,9.63542
71.374,-0.0013,1.0000,0.0000,5,152.30,0.05,-0.73,0.0955,-0.0398,10498.9,0.0,139.59,139.62,138.83,138.83,7.38651,14.9517,21.9982,33.6455,49.595,65.0963,78.1463,94.7881,111.806,136.284,174.504,200.0,200.0,200.0,200.0,79.9169,38.941,22.8504,9.6893
71.392,-0.0012,1.0000,0.0000,6,152.93,0.05,-0.75,0.1018,-0.0397,10565.3,0.0,140.17,140.19,139.72,139.72,7.33622,14.8522,21.8546,33.4327,49.2949,64.7199,77.7119,94.2883,111.249,135.664,173.823,200.0,200.0,200.0,200.0,80.2808,39.1412,22.9733,9.74346
71.418,-0.0011,1.0000,0.0000,6,153.15,0.04,-0.70,0.1080,-0.0396,9685.17,0.0,140.65,140.67,135.23,135.24,7.28592,14.7526,21.7107,33.2191,48.993,64.3405,77.2728,93.7825,110.684,135.029,173.12,200.0,200.0,200.0,200.0,80.6466,39.3419,23.0963,9.79762
71.436,-0.0010,1.0000,0.0000,6,152.98,0.03,-0.65,0.1142,-0.0396,9690.06,0.0,140.58,140.60,134.92,134.94,7.23582,14.6534,21.5674,33.0068,48.6933,63.9642,76.8383,93.2821,110.126,134.406,172.436,200.0,200.0,200.0,200.0,81.007,39.5408,23.2185,9.85153
71.461,-0.0009,1.0000,0.0000,6,152.81,0.03,-0.62,0.1204,-0.0395,9345.12,0.0,140.42,140.44,134.85,134.86,7.18596,14.5548,21.4252,32.7961,48.3967,63.5926,76.4101,92.7906,109.58,133.799,171.779,200.0,200.0,200.0,200.0,81.3602,39.7375,23.3397,9.90516
71.479,-0.0008,1.0000,0.0000,6,153.12,0.03,-0.49,0.1265,-0.0394,9624.94,0.0,140.47,140.49,138.85,138.85,7.13618,14.4561,21.2826,32.5844,48.0975,63.2161,75.9753,92.2882,109.018,133.17,171.084,200.0,200.0,200.0,200.0,81.7178,39.935,23.4611,9.9587
71.504,-0.0077,1.0000,0.0000,6,153.69,0.03,-0.33,0.1327,-0.0393,9663.89,0.0,140.93,140.95,139.43,139.43,7.08634,14.3573,21.1396,32.3719,47.7968,62.8369,75.536,91.7809,108.45,132.531,170.374,200.0,200.0,200.0,200.0,82.0772,40.1329,23.5826,10.0123
71.523,-0.0125,1.0000,0.0000,6,154.26,0.01,-0.22,0.1389,-0.0390,9701.41,0.0,141.42,141.49,139.97,139.97,7.0381,14.2669,21.0157,32.2044,47.5943,62.6281,75.3432,91.6365,108.391,132.653,170.925,200.0,200.0,200.0,200.0,82.2119,40.2772,23.686,10.0633
71.548,-0.0113,1.0000,0.0000,6,154.83,0.02,-0.17,0.1450,-0.0382,9745.89,0.0,141.88,142.03,140.60,140.60,6.99286,14.1919,20.9256,32.1171,47.5677,62.7247,75.5935,92.1507,109.254,134.165,173.812,200.0,200.0,200.0,200.0,81.9518,40.326,23.7567,10.1094
71.566,-0.0101,1.0000,0.0000,6,155.38,0.08,-0.18,0.1510,-0.0373,9792.59,0.0,142.37,142.56,141.28,141.28,6.94944,14.1252,20.8536,32.0724,47.6348,62.986,76.086,93.0307,110.643,136.491,178.117,200.0,200.0,200.0,200.0,81.4952,40.3245,23.8095,10.1526
71.591,-0.0091,1.0000,0.0000,6,155.94,0.13,-0.20,0.1570,-0.0364,9834.96,0.0,142.89,143.08,141.89,141.89,6.90663,14.0599,20.784,32.0325,47.7128,63.2691,76.6138,93.9713,112.127,138.992,182.805,200.0,200.0,200.0,200.0,81.0312,40.3176,23.8596,10.1949
71.611,-0.0082,1.0000,0.0000,6,156.51,0.16,-0.20,0.1628,-0.0355,9871.97,0.0,143.41,143.60,142.43,142.43,6.86426,13.9947,20.7137,31.9898,47.7853,63.5436,77.1326,94.9063,113.618,141.535,187.657,200.0,200.0,200.0,200.0,80.5963,40.3141,23.9098,10.2368
71.636,-0.0074,1.0000,0.0000,6,157.08,0.19,-0.21,0.1686,-0.0347,9906.04,0.0,143.94,144.11,142.92,142.92,6.8221,13.9282,20.6395,31.9365,47.8331,63.7765,77.5931,95.7612,115.006,143.945,192.364,200.0,200.0,200.0,199.508,80.2257,40.323,23.9631,10.2785
71.655,-0.0067,1.0000,0.0000,6,157.66,0.20,-0.17,0.1743,-0.0339,9924.33,0.0,144.47,144.63,143.20,143.20,6.77998,13.8593,20.5588,31.8662,47.8418,63.9406,77.954,96.4695,116.193,146.067,196.64,200.0,200.0,200.0,196.36,79.9447,40.3511,24.0221,10.3205
71.680,-0.0060,1.0000,0.0000,6,158.23,0.20,-0.11,0.1799,-0.0333,9951.63,0.0,145.01,145.15,143.58,143.58,6.73794,13.7883,20.4722,31.7796,47.812,64.0364,78.2142,97.0275,117.169,147.877,200.0,200.0,200.0,200.0,193.826,79.7466,40.3974,24.0864,10.3627
71.704,-0.0054,1.0000,0.0000,6,158.79,0.19,-0.06,0.1855,-0.0327,9988.47,0.0,145.54,145.66,144.11,144.11,6.69613,13.7159,20.3813,31.6809,47.7536,64.0797,78.3979,97.4696,117.983,149.445,200.0,200.0,200.0,200.0,191.737,79.6102,40.4568,24.1543,10.4049
71.723,-0.0049,1.0000,0.0000,6,159.34,0.18,-0.03,0.1909,-0.0322,10029.9,0.0,146.06,146.16,144.70,144.70,6.65444,13.6419,20.2857,31.5693,47.6638,64.0665,78.4962,97.7837,118.612,150.728,200.0,200.0,200.0,200.0,190.081,79.5363,40.5301,24.2264,10.4471
71.748,-0.0044,1.0000,0.0000,6,159.89,0.17,-0.02,0.1963,-0.0318,10070.4,0.0,146.57,146.66,145.29,145.29,6.61301,13.5674,20.1879,31.451,47.5573,64.0223,78.5487,98.027,119.141,151.861,200.0,200.0,200.0,200.0,188.668,79.4963,40.6105,24.3001,10.4893
71.767,-0.0039,1.0000,0.0000,6,160.45,0.16,0.00,0.2016,-0.0313,10107.4,0.0,147.09,147.18,145.83,145.83,6.57184,13.4924,20.0883,31.3269,47.4363,63.9505,78.5603,98.2069,119.579,152.855,200.0,200.0,200.0,200.0,187.461,79.4854,40.6968,24.3754,10.5312
71.792,-0.0035,1.0000,0.0000,6,161.00,0.15,0.04,0.2069,-0.0309,10140.9,0.0,147.61,147.69,146.31,146.31,6.53099,13.4175,19.9882,31.2001,47.3078,63.8647,78.5501,98.3554,119.973,153.785,200.0,200.0,200.0,200.0,186.369,79.4889,40.7855,24.4508,10.5728
71.810,-0.0032,1.0000,0.0000,6,161.56,0.14,0.07,0.2121,-0.0306,10173.8,0.0,148.12,148.20,146.79,146.79,6.4905,13.343,19.8882,31.0726,47.1763,63.7727,78.5304,98.488,120.346,154.69,200.0,200.0,200.0,200.0,185.35,79.4988,40.8745,24.5259,10.6141
71.835,-0.0095,1.0000,0.0000,6,162.13,0.13,0.13,0.2172,-0.0302,10192.7,0.0,148.63,148.70,147.07,147.07,6.45008,13.2674,19.7852,30.9366,47.0238,63.6419,78.4517,98.5302,120.585,155.377,200.0,200.0,200.0,200.0,184.564,79.5472,40.9725,24.6037,10.6554
71.855,-0.0086,1.0000,0.0000,6,162.69,0.11,0.20,0.2223,-0.0297,10221.1,0.0,149.13,149.23,147.47,147.47,6.41123,13.1988,19.6972,30.8366,46.9535,63.6609,78.6009,98.9313,121.366,156.974,200.0,200.0,200.0,200.0,183.014,79.4464,41.0298,24.6666,10.6942
71.880,-0.0077,1.0000,0.0000,6,163.23,0.12,0.25,0.2273,-0.0290,10258.0,0.0,149.61,149.76,148.00,148.00,6.37425,13.1384,19.6271,30.7797,46.982,63.8622,79.0285,99.7798,122.828,159.738,200.0,200.0,200.0,200.0,180.6,79.1715,41.0389,24.7117,10.7299
71.899,-0.0069,1.0000,0.0000,6,163.77,0.14,0.27,0.2322,-0.0283,10299.8,0.0,150.10,150.26,148.60,148.60,6.33807,13.0802,19.5611,30.7313,47.0298,64.0996,79.5149,100.728,124.455,162.821,200.0,200.0,200.0,200.0,178.132,78.8714,41.0388,24.7527,10.7646
71.924,-0.0062,1.0000,0.0000,6,164.31,0.16,0.26,0.2370,-0.0276,10339.9,0.0,150.60,150.75,149.18,149.18,6.30231,13.0219,19.4938,30.6783,47.0658,64.3155,79.9712,101.634,126.033,165.865,200.0,200.0,200.0,200.0,175.893,78.6015,41.0443,24.7948,10.7989
71.941,-0.0056,1.0000,0.0000,6,164.86,0.18,0.29,0.2418,-0.0270,10376.0,0.0,151.12,151.26,149.70,149.70,6.26681,12.9627,19.4235,30.6162,47.0787,64.4896,80.3637,102.446,127.478,168.715,200.0,200.0,200.0,200.0,173.949,78.378,41.06,24.8398,10.8331
71.967,-0.0051,1.0000,0.0000,6,165.40,0.18,0.32,0.2465,-0.0264,10408.8,0.0,151.63,151.75,150.18,150.18,6.23177,12.9036,19.3524,30.5505,47.0821,64.645,80.7302,103.219,128.877,171.524,200.0,200.0,200.0,200.0,172.174,78.1779,41.0798,24.8853,10.8669
71.986,-0.0046,1.0000,0.0000,6,165.95,0.18,0.34,0.2511,-0.0258,10440.8,0.0,152.13,152.25,150.64,150.64,6.19703,12.8439,19.2787,30.4767,47.0643,64.7605,81.0351,103.898,130.136,174.121,200.0,200.0,200.0,200.0,170.643,78.0182,41.1087,24.9334,10.9006
72.011,-0.0041,1.0000,0.0000,6,166.51,0.18,0.41,0.2556,-0.0253,10457.1,0.0,152.64,152.74,150.88,150.88,6.1625,12.7831,19.2014,30.3921,47.0193,64.8241,81.2594,104.448,131.202,176.401,200.0,200.0,200.0,200.0,169.384,77.9071,41.1492,24.9849,10.9344
72.029,-0.0037,1.0000,0.0000,6,167.05,0.16,0.48,0.2600,-0.0249,10488.0,0.0,153.15,153.24,151.32,151.32,6.12812,12.7208,19.1196,30.2944,46.9405,64.8222,81.3807,104.829,132.009,178.234,200.0,200.0,200.0,200.0,168.432,77.8541,41.2041,25.0408,10.9683
72.055,-0.0033,1.0000,0.0000,6,167.58,0.15,0.52,0.2644,-0.0246,10525.0,0.0,153.65,153.72,151.85,151.85,6.09395,12.6577,19.035,30.1879,46.8385,64.7754,81.4304,105.092,132.632,179.75,200.0,200.0,200.0,200.0,167.688,77.8399,41.2683,25.0995,11.0023
72.074,-0.0030,1.0000,0.0000,6,168.11,0.14,0.54,0.2687,-0.0242,10565.5,0.0,154.14,154.21,152.43,152.43,6.05996,12.5939,18.9479,30.0737,46.7162,64.6883,81.4172,105.25,133.09,180.975,200.0,200.0,200.0,200.0,167.119,77.8597,41.3408,25.1607,11.0363
72.099,-0.0027,1.0000,0.0000,6,168.64,0.12,0.54,0.2730,-0.0240,10603.5,0.0,154.63,154.69,152.99,152.99,6.02615,12.5296,18.859,29.9538,46.5791,64.571,81.3552,105.329,133.424,181.979,200.0,200.0,200.0,200.0,166.677,77.9044,41.4193,25.2235,11.0702
72.116,-0.0024,1.0000,0.0000,6,169.18,0.11,0.58,0.2772,-0.0237,10637.6,0.0,155.13,155.19,153.48,153.48,5.99272,12.4661,18.7712,29.8358,46.4448,64.4591,81.3006,105.419,133.778,183.03,200.0,200.0,200.0,200.0,166.23,77.944,41.4956,25.2853,11.1037
72.141,-0.0022,1.0000,0.0000,6,169.71,0.11,0.60,0.2814,-0.0234,10669.5,0.0,155.62,155.68,153.94,153.94,5.95944,12.4022,18.6821,29.7132,46.2982,64.3221,81.2063,105.443,134.026,183.89,200.0,200.0,200.0,200.0,165.884,78.0039,41.5767,25.3483,11.1372
72.161,-0.0020,1.0000,0.0000,6,170.25,0.10,0.64,0.2855,-0.0232,10694.1,0.0,156.12,156.16,154.31,154.31,5.9262,12.3375,18.5904,29.5833,46.1327,64.1479,81.0521,105.365,134.113,184.452,200.0,200.0,200.0,200.0,165.684,78.0937,41.6656,25.4139,11.1709
72.186,-0.0018,1.0000,0.0000,6,170.79,0.09,0.71,0.2897,-0.0231,10716.3,0.0,156.62,156.65,154.62,154.62,5.89306,12.2723,18.4973,29.449,45.9556,63.9499,80.8603,105.223,134.094,184.819,200.0,200.0,200.0,200.0,165.576,78.2021,41.7592,25.4809,11.2045
72.204,-0.0016,1.0000,0.0000,6,171.32,0.08,0.77,0.2938,-0.0229,10749.9,0.0,157.10,157.14,155.10,155.10,5.86009,12.2073,18.4039,29.3132,45.7736,63.742,80.6514,105.053,134.032,185.106,200.0,200.0,200.0,200.0,165.506,78.3178,41.8542,25.5482,11.2381
72.230,-0.0014,1.0000,0.0000,6,171.84,0.07,0.80,0.2978,-0.0227,10788.0,0.0,157.58,157.62,155.65,155.65,5.82732,12.1425,18.311,29.1779,45.5923,63.5346,80.4428,104.883,133.968,185.393,200.0,200.0,200.0,200.0,165.437,78.4322,41.9486,25.615,11.2714
72.249,-0.0013,1.0000,0.0000,6,172.36,0.07,0.81,0.3019,-0.0226,10826.5,0.0,158.06,158.09,156.20,156.20,5.79454,12.0771,18.2161,29.0372,45.3968,63.2993,80.189,104.634,133.779,185.442,200.0,200.0,200.0,200.0,165.472,78.5687,42.0488,25.6838,11.3049
72.273,-0.0012,1.0000,0.0000,6,172.88,0.06,0.83,0.3059,-0.0225,10861.8,0.0,158.56,158.58,156.71,156.71,5.76169,12.0109,18.1191,28.8905,45.1859,63.0339,79.886,104.304,133.452,185.229,200.0,200.0,200.0,200.0,165.618,78.7291,42.1555,25.7548,11.3386
72.299,-0.0010,1.0000,0.0000,6,173.40,0.05,0.86,0.3099,-0.0224,10893.8,0.0,159.04,159.06,157.18,157.18,5.72891,11.9446,18.0217,28.7426,44.9721,62.7616,79.573,103.955,133.097,184.961,200.0,200.0,200.0,200.0,165.784,78.8943,42.2633,25.826,11.3723
72.317,-0.0009,1.0000,0.0000,6,173.93,0.05,0.88,0.3139,-0.0223,10924.8,0.0,159.52,159.54,157.62,157.62,5.6962,11.8783,17.9244,28.5945,44.7569,62.4873,79.2551,103.597,132.727,184.667,200.0,200.0,200.0,200.0,165.961,79.0609,42.3712,25.8973,11.4059
72.342,-0.0008,1.0000,0.0000,6,174.47,0.04,0.95,0.3179,-0.0222,10941.6,0.0,160.00,160.02,157.87,157.87,5.66352,11.812,17.8268,28.4455,44.5394,62.2072,78.9292,103.225,132.335,184.33,200.0,200.0,200.0,200.0,166.154,79.2307,42.4801,25.9688,11.4395
72.361,-0.0008,1.0000,0.0000,6,174.99,0.04,1.01,0.3219,-0.0221,10972.3,0.0,160.48,160.50,158.31,158.31,5.6309,11.7458,17.7291,28.2959,44.3203,61.9239,78.5973,102.844,131.926,183.96,200.0,200.0,200.0,200.0,166.358,79.4026,42.5893,26.0403,11.4731
72.385,-0.0007,1.0000,0.0000,6,175.50,0.03,1.05,0.3259,-0.0220,11007.8,0.0,160.96,160.97,158.82,158.82,5.59833,11.6795,17.6315,28.1465,44.1009,61.6407,78.2645,102.461,131.514,183.585,200.0,200.0,200.0,200.0,166.562,79.5739,42.6983,26.1117,11.5066
72.405,-0.0006,1.0000,0.0000,6,176.01,0.03,1.07,0.3298,-0.0219,11045.8,0.0,161.42,161.44,159.37,159.37,5.56581,11.6135,17.534,27.9973,43.8825,61.358,77.9341,102.081,131.109,183.225,200.0,200.0,200.0,200.0,166.759,79.7437,42.8067,26.1829,11.54
72.430,-0.0006,1.0000,0.0000,6,176.52,0.03,1.08,0.3338,-0.0219,11081.4,0.0,161.90,161.92,159.88,159.88,5.53336,11.5476,17.4369,27.8489,43.6654,61.0784,77.6077,101.707,130.713,182.884,200.0,200.0,200.0,200.0,166.945,79.9102,42.914,26.2536,11.5733
72.448,-0.0005,1.0000,0.0000,6,177.03,0.03,1.12,0.3377,-0.0218,11113.5,0.0,162.37,162.39,160.35,160.35,5.50097,11.4819,17.3403,27.7015,43.4507,60.8034,77.2887,101.347,130.343,182.594,200.0,200.0,200.0,200.0,167.109,80.072,43.0199,26.3237,11.6065
72.473,-0.0004,1.0000,0.0000,6,177.54,0.03,1.14,0.3417,-0.0217,11144.2,0.0,162.84,162.86,160.79,160.79,5.46843,11.4152,17.2412,27.5477,43.2198,60.4969,76.9181,100.9,129.824,182.013,200.0,200.0,200.0,200.0,167.39,80.2598,43.1332,26.3965,11.6401
72.492,-0.0004,1.0000,0.0000,6,178.07,0.03,1.19,0.3457,-0.0217,11162.8,0.0,163.32,163.33,161.07,161.07,5.43565,11.3471,17.1389,27.3855,42.9687,60.1499,76.4833,100.34,129.12,181.074,200.0,200.0,200.0,200.0,167.821,80.4821,43.2563,26.4729,11.6742
72.517,-0.0004,1.0000,0.0000,6,178.58,0.02,1.26,0.3496,-0.0217,11191.1,0.0,163.80,163.80,161.47,161.47,5.40272,11.2784,17.0351,27.2197,42.7086,59.7859,76.0207,99.7344,128.342,179.981,200.0,200.0,200.0,200.0,168.312,80.7188,43.3836,26.5508,11.7086
72.536,-0.0003,1.0000,0.0000,6,179.08,0.01,1.30,0.3536,-0.0217,11224.8,0.0,164.26,164.26,161.95,161.95,5.36973,11.2094,16.9308,27.0527,42.4459,59.4169,75.5499,99.1127,127.539,178.844,200.0,200.0,200.0,200.0,168.825,80.9599,43.5122,26.6292,11.7431
72.561,-0.0003,1.0000,0.0000,6,179.58,0.01,1.32,0.3576,-0.0217,11261.7,0.0,164.72,164.72,162.48,162.48,5.33669,11.1403,16.8263,26.8854,42.1822,59.0468,75.077,98.49,126.731,177.697,200.0,200.0,200.0,200.0,169.339,81.2018,43.6412,26.7079,11.7776
72.580,-0.0003,1.0000,0.0000,6,180.08,0.01,1.33,0.3616,-0.0217,11297.0,0.0,165.19,165.19,162.99,162.99,5.30358,11.0712,16.7217,26.7179,41.9188,58.6765,74.6053,97.8676,125.926,176.561,200.0,200.0,200.0,200.0,169.853,81.4439,43.7703,26.7866,11.8122
72.604,-0.0002,1.0000,0.0000,6,180.59,0.01,1.37,0.3655,-0.0217,11328.9,0.0,165.65,165.65,163.46,163.46,5.27041,11.0019,16.6169,26.5503,41.6554,58.307,74.1348,97.2497,125.128,175.434,200.0,200.0,200.0,200.0,170.359,81.685,43.8993,26.8654,11.8469
72.624,-0.0002,1.0000,0.0000,6,181.09,0.00,1.39,0.3695,-0.0217,11359.2,0.0,166.11,166.11,163.89,163.89,5.23716,10.9324,16.512,26.3826,41.392,57.938,73.6651,96.6328,124.333,174.316,200.0,200.0,200.0,200.0,170.864,81.9256,44.0283,26.9443,11.8816
72.649,-0.0002,1.0000,0.0000,6,181.60,0.00,1.44,0.3736,-0.0217,11378.7,0.0,166.57,166.57,164.18,164.18,5.20383,10.8628,16.4068,26.2145,41.1278,57.5677,73.1937,96.0133,123.535,173.191,200.0,200.0,200.0,200.0,171.371,82.1671,44.1577,27.0233,11.9164
72.667,-0.0002,1.0000,0.0000,6,182.10,0.00,1.50,0.3776,-0.0217,11406.0,0.0,167.04,167.04,164.57,164.57,5.1704,10.793,16.3013,26.0458,40.863,57.1968,72.7216,95.392,122.734,172.064,200.0,200.0,200.0,200.0,171.88,82.4089,44.2874,27.1026,11.9514
72.691,-0.0002,1.0000,0.0000,6,182.60,0.00,1.55,0.3816,-0.0217,11438.7,0.0,167.50,167.50,165.04,165.04,5.13689,10.723,16.1957,25.8768,40.5978,56.8253,72.2491,94.7716,121.936,170.945,200.0,200.0,200.0,200.0,172.384,82.651,44.4172,27.182,11.9864
72.711,-0.0001,1.0000,0.0000,6,183.09,0.00,1.57,0.3857,-0.0217,11474.3,0.0,167.95,167.95,165.55,165.55,5.1033,10.6529,16.0897,25.7075,40.3321,56.4533,71.7759,94.1518,121.137,169.824,200.0,200.0,200.0,200.0,172.716,82.8933,44.5474,27.2616,12.0215
72.735,-0.0001,1.0000,0.0000,6,183.58,0.00,1.58,0.3897,-0.0217,11508.7,0.0,168.40,168.40,166.05,166.05,5.06962,10.5826,15.9835,25.5379,40.066,56.0807,71.3023,93.5294,120.336,168.703,200.0,200.0,200.0,200.0,172.853,83.1358,44.6777,27.3414,12.0566
72.754,-0.0001,1.0000,0.0000,6,184.07,0.00,1.61,0.3938,-0.0217,11540.0,0.0,168.86,168.86,166.50,166.50,5.03585,10.5121,15.8771,25.3678,39.7991,55.7075,70.8272,92.9074,119.536,167.579,200.0,200.0,200.0,200.0,172.853,83.3786,44.8083,27.4214,12.0919
72.779,-0.0001,1.0000,0.0000,6,184.57,0.00,1.64,0.3979,-0.0217,11569.8,0.0,169.31,169.31,166.93,166.93,5.00199,10.4414,15.7704,25.1973,39.5319,55.3334,70.3523,92.2839,118.734,166.456,200.0,200.0,200.0,200.0,172.753,83.6221,44.9392,27.5015,12.1273
72.804,-0.0001,1.0000,0.0000,6,185.07,0.00,1.68,0.4019,-0.0217,11589.1,0.0,169.76,169.76,167.22,167.22,4.96804,10.3706,15.6633,25.0262,39.2632,54.9574,69.8736,91.6565,117.926,165.323,200.0,200.0,200.0,200.0,172.578,83.8669,45.0707,27.582,12.1627
72.824,-0.0001,1.0000,0.0000,6,185.56,0.00,1.74,0.4060,-0.0217,11616.7,0.0,170.22,170.22,167.61,167.61,4.934,10.2995,15.5559,24.8547,38.9939,54.5805,69.3941,91.0273,117.117,164.186,200.0,200.0,200.0,200.0,172.34,84.1125,45.2026,27.6626,12.1983
72.848,-0.0001,1.0000,0.0000,6,186.04,0.00,1.79,0.4101,-0.0217,11648.7,0.0,170.67,170.67,168.07,168.07,4.89987,10.2282,15.4483,24.6827,38.7242,54.2026,68.9142,90.3977,116.307,163.051,200.0,200.0,200.0,200.0,172.047,84.3587,45.3348,27.7435,12.2339
72.867,-0.0001,1.0000,0.0000,6,186.53,0.00,1.80,0.4143,-0.0217,11683.4,0.0,171.11,171.11,168.57,168.57,4.86565,10.1568,15.3405,24.5104,38.4538,53.8244,68.4329,89.7664,115.494,161.912,200.0,200.0,200.0,199.182,171.711,84.6047,45.4671,27.8245,12.2697
72.891,-0.0001,1.0000,0.0000,6,187.01,0.00,1.82,0.4184,-0.0217,11716.6,0.0,171.56,171.56,169.05,169.05,4.83134,10.0852,15.2323,24.3376,38.1828,53.4449,67.951,89.1334,114.68,160.774,200.0,200.0,200.0,198.253,171.335,84.8518,45.5999,27.9058,12.3055
72.910,-0.0001,1.0000,0.0000,6,187.49,0.00,1.85,0.4225,-0.0217,11747.0,0.0,172.00,172.00,169.49,169.49,4.79695,10.0134,15.1239,24.1644,37.9112,53.0648,67.4678,88.4999,113.865,159.633,200.0,200.0,200.0,197.321,170.924,85.0991,45.7329,27.9872,12.3414
72.936,-0.0000,1.0000,0.0000,6,187.97,0.00,1.87,0.4267,-0.0217,11776.2,0.0,172.44,172.44,169.91,169.91,4.76247,9.94145,15.0152,23.9908,37.6389,52.6837,66.9835,87.8659,113.05,158.489,200.0,200.0,200.0,196.387,170.482,85.3469,45.8662,28.0688,12.3774
72.955,-0.0000,1.0000,0.0000,6,188.47,0.00,1.93,0.4309,-0.0217,11794.9,0.0,172.89,172.89,170.18,170.18,4.72789,9.86924,14.9061,23.8165,37.3654,52.3008,66.4965,87.2258,112.226,157.331,200.0,200.0,200.0,195.451,170.015,85.5964,46.0001,28.1508,12.4135
72.979,-0.0000,1.0000,0.0000,6,188.95,0.00,1.98,0.4350,-0.0217,11823.3,0.0,173.34,173.34,170.59,170.59,4.69323,9.79689,14.7968,23.6418,37.0913,51.917,66.0084,86.5853,111.401,156.178,200.0,200.0,200.0,194.513,169.522,85.8464,46.1344,28.2329,12.4497
72.998,-0.0000,1.0000,0.0000,6,189.42,0.00,2.02,0.4392,-0.0217,11855.1,0.0,173.77,173.77,171.05,171.05,4.65847,9.72434,14.6873,23.4667,36.8166,51.5325,65.5196,85.9441,110.576,155.018,200.0,200.0,200.0,193.572,169.006,86.0967,46.2689,28.3152,12.486
73.023,-0.0000,1.0000,0.0000,6,189.90,0.00,2.03,0.4434,-0.0217,11888.7,0.0,174.21,174.21,171.53,171.53,4.62364,9.65162,14.5774,23.2912,36.5413,51.1472,65.0297,85.3015,109.751,153.862,200.0,200.0,200.0,192.629,168.469,86.3475,46.4037,28.3977,12.5224
73.042,-0.0000,1.0000,0.0000,6,190.37,0.00,2.05,0.4476,-0.0217,11920.4,0.0,174.65,174.65,171.99,171.99,4.58871,9.57871,14.4673,23.1154,36.2653,50.7612,64.5384,84.6581,108.922,152.7,200.0,200.0,200.0,191.682,167.912,86.5987,46.5388,28.4804,12.5589
73.067,-0.0000,1.0000,0.0000,6,190.84,0.00,2.08,0.4518,-0.0217,11949.8,0.0,175.08,175.08,172.42,172.42,4.5537,9.50565,14.357,22.9391,35.9888,50.3743,64.0466,84.0132,108.093,151.538,200.0,200.0,200.0,190.734,167.337,86.8504,46.6741,28.5633,12.5954
73.086,-0.0000,1.0000,0.0000,6,191.31,0.00,2.11,0.4560,-0.0217,11976.2,0.0,175.52,175.52,172.81,172.81,4.5186,9.43238,14.2463,22.7623,35.7115,49.986,63.5535,83.3656,107.261,150.373,200.0,200.0,200.0,189.784,166.745,87.1032,46.81,28.6464,12.6321
73.111,-0.0000,1.0000,0.0000,6,191.80,0.00,2.16,0.4603,-0.0217,11996.8,0.0,175.96,175.96,173.10,173.10,4.48341,9.35891,14.1354,22.585,35.4331,49.5964,63.0575,82.7155,106.423,149.196,200.0,200.0,200.0,188.831,166.138,87.3574,46.9463,28.7298,12.6689
73.130,-0.0000,1.0000,0.0000,6,192.26,0.00,2.21,0.4645,-0.0217,12026.1,0.0,176.39,176.39,173.52,173.52,4.44813,9.28527,14.0241,22.4072,35.1543,49.2058,62.5613,82.0636,105.584,148.018,200.0,200.0,199.733,187.876,165.516,87.6114,47.0829,28.8134,12.7057
73.155,-0.0000,1.0000,0.0000,6,192.73,0.00,2.24,0.4688,-0.0217,12057.7,0.0,176.82,176.82,173.97,173.97,4.41278,9.21147,13.9126,22.2291,34.8749,48.8147,62.064,81.4113,104.745,146.842,200.0,200.0,198.715,186.918,164.88,87.8661,47.2198,28.8971,12.7426
73.173,-0.0000,1.0000,0.0000,6,193.19,0.00,2.25,0.4731,-0.0217,12090.0,0.0,177.24,177.24,174.44,174.44,4.37733,9.13746,13.8009,22.0505,34.5947,48.4225,61.5654,80.7573,103.903,145.665,200.0,200.0,197.695,185.959,164.23,88.1214,47.357,28.9811,12.7797
73.199,-0.0143,1.0000,0.0000,6,193.66,0.00,2.28,0.4773,-0.0217,12120.0,0.0,177.68,177.68,174.87,174.87,4.3418,9.0633,13.6889,21.8716,34.3139,48.0298,61.0657,80.1028,103.061,144.483,200.0,200.0,196.671,184.996,163.566,88.3768,47.4943,29.0652,12.8168
73.216,-0.0128,1.0000,0.0000,6,194.12,-0.02,2.30,0.4816,-0.0212,12148.5,0.0,178.04,178.16,175.28,175.28,4.3089,9.00324,13.6096,21.7764,34.2395,48.0409,61.2203,80.5753,104.091,200.0,200.0,200.0,195.163,183.606,162.346,88.1536,47.4942,29.0989,12.8462
73.242,-0.0116,1.0000,0.0000,6,194.59,0.08,2.34,0.4857,-0.0200,12169.6,0.0,178.41,178.64,175.59,175.59,4.27918,8.95869,13.5656,21.7712,34.3868,48.4913,62.0925,82.307,107.258,200.0,200.0,200.0,193.162,181.779,160.558,87.4379,47.3496,29.079,12.867
73.261,-0.0104,1.0000,0.0000,6,195.06,0.18,2.38,0.4897,-0.0188,12195.6,0.0,178.82,179.08,175.96,175.96,4.25096,8.91917,13.532,21.7906,34.5959,49.0688,63.1856,84.4609,111.22,200.0,200.0,200.0,191.066,179.869,158.643,86.6247,47.1718,29.0454,12.885
73.285,-0.0094,1.0000,0.0000,6,195.51,0.25,2.42,0.4935,-0.0176,12225.2,0.0,179.25,179.50,176.39,176.39,4.22354,8.87995,13.4972,21.8043,34.7892,49.6197,64.2461,86.594,115.238,200.0,200.0,199.916,189.054,178.031,156.813,85.8874,47.0111,29.0165,12.9028
73.305,-0.0084,1.0000,0.0000,6,195.97,0.29,2.44,0.4973,-0.0166,12256.5,0.0,179.69,179.90,176.84,176.84,4.19678,8.83978,13.4579,21.8031,34.9416,50.0909,65.182,88.5371,119.005,200.0,200.0,197.872,187.172,176.307,155.13,85.27,46.8811,28.9972,12.9212
73.329,-0.0076,1.0000,0.0000,6,196.42,0.31,2.46,0.5008,-0.0157,12287.1,0.0,180.12,180.31,177.28,177.28,4.17076,8.79914,13.4153,21.7894,35.0588,50.4897,66.0035,90.2949,122.512,200.0,200.0,195.952,185.399,174.68,153.578,84.7529,46.7768,28.986,12.9398
73.348,-0.0068,1.0000,0.0000,6,196.88,0.32,2.49,0.5042,-0.0149,12315.6,0.0,180.55,180.72,177.70,177.70,4.14577,8.75959,13.373,21.7726,35.1639,50.8632,66.7859,92.0008,125.99,200.0,200.0,194.096,183.684,173.104,152.095,84.2841,46.6834,28.9773,12.9579
73.373,-0.0061,1.0000,0.0000,6,197.33,0.31,2.51,0.5074,-0.0141,12342.5,0.0,180.97,181.13,178.09,178.09,4.12179,8.721,13.3307,21.7519,35.2541,51.2041,67.516,93.6303,129.389,200.0,200.0,192.309,182.029,171.578,150.686,83.8658,46.6017,28.9716,12.9755
73.393,-0.0055,1.0000,0.0000,6,197.80,0.30,2.55,0.5105,-0.0135,12362.7,0.0,181.40,181.54,178.38,178.38,4.09854,8.68215,13.2856,21.7199,35.3097,51.4706,68.118,95.0283,132.401,200.0,198.629,190.624,180.464,170.133,149.394,83.5294,46.542,28.9729,12.9933
73.417,-0.0050,1.0000,0.0000,6,198.25,0.28,2.59,0.5135,-0.0129,12390.5,0.0,181.83,181.95,178.78,178.78,4.07611,8.64372,13.2393,21.681,35.3426,51.6847,68.6306,96.2629,136.176,200.0,196.925,189.011,178.965,168.745,148.186,83.2501,46.4971,28.9784,13.0109
73.443,-0.0045,1.0000,0.0000,6,198.70,0.26,2.62,0.5163,-0.0124,12420.1,0.0,182.25,182.36,179.20,179.20,4.05446,8.60588,13.1925,21.6374,35.3575,51.8583,69.0696,97.3608,200.0,200.0,195.285,187.457,177.516,167.402,147.043,83.015,46.4633,28.9872,13.0283
73.460,-0.0040,1.0000,0.0000,6,199.14,0.24,2.63,0.5190,-0.0119,12450.5,0.0,182.67,182.76,179.64,179.64,4.03341,8.56793,13.1437,21.585,35.3451,51.9686,69.3972,98.2406,200.0,200.0,193.725,185.974,176.132,166.116,145.984,82.838,46.4458,29.0011,13.0458
73.486,-0.0036,1.0000,0.0000,6,199.59,0.21,2.66,0.5216,-0.0115,12479.1,0.0,183.09,183.17,180.06,180.06,4.01302,8.53067,13.0949,21.5298,35.3208,52.0504,69.6715,99.0179,200.0,200.0,192.205,184.53,174.782,164.858,144.965,82.6898,46.4354,29.0169,13.0631
73.504,-0.0033,1.0000,0.0000,6,200.03,0.19,2.68,0.5242,-0.0112,12506.5,0.0,183.50,183.58,180.45,180.45,3.99339,8.49483,13.0482,21.4774,35.3,52.1366,69.952,99.8097,200.0,198.968,190.693,183.092,173.436,163.605,143.951,82.5432,46.424,29.0315,13.0796
73.529,-0.0029,1.0000,0.0000,6,200.49,0.18,2.71,0.5266,-0.0108,12527.5,0.0,183.91,183.99,180.76,180.76,3.97429,8.45942,13.0011,21.4216,35.2665,52.1918,70.1751,100.488,200.0,197.416,189.219,181.689,172.123,162.38,142.975,82.425,46.42,29.0482,13.0959
73.548,-0.0026,1.0000,0.0000,6,200.93,0.16,2.75,0.5289,-0.0105,12553.5,0.0,184.33,184.39,181.13,181.13,3.95562,8.42413,12.9531,21.361,35.2167,52.2084,70.3267,101.017,200.0,195.913,187.791,180.327,170.845,161.187,142.042,82.3398,46.4251,29.0678,13.1123
73.573,-0.0024,1.0000,0.0000,6,201.37,0.14,2.78,0.5312,-0.0103,12581.8,0.0,184.74,184.80,181.54,181.54,3.93748,8.38969,12.9059,21.3009,35.1648,52.2173,70.4625,101.516,200.0,194.424,186.374,178.978,169.577,160.002,141.118,82.2631,46.4317,29.0874,13.1282
73.592,-0.0021,1.0000,0.0000,6,201.81,0.13,2.80,0.5335,-0.0100,12611.4,0.0,185.15,185.20,181.96,181.96,3.91969,8.35533,12.8581,21.2369,35.0997,52.1947,70.5391,101.888,200.0,192.974,184.993,177.659,168.338,158.842,140.224,82.2124,46.4457,29.1094,13.1442
73.617,-0.0214,1.0000,0.0000,6,202.25,0.12,2.82,0.5356,-0.0098,12640.1,0.0,185.56,185.60,182.38,182.38,3.90221,8.32105,12.8095,21.1692,35.0219,52.1413,70.5575,102.141,200.0,191.557,183.642,176.369,167.123,157.704,139.356,82.1864,46.4665,29.1335,13.1602
73.636,-0.0303,1.0000,0.0000,6,202.69,0.09,2.84,0.5377,-0.0089,12667.6,0.0,185.88,186.08,182.78,182.78,3.88867,8.30667,12.8078,21.2281,35.288,52.851,71.9781,105.361,197.934,189.43,181.64,174.478,165.371,156.088,137.85,81.6079,46.3107,29.0893,13.1649
73.661,-0.0273,1.0000,0.0000,6,203.13,0.21,2.86,0.5395,-0.0067,12691.0,0.0,186.15,186.59,183.12,183.12,3.88185,8.32517,12.8834,21.4973,36.1391,54.8967,75.9426,114.305,194.48,186.215,178.638,171.665,162.791,153.736,135.332,80.1849,45.8785,28.9368,13.1514
73.679,-0.0246,1.0000,0.0000,6,203.57,0.42,2.90,0.5409,-0.0040,12715.8,0.0,186.50,187.06,183.47,183.47,3.87991,8.36338,13.0036,21.8886,37.3499,57.8465,81.8181,199.278,190.544,182.557,175.226,168.473,159.868,151.061,132.303,78.4207,45.3222,28.7323,13.1278
73.705,-0.0221,1.0000,0.0000,6,204.00,0.60,2.93,0.5420,-0.0013,12743.5,0.0,186.89,187.46,183.87,183.87,3.88109,8.409,13.1375,22.3155,38.6859,61.2066,88.8062,195.133,186.701,178.98,171.885,165.344,156.999,148.377,129.225,76.7162,44.7693,28.5243,13.1013
73.723,-0.0199,1.0000,0.0000,6,204.43,0.72,2.95,0.5427,0.0012,12772.1,0.0,187.31,187.84,184.28,184.28,3.88485,8.45746,13.2731,22.7414,40.0379,64.729,96.495,191.298,183.137,175.657,168.776,162.426,154.317,145.818,126.297,75.1974,44.2637,28.33,13.0744
73.749,-0.0179,1.0000,0.0000,6,204.86,0.78,2.96,0.5430,0.0035,12800.3,0.0,187.73,188.21,184.69,184.69,3.89109,8.50772,13.4071,23.1546,41.3651,68.3038,104.703,187.797,179.876,172.609,165.918,159.738,151.84,143.419,123.582,73.8742,43.8122,28.1525,13.0477
73.766,-0.0161,1.0000,0.0000,6,205.29,0.80,2.98,0.5429,0.0055,12827.2,0.0,188.15,188.58,185.08,185.08,3.90002,8.56068,13.5414,23.5596,42.6732,71.9382,113.48,184.57,176.863,169.786,163.266,157.24,149.533,141.159,121.064,72.7062,43.4035,27.9881,13.0206
73.792,-0.0145,1.0000,0.0000,6,205.72,0.79,3.00,0.5424,0.0073,12852.1,0.0,188.57,188.95,185.44,185.44,3.91147,8.61577,13.6746,23.9506,43.9381,75.551,193.314,181.605,174.089,167.183,160.815,154.926,147.389,139.047,118.77,71.6862,43.0375,27.8372,12.9934
73.811,-0.0131,1.0000,0.0000,6,206.16,0.75,3.03,0.5415,0.0089,12874.4,0.0,188.99,189.33,185.76,185.76,3.92541,8.67315,13.8071,24.3281,45.1546,79.1083,190.303,178.869,171.523,164.769,158.538,152.772,145.389,137.071,116.697,70.7924,42.7085,27.6979,12.9658
73.836,-0.0117,1.0000,0.0000,6,206.59,0.70,3.06,0.5402,0.0102,12900.7,0.0,189.41,189.70,186.14,186.14,3.94169,8.7327,13.9388,24.6916,46.3158,82.57,187.523,176.333,169.14,162.522,156.415,150.76,143.515,135.222,114.836,70.0083,42.4122,27.5689,12.9378
73.855,-0.0106,1.0000,0.0000,6,207.01,0.64,3.08,0.5386,0.0114,12928.0,0.0,189.82,190.08,186.53,186.53,3.96022,8.79479,14.071,25.0455,47.4342,85.9533,184.923,173.956,166.902,160.408,154.412,148.86,141.74,133.478,113.156,69.3091,42.141,27.4475,12.9092
73.880,-0.0095,1.0000,0.0000,6,207.44,0.58,3.09,0.5367,0.0125,12955.6,0.0,190.23,190.46,186.93,186.93,3.98097,8.86017,14.2063,25.3982,48.5368,89.3384,182.449,171.688,164.762,158.384,152.493,147.036,140.028,131.806,111.603,68.665,41.8851,27.33,12.8795
73.898,-0.0086,1.0000,0.0000,6,207.86,0.54,3.11,0.5346,0.0135,12982.3,0.0,190.63,190.84,187.32,187.32,4.00385,8.92926,14.3461,25.755,49.6432,92.783,180.063,169.496,162.692,156.424,150.633,145.265,138.36,130.185,110.143,68.0583,41.6385,27.2142,12.8486
73.923,-0.0077,1.0000,0.0000,6,208.29,0.49,3.12,0.5321,0.0145,13008.3,0.0,191.03,191.23,187.69,187.69,4.02865,9.00139,14.489,26.1122,50.7396,96.2374,177.769,167.385,160.695,154.531,148.833,143.551,136.74,128.62,108.782,67.4909,41.4028,27.101,12.8166
73.948,-0.0069,1.0000,0.0000,6,208.72,0.45,3.15,0.5295,0.0153,13030.2,0.0,191.43,191.61,188.01,188.01,4.05511,9.07566,14.633,26.4635,51.8019,99.6061,175.577,165.364,158.781,152.713,147.103,141.901,135.177,127.12,107.534,66.971,41.1813,26.9919,12.784
73.966,-0.0062,1.0000,0.0000,6,209.14,0.41,3.18,0.5266,0.0160,13056.1,0.0,191.83,191.99,188.38,188.38,4.08303,9.15144,14.7768,26.8053,52.8148,102.838,173.49,163.434,156.95,150.972,145.443,140.315,133.674,125.688,106.399,66.4993,40.9748,26.8875,12.751
73.992,-0.0056,1.0000,0.0000,6,209.56,0.37,3.19,0.5235,0.0166,13082.7,0.0,192.23,192.37,188.77,188.77,4.11221,9.22842,14.9199,27.1368,53.7744,184.459,171.496,161.585,155.194,149.299,143.847,138.789,132.226,124.319,105.363,66.072,40.7824,26.7876,12.7177
74.011,-0.0051,1.0000,0.0000,6,209.98,0.33,3.21,0.5202,0.0172,13109.7,0.0,192.63,192.75,189.16,189.16,4.14272,9.30754,15.0652,27.468,54.7197,182.329,169.553,159.782,153.479,147.664,142.285,137.293,130.807,122.982,104.375,65.6665,40.596,26.6891,12.6836
74.035,-0.0046,1.0000,0.0000,6,210.40,0.30,3.22,0.5168,0.0177,13136.1,0.0,193.02,193.13,189.54,189.54,4.17444,9.38874,15.213,27.8004,55.6572,180.246,167.65,158.013,151.795,146.058,140.749,135.822,129.411,121.673,103.423,65.2776,40.4139,26.5912,12.6488
74.054,-0.0041,1.0000,0.0000,6,210.82,0.27,3.23,0.5133,0.0182,13162.1,0.0,193.41,193.51,189.91,189.91,4.20731,9.47202,15.3633,28.1348,56.5909,178.201,165.779,156.273,150.137,144.475,139.235,134.371,128.034,120.384,102.496,64.9017,40.235,26.4937,12.6132
74.079,-0.0037,1.0000,0.0000,6,211.25,0.24,3.26,0.5096,0.0186,13184.6,0.0,193.80,193.89,190.24,190.24,4.24113,9.55662,15.5145,28.466,57.501,176.208,163.953,154.571,148.514,142.924,137.75,132.947,126.683,119.125,101.604,64.5462,40.0622,26.3978,12.5772
74.098,-0.0033,1.0000,0.0000,6,211.66,0.22,3.28,0.5058,0.0190,13210.0,0.0,194.19,194.27,190.60,190.60,4.27582,9.6424,15.6663,28.7939,58.3862,174.262,162.166,152.904,146.923,141.403,136.292,131.548,125.356,117.892,100.743,64.209,39.8949,26.3034,12.5407
74.123,-0.0030,1.0000,0.0000,6,212.08,0.20,3.29,0.5018,0.0193,13236.1,0.0,194.58,194.65,190.98,190.98,4.31123,9.72888,15.8178,29.1156,59.2349,172.367,160.422,151.275,145.367,139.913,134.864,130.176,124.055,116.689,99.9141,63.8927,39.7343,26.2112,12.5041
74.141,-0.0027,1.0000,0.0000,6,212.50,0.18,3.30,0.4978,0.0196,13262.3,0.0,194.97,195.03,191.36,191.36,4.34733,9.81613,15.9693,29.4325,60.0553,170.512,158.713,149.676,143.838,138.449,133.459,128.825,122.775,115.508,99.1061,63.5933,39.5791,26.1205,12.4672
74.167,-0.0024,1.0000,0.0000,6,212.91,0.16,3.32,0.4937,0.0199,13288.3,0.0,195.35,195.41,191.73,191.73,4.38419,9.90509,16.1235,29.7544,60.8861,168.663,157.01,148.081,142.313,136.988,132.057,127.477,121.498,114.33,98.2907,63.2947,39.4232,26.0289,12.4296
74.185,-0.0022,1.0000,0.0000,6,213.32,0.14,3.33,0.4895,0.0201,13313.8,0.0,195.74,195.79,192.10,192.10,4.42158,9.99455,16.2774,30.0713,61.688,166.849,155.336,146.512,140.812,135.549,130.674,126.148,120.238,113.17,97.4908,63.0109,39.272,25.9388,12.3919
74.210,-0.0020,1.0000,0.0000,6,213.74,0.13,3.34,0.4852,0.0203,13336.9,0.0,196.12,196.16,192.44,192.44,4.45944,10.0842,16.4304,30.3815,62.4524,165.073,153.693,144.971,139.336,134.133,129.313,124.838,118.997,112.031,96.7078,62.7437,39.1263,25.8506,12.354
74.229,-0.0018,1.0000,0.0000,6,214.15,0.11,3.36,0.4809,0.0205,13362.0,0.0,196.50,196.54,192.80,192.80,4.49782,10.1749,16.5847,30.6927,63.214,163.306,152.059,143.438,137.867,132.723,127.958,123.532,117.761,110.897,95.9198,62.4801,38.9813,25.7622,12.3158
74.254,-0.0016,1.0000,0.0000,6,214.56,0.10,3.37,0.4765,0.0207,13387.5,0.0,196.88,196.92,193.16,193.16,4.53675,10.2669,16.7411,31.0084,63.9877,161.539,150.424,141.903,136.397,131.312,126.601,122.226,116.524,109.761,95.1196,62.2151,38.8352,25.6729,12.2771
74.273,-0.0014,1.0000,0.0000,6,214.97,0.09,3.38,0.4721,0.0209,13413.1,0.0,197.26,197.29,193.53,193.53,4.57623,10.3603,16.9001,31.3297,64.7789,159.768,148.786,140.365,134.923,129.897,125.241,120.917,115.283,108.62,94.3049,61.9466,38.6872,25.5825,12.2379
74.298,-0.0013,1.0000,0.0000,6,215.38,0.09,3.39,0.4676,0.0210,13438.4,0.0,197.64,197.67,193.90,193.90,4.61599,10.4535,17.0577,31.6436,65.5326,158.028,147.173,138.85,133.47,128.502,123.899,119.623,114.058,107.496,93.5012,61.693,38.5442,25.4938,12.1987
74.318,-0.0012,1.0000,0.0000,6,215.79,0.08,3.40,0.4630,0.0212,13463.4,0.0,198.01,198.04,194.26,194.26,4.65594,10.5464,17.2131,31.9477,66.2374,156.321,145.59,137.36,132.041,127.128,122.577,118.349,112.851,106.39,92.711,61.456,38.4072,25.4074,12.1597
74.342,-0.0010,1.0000,0.0000,6,216.20,0.07,3.41,0.4584,0.0212,13487.1,0.0,198.39,198.41,194.60,194.60,4.6962,10.6396,17.3687,32.2503,66.9314,154.624,144.014,135.878,130.618,125.76,121.259,117.078,111.647,105.287,91.916,61.224,38.2716,25.3213,12.1204
74.360,-0.0009,1.0000,0.0000,6,216.60,0.06,3.42,0.4538,0.0213,13511.8,0.0,198.77,198.78,194.96,194.96,4.73678,10.7335,17.5254,32.5549,67.6282,152.927,142.438,134.394,129.194,124.391,119.941,115.807,110.442,104.182,91.1107,60.9916,38.1355,25.2348,12.0809
74.386,-0.0008,1.0000,0.0000,6,217.01,0.05,3.43,0.4491,0.0214,13536.7,0.0,199.14,199.16,195.32,195.32,4.77771,10.8283,17.6836,32.8626,68.335,151.227,140.859,132.908,127.768,123.019,118.62,114.533,109.234,103.074,90.2923,60.7575,37.9983,25.1476,12.0411
74.404,-0.0008,1.0000,0.0000,6,217.41,0.05,3.44,0.4444,0.0215,13561.6,0.0,199.51,199.53,195.68,195.68,4.81895,10.9239,17.8433,33.1739,69.052,149.522,139.276,131.418,126.338,121.644,117.296,113.256,108.023,101.96,89.4621,60.5211,37.8599,25.0596,12.001
74.429,-0.0007,1.0000,0.0000,6,217.82,0.04,3.45,0.4397,0.0216,13586.4,0.0,199.88,199.90,196.04,196.04,4.8605,11.0203,18.0045,33.4884,69.7795,147.813,137.69,129.924,124.904,120.266,115.969,111.976,106.809,100.843,88.6195,60.2826,37.7204,24.971,11.9605
74.455,-0.0006,1.0000,0.0000,6,218.22,0.04,3.45,0.4349,0.0217,13610.9,0.0,200.25,200.27,196.39,196.39,4.90235,11.1175,18.167,33.8062,70.5167,146.101,136.099,128.427,123.467,118.885,114.639,110.694,105.591,99.7225,87.7665,60.0424,37.5799,24.8817,11.9198
74.473,-0.0006,1.0000,0.0000,6,218.62,0.04,3.46,0.4301,0.0218,13635.1,0.0,200.62,200.64,196.74,196.74,4.94449,11.2154,18.3309,34.1271,71.263,144.385,134.507,126.928,122.028,117.501,113.306,109.408,104.372,98.598,86.9032,59.8004,37.4383,24.7918,11.8788
74.498,-0.0005,1.0000,0.0000,6,219.02,0.04,3.47,0.4253,0.0219,13659.5,0.0,200.99,201.01,197.09,197.09,4.98693,11.314,18.4961,34.4508,72.0825,142.667,132.912,125.426,120.587,116.115,111.971,108.121,103.149,97.4702,86.0305,59.5571,37.2959,24.7013,11.8376
74.518,-0.0004,1.0000,0.0000,6,219.42,0.04,3.47,0.4204,0.0220,13683.8,0.0,201.36,201.37,197.44,197.44,5.02938,11.4117,18.6581,34.7619,73.9322,140.979,131.342,123.947,119.166,114.748,110.654,106.85,101.941,96.3573,85.1683,59.3305,37.1597,24.6133,11.7966
74.541,-0.0004,1.0000,0.0000,6,219.82,0.03,3.48,0.4156,0.0220,13708.0,0.0,201.73,201.73,197.79,197.79,5.07179,11.5082,18.8163,35.0584,161.646,139.324,129.8,122.492,117.767,113.401,109.356,105.597,100.749,95.2599,84.3176,59.1225,37.0304,24.528,11.7559
74.560,-0.0004,1.0000,0.0000,6,220.22,0.02,3.48,0.4107,0.0220,13732.3,0.0,202.10,202.10,198.14,198.14,5.11426,11.6044,18.9734,35.3502,159.736,137.677,128.265,121.044,116.374,112.06,108.062,104.348,99.5608,94.1649,83.4638,58.92,36.9031,24.4435,11.7153
74.585,-0.0003,1.0000,0.0000,6,220.61,0.01,3.49,0.4058,0.0220,13756.8,0.0,202.46,202.46,198.50,198.50,5.15687,11.7009,19.1307,35.6418,157.825,136.029,126.729,119.594,114.98,110.718,106.768,103.097,98.3702,93.0676,82.6018,58.7184,36.776,24.3589,11.6746
74.605,-0.0003,1.0000,0.0000,6,221.01,0.01,3.49,0.4008,0.0220,13781.1,0.0,202.83,202.82,198.84,198.84,5.19959,11.7976,19.2886,35.9345,155.91,134.377,125.19,118.141,113.583,109.372,105.47,101.844,97.1768,91.966,81.7301,58.5158,36.6483,24.274,11.6337
74.630,-0.0003,1.0000,0.0000,6,221.40,0.01,3.49,0.3959,0.0220,13804.9,0.0,203.19,203.19,199.19,199.19,5.24243,11.8947,19.447,36.2288,153.989,132.72,123.646,116.684,112.183,108.023,104.169,100.588,95.9794,90.8596,80.8486,58.3119,36.52,24.1888,11.5928
74.648,-0.0002,1.0000,0.0000,6,221.80,0.00,3.49,0.3909,0.0220,13828.6,0.0,203.55,203.55,199.53,199.53,5.28536,11.992,19.6059,36.524,152.062,131.059,122.098,115.224,110.778,106.671,102.865,99.3288,94.7786,89.7488,79.9577,58.1067,36.3911,24.1033,11.5517
74.673,-0.0002,1.0000,0.0000,6,222.19,0.00,3.49,0.3860,0.0219,13852.2,0.0,203.91,203.91,199.87,199.87,5.3284,12.0895,19.7653,36.8205,150.13,129.394,120.547,113.759,109.37,105.315,101.558,98.0663,93.5744,88.6341,79.0577,57.9005,36.2617,24.0175,11.5105
74.691,-0.0002,1.0000,0.0000,6,222.58,0.00,3.50,0.3810,0.0219,13875.9,0.0,204.27,204.27,200.21,200.21,5.37153,12.1874,19.9252,37.118,148.194,127.725,118.992,112.292,107.96,103.957,100.248,96.8013,92.3673,87.5151,78.1492,57.6935,36.1319,23.9315,11.4693
74.717,-0.0002,1.0000,0.0000,6,222.97,-0.00,3.49,0.3760,0.0219,13901.0,0.0,204.63,204.63,200.58,200.58,5.41473,12.2854,20.0854,37.4164,146.254,126.053,117.434,110.822,106.546,102.596,98.9354,95.534,91.1578,86.3922,77.2327,57.4858,36.0017,23.8453,11.4279
74.736,-0.0002,1.0000,0.0000,6,223.36,-0.00,3.49,0.3710,0.0219,13924.8,0.0,204.99,204.99,200.92,200.92,5.45802,12.3836,20.2459,37.7154,144.31,124.378,115.873,109.349,105.13,101.232,97.6204,94.264,89.9463,85.2658,76.3084,57.2718,35.8712,23.7588,11.3865
74.761,-0.0001,1.0000,0.0000,6,223.75,-0.00,3.49,0.3660,0.0219,13948.0,0.0,205.35,205.35,201.25,201.25,5.50139,12.482,20.4068,38.0151,142.363,122.699,114.309,107.873,103.711,99.8659,96.3027,92.9919,88.7322,84.1359,75.3767,57.0118,35.7405,23.6722,11.345
74.780,-0.0001,1.0000,0.0000,6,224.14,-0.00,3.49,0.3610,0.0219,13971.1,0.0,205.70,205.70,201.59,201.59,5.54483,12.5805,20.5679,38.3152,140.411,121.017,112.743,106.395,102.29,98.4971,94.9827,91.7174,87.5162,83.0026,74.4378,56.7032,35.6095,23.5855,11.3034
74.805,-0.0001,1.0000,0.0000,6,224.53,-0.00,3.49,0.3560,0.0219,13994.2,0.0,206.06,206.06,201.92,201.92,5.58834,12.6793,20.7294,38.6161,138.457,119.333,111.173,104.913,100.866,97.1261,93.6606,90.4406,86.2979,81.8654,73.4916,56.3513,35.4783,23.4986,11.2618
74.823,-0.0001,1.0000,0.0000,6,224.91,-0.00,3.48,0.3510,0.0219,14017.5,0.0,206.41,206.41,202.26,202.26,5.63195,12.7782,20.8912,38.9176,136.499,117.645,109.601,103.43,99.4394,95.7525,92.336,89.1616,85.0773,80.7251,72.5387,55.961,35.3467,23.4115,11.22
74.848,-0.0001,1.0000,0.0000,6,225.29,-0.00,3.47,0.3460,0.0219,14043.3,0.0,206.77,206.77,202.63,202.63,5.67562,12.8773,21.0532,39.2193,134.537,115.954,108.026,101.944,98.0106,94.3767,91.0094,87.8803,83.8551,79.5813,71.579,55.5358,35.2151,23.3243,11.1782
74.867,-0.0001,1.0000,0.0000,6,225.68,-0.00,3.47,0.3409,0.0219,14066.2,0.0,207.12,207.12,202.96,202.96,5.71936,12.9766,21.2155,39.5218,132.572,114.261,106.449,100.455,96.5794,92.9984,89.6803,86.5972,82.6305,78.4342,70.6129,55.0786,35.0831,23.2369,11.1364
74.892,-0.0001,1.0000,0.0000,6,226.06,-0.00,3.46,0.3359,0.0219,14088.8,0.0,207.47,207.47,203.29,203.29,5.76318,13.076,21.378,39.8246,130.604,112.565,104.868,98.9636,95.1454,91.6178,88.3489,85.3116,81.4037,77.2839,69.6403,54.5923,34.951,23.1493,11.0944
74.911,-0.0001,1.0000,0.0000,6,226.44,-0.00,3.46,0.3308,0.0219,14111.3,0.0,207.83,207.83,203.61,203.61,5.80708,13.1756,21.5409,40.1281,128.633,110.866,103.285,97.4698,93.7094,90.2348,87.0153,84.0237,80.1752,76.1299,68.6615,54.0792,34.8186,23.0617,11.0524
74.936,-0.0001,1.0000,0.0000,6,226.83,-0.00,3.45,0.3257,0.0219,14134.0,0.0,208.18,208.18,203.94,203.94,5.85105,13.2754,21.7041,40.4322,126.658,109.164,101.7,95.9734,92.2705,88.8495,85.6795,82.7338,78.9443,74.973,67.6767,53.5411,34.6859,22.9738,11.0103
74.954,-0.0001,1.0000,0.0000,6,227.21,-0.00,3.44,0.3207,0.0219,14159.9,0.0,208.53,208.53,204.31,204.31,5.8951,13.3753,21.8675,40.7367,124.679,107.459,100.111,94.4745,90.8298,87.4621,84.3414,81.4417,77.7114,73.8124,66.6857,52.9798,34.5531,22.8859,10.9682
74.979,-0.0000,1.0000,0.0000,6,227.58,-0.00,3.43,0.3156,0.0219,14183.1,0.0,208.87,208.87,204.65,204.65,5.93921,13.4754,22.0311,41.0417,122.698,105.751,98.5207,92.9731,89.3865,86.0722,83.0012,80.1476,76.4765,72.649,65.6888,52.3971,34.4201,22.7978,10.926
75.004,-0.0000,1.0000,0.0000,6,227.96,-0.00,3.42,0.3105,0.0219,14205.3,0.0,209.22,209.22,204.97,204.97,5.98341,13.5757,22.1951,41.4336,120.714,104.041,96.927,91.4692,87.9406,84.68,81.6585,78.8511,75.2394,71.4821,64.6861,51.7939,34.2868,22.7095,10.8837
75.023,-0.0000,1.0000,0.0000,6,228.34,-0.00,3.42,0.3054,0.0219,14227.3,0.0,209.57,209.57,205.29,205.29,6.02768,13.6762,22.3594,42.1077,118.725,102.327,95.3308,89.9631,86.4924,83.2853,80.3138,77.5526,74.0005,70.3122,63.6779,51.1716,34.1532,22.6211,10.8413
75.048,-0.0000,1.0000,0.0000,6,228.72,-0.00,3.40,0.3003,0.0220,14249.3,0.0,209.92,209.92,205.60,205.60,6.07202,13.7768,22.5239,43.2669,116.734,100.611,93.7319,88.4543,85.0418,81.8885,78.9668,76.2519,72.7594,69.1389,62.6639,50.5313,34.0195,22.5325,10.7989
75.066,-0.0000,1.0000,0.0000,6,229.10,-0.00,3.40,0.2952,0.0220,14271.7,0.0,210.26,210.26,205.93,205.93,6.11643,13.8776,22.6887,45.6297,114.739,98.8918,92.1302,86.9429,83.5886,80.4893,77.6176,74.949,71.5162,67.9624,61.6445,49.874,33.8855,22.4438,10.7564
75.092,-0.0000,1.0000,0.0000,6,229.47,-0.00,3.37,0.2900,0.0220,14299.1,0.0,210.61,210.61,206.32,206.32,6.16092,13.9785,22.8537,166.398,112.742,97.1704,90.5265,85.4291,82.1333,79.0881,76.2662,73.6444,70.271,66.783,60.6198,49.2005,33.7514,22.3549,10.7138
75.111,-0.0000,1.0000,0.0000,6,229.84,-0.00,3.35,0.2849,0.0220,14320.6,0.0,210.95,210.95,206.63,206.63,6.20549,14.0796,23.0191,163.444,110.741,95.4454,88.9197,83.9127,80.6756,77.6844,74.9127,72.3372,69.024,65.6002,59.5897,48.5116,33.6169,22.2659,10.6711
75.135,-0.0000,1.0000,0.0000,6,230.22,-0.00,3.34,0.2798,0.0220,14342.2,0.0,211.29,211.30,206.94,206.94,6.25013,14.1809,23.1847,160.486,108.736,93.718,87.3101,82.3943,79.2153,76.2784,73.5569,71.028,67.7747,64.4143,58.5545,47.8078,33.4579,22.1767,10.6284
75.154,-0.0000,1.0000,0.0000,6,230.59,-0.00,3.34,0.2746,0.0220,14363.5,0.0,211.64,211.64,207.25,207.25,6.29484,14.2824,23.3506,157.522,106.729,91.9876,85.6983,80.8729,77.7529,74.8701,72.1987,69.7166,66.5235,63.2253,57.5139,47.0899,33.2585,22.0875,10.5856
75.179,-0.0000,1.0000,0.0000,6,230.96,-0.00,3.32,0.2694,0.0220,14385.3,0.0,211.98,211.98,207.57,207.57,6.33962,14.384,23.5168,154.554,104.718,90.2545,84.0837,79.3493,76.2878,73.4594,70.8385,68.4032,65.2701,62.0341,56.4685,46.3588,33.0221,21.998,10.5427
75.198,-0.0000,1.0000,0.0000,6,231.33,-0.00,3.30,0.2643,0.0220,14411.4,0.0,212.32,212.32,207.94,207.94,6.38448,14.4858,23.6832,151.581,102.704,88.5186,82.4665,77.8232,74.8208,72.0467,69.4761,67.0876,64.0148,60.8411,55.4179,45.6146,32.7517,21.9084,10.4998
75.224,-0.0000,1.0000,0.0000,6,231.70,-0.00,3.27,0.2591,0.0220,14435.0,0.0,212.66,212.66,208.28,208.28,6.42941,14.5877,23.8499,148.604,100.687,86.7802,80.847,76.2947,73.3512,70.6317,68.1117,65.77,62.7575,59.6462,54.3625,44.8583,32.4496,21.8187,10.4568
75.242,-0.0000,1.0000,0.0000,6,232.07,-0.00,3.25,0.2539,0.0220,14455.8,0.0,213.00,213.00,208.58,208.58,6.47441,14.6899,24.0169,145.622,98.6665,85.0387,79.2247,74.7638,71.8794,69.2144,66.7449,64.4503,61.4983,58.4493,53.3023,44.0899,32.118,21.7288,10.4137
75.267,-0.0000,1.0000,0.0000,6,232.44,-0.00,3.25,0.2487,0.0220,14476.7,0.0,213.34,213.34,208.88,208.88,6.51948,14.7922,24.2035,142.635,96.6427,83.2947,77.5995,73.2305,70.4053,67.7948,65.376,63.1284,60.2371,57.2506,52.2372,43.31,31.759,21.6388,10.3706
75.285,-0.0000,1.0000,0.0000,6,232.80,-0.00,3.23,0.2435,0.0220,14497.7,0.0,213.67,213.67,209.19,209.19,6.56463,14.8946,24.4874,139.643,94.6157,81.5477,75.9722,71.6946,68.9287,66.3732,64.005,61.8045,58.9737,56.05,51.1674,42.5189,31.3741,21.5486,10.3274
75.311,-0.0000,1.0000,0.0000,6,233.17,-0.00,3.21,0.2383,0.0220,14519.2,0.0,214.01,214.01,209.50,209.50,6.60984,14.9972,24.897,136.647,92.5855,79.7981,74.3421,70.1564,67.4498,64.949,62.6316,60.4784,57.7084,54.8474,50.093,41.7173,30.965,21.4578,10.2841
75.329,-0.0000,1.0000,0.0000,6,233.53,-0.00,3.17,0.2331,0.0220,14548.1,0.0,214.34,214.34,209.91,209.91,6.65513,15.1,25.4654,133.646,90.5526,78.0458,72.7099,68.6156,65.9686,63.5228,61.2564,59.1505,56.4412,53.643,49.0139,40.9053,30.533,21.3461,10.2408
75.355,-0.0000,1.0000,0.0000,6,233.90,-0.00,3.14,0.2279,0.0220,14568.2,0.0,214.68,214.68,210.21,210.21,6.70049,15.2029,26.2428,130.641,88.516,76.2908,71.0747,67.0728,64.4853,62.0943,59.8789,57.8203,55.1722,52.4368,47.9304,40.0831,30.0792,21.2041,10.1974
75.373,-0.0000,1.0000,0.0000,6,234.26,-0.00,3.13,0.2226,0.0220,14588.7,0.0,215.02,215.02,210.50,210.50,6.74592,15.306,27.3126,127.63,86.4765,74.5328,69.437,65.5274,62.9994,60.6637,58.4993,56.4881,53.9008,51.2285,46.8424,39.2513,29.6049,21.0334,10.1539
75.398,-0.0000,1.0000,0.0000,6,234.62,-0.00,3.11,0.2174,0.0220,14609.0,0.0,215.35,215.35,210.79,210.79,6.79143,15.4119,28.8359,124.615,84.434,72.7723,67.7971,63.9795,61.5113,59.2308,57.1175,55.1539,52.6275,50.0185,45.7499,38.4101,29.111,20.8356,10.1103
75.417,-0.0000,1.0000,0.0000,6,234.99,-0.00,3.09,0.2121,0.0220,14629.9,0.0,215.68,215.68,211.10,211.10,6.837,15.5602,31.2141,121.595,82.388,71.009,66.1541,62.4293,60.0209,57.7956,55.7335,53.8175,51.3526,48.8066,44.6529,37.5596,28.5984,20.6121,10.0667
75.442,-0.0000,1.0000,0.0000,6,235.34,-0.00,3.06,0.2069,0.0220,14658.1,0.0,216.01,216.01,211.50,211.50,6.88264,15.7687,37.0079,118.572,80.3393,69.2433,64.5091,60.8766,58.5283,56.3583,54.3476,52.4791,50.0754,47.5929,43.5518,36.7004,28.0682,20.3642,10.0231
75.461,-0.0000,1.0000,0.0000,6,235.70,-0.00,3.01,0.2016,0.0220,14679.8,0.0,216.34,216.34,211.82,211.82,6.92836,16.0449,200.0,115.543,78.2872,67.4744,62.8614,59.3219,57.0333,54.9189,52.9595,51.1388,48.7963,46.3772,42.4462,35.8323,27.5209,20.0931,9.9793
75.485,-0.0000,1.0000,0.0000,6,236.06,-0.00,2.99,0.1963,0.0220,14699.4,0.0,216.67,216.67,212.10,212.10,6.97414,16.3976,200.0,112.509,76.2319,65.7032,61.2111,57.7646,55.5362,53.4772,51.5692,49.7963,47.5154,45.1597,41.3367,34.9559,26.9571,19.7997,9.93547
75.511,-0.0000,1.0000,0.0000,6,236.42,-0.00,2.98,0.1910,0.0220,14719.2,0.0,217.00,217.00,212.39,212.39,7.02,16.8381,200.0,109.471,74.1735,63.9291,59.5585,56.2047,54.0365,52.0331,50.1768,48.4517,46.2325,43.9404,40.2228,34.0712,26.3778,19.4851,9.89159
75.529,-0.0000,1.0000,0.0000,6,236.78,-0.00,2.91,0.1858,0.0220,14739.7,0.0,217.32,217.32,212.68,212.68,7.06593,17.3806,200.0,106.429,72.1118,62.1523,57.9029,54.6427,52.5348,50.5869,48.7821,47.105,44.9475,42.7192,39.105,33.1784,25.7834,19.1501,9.84075
75.549,-0.0000,1.0000,0.0000,6,237.14,-0.00,2.85,0.1805,0.0220,14762.2,0.0,217.65,217.65,213.00,213.00,7.11727,18.0436,200.0,103.381,70.0473,60.3727,56.2454,53.0783,51.0304,49.1387,47.3855,45.7564,43.6606,41.4961,37.9854,32.2777,25.1744,18.7956,9.77294
75.573,0.0249,1.0000,0.0000,6,237.48,-0.00,2.68,0.1752,0.0220,14803.7,0.0,217.97,217.97,213.61,213.61,7.18977,18.8514,200.0,100.331,67.9802,58.5911,54.5854,51.512,49.5247,47.6886,45.9872,44.4061,42.3724,40.2716,36.8644,31.3697,24.5517,18.4224,9.68836
75.599,0.0934,1.0000,0.0000,6,237.84,-0.01,2.50,0.1700,0.0208,14817.2,0.0,218.38,218.17,213.80,213.80,7.27519,19.7208,200.0,98.2822,66.3689,57.1463,53.2169,50.2044,48.2575,46.4593,44.7937,43.2465,41.2569,39.2028,35.873,30.5568,23.9863,18.0742,9.59788
75.617,0.1544,1.0000,0.0000,6,238.20,-0.24,2.09,0.1644,0.0188,14838.4,0.0,218.78,218.17,214.10,214.10,7.36433,20.4867,200.0,98.5758,65.7991,56.4664,52.5086,49.4819,47.5293,45.7284,44.0621,42.516,40.5304,38.4833,35.1713,29.9576,23.5579,17.7982,9.51084
