time,steer,accel,brake,gear,speedX,speedY,speedZ,trackPos,angle,rpm,damage,wheelSpin_0,wheelSpin_1,wheelSpin_2,wheelSpin_3,track_0,track_1,track_2,track_3,track_4,track_5,track_6,track_7,track_8,track_9,track_10,track_11,track_12,track_13,track_14,track_15,track_16,track_17,track_18
0.016,0.0000,0.4500,0.0000,2,-0.01,-0.00,0.00,0.3334,0.0082,5235.99,0.0,0.00,0.00,0.00,0.00,5.70304,12.6267,22.455,140.486,90.9268,77.357,71.6721,67.3518,64.5773,62.0267,59.6744,57.4982,54.7119,51.8501,47.2417,40.0655,31.0431,22.7658,11.2227
0.037,0.0000,0.6975,0.0000,1,-0.01,-0.00,0.00,0.3334,0.0082,5303.22,0.0,0.00,0.00,0.00,0.00,5.70304,12.6267,22.455,140.486,90.9268,77.357,71.6721,67.3518,64.5773,62.0267,59.6744,57.4982,54.7119,51.8501,47.2417,40.0655,31.0431,22.7658,11.2227
0.055,0.0000,0.8336,0.0000,1,-0.01,-0.00,0.00,0.3334,0.0082,5409.19,0.0,0.00,0.00,0.00,0.00,5.70304,12.6267,22.455,140.486,90.9268,77.357,71.6721,67.3518,64.5773,62.0267,59.6744,57.4982,54.7119,51.8501,47.2417,40.0655,31.0431,22.7658,11.2227
0.081,0.0000,0.9085,0.0000,1,-0.01,-0.00,0.00,0.3334,0.0082,5539.06,0.0,0.00,0.00,0.00,0.00,5.70304,12.6267,22.455,140.486,90.9268,77.357,71.6721,67.3518,64.5773,62.0267,59.6744,57.4982,54.7119,51.8501,47.2417,40.0655,31.0431,22.7658,11.2227
0.100,0.0000,0.9497,0.0000,1,-0.01,-0.00,0.00,0.3334,0.0082,5684.4,0.0,0.00,0.00,0.00,0.00,5.70304,12.6267,22.455,140.486,90.9268,77.357,71.6721,67.3518,64.5773,62.0267,59.6744,57.4982,54.7119,51.8501,47.2417,40.0655,31.0431,22.7658,11.2227
0.117,0.0000,0.9723,0.0000,1,-0.01,-0.00,0.00,0.3334,0.0082,5840.98,0.0,0.00,0.00,0.00,0.00,5.70304,12.6267,22.455,140.486,90.9268,77.357,71.6721,67.3518,64.5773,62.0267,59.6744,57.4982,54.7119,51.8501,47.2417,40.0655,31.0431,22.7658,11.2227
0.136,0.0000,0.9848,0.0000,1,-0.01,-0.00,0.00,0.3334,0.0082,6006.14,0.0,0.00,0.00,0.00,0.00,5.70304,12.6267,22.455,140.486,90.9268,77.357,71.6721,67.3518,64.5773,62.0267,59.6744,57.4982,54.7119,51.8501,47.2417,40.0655,31.0431,22.7658,11.2227
0.154,0.0000,0.9916,0.0000,1,-0.01,-0.00,0.00,0.3334,0.0082,6178.76,0.0,0.00,0.00,0.00,0.00,5.70304,12.6267,22.455,140.486,90.9268,77.357,71.6721,67.3518,64.5773,62.0267,59.6744,57.4982,54.7119,51.8501,47.2417,40.0655,31.0431,22.7658,11.2227
0.180,0.0000,0.9954,0.0000,1,-0.01,-0.00,0.00,0.3334,0.0082,6358.11,0.0,0.00,0.00,0.00,0.00,5.70304,12.6267,22.455,140.486,90.9268,77.357,71.6721,67.3518,64.5773,62.0267,59.6744,57.4982,54.7119,51.8501,47.2417,40.0655,31.0431,22.7658,11.2227
0.199,0.0000,0.9975,0.0000,1,-0.01,-0.00,0.00,0.3334,0.0082,6543.73,0.0,0.00,0.00,0.00,0.00,5.70304,12.6267,22.455,140.486,90.9268,77.357,71.6721,67.3518,64.5773,62.0267,59.6744,57.4982,54.7119,51.8501,47.2417,40.0655,31.0431,22.7658,11.2227
0.218,0.0000,0.9986,0.0000,1,-0.01,-0.00,0.00,0.3334,0.0082,6735.65,0.0,0.00,0.00,0.00,0.00,5.70304,12.6267,22.455,140.486,90.9268,77.357,71.6721,67.3518,64.5773,62.0267,59.6744,57.4982,54.7119,51.8501,47.2417,40.0655,31.0431,22.7658,11.2227
0.237,0.0000,0.9992,0.0000,1,-0.01,-0.00,0.00,0.3334,0.0082,6934.1,0.0,0.00,0.00,0.00,0.00,5.70304,12.6267,22.455,140.486,90.9268,77.357,71.6721,67.3518,64.5773,62.0267,59.6744,57.4982,54.7119,51.8501,47.2417,40.0655,31.0431,22.7658,11.2227
0.254,0.0000,0.9996,0.0000,1,-0.01,-0.00,0.00,0.3334,0.0082,7138.89,0.0,0.00,0.00,0.00,0.00,5.70304,12.6267,22.455,140.486,90.9268,77.357,71.6721,67.3518,64.5773,62.0267,59.6744,57.4982,54.7119,51.8501,47.2417,40.0655,31.0431,22.7658,11.2227
0.280,0.0000,0.9998,0.0000,1,-0.01,-0.00,0.00,0.3334,0.0082,7350.45,0.0,0.00,0.00,0.00,0.00,5.70304,12.6267,22.455,140.486,90.9268,77.357,71.6721,67.3518,64.5773,62.0267,59.6744,57.4982,54.7119,51.8501,47.2417,40.0655,31.0431,22.7658,11.2227
0.299,0.0000,0.9999,0.0000,1,-0.01,-0.00,0.00,0.3334,0.0082,7568.77,0.0,0.00,0.00,0.00,0.00,5.70304,12.6267,22.455,140.486,90.9268,77.357,71.6721,67.3518,64.5773,62.0267,59.6744,57.4982,54.7119,51.8501,47.2417,40.0655,31.0431,22.7658,11.2227
0.317,0.0000,0.9999,0.0000,1,-0.01,-0.00,0.00,0.3334,0.0082,7794.07,0.0,0.00,0.00,0.00,0.00,5.70304,12.6267,22.455,140.486,90.9268,77.357,71.6721,67.3518,64.5773,62.0267,59.6744,57.4982,54.7119,51.8501,47.2417,40.0655,31.0431,22.7658,11.2227
0.336,0.0000,0.9999,0.0000,1,-0.01,-0.00,0.00,0.3334,0.0082,8026.58,0.0,0.00,0.00,0.00,0.00,5.70304,12.6267,22.455,140.486,90.9268,77.357,71.6721,67.3518,64.5773,62.0267,59.6744,57.4982,54.7119,51.8501,47.2417,40.0655,31.0431,22.7658,11.2227
0.355,0.0000,1.0000,0.0000,1,-0.01,-0.00,0.00,0.3334,0.0082,8266.53,0.0,0.00,0.00,0.00,0.00,5.70304,12.6267,22.455,140.486,90.9268,77.357,71.6721,67.3518,64.5773,62.0267,59.6744,57.4982,54.7119,51.8501,47.2417,40.0655,31.0431,22.7658,11.2227
0.380,0.0000,1.0000,0.0000,1,-0.01,-0.00,0.00,0.3334,0.0082,8514.15,0.0,0.00,0.00,0.00,0.00,5.70304,12.6267,22.455,140.486,90.9268,77.357,71.6721,67.3518,64.5773,62.0267,59.6744,57.4982,54.7119,51.8501,47.2417,40.0655,31.0431,22.7658,11.2227
0.398,0.0000,1.0000,0.0000,1,-0.01,-0.00,0.00,0.3334,0.0082,8769.68,0.0,0.00,0.00,0.00,0.00,5.70304,12.6267,22.455,140.486,90.9268,77.357,71.6721,67.3518,64.5773,62.0267,59.6744,57.4982,54.7119,51.8501,47.2417,40.0655,31.0431,22.7658,11.2227
0.418,0.0000,1.0000,0.0000,1,-0.01,-0.00,0.00,0.3334,0.0082,9033.39,0.0,0.00,0.00,0.00,0.00,5.70304,12.6267,22.455,140.486,90.9268,77.357,71.6721,67.3518,64.5773,62.0267,59.6744,57.4982,54.7119,51.8501,47.2417,40.0655,31.0431,22.7658,11.2227
0.437,0.0000,1.0000,0.0000,1,-0.01,-0.00,0.00,0.3334,0.0082,9305.54,0.0,0.00,0.00,0.00,0.00,5.70304,12.6267,22.455,140.486,90.9268,77.357,71.6721,67.3518,64.5773,62.0267,59.6744,57.4982,54.7119,51.8501,47.2417,40.0655,31.0431,22.7658,11.2227
0.455,0.0000,1.0000,0.0000,1,-0.01,-0.00,0.00,0.3334,0.0082,9585.18,0.0,0.00,0.00,0.00,0.00,5.70304,12.6267,22.455,140.486,90.9268,77.357,71.6721,67.3518,64.5773,62.0267,59.6744,57.4982,54.7119,51.8501,47.2417,40.0655,31.0431,22.7658,11.2227
0.480,0.0000,1.0000,0.0000,1,-0.01,-0.00,0.00,0.3334,0.0082,9865.82,0.0,0.00,0.00,0.00,0.00,5.70304,12.6267,22.455,140.486,90.9268,77.357,71.6721,67.3518,64.5773,62.0267,59.6744,57.4982,54.7119,51.8501,47.2417,40.0655,31.0431,22.7658,11.2227
0.499,0.0000,1.0000,0.0000,1,-0.01,-0.00,0.00,0.3334,0.0082,10146.5,0.0,0.00,0.00,0.00,0.00,5.70304,12.6267,22.455,140.486,90.9268,77.357,71.6721,67.3518,64.5773,62.0267,59.6744,57.4982,54.7119,51.8501,47.2417,40.0655,31.0431,22.7658,11.2227
0.518,0.0000,1.0000,0.0000,1,-0.01,-0.00,0.00,0.3334,0.0082,10427.1,0.0,0.00,0.00,0.00,0.00,5.70304,12.6267,22.455,140.486,90.9268,77.357,71.6721,67.3518,64.5773,62.0267,59.6744,57.4982,54.7119,51.8501,47.2417,40.0655,31.0431,22.7658,11.2227
0.537,0.0000,1.0000,0.0000,2,-0.01,-0.00,0.00,0.3334,0.0082,10707.8,0.0,0.00,0.00,0.00,0.00,5.70304,12.6267,22.455,140.486,90.9268,77.357,71.6721,67.3518,64.5773,62.0267,59.6744,57.4982,54.7119,51.8501,47.2417,40.0655,31.0431,22.7658,11.2227
0.555,0.0000,1.0000,0.0000,1,-0.01,-0.00,0.00,0.3334,0.0082,10988.4,0.0,0.00,0.00,0.00,0.00,5.70304,12.6267,22.455,140.486,90.9268,77.357,71.6721,67.3518,64.5773,62.0267,59.6744,57.4982,54.7119,51.8501,47.2417,40.0655,31.0431,22.7658,11.2227
0.580,0.0000,1.0000,0.0000,1,-0.01,-0.00,0.00,0.3334,0.0082,11269.0,0.0,0.00,0.00,0.00,0.00,5.70304,12.6267,22.455,140.486,90.9268,77.357,71.6721,67.3518,64.5773,62.0267,59.6744,57.4982,54.7119,51.8501,47.2417,40.0655,31.0431,22.7658,11.2227
0.599,0.0000,1.0000,0.0000,1,-0.01,-0.00,0.00,0.3334,0.0082,11549.7,0.0,0.00,0.00,0.00,0.00,5.70304,12.6267,22.455,140.486,90.9268,77.357,71.6721,67.3518,64.5773,62.0267,59.6744,57.4982,54.7119,51.8501,47.2417,40.0655,31.0431,22.7658,11.2227
0.618,0.0000,1.0000,0.0000,1,-0.01,-0.00,0.00,0.3334,0.0082,11830.3,0.0,0.00,0.00,0.00,0.00,5.70304,12.6267,22.455,140.486,90.9268,77.357,71.6721,67.3518,64.5773,62.0267,59.6744,57.4982,54.7119,51.8501,47.2417,40.0655,31.0431,22.7658,11.2227
0.637,0.0000,1.0000,0.0000,1,-0.01,-0.00,0.00,0.3334,0.0082,12110.9,0.0,0.00,0.00,0.00,0.00,5.70304,12.6267,22.455,140.486,90.9268,77.357,71.6721,67.3518,64.5773,62.0267,59.6744,57.4982,54.7119,51.8501,47.2417,40.0655,31.0431,22.7658,11.2227
0.655,0.0000,1.0000,0.0000,1,-0.01,-0.00,0.00,0.3334,0.0082,12391.6,0.0,0.00,0.00,0.00,0.00,5.70304,12.6267,22.455,140.486,90.9268,77.357,71.6721,67.3518,64.5773,62.0267,59.6744,57.4982,54.7119,51.8501,47.2417,40.0655,31.0431,22.7658,11.2227
0.680,0.0000,1.0000,0.0000,1,-0.01,-0.00,0.00,0.3334,0.0082,12672.3,0.0,0.00,0.00,0.00,0.00,5.70304,12.6267,22.455,140.486,90.9268,77.357,71.6721,67.3518,64.5773,62.0267,59.6744,57.4982,54.7119,51.8501,47.2417,40.0655,31.0431,22.7658,11.2227
0.699,0.0000,1.0000,0.0000,1,-0.01,-0.00,0.00,0.3334,0.0082,12953.8,0.0,0.00,0.00,0.00,0.00,5.70304,12.6267,22.455,140.486,90.9268,77.357,71.6721,67.3518,64.5773,62.0267,59.6744,57.4982,54.7119,51.8501,47.2417,40.0655,31.0431,22.7658,11.2227
0.718,0.0000,1.0000,0.0000,1,-0.01,-0.00,0.00,0.3334,0.0082,13236.5,0.0,0.00,0.00,0.00,0.00,5.70304,12.6267,22.455,140.486,90.9268,77.357,71.6721,67.3518,64.5773,62.0267,59.6744,57.4982,54.7119,51.8501,47.2417,40.0655,31.0431,22.7658,11.2227
0.736,0.0000,1.0000,0.0000,1,-0.01,-0.00,0.00,0.3334,0.0082,13520.3,0.0,0.00,0.00,0.00,0.00,5.70304,12.6267,22.455,140.486,90.9268,77.357,71.6721,67.3518,64.5773,62.0267,59.6744,57.4982,54.7119,51.8501,47.2417,40.0655,31.0431,22.7658,11.2227
0.756,0.0000,1.0000,0.0000,1,-0.01,-0.00,0.00,0.3334,0.0082,13805.2,0.0,0.00,0.00,0.00,0.00,5.70304,12.6267,22.455,140.486,90.9268,77.357,71.6721,67.3518,64.5773,62.0267,59.6744,57.4982,54.7119,51.8501,47.2417,40.0655,31.0431,22.7658,11.2227
0.780,0.0000,1.0000,0.0000,1,-0.01,-0.00,0.00,0.3334,0.0082,14091.2,0.0,0.00,0.00,0.00,0.00,5.70304,12.6267,22.455,140.486,90.9268,77.357,71.6721,67.3518,64.5773,62.0267,59.6744,57.4982,54.7119,51.8501,47.2417,40.0655,31.0431,22.7658,11.2227
0.799,0.0000,1.0000,0.0000,1,-0.01,-0.00,0.00,0.3334,0.0082,14378.4,0.0,0.00,0.00,0.00,0.00,5.70304,12.6267,22.455,140.486,90.9268,77.357,71.6721,67.3518,64.5773,62.0267,59.6744,57.4982,54.7119,51.8501,47.2417,40.0655,31.0431,22.7658,11.2227
0.818,0.0000,1.0000,0.0000,1,-0.01,-0.00,0.00,0.3334,0.0082,14666.7,0.0,0.00,0.00,0.00,0.00,5.70304,12.6267,22.455,140.486,90.9268,77.357,71.6721,67.3518,64.5773,62.0267,59.6744,57.4982,54.7119,51.8501,47.2417,40.0655,31.0431,22.7658,11.2227
0.837,0.0000,1.0000,0.0000,1,-0.01,-0.00,0.00,0.3334,0.0082,14956.1,0.0,0.00,0.00,0.00,0.00,5.70304,12.6267,22.455,140.486,90.9268,77.357,71.6721,67.3518,64.5773,62.0267,59.6744,57.4982,54.7119,51.8501,47.2417,40.0655,31.0431,22.7658,11.2227
0.855,0.0000,0.9650,0.0000,1,-0.01,-0.00,0.00,0.3334,0.0082,15246.7,0.0,0.00,0.00,0.00,0.00,5.70304,12.6267,22.455,140.486,90.9268,77.357,71.6721,67.3518,64.5773,62.0267,59.6744,57.4982,54.7119,51.8501,47.2417,40.0655,31.0431,22.7658,11.2227
0.880,0.0000,0.7362,0.0000,1,-0.01,-0.00,0.00,0.3334,0.0082,15526.0,0.0,0.00,0.00,0.00,0.00,5.70304,12.6267,22.455,140.486,90.9268,77.357,71.6721,67.3518,64.5773,62.0267,59.6744,57.4982,54.7119,51.8501,47.2417,40.0655,31.0431,22.7658,11.2227
0.900,0.0000,0.4615,0.0000,1,-0.01,-0.00,0.00,0.3334,0.0082,15724.6,0.0,0.00,0.00,0.00,0.00,5.70304,12.6267,22.455,140.486,90.9268,77.357,71.6721,67.3518,64.5773,62.0267,59.6744,57.4982,54.7119,51.8501,47.2417,40.0655,31.0431,22.7658,11.2227
0.918,0.0000,0.2538,0.0000,1,-0.01,-0.00,0.00,0.3334,0.0082,15824.8,0.0,0.00,0.00,0.00,0.00,5.70304,12.6267,22.455,140.486,90.9268,77.357,71.6721,67.3518,64.5773,62.0267,59.6744,57.4982,54.7119,51.8501,47.2417,40.0655,31.0431,22.7658,11.2227
0.936,0.0000,0.1396,0.0000,1,-0.01,-0.00,0.00,0.3334,0.0082,15850.6,0.0,0.00,0.00,0.00,0.00,5.70304,12.6267,22.455,140.486,90.9268,77.357,71.6721,67.3518,64.5773,62.0267,59.6744,57.4982,54.7119,51.8501,47.2417,40.0655,31.0431,22.7658,11.2227
0.956,0.0000,0.0768,0.0000,1,-0.01,-0.00,0.00,0.3334,0.0082,15835.4,0.0,0.00,0.00,0.00,0.00,5.70304,12.6267,22.455,140.486,90.9268,77.357,71.6721,67.3518,64.5773,62.0267,59.6744,57.4982,54.7119,51.8501,47.2417,40.0655,31.0431,22.7658,11.2227
0.999,0.0000,0.0719,0.0000,1,-0.02,0.01,0.00,0.3335,0.0087,15760.4,0.0,0.80,-0.81,1.05,-1.08,5.70582,12.646,22.5471,139.767,90.6271,77.1409,71.4869,67.1886,64.4275,61.8889,59.547,57.3803,54.6054,51.7547,47.163,40.0057,31.0007,22.7402,11.2174
1.018,0.0000,0.4896,0.0000,1,-0.03,-0.00,0.00,0.3335,0.0087,5245.61,0.0,-0.54,0.59,-1.05,0.44,5.70581,12.6462,22.5487,139.753,90.6212,77.1367,71.4834,67.1855,64.4247,61.8864,59.5448,57.3782,54.6035,51.7529,47.1616,40.0047,31.0,22.7398,11.2173
1.037,0.0000,0.7192,0.0000,1,-0.04,-0.01,-0.00,0.3335,0.0089,5260.48,0.0,0.85,-0.73,0.47,-1.02,5.7067,12.6521,22.5766,139.54,90.5322,77.0726,71.4285,67.1374,64.3804,61.8455,59.5071,57.3431,54.572,51.7246,47.1383,39.9869,30.9873,22.7322,11.2156
1.055,0.0000,0.8456,0.0000,2,-0.15,-0.00,-0.00,0.3334,0.0089,5235.99,0.0,-1.10,0.68,0.96,0.96,5.70717,12.655,22.5894,139.443,90.4918,77.0436,71.4036,67.1154,64.3601,61.8268,59.4899,57.3272,54.5576,51.7119,47.1277,39.9788,30.9815,22.7286,11.2148
1.081,0.0000,0.9151,0.0000,1,0.00,0.00,-0.00,0.3334,0.0089,5249.36,0.0,0.11,-0.73,-0.19,-0.19,5.70701,12.654,22.585,139.475,90.5057,77.053,71.4122,67.1228,64.3671,61.8332,59.4958,57.3327,54.5627,51.7163,47.1315,39.9816,30.9836,22.7299,11.2151
1.099,0.0000,0.7283,0.0000,1,-0.09,-0.01,-0.00,0.3334,0.0089,5264.23,0.0,-0.53,0.64,0.48,0.48,5.70673,12.652,22.5752,139.548,90.5366,77.0757,71.4311,67.1398,64.3826,61.8476,59.509,57.3451,54.5737,51.7262,47.1397,39.988,30.988,22.7325,11.2156
1.118,0.0000,0.8505,0.0000,1,-0.00,-0.02,-0.00,0.3334,0.0088,5240.44,0.0,0.19,-0.75,-0.01,0.02,5.70662,12.6509,22.5692,139.598,90.557,77.0906,71.444,67.151,64.393,61.8572,59.5178,57.353,54.581,51.7328,47.1452,39.992,30.9909,22.7342,11.2159
1.136,0.0000,0.9178,0.0000,1,-0.01,-0.00,-0.00,0.3334,0.0087,5255.31,0.0,-0.46,0.63,-0.16,-0.21,5.7061,12.6459,22.5439,139.801,90.6418,77.1516,71.4962,67.1971,64.4352,61.896,59.5536,57.3863,54.611,51.7594,47.1672,40.0087,31.0025,22.7411,11.2172
1.155,0.0000,0.9548,0.0000,1,-0.10,0.02,-0.00,0.3334,0.0087,5270.17,0.0,0.21,-0.74,0.72,0.69,5.70582,12.6445,22.537,139.849,90.6614,77.1661,71.5087,67.208,64.4453,61.9054,59.5621,57.3944,54.6182,51.7661,47.1727,40.0129,31.0056,22.7429,11.2176
1.180,0.0000,0.9751,0.0000,1,0.19,-0.00,0.00,0.3334,0.0085,5235.99,0.0,-0.36,0.64,-0.78,-0.78,5.70486,12.6385,22.5099,140.057,90.7487,77.2288,71.5624,67.2551,64.4886,61.9451,59.5991,57.4286,54.6492,51.7938,47.1955,40.0305,31.018,22.7505,11.2193
1.199,0.0000,0.7613,0.0000,1,0.70,0.00,0.01,0.3334,0.0084,5235.99,0.0,-0.41,0.54,4.65,4.65,5.70445,12.6359,22.4979,140.153,90.7882,77.2568,71.5864,67.2763,64.5078,61.9627,59.6154,57.4436,54.6624,51.8057,47.2051,40.0378,31.0233,22.7538,11.2201
1.218,0.0000,0.8687,0.0000,1,1.54,-0.00,0.02,0.3334,0.0085,5235.99,0.0,1.27,0.87,2.92,2.92,5.70462,12.6371,22.5063,140.109,90.7665,77.24,71.5715,67.2626,64.4951,61.9509,59.604,57.4329,54.6526,51.7966,47.1973,40.0314,31.019,22.7516,11.2198
1.243,0.0000,0.9278,0.0000,1,2.44,0.01,0.04,0.3334,0.0085,5235.99,0.0,2.51,2.62,2.61,2.61,5.70466,12.6374,22.5133,140.101,90.7563,77.2305,71.562,67.2536,64.4864,61.9421,59.5956,57.4245,54.6446,51.7889,47.1899,40.0252,31.0152,22.7497,11.2199
1.262,0.0000,0.9603,0.0000,1,3.30,-0.00,0.06,0.3334,0.0085,5235.99,0.0,3.10,2.72,3.33,3.33,5.70489,12.6388,22.5268,140.052,90.7277,77.2068,71.5403,67.2333,64.467,61.9238,59.578,57.4076,54.6285,51.7738,47.1762,40.0142,31.0081,22.7461,11.2196
1.280,0.0000,0.9781,0.0000,1,4.15,-0.00,0.07,0.3334,0.0085,5235.99,0.0,3.68,3.41,4.32,4.32,5.70511,12.6401,22.5417,140.014,90.7011,77.1836,71.5187,67.2127,64.4471,61.9046,59.5594,57.3898,54.6115,51.7576,47.1615,40.002,31.0003,22.7423,11.2194
1.300,0.0000,0.9880,0.0000,1,5.00,-0.00,0.08,0.3333,0.0085,5235.99,0.0,4.16,4.17,5.42,5.42,5.70539,12.6418,22.5606,139.962,90.6659,77.1534,71.4907,67.1862,64.4216,61.8801,59.536,57.3669,54.5898,51.737,47.1425,39.9867,30.9904,22.7374,11.2192
1.318,0.0000,0.9934,0.0000,1,5.84,-0.00,0.08,0.3333,0.0085,5235.99,0.0,4.90,4.91,6.71,6.71,5.70576,12.6441,22.5839,139.894,90.6215,77.1159,71.4557,67.1534,64.3902,61.8499,59.5069,57.3389,54.5631,51.7118,47.1196,39.9679,30.9783,22.7313,11.2188
1.343,0.0000,0.9964,0.0000,1,6.67,-0.00,0.08,0.3332,0.0085,5235.99,0.0,5.61,5.61,8.19,8.19,5.70618,12.6467,22.6114,139.815,90.5703,77.0724,71.4154,67.1157,64.354,61.815,59.4733,57.3067,54.5326,51.6827,47.0929,39.9462,30.9644,22.7242,11.2184
1.362,0.0000,0.9980,0.0000,1,7.49,-0.00,0.08,0.3332,0.0085,5235.99,0.0,6.39,6.38,9.79,9.79,5.70665,12.6497,22.642,139.726,90.5128,77.0233,71.3699,67.073,64.313,61.7756,59.4354,57.2702,54.4977,51.6497,47.063,39.9218,30.9486,22.7163,11.2179
1.380,0.0000,0.9989,0.0000,1,8.29,-0.00,0.09,0.3331,0.0085,5235.99,0.0,7.49,7.48,11.41,11.41,5.70719,12.6531,22.6769,139.626,90.4487,76.9685,71.3192,67.0253,64.2673,61.7318,59.3932,57.2296,54.4591,51.613,47.0294,39.8942,30.9309,22.7074,11.2174
1.399,0.0000,0.9994,0.0000,1,9.10,-0.00,0.10,0.3330,0.0085,5235.99,0.0,8.46,8.45,12.98,12.98,5.70777,12.6569,22.7158,139.517,90.3775,76.9081,71.2632,66.9727,64.2169,61.6835,59.3467,57.1844,54.4163,51.5724,46.9926,39.8641,30.9114,22.6977,11.2168
1.418,0.0000,0.9997,0.0000,1,9.93,-0.00,0.12,0.3330,0.0085,5235.99,0.0,9.36,9.36,14.49,14.49,5.70841,12.6611,22.7587,139.398,90.2998,76.8421,71.2018,66.9151,64.1616,61.6304,59.2955,57.1353,54.3695,51.5278,46.9523,39.8311,30.8901,22.6868,11.2162
1.443,0.0000,0.9998,0.0000,1,10.77,-0.00,0.13,0.3329,0.0085,5235.99,0.0,10.12,10.12,15.93,15.93,5.7091,12.6657,22.8063,139.267,90.2158,76.7702,71.1354,66.8526,64.1017,61.5728,59.2399,57.0818,54.3186,51.4796,46.9083,39.7951,30.8667,22.675,11.2155
1.463,0.0000,0.9999,0.0000,1,11.62,-0.00,0.15,0.3328,0.0085,5235.99,0.0,10.80,10.80,17.33,17.33,5.70986,12.6709,22.8582,139.127,90.1243,76.6925,71.0632,66.7848,64.0367,61.5103,59.1801,57.024,54.2635,51.4275,46.8607,39.7561,30.8416,22.6622,11.2148
1.480,0.0000,0.9999,0.0000,1,12.57,-0.00,0.16,0.3327,0.0085,5235.99,0.0,11.45,11.45,18.82,18.82,5.71075,12.6771,22.9209,138.96,90.0161,76.6,70.9778,66.7045,63.9595,61.4362,59.1088,56.9555,54.1981,51.3655,46.8042,39.7102,30.8119,22.647,11.2139
1.499,0.0000,1.0000,0.0000,1,13.41,-0.00,0.18,0.3326,0.0085,5235.99,0.0,12.25,12.25,20.14,20.14,5.71162,12.6834,22.9833,138.797,89.9103,76.51,70.8945,66.6261,63.8844,61.3638,59.0394,56.8885,54.1344,51.3054,46.7491,39.6651,30.7826,22.6322,11.213
1.524,0.0000,1.0000,0.0000,1,14.26,-0.00,0.19,0.3325,0.0085,5235.99,0.0,13.03,13.03,21.44,21.44,5.71255,12.6902,23.0507,138.624,89.7976,76.4143,70.8055,66.5427,63.8043,61.2872,58.9652,56.8172,54.0666,51.2411,46.6906,39.6169,30.7515,22.6162,11.2121
1.543,0.0000,1.0000,0.0000,1,15.11,-0.00,0.20,0.3324,0.0085,5235.99,0.0,13.81,13.81,22.73,22.73,5.71354,12.6976,23.1239,138.439,89.6782,76.3125,70.7114,66.4539,63.7193,61.2055,58.8868,56.7415,53.9944,51.1727,46.6283,39.5659,30.7184,22.5994,11.2112
1.562,0.0000,1.0000,0.0000,1,15.96,-0.00,0.21,0.3322,0.0085,5235.99,0.0,14.59,14.59,24.02,24.02,5.71458,12.7055,23.2028,138.245,89.5516,76.205,70.6114,66.3601,63.6292,61.1189,58.8036,56.6614,53.9182,51.1003,46.5625,39.5119,30.6833,22.5813,11.2102
1.580,0.0000,1.0000,0.0000,1,16.82,-0.00,0.22,0.3321,0.0084,5235.99,0.0,15.37,15.37,25.30,25.30,5.71568,12.7142,23.2881,138.039,89.4184,76.0915,70.5064,66.2611,63.5346,61.0278,58.716,56.5771,53.8378,51.024,46.4929,39.4551,30.6463,22.5623,11.2091
1.599,0.0000,1.0000,0.0000,2,17.67,-0.00,0.23,0.3320,0.0084,5235.99,0.0,16.15,16.15,26.59,26.59,5.71683,12.7235,23.3796,137.823,89.278,75.9719,70.3957,66.1573,63.435,60.9322,58.6238,56.4881,53.7532,50.944,46.4199,39.3951,30.6072,22.5421,11.2079
1.624,0.0000,1.0000,0.0000,2,18.49,-0.00,0.23,0.3318,0.0084,5249.36,0.0,16.91,16.91,16.32,16.32,5.71804,12.7336,23.4783,137.596,89.1311,75.8467,70.2796,66.0479,63.3302,60.8316,58.5271,56.395,53.6646,50.86,46.3434,39.3324,30.5662,22.5209,11.2068
1.643,0.0000,1.0000,0.0000,2,18.46,-0.00,0.23,0.3317,0.0084,5264.23,0.0,16.93,16.93,16.35,16.35,5.71929,12.7442,23.5813,137.364,88.9804,75.7189,70.1608,65.9366,63.2233,60.7289,58.4283,56.2997,53.5741,50.7742,46.2649,39.2681,30.5244,22.4991,11.2055
1.662,0.0000,1.0000,0.0000,2,18.47,-0.00,0.22,0.3315,0.0084,5235.99,0.0,16.96,16.96,16.39,16.31,5.72055,12.7551,23.6879,137.131,88.8298,75.5903,70.0422,65.8249,63.1163,60.6262,58.3294,56.2044,53.4835,50.6883,46.1868,39.2038,30.4823,22.4771,11.2043
1.680,0.0000,1.0000,0.0000,2,19.01,-0.00,0.22,0.3314,0.0084,5235.99,0.0,17.40,17.40,18.61,18.61,5.72177,12.7662,23.7967,136.903,88.6807,75.4631,69.924,65.7136,63.0097,60.5236,58.2307,56.1092,53.3927,50.6022,46.1085,39.1392,30.4401,22.4551,11.2031
1.699,0.0000,1.0000,0.0000,2,19.69,-0.00,0.23,0.3312,0.0084,5235.99,0.0,18.02,18.02,18.97,18.97,5.72307,12.7782,23.9141,136.661,88.5233,75.3292,69.7998,65.5969,62.8978,60.4161,58.1273,56.0094,53.298,50.5123,46.0265,39.0719,30.396,22.4319,11.2018
1.725,0.0000,1.0000,0.0000,2,20.36,-0.00,0.25,0.3311,0.0084,5235.99,0.0,18.63,18.63,19.41,19.41,5.72442,12.791,24.0392,136.409,88.3603,75.1902,69.6712,65.4762,62.7819,60.3047,58.0202,55.9062,53.1995,50.4192,45.9416,39.002,30.3503,22.4079,11.2005
1.743,0.0000,1.0000,0.0000,2,21.02,-0.00,0.27,0.3309,0.0084,5235.99,0.0,19.24,19.24,19.92,19.92,5.7258,12.8045,24.1727,136.148,88.1916,75.047,69.5382,65.3513,62.662,60.1896,57.9093,55.7995,53.0981,50.323,45.8539,38.9299,30.3028,22.3828,11.1992
1.762,0.0000,1.0000,0.0000,2,21.69,-0.00,0.29,0.3308,0.0084,5235.99,0.0,19.85,19.85,20.48,20.48,5.72723,12.819,24.3153,135.88,88.0174,74.8988,69.4008,65.2221,62.5382,60.0708,57.7951,55.6894,52.9933,50.2237,45.7634,38.8554,30.2538,22.3569,11.1978
1.780,0.0000,1.0000,0.0000,2,22.34,-0.00,0.30,0.3306,0.0084,5235.99,0.0,20.45,20.45,21.08,21.08,5.7287,12.8342,24.4671,135.603,87.8379,74.7461,69.2594,65.0892,62.4106,59.9483,57.6772,55.5758,52.8852,50.1212,45.67,38.7785,30.2032,22.33,11.1963
1.799,0.0000,1.0000,0.0000,2,23.00,-0.00,0.31,0.3304,0.0084,5235.99,0.0,21.05,21.05,21.70,21.70,5.73022,12.8504,24.6295,135.318,87.653,74.5888,69.1136,64.9522,62.2794,59.8221,57.5558,55.4589,52.7739,50.0157,45.574,38.6992,30.1509,22.302,11.1948
1.824,0.0000,1.0000,0.0000,2,23.66,-0.00,0.32,0.3302,0.0084,5235.99,0.0,21.65,21.65,22.35,22.35,5.73179,12.8676,24.8032,135.024,87.4629,74.4268,68.9636,64.8114,62.1441,59.6923,57.431,55.3386,52.6595,49.9073,45.475,38.6176,30.0971,22.2732,11.1932
1.843,0.0000,1.0000,0.0000,2,24.31,-0.00,0.32,0.3300,0.0084,5235.99,0.0,22.25,22.25,23.01,23.01,5.7334,12.8858,24.9889,134.722,87.2672,74.2606,68.8096,64.6665,62.0054,59.5589,57.3025,55.215,52.5418,49.7957,45.3735,38.5337,30.0416,22.2434,11.1914
1.862,0.0000,1.0000,0.0000,2,24.97,-0.00,0.32,0.3298,0.0084,5235.99,0.0,22.85,22.85,23.65,23.65,5.73505,12.905,25.1884,134.412,87.0667,74.0897,68.6511,64.5177,61.8628,59.4218,57.1705,55.0879,52.4208,49.681,45.2691,38.4475,29.9844,22.2126,11.1894
1.880,0.0000,1.0000,0.0000,2,25.62,-0.00,0.32,0.3297,0.0084,5235.99,0.0,23.45,23.45,24.28,24.28,5.73673,12.9253,25.4026,134.094,86.8605,73.9143,68.4888,64.3648,61.7164,59.2813,57.0353,54.9574,52.2967,49.5634,45.1619,38.3589,29.9257,22.1808,11.1872
1.899,0.0000,1.0000,0.0000,2,26.28,-0.00,0.33,0.3294,0.0084,5235.99,0.0,24.05,24.05,24.89,24.89,5.73848,12.9468,25.6336,133.767,86.6487,73.7341,68.3217,64.2082,61.566,59.1369,56.8963,54.8235,52.1695,49.4428,45.052,38.268,29.8653,22.148,11.1847
1.924,0.0000,1.0000,0.0000,2,26.93,-0.00,0.33,0.3292,0.0084,5235.99,0.0,24.65,24.65,25.51,25.51,5.74026,12.9696,25.8839,133.432,86.432,73.5495,68.1508,64.0473,61.4118,58.9888,56.754,54.6863,52.0388,49.319,44.9391,38.1746,29.8032,22.1141,11.182
1.943,0.0000,1.0000,0.0000,2,27.59,-0.00,0.33,0.3290,0.0084,5235.99,0.0,25.25,25.25,26.12,26.12,5.74209,12.9935,26.1546,133.089,86.2094,73.3604,67.9755,63.8825,61.2537,58.8371,56.6079,54.5455,51.9048,49.1922,44.8234,38.0789,29.7394,22.0792,11.179
1.962,0.0000,1.0000,0.0000,2,28.25,-0.00,0.33,0.3288,0.0084,5235.99,0.0,25.85,25.85,26.73,26.73,5.74396,13.019,26.4495,132.737,85.9818,73.1666,67.7958,63.714,61.0919,58.6818,56.4584,54.4015,51.7678,49.0622,44.7052,37.9808,29.6739,22.0432,11.1758
1.987,0.0000,1.0000,0.0000,2,28.97,-0.00,0.34,0.3286,0.0084,5235.99,0.0,26.51,26.51,27.41,27.41,5.74607,13.0484,26.8065,132.341,85.7253,72.9481,67.5937,63.524,60.9098,58.5066,56.29,54.2393,51.6134,48.9159,44.5718,37.8701,29.6,22.0024,11.1719
2.005,0.0000,1.0000,0.0000,2,29.63,-0.00,0.35,0.3283,0.0084,5235.99,0.0,27.11,27.11,28.02,28.02,5.74803,13.0767,27.1652,131.972,85.4864,72.7449,67.4052,63.3467,60.74,58.3434,56.1332,54.0882,51.4696,48.7796,44.4476,37.7671,29.5309,21.9641,11.168
2.024,0.0000,1.0000,0.0000,2,30.28,-0.00,0.36,0.3281,0.0084,5235.99,0.0,27.71,27.71,28.63,28.63,5.75005,13.1066,27.5638,131.594,85.2423,72.5372,67.2128,63.1658,60.5665,58.1769,55.9729,53.9338,51.3226,48.6401,44.3207,37.6617,29.4601,21.9248,11.1638
2.043,0.0000,1.0000,0.0000,2,30.94,-0.00,0.37,0.3279,0.0084,5235.99,0.0,28.31,28.31,29.24,29.24,5.7521,13.1381,28.0108,131.21,84.9924,72.3248,67.016,62.981,60.3891,58.0064,55.8089,53.776,51.1724,48.4979,44.191,37.5539,29.3877,21.8843,11.1593
2.062,0.0000,1.0000,0.0000,2,31.59,-0.00,0.38,0.3276,0.0084,5235.99,0.0,28.91,28.91,29.85,29.85,5.7542,13.1713,28.5187,130.816,84.7376,72.1077,66.815,62.7919,60.2082,57.8325,55.6419,53.6147,51.0189,48.3525,44.0584,37.4436,29.3135,21.8427,11.1545
2.087,0.0000,1.0000,0.0000,2,32.25,-0.00,0.39,0.3274,0.0084,5235.99,0.0,29.51,29.51,30.46,30.46,5.75633,13.2063,29.1079,130.414,84.4774,71.8864,66.6099,62.5992,60.0233,57.655,55.4708,53.4499,50.8623,48.204,43.9231,37.331,29.2375,21.7999,11.1493
2.105,0.0000,1.0000,0.0000,2,32.90,-0.00,0.40,0.3271,0.0084,5235.99,0.0,30.11,30.11,31.08,31.08,5.75852,13.2432,29.8105,130.003,84.2118,71.6605,66.4005,62.4023,59.8346,57.4738,55.2966,53.2819,50.7024,48.0524,43.7851,37.216,29.1598,21.7559,11.1437
2.124,0.0000,1.0000,0.0000,2,33.55,-0.00,0.40,0.3268,0.0084,5235.99,0.0,30.71,30.71,31.69,31.69,5.76075,13.2819,30.6896,129.585,83.9408,71.43,66.1867,62.202,59.6422,57.289,55.1187,53.1104,50.5393,47.8981,43.6444,37.0986,29.0804,21.7108,11.1377
2.143,0.0000,1.0000,0.0000,2,34.21,-0.00,0.41,0.3266,0.0084,5235.99,0.0,31.31,31.31,32.31,32.31,5.76303,13.3228,31.909,129.159,83.6647,71.195,65.9691,61.9973,59.4458,57.1005,54.9373,52.9358,50.3731,47.7402,43.5006,36.9788,28.9991,21.6645,11.1313
2.162,0.0000,1.0000,0.0000,2,34.86,-0.00,0.42,0.3263,0.0084,5235.99,0.0,31.91,31.91,32.92,32.92,5.76534,13.3658,200.0,128.724,83.3832,70.9554,65.7471,61.7887,59.2457,56.9084,54.7524,52.7578,50.2035,47.5798,43.3545,36.8566,28.9161,21.617,11.1244
2.187,0.0000,1.0000,0.0000,2,35.52,-0.00,0.43,0.3260,0.0084,5235.99,0.0,32.51,32.51,33.53,33.53,5.7677,13.4109,200.0,128.281,83.0963,70.7111,65.521,61.5759,59.0421,56.7127,54.5641,52.5765,50.0308,47.4161,43.2053,36.732,28.8312,21.5682,11.1172
2.205,0.0000,1.0000,0.0000,2,36.17,-0.00,0.43,0.3258,0.0084,5235.99,0.0,33.11,33.11,34.14,34.14,5.7701,13.4585,200.0,127.83,82.8043,70.4627,65.2906,61.3594,58.8346,56.5133,54.3721,52.3916,49.855,47.2493,43.0533,36.6049,28.7446,21.5182,11.1095
2.224,0.0000,1.0000,0.0000,2,36.82,-0.00,0.44,0.3255,0.0084,5235.99,0.0,33.70,33.70,34.75,34.75,5.77255,13.5084,200.0,127.37,82.5066,70.2095,65.056,61.1389,58.6233,56.3103,54.177,52.2032,49.6759,47.0797,42.8988,36.4754,28.6561,21.4669,11.1013
2.243,0.0000,1.0000,0.0000,2,37.47,-0.00,0.44,0.3252,0.0084,5235.99,0.0,34.30,34.30,35.47,35.47,5.77504,13.5609,200.0,126.904,82.2045,69.9524,64.8177,60.915,58.4084,56.104,53.9784,52.0118,49.4937,46.9072,42.7414,36.3437,28.566,21.4144,11.0926
2.262,0.0000,1.0000,0.0000,2,38.12,-0.00,0.43,0.3249,0.0084,5235.99,0.0,34.89,34.89,36.11,36.11,5.77775,13.6161,200.0,126.429,81.8968,69.6906,64.5751,60.6869,58.1896,55.8938,53.7763,51.8171,49.3085,46.7314,42.5814,36.2094,28.4739,21.3606,11.0834
2.287,0.0000,1.0000,0.0000,2,38.78,-0.00,0.43,0.3246,0.0084,5235.99,0.0,35.49,35.49,36.68,36.68,5.78093,13.6742,200.0,125.946,81.5832,69.4237,64.3279,60.4549,57.967,55.68,53.5705,51.6188,49.1199,46.5528,42.4185,36.0727,28.3799,21.3055,11.0737
2.305,0.0000,1.0000,0.0000,2,39.43,-0.00,0.43,0.3243,0.0084,5235.99,0.0,36.09,36.09,37.25,37.25,5.78466,13.7351,200.0,125.454,81.2646,69.1526,64.0766,60.2187,57.7406,55.4626,53.3614,51.4174,48.9281,46.3709,42.2528,35.9335,28.2841,21.2489,11.0635
2.324,0.0000,1.0000,0.0000,2,40.09,-0.00,0.43,0.3240,0.0084,5235.99,0.0,36.69,36.69,37.82,37.82,5.78892,13.7992,200.0,124.953,80.9407,68.8769,63.8213,59.9785,57.5105,55.2415,53.1487,51.2125,48.7329,46.186,42.0846,35.7917,28.1864,21.1911,11.0527
2.343,0.0000,1.0000,0.0000,2,40.74,-0.00,0.44,0.3236,0.0084,5235.99,0.0,37.29,37.29,38.40,38.40,5.79377,13.8666,200.0,124.445,80.6114,68.5966,63.5617,59.7346,57.2765,55.0168,52.9325,51.0042,48.5347,45.9983,41.9132,35.6476,28.0868,21.1319,11.0413
2.361,0.0000,1.0000,0.0000,2,41.39,-0.00,0.45,0.3233,0.0084,5235.99,0.0,37.89,37.89,38.98,38.98,5.79921,13.9373,200.0,123.928,80.2768,68.3119,63.2979,59.4866,57.0389,54.7884,52.7128,50.7923,48.3334,45.8071,41.7393,35.501,27.9854,21.0712,11.0293
2.387,0.0000,1.0000,0.0000,2,42.04,-0.00,0.46,0.3230,0.0084,5235.99,0.0,38.48,38.48,39.58,39.58,5.80524,14.0116,200.0,123.404,79.937,68.023,63.03,59.2348,56.7974,54.5566,52.4898,50.5772,48.1287,45.6135,41.5627,35.3521,27.882,21.0093,11.0167
2.406,0.0000,1.0000,0.0000,2,42.69,-0.00,0.47,0.3227,0.0084,5249.02,0.0,39.08,39.08,40.19,40.19,5.81196,14.0897,200.0,122.872,79.592,67.7293,62.7577,58.9792,56.5521,54.321,52.263,50.359,47.9209,45.4165,41.3831,35.2007,27.7767,20.9459,11.0035
2.424,0.0000,1.0000,0.0000,2,43.35,-0.00,0.48,0.3223,0.0084,5339.52,0.0,39.68,39.68,40.88,40.88,5.81935,14.1717,200.0,122.331,79.2414,67.4311,62.4814,58.7196,56.303,54.0817,52.0328,50.1373,47.71,45.2164,41.201,35.0467,27.6694,20.8811,10.9896
2.443,0.0000,1.0000,0.0000,2,44.01,-0.00,0.49,0.3220,0.0084,5438.2,0.0,40.28,40.28,41.63,41.63,5.82745,14.2578,200.0,121.781,78.8856,67.1283,62.2009,58.4558,56.0504,53.839,51.7992,49.9123,47.4958,45.0135,41.0161,34.8902,27.5602,20.8148,10.9751
2.462,0.0000,1.0000,0.0000,2,44.68,-0.00,0.50,0.3216,0.0084,5541.24,0.0,40.89,40.89,42.42,42.42,5.83631,14.3483,200.0,121.224,78.5248,66.8209,61.9161,58.1881,55.7938,53.5925,51.5621,49.6835,47.2783,44.8072,40.8281,34.7312,27.449,20.747,10.9599
2.481,0.0000,1.0000,0.0000,2,45.37,-0.00,0.38,0.3213,0.0085,5654.33,0.0,41.44,41.46,43.28,43.28,5.84598,14.4439,200.0,120.651,78.1549,66.5068,61.6251,57.9148,55.5317,53.3408,51.3199,49.4503,47.0565,44.5972,40.6367,34.569,27.3353,20.6774,10.9439
2.505,0.0000,1.0000,0.0000,2,46.07,0.00,0.32,0.3209,0.0085,5776.96,0.0,42.13,42.13,44.22,44.22,5.85648,14.5445,200.0,120.066,77.7786,66.1868,61.329,57.6367,55.265,53.0846,51.0738,49.2131,46.8307,44.3832,40.4419,34.4039,27.2194,20.6062,10.9271
2.525,0.0000,1.0000,0.0000,2,46.79,0.00,0.28,0.3206,0.0085,5902.01,0.0,42.79,42.79,45.18,45.18,5.8678,14.6501,200.0,119.475,77.3975,65.863,61.029,57.3552,54.9949,52.8252,50.8242,48.9728,46.6021,44.1666,40.2446,34.2365,27.1016,20.5335,10.9096
2.543,0.0000,1.0000,0.0000,2,47.52,0.00,0.27,0.3202,0.0085,6030.5,0.0,43.47,43.47,46.16,46.16,5.88002,14.7611,200.0,118.878,77.0116,65.5349,60.7252,57.0694,54.7211,52.5623,50.5713,48.7291,46.3701,43.9469,40.0444,34.0663,26.9817,20.4592,10.8913
2.562,0.0000,1.0000,0.0000,2,48.27,0.00,0.28,0.3198,0.0085,6162.02,0.0,44.16,44.16,47.17,47.17,5.89317,14.8779,200.0,118.274,76.6204,65.2021,60.4168,56.7795,54.4434,52.2955,50.3147,48.4819,46.1348,43.7239,39.8413,33.8937,26.8596,20.3831,10.8722
2.580,0.0000,1.0000,0.0000,2,49.04,0.00,0.30,0.3194,0.0085,6297.39,0.0,44.86,44.86,48.20,48.20,5.9073,15.001,200.0,117.66,76.2233,64.8643,60.104,56.4854,54.1614,52.0247,50.0543,48.2307,45.8959,43.4975,39.635,33.7183,26.7352,20.3054,10.8523
2.605,0.0000,1.0000,0.0000,2,49.83,0.00,0.33,0.3183,0.0098,6439.98,0.0,45.58,45.58,49.29,49.29,5.92808,15.1439,200.0,117.027,75.8119,64.5139,59.779,56.1802,53.8685,51.7433,49.7833,47.9697,45.6477,43.2621,39.4205,33.5355,26.603,20.2201,10.8267
2.625,0.0000,1.0000,0.0000,2,50.63,0.00,0.36,0.3178,0.0116,6595.08,0.0,46.31,46.31,50.47,50.47,5.94428,15.2807,200.0,116.395,75.4026,64.1656,59.4563,55.8769,53.5777,51.464,49.5146,47.7109,45.4012,43.0285,39.2076,33.3545,26.4739,20.1388,10.805
2.643,0.0000,1.0000,0.0000,2,51.45,0.00,0.38,0.3172,0.0135,6769.56,0.0,47.05,47.05,51.80,51.80,5.96162,15.4251,200.0,115.753,74.9865,63.8117,59.1283,55.5687,53.2823,51.1802,49.2416,47.4476,45.1509,42.7913,38.9914,33.1707,26.3424,20.0555,10.7823
2.662,0.0000,1.0000,0.0000,2,52.28,-0.00,0.40,0.3165,0.0154,6972.12,0.0,47.80,47.80,53.34,53.34,5.98015,15.5777,200.0,115.101,74.564,63.4521,58.7951,55.2553,52.9819,50.8918,48.9639,47.1803,44.8963,42.5501,38.7716,32.9837,26.2082,19.9704,10.7587
2.681,0.0000,1.0000,0.0000,2,53.12,-0.00,0.42,0.3158,0.0173,7213.79,0.0,48.57,48.57,55.18,55.18,5.99992,15.7391,200.0,114.438,74.1348,63.0869,58.4567,54.9373,52.6769,50.5988,48.6822,46.9087,44.638,42.3051,38.5485,32.7938,26.0715,19.8832,10.734
2.706,0.0000,1.0000,0.0000,3,53.57,-0.00,0.15,0.3148,0.0192,8374.52,0.0,49.00,49.00,63.89,63.89,6.02088,15.9085,200.0,113.773,73.703,62.7191,58.1158,54.617,52.3696,50.3036,48.398,46.6349,44.3774,42.0581,38.3233,32.6022,25.9332,19.7946,10.7085
2.725,0.0000,1.0000,0.0000,3,54.35,-0.00,0.10,0.3138,0.0212,6659.58,0.0,49.71,49.70,54.15,54.16,6.04299,16.0866,200.0,113.104,73.2673,62.3478,57.7716,54.2933,52.0594,50.0054,48.1109,46.3583,44.1139,41.8086,38.0959,32.4085,25.7928,19.7045,10.682
2.743,0.0000,1.0000,0.0000,3,54.72,-0.00,0.08,0.3127,0.0232,6673.71,0.0,50.26,50.26,48.21,48.21,6.06649,16.2751,200.0,112.42,72.8237,61.9702,57.4216,53.9644,51.7439,49.7024,47.8194,46.0773,43.8467,41.5551,37.8649,32.212,25.65,19.6123,10.6545
2.762,0.0000,1.0000,0.0000,3,54.70,-0.00,0.09,0.3115,0.0252,5235.99,0.0,50.24,50.24,48.42,48.39,6.09104,16.472,200.0,111.733,72.3783,61.5914,57.0705,53.6343,51.4273,49.3985,47.527,45.7956,43.5785,41.301,37.6332,32.015,25.5064,19.5193,10.6263
2.781,0.0000,1.0000,0.0000,3,55.08,-0.00,0.11,0.3102,0.0272,5251.13,0.0,50.48,50.48,50.71,50.71,6.11675,16.6779,200.0,111.045,71.9323,61.2115,56.7186,53.3036,51.1103,49.0938,47.234,45.5132,43.3098,41.0463,37.4012,31.8175,25.3619,19.4253,10.5973
2.806,0.0000,1.0000,0.0000,3,55.59,-0.00,0.14,0.3087,0.0292,5301.01,0.0,50.94,50.94,51.19,51.19,6.14373,16.8947,200.0,110.351,71.4825,60.8286,56.3638,52.9703,50.7905,48.7866,46.9385,45.2284,43.0387,40.7895,37.1671,31.6184,25.2159,19.33,10.5674
2.825,0.0000,1.0000,0.0000,3,56.11,-0.00,0.16,0.3071,0.0313,5350.15,0.0,51.41,51.41,51.67,51.67,6.17209,17.1235,200.0,109.65,71.0282,60.4418,56.0055,52.6335,50.4676,48.4764,46.64,44.9407,42.7651,40.5301,36.9307,31.4172,25.0678,19.233,10.5365
2.843,0.0000,1.0000,0.0000,3,56.63,-0.00,0.20,0.3055,0.0333,5400.28,0.0,51.89,51.90,52.15,52.15,6.20186,17.3647,200.0,108.943,70.5698,60.052,55.644,52.2936,50.1418,48.1634,46.3388,44.6506,42.4889,40.2683,36.6923,31.2143,24.918,19.1344,10.5046
2.862,0.0000,1.0000,0.0000,3,57.16,-0.00,0.27,0.3036,0.0354,5450.58,0.0,52.38,52.38,52.64,52.64,6.23306,17.6193,200.0,108.234,70.1089,59.6593,55.28,51.9516,49.8137,47.8483,46.0356,44.3584,42.2109,40.0047,36.452,31.0098,24.7665,19.0345,10.4718
2.887,0.0000,1.0000,0.0000,3,57.69,-0.00,0.33,0.3017,0.0375,5502.49,0.0,52.86,52.86,53.14,53.14,6.26573,17.888,200.0,107.522,69.6454,59.2643,54.9139,51.6075,49.4835,47.531,45.7302,44.0641,41.9307,39.7392,36.2099,30.8037,24.6134,18.9329,10.4379
2.905,0.0000,1.0000,0.0000,3,58.23,-0.00,0.38,0.2996,0.0396,5556.73,0.0,53.35,53.35,53.66,53.66,6.2999,18.1726,200.0,106.804,69.1781,58.8661,54.5446,51.2602,49.1506,47.211,45.4222,43.7673,41.6483,39.4713,35.9658,30.5958,24.4584,18.8298,10.4031
2.924,0.0000,1.0000,0.0000,3,58.77,-0.00,0.41,0.2974,0.0417,5613.21,0.0,53.84,53.84,54.21,54.21,6.33566,18.4742,200.0,106.08,68.7064,58.464,54.1717,50.9096,48.8143,46.888,45.1115,43.4677,41.3631,39.201,35.7192,30.386,24.3014,18.7251,10.3671
2.943,0.0000,1.0000,0.0000,3,59.32,-0.00,0.42,0.2951,0.0439,5672.07,0.0,54.33,54.33,54.77,54.77,6.37302,18.7943,200.0,105.349,68.2302,58.0584,53.7956,50.5559,48.4751,46.562,44.7978,43.1655,41.0752,38.9281,35.4704,30.1742,24.1425,18.6187,10.3301
2.962,0.0000,1.0000,0.0000,3,59.87,-0.00,0.41,0.2926,0.0461,5732.49,0.0,54.83,54.83,55.36,55.36,6.41206,19.1353,200.0,104.61,67.7491,57.6485,53.4157,50.1985,48.1324,46.2328,44.481,42.86,40.7845,38.6526,35.2193,29.9603,23.9816,18.5105,10.292
2.987,0.0000,1.0000,0.0000,3,60.48,-0.00,0.39,0.2897,0.0485,5798.91,0.0,55.39,55.39,56.00,56.00,6.4571,19.5363,200.0,103.788,67.2145,57.1929,52.9933,49.8016,47.7515,45.8669,44.1288,42.5206,40.4615,38.3463,34.9402,29.7228,23.8023,18.3895,10.2487
3.005,0.0000,1.0000,0.0000,3,61.10,-0.00,0.37,0.2866,0.0509,5865.01,0.0,55.96,55.96,56.64,56.64,6.50419,19.9675,200.0,102.96,66.6749,56.7331,52.567,49.4008,47.3672,45.4975,43.7734,42.1781,40.1355,38.0372,34.6584,29.4829,23.6205,18.2663,10.2041
3.030,0.0000,1.0000,0.0000,3,61.76,-0.00,0.39,0.2834,0.0534,5894.67,0.0,56.54,56.54,56.95,56.95,6.55365,20.4348,200.0,102.109,66.1243,56.2644,52.1329,48.9927,46.9759,45.1219,43.4119,41.8299,39.804,37.7232,34.3722,29.2394,23.4356,18.1407,10.158
3.049,0.0000,1.0000,0.0000,3,62.40,-0.00,0.47,0.2799,0.0559,5943.64,0.0,57.15,57.15,57.40,57.40,6.60558,20.9421,200.0,101.246,65.5661,55.7898,51.6933,48.5796,46.5797,44.7415,43.0458,41.4772,39.4685,37.4051,34.0826,28.993,23.2477,18.0125,10.1103
3.075,0.0000,1.0000,0.0000,3,63.03,-0.00,0.55,0.2763,0.0584,6016.15,0.0,57.73,57.73,58.09,58.09,6.6597,21.4923,200.0,100.383,65.0066,55.3134,51.2516,48.1647,46.1819,44.3591,42.6779,41.1227,39.1312,37.0854,33.7911,28.745,23.058,17.8827,10.0613
3.093,0.0000,1.0000,0.0000,3,63.67,-0.00,0.60,0.2724,0.0609,6102.88,0.0,58.31,58.31,58.93,58.93,6.71635,22.0942,200.0,99.5155,64.4425,54.8329,50.8062,47.7459,45.7805,43.9733,42.3068,40.765,38.7906,36.7626,33.4969,28.4946,22.8658,17.7504,10.0108
3.119,0.0000,1.0000,0.0000,3,64.31,-0.00,0.62,0.2683,0.0635,6189.96,0.0,58.90,58.90,59.77,59.77,6.77559,22.7573,200.0,98.6382,63.8725,54.3477,50.3562,47.3228,45.3748,43.5835,41.9319,40.4036,38.4468,36.4366,33.1997,28.2417,22.6709,17.616,9.95875
3.137,0.0000,1.0000,0.0000,3,64.97,-0.00,0.62,0.2641,0.0661,6271.69,0.0,59.50,59.50,60.56,60.56,6.83745,23.4902,200.0,97.7509,63.2964,53.8569,49.9014,46.8954,44.9647,43.1898,41.5529,40.0383,38.0991,36.1071,32.8994,27.9862,22.4734,17.4792,9.90514
3.162,0.0000,1.0000,0.0000,3,65.64,-0.00,0.64,0.2596,0.0687,6347.47,0.0,60.12,60.13,61.30,61.30,6.90206,24.2481,200.0,96.8555,62.7146,53.3615,49.4423,46.4639,44.5508,42.7921,41.1702,39.6696,37.7482,35.7745,32.5962,27.7281,22.2733,17.3402,9.84993
3.181,0.0000,1.0000,0.0000,3,66.33,-0.00,0.70,0.2549,0.0713,6416.39,0.0,60.76,60.75,61.96,61.96,6.96946,25.0114,200.0,95.9617,62.1313,52.8642,48.9812,46.0299,44.1348,42.3923,40.7854,39.2987,37.395,35.4397,32.291,27.4681,22.0708,17.199,9.79315
3.205,0.0000,1.0000,0.0000,3,67.03,-0.00,0.74,0.2500,0.0739,6485.45,0.0,61.38,61.38,62.63,62.63,7.03976,25.7812,200.0,95.0623,61.5437,52.3628,48.5161,45.5927,43.7151,41.9891,40.3973,38.9245,37.039,35.102,31.983,27.2058,21.8658,17.0554,9.73475
3.230,0.0000,1.0000,0.0000,3,67.73,-0.00,0.77,0.2448,0.0766,6556.91,0.0,62.02,62.02,63.32,63.32,7.11315,26.559,200.0,94.1528,60.9493,51.856,48.0461,45.1507,43.291,41.5815,40.005,38.5464,36.6789,34.7606,31.6717,26.9406,21.6579,16.9094,9.67461
3.249,0.0000,1.0000,0.0000,3,68.44,-0.00,0.79,0.2394,0.0793,6630.4,0.0,62.66,62.66,64.03,64.03,7.18971,27.3446,200.0,93.2334,60.3488,51.3437,47.5709,44.7037,42.8625,41.1697,39.6086,38.1644,36.3152,34.4156,31.357,26.6727,21.4471,16.7608,9.61271
3.274,0.0000,1.0000,0.0000,3,69.15,-0.01,0.79,0.2337,0.0821,6706.68,0.0,63.31,63.31,64.76,64.76,7.26951,28.138,200.0,92.3039,59.7417,50.826,47.0907,44.2522,42.4293,40.7533,39.2079,37.7781,35.9474,34.067,31.0391,26.4019,21.2334,16.6097,9.54907
3.292,0.0000,1.0000,0.0000,3,69.88,-0.01,0.79,0.2278,0.0848,6786.12,0.0,63.97,63.97,65.53,65.53,7.35273,28.9395,200.0,91.3638,59.1279,50.3026,46.6053,43.7957,41.9913,40.3326,38.8029,37.3877,35.5758,33.7146,30.7178,26.1282,21.0166,16.4558,9.48359
3.319,0.0000,1.0000,0.0000,3,70.62,-0.01,0.80,0.2217,0.0876,6848.18,0.0,64.63,64.63,66.17,66.17,7.43958,29.7515,200.0,90.4028,58.5034,49.7705,46.112,43.3319,41.5466,39.9053,38.3917,36.9915,35.1987,33.3571,30.3919,25.8509,20.7964,16.2991,9.41619
3.337,0.0000,1.0000,0.0000,3,71.39,-0.00,0.87,0.2152,0.0905,6878.2,0.0,65.34,65.34,66.43,66.43,7.53035,30.5782,200.0,89.4115,57.8635,49.2265,45.6082,42.8587,41.0928,39.4696,37.9726,36.5876,34.8145,32.993,30.0604,25.569,20.572,16.1389,9.3467
3.362,0.0000,1.0000,0.0000,3,72.14,-0.00,0.94,0.2085,0.0933,6956.65,0.0,66.03,66.03,67.17,67.17,7.62479,31.4096,200.0,88.4243,57.223,48.6812,45.1029,42.3835,40.6372,39.032,37.5515,36.182,34.4283,32.6271,29.7269,25.2852,20.3452,15.9764,9.27539
3.381,0.0000,1.0000,0.0000,3,72.87,-0.00,0.98,0.2015,0.0962,7061.64,0.0,66.71,66.71,68.18,68.18,7.72302,32.2468,200.0,87.434,56.5788,48.1326,44.5942,41.9055,40.1787,38.5913,37.1275,35.7733,34.0393,32.2584,29.3907,24.999,20.1157,15.8114,9.20221
3.405,0.0000,1.0000,0.0000,3,73.62,-0.00,1.01,0.1942,0.0991,7176.92,0.0,67.39,67.39,69.29,69.29,7.82529,33.0918,200.0,86.4349,55.9287,47.5786,44.0807,41.4226,39.7157,38.1465,36.6995,35.3607,33.6466,31.8861,29.0513,24.7101,19.8832,15.6437,9.12702
3.425,0.0000,1.0000,0.0000,3,74.38,-0.01,1.02,0.1867,0.1020,7288.85,0.0,68.08,68.08,70.38,70.38,7.93183,33.9459,200.0,85.4231,55.2709,47.0183,43.5612,40.9342,39.2474,37.6965,36.2665,34.9433,33.2495,31.5096,28.7082,24.4181,19.6479,15.4731,9.04978
3.449,0.0000,1.0000,0.0000,3,75.15,-0.01,1.06,0.1788,0.1050,7391.96,0.0,68.81,68.81,71.38,71.38,8.04262,34.8064,200.0,84.4071,54.6087,46.454,43.038,40.4423,38.7754,37.2431,35.83,34.5228,32.8492,31.1301,28.3622,24.1234,19.4106,15.2998,8.97049
3.468,0.0199,1.0000,0.0000,3,75.95,-0.01,1.10,0.1706,0.1080,7484.8,0.0,69.53,69.53,72.28,72.28,8.15785,35.6719,200.0,83.3907,53.944,45.8869,42.5119,39.9475,38.3006,36.7868,35.3909,34.0994,32.446,30.7479,28.0136,23.8264,19.1713,15.1238,8.88919
3.494,0.0807,1.0000,0.0000,3,76.76,0.04,1.13,0.1621,0.1105,7575.59,0.0,70.32,70.20,73.15,73.15,8.2723,36.4011,200.0,82.7538,53.4348,45.4309,42.0807,39.5359,37.9021,36.4007,35.0163,33.736,32.0968,30.4136,27.7042,23.557,18.9486,14.9569,8.80895
3.512,0.1593,1.0000,0.0000,3,77.58,0.17,1.16,0.1535,0.1115,7669.01,0.0,71.23,70.73,74.05,74.05,8.37073,36.6076,200.0,83.5494,53.5128,45.3966,42.0099,39.4414,37.7944,36.2821,34.8887,33.6008,31.9536,30.2636,27.5465,23.3952,18.7932,14.8301,8.73834
3.537,0.2164,1.0000,0.0000,3,78.39,0.30,1.17,0.1450,0.1097,7771.39,0.0,72.19,71.13,75.04,75.04,8.43711,35.9613,200.0,87.0527,54.6549,46.1176,42.582,39.9109,38.2027,36.6374,35.1978,33.8696,32.174,30.4382,27.6552,23.422,18.7552,14.7738,8.68597
3.556,0.2191,1.0000,0.0000,3,79.19,0.31,1.18,0.1366,0.1049,7891.17,0.0,73.19,71.52,76.19,76.19,8.46592,34.5147,200.0,94.4836,57.186,47.7979,43.9607,41.0815,39.249,37.5758,36.0419,34.6308,32.8355,31.0042,28.0825,23.6713,18.8541,14.7978,8.65494
3.581,0.1899,1.0000,0.0000,3,80.02,0.17,1.21,0.1286,0.0978,7984.41,0.0,74.21,72.05,77.12,77.12,8.4654,32.6669,200.0,107.052,61.2045,50.4497,46.1382,42.9345,40.9092,39.0693,37.3904,35.8525,33.9045,31.9278,28.7954,24.1148,19.069,14.8865,8.64138
3.599,0.1709,1.0000,0.0000,3,80.88,-0.07,1.27,0.1210,0.0898,8065.91,0.0,75.14,72.79,77.89,77.89,8.45272,30.8746,161.261,125.894,66.5141,53.8625,48.9139,45.2809,43.0034,40.9469,39.081,37.3804,35.2384,33.078,29.682,24.6691,19.3458,15.0048,8.63626
3.625,0.1538,1.0000,0.0000,3,81.72,-0.32,1.32,0.1136,0.0819,8179.49,0.0,75.92,73.58,78.97,78.97,8.43851,29.3197,118.575,153.555,73.0151,57.8883,52.1411,47.9808,45.3975,43.0813,40.993,39.1006,36.7313,34.3583,30.6607,25.2746,19.6466,15.1291,8.63356
3.644,0.1385,1.0000,0.0000,3,82.56,-0.57,1.36,0.1066,0.0743,8329.03,0.0,76.67,74.38,80.40,80.40,8.42528,27.9916,94.9288,176.501,80.9412,62.5777,55.8365,51.0343,48.0847,45.4607,43.1114,40.9958,38.3652,35.7499,31.7136,25.9166,19.9617,15.2552,8.63168
3.669,0.1246,1.0000,0.0000,4,83.40,-0.84,1.38,0.0998,0.0671,8503.64,0.0,77.41,75.18,82.08,82.08,8.41302,26.8424,79.8946,184.81,90.8169,68.1093,60.1095,54.5157,51.122,48.1296,45.4714,43.0946,40.1607,37.268,32.8492,26.5985,20.2919,15.3871,8.63054
3.687,0.1121,1.0000,0.0000,4,83.91,-0.89,1.40,0.0934,0.0605,6908.42,0.0,78.00,75.96,75.11,73.29,8.40625,25.9022,69.974,190.489,102.698,74.3345,64.8059,58.2787,54.3718,50.9595,47.9537,45.286,42.0188,38.8248,33.9975,27.2737,20.6108,15.5106,8.62691
3.712,0.1009,1.0000,0.0000,4,83.83,-0.71,1.42,0.0876,0.0560,6923.55,0.0,77.83,76.20,74.75,73.09,8.41413,25.2642,63.915,194.229,114.896,80.2529,69.1512,61.6933,57.2856,53.4696,50.1337,47.193,43.6169,40.1474,34.953,27.8152,20.851,15.5917,8.6144
3.731,0.0908,1.0000,0.0000,4,83.76,-0.55,1.43,0.0823,0.0523,6233.9,0.0,77.67,76.22,74.77,73.39,8.42667,24.7623,59.5483,197.103,128.557,86.3919,73.5464,65.0886,60.1531,55.917,52.2422,49.0239,45.137,41.394,35.8403,28.3058,21.0609,15.6572,8.59934
3.756,0.0818,1.0000,0.0000,4,84.13,-0.47,1.43,0.0775,0.0493,6537.61,0.0,77.78,76.46,77.66,77.66,8.44205,24.3463,56.1819,199.437,144.399,92.9433,78.1177,68.5593,63.0544,58.3717,54.3402,50.8334,46.6268,42.6051,36.6912,28.7669,21.2525,15.7137,8.58275
3.781,0.0736,1.0000,0.0000,4,84.67,-0.43,1.45,0.0729,0.0469,6573.33,0.0,78.20,76.99,78.10,78.10,8.46041,23.9964,53.4968,200.0,162.972,100.006,82.9121,72.1351,66.0124,60.8519,56.4436,52.6349,48.0971,43.7906,37.5129,29.203,21.4285,15.7622,8.56424
3.799,0.0662,1.0000,0.0000,4,85.23,-0.38,1.47,0.0685,0.0451,6600.58,0.0,78.63,77.56,78.43,78.43,8.48368,23.72,51.4072,200.0,170.874,107.312,87.7264,75.6565,68.8924,63.243,58.4538,54.3429,49.4777,44.8927,38.2647,29.5909,21.577,15.7968,8.54243
3.825,0.0596,1.0000,0.0000,4,85.79,-0.32,1.51,0.0642,0.0441,6615.22,0.0,79.06,78.15,78.60,78.60,8.5133,23.5215,49.841,200.0,174.755,114.463,92.2919,78.9276,71.5351,65.4132,60.261,55.8649,50.694,45.8521,38.9056,29.9083,21.6877,15.8125,8.51616
3.844,0.0536,1.0000,0.0000,4,86.35,-0.24,1.56,0.0601,0.0439,6651.05,0.0,79.50,78.73,79.02,79.02,8.54904,23.3886,48.676,200.0,177.273,121.272,96.5029,81.8824,73.8926,67.3282,61.8392,57.1817,51.7336,46.6612,39.4332,30.1558,21.7621,15.8104,8.48555
3.869,0.0483,1.0000,0.0000,4,86.89,-0.18,1.59,0.0560,0.0441,6696.14,0.0,79.96,79.28,79.55,79.55,8.58939,23.2976,47.7653,200.0,179.09,127.921,100.491,84.6267,76.0571,69.0681,63.2599,58.3569,52.6507,47.3663,39.8824,30.3557,21.8118,15.7967,8.45174
3.887,0.0434,1.0000,0.0000,4,87.44,-0.14,1.60,0.0519,0.0446,6748.2,0.0,80.43,79.82,80.16,80.16,8.63349,23.234,47.0225,200.0,180.484,134.574,104.366,87.2439,78.0991,70.6942,64.5763,59.4374,53.4853,48.0006,40.2781,30.5228,21.845,15.7751,8.41535
3.912,0.0391,1.0000,0.0000,4,88.00,-0.12,1.60,0.0477,0.0455,6800.19,0.0,80.91,80.36,80.78,80.78,8.68092,23.1888,46.396,200.0,181.597,141.368,108.21,89.7944,80.0689,72.249,65.8253,60.4549,54.2638,48.5863,40.6363,30.667,21.8665,15.7484,8.37664
3.932,0.0352,1.0000,0.0000,4,88.56,-0.11,1.60,0.0434,0.0465,6848.74,0.0,81.41,80.89,81.36,81.36,8.72999,23.1565,45.8544,158.193,182.508,148.406,112.076,92.3167,81.9978,73.7589,67.0291,61.4291,55.0028,49.1371,40.9674,30.7944,21.8797,15.718,8.33591
3.956,0.0317,1.0000,0.0000,4,89.13,-0.10,1.60,0.0391,0.0477,6894.78,0.0,81.92,81.44,81.91,81.91,8.7792,23.138,45.3936,149.823,183.24,155.617,115.919,94.7781,83.8611,75.2044,68.1724,62.3474,55.6924,49.6455,41.2666,30.9025,21.8832,15.6832,8.29275
3.974,0.0285,1.0000,0.0000,4,89.71,-0.10,1.61,0.0345,0.0492,6939.59,0.0,82.42,81.98,82.44,82.44,8.82867,23.1329,45.007,143.049,183.814,160.853,119.696,97.1526,85.6393,76.5709,69.2439,63.2011,56.3266,50.107,41.531,30.9902,21.8768,15.6438,8.24738
4.000,0.0257,1.0000,0.0000,4,90.29,-0.10,1.62,0.0298,0.0508,6984.91,0.0,82.93,82.53,82.98,82.98,8.87845,23.1404,44.6868,137.511,184.249,163.319,123.379,99.4232,87.3207,77.8502,70.2378,63.986,56.9025,50.5201,41.7602,31.0574,21.8604,15.6001,8.20149
4.018,0.0231,1.0000,0.0000,4,90.87,-0.10,1.63,0.0250,0.0526,7030.28,0.0,83.45,83.08,83.52,83.52,8.92875,23.1606,44.4297,132.977,184.556,164.925,126.914,101.559,88.8835,79.0262,71.1419,64.6925,57.4133,50.8798,41.9513,31.103,21.8335,15.5515,8.15519
4.044,0.0208,1.0000,0.0000,4,91.46,-0.09,1.65,0.0199,0.0547,7072.57,0.0,83.97,83.64,84.02,84.02,8.97975,23.1942,44.2347,129.299,184.742,166.034,130.226,103.516,90.2962,80.0757,71.9385,65.3071,57.849,51.1787,42.0998,31.1247,21.7953,15.4978,8.10841
4.062,0.0187,1.0000,0.0000,4,92.05,-0.09,1.67,0.0146,0.0569,7118.83,0.0,84.49,84.20,84.57,84.57,9.03131,23.2391,44.092,126.287,184.823,166.818,133.314,105.301,91.5662,81.0061,72.635,65.8364,58.2155,51.4222,42.2098,31.1252,21.7471,15.4395,8.06123
4.087,0.0168,1.0000,0.0000,4,92.64,-0.08,1.68,0.0090,0.0593,7167.03,0.0,85.02,84.75,85.14,85.14,9.08336,23.2933,43.9911,123.78,184.821,167.376,136.212,106.938,92.7141,81.8351,73.246,66.2933,58.5235,51.6188,42.2872,31.1078,21.6904,15.3775,8.01368
4.105,0.0151,1.0000,0.0000,4,93.24,-0.08,1.70,0.0032,0.0618,7216.48,0.0,85.55,85.31,85.73,85.73,9.13578,23.3555,43.9262,121.686,184.746,167.758,138.916,108.43,93.7439,82.5669,73.7763,66.6819,58.7767,51.7719,42.3349,31.0741,21.6263,15.3121,7.96586
4.132,0.0136,1.0000,0.0000,4,93.84,-0.08,1.70,-0.0029,0.0645,7266.56,0.0,86.09,85.87,86.33,86.33,9.18878,23.4261,43.8967,119.959,184.601,167.991,141.392,109.76,94.6448,83.194,74.2201,66.9983,58.9724,51.8794,42.3514,31.0237,21.5542,15.2431,7.91762
4.150,0.0123,1.0000,0.0000,4,94.45,-0.07,1.71,-0.0093,0.0672,7317.03,0.0,86.63,86.43,86.92,86.92,9.24204,23.5029,43.8947,118.515,184.398,168.109,143.673,110.953,95.4367,83.7334,74.5918,67.2545,59.1205,51.9495,42.3427,30.9598,21.476,15.1714,7.86919
4.175,0.0110,1.0000,0.0000,4,95.06,-0.07,1.71,-0.0160,0.0701,7367.17,0.0,87.18,87.00,87.52,87.52,9.29587,23.5866,43.9206,117.332,184.141,168.123,145.73,111.994,96.1104,84.1781,74.8865,67.4468,59.2182,51.9801,42.3073,30.8815,21.3911,15.0966,7.82033
4.194,0.0099,1.0000,0.0000,4,95.67,-0.07,1.71,-0.0228,0.0694,7417.1,0.0,87.74,87.57,88.11,88.11,9.35016,23.6766,43.9717,116.376,183.833,168.046,147.559,112.885,96.6683,84.5313,75.1071,67.578,59.268,51.9733,42.2469,30.7899,21.3001,15.0191,7.77115
4.218,0.0089,1.0000,0.0000,4,96.29,-0.07,1.72,-0.0297,0.0687,7466.87,0.0,88.30,88.15,88.71,88.71,9.40485,23.7715,44.0429,115.596,183.485,167.898,149.196,113.65,97.1299,84.8083,75.266,67.6585,59.2781,51.9357,42.1658,30.6874,21.204,14.9393,7.72166
4.237,0.0081,1.0000,0.0000,4,96.92,-0.06,1.72,-0.0365,0.0681,7521.0,0.0,88.86,88.73,89.35,89.35,9.45985,23.8707,44.1309,114.962,183.1,167.69,150.631,114.304,97.5059,85.018,75.3709,67.6945,59.2535,51.8711,42.0669,30.5755,21.1036,14.8576,7.67195
4.262,0.0072,1.0000,0.0000,4,97.54,-0.06,1.73,-0.0432,0.0675,7571.95,0.0,89.43,89.31,89.95,89.95,9.51519,23.9739,44.2346,114.457,182.683,167.428,151.45,114.849,97.7997,85.1635,75.4241,67.6883,59.196,51.781,41.9509,30.4546,20.9991,14.7739,7.62196
4.281,0.0065,1.0000,0.0000,4,98.18,-0.06,1.73,-0.0500,0.0669,7621.63,0.0,90.00,89.89,90.55,90.55,9.57098,24.0817,44.3556,114.087,182.23,167.111,151.843,115.266,97.9978,85.2348,75.4183,67.634,59.1015,51.6623,41.8161,30.3237,20.89,14.6881,7.57166
4.305,0.0059,1.0000,0.0000,4,98.82,-0.06,1.74,-0.0567,0.0664,7671.08,0.0,90.58,90.48,91.13,91.13,9.62708,24.1925,44.4879,113.807,181.753,166.755,152.023,115.598,98.1316,85.2562,75.3725,67.5471,58.9816,51.524,41.6683,30.186,20.7777,14.6009,7.52111
4.325,0.0053,1.0000,0.0000,4,99.46,-0.05,1.76,-0.0635,0.0660,7721.21,0.0,91.17,91.07,91.73,91.73,9.68347,24.3062,44.6312,113.609,181.251,166.363,152.053,115.844,98.2011,85.2277,75.2873,67.428,58.8368,51.3665,41.5078,30.0417,20.6623,14.5122,7.47032
4.350,0.0048,1.0000,0.0000,4,100.11,-0.05,1.77,-0.0702,0.0656,7772.43,0.0,91.75,91.67,92.34,92.34,9.74041,24.4246,44.7906,113.527,180.718,165.924,151.935,115.96,98.1758,85.127,75.1449,67.2628,58.6567,51.1819,41.3294,29.888,20.5425,14.4214,7.41916
4.375,0.0043,1.0000,0.0000,4,100.76,-0.05,1.78,-0.0770,0.0652,7824.85,0.0,92.34,92.27,92.96,92.96,9.79772,24.5459,44.9608,113.519,180.163,165.452,151.724,115.987,98.0855,84.9763,74.9632,67.0656,58.452,50.9785,41.1387,29.7277,20.4197,14.3292,7.36771
4.394,0.0039,1.0000,0.0000,4,101.41,-0.05,1.80,-0.0837,0.0649,7878.3,0.0,92.94,92.87,93.59,93.59,9.85547,24.6704,45.142,113.586,179.584,164.947,151.431,115.924,97.9286,84.775,74.7415,66.8364,58.2226,50.7561,40.9355,29.5609,20.2938,14.2354,7.31593
4.418,0.0035,1.0000,0.0000,4,102.07,-0.04,1.81,-0.0905,0.0646,7932.51,0.0,93.54,93.48,94.24,94.24,9.91358,24.7976,45.3319,113.712,178.987,164.415,151.075,115.785,97.7166,84.5317,74.487,66.5804,57.9728,50.518,40.7219,29.3885,20.1652,14.1404,7.26387
4.437,0.0031,1.0000,0.0000,4,102.74,-0.04,1.82,-0.0972,0.0643,7987.34,0.0,94.14,94.09,94.89,94.89,9.97216,24.9279,45.5326,113.907,178.368,163.853,150.653,115.556,97.4396,84.2391,74.1937,66.2932,57.6991,50.2617,40.4963,29.2098,20.0336,14.0439,7.21147
4.462,0.0028,1.0000,0.0000,4,103.40,-0.04,1.83,-0.1040,0.0641,8042.51,0.0,94.75,94.70,95.54,95.54,10.0312,25.0611,45.7427,114.162,177.731,163.264,150.177,115.248,97.1053,83.9033,73.8664,65.9787,57.4045,49.9892,40.2601,29.0254,19.8992,13.946,7.15873
4.481,0.0025,1.0000,0.0000,4,104.08,-0.04,1.84,-0.1108,0.0639,8097.74,0.0,95.36,95.32,96.20,96.20,10.0905,25.1955,45.9562,114.437,177.083,162.663,149.675,114.908,96.7474,83.5493,73.5247,65.6525,57.1007,49.7097,40.019,28.8384,19.7635,13.8474,7.10576
4.507,0.0023,1.0000,0.0000,4,104.75,-0.03,1.85,-0.1176,0.0637,8153.01,0.0,95.98,95.94,96.86,96.86,10.15,25.3303,46.1708,114.718,176.428,162.054,149.162,114.555,96.3796,83.1872,73.1765,65.3208,56.7925,49.4267,39.7756,28.6499,19.627,13.7482,7.0526
4.525,0.0020,1.0000,0.0000,4,105.44,-0.03,1.85,-0.1245,0.0635,8210.51,0.0,96.60,96.56,97.54,97.54,10.2099,25.4677,46.3931,115.046,175.757,161.423,148.608,114.137,95.9647,82.7897,72.8004,64.9666,56.4672,49.1304,39.5233,28.4566,19.4881,13.6479,6.99911
4.550,0.0018,1.0000,0.0000,4,106.12,-0.03,1.86,-0.1313,0.0633,8267.4,0.0,97.23,97.19,98.22,98.22,10.2703,25.6078,46.6242,115.426,175.069,160.768,148.009,113.647,95.4982,82.3532,72.3939,64.5879,56.1231,48.8198,39.2615,28.2583,19.3467,13.5463,6.94525
4.569,0.0017,1.0000,0.0000,4,106.82,-0.03,1.87,-0.1382,0.0632,8323.07,0.0,97.86,97.83,98.88,98.88,10.331,25.7494,46.8592,115.826,174.371,160.101,147.388,113.124,95.0079,81.8985,71.973,64.1975,55.7699,48.5019,38.9949,28.0571,19.2038,13.4438,6.8911
4.594,0.0015,1.0000,0.0000,4,107.51,-0.03,1.88,-0.1451,0.0630,8378.54,0.0,98.50,98.47,99.54,99.54,10.392,25.8917,47.0961,116.235,173.666,159.426,146.757,112.585,94.5052,81.4341,71.5442,63.8007,55.4115,48.1801,38.7253,27.8542,19.0599,13.3407,6.8367
4.612,0.0013,1.0000,0.0000,4,108.22,-0.03,1.89,-0.1521,0.0629,8434.35,0.0,99.14,99.11,100.20,100.20,10.4536,26.0371,47.342,116.697,172.943,158.728,146.082,111.974,93.9509,80.9309,71.0851,63.3794,55.0344,47.8438,38.4462,27.6461,18.9134,13.2362,6.78189
4.637,0.0012,1.0000,0.0000,4,108.92,-0.03,1.91,-0.1591,0.0628,8491.04,0.0,99.78,99.76,100.87,100.87,10.5157,26.1857,47.5981,117.216,172.202,158.004,145.361,111.285,93.3413,80.3861,70.5936,62.9321,54.6374,47.4923,38.157,27.4326,18.7642,13.1303,6.72666
4.656,0.0011,1.0000,0.0000,4,109.64,-0.02,1.92,-0.1661,0.0627,8548.63,0.0,100.43,100.41,101.56,101.56,10.5783,26.3361,47.8589,117.76,171.45,157.267,144.617,110.56,92.7062,79.822,70.0868,62.4723,54.2308,47.1333,37.8627,27.2161,18.6133,13.0235,6.67108
4.681,0.0010,1.0000,0.0000,4,110.35,-0.02,1.94,-0.1731,0.0626,8607.13,0.0,101.08,101.07,102.25,102.25,10.6413,26.4876,48.1223,118.314,170.69,156.522,143.86,109.818,92.0574,79.2473,69.5715,62.0055,53.8186,46.7697,37.5651,26.9976,18.4613,12.9159,6.6152
4.699,0.0009,1.0000,0.0000,4,111.07,-0.02,1.95,-0.1802,0.0626,8666.48,0.0,101.74,101.72,102.96,102.96,10.7046,26.64,48.3875,118.875,169.924,155.769,143.093,109.063,91.3997,78.6653,69.0502,61.5337,53.4022,46.4028,37.265,26.7774,18.3083,12.8077,6.559
4.725,0.0008,1.0000,0.0000,4,111.80,-0.02,1.96,-0.1873,0.0625,8726.5,0.0,102.40,102.39,103.67,103.67,10.7682,26.7932,48.6541,119.439,169.152,155.01,142.318,108.3,90.735,78.0778,68.5242,61.0577,52.9825,46.033,36.9628,26.5559,18.1544,12.6989,6.50252
4.744,0.0007,1.0000,0.0000,4,112.53,-0.02,1.97,-0.1945,0.0624,8786.85,0.0,103.07,103.05,104.39,104.39,10.8321,26.9471,48.9219,120.004,168.374,154.245,141.536,107.529,90.0647,77.4856,67.9942,60.5784,52.5598,45.6608,36.6586,26.3331,17.9996,12.5895,6.44574
4.768,0.0006,1.0000,0.0000,4,113.26,-0.02,1.98,-0.2016,0.0623,8847.39,0.0,103.74,103.73,105.11,105.11,10.8963,27.1017,49.1907,120.571,167.591,153.475,140.748,106.752,89.3891,76.8889,67.4603,60.0957,52.1343,45.2861,36.3526,26.1088,17.8439,12.4795,6.38866
4.787,0.0006,1.0000,0.0000,4,114.00,-0.02,1.99,-0.2089,0.0623,8910.05,0.0,104.42,104.40,105.85,105.85,10.9608,27.2569,49.4603,121.138,166.803,152.699,139.953,105.971,88.7096,76.2888,66.9235,59.6102,51.7064,44.9094,36.0448,25.8834,17.6874,12.3688,6.33128
4.812,0.0005,1.0000,0.0000,4,114.75,-0.02,2.00,-0.2161,0.0622,8972.32,0.0,105.10,105.08,106.59,106.59,11.0257,27.4128,49.7309,121.705,166.009,151.918,139.152,105.184,88.0255,75.6847,66.3831,59.1217,51.2758,44.5303,35.7353,25.6567,17.53,12.2576,6.2736
4.831,0.0005,1.0000,0.0000,4,115.50,-0.02,2.01,-0.2234,0.0621,9033.29,0.0,105.79,105.77,107.31,107.31,11.0909,27.5694,50.0025,122.273,165.209,151.132,138.344,104.391,87.3358,75.076,65.8388,58.6296,50.8422,44.1487,35.4237,25.4286,17.3717,12.1458,6.2156
4.856,0.0004,1.0000,0.0000,4,116.25,-0.02,2.02,-0.2308,0.0620,9093.82,0.0,106.48,106.46,108.03,108.03,11.1568,27.7294,50.2841,122.895,164.392,150.322,137.49,103.53,86.5985,74.4314,65.2665,58.115,50.3914,43.7538,35.1032,25.1956,17.2108,12.0325,6.15713
4.875,0.0004,1.0000,0.0000,4,117.02,-0.02,2.03,-0.2382,0.0620,9154.61,0.0,107.17,107.16,108.76,108.76,11.2234,27.8933,50.5776,123.583,163.556,149.485,136.581,102.592,85.8064,73.7457,64.6621,57.5747,49.9208,43.3436,34.7725,24.9569,17.0471,11.9177,6.09814
4.900,0.0003,1.0000,0.0000,4,117.78,-0.02,2.04,-0.2456,0.0620,9216.22,0.0,107.87,107.87,109.49,109.49,11.2906,28.0595,50.8772,124.301,162.707,148.633,135.64,101.618,84.9876,73.0399,64.0417,57.0213,49.4401,42.9255,34.4364,24.715,16.8815,11.8018,6.03873
4.925,0.0003,1.0000,0.0000,4,118.56,-0.01,2.06,-0.2531,0.0620,9278.75,0.0,108.57,108.57,110.23,110.23,11.3583,28.2274,51.1806,125.035,161.849,147.771,134.677,100.623,84.1541,72.3226,63.412,56.4602,48.9531,42.5024,34.0966,24.4708,16.7146,11.685,5.97892
4.944,0.0003,1.0000,0.0000,4,119.33,-0.01,2.07,-0.2606,0.0620,9342.33,0.0,109.28,109.28,110.98,110.98,11.4264,28.3965,51.4868,125.78,160.984,146.899,133.697,99.6161,83.3112,71.5976,62.776,55.8937,48.4617,42.0755,33.754,24.2248,16.5464,11.5674,5.91873
4.969,0.0002,1.0000,0.0000,4,120.11,-0.01,2.08,-0.2682,0.0620,9406.88,0.0,110.00,110.00,111.75,111.75,11.495,28.5668,51.7955,126.532,160.112,146.02,132.698,98.5994,82.4605,70.8663,62.1347,55.3225,47.9663,41.6454,33.4088,23.977,16.3772,11.4491,5.85816
4.987,0.0002,1.0000,0.0000,4,120.90,-0.01,2.10,-0.2758,0.0620,9470.21,0.0,110.72,110.71,112.51,112.51,11.5641,28.7384,52.1064,127.291,159.233,145.134,131.681,97.5743,81.603,70.1292,61.4883,54.747,47.4673,41.2121,33.0612,23.7275,16.2067,11.3299,5.79718
5.012,0.0002,1.0000,0.0000,5,121.69,-0.01,2.11,-0.2834,0.0620,9529.71,0.0,111.44,111.44,113.22,113.22,11.6335,28.911,52.4193,128.188,158.348,144.24,130.645,96.5425,80.7398,69.3874,60.8379,54.1678,46.9651,40.7761,32.7114,23.4765,16.0352,11.21,5.73584
5.031,0.0002,1.0000,0.0000,5,122.02,-0.01,2.12,-0.2911,0.0620,8561.33,0.0,112.02,112.02,107.71,107.71,11.7034,29.0846,52.7342,179.13,157.456,143.34,129.588,95.5032,79.871,68.6408,60.1833,53.5851,46.4599,40.3375,32.3595,23.224,15.8628,11.0895,5.67416
5.056,0.0002,1.0000,0.0000,5,121.89,-0.00,2.11,-0.2988,0.0620,8571.66,0.0,112.02,112.02,107.50,107.50,11.7732,29.2583,53.0494,178.16,156.564,142.437,128.514,94.462,79.0006,67.8931,59.528,53.0017,45.9542,39.8985,32.0075,22.9714,15.6903,10.9689,5.6125
5.075,0.0001,1.0000,0.0000,5,121.78,-0.00,2.10,-0.3065,0.0620,8130.58,0.0,111.90,111.90,107.55,107.55,11.843,29.4317,53.3642,177.19,155.671,141.535,127.423,93.4223,78.1316,67.1466,58.8736,52.4192,45.4493,39.4602,31.656,22.7192,15.5181,10.8485,5.55091
5.100,0.0001,1.0000,0.0000,5,122.10,-0.00,2.10,-0.3142,0.0620,8459.1,0.0,111.99,111.99,111.83,111.83,11.9127,29.6052,53.6788,176.221,154.778,140.631,126.309,92.3835,77.2632,66.4005,58.2195,51.8369,44.9446,39.0221,31.3046,22.467,15.3459,10.7282,5.48933
5.119,0.0001,1.0000,0.0000,5,122.69,-0.00,2.12,-0.3220,0.0620,8516.35,0.0,112.47,112.47,112.63,112.63,11.9828,29.7794,53.9946,175.247,153.88,139.722,125.165,91.3417,76.3917,65.6516,57.563,51.2523,44.4377,38.582,30.9516,22.2137,15.1729,10.6072,5.42744
5.144,0.0001,1.0000,0.0000,5,123.30,-0.00,2.14,-0.3297,0.0620,8549.36,0.0,113.02,113.02,113.07,113.07,12.0532,29.9544,54.312,174.269,152.977,138.807,123.981,90.2949,75.5165,64.8993,56.9034,50.6651,43.9285,38.1399,30.5969,21.9592,14.999,10.4857,5.36524
5.162,0.0001,1.0000,0.0000,5,123.92,-0.00,2.16,-0.3375,0.0620,8580.92,0.0,113.57,113.57,113.48,113.48,12.124,30.1303,54.6309,173.286,152.069,137.886,122.745,89.243,74.6366,64.1432,56.2404,50.0748,43.4167,37.6956,30.2404,21.7033,14.8243,10.3635,5.30274
5.187,0.0001,1.0000,0.0000,5,124.54,-0.00,2.17,-0.3454,0.0620,8617.27,0.0,114.13,114.13,113.96,113.96,12.1951,30.307,54.9515,172.297,151.155,136.959,121.437,88.1853,73.7523,63.3833,55.5741,49.4816,42.9024,37.2491,29.8822,21.4463,14.6487,10.2408,5.23995
5.206,0.0001,1.0000,0.0000,5,125.15,-0.00,2.19,-0.3533,0.0620,8659.01,0.0,114.69,114.69,114.51,114.51,12.2666,30.4847,55.2738,171.304,150.236,136.025,120.019,87.122,72.863,62.6191,54.9042,48.8852,42.3854,36.8002,29.5222,21.1879,14.4722,10.1174,5.17683
5.231,0.0001,1.0000,0.0000,5,125.76,-0.00,2.19,-0.3612,0.0620,8704.77,0.0,115.25,115.25,115.11,115.11,12.3384,30.6633,55.5976,170.306,149.311,135.084,118.546,86.0533,71.9694,61.8513,54.2311,48.2859,41.8658,36.3492,29.1604,20.9283,14.2949,9.99348,5.11342
5.250,0.0001,1.0000,0.0000,5,126.37,-0.00,2.19,-0.3692,0.0620,8753.32,0.0,115.81,115.81,115.75,115.75,12.4106,30.8427,55.9231,169.303,148.38,134.138,117.065,84.9792,71.0714,61.0797,53.5546,47.6837,41.3437,35.8959,28.7968,20.6674,14.1167,9.86891,5.04969
5.275,0.0001,1.0000,0.0000,5,126.99,-0.00,2.19,-0.3772,0.0620,8802.79,0.0,116.38,116.38,116.41,116.41,12.4831,31.0229,56.2499,168.296,147.444,133.185,115.58,83.9012,70.17,60.3051,52.8755,47.079,40.8195,35.4407,28.4317,20.4053,13.9377,9.74379,4.98567
5.294,0.0001,1.0000,0.0000,5,127.61,-0.00,2.19,-0.3852,0.0620,8848.53,0.0,116.95,116.95,117.02,117.02,12.5559,31.204,56.5783,167.283,146.503,132.226,114.087,82.818,69.2641,59.5266,52.1929,46.4713,40.2926,34.9833,28.0647,20.142,13.7579,9.61806,4.92134
5.319,0.0000,1.0000,0.0000,5,128.24,-0.00,2.20,-0.3933,0.0620,8892.71,0.0,117.53,117.53,117.60,117.60,12.6292,31.386,56.9085,166.265,145.556,131.259,112.586,81.7286,68.3532,58.7438,51.5067,45.8603,39.7629,34.5234,27.6958,19.8772,13.5771,9.49165,4.85666
5.337,0.0000,1.0000,0.0000,5,128.87,-0.00,2.21,-0.4014,0.0620,8936.63,0.0,118.11,118.11,118.18,118.18,12.7028,31.569,57.2403,165.243,144.603,130.286,111.078,80.6342,67.4379,57.9572,50.817,45.2463,39.2305,34.0612,27.3251,19.6112,13.3953,9.36461,4.79167
5.362,0.0000,1.0000,0.0000,5,129.50,-0.00,2.22,-0.4095,0.0620,8980.16,0.0,118.69,118.69,118.76,118.76,12.7767,31.7528,57.5736,164.215,143.644,129.306,109.563,79.5349,66.5186,57.1672,50.1245,44.6296,38.6959,33.597,26.9527,19.3439,13.2128,9.23701,4.72638
5.381,0.0000,1.0000,0.0000,5,130.14,-0.00,2.23,-0.4177,0.0620,9023.66,0.0,119.27,119.27,119.33,119.33,12.8511,31.9376,57.9087,163.182,142.68,128.318,108.04,78.4294,65.5941,56.3728,49.4279,44.0094,38.1582,33.1302,26.5782,19.0752,13.0292,9.10869,4.66072
5.407,0.0000,1.0000,0.0000,5,130.78,-0.00,2.25,-0.4260,0.0620,9067.76,0.0,119.85,119.85,119.92,119.92,12.9257,32.1232,58.2453,162.145,141.709,127.324,106.511,77.3193,64.6659,55.5751,48.7285,43.3868,37.6183,32.6615,26.2022,18.8053,12.8449,8.97983,4.59479
5.425,0.0000,1.0000,0.0000,5,131.42,-0.00,2.26,-0.4343,0.0620,9112.57,0.0,120.44,120.44,120.51,120.51,13.0008,32.3098,58.5838,161.102,140.733,126.321,104.973,76.203,63.7323,54.7729,48.0251,42.7605,37.0753,32.1901,25.8241,18.534,12.6596,8.85026,4.52849
5.450,0.0000,1.0000,0.0000,5,132.07,-0.00,2.27,-0.4426,0.0620,9158.17,0.0,121.03,121.03,121.11,121.11,13.0762,32.4972,58.9237,160.054,139.75,125.311,103.428,75.0819,62.7948,53.9671,47.3188,42.1316,36.5301,31.7167,25.4443,18.2614,12.4734,8.72015,4.46192
5.475,0.0000,1.0000,0.0000,5,132.71,-0.00,2.29,-0.4509,0.0620,9204.3,0.0,121.62,121.62,121.72,121.72,13.152,32.6856,59.2654,159.001,138.762,124.293,101.875,73.9547,61.8521,53.1571,46.6086,41.4993,35.9819,31.2407,25.0625,17.9874,12.2863,8.58931,4.39498
5.494,0.0000,1.0000,0.0000,5,133.36,-0.00,2.30,-0.4593,0.0620,9251.39,0.0,122.22,122.22,122.34,122.34,13.2282,32.875,59.6088,157.943,137.767,123.268,100.314,72.8223,60.9052,52.3433,45.895,40.864,35.4311,30.7625,24.6789,17.7121,12.0983,8.45785,4.32772
5.519,0.0000,1.0000,0.0000,5,134.01,-0.00,2.30,-0.4678,0.0620,9298.19,0.0,122.81,122.81,122.96,122.96,13.3047,33.0652,59.9538,156.879,136.766,122.234,98.7472,71.6847,59.9538,51.5257,45.1781,40.2257,34.8777,30.282,24.2934,17.4355,11.9093,8.32577,4.26013
5.537,0.0000,1.0000,0.0000,5,134.67,-0.00,2.31,-0.4763,0.0620,9344.8,0.0,123.41,123.41,123.58,123.58,13.3816,33.2564,60.3005,155.811,135.758,121.192,97.1715,70.5412,58.9974,50.7039,44.4576,39.5842,34.3215,29.7992,23.9061,17.1575,11.7194,8.19303,4.19222
5.562,0.0000,1.0000,0.0000,5,135.33,-0.00,2.32,-0.4848,0.0620,9391.28,0.0,124.02,124.02,124.19,124.19,13.4589,33.4485,60.649,154.737,134.745,120.141,95.5883,69.3921,58.0365,49.8781,43.7336,38.9396,33.7626,29.3139,23.5168,16.8782,11.5286,8.05965,4.12397
5.581,0.0000,1.0000,0.0000,5,135.99,-0.00,2.33,-0.4934,0.0620,9437.61,0.0,124.62,124.62,124.81,124.81,13.5366,33.6416,60.9992,153.658,133.724,119.081,93.9972,68.2372,57.0708,49.0482,43.006,38.2917,33.2009,28.8263,23.1256,16.5974,11.3369,7.9256,4.05538
5.606,0.0000,1.0000,0.0000,5,136.66,-0.00,2.34,-0.5020,0.0620,9482.03,0.0,125.23,125.23,125.40,125.40,13.6147,33.8356,61.3511,152.573,132.697,118.012,92.3978,67.0766,56.1001,48.214,42.2747,37.6406,32.6364,28.3362,22.7325,16.3153,11.1442,7.79088,3.98645
5.625,0.0000,1.0000,0.0000,5,137.32,-0.00,2.36,-0.5106,0.0620,9525.85,0.0,125.84,125.84,125.98,125.98,13.6931,34.0306,61.7047,151.484,131.664,116.934,90.7913,65.9106,55.125,47.3761,41.54,36.9865,32.0692,27.8438,22.3375,16.0318,10.9505,7.65552,3.91719
5.650,0.0000,1.0000,0.0000,5,137.98,-0.00,2.37,-0.5193,0.0620,9569.69,0.0,126.45,126.45,126.56,126.56,13.7719,34.2265,62.0601,150.389,130.624,115.846,89.177,64.739,54.1452,46.5341,40.8017,36.3292,31.4993,27.349,21.9405,15.7469,10.756,7.51951,3.8476
5.669,0.0000,1.0000,0.0000,5,138.65,-0.00,2.38,-0.5281,0.0620,9613.61,0.0,127.06,127.06,127.14,127.14,13.8511,34.4234,62.4171,149.288,129.577,114.748,87.5548,63.5616,53.1606,45.6879,40.0598,35.6687,30.9267,26.8518,21.5417,15.4607,10.5605,7.38283,3.77767
5.694,0.0000,1.0000,0.0000,5,139.30,-0.00,2.39,-0.5368,0.0620,9657.61,0.0,127.66,127.66,127.72,127.72,13.9307,34.6212,62.7759,148.183,128.524,113.639,85.925,62.3787,52.1714,44.8378,39.3144,35.005,30.3513,26.3522,21.1409,15.1731,10.364,7.24549,3.7074
5.713,0.0000,1.0000,0.0000,5,139.96,-0.00,2.40,-0.5457,0.0620,9701.64,0.0,128.27,128.27,128.30,128.30,14.0106,34.8199,63.1364,147.072,127.463,112.52,84.2876,61.1902,51.1775,43.9836,38.5655,34.3382,29.7732,25.8503,20.7383,14.8841,10.1667,7.10752,3.6368
5.738,0.0000,1.0000,0.0000,5,140.62,-0.00,2.41,-0.5545,0.0620,9745.43,0.0,128.87,128.87,128.88,128.88,14.091,35.0196,63.4985,145.956,126.396,111.39,82.6427,59.9963,50.179,43.1256,37.8132,33.6684,29.1924,25.3461,20.3338,14.5938,9.96837,6.96891,3.56588
5.756,0.0000,1.0000,0.0000,5,141.27,-0.00,2.42,-0.5634,0.0620,9789.0,0.0,129.47,129.47,129.46,129.46,14.1717,35.2202,63.8623,144.835,125.322,110.248,80.9901,58.7966,49.1758,42.2634,37.0573,32.9954,28.6089,24.8395,19.9274,14.3021,9.76916,6.82964,3.49462
5.781,0.0000,1.0000,0.0000,5,141.93,-0.00,2.44,-0.5724,0.0620,9832.38,0.0,130.08,130.08,130.03,130.03,14.2528,35.4218,64.228,143.709,124.24,109.094,79.3291,57.5912,48.1677,41.3971,36.2978,32.3191,28.0225,24.3304,19.519,14.009,9.56896,6.68969,3.42301
5.800,0.0000,1.0000,0.0000,5,142.58,-0.00,2.45,-0.5814,0.0620,9875.65,0.0,130.68,130.68,130.60,130.60,14.3342,35.6243,64.5952,142.577,123.152,107.928,77.6611,56.3805,47.1551,40.5269,35.5348,31.6398,27.4336,23.819,19.1088,13.7146,9.36789,6.54912,3.35109
5.825,0.0000,1.0000,0.0000,5,143.23,-0.00,2.46,-0.5904,0.0620,9918.84,0.0,131.28,131.28,131.18,131.18,14.416,35.8277,64.9641,141.441,122.057,106.748,75.9857,55.1644,46.1381,39.6529,34.7685,30.9575,26.842,23.3054,18.6967,13.4189,9.16591,6.40792,3.27884
5.844,0.0000,1.0000,0.0000,5,143.88,-0.00,2.47,-0.5994,0.0620,9961.93,0.0,131.87,131.87,131.75,131.75,14.4982,36.032,65.3346,140.299,120.954,105.553,74.3028,53.9429,45.1166,38.775,33.9987,30.2722,26.2478,22.7895,18.2829,13.1219,8.96303,6.26609,3.20627
5.869,0.0000,1.0000,0.0000,5,144.53,-0.00,2.48,-0.6086,0.0620,10004.9,0.0,132.47,132.47,132.31,132.31,14.5808,36.2373,65.707,139.152,119.844,104.344,72.6117,52.7154,44.09,37.8928,33.2252,29.5835,25.6506,22.271,17.867,12.8234,8.75915,6.12356,3.13334
5.888,0.0000,1.0000,0.0000,5,145.18,-0.00,2.49,-0.6177,0.0620,10047.9,0.0,133.06,133.06,132.88,132.88,14.6638,36.4435,66.0809,137.999,118.726,103.119,70.9136,51.4828,43.0591,37.0069,32.4484,28.8918,25.051,21.7504,17.4493,12.5237,8.55442,5.98043,3.06011
5.913,0.0000,1.0000,0.0000,5,145.83,-0.00,2.51,-0.6269,0.0620,10090.5,0.0,133.66,133.66,133.45,133.45,14.7471,36.6505,66.4566,136.842,117.601,101.876,69.2078,50.2446,42.0237,36.117,31.6682,28.1972,24.4487,21.2275,17.0298,12.2226,8.34878,5.83667,2.98655
5.931,0.0000,1.0000,0.0000,5,146.47,-0.00,2.52,-0.6361,0.0620,10133.3,0.0,134.25,134.25,134.01,134.01,14.8308,36.8586,66.834,135.68,116.469,100.614,67.4941,49.0008,40.9834,35.223,30.8844,27.4993,23.8436,20.7021,16.6084,11.9201,8.14218,5.69224,2.91265
5.956,0.0076,1.0000,0.0000,5,147.12,-0.00,2.53,-0.6454,0.0620,10176.1,0.0,134.84,134.84,134.58,134.58,14.9148,37.0675,67.2129,134.512,115.328,99.3313,65.7734,47.7517,39.9388,34.3252,30.0972,26.7984,23.2359,20.1746,16.1851,11.6164,7.93471,5.5472,2.83844
5.975,0.0266,1.0000,0.0000,5,147.76,0.01,2.54,-0.6547,0.0618,10218.8,0.0,135.46,135.41,135.14,135.14,14.9949,37.2444,67.4831,133.421,114.29,98.273,64.5297,46.7528,39.0685,33.5559,29.4086,26.1754,22.6865,19.6907,15.7898,11.3267,7.73353,5.40501,2.76467
6.000,0.0437,1.0000,0.0000,5,148.40,0.02,2.55,-0.6639,0.0607,10261.7,0.0,136.13,135.90,135.71,135.71,15.0599,37.3049,67.3653,132.611,113.629,98.0412,65.0139,46.6513,38.8226,33.246,29.0722,25.8312,22.3465,19.3645,15.4958,11.0892,7.55664,5.27453,2.69343
6.019,0.0532,1.0000,0.0000,5,149.03,-0.04,2.56,-0.6729,0.0583,10305.1,0.0,136.84,136.35,136.28,136.28,15.1012,37.1894,66.6737,132.229,113.525,98.8667,68.514,48.036,39.5879,33.669,29.2917,25.9235,22.3313,19.2814,15.3572,10.9315,7.41707,5.16233,2.62652
6.044,0.0479,1.0000,0.0000,5,149.67,-0.20,2.58,-0.6817,0.0547,10349.1,0.0,137.54,136.80,136.87,136.87,15.1198,36.9146,65.4895,132.247,113.893,100.34,76.1591,51.2177,41.511,34.8996,30.1068,26.4732,22.6492,19.4431,15.3716,10.8509,7.3136,5.06812,2.56435
6.069,0.0431,1.0000,0.0000,5,150.30,-0.42,2.59,-0.6901,0.0506,10393.1,0.0,138.19,137.32,137.45,137.45,15.1258,36.5681,64.1195,132.464,114.432,101.851,88.4451,56.0705,44.3955,36.7469,31.3484,27.3348,23.1824,19.7562,15.4761,10.8142,7.23087,4.9849,2.50591
6.088,0.0388,1.0000,0.0000,5,150.93,-0.62,2.60,-0.6981,0.0465,10436.1,0.0,138.76,137.90,138.02,138.02,15.1289,36.2262,62.8131,132.681,114.898,103.073,93.1177,62.3392,47.9462,38.9551,32.8057,28.335,23.7977,20.1194,15.6054,10.7883,7.15423,4.90605,2.45016
6.113,0.0349,1.0000,0.0000,5,151.56,-0.77,2.61,-0.7057,0.0427,10477.6,0.0,139.32,138.50,138.57,138.57,15.1328,35.9166,61.6499,132.816,115.21,103.97,95.3494,70.0555,52.0429,41.401,34.3746,29.389,24.4314,20.4858,15.7309,10.7599,7.07817,4.82927,2.39683
6.131,0.0314,1.0000,0.0000,6,152.18,-0.85,2.63,-0.7129,0.0391,10519.2,0.0,139.86,139.11,139.12,139.12,15.1386,35.6462,60.6424,132.837,115.355,104.573,96.7437,79.4316,56.6442,44.0193,35.9986,30.4523,25.0518,20.8333,15.8406,10.7243,7.00113,4.75404,2.34594
6.156,0.0283,1.0000,0.0000,6,152.39,-0.86,2.64,-0.7197,0.0361,9641.63,0.0,140.26,139.61,134.85,134.25,15.1477,35.4238,59.8088,132.705,115.312,104.886,97.58,87.045,61.5534,46.6604,37.5725,31.4496,25.61,21.13,15.9178,10.675,6.92103,4.67968,2.29748
6.175,0.0255,1.0000,0.0000,6,152.20,-0.82,2.64,-0.7259,0.0333,9646.78,0.0,140.16,139.59,134.53,133.95,15.1584,35.2373,59.1068,132.449,115.124,104.989,98.0605,89.1979,66.8445,49.348,39.1132,32.3965,26.1203,21.3887,15.9724,10.6183,6.84109,4.60792,2.25195
6.200,0.0229,1.0000,0.0000,6,152.02,-0.79,2.63,-0.7317,0.0308,9297.21,0.0,139.98,139.44,134.42,133.91,15.1677,35.0624,58.4603,132.143,114.872,104.99,98.3687,90.4339,73.0701,52.3433,40.7791,33.4021,26.6549,21.6589,16.0331,10.5672,6.76668,4.54103,2.20964
6.219,0.0206,1.0000,0.0000,6,152.30,-0.77,2.63,-0.7371,0.0283,9613.11,0.0,139.98,139.47,138.66,138.66,15.1759,34.8999,57.8686,131.781,114.554,104.896,98.5284,91.2175,80.4159,55.661,42.5621,34.4561,27.2057,21.9348,16.0965,10.5199,6.69689,4.47841,2.17021
6.244,0.0186,1.0000,0.0000,6,152.84,-0.76,2.65,-0.7421,0.0261,9658.02,0.0,140.40,139.92,139.34,139.34,15.1834,34.7491,57.3262,131.362,114.172,104.715,98.5618,91.7109,83.9952,59.3434,44.4677,35.5572,27.7704,22.2146,16.1613,10.4756,6.63109,4.41955,2.13336
6.263,0.0167,1.0000,0.0000,6,153.41,-0.73,2.67,-0.7468,0.0240,9683.91,0.0,140.88,140.45,139.72,139.72,15.1916,34.6189,56.8557,130.855,113.703,104.419,98.4439,91.9377,85.2605,63.2035,46.3744,36.6251,28.2996,22.4671,16.2114,10.4278,6.56652,4.36314,2.09871
6.288,0.0150,1.0000,0.0000,6,153.98,-0.69,2.69,-0.7512,0.0223,9708.8,0.0,141.36,140.99,140.08,140.08,15.2017,34.5157,56.472,130.234,113.13,103.993,98.1613,91.9143,85.8265,66.979,48.1402,37.5747,28.7459,22.664,16.2333,10.3712,6.50116,4.30825,2.066
6.306,0.0135,1.0000,0.0000,6,154.54,-0.63,2.71,-0.7552,0.0208,9737.57,0.0,141.84,141.53,140.49,140.49,15.2138,34.4391,56.1718,129.499,112.455,103.441,97.7268,91.6777,85.9724,70.4817,49.6821,38.3637,29.0896,22.7958,16.2235,10.3048,6.43459,4.2546,2.03508
6.331,0.0122,1.0000,0.0000,6,155.10,-0.56,2.72,-0.7590,0.0196,9770.64,0.0,142.33,142.07,140.97,140.97,15.2271,34.3813,55.9309,128.677,111.705,102.798,97.1823,91.2925,85.8634,73.7653,51.046,39.0286,29.3566,22.8806,16.1922,10.2328,6.3684,4.20276,2.0059
6.350,0.0110,1.0000,0.0000,6,155.65,-0.50,2.73,-0.7626,0.0185,9806.43,0.0,142.82,142.59,141.48,141.48,15.2409,34.3364,55.7322,127.79,110.898,102.087,96.5574,90.8016,85.5868,76.4439,52.2762,39.601,29.568,22.9323,16.1469,10.1583,6.30348,4.15292,1.97834
6.375,0.0099,1.0000,0.0000,6,156.20,-0.44,2.73,-0.7659,0.0176,9843.92,0.0,143.32,143.12,142.02,142.02,15.2546,34.2997,55.5619,126.854,110.05,101.327,95.8753,90.2363,85.1976,77.2262,53.4222,40.1137,29.7439,22.9637,16.094,10.0837,6.24055,4.10523,1.95228
6.394,0.0089,1.0000,0.0000,6,156.75,-0.39,2.73,-0.7691,0.0167,9880.17,0.0,143.82,143.63,142.55,142.55,15.2678,34.2671,55.4071,125.886,109.176,100.536,95.1563,89.6236,84.7376,77.4587,54.5499,40.6053,29.9063,22.9882,16.04,10.011,6.1802,4.05978,1.9276
6.419,0.0080,1.0000,0.0000,6,157.30,-0.36,2.73,-0.7721,0.0158,9914.41,0.0,144.32,144.15,143.04,143.04,15.2804,34.2375,55.2651,124.89,108.278,99.7175,94.4057,88.9708,84.2197,77.4332,55.6671,41.0811,30.0587,23.0078,15.9859,9.9407,6.12238,4.01646,1.9042
6.438,0.0072,1.0000,0.0000,6,157.85,-0.33,2.74,-0.7749,0.0151,9947.68,0.0,144.82,144.66,143.52,143.52,15.2928,34.2122,55.1383,123.863,107.354,98.8693,93.6211,88.2758,83.6437,77.2313,56.7411,41.524,30.1922,23.0176,15.9292,9.87156,6.06657,3.97496,1.88194
6.462,0.0065,1.0000,0.0000,6,158.40,-0.30,2.75,-0.7776,0.0144,9980.4,0.0,145.32,145.17,144.00,144.00,15.3052,34.1924,55.03,122.802,106.402,97.9878,92.7986,87.5349,83.0075,76.889,57.7273,41.9116,30.2954,23.0109,15.8665,9.8021,6.01201,3.93484,1.86064
6.481,0.0058,1.0000,0.0000,6,158.95,-0.27,2.77,-0.7802,0.0138,10011.7,0.0,145.81,145.69,144.45,144.45,15.3178,34.1794,54.9427,121.703,105.418,97.0706,91.9358,86.7458,82.3101,76.426,58.581,42.2229,30.3588,22.9826,15.7956,9.73139,5.95828,3.89588,1.84022
6.506,0.0052,1.0000,0.0000,6,159.49,-0.24,2.79,-0.7826,0.0133,10044.1,0.0,146.31,146.20,144.91,144.91,15.3305,34.1703,54.8687,120.576,104.412,96.1279,91.0445,85.9231,81.5701,75.8845,59.3523,42.4866,30.3977,22.9417,15.7206,9.66087,5.90579,3.85815,1.82062
6.525,0.0047,1.0000,0.0000,6,160.04,-0.22,2.80,-0.7850,0.0128,10077.0,0.0,146.81,146.70,145.39,145.39,15.343,34.1649,54.8068,119.425,103.384,95.1617,90.1272,85.0699,80.7928,75.2779,60.0406,42.704,30.4136,22.8891,15.6419,9.59053,5.85441,3.82155,1.80176
6.550,0.0042,1.0000,0.0000,6,160.58,-0.20,2.81,-0.7872,0.0123,10110.3,0.0,147.30,147.21,145.87,145.87,15.3555,34.1622,54.7539,118.252,102.339,94.1761,89.1886,84.1922,79.9857,74.622,60.6654,42.8866,30.4126,22.8284,15.5611,9.52089,5.80429,3.78606,1.78358
6.569,0.0038,1.0000,0.0000,6,161.12,-0.18,2.83,-0.7894,0.0119,10143.7,0.0,147.79,147.71,146.35,146.35,15.3679,34.1626,54.7113,117.058,101.276,93.1701,88.2276,83.2889,79.1478,73.9184,61.2055,43.0242,30.39,22.7568,15.4768,9.45126,5.75502,3.75146,1.766
6.594,0.0034,1.0000,0.0000,6,161.67,-0.16,2.84,-0.7915,0.0116,10177.0,0.0,148.29,148.21,146.83,146.83,15.3803,34.1655,54.6769,115.845,100.196,92.1465,87.2476,82.3639,78.2844,73.1764,61.6727,43.1243,30.3495,22.6765,15.3899,9.38184,5.70661,3.71768,1.74895
6.613,0.0031,1.0000,0.0000,6,162.21,-0.15,2.85,-0.7936,0.0112,10210.1,0.0,148.78,148.71,147.31,147.31,15.3928,34.1716,54.6526,114.611,99.0986,91.1034,86.2464,81.415,77.3929,72.3946,62.0403,43.1748,30.2856,22.5844,15.2988,9.312,5.65876,3.68457,1.73237
6.637,0.0028,1.0000,0.0000,6,162.74,-0.13,2.86,-0.7955,0.0110,10243.0,0.0,149.27,149.21,147.78,147.78,15.4054,34.1808,54.6375,113.358,97.9844,90.0424,85.2258,80.4445,76.4765,71.5779,62.311,43.1781,30.1998,22.4813,15.2039,9.24175,5.61139,3.65205,1.71621
6.663,0.0025,1.0000,0.0000,6,163.28,-0.12,2.88,-0.7975,0.0107,10274.0,0.0,149.76,149.71,148.23,148.23,15.4178,34.1904,54.6248,112.094,96.8608,88.9716,84.1953,79.4633,75.5481,70.7447,62.373,43.1703,30.1099,22.3772,15.1098,9.17272,5.56508,3.62033,1.70049
6.681,0.0023,1.0000,0.0000,6,163.82,-0.11,2.89,-0.7993,0.0104,10306.5,0.0,150.26,150.20,148.70,148.70,15.4299,34.1996,54.6119,110.823,95.7306,87.8945,83.1583,78.4756,74.6125,69.9014,62.1216,43.1656,30.0226,22.2754,15.0178,9.10528,5.51987,3.58938,1.68515
6.706,0.0020,1.0000,0.0000,6,164.35,-0.10,2.91,-0.8012,0.0102,10339.4,0.0,150.75,150.70,149.18,149.18,15.4421,34.2113,54.6065,109.537,94.5856,86.8018,82.1048,77.4698,73.6566,69.0315,61.6832,43.119,29.9158,22.1638,14.9222,9.03722,5.47487,3.55878,1.6701
6.725,0.0018,1.0000,0.0000,6,164.89,-0.09,2.92,-0.8030,0.0100,10372.5,0.0,151.23,151.19,149.65,149.65,15.4544,34.2259,54.6096,108.233,93.4254,85.6929,81.0344,76.4452,72.6794,68.1347,61.1251,43.0249,29.7876,22.0415,14.8226,8.96847,5.43009,3.52855,1.65534
6.750,0.0016,1.0000,0.0000,6,165.42,-0.08,2.93,-0.8047,0.0098,10405.4,0.0,151.72,151.68,150.13,150.13,15.4667,34.2411,54.6151,106.92,92.2561,84.575,79.9546,75.4111,71.6921,67.2249,60.5071,42.9172,29.6537,21.9167,14.7227,8.90014,5.38582,3.49875,1.64082
6.769,0.0015,1.0000,0.0000,6,165.95,-0.07,2.94,-0.8065,0.0097,10438.0,0.0,152.21,152.17,150.60,150.60,15.4788,34.2559,54.6201,105.601,91.0808,83.4513,78.8695,74.3717,70.6996,66.3088,59.853,42.8114,29.5218,21.7941,14.6245,8.83306,5.34238,3.46951,1.62659
6.794,0.0013,1.0000,0.0000,6,166.48,-0.07,2.95,-0.8082,0.0095,10470.3,0.0,152.69,152.66,151.06,151.06,15.4911,34.2735,54.6331,104.267,89.8911,82.3127,77.7684,73.3154,69.688,65.3694,59.1387,42.6591,29.3688,21.6605,14.5221,8.76492,5.29887,3.44044,1.61254
6.813,0.0012,1.0000,0.0000,6,167.01,-0.06,2.97,-0.8098,0.0094,10502.2,0.0,153.18,153.15,151.53,151.53,15.5038,34.2945,54.6555,102.917,88.6854,81.1573,76.6499,72.2401,68.6558,64.4049,58.3685,42.451,29.19,21.5134,14.414,8.69514,5.255,3.41135,1.5986
6.837,0.0011,1.0000,0.0000,6,167.54,-0.05,2.98,-0.8115,0.0093,10532.0,0.0,153.66,153.64,151.96,151.96,15.5166,34.3167,54.6819,101.557,87.4701,79.9924,75.522,71.155,67.6133,63.4283,57.5708,42.2223,29.0022,21.3621,14.3046,8.62519,5.21129,3.38246,1.5848
6.857,0.0010,1.0000,0.0000,6,168.07,-0.05,3.00,-0.8131,0.0093,10563.9,0.0,154.15,154.13,152.42,152.42,15.5293,34.339,54.7552,100.191,86.2479,78.8211,74.3878,70.064,66.5649,62.4456,56.7573,41.9883,28.8128,21.2103,14.1954,8.55569,5.16795,3.35386,1.57115
6.882,0.0009,1.0000,0.0000,6,168.59,-0.04,3.02,-0.8148,0.0092,10596.4,0.0,154.63,154.61,152.88,152.88,15.5419,34.3611,54.9165,98.8196,85.0196,77.6444,73.2487,68.9685,65.5122,61.4585,55.9328,41.7549,28.6242,21.0594,14.087,8.48672,5.12497,3.32549,1.55762
6.900,0.0008,1.0000,0.0000,6,169.11,-0.04,3.03,-0.8164,0.0091,10629.0,0.0,155.11,155.09,153.35,153.35,15.5543,34.3828,55.1911,97.4443,83.7859,76.4631,72.1052,67.8693,64.4562,60.4681,55.0995,41.5249,28.4378,20.9101,13.9796,8.41839,5.08238,3.29738,1.54421
6.925,0.0007,1.0000,0.0000,6,169.64,-0.03,3.04,-0.8180,0.0090,10661.5,0.0,155.59,155.57,153.82,153.82,15.5666,34.4041,55.6193,96.0646,82.5468,75.2769,70.9577,66.7665,63.3971,59.4747,54.2584,41.2993,28.2541,20.7627,13.8735,8.35079,5.04022,3.26955,1.53094
6.944,0.0006,1.0000,0.0000,6,170.16,-0.03,3.05,-0.8195,0.0089,10693.6,0.0,156.07,156.05,154.29,154.29,15.5787,34.4249,56.2738,94.6806,81.3021,74.0861,69.8061,65.66,62.3347,58.4783,53.4092,41.0775,28.0725,20.6167,13.7682,8.28369,4.99836,3.24191,1.51775
6.969,0.0006,1.0000,0.0000,6,170.68,-0.03,3.06,-0.8211,0.0088,10725.2,0.0,156.55,156.53,154.74,154.74,15.5908,34.4454,57.3118,93.2922,80.0518,72.8904,68.6501,64.5497,61.2689,57.4786,52.5522,40.8591,27.893,20.4721,13.6638,8.21712,4.95682,3.21448,1.50466
6.988,0.0005,1.0000,0.0000,6,171.20,-0.03,3.08,-0.8227,0.0087,10755.3,0.0,157.02,157.00,155.18,155.18,15.6027,34.4656,59.2603,91.8993,78.7952,71.6894,67.4891,63.4352,60.1992,56.4752,51.6873,40.6428,27.7148,20.3286,13.5602,8.15102,4.91557,3.18724,1.49166
7.013,0.0005,1.0000,0.0000,6,171.72,-0.03,3.10,-0.8242,0.0086,10785.2,0.0,157.50,157.48,155.61,155.61,15.6145,34.4855,123.025,90.5016,77.5328,70.4832,66.3235,62.3165,59.1256,55.4676,50.8146,40.4279,27.5378,20.186,13.4573,8.08545,4.87466,3.16024,1.47877
7.031,0.0004,1.0000,0.0000,6,172.23,-0.03,3.12,-0.8258,0.0086,10816.7,0.0,157.97,157.96,156.06,156.06,15.6268,34.5088,121.114,89.0899,76.2554,69.2617,65.1424,61.1815,58.0348,54.4405,49.9124,40.1604,27.3368,20.0308,13.3491,8.01809,4.83321,3.13307,1.46591
7.056,0.0004,1.0000,0.0000,6,172.75,-0.03,3.13,-0.8273,0.0086,10848.7,0.0,158.44,158.44,156.53,156.53,15.6397,34.5361,119.177,87.6634,74.9615,68.0236,63.9444,60.029,56.9253,53.3925,48.9805,39.8328,27.1081,19.8609,13.2343,7.9485,4.79101,3.10563,1.45302
7.075,0.0003,1.0000,0.0000,6,173.26,-0.02,3.14,-0.8288,0.0086,10880.8,0.0,158.91,158.91,156.99,156.99,15.6527,34.5648,117.227,86.2286,73.6577,66.776,62.7371,58.8672,55.8067,52.3348,48.0349,39.4821,26.8689,19.6854,13.1172,7.87809,4.74855,3.07809,1.44013
7.100,0.0003,1.0000,0.0000,6,173.77,-0.01,3.15,-0.8304,0.0086,10912.6,0.0,159.38,159.38,157.45,157.45,15.6659,34.5941,115.269,84.7885,72.3461,65.5217,61.5236,57.6999,54.6829,51.272,47.0825,39.1244,26.6265,19.5082,12.9995,7.80749,4.70604,3.05055,1.42726
7.119,0.0003,1.0000,0.0000,6,174.28,-0.01,3.17,-0.8319,0.0086,10944.0,0.0,159.85,159.85,157.90,157.90,15.679,34.6234,113.304,83.344,71.028,64.2617,60.305,56.5283,53.5555,50.2062,46.1258,38.7655,26.3837,19.3309,12.8816,7.73689,4.66354,3.02303,1.41439
7.144,0.0002,1.0000,0.0000,6,174.79,-0.01,3.18,-0.8334,0.0086,10974.9,0.0,160.32,160.32,158.35,158.35,15.6922,34.6528,111.334,81.8954,69.7032,62.996,59.0816,55.3526,52.4245,49.1373,45.165,38.406,26.1402,19.153,12.7634,7.66605,4.6209,2.9954,1.40147
7.163,0.0002,1.0000,0.0000,6,175.30,-0.01,3.20,-0.8350,0.0086,11003.1,0.0,160.79,160.79,158.76,158.76,15.7054,34.6822,109.359,80.4427,68.3718,61.725,57.8537,54.1731,51.2903,48.0658,44.2008,38.0314,25.8972,18.9754,12.6453,7.59522,4.57825,2.96778,1.38856
7.187,0.0002,1.0000,0.0000,6,175.81,-0.00,3.22,-0.8365,0.0086,11033.3,0.0,161.25,161.25,159.19,159.19,15.7186,34.7115,107.378,78.9861,67.0338,60.4484,56.621,52.9897,50.1529,46.9918,43.2329,37.5365,25.6542,18.7977,12.5271,7.52433,4.53556,2.94011,1.37562
7.213,0.0002,1.0000,0.0000,6,176.31,-0.00,3.24,-0.8380,0.0086,11064.5,0.0,161.72,161.72,159.64,159.64,15.7318,34.7408,105.393,77.5254,65.6889,59.1662,55.3833,51.8022,49.0122,45.9148,42.2612,36.953,25.4112,18.6199,12.4088,7.45331,4.49277,2.91238,1.36265
7.231,0.0002,1.0000,0.0000,6,176.82,-0.00,3.25,-0.8396,0.0086,11096.1,0.0,162.18,162.18,160.10,160.10,15.7451,34.7701,103.401,76.0608,64.3372,57.8784,54.1409,50.611,47.8682,44.8352,41.2858,36.3105,25.1681,18.4419,12.2902,7.38218,4.44991,2.88461,1.34966
7.257,0.0001,1.0000,0.0000,6,177.32,-0.00,3.26,-0.8411,0.0086,11127.7,0.0,162.64,162.65,160.55,160.55,15.7584,34.7995,101.404,74.5919,62.9782,56.5844,52.8934,49.4153,46.7207,43.7525,40.3064,35.6248,24.9243,18.2633,12.1713,7.31079,4.40689,2.85673,1.33662
7.274,0.0001,1.0000,0.0000,6,177.82,-0.00,3.28,-0.8427,0.0086,11158.7,0.0,163.11,163.11,161.00,161.00,15.7717,34.8383,99.402,73.1191,61.6118,55.2847,51.6409,48.2158,45.5698,42.6669,39.3232,34.9057,24.6801,18.0846,12.0523,7.23928,4.3638,2.82879,1.32355
7.300,0.0001,1.0000,0.0000,6,178.32,-0.00,3.29,-0.8442,0.0086,11189.3,0.0,163.57,163.57,161.44,161.44,15.785,34.9264,97.3942,71.6422,60.2382,53.9789,50.3832,47.0119,44.4153,41.5785,38.3362,34.1594,24.4356,17.9054,11.9329,7.16762,4.3206,2.8008,1.31045
7.319,0.0001,1.0000,0.0000,6,178.82,-0.00,3.31,-0.8458,0.0086,11217.7,0.0,164.03,164.03,161.85,161.85,15.7984,35.0758,95.3806,70.1611,58.8566,52.6665,49.1201,45.8036,43.2571,40.4868,37.345,33.3899,24.1901,17.7256,11.8131,7.09565,4.27723,2.77268,1.2973
7.344,0.0001,1.0000,0.0000,6,179.32,-0.00,3.33,-0.8474,0.0086,11246.2,0.0,164.49,164.49,162.26,162.26,15.8118,35.2971,93.3615,68.6758,57.4672,51.348,47.8518,44.5911,42.0956,39.3921,36.35,32.6008,23.9439,17.5452,11.6929,7.02347,4.23372,2.74448,1.2841
7.363,0.0001,1.0000,0.0000,6,179.82,-0.00,3.35,-0.8489,0.0086,11276.6,0.0,164.94,164.94,162.70,162.70,15.8253,35.6043,91.3368,67.1845,56.0699,50.023,46.578,43.3742,40.9304,38.2944,35.3514,31.7945,23.6973,17.3646,11.5725,6.95117,4.19015,2.71623,1.27089
7.388,0.0001,1.0000,0.0000,6,180.31,-0.00,3.37,-0.8505,0.0086,11307.6,0.0,165.40,165.40,163.15,163.15,15.8387,36.0169,89.3067,65.6829,54.6643,48.6915,45.2989,42.1532,39.762,37.194,34.3491,30.973,23.4505,17.1837,11.452,6.87879,4.14652,2.68795,1.25765
7.406,0.0001,1.0000,0.0000,6,180.81,-0.00,3.38,-0.8521,0.0086,11338.7,0.0,165.85,165.85,163.60,163.60,15.8522,36.5628,87.2709,64.1706,53.2503,47.3533,44.0141,40.9276,38.5897,36.0904,33.3426,30.1376,23.2026,17.0021,11.3309,6.8061,4.1027,2.65954,1.24436
7.431,0.0001,1.0000,0.0000,6,181.30,-0.00,3.40,-0.8537,0.0086,11369.5,0.0,166.31,166.31,164.04,164.04,15.8658,37.2848,85.2295,62.6472,51.8276,46.0082,42.7239,39.6976,37.4138,34.9838,32.3326,29.2896,22.9542,16.8201,11.2097,6.73326,4.05879,2.63108,1.23105
7.450,0.0001,1.0000,0.0000,6,181.79,-0.00,3.41,-0.8553,0.0086,11399.7,0.0,166.76,166.76,164.48,164.48,15.8794,38.2545,83.1831,61.1125,50.3962,44.6565,41.428,38.4634,36.2347,33.8745,31.3191,28.4305,22.7055,16.6379,11.0883,6.66032,4.01482,2.60258,1.21771
7.474,0.0001,1.0000,0.0000,6,182.28,-0.00,3.43,-0.8569,0.0086,11428.9,0.0,167.21,167.21,164.90,164.90,15.893,39.6129,81.1306,59.5658,48.9552,43.2971,40.1263,37.2245,35.0517,32.7618,30.3016,27.56,22.4557,16.4548,10.9662,6.58703,3.97065,2.57395,1.20431
7.494,0.0000,1.0000,0.0000,6,182.77,-0.00,3.45,-0.8585,0.0086,11455.3,0.0,167.66,167.66,165.28,165.28,15.9066,41.7236,79.0726,58.0068,47.5048,41.9306,38.8186,35.9811,33.8652,31.6463,29.2803,26.68,22.1194,16.2713,10.844,6.51358,3.92638,2.54525,1.19089
7.519,0.0000,1.0000,0.0000,6,183.26,-0.00,3.47,-0.8601,0.0086,11484.9,0.0,168.11,168.11,165.71,165.71,15.9204,158.91,77.0091,56.4349,46.0445,40.5563,37.5046,34.7329,32.6748,30.5275,28.2552,25.7901,21.661,16.087,10.7212,6.43983,3.88192,2.51643,1.1774
7.538,0.0000,1.0000,0.0000,6,183.75,-0.00,3.49,-0.8617,0.0086,11515.3,0.0,168.55,168.55,166.15,166.15,15.9341,154.64,74.9402,54.8498,44.574,39.1745,36.1848,33.4804,31.481,29.406,27.2266,24.8917,21.1232,15.9025,10.5982,6.36597,3.8374,2.48757,1.1639
7.563,0.0273,1.0000,0.0000,6,184.23,-0.00,3.51,-0.8633,0.0086,11545.9,0.0,169.00,169.00,166.59,166.59,15.9479,150.36,72.8657,53.2509,43.0932,37.7848,34.8588,32.2232,30.2838,28.2815,26.1943,23.9849,20.5281,15.7175,10.4749,6.29195,3.79278,2.45865,1.15037
7.581,0.0707,1.0000,0.0000,6,184.71,0.04,3.52,-0.8648,0.0076,11576.5,0.0,169.54,169.34,167.03,167.03,15.945,147.335,71.077,51.8225,41.7951,36.5874,33.7321,31.1726,29.2994,27.3773,25.391,23.3156,20.1669,15.8389,10.4891,6.26873,3.76735,2.43813,1.13872
7.606,0.1121,1.0000,0.0000,6,185.18,-0.06,3.54,-0.8659,0.0041,11607.6,0.0,170.20,169.49,167.48,167.48,15.8979,147.65,70.0317,50.8589,40.9829,35.8911,33.1165,30.6441,28.846,27.0145,25.1403,23.2099,20.3681,16.7474,10.8961,6.38815,3.79594,2.4417,1.1329
7.626,0.1407,1.0000,0.0000,6,185.64,-0.44,3.55,-0.8664,-0.0028,11641.2,0.0,170.90,169.52,167.96,167.96,15.7928,152.842,69.9765,50.4916,40.7827,35.8156,33.1266,30.745,29.0243,27.2837,25.5192,23.7247,21.1447,18.0475,11.9703,6.73061,3.90664,2.48213,1.13671
7.650,0.1482,1.0000,0.0000,6,186.08,-1.08,3.58,-0.8659,-0.0126,11673.5,0.0,171.54,169.57,168.43,168.43,15.6367,163.843,70.8772,50.6264,41.0865,36.241,33.633,31.3357,29.6846,28.0242,26.353,24.6692,22.2856,19.5113,14.0411,7.35953,4.11521,2.56617,1.15283
7.669,0.1333,1.0000,0.0000,6,186.50,-1.86,3.60,-0.8640,-0.0241,11711.3,0.0,172.09,169.72,168.97,168.97,15.4483,181.416,72.5153,51.0432,41.6627,36.9274,34.3909,32.1657,30.5732,28.9781,27.3808,25.781,23.5377,20.9688,16.1374,8.3363,4.42847,2.69584,1.18273
7.694,0.1200,1.0000,0.0000,6,186.91,-2.64,3.62,-0.8607,-0.0361,11748.0,0.0,172.54,170.03,169.50,169.50,15.248,200.0,74.5592,51.5088,42.2646,37.626,35.1509,32.9865,31.4421,29.8998,28.3605,26.8251,24.6843,22.2548,17.7781,9.72316,4.84574,2.86959,1.22689
7.713,0.1080,1.0000,0.0000,6,187.31,-3.27,3.63,-0.8559,-0.0476,11780.9,0.0,172.88,170.44,169.98,169.98,15.0492,200.0,76.7054,51.932,42.7288,38.1762,35.7545,33.6422,32.1385,30.6402,29.1484,27.6646,25.6038,23.2783,19.04,11.4569,5.36523,3.08541,1.28534
7.737,0.0972,1.0000,0.0000,6,187.73,-3.68,3.65,-0.8495,-0.0581,11810.0,0.0,173.17,170.90,170.40,170.40,14.8638,200.0,78.7766,52.2486,42.9985,38.5243,36.1508,34.0849,32.6172,31.1572,29.7067,28.2671,26.2732,24.0326,19.9781,12.8136,5.99256,3.34438,1.35864
7.763,0.0875,1.0000,0.0000,6,188.15,-3.91,3.67,-0.8414,-0.0677,11835.9,0.0,173.46,171.40,170.78,170.78,14.6973,200.0,80.6867,52.4262,43.0716,38.671,36.3425,34.3195,32.8847,31.46,30.0468,28.6468,26.7126,24.546,20.6471,13.8129,6.73762,3.64865,1.44724
7.782,0.0787,1.0000,0.0000,6,188.57,-3.97,3.68,-0.8316,-0.0762,11859.2,0.0,173.75,171.91,171.11,171.11,14.5505,200.0,82.3312,52.4304,42.9456,38.616,36.3305,34.3488,32.9456,31.5542,30.1763,28.8136,26.935,24.8371,21.0789,14.5355,7.56971,3.99859,1.55114
7.807,0.0709,1.0000,0.0000,6,189.01,-3.87,3.70,-0.8203,-0.0837,11876.2,0.0,174.05,172.43,171.36,171.36,14.4238,200.0,83.621,52.2392,42.6275,38.3677,36.1247,34.1835,32.8112,31.4525,30.1092,28.7828,26.9582,24.9262,21.302,15.0318,8.26342,4.39371,1.67014
7.825,0.0638,1.0000,0.0000,6,189.45,-3.66,3.73,-0.8074,-0.0902,11896.5,0.0,174.37,172.95,171.65,171.65,14.317,200.0,84.5084,51.8489,42.1342,37.9448,35.7446,33.8441,32.5028,31.1769,29.8679,28.5778,26.8066,24.8397,21.3468,15.3415,8.8015,4.82864,1.80369
7.851,0.0574,1.0000,0.0000,6,189.89,-3.38,3.75,-0.7931,-0.0959,11918.6,0.0,174.71,173.47,171.97,171.97,14.2285,200.0,85.0294,51.2875,41.5016,37.3837,35.2269,33.3676,32.0577,30.7648,29.4905,28.2366,26.5193,24.617,21.2535,15.5073,9.21249,5.22592,1.95152
7.869,0.0517,1.0000,0.0000,6,190.33,-3.09,3.76,-0.7774,-0.1010,11942.1,0.0,175.07,173.97,172.31,172.31,14.1575,200.0,85.2297,50.5832,40.7592,36.7141,34.6017,32.7843,31.5062,30.2468,29.0075,27.7903,26.1266,24.2891,21.0534,15.5599,9.51854,5.56041,2.11304
7.894,0.0465,1.0000,0.0000,6,190.78,-2.79,3.79,-0.7603,-0.1057,11966.0,0.0,175.46,174.46,172.65,172.65,14.1025,200.0,85.2107,49.7785,39.9417,35.9711,33.9034,32.1286,30.8827,29.6569,28.4529,27.2723,25.6622,23.8887,20.7785,15.5291,9.74012,5.83874,2.27935
7.913,0.0418,1.0000,0.0000,6,191.23,-2.54,3.85,-0.7422,-0.1060,11989.7,0.0,175.87,174.91,173.00,173.00,14.0616,200.0,85.1046,48.9224,39.0849,35.1892,33.1669,31.4345,30.2209,29.0287,27.8595,26.7152,25.1579,23.4469,20.4583,15.4413,9.8962,6.06861,2.43083
7.938,0.0377,1.0000,0.0000,6,191.68,-2.32,3.89,-0.7249,-0.0974,12011.6,0.0,176.25,175.37,173.32,173.32,14.0382,200.0,84.7917,47.9781,38.167,34.3482,32.3718,30.6828,29.5017,28.3434,27.2096,26.1017,24.597,22.9485,20.0798,15.2892,9.98611,6.24976,2.56574
7.957,0.0339,1.0000,0.0000,6,192.15,-2.07,4.02,-0.7091,-0.0882,12022.8,0.0,176.64,175.86,173.48,173.48,14.036,200.0,84.1189,46.9028,37.165,33.4255,31.497,29.8527,28.7052,27.5819,26.4842,25.4136,23.9627,22.3774,19.6295,15.0649,10.008,6.38117,2.68312
7.982,0.0305,1.0000,0.0000,6,192.60,-1.83,4.23,-0.6947,-0.0787,12046.9,0.0,177.07,176.33,173.82,173.82,14.0518,192.789,83.3128,45.7725,36.129,32.4697,30.5898,28.9907,27.8772,26.7891,25.7277,24.6944,23.2971,21.7746,19.1449,14.7991,9.98158,6.4723,2.78384
8.000,0.0275,1.0000,0.0000,6,193.04,-1.65,4.40,-0.6820,-0.0691,12074.8,0.0,177.46,176.76,174.22,174.22,14.0878,179.839,82.321,44.5737,35.0508,31.4737,29.6434,28.0907,27.0116,25.9592,24.9345,23.9386,22.5951,21.1349,18.6222,14.49,9.90786,6.52377,2.86733
8.025,0.0247,1.0000,0.0000,6,193.52,-1.46,4.62,-0.6710,-0.0589,12076.2,0.0,177.83,177.23,174.25,174.25,14.1499,173.801,80.9258,43.2475,33.8949,30.4054,28.6271,27.1226,26.0795,25.064,24.0772,23.1201,21.8317,20.4352,18.0413,14.1238,9.78011,6.5325,2.93244
8.044,0.0467,1.0000,0.0000,6,193.97,-1.24,4.89,-0.6618,-0.0481,12103.7,0.0,178.21,177.72,174.63,174.63,14.2412,172.493,79.0534,41.7809,32.6549,29.2596,27.5363,26.0827,25.0773,24.1005,23.1533,22.2363,21.005,19.6742,17.4018,13.7013,9.60027,6.49961,2.97884
8.069,0.1330,1.0000,0.0000,6,194.39,-1.04,5.09,-0.6545,-0.0380,12143.6,0.0,178.66,178.02,175.20,175.20,14.3428,167.007,77.7028,40.4513,31.4986,28.1926,26.5218,25.1164,24.1466,23.2062,22.296,21.4166,20.2382,18.9679,16.8059,13.3004,9.41548,6.44951,3.01083
8.088,0.2123,1.0000,0.0000,6,194.81,-0.99,5.22,-0.6488,-0.0309,12171.9,0.0,179.17,177.97,175.63,175.63,14.4113,147.905,78.9692,39.7816,30.7352,27.4835,25.8507,24.48,23.5356,22.621,21.7369,20.8838,19.7423,18.5136,16.4268,13.0511,9.30616,6.42599,3.03796
8.113,0.2717,1.0000,0.0000,6,195.18,-1.41,5.35,-0.6443,-0.0281,12211.8,0.0,179.69,177.72,176.18,176.18,14.4184,121.448,84.9634,40.1179,30.5475,27.2631,25.6469,24.2911,23.3575,22.4537,21.5804,20.738,19.6113,18.3991,16.3411,13.0118,9.31202,6.45368,3.06764
8.132,0.3163,1.0000,0.0000,6,195.50,-2.29,5.39,-0.6407,-0.0288,12264.7,0.0,180.09,177.42,176.94,176.94,14.3718,98.3745,98.1987,41.523,30.92,27.4428,25.8251,24.4675,23.5323,22.6268,21.7515,20.9069,19.7769,18.5604,16.4935,13.1445,9.41383,6.5257,3.10064
8.157,0.3497,1.0000,0.0000,6,195.78,-3.46,5.39,-0.6378,-0.0319,12314.7,0.0,180.34,177.14,177.68,177.68,14.2911,81.3721,125.105,44.0612,31.8052,27.9458,26.2537,24.8834,23.9387,23.0232,22.1377,21.2826,20.1374,18.9032,16.8029,13.3906,9.57896,6.62671,3.13524
8.175,0.3748,1.0000,0.0000,6,196.03,-4.72,5.38,-0.6354,-0.0361,12352.8,0.0,180.46,176.91,178.22,178.22,14.1979,69.5032,187.526,47.853,33.1484,28.7579,26.8674,25.4098,24.4508,23.5219,22.6223,21.7531,20.5876,19.3297,17.1848,13.6888,9.7725,6.73956,3.16923
8.200,0.3751,1.0000,0.0000,6,196.26,-5.90,5.33,-0.6334,-0.0402,12392.1,0.0,180.44,176.74,178.79,178.79,14.1114,61.3376,200.0,53.071,34.8745,29.7954,27.655,26.0232,24.9731,24.0061,23.0933,22.2102,21.0248,19.7439,17.5554,13.9777,9.95824,6.84608,3.19974
8.219,0.3054,1.0000,0.0000,6,196.48,-6.90,5.27,-0.6317,-0.0436,12425.0,0.0,180.42,176.71,179.27,179.27,14.0399,55.5896,200.0,60.1903,36.9756,31.0229,28.577,26.7368,25.5633,24.4903,23.5055,22.5975,21.3957,20.0956,17.8708,14.2242,10.1168,6.93673,3.22543
8.244,0.2749,1.0000,0.0000,6,196.68,-7.76,5.18,-0.6304,-0.0463,12468.8,0.0,180.70,177.09,179.90,179.90,13.9844,51.3642,200.0,70.3248,39.542,32.467,29.6462,27.5556,26.2365,25.0397,23.9491,22.9513,21.6889,20.3738,18.1208,14.4202,10.2433,7.00918,3.24607
8.263,0.2474,1.0000,0.0000,6,196.92,-8.46,5.03,-0.6294,-0.0478,12489.6,0.0,180.94,177.51,180.22,180.22,13.951,48.2573,200.0,85.1814,42.571,34.0794,30.81,28.4282,26.9429,25.607,24.399,23.3016,21.9238,20.5397,18.2702,14.5387,10.3212,7.05481,3.25993
8.288,0.2227,1.0000,0.0000,6,197.19,-8.74,4.92,-0.6287,-0.0472,12498.1,0.0,181.12,178.03,180.34,180.34,13.9538,46.1535,163.121,106.436,45.7252,35.6041,31.8525,29.1679,27.514,26.0395,24.7168,23.5236,22.0371,20.5564,18.2436,14.5221,10.3156,7.05568,3.26371
8.313,0.2004,1.0000,0.0000,6,197.45,-8.74,4.76,-0.6284,-0.0451,12537.2,0.0,181.32,178.60,180.88,180.88,13.9864,44.669,136.351,140.125,49.0674,37.0601,32.7894,29.7903,27.9659,26.3538,24.9193,23.6346,22.0462,20.4772,18.0749,14.3958,10.2417,7.0195,3.25879
8.331,0.1804,1.0000,0.0000,6,197.75,-8.74,4.52,-0.6286,-0.0423,12554.0,0.0,181.59,179.10,181.16,181.16,14.0337,43.4256,118.923,200.0,53.2234,38.755,33.8557,30.4881,28.4681,26.701,25.1422,23.7572,22.0587,20.3959,17.8787,14.2225,10.1362,6.96434,3.24768
8.357,0.1623,1.0000,0.0000,6,198.10,-8.42,4.31,-0.6294,-0.0375,12546.1,0.0,181.82,179.66,181.05,181.05,14.119,42.6558,108.55,200.0,57.2152,40.114,34.6064,30.8994,28.7055,26.8045,25.1415,23.6744,21.8889,20.1555,17.5578,13.9233,9.95172,6.86514,3.2253
8.375,0.1461,1.0000,0.0000,6,198.45,-7.78,4.11,-0.6307,-0.0311,12566.6,0.0,182.09,180.31,181.26,181.26,14.2396,42.2204,102.032,200.0,60.8555,41.0734,35.0127,31.0132,28.676,26.6684,24.9253,23.3977,21.5514,19.7718,17.1292,13.5235,9.70342,6.72955,3.19288
8.400,0.1315,1.0000,0.0000,6,198.78,-7.38,3.77,-0.6328,-0.0249,12604.5,0.0,182.47,180.81,181.88,181.88,14.3655,41.7085,96.0965,200.0,66.2082,42.5336,35.7292,31.3464,28.8234,26.6782,24.832,23.2264,21.301,19.4607,16.7557,13.133,9.45656,6.59039,3.15554
8.419,0.1183,1.0000,0.0000,6,199.20,-6.87,3.45,-0.6358,-0.0176,12590.6,0.0,182.80,181.32,181.69,181.69,14.5232,41.3869,91.9382,200.0,71.7958,43.7453,36.2097,31.4713,28.7833,26.5203,24.5889,22.9213,20.9363,19.0539,16.3126,12.689,9.16414,6.42244,3.10771
8.444,0.1065,1.0000,0.0000,6,199.62,-6.09,3.23,-0.6397,-0.0090,12577.7,0.0,183.15,181.94,181.49,181.49,14.7069,41.2705,89.2759,200.0,76.7933,44.4252,36.2791,31.2674,28.4616,26.1196,24.1356,22.4332,20.4195,18.5227,15.7823,12.199,8.82485,6.22476,3.04895
8.463,0.0958,1.0000,0.0000,6,199.94,-5.64,2.78,-0.6446,-0.0011,12667.3,0.0,183.62,182.42,182.78,182.78,14.861,40.9956,86.214,200.0,85.6006,45.9519,36.8568,31.4203,28.4276,25.9573,23.8837,22.1185,20.0467,18.1112,15.3422,11.7689,8.49817,6.02806,2.98453
8.488,0.0863,1.0000,0.0000,6,200.39,-5.34,2.33,-0.6509,0.0070,12655.6,0.0,184.00,182.81,182.63,182.63,15.003,40.726,83.4953,200.0,98.0757,47.8284,37.5719,31.6399,28.4356,25.8226,23.651,21.8178,19.6843,17.7086,14.9105,11.3488,8.15416,5.81574,2.9102
8.507,0.0776,1.0000,0.0000,6,200.85,-4.77,2.01,-0.6584,0.0163,12639.3,0.0,184.37,183.37,182.40,182.40,15.152,40.6288,81.7537,200.0,111.172,49.0649,37.8092,31.4928,28.1377,25.4304,23.1999,21.3307,19.1707,17.185,14.3969,10.8876,7.77776,5.57474,2.82314
8.532,0.0699,1.0000,0.0000,6,201.16,-4.37,1.54,-0.6674,0.0253,12748.1,0.0,184.84,183.86,183.92,183.92,15.2809,40.4476,79.8487,200.0,134.261,51.1436,38.456,31.6016,28.0348,25.1932,22.8762,20.9509,18.7448,16.7341,13.9382,10.4643,7.42692,5.32626,2.72735
8.551,0.0629,1.0000,0.0000,6,201.63,-4.32,0.95,-0.6779,0.0339,12744.3,0.0,185.22,184.15,183.92,183.92,15.3894,40.1693,77.7321,200.0,184.041,54.6157,39.726,32.0786,28.2032,25.165,22.7192,20.7081,18.427,16.3692,13.5413,10.0802,7.10097,5.07032,2.62135
8.575,0.0566,1.0000,0.0000,6,202.12,-3.95,0.52,-0.6901,0.0438,12721.7,0.0,185.57,184.68,183.59,183.59,15.5114,40.0853,76.5012,200.0,193.56,56.9778,40.2328,32.0071,27.9306,24.7769,22.2647,20.2164,17.9118,15.8497,13.0417,9.64508,6.75602,4.80491,2.50066
8.594,0.0509,1.0000,0.0000,6,202.45,-3.57,-0.00,-0.7040,0.0540,12832.2,0.0,186.00,185.23,185.08,185.08,15.6275,40.0202,75.4416,200.0,195.069,59.5953,40.7193,31.8871,27.6115,24.3487,21.7769,19.6979,17.3776,15.3182,12.5388,9.21493,6.41992,4.54879,2.36826
8.619,0.0458,1.0000,0.0000,6,202.90,-3.55,-0.57,-0.7197,0.0630,12849.3,0.0,186.45,185.52,185.44,185.44,15.7127,39.7586,73.7683,200.0,196.708,66.0362,42.6751,32.5917,27.8875,24.3716,21.6445,19.4676,17.0667,14.9608,12.1552,8.8538,6.12204,4.31538,2.2319
8.638,0.0413,1.0000,0.0000,6,203.40,-3.40,-0.93,-0.7369,0.0649,12814.0,0.0,186.90,185.99,184.93,184.93,15.7947,39.5342,72.3318,181.936,197.6,74.3781,44.874,33.3156,28.1407,24.359,21.4746,19.2024,16.7267,14.581,11.7591,8.491,5.8288,4.08856,2.1011
8.664,0.0371,1.0000,0.0000,6,203.85,-3.13,-1.17,-0.7532,0.0611,12828.1,0.0,187.36,186.53,185.06,185.06,15.8749,39.3585,71.1522,172.213,197.989,85.0055,47.188,33.9699,28.3084,24.266,21.2352,18.8788,16.342,14.1688,11.3459,8.1259,5.54087,3.86918,1.97687
8.682,0.0334,1.0000,0.0000,6,204.30,-2.92,-1.37,-0.7686,0.0571,12842.5,0.0,187.80,186.96,185.32,185.32,15.943,39.1453,69.9247,163.168,198.278,103.157,50.6343,35.0325,28.7151,24.3296,21.1076,18.6404,16.0209,13.8061,10.9688,7.78584,5.27081,3.66306,1.86018
8.707,0.0301,1.0000,0.0000,6,204.77,-2.69,-1.43,-0.7830,0.0533,12835.3,0.0,188.23,187.43,185.22,185.22,16.0043,38.9374,68.7883,155.419,198.368,134.894,55.1414,36.3449,29.2304,24.4468,21.01,18.4217,15.7136,13.4555,10.604,7.45903,5.0134,3.46783,1.75062
8.726,0.0271,1.0000,0.0000,6,205.24,-2.39,-1.38,-0.7964,0.0500,12833.3,0.0,188.62,187.92,185.18,185.18,16.0658,38.7844,67.8895,149.476,198.165,181.046,60.0919,37.5412,29.6075,24.4436,20.8149,18.1254,15.3507,13.0669,10.2213,7.13113,4.76239,3.28058,1.64753
8.750,0.0244,1.0000,0.0000,6,205.69,-2.04,-1.26,-0.8088,0.0473,12842.8,0.0,189.00,188.42,185.31,185.31,16.1293,38.6936,67.2358,145.114,197.692,183.513,65.017,38.4196,29.734,24.2529,20.4793,17.7231,14.9148,12.63,9.81586,6.80046,4.5171,3.10086,1.55061
8.769,0.0219,1.0000,0.0000,6,206.13,-1.71,-1.12,-0.8204,0.0451,12862.2,0.0,189.36,188.89,185.59,185.59,16.1932,38.6484,66.7621,141.853,197.025,184.104,69.8485,38.9833,29.6328,23.9015,20.0293,17.2378,14.4252,12.1599,9.39789,6.47207,4.27942,2.92921,1.45957
8.794,0.0197,1.0000,0.0000,6,206.57,-1.42,-1.00,-0.8313,0.0432,12887.4,0.0,189.74,189.33,185.95,185.95,16.2561,38.6292,66.3968,139.257,196.235,184.12,74.8839,39.3372,29.3785,23.445,19.5067,16.7023,13.9054,11.6735,8.97682,6.14934,4.04977,2.76501,1.3735
8.812,0.0178,1.0000,0.0000,6,207.00,-1.19,-0.90,-0.8416,0.0415,12918.1,0.0,190.12,189.75,186.39,186.39,16.3164,38.6206,66.0877,137.043,195.374,183.859,80.648,39.6058,29.0489,22.9369,18.951,16.1463,13.3765,11.1857,8.56125,5.83577,3.82908,2.60829,1.292
8.838,0.0160,1.0000,0.0000,6,207.43,-1.03,-0.86,-0.8513,0.0398,12952.5,0.0,190.50,190.16,186.88,186.88,16.3735,38.6141,65.8057,135.053,194.468,183.442,87.8091,39.8784,28.6934,22.4097,18.3849,15.5867,12.8503,10.7045,8.15548,5.53278,3.61749,2.45874,1.21468
8.857,0.0144,1.0000,0.0000,6,207.86,-0.92,-0.86,-0.8605,0.0383,12984.1,0.0,190.89,190.56,187.34,187.34,16.4283,38.611,65.5505,133.263,193.521,182.903,96.8982,40.1323,28.2948,21.8512,17.7991,15.0158,12.3202,10.2244,7.75511,5.23713,3.41266,2.31468,1.14064
8.882,0.0129,1.0000,0.0000,6,208.30,-0.83,-0.89,-0.8694,0.0369,13013.0,0.0,191.27,190.97,187.76,187.76,16.4819,38.6172,65.337,131.718,192.524,182.241,108.164,40.2665,27.8029,21.2324,17.1749,14.4202,11.7773,9.73911,7.35618,4.94655,3.21328,2.17527,1.06947
8.907,0.0117,1.0000,0.0000,6,208.73,-0.75,-0.91,-0.8779,0.0357,13039.9,0.0,191.66,191.39,188.15,188.15,16.5346,38.633,65.1639,130.397,191.481,181.475,122.379,40.2434,27.2042,20.5479,16.5097,13.7988,11.2209,9.24806,6.95808,4.66045,3.01878,2.04002,1.00087
8.926,0.0105,1.0000,0.0000,6,209.16,-0.68,-0.93,-0.8861,0.0345,13071.9,0.0,192.05,191.80,188.59,188.59,16.5863,38.6563,65.0237,129.258,190.398,180.627,141.211,40.0653,26.5063,19.8052,15.8096,13.1564,10.6544,8.7536,6.5621,4.37917,2.82912,1.90877,0.93469
8.951,0.0094,1.0000,0.0000,6,209.59,-0.62,-0.96,-0.8940,0.0335,13097.4,0.0,192.41,192.20,189.02,189.02,16.6388,38.6967,64.9425,128.392,189.257,179.67,164.075,39.5135,25.6217,18.9581,15.0461,12.4732,10.0649,8.24677,6.16279,4.09984,2.64274,1.7806,0.870515
8.969,0.0085,1.0000,0.0000,6,210.02,-0.54,-0.97,-0.9017,0.0328,13118.5,0.0,192.79,192.62,189.34,189.34,16.6922,38.7542,64.9181,127.781,188.061,178.614,167.181,38.5361,24.5439,18.0071,14.2207,11.7507,9.45331,7.72796,5.76001,3.82197,2.45908,1.655,0.80804
8.988,0.0076,1.0000,0.0000,6,210.41,-0.47,-0.96,-0.9085,0.0322,13139.8,0.0,193.15,192.99,189.72,189.72,16.741,38.8169,64.9315,127.384,186.938,177.592,166.846,37.3402,23.435,17.0769,13.4334,11.072,8.88616,7.25145,5.39391,3.57191,2.29493,1.5432,0.752693
9.007,0.0069,1.0000,0.0000,6,210.81,-0.41,-0.97,-0.9151,0.0316,13155.5,0.0,193.51,193.36,189.97,189.97,16.7894,38.8835,64.9607,127.064,185.796,176.537,166.246,35.9598,22.2517,16.1112,12.6275,10.3832,8.31523,6.77451,5.02983,3.32476,2.13339,1.43346,0.698528
9.032,0.0062,1.0000,0.0000,6,211.21,-0.36,-0.98,-0.9216,0.0311,13178.8,0.0,193.86,193.72,190.18,190.18,16.8375,38.9538,65.0045,126.814,184.636,175.453,165.49,34.3952,20.9986,15.1132,11.8054,9.68612,7.74152,6.29771,4.66796,3.08048,1.97434,1.32567,0.645467
9.051,0.0056,1.0000,0.0000,6,211.59,-0.31,-1.01,-0.9280,0.0307,13214.1,0.0,194.20,194.09,190.53,190.53,16.8856,39.0283,65.0635,126.633,183.459,174.34,164.62,32.6357,19.6735,14.0817,10.9657,8.97946,7.16375,5.81988,4.30726,2.83824,1.8172,1.21939,0.593283
9.069,0.0050,1.0000,0.0000,6,211.97,-0.27,-1.05,-0.9342,0.0303,13249.0,0.0,194.55,194.45,190.96,190.96,16.9334,39.1066,65.1361,126.514,182.265,173.201,163.663,30.6915,18.2845,13.0215,10.1118,8.26541,6.58336,5.34193,3.94817,2.59819,1.66196,1.1146,0.541947
9.088,0.0045,1.0000,0.0000,6,212.35,-0.24,-1.02,-0.9404,0.0299,13276.1,0.0,194.93,194.81,191.40,191.40,16.9805,39.1832,65.2067,126.396,181.067,172.058,162.687,28.6646,16.8693,11.952,9.25498,7.55149,6.00492,4.8667,3.59207,2.36075,1.50869,1.01125,0.491378
9.107,0.0041,1.0000,0.0000,6,212.72,-0.22,-1.04,-0.9465,0.0296,13310.0,0.0,195.28,195.17,191.97,191.97,17.0278,39.2648,65.2939,126.348,179.851,170.885,161.632,26.4334,15.3871,10.8527,8.38296,6.82936,5.423,4.39051,3.23683,2.12487,1.35688,0.909066,0.441481
9.132,0.0037,1.0000,0.0000,6,213.13,-0.19,-1.04,-0.9524,0.0293,13307.9,0.0,195.63,195.53,192.00,192.00,17.0751,39.3503,65.3941,126.355,178.621,169.69,160.518,24.0294,13.851,9.73026,7.49962,6.10138,4.83895,3.91411,2.88269,1.89054,1.20641,0.807929,0.392177
9.151,0.0033,1.0000,0.0000,6,213.53,-0.17,-1.02,-0.9584,0.0291,13322.3,0.0,195.98,195.89,192.24,192.24,17.122,39.4352,65.4942,126.367,177.386,168.489,159.391,21.528,12.2861,8.59641,6.61138,5.37146,4.25486,3.43857,2.52993,1.6576,1.05706,0.707622,0.343326
9.169,0.0030,1.0000,0.0000,6,213.91,-0.15,-1.03,-0.9643,0.0288,13339.2,0.0,196.31,196.24,192.51,192.51,17.1695,39.5261,65.6127,126.453,176.132,167.26,158.191,18.8392,10.6644,7.43758,5.71022,4.63428,3.66734,2.96166,2.17731,1.42547,0.908548,0.608012,0.294887
9.188,0.0027,1.0000,0.0000,6,214.30,-0.12,-1.12,-0.9701,0.0287,13362.4,0.0,196.63,196.59,192.87,192.87,17.2179,39.6263,65.7589,126.646,174.853,165.99,156.89,15.9575,8.98654,6.25471,4.79685,3.89037,3.07678,2.48363,1.82498,1.19424,0.760916,0.509114,0.246865
9.207,0.0024,1.0000,0.0000,6,214.69,-0.10,-1.20,-0.9759,0.0286,13378.3,0.0,197.00,196.95,193.10,193.10,17.2662,39.7266,65.9063,126.846,173.57,164.714,155.574,13.0153,7.2931,5.06618,3.88131,3.14581,2.48649,2.00629,1.47353,0.96382,0.613912,0.41068,0.199092
9.232,0.0022,1.0000,0.0000,6,215.07,-0.09,-1.22,-0.9816,0.0284,13402.0,0.0,197.37,197.31,193.42,193.42,17.3136,39.8218,66.0402,126.998,172.292,163.45,154.293,10.0559,5.59872,3.87949,2.96823,2.40378,1.89858,1.5311,1.12386,0.734684,0.467777,0.312848,0.151623
9.251,0.0101,1.0000,0.0000,6,215.45,-0.08,-1.21,-0.9874,0.0283,13427.5,0.0,197.72,197.66,193.78,193.78,17.3607,39.9168,66.1742,127.152,171.01,162.181,153.002,7.02266,3.88489,2.6853,2.05188,1.66033,1.31044,1.05624,0.77485,0.506247,0.322205,0.21544,0.104386
9.269,0.0276,1.0000,0.0000,6,215.83,-0.07,-1.22,-0.9930,0.0278,13452.7,0.0,198.09,197.98,194.14,194.14,17.4023,39.9757,66.2072,126.934,169.799,161.031,152.044,4.0309,2.18914,1.50268,1.144,0.923625,0.727518,0.585548,0.428852,0.279757,0.177864,0.118853,0.0575442
9.288,0.0440,1.0000,0.0000,6,216.21,-0.10,-1.22,-0.9986,0.0265,13476.9,0.0,198.53,198.22,194.49,194.49,17.4254,39.9121,65.899,125.468,168.832,160.284,152.048,0.958483,0.48667,0.326149,0.245269,0.196544,0.153791,0.123189,0.0897531,0.0582584,0.0369127,0.0246158,0.01189
9.307,0.0499,1.0000,0.0000,6,216.57,-0.27,-1.26,-1.0038,0.0237,13507.5,0.0,199.01,198.40,194.93,194.93,-1.0,-1.0,-1.0,-1.0,-1.0,-1.0,-1.0,-1.0,-1.0,-1.0,-1.0,-1.0,-1.0,-1.0,-1.0,-1.0,-1.0,-1.0,-1.0
9.332,0.0449,1.0000,0.0000,6,216.94,-0.60,-1.34,-1.0086,0.0197,13530.3,0.0,199.48,198.59,195.28,195.28,-1.0,-1.0,-1.0,-1.0,-1.0,-1.0,-1.0,-1.0,-1.0,-1.0,-1.0,-1.0,-1.0,-1.0,-1.0,-1.0,-1.0,-1.0,-1.0
9.351,0.0404,1.0000,0.0000,6,217.32,-0.99,-1.43,-1.0130,0.0153,13545.6,0.0,199.88,198.86,195.53,195.53,-1.0,-1.0,-1.0,-1.0,-1.0,-1.0,-1.0,-1.0,-1.0,-1.0,-1.0,-1.0,-1.0,-1.0,-1.0,-1.0,-1.0,-1.0,-1.0
9.369,0.0364,1.0000,0.0000,6,217.69,-1.32,-1.55,-1.0168,0.0110,13571.4,0.0,200.22,199.20,195.97,195.97,-1.0,-1.0,-1.0,-1.0,-1.0,-1.0,-1.0,-1.0,-1.0,-1.0,-1.0,-1.0,-1.0,-1.0,-1.0,-1.0,-1.0,-1.0,-1.0
9.388,0.0327,1.0000,0.0000,6,218.07,-1.49,-1.55,-1.0199,0.0072,13586.6,0.0,200.53,199.58,196.09,196.09,-1.0,-1.0,-1.0,-1.0,-1.0,-1.0,-1.0,-1.0,-1.0,-1.0,-1.0,-1.0,-1.0,-1.0,-1.0,-1.0,-1.0,-1.0,-1.0
9.407,0.0295,1.0000,0.0000,6,218.42,-1.52,-1.52,-1.0225,0.0040,13621.8,0.0,200.81,200.00,196.54,196.54,-1.0,-1.0,-1.0,-1.0,-1.0,-1.0,-1.0,-1.0,-1.0,-1.0,-1.0,-1.0,-1.0,-1.0,-1.0,-1.0,-1.0,-1.0,-1.0
9.432,0.0265,1.0000,0.0000,6,218.75,-1.49,-1.58,-1.0245,0.0013,13682.7,0.0,201.09,200.42,197.35,197.35,-1.0,-1.0,-1.0,-1.0,-1.0,-1.0,-1.0,-1.0,-1.0,-1.0,-1.0,-1.0,-1.0,-1.0,-1.0,-1.0,-1.0,-1.0,-1.0
9.451,0.0239,1.0000,0.0000,6,219.07,-1.48,-1.81,-1.0258,-0.0012,13753.7,0.0,201.39,200.77,198.22,198.22,-1.0,-1.0,-1.0,-1.0,-1.0,-1.0,-1.0,-1.0,-1.0,-1.0,-1.0,-1.0,-1.0,-1.0,-1.0,-1.0,-1.0,-1.0,-1.0
9.470,0.0215,1.0000,0.0000,6,219.51,-1.41,-1.79,-1.0267,-0.0035,13715.0,0.0,201.69,201.14,197.73,197.73,-1.0,-1.0,-1.0,-1.0,-1.0,-1.0,-1.0,-1.0,-1.0,-1.0,-1.0,-1.0,-1.0,-1.0,-1.0,-1.0,-1.0,-1.0,-1.0
9.488,0.0193,1.0000,0.0000,6,219.90,-1.31,-1.80,-1.0271,-0.0055,13728.2,0.0,201.99,201.53,197.84,197.84,-1.0,-1.0,-1.0,-1.0,-1.0,-1.0,-1.0,-1.0,-1.0,-1.0,-1.0,-1.0,-1.0,-1.0,-1.0,-1.0,-1.0,-1.0,-1.0
9.507,0.0174,1.0000,0.0000,6,220.26,-1.21,-1.87,-1.0269,-0.0072,13753.1,0.0,202.31,201.88,198.20,198.20,-1.0,-1.0,-1.0,-1.0,-1.0,-1.0,-1.0,-1.0,-1.0,-1.0,-1.0,-1.0,-1.0,-1.0,-1.0,-1.0,-1.0,-1.0,-1.0
9.532,0.0157,1.0000,0.0000,6,220.64,-1.09,-1.79,-1.0264,-0.0087,13744.7,0.0,202.64,202.26,198.47,198.47,-1.0,-1.0,-1.0,-1.0,-1.0,-1.0,-1.0,-1.0,-1.0,-1.0,-1.0,-1.0,-1.0,-1.0,-1.0,-1.0,-1.0,-1.0,-1.0
9.551,0.0141,1.0000,0.0000,6,220.97,-0.98,-1.90,-1.0254,-0.0099,13789.5,0.0,202.96,202.63,199.39,199.39,-1.0,-1.0,-1.0,-1.0,-1.0,-1.0,-1.0,-1.0,-1.0,-1.0,-1.0,-1.0,-1.0,-1.0,-1.0,-1.0,-1.0,-1.0,-1.0
9.569,0.0127,1.0000,0.0000,6,221.35,-0.89,-2.00,-1.0242,-0.0111,13823.7,0.0,203.28,202.98,199.51,199.51,-1.0,-1.0,-1.0,-1.0,-1.0,-1.0,-1.0,-1.0,-1.0,-1.0,-1.0,-1.0,-1.0,-1.0,-1.0,-1.0,-1.0,-1.0,-1.0
9.589,0.0114,1.0000,0.0000,6,221.69,-0.84,-2.21,-1.0226,-0.0123,13878.2,0.0,203.59,203.32,200.09,200.09,-1.0,-1.0,-1.0,-1.0,-1.0,-1.0,-1.0,-1.0,-1.0,-1.0,-1.0,-1.0,-1.0,-1.0,-1.0,-1.0,-1.0,-1.0,-1.0
9.607,0.0103,1.0000,0.0000,6,222.13,-0.75,-2.18,-1.0207,-0.0133,13831.3,0.0,203.94,203.68,199.61,199.61,-1.0,-1.0,-1.0,-1.0,-1.0,-1.0,-1.0,-1.0,-1.0,-1.0,-1.0,-1.0,-1.0,-1.0,-1.0,-1.0,-1.0,-1.0,-1.0
9.632,0.0092,1.0000,0.0000,6,222.50,-0.68,-2.32,-1.0185,-0.0142,13852.1,0.0,204.23,204.04,200.04,200.04,-1.0,-1.0,-1.0,-1.0,-1.0,-1.0,-1.0,-1.0,-1.0,-1.0,-1.0,-1.0,-1.0,-1.0,-1.0,-1.0,-1.0,-1.0,-1.0
9.651,0.0083,1.0000,0.0000,6,222.82,-0.60,-2.37,-1.0161,-0.0149,13925.1,0.0,204.61,204.42,200.85,200.85,-1.0,-1.0,-1.0,-1.0,-1.0,-1.0,-1.0,-1.0,-1.0,-1.0,-1.0,-1.0,-1.0,-1.0,-1.0,-1.0,-1.0,-1.0,-1.0
9.670,0.0075,1.0000,0.0000,6,223.16,-0.55,-2.50,-1.0135,-0.0156,13979.4,0.0,204.92,204.76,201.47,201.47,-1.0,-1.0,-1.0,-1.0,-1.0,-1.0,-1.0,-1.0,-1.0,-1.0,-1.0,-1.0,-1.0,-1.0,-1.0,-1.0,-1.0,-1.0,-1.0
9.688,0.0067,1.0000,0.0000,6,223.58,-0.49,-2.51,-1.0107,-0.0162,13957.1,0.0,205.23,205.08,201.17,201.17,-1.0,-1.0,-1.0,-1.0,-1.0,-1.0,-1.0,-1.0,-1.0,-1.0,-1.0,-1.0,-1.0,-1.0,-1.0,-1.0,-1.0,-1.0,-1.0
9.707,0.0061,1.0000,0.0000,6,223.95,-0.43,-2.38,-1.0077,-0.0168,13938.6,0.0,205.62,205.44,201.48,201.48,-1.0,-1.0,-1.0,-1.0,-1.0,-1.0,-1.0,-1.0,-1.0,-1.0,-1.0,-1.0,-1.0,-1.0,-1.0,-1.0,-1.0,-1.0,-1.0
9.732,0.0055,1.0000,0.0000,6,224.31,-0.39,-2.32,-1.0045,-0.0174,13980.7,0.0,205.96,205.79,201.76,201.76,-1.0,-1.0,-1.0,-1.0,-1.0,-1.0,-1.0,-1.0,-1.0,-1.0,-1.0,-1.0,-1.0,-1.0,-1.0,-1.0,-1.0,-1.0,-1.0
9.751,0.0049,1.0000,0.0000,6,224.70,-0.36,-2.26,-1.0012,-0.0179,13977.0,0.0,206.30,206.13,201.72,201.72,-1.0,-1.0,-1.0,-1.0,-1.0,-1.0,-1.0,-1.0,-1.0,-1.0,-1.0,-1.0,-1.0,-1.0,-1.0,-1.0,-1.0,-1.0,-1.0
9.769,0.0044,1.0000,0.0000,6,225.06,-0.32,-2.24,-0.9977,-0.0183,13990.1,0.0,206.59,206.47,202.02,202.02,16.6487,34.9603,53.0796,85.5834,146.159,141.449,138.444,135.397,132.876,129.907,126.127,119.488,1.20477,0.539652,0.265247,0.131665,0.0718463,0.0442811,0.0196625
9.788,0.0040,1.0000,0.0000,6,225.40,-0.29,-2.00,-0.9941,-0.0187,14023.0,0.0,206.96,206.82,202.62,202.62,16.6125,34.8599,52.8946,85.1929,144.876,140.198,137.219,134.205,131.716,128.797,125.111,119.0,3.21782,1.41331,0.689127,0.340748,0.185614,0.114306,0.0507153
9.807,0.0036,1.0000,0.0000,6,225.73,-0.26,-2.03,-0.9904,-0.0191,14087.6,0.0,207.23,207.15,203.14,203.14,16.5764,34.7639,52.7217,84.8381,143.58,138.932,135.976,132.992,130.534,127.66,124.055,118.314,5.41027,2.3356,1.13106,0.557437,0.303204,0.186592,0.0827314
9.832,0.0032,1.0000,0.0000,6,226.13,-0.22,-1.94,-0.9866,-0.0194,14066.5,0.0,207.55,207.48,203.00,203.00,16.5402,34.6699,52.555,84.5021,142.275,137.655,134.723,131.768,129.339,126.506,122.976,117.525,7.77138,3.30154,1.58893,0.780785,0.424131,0.260851,0.115586
9.851,0.0029,1.0000,0.0000,6,226.45,-0.20,-2.01,-0.9828,-0.0196,14125.8,0.0,207.88,207.81,203.78,203.78,16.5044,34.5821,52.4048,84.2124,140.955,136.361,133.45,130.52,128.116,125.32,121.854,116.621,10.2441,4.3005,2.06036,1.01029,0.548279,0.337056,0.149289
9.869,0.0026,1.0000,0.0000,6,226.81,-0.17,-2.03,-0.9788,-0.0198,14152.9,0.0,208.19,208.13,204.01,204.01,16.4683,34.4943,52.2556,83.9274,139.63,135.061,132.171,129.267,126.888,124.127,120.722,115.683,12.8503,5.33264,2.54384,1.24483,0.67496,0.414759,0.183631
9.889,0.0024,1.0000,0.0000,6,227.18,-0.14,-2.08,-0.9748,-0.0199,14150.8,0.0,208.49,208.45,204.32,204.32,16.4326,34.4111,52.118,83.6745,138.293,133.748,130.877,127.996,125.64,122.912,119.56,114.68,15.5059,6.38085,3.03445,1.48277,0.803462,0.493578,0.218463
9.907,0.0021,1.0000,0.0000,6,227.52,-0.12,-2.22,-0.9707,-0.0200,14189.6,0.0,208.84,208.78,204.74,204.74,16.3971,34.3305,51.9876,83.4419,136.948,132.425,129.573,126.714,124.379,121.681,118.38,113.636,18.2003,7.44288,3.53142,1.72378,0.933622,0.573412,0.253745
9.932,0.0019,1.0000,0.0000,6,227.89,-0.10,-2.34,-0.9666,-0.0201,14216.3,0.0,209.13,209.11,204.88,204.88,16.361,34.248,51.8535,83.201,135.602,131.102,128.269,125.432,123.12,120.453,117.201,112.59,21.0086,8.53101,4.0374,1.96844,1.06558,0.6543,0.289471
9.951,0.0017,1.0000,0.0000,6,228.25,-0.09,-2.26,-0.9624,-0.0203,14209.7,0.0,209.49,209.44,205.20,205.20,16.3243,34.1634,51.7151,82.9502,134.256,129.779,126.965,124.152,121.862,119.226,116.026,111.544,23.954,9.64897,4.55332,2.21703,1.19945,0.736299,0.325662
9.970,0.0015,1.0000,0.0000,6,228.57,-0.09,-2.38,-0.9582,-0.0204,14272.2,0.0,209.80,209.78,205.83,205.83,16.2871,34.0772,51.5736,82.6925,132.908,128.456,125.662,122.872,120.605,118.001,114.851,110.495,27.0359,10.7946,5.07799,2.46896,1.3349,0.819213,0.362231
9.988,0.0014,1.0000,0.0000,6,228.98,-0.08,-2.38,-0.9539,-0.0205,14243.5,0.0,210.13,210.09,205.57,205.57,16.2495,33.9904,51.4314,82.4343,131.557,127.13,124.355,121.589,119.345,116.773,113.673,109.436,30.2356,11.965,5.61104,2.72424,1.47202,0.903095,0.399208
10.007,0.0012,1.0000,0.0000,6,229.28,-0.08,-2.38,-0.9496,-0.0206,14307.6,0.0,210.49,210.43,206.33,206.33,16.2121,33.9057,51.2945,82.1909,130.199,125.796,123.041,120.298,118.075,115.533,112.481,108.351,33.4515,13.1419,6.14752,2.98131,1.61011,0.987591,0.436462
10.032,0.0011,1.0000,0.0000,6,229.66,-0.06,-2.38,-0.9453,-0.0207,14303.3,0.0,210.77,210.76,206.40,206.40,16.1753,33.8253,51.1685,81.9767,128.831,124.45,121.712,118.991,116.789,114.274,111.265,107.228,36.5506,14.3057,6.68325,3.23922,1.74896,1.07263,0.473988
10.051,0.0010,1.0000,0.0000,6,229.99,-0.05,-2.44,-0.9410,-0.0207,14346.6,0.0,211.10,211.08,207.00,207.00,16.1385,33.7461,51.0454,81.7708,127.457,123.098,120.379,117.678,115.496,113.009,110.041,106.091,39.6336,15.4701,7.22054,3.49816,1.88842,1.15806,0.511699
10.070,0.0009,1.0000,0.0000,6,230.35,-0.04,-2.52,-0.9366,-0.0207,14367.5,0.0,211.38,211.40,207.15,207.15,16.1018,33.6683,50.9265,81.5764,126.077,121.74,119.038,116.358,114.196,111.735,108.806,104.938,42.6569,16.6305,7.75902,3.75835,2.02872,1.24405,0.549676
10.089,0.0008,1.0000,0.0000,6,230.68,-0.02,-2.53,-0.9322,-0.0207,14383.0,0.0,211.73,211.72,207.71,207.71,16.0659,33.596,50.8206,81.4167,124.685,120.368,117.683,115.022,112.877,110.44,107.546,103.748,45.3846,17.7487,8.28945,4.0172,2.16889,1.33014,0.587767
10.107,0.0007,1.0000,0.0000,6,231.06,-0.00,-2.63,-0.9278,-0.0207,14384.8,0.0,212.03,212.04,207.59,207.59,16.0297,33.5223,50.7117,81.2495,123.292,118.996,116.327,113.686,111.56,109.147,106.29,102.562,48.1594,18.876,8.82274,4.27713,2.30958,1.41652,0.625979
10.132,0.0007,1.0000,0.0000,6,231.38,0.00,-2.75,-0.9233,-0.0206,14442.9,0.0,212.38,212.36,208.30,208.30,15.9936,33.4493,50.6049,81.0883,121.895,117.62,114.968,112.346,110.238,107.849,105.028,101.367,50.8579,19.9947,9.35544,4.53753,2.4507,1.50322,0.664355
10.151,0.0006,1.0000,0.0000,6,231.75,0.01,-2.79,-0.9189,-0.0207,14441.8,0.0,212.68,212.68,208.38,208.38,15.9563,33.3694,50.4815,80.8836,120.506,116.254,113.621,111.021,108.934,106.572,103.791,100.208,53.987,21.1792,9.9023,4.80115,2.5927,1.59021,0.702755
10.170,0.0005,1.0000,0.0000,6,232.07,-0.00,-2.90,-0.9145,-0.0207,14480.5,0.0,213.01,212.99,208.92,208.92,15.9186,33.2876,50.3538,80.6681,119.116,114.89,112.275,109.698,107.632,105.298,102.558,99.0535,57.264,22.3887,10.4556,5.06676,2.73551,1.67762,0.741307
10.188,0.0005,1.0000,0.0000,6,232.44,-0.00,-2.90,-0.9100,-0.0208,14482.7,0.0,213.32,213.32,208.96,208.96,15.8808,33.206,50.2268,80.4548,117.724,113.521,110.927,108.372,106.326,104.021,101.321,97.8927,60.5562,23.6018,11.0103,5.33299,2.87864,1.76522,0.779943
10.207,0.0004,1.0000,0.0000,6,232.77,-0.00,-3.01,-0.9055,-0.0207,14520.8,0.0,213.64,213.64,209.50,209.50,15.8442,33.1315,50.1169,80.2861,116.316,112.137,109.56,107.026,104.999,102.718,100.055,96.6909,63.3133,24.7354,11.5486,5.59579,3.02097,1.85264,0.818629
10.232,0.0004,1.0000,0.0000,6,233.14,0.02,-3.13,-0.9011,-0.0206,14525.1,0.0,213.93,213.96,209.59,209.59,15.809,33.0651,50.026,80.1674,114.893,110.734,108.173,105.658,103.648,101.39,98.7574,95.4468,65.3968,25.765,12.0641,5.85324,3.16177,1.9395,0.85723
10.251,0.0004,1.0000,0.0000,6,233.47,0.03,-3.20,-0.8966,-0.0205,14557.3,0.0,214.26,214.28,209.90,209.90,15.7737,32.9984,49.9348,80.0478,113.467,109.329,106.785,104.288,102.296,100.06,97.4591,94.2023,67.4326,26.7851,12.5775,6.11019,3.30243,2.02632,0.895829
10.270,0.0003,1.0000,0.0000,6,233.80,0.05,-3.38,-0.8922,-0.0204,14588.8,0.0,214.57,214.59,210.49,210.49,15.7381,32.9299,49.8388,79.9155,112.041,107.926,105.399,102.922,100.948,98.7352,96.1673,92.9666,69.5808,27.8192,13.093,6.36731,3.44298,2.113,0.934346
10.289,0.0003,1.0000,0.0000,6,234.16,0.05,-3.46,-0.8877,-0.0203,14601.9,0.0,214.89,214.91,210.68,210.68,15.7023,32.8596,49.7386,79.772,110.615,106.523,104.014,101.558,99.6029,97.4144,94.8807,91.7379,71.8339,28.8681,13.6115,6.62496,3.5836,2.19968,0.972836
10.307,0.0003,1.0000,0.0000,6,234.51,0.05,-3.54,-0.8833,-0.0202,14616.2,0.0,215.22,215.24,210.95,210.95,15.6668,32.7905,49.641,79.6351,109.185,105.116,102.625,100.19,98.2533,96.089,93.589,90.5027,73.9541,29.8921,14.1233,6.88058,3.72342,2.28594,1.01118
10.332,0.0002,1.0000,0.0000,6,234.86,0.06,-3.67,-0.8788,-0.0201,14638.3,0.0,215.53,215.54,211.17,211.17,15.6316,32.723,49.5473,79.5081,107.749,103.704,101.231,98.8157,96.8978,94.7574,92.2905,89.2587,75.8896,30.8833,14.6272,7.13411,3.86253,2.37189,1.04943
10.351,0.0002,1.0000,0.0000,6,235.20,0.06,-3.76,-0.8744,-0.0200,14652.9,0.0,215.84,215.86,211.43,211.43,15.5963,32.6549,49.4518,79.3762,106.312,102.291,99.8359,97.4416,95.5428,93.4268,90.9935,88.0168,77.8482,31.8746,15.1303,7.38705,4.00128,2.45761,1.08758
10.370,0.0002,1.0000,0.0000,6,235.53,0.06,-3.91,-0.8700,-0.0199,14694.7,0.0,216.17,216.18,212.00,212.00,15.5607,32.5846,49.3509,79.2499,104.875,100.879,98.4436,96.0712,94.1921,92.1014,89.7032,86.7836,78.9471,32.8918,15.6381,7.64063,4.13999,2.54319,1.12562
10.388,0.0002,1.0000,0.0000,6,235.87,0.05,-4.10,-0.8656,-0.0199,14715.1,0.0,216.48,216.48,212.33,212.33,15.5243,32.5092,49.2376,79.6133,103.444,99.4751,97.06,94.7108,92.8529,90.7894,88.4287,85.5704,78.5068,33.986,16.1632,7.8983,4.27987,2.6292,1.16372
10.407,0.0002,1.0000,0.0000,6,236.23,0.04,-4.21,-0.8612,-0.0199,14725.4,0.0,216.81,216.81,212.48,212.48,15.4877,32.432,49.1202,108.442,102.013,98.0717,95.6776,93.3523,91.5161,89.4804,87.1582,84.3616,77.8238,35.1073,16.6936,8.15684,4.41981,2.71512,1.20173
10.432,0.0001,1.0000,0.0000,6,236.58,0.03,-4.28,-0.8568,-0.0199,14738.7,0.0,217.14,217.14,212.67,212.67,15.451,32.3545,49.0021,106.979,100.578,96.6658,94.2932,91.9921,90.1777,88.17,85.8861,83.1506,77.0225,36.2345,17.2257,8.41595,4.55999,2.80118,1.23979
10.451,0.0001,0.5500,0.0000,6,236.94,0.02,-4.43,-0.8524,-0.0199,14754.8,0.0,217.44,217.44,212.90,212.90,15.4144,32.2774,48.8846,105.511,99.1405,95.2568,92.9057,90.6289,88.8366,86.8567,84.6111,81.9353,76.1468,37.357,17.756,8.6743,4.69979,2.88701,1.27776
10.470,0.0001,0.3025,0.0000,6,237.05,0.01,-4.56,-0.8481,-0.0199,14611.0,0.0,217.69,217.69,210.85,210.85,15.3778,32.2006,48.768,104.039,97.6994,93.8449,91.5156,89.2633,87.493,85.5411,83.3333,80.7161,75.2199,38.4744,18.2852,8.93238,4.83952,2.97281,1.31572
10.489,0.0001,0.1664,0.0000,6,236.87,0.01,-4.86,-0.8437,-0.0199,14532.6,0.0,217.68,217.68,209.72,209.72,15.3413,32.124,48.6516,102.566,96.2575,92.4327,90.1254,87.8977,86.1495,84.2256,82.0554,79.4958,74.2582,39.59,18.8138,9.19024,4.97915,3.05855,1.35366
10.507,0.0001,0.0915,0.0000,6,236.57,0.00,-5.08,-0.8393,-0.0199,14463.9,0.0,217.47,217.47,208.74,208.73,15.3048,32.0473,48.5351,101.093,94.8163,91.0215,88.7363,86.5335,84.8075,82.9116,80.7789,78.276,73.2714,40.7065,19.343,9.44839,5.11892,3.14439,1.39164
10.532,0.0001,0.0503,0.0000,6,236.18,0.00,-5.18,-0.8349,-0.0200,14414.4,0.0,217.14,217.14,208.09,207.95,15.2682,31.9698,48.4166,99.621,93.3776,89.6135,87.3509,85.1733,83.4698,81.6021,79.5071,77.0604,72.271,41.8412,19.8752,9.70679,5.25854,3.23005,1.4295
10.550,0.0001,0.0277,0.0000,6,235.74,-0.01,-5.25,-0.8306,-0.0200,14374.5,0.0,216.77,216.76,207.56,207.33,15.2311,31.8888,48.2895,98.1544,91.946,88.2138,85.9746,83.8231,82.1428,80.3042,78.2479,75.8586,71.2753,43.0515,20.4236,9.96863,5.39896,3.31589,1.46732
10.570,0.0001,0.0152,0.0000,6,235.28,-0.03,-5.33,-0.8262,-0.0201,14340.0,0.0,216.37,216.35,207.09,206.81,15.1934,31.8042,48.1538,96.6931,90.5217,86.8226,84.6076,82.4829,80.8266,79.0179,77.0012,74.6699,70.2838,44.3478,20.9909,10.2348,5.54056,3.40212,1.50516
10.589,0.0001,0.0084,0.0000,6,234.81,-0.05,-5.38,-0.8219,-0.0203,14306.2,0.0,215.94,215.91,206.62,206.31,15.1553,31.7172,48.0123,95.2357,89.1026,85.4376,83.2472,81.15,79.5179,77.7396,75.7628,73.4895,69.2893,45.7112,21.5727,10.5043,5.68306,3.48866,1.54303
10.607,0.0001,0.0046,0.0000,6,234.34,-0.07,-5.53,-0.8175,-0.0204,14273.2,0.0,215.50,215.47,206.16,205.81,15.1168,31.6281,47.8664,93.7815,87.6879,84.0576,81.8924,79.8229,78.2155,76.4677,74.5308,72.315,68.2892,47.136,22.1693,10.7779,5.8271,3.57595,1.58115
10.632,0.0000,0.0025,0.0000,6,233.86,-0.08,-5.59,-0.8131,-0.0206,14244.7,0.0,215.06,215.03,205.75,205.40,15.0781,31.538,47.7179,92.3294,86.2764,82.6813,80.5416,78.5001,76.9174,75.2001,73.303,71.1435,67.281,48.6072,22.7754,11.0535,5.97165,3.66338,1.61926
10.651,0.0000,0.0014,0.0000,6,233.38,-0.10,-5.61,-0.8088,-0.0207,14215.9,0.0,214.62,214.58,205.33,204.98,15.0393,31.4477,47.5689,90.8785,84.8668,81.3074,79.1933,77.1798,75.6218,73.9349,72.0772,69.9726,66.2621,50.1074,23.3876,11.3308,6.11675,3.75106,1.65744
10.670,0.0000,0.0008,0.0000,6,232.90,-0.11,-5.63,-0.8044,-0.0209,14186.9,0.0,214.19,214.15,204.91,204.57,15.0005,31.3575,47.4206,89.4282,83.4583,79.9347,77.8463,75.8609,74.3275,72.6707,70.8516,68.8006,65.2319,51.6237,24.0035,11.6091,6.26233,3.83901,1.69573
10.689,0.0000,0.0004,0.0000,6,232.43,-0.11,-5.63,-0.7999,-0.0211,14158.4,0.0,213.75,213.71,204.49,204.16,14.9614,31.2673,47.2726,87.978,82.0508,78.5633,76.5006,74.5433,73.0344,71.4075,69.6265,67.6276,64.1919,53.158,24.6258,11.8904,6.40945,3.92789,1.73443
10.707,0.0000,0.0002,0.0000,6,231.95,-0.11,-5.65,-0.7955,-0.0212,14127.9,0.0,213.31,213.28,204.06,203.72,14.9223,31.1773,47.1257,86.5281,80.6441,77.193,75.1561,73.2268,71.7424,70.1451,68.4016,66.4535,63.143,54.7039,25.2505,12.1724,6.55688,4.01695,1.7732
10.732,0.0000,0.0001,0.0000,6,231.48,-0.12,-5.68,-0.7910,-0.0214,14099.3,0.0,212.87,212.84,203.65,203.30,14.8831,31.0871,46.9784,85.0791,79.239,75.8246,73.8138,71.9127,70.4526,68.8849,67.1784,65.28,62.088,55.631,25.8816,12.4564,6.70513,4.10644,1.81213
10.751,0.0000,0.0001,0.5000,6,231.01,-0.12,-5.69,-0.7866,-0.0215,14071.0,0.0,212.44,212.40,203.23,202.90,14.8438,30.9967,46.8307,83.6308,77.8355,74.4583,72.4736,70.6007,69.1649,67.6265,65.9568,64.107,61.0278,55.3644,26.5188,12.7423,6.85422,4.19639,1.85124
10.770,0.0000,0.0000,0.7500,6,229.74,-0.12,-5.69,-0.7821,-0.0217,13822.7,0.0,202.75,202.72,199.72,199.37,14.8044,30.9065,46.6839,82.1847,76.4348,73.095,71.1365,69.2918,67.8803,66.3711,64.7375,62.9351,59.9629,54.8255,27.1591,13.0293,7.00381,4.28663,1.89048
10.788,0.0000,0.0000,0.8750,6,227.64,-0.12,-5.70,-0.7776,-0.0218,13586.8,0.0,193.19,193.15,196.37,195.98,14.7653,30.8178,46.5404,80.7461,75.042,71.7395,69.8072,67.9905,66.603,65.1224,63.5242,61.7678,58.8966,54.1582,27.7936,13.3145,7.15275,4.37654,1.9296
10.807,0.0000,0.0000,0.9375,6,225.09,-0.12,-5.69,-0.7731,-0.0219,13358.5,0.0,184.21,184.16,193.12,192.69,14.7265,30.7303,46.3999,79.3192,73.6611,70.3959,68.4895,66.7005,65.3368,63.8844,62.3207,60.6089,57.8331,53.4182,28.4228,13.5984,7.3012,4.46624,1.96866
10.833,0.0000,0.0000,0.9687,6,222.31,-0.12,-5.69,-0.7687,-0.0220,13116.9,0.0,176.07,175.99,189.67,189.18,14.6882,30.6444,46.2623,77.906,72.2942,69.0662,67.1857,65.4242,64.0838,62.6592,61.1293,59.4606,56.7755,52.6331,29.0442,13.8786,7.44775,4.55479,2.00722
10.852,0.0000,0.0000,0.9844,6,219.36,-0.12,-5.65,-0.7643,-0.0221,12906.3,0.0,168.68,168.58,186.64,186.11,14.6502,30.5594,46.1264,76.5086,70.9434,67.7527,65.8979,64.1637,62.8465,61.4491,59.9524,58.3257,55.7269,51.8205,29.6626,14.1574,7.59356,4.64289,2.04559
10.870,0.0000,0.0000,0.9922,6,216.32,-0.12,-5.55,-0.7600,-0.0222,12709.5,0.0,161.83,161.71,183.81,183.26,14.6126,30.4753,45.992,75.1279,69.6096,66.4561,64.6269,62.9198,61.6255,60.255,58.7909,57.2048,54.6884,50.9905,30.2775,14.4342,7.7382,4.73026,2.08363
10.889,0.0000,0.0000,0.9961,6,213.27,-0.12,-5.45,-0.7557,-0.0223,12518.6,0.0,154.84,154.73,181.05,180.50,14.5754,30.3923,45.8596,73.764,68.293,65.1766,63.3729,61.6926,60.4209,59.077,57.6446,56.0982,53.6605,50.1487,30.8873,14.7083,7.88137,4.81672,2.12126
10.907,0.0000,0.0000,0.9980,6,210.27,-0.12,-5.35,-0.7514,-0.0224,12331.8,0.0,147.07,146.95,178.35,177.81,14.5386,30.3104,45.8452,72.4167,66.9932,63.9139,62.1355,60.4818,59.2324,57.9146,56.5133,55.0055,52.6428,49.2991,31.4909,14.98,8.02339,4.90252,2.15862
10.932,0.0000,0.0000,0.9990,6,207.28,-0.12,-5.24,-0.7472,-0.0225,12146.2,0.0,139.06,138.93,175.67,175.13,14.5024,30.2306,46.1936,71.085,65.7091,62.6667,60.9134,59.286,58.0586,56.7664,55.3955,53.925,51.6341,48.4427,32.0816,15.2469,8.16312,4.987,2.19544
10.951,0.0000,0.0000,0.9995,6,204.35,-0.12,-5.19,-0.7430,-0.0226,11936.9,0.0,130.66,130.51,172.67,172.12,14.4667,30.1523,77.2262,69.7693,64.4411,61.4356,59.7073,58.1058,56.9002,55.6332,54.2921,52.8578,50.6356,47.584,32.6631,15.5104,8.30126,5.07058,2.23189
10.970,0.0000,0.0000,0.9997,6,201.44,-0.11,-5.13,-0.7388,-0.0226,11752.2,0.0,121.74,121.58,170.00,169.43,14.4314,30.0755,75.8928,68.4691,63.1889,60.22,58.5165,56.9408,55.7567,54.5143,53.2024,51.8034,49.6471,46.7242,33.2334,15.7702,8.43782,5.1533,2.268
10.989,0.0000,0.0000,0.9999,6,198.56,-0.11,-5.06,-0.7347,-0.0227,11575.6,0.0,112.27,112.08,167.45,166.88,14.3966,30.0001,74.5743,67.1847,61.9528,59.0205,57.3417,55.7915,54.6286,53.4106,52.1272,50.7626,48.6697,45.8663,33.7951,16.0268,8.57288,5.23516,2.30376
11.007,0.0000,0.0000,0.9999,6,195.73,-0.10,-5.00,-0.7307,-0.0228,11399.9,0.0,102.31,102.11,164.91,164.34,14.3625,29.9262,73.2704,65.9158,60.7323,57.8366,56.1823,54.6574,53.5154,52.3215,51.0661,49.7348,47.703,45.0109,34.346,16.2788,8.70557,5.3156,2.33891
11.032,0.0000,0.0000,1.0000,6,192.96,-0.10,-4.96,-0.7267,-0.0228,11224.0,0.0,91.43,91.23,162.37,161.81,14.3287,29.8533,71.9812,64.6626,59.5278,56.6686,55.0387,53.539,52.4177,51.2475,50.0196,48.7211,46.7481,44.1603,34.8908,16.5278,8.83668,5.39508,2.37364
11.051,0.0000,0.0000,1.0000,6,190.23,-0.09,-4.92,-0.7228,-0.0228,11048.0,0.0,80.14,79.94,159.84,159.27,14.2952,29.7811,70.7067,63.4251,58.3394,55.5167,53.9111,52.4364,51.3356,50.1888,48.9879,47.7213,45.8053,43.3158,35.4312,16.7751,8.9669,5.47403,2.40814
11.070,0.0000,0.0000,1.0000,6,187.53,-0.09,-4.90,-0.7188,-0.0229,10862.5,0.0,68.71,68.50,157.18,156.62,14.2621,29.7098,69.4467,62.2029,57.1667,54.3805,52.7992,51.3492,50.2688,49.145,47.9707,46.7352,44.8743,42.4775,35.674,17.0196,9.09564,5.55208,2.44224
11.088,0.0000,0.0000,1.0000,6,184.85,-0.09,-4.90,-0.7150,-0.0229,10667.1,0.0,57.27,57.04,154.36,153.75,14.2295,29.6395,68.2009,60.996,56.0093,53.2597,51.7025,50.2772,49.2168,48.1158,46.9676,45.7626,43.955,41.6458,35.5049,17.2612,9.2228,5.62915,2.47591
11.107,0.0000,0.0000,1.0000,6,182.16,-0.08,-4.87,-0.7112,-0.0230,10492.3,0.0,45.90,45.67,151.85,151.21,14.1972,29.5701,66.9692,59.8041,54.8674,52.1543,50.6211,49.2202,48.1798,47.1012,45.9786,44.8034,43.0474,40.8213,35.1744,17.5001,9.34864,5.70545,2.50925
11.132,0.0000,0.0000,1.0000,6,179.46,-0.08,-4.82,-0.7074,-0.0230,10323.8,0.0,34.70,34.45,149.42,148.77,14.1654,29.5018,65.7519,58.6274,53.741,51.0643,49.555,48.1783,47.1576,46.1011,45.0037,43.8576,42.1515,40.0042,34.7555,17.7352,9.47236,5.78044,2.54201
11.151,0.0000,0.0000,1.0000,6,176.75,-0.08,-4.76,-0.7037,-0.0231,10156.0,0.0,23.66,23.41,147.00,146.34,14.1339,29.434,64.5497,57.4667,52.6308,49.9905,48.5051,47.1524,46.1512,45.1166,44.0439,42.9263,41.2687,39.1964,34.2832,17.9689,9.59518,5.85484,2.5745
11.170,0.0000,0.0000,1.0000,6,174.08,-0.08,-4.69,-0.7000,-0.0231,9986.82,0.0,12.31,12.06,144.56,143.90,14.1028,29.3668,63.3623,56.3218,51.5367,48.9327,47.471,46.1423,45.1603,44.1473,43.099,42.0092,40.3985,38.3978,33.7748,18.2003,9.71657,5.92831,2.60655
11.188,0.0000,0.0000,1.0000,6,171.42,-0.08,-4.63,-0.6964,-0.0232,9815.88,0.0,0.91,0.67,142.10,141.43,14.0721,29.3004,62.1895,55.1922,50.4582,47.8906,46.4524,45.1473,44.1845,43.1927,42.1683,41.1057,39.5406,37.6081,33.2407,18.429,9.83647,6.00085,2.63818
11.207,0.0000,0.0000,1.0000,6,168.78,-0.08,-4.56,-0.6928,-0.0232,9643.09,0.0,0.00,0.00,139.61,138.94,14.0419,29.2351,61.031,54.0778,49.3949,46.8636,45.4489,44.1673,43.2233,42.2525,41.2515,40.2155,38.6945,36.8272,32.6881,18.6545,9.95465,6.07234,2.66936
11.232,0.0000,0.0000,1.0000,6,166.18,-0.08,-4.52,-0.6893,-0.0232,9443.96,0.0,0.00,0.00,136.76,136.07,14.012,29.1912,59.8867,52.9784,48.347,45.8519,44.4605,43.2022,42.2768,41.3266,40.3486,39.3387,37.8605,36.0556,32.1227,18.877,10.0712,6.14284,2.70009
11.251,0.0000,0.0000,1.0000,6,163.59,-0.07,-4.47,-0.6858,-0.0233,9263.25,0.0,0.00,0.00,134.16,133.43,13.9826,29.242,58.7563,51.8936,47.3138,44.8548,43.4866,42.2514,41.3444,40.4145,39.4592,38.4746,37.038,35.2928,31.5479,19.0963,10.1863,6.21253,2.7305
11.270,0.0000,0.0000,1.0000,6,161.02,-0.07,-4.41,-0.6824,-0.0233,9093.54,0.0,0.00,0.00,131.72,130.96,13.9537,29.4256,57.6395,50.8232,46.2951,43.8721,42.527,41.3146,40.4258,39.5159,38.5828,37.623,36.2267,34.5387,30.9661,19.311,10.2992,6.28091,2.76036
11.289,0.0000,0.0000,1.0000,6,158.46,-0.07,-4.34,-0.6790,-0.0234,8927.85,0.0,0.00,0.00,129.33,128.57,13.9253,29.8066,56.5368,49.7675,45.2913,42.9043,41.582,40.3922,39.5214,38.6313,37.7198,36.7843,35.4272,33.7941,30.3807,19.5224,10.4104,6.34831,2.7898
11.307,0.0000,0.0000,1.0000,6,155.93,-0.07,-4.27,-0.6757,-0.0234,8762.61,0.0,0.00,0.00,126.95,126.18,13.8973,30.5435,55.4481,48.7267,44.3026,41.9514,40.6518,39.4844,38.6314,37.7607,36.8706,35.9588,34.6398,33.0594,29.7938,19.731,10.5202,6.41483,2.81886
11.332,0.0000,0.0000,1.0000,6,153.44,-0.07,-4.21,-0.6724,-0.0234,8596.18,0.0,0.00,0.00,124.55,123.78,13.8696,32.5712,54.3732,47.7004,43.3285,41.0131,39.7361,38.591,37.7554,36.9039,36.0348,35.1462,33.8642,32.3346,29.2067,19.9366,10.6283,6.48038,2.84749
11.351,0.0000,0.0000,1.0000,6,150.98,-0.06,-4.16,-0.6691,-0.0234,8428.24,0.0,0.00,0.00,122.13,121.35,13.8424,61.5718,53.312,46.6884,42.369,40.0892,38.8347,37.7115,36.8933,36.0606,35.2122,34.3463,33.1002,31.6195,28.6206,20.1391,10.7349,6.54497,2.87571
11.370,0.0000,0.0000,1.0000,6,148.55,-0.06,-4.10,-0.6659,-0.0235,8258.62,0.0,0.00,0.00,119.69,118.90,13.8157,60.5072,52.2642,45.6905,41.4237,39.1795,37.9472,36.8459,36.0448,35.2307,34.4025,33.5587,32.3476,30.914,28.0362,20.3382,10.8398,6.60859,2.90352
11.389,0.0000,0.0000,1.0000,6,146.15,-0.06,-4.07,-0.6628,-0.0235,8068.88,0.0,0.00,0.00,116.97,116.18,13.7892,59.4546,51.2298,44.7067,40.4927,38.2839,37.0738,35.9941,35.2099,34.4141,33.6058,32.7838,31.6067,30.2185,27.4547,20.4929,10.9433,6.67134,2.93095
11.407,0.0000,0.0000,1.0000,6,143.78,-0.06,-4.03,-0.6597,-0.0235,7881.88,0.0,0.00,0.00,114.27,113.46,13.7633,58.4137,50.2084,43.7365,39.5754,37.402,36.2139,35.1555,34.3881,33.6103,32.8215,32.0207,30.8767,29.5323,26.8761,20.4844,11.0449,6.73301,2.95792
11.432,0.0000,0.0000,1.0000,6,141.40,-0.06,-3.98,-0.6566,-0.0235,7705.43,0.0,0.00,0.00,111.73,110.90,13.7379,57.3843,49.1997,42.7798,38.6716,36.5334,35.3672,34.33,33.579,32.819,32.0493,31.2693,30.1575,28.8554,26.3011,20.3701,11.1445,6.79356,2.98445
11.451,0.0000,0.0000,1.0000,6,139.04,-0.05,-3.92,-0.6536,-0.0235,7533.73,0.0,0.00,0.00,109.26,108.41,13.7129,56.3666,48.204,41.8366,37.7815,35.6785,34.5339,33.5177,32.783,32.0404,31.2896,30.5298,29.4494,28.1881,25.7304,20.1878,11.2423,6.85303,3.01053
11.470,0.0000,0.0000,1.0000,5,136.69,-0.05,-3.85,-0.6507,-0.0235,7363.01,0.0,0.00,0.00,106.81,105.94,13.6884,55.3609,47.2216,40.9074,36.9055,34.8375,33.7144,32.7189,32.0002,31.2749,30.5425,29.8026,28.7528,27.5309,25.1649,19.9586,11.3385,6.91165,3.03625
11.489,0.0000,0.0000,1.0000,5,134.35,-0.05,-3.79,-0.6478,-0.0235,7999.88,0.0,0.00,0.00,104.45,103.68,13.6642,54.3672,46.2524,39.9919,36.0433,34.0101,32.9084,31.9335,31.2306,30.5222,29.808,29.0875,28.0674,26.8837,24.605,19.6953,11.4331,6.96923,3.06153
11.507,0.0000,0.0000,1.0000,5,132.06,-0.04,-3.73,-0.6449,-0.0235,7986.23,0.0,0.00,0.00,102.05,101.36,13.6405,53.3853,45.2962,39.0899,35.1948,33.1963,32.1157,31.1612,30.474,29.7822,29.0857,28.3843,27.3931,26.2463,24.0508,19.4064,11.5258,7.02578,3.08637
11.532,0.0000,0.0000,1.0000,5,129.79,-0.04,-3.67,-0.6421,-0.0235,7476.95,0.0,0.00,0.00,99.39,98.70,13.6172,52.4149,44.3526,38.2012,34.3596,32.3958,31.3362,30.4017,29.7299,29.0546,28.3756,27.6927,26.7298,25.6187,23.5026,19.098,11.6169,7.08134,3.1108
11.551,0.0000,0.0000,1.0000,5,127.54,-0.04,-3.61,-0.6394,-0.0235,7258.9,0.0,0.00,0.00,96.55,95.77,13.5944,51.456,43.4216,37.3258,33.5377,31.6083,30.5695,29.6549,28.9984,28.3392,27.6773,27.0127,26.0772,25.0007,22.9605,18.7745,11.706,7.1358,3.13478
11.570,0.0000,0.0000,1.0000,5,125.31,-0.03,-3.55,-0.6366,-0.0235,7037.25,0.0,0.00,0.00,93.67,92.82,13.572,50.5088,42.5035,36.4638,32.7294,30.8342,29.8161,28.9212,28.2797,27.6364,26.9913,26.3445,25.4358,24.3928,22.4252,18.4404,11.7939,7.18954,3.15845
11.589,0.0000,0.0000,1.0000,5,123.12,-0.03,-3.52,-0.6340,-0.0235,6790.11,0.0,0.00,0.00,90.42,89.53,13.5499,49.5732,41.5981,35.6151,31.9344,30.0733,29.0758,28.2003,27.5736,26.9459,26.3173,25.688,24.8054,23.7949,21.8969,18.0978,11.8802,7.24226,3.18166
11.608,0.0000,0.0000,1.0000,5,120.94,-0.03,-3.47,-0.6313,-0.0235,6553.65,0.0,0.00,0.00,87.32,86.37,13.5283,48.6488,40.7049,34.7792,31.1523,29.3252,28.348,27.4917,26.8796,26.2673,25.6549,25.0426,24.1855,23.2064,21.3752,17.7486,11.9643,7.29387,3.2044
11.633,0.0000,0.0000,1.0000,5,118.77,-0.03,-3.42,-0.6288,-0.0235,6322.65,0.0,0.00,0.00,84.28,83.29,13.507,47.7359,39.8244,33.9565,30.3834,28.59,27.633,26.7957,26.198,25.6008,25.0043,24.4087,23.5764,22.6278,20.8607,17.395,12.0057,7.34462,3.22677
11.651,0.0000,0.0000,1.0000,5,116.61,-0.03,-3.36,-0.6262,-0.0235,6092.98,0.0,0.00,0.00,81.25,80.24,13.4862,46.8346,38.9564,33.1469,29.6276,27.8678,26.9308,26.1123,25.5288,24.9465,24.3655,23.7862,22.978,22.0591,20.3535,17.0384,11.9898,7.39446,3.24876
11.670,0.0000,0.0000,0.5000,5,114.47,-0.02,-3.29,-0.6237,-0.0235,5861.49,0.0,0.00,0.00,78.20,77.17,13.4657,45.9447,38.1009,32.3502,28.8848,27.1584,26.2411,25.4412,24.8717,24.304,23.7383,23.175,22.3903,21.5001,19.8537,16.6799,11.9308,7.44335,3.27032
11.689,0.0000,0.0000,0.2500,5,112.36,-0.02,-3.23,-0.6213,-0.0234,6161.46,0.0,1.40,1.39,81.84,80.81,13.4465,45.0663,37.2579,31.5666,28.155,26.4618,25.5641,24.7825,24.2268,23.6734,23.1228,22.5751,21.8134,20.9509,19.3615,16.3207,11.8385,7.49133,3.29148
11.707,0.0000,0.0000,0.1250,5,110.30,-0.02,-3.17,-0.6189,-0.0234,6671.3,0.0,11.10,11.11,88.44,87.44,13.4423,44.1995,36.4274,30.7961,27.4382,25.778,24.8997,24.1362,23.594,23.0549,22.5189,21.9864,21.2471,20.4116,18.877,15.9618,11.7203,7.53852,3.31226
11.732,0.0000,0.0000,0.0625,5,108.49,-0.02,-3.12,-0.6166,-0.0235,7096.44,0.0,24.71,24.72,94.00,93.48,13.4576,43.3457,35.611,30.0401,26.736,25.1086,24.2495,23.5039,22.975,22.4497,21.9282,21.4106,20.6931,19.8839,18.4019,15.6054,11.5826,7.58594,3.33283
11.751,0.0607,0.0000,0.0312,5,107.20,-0.02,-3.06,-0.6142,-0.0236,7130.46,0.0,39.75,39.76,94.41,94.30,13.4923,42.5042,34.8081,29.2983,26.0481,24.4533,23.6133,22.8853,22.3697,21.858,21.3506,20.8476,20.1514,19.3676,17.9366,15.2525,11.4302,7.63487,3.35347
11.770,0.1251,0.0000,0.0156,5,106.12,-0.02,-3.02,-0.6119,-0.0238,7074.42,0.0,54.76,54.78,93.67,93.57,13.5476,41.67,34.0137,28.5659,25.37,23.8077,22.9867,22.2762,21.7736,21.2754,20.7819,20.2933,19.6179,18.859,17.4773,14.9007,11.2641,7.66838,3.3742
11.789,0.1733,0.0000,0.0078,5,105.13,0.02,-2.99,-0.6096,-0.0243,7013.69,0.0,69.14,69.14,92.90,92.73,13.6194,40.8602,33.2452,27.8598,24.718,23.188,22.3857,21.6924,21.2026,20.7176,20.2376,19.763,19.1078,18.3729,17.0385,14.5631,11.0967,7.68013,3.3964
11.807,0.2096,0.0000,0.0039,5,104.23,0.09,-2.97,-0.6071,-0.0258,6955.47,0.0,82.40,82.33,92.25,91.84,13.6959,40.1135,32.5411,27.2176,24.1283,22.6294,21.845,21.1681,20.6904,20.2179,19.7508,19.2893,18.653,17.9405,16.6498,14.2665,10.9505,7.68814,3.42314
11.832,0.2367,0.0000,0.0020,5,103.56,0.24,-2.98,-0.6043,-0.0296,6905.54,0.0,92.23,91.67,91.86,90.88,13.7489,39.5142,31.985,26.7194,23.6778,22.2065,21.4379,20.7754,20.3084,19.8467,19.3907,18.9405,18.3205,17.6271,16.3734,14.066,10.8697,7.72412,3.46129
11.850,0.2571,0.0000,0.0010,5,103.29,0.31,-2.99,-0.6009,-0.0373,6879.71,0.0,95.27,93.63,91.97,90.06,13.7431,39.1527,31.6652,26.4489,23.4458,21.9963,21.24,20.5886,20.1296,19.6761,19.2284,18.7866,18.1786,17.4992,16.2721,14.0174,10.899,7.82081,3.51993
11.870,0.2724,0.4500,0.0005,5,103.15,0.16,-3.01,-0.5967,-0.0482,6868.79,0.0,95.86,93.44,92.19,89.54,13.6846,38.9861,31.5374,26.3617,23.3887,21.9554,21.2082,20.5649,20.1117,19.6641,19.2223,18.7865,18.1868,17.5169,16.3079,14.087,11.0138,7.96589,3.59985
11.889,0.2838,0.6975,0.0002,5,103.25,-0.11,-3.03,-0.5915,-0.0608,7002.78,0.0,96.10,93.24,92.63,92.63,13.5996,38.9214,31.5083,26.3675,23.4191,21.9987,21.2586,20.6217,20.1731,19.73,19.2927,18.8614,18.2679,17.6051,16.4091,14.2119,11.1668,8.13087,3.69755
11.907,0.2924,0.8336,0.0001,5,103.45,-0.41,-3.05,-0.5854,-0.0739,7088.23,0.0,96.27,93.24,93.74,93.74,13.5107,38.8822,31.5027,26.3939,23.4678,22.059,21.3251,20.6937,20.2492,19.8102,19.377,18.9496,18.3616,17.7049,16.52,14.3432,11.3211,8.29303,3.80873
11.933,0.2989,0.9085,0.0001,5,103.75,-0.70,-3.06,-0.5783,-0.0873,7161.75,0.0,96.47,93.36,94.71,94.71,13.4222,38.8537,31.5057,26.427,23.5214,22.1234,21.3953,20.7689,20.328,19.8928,19.4632,19.0395,18.4565,17.8055,16.6306,14.472,11.4701,8.44879,3.91965
11.951,0.3037,0.9497,0.0000,5,104.09,-0.99,-3.08,-0.5701,-0.1009,7222.31,0.0,96.74,93.57,95.51,95.51,13.3356,38.8302,31.512,26.4616,23.5751,22.1874,21.4646,20.843,20.4054,19.9735,19.5473,19.1271,18.5488,17.903,16.7375,14.5955,11.6123,8.59719,4.02623
11.970,0.3073,0.9723,0.0000,5,104.47,-1.25,-3.04,-0.5608,-0.1150,7275.8,0.0,97.09,93.81,96.21,96.21,13.245,38.8294,31.539,26.5145,23.6452,22.2666,21.5487,20.9312,20.4966,20.0676,19.6443,19.2269,18.6527,18.0115,16.854,14.7258,11.7575,8.74509,4.1303
11.988,0.3100,0.9848,0.0000,5,104.85,-1.55,-3.01,-0.5503,-0.1296,7324.77,0.0,97.47,94.06,96.86,96.86,13.1494,38.8545,31.59,26.5888,23.7349,22.364,21.6503,21.0365,20.6045,20.1779,19.7571,19.3421,18.7713,18.1339,16.9831,14.8658,11.9083,8.89447,4.23262
12.007,0.3121,0.9916,0.0000,5,105.25,-1.87,-2.99,-0.5388,-0.1380,7371.81,0.0,97.83,94.33,97.48,97.48,13.053,38.8916,31.6515,26.6715,23.8317,22.4677,21.7578,21.1473,20.7176,20.2933,19.8746,19.4618,18.8939,18.2597,17.1148,15.007,12.058,9.04099,4.33216
12.033,0.3153,0.9954,0.0000,5,105.65,-2.20,-2.98,-0.5274,-0.1369,7417.06,0.0,98.17,94.63,98.08,98.08,12.9592,38.9302,31.7129,26.753,23.9263,22.5687,21.8622,21.2548,20.8272,20.405,19.9885,19.5777,19.0125,18.3813,17.2417,15.1428,12.2014,9.18142,4.42811
12.052,0.3304,0.9975,0.0000,5,106.06,-2.52,-2.97,-0.5163,-0.1356,7454.86,0.0,98.49,94.93,98.60,98.60,12.8707,38.9615,31.7658,26.825,24.0108,22.6596,21.9564,21.3517,20.9263,20.5062,20.0917,19.6829,19.1205,18.4922,17.3577,15.2678,12.3344,9.31316,4.51982
12.070,0.3603,0.9986,0.0000,5,106.49,-2.74,-2.91,-0.5056,-0.1339,7468.5,0.0,98.75,95.23,98.78,98.78,12.7935,38.9641,31.7894,26.8682,24.067,22.7225,22.0229,21.4214,20.998,20.5802,20.1679,19.7614,19.202,18.5771,17.4485,15.3691,12.4471,9.42945,4.60586
12.089,0.3377,0.9992,0.0000,5,106.91,-2.89,-2.87,-0.4952,-0.1314,7496.88,0.0,98.94,95.51,99.14,99.14,12.7314,38.9241,31.7704,26.87,24.083,22.7462,22.0507,21.4527,21.0319,20.6165,20.2068,19.8028,19.247,18.6262,17.5049,15.4385,12.5333,9.52599,4.68527
12.107,0.3039,0.9996,0.0000,5,107.31,-3.01,-2.84,-0.4851,-0.1284,7537.97,0.0,99.26,95.92,99.68,99.68,12.6806,38.8547,31.7218,26.8429,24.0708,22.7421,22.051,21.4568,21.0388,20.6262,20.2192,19.8178,19.2659,18.6495,17.5363,15.4848,12.5996,9.60707,4.75884
12.133,0.2735,0.9998,0.0000,5,107.70,-3.16,-2.84,-0.4754,-0.1253,7586.88,0.0,99.69,96.40,100.32,100.32,12.6349,38.7777,31.6649,26.8067,24.0495,22.7286,22.0419,21.4516,21.0363,20.6264,20.2221,19.8235,19.2753,18.6632,17.5581,15.5216,12.6567,9.67994,4.82819
12.152,0.2462,0.9999,0.0000,5,108.11,-3.35,-2.85,-0.4661,-0.1222,7634.68,0.0,100.15,96.88,100.96,100.96,12.5937,38.6971,31.6034,26.7652,24.0224,22.709,22.0264,21.4399,21.0272,20.62,20.2184,19.8224,19.2779,18.6699,17.5727,15.551,12.706,9.74541,4.89316
12.170,0.2216,0.9999,0.0000,5,108.53,-3.56,-2.88,-0.4573,-0.1191,7678.47,0.0,100.61,97.36,101.54,101.54,12.5587,38.6079,31.5323,26.7135,23.9848,22.6788,22.0002,21.4174,21.0074,20.6029,20.2039,19.8106,19.2697,18.666,17.5765,15.5697,12.7451,9.80193,4.95319
12.189,0.1994,0.9999,0.0000,5,108.96,-3.77,-2.91,-0.4490,-0.1156,7717.44,0.0,101.04,97.84,102.06,102.06,12.5335,38.4994,31.4413,26.642,23.9275,22.6293,21.9549,21.3757,20.9684,20.5667,20.1705,19.78,19.243,18.6437,17.5622,15.5712,12.7687,9.84584,5.00726
12.208,0.1795,1.0000,0.0000,5,109.42,-3.93,-2.92,-0.4411,-0.1116,7740.57,0.0,101.44,98.34,102.37,102.37,12.5235,38.3557,31.3151,26.5363,23.8371,22.5472,21.8774,21.3023,20.898,20.4992,20.106,19.7186,19.1859,18.5915,17.5192,15.5459,12.7693,9.8717,5.0538
12.233,0.1615,1.0000,0.0000,5,109.88,-4.02,-2.92,-0.4338,-0.1067,7765.02,0.0,101.81,98.88,102.69,102.69,12.5345,38.1593,31.1372,26.381,23.699,22.4188,21.7542,21.1838,20.7829,20.3875,19.9978,19.6139,19.0863,18.4976,17.436,15.4838,12.739,9.87399,5.09128
12.252,0.1454,1.0000,0.0000,5,110.35,-4.04,-2.93,-0.4270,-0.1008,7791.45,0.0,102.18,99.44,103.04,103.04,12.5685,37.9072,30.9047,26.1738,23.5111,22.2419,21.5834,21.0184,20.6214,20.2299,19.8442,19.4644,18.9425,18.3605,17.3115,15.3839,12.677,9.85201,5.11926
12.270,0.1308,1.0000,0.0000,5,110.82,-3.99,-2.94,-0.4208,-0.0941,7818.55,0.0,102.56,100.01,103.40,103.40,12.6255,37.604,30.6225,25.9193,23.2783,22.0211,21.3694,20.8105,20.4179,20.0309,19.6497,19.2743,18.7589,18.1843,17.1495,15.2498,12.5861,9.80769,5.13802
12.289,0.1737,1.0000,0.0000,5,111.31,-3.90,-2.95,-0.4152,-0.0865,7844.7,0.0,102.94,100.58,103.75,103.75,12.7079,37.2489,30.2901,25.6175,23.0005,21.7567,21.1126,20.5604,20.1727,19.7906,19.4144,19.0442,18.5358,17.9695,16.9505,15.0821,12.4668,9.74132,5.14737
12.307,0.2427,1.0000,0.0000,5,111.80,-3.72,-2.96,-0.4102,-0.0786,7870.91,0.0,103.23,100.98,104.09,104.09,12.8106,36.8624,29.9274,25.2871,22.6956,21.466,20.8298,20.2847,19.9022,19.5254,19.1545,18.7896,18.2888,17.7313,16.7288,14.8935,12.3294,9.66022,5.14914
12.332,0.2941,0.5500,0.0000,5,112.28,-3.52,-2.98,-0.4059,-0.0708,7899.46,0.0,103.48,101.22,104.47,104.47,12.9226,36.4793,29.5676,24.9592,22.3928,21.1771,20.5488,20.0107,19.6333,19.2617,18.896,18.5363,18.043,17.4939,16.5077,14.7047,12.1902,9.57591,5.14666
12.352,0.3268,0.3025,0.0000,5,112.62,-3.29,-2.98,-0.4021,-0.0631,7716.51,0.0,103.74,101.41,102.11,102.11,13.0407,36.1079,29.2188,24.6411,22.0991,20.8968,20.2759,19.7446,19.3721,19.0055,18.6448,18.2902,17.804,17.2632,16.2924,14.5204,12.0532,9.49121,5.14096
12.370,0.3365,0.1664,0.0000,5,112.71,-2.97,-2.98,-0.3989,-0.0553,7608.11,0.0,103.86,101.54,100.65,100.65,13.1744,35.7223,28.8565,24.3107,21.7936,20.6052,19.992,19.4676,19.1002,18.7386,18.3831,18.0336,17.5548,17.0224,16.0674,14.3269,11.9078,9.39906,5.13045
12.389,0.3319,0.0915,0.0000,5,112.65,-2.66,-2.97,-0.3961,-0.0478,7553.52,0.0,103.93,101.58,100.93,98.92,13.3127,35.3525,28.509,23.9938,21.5007,20.3255,19.7196,19.2018,18.8392,18.4825,18.1319,17.7874,17.3155,16.7911,15.8512,14.1405,11.7671,9.30846,5.11767
12.407,0.3285,0.0503,0.0000,5,112.51,-2.47,-2.96,-0.3939,-0.0415,7520.3,0.0,104.05,101.50,100.76,98.21,13.4299,35.0569,28.2308,23.74,21.2662,20.1017,19.5018,18.9893,18.6304,18.2777,17.9311,17.5906,17.1243,16.6064,15.6786,13.9917,11.6549,9.23622,5.10756
12.433,0.3259,0.0277,0.0000,5,112.34,-2.43,-2.95,-0.3922,-0.0369,7495.09,0.0,104.17,101.31,100.64,97.66,13.5167,34.8503,28.0347,23.5606,21.1003,19.9434,19.3476,18.8389,18.4827,18.1327,17.7889,17.4513,16.989,16.4757,15.5566,13.8865,11.5758,9.1854,5.10102
12.452,0.3240,0.0152,0.0000,5,112.15,-2.53,-2.93,-0.3908,-0.0340,7474.79,0.0,104.24,101.04,100.57,97.20,13.5715,34.7288,27.917,23.4518,20.9992,19.8468,19.2536,18.7471,18.3926,18.0442,17.702,17.3661,16.9063,16.3959,15.482,13.8223,11.5277,9.15488,5.0981
12.470,0.3225,0.0084,0.0000,5,111.94,-2.74,-2.91,-0.3900,-0.0323,7456.62,0.0,104.25,100.75,100.49,96.80,13.5983,34.6793,27.8649,23.4018,20.9518,19.8014,19.2092,18.7036,18.3498,18.0021,17.6607,17.3254,16.8667,16.3575,15.4463,13.7915,11.5047,9.14055,5.09773
12.489,0.3215,0.0046,0.0000,5,111.72,-3.02,-2.88,-0.3894,-0.0315,7439.88,0.0,104.18,100.46,100.38,96.46,13.6052,34.681,27.8592,23.3932,20.9423,19.7916,19.1995,18.694,18.3402,17.9926,17.6511,17.3159,16.8573,16.3482,15.4373,13.7837,11.4986,9.13717,5.09882
12.508,0.3206,0.0025,0.0000,5,111.50,-3.34,-2.85,-0.3892,-0.0314,7423.98,0.0,104.06,100.18,100.25,96.18,13.5994,34.7174,27.8848,23.4122,20.9578,19.8054,19.2126,18.7065,18.3522,18.0042,17.6623,17.3267,16.8675,16.3577,15.4457,13.7905,11.5032,9.14024,5.10022
12.533,0.3200,0.0014,0.0000,5,111.27,-3.69,-2.82,-0.3893,-0.0317,7408.0,0.0,103.90,99.90,100.09,95.91,13.5837,34.7822,27.9358,23.4532,20.9933,19.8382,19.2438,18.7365,18.3815,18.0326,17.69,17.3536,16.8932,16.3822,15.4679,13.8087,11.516,9.14805,5.10151
12.552,0.3196,0.0008,0.0000,5,111.04,-4.06,-2.80,-0.3897,-0.0325,7391.58,0.0,103.71,99.63,99.92,95.64,13.5609,34.8692,28.0067,23.5117,21.0445,19.8856,19.2893,18.7802,18.424,18.074,17.7303,17.3928,16.9309,16.4182,15.5006,13.8355,11.535,9.15927,5.10243
12.570,0.3192,0.0004,0.0000,5,110.79,-4.44,-2.78,-0.3903,-0.0336,7375.45,0.0,103.50,99.35,99.74,95.40,13.5344,34.9706,28.0902,23.5811,21.1052,19.9421,19.3434,18.8324,18.4747,18.1233,17.7781,17.4394,16.9756,16.4609,15.5396,13.8673,11.5573,9.17191,5.10257
12.589,0.3190,0.0002,0.0000,5,110.55,-4.82,-2.77,-0.3912,-0.0349,7358.69,0.0,103.27,99.09,99.53,95.17,13.5072,35.0794,28.1799,23.6555,21.17,20.0024,19.4013,18.888,18.5288,18.1759,17.8292,17.4889,17.0231,16.5061,15.5807,13.9007,11.5801,9.18428,5.10148
12.608,0.3188,0.0001,0.0000,5,110.29,-5.17,-2.76,-0.3923,-0.0362,7341.96,0.0,103.01,98.83,99.31,94.94,13.4821,35.1893,28.2697,23.7296,21.2342,20.0618,19.4582,18.9427,18.5819,18.2274,17.8792,17.5373,17.0693,16.5499,15.6204,13.9325,11.601,9.19471,5.09875
12.633,0.3186,0.0001,0.0000,5,110.03,-5.49,-2.74,-0.3936,-0.0374,7325.04,0.0,102.73,98.58,99.07,94.74,13.462,35.2916,28.3521,23.7964,21.2915,20.1143,19.5083,18.9907,18.6285,18.2724,17.9227,17.5793,17.1093,16.5876,15.6539,13.9587,11.617,9.20133,5.09416
12.652,0.3185,0.0000,0.0000,5,109.77,-5.77,-2.72,-0.3951,-0.0384,7307.85,0.0,102.44,98.33,98.82,94.53,13.4483,35.3834,28.4242,23.8534,21.3395,20.1577,19.5493,19.0298,18.6662,18.3088,17.9577,17.6129,17.141,16.6172,15.6796,13.9778,11.6269,9.20319,5.08738
12.670,0.3184,0.0000,0.0000,5,109.51,-6.02,-2.71,-0.3967,-0.0393,7290.42,0.0,102.15,98.08,98.57,94.32,13.4383,35.4699,28.491,23.9052,21.3825,20.1962,19.5854,19.0639,18.6989,18.3402,17.9878,17.6418,17.1681,16.6422,15.701,13.9926,11.6332,9.20206,5.07908
12.689,0.3184,0.0000,0.0000,5,109.24,-6.24,-2.69,-0.3984,-0.0402,7272.77,0.0,101.87,97.83,98.32,94.10,13.4305,35.5545,28.5558,23.9547,21.423,20.2324,19.6193,19.0958,18.7293,18.3692,18.0155,17.6682,17.1927,16.6648,15.72,14.005,11.6375,9.19898,5.0696
12.708,0.3183,0.0000,0.0000,5,108.97,-6.46,-2.68,-0.4003,-0.0411,7254.97,0.0,101.60,97.57,98.08,93.88,13.4248,35.6376,28.6186,24.0023,21.4613,20.2664,19.651,19.1255,18.7576,18.3961,18.0409,17.6923,17.215,16.6852,15.7368,14.0153,11.6396,9.19397,5.05892
12.727,0.3183,0.0000,0.0000,5,108.69,-6.65,-2.66,-0.4023,-0.0421,7237.04,0.0,101.32,97.31,97.83,93.65,13.4208,35.7189,28.6795,24.0478,21.4976,20.2984,19.6807,19.1532,18.7839,18.421,18.0645,17.7144,17.2354,16.7036,15.7517,14.0238,11.6401,9.18752,5.04737
12.752,0.3183,0.0000,0.0000,5,108.42,-6.82,-2.65,-0.4044,-0.0429,7219.02,0.0,101.04,97.06,97.58,93.42,13.4192,35.7966,28.7367,24.0898,21.5305,20.3269,19.7071,19.1776,18.807,18.4427,18.0849,17.7335,17.2526,16.7188,15.7636,14.0296,11.638,9.17915,5.03487
12.771,0.3182,0.0000,0.0000,5,108.14,-6.95,-2.62,-0.4065,-0.0436,7200.96,0.0,100.75,96.81,97.32,93.21,13.4215,35.866,28.786,24.1243,21.5566,20.3487,19.7268,19.1956,18.8237,18.4582,18.0991,17.7465,17.264,16.7283,15.7697,14.0304,11.6318,9.16783,5.02127
12.789,0.3182,0.0000,0.0000,5,107.87,-7.05,-2.60,-0.4086,-0.0442,7182.86,0.0,100.46,96.56,97.05,92.99,13.4279,35.9262,28.8266,24.1507,21.575,20.3632,19.7392,19.2064,18.8333,18.4667,18.1065,17.7529,17.2688,16.7314,15.7699,14.0257,11.6212,9.15328,5.00652
12.808,0.3182,0.0000,0.0000,5,107.59,-7.13,-2.58,-0.4109,-0.0446,7164.74,0.0,100.17,96.32,96.79,92.77,13.4368,35.9814,28.8625,24.1727,21.5892,20.3736,19.7477,19.2131,18.839,18.4713,18.1101,17.7554,17.27,16.7311,15.7668,14.0179,11.6082,9.13692,4.99111
12.827,0.3182,0.0000,0.0000,5,107.32,-7.20,-2.57,-0.4131,-0.0450,7146.62,0.0,99.90,96.07,96.54,92.55,13.4473,36.0334,28.8952,24.1917,21.6004,20.3813,19.7534,19.2172,18.842,18.4732,18.111,17.7553,17.2685,16.7282,15.7612,14.0079,11.5934,9.11907,4.97508
12.852,0.3182,0.0000,0.0000,5,107.05,-7.25,-2.55,-0.4154,-0.0454,7128.54,0.0,99.62,95.82,96.29,92.32,13.4591,36.0826,28.9252,24.2083,21.6092,20.3866,19.757,19.2193,18.8429,18.473,18.1097,17.7531,17.265,16.7233,15.7539,13.9962,11.5773,9.10017,4.95867
12.871,0.3182,0.0000,0.0000,5,106.77,-7.29,-2.54,-0.4177,-0.0458,7110.51,0.0,99.35,95.58,96.03,92.10,13.4725,36.1285,28.952,24.2218,21.6152,20.3893,19.7579,19.2187,18.8413,18.4704,18.1061,17.7484,17.259,16.7159,15.7442,13.9826,11.5595,9.08005,4.94178
12.889,0.3182,0.0000,0.0000,5,106.50,-7.31,-2.52,-0.4200,-0.0461,7092.56,0.0,99.08,95.34,95.78,91.88,13.4874,36.1702,28.9749,24.2317,21.6179,20.3886,19.7556,19.215,18.8366,18.4647,18.0995,17.7409,17.2503,16.7058,15.7319,13.9667,11.5398,9.05871,4.92453
12.908,0.3182,0.0000,0.0000,5,106.23,-7.30,-2.51,-0.4223,-0.0462,7074.72,0.0,98.81,95.10,95.52,91.66,13.5051,36.2045,28.9909,24.2353,21.6149,20.3824,19.7479,19.2061,18.8268,18.4541,18.088,17.7286,17.2368,16.6911,15.7153,13.9471,11.5172,9.03554,4.90688
12.927,0.3182,0.0000,0.0000,5,105.96,-7.28,-2.49,-0.4246,-0.0463,7057.0,0.0,98.54,94.87,95.26,91.45,13.5254,36.2313,29.0001,24.2327,21.6061,20.3707,19.7347,19.1917,18.8117,18.4382,18.0714,17.7113,17.2186,16.6719,15.6943,13.9237,11.4917,9.01041,4.88881
12.952,0.3182,0.0000,0.0000,5,105.70,-7.23,-2.48,-0.4268,-0.0462,7039.4,0.0,98.27,94.64,95.01,91.24,13.5473,36.2538,29.0052,24.2264,21.5938,20.3557,19.7184,19.1742,18.7935,18.4193,18.0519,17.6912,17.1976,16.65,15.6708,13.8981,11.4646,8.98423,4.87055
12.971,0.3182,0.0000,0.0000,5,105.43,-7.17,-2.47,-0.4291,-0.0460,7021.93,0.0,98.01,94.41,94.77,91.02,13.5698,36.274,29.0083,24.2183,21.5799,20.3393,19.7006,19.1554,18.7738,18.399,18.031,17.6697,17.1753,16.6269,15.6463,13.8715,11.4369,8.95769,4.85235
12.990,0.3182,0.0000,0.0000,5,105.17,-7.11,-2.46,-0.4313,-0.0459,7004.59,0.0,97.76,94.19,94.53,90.80,13.5924,36.293,29.0103,24.2093,21.5652,20.3221,19.6822,19.136,18.7537,18.3782,18.0094,17.6475,17.1525,16.6032,15.6213,13.8446,11.4091,8.93111,4.83431
13.009,0.3182,0.0000,0.0000,5,104.91,-7.03,-2.45,-0.4334,-0.0459,6987.4,0.0,97.52,93.96,94.29,90.59,13.615,36.3111,29.0116,24.1999,21.55,20.3046,19.6635,19.1162,18.7333,18.3571,17.9877,17.6252,17.1293,16.5794,15.5963,13.8177,11.3814,8.90462,4.81645
13.028,0.3182,0.0000,0.0000,5,104.65,-6.95,-2.44,-0.4355,-0.0458,6970.35,0.0,97.28,93.74,94.05,90.37,13.6372,36.3289,29.0127,24.1903,21.5349,20.2871,19.6449,19.0967,18.7131,18.3363,17.9663,17.6031,17.1065,16.5557,15.5715,13.7912,11.3541,8.87874,4.79903
13.052,0.3182,0.0000,0.0000,5,104.40,-6.85,-2.43,-0.4376,-0.0456,6953.47,0.0,97.04,93.52,93.82,90.16,13.6593,36.345,29.0125,24.1797,21.5191,20.2689,19.6256,19.0765,18.6923,18.3149,17.9443,17.5806,17.0832,16.5317,15.5463,13.7646,11.3268,8.85315,4.78204
13.071,0.3182,0.0000,0.0000,5,104.14,-6.75,-2.42,-0.4395,-0.0454,6936.75,0.0,96.80,93.30,93.58,89.95,13.6815,36.3671,29.0111,24.1681,21.5025,20.2499,19.6055,19.0556,18.6708,18.2928,17.9217,17.5576,17.0595,16.5072,15.5206,13.7377,11.2994,8.82765,4.76533
13.089,0.3182,0.0000,0.0000,5,103.89,-6.64,-2.41,-0.4414,-0.0452,6920.19,0.0,96.57,93.08,93.36,89.74,13.7027,36.4087,29.0103,24.1574,21.4867,20.2319,19.5864,19.0356,18.6503,18.2718,17.9001,17.5355,17.0368,16.4838,15.4961,13.7119,11.2731,8.80326,4.7494
13.109,0.3182,0.0000,0.0000,5,103.65,-6.53,-2.40,-0.4432,-0.0450,6903.8,0.0,96.34,92.87,93.13,89.53,13.723,36.472,29.0106,24.1478,21.4721,20.2151,19.5685,19.0167,18.6308,18.2517,17.8797,17.5145,17.0152,16.4615,15.4728,13.6871,11.2479,8.77972,4.734
13.128,0.3182,0.0000,0.0000,5,103.40,-6.41,-2.39,-0.4450,-0.0448,6887.58,0.0,96.12,92.66,92.91,89.32,13.742,36.5597,29.0128,24.1401,21.4594,20.2003,19.5525,18.9998,18.6132,18.2336,17.8609,17.4954,16.9954,16.4411,15.4512,13.664,11.2242,8.75737,4.71925
13.153,0.3182,0.0000,0.0000,5,103.16,-6.29,-2.39,-0.4467,-0.0447,6871.51,0.0,95.90,92.45,92.69,89.11,13.7592,36.675,29.0178,24.1353,21.4493,20.188,19.5392,18.9856,18.5984,18.2181,17.8448,17.4787,16.9781,16.4231,15.4321,13.6431,11.2025,8.73657,4.70531
13.171,0.3182,0.0000,0.0000,5,102.92,-6.18,-2.38,-0.4483,-0.0447,6855.6,0.0,95.69,92.24,92.48,88.90,13.7741,36.8215,29.0264,24.134,21.4427,20.1792,19.5293,18.9748,18.5869,18.2059,17.8321,17.4653,16.9639,16.4082,15.416,13.6251,11.1832,8.71773,4.69233
13.191,0.3182,0.0000,0.0000,5,102.68,-6.06,-2.38,-0.4497,-0.0447,6839.84,0.0,95.48,92.03,92.27,88.70,13.7864,37.0029,29.0394,24.1369,21.4403,20.1744,19.5234,18.9678,18.5793,18.1977,17.8232,17.4558,16.9535,16.3969,15.4034,13.6104,11.1667,8.7012,4.6805
13.209,0.3182,0.0000,0.0000,5,102.45,-5.95,-2.37,-0.4511,-0.0447,6824.23,0.0,95.27,91.82,92.07,88.49,13.796,37.2238,29.0571,24.1444,21.4425,20.1739,19.5216,18.9651,18.5759,18.1936,17.8184,17.4504,16.9472,16.3896,15.3944,13.5991,11.153,8.68694,4.66972
13.228,0.3182,0.0000,0.0000,5,102.21,-5.84,-2.37,-0.4524,-0.0448,6808.76,0.0,95.07,91.62,91.86,88.28,13.8025,37.4886,29.0802,24.157,21.4495,20.1782,19.5245,18.967,18.577,18.194,17.8181,17.4494,16.9453,16.3866,15.3896,13.5916,11.1425,8.67516,4.66014
13.253,0.3182,0.0000,0.0000,5,101.98,-5.73,-2.37,-0.4535,-0.0450,6793.45,0.0,94.87,91.41,91.66,88.08,13.8066,37.8011,29.1077,24.174,21.4607,20.1867,19.5316,18.9727,18.582,18.1983,17.8217,17.4522,16.9471,16.3874,15.3884,13.5874,11.1349,8.66564,4.65167
13.271,0.3182,0.0000,0.0000,5,101.75,-5.62,-2.37,-0.4546,-0.0452,6778.29,0.0,94.67,91.21,91.46,87.88,13.808,38.1668,29.1396,24.1954,21.476,20.1993,19.5428,18.9827,18.591,18.2065,17.8291,17.4589,16.9528,16.3919,15.3909,13.5864,11.1301,8.65831,4.64426
13.289,0.3182,0.0000,0.0000,5,101.53,-5.52,-2.37,-0.4556,-0.0455,6763.26,0.0,94.47,91.01,91.26,87.68,13.8065,38.562,29.1769,24.222,21.4965,20.2169,19.5589,18.9975,18.6049,18.2194,17.8412,17.4702,16.963,16.4009,15.3978,13.5894,11.1288,8.65361,4.63812
13.309,0.3182,0.0000,0.0000,5,101.30,-5.42,-2.37,-0.4564,-0.0459,6748.36,0.0,94.27,90.81,91.07,87.48,13.8016,38.933,29.2204,24.2547,21.5226,20.2402,19.5806,19.0178,18.6243,18.2379,17.8586,17.4867,16.9783,16.4149,15.4095,13.5968,11.1312,8.65171,4.63327
13.328,0.3182,0.0000,0.0000,5,101.08,-5.32,-2.37,-0.4571,-0.0465,6733.57,0.0,94.08,90.61,90.88,87.28,13.793,39.2825,29.2773,24.2942,21.5555,20.2698,19.6086,19.0445,18.6499,18.2625,17.8822,17.5093,16.9995,16.4346,15.4267,13.6094,11.1377,8.65307,4.62983
13.353,0.3182,0.0000,0.0000,5,100.86,-5.24,-2.37,-0.4577,-0.0471,6718.88,0.0,93.90,90.41,90.69,87.08,13.7797,39.6162,29.3675,24.3428,21.5972,20.3079,19.6449,19.0792,18.6836,18.295,17.9137,17.5397,17.0283,16.4617,15.4509,13.6283,11.1494,8.65833,4.62803
13.371,0.3182,0.0000,0.0000,5,100.64,-5.16,-2.38,-0.4581,-0.0479,6704.3,0.0,93.71,90.21,90.51,86.87,13.7616,39.9354,29.4955,24.4007,21.6477,20.3546,19.6895,19.1222,18.7254,18.3357,17.9532,17.5779,17.065,16.4965,15.4822,13.6537,11.1664,8.6677,4.628
13.391,0.3184,0.0000,0.0000,5,100.42,-5.10,-2.38,-0.4584,-0.0487,6689.83,0.0,93.53,90.01,90.32,86.68,13.74,40.2401,29.6624,24.4658,21.705,20.4079,19.7407,19.1715,18.7734,18.3825,17.9988,17.6223,17.1076,16.5372,15.5193,13.6842,11.1877,8.68033,4.62941
13.409,0.3188,0.0000,0.0000,5,100.20,-5.03,-2.39,-0.4586,-0.0496,6675.48,0.0,93.34,89.81,90.13,86.48,13.7155,40.5305,29.8704,24.5361,21.7674,20.4664,19.797,19.2259,18.8265,18.4342,18.0492,17.6715,17.155,16.5826,15.5609,13.7189,11.2127,8.69584,4.6323
13.428,0.3193,0.4500,0.0000,5,99.99,-4.96,-2.39,-0.4587,-0.0506,6661.23,0.0,93.15,89.62,89.95,86.29,13.6882,40.8077,30.1243,24.6117,21.8349,20.5299,19.8585,19.2854,18.8845,18.4909,18.1045,17.7255,17.2072,16.6327,15.6071,13.7577,11.2414,8.71418,4.63653
13.453,0.3197,0.6975,0.0000,5,99.98,-4.92,-2.40,-0.4586,-0.0515,6847.12,0.0,93.00,89.48,90.57,90.57,13.6634,41.0558,30.4117,24.6805,21.8963,20.5878,19.9143,19.3396,18.9375,18.5426,18.1549,17.7747,17.2547,16.6784,15.6495,13.7935,11.2681,8.73156,4.64117
13.471,0.3198,0.8336,0.0000,5,100.08,-4.85,-2.40,-0.4584,-0.0518,6939.91,0.0,92.94,89.49,91.77,91.77,13.6504,41.2466,30.7013,24.7195,21.9305,20.6196,19.945,19.3692,18.9664,18.5707,18.1824,17.8013,17.2803,16.7029,15.6721,13.8124,11.2822,8.74088,4.64424
13.491,0.3198,0.9085,0.0000,5,100.28,-4.77,-2.41,-0.4581,-0.0516,7022.41,0.0,92.98,89.61,92.86,92.86,13.6473,41.3908,30.9997,24.7358,21.9417,20.6294,19.9543,19.378,18.9749,18.5789,18.1902,17.8088,17.2874,16.7094,15.6779,13.8171,11.2856,8.74338,4.64595
13.509,0.3195,0.9497,0.0000,5,100.56,-4.70,-2.43,-0.4578,-0.0510,7083.15,0.0,93.11,89.81,93.67,93.67,13.6526,41.498,31.3143,24.7494,21.9338,20.621,19.9457,19.3694,18.9663,18.5703,18.1816,17.8002,17.2788,16.7009,15.6696,13.8097,11.2797,8.73988,4.64628
13.528,0.3192,0.9723,0.0000,5,100.89,-4.63,-2.44,-0.4574,-0.0500,7126.83,0.0,93.31,90.08,94.25,94.25,13.6676,41.5667,31.6388,24.7597,21.9042,20.592,19.9169,19.341,18.9382,18.5426,18.1543,17.7734,17.2525,16.6753,15.6452,13.7884,11.2632,8.72925,4.6448
13.553,0.3189,0.9848,0.0000,5,101.24,-4.53,-2.46,-0.4571,-0.0485,7158.48,0.0,93.54,90.39,94.67,94.67,13.6951,41.5901,31.902,24.759,21.8468,20.5364,19.8625,19.2875,18.8854,18.4907,18.1032,17.7231,17.2035,16.6277,15.6003,13.7492,11.2331,8.70955,4.64093
13.571,0.3187,0.9916,0.0000,5,101.62,-4.40,-2.48,-0.4568,-0.0463,7184.23,0.0,93.80,90.74,95.02,95.02,13.7365,41.5681,32.0846,24.7438,21.7603,20.453,19.7808,19.2075,18.8066,18.4131,18.0269,17.6482,17.1305,16.5569,15.5337,13.6911,11.1886,8.68,4.6343
13.590,0.3186,0.5454,0.0000,5,102.01,-4.24,-2.50,-0.4566,-0.0437,7207.13,0.0,94.08,91.13,95.32,95.32,13.7903,41.5078,32.2026,24.718,21.6487,20.3458,19.676,19.1049,18.7056,18.3137,17.9292,17.5521,17.0369,16.4663,15.4486,13.6168,11.1317,8.64187,4.62507
13.609,0.3185,0.3000,0.0000,5,102.30,-4.00,-2.52,-0.4565,-0.0407,7037.92,0.0,94.37,91.52,93.14,93.14,13.8573,41.4098,32.261,24.6798,21.5175,20.2146,19.5479,18.9795,18.5823,18.1924,17.8099,17.435,16.9229,16.3558,15.3449,13.5266,11.0624,8.59521,4.61326
13.628,0.3184,0.1650,0.0000,5,102.38,-3.63,-2.53,-0.4564,-0.0369,6926.89,0.0,94.53,91.86,91.65,91.65,13.9442,41.2572,32.242,24.6088,21.3595,20.0472,19.3846,18.82,18.4254,18.0382,17.6585,17.2864,16.7782,16.2157,15.2137,13.4127,10.975,8.53644,4.59808
13.653,0.3184,0.0907,0.0000,5,102.33,-3.23,-2.55,-0.4563,-0.0329,6870.09,0.0,94.59,92.05,91.91,89.87,14.038,41.0884,32.1962,24.5428,21.2034,19.871,19.2129,18.6522,18.2605,17.8763,17.4995,17.1304,16.6264,16.0688,15.0761,13.2935,10.8837,8.47516,4.58226
13.671,0.3183,0.0499,0.0000,5,102.22,-2.89,-2.55,-0.4562,-0.0296,6837.12,0.0,94.65,92.06,91.69,89.20,14.1158,40.9638,32.198,24.5522,21.1002,19.7328,19.0747,18.5172,18.1279,17.746,17.3716,17.0049,16.5043,15.9506,14.9653,13.1976,10.8101,8.42571,4.56944
13.690,0.3183,0.0274,0.0000,5,102.07,-2.64,-2.56,-0.4561,-0.0273,6814.16,0.0,94.70,91.95,91.54,88.75,14.1689,40.9017,32.2684,24.6695,21.0717,19.6579,18.9839,18.4278,18.0399,17.6595,17.2867,16.9215,16.4231,15.8719,14.8914,13.1334,10.7606,8.39249,4.56088
13.709,0.3183,0.0151,0.0000,5,101.91,-2.49,-2.56,-0.4560,-0.0260,6796.18,0.0,94.72,91.78,91.43,88.38,14.1966,40.9001,32.4026,24.9097,21.1258,19.6527,18.9532,18.3836,17.996,17.6163,17.2441,16.8796,16.3822,15.8321,14.8537,13.1004,10.7349,8.37505,4.55641
13.728,0.3182,0.0083,0.0000,5,101.74,-2.43,-2.55,-0.4559,-0.0256,6781.09,0.0,94.72,91.56,91.35,88.06,14.1991,40.9548,32.5933,25.2904,21.2711,19.7235,18.9919,18.3976,17.9971,17.6145,17.2422,16.8776,16.3799,15.8297,14.851,13.0973,10.732,8.37281,4.55602
13.747,0.3182,0.0046,0.0000,5,101.56,-2.43,-2.54,-0.4558,-0.0261,6767.28,0.0,94.69,91.34,91.27,87.78,14.1792,41.0572,32.8283,25.811,21.5141,19.8742,19.103,18.4784,18.0584,17.6583,17.2769,16.9108,16.412,15.8604,14.8791,13.1208,10.7493,8.38408,4.55923
13.771,0.3182,0.0025,0.0000,5,101.39,-2.50,-2.53,-0.4557,-0.0274,6754.47,0.0,94.63,91.12,91.18,87.53,14.1406,41.1969,33.0946,26.3507,21.862,20.1092,19.2897,18.6283,18.1847,17.763,17.3617,16.9795,16.4733,15.9193,14.9338,13.167,10.7841,8.40703,4.56572
13.790,0.3182,0.0014,0.0000,5,101.20,-2.62,-2.53,-0.4554,-0.0292,6741.8,0.0,94.54,90.89,91.08,87.29,14.0863,41.3677,33.3841,26.8787,22.327,20.4361,19.5581,18.8524,18.3804,17.9327,17.5077,17.1036,16.5703,16.0029,15.0114,13.2333,10.834,8.44033,4.57514
13.809,0.3182,0.0008,0.0000,5,101.02,-2.78,-2.54,-0.4552,-0.0316,6729.0,0.0,94.44,90.67,90.97,87.06,14.0185,41.5658,33.694,27.3941,22.9288,20.8684,19.9193,19.1599,18.6536,18.1748,17.7212,17.291,16.7247,16.1242,15.1103,13.318,10.8981,8.48327,4.58731
13.828,0.3182,0.0004,0.0000,5,100.83,-2.97,-2.55,-0.4549,-0.0343,6716.62,0.0,94.30,90.45,90.85,86.85,13.9419,41.7798,34.0117,27.8878,23.6585,21.4145,20.3793,19.5553,19.008,18.4919,18.0044,17.5433,16.9381,16.2985,15.2284,13.4164,10.9726,8.53351,4.6017
13.847,0.3182,0.0002,0.0000,5,100.64,-3.16,-2.57,-0.4544,-0.0372,6703.89,0.0,94.14,90.25,90.70,86.67,13.8619,41.9965,34.3234,28.3541,24.3406,22.0816,20.9427,20.0413,19.4454,18.8852,18.3577,17.8603,17.2096,16.5246,15.3846,13.5222,11.0532,8.58798,4.61762
13.871,0.3184,0.0001,0.0000,5,100.45,-3.34,-2.58,-0.4539,-0.0401,6691.28,0.0,93.96,90.05,90.54,86.50,13.7809,42.2101,34.623,28.7908,24.9491,22.8311,21.6226,20.6286,19.9745,19.3621,18.7875,18.2473,17.5434,16.8056,15.585,13.6324,11.1375,8.64524,4.63467
13.891,0.3187,0.0001,0.0000,5,100.26,-3.51,-2.60,-0.4533,-0.0432,6678.54,0.0,93.77,89.86,90.37,86.33,13.6993,42.4207,34.912,29.2001,25.4976,23.5013,22.3724,21.3365,20.6125,19.9374,19.3067,18.7159,17.9494,17.1497,15.8354,13.756,11.2255,8.70521,4.65296
13.909,0.3192,0.0000,0.0000,5,100.06,-3.67,-2.61,-0.4526,-0.0463,6665.63,0.0,93.58,89.66,90.20,86.16,13.6166,42.6297,35.1928,29.5855,25.9996,24.1001,23.0394,22.0764,21.3645,20.6327,19.9341,19.2827,18.4414,17.5686,16.1445,13.9177,11.3175,8.76824,4.67261
13.928,0.3197,0.0000,0.0000,5,99.86,-3.81,-2.62,-0.4517,-0.0495,6652.55,0.0,93.39,89.46,90.03,85.98,13.5286,42.839,35.4679,29.9542,26.4694,24.6441,23.6381,22.7318,22.067,21.3857,20.6851,19.9706,19.0389,18.0783,16.524,14.125,11.4147,8.83528,4.69394
13.946,0.3203,0.0000,0.0000,5,99.66,-3.98,-2.64,-0.4507,-0.0528,6639.26,0.0,93.21,89.25,89.87,85.79,13.43,43.0561,35.7453,30.3173,26.9198,25.1549,24.1911,23.3305,22.7028,22.063,21.4096,20.7408,19.7742,18.7059,16.9937,14.3898,11.5202,8.90844,4.71744
13.972,0.3209,0.4500,0.0000,5,99.46,-4.14,-2.66,-0.4495,-0.0564,6625.83,0.0,93.03,89.04,89.72,85.59,13.3214,43.2807,36.0248,30.6752,27.3532,25.6421,24.711,23.8847,23.2871,22.6806,22.064,21.4364,20.5368,19.4732,17.5726,14.7223,11.6472,8.98845,4.74367
13.992,0.3214,0.6975,0.0000,5,99.47,-4.33,-2.68,-0.4481,-0.0598,6820.01,0.0,92.87,88.89,90.22,90.22,13.2116,43.4912,36.285,31.0043,27.7473,26.0834,25.181,24.382,23.8056,23.2244,22.6374,22.0422,21.1937,20.1991,18.2557,15.1148,11.8044,9.06789,4.77037
14.010,0.3216,0.8336,0.0000,5,99.57,-4.46,-2.71,-0.4466,-0.0624,6911.98,0.0,92.79,88.92,91.40,91.40,13.1108,43.6545,36.4926,31.2722,28.0737,26.4478,25.5704,24.7951,24.2368,23.6746,23.1083,22.5379,21.7298,20.788,18.9596,15.5466,11.9781,9.13645,4.79502
14.029,0.3216,0.9085,0.0000,5,99.78,-4.55,-2.73,-0.4450,-0.0643,6995.41,0.0,92.79,89.05,92.50,92.50,13.0165,43.7746,36.6526,31.4872,28.3407,26.7462,25.8903,25.1359,24.5934,24.0478,23.499,22.947,22.1687,21.2693,19.5382,16.0241,12.1707,9.19444,4.81755
14.047,0.3213,0.9497,0.0000,5,100.05,-4.62,-2.75,-0.4433,-0.0656,7057.76,0.0,92.88,89.25,93.33,93.33,12.9264,43.8567,36.7709,31.6566,28.5561,26.9909,26.1518,25.4154,24.8871,24.3563,23.823,23.2873,22.5331,21.6652,20.0127,16.5571,12.3861,9.24691,4.83808
14.072,0.3208,0.9723,0.0000,5,100.37,-4.65,-2.77,-0.4416,-0.0664,7104.08,0.0,93.03,89.52,93.95,93.95,12.8393,43.9025,36.8496,31.7828,28.7239,27.186,26.3625,25.6404,25.124,24.6066,24.0873,23.5661,22.8334,21.9917,20.4011,17.1175,12.6266,9.31002,4.85651
14.092,0.3202,0.9848,0.0000,5,100.72,-4.65,-2.80,-0.4397,-0.0666,7144.03,0.0,93.24,89.83,94.47,94.47,12.7543,43.9143,36.8917,31.8687,28.8478,27.3355,26.5266,25.8179,25.3113,24.8046,24.2978,23.7899,23.0766,22.2585,20.7173,17.5845,12.8952,9.38636,4.87277
14.110,0.3197,0.9916,0.0000,5,101.08,-4.64,-2.83,-0.4379,-0.0664,7180.53,0.0,93.48,90.16,94.96,94.96,12.6686,43.9014,36.9072,31.9244,28.9399,27.4503,26.6553,25.9593,25.462,24.9649,24.468,23.9715,23.276,22.4795,20.9822,17.973,13.2006,9.47997,4.88737
14.129,0.3193,0.9954,0.0000,5,101.45,-4.61,-2.87,-0.4360,-0.0658,7209.96,0.0,93.76,90.51,95.35,95.35,12.5805,43.8689,36.9012,31.9562,29.0064,27.5367,26.755,26.071,25.5826,25.0946,24.6069,24.12,23.4395,22.6628,21.2058,18.2997,13.551,9.59401,4.90056
14.147,0.3190,0.9975,0.0000,5,101.84,-4.57,-2.91,-0.4342,-0.0649,7235.0,0.0,94.06,90.88,95.69,95.69,12.4906,43.8138,36.871,31.9624,29.045,27.5942,26.8239,26.1515,25.6715,25.1922,24.7134,24.2355,23.5681,22.8082,21.3884,18.5701,13.9491,9.72899,4.91202
14.172,0.3188,0.9986,0.0000,5,102.23,-4.50,-2.94,-0.4324,-0.0636,7257.71,0.0,94.36,91.26,95.99,95.99,12.3988,43.7369,36.8175,31.9439,29.0571,27.6246,26.8645,26.2024,25.7306,25.2595,24.7893,24.32,23.6651,22.9199,21.5333,18.7931,14.3632,9.88643,4.92144
14.191,0.3187,0.9992,0.0000,5,102.63,-4.40,-2.96,-0.4305,-0.0621,7280.25,0.0,94.70,91.65,96.28,96.28,12.3029,43.6449,36.7477,31.908,29.05,27.6354,26.8853,26.2321,25.7675,25.3045,24.8424,24.3815,23.7385,23.0074,21.6496,18.9818,14.7181,10.0719,4.92961
14.209,0.3185,0.9996,0.0000,5,103.03,-4.29,-2.98,-0.4288,-0.0606,7302.35,0.0,95.05,92.04,96.58,96.58,12.2014,43.5454,36.669,31.8619,29.0311,27.634,26.8936,26.2491,25.7909,25.3347,24.8804,24.4275,23.796,23.0783,21.7468,19.1452,15.0251,10.2914,4.93695
14.228,0.3185,0.9998,0.0000,5,103.42,-4.19,-2.98,-0.4270,-0.0590,7326.76,0.0,95.42,92.42,96.89,96.89,12.0929,43.4442,36.5874,31.8111,29.0064,27.6259,26.895,26.2589,25.8069,25.3569,24.9091,24.4637,23.8432,23.1384,21.8319,19.29,15.2954,10.5517,4.95035
14.247,0.3184,0.9999,0.0000,5,103.81,-4.12,-3.01,-0.4253,-0.0576,7363.6,0.0,95.82,92.79,97.38,97.38,11.976,43.3504,36.5118,31.7641,28.9848,27.6192,26.8975,26.2697,25.8236,25.3796,24.9379,24.4987,23.8881,23.1957,21.913,19.4244,15.54,10.8622,4.97658
14.272,0.3183,0.9999,0.0000,5,104.21,-4.09,-3.03,-0.4237,-0.0564,7391.43,0.0,96.22,93.14,97.75,97.75,11.8501,43.2689,36.4468,31.7257,28.9706,27.6182,26.9052,26.2853,25.8449,25.4068,24.9709,24.5376,23.9355,23.2541,21.9941,19.5531,15.7663,11.2241,5.01665
14.291,0.3183,0.9999,0.0000,5,104.62,-4.11,-3.09,-0.4222,-0.0551,7417.17,0.0,96.57,93.48,98.09,98.09,11.7193,43.1811,36.374,31.6786,28.9463,27.6068,26.9013,26.289,25.8542,25.4217,24.9916,24.564,23.97,23.2982,22.0594,19.6632,15.9659,11.5586,5.06941
14.310,0.3183,1.0000,0.0000,5,105.05,-4.12,-3.18,-0.4208,-0.0530,7441.71,0.0,96.86,93.85,98.42,98.42,11.5908,43.0511,36.2591,31.5895,28.8796,27.5533,26.8549,26.2495,25.8204,25.3935,24.9691,24.5474,23.9616,23.2992,22.0799,19.7283,16.1157,11.8336,5.13151
14.329,0.3183,1.0000,0.0000,5,105.47,-4.07,-3.27,-0.4196,-0.0520,7465.61,0.0,97.14,94.26,98.74,98.74,11.4648,42.8749,36.0985,31.4552,28.7677,27.4549,26.764,26.1653,25.7412,25.32,24.9015,24.4856,23.9082,23.2555,22.0547,19.7473,16.2163,12.0527,5.20257
14.347,0.3182,1.0000,0.0000,5,105.91,-3.97,-3.36,-0.4177,-0.0629,7488.12,0.0,97.44,94.70,99.03,99.03,11.3395,42.6601,35.8997,31.2834,28.6183,27.3193,26.636,26.0441,25.625,25.209,24.7963,24.3864,23.8174,23.1745,21.9925,19.7279,16.2756,12.2248,5.28321
14.373,0.3182,1.0000,0.0000,5,106.35,-3.82,-3.44,-0.4147,-0.0734,7510.05,0.0,97.77,95.15,99.32,99.32,11.2118,42.4207,35.6767,31.0875,28.4447,27.1596,26.4841,25.8991,25.485,25.0741,24.6665,24.2625,23.7019,23.0689,21.9057,19.6824,16.3054,12.3613,5.37533
14.391,0.3182,1.0000,0.0000,5,106.73,-3.76,-3.61,-0.4104,-0.0841,7594.32,0.0,98.17,95.58,100.40,100.40,11.0821,42.1893,35.4604,30.897,28.2758,27.0038,26.3358,25.7576,25.3483,24.9423,24.5398,24.1408,23.5883,22.9647,21.8196,19.6347,16.3281,12.4822,5.48264
14.410,0.3182,1.0000,0.0000,5,107.13,-3.82,-3.77,-0.4051,-0.0959,7657.4,0.0,98.63,95.92,101.25,101.25,10.9498,42.0133,35.2955,30.7539,28.1522,26.8913,26.2301,25.658,25.2531,24.8516,24.4535,24.059,23.513,22.898,21.7693,19.6175,16.3734,12.6116,5.61107
14.429,0.3182,1.0000,0.0000,5,107.55,-3.95,-3.88,-0.3986,-0.1087,7697.0,0.0,99.16,96.24,101.79,101.79,10.815,41.8906,35.1797,30.6558,28.071,26.8192,26.164,25.5973,25.1964,24.7988,24.4048,24.0143,23.4739,22.8655,21.7515,19.6292,16.439,12.7485,5.76247
14.447,0.3206,1.0000,0.0000,5,107.96,-4.14,-3.95,-0.3909,-0.1227,7730.78,0.0,99.70,96.53,102.24,102.24,10.6761,41.8297,35.1204,30.6097,28.0385,26.7943,26.1434,25.5813,25.1839,24.7897,24.3991,24.0121,23.4765,22.8736,21.7713,19.6745,16.5291,12.8969,5.94051
14.472,0.3420,1.0000,0.0000,5,108.38,-4.41,-4.02,-0.3819,-0.1375,7765.33,0.0,100.19,96.81,102.69,102.69,10.5371,41.8097,35.0974,30.5964,28.0359,26.7983,26.1509,25.5921,25.1975,24.8064,24.4189,24.0349,23.5036,22.9056,21.8123,19.7379,16.6302,13.0468,6.1374
14.491,0.3690,1.0000,0.0000,5,108.79,-4.72,-4.10,-0.3716,-0.1527,7801.65,0.0,100.55,97.04,103.17,103.17,10.4018,41.8083,35.0899,30.5961,28.0441,26.8126,26.1684,25.6124,25.2198,24.8311,24.4464,24.0652,23.5379,22.9444,21.8593,19.8042,16.7295,13.1889,6.32562
14.509,0.3768,1.0000,0.0000,5,109.20,-5.04,-4.18,-0.3600,-0.1680,7841.01,0.0,100.83,97.23,103.69,103.69,10.273,41.8122,35.0851,30.5969,28.0518,26.826,26.1849,25.6315,25.2408,24.854,24.4712,24.0925,23.5689,22.9797,21.9026,19.8644,16.8196,13.3192,6.50124
14.529,0.3730,1.0000,0.0000,5,109.62,-5.32,-4.23,-0.3471,-0.1832,7860.34,0.0,101.10,97.46,103.97,103.97,10.1527,41.8079,35.0707,30.5866,28.0483,26.8272,26.1891,25.6385,25.2497,24.8648,24.4839,24.1071,23.5865,23.0016,21.9324,19.9094,16.8945,13.4328,6.66253
14.548,0.3702,1.0000,0.0000,5,110.05,-5.53,-4.27,-0.3329,-0.1979,7876.54,0.0,101.38,97.79,104.17,104.17,10.0454,41.7663,35.0199,30.5401,28.0098,26.7931,26.1584,25.6108,25.2241,24.8414,24.4626,24.0879,23.5704,22.9892,21.9286,19.9224,16.9388,13.5179,6.80617
14.573,0.3696,1.0000,0.0000,5,110.45,-5.65,-4.30,-0.3173,-0.2120,7910.92,0.0,101.68,98.16,104.61,104.61,9.95108,41.6896,34.9347,30.4604,27.9386,26.7267,26.095,25.5507,25.1664,24.7861,24.4097,24.0374,23.5233,22.9459,21.8938,19.9059,16.9546,13.5764,6.93269
14.592,0.3797,1.0000,0.0000,5,110.82,-5.73,-4.27,-0.3002,-0.2267,7959.73,0.0,102.09,98.54,105.25,105.25,9.85749,41.6471,34.8798,30.4078,27.892,26.6841,26.0546,25.5125,25.1303,24.752,24.3777,24.0075,23.4963,22.9223,21.8765,19.9047,16.9807,13.6388,7.05301
14.610,0.3965,1.0000,0.0000,5,111.17,-5.96,-4.25,-0.2817,-0.2426,8015.01,0.0,102.53,98.80,105.98,105.98,9.75871,41.6727,34.886,30.4107,27.8968,26.6914,26.0631,25.5221,25.1408,24.7638,24.391,24.0223,23.5131,22.9415,21.9,19.9394,17.0345,13.7189,7.17322
14.629,0.3977,1.0000,0.0000,5,111.52,-6.32,-4.24,-0.2624,-0.2413,8073.26,0.0,102.92,98.96,106.75,106.75,9.65545,41.7641,34.9506,30.4666,27.9504,26.7458,26.1179,25.5772,25.196,24.8192,24.4468,24.0789,23.571,23.0008,21.9618,20.0072,17.1144,13.8166,7.29304
14.648,0.3908,1.0000,0.0000,5,111.85,-6.80,-4.25,-0.2440,-0.2354,8133.23,0.0,103.30,99.12,107.54,107.54,9.55001,41.9102,35.0635,30.565,28.0436,26.8376,26.2094,25.6684,25.2869,24.9098,24.5372,24.1689,23.661,23.0914,22.0535,20.1005,17.2146,13.9268,7.41082
14.673,0.3856,1.0000,0.0000,5,112.23,-7.28,-4.19,-0.2265,-0.2297,8142.32,0.0,103.67,99.32,107.72,107.72,9.44632,42.0854,35.2008,30.6838,28.1556,26.9461,26.3171,25.7754,25.3935,25.0159,24.6426,24.2738,23.7651,23.1948,22.1571,20.204,17.3212,14.0387,7.52312
14.692,0.3817,1.0000,0.0000,5,112.64,-7.61,-4.05,-0.2100,-0.2232,8120.27,0.0,103.97,99.60,107.42,107.42,9.3551,42.2226,35.3015,30.7674,28.233,27.021,26.3906,25.8484,25.4664,25.0886,24.7152,24.3462,23.8372,23.2664,22.2286,20.2777,17.4002,14.1263,7.62167
14.710,0.3785,1.0000,0.0000,5,113.02,-7.74,-3.88,-0.1943,-0.2154,8117.65,0.0,104.21,99.98,107.37,107.37,9.27939,42.3004,35.346,30.7983,28.2595,27.0465,26.4155,25.8729,25.4908,25.1134,24.7403,24.3716,23.8631,23.2928,22.2559,20.3099,17.4416,14.1822,7.70522
14.729,0.3756,1.0000,0.0000,5,113.38,-7.80,-3.72,-0.1794,-0.2067,8135.79,0.0,104.44,100.38,107.60,107.60,9.21634,42.3328,35.3478,30.789,28.2471,27.0343,26.4035,25.861,25.4789,25.1017,24.7291,24.3612,23.8537,23.2846,22.2499,20.3101,17.454,14.2142,7.77689
14.747,0.3732,1.0000,0.0000,5,113.74,-7.83,-3.60,-0.1655,-0.1981,8172.49,0.0,104.67,100.77,108.07,108.07,9.16554,42.3278,35.3141,30.746,28.2024,26.9904,26.3603,25.8183,25.4368,25.0599,24.6878,24.3205,23.8144,23.2471,22.2157,20.283,17.4425,14.2258,7.83713
14.773,0.3618,1.0000,0.0000,5,114.09,-7.87,-3.52,-0.1524,-0.1899,8218.23,0.0,104.92,101.13,108.68,108.68,9.12473,42.3016,35.26,30.6829,28.1385,26.9272,26.2979,25.7569,25.376,24.9998,24.6283,24.2617,23.7567,23.1913,22.1637,20.2389,17.4156,14.2234,7.88798
14.791,0.3112,1.0000,0.0000,5,114.46,-7.92,-3.44,-0.1401,-0.1814,8248.68,0.0,105.23,101.52,109.10,109.10,9.09233,42.2618,35.1922,30.606,28.0614,26.8503,26.2221,25.6821,25.3019,24.9265,24.5559,24.19,23.6861,23.1222,22.0988,20.1825,17.3766,14.2096,7.93011
14.810,0.2800,1.0000,0.0000,5,114.88,-7.87,-3.33,-0.1287,-0.1720,8250.2,0.0,105.68,102.10,109.12,109.12,9.0729,42.1804,35.0855,30.4931,27.9496,26.7399,26.1126,25.5741,25.1951,24.8209,24.4514,24.0868,23.5846,23.0226,22.0038,20.0984,17.3128,14.1746,7.96025
14.829,0.2520,1.0000,0.0000,5,115.28,-7.72,-3.20,-0.1182,-0.1619,8269.99,0.0,106.16,102.76,109.37,109.37,9.06642,42.0589,34.9418,30.3458,27.8048,26.5978,25.972,25.4349,25.0573,24.6846,24.3167,23.9537,23.4538,22.8945,21.8806,19.9883,17.2256,14.1197,7.97993
14.848,0.2268,1.0000,0.0000,5,115.68,-7.59,-3.09,-0.1085,-0.1514,8302.25,0.0,106.66,103.38,109.80,109.80,9.0689,41.9244,34.7854,30.1864,27.6483,26.4443,25.8201,25.2846,24.9082,24.537,24.1708,23.8095,23.312,22.7555,21.7471,19.8678,17.1284,14.0558,7.99285
14.873,0.2042,1.0000,0.0000,5,116.10,-7.49,-3.01,-0.0999,-0.1414,8335.97,0.0,107.15,103.95,110.24,110.24,9.08147,41.776,34.6155,30.0142,27.4792,26.2784,25.6562,25.1224,24.7473,24.3775,24.0128,23.6533,23.1585,22.605,21.6025,19.7363,17.0208,13.9827,7.99849
14.891,0.1837,1.0000,0.0000,5,116.53,-7.40,-2.94,-0.0921,-0.1319,8366.69,0.0,107.62,104.50,110.65,110.65,9.10525,41.608,34.4269,29.8243,27.2931,26.0961,25.4761,24.9443,24.5707,24.2023,23.8392,23.4814,22.9894,22.4393,21.4432,19.5905,16.9008,13.8983,7.99612
14.910,0.1654,1.0000,0.0000,5,116.99,-7.27,-2.86,-0.0852,-0.1218,8377.81,0.0,108.07,105.05,110.83,110.83,9.14227,41.4086,34.2094,29.6073,27.0817,25.8888,25.2715,24.7422,24.3703,24.0038,23.6425,23.2866,22.7974,22.2511,21.2623,19.4246,16.7631,13.7988,7.98422
14.929,0.1488,1.0000,0.0000,5,117.49,-7.01,-2.74,-0.0793,-0.1106,8368.89,0.0,108.49,105.67,110.70,110.70,9.20002,41.1419,33.9311,29.335,26.8188,25.6315,25.0179,24.4919,24.1226,23.7585,23.3998,23.0465,22.561,22.0191,21.0396,19.2207,16.5926,13.6729,7.95912
14.948,0.1339,1.0000,0.0000,5,117.98,-6.62,-2.60,-0.0742,-0.0983,8376.71,0.0,108.92,106.35,110.79,110.79,9.27834,40.8167,33.6006,29.0155,26.5118,25.3318,24.7227,24.2009,23.8346,23.4737,23.1181,22.7679,22.2869,21.7502,20.7814,18.9847,16.3947,13.5247,7.92294
14.973,0.1205,1.0000,0.0000,5,118.47,-6.22,-2.48,-0.0701,-0.0853,8397.42,0.0,109.36,106.97,111.06,111.06,9.37638,40.4466,33.2302,28.6604,26.1718,25.0006,24.3964,23.8794,23.5166,23.1592,22.8072,22.4607,21.9848,21.4541,20.4969,18.7249,16.1762,13.3597,7.87777
14.991,0.1085,1.0000,0.0000,5,118.97,-5.82,-2.38,-0.0670,-0.0728,8422.45,0.0,109.81,107.57,111.39,111.39,9.49495,40.0347,32.8229,28.2723,25.8013,24.6401,24.0416,23.5299,23.1709,22.8175,22.4696,22.1271,21.6569,21.1328,20.1882,18.4433,15.9389,13.1794,7.82365
15.011,0.0976,1.0000,0.0000,5,119.49,-5.42,-2.31,-0.0649,-0.0599,8445.0,0.0,110.26,108.16,111.69,111.69,9.63572,39.5805,32.3783,27.8513,25.4005,24.2507,23.6585,23.1525,22.7979,22.4489,22.1054,21.7674,21.3036,20.7868,19.8561,18.1402,15.683,12.9841,7.76044
15.029,0.0879,1.0000,0.0000,5,120.04,-4.97,-2.20,-0.0639,-0.0462,8436.91,0.0,110.70,108.78,111.61,111.61,9.80441,39.0731,31.8874,27.3894,24.962,23.8255,23.2405,22.7409,22.3911,22.047,21.7085,21.3756,20.9189,20.4103,19.495,17.8107,15.405,12.7711,7.68693
15.048,0.0791,1.0000,0.0000,5,120.59,-4.40,-2.05,-0.0639,-0.0313,8435.97,0.0,111.14,109.48,111.58,111.58,10.0104,38.4904,31.3313,26.8706,24.4716,23.3507,22.7744,22.2825,21.9381,21.5997,21.267,20.9399,20.4914,19.9922,19.0946,17.446,15.0976,12.535,7.60135
15.073,0.1099,1.0000,0.0000,5,121.14,-3.83,-1.91,-0.0651,-0.0156,8451.71,0.0,111.61,110.13,111.78,111.78,10.252,37.8565,30.7318,26.3143,23.9474,22.844,22.2772,21.7937,21.4555,21.1232,20.7968,20.4761,20.0365,19.5476,18.6692,17.0588,14.7717,12.2838,7.50645
15.091,0.1950,1.0000,0.0000,5,121.68,-3.26,-1.78,-0.0675,0.0001,8478.86,0.0,112.03,110.61,112.13,112.13,10.5237,37.2056,30.1187,25.7471,23.4137,22.3284,21.7716,21.2969,20.965,20.639,20.319,20.0048,19.5744,19.096,18.2373,16.6657,14.4406,12.0273,7.40569
15.110,0.2587,1.0000,0.0000,5,122.20,-2.75,-1.68,-0.0711,0.0139,8512.19,0.0,112.39,110.83,112.57,112.57,10.8103,36.5982,29.5436,25.2139,22.9115,21.843,21.2953,20.8287,20.5027,20.1826,19.8685,19.5604,19.1385,18.6699,17.8295,16.2937,14.1261,11.7815,7.30451
15.129,0.3065,1.0000,0.0000,5,122.71,-2.41,-1.59,-0.0758,0.0262,8544.38,0.0,112.80,110.96,113.02,113.02,11.097,36.0762,29.0419,24.7446,22.4674,21.4129,20.873,20.4133,20.0921,19.777,19.4679,19.1647,18.7501,18.2898,17.4651,15.96,13.8416,11.5564,7.20618
15.148,0.3424,1.0000,0.0000,5,123.21,-2.18,-1.46,-0.0816,0.0374,8563.19,0.0,113.24,111.11,113.25,113.25,11.383,35.6249,28.5996,24.3268,22.0697,21.027,20.4935,20.0395,19.7225,19.4115,19.1066,18.8076,18.399,17.9459,17.1345,15.6559,13.5802,11.3467,7.10902
15.172,0.3693,1.0000,0.0000,5,123.68,-2.06,-1.32,-0.0885,0.0473,8604.95,0.0,113.72,111.29,113.79,113.79,11.6642,35.2448,28.2168,23.9597,21.7177,20.684,20.1557,19.7063,19.3926,19.085,18.7835,18.4879,18.0841,17.6367,16.8366,15.3803,13.3406,11.1517,7.01279
15.192,0.3895,1.0000,0.0000,5,124.13,-2.12,-1.20,-0.0964,0.0559,8660.11,0.0,114.20,111.45,114.51,114.51,11.9329,34.9462,27.9009,23.6493,21.4164,20.3886,19.8639,19.4178,19.1065,18.8014,18.5024,18.2093,17.8091,17.3658,16.5743,15.1355,13.1245,10.9729,6.91791
15.210,0.4042,1.0000,0.0000,5,124.56,-2.34,-1.12,-0.1053,0.0622,8720.42,0.0,114.67,111.62,115.31,115.31,12.1873,34.723,27.6463,23.3899,21.1605,20.1355,19.613,19.169,18.8593,18.5558,18.2584,17.9671,17.5693,17.1289,16.343,14.9176,12.9287,10.8075,6.82391
15.229,0.4133,1.0000,0.0000,5,124.99,-2.69,-1.05,-0.1152,0.0671,8781.04,0.0,115.12,111.80,116.11,116.11,12.4265,34.5654,27.4441,23.1733,20.9422,19.9176,19.3956,18.9526,18.6437,18.3411,18.0446,17.7543,17.3579,16.9193,16.137,14.7208,12.7488,10.652,6.72981
15.248,0.4184,1.0000,0.0000,5,125.44,-3.09,-0.96,-0.1260,0.0714,8813.77,0.0,115.55,112.00,116.56,116.56,12.6585,34.4502,27.2745,22.9825,20.746,19.7201,19.1977,18.7546,18.4459,18.1437,17.8477,17.5578,17.1623,16.7248,15.9448,14.5349,12.5766,10.5004,6.63363
15.273,0.4221,1.0000,0.0000,5,125.87,-3.47,-0.85,-0.1377,0.0754,8858.5,0.0,115.94,112.26,117.14,117.14,12.896,34.3466,27.1116,22.7956,20.5519,19.5242,19.0012,18.5577,18.2489,17.9467,17.651,17.3615,16.9667,16.53,15.752,14.3475,12.4023,10.3456,6.53334
15.292,0.4233,1.0000,0.0000,5,126.28,-3.90,-0.76,-0.1502,0.0789,8918.6,0.0,116.32,112.52,117.93,117.93,13.1283,34.2747,26.972,22.6266,20.3725,19.3418,18.8176,18.3732,18.0638,17.7612,17.4651,17.1756,16.7809,16.3446,15.5677,14.1667,12.2321,10.1921,6.43049
15.310,0.4219,1.0000,0.0000,5,126.67,-4.40,-0.69,-0.1636,0.0815,8983.86,0.0,116.70,112.77,118.79,118.79,13.352,34.2362,26.8569,22.4762,20.2082,19.1732,18.647,18.2011,17.8909,17.5874,17.2906,17.0003,16.605,16.1685,15.3918,13.9927,12.0656,10.0403,6.32498
15.329,0.4181,1.0000,0.0000,5,127.07,-4.98,-0.64,-0.1777,0.0829,9048.9,0.0,117.06,113.01,119.65,119.65,13.5689,34.226,26.7617,22.3402,20.0556,19.0147,18.4861,18.0382,17.7267,17.422,17.1241,16.8329,16.4364,15.9987,15.2213,13.8227,11.9009,9.88872,6.21662
15.348,0.4121,1.0000,0.0000,5,127.47,-5.58,-0.59,-0.1925,0.0841,9098.45,0.0,117.40,113.27,120.33,120.33,13.7839,34.2335,26.6773,22.2108,19.9079,18.8597,18.3281,17.878,17.565,17.2589,16.9597,16.6674,16.2694,15.8303,15.0511,13.6523,11.7345,9.73462,6.10492
15.373,0.4066,1.0000,0.0000,5,127.89,-6.11,-0.51,-0.2080,0.0855,9134.13,0.0,117.71,113.57,120.79,120.79,14.0144,34.2236,26.575,22.0635,19.743,18.6879,18.1534,17.7012,17.3869,17.0797,16.7795,16.4862,16.087,15.6469,14.8663,13.4683,11.5564,9.57083,5.98764
15.392,0.4021,0.5500,0.0000,5,128.28,-6.59,-0.43,-0.2242,0.0871,9184.7,0.0,118.02,113.90,121.45,121.45,14.2566,34.2011,26.4587,21.902,19.5641,18.5026,17.965,17.5107,17.1952,16.887,16.5859,16.2918,15.8917,15.4508,14.6694,13.2726,11.3686,9.39854,5.86532
15.410,0.3988,0.3025,0.0000,5,128.55,-7.01,-0.37,-0.2410,0.0889,8958.21,0.0,118.31,114.21,118.57,118.57,14.511,34.1638,26.3268,21.7251,19.3701,18.3026,17.7624,17.3061,16.9893,16.6801,16.3783,16.0836,15.6829,15.2415,14.4599,13.065,11.1706,9.21787,5.73818
15.429,0.3963,0.1664,0.0000,5,128.57,-7.25,-0.34,-0.2584,0.0908,8772.01,0.0,118.42,114.46,116.09,116.09,14.8058,34.058,26.1356,21.497,19.1296,18.0588,17.5174,17.0602,16.743,16.4335,16.1316,15.8371,15.4369,14.9963,14.2169,12.8282,10.9493,9.01995,5.60383
15.448,0.3944,0.0915,0.0000,5,128.42,-7.32,-0.33,-0.2762,0.0936,8655.2,0.0,118.35,114.59,115.70,113.36,15.1457,33.8784,25.8814,21.2151,18.8409,17.7697,17.2285,16.7719,16.4553,16.1464,15.8452,15.5516,15.153,14.7147,13.94,12.5623,10.7048,8.80566,5.4632
15.467,0.3929,0.0503,0.0000,5,128.18,-7.23,-0.28,-0.2942,0.0971,8580.81,0.0,118.17,114.60,115.03,112.02,15.5162,33.6533,25.5877,20.8991,18.5218,17.452,16.9122,16.457,16.1415,15.8339,15.5341,15.242,14.8457,14.4103,13.642,12.2784,10.4462,8.58154,5.3188
15.492,0.3919,0.0277,0.0000,5,127.87,-7.11,-0.23,-0.3126,0.1005,8533.6,0.0,117.94,114.49,114.51,111.28,15.8953,33.4233,25.2877,20.577,18.197,17.1286,16.5903,16.1368,15.8226,15.5164,15.2181,14.9276,14.5337,14.1014,13.3397,11.991,10.1848,8.3555,5.1732
15.511,0.3893,0.0152,0.0000,5,127.54,-7.06,-0.19,-0.3313,0.1033,8497.63,0.0,117.73,114.27,114.14,110.70,16.2508,33.2415,25.0243,20.2834,17.8968,16.8277,16.29,15.8373,15.5239,15.2186,14.9213,14.632,14.2398,13.8097,13.053,11.7169,9.93363,8.13644,5.02912
15.529,0.3820,0.0084,0.0000,5,127.19,-7.11,-0.16,-0.3501,0.1049,8466.42,0.0,117.52,113.98,113.83,110.18,16.5748,33.1145,24.8024,20.0218,17.624,16.5518,16.0135,15.5607,15.2474,14.9424,14.6456,14.3568,13.9656,13.5369,12.7835,11.4572,9.69344,7.9246,4.88657
15.548,0.3715,0.0046,0.0000,5,126.83,-7.24,-0.15,-0.3692,0.1054,8438.17,0.0,117.32,113.67,113.54,109.72,16.8674,33.0359,24.6167,19.7878,17.3741,16.297,15.7567,15.3029,14.9892,14.684,14.3871,14.0983,13.7075,13.2794,12.5281,11.2088,9.4619,7.71834,4.7451
15.567,0.3622,0.0025,0.0000,5,126.47,-7.40,-0.13,-0.3884,0.1055,8412.44,0.0,117.10,113.36,113.25,109.33,17.1373,32.9907,24.4547,19.5709,17.1378,16.0544,15.5116,15.0559,14.7413,14.4355,14.1381,13.8491,13.4582,13.0303,12.2802,10.9663,9.23471,7.51477,4.60397
15.592,0.3550,0.0014,0.0000,5,126.12,-7.53,-0.09,-0.4077,0.1057,8387.43,0.0,116.83,113.06,112.93,109.00,17.4052,32.946,24.2897,19.3497,16.8966,15.8069,15.2616,14.8042,14.4885,14.1819,13.8842,13.595,13.204,12.7765,12.028,10.7201,9.00451,7.30926,4.46222
15.611,0.3495,0.0008,0.0000,5,125.76,-7.66,-0.06,-0.4271,0.1057,8362.32,0.0,116.53,112.77,112.60,108.66,17.6623,32.9225,24.1316,19.1317,16.6569,15.5606,15.0125,14.5532,14.2365,13.929,13.6305,13.3409,12.9499,12.5227,11.7757,10.4737,8.77394,7.10377,4.3205
15.630,0.3454,0.0004,0.0000,5,125.40,-7.82,-0.04,-0.4465,0.1055,8338.1,0.0,116.24,112.45,112.30,108.32,17.9,32.9444,23.9892,18.9241,16.4247,15.3208,14.7695,14.308,13.9898,13.6812,13.3818,13.0915,12.6999,12.2727,11.5268,10.2301,8.54517,6.89969,4.17918
15.647,0.3423,0.0002,0.0000,5,125.04,-8.01,-0.05,-0.4661,0.1044,8313.64,0.0,115.95,112.14,111.99,107.98,18.1201,33.0137,23.8604,18.7247,16.1983,15.0856,14.5307,14.0665,13.7468,13.4368,13.1363,12.8451,12.4526,12.0249,11.2797,9.98789,8.31713,6.69625,4.03801
15.667,0.3400,0.0001,0.0000,5,124.68,-8.21,-0.06,-0.4856,0.1031,8289.62,0.0,115.64,111.81,111.68,107.65,18.3267,33.1298,23.741,18.5297,15.9743,14.8517,14.293,13.8259,13.5045,13.1931,12.8913,12.5991,12.2055,11.7771,11.0322,9.74524,8.08878,6.49252,3.89676
15.693,0.3383,0.0001,0.0000,5,124.32,-8.37,-0.05,-0.5052,0.1019,8266.33,0.0,115.30,111.49,111.36,107.36,18.5322,33.2751,23.6156,18.3265,15.7422,14.6094,14.0469,13.5772,13.2542,12.9414,12.6386,12.3455,11.9511,11.5222,10.7778,9.49675,7.85634,6.28605,3.75486
15.711,0.3370,0.0000,0.0000,5,123.97,-8.46,-0.04,-0.5247,0.1011,8242.81,0.0,114.94,111.18,111.01,107.09,18.7467,33.4319,23.47,18.1044,15.4926,14.3507,13.7846,13.3127,12.9885,12.6748,12.3713,12.0777,11.683,11.2544,10.5116,9.23828,7.61695,6.07512,3.61235
15.729,0.3360,0.0000,0.0000,5,123.61,-8.54,-0.03,-0.5441,0.1002,8219.23,0.0,114.58,110.87,110.68,106.79,18.9527,33.637,23.3258,17.8804,15.2399,14.0887,13.5188,13.0444,12.7191,12.4044,12.1002,11.8063,11.4115,10.9832,10.2423,8.97696,7.37588,5.86349,3.47032
15.748,0.3353,0.0000,0.0000,5,123.26,-8.63,-0.03,-0.5635,0.0992,8195.68,0.0,114.24,110.54,110.37,106.48,19.1441,33.9118,23.1907,17.6606,14.9887,13.8275,13.2536,12.7765,12.4495,12.1338,11.8289,11.5345,11.1395,10.7114,9.97246,8.71506,7.13464,5.65228,3.32899
15.767,0.3347,0.0000,0.0000,5,122.90,-8.74,-0.05,-0.5828,0.0975,8172.19,0.0,113.92,110.22,110.06,106.17,19.3216,34.2678,23.0646,17.4445,14.7387,13.5667,12.9885,12.5083,12.1796,11.8625,11.5567,11.2618,10.8664,10.4387,9.70162,8.45231,6.89283,5.44125,3.18823
15.792,0.3343,0.0000,0.0000,5,122.55,-8.84,-0.06,-0.6020,0.0957,8148.83,0.0,113.59,109.89,109.75,105.86,19.4869,34.7157,22.9458,17.2303,14.4882,13.3049,12.722,12.2387,11.9081,11.5896,11.2826,10.9869,10.5913,10.1638,9.42877,8.18805,6.65002,5.23018,3.04811
15.811,0.3340,0.0000,0.0000,5,122.19,-8.89,-0.05,-0.6210,0.0941,8125.89,0.0,113.24,109.58,109.42,105.58,19.6522,35.2378,22.8175,17.0047,14.2261,13.0318,12.4446,11.9583,11.6262,11.3064,10.9986,10.7024,10.3065,9.8798,9.14777,7.91745,6.40296,5.01715,2.90826
15.829,0.3338,0.0000,0.0000,5,121.85,-8.89,-0.05,-0.6398,0.0927,8102.81,0.0,112.88,109.27,109.08,105.31,19.8218,35.8353,22.6738,16.763,13.9488,12.744,12.1531,11.6645,11.3311,11.0104,10.7021,10.4057,10.0102,9.58465,8.85686,7.63925,6.15122,4.8019,2.76887
15.848,0.3336,0.0000,0.0000,5,121.50,-8.88,-0.04,-0.6584,0.0914,8079.76,0.0,112.54,108.96,108.76,105.02,19.9796,36.5764,22.5365,16.522,13.6701,12.4541,11.8593,11.3681,11.0335,10.7119,10.4031,10.1066,9.7115,9.2871,8.56367,7.35958,5.8993,4.5872,2.63094
15.867,0.3335,0.0000,0.0000,5,121.15,-8.89,-0.05,-0.6768,0.0898,8056.78,0.0,112.21,108.64,108.46,104.72,20.1223,37.5098,22.411,16.2853,13.3928,12.1641,11.565,11.0711,10.735,10.4125,10.1032,9.80651,9.41175,8.98855,8.26928,7.07927,5.6477,4.37333,2.49445
15.892,0.3334,0.0000,0.0000,5,120.80,-8.92,-0.07,-0.6951,0.0876,8033.9,0.0,111.90,108.33,108.16,104.41,20.2508,38.6863,22.297,16.0528,13.1161,11.8736,11.2696,10.7727,10.4351,10.1116,9.8016,9.50474,9.11033,8.68834,7.97338,6.7979,5.39617,4.16034,2.35941
15.910,0.3333,0.0000,0.0000,5,120.46,-8.94,-0.09,-0.7130,0.0855,8011.23,0.0,111.58,108.02,107.85,104.11,20.3673,40.1683,22.1916,15.8218,12.8376,11.5803,10.9708,10.4707,10.1316,9.80692,9.49632,9.19931,8.80538,8.38481,7.6745,6.51423,5.14393,3.94797,2.22569
15.929,0.3333,0.0000,0.0000,5,120.11,-8.91,-0.09,-0.7308,0.0835,7988.94,0.0,111.25,107.71,107.54,103.84,20.4841,41.9886,22.0769,15.5782,12.5456,11.2738,10.6592,10.1561,9.81563,9.49026,9.1794,8.88267,8.48977,8.07126,7.36696,6.22409,4.88841,3.73481,2.09306
15.948,0.3332,0.0000,0.0000,5,119.78,-8.84,-0.09,-0.7482,0.0817,7966.65,0.0,110.91,107.42,107.21,103.58,20.6045,44.2411,21.9604,15.318,12.2368,10.9513,10.3321,9.82631,9.48491,9.15927,8.84876,8.55276,8.16167,7.74616,7.04954,5.92694,4.62934,3.52085,1.96162
15.967,0.3332,0.0000,0.0000,5,119.44,-8.77,-0.09,-0.7653,0.0800,7944.45,0.0,110.58,107.12,106.90,103.30,20.7133,47.2099,21.8741,15.0584,11.9247,10.6247,10.0005,9.49209,9.14953,8.82356,8.5134,8.21828,7.82926,7.41707,6.72887,5.62808,4.37017,3.3082,1.83206
15.992,0.3332,0.0000,0.0000,5,119.11,-8.71,-0.10,-0.7822,0.0780,7922.36,0.0,110.27,106.83,106.61,103.01,20.8065,51.2847,21.8323,14.8052,11.6135,10.2973,9.66769,9.15617,8.81236,8.48579,8.17582,7.88163,7.49472,7.08603,6.40673,5.32889,4.11195,3.09756,1.70478
16.010,0.3331,0.0000,0.0000,5,118.77,-8.67,-0.12,-0.7987,0.0756,7900.41,0.0,109.97,106.52,106.32,102.71,20.8797,57.1108,21.8424,14.5571,11.3013,9.96712,9.33145,8.8165,8.47122,8.14402,7.83408,7.54072,7.15607,6.75117,6.08143,5.0281,3.85383,2.88821,1.57941
16.029,0.3331,0.0000,0.0000,5,118.44,-8.63,-0.14,-0.8150,0.0730,7878.6,0.0,109.68,106.22,106.04,102.42,20.926,65.9475,21.9145,14.3136,10.9871,9.63307,8.99072,8.47203,8.12522,7.79729,7.48747,7.19487,6.81261,6.41183,5.75253,4.72551,3.59617,2.68044,1.45618
16.048,0.3331,0.0000,0.0000,5,118.11,-8.55,-0.14,-0.8308,0.0706,7857.22,0.0,109.37,105.93,105.74,102.15,20.9569,132.741,22.0411,14.062,10.6607,9.28572,8.63673,8.1145,7.76643,7.43817,7.1289,6.83759,6.45826,6.06244,5.41539,4.41801,3.33723,2.47341,1.33495
16.073,0.3331,0.0000,0.0000,5,117.79,-8.44,-0.14,-0.8463,0.0684,7835.86,0.0,109.05,105.66,105.43,101.90,20.9786,127.24,22.2222,13.7943,10.3149,8.91878,8.26358,7.73853,7.38976,7.06186,6.75384,6.46468,6.08949,5.69978,5.06744,4.10402,3.07631,2.2671,1.2157
16.092,0.3331,0.0000,0.0000,5,117.47,-8.33,-0.14,-0.8615,0.0661,7814.62,0.0,108.74,105.37,105.14,101.63,20.9808,121.931,22.5122,13.5285,9.96252,8.54257,7.88065,7.35266,7.00332,6.67595,6.3695,6.08283,5.71246,5.32974,4.71366,3.78733,2.8159,2.06297,1.09875
16.110,0.3331,0.0000,0.0000,5,117.15,-8.26,-0.19,-0.8763,0.0639,7793.48,0.0,108.47,105.09,104.85,101.36,20.9702,116.845,22.9277,13.2556,9.59465,8.14897,7.48021,6.94953,6.60002,6.27378,5.9696,5.68618,5.32177,4.94748,4.35007,3.46524,2.55444,1.86015,0.983906
16.130,0.3331,0.0000,0.0000,5,116.84,-8.20,-0.28,-0.8908,0.0616,7772.54,0.0,108.18,104.83,104.54,101.11,20.9592,112.065,23.4578,12.9519,9.19151,7.72045,7.04607,6.51428,6.1659,5.84224,5.54188,5.26338,4.90731,4.54399,3.9698,3.13328,2.2895,1.65729,0.870903
16.148,0.3331,0.0000,0.0000,5,116.54,-8.26,-0.43,-0.9050,0.0589,7751.85,0.0,107.92,104.55,104.28,100.83,20.9186,107.318,24.3212,12.6745,8.79263,7.28857,6.6058,6.07146,5.72368,5.40235,5.1058,4.83237,4.4851,4.13367,3.58449,2.7993,2.02545,1.45658,0.759953
16.173,0.3331,0.0000,0.0000,5,116.22,-8.26,-0.51,-0.9189,0.0559,7731.98,0.0,107.65,104.25,104.04,100.53,20.8557,102.65,25.6618,12.4154,8.38747,6.84196,6.14823,5.61038,5.26294,4.9441,4.65188,4.38426,4.04713,3.70934,3.18857,2.45986,1.76051,1.25707,0.650829
16.191,0.3331,0.0000,0.0000,5,115.91,-8.22,-0.55,-0.9324,0.0529,7711.8,0.0,107.36,103.96,103.78,100.26,20.7836,98.1617,27.6716,12.1512,7.95441,6.36064,5.65469,5.11375,4.7678,4.45291,4.16686,3.90713,3.58319,3.26245,2.77613,2.1125,1.49406,1.05898,0.544029
16.210,0.3331,0.0000,0.0000,5,115.60,-8.12,-0.55,-0.9455,0.0498,7691.51,0.0,107.07,103.67,103.52,99.99,20.6975,93.7992,30.9454,11.8955,7.49633,5.84226,5.12168,4.57777,4.23417,3.92506,3.64734,3.39804,3.09108,2.79173,2.34696,1.75811,1.22718,0.862997,0.439796
16.230,0.3331,0.0000,0.0000,5,115.28,-8.01,-0.53,-0.9582,0.0465,7671.07,0.0,106.79,103.38,103.26,99.70,20.595,89.5295,36.9338,11.661,7.01244,5.27868,4.53911,3.99184,3.65234,3.3515,3.08539,2.85015,2.56552,2.29356,1.89977,1.39724,0.961184,0.670134,0.338581
16.248,0.3331,0.0000,0.0000,5,114.97,-7.91,-0.50,-0.9704,0.0428,7650.54,0.0,106.52,103.09,103.00,99.42,20.4786,85.3627,50.2769,11.4486,6.48621,4.64154,3.87672,3.32702,2.99521,2.70798,2.45984,2.24545,1.99243,1.75742,1.42871,1.02825,0.695989,0.480799,0.240669
16.273,0.3334,0.4500,0.0000,5,114.66,-7.83,-0.48,-0.9821,0.0388,7630.03,0.0,106.26,102.80,102.74,99.14,20.351,81.3078,119.992,11.2569,5.8845,3.86844,3.06732,2.52018,2.20598,1.94541,1.72939,1.54979,1.34631,1.16529,0.924359,0.648087,0.430844,0.294741,0.146126
16.291,0.3337,0.6975,0.0000,5,114.55,-7.76,-0.46,-0.9933,0.0350,7864.08,0.0,106.02,102.56,104.01,104.01,20.2204,77.4241,114.87,11.0859,5.11467,2.75718,1.89035,1.37772,1.12378,0.936358,0.796319,0.689361,0.577675,0.485738,0.372512,0.252966,0.164893,0.111656,0.0548325
16.310,0.3335,0.8336,0.0000,5,114.59,-7.66,-0.43,-1.0040,0.0317,7990.71,0.0,105.86,102.48,105.65,105.65,-1.0,-1.0,-1.0,-1.0,-1.0,-1.0,-1.0,-1.0,-1.0,-1.0,-1.0,-1.0,-1.0,-1.0,-1.0,-1.0,-1.0,-1.0,-1.0
16.329,0.3334,0.9085,0.0000,5,114.77,-7.56,-0.40,-1.0144,0.0288,8099.42,0.0,105.82,102.53,107.09,107.09,-1.0,-1.0,-1.0,-1.0,-1.0,-1.0,-1.0,-1.0,-1.0,-1.0,-1.0,-1.0,-1.0,-1.0,-1.0,-1.0,-1.0,-1.0,-1.0
16.347,0.3333,0.9497,0.0000,5,115.03,-7.48,-0.38,-1.0243,0.0262,8183.0,0.0,105.91,102.68,108.20,108.20,-1.0,-1.0,-1.0,-1.0,-1.0,-1.0,-1.0,-1.0,-1.0,-1.0,-1.0,-1.0,-1.0,-1.0,-1.0,-1.0,-1.0,-1.0,-1.0
16.373,0.3333,0.9723,0.0000,5,115.34,-7.44,-0.38,-1.0340,0.0238,8248.05,0.0,106.08,102.90,109.07,109.07,-1.0,-1.0,-1.0,-1.0,-1.0,-1.0,-1.0,-1.0,-1.0,-1.0,-1.0,-1.0,-1.0,-1.0,-1.0,-1.0,-1.0,-1.0,-1.0
16.391,0.3336,0.9848,0.0000,5,115.71,-7.45,-0.40,-1.0433,0.0215,8299.04,0.0,106.27,103.18,109.75,109.75,-1.0,-1.0,-1.0,-1.0,-1.0,-1.0,-1.0,-1.0,-1.0,-1.0,-1.0,-1.0,-1.0,-1.0,-1.0,-1.0,-1.0,-1.0,-1.0
16.410,0.3416,0.9916,0.0000,5,115.95,-7.78,-0.59,-1.0527,0.0205,8486.13,0.0,106.33,103.50,112.39,112.39,-1.0,-1.0,-1.0,-1.0,-1.0,-1.0,-1.0,-1.0,-1.0,-1.0,-1.0,-1.0,-1.0,-1.0,-1.0,-1.0,-1.0,-1.0,-1.0
16.429,0.3675,0.9954,0.0000,5,116.27,-7.89,-0.41,-1.0622,0.0195,8575.98,0.0,106.51,103.73,113.42,113.42,-1.0,-1.0,-1.0,-1.0,-1.0,-1.0,-1.0,-1.0,-1.0,-1.0,-1.0,-1.0,-1.0,-1.0,-1.0,-1.0,-1.0,-1.0,-1.0
16.447,0.3881,0.9975,0.0000,5,116.64,-8.00,-0.11,-1.0716,0.0179,8586.49,0.0,106.73,103.89,113.55,113.55,-1.0,-1.0,-1.0,-1.0,-1.0,-1.0,-1.0,-1.0,-1.0,-1.0,-1.0,-1.0,-1.0,-1.0,-1.0,-1.0,-1.0,-1.0,-1.0
16.473,0.3815,0.9986,0.0000,5,116.95,-8.28,-0.21,-1.0811,0.0169,8713.89,0.0,106.84,104.05,115.13,115.13,-1.0,-1.0,-1.0,-1.0,-1.0,-1.0,-1.0,-1.0,-1.0,-1.0,-1.0,-1.0,-1.0,-1.0,-1.0,-1.0,-1.0,-1.0,-1.0
16.492,0.2982,0.9992,0.0000,5,117.28,-8.69,-0.49,-1.0908,0.0169,8873.81,0.0,106.93,104.25,117.37,117.37,-1.0,-1.0,-1.0,-1.0,-1.0,-1.0,-1.0,-1.0,-1.0,-1.0,-1.0,-1.0,-1.0,-1.0,-1.0,-1.0,-1.0,-1.0,-1.0
16.509,0.2684,0.9996,0.0000,5,117.83,-8.79,-0.50,-1.1009,0.0189,8821.71,0.0,107.04,104.75,116.76,116.76,-1.0,-1.0,-1.0,-1.0,-1.0,-1.0,-1.0,-1.0,-1.0,-1.0,-1.0,-1.0,-1.0,-1.0,-1.0,-1.0,-1.0,-1.0,-1.0
16.529,0.2415,0.9998,0.0000,5,118.37,-8.40,-0.15,-1.1112,0.0224,8718.62,0.0,107.44,105.59,115.36,115.36,-1.0,-1.0,-1.0,-1.0,-1.0,-1.0,-1.0,-1.0,-1.0,-1.0,-1.0,-1.0,-1.0,-1.0,-1.0,-1.0,-1.0,-1.0,-1.0
16.548,0.2174,0.9999,0.0000,5,118.75,-8.16,-0.19,-1.1215,0.0261,8818.46,0.0,107.87,106.45,116.67,116.67,-1.0,-1.0,-1.0,-1.0,-1.0,-1.0,-1.0,-1.0,-1.0,-1.0,-1.0,-1.0,-1.0,-1.0,-1.0,-1.0,-1.0,-1.0,-1.0
16.573,0.1956,0.9999,0.0000,5,119.13,-8.07,-0.43,-1.1321,0.0298,8983.4,0.0,108.05,107.22,118.60,118.60,-1.0,-1.0,-1.0,-1.0,-1.0,-1.0,-1.0,-1.0,-1.0,-1.0,-1.0,-1.0,-1.0,-1.0,-1.0,-1.0,-1.0,-1.0,-1.0
16.591,0.1761,0.9999,0.0000,5,119.36,-8.21,-0.73,-1.1430,0.0321,9293.75,0.0,108.54,107.70,122.79,122.79,-1.0,-1.0,-1.0,-1.0,-1.0,-1.0,-1.0,-1.0,-1.0,-1.0,-1.0,-1.0,-1.0,-1.0,-1.0,-1.0,-1.0,-1.0,-1.0
16.610,0.1585,1.0000,0.0000,5,119.75,-8.46,-0.77,-1.1544,0.0327,9422.22,0.0,109.11,108.02,124.59,124.59,-1.0,-1.0,-1.0,-1.0,-1.0,-1.0,-1.0,-1.0,-1.0,-1.0,-1.0,-1.0,-1.0,-1.0,-1.0,-1.0,-1.0,-1.0,-1.0
16.629,0.1426,1.0000,0.0000,5,120.14,-8.85,-0.57,-1.1659,0.0246,9505.57,0.0,110.25,108.27,125.62,125.62,-1.0,-1.0,-1.0,-1.0,-1.0,-1.0,-1.0,-1.0,-1.0,-1.0,-1.0,-1.0,-1.0,-1.0,-1.0,-1.0,-1.0,-1.0,-1.0
16.647,0.1284,1.0000,0.0000,5,120.38,-9.62,-0.57,-1.1765,0.0096,9730.19,0.0,111.32,108.35,128.51,128.51,-1.0,-1.0,-1.0,-1.0,-1.0,-1.0,-1.0,-1.0,-1.0,-1.0,-1.0,-1.0,-1.0,-1.0,-1.0,-1.0,-1.0,-1.0,-1.0
16.672,0.1155,1.0000,0.0000,5,120.83,-10.60,-0.44,-1.1861,-0.0065,9727.7,0.0,111.87,108.50,128.84,128.84,-1.0,-1.0,-1.0,-1.0,-1.0,-1.0,-1.0,-1.0,-1.0,-1.0,-1.0,-1.0,-1.0,-1.0,-1.0,-1.0,-1.0,-1.0,-1.0
16.692,0.1040,1.0000,0.0000,5,121.29,-11.63,-0.58,-1.1950,-0.0214,9738.46,0.0,112.11,108.78,129.38,129.38,-1.0,-1.0,-1.0,-1.0,-1.0,-1.0,-1.0,-1.0,-1.0,-1.0,-1.0,-1.0,-1.0,-1.0,-1.0,-1.0,-1.0,-1.0,-1.0
16.710,0.0936,1.0000,0.0000,5,121.94,-12.34,-0.60,-1.2031,-0.0329,9628.8,0.0,112.14,109.14,127.39,127.39,-1.0,-1.0,-1.0,-1.0,-1.0,-1.0,-1.0,-1.0,-1.0,-1.0,-1.0,-1.0,-1.0,-1.0,-1.0,-1.0,-1.0,-1.0,-1.0
16.729,0.0842,1.0000,0.0000,5,122.63,-12.38,-0.37,-1.2105,-0.0405,9467.17,0.0,112.26,109.85,125.19,125.19,-1.0,-1.0,-1.0,-1.0,-1.0,-1.0,-1.0,-1.0,-1.0,-1.0,-1.0,-1.0,-1.0,-1.0,-1.0,-1.0,-1.0,-1.0,-1.0
16.747,0.0758,1.0000,0.0000,5,123.08,-12.08,-0.18,-1.2169,-0.0466,9537.97,0.0,112.72,110.80,126.01,126.01,-1.0,-1.0,-1.0,-1.0,-1.0,-1.0,-1.0,-1.0,-1.0,-1.0,-1.0,-1.0,-1.0,-1.0,-1.0,-1.0,-1.0,-1.0,-1.0
16.772,0.0682,1.0000,0.0000,5,123.44,-11.86,-0.03,-1.2222,-0.0540,9668.25,0.0,113.33,111.65,128.09,128.09,-1.0,-1.0,-1.0,-1.0,-1.0,-1.0,-1.0,-1.0,-1.0,-1.0,-1.0,-1.0,-1.0,-1.0,-1.0,-1.0,-1.0,-1.0,-1.0
16.791,0.0700,1.0000,0.0000,5,123.61,-12.23,-0.54,-1.2267,-0.0628,10102.8,0.0,113.59,112.02,132.99,132.99,-1.0,-1.0,-1.0,-1.0,-1.0,-1.0,-1.0,-1.0,-1.0,-1.0,-1.0,-1.0,-1.0,-1.0,-1.0,-1.0,-1.0,-1.0,-1.0
16.809,0.1072,1.0000,0.0000,5,123.79,-12.82,-1.11,-1.2306,-0.0716,10499.9,0.0,113.60,112.21,138.46,138.46,-1.0,-1.0,-1.0,-1.0,-1.0,-1.0,-1.0,-1.0,-1.0,-1.0,-1.0,-1.0,-1.0,-1.0,-1.0,-1.0,-1.0,-1.0,-1.0
16.829,0.1459,1.0000,0.0000,5,124.25,-13.09,-0.92,-1.2339,-0.0812,10495.0,0.0,114.05,112.29,139.19,139.19,-1.0,-1.0,-1.0,-1.0,-1.0,-1.0,-1.0,-1.0,-1.0,-1.0,-1.0,-1.0,-1.0,-1.0,-1.0,-1.0,-1.0,-1.0,-1.0
16.847,0.1829,1.0000,0.0000,5,124.80,-13.46,-0.52,-1.2362,-0.0933,10375.6,0.0,114.63,112.30,137.46,137.46,-1.0,-1.0,-1.0,-1.0,-1.0,-1.0,-1.0,-1.0,-1.0,-1.0,-1.0,-1.0,-1.0,-1.0,-1.0,-1.0,-1.0,-1.0,-1.0
16.872,0.2043,1.0000,0.0000,6,125.00,-14.35,-0.71,-1.2375,-0.1073,10639.8,0.0,114.97,112.30,140.33,140.33,-1.0,-1.0,-1.0,-1.0,-1.0,-1.0,-1.0,-1.0,-1.0,-1.0,-1.0,-1.0,-1.0,-1.0,-1.0,-1.0,-1.0,-1.0,-1.0
16.890,0.1858,1.0000,0.0000,6,125.20,-15.44,-1.04,-1.2382,-0.1211,9722.28,0.0,115.07,112.28,139.65,129.71,-1.0,-1.0,-1.0,-1.0,-1.0,-1.0,-1.0,-1.0,-1.0,-1.0,-1.0,-1.0,-1.0,-1.0,-1.0,-1.0,-1.0,-1.0,-1.0
16.909,0.1672,1.0000,0.0000,6,125.58,-16.05,-1.17,-1.2381,-0.1329,9726.52,0.0,115.10,112.42,131.64,118.92,-1.0,-1.0,-1.0,-1.0,-1.0,-1.0,-1.0,-1.0,-1.0,-1.0,-1.0,-1.0,-1.0,-1.0,-1.0,-1.0,-1.0,-1.0,-1.0
16.928,0.1505,1.0000,0.0000,6,125.76,-15.99,-1.05,-1.2369,-0.1417,8199.36,0.0,115.20,112.81,122.47,114.59,-1.0,-1.0,-1.0,-1.0,-1.0,-1.0,-1.0,-1.0,-1.0,-1.0,-1.0,-1.0,-1.0,-1.0,-1.0,-1.0,-1.0,-1.0,-1.0
16.953,0.1354,1.0000,0.0000,6,125.91,-15.59,-0.75,-1.2344,-0.1497,8611.24,0.0,115.42,113.27,124.44,124.44,-1.0,-1.0,-1.0,-1.0,-1.0,-1.0,-1.0,-1.0,-1.0,-1.0,-1.0,-1.0,-1.0,-1.0,-1.0,-1.0,-1.0,-1.0,-1.0
16.972,0.1219,1.0000,0.0000,6,126.02,-15.56,-0.78,-1.2308,-0.1597,8809.84,0.0,115.77,113.58,127.02,127.02,-1.0,-1.0,-1.0,-1.0,-1.0,-1.0,-1.0,-1.0,-1.0,-1.0,-1.0,-1.0,-1.0,-1.0,-1.0,-1.0,-1.0,-1.0,-1.0
16.990,0.1097,1.0000,0.0000,6,126.03,-16.35,-1.37,-1.2257,-0.1720,9177.98,0.0,115.88,113.72,132.39,132.39,-1.0,-1.0,-1.0,-1.0,-1.0,-1.0,-1.0,-1.0,-1.0,-1.0,-1.0,-1.0,-1.0,-1.0,-1.0,-1.0,-1.0,-1.0,-1.0
17.016,0.0987,1.0000,0.0000,6,126.42,-16.59,-1.34,-1.2196,-0.1831,9209.98,0.0,116.11,113.94,132.49,132.49,-1.0,-1.0,-1.0,-1.0,-1.0,-1.0,-1.0,-1.0,-1.0,-1.0,-1.0,-1.0,-1.0,-1.0,-1.0,-1.0,-1.0,-1.0,-1.0
17.034,0.0889,1.0000,0.0000,6,126.88,-16.62,-0.81,-1.2121,-0.1944,9062.11,0.0,116.59,114.20,131.36,131.36,-1.0,-1.0,-1.0,-1.0,-1.0,-1.0,-1.0,-1.0,-1.0,-1.0,-1.0,-1.0,-1.0,-1.0,-1.0,-1.0,-1.0,-1.0,-1.0
17.059,0.0800,1.0000,0.0000,6,127.29,-16.64,-0.72,-1.2030,-0.2049,9081.61,0.0,116.96,114.65,130.83,130.83,-1.0,-1.0,-1.0,-1.0,-1.0,-1.0,-1.0,-1.0,-1.0,-1.0,-1.0,-1.0,-1.0,-1.0,-1.0,-1.0,-1.0,-1.0,-1.0
17.077,0.0720,1.0000,0.0000,6,127.57,-16.87,-1.16,-1.1928,-0.2135,9266.96,0.0,117.10,115.11,133.49,133.49,-1.0,-1.0,-1.0,-1.0,-1.0,-1.0,-1.0,-1.0,-1.0,-1.0,-1.0,-1.0,-1.0,-1.0,-1.0,-1.0,-1.0,-1.0,-1.0
17.103,0.0648,1.0000,0.0000,6,128.08,-16.67,-1.26,-1.1816,-0.2191,9247.29,0.0,117.18,115.60,133.86,133.86,-1.0,-1.0,-1.0,-1.0,-1.0,-1.0,-1.0,-1.0,-1.0,-1.0,-1.0,-1.0,-1.0,-1.0,-1.0,-1.0,-1.0,-1.0,-1.0
17.121,0.0583,1.0000,0.0000,6,128.71,-15.86,-1.03,-1.1691,-0.2228,9161.78,0.0,117.47,116.37,132.00,132.00,-1.0,-1.0,-1.0,-1.0,-1.0,-1.0,-1.0,-1.0,-1.0,-1.0,-1.0,-1.0,-1.0,-1.0,-1.0,-1.0,-1.0,-1.0,-1.0
17.146,0.0525,1.0000,0.0000,6,129.13,-15.16,-0.96,-1.1551,-0.2276,9211.14,0.0,118.02,117.14,132.91,132.91,-1.0,-1.0,-1.0,-1.0,-1.0,-1.0,-1.0,-1.0,-1.0,-1.0,-1.0,-1.0,-1.0,-1.0,-1.0,-1.0,-1.0,-1.0,-1.0
17.165,-0.0430,1.0000,0.0000,6,129.36,-15.05,-1.36,-1.1400,-0.2344,9498.04,0.0,118.47,117.52,136.71,136.71,-1.0,-1.0,-1.0,-1.0,-1.0,-1.0,-1.0,-1.0,-1.0,-1.0,-1.0,-1.0,-1.0,-1.0,-1.0,-1.0,-1.0,-1.0,-1.0
17.190,-0.1448,1.0000,0.0000,6,129.61,-15.13,-1.73,-1.1239,-0.2415,9750.16,0.0,119.16,118.03,140.20,140.20,-1.0,-1.0,-1.0,-1.0,-1.0,-1.0,-1.0,-1.0,-1.0,-1.0,-1.0,-1.0,-1.0,-1.0,-1.0,-1.0,-1.0,-1.0,-1.0
17.209,-0.2211,1.0000,0.0000,6,130.28,-14.89,-1.28,-1.1067,-0.2494,9547.37,0.0,120.81,118.67,138.25,138.25,-1.0,-1.0,-1.0,-1.0,-1.0,-1.0,-1.0,-1.0,-1.0,-1.0,-1.0,-1.0,-1.0,-1.0,-1.0,-1.0,-1.0,-1.0,-1.0
17.234,-0.2783,1.0000,0.0000,6,131.07,-14.65,-0.88,-1.0880,-0.2558,9322.24,0.0,121.35,119.72,134.72,134.72,-1.0,-1.0,-1.0,-1.0,-1.0,-1.0,-1.0,-1.0,-1.0,-1.0,-1.0,-1.0,-1.0,-1.0,-1.0,-1.0,-1.0,-1.0,-1.0
17.253,-0.3212,1.0000,0.0000,6,131.73,-14.01,-0.94,-1.0681,-0.2559,9306.37,0.0,121.49,121.16,134.12,134.12,-1.0,-1.0,-1.0,-1.0,-1.0,-1.0,-1.0,-1.0,-1.0,-1.0,-1.0,-1.0,-1.0,-1.0,-1.0,-1.0,-1.0,-1.0,-1.0
17.277,-0.3534,1.0000,0.0000,6,132.58,-12.50,-1.03,-1.0475,-0.2483,9178.34,0.0,121.42,122.48,132.57,132.57,-1.0,-1.0,-1.0,-1.0,-1.0,-1.0,-1.0,-1.0,-1.0,-1.0,-1.0,-1.0,-1.0,-1.0,-1.0,-1.0,-1.0,-1.0,-1.0
17.303,-0.3776,1.0000,0.0000,6,133.52,-10.08,-1.04,-1.0262,-0.2328,9006.94,0.0,121.44,124.05,130.06,130.06,-1.0,-1.0,-1.0,-1.0,-1.0,-1.0,-1.0,-1.0,-1.0,-1.0,-1.0,-1.0,-1.0,-1.0,-1.0,-1.0,-1.0,-1.0,-1.0
17.322,-0.3957,1.0000,0.0000,6,134.30,-7.12,-1.19,-1.0044,-0.2102,8966.6,0.0,121.36,125.68,129.37,129.37,-1.0,-1.0,-1.0,-1.0,-1.0,-1.0,-1.0,-1.0,-1.0,-1.0,-1.0,-1.0,-1.0,-1.0,-1.0,-1.0,-1.0,-1.0,-1.0
17.346,-0.4092,1.0000,0.0000,6,135.38,-3.92,-1.10,-0.9828,-0.1824,8610.16,0.0,121.39,126.95,124.44,124.44,14.4439,24.1952,30.7363,37.2535,42.154,44.9407,46.529,47.9803,49.0537,50.1587,51.2961,52.4672,54.1648,56.1917,60.2553,69.5254,3.82208,0.694518,0.18203
17.365,-0.4194,1.0000,0.0000,6,135.87,-1.09,-1.13,-0.9619,-0.1534,8682.83,0.0,121.53,127.58,125.45,125.45,14.5893,25.2436,32.2684,39.2853,44.5787,47.5944,49.3146,50.8872,52.0509,53.2491,54.4831,55.7538,57.5967,59.7978,64.2139,74.2998,4.08316,1.29027,0.387189
17.390,-0.4271,1.0000,0.0000,6,136.20,1.59,-1.26,-0.9422,-0.1231,8839.76,0.0,121.48,127.80,127.38,127.38,14.7772,26.4412,34.0097,41.6117,47.3659,50.6495,52.5238,54.2384,55.5074,56.8147,58.1617,59.5486,61.5612,63.9658,68.7928,79.8286,4.02271,1.67551,0.56399
17.409,-0.4328,1.0000,0.0000,6,136.46,4.33,-1.34,-0.9240,-0.0911,8959.78,0.0,121.29,127.92,129.31,129.31,15.0211,27.8212,36.0418,44.3451,50.6507,54.2544,56.313,58.197,59.592,61.0296,62.5105,64.0366,66.251,68.8979,74.2141,14.6894,3.86342,1.91471,0.712759
17.434,-0.4371,1.0000,0.0000,6,136.62,7.31,-1.37,-0.9074,-0.0568,9097.29,0.0,120.98,128.00,131.47,131.47,15.3385,29.455,38.4756,47.6386,54.6185,58.6136,60.8971,62.988,64.5363,66.1323,67.7769,69.472,71.9324,74.8739,80.7836,8.5079,3.6542,2.04724,0.834308
17.453,-0.4403,1.0000,0.0000,6,136.74,10.24,-1.36,-0.8927,-0.0216,9187.35,0.0,120.64,127.96,132.58,132.58,15.7247,31.3157,41.2754,51.4482,59.2193,63.6724,66.2193,68.5518,70.2797,72.0609,73.8967,75.7889,78.5364,81.8215,13.3484,6.41047,3.44746,2.11043,0.930924
17.478,-0.4023,1.0000,0.0000,6,136.86,12.92,-1.23,-0.8799,0.0131,9200.12,0.0,120.35,127.75,132.65,132.65,16.1645,33.3279,44.3315,55.6275,64.2779,69.2396,72.0784,74.6792,76.606,78.5925,80.64,82.751,16.8588,12.7103,8.70076,5.34235,3.26408,2.13173,1.00561
17.497,-0.3621,1.0000,0.0000,6,136.97,15.11,-1.01,-0.8694,0.0450,9172.83,0.0,120.33,127.50,132.37,132.37,16.6268,35.3446,47.4187,59.8697,69.4239,74.9085,78.0476,80.9236,83.0547,17.5153,14.598,12.5593,10.5064,8.85406,6.84063,4.70924,3.11297,2.13042,1.06132
17.521,-0.3259,1.0000,0.0000,6,137.04,16.81,-0.87,-0.8612,0.0731,9198.78,0.0,120.51,127.19,132.71,132.71,17.0866,37.2476,50.3521,63.9188,74.3472,80.3379,83.7674,14.9701,12.9435,11.4009,10.1876,9.20827,8.11692,7.14982,5.84684,4.29189,2.98711,2.11504,1.10037
17.541,-0.2933,1.0000,0.0000,6,137.09,18.13,-0.78,-0.8552,0.0981,9257.28,0.0,120.80,126.90,133.54,133.54,17.5447,39.0367,53.127,67.7648,79.0342,16.0717,12.7053,10.7842,9.73374,8.87041,8.14826,7.53542,6.81835,6.15058,5.19872,3.97652,2.87026,2.0856,1.12411
17.566,-0.2640,1.0000,0.0000,6,137.15,19.20,-0.73,-0.8514,0.1211,9328.41,0.0,121.14,126.72,134.56,134.56,18.0173,40.7762,55.839,71.5366,83.6379,11.5274,9.77026,8.62171,7.95451,7.38367,6.88973,6.45822,5.93831,5.43889,4.70024,3.70253,2.74789,2.03887,1.13264
17.585,-0.2376,1.0000,0.0000,6,137.23,20.14,-0.70,-0.8497,0.1426,9398.54,0.0,121.47,126.64,135.58,135.58,18.4952,42.4996,58.5385,75.3012,12.4063,9.13001,8.00473,7.22656,6.7579,6.34679,5.98324,5.6595,5.26162,4.87112,4.2781,3.44634,2.61545,1.9749,1.12662
17.609,-0.2138,1.0000,0.0000,6,137.34,20.93,-0.69,-0.8501,0.1628,9458.67,0.0,121.81,126.63,136.46,136.46,18.9656,44.2107,61.23,79.0634,9.68659,7.56511,6.7755,6.2094,5.8602,5.54859,5.26883,5.01628,4.7014,4.38745,3.9011,3.19874,2.47249,1.89506,1.1069
17.629,-0.1924,1.0000,0.0000,6,137.52,21.51,-0.66,-0.8527,0.1815,9478.96,0.0,122.18,126.67,136.77,136.77,19.4212,45.8752,63.8573,82.7451,7.92861,6.43042,5.84314,5.41155,5.1408,4.8962,4.67415,4.47171,4.21657,3.95913,3.55417,2.95578,2.31955,1.80061,1.07387
17.654,-0.1732,1.0000,0.0000,6,137.74,21.83,-0.62,-0.8574,0.1984,9497.34,0.0,122.62,126.74,137.03,137.03,19.8484,47.4195,66.3021,11.2603,6.67513,5.55272,5.09701,4.75623,4.53983,4.34257,4.16205,3.99624,3.78559,3.5711,3.22972,2.71617,2.1579,1.69297,1.02792
17.673,-0.0961,1.0000,0.0000,6,137.99,21.92,-0.61,-0.8641,0.2133,9519.14,0.0,123.11,126.84,137.35,137.35,20.2407,48.8099,68.5085,8.96184,5.70235,4.82886,4.46528,4.18991,4.01349,3.8516,3.70254,3.56485,3.38884,3.2084,2.91857,2.47641,1.98716,1.57277,0.969592
17.697,0.0404,1.0000,0.0000,6,138.29,21.82,-0.60,-0.8730,0.2265,9539.5,0.0,123.87,127.20,137.64,137.64,20.6029,50.0593,70.4936,7.32006,4.88441,4.19119,3.89726,3.67249,3.52749,3.39376,3.27004,3.15525,3.00781,2.85583,2.60995,2.23058,1.80471,1.43894,0.898769
17.717,0.1428,1.0000,0.0000,6,138.64,21.52,-0.58,-0.8839,0.2382,9554.9,0.0,125.18,128.02,137.87,137.87,20.9396,51.1822,72.2778,6.01363,4.15434,3.60116,3.36323,3.17991,3.06101,2.95089,2.84863,2.75343,2.63068,2.50358,2.29675,1.97465,1.60872,1.29076,0.815412
17.742,0.2196,1.0000,0.0000,6,139.05,21.10,-0.58,-0.8969,0.2487,9562.14,0.0,126.58,128.97,137.98,137.98,21.2504,52.1736,73.8518,4.90281,3.47665,3.0378,2.84692,2.69896,2.60259,2.51304,2.42963,2.35175,2.25102,2.14635,1.9752,1.70662,1.39847,1.12806,0.719655
17.761,0.2772,1.0000,0.0000,6,139.55,20.48,-0.52,-0.9119,0.2570,9558.71,0.0,127.84,129.64,137.94,137.94,21.5108,52.9116,75.0171,3.93368,2.8411,2.4968,2.34583,2.22829,2.15149,2.07996,2.01318,1.95069,1.86969,1.7853,1.6468,1.42821,1.17553,0.952136,0.612093
17.786,0.3204,1.0000,0.0000,6,140.15,19.56,-0.48,-0.9287,0.2616,9537.79,0.0,129.00,129.99,137.66,137.66,21.6707,53.1556,10.6211,3.07738,2.24366,1.9777,1.86059,1.7692,1.70938,1.6536,1.60146,1.55262,1.48923,1.42309,1.31434,1.14218,0.942359,0.764993,0.493862
17.804,0.3528,1.0000,0.0000,6,140.89,18.05,-0.36,-0.9473,0.2608,9475.17,0.0,130.41,130.15,136.80,136.80,21.6771,52.654,6.46009,2.28951,1.66667,1.46838,1.38113,1.31307,1.26853,1.227,1.1882,1.15186,1.1047,1.0555,0.974641,0.846695,0.69829,0.56665,0.365559
17.829,0.3771,1.0000,0.0000,6,141.75,15.80,-0.32,-0.9673,0.2530,9397.97,0.0,131.92,130.19,135.54,135.54,21.4875,51.217,4.56121,1.50234,1.07582,0.942902,0.884837,0.839724,0.81029,0.782906,0.757369,0.733499,0.702588,0.670423,0.617726,0.534784,0.439241,0.355075,0.227432
17.848,0.3953,1.0000,0.0000,6,142.71,12.68,-0.28,-0.9887,0.2370,9287.94,0.0,133.43,130.12,133.82,133.82,21.0897,48.8273,2.46589,0.592975,0.408263,0.353543,0.330041,0.311947,0.300217,0.289358,0.279279,0.269898,0.257807,0.245294,0.224942,0.193278,0.15735,0.126168,0.0796102
17.873,0.4090,1.0000,0.0000,6,143.71,8.71,-0.42,-1.0110,0.2128,9174.9,0.0,133.91,130.00,132.25,132.25,-1.0,-1.0,-1.0,-1.0,-1.0,-1.0,-1.0,-1.0,-1.0,-1.0,-1.0,-1.0,-1.0,-1.0,-1.0,-1.0,-1.0,-1.0,-1.0
17.891,0.4192,0.5500,0.0000,6,144.45,4.81,-0.52,-1.0336,0.1838,9189.84,0.0,134.72,129.88,132.53,132.53,-1.0,-1.0,-1.0,-1.0,-1.0,-1.0,-1.0,-1.0,-1.0,-1.0,-1.0,-1.0,-1.0,-1.0,-1.0,-1.0,-1.0,-1.0,-1.0
17.917,0.4269,0.3025,0.0000,6,144.81,1.43,-0.69,-1.0557,0.1542,9089.91,0.0,134.94,129.80,131.16,131.16,-1.0,-1.0,-1.0,-1.0,-1.0,-1.0,-1.0,-1.0,-1.0,-1.0,-1.0,-1.0,-1.0,-1.0,-1.0,-1.0,-1.0,-1.0,-1.0
17.935,0.4327,0.1664,0.0000,6,144.79,-1.38,-0.79,-1.0763,0.1201,9003.22,0.0,135.27,129.58,129.96,129.96,-1.0,-1.0,-1.0,-1.0,-1.0,-1.0,-1.0,-1.0,-1.0,-1.0,-1.0,-1.0,-1.0,-1.0,-1.0,-1.0,-1.0,-1.0,-1.0
17.960,0.4370,0.0915,0.0000,6,144.52,-4.34,-0.66,-1.0943,0.0797,8907.07,0.0,135.40,129.01,131.01,126.10,-1.0,-1.0,-1.0,-1.0,-1.0,-1.0,-1.0,-1.0,-1.0,-1.0,-1.0,-1.0,-1.0,-1.0,-1.0,-1.0,-1.0,-1.0,-1.0
17.978,0.4403,0.0503,0.0000,6,144.12,-7.62,-0.97,-1.1093,0.0381,8850.88,0.0,135.29,128.33,131.10,124.38,-1.0,-1.0,-1.0,-1.0,-1.0,-1.0,-1.0,-1.0,-1.0,-1.0,-1.0,-1.0,-1.0,-1.0,-1.0,-1.0,-1.0,-1.0,-1.0
18.004,0.4427,0.0277,0.0000,6,143.55,-10.44,-0.90,-1.1216,-0.0020,8801.26,0.0,134.78,127.68,130.50,123.56,-1.0,-1.0,-1.0,-1.0,-1.0,-1.0,-1.0,-1.0,-1.0,-1.0,-1.0,-1.0,-1.0,-1.0,-1.0,-1.0,-1.0,-1.0,-1.0
18.029,0.4445,0.0152,0.0000,6,142.84,-12.47,-0.22,-1.1305,-0.0396,8744.72,0.0,133.72,126.95,129.55,122.89,-1.0,-1.0,-1.0,-1.0,-1.0,-1.0,-1.0,-1.0,-1.0,-1.0,-1.0,-1.0,-1.0,-1.0,-1.0,-1.0,-1.0,-1.0,-1.0
18.047,0.4459,0.0084,0.0000,6,142.12,-14.41,0.12,-1.1360,-0.0760,8696.23,0.0,132.77,126.14,128.78,122.24,-1.0,-1.0,-1.0,-1.0,-1.0,-1.0,-1.0,-1.0,-1.0,-1.0,-1.0,-1.0,-1.0,-1.0,-1.0,-1.0,-1.0,-1.0,-1.0
18.072,0.4413,0.0046,0.0000,6,141.43,-17.13,-0.36,-1.1387,-0.1125,8652.94,0.0,132.59,125.37,128.23,121.55,-1.0,-1.0,-1.0,-1.0,-1.0,-1.0,-1.0,-1.0,-1.0,-1.0,-1.0,-1.0,-1.0,-1.0,-1.0,-1.0,-1.0,-1.0,-1.0
18.091,0.3531,0.0025,0.0000,6,140.65,-18.95,-0.17,-1.1387,-0.1460,8603.2,0.0,131.64,124.67,127.33,121.02,-1.0,-1.0,-1.0,-1.0,-1.0,-1.0,-1.0,-1.0,-1.0,-1.0,-1.0,-1.0,-1.0,-1.0,-1.0,-1.0,-1.0,-1.0,-1.0
18.116,0.3178,0.4514,0.0000,6,139.85,-20.24,0.23,-1.1356,-0.1771,8553.88,0.0,130.55,124.22,126.41,120.52,-1.0,-1.0,-1.0,-1.0,-1.0,-1.0,-1.0,-1.0,-1.0,-1.0,-1.0,-1.0,-1.0,-1.0,-1.0,-1.0,-1.0,-1.0,-1.0
18.134,0.2860,0.6983,0.0000,6,139.29,-22.07,-0.17,-1.1298,-0.2076,8894.3,0.0,130.05,123.84,128.28,128.28,-1.0,-1.0,-1.0,-1.0,-1.0,-1.0,-1.0,-1.0,-1.0,-1.0,-1.0,-1.0,-1.0,-1.0,-1.0,-1.0,-1.0,-1.0,-1.0
18.160,0.1297,0.8340,0.0000,6,138.84,-23.85,-0.60,-1.1217,-0.2361,9127.4,0.0,129.89,123.57,131.60,131.60,-1.0,-1.0,-1.0,-1.0,-1.0,-1.0,-1.0,-1.0,-1.0,-1.0,-1.0,-1.0,-1.0,-1.0,-1.0,-1.0,-1.0,-1.0,-1.0
18.178,-0.0152,0.9087,0.0000,6,138.56,-24.67,-0.45,-1.1110,-0.2624,9328.8,0.0,129.12,123.81,134.51,134.51,-1.0,-1.0,-1.0,-1.0,-1.0,-1.0,-1.0,-1.0,-1.0,-1.0,-1.0,-1.0,-1.0,-1.0,-1.0,-1.0,-1.0,-1.0,-1.0
18.203,-0.1239,0.9498,0.0000,6,138.33,-25.63,-0.55,-1.0974,-0.2884,9574.45,0.0,129.15,124.53,137.95,137.95,-1.0,-1.0,-1.0,-1.0,-1.0,-1.0,-1.0,-1.0,-1.0,-1.0,-1.0,-1.0,-1.0,-1.0,-1.0,-1.0,-1.0,-1.0,-1.0
18.222,-0.2054,0.9724,0.0000,6,138.13,-26.93,-0.70,-1.0813,-0.3158,9805.08,0.0,129.63,125.08,141.40,141.40,-1.0,-1.0,-1.0,-1.0,-1.0,-1.0,-1.0,-1.0,-1.0,-1.0,-1.0,-1.0,-1.0,-1.0,-1.0,-1.0,-1.0,-1.0,-1.0
18.247,-0.2666,0.9848,0.0000,6,138.09,-28.02,-0.54,-1.0625,-0.3427,9893.86,0.0,130.03,125.57,142.74,142.74,-1.0,-1.0,-1.0,-1.0,-1.0,-1.0,-1.0,-1.0,-1.0,-1.0,-1.0,-1.0,-1.0,-1.0,-1.0,-1.0,-1.0,-1.0,-1.0
18.266,-0.3124,0.9916,0.0000,6,138.16,-28.85,-0.29,-1.0409,-0.3674,9943.92,0.0,130.26,126.17,143.45,143.45,-1.0,-1.0,-1.0,-1.0,-1.0,-1.0,-1.0,-1.0,-1.0,-1.0,-1.0,-1.0,-1.0,-1.0,-1.0,-1.0,-1.0,-1.0,-1.0
18.291,-0.3468,0.9954,0.0000,6,138.11,-29.84,-0.53,-1.0168,-0.3907,10165.0,0.0,130.42,126.65,146.56,146.56,-1.0,-1.0,-1.0,-1.0,-1.0,-1.0,-1.0,-1.0,-1.0,-1.0,-1.0,-1.0,-1.0,-1.0,-1.0,-1.0,-1.0,-1.0,-1.0
18.310,-0.3726,0.9975,0.0000,6,138.22,-30.62,-0.50,-0.9902,-0.4130,10250.3,0.0,130.58,127.00,147.90,147.90,12.7477,16.9366,19.2489,21.4761,23.1278,24.0634,24.5964,25.0837,25.4442,25.8157,26.1984,26.593,27.1659,27.8518,29.2348,32.4385,39.4807,54.9204,0.161625
18.334,-0.3919,0.5486,0.0000,6,138.49,-30.96,-0.26,-0.9611,-0.4329,10229.6,0.0,130.73,127.55,147.64,147.64,12.4767,16.4028,18.5711,20.6543,22.1959,23.0679,23.5643,24.0178,24.3533,24.6989,25.0547,25.4214,25.9537,26.5906,27.8737,30.841,37.3461,51.575,0.680431
18.353,-0.4065,0.3017,0.0000,6,138.85,-30.92,-0.33,-0.9293,-0.4499,9879.34,0.0,130.89,128.23,142.80,142.80,12.2074,15.9075,17.9535,19.9155,21.365,22.1839,22.6499,23.0754,23.3902,23.7142,24.0478,24.3915,24.8902,25.4866,26.6874,29.4611,35.5286,48.7781,1.30355
18.378,-0.4173,0.1660,0.0000,6,139.25,-30.17,-0.35,-0.8948,-0.4629,9413.37,0.0,130.99,129.06,136.08,136.08,11.9415,15.4601,17.409,19.2761,20.6539,21.432,21.8744,22.2785,22.5772,22.8847,23.2013,23.5274,24.0004,24.5661,25.7045,28.3321,34.074,46.6076,2.0299
18.403,-0.4255,0.0913,0.0000,6,139.59,-28.69,-0.38,-0.8576,-0.4711,9037.16,0.0,130.90,129.96,130.58,130.61,11.6795,15.0653,16.9441,18.7436,20.0713,20.821,21.2473,21.6366,21.9243,22.2205,22.5256,22.8396,23.2954,23.8403,24.9367,27.4677,33.0002,45.096,2.83838
18.422,-0.4316,0.0502,0.0000,6,139.87,-26.47,-0.42,-0.8177,-0.4738,8785.46,0.0,130.61,130.82,126.66,127.13,11.421,14.7221,16.557,18.3157,19.6143,20.3477,20.765,21.146,21.4277,21.7177,22.0163,22.3239,22.7703,23.3041,24.3788,26.8614,32.298,44.233,3.69172
18.446,-0.4362,0.0276,0.0000,6,140.13,-23.54,-0.44,-0.7753,-0.4707,8641.65,0.0,130.11,131.59,124.07,125.45,11.1663,14.4298,16.2468,17.9914,19.2814,20.0108,20.426,20.8053,21.0859,21.3747,21.6723,21.9788,22.424,22.9565,24.0295,26.5123,31.9696,44.0321,4.53806
18.466,-0.4397,0.0152,0.0000,6,140.37,-19.91,-0.46,-0.7306,-0.4614,8575.2,0.0,129.43,132.31,122.45,125.08,10.9179,14.1957,16.0234,17.7837,19.0887,19.828,20.2492,20.6342,20.9191,21.2127,21.5153,21.8271,22.2802,22.8228,23.9172,26.4573,32.073,44.6123,5.31471
18.491,-0.4422,0.0084,0.0000,6,140.60,-15.55,-0.46,-0.6839,-0.4445,8559.61,0.0,128.53,133.08,121.33,125.69,10.6831,14.0399,15.9161,17.7314,19.083,19.8508,20.2889,20.6898,20.9868,21.293,21.6089,21.9347,22.4085,22.9765,24.1248,26.8013,32.7704,46.2934,5.94638
18.509,-0.4442,0.0046,0.0000,6,140.75,-10.53,-0.46,-0.6356,-0.4184,8572.8,0.0,127.41,133.87,120.37,127.01,10.4723,13.9906,15.9656,17.8902,19.3322,20.1548,20.6253,21.0565,21.3764,21.7066,22.0475,22.3997,22.9125,23.5285,24.7776,27.7072,34.3227,49.603,6.37818
18.534,-0.4456,0.0025,0.0000,6,140.77,-5.62,-0.45,-0.5865,-0.3850,8581.29,0.0,126.33,134.27,119.65,128.00,10.2899,14.0483,16.1743,18.267,19.8485,20.7558,21.2763,21.7545,22.1098,22.4773,22.8571,23.2502,23.8236,24.5141,25.9199,29.2447,36.8736,54.9014,6.63596
18.553,-0.4467,0.0014,0.0000,6,140.61,-1.32,-0.44,-0.5380,-0.3487,8572.94,0.0,125.51,134.02,119.26,128.17,10.1297,14.1747,16.4896,18.7959,20.5571,21.5744,22.1604,22.7,23.1018,23.5179,23.9491,24.3959,25.0495,25.839,27.4531,31.3084,40.3133,62.0725,6.8061
18.578,-0.4475,0.0008,0.0000,6,140.29,2.58,-0.43,-0.4905,-0.3120,8553.67,0.0,124.77,133.43,118.92,127.97,9.98756,14.3498,16.8845,19.4456,21.4248,22.5769,23.2431,23.8586,24.3179,24.7947,25.2896,25.8036,26.5573,27.4706,29.3478,33.878,44.6545,71.1822,6.93437
18.597,-0.4481,0.0004,0.0000,6,139.81,6.24,-0.41,-0.4445,-0.2755,8527.21,0.0,124.02,132.66,118.54,127.59,9.86214,14.5692,17.3558,20.2163,22.4565,23.7715,24.5357,25.2435,25.7733,26.3245,26.8979,27.4949,28.3724,29.4394,31.6447,37.0242,50.0454,82.5239,7.03804
18.622,-0.4486,0.0002,0.0000,6,139.21,9.67,-0.40,-0.4000,-0.2396,8493.93,0.0,123.23,131.77,118.12,127.07,9.752,14.8314,17.9051,21.1163,23.6677,25.1794,26.0622,26.8831,27.4989,28.1412,28.8109,29.5097,30.54,31.7975,34.4103,40.852,56.6809,98.1704,7.12649
18.640,-0.4490,0.0001,0.0000,6,138.49,12.91,-0.38,-0.3573,-0.2047,8455.4,0.0,122.39,130.79,117.64,126.44,9.65597,15.1366,18.5372,22.1586,25.0818,26.8308,27.8577,28.8158,29.5368,30.2906,31.0785,31.9027,33.1212,34.6136,37.7317,45.4937,64.7791,120.322,7.20492
18.666,-0.4492,0.0001,0.0000,6,137.68,15.94,-0.38,-0.3162,-0.1709,8412.17,0.0,121.50,129.74,117.11,125.72,9.5733,15.4867,19.2598,23.3627,26.7306,28.7669,29.9693,31.0952,31.9448,32.8349,33.768,34.7459,36.1963,37.9787,41.7208,51.111,74.5724,131.687,7.27629
18.685,-0.4494,0.0000,0.0000,6,136.78,18.79,-0.37,-0.2769,-0.1382,8364.77,0.0,120.57,128.63,116.53,124.94,9.50348,15.8857,20.0853,24.7558,28.6587,31.0438,32.4599,33.7905,34.7982,35.8556,36.967,38.134,39.8692,42.0079,46.5176,57.8937,86.867,43.0292,7.34194
18.710,-0.4496,0.0000,0.0000,6,135.82,21.45,-0.38,-0.2392,-0.1064,8313.68,0.0,119.59,127.48,115.89,124.11,9.44612,16.3382,21.0282,26.3715,30.9198,33.7296,35.4067,36.9883,38.1886,39.4512,40.7806,42.1794,44.2637,46.8377,52.2807,66.0416,104.565,28.2955,7.40269
18.729,-0.4497,0.0000,0.0000,6,134.80,23.92,-0.38,-0.2034,-0.0757,8259.36,0.0,118.58,126.28,115.22,123.22,9.40114,16.85,22.1066,28.2501,33.5795,36.9062,38.9014,40.7887,42.224,43.7366,45.3311,47.0117,49.5184,52.6195,59.1816,75.7459,122.516,23.7135,7.45889
18.754,-0.4497,0.4500,0.0000,6,133.73,26.21,-0.38,-0.1693,-0.0461,8202.24,0.0,117.53,125.04,114.50,122.29,9.36834,17.4276,23.341,30.4395,36.7141,40.6678,43.049,45.3065,47.0258,48.8398,50.7534,52.7714,55.7843,59.5106,67.3894,88.2962,130.853,21.0622,7.51095
18.772,-0.4498,0.6975,0.0000,6,132.58,28.31,-0.38,-0.1369,-0.0178,8222.16,0.0,116.46,123.76,118.50,118.50,9.34497,18.0661,24.7342,32.9603,40.3618,45.0624,47.9014,50.5968,52.6507,54.8188,57.1057,59.5179,63.1163,67.5629,77.0084,106.163,136.603,19.2979,7.56172
18.798,-0.4498,0.8336,0.0000,6,131.60,30.14,-0.38,-0.1063,0.0089,8521.51,0.0,115.40,122.45,122.82,122.82,9.3273,18.7532,26.2737,35.8059,44.5195,50.0846,53.4507,56.6462,59.0813,61.6508,64.3591,67.2136,71.465,76.8061,89.3447,120.895,38.819,18.0512,7.6139
18.817,-0.4071,0.9085,0.0000,6,130.80,31.78,-0.37,-0.0773,0.0340,8777.11,0.0,114.42,121.21,126.52,126.52,9.31576,19.4949,27.9799,39.0218,49.248,55.7993,59.7602,63.5184,66.3797,69.394,72.5698,76.0082,81.417,88.6435,106.407,127.919,31.1468,17.1176,7.6658
18.842,-0.3664,0.9497,0.0000,6,130.14,33.25,-0.37,-0.0501,0.0577,8986.48,0.0,113.71,120.22,129.56,129.56,9.31017,20.2961,29.8717,42.6463,54.5942,62.2493,66.8702,71.2466,74.646,78.394,82.5434,87.165,94.5908,104.814,119.209,132.859,27.2748,16.391,7.71651
18.860,-0.3298,0.9723,0.0000,6,129.60,34.56,-0.37,-0.0245,0.0799,9155.92,0.0,113.23,119.46,132.03,132.03,9.30955,21.1552,31.9549,46.6935,60.559,69.4217,74.8828,80.426,84.924,89.9614,95.6423,102.097,111.402,117.601,125.55,136.622,24.8006,15.8132,7.76613
18.886,-0.2968,0.9848,0.0000,6,129.16,35.70,-0.37,-0.0006,0.1006,9291.04,0.0,112.93,118.87,133.99,133.99,9.31203,22.0636,34.2193,51.1405,67.0884,77.6487,84.7566,92.1532,98.2893,105.309,111.395,115.363,119.7,123.769,130.011,43.387,23.0667,15.3496,7.81518
18.904,-0.2671,0.9916,0.0000,6,128.81,36.65,-0.37,0.0218,0.1197,9400.12,0.0,112.76,118.40,135.58,135.58,9.31586,23.0099,36.6448,55.9346,74.2789,87.8209,97.3112,107.315,112.276,115.88,118.878,121.504,124.76,128.052,133.377,35.9398,21.7893,14.9766,7.86391
18.929,-0.2404,0.9954,0.0000,6,128.54,37.43,-0.38,0.0426,0.1372,9487.7,0.0,112.71,118.03,136.86,136.86,9.32,23.9847,39.2079,61.0181,82.8536,100.641,110.691,115.762,118.667,121.229,123.548,125.679,128.416,131.263,135.982,32.0128,20.8166,14.6745,7.91197
18.947,-0.2164,0.9975,0.0000,6,128.35,38.02,-0.39,0.0618,0.1532,9555.12,0.0,112.74,117.74,137.84,137.84,9.32482,24.9839,41.8967,66.3404,93.3074,111.699,116.89,120.543,122.85,124.972,126.944,128.793,131.204,133.749,47.2431,29.4544,20.0528,14.4266,7.95834
18.972,-0.1947,0.9986,0.0000,6,128.22,38.46,-0.40,0.0795,0.1680,9608.86,0.0,112.85,117.54,138.62,138.62,9.33147,26.0097,44.7082,72.0959,105.858,116.928,120.921,123.961,125.945,127.803,129.554,131.21,133.39,95.5746,39.9873,27.6167,19.435,14.2182,8.00195
18.992,-0.1752,0.9992,0.0000,6,128.15,38.75,-0.41,0.0956,0.1816,9652.43,0.0,113.01,117.40,139.26,139.26,9.34216,27.0712,47.6555,78.7889,112.499,120.522,123.918,126.587,128.358,130.033,131.622,133.135,89.1354,47.5702,35.9583,26.2083,18.9183,14.0368,8.04137
19.017,-0.1577,0.9996,0.0000,6,128.12,38.92,-0.42,0.1102,0.1943,9685.71,0.0,113.22,117.34,139.75,139.75,9.35917,28.1834,50.7613,86.7585,116.539,123.262,126.275,128.685,130.298,131.834,133.298,79.4359,49.297,41.2127,33.2072,25.0731,18.4714,13.8729,8.0753
19.036,-0.1018,0.9998,0.0000,6,128.14,38.99,-0.42,0.1232,0.2062,9711.2,0.0,113.45,117.34,140.12,140.12,9.38472,29.3573,54.0445,96.4847,119.524,125.45,128.186,130.398,131.889,133.313,62.9918,50.1234,42.6059,37.3621,31.14,24.1227,18.0731,13.7193,8.10274
19.061,0.0088,0.9999,0.0000,6,128.19,38.98,-0.42,0.1347,0.2176,9729.44,0.0,113.88,117.55,140.39,140.39,9.41991,30.6012,57.5106,105.653,121.871,127.235,129.758,131.811,88.6285,57.6469,48.5714,43.4541,38.5862,34.6273,29.4983,23.3051,17.7114,13.5725,8.12326
19.080,0.1191,0.9999,0.0000,6,128.29,38.88,-0.42,0.1445,0.2283,9741.38,0.0,114.69,118.17,140.56,140.56,9.46513,31.9119,61.1411,110.156,123.763,128.701,131.051,76.1407,55.2087,47.5785,42.8715,39.4196,35.7425,32.5342,28.1498,22.591,17.3796,13.4306,8.13689
19.105,0.2018,0.9999,0.0000,6,128.43,38.69,-0.41,0.1528,0.2382,9747.53,0.0,115.81,119.12,140.65,140.65,9.51974,33.2769,64.9742,113.218,125.293,129.893,81.5597,53.9283,47.0181,42.5533,39.2225,36.5679,33.5832,30.8688,27.0222,21.9635,17.0744,13.2939,8.14376
19.123,0.2639,1.0000,0.0000,6,128.64,38.41,-0.41,0.1595,0.2472,9748.93,0.0,117.03,120.16,140.68,140.68,9.5825,34.6737,69.1951,115.496,126.513,96.8051,57.6257,46.8589,42.5017,39.224,36.5994,34.4174,31.8836,29.5152,26.071,21.4113,16.7955,13.1628,8.14436
19.148,0.3104,1.0000,0.0000,6,128.91,38.03,-0.41,0.1647,0.2555,9746.0,0.0,118.16,121.10,140.64,140.64,9.65163,36.0629,73.7723,117.215,127.45,67.4365,49.4052,42.758,39.4587,36.8168,34.6199,32.746,30.5249,28.4075,25.2705,20.9307,16.5431,13.0391,8.13911
19.167,0.2887,1.0000,0.0000,6,129.26,37.51,-0.41,0.1682,0.2626,9738.68,0.0,119.16,121.87,140.54,140.54,9.72384,37.3932,78.5918,118.479,128.116,55.0998,45.0532,39.9896,37.2709,35.0181,33.1025,31.4404,29.4408,27.5094,24.6051,20.5192,16.3201,12.9249,8.12876
19.192,0.2598,1.0000,0.0000,6,129.68,36.83,-0.41,0.1702,0.2684,9726.86,0.0,119.83,122.25,140.37,140.37,9.79699,38.6125,83.49,119.353,128.528,49.5653,42.2384,38.0199,35.6587,33.6606,31.936,30.4229,28.5836,26.7886,24.0617,20.1737,16.1263,12.8215,8.11369
19.217,0.2338,1.0000,0.0000,6,130.16,36.00,-0.41,0.1705,0.2730,9711.85,0.0,120.31,122.44,140.15,140.15,9.87032,39.6874,88.3019,119.895,78.921,46.3232,40.2862,36.5807,34.4538,32.6291,31.0377,29.631,27.9078,26.2147,23.621,19.8862,15.9591,12.7277,8.09388
19.235,0.2104,1.0000,0.0000,6,130.69,35.00,-0.41,0.1693,0.2765,9694.3,0.0,120.73,122.58,139.90,139.90,9.94376,40.5958,92.847,120.153,69.0333,44.1968,38.8958,35.5209,33.5514,31.8466,30.349,29.018,27.3792,25.7603,23.2662,19.6482,15.8145,12.6417,8.06871
19.255,0.1894,1.0000,0.0000,6,131.26,33.85,-0.41,0.1664,0.2788,9674.14,0.0,121.14,122.71,139.61,139.61,10.0176,41.3274,95.9618,120.167,63.3256,42.7536,37.9027,34.7434,32.8815,31.2585,29.8266,28.549,26.97,25.4048,22.983,19.4514,15.6888,12.5616,8.03793
19.279,0.1704,1.0000,0.0000,6,131.88,32.55,-0.42,0.1619,0.2799,9650.65,0.0,121.56,122.88,139.28,139.28,10.0929,41.8828,97.3449,119.971,59.9099,41.7741,37.2025,34.1823,32.3915,30.8239,29.4362,28.1949,26.6569,25.1288,22.7576,19.2877,15.5777,12.4852,8.00111
19.305,0.1534,1.0000,0.0000,6,132.52,31.11,-0.42,0.1558,0.2801,9624.52,0.0,122.02,123.10,138.90,138.90,10.1713,42.2755,97.9734,119.6,57.8796,41.1265,36.7212,33.7877,32.0386,30.5066,29.1469,27.9292,26.418,24.9142,22.5769,19.1489,15.4761,12.4097,7.95743
19.324,0.1381,1.0000,0.0000,6,133.19,29.56,-0.42,0.1481,0.2795,9595.34,0.0,122.51,123.37,138.48,138.48,10.2536,42.5182,98.1288,119.077,56.7822,40.7351,36.4131,33.5244,31.7991,30.2851,28.9406,27.7355,26.2386,24.7487,22.4312,19.0291,15.3807,12.3331,7.90647
19.348,0.1243,1.0000,0.0000,6,133.89,27.90,-0.42,0.1387,0.2781,9562.15,0.0,123.04,123.69,138.00,138.00,10.341,42.6245,97.9358,118.42,56.3835,40.5574,36.2509,33.3722,31.6521,30.1429,28.8025,27.6012,26.1093,24.6238,22.3139,18.9231,15.2887,12.2537,7.84781
19.367,0.1118,1.0000,0.0000,6,134.61,26.13,-0.42,0.1277,0.2759,9523.75,0.0,123.61,124.07,137.45,137.45,10.4336,42.6038,97.4619,117.641,56.5605,40.5737,36.2214,33.3203,31.5897,30.0726,28.7261,27.5201,26.0239,24.5345,22.2209,18.8289,15.1982,12.1708,7.78132
19.392,0.1006,1.0000,0.0000,6,135.35,24.27,-0.41,0.1151,0.2729,9481.42,0.0,124.22,124.50,136.85,136.85,10.532,42.4696,96.7484,116.75,57.2485,40.7725,36.3154,33.3604,31.6033,30.0667,28.7047,27.4861,25.9761,24.4757,22.1476,18.743,15.1076,12.0829,7.70655
19.410,0.0906,1.0000,0.0000,6,136.10,22.31,-0.41,0.1008,0.2693,9435.38,0.0,124.86,124.97,136.18,136.18,10.6359,42.23,95.8154,115.752,58.4578,41.166,36.5351,33.4943,31.694,30.1248,28.7376,27.498,25.9656,24.446,22.0936,18.664,15.0156,11.9894,7.62342
19.436,0.0815,1.0000,0.0000,6,136.86,20.28,-0.41,0.0849,0.2650,9384.26,0.0,125.55,125.48,135.45,135.45,10.7453,41.8937,94.6702,114.649,60.2408,41.7839,36.8937,33.7276,31.8668,30.2497,28.826,27.5578,25.9929,24.4455,22.0582,18.5922,14.922,11.8901,7.53177
19.455,0.0734,1.0000,0.0000,6,137.63,18.15,-0.41,0.0674,0.2600,9325.59,0.0,126.26,126.03,134.61,134.61,10.8592,41.4666,93.308,113.442,62.7163,42.6779,37.4162,34.0761,32.1314,30.4509,28.9777,27.6699,26.0622,24.4774,22.0431,18.5276,14.827,11.7848,7.43187
19.479,0.0660,1.0000,0.0000,6,138.40,15.96,-0.40,0.0483,0.2542,9263.03,0.0,127.01,126.60,133.71,133.71,10.9773,40.9606,91.7233,112.132,66.0529,43.9254,38.1316,34.5544,32.4983,30.7352,29.1967,27.838,26.1749,24.5432,22.0484,18.47,14.7296,11.6732,7.32355
19.498,0.0594,1.0000,0.0000,6,139.16,13.71,-0.40,0.0277,0.2478,9199.32,0.0,127.78,127.20,132.79,132.79,11.0992,40.3851,89.8911,110.719,70.5456,45.6735,39.0915,35.1912,32.9874,31.1149,29.4944,28.0704,26.3375,24.6459,22.0762,18.4196,14.63,11.5551,7.20679
19.524,0.0535,1.0000,0.0000,6,139.92,11.43,-0.40,0.0056,0.2408,9137.21,0.0,128.55,127.80,131.89,131.89,11.2239,39.7518,87.7764,109.204,76.6525,48.0284,40.3758,36.0243,33.6234,31.6097,29.8823,28.376,26.5555,24.7903,22.1286,18.3772,14.5283,11.4306,7.08182
19.543,0.0481,1.0000,0.0000,6,140.65,9.17,-0.40,-0.0179,0.2331,9081.29,0.0,129.32,128.42,131.08,131.08,11.3518,39.0844,85.332,107.599,115.67,50.984,42.0862,37.0928,34.4283,32.2301,30.3674,28.7588,26.8294,24.975,22.2028,18.3402,14.4223,11.2982,6.94876
19.567,0.0433,1.0000,0.0000,6,141.35,7.01,-0.39,-0.0426,0.2251,9040.83,0.0,130.06,129.03,130.48,130.48,11.4841,38.419,82.494,105.932,114.109,54.6144,44.3439,38.4212,35.4034,32.9694,30.9392,29.205,27.147,25.1871,22.2881,18.3007,14.3075,11.1558,6.80762
19.586,0.0390,1.0000,0.0000,6,142.01,5.08,-0.39,-0.0684,0.2170,9022.92,0.0,130.72,129.65,130.21,130.21,11.6235,37.8054,79.2341,104.255,112.537,58.8851,46.9648,39.9926,36.514,33.7887,31.5577,29.6777,27.4738,25.3975,22.362,18.2438,14.1762,10.9996,6.65844
19.611,0.0351,1.0000,0.0000,6,142.64,3.49,-0.39,-0.0949,0.2091,9027.04,0.0,131.29,130.26,130.25,130.25,11.7728,37.2923,76.3426,102.633,111.005,63.5903,49.7111,41.7455,37.6788,34.6106,32.155,30.1181,27.7595,25.5647,22.3933,18.1514,14.0189,10.8254,6.50164
19.629,0.0323,1.0000,0.0000,6,143.23,2.27,-0.38,-0.1219,0.2018,9048.18,0.0,131.80,130.86,130.55,130.55,11.9328,36.9023,74.0437,101.112,109.551,68.4527,52.3855,43.4657,38.8096,35.3599,32.6679,30.4719,27.9622,25.6539,22.3588,18.0116,13.8305,10.6317,6.33828
19.655,0.0299,1.0000,0.0000,6,143.81,1.40,-0.38,-0.1489,0.1950,9078.89,0.0,132.27,131.45,130.99,130.99,12.1014,36.6248,72.2638,99.7024,108.181,73.2792,54.8717,44.9894,39.8654,35.9999,33.0685,30.717,28.0671,25.6574,22.2551,17.8239,13.6132,10.4206,6.17014
19.673,0.0269,1.0000,0.0000,6,144.38,0.78,-0.38,-0.1759,0.1888,9113.47,0.0,132.74,132.01,131.48,131.48,12.2745,36.4299,70.8669,98.3873,106.883,110.484,57.1749,46.3307,40.8055,36.5451,33.3717,30.8706,28.0892,25.588,22.0946,17.5987,13.3736,10.1971,5.99955
19.698,0.0242,1.0000,0.0000,6,144.94,0.36,-0.37,-0.2026,0.1830,9148.18,0.0,133.21,132.57,131.99,131.99,12.4499,36.2976,69.7643,97.1529,105.646,109.248,59.2933,47.4934,41.5865,37.0061,33.5862,30.9408,28.038,25.4558,21.886,17.3422,13.1166,9.96455,5.82789
19.717,0.0218,1.0000,0.0000,6,145.51,0.07,-0.36,-0.2290,0.1775,9184.2,0.0,133.69,133.13,132.50,132.50,12.6256,36.2173,68.905,95.993,104.464,108.062,61.1884,48.4653,42.2024,37.3738,33.7112,30.9292,27.917,25.2653,21.634,17.0596,12.8458,9.72525,5.65621
19.742,0.0196,1.0000,0.0000,6,146.08,-0.12,-0.36,-0.2549,0.1724,9221.01,0.0,134.18,133.68,133.03,133.03,12.8005,36.1749,68.2331,94.8942,103.328,106.917,62.8694,49.2614,42.6678,37.6338,33.7575,30.8481,27.7366,25.0261,21.3457,16.7556,12.5644,9.48117,5.4854
19.760,0.0176,1.0000,0.0000,6,146.65,-0.24,-0.36,-0.2803,0.1676,9258.11,0.0,134.67,134.23,133.57,133.57,12.9731,36.1595,67.7049,93.846,102.23,105.805,64.3561,49.8987,43.0026,37.7834,33.7366,30.7071,27.5073,24.7463,21.0295,16.4353,12.2753,9.23456,5.31596
19.785,0.0159,1.0000,0.0000,6,147.22,-0.31,-0.35,-0.3052,0.1630,9293.8,0.0,135.17,134.78,134.09,134.09,13.1432,36.1668,67.2969,92.8416,101.165,104.721,65.6388,50.3816,43.2101,37.829,33.6528,30.5102,27.2339,24.4307,20.6887,16.102,11.9807,8.98622,5.14841
19.811,0.0143,1.0000,0.0000,6,147.80,-0.35,-0.35,-0.3296,0.1586,9330.21,0.0,135.67,135.33,134.61,134.61,13.31,36.1983,66.9918,91.876,100.129,103.664,66.7048,50.7078,43.2946,37.7754,33.5072,30.263,26.9191,24.0833,20.3258,15.7569,11.6816,8.73717,4.98286
19.829,0.0129,1.0000,0.0000,6,148.37,-0.37,-0.34,-0.3535,0.1544,9367.19,0.0,136.18,135.88,135.14,135.14,13.4738,36.2522,66.7792,90.9458,99.1193,102.63,67.5298,50.8724,43.2551,37.6238,33.2924,29.9627,26.5638,23.7047,19.9428,15.4016,11.3788,8.48779,4.81951
19.855,0.0116,1.0000,0.0000,6,148.95,-0.37,-0.34,-0.3769,0.1504,9404.25,0.0,136.69,136.42,135.68,135.68,13.6341,36.3232,66.6373,90.0435,98.1312,101.615,68.1405,50.8955,43.1061,37.3883,33.0115,29.6208,26.1777,23.3022,19.5442,15.0392,11.0741,8.23885,4.65859
19.872,0.0104,1.0000,0.0000,6,149.53,-0.35,-0.34,-0.3997,0.1465,9439.65,0.0,137.21,136.97,136.19,136.19,13.7904,36.4061,66.5471,89.1614,97.158,100.613,68.6181,50.808,42.8746,37.0877,32.6788,29.246,25.7652,22.8814,19.1342,14.6717,10.7687,7.99122,4.5001
19.898,0.0094,1.0000,0.0000,6,150.11,-0.34,-0.33,-0.4221,0.1428,9475.18,0.0,137.73,137.51,136.70,136.70,13.9429,36.503,66.5108,88.2999,96.2006,99.6244,101.337,50.5943,42.5489,36.7146,32.2894,28.8361,25.3283,22.4414,18.7125,14.3,10.4624,7.74506,4.34419
19.917,0.0084,1.0000,0.0000,6,150.69,-0.32,-0.33,-0.4439,0.1392,9510.87,0.0,138.25,138.06,137.22,137.22,14.0919,36.6126,66.5266,87.4579,95.2585,98.6496,100.348,50.2485,42.127,36.2699,31.8445,28.3888,24.8651,21.983,18.2793,13.9235,10.1563,7.50042,4.19081
19.942,0.0076,1.0000,0.0000,6,151.27,-0.30,-0.32,-0.4653,0.1357,9545.6,0.0,138.77,138.60,137.72,137.72,14.2373,36.7329,66.5769,86.6309,94.3281,97.6854,99.3693,49.785,41.6232,35.7626,31.3511,27.9102,24.3796,21.508,17.838,13.5438,9.85019,7.25733,4.03984
19.961,0.0068,1.0000,0.0000,6,151.85,-0.27,-0.31,-0.4863,0.1323,9580.06,0.0,139.29,139.14,138.22,138.22,14.3784,36.8591,66.5622,85.812,93.4038,96.7261,98.3946,49.2475,41.0647,35.2162,30.8273,27.4134,23.8811,21.0253,17.3922,13.1638,9.54562,7.01682,3.89154
19.986,0.0116,1.0000,0.0000,6,152.42,-0.25,-0.31,-0.5067,0.1289,9615.49,0.0,139.82,139.68,138.73,138.73,14.515,36.9889,66.4761,84.9984,92.4839,95.7706,97.4234,48.6508,40.4629,34.6368,30.2797,26.8974,23.374,20.5365,16.9435,12.7842,9.24324,6.77896,3.74591
20.004,0.0561,1.0000,0.0000,6,153.00,-0.22,-0.30,-0.5267,0.1255,9651.19,0.0,140.35,140.19,139.24,139.24,14.6447,37.1011,66.2826,84.1644,91.5466,94.7986,96.436,48.1748,39.9444,34.1191,29.7789,26.4196,22.8981,20.0708,16.5108,12.4149,8.94781,6.54625,3.60349
20.029,0.1232,1.0000,0.0000,6,153.57,-0.14,-0.30,-0.5461,0.1207,9685.66,0.0,141.00,140.55,139.74,139.74,14.7429,37.0212,65.613,83.1117,90.426,93.6562,95.2844,49.387,40.5735,34.4319,29.9075,26.4358,22.7782,19.8596,16.2393,12.1323,8.69763,6.33824,3.46891
20.048,0.1672,1.0000,0.0000,6,154.12,-0.19,-0.28,-0.5645,0.1127,9724.16,0.0,141.72,140.68,140.29,140.29,14.7776,36.5303,64.0043,81.5843,88.9057,92.142,93.7743,55.3539,44.2751,36.8951,31.6257,27.6755,23.5583,20.2653,16.3425,12.0437,8.54306,6.18091,3.34862
20.072,0.1659,1.0000,0.0000,6,154.64,-0.54,-0.28,-0.5818,0.1012,9768.5,0.0,142.48,140.74,140.93,140.93,14.741,35.609,61.2382,79.5105,86.9254,90.1991,91.8504,93.2459,54.14,43.2795,36.0502,30.8928,25.7402,21.6337,16.9702,12.2047,8.50692,6.0843,3.24582
20.092,0.1494,1.0000,0.0000,6,155.16,-1.14,-0.28,-0.5976,0.0874,9813.92,0.0,143.22,140.94,141.59,141.59,14.6552,34.4569,57.6567,77.0542,84.6248,87.9576,89.6378,91.0579,92.0453,56.9773,44.86,36.9956,29.7083,24.2523,18.1836,12.6,8.57116,6.0385,3.15922
20.117,0.1344,1.0000,0.0000,6,155.66,-1.81,-0.26,-0.6119,0.0727,9856.87,0.0,143.82,141.31,142.21,142.21,14.5478,33.281,54.2182,74.4373,82.1938,85.5939,87.3068,88.7541,89.7604,90.7447,91.708,47.8509,36.1525,28.2621,20.0654,13.1892,8.7065,6.02694,3.08546
20.136,0.1210,1.0000,0.0000,6,156.17,-2.40,-0.25,-0.6245,0.0582,9897.83,0.0,144.30,141.78,142.80,142.80,14.4349,32.1855,51.1936,71.8115,79.7603,83.2271,84.972,86.4459,87.4706,88.4728,89.4536,90.4139,46.6936,34.1745,22.7496,13.9563,8.89392,6.03995,3.02319
20.161,0.1089,1.0000,0.0000,6,156.68,-2.86,-0.25,-0.6355,0.0444,9935.12,0.0,144.70,142.31,143.34,143.34,14.3232,31.2048,48.6204,69.265,77.3971,80.9247,82.6985,84.1962,85.2371,86.2555,87.2521,88.2277,89.5602,43.0674,26.2565,14.9104,9.12567,6.07349,2.97192
20.179,0.0980,1.0000,0.0000,6,157.20,-3.16,-0.24,-0.6447,0.0315,9966.42,0.0,145.08,142.87,143.80,143.80,14.2156,30.3415,46.4568,66.8494,75.1441,78.7233,80.5212,82.0389,83.0937,84.1254,85.1353,86.1241,87.4745,88.9718,30.8161,16.0783,9.39707,6.12562,2.93167
20.204,0.0882,1.0000,0.0000,6,157.72,-3.32,-0.22,-0.6522,0.0196,9996.36,0.0,145.46,143.45,144.23,144.23,14.1119,29.5848,44.6358,64.5894,73.0188,76.6385,78.4554,79.9889,81.0545,82.0967,83.117,84.116,85.4809,86.9947,36.7988,17.5082,9.71038,6.19688,2.90282
20.222,0.0794,1.0000,0.0000,6,158.24,-3.35,-0.22,-0.6579,0.0087,10025.2,0.0,145.85,144.05,144.65,144.65,14.0112,28.9189,43.0931,62.4953,71.0256,74.674,76.5043,78.0488,79.1222,80.1722,81.2001,82.2067,83.5823,85.1085,44.7772,19.1546,10.0681,6.28861,2.88556
20.248,0.0714,1.0000,0.0000,6,158.77,-3.27,-0.21,-0.6619,-0.0013,10051.7,0.0,146.25,144.64,145.03,145.03,13.9121,28.3286,41.7739,60.5666,69.1609,72.8261,74.6642,76.2156,77.2937,78.3485,79.3812,80.3929,81.7757,83.3105,86.0665,20.9958,10.4748,6.40225,2.88027
20.267,0.0643,1.0000,0.0000,6,159.31,-3.12,-0.19,-0.6643,-0.0105,10076.9,0.0,146.67,145.24,145.39,145.39,13.8131,27.7996,40.6317,58.7956,67.416,71.0862,72.9269,74.4808,75.561,76.618,77.6532,78.6675,80.0541,81.5941,84.3612,23.0454,10.9368,6.5402,2.88714
20.291,0.0579,1.0000,0.0000,6,159.84,-2.92,-0.18,-0.6650,-0.0189,10103.8,0.0,147.10,145.83,145.78,145.78,13.7127,27.3184,39.6261,57.1654,65.7756,69.4404,71.2793,72.8318,73.9116,74.9686,76.0038,77.0186,78.4064,79.9484,82.7214,25.3241,11.4631,6.70403,2.90628
20.317,0.0521,1.0000,0.0000,6,160.38,-2.69,-0.18,-0.6642,-0.0267,10131.8,0.0,147.54,146.41,146.18,146.18,13.6101,26.8744,38.727,55.6598,64.2263,67.8761,69.7087,71.257,72.3341,73.3887,74.4222,75.4355,76.822,78.3633,81.1376,27.8519,12.0615,6.89566,2.93747
20.335,0.0469,1.0000,0.0000,6,160.93,-2.45,-0.16,-0.6619,-0.0339,10157.4,0.0,148.00,146.99,146.55,146.55,13.5044,26.4602,37.9128,54.2653,62.7573,66.3836,68.2063,69.7472,70.8197,71.8703,72.9002,73.9104,75.2933,76.8315,79.6028,30.6502,12.7183,7.11644,2.98056
20.361,0.0422,1.0000,0.0000,6,161.47,-2.22,-0.15,-0.6581,-0.0407,10186.0,0.0,148.46,147.55,146.96,146.96,13.3947,26.0687,37.1649,52.966,61.3567,64.9522,66.7618,68.2926,69.3588,70.4038,71.4285,72.4342,73.8116,75.3447,78.1095,33.7464,13.4184,7.36872,3.03577
20.380,0.0380,1.0000,0.0000,6,162.01,-2.00,-0.14,-0.6531,-0.0470,10216.1,0.0,148.93,148.10,147.40,147.40,13.2812,25.6964,36.4726,51.7519,60.0179,63.5759,65.3694,66.888,67.9464,68.9841,70.0025,71.0022,72.3724,73.8986,76.6537,37.1539,14.1589,7.65281,3.1024
20.405,0.0342,1.0000,0.0000,6,162.56,-1.80,-0.13,-0.6468,-0.0530,10244.5,0.0,149.40,148.66,147.81,147.81,13.1645,25.34,35.8269,50.6133,58.7343,62.249,64.0237,65.528,66.577,67.6063,68.617,69.6097,70.9711,72.4886,75.231,40.8834,14.9383,7.96898,3.18008
20.423,0.0307,1.0000,0.0000,6,163.11,-1.61,-0.11,-0.6393,-0.0586,10274.7,0.0,149.87,149.20,148.24,148.24,13.0462,24.9974,35.2206,49.5405,57.4997,60.9656,62.7193,64.2073,65.2459,66.2656,67.2674,68.2521,69.6032,71.1105,73.8376,45.0474,15.7537,8.31142,3.26836
20.448,0.0277,1.0000,0.0000,6,163.65,-1.44,-0.10,-0.6306,-0.0639,10306.5,0.0,150.35,149.74,148.70,148.70,12.9262,24.6654,34.6457,48.5227,56.3069,59.7199,61.4505,62.9208,63.9479,64.9569,65.9488,66.9244,68.2641,69.7598,72.4693,77.5511,16.6047,8.67019,3.36716
20.467,0.0249,1.0000,0.0000,6,164.19,-1.29,-0.09,-0.6209,-0.0689,10337.5,0.0,150.82,150.27,149.15,149.15,12.8044,24.3423,34.0975,47.5514,55.1506,58.5068,60.2126,61.6637,62.6782,63.6757,64.6569,65.6226,66.9497,68.4327,71.1224,76.1786,17.4896,9.04403,3.47585
20.492,0.0224,1.0000,0.0000,6,164.74,-1.16,-0.08,-0.6103,-0.0737,10368.2,0.0,151.31,150.81,149.59,149.59,12.6812,24.0279,33.5743,46.6226,54.0288,57.325,59.0044,60.4349,61.4361,62.4212,63.3909,64.346,65.6594,67.1284,69.7964,74.8233,18.4029,9.43062,3.59413
20.510,0.0202,1.0000,0.0000,6,165.28,-1.04,-0.06,-0.5986,-0.0782,10400.7,0.0,151.78,151.33,150.06,150.06,12.5569,23.7217,33.0742,45.7323,52.9396,56.1728,57.8244,59.2332,60.2202,61.1921,62.1496,63.0932,64.392,65.846,68.4903,73.4845,19.3394,9.82846,3.72153
20.535,0.0182,1.0000,0.0000,6,165.82,-0.93,-0.05,-0.5861,-0.0825,10433.8,0.0,152.26,151.86,150.54,150.54,12.4314,23.4225,32.5939,44.8736,51.8784,55.0463,56.6689,58.055,59.0272,59.9852,60.9297,61.8613,63.1446,64.5826,67.2016,72.16,20.2969,10.2366,3.85573
20.554,0.0163,1.0000,0.0000,6,166.37,-0.83,-0.01,-0.5727,-0.0866,10463.7,0.0,152.75,152.39,150.97,150.97,12.3046,23.1279,32.1276,44.037,50.8382,53.9392,55.5319,56.8944,57.8512,58.7948,59.7259,60.6448,61.9119,63.3332,65.9253,70.8453,21.2773,10.6548,3.99388
20.579,0.0147,1.0000,0.0000,6,166.91,-0.75,0.05,-0.5585,-0.0903,10495.7,0.0,153.24,152.90,151.43,151.43,12.176,22.8351,31.6698,43.2137,49.8119,52.8449,54.4069,55.7454,56.6863,57.615,58.5322,59.4381,60.6884,62.0922,64.6563,69.5355,22.2861,11.0845,4.13606
20.598,0.0132,1.0000,0.0000,6,167.44,-0.68,0.09,-0.5437,-0.0918,10528.4,0.0,153.72,153.41,151.90,151.90,12.0461,22.5456,31.2225,42.4052,48.8016,51.7655,53.2964,54.6101,55.5347,56.4482,57.351,58.2435,59.4762,60.8619,63.3967,68.2329,23.3152,11.5232,4.28177
20.624,0.0119,1.0000,0.0000,6,168.00,-0.61,0.16,-0.5286,-0.0930,10546.6,0.0,154.20,153.92,152.17,152.17,11.9154,22.2613,30.789,41.6144,47.8103,50.7043,52.2032,53.4916,54.3994,55.2972,56.1852,57.0638,58.2785,59.6454,62.1496,66.9403,24.3531,11.968,4.43044
20.642,0.0107,1.0000,0.0000,6,168.53,-0.53,0.23,-0.5132,-0.0941,10578.0,0.0,154.67,154.44,152.62,152.62,11.7845,21.9836,30.3723,40.8434,46.8404,49.6636,51.1301,52.3927,53.2834,54.165,55.0377,55.902,57.098,58.4453,60.9176,65.6603,25.3868,12.4154,4.58153
20.667,0.0096,1.0000,0.0000,6,169.06,-0.47,0.28,-0.4975,-0.0951,10616.0,0.0,155.15,154.94,153.16,153.16,11.6527,21.7091,29.9646,40.0813,45.8827,48.6349,50.0686,51.305,52.1782,53.0433,53.9006,54.7501,55.927,57.2542,59.6936,64.3862,26.4263,12.8677,4.73508
20.685,0.0087,1.0000,0.0000,6,169.59,-0.42,0.29,-0.4815,-0.0960,10656.5,0.0,155.62,155.43,153.75,153.75,11.5198,21.4354,29.5612,39.3212,44.9311,47.6124,49.0131,50.223,51.0786,51.927,52.7685,53.6031,54.7604,56.0672,58.4727,63.1136,27.4796,13.3264,4.8911
20.710,0.0078,1.0000,0.0000,6,170.11,-0.38,0.30,-0.4652,-0.0968,10693.9,0.0,156.11,155.93,154.29,154.29,11.3856,21.1617,29.1602,38.5605,43.983,46.5935,47.9612,49.1445,49.9822,50.8138,51.6393,52.4588,53.5962,54.882,57.253,61.8404,28.5487,13.7917,5.04942
20.730,0.0070,1.0000,0.0000,6,170.64,-0.35,0.35,-0.4488,-0.0976,10726.7,0.0,156.60,156.43,154.77,154.77,11.2502,20.8869,28.7589,37.7958,43.0352,45.5753,46.9099,48.0664,48.8861,49.7007,50.5101,51.3142,52.4314,53.6959,56.0315,60.5641,29.6398,14.2646,5.21004
20.754,0.0063,1.0000,0.0000,6,171.17,-0.33,0.39,-0.4321,-0.0984,10757.9,0.0,157.07,156.92,155.22,155.22,11.1139,20.6129,28.3613,37.0314,42.0916,44.5616,45.863,46.9926,47.7942,48.5916,49.3846,50.1732,51.2699,52.5127,54.8122,59.2881,31.1288,14.7423,5.37258
20.773,0.0057,1.0000,0.0000,6,171.72,-0.30,0.45,-0.4152,-0.0990,10773.9,0.0,157.55,157.41,155.46,155.46,10.977,20.3411,27.9698,36.2696,41.1545,43.5548,44.823,45.9255,46.709,47.4889,48.2653,49.0382,50.114,51.3347,53.5972,58.0149,65.0336,15.2222,5.53671
20.798,0.0051,1.0000,0.0000,6,172.25,-0.26,0.54,-0.3981,-0.0996,10798.9,0.0,158.04,157.92,155.81,155.81,10.8397,20.0718,27.5851,35.5104,40.224,42.555,43.79,44.8653,45.6304,46.3929,47.1526,47.9094,48.9642,50.1623,52.3871,56.7447,63.7014,15.7028,5.70216
20.816,0.0046,1.0000,0.0000,6,172.77,-0.23,0.62,-0.3809,-0.1000,10834.3,0.0,158.51,158.41,156.31,156.31,10.7018,19.8042,27.2052,34.7514,39.2977,41.5601,42.7618,43.81,44.5567,45.3015,46.0443,46.785,47.8184,48.9937,51.18,55.4759,62.3678,16.1847,5.86896
20.842,-0.0556,1.0000,0.0000,6,173.28,-0.20,0.65,-0.3634,-0.1004,10875.4,0.0,158.97,158.89,156.91,156.91,10.5633,19.5368,26.8151,33.9891,38.3721,40.5663,41.735,42.756,43.4842,44.2113,44.9371,45.6616,46.6733,47.8255,49.9726,54.2053,61.0299,16.6694,6.0371
20.867,-0.1542,1.0000,0.0000,6,173.79,-0.28,0.65,-0.3461,-0.0990,10914.8,0.0,159.23,159.52,157.48,157.48,10.441,19.3486,26.5404,33.3719,37.5972,39.7243,40.86,41.8537,42.5633,43.2724,43.981,44.6888,45.6783,46.8066,48.9129,53.0782,59.8267,17.0197,6.19098
20.886,-0.2281,1.0000,0.0000,6,174.28,-0.11,0.66,-0.3292,-0.0929,10953.7,0.0,159.13,160.26,158.03,158.03,10.3616,19.3612,26.5647,33.0993,37.1788,39.2417,40.3455,41.3125,42.0037,42.695,43.3862,44.0773,45.0443,46.148,48.2116,52.3037,58.9617,17.0248,6.30436
20.910,-0.2836,1.0000,0.0000,6,174.73,0.58,0.66,-0.3133,-0.0816,10998.0,0.0,158.88,160.99,158.67,158.67,10.3357,19.6234,26.9009,33.1914,37.1426,39.1471,40.2212,41.1633,41.8371,42.5114,43.1861,43.861,44.806,45.8855,47.9063,51.9222,58.478,16.6527,6.3669
20.930,-0.2852,1.0000,0.0000,6,175.15,1.64,0.67,-0.2988,-0.0664,11040.8,0.0,158.65,161.55,159.30,159.30,10.3562,20.1047,27.4209,33.5114,37.3513,39.3037,40.3511,41.2702,41.928,42.5866,43.2459,43.9057,44.83,45.8865,47.866,51.8065,58.2562,16.0525,6.38783
20.955,-0.2567,1.0000,0.0000,6,175.53,2.85,0.71,-0.2860,-0.0493,11085.1,0.0,158.63,162.06,159.93,159.93,10.4113,20.7527,27.9891,33.9095,37.6511,39.5565,40.5796,41.4778,42.1209,42.7651,43.4102,44.0559,44.9608,45.9958,47.9364,51.8047,58.15,15.3803,6.38091
20.973,-0.2310,1.0000,0.0000,6,175.89,4.04,0.73,-0.2750,-0.0318,11132.1,0.0,158.85,162.51,160.61,160.61,10.4903,21.4556,28.5106,34.2785,37.9306,39.7928,40.7934,41.6724,42.3019,42.9326,43.5643,44.197,45.084,46.0988,48.0029,51.803,58.049,14.7303,6.35724
20.998,-0.2079,1.0000,0.0000,6,176.25,5.10,0.75,-0.2660,-0.0148,11175.0,0.0,159.20,162.85,161.23,161.23,10.5865,22.0561,28.9363,34.5615,38.1294,39.9511,40.9305,41.7913,42.408,43.0261,43.6454,44.2657,45.1356,46.1314,48.0011,51.7371,57.8897,14.1377,6.32266
21.017,-0.1871,0.5500,0.0000,6,176.60,5.94,0.75,-0.2590,0.0012,11212.3,0.0,159.62,163.12,161.77,161.77,10.6953,22.5362,29.244,34.7315,38.2188,40.0016,40.9608,41.8041,42.4086,43.0146,43.622,44.2306,45.0843,46.0621,47.899,51.5745,57.64,13.6104,6.28046
21.041,-0.1684,0.3025,0.0000,6,176.79,6.47,0.74,-0.2540,0.0156,11030.4,0.0,160.07,163.29,159.21,159.21,10.8104,22.8791,29.4095,34.7596,38.1673,39.912,40.8515,41.6779,42.2705,42.8648,43.4606,44.0578,44.8959,45.8563,47.6619,51.2797,23.2746,13.1543,6.23355
21.060,-0.1516,0.1664,0.0000,6,176.72,6.57,0.71,-0.2512,0.0278,10902.9,0.0,160.44,163.22,157.36,157.36,10.9239,23.0666,29.4078,34.6163,37.9433,39.6497,40.5694,41.379,41.9597,42.5423,43.1267,43.7126,44.5353,45.4786,47.2535,50.8159,21.9557,12.7757,6.18481
21.086,-0.1208,0.0915,0.0000,6,176.49,6.37,0.68,-0.2504,0.0383,10823.7,0.0,160.62,162.99,155.29,157.12,11.0411,23.1397,29.2864,34.3514,37.5972,39.2653,40.1652,40.9578,41.5267,42.0978,42.6707,43.2455,44.053,44.9793,46.7241,50.2323,21.6426,12.4399,6.13
21.105,-0.1762,0.0503,0.0000,6,176.18,6.14,0.65,-0.2518,0.0483,10770.7,0.0,160.61,162.77,154.38,156.50,11.174,23.156,29.1131,34.0381,37.2044,38.8348,39.7153,40.4914,41.0487,41.6083,42.1701,42.7339,43.5264,44.4361,46.1513,49.6063,22.3664,12.1066,6.06329
21.130,-0.2446,0.0277,0.0000,6,175.81,5.87,0.64,-0.2552,0.0586,10730.1,0.0,160.21,162.37,153.70,156.01,11.3335,23.1572,28.9372,33.7299,36.8205,38.4148,39.2766,40.0367,40.5829,41.1315,41.6825,42.2357,43.0136,43.9072,45.5936,48.9967,54.6926,11.7491,5.98019
21.148,-0.2960,0.0152,0.0000,6,175.39,5.73,0.64,-0.2607,0.0702,10695.7,0.0,159.56,161.92,153.03,155.69,11.5356,23.1887,28.8128,33.4864,36.5075,38.0684,38.913,39.6582,40.1938,40.7322,41.273,41.8162,42.5805,43.4588,45.1178,48.4711,54.0988,11.3498,5.87524
21.173,-0.3345,0.0084,0.5000,6,174.93,5.85,0.64,-0.2684,0.0837,10662.5,0.0,158.81,161.48,152.35,155.41,11.7894,23.2651,28.7565,33.3258,36.285,37.8158,38.6447,39.3763,39.9024,40.4313,40.9629,41.4969,42.2485,43.1127,44.7462,48.0524,53.6139,10.9211,5.74734
21.192,-0.3633,0.0046,0.7500,6,173.87,6.28,0.60,-0.2783,0.0982,10346.1,0.0,143.71,147.00,147.70,151.11,12.0539,23.3563,28.7306,33.2065,36.1093,37.6127,38.427,39.1462,39.6635,40.1837,40.7067,41.2322,41.972,42.823,44.4326,47.6943,18.8192,10.4867,5.60165
21.217,-0.3850,0.0025,0.8750,6,172.04,6.95,0.54,-0.2900,0.1123,10039.2,0.0,126.39,130.51,143.22,146.81,12.2844,23.4043,28.6642,33.0495,35.898,37.3748,38.1752,38.8824,39.3912,39.903,40.4177,40.935,41.6635,42.5018,44.0886,47.3076,17.8217,10.0907,5.44831
21.235,-0.4013,0.0014,0.9375,6,169.81,7.68,0.46,-0.3031,0.1250,9712.19,0.0,108.95,113.92,138.60,142.12,12.4661,23.3724,28.5126,32.8051,35.5985,37.0486,37.8351,38.5302,39.0306,39.534,40.0404,40.5495,41.2669,42.0927,43.6568,46.8342,17.5409,9.76251,5.29453
21.261,-0.4134,0.0008,0.9687,6,167.36,8.41,0.37,-0.3172,0.1363,9381.17,0.0,91.98,97.75,133.72,137.41,12.5987,23.2625,28.2775,32.4748,35.2124,36.6354,37.4078,38.0909,38.5828,39.0778,39.5758,40.0769,40.783,41.5964,43.1381,46.2746,51.6001,9.50687,5.14257
21.279,-0.4226,0.0004,0.9844,6,164.74,8.95,0.33,-0.3321,0.1457,9090.26,0.0,75.63,82.07,129.50,133.20,12.6781,23.0642,27.9455,32.0427,34.722,36.117,36.8749,37.5455,38.0286,38.515,39.0046,39.4973,40.1921,40.9928,42.5117,45.6072,50.8787,9.33809,4.99493
21.305,-0.4294,0.0002,0.9922,6,162.04,9.22,0.33,-0.3476,0.1528,8832.14,0.0,59.84,66.84,125.80,129.41,12.7019,22.77,27.5059,31.4953,34.1125,35.4777,36.2202,36.8776,37.3515,37.8288,38.3095,38.7934,39.4761,40.2635,41.7587,44.812,50.029,9.27413,4.85416
21.324,-0.4346,0.0001,0.9961,6,159.31,9.16,0.36,-0.3636,0.1573,8600.97,0.0,44.33,51.81,122.52,125.99,12.6705,22.3787,26.9556,30.8278,33.3774,34.7105,35.4363,36.0795,36.5434,37.0109,37.4819,37.9564,38.6262,39.3992,40.8691,43.8773,49.0376,9.33741,4.73859
21.348,-0.4384,0.0001,0.9980,6,156.61,8.78,0.37,-0.3799,0.1591,8391.52,0.0,28.41,36.11,119.55,122.90,12.5866,21.8954,26.2989,30.0432,32.519,33.8168,34.5244,35.152,35.6049,36.0617,36.5222,36.9864,37.642,38.3995,39.8415,42.8007,47.8998,9.56225,4.65719
21.367,-0.4413,0.0000,0.9990,6,153.94,8.08,0.37,-0.3964,0.1528,8198.9,0.0,12.26,20.27,116.83,120.04,12.4549,21.3296,25.5456,29.1507,31.5457,32.8049,33.4924,34.1028,34.5437,34.9887,35.4375,35.8902,36.5303,37.2704,38.6817,41.5866,46.6175,10.0097,4.61165
21.392,-0.4435,0.0000,0.4995,6,151.29,7.11,0.36,-0.4104,0.1271,8017.51,0.0,0.00,4.39,114.28,117.34,12.2829,20.6986,24.7157,28.1714,30.479,31.696,32.3617,32.9533,33.381,33.8129,34.249,34.6891,35.3119,36.033,37.4102,40.2545,45.2084,10.8013,4.60335
21.411,-0.4451,0.0000,0.2498,6,148.76,5.91,0.31,-0.4212,0.0995,8286.74,0.0,2.90,7.33,118.20,120.69,12.08,20.0247,23.836,27.1347,29.3493,30.5211,31.1631,31.7344,32.1479,32.5657,32.9879,33.4143,34.0184,34.7186,36.0584,38.8355,43.7025,12.2789,4.63314
21.436,-0.4463,0.0000,0.1249,6,146.44,4.44,0.27,-0.4288,0.0706,8644.3,0.0,14.77,19.46,124.17,125.03,11.8542,19.3251,22.9265,26.0628,28.1797,29.3037,29.9206,30.4703,30.8685,31.2712,31.6785,32.0902,32.674,33.3516,34.6507,37.3538,42.123,49.1822,4.70238
21.455,-0.4472,0.0000,0.0624,6,144.59,2.86,0.24,-0.4335,0.0408,8765.98,0.0,30.58,35.50,127.27,125.75,11.615,18.6222,22.0156,24.988,27.0048,28.0792,28.6701,29.1973,29.5795,29.9664,30.358,30.7542,31.3166,31.9702,33.226,35.8493,40.5103,47.4774,4.81115
21.480,-0.4479,0.0000,0.0312,6,143.09,1.47,0.23,-0.4353,0.0116,8723.73,0.0,47.55,52.62,126.86,125.01,11.3757,17.95,21.1466,23.9615,25.8808,26.9066,27.4717,27.9764,28.3428,28.7139,29.0899,29.4706,30.0115,30.6409,31.8526,34.394,38.9412,45.806,4.95649
21.505,-0.4484,0.0000,0.0156,6,141.74,0.45,0.22,-0.4341,-0.0154,8655.59,0.0,64.38,69.43,125.67,124.23,11.1485,17.3411,20.3627,23.0355,24.8658,25.8468,26.3881,26.8721,27.2236,27.5801,27.9414,28.3076,28.8284,29.435,30.6051,33.0682,37.5044,44.265,5.13193
21.523,-0.4488,0.0000,0.0078,6,140.48,-0.15,0.22,-0.4301,-0.0389,8584.29,0.0,80.52,85.40,124.28,123.56,10.9397,16.8115,19.6855,22.2373,23.991,24.9332,25.4538,25.9197,26.2584,26.602,26.9506,27.3041,27.8071,28.3938,29.527,31.9204,36.2561,42.9196,5.32939
21.549,-0.4491,0.0000,0.0039,6,139.31,-0.37,0.21,-0.4234,-0.0582,8514.84,0.0,95.57,100.15,122.82,123.01,10.7512,16.3645,19.1197,21.5736,23.265,24.1756,24.6793,25.1304,25.4585,25.7916,26.1297,26.4727,26.9612,27.5313,28.6342,30.9696,35.2211,41.8024,5.54012
21.567,-0.4493,0.0000,0.0020,6,138.27,-0.29,0.20,-0.4144,-0.0728,8450.17,0.0,108.53,112.66,121.31,122.64,10.5855,16.0033,18.6696,21.0503,22.6952,23.5821,24.0732,24.5132,24.8334,25.1587,25.4888,25.824,26.3016,26.8595,27.9396,30.2317,34.4207,40.9417,5.75177
21.592,-0.4495,0.0000,0.0010,6,137.46,0.05,0.18,-0.4036,-0.0820,8396.1,0.0,117.27,120.94,119.96,122.42,10.447,15.736,18.3455,20.6803,22.2963,23.1687,23.652,24.0853,24.4007,24.7211,25.0466,25.377,25.8481,26.3985,27.465,29.7317,33.885,40.3751,5.94702
21.611,-0.4496,0.0000,0.0005,6,136.90,0.75,0.17,-0.3913,-0.0857,8357.03,0.0,120.99,124.72,118.83,122.39,10.3357,15.5589,18.1422,20.4573,22.0617,22.9285,23.4089,23.8397,24.1534,24.4721,24.7958,25.1246,25.5935,26.1414,27.2037,29.463,33.6087,40.0994,6.11417
21.636,-0.4497,0.0000,0.0002,6,136.48,1.76,0.16,-0.3780,-0.0854,8328.54,0.0,121.90,126.07,118.01,122.39,10.2437,15.4468,18.0267,20.3417,21.9475,22.8155,23.2966,23.7281,24.0424,24.3618,24.6862,25.0158,25.4857,26.0349,27.1,29.366,33.526,40.0422,6.25678
21.655,-0.4498,0.0000,0.0001,6,136.09,2.97,0.16,-0.3637,-0.0826,8303.46,0.0,121.80,126.40,117.39,122.28,10.1616,15.372,17.9623,20.2893,21.9046,22.778,23.2623,23.6966,24.013,24.3344,24.661,24.9928,25.4658,26.0189,27.0912,29.3727,33.561,40.1188,6.38492
21.680,-0.4498,0.0000,0.0001,6,135.69,4.24,0.16,-0.3487,-0.0785,8278.79,0.0,121.39,126.28,116.89,122.07,10.0825,15.3144,17.9224,20.2681,21.8974,22.7786,23.2672,23.7055,24.0247,24.3491,24.6787,25.0134,25.4909,26.0489,27.131,29.4331,33.6576,40.266,6.5074
21.699,-0.4499,0.0000,0.0000,6,135.28,5.50,0.16,-0.3330,-0.0738,8253.35,0.0,120.89,125.94,116.46,121.76,10.0023,15.261,17.89,20.2575,21.9028,22.7929,23.2865,23.7292,24.0518,24.3795,24.7124,25.0507,25.5329,26.0967,27.1898,29.5148,33.7795,40.4431,6.62998
21.724,-0.4499,0.0000,0.0000,6,134.83,6.72,0.15,-0.3168,-0.0690,8226.76,0.0,120.37,125.49,116.07,121.39,9.91863,15.2049,17.8558,20.2459,21.9081,22.8075,23.3063,23.7537,24.0796,24.4108,24.7473,25.0891,25.5764,26.1462,27.2507,29.5998,33.9062,40.6271,6.75584
21.742,-0.4499,0.0000,0.0000,6,134.37,7.88,0.15,-0.3001,-0.0642,8198.99,0.0,119.83,124.97,115.67,120.98,9.8307,15.1428,17.8154,20.2283,21.9074,22.8161,23.3202,23.7723,24.1017,24.4364,24.7764,25.1218,25.6143,26.1901,27.3062,29.6797,34.0285,40.8075,6.88623
21.767,-0.4499,0.0000,0.0000,6,133.88,8.97,0.15,-0.2829,-0.0595,8170.07,0.0,119.28,124.41,115.28,120.55,9.73849,15.0742,17.7679,20.2032,21.8991,22.8172,23.3265,23.7833,24.1161,24.4544,24.798,25.147,25.6447,26.2264,27.3543,29.7522,34.1437,40.9814,7.02104
21.786,-0.4499,0.0000,0.0000,6,133.38,10.00,0.14,-0.2653,-0.0549,8140.07,0.0,118.73,123.82,114.87,120.09,9.64199,14.9987,17.7127,20.17,21.8825,22.8099,23.3244,23.7859,24.1221,24.4638,24.811,25.1636,25.6664,26.2543,27.3938,29.8163,34.2507,41.1472,7.16021
21.811,-0.4500,0.0000,0.0000,6,132.85,10.95,0.14,-0.2473,-0.0505,8109.09,0.0,118.17,123.21,114.45,119.62,9.54124,14.9156,17.6488,20.1275,21.8562,22.7927,23.3123,23.7784,24.118,24.4631,24.8138,25.17,25.678,26.2718,27.4229,29.8698,34.3469,41.3024,7.30371
21.830,-0.4500,0.0000,0.0000,6,132.31,11.84,0.15,-0.2290,-0.0463,8077.26,0.0,117.60,122.59,114.02,119.13,9.43613,14.8243,17.5754,20.0743,21.8187,22.764,23.2885,23.7592,24.1021,24.4506,24.8047,25.1644,25.6774,26.2771,27.4396,29.9105,34.43,41.4442,7.45175
21.855,-0.4500,0.0000,0.0000,6,131.76,12.66,0.15,-0.2104,-0.0424,8044.71,0.0,117.03,121.96,113.59,118.62,9.32646,14.7238,17.4908,20.0086,21.7678,22.7215,23.2508,23.7258,24.0719,24.4237,24.7811,25.1442,25.6621,26.2674,27.441,29.9355,34.4966,41.5689,7.60471
21.874,-0.4500,0.0000,0.0000,6,131.21,13.40,0.15,-0.1915,-0.0389,8011.6,0.0,116.47,121.32,113.16,118.10,9.21215,14.6131,17.3939,19.9289,21.7019,22.6635,23.1973,23.6765,24.0256,24.3804,24.741,25.1074,25.6299,26.2407,27.425,29.9422,34.5439,41.6734,7.76292
21.899,-0.4500,0.0000,0.0000,6,130.64,14.06,0.15,-0.1724,-0.0357,7978.06,0.0,115.91,120.68,112.73,117.56,9.09308,14.4916,17.2834,19.8334,21.619,22.588,23.126,23.609,23.9609,24.3187,24.6822,25.0516,25.5785,26.1945,27.389,29.928,34.5689,41.7544,7.92683
21.917,-0.4500,0.0000,0.0000,6,130.08,14.64,0.15,-0.1530,-0.0329,7944.26,0.0,115.35,120.03,112.30,117.02,8.96911,14.3585,17.1582,19.7208,21.5175,22.4931,23.0349,23.5214,23.8759,24.2363,24.6027,24.9749,25.5058,26.1267,27.3306,29.8903,34.5689,41.809,8.09697
21.943,-0.4500,0.0000,0.0000,6,129.51,15.14,0.15,-0.1335,-0.0306,7910.33,0.0,114.81,119.38,111.86,116.47,8.84034,14.2133,17.0176,19.5902,21.3963,22.3777,22.9229,23.4125,23.7694,24.1322,24.501,24.8758,25.4105,26.0358,27.2485,29.8275,34.5419,41.8351,8.27363
21.961,-0.4500,0.0000,0.0000,6,128.94,15.55,0.15,-0.1139,-0.0287,7876.4,0.0,114.27,118.73,111.44,115.92,8.70677,14.0558,16.8611,19.4407,21.2545,22.2407,22.7889,23.2812,23.6401,24.0051,24.3761,24.7531,25.2912,25.9204,27.1412,29.738,34.4863,41.8308,8.45725
21.986,-0.4500,0.0000,0.0000,6,128.38,15.87,0.15,-0.0941,-0.0274,7842.59,0.0,113.74,118.09,111.02,115.37,8.56863,13.8861,16.6886,19.2721,21.0916,22.0818,22.6324,23.127,23.4876,23.8544,24.2273,24.6064,25.1473,25.7801,27.0081,29.6211,34.4013,41.7954,8.64805
22.005,-0.4500,0.0000,0.0000,6,127.83,16.11,0.15,-0.0742,-0.0265,7809.01,0.0,113.23,117.46,110.60,114.82,8.4262,13.7044,16.5003,19.0847,20.9079,21.9011,22.4536,22.95,23.3121,23.6804,24.0549,24.4356,24.979,25.6149,26.8492,29.4769,34.2868,41.7286,8.84626
22.030,-0.4500,0.0000,0.0000,6,127.28,16.27,0.14,-0.0542,-0.0261,7775.75,0.0,112.72,116.84,110.18,114.27,8.27969,13.5112,16.2966,18.8786,20.7036,21.6988,22.2526,22.7504,23.1136,23.483,23.8588,24.2409,24.7864,25.4248,26.6645,29.3054,34.1427,41.6305,9.05214
22.049,-0.4500,0.0000,0.0000,6,126.74,16.35,0.14,-0.0341,-0.0261,7742.88,0.0,112.23,116.24,109.77,113.73,8.12955,13.307,16.0782,18.6547,20.4794,21.4756,22.0302,22.5289,22.8928,23.2632,23.6399,24.023,24.5701,25.2106,26.4548,29.1072,33.9698,41.5018,9.26569
22.074,-0.4500,0.0000,0.0000,6,126.21,16.35,0.14,-0.0140,-0.0265,7710.46,0.0,111.76,115.65,109.37,113.20,7.97614,13.0927,15.8459,18.4137,20.2362,21.2323,21.7872,22.2864,22.6507,23.0216,23.3989,23.7828,24.3311,24.9731,26.2209,28.8831,33.7688,41.3432,9.48706
22.099,-0.4500,0.0000,0.0000,6,125.68,16.28,0.14,0.0062,-0.0274,7678.56,0.0,111.30,115.08,108.97,112.68,7.81988,12.8691,15.6007,18.1566,19.9749,20.9699,21.5246,22.0237,22.3882,22.7592,23.1368,23.5211,24.0701,24.7132,25.9637,28.634,33.5407,41.1557,9.71637
22.117,-0.4500,0.0000,0.0000,6,125.17,16.14,0.14,0.0264,-0.0286,7647.22,0.0,110.86,114.53,108.58,112.17,7.66113,12.6367,15.3433,17.8842,19.6962,20.6891,21.243,21.7416,22.1059,22.4768,22.8544,23.2387,23.788,24.4316,25.6839,28.3607,33.2861,40.9398,9.95394
22.142,-0.4500,0.0000,0.0000,6,124.67,15.94,0.14,0.0465,-0.0302,7616.49,0.0,110.43,114.00,108.19,111.66,7.50032,12.3966,15.0747,17.5977,19.4014,20.3913,20.9438,21.4415,21.8052,22.1756,22.5529,22.9369,23.486,24.1297,25.3829,28.0645,33.0064,40.6971,10.1998
22.161,-0.4500,0.0000,0.0000,6,124.18,15.68,0.14,0.0667,-0.0322,7586.38,0.0,110.02,113.48,107.81,111.17,7.33785,12.1495,14.796,17.2981,19.0916,20.0774,20.6281,21.1244,21.4872,21.8568,22.2334,22.6168,23.1652,23.8086,25.0618,27.7464,32.7027,40.4285,10.4544
22.186,-0.4500,0.0000,0.0000,6,123.70,15.37,0.14,0.0867,-0.0345,7556.93,0.0,109.63,112.99,107.44,110.69,7.17404,11.8963,14.508,16.9864,18.7679,19.7486,20.2969,20.7913,21.1529,21.5214,21.8969,22.2795,22.8269,23.4692,24.7214,27.4076,32.3759,40.1351,10.7178
22.205,-0.4500,0.0000,0.0000,6,123.23,15.00,0.13,0.1067,-0.0371,7528.15,0.0,109.25,112.52,107.07,110.23,7.00936,11.638,14.2121,16.6641,18.4316,19.4063,19.9517,20.4438,20.8038,21.1709,21.5451,21.9264,22.4723,23.1132,24.3636,27.0496,32.0277,39.8184,10.9902
22.230,-0.4500,0.0000,0.0000,6,122.78,14.59,0.13,0.1267,-0.0399,7500.04,0.0,108.88,112.06,106.71,109.78,6.84413,11.3755,13.9095,16.3324,18.0843,19.0521,19.5941,20.0834,20.4415,20.8068,21.1794,21.5592,22.1031,22.7422,23.9898,26.674,31.6598,39.4803,11.2718
22.248,-0.4500,0.0000,0.0000,5,122.33,14.13,0.13,0.1465,-0.0430,7472.6,0.0,108.53,111.63,106.36,109.33,6.67871,11.1098,13.6011,15.9927,17.7273,18.6872,19.2254,19.7115,20.0675,20.4307,20.8014,21.1794,21.721,22.3576,23.6016,26.2824,31.2738,39.1224,11.5629
22.274,-0.4500,0.0000,0.0000,5,121.91,13.64,0.13,0.1663,-0.0463,8134.04,0.0,108.20,111.22,106.31,109.09,6.51348,10.8417,13.2884,15.6465,17.3622,18.3136,18.8474,19.33,19.6835,20.0445,20.4129,20.7888,21.3276,21.9614,23.2011,25.877,30.872,38.7471,11.8634
22.292,-0.4500,0.0000,0.0000,5,121.50,13.12,0.13,0.1859,-0.0498,8118.02,0.0,107.89,110.83,106.08,108.75,6.34871,10.572,12.9722,15.2948,16.9902,17.9321,18.4612,18.9398,19.2906,19.649,20.0149,20.3885,20.9242,21.5547,22.7892,25.4587,30.4553,38.3552,12.1737
22.317,-0.4500,0.0000,0.0000,5,121.10,12.57,0.13,0.2053,-0.0535,8068.85,0.0,107.59,110.47,105.40,108.12,6.18461,10.3012,12.6532,14.9383,16.6119,17.5436,18.0675,18.5418,18.8896,19.2451,19.6083,19.9792,20.5114,21.1382,22.3667,25.0282,30.0244,37.9475,12.4944
22.336,-0.4500,0.0000,0.0000,5,120.69,11.99,0.13,0.2247,-0.0573,8030.77,0.0,107.31,110.12,104.88,107.62,6.02152,10.0305,12.333,14.5791,16.2297,17.1505,17.6689,18.1385,18.4831,18.8355,19.1957,19.5636,20.092,20.7147,21.9365,24.5888,29.5828,37.5276,12.8253
22.361,-0.4500,0.0000,0.0000,5,120.28,11.41,0.12,0.2439,-0.0611,8001.02,0.0,107.02,109.79,104.49,107.21,5.86009,9.76189,12.0142,14.2205,15.8474,16.757,17.2697,17.7344,18.0756,18.4248,18.7817,19.1467,19.6709,20.2893,21.504,24.1463,29.1371,37.1029,13.1644
22.380,-0.4500,0.0000,0.0000,5,119.88,10.83,0.12,0.2629,-0.0649,7973.88,0.0,106.73,109.47,104.13,106.85,5.70083,9.49698,11.6995,13.8659,15.4689,16.367,16.8739,17.3337,17.6715,18.0173,18.3711,18.7329,19.253,19.867,21.0744,23.7064,28.6937,36.6807,13.5093
22.405,-0.4500,0.0000,0.0000,5,119.48,10.27,0.12,0.2818,-0.0685,7947.73,0.0,106.44,109.17,103.79,106.50,5.54425,9.23732,11.3909,13.518,15.0974,15.9842,16.4853,16.9402,17.2746,17.6171,17.9677,18.3264,18.8425,19.4521,20.6523,23.2742,28.2586,36.2678,13.8574
22.424,-0.4500,0.0000,0.0000,5,119.09,9.73,0.12,0.3005,-0.0718,7922.1,0.0,106.15,108.88,103.44,106.17,5.39047,8.98371,11.0898,13.1785,14.7349,15.6109,16.1063,16.5564,16.8876,17.2269,17.5744,17.9302,18.4423,19.0478,20.2411,22.8537,27.8365,35.8693,14.2063
22.449,-0.4500,0.0000,0.0000,5,118.70,9.23,0.12,0.3191,-0.0748,7896.81,0.0,105.85,108.61,103.08,105.86,5.23983,8.73708,10.7975,12.8494,14.3839,15.2493,15.7394,16.1851,16.5131,16.8494,17.194,17.547,18.0555,18.6571,19.8442,22.4486,27.4318,35.4906,14.5529
22.468,-0.4500,0.0000,0.0000,5,118.31,8.77,0.12,0.3374,-0.0774,7871.8,0.0,105.55,108.35,102.72,105.56,5.09244,8.49793,10.5148,12.5319,14.0456,14.9013,15.3864,15.8279,16.1531,16.4866,16.8286,17.1791,17.6842,18.2823,19.4639,22.0618,27.048,35.136,14.8942
22.493,-0.4500,0.0000,0.0000,5,117.94,8.35,0.12,0.3556,-0.0795,7847.02,0.0,105.24,108.10,102.36,105.26,4.94835,8.26657,10.2423,12.2267,13.7212,14.5679,15.0485,15.4862,15.8089,16.14,16.4796,16.8279,17.3301,17.9253,19.1023,21.6957,26.6883,34.8105,15.2273
22.511,-0.4500,0.0000,0.0000,5,117.56,7.98,0.12,0.3735,-0.0812,7822.43,0.0,104.93,107.85,102.00,104.97,4.80766,8.04328,9.98054,11.9346,13.4117,14.2504,14.727,15.1615,15.4819,15.8109,16.1485,16.495,16.9948,17.5876,18.7613,21.3525,26.3553,34.5234,15.5487
22.536,-0.4500,0.0000,0.0000,5,117.19,7.67,0.12,0.3913,-0.0824,7798.0,0.0,104.61,107.61,101.63,104.69,4.67031,7.82803,9.72946,11.6559,13.1175,13.9492,14.4225,14.8541,15.1728,15.5001,15.8361,16.1811,16.6792,17.2703,18.4419,21.0338,26.0512,34.2799,15.8555
22.555,-0.4500,0.0000,0.0000,5,116.81,7.42,0.12,0.4089,-0.0831,7773.7,0.0,104.29,107.37,101.27,104.42,4.53632,7.62089,9.48934,11.391,12.8391,13.665,14.1356,14.5651,14.8823,15.2083,15.5433,15.8873,16.3842,16.9744,18.1455,20.7409,25.7779,34.0859,16.1444
22.580,-0.4500,0.0000,0.0000,5,116.45,7.21,0.12,0.4263,-0.0833,7749.48,0.0,103.96,107.12,100.90,104.14,4.40568,7.4218,9.26014,11.14,12.5768,13.3982,13.8667,14.2947,14.611,14.9362,15.2705,15.614,16.1105,16.7006,17.8728,20.4751,25.537,33.9478,16.4125
22.599,-0.4500,0.0000,0.0000,5,116.08,7.06,0.12,0.4434,-0.0828,7725.31,0.0,103.62,106.88,100.53,103.87,4.27831,7.2305,9.04161,10.9026,12.3304,13.1486,13.6158,14.043,14.3588,14.6838,15.0179,15.3615,15.8583,16.4492,17.6242,20.237,25.3294,33.8719,16.6573
22.624,-0.4500,0.0000,0.0000,5,115.71,6.97,0.12,0.4603,-0.0819,7701.16,0.0,103.28,106.62,100.16,103.60,4.15406,7.04662,8.83332,10.6783,12.0996,12.9159,13.3826,13.8096,14.1255,14.4507,14.7853,15.1294,15.6274,16.22,17.3995,20.0266,25.1554,33.8653,16.8774
22.649,-0.4500,0.0000,0.0000,5,115.34,6.92,0.12,0.4770,-0.0804,7676.99,0.0,102.93,106.37,99.80,103.33,4.03294,6.86999,8.63506,10.4671,11.8841,12.6999,13.1669,13.5945,13.911,14.237,14.5725,14.9178,15.4178,16.0131,17.199,19.8441,25.0153,33.9366,17.0714
22.668,-0.4500,0.0000,0.0000,5,114.97,6.91,0.12,0.4934,-0.0785,7652.77,0.0,102.58,106.10,99.43,103.05,3.91476,6.70006,8.44607,10.2681,11.6833,12.5,12.968,13.3969,13.7146,14.0419,14.379,14.726,15.2287,15.8277,17.0219,19.6889,24.9086,34.0951,17.2389
22.693,-0.4500,0.0000,0.0000,5,114.61,6.94,0.12,0.5095,-0.0760,7628.49,0.0,102.22,105.83,99.07,102.78,3.79986,6.53716,8.2667,10.0817,11.4974,12.3164,12.7863,13.2172,13.5365,13.8658,14.205,14.5544,15.0607,15.6644,16.8688,19.5617,24.8357,34.3535,17.3794
22.711,-0.4500,0.0000,0.0000,5,114.23,7.01,0.11,0.5254,-0.0732,7604.1,0.0,101.85,105.54,98.70,102.49,3.68745,6.37971,8.09498,9.90564,11.3241,12.1466,12.6192,13.0529,13.3745,13.7062,14.0481,14.4004,14.9112,15.5204,16.737,19.4596,24.7936,34.7237,17.4954
22.736,-0.4500,0.0000,0.0000,5,113.86,7.11,0.11,0.5410,-0.0699,7579.6,0.0,101.48,105.24,98.34,102.20,3.57785,6.22796,7.93115,9.74005,11.1635,11.991,12.467,12.9042,13.2286,13.5633,13.9084,14.2642,14.7802,15.3961,16.6266,19.3827,24.7822,35.2245,17.5875
22.755,-0.4500,0.0000,0.0000,5,113.49,7.24,0.11,0.5563,-0.0662,7554.97,0.0,101.11,104.94,97.99,101.91,3.47107,6.08169,7.77485,9.58454,11.0152,11.849,12.3293,12.7706,13.0983,13.4365,13.7854,14.1452,14.6674,15.2908,16.5372,19.3304,24.8005,35.8791,17.657
22.780,-0.4500,0.0000,0.0000,5,113.11,7.38,0.11,0.5712,-0.0623,7530.2,0.0,100.74,104.62,97.63,101.61,3.36719,5.94074,7.62583,9.43871,10.8787,11.7202,12.2054,12.6516,12.9831,13.3254,13.6787,14.0431,14.5722,15.2041,16.4681,19.3018,24.8472,36.7173,17.706
22.799,-0.4500,0.0000,0.0000,5,112.73,7.54,0.11,0.5858,-0.0580,7505.27,0.0,100.36,104.30,97.28,101.30,3.26585,5.80423,7.48289,9.30118,10.7526,11.603,12.0939,12.5456,12.8814,13.2283,13.5865,13.956,14.4927,15.1341,16.4174,19.295,24.9198,37.7776,17.7372
22.824,-0.4500,0.0000,0.0000,5,112.35,7.71,0.11,0.6001,-0.0535,7480.19,0.0,99.98,103.96,96.93,100.99,3.16721,5.67228,7.34607,9.1719,10.6368,11.4972,11.9945,12.4525,12.7931,13.145,13.5086,13.8838,14.429,15.0806,16.3849,19.3095,25.023,39.1148,17.7525
22.842,-0.4500,0.0000,0.0000,5,111.96,7.89,0.11,0.6139,-0.0488,7454.96,0.0,99.61,103.61,96.58,100.67,3.07124,5.54462,7.21499,9.0505,10.5307,11.4024,11.9068,12.3717,12.7176,13.0751,13.4446,13.826,14.3803,15.0431,16.3699,19.3443,25.1884,40.8049,17.7536
22.868,-0.4500,0.0000,0.0000,5,111.58,8.07,0.11,0.6274,-0.0439,7429.57,0.0,99.22,103.26,96.23,100.35,2.97784,5.42089,7.08912,8.93623,10.4336,11.3178,11.83,12.3024,12.654,13.0176,13.3935,13.7816,14.3458,15.0204,16.3712,19.398,25.4287,42.9563,17.743
22.886,-0.4500,0.0000,0.0000,5,111.19,8.25,0.11,0.6406,-0.0389,7404.04,0.0,98.84,102.90,95.88,100.02,2.88719,5.30131,6.96867,8.82934,10.3458,11.2436,11.7643,12.2449,12.6027,12.9729,13.3555,13.7508,14.3255,15.0128,16.389,19.4707,25.7572,45.7332,17.7217
22.911,-0.4500,0.0000,0.0000,5,110.80,8.43,0.11,0.6533,-0.0337,7378.37,0.0,98.46,102.54,95.54,99.69,2.79926,5.18566,6.85337,8.72945,10.2668,11.1795,11.7093,12.1986,12.5631,12.9403,13.3302,13.7331,14.319,15.0197,16.4227,19.5613,26.1901,49.3895,17.6915
22.930,-0.4500,0.0000,0.0000,5,110.40,8.61,0.11,0.6655,-0.0285,7352.58,0.0,98.08,102.17,95.19,99.35,2.71409,5.07391,6.74314,8.63652,10.1967,11.1252,11.6649,12.1636,12.5351,12.9198,13.3175,13.7284,14.3261,15.041,16.4718,19.6693,26.7493,54.3438,17.6536
22.955,-0.4500,0.0000,0.0000,5,110.01,8.78,0.11,0.6774,-0.0232,7326.67,0.0,97.70,101.79,94.85,99.01,2.63181,4.96621,6.63812,8.55064,10.1355,11.0811,11.6313,12.1399,12.519,12.9114,13.3174,13.7368,14.3469,15.0766,16.5364,19.7942,27.4646,61.3369,17.609
22.974,-0.4500,0.0000,0.0000,5,109.61,8.94,0.11,0.6888,-0.0178,7300.67,0.0,97.32,101.42,94.51,98.66,2.55238,4.86251,6.53825,8.47177,10.0832,11.047,11.6083,12.1274,12.5144,12.9152,13.3297,13.7581,14.3812,15.1261,16.616,19.9354,28.3765,71.8102,17.5589
22.999,-0.4500,0.0000,0.0000,5,109.21,9.09,0.11,0.6998,-0.0124,7274.58,0.0,96.94,101.03,94.17,98.31,2.47599,4.76311,6.44382,8.40035,10.0401,11.0234,11.5964,12.1266,12.522,12.9315,13.355,13.7927,14.4292,15.1901,16.7108,20.1161,29.5431,89.0006,17.5038
23.017,-0.4500,0.0000,0.0000,5,108.81,9.22,0.11,0.7103,-0.0070,7248.43,0.0,96.56,100.65,93.83,97.96,2.40263,4.66797,6.35486,8.33638,10.0065,11.0103,11.5957,12.1376,12.5417,12.9603,13.3933,13.8406,14.491,15.2683,16.8207,20.3731,31.0482,121.974,17.4445
23.042,-0.4500,0.0000,0.0000,5,108.41,9.35,0.11,0.7203,-0.0015,7222.23,0.0,96.18,100.27,93.48,97.61,2.33249,4.57749,6.27188,8.28052,9.98293,11.0083,11.6069,12.1609,12.5742,13.0022,13.4449,13.9023,14.567,15.3612,16.9458,20.7235,33.0191,200.0,17.3813
23.061,-0.4500,0.0000,0.0000,5,108.01,9.46,0.11,0.7299,0.0039,7196.0,0.0,95.81,99.88,93.14,97.26,2.26564,4.49184,6.19514,8.23309,9.96984,11.0181,11.6303,12.1971,12.6199,13.0576,13.5104,13.9781,14.6576,15.469,17.0862,21.19,35.6568,200.0,17.3147
23.086,-0.4500,0.0000,0.0000,5,107.61,9.56,0.11,0.7389,0.0094,7169.76,0.0,95.43,99.49,92.81,96.90,2.20218,4.41122,6.12493,8.19445,9.96765,11.0399,11.6662,12.2463,12.6789,13.1267,13.5899,14.0682,14.7628,15.5917,17.2542,21.8036,39.2994,200.0,17.2452
23.105,-0.4500,0.0000,0.0000,5,107.21,9.65,0.11,0.7475,0.0148,7143.53,0.0,95.06,99.11,92.47,96.55,2.14234,4.33619,6.06206,8.16559,9.97741,11.0747,11.7159,12.3096,12.7523,13.2107,13.6845,14.1735,14.8835,15.7301,17.4974,22.6096,44.564,200.0,17.1727
23.130,-0.4500,0.0000,0.0000,5,106.81,9.72,0.11,0.7555,0.0202,7117.33,0.0,94.69,98.72,92.13,96.19,2.08614,4.26692,6.00677,8.14701,9.99959,11.1231,11.7796,12.3875,12.8407,13.3097,13.7943,14.2943,15.0198,15.8945,17.8377,23.6725,52.7018,160.948,17.0975
23.148,-0.4500,0.0000,0.0000,5,106.42,9.78,0.11,0.7631,0.0256,7091.16,0.0,94.32,98.34,91.79,95.83,2.03355,4.2035,5.95925,8.1389,10.0344,11.1851,11.8576,12.4799,12.9439,13.4237,13.9193,14.4305,15.1795,16.134,18.3009,25.0896,66.6995,122.004,17.0159
23.174,-0.4500,0.4500,0.0000,5,106.02,9.82,0.11,0.7701,0.0310,7065.05,0.0,93.96,97.96,91.46,95.48,1.98487,4.14664,5.92051,8.14262,10.0832,11.2623,11.9512,12.5884,13.0631,13.554,14.0607,14.5937,15.4134,16.4739,18.9252,27.0188,95.9048,99.2544,16.9248
23.193,-0.4500,0.6975,0.0000,5,105.63,9.83,0.10,0.7766,0.0360,7191.98,0.0,93.60,97.56,95.04,95.04,1.93949,4.0934,5.88499,8.14897,10.134,11.3407,12.0454,12.697,13.1822,13.6861,14.2274,14.8145,15.725,16.9161,19.7284,29.6415,188.644,84.5236,16.8331
23.218,-0.4500,0.8336,0.0000,5,105.51,9.80,0.11,0.7825,0.0404,7396.11,0.0,93.33,97.19,97.76,97.76,1.89687,4.04046,5.84616,8.14667,10.1714,11.4029,12.1219,12.7865,13.2916,13.8393,14.4353,15.0861,16.1046,17.4547,20.7224,33.2274,200.0,74.3853,16.749
23.242,-0.4500,0.9085,0.0000,5,105.57,9.78,0.11,0.7880,0.0443,7535.72,0.0,93.20,96.98,99.63,99.63,1.85732,3.99019,5.80844,8.1429,10.205,11.4596,12.192,12.8927,13.4459,14.0499,14.7119,15.4405,16.5932,18.1445,22.0149,38.5234,200.0,66.8628,16.6653
23.261,-0.4500,0.9497,0.0000,5,105.75,9.77,0.11,0.7931,0.0479,7630.73,0.0,93.20,96.92,100.90,100.90,1.82027,3.9418,5.77087,8.1367,10.2335,11.5098,12.2816,13.0493,13.6605,14.3329,15.0762,15.9019,17.2251,19.039,23.7381,47.0547,200.0,61.0349,16.5814
23.286,-0.3482,0.9723,0.0000,5,105.99,9.74,0.11,0.7977,0.0510,7695.49,0.0,93.30,96.96,101.77,101.77,1.78583,3.89463,5.73151,8.12394,10.2512,11.5696,12.4125,13.2598,13.9409,14.697,15.5409,16.489,18.0315,20.1939,26.0692,62.6273,193.414,56.4233,16.4995
23.305,-0.3134,0.9848,0.0000,5,106.29,9.69,0.11,0.8020,0.0533,7739.14,0.0,93.84,97.36,102.35,102.35,1.75283,3.84487,5.68356,8.09388,10.2441,11.6509,12.5756,13.5164,14.2808,15.1381,16.1062,17.208,19.0333,21.6633,29.2585,98.5212,150.835,52.7435,16.4247
23.330,-0.2820,0.9916,0.0000,5,106.64,9.57,0.11,0.8060,0.0548,7770.9,0.0,94.46,97.79,102.78,102.78,1.72049,3.78991,5.6222,8.0387,10.223,11.7455,12.7629,13.8121,14.6751,15.6544,16.7751,18.0701,20.2626,23.5298,33.75,200.0,125.588,49.7844,16.3596
23.348,-0.2538,0.9954,0.0000,5,107.02,9.39,0.10,0.8097,0.0553,7796.15,0.0,95.09,98.22,103.11,103.11,1.68889,3.73009,5.54787,7.95846,10.2058,11.8562,12.9795,14.1552,15.1358,16.2638,17.5749,19.1176,21.7991,25.9662,40.504,200.0,108.938,47.3617,16.3025
23.374,-0.2284,0.9975,0.0000,5,107.43,9.14,0.09,0.8132,0.0551,7817.57,0.0,95.73,98.66,103.39,103.39,1.65852,3.66733,5.46391,7.85813,10.2013,11.9961,13.2425,14.5693,15.694,17.0082,18.5641,20.4352,23.7958,29.3099,51.8736,200.0,97.0837,45.3289,16.2495
23.393,-0.2056,0.9986,0.0000,5,107.85,8.85,0.08,0.8164,0.0543,7837.48,0.0,96.37,99.13,103.66,103.66,1.62873,3.60161,5.37153,7.74192,10.2191,12.1812,13.5752,15.0884,16.3954,17.9518,19.8363,22.1648,26.5277,34.2352,75.2864,200.0,88.1225,43.5764,16.1976
23.418,-0.1850,0.9992,0.0000,5,108.30,8.53,0.08,0.8194,0.0530,7855.87,0.0,96.99,99.62,103.90,103.90,1.60057,3.53638,5.27651,7.63905,10.2794,12.4434,14.0217,15.7751,17.324,19.2119,21.5635,24.5731,30.5455,42.3036,152.294,200.0,81.0152,42.0221,16.1421
23.436,-0.1665,0.9996,0.0000,5,108.75,8.19,0.08,0.8221,0.0514,7871.29,0.0,97.60,100.12,104.11,104.11,1.57356,3.47126,5.17899,7.56148,10.3951,12.8091,14.6246,16.6983,18.5821,20.9466,24.0028,28.1055,36.9531,57.735,200.0,200.0,75.2003,40.6224,16.0821
23.461,-0.1499,0.9998,0.0000,5,109.23,7.84,0.08,0.8247,0.0494,7885.3,0.0,98.20,100.63,104.30,104.30,1.54742,3.40581,5.07845,7.51346,10.5787,13.3078,15.4363,17.9514,20.3179,23.4052,27.6013,33.6338,48.4708,97.7894,200.0,164.546,70.352,39.3539,16.0177
23.480,-0.1349,0.9999,0.0000,5,109.72,7.46,0.08,0.8272,0.0469,7897.18,0.0,98.79,101.13,104.45,104.45,1.52221,3.33995,4.97459,7.4994,10.844,13.9759,16.5264,19.6705,22.7664,27.0213,33.2353,43.1653,74.2193,200.0,200.0,142.341,66.2663,38.2038,15.9497
23.505,-0.1214,0.9999,0.0000,5,110.22,7.07,0.08,0.8295,0.0439,7907.44,0.0,99.39,101.62,104.59,104.59,1.49704,3.27133,4.87883,7.51875,11.1982,14.8479,17.978,22.0488,26.306,32.6034,42.8692,62.5779,175.659,200.0,200.0,126.26,62.8097,37.1674,15.8801
23.525,-0.1093,0.9999,0.0000,5,110.73,6.64,0.09,0.8318,0.0403,7916.61,0.0,100.00,102.10,104.71,104.71,1.47184,3.19962,4.8031,7.574,11.6537,15.9736,19.9172,25.4106,31.6485,41.9497,62.1998,120.262,200.0,200.0,200.0,114.209,59.8808,36.2391,15.8101
23.548,-0.0983,1.0000,0.0000,5,111.26,6.17,0.09,0.8340,0.0360,7925.21,0.0,100.62,102.58,104.83,104.83,1.44604,3.12448,4.74759,7.66542,12.2199,17.4125,22.5237,30.3148,40.2679,59.9582,117.348,200.0,200.0,200.0,200.0,104.956,57.3987,35.4134,15.741
23.568,-0.0885,1.0000,0.0000,5,111.80,5.67,0.09,0.8363,0.0308,7933.78,0.0,101.25,103.05,104.94,104.94,1.41916,3.06043,4.71296,7.79385,12.908,19.2434,26.0776,37.8437,55.8478,106.544,200.0,200.0,200.0,200.0,182.432,97.7169,55.2941,34.6828,15.6736
23.593,-0.0797,1.0000,0.0000,5,112.35,5.14,0.09,0.8386,0.0249,7942.95,0.0,101.88,103.52,105.06,105.06,1.39075,3.01317,4.70047,7.96157,13.7331,21.5798,31.0518,50.427,90.9885,199.32,200.0,200.0,200.0,200.0,162.817,91.956,53.5036,34.0367,15.6078
23.611,-0.0717,1.0000,0.0000,5,112.91,4.59,0.09,0.8411,0.0182,7953.47,0.0,102.52,104.00,105.20,105.20,1.36138,2.9834,4.71176,8.17228,14.7163,24.5906,38.3128,74.8935,194.27,200.0,200.0,200.0,200.0,200.0,148.404,87.2924,51.9697,33.4632,15.5433
23.636,-0.0645,1.0000,0.0000,5,113.48,4.04,0.10,0.8438,0.0108,7966.05,0.0,103.16,104.48,105.36,105.36,1.33973,2.97129,4.74761,8.42788,15.876,28.5054,49.5388,139.862,200.0,200.0,200.0,200.0,200.0,200.0,137.463,83.4716,50.6503,32.9531,15.4798
23.656,-0.0581,1.0000,0.0000,5,114.05,3.51,0.10,0.8461,0.0162,7981.44,0.0,103.80,104.97,105.56,105.56,1.32756,2.97665,4.80825,8.72936,17.2296,33.6565,68.5196,198.131,200.0,200.0,200.0,200.0,200.0,185.254,128.946,80.3084,49.5102,32.4983,15.417
23.680,-0.0523,1.0000,0.0000,5,114.63,3.00,0.10,0.8472,0.0210,8000.32,0.0,104.42,105.47,105.81,105.81,1.32433,2.999,4.89343,9.0769,18.7937,40.5436,106.012,200.0,200.0,200.0,200.0,200.0,200.0,171.536,122.181,77.6647,48.5202,32.0911,15.3549
23.699,-0.0470,1.0000,0.0000,5,115.21,2.53,0.10,0.8473,0.0253,8021.82,0.0,105.04,105.96,106.09,106.09,1.32948,3.03766,5.0026,9.47004,20.5827,49.9531,189.955,200.0,200.0,200.0,200.0,200.0,200.0,160.933,116.717,75.4352,47.6557,31.7249,15.2932
23.724,-0.0423,1.0000,0.0000,5,115.79,2.12,0.10,0.8465,0.0291,8048.38,0.0,105.65,106.46,106.44,106.44,1.34224,3.09158,5.13478,9.90842,22.6173,63.2765,196.985,200.0,200.0,200.0,200.0,200.0,200.0,152.507,112.216,73.5294,46.8927,31.3922,15.2315
23.743,-0.0381,1.0000,0.0000,5,116.38,1.76,0.10,0.8448,0.0324,8079.19,0.0,106.25,106.97,106.85,106.85,1.36167,3.15923,5.28819,10.3908,24.9222,83.2163,200.0,200.0,200.0,200.0,200.0,200.0,178.316,145.636,108.435,71.8751,46.2106,31.0865,15.1697
23.768,-0.0343,1.0000,0.0000,5,116.96,1.46,0.10,0.8424,0.0355,8113.25,0.0,106.84,107.48,107.30,107.30,1.38711,3.23963,5.46196,10.9178,27.5333,115.796,200.0,200.0,200.0,200.0,200.0,200.0,169.827,139.897,105.194,70.416,45.592,30.8019,15.1073
23.787,-0.0309,1.0000,0.0000,5,117.55,1.22,0.10,0.8394,0.0382,8149.59,0.0,107.42,108.00,107.78,107.78,1.41798,3.33183,5.65499,11.4889,30.4859,177.315,200.0,200.0,200.0,200.0,200.0,200.0,162.737,135.017,102.376,69.1133,45.0253,30.5345,15.0442
23.812,-0.0278,1.0000,0.0000,5,118.14,1.02,0.10,0.8358,0.0407,8187.61,0.0,107.99,108.52,108.28,108.28,1.45359,3.43454,5.86555,12.1022,33.8181,190.97,200.0,200.0,200.0,200.0,200.0,200.0,156.706,130.801,99.8935,67.9376,44.5012,30.2813,14.9805
23.836,-0.0250,1.0000,0.0000,5,118.73,0.86,0.10,0.8317,0.0429,8226.89,0.0,108.56,109.04,108.80,108.80,1.49341,3.54676,6.09228,12.7562,37.5726,193.891,200.0,200.0,200.0,200.0,200.0,182.1,151.5,127.112,97.682,66.8671,44.013,30.0402,14.9161
23.856,-0.0225,1.0000,0.0000,5,119.33,0.74,0.10,0.8272,0.0450,8267.03,0.0,109.13,109.57,109.33,109.33,1.53693,3.66728,6.3331,13.446,41.7682,195.761,200.0,200.0,200.0,200.0,200.0,175.69,146.981,123.871,95.7074,65.8911,43.5581,29.8106,14.8514
23.880,-0.0202,1.0000,0.0000,5,119.93,0.63,0.10,0.8223,0.0468,8307.82,0.0,109.71,110.10,109.87,109.87,1.58366,3.79489,6.58564,14.1645,46.3965,197.055,200.0,200.0,200.0,200.0,200.0,170.201,143.061,121.028,93.949,65.0044,43.1357,29.5929,14.7868
23.899,-0.0182,1.0000,0.0000,5,120.53,0.55,0.10,0.8171,0.0485,8349.19,0.0,110.28,110.63,110.41,110.41,1.63324,3.92884,6.84872,14.9091,51.479,197.974,200.0,200.0,200.0,200.0,200.0,165.447,139.628,118.512,92.3712,64.1936,42.7413,29.3853,14.7221
23.924,-0.0164,1.0000,0.0000,5,121.13,0.48,0.11,0.8115,0.0500,8391.08,0.0,110.85,111.17,110.97,110.97,1.68549,4.06884,7.12207,15.6799,57.059,198.629,200.0,200.0,200.0,200.0,200.0,161.273,136.581,116.26,90.9399,63.4447,42.3697,29.186,14.6572
23.943,-0.0148,1.0000,0.0000,5,121.74,0.42,0.11,0.8057,0.0513,8433.43,0.0,111.42,111.71,111.53,111.53,1.73992,4.21367,7.40342,16.4707,63.13,199.079,200.0,200.0,200.0,200.0,181.382,157.595,133.872,114.239,89.6398,62.7528,42.0196,28.9948,14.5925
23.968,-0.0133,1.0000,0.0000,5,122.35,0.37,0.11,0.7997,0.0526,8476.21,0.0,112.00,112.26,112.09,112.09,1.7965,4.3635,7.69342,17.2844,69.7672,199.375,200.0,200.0,200.0,200.0,176.226,154.298,131.422,112.398,88.4415,62.1046,41.6858,28.8093,14.5275
23.987,-0.0120,1.0000,0.0000,5,122.97,0.33,0.11,0.7934,0.0537,8519.33,0.0,112.57,112.81,112.66,112.66,1.85526,4.5183,7.99185,18.1193,76.9743,199.54,200.0,200.0,200.0,200.0,172.457,151.338,129.203,110.717,87.3354,61.4965,41.3669,28.6291,14.4621
24.011,-0.0108,1.0000,0.0000,5,123.58,0.30,0.11,0.7869,0.0547,8562.77,0.0,113.14,113.36,113.24,113.24,1.91556,4.67652,8.29594,18.968,84.7294,199.594,200.0,200.0,200.0,200.0,169.087,148.673,127.191,109.182,86.3141,60.9263,41.0628,28.4545,14.3967
24.030,-0.0097,1.0000,0.0000,5,124.20,0.27,0.11,0.7803,0.0557,8606.49,0.0,113.72,113.92,113.82,113.82,1.97769,4.83902,8.60744,19.836,93.1282,199.561,200.0,200.0,200.0,200.0,166.024,146.236,125.337,107.758,85.3571,60.3843,40.7691,28.2834,14.331
24.056,-0.0087,1.0000,0.0000,5,124.82,0.24,0.11,0.7734,0.0565,8650.46,0.0,114.30,114.48,114.40,114.40,2.04113,5.00456,8.92419,20.718,102.178,199.453,200.0,200.0,200.0,200.0,163.228,143.998,123.624,106.433,84.4584,59.8685,40.4854,28.1161,14.2651
24.075,-0.0078,1.0000,0.0000,5,125.45,0.22,0.11,0.7664,0.0573,8694.66,0.0,114.88,115.05,114.98,114.98,2.10612,5.17369,9.24703,21.615,111.885,199.278,200.0,200.0,200.0,200.0,160.668,141.938,122.036,105.198,83.6121,59.3759,40.2105,27.9518,14.1988
24.099,-0.0071,1.0000,0.0000,5,126.08,0.20,0.11,0.7592,0.0580,8739.07,0.0,115.46,115.61,115.57,115.57,2.17242,5.34571,9.57456,22.5219,122.186,199.041,200.0,200.0,200.0,200.0,158.33,140.045,120.567,104.047,82.8166,58.9065,39.9445,27.7906,14.1324
24.118,-0.0064,1.0000,0.0000,5,126.71,0.19,0.11,0.7519,0.0586,8783.7,0.0,116.05,116.18,116.16,116.16,2.2399,5.52023,9.90582,23.4345,132.971,198.744,200.0,200.0,200.0,200.0,156.201,138.312,119.212,102.98,82.0709,58.4599,39.6875,27.6329,14.0658
24.143,-0.0057,1.0000,0.0000,5,127.34,0.17,0.11,0.7445,0.0592,8828.54,0.0,116.64,116.75,116.75,116.75,2.30846,5.69693,10.24,24.3487,144.083,198.391,200.0,200.0,200.0,200.0,154.272,136.731,117.969,101.992,81.3738,58.0361,39.4396,27.4787,13.9993
24.162,-0.0051,1.0000,0.0000,5,127.98,0.15,0.11,0.7370,0.0597,8873.62,0.0,117.23,117.33,117.35,117.35,2.37808,5.87601,10.5781,25.2708,155.728,197.998,200.0,200.0,200.0,200.0,152.473,135.251,116.796,101.057,80.7074,57.6262,39.197,27.3262,13.9324
24.187,-0.0046,1.0000,0.0000,5,128.62,0.14,0.11,0.7293,0.0601,8918.92,0.0,117.82,117.92,117.95,117.95,2.44875,6.05748,10.92,26.2006,167.877,197.57,200.0,200.0,200.0,200.0,150.788,133.858,115.687,100.166,80.0684,57.2286,38.9589,27.1752,13.8652
24.206,-0.0042,1.0000,0.0000,5,129.26,0.13,0.11,0.7215,0.0606,8964.45,0.0,118.41,118.50,118.55,118.55,2.52033,6.24103,11.2654,27.1379,172.566,197.112,200.0,200.0,200.0,170.96,149.197,132.536,114.63,99.3135,79.4518,56.8411,38.7245,27.0254,13.7976
24.231,-0.0038,1.0000,0.0000,5,129.91,0.12,0.11,0.7136,0.0609,9010.2,0.0,119.01,119.09,119.16,119.16,2.59288,6.42674,11.6142,28.0803,173.688,196.624,200.0,200.0,200.0,168.83,147.703,131.289,113.626,98.4995,78.8585,56.4641,38.494,26.8767,13.7297
24.249,-0.0034,1.0000,0.0000,5,130.56,0.11,0.11,0.7056,0.0613,9056.16,0.0,119.60,119.68,119.76,119.76,2.66616,6.614,11.9654,29.0257,174.279,196.109,200.0,200.0,200.0,167.093,146.293,130.108,112.67,97.7203,78.2863,56.0969,38.2672,26.7293,13.6616
24.274,-0.0030,1.0000,0.0000,5,131.21,0.10,0.11,0.6976,0.0616,9102.34,0.0,120.21,120.27,120.37,120.37,2.74023,6.80286,12.3186,29.9711,174.584,195.565,200.0,200.0,200.0,165.484,144.973,128.995,111.765,96.9781,77.7368,55.7402,38.0444,26.5833,13.5933
24.293,-0.0027,1.0000,0.0000,5,131.87,0.09,0.11,0.6894,0.0619,9148.73,0.0,120.81,120.87,120.99,120.99,2.81509,6.99336,12.6741,30.9166,174.707,194.996,200.0,200.0,200.0,163.978,143.731,127.944,110.904,96.2682,77.2068,55.3924,37.825,26.4384,13.5247
24.318,-0.0025,1.0000,0.0000,5,132.52,0.08,0.11,0.6811,0.0621,9195.34,0.0,121.41,121.47,121.60,121.60,2.89068,7.18564,13.0328,31.8708,174.727,194.413,200.0,200.0,200.0,162.515,142.521,126.916,110.059,95.5704,76.6837,55.0473,37.6062,26.2933,13.4557
24.336,-0.0022,1.0000,0.0000,5,133.19,0.08,0.11,0.6728,0.0623,9242.16,0.0,122.02,122.07,122.22,122.22,2.96698,7.37933,13.3932,32.8237,174.641,193.807,200.0,200.0,200.0,161.14,141.377,125.94,109.253,94.9002,76.1774,54.7099,37.3903,26.1491,13.3864
24.362,-0.0020,1.0000,0.0000,5,133.85,0.07,0.11,0.6644,0.0625,9289.18,0.0,122.64,122.67,122.84,122.84,3.04391,7.57418,13.7549,33.7725,174.467,193.179,199.596,200.0,200.0,159.854,140.299,125.016,108.485,94.2582,75.6885,54.3806,37.1774,26.006,13.3168
24.387,-0.0018,1.0000,0.0000,5,134.52,0.06,0.12,0.6559,0.0627,9336.42,0.0,123.25,123.28,123.47,123.47,3.12145,7.77045,14.1189,34.7263,174.24,192.539,198.898,200.0,200.0,158.602,139.248,124.112,107.731,93.6264,75.2053,54.0536,36.9651,25.8627,13.247
24.406,-0.0016,1.0000,0.0000,5,135.19,0.06,0.12,0.6473,0.0629,9383.88,0.0,123.86,123.90,124.10,124.10,3.19966,7.96848,14.4864,35.69,173.979,191.891,198.194,200.0,200.0,157.363,138.205,123.213,106.981,92.9966,74.7229,53.7262,36.7521,25.7188,13.1766
24.431,-0.0015,1.0000,0.0000,5,135.86,0.05,0.12,0.6387,0.0630,9431.51,0.0,124.48,124.52,124.73,124.73,3.27854,8.16832,14.8575,36.6658,173.689,191.238,197.485,200.0,200.0,156.126,137.162,122.315,106.23,92.3658,74.239,53.3974,36.5378,25.5739,13.1057
24.449,0.0166,1.0000,0.0000,5,136.54,0.05,0.12,0.6300,0.0632,9477.34,0.0,125.10,125.13,125.33,125.33,3.358,8.3692,15.2295,37.6363,173.347,190.566,196.76,200.0,200.0,154.958,136.173,121.458,105.51,91.7572,73.7687,53.0748,36.3259,25.4297,13.0345
24.474,0.0490,1.0000,0.0000,5,137.21,0.08,0.12,0.6213,0.0628,9522.22,0.0,125.78,125.69,125.93,125.93,3.43545,8.55356,15.5452,38.2601,172.442,189.626,195.81,200.0,200.0,155.122,136.21,121.417,105.404,91.6127,73.5972,52.9054,36.1843,25.3184,12.9695
24.492,0.0789,1.0000,0.0000,5,137.88,0.09,0.12,0.6127,0.0609,9567.53,0.0,126.53,126.14,126.53,126.53,3.50573,8.68753,15.6958,37.9182,169.94,187.95,194.244,198.972,200.0,159.118,139.176,123.693,107.036,92.7756,74.264,53.1646,36.2391,25.2998,12.9225
24.517,0.0676,1.0000,0.0000,5,138.55,-0.01,0.12,0.6045,0.0569,9614.75,0.0,127.34,126.52,127.15,127.15,3.56471,8.74799,15.6165,36.3721,164.076,185.177,191.78,196.683,199.833,200.0,146.846,129.632,111.369,95.94,76.19,54.0539,36.5786,25.4144,12.9017
24.537,0.0609,1.0000,0.0000,5,139.21,-0.29,0.12,0.5966,0.0516,9663.03,0.0,128.09,127.01,127.79,127.79,3.61454,8.75973,15.4036,34.3489,133.243,181.575,188.678,193.851,197.147,200.0,159.417,138.744,117.935,100.693,79.0642,55.3903,37.1112,25.6174,12.8988
24.562,0.0548,1.0000,0.0000,5,139.87,-0.56,0.12,0.5891,0.0462,9710.32,0.0,128.73,127.59,128.41,128.41,3.65931,8.75679,15.1726,32.4971,104.596,177.582,185.345,190.846,194.312,197.488,200.0,149.794,125.722,106.232,82.3421,56.8835,37.7012,25.8448,12.9017
24.580,0.0493,1.0000,0.0000,5,140.53,-0.78,0.12,0.5822,0.0411,9756.18,0.0,129.31,128.21,129.02,129.02,3.70039,8.75098,14.9598,30.9432,87.2204,173.326,181.941,187.816,191.468,194.791,197.851,200.0,134.314,112.213,85.7915,58.4132,38.2948,26.0718,12.9062
24.605,0.0444,1.0000,0.0000,5,141.19,-0.94,0.12,0.5757,0.0363,9800.67,0.0,129.88,128.86,129.61,129.61,3.73825,8.74653,14.7756,29.6762,75.9412,168.8,178.543,184.837,188.685,192.16,195.343,198.286,143.448,118.426,89.2765,59.9148,38.8651,26.2872,12.9105
24.624,0.0399,1.0000,0.0000,5,141.85,-1.03,0.12,0.5698,0.0319,9844.09,0.0,130.43,129.51,130.19,130.19,3.77315,8.74474,14.6207,28.6504,68.1932,163.827,175.187,181.946,185.999,189.627,192.93,195.974,152.946,124.732,92.7143,61.3535,39.3997,26.486,12.9139
24.649,0.0359,1.0000,0.0000,5,142.51,-1.07,0.12,0.5643,0.0280,9886.84,0.0,131.00,130.16,130.75,130.75,3.805,8.74461,14.4896,27.8101,62.5919,157.583,171.867,179.149,183.413,187.194,190.617,193.758,197.772,131.071,96.0743,62.7208,39.8975,26.6686,12.9167
24.669,0.0324,1.0000,0.0000,5,143.17,-1.07,0.12,0.5594,0.0245,9929.23,0.0,131.56,130.81,131.31,131.31,3.8338,8.74528,14.3776,27.1135,58.3812,138.29,168.569,176.444,180.929,184.863,188.401,191.634,195.753,137.4,99.3363,64.0133,40.3593,26.8362,12.9191
24.692,0.0291,1.0000,0.0000,5,143.82,-1.04,0.12,0.5550,0.0214,9971.44,0.0,132.13,131.46,131.87,131.87,3.85971,8.74665,14.2822,26.534,55.1389,119.928,165.277,173.842,178.552,182.637,186.287,189.607,193.824,143.638,102.465,65.2216,40.7836,26.9883,12.9211
24.712,0.0262,1.0000,0.0000,5,144.48,-1.00,0.12,0.5510,0.0185,10013.6,0.0,132.70,132.10,132.43,132.43,3.88291,8.74823,14.2001,26.0468,52.5795,107.421,161.953,171.335,176.277,180.511,184.267,187.671,191.978,149.748,105.45,66.3472,41.1725,27.1266,12.9229
24.737,0.0236,1.0000,0.0000,5,145.14,-0.94,0.12,0.5474,0.0160,10055.9,0.0,133.27,132.73,132.99,132.99,3.9035,8.74949,14.1284,25.6318,50.5136,98.3833,158.515,168.916,174.097,178.477,182.336,185.816,190.208,194.695,108.292,67.395,41.5295,27.2526,12.9246
24.756,0.0212,1.0000,0.0000,5,145.79,-0.88,0.13,0.5443,0.0138,10098.2,0.0,133.85,133.37,133.55,133.55,3.92128,8.749,14.0627,25.2693,48.7997,91.5192,154.777,166.568,171.998,176.522,180.478,184.031,188.5,193.056,111.009,68.3779,41.8611,27.3694,12.927
24.781,0.0191,1.0000,0.0000,5,146.45,-0.82,0.13,0.5415,0.0117,10140.6,0.0,134.43,133.99,134.11,134.11,3.93682,8.74775,14.0036,24.9538,47.3696,86.1779,150.172,164.294,169.981,174.645,178.694,182.315,186.856,191.474,113.584,69.2919,42.1661,27.4767,12.9296
24.800,0.0172,1.0000,0.0000,5,147.10,-0.75,0.13,0.5391,0.0099,10183.0,0.0,135.01,134.62,134.67,134.67,3.95019,8.74563,13.9502,24.6786,46.1684,81.9417,139.728,162.096,168.047,172.847,176.983,180.667,185.273,189.947,116.002,70.1354,42.4453,27.5747,12.9325
24.824,0.0155,1.0000,0.0000,5,147.76,-0.69,0.13,0.5370,0.0082,10225.5,0.0,135.59,135.24,135.23,135.23,3.96157,8.7425,13.9011,24.4361,45.1462,78.5062,129.636,159.968,166.188,171.12,175.338,179.079,183.743,188.467,118.271,70.9145,42.7013,27.6646,12.9356
24.843,0.0139,1.0000,0.0000,5,148.41,-0.63,0.13,0.5352,0.0068,10268.0,0.0,136.17,135.86,135.79,135.79,3.9711,8.73848,13.8561,24.2222,44.2737,75.6914,121.843,157.912,164.407,169.463,173.756,177.549,182.266,187.034,120.379,71.6287,42.9346,27.7468,12.9391
24.869,0.0125,1.0000,0.0000,5,149.06,-0.57,0.13,0.5336,0.0055,10310.6,0.0,136.76,136.47,136.36,136.36,3.97902,8.73347,13.8138,24.0302,43.5144,73.3278,115.607,155.912,162.689,167.864,172.227,176.067,180.831,185.639,122.355,72.2897,43.1497,27.8228,12.9428
24.887,0.0113,1.0000,0.0000,5,149.71,-0.52,0.13,0.5323,0.0043,10353.1,0.0,137.34,137.09,136.92,136.92,3.98522,8.72661,13.7718,23.8514,42.8328,71.2779,110.422,153.94,161.015,166.306,170.734,174.619,179.426,184.269,124.24,72.9147,43.3531,27.8954,12.9473
24.912,0.0102,1.0000,0.0000,5,150.36,-0.47,0.13,0.5313,0.0032,10395.7,0.0,137.93,137.69,137.48,137.48,3.99008,8.71894,13.7321,23.6896,42.2339,69.5282,106.147,152.02,159.4,164.8,169.288,173.212,178.057,182.931,125.995,73.4905,43.5402,27.9626,12.9521
24.937,0.0091,1.0000,0.0000,5,151.00,-0.43,0.13,0.5304,0.0022,10438.2,0.0,138.51,138.30,138.05,138.05,3.99372,8.71074,13.6949,23.5446,41.7116,68.0406,102.618,150.161,157.849,163.349,167.89,171.848,176.726,181.626,127.603,74.0139,43.7101,28.0241,12.9571
24.956,0.0082,1.0000,0.0000,5,151.65,-0.39,0.13,0.5297,0.0013,10480.7,0.0,139.09,138.91,138.61,138.61,3.99606,8.70144,13.6588,23.4112,41.2463,66.7492,99.6362,148.351,156.349,161.942,166.53,170.518,175.424,180.347,129.091,74.4953,43.8669,28.0815,12.9625
24.980,0.0074,1.0000,0.0000,6,152.29,-0.35,0.13,0.5292,0.0006,10523.2,0.0,139.67,139.51,139.17,139.17,3.9975,8.69171,13.6244,23.2895,40.8329,65.6261,97.1002,146.589,154.9,160.576,165.207,169.22,174.15,179.092,130.46,74.9359,44.0106,28.1346,12.9679
25.000,0.0067,1.0000,0.0000,6,152.51,-0.31,0.13,0.5288,-0.0001,9645.32,0.0,140.12,139.98,134.71,134.58,3.99815,8.68219,13.5932,23.1833,40.4807,64.6877,95.0221,144.918,153.522,159.268,163.932,167.965,172.913,177.868,131.662,75.3205,44.1363,28.1815,12.9732
25.025,0.0060,1.0000,0.0000,6,152.34,-0.26,0.13,0.5286,-0.0007,9650.44,0.0,140.07,139.94,134.42,134.30,3.99754,8.67108,13.5614,23.0821,40.1585,63.851,93.2076,143.291,152.187,157.995,162.687,166.737,171.7,176.666,132.771,75.6759,44.2538,28.2263,12.9791
25.044,0.0054,1.0000,0.0000,6,152.17,-0.23,0.12,0.5284,-0.0013,9306.09,0.0,139.91,139.79,134.34,134.25,3.99628,8.65874,13.528,22.9795,39.8394,63.0371,91.4714,141.625,150.854,156.726,161.447,165.513,170.49,175.467,133.891,76.0337,44.3726,28.2721,12.9857
25.068,0.0049,1.0000,0.0000,6,152.45,-0.21,0.13,0.5285,-0.0018,9617.61,0.0,139.93,139.82,138.73,138.73,3.994,8.64496,13.4935,22.8793,39.5387,62.2877,89.9025,139.969,149.549,155.48,160.226,164.307,169.295,174.282,134.952,76.3734,44.4866,28.3169,12.9928
25.087,0.0044,1.0000,0.0000,6,153.01,-0.20,0.14,0.5286,-0.0023,9664.75,0.0,140.37,140.26,139.44,139.44,3.99106,8.63026,13.4583,22.7806,39.2499,61.5807,88.4449,138.29,148.258,154.246,159.015,163.108,168.107,173.101,136.271,76.7032,44.598,28.3612,13.0004
25.112,0.0039,1.0000,0.0000,6,153.59,-0.19,0.15,0.5287,-0.0028,9692.58,0.0,140.88,140.78,139.85,139.85,3.98767,8.61555,13.4246,22.6891,38.989,60.9536,87.1713,136.649,147.006,153.04,157.828,161.93,166.936,171.935,179.912,77.0033,44.7002,28.4025,13.008
25.131,0.0035,1.0000,0.0000,6,154.17,-0.17,0.16,0.5290,-0.0032,9720.11,0.0,141.39,141.31,140.24,140.24,3.98382,8.60095,13.3927,22.6062,38.7595,60.4135,86.0914,135.08,145.801,151.87,156.669,160.777,165.786,170.787,178.766,77.2669,44.7911,28.4399,13.0154
25.156,0.0032,1.0000,0.0000,6,154.74,-0.15,0.17,0.5294,-0.0035,9751.01,0.0,141.91,141.84,140.69,140.69,3.97933,8.58565,13.3607,22.5265,38.5463,59.9224,85.1251,133.54,144.624,150.719,155.527,159.637,164.647,169.647,177.627,77.5103,44.8763,28.4758,13.023
25.174,0.0029,1.0000,0.0000,6,155.31,-0.14,0.16,0.5298,-0.0038,9785.29,0.0,142.43,142.36,141.18,141.18,3.97454,8.57056,13.3304,22.4535,38.3571,59.4956,84.2981,132.082,143.485,149.596,154.406,158.516,163.524,168.521,176.497,77.7245,44.9524,28.5085,13.0306
25.200,0.0026,1.0000,0.0000,6,155.88,-0.12,0.16,0.5303,-0.0041,9821.82,0.0,142.94,142.89,141.71,141.71,3.96932,8.55523,13.3006,22.3848,38.1851,59.1167,83.5757,130.701,142.376,148.494,153.302,157.409,162.412,167.404,175.375,77.9159,45.0218,28.539,13.0382
25.218,0.0023,1.0000,0.0000,6,156.44,-0.11,0.15,0.5309,-0.0043,9859.71,0.0,143.46,143.41,142.25,142.25,3.9638,8.53946,13.2705,22.3164,38.0164,58.7498,82.8831,129.306,141.273,147.395,152.201,156.303,161.3,166.287,174.251,78.1033,45.0902,28.5695,13.046
25.243,0.0021,1.0000,0.0000,6,157.00,-0.10,0.14,0.5315,-0.0045,9896.49,0.0,143.97,143.93,142.78,142.78,3.95789,8.5233,13.2404,22.2503,37.8584,58.4132,82.2574,127.974,140.19,146.31,151.109,155.205,160.195,165.175,173.13,78.2758,45.1545,28.5988,13.0539
25.262,0.0019,1.0000,0.0000,6,157.56,-0.09,0.13,0.5321,-0.0047,9931.52,0.0,144.49,144.45,143.29,143.29,3.95168,8.50697,13.2108,22.1872,37.7121,58.109,81.7011,126.749,139.127,145.238,150.028,154.117,159.097,164.068,172.013,78.4318,45.2139,28.6266,13.0619
25.287,0.0017,1.0000,0.0000,6,158.12,-0.08,0.13,0.5328,-0.0049,9965.72,0.0,145.01,144.97,143.78,143.78,3.94524,8.49033,13.1809,22.1244,37.5689,57.8145,81.1677,125.569,138.07,144.17,148.949,153.029,157.998,162.961,170.894,78.5836,45.2723,28.6541,13.07
25.306,0.0015,1.0000,0.0000,6,158.68,-0.07,0.13,0.5335,-0.0050,9999.39,0.0,145.52,145.49,144.27,144.27,3.93841,8.47288,13.1499,22.06,37.4235,57.5189,80.6365,124.408,137.012,143.099,147.867,151.937,156.897,161.85,169.771,78.7368,45.3317,28.6824,13.0785
25.331,0.0014,1.0000,0.0000,6,159.24,-0.07,0.13,0.5343,-0.0052,10032.6,0.0,146.04,146.00,144.75,144.75,3.93124,8.45472,13.1178,21.9938,37.2756,57.2203,80.1033,123.252,135.95,142.024,146.782,150.842,155.791,160.735,168.644,78.8927,45.3924,28.7115,13.0873
25.350,0.0012,1.0000,0.0000,6,159.80,-0.06,0.13,0.5351,-0.0054,10065.7,0.0,146.55,146.52,145.23,145.23,3.92394,8.43679,13.0867,21.9317,37.1414,56.9564,79.6414,122.274,134.912,140.965,145.708,149.757,154.693,159.626,167.521,79.0294,45.4473,28.7385,13.096
25.375,0.0011,1.0000,0.0000,6,160.36,-0.06,0.14,0.5359,-0.0055,10098.9,0.0,147.06,147.03,145.71,145.71,3.91657,8.41927,13.0572,21.8747,37.0236,56.7332,79.2613,121.495,133.901,139.925,144.649,148.684,153.605,158.525,166.404,79.1431,45.4949,28.763,13.1045
25.393,0.0010,1.0000,0.0000,6,160.92,-0.05,0.14,0.5368,-0.0056,10132.3,0.0,147.56,147.54,146.19,146.19,3.90906,8.40172,13.0279,21.8194,36.9115,56.5251,78.9127,120.794,132.899,138.89,143.594,147.614,152.519,157.425,165.287,79.2481,45.54,28.7866,13.1129
25.418,0.0009,1.0000,0.0000,6,161.47,-0.04,0.14,0.5376,-0.0056,10166.0,0.0,148.07,148.05,146.67,146.67,3.90142,8.38396,12.9984,21.764,36.8007,56.3213,78.574,120.111,131.899,137.856,142.538,146.543,151.431,156.323,164.167,79.3509,45.5846,28.8101,13.1215
25.436,0.0008,1.0000,0.0000,6,162.02,-0.04,0.15,0.5385,-0.0057,10199.8,0.0,148.58,148.56,147.16,147.16,3.89352,8.36567,12.9682,21.7075,36.6884,56.1162,78.235,119.395,130.897,136.819,141.48,145.468,150.339,155.217,163.043,79.4543,45.6298,28.8341,13.1302
25.462,0.0007,1.0000,0.0000,6,162.57,-0.03,0.15,0.5394,-0.0058,10233.6,0.0,149.09,149.07,147.65,147.65,3.88543,8.34696,12.9373,21.6499,36.574,55.9078,77.8916,118.646,129.891,135.777,140.417,144.389,149.244,154.106,161.914,79.5598,45.6759,28.8586,13.1392
25.487,0.0007,1.0000,0.0000,6,163.12,-0.03,0.15,0.5404,-0.0059,10267.4,0.0,149.59,149.57,148.14,148.14,3.87722,8.32798,12.906,21.5916,36.4585,55.6977,77.5458,117.874,128.882,134.733,139.35,143.306,148.144,152.992,160.781,79.6667,45.7227,28.8835,13.1483
25.505,0.0006,1.0000,0.0000,6,163.67,-0.03,0.15,0.5413,-0.0060,10300.9,0.0,150.10,150.08,148.62,148.62,3.86883,8.30862,12.8741,21.5322,36.3411,55.4847,77.1961,117.082,127.87,133.685,138.28,142.22,147.04,151.873,159.643,79.7755,45.7703,28.9088,13.1576
25.531,0.0005,1.0000,0.0000,6,164.22,-0.03,0.15,0.5423,-0.0061,10334.2,0.0,150.60,150.58,149.10,149.10,3.86024,8.28882,12.8414,21.4716,36.2216,55.2685,76.8422,116.273,126.854,132.633,137.205,141.129,145.931,150.749,158.5,79.8862,45.8189,28.9347,13.1672
25.549,0.0005,1.0000,0.0000,6,164.77,-0.03,0.14,0.5433,-0.0062,10367.4,0.0,151.10,151.08,149.58,149.58,3.85155,8.26879,12.8084,21.4104,36.1011,55.0508,76.4862,115.451,125.835,131.577,136.127,140.034,144.819,149.622,157.353,79.9984,45.868,28.9609,13.1768
25.575,0.0004,1.0000,0.0000,6,165.31,-0.03,0.14,0.5443,-0.0062,10400.4,0.0,151.60,151.59,150.06,150.06,3.84279,8.24912,12.7767,21.3536,35.9944,54.8667,76.1968,114.701,124.838,130.537,135.061,138.95,143.715,148.501,156.211,80.0896,45.9107,28.9848,13.1862
25.594,0.0004,1.0000,0.0000,6,165.85,-0.03,0.14,0.5453,-0.0062,10433.4,0.0,152.10,152.09,150.53,150.53,3.83405,8.23009,12.7469,21.3024,35.9046,54.7227,75.986,114.022,123.867,129.515,134.01,137.877,142.62,147.388,155.074,80.1556,45.9453,29.0056,13.1952
25.618,0.0003,1.0000,0.0000,6,166.40,-0.02,0.15,0.5464,-0.0062,10466.3,0.0,152.59,152.59,151.01,151.01,3.82534,8.21134,12.7177,21.2535,35.8215,54.5949,75.8065,113.348,122.904,128.498,132.962,136.807,141.528,146.276,153.938,80.2114,45.9767,29.0253,13.2041
25.637,0.0003,1.0000,0.0000,6,166.94,-0.01,0.15,0.5474,-0.0062,10499.1,0.0,153.09,153.09,151.48,151.48,3.81662,8.19265,12.6888,21.2053,35.7407,54.4725,75.6378,112.658,121.942,127.482,131.914,135.736,140.433,145.162,152.798,80.2637,46.0071,29.0445,13.2129
25.662,0.0003,1.0000,0.0000,6,167.48,-0.01,0.15,0.5485,-0.0062,10531.9,0.0,153.59,153.59,151.95,151.95,3.80778,8.17374,12.6596,21.1568,35.6597,54.3505,75.4706,111.946,120.978,126.462,130.862,134.662,139.335,144.044,151.654,80.3154,46.0374,29.0639,13.2218
25.681,0.0003,1.0000,0.0000,6,168.02,-0.01,0.15,0.5495,-0.0062,10564.6,0.0,154.08,154.08,152.43,152.43,3.7989,8.15473,12.6303,21.108,35.5782,54.2277,75.3025,111.213,120.01,125.439,129.807,133.584,138.234,142.922,150.507,80.3674,46.0679,29.0834,13.2308
25.706,0.0002,1.0000,0.0000,6,168.56,-0.00,0.15,0.5506,-0.0062,10597.3,0.0,154.58,154.58,152.90,152.90,3.78997,8.13561,12.6007,21.0588,35.4957,54.103,75.1309,110.461,119.037,124.412,128.748,132.502,137.128,141.795,149.354,80.4206,46.0988,29.103,13.2398
25.724,0.0002,1.0000,0.0000,6,169.09,-0.00,0.15,0.5516,-0.0062,10629.8,0.0,155.07,155.07,153.37,153.37,3.78099,8.11637,12.571,21.0092,35.4127,53.9774,74.9579,109.692,118.061,123.382,127.686,131.416,136.018,140.665,148.197,80.4741,46.13,29.1228,13.2488
25.749,0.0002,1.0000,0.0000,6,169.63,-0.00,0.15,0.5527,-0.0062,10662.3,0.0,155.56,155.56,153.84,153.84,3.77196,8.09699,12.541,20.9592,35.3286,53.8497,74.7814,108.908,117.081,122.348,126.619,130.326,134.904,139.53,147.036,80.5288,46.1615,29.1428,13.258
25.768,0.0002,1.0000,0.0000,6,170.16,-0.00,0.15,0.5538,-0.0062,10694.7,0.0,156.05,156.05,154.30,154.30,3.76287,8.0775,12.5108,20.9089,35.244,53.7213,74.6038,108.111,116.097,121.31,125.549,129.233,133.786,138.391,145.87,80.5839,46.1933,29.163,13.2672
25.792,0.0002,1.0000,0.0000,6,170.69,-0.00,0.15,0.5549,-0.0062,10727.1,0.0,156.54,156.54,154.77,154.77,3.7538,8.05805,12.4807,20.8587,35.1597,53.5932,74.4266,107.303,115.111,120.269,124.475,128.136,132.664,137.249,144.7,80.6387,46.225,29.183,13.2763
25.811,0.0001,1.0000,0.0000,6,171.22,-0.00,0.15,0.5559,-0.0062,10759.3,0.0,157.03,157.03,155.24,155.24,3.74467,8.03846,12.4504,20.808,35.0742,53.4629,74.2457,106.483,114.12,119.224,123.398,127.035,131.538,136.101,143.525,80.6949,46.2572,29.2034,13.2856
25.837,0.0001,1.0000,0.0000,6,171.75,-0.00,0.15,0.5570,-0.0062,10791.4,0.0,157.52,157.52,155.70,155.70,3.73547,8.01871,12.4198,20.7568,34.988,53.3316,74.0633,105.652,113.125,118.176,122.317,125.93,130.408,134.95,142.346,80.7514,46.2896,29.2238,13.2949
25.856,0.0001,1.0000,0.0000,6,172.28,-0.00,0.15,0.5581,-0.0062,10823.5,0.0,158.00,158.00,156.16,156.16,3.72632,7.99907,12.3894,20.706,34.9023,53.2009,73.8818,104.813,112.127,117.125,121.232,124.822,129.275,133.795,141.162,80.8077,46.3219,29.2442,13.3042
25.881,0.0001,1.0000,0.0000,6,172.81,-0.00,0.15,0.5592,-0.0062,10855.5,0.0,158.49,158.49,156.62,156.62,3.71706,7.97919,12.3586,20.6545,34.8156,53.0687,73.6982,103.965,111.126,116.07,120.144,123.71,128.137,132.636,139.975,80.8647,46.3545,29.2648,13.3135
25.900,0.0001,1.0000,0.0000,6,173.33,-0.00,0.15,0.5603,-0.0062,10887.4,0.0,158.97,158.97,157.08,157.08,3.70776,7.95923,12.3277,20.6029,34.7285,52.9359,73.5139,103.108,110.122,115.012,119.053,122.594,126.996,131.473,138.782,80.9219,46.3873,29.2855,13.323
25.924,0.0001,1.0000,0.0000,6,173.86,-0.00,0.15,0.5614,-0.0062,10919.2,0.0,159.45,159.45,157.54,157.54,3.69846,7.93925,12.2967,20.5512,34.6413,52.8031,73.3294,102.243,109.114,113.951,117.959,121.475,125.852,130.306,137.586,80.9791,46.4201,29.3062,13.3324
25.942,0.0001,1.0000,0.0000,6,174.38,-0.00,0.15,0.5625,-0.0062,10951.0,0.0,159.94,159.94,158.00,158.00,3.68911,7.91919,12.2657,20.4992,34.5538,52.6697,73.1441,101.371,108.103,112.887,116.861,120.353,124.703,129.134,136.385,81.0366,46.453,29.327,13.3418
25.968,0.0001,1.0000,0.0000,6,174.90,-0.00,0.15,0.5636,-0.0062,10982.7,0.0,160.41,160.41,158.46,158.46,3.67976,7.89912,12.2346,20.4473,34.4662,52.5361,72.9586,100.492,107.089,111.819,115.759,119.227,123.55,127.959,135.18,81.0941,46.486,29.3478,13.3513
25.987,0.0001,1.0000,0.0000,6,175.42,-0.00,0.15,0.5648,-0.0062,11014.2,0.0,160.89,160.89,158.91,158.91,3.6704,7.87901,12.2034,20.3952,34.3785,52.4024,72.773,99.6059,106.071,110.748,114.655,118.097,122.394,126.78,133.971,81.1517,46.519,29.3687,13.3608
26.012,0.0001,1.0000,0.0000,6,175.94,-0.00,0.16,0.5659,-0.0062,11045.8,0.0,161.37,161.37,159.37,159.37,3.66096,7.85876,12.1721,20.3428,34.2901,52.2677,72.5859,98.7128,105.051,109.675,113.547,116.964,121.234,125.597,132.757,81.2097,46.5523,29.3897,13.3703
26.031,0.0000,1.0000,0.0000,6,176.46,-0.00,0.16,0.5670,-0.0062,11077.2,0.0,161.85,161.85,159.82,159.82,3.65152,7.83849,12.1407,20.2903,34.2016,52.1329,72.3986,97.8134,104.027,108.598,112.436,115.827,120.071,124.41,131.539,81.2678,46.5856,29.4107,13.3799
26.055,0.0000,1.0000,0.0000,6,176.98,-0.00,0.16,0.5681,-0.0062,11108.5,0.0,162.32,162.32,160.28,160.28,3.64204,7.81816,12.1092,20.2377,34.1129,51.9977,72.2109,96.9079,103.0,107.517,111.321,114.687,118.903,123.219,130.316,81.326,46.619,29.4318,13.3895
26.080,0.0000,1.0000,0.0000,6,177.49,-0.00,0.16,0.5692,-0.0062,11139.8,0.0,162.80,162.80,160.73,160.73,3.63251,7.79769,12.0775,20.1847,34.0236,51.8615,72.0218,95.9959,101.969,106.434,110.203,113.543,117.732,122.024,129.089,81.3847,46.6526,29.453,13.3992
26.099,0.0000,1.0000,0.0000,6,178.01,-0.00,0.16,0.5704,-0.0062,11171.0,0.0,163.27,163.27,161.18,161.18,3.62301,7.7773,12.0459,20.1319,33.9347,51.7259,71.8335,95.0785,100.936,105.348,109.082,112.396,116.557,120.825,127.858,81.4431,46.6861,29.4741,13.4088
26.125,0.0000,1.0000,0.0000,6,178.52,-0.00,0.16,0.5715,-0.0062,11202.1,0.0,163.74,163.74,161.63,161.63,3.61353,7.75694,12.0144,20.0792,33.8458,51.5905,71.6455,94.1556,99.8996,104.258,107.957,111.246,115.379,119.622,126.622,81.5014,46.7195,29.4952,13.4184
26.142,0.0000,1.0000,0.0000,6,179.03,0.00,0.16,0.5726,-0.0062,11233.1,0.0,164.21,164.21,162.07,162.07,3.604,7.73648,11.9827,20.0263,33.7565,51.4544,71.4565,93.227,98.86,103.166,106.83,110.092,114.196,118.415,125.382,81.56,46.7531,29.5165,13.428
26.168,0.0000,1.0000,0.0000,6,179.54,0.00,0.16,0.5738,-0.0062,11264.1,0.0,164.68,164.68,162.52,162.52,3.5944,7.71589,11.9508,19.973,33.6667,51.3175,71.2663,92.2927,97.8169,102.07,105.699,108.934,113.01,117.204,124.138,81.619,46.7869,29.5378,13.4377
26.187,0.0000,1.0000,0.0000,6,180.05,0.00,0.16,0.5749,-0.0062,11294.9,0.0,165.15,165.15,162.97,162.97,3.58475,7.69516,11.9187,19.9193,33.5763,51.1796,71.0749,91.3528,96.7707,100.971,104.564,107.773,111.821,115.988,122.889,81.6784,46.8209,29.5593,13.4475
26.212,0.0000,1.0000,0.0000,6,180.56,0.00,0.16,0.5761,-0.0062,11325.7,0.0,165.62,165.62,163.41,163.41,3.57511,7.67446,11.8866,19.8657,33.486,51.042,70.8837,90.4079,95.7214,99.8687,103.427,106.609,110.627,114.769,121.635,81.7377,46.8549,29.5808,13.4573
26.230,0.0000,1.0000,0.0000,6,181.06,0.00,0.16,0.5772,-0.0062,11356.4,0.0,166.08,166.08,163.85,163.85,3.56547,7.65378,11.8546,19.8122,33.3957,50.9044,70.6926,89.4581,94.6692,98.7637,102.286,105.441,109.43,113.546,120.378,81.798,46.8889,29.6022,13.467
26.255,0.0000,1.0000,0.0000,6,181.57,0.00,0.16,0.5784,-0.0062,11387.0,0.0,166.55,166.55,164.29,164.29,3.55575,7.63291,11.8223,19.7582,33.3047,50.7656,70.4999,88.5029,93.6135,97.6554,101.142,104.269,108.229,112.319,119.115,81.9796,46.9232,29.6238,13.4769
26.274,0.0000,1.0000,0.0000,6,182.07,0.00,0.15,0.5795,-0.0062,11417.7,0.0,167.01,167.01,164.74,164.74,3.54602,7.61202,11.7899,19.7041,33.2135,50.6267,70.307,87.5429,92.5547,96.5441,99.9943,103.095,107.024,111.088,117.849,82.4733,46.9575,29.6455,13.4867
26.300,0.0000,1.0000,0.0000,6,182.58,0.00,0.14,0.5807,-0.0062,11448.4,0.0,167.47,167.47,165.18,165.18,3.53627,7.5911,11.7575,19.6499,33.1222,50.4875,70.1137,86.5781,91.493,95.4297,98.8437,101.916,105.815,109.853,116.578,83.779,46.9918,29.6672,13.4966
26.318,0.0000,1.0000,0.0000,6,183.08,0.00,0.13,0.5818,-0.0062,11481.0,0.0,167.93,167.93,165.64,165.64,3.52649,7.5701,11.725,19.5956,33.0306,50.3479,69.9198,85.6084,90.428,94.3123,97.6897,100.735,104.603,108.614,115.302,126.532,47.0263,29.689,13.5065
26.344,0.0000,1.0000,0.0000,6,183.57,0.00,0.10,0.5830,-0.0062,11513.8,0.0,168.39,168.39,166.13,166.13,3.51673,7.54915,11.6925,19.5413,32.9392,50.2085,69.7262,84.6343,89.3602,93.192,96.5328,99.5494,103.387,107.37,114.022,125.21,47.0607,29.7107,13.5164
26.362,0.0000,1.0000,0.0000,6,184.07,0.00,0.09,0.5841,-0.0062,11542.8,0.0,168.85,168.85,166.54,166.54,3.50688,7.52801,11.6598,19.4866,32.847,50.068,69.531,83.6553,88.289,92.0684,95.3724,98.3608,102.168,106.123,112.737,123.883,47.0955,29.7326,13.5264
26.387,0.0000,1.0000,0.0000,6,184.57,0.00,0.08,0.5853,-0.0062,11571.5,0.0,169.31,169.31,166.96,166.96,3.49704,7.50687,11.627,19.4319,32.7547,49.9274,69.3358,82.6719,87.2148,90.9418,94.2089,97.1688,100.944,104.872,111.448,122.551,47.1302,29.7545,13.5363
26.406,0.0000,1.0000,0.0000,6,185.07,0.00,0.08,0.5865,-0.0062,11600.1,0.0,169.76,169.76,167.37,167.37,3.48716,7.48568,11.5942,19.3771,32.6622,49.7864,69.14,81.6839,86.1375,89.8122,93.0422,95.9733,99.7171,103.616,110.154,121.213,47.165,29.7765,13.5463
26.431,0.0000,1.0000,0.0000,6,185.57,0.00,0.06,0.5877,-0.0062,11629.0,0.0,170.22,170.22,167.79,167.79,3.47727,7.46444,11.5613,19.3221,32.5695,49.6451,68.9438,80.6916,85.0572,88.6796,91.8723,94.7745,98.4863,102.357,108.856,119.869,47.1999,29.7985,13.5563
26.449,0.0000,1.0000,0.0000,6,186.06,0.00,0.05,0.5888,-0.0062,11658.7,0.0,170.67,170.67,168.22,168.22,3.46734,7.44312,11.5283,19.2669,32.4766,49.5034,68.7469,79.6949,83.9737,87.544,90.6992,93.5721,97.2517,101.094,107.553,118.521,47.2349,29.8206,13.5664
26.475,0.0000,1.0000,0.0000,6,186.55,0.00,0.03,0.5900,-0.0062,11693.2,0.0,171.12,171.12,168.70,168.70,3.45737,7.42172,11.4951,19.2115,32.3831,49.361,68.5492,78.6937,82.8872,86.4053,89.5229,92.3665,96.0134,99.826,106.245,117.167,47.27,29.8428,13.5765
26.492,0.0000,1.0000,0.0000,6,187.04,0.00,-0.01,0.5912,-0.0062,11726.5,0.0,171.57,171.57,169.20,169.20,3.4474,7.40031,11.462,19.1561,32.2898,49.2186,68.286,77.6883,81.7977,85.2637,88.3434,91.1573,94.7713,98.5544,104.933,115.807,47.3052,29.865,13.5866
26.517,0.0000,1.0000,0.0000,6,187.53,0.00,-0.03,0.5924,-0.0062,11753.9,0.0,172.03,172.03,169.59,169.59,3.43737,7.37879,11.4287,19.1004,32.1958,49.0755,67.8529,76.6787,80.705,84.119,87.1607,89.9448,93.5255,97.2787,103.616,114.442,47.3405,29.8873,13.5967
26.537,0.0000,1.0000,0.0000,6,188.02,0.00,-0.05,0.5936,-0.0062,11781.5,0.0,172.48,172.48,169.99,169.99,3.42736,7.3573,11.3954,19.0448,32.1021,48.9326,67.3167,75.6651,79.6096,82.9714,85.975,88.7289,92.276,95.999,102.294,113.072,47.3758,29.9096,13.6069
26.561,0.0000,1.0000,0.0000,6,188.51,0.00,-0.05,0.5948,-0.0062,11809.0,0.0,172.93,172.93,170.39,170.39,3.41729,7.33569,11.3619,18.9888,32.0078,48.7889,66.7105,74.6471,78.5108,81.8208,84.7859,87.5095,91.0227,94.7151,100.968,111.695,47.4113,29.932,13.6171
26.586,0.0000,1.0000,0.0000,6,189.00,0.00,-0.06,0.5960,-0.0062,11837.0,0.0,173.37,173.37,170.79,170.79,3.40719,7.31401,11.3283,18.9327,31.9132,48.6446,66.0527,73.625,77.409,80.6671,83.5937,86.2868,89.7656,93.427,99.637,110.313,47.4469,29.9545,13.6273
26.606,0.0000,1.0000,0.0000,6,189.49,0.00,-0.07,0.5972,-0.0062,11865.7,0.0,173.82,173.82,171.20,171.20,3.39707,7.29229,11.2947,18.8765,31.8184,48.5002,65.3549,72.5989,76.3042,79.5105,82.3984,85.0606,88.5048,92.1348,98.3012,108.926,47.4826,29.977,13.6375
26.631,0.0000,1.0000,0.0000,6,189.96,-0.00,-0.08,0.5984,-0.0062,11899.3,0.0,174.27,174.27,171.68,171.68,3.38692,7.2705,11.2609,18.8201,31.7234,48.3553,64.6244,71.5687,75.1964,78.3508,81.1999,83.831,87.2402,90.8385,96.9606,107.532,47.5184,29.9996,13.6478
26.649,0.0000,1.0000,0.0000,6,190.45,-0.00,-0.10,0.5996,-0.0062,11929.5,0.0,174.71,174.71,172.12,172.12,3.37674,7.24865,11.2271,18.7635,31.628,48.2099,63.8664,70.5348,74.0856,77.1883,79.9982,82.5981,85.9719,89.5382,95.6152,106.133,47.5543,30.0222,13.6581
26.674,0.0000,1.0000,0.0000,6,190.93,0.00,-0.11,0.6008,-0.0062,11957.6,0.0,175.15,175.15,172.53,172.53,3.36656,7.2268,11.1933,18.7069,31.5327,48.0646,63.0851,69.4967,72.9719,76.0229,78.7936,81.3619,84.6999,88.2337,94.2651,104.728,47.5901,30.0449,13.6684
26.693,0.0000,1.0000,0.0000,6,191.41,-0.00,-0.12,0.6020,-0.0062,11985.6,0.0,175.59,175.59,172.93,172.93,3.35634,7.20484,11.1592,18.6501,31.4369,47.9186,62.2831,68.4547,71.8551,74.8545,77.5857,80.1222,83.4241,86.925,92.9101,103.317,47.6262,30.0677,13.6788
26.719,0.0000,1.0000,0.0000,6,191.89,-0.00,-0.12,0.6032,-0.0062,12013.3,0.0,176.04,176.04,173.33,173.33,3.34612,7.18291,11.1253,18.5933,31.3412,47.7727,61.4631,67.409,70.7355,73.6832,76.3748,78.8792,82.1446,85.6122,91.5503,101.9,47.6622,30.0904,13.6891
26.737,0.0000,1.0000,0.0000,6,192.37,0.00,-0.13,0.6044,-0.0062,12041.4,0.0,176.47,176.47,173.74,173.74,3.33585,7.16086,11.0911,18.5362,31.245,47.6261,60.6264,66.3593,69.6128,72.509,75.1608,77.6328,80.8613,84.2951,90.1855,100.477,47.6984,30.1133,13.6995
26.761,0.0000,1.0000,0.0000,6,192.84,-0.00,-0.13,0.6056,-0.0062,12069.8,0.0,176.91,176.91,174.15,174.15,3.32557,7.13881,11.057,18.4792,31.1487,47.4794,59.7748,65.3059,68.4872,71.3318,73.9437,76.3831,79.5743,82.9738,88.8158,99.0478,47.7346,30.1361,13.7099
26.781,0.0000,1.0000,0.0000,6,193.32,-0.00,-0.14,0.6069,-0.0062,12101.3,0.0,177.35,177.35,174.60,174.60,3.31528,7.11672,11.0228,18.422,31.0524,47.3325,58.9095,64.2487,67.3588,70.1519,72.7234,75.13,78.2835,81.6485,87.4413,97.6126,47.7709,30.159,13.7203
26.805,0.0000,1.0000,0.0000,6,193.79,-0.00,-0.15,0.6081,-0.0062,12130.1,0.0,177.79,177.79,175.02,175.02,3.30491,7.09445,10.9883,18.3643,30.9552,47.1844,58.031,63.1876,66.2271,68.9688,71.5,73.8735,76.9889,80.3187,86.0615,96.1711,47.8075,30.1821,13.7309
26.824,0.0000,1.0000,0.0000,6,194.26,-0.00,-0.16,0.6093,-0.0062,12158.2,0.0,178.22,178.22,175.43,175.43,3.29453,7.07217,10.9538,18.3067,30.858,47.0362,57.141,62.1228,65.0926,67.7829,70.2735,72.6137,75.6906,78.9848,84.6769,94.7234,47.8441,30.2052,13.7414
26.849,0.0000,1.0000,0.0000,6,194.74,-0.00,-0.17,0.6106,-0.0062,12186.0,0.0,178.66,178.66,175.83,175.83,3.28416,7.04991,10.9193,18.2491,30.7609,46.8882,56.2402,61.0544,63.9552,66.5943,69.0441,71.3505,74.3885,77.6466,83.2872,93.2693,47.8806,30.2283,13.7519
26.869,0.0000,1.0000,0.0000,6,195.21,-0.00,-0.17,0.6118,-0.0062,12213.7,0.0,179.09,179.09,176.23,176.23,3.27375,7.02756,10.8847,18.1912,30.6633,46.7395,55.329,59.9824,62.8148,65.4027,67.8116,70.0839,73.0826,76.3042,81.8922,91.8087,47.9173,30.2515,13.7624
26.893,0.0000,1.0000,0.0000,6,195.68,-0.00,-0.17,0.6130,-0.0062,12241.6,0.0,179.52,179.52,176.63,176.63,3.2633,7.00513,10.8499,18.1331,30.5654,46.5903,54.408,58.9066,61.6716,64.2082,66.5759,68.814,71.7729,74.9573,80.4922,90.3417,47.9601,30.2747,13.773
26.912,0.0000,1.0000,0.0000,6,196.14,-0.00,-0.17,0.6143,-0.0062,12269.9,0.0,179.95,179.95,177.04,177.04,3.25286,6.98271,10.8152,18.0751,30.4676,46.3396,53.478,57.8273,60.5255,63.0109,65.3373,67.5409,70.4595,73.6063,79.087,88.868,48.097,30.298,13.7836
26.937,0.0000,1.0000,0.0000,6,196.61,-0.00,-0.17,0.6155,-0.0062,12298.8,0.0,180.38,180.38,177.45,177.45,3.24239,6.96025,10.7804,18.017,30.3696,45.9362,52.5393,56.7446,59.3766,61.8108,64.0957,66.2644,69.1422,72.2509,77.6765,87.3876,48.393,30.3213,13.7942
26.955,0.0000,1.0000,0.0000,6,197.07,-0.00,-0.17,0.6168,-0.0062,12327.0,0.0,180.80,180.80,177.86,177.86,3.23185,6.93762,10.7454,17.9584,30.2709,45.4348,51.592,55.658,58.2245,60.6077,62.8509,64.9845,67.8211,70.8911,76.2607,85.9003,48.9241,30.3447,13.8048
26.981,0.0000,1.0000,0.0000,6,197.53,-0.00,-0.17,0.6180,-0.0062,12355.0,0.0,181.23,181.23,178.26,178.26,3.22129,6.91495,10.7102,17.8997,30.172,44.8634,50.6367,54.5679,57.0696,59.4018,61.6031,63.7012,66.4962,69.5269,74.8394,84.4061,49.8631,30.3682,13.8155
27.000,0.0000,1.0000,0.0000,6,198.00,-0.00,-0.17,0.6193,-0.0062,12382.8,0.0,181.66,181.66,178.67,178.67,3.21075,6.89231,10.6752,17.8411,30.0732,44.239,49.674,53.4745,55.912,58.1932,60.3524,62.4147,65.1676,68.1584,73.4129,82.9049,51.8293,30.3917,13.8262
27.024,0.0000,1.0000,0.0000,6,198.46,-0.00,-0.17,0.6205,-0.0062,12410.5,0.0,182.08,182.08,179.07,179.07,3.20016,6.86959,10.64,17.7823,29.9741,43.5717,48.704,52.3775,54.7514,56.9817,59.0985,61.1249,63.835,66.7854,71.9809,81.3966,95.0126,30.4152,13.8369
27.043,0.0000,1.0000,0.0000,6,198.92,-0.00,-0.17,0.6218,-0.0062,12438.2,0.0,182.50,182.50,179.47,179.47,3.18951,6.84672,10.6046,17.7231,29.8743,42.8686,47.7267,51.2767,53.5879,55.7672,57.8416,59.8316,62.4986,65.4079,70.5432,79.8809,93.4403,30.439,13.8477
27.069,0.0000,1.0000,0.0000,6,199.38,-0.00,-0.16,0.6230,-0.0062,12464.9,0.0,182.92,182.92,179.85,179.85,3.17889,6.82393,10.5693,17.6641,29.7748,42.1361,46.7428,50.1729,52.4217,54.5502,56.5818,58.5351,61.1585,64.026,69.1001,78.3577,91.8586,30.4626,13.8585
27.087,0.0000,1.0000,0.0000,6,199.83,-0.00,-0.16,0.6243,-0.0062,12492.4,0.0,183.34,183.34,180.25,180.25,3.16821,6.80101,10.5338,17.6048,29.6748,41.3772,45.7522,49.0655,51.2525,53.3302,55.3189,57.2352,59.8144,62.6395,67.6512,76.8271,90.2672,30.4864,13.8693
27.112,0.0000,1.0000,0.0000,6,200.29,-0.00,-0.15,0.6256,-0.0062,12520.3,0.0,183.76,183.76,180.65,180.65,3.15752,6.77806,10.4982,17.5454,29.5747,40.5952,44.7552,47.9547,50.0806,52.1075,54.0532,55.932,58.4664,61.2485,66.1966,75.2889,88.6661,30.5101,13.8801
27.137,0.0000,1.0000,0.0000,6,200.74,-0.00,-0.15,0.6268,-0.0062,12548.3,0.0,184.18,184.18,181.05,181.05,3.14678,6.755,10.4625,17.4857,29.4741,39.7926,43.752,46.8405,48.9057,50.8819,52.7842,54.6254,57.1146,59.8529,64.7362,73.7428,87.0549,30.5341,13.891
27.155,0.0000,1.0000,0.0000,6,201.19,-0.00,-0.14,0.6281,-0.0062,12576.1,0.0,184.60,184.60,181.46,181.46,3.13606,6.73198,10.4269,17.4261,29.3736,38.9716,42.743,45.7231,47.7281,49.6537,51.5126,53.3156,55.7589,58.4528,63.2699,72.1889,85.4335,30.5579,13.9018
27.181,0.0000,1.0000,0.0000,6,201.65,-0.00,-0.13,0.6294,-0.0062,12603.7,0.0,185.01,185.01,181.85,181.85,3.12533,6.70896,10.3912,17.3665,29.2732,38.1339,41.728,44.6023,46.5478,48.4228,50.2379,52.0027,54.3995,57.0481,61.7978,70.6268,83.8015,30.5818,13.9127
27.199,0.0000,1.0000,0.0000,6,202.10,-0.00,-0.12,0.6307,-0.0062,12629.7,0.0,185.43,185.43,182.23,182.23,3.11452,6.68576,10.3553,17.3064,29.172,37.2806,40.7071,43.4781,45.3645,47.189,48.9601,50.6861,53.0359,55.6386,60.3196,69.0564,82.1584,30.6058,13.9236
27.224,0.0000,1.0000,0.0000,6,202.55,-0.00,-0.11,0.6320,-0.0062,12655.4,0.0,185.84,185.84,182.60,182.60,3.10373,6.66258,10.3194,17.2464,29.0377,36.4133,39.6807,42.3507,44.1786,45.9525,47.6795,49.3665,51.6684,54.2246,58.8352,67.4775,80.5044,30.6415,13.9346
27.242,0.0000,1.0000,0.0000,6,203.00,-0.00,-0.09,0.6332,-0.0062,12683.0,0.0,186.25,186.25,183.00,183.00,3.0929,6.63933,10.2834,17.1863,28.763,35.5328,38.6488,41.2199,42.9897,44.7132,46.3959,48.0434,50.2971,52.8057,57.3448,65.8899,78.8387,30.7482,13.9455
27.268,0.0000,1.0000,0.0000,6,203.44,-0.00,-0.09,0.6345,-0.0062,12711.2,0.0,186.66,186.66,183.40,183.40,3.08202,6.61599,10.2472,17.1258,28.3815,34.64,37.6114,40.0858,41.7981,43.4712,45.1092,46.717,48.9218,51.382,55.8478,64.2933,77.1611,30.9483,13.9565
27.286,0.0000,1.0000,0.0000,6,203.89,-0.00,-0.08,0.6358,-0.0062,12739.4,0.0,187.08,187.08,183.81,183.81,3.07115,6.59266,10.2111,17.0654,27.9217,33.7357,36.5688,38.9486,40.6038,42.2265,43.8198,45.3873,47.5425,49.9537,54.3447,62.6876,75.4712,31.2641,13.9675
27.311,0.0000,1.0000,0.0000,6,204.33,-0.00,-0.06,0.6371,-0.0062,12767.1,0.0,187.49,187.49,184.21,184.21,3.0602,6.56916,10.1747,17.0046,27.4002,32.8204,35.521,37.8079,39.4065,40.9789,42.5272,44.0543,46.1591,48.5203,52.8348,61.0723,73.7688,31.7309,13.9786
27.330,0.0000,1.0000,0.0000,6,204.78,-0.00,-0.05,0.6384,-0.0062,12794.3,0.0,187.89,187.89,184.60,184.60,3.0493,6.54574,10.1384,16.944,26.8294,31.8951,34.4682,36.6643,38.2066,39.7288,41.2319,42.718,44.7719,47.0821,51.3184,59.4474,72.0534,32.4039,13.9897
27.356,-0.0761,1.0000,0.0000,6,205.22,-0.00,-0.02,0.6397,-0.0062,12816.5,0.0,188.30,188.30,184.93,184.93,3.03831,6.52215,10.1019,16.8829,26.2168,30.9599,33.4105,35.5173,37.004,38.4758,39.9335,41.3783,43.3805,45.6389,49.7951,57.8124,70.3245,33.384,14.0008
27.374,-0.1584,1.0000,0.0000,6,205.66,-0.08,-0.00,0.6407,-0.0037,12844.0,0.0,188.40,188.90,185.32,185.32,3.03722,6.55097,10.1915,17.1737,26.0174,30.4526,32.7791,34.7939,36.2223,37.6408,39.0499,40.4502,42.3957,44.5967,48.6623,56.5475,68.9325,34.246,13.9736
27.399,-0.2313,1.0000,0.0000,6,206.06,0.36,0.01,0.6410,0.0042,12877.2,0.0,188.14,189.61,185.79,185.79,3.05942,6.69845,10.5698,18.3012,26.5993,30.7596,32.9677,34.8924,36.2614,37.6251,38.9837,40.3371,42.2211,44.3592,48.3214,56.0453,68.2471,34.0804,13.866
27.418,-0.2860,1.0000,0.0000,6,206.41,1.38,0.02,0.6398,0.0171,12917.7,0.0,187.77,190.19,186.38,186.38,3.11004,6.98618,11.3059,20.1086,27.7958,31.7348,33.843,35.6865,37.0018,38.3157,39.6267,40.9342,42.7587,44.834,48.6894,56.236,68.2141,32.7849,13.6822
27.442,-0.3270,1.0000,0.0000,6,206.70,2.77,0.04,0.6368,0.0336,12961.7,0.0,187.40,190.58,187.01,187.01,3.1907,7.42153,12.4569,22.0424,29.3287,33.099,35.1243,36.9009,38.1708,39.4401,40.7084,41.9756,43.7458,45.7614,49.5148,56.8827,68.6182,30.9731,13.4447
27.461,-0.3577,1.0000,0.0000,6,206.95,4.33,0.06,0.6317,0.0521,13005.1,0.0,187.07,190.75,187.64,187.64,3.30181,8.01038,14.1038,23.9559,30.9629,34.6003,36.5596,38.2795,39.5101,40.7417,41.9737,43.2045,44.9256,46.8881,50.5459,57.7426,69.2322,29.1462,13.1769
27.487,-0.3808,1.0000,0.0000,6,207.17,5.82,0.10,0.6241,0.0711,13035.7,0.0,186.80,190.75,188.09,188.09,3.44297,8.75682,16.0537,25.7259,32.516,36.0456,37.9477,39.6199,40.8171,42.0153,43.2142,44.4134,46.0912,48.0046,51.5758,58.6111,69.8653,27.5219,12.8971
27.506,-0.3981,1.0000,0.0000,6,207.35,7.08,0.14,0.6139,0.0895,13066.6,0.0,186.60,190.61,188.53,188.53,3.61334,9.66244,17.7612,27.2574,33.8642,37.2985,39.1517,40.7808,41.9475,43.1163,44.2864,45.4566,47.0943,48.9641,52.455,59.3426,70.3785,26.1604,12.6172
27.530,-0.4111,1.0000,0.0000,6,207.52,8.07,0.17,0.6011,0.1069,13094.9,0.0,186.46,190.41,188.94,188.94,3.81332,10.7407,19.2186,28.5379,34.9768,38.326,40.1333,41.7235,42.8631,44.0047,45.1476,46.2913,47.8932,49.7219,53.1399,59.89,70.727,25.027,12.3397
27.549,-0.4208,1.0000,0.0000,6,207.68,8.79,0.18,0.5856,0.1231,13118.4,0.0,186.37,190.19,189.28,189.28,4.04371,11.8768,20.4454,29.5783,35.8604,39.129,40.8945,42.4485,43.5622,44.6782,45.7964,46.9159,48.4835,50.2743,53.624,60.2471,70.9024,24.0778,12.064
27.574,-0.4281,1.0000,0.0000,6,207.83,9.25,0.20,0.5673,0.1383,13136.8,0.0,186.33,190.00,189.55,189.55,4.30688,12.8941,21.4844,30.4287,36.5605,39.7535,41.4792,42.9985,44.0881,45.1807,46.2753,47.3712,48.9068,50.6626,53.9475,60.452,70.937,23.2581,11.7861
27.594,-0.4336,1.0000,0.0000,6,207.98,9.56,0.23,0.5462,0.1529,13150.9,0.0,186.32,189.87,189.76,189.76,4.60608,13.8113,22.3795,31.1359,37.125,40.2465,41.934,43.4211,44.4879,45.5576,46.6296,47.7035,49.2093,50.9309,54.155,60.5461,70.8705,22.525,11.5021
27.619,-0.4377,1.0000,0.0000,6,208.14,9.69,0.26,0.5223,0.1666,13152.3,0.0,186.35,189.77,189.79,189.79,4.94163,14.6229,23.1289,31.6936,37.5442,40.5955,42.2471,43.7029,44.7473,45.795,46.8458,47.8989,49.3753,51.0643,54.2303,60.5137,70.6871,21.8789,11.2186
27.637,-0.4408,1.0000,0.0000,6,208.32,9.57,0.31,0.4956,0.1792,13152.6,0.0,186.45,189.69,189.79,189.79,5.31185,15.3164,23.7134,32.0766,37.7879,40.7706,42.3865,43.8111,44.834,45.8608,46.8909,47.9231,49.3712,51.0293,54.1388,60.3203,70.3514,21.3334,10.948
27.661,-0.4431,1.0000,0.0000,6,208.50,9.28,0.34,0.4661,0.1907,13156.7,0.0,186.59,189.66,189.85,189.85,5.69128,15.9038,24.159,32.3121,37.8841,40.7993,42.3793,43.7738,44.7758,45.7819,46.791,47.8031,49.2238,50.8517,53.9066,59.9902,69.8863,20.8698,10.6887
27.687,-0.4448,1.0000,0.0000,6,208.68,8.89,0.35,0.4338,0.2016,13163.8,0.0,186.78,189.69,189.95,189.95,6.05278,16.4101,24.507,32.4501,37.8848,40.733,42.2785,43.6435,44.6247,45.61,46.5991,47.5915,48.9857,50.5833,53.5856,59.5742,69.3396,20.4583,10.4377
27.706,-0.4461,1.0000,0.0000,6,208.86,8.50,0.37,0.3989,0.2124,13171.0,0.0,186.98,189.79,190.05,190.05,6.40038,16.8688,24.8081,32.5515,37.8546,40.6378,42.1499,43.4862,44.4469,45.4123,46.382,47.3556,48.7234,50.2918,53.2424,59.1386,68.7747,20.0618,10.1909
27.730,-0.4471,1.0000,0.0000,6,209.03,8.22,0.40,0.3617,0.2157,13179.1,0.0,187.16,189.97,190.17,190.17,6.74002,17.3154,25.1162,32.6787,37.8599,40.5826,42.0632,43.3718,44.3132,45.2598,46.2111,47.1661,48.5083,50.0487,52.9487,58.7547,68.2599,19.6394,9.9439
27.750,-0.4478,1.0000,0.0000,6,209.21,8.06,0.43,0.3247,0.2117,13181.4,0.0,187.33,190.19,190.21,190.21,7.07096,17.7481,25.4259,32.8232,37.8915,40.5578,42.0079,43.2905,44.2138,45.1425,46.0757,47.0128,48.3307,49.8442,52.6949,58.4133,67.786,19.1977,9.69766
27.774,-0.4483,1.0000,0.0000,6,209.39,7.90,0.49,0.2884,0.2076,13182.3,0.0,187.50,190.40,190.22,190.22,7.3895,18.1464,25.7016,32.9416,37.9012,40.5126,41.9337,43.1915,44.0972,45.0081,45.9237,46.8436,48.1382,49.6253,52.4279,58.0614,67.3018,18.7676,9.45578
27.794,-0.4488,1.0000,0.0000,6,209.56,7.74,0.56,0.2528,0.2035,13191.1,0.0,187.67,190.59,190.34,190.34,7.69597,18.5121,25.9465,33.0354,37.8907,40.4488,41.8421,43.0759,43.9641,44.8578,45.7566,46.6601,47.9318,49.3928,52.1492,57.6989,66.8083,18.3489,9.21828
27.818,-0.4491,1.0000,0.0000,6,209.72,7.69,0.61,0.2178,0.1997,13205.5,0.0,187.82,190.81,190.54,190.54,7.99496,18.8705,26.1972,33.1472,37.9056,40.4142,41.7813,42.9916,43.8634,44.741,45.6239,46.5117,47.761,49.1971,51.9092,57.3764,66.3542,17.9138,8.98208
27.837,-0.4493,1.0000,0.0000,6,209.88,7.74,0.66,0.1837,0.1961,13214.4,0.0,187.96,191.01,190.69,190.69,8.28561,19.2185,26.4465,33.2687,37.9365,40.3987,41.7404,42.9287,43.7851,44.6475,45.515,46.3872,47.6152,49.0276,51.6975,57.0836,65.9297,17.4698,8.74853
27.863,-0.4495,1.0000,0.0000,6,210.04,7.78,0.73,0.1503,0.1924,13220.1,0.0,188.09,191.19,190.76,190.76,8.56318,19.5324,26.6589,33.356,37.9352,40.3516,41.6688,42.836,43.6776,44.5246,45.3769,46.2341,47.4416,48.8312,51.4603,56.7664,65.4819,17.0467,8.52116
27.881,-0.4496,1.0000,0.0000,6,210.20,7.78,0.79,0.1176,0.1885,13233.7,0.0,188.24,191.34,190.95,190.95,8.82688,19.8108,26.8332,33.4061,37.8989,40.27,41.5635,42.7102,43.5366,44.3688,45.2064,46.049,47.2366,48.6043,51.1939,56.4197,65.0063,16.6471,8.30045
27.905,-0.4497,0.5500,0.0000,6,210.35,7.86,0.83,0.0858,0.1847,13250.5,0.0,188.36,191.49,191.19,191.19,9.08078,20.0745,26.9982,33.4533,37.8637,40.1923,41.4632,42.5895,43.4015,44.2195,45.0431,45.872,47.0407,48.3873,50.938,56.084,64.5425,16.2497,8.0839
27.924,-0.4498,0.3025,0.0000,6,210.30,7.91,0.86,0.0550,0.1807,13053.4,0.0,188.46,191.61,188.41,188.41,9.32187,20.311,27.1348,33.4751,37.8052,40.0928,41.341,42.4476,43.2459,44.0502,44.8604,45.676,46.8265,48.1528,50.6641,55.7316,64.0635,15.8706,7.87397
27.949,-0.4498,0.1664,0.0000,6,209.95,7.74,0.91,0.0250,0.1758,12918.3,0.0,188.46,191.53,186.44,186.44,9.54167,20.4848,27.1938,33.4117,37.6582,39.9029,41.1283,42.2153,42.9996,43.7903,44.5869,45.3893,46.5216,47.8272,50.2983,55.2878,63.4977,15.5492,7.67555
27.969,-0.4499,0.0915,0.0000,6,209.42,7.55,0.95,-0.0041,0.1710,12827.2,0.0,188.29,191.29,183.97,186.28,9.74936,20.6383,27.2353,33.334,37.4999,39.7028,40.9062,41.9743,42.7453,43.5228,44.3064,45.096,46.2106,47.4949,49.927,54.8395,62.9283,15.2403,7.48321
27.994,-0.4499,0.0503,0.0000,6,208.79,7.64,0.97,-0.0322,0.1676,12757.3,0.0,187.91,191.01,182.61,185.62,9.96247,20.8411,27.3552,33.3578,37.4555,39.6226,40.807,41.8586,42.618,43.3839,44.1561,44.9343,46.0318,47.2963,49.6919,54.5284,62.4928,14.869,7.28801
28.012,-0.4499,0.0277,0.0000,6,208.09,8.05,1.01,-0.0594,0.1657,12696.9,0.0,187.34,190.67,181.49,185.01,10.1839,21.099,27.5599,33.4901,37.5323,39.6698,40.8384,41.8761,42.6257,43.3818,44.1439,44.9109,45.9926,47.2394,49.5997,54.3621,62.1984,14.434,7.08977
28.036,-0.4499,0.0152,0.0000,6,207.36,8.65,1.05,-0.0856,0.1651,12642.0,0.0,186.66,190.22,180.53,184.38,10.4086,21.3878,27.8146,33.6876,37.6825,39.7951,40.9503,41.9762,42.717,43.4635,44.2153,44.9721,46.0397,47.2697,49.5954,54.2853,61.9912,13.9676,6.8919
28.056,-0.4499,0.0084,0.0000,6,206.60,9.39,1.10,-0.1110,0.1655,12589.0,0.0,185.90,189.68,179.63,183.75,10.6353,21.7019,28.1094,33.9367,37.8927,39.9845,41.1282,42.1427,42.8744,43.6117,44.3544,45.1022,46.1562,47.3688,49.6623,54.2801,61.8574,13.4823,6.69547
28.081,-0.4500,0.0046,0.0000,6,205.82,10.28,1.12,-0.1356,0.1665,12536.8,0.0,185.09,189.06,178.77,183.11,10.8627,22.0326,28.4306,34.2213,38.1453,40.2191,41.3508,42.354,43.0777,43.8069,44.5411,45.2792,46.319,47.5156,49.7767,54.3224,61.8224,12.9914,6.50163
28.100,-0.4500,0.0025,0.0000,6,205.02,11.17,1.16,-0.1594,0.1676,12486.1,0.0,184.28,188.37,177.99,182.42,11.0847,22.3558,28.7458,34.5023,38.3973,40.4515,41.5715,42.5644,43.2801,44.0004,44.725,45.4537,46.4804,47.6613,49.8889,54.363,61.858,12.5189,6.31358
28.125,-0.4500,0.0014,0.0000,6,204.22,11.96,1.19,-0.1824,0.1683,12435.1,0.0,183.47,187.58,177.28,181.66,11.2933,22.6429,29.0158,34.7335,38.5968,40.6297,41.7379,42.7189,43.4254,44.1366,44.852,45.5716,46.5845,47.7479,49.9434,54.346,61.9063,12.0872,6.13444
28.144,-0.4500,0.0008,0.0000,6,203.42,12.61,1.22,-0.2047,0.1685,12383.9,0.0,182.69,186.75,176.59,180.88,11.4865,22.8883,29.2324,34.907,38.7333,40.7443,41.8386,42.807,43.5045,44.2067,44.9129,45.6222,46.62,47.7668,49.9293,54.2605,61.9518,11.6975,5.96453
28.169,-0.4500,0.0004,0.0000,6,202.61,13.15,1.22,-0.2262,0.1678,12333.8,0.0,181.91,185.90,175.92,180.10,11.6637,23.09,29.3951,35.0219,38.8067,40.7927,41.8727,42.8286,43.517,44.2092,44.9049,45.6038,46.5873,47.7175,49.8456,54.1064,22.5439,11.3475,5.80367
28.187,-0.4500,0.0002,0.0000,6,201.81,13.51,1.24,-0.2469,0.1663,12284.4,0.0,181.17,185.04,175.28,179.31,11.8223,23.2411,29.4948,35.0654,38.8044,40.7632,41.8287,42.7712,43.4493,44.1311,44.8165,45.5052,46.4744,47.5866,49.6813,53.8727,20.805,11.0397,5.65253
28.212,-0.4500,0.0001,0.0000,6,201.03,13.68,1.25,-0.2668,0.1638,12235.9,0.0,180.45,184.17,174.69,178.50,11.9591,23.3329,29.5204,35.0238,38.7112,40.642,41.6916,42.6192,43.2868,43.9583,44.6335,45.3118,46.2652,47.3594,49.4214,53.5535,20.0066,10.7779,5.51196
28.231,-0.4500,0.0001,0.0000,6,200.25,13.67,1.25,-0.2859,0.1605,12188.4,0.0,179.76,183.31,174.10,177.72,12.076,23.373,29.4832,34.9107,38.5418,40.4429,41.4753,42.3882,43.0453,43.7064,44.3707,45.0376,45.9752,47.052,49.0805,53.1876,19.6106,10.5554,5.38117
28.256,-0.4500,0.0000,0.0000,6,199.49,13.54,1.25,-0.3042,0.1562,12141.9,0.0,179.09,182.49,173.50,176.97,12.1754,23.3705,29.3959,34.7405,38.3128,40.1818,41.1971,42.0952,42.7418,43.3917,44.0445,44.7002,45.6225,46.6821,48.6766,52.7888,19.517,10.3663,5.25923
28.281,-0.4500,0.0000,0.0000,6,198.74,13.29,1.25,-0.3216,0.1513,12096.7,0.0,178.44,181.71,172.92,176.25,12.2586,23.3311,29.2651,34.5205,38.0317,39.8681,40.8664,41.7494,42.3845,43.023,43.6646,44.3093,45.2166,46.2583,48.2192,52.362,19.7866,10.2079,5.1456
28.300,-0.4500,0.0000,0.0000,6,198.00,12.94,1.26,-0.3382,0.1458,12052.1,0.0,177.82,180.95,172.35,175.54,12.326,23.2579,29.0936,34.2553,37.7032,39.507,40.4879,41.3548,41.9785,42.6058,43.2365,43.8703,44.7621,45.7854,47.7138,51.9084,21.1555,10.0791,5.04046
28.325,-0.4500,0.0000,0.0000,6,197.28,12.54,1.26,-0.3539,0.1400,12008.4,0.0,177.21,180.24,171.76,174.86,12.3804,23.1606,28.894,33.9599,37.3432,39.1145,40.0769,40.9279,41.5404,42.1567,42.7765,43.3994,44.275,45.2805,47.1783,51.444,61.0001,9.97492,4.94317
28.344,-0.4500,0.0000,0.0000,6,196.56,12.12,1.26,-0.3688,0.1338,11965.2,0.0,176.60,179.56,171.16,174.21,12.4244,23.0476,28.6774,33.6469,36.9653,38.7033,39.6477,40.483,41.0846,41.6902,42.2988,42.9102,43.7701,44.7582,46.6427,50.985,60.7777,9.891,4.85298
28.369,-0.4500,0.0000,0.0000,6,195.85,11.71,1.25,-0.3827,0.1275,11922.7,0.0,176.01,178.92,170.56,173.58,12.4595,22.9246,28.4509,33.3236,36.5784,38.2828,39.2095,40.0297,40.6206,41.2149,41.8122,42.4123,43.257,44.2281,46.1209,50.5435,60.5876,9.82544,4.76944
28.387,-0.4500,0.0000,0.0000,6,195.15,11.33,1.25,-0.3956,0.1213,11880.5,0.0,175.41,178.30,169.95,172.97,12.4866,22.7955,28.2183,32.9955,36.1876,37.8591,38.7687,39.574,40.1537,40.7368,41.3231,41.9124,42.7422,43.6995,45.6205,50.1293,60.4458,9.77651,4.6928
28.413,-0.4500,0.0000,0.0000,6,194.45,10.99,1.25,-0.4077,0.1153,11838.5,0.0,174.82,177.71,169.34,172.38,12.5071,22.6625,27.9836,32.6676,35.7977,37.4377,38.3306,39.1205,39.6892,40.2614,40.837,41.4158,42.2313,43.1946,45.149,49.752,60.369,9.74258,4.62291
28.430,-0.4500,0.0000,0.0000,6,193.76,10.71,1.24,-0.4187,0.1092,11796.9,0.0,174.22,177.13,168.72,171.79,12.5218,22.5276,27.7501,32.3434,35.4128,37.0223,37.8981,38.6729,39.231,39.7928,40.3581,40.9268,41.7418,42.7217,44.7132,49.4208,60.3738,9.7227,4.55951
28.456,-0.4500,0.0000,0.0000,6,193.07,10.50,1.23,-0.4288,0.1034,11755.2,0.0,173.61,176.56,168.09,171.22,12.5315,22.3937,27.5215,32.027,35.0372,36.6166,37.4756,38.236,38.784,39.3357,39.8913,40.4602,41.2899,42.2887,44.322,49.1478,60.4825,9.71636,4.50245
28.475,-0.4500,0.0000,0.0000,6,192.38,10.36,1.22,-0.4378,0.0979,11713.7,0.0,173.00,176.00,167.45,170.66,12.5367,22.2635,27.2999,31.7207,34.6748,36.2241,37.0672,37.8138,38.3521,38.896,39.4565,40.0365,40.8832,41.9035,43.9848,48.9458,60.7204,9.72176,4.45204
28.500,-0.4500,0.0000,0.0000,6,191.70,10.29,1.20,-0.4459,0.0929,11672.3,0.0,172.38,175.44,166.82,170.10,12.5369,22.1328,27.0806,31.4196,34.3192,35.8394,36.6672,37.4007,37.9352,38.488,39.0602,39.6528,40.5185,41.5632,43.6984,48.8124,61.0899,9.74176,4.40857
28.519,-0.4500,0.0000,0.0000,6,191.02,10.26,1.19,-0.4529,0.0877,11630.9,0.0,171.76,174.87,166.20,169.52,12.5313,21.9983,26.8599,31.1192,33.9652,35.4576,36.2708,37.0041,37.5497,38.1146,38.6998,39.3063,40.1933,41.265,43.4604,48.7458,61.5955,9.77968,4.37244
28.544,-0.4500,0.0000,0.0000,6,190.34,10.29,1.17,-0.4589,0.0828,11589.3,0.0,171.13,174.29,165.57,168.95,12.5206,21.8616,26.6397,30.8215,33.6147,35.0805,35.8942,36.6437,37.202,37.7804,38.3801,39.0022,39.9129,41.015,43.2782,48.7574,62.264,9.8346,4.34341
28.562,-0.4500,0.0000,0.0000,6,189.66,10.37,1.15,-0.4638,0.0783,11547.9,0.0,170.49,173.72,164.94,168.39,12.5059,21.7257,26.4233,30.5303,33.2725,34.7275,35.5601,36.3281,36.9007,37.4946,38.1108,38.7506,39.6885,40.8252,43.1658,48.8678,63.1419,9.90363,4.32168
28.587,-0.4500,0.0000,0.0000,6,188.98,10.50,1.12,-0.4678,0.0740,11506.5,0.0,169.86,173.13,164.32,167.82,12.4855,21.5836,26.2014,30.2351,32.9288,34.4062,35.2599,36.0483,36.6368,37.2477,37.8823,38.5418,39.5098,40.6852,43.1123,49.0651,64.224,9.99453,4.30798
28.606,-0.4500,0.0000,0.0000,6,188.30,10.61,1.11,-0.4707,0.0695,11465.3,0.0,169.22,172.52,163.72,167.22,12.4577,21.4295,25.9672,29.9277,32.5954,34.1091,34.9854,35.7958,36.4015,37.0309,37.6853,38.3663,39.3672,40.5847,43.1067,49.3379,65.5058,10.1196,4.30289
28.630,-0.4500,0.0000,0.0000,6,187.63,10.73,1.08,-0.4726,0.0649,11423.6,0.0,168.59,171.91,163.11,166.63,12.4222,21.2645,25.7223,29.6101,32.2861,33.8389,34.7399,35.5743,36.1987,36.8482,37.5244,38.2288,39.2658,40.5296,43.1566,49.699,67.0294,10.2814,4.3062
28.649,-0.4500,0.0000,0.0000,6,186.95,10.88,1.05,-0.4734,0.0606,11382.3,0.0,167.95,171.30,162.49,166.06,12.3807,21.095,25.4745,29.2912,32.0131,33.6097,34.5382,35.3995,36.0449,36.7171,37.4177,38.1486,39.2263,40.5426,43.2889,50.189,68.897,10.4751,4.31716
28.674,-0.4500,0.0000,0.0000,6,186.27,11.04,1.03,-0.4733,0.0565,11341.2,0.0,167.31,170.68,161.89,165.47,12.3317,20.9152,25.216,28.9771,31.7689,33.4134,34.372,35.2629,35.9314,36.6286,37.3563,38.1165,39.2393,40.614,43.4938,50.7997,71.1302,10.7184,4.33629
28.694,-0.4500,0.0000,0.0000,6,185.60,11.15,1.01,-0.4721,0.0522,11300.2,0.0,166.69,170.05,161.31,164.87,12.2735,20.7188,24.9392,28.6785,31.5443,33.2398,34.2308,35.1534,35.8468,36.571,37.3279,38.1199,39.2919,40.7305,43.7571,51.5167,73.7433,11.0304,4.36425
28.719,-0.4500,0.0000,0.0000,6,184.93,11.24,0.99,-0.4700,0.0479,11259.1,0.0,166.06,169.42,160.73,164.26,12.2054,20.5065,24.6453,28.3963,31.3405,33.0907,34.1163,35.0732,35.7936,36.547,37.3358,38.1622,39.388,40.8966,44.0856,52.3554,76.8212,11.4267,4.40131
28.737,-0.4500,0.0000,0.0000,6,184.26,11.33,0.96,-0.4670,0.0437,11218.3,0.0,165.44,168.79,160.14,163.67,12.1295,20.285,24.3423,28.1416,31.1721,32.9825,34.0467,35.0417,35.792,36.5781,37.4024,38.2677,39.5538,41.1415,44.515,53.375,80.5709,11.9281,4.44774
28.762,-0.4500,0.0000,0.0000,6,183.59,11.41,0.94,-0.4631,0.0396,11177.8,0.0,164.82,168.17,159.56,163.08,12.0452,20.0517,24.0296,27.9116,31.0358,32.9122,34.0188,35.0557,35.8393,36.6615,37.5253,38.4338,39.7875,41.4641,45.0465,54.5881,85.1382,12.5827,4.50403
28.781,-0.4500,0.4500,0.0000,6,182.93,11.46,0.93,-0.4583,0.0345,11137.4,0.0,164.21,167.54,158.99,162.49,11.9519,19.8038,23.7277,27.7037,30.9289,32.8771,34.03,35.113,35.9331,36.7953,37.7028,38.6593,40.0881,41.8641,45.6825,56.0117,90.7261,13.5112,4.57036
28.806,-0.4500,0.6975,0.0000,6,182.34,11.44,0.92,-0.4524,0.0290,11284.4,0.0,163.61,166.90,162.76,162.76,11.8458,19.5324,23.4299,27.5006,30.8297,32.8527,34.0541,35.1856,36.0443,36.949,37.9031,38.9108,40.4206,42.3042,46.3807,57.5954,97.4138,15.1865,4.64983
28.825,-0.4500,0.8336,0.0000,6,182.11,11.30,0.92,-0.4455,0.0227,11443.9,0.0,163.14,166.33,165.10,165.10,11.7233,19.2279,23.1205,27.2793,30.7086,32.805,34.0545,35.2345,36.132,37.0794,38.0807,39.1408,40.7334,42.7281,47.0749,59.2469,105.176,28.4434,4.74542
28.850,-0.4500,0.9085,0.0000,6,182.10,11.09,0.92,-0.4376,0.0154,11534.6,0.0,162.86,165.96,166.42,166.42,11.5858,18.8945,22.8027,27.0446,30.5714,32.7405,34.0383,35.2671,36.2039,37.1948,38.2445,39.3582,41.0365,43.1471,47.7793,60.9975,114.398,30.6261,4.85756
28.869,-0.4500,0.9497,0.0000,6,182.22,10.79,0.92,-0.4284,0.0066,11583.2,0.0,162.77,165.76,167.13,167.13,11.4323,18.5318,22.4706,26.7871,30.4055,32.6447,33.9893,35.2659,36.2416,37.2756,38.3735,39.541,41.3058,43.5343,48.4617,62.8023,125.324,31.5984,4.98942
28.894,-0.4131,0.9723,0.0000,6,182.42,10.36,0.92,-0.4179,-0.0032,11607.4,0.0,162.82,165.67,167.49,167.49,11.2603,18.1524,22.1143,26.4913,30.1897,32.4921,33.8797,35.2006,36.2125,37.2872,38.4306,39.6494,41.4974,43.8405,49.0598,64.5591,137.926,32.4988,5.14569
28.912,-0.3718,0.9848,0.0000,6,182.67,9.78,0.93,-0.4060,-0.0140,11618.0,0.0,163.18,165.84,167.65,167.65,11.0696,17.7596,21.7305,26.1512,29.9149,32.2712,33.6962,35.0564,36.1006,37.2118,38.3966,39.6624,41.5871,44.0375,49.5358,66.1957,147.872,33.4561,5.3292
28.938,-0.3346,0.9916,0.0000,6,182.96,9.09,0.93,-0.3926,-0.0265,11624.0,0.0,163.77,166.22,167.73,167.73,10.8623,17.3576,21.3258,25.7754,29.5911,31.9928,33.4503,34.8449,35.9178,37.0618,38.2841,39.5928,41.5885,44.1392,49.9039,67.7278,155.025,34.4055,5.54278
28.962,-0.3012,0.9954,0.0000,6,183.27,8.35,0.92,-0.3775,-0.0399,11628.3,0.0,164.50,166.74,167.80,167.80,10.6415,16.9551,20.9136,25.3836,29.2439,31.6867,33.1741,34.6007,35.7007,36.8758,38.1338,39.4838,41.5484,44.1977,50.2288,69.2693,160.829,35.2268,5.79011
28.982,-0.2711,0.9975,0.0000,6,183.60,7.61,0.93,-0.3606,-0.0535,11633.7,0.0,165.29,167.35,167.87,167.87,10.4099,16.5621,20.5099,25.0,28.9057,31.3908,32.9091,34.3692,35.4974,36.7051,38.0008,39.3945,41.5323,44.2869,50.6064,71.0111,166.026,35.8079,6.0724
29.006,-0.2440,0.9986,0.0000,6,183.94,6.98,0.94,-0.3419,-0.0667,11644.6,0.0,166.03,168.02,168.02,168.02,10.1705,16.1924,20.1379,24.6604,28.6254,31.1636,32.7202,34.2214,35.3842,36.6317,37.9734,39.4203,41.6471,44.53,51.202,73.3152,171.249,35.9974,6.38979
29.025,-0.2196,0.9992,0.0000,6,184.29,6.52,0.94,-0.3212,-0.0805,11659.5,0.0,166.69,168.70,168.24,168.24,9.92448,15.8524,19.8084,24.3829,28.4292,31.0373,32.6438,34.1981,35.4054,36.7041,38.1047,39.6195,41.9602,45.0072,52.1322,76.5033,176.73,35.8049,6.74661
29.049,-0.1976,0.9996,0.0000,6,184.65,6.19,0.96,-0.2984,-0.0937,11671.8,0.0,167.27,169.34,168.42,168.42,9.67051,15.5399,19.5191,24.165,28.3156,31.0117,32.6805,34.3012,35.5642,36.9267,38.4008,40.0007,42.4841,45.7376,53.4383,80.8052,182.385,35.3581,7.14749
29.069,-0.1778,0.9998,0.0000,6,185.02,5.94,0.99,-0.2734,-0.1066,11688.4,0.0,167.81,169.93,168.65,168.65,9.40656,15.2492,19.2605,23.9933,28.2678,31.0681,32.8109,34.5104,35.8397,37.2784,38.8406,40.5427,43.1984,46.7031,55.1158,86.4146,188.014,34.7995,7.55817
29.094,-0.1601,0.9999,0.0000,6,185.40,5.77,1.02,-0.2461,-0.1195,11708.1,0.0,168.30,170.47,168.93,168.93,9.14544,14.9793,19.0317,23.8675,28.2869,31.2094,33.0393,34.832,36.2398,37.7692,39.4365,41.2612,44.1249,47.936,57.2339,93.8039,193.595,34.1744,7.93301
29.112,-0.1441,0.9999,0.0000,6,185.78,5.66,1.03,-0.2164,-0.1335,11728.8,0.0,168.78,170.95,169.23,169.23,8.89533,14.7233,18.8213,23.7698,28.3493,31.4082,33.3361,35.2341,36.7313,38.3644,40.1527,42.1192,45.226,49.3993,59.7713,103.381,198.93,33.5727,8.27727
29.137,-0.1297,0.9999,0.0000,6,186.19,5.51,1.06,-0.1841,-0.1477,11742.6,0.0,169.27,171.37,169.43,169.43,8.65416,14.4725,18.6141,23.6759,28.4206,31.6228,33.6548,35.6658,37.2596,39.0055,40.9264,43.0497,46.4279,51.012,62.6405,115.533,200.0,33.0681,8.5971
29.156,-0.1167,1.0000,0.0000,6,186.60,5.30,1.09,-0.1493,-0.1625,11761.4,0.0,169.78,171.76,169.70,169.70,8.42042,14.2215,18.4006,23.5691,28.4762,31.8229,33.9612,36.0889,37.7832,39.6476,41.7088,43.9997,47.6714,52.7078,65.7697,129.374,200.0,32.6829,8.89738
29.181,-0.1050,1.0000,0.0000,6,187.02,5.06,1.11,-0.1123,-0.1664,11782.5,0.0,170.29,172.15,170.01,170.01,8.19449,13.9721,18.1833,23.4529,28.5203,32.0129,34.2603,36.5088,38.3081,40.2973,42.5077,44.9783,48.9692,54.5063,69.216,138.687,123.989,32.3816,9.17907
29.200,-0.0945,1.0000,0.0000,6,187.44,4.80,1.12,-0.0765,-0.1584,11802.9,0.0,170.79,172.53,170.31,170.31,7.97608,13.7239,17.9616,23.3257,28.5499,32.1888,34.5472,36.9199,38.8284,40.9481,43.3162,45.9787,50.3148,56.4044,73.0093,145.599,108.604,32.1498,9.44412
29.225,-0.0851,1.0000,0.0000,6,187.88,4.51,1.14,-0.0423,-0.1510,11820.0,0.0,171.30,172.91,170.55,170.55,7.76462,13.4753,17.732,23.1804,28.553,32.3347,34.8031,37.3006,39.3197,41.5731,44.1042,46.9673,51.6697,58.3578,77.1118,151.067,98.3882,31.989,9.69501
29.244,-0.0766,1.0000,0.0000,6,188.32,4.19,1.15,-0.0097,-0.1442,11840.5,0.0,171.81,173.29,170.84,170.84,7.55977,13.2256,17.4929,23.0136,28.5233,32.4414,35.0168,37.6372,39.7665,42.1546,44.8514,47.9208,53.0059,60.3338,81.501,155.493,91.1619,31.8928,9.93354
29.269,-0.0947,1.0000,0.0000,6,188.77,3.86,1.15,0.0214,-0.1380,11862.3,0.0,172.32,173.67,171.16,171.16,7.36144,12.976,17.2466,22.8284,28.4642,32.5124,35.1918,37.9332,40.1722,42.6955,45.5608,48.8423,54.3272,62.3393,86.2259,159.151,85.8112,31.8449,10.1606
29.288,-0.1522,1.0000,0.0000,6,189.21,3.53,1.16,0.0510,-0.1316,11885.9,0.0,172.70,174.05,171.50,171.50,7.17286,12.7418,17.0215,22.6755,28.4553,32.6515,35.4498,38.3303,40.6961,43.3766,46.4389,49.9705,55.9326,64.7773,92.1437,162.673,81.1441,31.7471,10.369
29.313,-0.2017,1.0000,0.0000,6,189.63,3.31,1.17,0.0791,-0.1240,11913.2,0.0,172.84,174.40,171.89,171.89,7.00181,12.5579,16.8832,22.6759,28.6923,33.1219,36.105,39.2006,41.762,44.6852,48.0523,51.9725,58.6823,68.854,102.082,167.161,75.8433,31.4068,10.541
29.332,-0.1917,1.0000,0.0000,6,190.02,3.38,1.18,0.1056,-0.1141,11944.6,0.0,172.83,174.79,172.34,172.34,6.85378,12.4487,16.8802,22.9265,29.3456,34.1653,37.4571,40.9128,43.8034,47.1374,51.0249,55.616,63.6406,76.2236,119.702,173.15,69.6803,30.7381,10.6645
29.357,-0.1725,1.0000,0.0000,6,190.40,3.72,1.20,0.1302,-0.1026,11973.3,0.0,172.99,175.32,172.75,172.75,6.72681,12.4055,17.0002,23.4168,30.4235,35.8214,39.5778,43.584,46.9855,50.9671,55.6907,61.3843,71.6485,88.5951,133.641,180.064,63.5767,29.8682,10.7473
29.375,-0.1553,1.0000,0.0000,6,190.77,4.16,1.22,0.1531,-0.0905,12003.6,0.0,173.30,175.82,173.19,173.19,6.61579,12.4044,17.2004,24.0782,31.8398,38.0066,42.3986,47.1762,51.311,56.2448,62.2336,69.6557,83.6295,108.533,144.603,187.038,58.2907,28.9702,10.8045
29.400,-0.1397,1.0000,0.0000,6,191.14,4.57,1.24,0.1740,-0.0785,12032.8,0.0,173.69,176.23,173.62,173.62,6.51719,12.428,17.4483,24.8562,33.526,40.6615,45.8831,51.7008,56.8552,63.1565,71.0347,81.1657,101.431,126.907,153.779,193.576,53.9717,28.1352,10.8466
29.419,-0.1258,1.0000,0.0000,6,191.53,4.86,1.25,0.1931,-0.0672,12059.7,0.0,174.13,176.57,174.00,174.00,6.42905,12.4658,17.7231,25.7132,35.4358,43.7562,50.0367,57.2341,63.7945,72.0598,82.7928,97.2914,121.339,137.973,161.536,199.459,50.5113,27.3959,10.8796
29.444,-0.1132,1.0000,0.0000,6,191.91,5.01,1.26,0.2103,-0.0567,12083.8,0.0,174.60,176.88,174.35,174.35,6.3509,12.5142,18.0159,26.6329,37.557,47.3121,54.9387,63.9721,72.493,83.6399,98.8467,116.912,132.607,146.453,168.14,111.272,47.7237,26.7494,10.9054
29.469,-0.1019,1.0000,0.0000,6,192.31,5.04,1.27,0.2257,-0.0470,12105.4,0.0,175.09,177.19,174.67,174.67,6.28212,12.569,18.317,27.5937,39.8621,51.3297,60.6536,72.1295,83.4097,98.881,116.6,128.064,140.798,153.268,173.722,97.9238,45.473,26.1912,10.9256
29.487,-0.0917,1.0000,0.0000,6,192.72,4.92,1.28,0.2392,-0.0383,12122.2,0.0,175.59,177.50,174.91,174.91,6.22222,12.627,18.6171,28.5711,42.3101,55.7846,67.2221,81.9344,97.1274,114.919,126.449,135.79,147.162,158.789,178.369,88.7402,43.6546,25.7148,10.9416
29.512,-0.0825,1.0000,0.0000,6,193.14,4.68,1.30,0.2509,-0.0306,12139.5,0.0,176.12,177.81,175.16,175.16,6.17076,12.6857,18.9086,29.5424,44.8535,60.6336,74.6654,93.6425,111.786,123.77,133.27,141.619,152.182,163.236,182.166,82.0419,42.1828,25.3111,10.954
29.532,-0.0743,1.0000,0.0000,6,193.57,4.36,1.31,0.2609,-0.0237,12158.3,0.0,176.63,178.14,175.43,175.43,6.12819,12.748,19.1958,30.5108,47.4962,65.9189,83.1432,107.106,120.108,129.934,138.449,146.199,156.212,166.846,185.268,76.9448,40.9642,24.9616,10.9617
29.556,-0.0668,1.0000,0.0000,6,194.00,4.01,1.32,0.2692,-0.0175,12178.4,0.0,177.15,178.49,175.72,175.72,6.09474,12.8167,19.4843,31.4863,50.2611,71.727,92.9202,115.502,125.872,134.649,142.555,149.893,159.503,169.81,187.818,72.9107,39.9278,24.6502,10.9638
29.575,-0.0601,1.0000,0.0000,6,194.44,3.65,1.33,0.2761,-0.0119,12199.4,0.0,177.64,178.86,176.02,176.02,6.0708,12.8964,19.7847,32.4934,53.2137,78.2527,104.041,121.196,130.348,138.468,145.946,152.974,162.266,172.307,189.965,69.574,39.0129,24.3611,10.9591
29.600,-0.0541,1.0000,0.0000,6,194.88,3.31,1.33,0.2815,-0.0067,12221.1,0.0,178.12,179.24,176.34,176.34,6.05622,12.9889,20.1013,33.5436,56.3962,85.6805,111.375,125.586,133.992,141.649,148.803,155.586,164.618,174.433,191.788,66.7368,38.1871,24.0866,10.9475
29.619,-0.0487,1.0000,0.0000,6,195.32,3.00,1.34,0.2856,-0.0019,12241.5,0.0,178.60,179.62,176.63,176.63,6.0502,13.0924,20.4307,34.6271,59.7953,94.1025,116.376,129.092,136.983,144.294,151.192,157.777,166.589,176.212,193.32,64.3064,37.4409,23.8265,10.9298
29.644,-0.0438,1.0000,0.0000,6,195.77,2.70,1.36,0.2885,0.0024,12263.8,0.0,179.07,180.00,176.95,176.95,6.05213,13.2055,20.7692,35.7324,63.3865,102.384,120.149,131.917,139.43,146.469,153.159,159.579,168.207,177.663,194.635,62.2141,36.7663,23.5806,10.9068
29.662,-0.0395,1.0000,0.0000,6,196.22,2.43,1.37,0.2902,0.0064,12287.9,0.0,179.54,180.39,177.30,177.30,6.06142,13.3277,21.1166,36.8582,67.1732,107.574,123.119,134.217,141.433,148.253,154.77,161.049,169.518,178.827,102.833,60.3887,36.1507,23.3463,10.8788
29.689,-0.0355,1.0000,0.0000,6,196.67,2.18,1.37,0.2909,0.0100,12313.1,0.0,180.00,180.78,177.66,177.66,6.0774,13.4577,21.4703,37.9959,71.1338,111.258,125.484,136.076,143.054,149.691,156.062,162.219,170.547,179.727,97.3126,58.7868,35.5872,23.1229,10.8465
29.707,-0.0320,1.0000,0.0000,6,197.12,1.96,1.38,0.2908,0.0133,12338.7,0.0,180.46,181.17,178.03,178.03,6.09972,13.5966,21.8339,39.1572,75.3153,114.101,127.415,137.602,144.381,150.861,157.104,163.155,171.357,180.418,93.3092,57.3498,35.0615,22.9062,10.8098
29.732,-0.0288,1.0000,0.0000,6,197.57,1.77,1.39,0.2897,0.0163,12364.5,0.0,180.91,181.56,178.40,178.40,6.1281,13.7442,22.2075,40.3413,79.7243,116.362,128.993,138.847,145.455,151.798,157.928,163.882,171.971,180.925,89.9399,56.0487,34.5673,22.6948,10.7689
29.750,-0.0259,1.0000,0.0000,6,198.02,1.60,1.40,0.2879,0.0191,12389.1,0.0,181.36,181.95,178.76,178.76,6.16153,13.8978,22.5852,41.53,84.2997,118.152,130.247,139.821,146.282,152.504,158.534,164.401,172.387,181.242,87.0164,54.877,34.1064,22.4907,10.7249
29.775,-0.0233,1.0000,0.0000,6,198.47,1.44,1.41,0.2853,0.0216,12414.7,0.0,181.81,182.34,179.13,179.13,6.19971,14.0565,22.9643,42.712,88.9889,119.547,131.209,140.543,146.875,152.991,158.929,164.718,172.61,181.375,84.4737,53.8218,33.6768,22.2938,10.678
29.794,-0.0210,1.0000,0.0000,6,198.92,1.30,1.41,0.2821,0.0238,12441.2,0.0,182.25,182.73,179.51,179.51,6.24205,14.2187,23.342,43.8763,93.0113,120.606,131.907,141.035,147.251,153.272,159.128,164.846,172.652,181.333,82.2557,52.8707,33.2765,22.1042,10.6287
29.818,-0.0189,1.0000,0.0000,6,199.37,1.17,1.42,0.2783,0.0259,12468.1,0.0,182.69,183.12,179.90,179.90,6.28812,14.3846,23.7191,45.0263,95.7117,121.399,132.392,141.335,147.449,153.382,159.163,164.814,172.54,181.144,80.2921,52.003,32.8998,21.9203,10.5772
29.838,-0.0170,1.0000,0.0000,6,199.81,1.05,1.43,0.2740,0.0277,12495.0,0.0,183.13,183.52,180.29,180.29,6.33789,14.5551,24.0991,46.1732,97.6988,121.987,132.709,141.486,147.505,153.357,159.068,164.658,172.308,180.848,78.5181,51.1971,32.5397,21.7396,10.5232
29.862,-0.0153,1.0000,0.0000,6,200.26,0.95,1.43,0.2692,0.0294,12521.9,0.0,183.56,183.91,180.67,180.67,6.39106,14.7298,24.4809,47.3128,99.2045,122.394,132.875,141.499,147.431,153.207,158.853,164.385,171.965,180.453,76.9088,50.4461,32.1946,21.5619,10.4671
29.881,-0.0138,1.0000,0.0000,6,200.71,0.86,1.44,0.2640,0.0309,12547.8,0.0,183.99,184.31,181.05,181.05,6.44697,14.9066,24.8603,48.4295,100.332,122.626,132.889,141.375,147.225,152.931,158.515,163.992,171.504,179.95,75.4579,49.7512,31.8664,21.3884,10.4093
29.907,-0.0124,1.0000,0.0000,6,201.16,0.77,1.45,0.2584,0.0322,12574.3,0.0,184.42,184.70,181.43,181.43,6.50541,15.0858,25.2383,49.5285,101.179,122.715,132.78,141.136,146.909,152.549,158.075,163.5,170.948,179.356,74.1328,49.101,31.5513,21.2181,10.3501
29.925,-0.0111,1.0000,0.0000,6,201.60,0.69,1.45,0.2524,0.0334,12601.2,0.0,184.84,185.10,181.82,181.82,6.56628,15.267,25.6143,50.6049,101.792,122.671,132.554,140.789,146.491,152.068,157.537,162.912,170.298,178.673,72.921,48.4917,31.2485,21.0506,10.2893
29.950,-0.0100,1.0000,0.0000,6,202.05,0.62,1.46,0.2461,0.0345,12628.3,0.0,185.26,185.49,182.21,182.21,6.6293,15.4499,25.9877,51.6565,102.21,122.511,132.223,140.344,145.978,151.495,156.911,162.238,169.564,177.907,71.808,47.9188,30.9567,20.8858,10.2272
29.975,-0.0090,1.0000,0.0000,6,202.49,0.56,1.46,0.2395,0.0355,12655.4,0.0,185.68,185.89,182.60,182.60,6.69438,15.6352,26.3611,52.6949,102.482,122.26,131.813,139.825,145.393,150.853,156.217,161.498,168.766,177.076,70.7669,47.3719,30.6722,20.7223,10.1637
29.994,-0.0081,1.0000,0.0000,6,202.93,0.50,1.46,0.2327,0.0364,12682.3,0.0,186.10,186.29,182.99,182.99,6.76131,15.8225,26.7343,53.7198,102.63,121.93,131.332,139.24,144.745,150.148,155.462,160.698,167.909,176.187,69.7883,46.8476,30.3943,20.56,10.0991
30.018,-0.0073,1.0000,0.0000,6,203.37,0.46,1.47,0.2256,0.0372,12708.7,0.0,186.52,186.69,183.37,183.37,6.82988,16.0113,27.1061,54.7262,102.663,121.524,130.782,138.59,144.034,149.382,154.648,159.839,166.996,175.239,68.8693,46.3456,30.1229,20.3991,10.0333
30.037,-0.0066,1.0000,0.0000,6,203.81,0.41,1.47,0.2182,0.0379,12735.4,0.0,186.93,187.08,183.75,183.75,6.89984,16.2007,27.4745,55.7069,102.59,121.043,130.164,137.875,143.259,148.555,153.773,158.921,166.024,174.231,68.0093,45.8664,29.8587,20.2399,9.9667
30.062,-0.0059,1.0000,0.0000,6,204.25,0.37,1.48,0.2107,0.0385,12762.1,0.0,187.34,187.48,184.14,184.14,6.97127,16.3923,27.8445,56.6826,102.446,120.515,129.503,137.12,142.446,147.69,152.862,157.967,165.016,173.186,67.1821,45.3987,29.5973,20.0808,9.89905
30.081,-0.0053,1.0000,0.0000,6,204.69,0.33,1.48,0.2030,0.0391,12788.9,0.0,187.75,187.88,184.53,184.53,7.04412,16.5861,28.2159,57.6532,102.238,119.944,128.803,136.329,141.598,146.791,151.916,156.98,163.976,172.106,66.3843,44.9413,29.3384,19.9216,9.83037
30.106,-0.0048,1.0000,0.0000,6,205.13,0.30,1.48,0.1951,0.0397,12815.5,0.0,188.16,188.28,184.91,184.91,7.11793,16.7796,28.5827,58.5941,101.95,119.311,128.047,135.483,140.697,145.84,150.92,155.942,162.886,170.974,65.6334,44.5027,29.0856,19.7641,9.76111
30.125,-0.0043,1.0000,0.0000,6,205.57,0.27,1.48,0.1870,0.0401,12842.2,0.0,188.57,188.67,185.29,185.29,7.19278,16.9741,28.9484,59.5207,101.605,118.638,127.252,134.601,139.76,144.854,149.889,154.871,161.763,169.806,64.9117,44.0752,28.8361,19.6072,9.69115
30.150,-0.0039,1.0000,0.0000,6,206.00,0.25,1.49,0.1788,0.0405,12868.9,0.0,188.98,189.07,185.68,185.68,7.26861,17.1694,29.3126,60.4309,101.205,117.924,126.42,133.683,138.789,143.834,148.825,153.766,160.607,168.603,64.218,43.6584,28.5897,19.4508,9.6205
30.169,-0.0035,1.0000,0.0000,6,206.44,0.22,1.49,0.1705,0.0409,12895.3,0.0,189.38,189.46,186.06,186.06,7.3452,17.3651,29.6754,61.3273,100.76,117.176,125.557,132.736,137.788,142.785,147.732,152.633,159.423,167.371,63.5474,43.2505,28.3459,19.2949,9.54932
30.194,-0.0031,1.0000,0.0000,6,206.87,0.20,1.49,0.1621,0.0413,12921.6,0.0,189.79,189.86,186.44,186.44,7.42261,17.5612,30.0356,62.2034,100.268,116.392,124.66,131.755,136.755,141.704,146.607,151.468,158.208,166.104,62.9026,42.8527,28.1053,19.1396,9.47757
30.213,-0.0028,1.0000,0.0000,6,207.31,0.18,1.49,0.1535,0.0415,12947.8,0.0,190.19,190.25,186.82,186.82,7.50065,17.7574,30.3932,63.0605,99.7342,115.575,123.732,130.745,135.692,140.595,145.455,150.276,156.966,164.808,62.28,42.4638,27.8674,18.9849,9.40539
30.237,-0.0025,1.0000,0.0000,6,207.74,0.16,1.49,0.1449,0.0418,12974.0,0.0,190.59,190.65,187.20,187.20,7.57947,17.9551,30.7533,63.9212,99.1798,114.745,122.793,129.724,134.62,139.475,144.292,149.074,155.713,163.5,61.6622,42.0759,27.6291,18.8295,9.33258
30.256,-0.0023,1.0000,0.0000,6,208.17,0.14,1.49,0.1361,0.0421,13000.7,0.0,190.99,191.04,187.58,187.58,7.65914,18.1552,31.1178,64.7098,98.6124,113.91,121.85,128.7,133.544,138.352,143.126,147.868,154.457,162.189,61.0421,41.6857,27.3891,18.6728,9.25908
30.282,-0.0021,1.0000,0.0000,6,208.60,0.13,1.49,0.1273,0.0423,13027.2,0.0,191.39,191.44,187.97,187.97,7.73931,18.3552,31.4801,65.3144,98.0131,113.048,120.882,127.652,132.445,137.206,141.937,146.64,153.177,160.854,60.4395,41.3025,27.1512,18.5166,9.18522
30.300,-0.0019,1.0000,0.0000,6,209.03,0.12,1.49,0.1184,0.0425,13053.2,0.0,191.78,191.83,188.34,188.34,7.81989,18.5548,31.8387,65.7687,97.3787,112.159,119.887,126.578,131.321,136.035,140.723,145.386,151.874,159.491,59.8563,40.9273,26.9161,18.3612,9.11108
30.325,-0.0017,1.0000,0.0000,6,209.46,0.11,1.49,0.1095,0.0427,13078.9,0.0,192.18,192.22,188.71,188.71,7.90108,18.7554,32.1986,66.114,96.7274,111.258,118.882,125.495,130.186,134.855,139.5,144.123,150.56,158.117,59.2778,40.5532,26.6807,18.2052,9.03644
30.344,-0.0015,1.0000,0.0000,6,209.89,0.10,1.48,0.1004,0.0429,13104.7,0.0,192.57,192.61,189.08,189.08,7.98289,18.9576,32.5613,66.374,96.0643,110.35,117.872,124.406,129.048,133.669,138.271,142.855,149.241,156.739,58.7109,40.178,26.4443,18.0484,8.9613
30.368,-0.0014,1.0000,0.0000,6,210.31,0.09,1.48,0.0913,0.0431,13130.4,0.0,192.97,193.01,189.46,189.46,8.06532,19.1616,32.9275,66.5617,95.393,109.439,116.859,123.314,127.906,132.481,137.041,141.584,147.92,155.358,58.1605,39.8009,26.2065,17.8905,8.88564
30.387,-0.0012,1.0000,0.0000,6,210.74,0.09,1.48,0.0822,0.0432,13157.5,0.0,193.36,193.39,189.84,189.84,8.14797,19.3645,33.289,66.664,94.6908,108.502,115.821,122.2,126.741,131.27,135.787,140.29,146.575,153.952,57.6505,39.4315,25.9715,17.7336,8.80983
30.413,-0.0011,1.0000,0.0000,6,211.16,0.08,1.47,0.0729,0.0434,13183.5,0.0,193.76,193.78,190.22,190.22,8.23079,19.5661,33.6449,66.6897,93.9583,107.539,114.758,121.06,125.551,130.034,134.508,138.972,145.205,152.518,57.1866,39.0706,25.7395,17.5777,8.7339
30.431,-0.0010,1.0000,0.0000,6,211.59,0.06,1.47,0.0637,0.0434,13208.9,0.0,194.15,194.17,190.59,190.59,8.31391,19.7678,34.0,66.6595,93.2106,106.564,113.685,119.91,124.351,128.788,133.219,137.643,143.825,151.074,56.757,38.7116,25.5081,17.4218,8.65773
30.456,-0.0009,1.0000,0.0000,6,212.01,0.06,1.47,0.0544,0.0435,13234.1,0.0,194.53,194.55,190.95,190.95,8.39745,19.9706,34.3567,66.5849,92.4536,105.585,112.607,118.755,123.147,127.537,131.925,136.309,142.44,149.625,56.3591,38.352,25.2759,17.2653,8.58121
30.474,-0.0008,1.0000,0.0000,6,212.43,0.05,1.45,0.0450,0.0436,13259.5,0.0,194.92,194.94,191.32,191.32,8.48143,20.1744,34.7155,66.471,91.6895,104.6,111.525,117.598,121.94,126.284,130.628,134.973,141.051,148.172,55.9942,37.991,25.0427,17.108,8.5043
30.500,-0.0007,1.0000,0.0000,6,212.85,0.05,1.44,0.0356,0.0437,13285.9,0.0,195.31,195.33,191.69,191.69,8.56577,20.3793,35.0763,66.3212,90.918,103.613,110.441,116.438,120.73,125.028,129.33,133.633,139.66,146.716,55.6674,37.6287,24.8087,16.9502,8.42708
30.525,-0.0006,1.0000,0.0000,6,213.27,0.04,1.40,0.0261,0.0438,13316.1,0.0,195.69,195.71,192.14,192.14,8.65057,20.5854,35.4398,66.1397,90.1405,102.623,109.355,115.276,119.519,123.771,128.029,132.292,138.267,145.259,55.3829,37.2646,24.5735,16.7916,8.34949
30.544,-0.0006,1.0000,0.0000,6,213.69,0.04,1.38,0.0167,0.0439,13339.8,0.0,196.08,196.10,192.48,192.48,8.73581,20.793,35.8061,65.9292,89.3579,101.63,108.268,114.114,118.307,122.512,126.727,130.95,136.873,143.8,55.1456,36.8984,24.337,16.6321,8.27152
30.568,-0.0005,1.0000,0.0000,6,214.11,0.04,1.37,0.0071,0.0440,13363.7,0.0,196.47,196.49,192.82,192.82,8.8214,21.0014,36.1746,65.6893,88.5687,100.635,107.177,112.948,117.093,121.252,125.423,129.606,135.476,142.338,54.9671,36.5309,24.0997,16.4721,8.19327
30.587,-0.0005,1.0000,0.0000,6,214.53,0.04,1.35,-0.0024,0.0441,13387.6,0.0,196.85,196.87,193.17,193.17,8.90741,21.211,36.5451,65.4234,87.7724,99.6351,106.084,111.781,115.875,119.988,124.117,128.258,134.075,140.874,54.8587,36.1623,23.8615,16.3115,8.11466
30.612,-0.0004,1.0000,0.0000,6,214.94,0.04,1.33,-0.0120,0.0442,13412.0,0.0,197.24,197.25,193.52,193.52,8.99331,21.4184,36.9078,65.1151,86.9504,98.6121,104.967,110.589,114.635,118.702,122.786,126.887,132.651,139.383,54.8747,35.802,23.6265,16.1521,8.03612
30.631,-0.0004,1.0000,0.0000,6,215.35,0.03,1.30,-0.0217,0.0442,13443.7,0.0,197.62,197.62,193.97,193.97,9.0791,21.6232,37.2617,64.7655,86.1014,97.5641,103.827,109.374,113.371,117.391,121.432,125.491,131.201,137.866,55.0513,35.4504,23.395,15.994,7.9576
30.657,-0.0003,1.0000,0.0000,6,215.77,0.02,1.26,-0.0314,0.0442,13467.7,0.0,198.00,198.00,194.32,194.32,9.165,21.8275,37.6134,64.3899,85.2413,96.5067,102.677,108.15,112.097,116.07,120.068,124.086,129.742,136.34,55.4109,35.101,23.1642,15.8361,7.87897
30.675,-0.0003,1.0000,0.0000,6,216.19,0.02,1.25,-0.0411,0.0442,13491.1,0.0,198.39,198.38,194.66,194.66,9.25108,22.0322,37.9652,63.9929,84.3738,95.4449,101.523,106.922,110.82,114.746,118.699,122.676,128.278,134.809,56.0247,34.7512,22.933,15.6779,7.80016
30.700,-0.0003,1.0000,0.0000,6,216.60,0.01,1.24,-0.0508,0.0442,13514.3,0.0,198.77,198.76,195.00,195.00,9.33733,22.2372,38.3032,63.5773,83.5014,94.3803,100.367,105.692,109.54,113.42,117.329,121.264,126.812,133.276,57.0536,34.4007,22.7013,15.5194,7.72119
30.719,-0.0003,1.0000,0.0000,6,217.01,0.01,1.23,-0.0605,0.0441,13537.9,0.0,199.15,199.15,195.34,195.34,9.42381,22.4428,38.5864,63.1445,82.6243,93.313,99.209,104.461,108.259,112.093,115.957,119.85,125.343,131.74,58.9993,34.0489,22.4689,15.3604,7.64202
30.744,-0.0002,1.0000,0.0000,6,217.42,0.00,1.22,-0.0703,0.0441,13563.7,0.0,199.53,199.53,195.70,195.70,9.51048,22.649,38.8165,62.6947,81.7421,92.2436,98.0493,103.228,106.976,110.763,114.583,118.434,123.872,130.202,143.857,33.6961,22.2359,15.201,7.56266
30.763,-0.0002,1.0000,0.0000,6,217.83,0.00,1.20,-0.0801,0.0441,13590.2,0.0,199.90,199.90,196.09,196.09,9.59736,22.8558,38.9984,62.2288,80.8551,91.1718,96.8873,101.992,105.692,109.431,113.207,117.016,122.398,128.662,142.156,33.3428,22.0022,15.0412,7.48313
30.787,-0.0002,1.0000,0.0000,6,218.24,0.00,1.20,-0.0898,0.0441,13614.5,0.0,200.28,200.28,196.44,196.44,9.68437,23.0629,39.1361,61.7476,79.9635,90.0969,95.7234,100.755,104.405,108.098,111.829,115.596,120.922,127.12,140.452,33.005,21.7682,14.8811,7.40347
30.807,-0.0002,1.0000,0.0000,6,218.65,0.00,1.19,-0.0997,0.0441,13638.4,0.0,200.65,200.65,196.79,196.79,9.77161,23.2706,39.2326,61.2515,79.0668,89.0191,94.5568,99.5159,103.117,106.763,110.449,114.173,119.444,125.576,138.745,32.6913,21.5334,14.7206,7.32362
30.831,-0.0001,1.0000,0.0000,6,219.06,-0.00,1.19,-0.1095,0.0441,13662.2,0.0,201.03,201.03,197.13,197.13,9.859,23.4787,39.2915,60.741,78.1653,87.9386,93.3878,98.2742,101.826,105.425,109.066,112.748,117.963,124.028,137.035,32.4039,21.2982,14.5598,7.24362
30.850,-0.0001,1.0000,0.0000,6,219.46,-0.00,1.19,-0.1194,0.0441,13686.2,0.0,201.40,201.40,197.48,197.48,9.94659,23.6873,39.3152,60.2167,77.2583,86.8551,92.2171,97.0312,100.533,104.085,107.681,111.32,116.478,122.479,135.323,32.1454,21.0624,14.3987,7.16343
30.875,-0.0001,1.0000,0.0000,6,219.87,-0.00,1.19,-0.1292,0.0441,13711.7,0.0,201.77,201.77,197.84,197.84,10.0343,23.8962,39.3055,59.6785,76.3469,85.7681,91.0429,95.7848,99.2379,102.742,106.294,109.89,114.991,120.926,133.608,31.9188,20.8263,14.2372,7.08311
30.894,-0.0001,1.0000,0.0000,6,220.27,-0.00,1.19,-0.1391,0.0441,13736.2,0.0,202.15,202.15,198.20,198.20,10.1222,24.1055,39.2649,59.1277,75.4304,84.6783,89.8665,94.5361,97.9402,101.397,104.904,108.456,113.5,119.37,131.888,31.7273,20.5898,14.0756,7.00269
30.919,-0.0001,1.0000,0.0000,6,220.67,-0.00,1.19,-0.1490,0.0441,13760.5,0.0,202.51,202.51,198.55,198.55,10.2103,24.3152,39.1951,58.5643,74.5088,83.5855,88.6871,93.2852,96.6402,100.05,103.511,107.02,112.007,117.811,130.167,31.5743,20.3527,13.9135,6.92206
30.937,-0.0001,1.0000,0.0000,6,221.07,-0.00,1.20,-0.1589,0.0441,13784.6,0.0,202.89,202.89,198.90,198.90,10.2984,24.5093,39.0975,57.9883,73.5817,82.4894,87.5055,92.0315,95.3374,98.7,102.115,105.581,110.51,116.25,128.441,31.4649,20.1155,13.7513,6.84138
30.963,-0.0001,1.0000,0.0000,6,221.48,-0.00,1.20,-0.1689,0.0441,13808.7,0.0,203.25,203.25,199.24,199.24,10.3869,24.6738,38.9746,57.4007,72.6506,81.3902,86.3212,90.7756,94.0324,97.3478,100.718,104.14,109.011,114.686,126.714,31.4033,19.8774,13.5886,6.76039
30.981,-0.0001,1.0000,0.0000,6,221.88,-0.00,1.22,-0.1789,0.0441,13831.8,0.0,203.62,203.62,199.58,199.58,10.4754,24.8098,38.8268,56.802,71.7145,80.2881,85.1341,89.5175,92.7252,95.9931,99.3177,102.695,107.508,113.119,124.982,31.3969,19.6391,13.4257,6.67936
31.007,-0.0001,1.0000,0.0000,6,222.28,-0.00,1.23,-0.1888,0.0441,13855.8,0.0,203.99,203.99,199.92,199.92,10.5641,24.9187,38.6556,56.1919,70.7738,79.1823,83.9443,88.2567,91.4152,94.6358,97.9144,101.248,106.002,111.549,123.248,31.4534,19.4066,13.2625,6.59816
31.025,-0.0001,1.0000,0.0000,6,222.67,-0.00,1.24,-0.1988,0.0441,13880.3,0.0,204.35,204.35,200.28,200.28,10.653,25.002,38.4621,55.5713,69.828,78.0739,82.752,86.9935,90.1036,93.2762,96.5091,99.799,104.494,109.977,121.51,31.583,19.1939,13.0989,6.51681
31.050,-0.0001,1.0000,0.0000,6,223.07,-0.00,1.25,-0.2089,0.0441,13904.9,0.0,204.72,204.72,200.63,200.63,10.742,25.0606,38.2473,54.9403,68.8779,76.9627,81.5575,85.7281,88.7893,91.9143,95.1008,98.3462,102.982,108.401,119.77,31.7977,19.0029,12.9351,6.43529
31.075,-0.0000,1.0000,0.0000,6,223.46,-0.00,1.27,-0.2189,0.0441,13929.2,0.0,205.08,205.08,200.98,200.98,10.8312,25.0955,38.0123,54.2991,67.9235,75.8484,80.36,84.4602,87.472,90.5499,93.6903,96.8913,101.467,106.822,118.026,32.1161,18.8348,12.7709,6.35362
31.094,-0.0000,1.0000,0.0000,6,223.86,-0.00,1.29,-0.2290,0.0441,13951.5,0.0,205.45,205.45,201.31,201.31,10.9205,25.1079,37.7578,53.6473,66.9638,74.7311,79.1599,83.1899,86.1529,89.183,92.2777,95.4337,99.9496,105.24,116.28,32.561,18.6916,12.6066,6.27188
31.119,-0.0000,1.0000,0.0000,6,224.25,-0.00,1.32,-0.2390,0.0441,13973.7,0.0,205.81,205.81,201.63,201.63,11.01,25.0985,37.4847,52.9867,66.0,73.6106,77.9576,81.9177,84.8313,87.8139,90.862,93.9731,98.4284,103.654,114.53,33.1657,18.5746,12.4433,6.18995
31.137,-0.0000,1.0000,0.0000,6,224.64,-0.00,1.34,-0.2491,0.0441,13998.2,0.0,206.17,206.17,201.98,201.98,11.0997,25.0683,37.1936,52.3164,65.0318,72.4872,76.7523,80.6419,83.5074,86.4422,89.444,92.5098,96.9047,102.064,112.777,33.9838,18.4857,12.293,6.10786
31.163,-0.0000,1.0000,0.0000,6,225.03,-0.00,1.36,-0.2592,0.0441,14023.2,0.0,206.53,206.53,202.34,202.34,11.1895,25.0178,36.8853,51.637,64.0588,71.3605,75.5446,79.3649,82.1814,85.0681,88.0234,91.0442,95.3778,100.471,111.021,35.1034,18.4271,12.1592,6.02565
31.181,-0.0000,1.0000,0.0000,6,225.42,-0.00,1.39,-0.2693,0.0441,14048.0,0.0,206.89,206.89,202.70,202.70,11.2743,24.9478,36.5601,50.9482,63.0818,70.2306,74.3338,78.0845,80.8525,83.6914,86.6001,89.5751,93.8474,98.8748,109.261,36.7012,18.4015,12.043,5.94336
31.206,-0.0000,1.0000,0.0000,6,225.81,-0.00,1.41,-0.2795,0.0441,14071.3,0.0,207.25,207.25,203.04,203.04,11.3478,24.8592,36.2191,50.2507,62.0999,69.0976,73.1207,76.8018,79.5209,82.3125,85.1741,88.1034,92.3141,97.2741,107.499,39.2417,18.4112,11.9448,5.86093
31.225,-0.0000,1.0000,0.0000,6,226.20,-0.00,1.46,-0.2896,0.0441,14090.1,0.0,207.60,207.60,203.31,203.31,11.4102,24.7526,35.8628,49.5452,61.1144,67.9627,71.9058,75.5176,78.1877,80.9312,83.7459,86.6298,90.7784,95.6705,105.734,134.135,18.4592,11.8655,5.7783
31.250,-0.0000,1.0000,0.0000,6,226.59,-0.00,1.50,-0.2998,0.0441,14114.3,0.0,207.96,207.96,203.65,203.65,11.4617,24.6286,35.4915,48.8315,60.1247,66.8246,70.6881,74.2307,76.8522,79.5479,82.3156,85.1534,89.2395,94.0636,103.966,131.892,18.5489,11.806,5.69826
31.269,-0.0000,1.0000,0.0000,6,226.97,-0.00,1.52,-0.3100,0.0441,14139.8,0.0,208.31,208.31,204.02,204.02,11.5023,24.4875,35.106,48.1091,59.1302,65.6833,69.4673,72.9411,75.5142,78.1619,80.8826,83.674,87.6973,92.453,102.195,129.645,18.6851,11.7676,5.62748
31.294,-0.0000,1.0000,0.0000,6,227.35,-0.00,1.56,-0.3202,0.0441,14165.0,0.0,208.67,208.67,204.39,204.39,11.532,24.3299,34.7064,47.3791,58.1322,64.5392,68.2441,71.65,74.1741,76.7735,79.4468,82.192,86.1522,90.8388,100.421,127.394,18.8716,11.7511,5.56626
31.312,-0.0000,1.0000,0.0000,6,227.74,-0.00,1.59,-0.3299,0.0389,14189.2,0.0,209.02,209.02,204.73,204.73,11.5512,24.1566,34.293,46.6409,57.1294,63.3921,67.0189,70.3557,72.8315,75.383,78.009,80.7076,84.6045,89.2206,98.644,125.14,19.1147,11.7578,5.51483
31.337,-0.0000,1.0000,0.0000,6,228.13,-0.00,1.65,-0.3383,0.0335,14204.9,0.0,209.37,209.37,204.96,204.96,11.5599,23.9678,33.8671,45.8957,56.1236,62.2427,65.7916,69.06,71.4875,73.9908,76.5693,79.221,83.054,87.6005,96.8645,122.883,19.4203,11.7888,5.47334
31.356,-0.0000,1.0000,0.0000,6,228.51,-0.00,1.70,-0.3455,0.0281,14228.7,0.0,209.72,209.72,205.30,205.30,11.5581,23.7639,33.4278,45.1423,55.1128,61.0898,64.5611,67.7617,70.1403,72.5956,75.1259,77.7309,81.4999,85.9753,95.0814,120.621,19.7973,11.8457,5.4421
31.382,-0.0000,1.0000,0.0000,6,228.88,-0.00,1.73,-0.3514,0.0227,14254.5,0.0,210.07,210.07,205.68,205.68,11.546,23.5452,32.9762,44.3817,54.0983,59.9337,63.3278,66.4608,68.7905,71.1978,73.6807,76.2387,79.9431,84.3468,93.2953,118.355,20.2553,11.9302,5.42139
31.400,-0.0000,1.0000,0.0000,6,229.26,-0.00,1.75,-0.3560,0.0172,14280.6,0.0,210.42,210.42,206.05,206.05,11.5237,23.3125,32.5127,43.6138,53.0797,58.7753,62.0926,65.1577,67.4394,69.7981,72.2333,74.7438,78.383,82.7151,91.5069,116.086,20.806,12.0432,5.41118
31.425,-0.0000,1.0000,0.0000,6,229.63,0.00,1.78,-0.3594,0.0118,14305.0,0.0,210.76,210.76,206.41,206.41,11.4914,23.0662,32.0378,42.8391,52.0576,57.6146,60.8557,63.8526,66.0858,68.3968,70.7837,73.2465,76.8206,81.0804,89.715,113.814,21.4652,12.187,5.41182
31.444,-0.0000,1.0000,0.0000,6,230.02,0.00,1.80,-0.3615,0.0063,14323.5,0.0,211.11,211.11,206.68,206.68,11.449,22.8057,31.5506,42.057,51.031,56.4501,59.615,62.5448,64.7298,66.9919,69.331,71.7468,75.2548,79.4416,87.9207,111.537,22.2548,12.364,5.42374
31.468,-0.0000,1.0000,0.0000,6,230.39,0.00,1.84,-0.3624,0.0009,14345.1,0.0,211.46,211.46,206.99,206.99,11.3967,22.5324,31.0528,41.2684,50.0007,55.2835,58.3726,61.235,63.3716,65.5859,67.8765,70.2439,73.6861,77.7992,86.1231,109.257,23.2015,12.5759,5.44691
31.487,-0.0111,1.0000,0.0000,6,230.77,0.00,1.87,-0.3619,-0.0046,14369.3,0.0,211.80,211.80,207.33,207.33,11.3348,22.2462,30.5438,40.4726,48.9667,54.1139,57.1272,59.9227,62.0112,64.1765,66.4189,68.7385,72.1146,76.1529,84.3227,106.973,24.3457,12.8253,5.48173
31.513,-0.0551,1.0000,0.0000,6,231.14,-0.00,1.89,-0.3603,-0.0096,14394.4,0.0,212.09,212.19,207.69,207.69,11.2687,21.9729,30.0695,39.7407,48.02,53.0446,55.9901,58.7244,60.7692,62.8904,65.0892,67.3646,70.6798,74.6505,82.6871,104.958,25.615,13.0901,5.52495
31.531,-0.0960,1.0000,0.0000,6,231.50,0.09,1.91,-0.3576,-0.0122,14419.1,0.0,212.15,212.75,208.05,208.05,11.2205,21.8083,29.7968,39.3327,47.5003,52.4615,55.3716,58.0749,60.0969,62.1956,64.3715,66.6247,69.9087,73.8442,81.8515,104.251,26.4595,13.2711,5.56308
31.556,-0.0942,1.0000,0.0000,6,231.85,0.62,1.91,-0.3544,-0.0109,14445.6,0.0,212.04,213.40,208.43,208.43,11.2078,21.8248,29.8509,39.4414,47.6586,52.6497,55.5764,58.2951,60.3283,62.4387,64.6259,66.8913,70.1913,74.1459,82.3299,105.73,26.3024,13.2805,5.58328
31.575,-0.0847,1.0000,0.0000,6,232.19,1.53,1.94,-0.3510,-0.0071,14468.3,0.0,212.08,213.97,208.76,208.76,11.219,21.9589,30.1164,39.8841,48.254,53.3345,56.3119,59.0754,61.1418,63.2846,65.5057,67.8038,71.1505,75.1571,83.7531,108.871,25.5399,13.1792,5.59076
31.600,-0.0763,1.0000,0.0000,6,232.52,2.36,1.97,-0.3477,-0.0031,14494.8,0.0,212.33,214.32,209.14,209.14,11.2334,22.1092,30.412,40.3745,48.9121,54.0891,57.1211,59.9335,62.0353,64.2136,66.4705,68.8044,72.2005,76.3157,85.4446,112.608,24.7893,13.0682,5.59652
31.619,-0.0686,1.0000,0.0000,6,232.84,2.93,1.98,-0.3445,0.0001,14519.0,0.0,212.69,214.56,209.49,209.49,11.2417,22.227,30.6488,40.7719,49.4469,54.7035,57.7802,60.633,62.7631,64.9707,67.2561,69.6192,73.0599,77.3661,87.0282,116.309,24.2544,12.9898,5.60498
31.644,-0.0618,1.0000,0.0000,6,233.17,3.22,1.99,-0.3416,0.0024,14540.6,0.0,213.09,214.75,209.81,209.81,11.241,22.2971,30.7992,41.0316,49.8014,55.113,58.2203,61.1001,63.2506,65.4782,67.784,70.1671,73.6935,78.1931,88.3533,119.693,23.9489,12.9538,5.61748
31.669,-0.0556,1.0000,0.0000,6,233.50,3.30,2.00,-0.3389,0.0036,14560.3,0.0,213.50,214.96,210.09,210.09,11.2323,22.3216,30.8654,41.1574,49.9794,55.3217,58.4465,61.3421,63.5035,65.743,68.0599,70.4617,74.1059,78.7768,89.3873,122.672,23.8333,12.9553,5.63333
31.688,-0.0500,1.0000,0.0000,6,233.84,3.22,2.01,-0.3364,0.0040,14577.3,0.0,213.91,215.19,210.34,210.34,11.2157,22.3031,30.8526,41.1564,49.9916,55.3421,58.4715,61.3718,63.5363,65.7793,68.0995,70.5474,74.2958,79.1136,90.118,125.19,23.8845,12.9917,5.65247
31.713,-0.0450,1.0000,0.0000,6,234.19,3.03,2.02,-0.3341,0.0036,14595.4,0.0,214.33,215.43,210.60,210.60,11.1918,22.2454,30.7675,41.0412,49.8535,55.1921,58.3155,61.2098,63.371,65.6095,67.9402,70.4381,74.2703,79.21,90.5481,127.217,24.0864,13.0604,5.675
31.731,-0.0405,1.0000,0.0000,6,234.53,2.80,2.03,-0.3318,0.0025,14614.3,0.0,214.72,215.69,210.87,210.87,11.1615,22.1554,30.624,40.8329,49.594,54.9042,58.0118,60.8928,63.0443,65.2735,67.6289,70.1655,74.0651,79.1035,90.7222,128.813,24.4212,13.1571,5.70092
31.756,-0.0365,1.0000,0.0000,6,234.88,2.55,2.04,-0.3294,0.0009,14633.8,0.0,215.11,215.97,211.15,211.15,11.1256,22.0403,30.4358,40.5538,49.2423,54.5121,57.5974,60.4592,62.5961,64.8207,67.201,69.7688,73.722,78.8413,90.6973,130.071,24.8741,13.2782,5.73037
31.775,-0.0824,1.0000,0.0000,6,235.23,2.31,2.04,-0.3269,-0.0011,14653.6,0.0,215.49,216.25,211.44,211.44,11.084,21.9019,30.2073,40.2127,48.8098,54.0284,57.0857,59.9224,62.0422,64.2701,66.669,69.2593,73.2537,78.4366,90.4891,131.004,25.4535,13.4243,5.7639
31.800,-0.1553,1.0000,0.0000,6,235.57,2.08,2.04,-0.3243,-0.0017,14675.4,0.0,215.59,216.61,211.75,211.75,11.0555,21.8293,30.0977,40.0606,48.6247,53.8257,56.8735,59.7018,61.8222,64.0906,66.5368,69.1831,73.2719,78.595,91.0435,133.635,25.7529,13.5124,5.79056
31.819,-0.2242,1.0000,0.0000,6,235.87,2.28,2.04,-0.3219,0.0012,14701.1,0.0,215.37,217.03,212.12,212.12,11.0663,21.9408,30.3182,40.4277,49.1175,54.3911,57.4794,60.3505,62.5627,64.949,67.5292,70.3288,74.6722,80.3585,93.8002,141.367,25.211,13.4275,5.79364
31.844,-0.2652,1.0000,0.0000,6,236.11,3.07,2.04,-0.3201,0.0082,14730.9,0.0,214.97,217.36,212.55,212.55,11.125,22.2723,30.9329,41.4145,50.4156,55.8664,59.0618,62.1449,64.5573,67.1701,70.0096,73.1043,77.9385,84.3264,99.7001,157.391,23.8733,13.1511,5.7678
31.862,-0.2433,1.0000,0.0000,6,236.31,4.26,2.04,-0.3193,0.0180,14761.9,0.0,214.59,217.60,212.99,212.99,11.2242,22.7843,31.8718,42.9067,52.3638,58.088,61.6033,65.0586,67.7805,70.7458,73.9882,77.5485,83.1608,90.6783,109.25,185.654,22.2258,12.7517,5.71817
31.888,-0.2189,1.0000,0.0000,6,236.48,5.56,2.03,-0.3197,0.0288,14790.1,0.0,214.54,217.90,213.40,213.40,11.3477,23.396,32.9878,44.6696,54.6473,60.9115,64.8964,68.8485,71.9863,75.43,79.2261,83.4312,90.1407,99.2842,122.678,200.0,20.6789,12.3187,5.65443
31.906,-0.1971,1.0000,0.0000,6,236.65,6.65,2.02,-0.3214,0.0391,14812.8,0.0,214.71,218.11,213.74,213.74,11.4802,24.0276,34.1358,46.4682,57.0485,64.1031,68.6506,73.2061,76.8563,80.896,85.391,90.4218,98.5644,109.894,140.176,200.0,19.3925,11.9115,5.58443
31.931,-0.1773,1.0000,0.0000,6,236.82,7.40,2.01,-0.3245,0.0481,14833.0,0.0,215.00,218.22,214.03,214.03,11.6139,24.6345,35.2286,48.1623,59.5437,67.4817,72.6692,77.9236,82.1749,86.9234,92.2625,98.3081,108.252,122.429,162.382,200.0,18.3568,11.5469,5.51117
31.950,-0.1596,1.0000,0.0000,6,237.02,7.78,2.00,-0.3292,0.0556,14844.8,0.0,215.38,218.31,214.20,214.20,11.7444,25.1903,36.2154,49.6706,62.025,70.9106,76.8005,82.8339,87.7672,93.3335,99.6597,106.916,119.069,136.874,190.333,41.6143,17.5261,11.2252,5.43546
31.975,-0.1437,1.0000,0.0000,6,237.23,7.79,1.99,-0.3352,0.0614,14852.5,0.0,215.80,218.40,214.32,214.32,11.8699,25.6807,37.0666,50.9676,64.4024,74.2711,80.9061,87.7818,93.4643,99.9417,107.393,116.053,130.842,153.178,200.0,33.9341,16.8553,10.9411,5.35715
31.994,-0.1293,1.0000,0.0000,6,237.47,7.51,1.98,-0.3427,0.0657,14857.9,0.0,216.25,218.51,214.40,214.40,11.9903,26.1025,37.7753,52.1238,66.6255,77.4883,84.8948,92.659,99.1449,106.616,115.314,125.568,143.444,171.354,200.0,30.8466,16.3034,10.6862,5.27567
32.019,-0.1164,1.0000,0.0000,6,237.73,7.00,1.97,-0.3515,0.0687,14862.5,0.0,216.72,218.67,214.46,214.46,12.1052,26.4558,38.3417,53.1338,68.6542,80.4973,88.682,97.3591,104.685,113.213,123.264,135.283,156.697,191.344,200.0,28.9383,15.8422,10.4545,5.19093
32.037,-0.1047,1.0000,0.0000,6,238.00,6.39,1.94,-0.3615,0.0706,14873.7,0.0,217.18,218.88,214.62,214.62,12.2186,26.7646,38.8119,54.0621,70.5825,83.4185,92.4077,102.046,110.272,119.95,131.501,145.527,171.096,200.0,200.0,27.5406,15.4303,10.2327,5.10146
32.063,-0.0942,1.0000,0.0000,6,238.29,5.80,1.90,-0.3726,0.0721,14881.7,0.0,217.59,219.15,214.74,214.74,12.336,27.0613,39.2479,55.0135,72.5871,86.4962,96.3731,107.09,116.342,127.354,140.681,157.136,187.935,200.0,200.0,26.3424,15.0294,10.0077,5.00589
32.081,-0.0848,1.0000,0.0000,6,238.59,5.26,1.89,-0.3846,0.0733,14890.9,0.0,217.97,219.45,214.87,214.87,12.4576,27.3528,39.6631,56.0176,74.7223,89.8155,100.691,112.645,123.094,135.692,151.175,170.661,200.0,200.0,200.0,25.2608,14.6316,9.77754,4.90459
32.106,-0.0763,1.0000,0.0000,6,238.89,4.79,1.87,-0.3974,0.0742,14901.7,0.0,218.34,219.75,215.03,215.03,12.5826,27.6371,40.0566,57.0756,76.9967,93.3973,105.402,118.779,130.633,145.129,163.258,186.577,200.0,200.0,200.0,24.2715,14.2373,9.54311,4.79834
32.125,-0.0687,1.0000,0.0000,6,239.20,4.36,1.85,-0.4108,0.0747,14914.1,0.0,218.72,220.03,215.20,215.20,12.7067,27.8966,40.406,58.1266,79.3005,97.0899,110.322,125.281,138.73,155.427,176.709,200.0,200.0,200.0,200.0,23.405,13.8604,9.3116,4.68921
32.150,-0.0618,1.0000,0.0000,6,239.51,3.96,1.81,-0.4247,0.0746,14934.0,0.0,219.09,220.31,215.48,215.48,12.8296,28.1327,40.7489,59.1758,81.6447,100.914,115.483,132.205,147.471,166.739,191.816,200.0,200.0,200.0,200.0,22.631,13.4981,9.08247,4.57785
32.176,-0.0557,1.0000,0.0000,6,239.83,3.64,1.77,-0.4390,0.0745,14950.7,0.0,219.43,220.60,215.73,215.73,12.9526,28.3595,41.1177,60.2873,84.1542,105.066,121.159,139.936,157.371,179.786,200.0,200.0,200.0,200.0,116.741,21.8972,13.1397,8.85253,4.46448
32.194,-0.0501,1.0000,0.0000,6,240.15,3.36,1.74,-0.4535,0.0740,14965.4,0.0,219.78,220.90,215.94,215.94,13.0741,28.569,41.4985,61.4305,86.7756,109.481,127.279,148.415,168.406,194.639,200.0,200.0,200.0,200.0,80.4715,21.2157,12.7904,8.62453,4.35001
32.219,-0.0451,1.0000,0.0000,6,240.48,3.10,1.73,-0.4682,0.0731,14980.6,0.0,220.14,221.18,216.16,216.16,13.1909,28.7503,41.8699,62.5595,89.4193,114.023,133.677,157.451,180.383,200.0,200.0,200.0,200.0,200.0,64.8937,20.6065,12.4589,8.4028,4.236
32.237,-0.0406,1.0000,0.0000,6,240.81,2.84,1.69,-0.4829,0.0717,14996.6,0.0,220.51,221.44,216.39,216.39,13.2999,28.8886,42.2003,63.5979,91.9223,118.424,139.991,166.558,192.697,200.0,200.0,200.0,200.0,200.0,56.698,20.0949,12.1541,8.19158,4.12357
32.263,-0.0365,1.0000,0.0000,6,241.15,2.55,1.66,-0.4975,0.0698,15017.2,0.0,220.89,221.70,216.67,216.67,13.4004,28.9863,42.4919,64.547,94.2762,122.659,146.172,175.665,200.0,200.0,200.0,200.0,200.0,200.0,51.7328,19.6692,11.8749,7.99139,4.01358
32.281,-0.0329,1.0000,0.0000,6,241.47,2.33,1.59,-0.5118,0.0676,15041.4,0.0,221.22,221.99,217.04,217.04,13.4952,29.062,42.7832,65.4954,96.6633,127.029,152.649,185.397,200.0,200.0,200.0,200.0,200.0,200.0,48.1248,19.2848,11.6093,7.79786,3.90587
32.306,-0.0296,1.0000,0.0000,6,241.81,2.14,1.55,-0.5258,0.0652,15057.3,0.0,221.57,222.28,217.27,217.27,13.5833,29.1219,43.07,66.4314,99.0573,131.493,159.373,195.712,200.0,200.0,200.0,200.0,200.0,200.0,45.4031,18.9485,11.3604,7.61282,3.80128
32.325,-0.0266,1.0000,0.0000,6,242.15,1.95,1.53,-0.5395,0.0625,15074.2,0.0,221.92,222.57,217.51,217.51,13.6635,29.1783,43.3405,67.3255,101.39,135.929,166.167,200.0,200.0,200.0,200.0,200.0,200.0,149.842,43.3412,18.6702,11.1314,7.43789,3.70036
32.350,-0.0240,1.0000,0.0000,6,242.50,1.77,1.49,-0.5526,0.0595,15091.7,0.0,222.27,222.85,217.76,217.76,13.7336,29.2227,43.5767,68.1322,103.55,140.127,172.718,200.0,200.0,200.0,200.0,200.0,200.0,123.747,41.8391,18.4697,10.9288,7.27633,3.6043
32.369,-0.0216,1.0000,0.0000,6,242.84,1.58,1.45,-0.5652,0.0560,15110.1,0.0,222.63,223.13,218.03,218.03,13.7928,29.2525,43.7702,68.8277,105.47,143.949,178.79,200.0,200.0,200.0,200.0,200.0,200.0,108.736,40.7822,18.3592,10.7555,7.12979,3.51375
32.394,-0.0194,1.0000,0.0000,6,243.16,1.43,1.36,-0.5770,0.0524,15141.5,0.0,222.96,223.42,218.48,218.48,13.8432,29.2813,43.9539,69.4921,107.332,147.714,184.864,200.0,200.0,200.0,200.0,200.0,200.0,98.3371,39.8984,18.314,10.6051,6.99595,3.42889
32.413,-0.0175,1.0000,0.0000,6,243.51,1.30,1.30,-0.5881,0.0486,15157.4,0.0,223.29,223.72,218.71,218.71,13.8848,29.3108,44.132,70.1356,109.157,151.462,190.998,200.0,200.0,200.0,200.0,200.0,200.0,90.6258,39.1321,18.339,10.4781,6.87553,3.35005
32.437,-0.0157,1.0000,0.0000,6,243.85,1.18,1.28,-0.5984,0.0446,15174.5,0.0,223.63,224.02,218.96,218.96,13.9162,29.3339,44.2889,70.7194,110.847,154.995,196.872,200.0,200.0,200.0,200.0,200.0,200.0,84.9961,38.5252,18.4239,10.3807,6.77123,3.27816
32.456,-0.0141,1.0000,0.0000,6,244.19,1.06,1.23,-0.6078,0.0404,15192.2,0.0,223.96,224.31,219.21,219.21,13.9369,29.3507,44.424,71.2396,112.388,158.278,200.0,200.0,200.0,200.0,200.0,200.0,200.0,80.7903,38.0538,18.5125,10.3158,6.68441,3.21376
32.481,-0.0127,0.9919,0.0000,6,244.53,0.94,1.18,-0.6163,0.0359,15210.8,0.0,224.30,224.60,219.48,219.48,13.9465,29.3577,44.5301,71.677,113.725,161.184,200.0,200.0,200.0,200.0,200.0,200.0,179.039,77.7248,37.7235,18.6113,10.2879,6.61696,3.15739
32.500,-0.0115,0.9641,0.0000,6,244.85,0.84,1.08,-0.6238,0.0313,15241.9,0.0,224.62,224.89,219.93,219.93,13.9463,29.3636,44.6279,72.0856,114.988,163.968,200.0,200.0,200.0,200.0,200.0,200.0,162.871,75.2022,37.4392,18.7019,10.2949,6.56814,3.10922
32.525,-0.0103,0.9458,0.0000,6,245.17,0.77,1.00,-0.6302,0.0267,15246.0,0.0,224.93,225.18,219.99,219.99,13.9362,29.3703,44.7225,72.4791,116.216,166.702,200.0,200.0,200.0,200.0,200.0,200.0,150.462,73.0289,37.1777,18.7818,10.3394,6.53919,3.06982
32.544,-0.0093,0.9298,0.0000,6,245.47,0.70,0.97,-0.6355,0.0219,15253.8,0.0,225.23,225.45,220.10,220.10,13.9156,29.3731,44.803,72.8286,117.329,169.219,200.0,200.0,200.0,200.0,200.0,200.0,141.214,71.2832,36.9744,18.8623,10.4231,6.53254,3.03967
32.569,-0.0084,0.9147,0.0000,6,245.75,0.62,0.91,-0.6397,0.0169,15262.3,0.0,225.50,225.70,220.23,220.23,13.8913,29.3708,44.8671,73.1279,118.309,171.474,200.0,200.0,200.0,200.0,200.0,200.0,134.276,69.9114,36.8312,18.9463,10.5106,6.54979,3.01925
32.588,-0.0075,0.8995,0.0000,6,246.01,0.55,0.86,-0.6427,0.0118,15271.4,0.0,225.76,225.93,220.36,220.36,13.8671,29.3609,44.9084,73.3598,119.108,173.36,200.0,200.0,200.0,200.0,200.0,200.0,129.292,68.9269,36.7644,19.0404,10.5971,6.59361,3.00919
32.612,-0.0068,0.8728,0.0000,6,246.24,0.49,0.74,-0.6444,0.0067,15295.9,0.0,226.00,226.16,220.71,220.71,13.8446,29.3523,44.9494,73.5853,119.886,175.207,200.0,200.0,200.0,200.0,200.0,200.0,124.965,68.0268,36.6975,19.1261,10.6772,6.65285,3.00957
32.631,-0.0061,0.8587,0.0000,6,246.47,0.45,0.64,-0.6450,0.0015,15295.1,0.0,226.22,226.37,220.70,220.70,13.8241,29.3486,44.9988,73.8283,120.708,177.154,200.0,200.0,200.0,200.0,200.0,200.0,120.866,67.106,36.6021,19.196,10.749,6.70747,3.02052
32.656,-0.0055,0.8481,0.0000,6,246.68,0.42,0.60,-0.6443,-0.0037,15298.9,0.0,226.43,226.57,220.76,220.76,13.8045,29.3429,45.0401,74.0441,121.453,178.943,200.0,200.0,200.0,200.0,200.0,200.0,117.499,66.3365,36.5321,19.2658,10.8174,6.7592,3.04271
32.675,-0.0049,0.8383,0.0000,6,246.88,0.38,0.52,-0.6423,-0.0091,15304.2,0.0,226.62,226.74,220.83,220.83,13.7847,29.3307,45.0627,74.2048,122.045,180.406,200.0,200.0,200.0,200.0,200.0,198.438,115.04,65.8031,36.5185,19.3454,10.8863,6.80971,3.06884
32.700,-0.0044,0.8281,0.0000,6,247.07,0.33,0.43,-0.6393,-0.0106,15310.6,0.0,226.81,226.90,220.93,220.93,13.7649,29.3123,45.0678,74.3123,122.489,181.542,200.0,200.0,200.0,200.0,200.0,196.553,113.33,65.477,36.5564,19.4343,10.9557,6.85905,3.09381
32.719,-0.0040,0.8004,0.0000,6,247.22,0.29,0.23,-0.6363,-0.0102,15340.1,0.0,226.97,227.06,221.35,221.35,13.7457,29.2927,45.0673,74.4006,122.874,182.551,200.0,200.0,200.0,200.0,200.0,194.721,111.929,65.2262,36.6078,19.5226,11.0226,6.9063,3.11757
32.744,-0.0036,0.7910,0.0000,6,247.38,0.26,0.06,-0.6335,-0.0098,15332.3,0.0,227.12,227.21,221.25,221.25,13.7275,29.2754,45.0709,74.4972,123.28,183.796,200.0,200.0,200.0,200.0,200.0,192.876,110.521,64.9522,36.6446,19.6035,11.0858,6.95128,3.14037
32.763,-0.0032,0.7866,0.0000,6,247.53,0.24,-0.03,-0.6309,-0.0094,15331.3,0.0,227.26,227.35,221.23,221.23,13.7106,29.2611,45.0797,74.6044,123.71,200.0,200.0,200.0,200.0,200.0,199.568,191.017,109.093,64.6477,36.6628,19.6751,11.144,6.99329,3.16189
32.788,-0.0029,0.7823,0.0000,6,247.67,0.23,-0.11,-0.6283,-0.0090,15333.7,0.0,227.40,227.47,221.26,221.26,13.6939,29.2447,45.0814,74.6892,124.075,200.0,200.0,200.0,200.0,200.0,197.836,189.218,107.949,64.4241,36.7003,19.7492,11.2015,7.03426,3.18266
32.812,-0.0026,0.7774,0.0000,6,247.80,0.20,-0.22,-0.6259,-0.0087,15337.2,0.0,227.53,227.59,221.31,221.31,13.677,29.2235,45.0698,74.7333,124.323,200.0,200.0,200.0,200.0,200.0,196.166,187.528,107.228,64.3354,36.7749,19.8309,11.2598,7.07464,3.20267
32.831,-0.0024,0.7543,0.0000,6,247.91,0.17,-0.41,-0.6235,-0.0085,15364.4,0.0,227.64,227.70,221.70,221.70,13.6605,29.2022,45.0568,74.7722,124.555,200.0,200.0,200.0,200.0,200.0,194.506,185.857,106.58,64.2643,36.8519,19.9118,11.3172,7.11425,3.22227
32.856,-0.0021,0.7468,0.0000,6,248.02,0.17,-0.60,-0.6212,-0.0082,15357.4,0.0,227.75,227.80,221.61,221.61,13.6449,29.1824,45.0455,74.8118,124.782,200.0,200.0,200.0,200.0,198.7,192.852,184.198,105.959,64.1893,36.9212,19.9869,11.3709,7.15148,3.24073
32.875,-0.0019,0.7452,0.0000,6,248.13,0.15,-0.70,-0.6190,-0.0080,15354.1,0.0,227.85,227.90,221.56,221.56,13.6293,29.1607,45.0284,74.8337,124.958,200.0,200.0,200.0,200.0,197.059,191.227,182.589,105.511,64.1702,37.0056,20.0649,11.4247,7.18828,3.25879
32.900,-0.0017,0.7440,0.0000,6,248.23,0.13,-0.76,-0.6169,-0.0078,15354.4,0.0,227.95,227.99,221.56,221.56,13.6139,29.1387,45.01,74.8504,125.118,200.0,200.0,200.0,200.0,195.426,189.611,181.0,105.121,64.167,37.0928,20.1425,11.4778,7.22453,3.27653
32.919,-0.0015,0.7418,0.0000,6,248.32,0.12,-0.85,-0.6148,-0.0076,15356.5,0.0,228.04,228.08,221.59,221.59,13.5986,29.1158,44.9887,74.8582,125.252,200.0,200.0,200.0,198.462,193.803,188.01,179.439,104.817,64.1907,37.1871,20.2212,11.5308,7.26041,3.294
32.944,-0.0014,0.7268,0.0000,6,248.40,0.11,-0.97,-0.6128,-0.0074,15374.9,0.0,228.12,228.16,221.85,221.85,13.5842,29.0948,44.9702,74.8703,125.392,200.0,200.0,200.0,196.823,192.18,186.41,177.879,104.496,64.1984,37.2708,20.294,11.5803,7.29414,3.31049
32.963,-0.0013,0.7204,0.0000,6,248.48,0.10,-1.12,-0.6108,-0.0073,15372.5,0.0,228.20,228.23,221.83,221.83,13.5699,29.0726,44.9478,74.8694,125.493,200.0,200.0,199.151,195.198,190.573,184.829,176.356,104.291,64.2448,37.3648,20.3684,11.6296,7.32736,3.32658
32.987,-0.0011,0.7191,0.0000,6,248.56,0.09,-1.20,-0.6089,-0.0072,15369.5,0.0,228.28,228.30,221.78,221.78,13.5552,29.0473,44.9173,74.845,125.527,200.0,200.0,197.53,193.593,188.99,183.283,174.894,104.281,64.3621,37.4815,20.4487,11.6804,7.36097,3.34257
33.006,-0.0010,0.7181,0.0000,6,248.63,0.08,-1.23,-0.6072,-0.0071,15369.8,0.0,228.34,228.36,221.79,221.79,13.5421,29.0239,44.888,74.8174,125.54,200.0,200.0,196.06,192.139,187.559,181.885,173.58,104.319,64.4837,37.5911,20.522,11.7263,7.39112,3.35686
33.025,-0.0009,0.7168,0.0000,6,248.69,0.07,-1.30,-0.6055,-0.0070,15370.9,0.0,228.40,228.42,221.80,221.80,13.5289,29.0002,44.8577,74.7864,125.543,200.0,199.319,194.593,190.688,186.131,180.493,172.276,104.385,64.6148,37.703,20.5954,11.7719,7.42103,3.37099
33.044,-0.0008,0.7135,0.0000,6,248.75,0.06,-1.34,-0.6038,-0.0069,15374.3,0.0,228.46,228.47,221.84,221.84,13.5159,28.9766,44.8273,74.7544,125.542,200.0,197.836,193.127,189.239,184.705,179.104,170.975,104.46,64.7477,37.8148,20.6684,11.8172,7.45073,3.385
33.063,-0.0007,0.7025,0.0000,6,248.80,0.05,-1.48,-0.6022,-0.0068,15386.6,0.0,228.50,228.52,222.03,222.03,13.5032,28.954,44.7991,74.728,125.556,200.0,196.35,191.658,187.786,183.274,177.709,169.664,104.493,64.8624,37.9192,20.7386,11.8612,7.47972,3.39876
33.087,-0.0007,0.7001,0.0000,6,248.85,0.05,-1.55,-0.6006,-0.0067,15381.7,0.0,228.55,228.58,221.96,221.96,13.4907,28.9321,44.7724,74.7058,125.581,199.464,194.861,190.185,186.33,181.84,176.31,168.346,104.493,64.9637,38.0187,20.8071,11.9046,7.50842,3.41243
33.106,-0.0006,0.6991,0.0000,6,248.90,0.05,-1.59,-0.5990,-0.0066,15381.3,0.0,228.60,228.62,221.95,221.95,13.4784,28.9111,44.7473,74.6868,125.614,197.96,193.37,188.711,184.871,180.404,174.908,167.024,104.471,65.0535,38.1128,20.8732,11.9467,7.53639,3.42579
33.125,-0.0005,0.6983,0.0000,6,248.95,0.05,-1.63,-0.5974,-0.0065,15381.6,0.0,228.64,228.67,221.96,221.96,13.4662,28.8902,44.7223,74.6681,125.648,196.456,191.879,187.236,183.413,178.969,173.507,165.702,104.447,65.1421,38.2063,20.939,11.9888,7.56433,3.43914
33.144,-0.0005,0.6972,0.0000,6,249.00,0.05,-1.67,-0.5958,-0.0064,15382.5,0.0,228.69,228.71,221.97,221.97,13.4542,28.8695,44.6975,74.649,125.68,194.952,190.388,185.762,181.956,177.534,172.108,164.384,104.429,65.2307,38.2985,21.0037,12.0301,7.59174,3.45224
33.163,-0.0004,0.6902,0.0000,6,249.03,0.05,-1.73,-0.5942,-0.0064,15391.0,0.0,228.73,228.74,222.08,222.08,13.4417,28.8453,44.6642,74.6055,125.641,193.46,188.912,184.306,180.519,176.124,170.74,163.116,104.6,65.3926,38.4157,21.0758,12.0738,7.62003,3.46546
33.187,-0.0004,0.6867,0.0000,6,249.07,0.04,-1.80,-0.5927,-0.0064,15390.5,0.0,228.77,228.77,222.09,222.09,13.4287,28.8179,44.6222,74.5374,125.532,191.981,187.451,182.867,179.101,174.737,169.403,161.897,104.965,65.6289,38.558,21.1551,12.1195,7.64904,3.47871
33.206,-0.0004,0.6857,0.0000,6,249.11,0.03,-1.84,-0.5911,-0.0064,15389.3,0.0,228.81,228.81,222.07,222.07,13.4156,28.7895,44.5778,74.4614,125.399,190.506,185.994,181.433,177.691,173.359,168.075,160.691,105.394,65.8891,38.7077,21.2361,12.1656,7.67801,3.49183
33.225,-0.0003,0.6850,0.0000,6,249.14,0.02,-1.86,-0.5896,-0.0064,15389.5,0.0,228.84,228.84,222.07,222.07,13.4026,28.7609,44.5326,74.3835,125.261,189.031,184.538,180.001,176.281,171.981,166.749,159.485,105.837,66.1552,38.8594,21.3178,12.2119,7.70706,3.50497
33.244,-0.0003,0.6843,0.0000,6,249.18,0.01,-1.89,-0.5881,-0.0064,15389.9,0.0,228.87,228.87,222.07,222.07,13.3896,28.7326,44.4881,74.3067,125.125,187.556,183.081,178.567,174.871,170.603,165.421,158.275,106.274,66.4175,39.0094,21.3985,12.2577,7.73583,3.51799
33.263,-0.0003,0.6834,0.0000,6,249.21,0.01,-1.90,-0.5866,-0.0064,15390.6,0.0,228.90,228.90,222.09,222.09,13.3769,28.7048,44.4445,74.2322,124.994,186.078,181.623,177.132,173.459,169.223,164.091,157.058,106.696,66.6731,39.1561,21.4778,12.3028,7.76417,3.53082
33.288,-0.0002,0.6789,0.0000,6,249.23,0.00,-1.94,-0.5851,-0.0064,15396.0,0.0,228.93,228.93,222.16,222.16,13.3642,28.6773,44.4015,74.1591,124.868,184.6,180.163,175.696,172.046,167.841,162.759,155.837,107.107,66.9242,39.3013,21.5567,12.3477,7.79245,3.54364
33.306,-0.0002,0.6770,0.0000,6,249.26,0.00,-1.97,-0.5836,-0.0064,15395.2,0.0,228.95,228.95,222.15,222.15,13.3515,28.6499,44.3588,74.087,124.744,183.121,178.703,174.259,170.631,166.459,161.426,154.611,107.509,67.172,39.4454,21.6352,12.3925,7.82068,3.55646
33.325,-0.0002,0.6760,0.0000,6,249.29,0.00,-1.99,-0.5821,-0.0064,15395.1,0.0,228.98,228.98,222.15,222.15,13.3389,28.6228,44.3167,74.0163,124.624,181.64,177.241,172.821,169.216,165.075,160.091,153.381,107.903,67.4154,39.5874,21.7128,12.4369,7.84863,3.56916
33.344,-0.0002,0.6752,0.0000,6,249.31,0.00,-2.00,-0.5806,-0.0064,15395.5,0.0,229.00,229.00,222.16,222.16,13.3266,28.5962,44.2755,73.9471,124.507,180.158,175.778,171.382,167.8,163.69,158.754,152.147,108.286,67.6539,39.7268,21.7891,12.4805,7.87616,3.58167
33.369,-0.0002,0.6743,0.0000,6,249.34,0.00,-2.00,-0.5792,-0.0064,15396.0,0.0,229.02,229.02,222.16,222.16,13.3142,28.5697,44.2344,73.8784,124.39,178.676,174.315,169.942,166.383,162.305,157.417,150.91,108.667,67.8908,39.8657,21.8651,12.524,7.90363,3.59415
33.388,-0.0001,0.6731,0.0000,6,249.36,0.00,-2.00,-0.5777,-0.0064,15397.0,0.0,229.04,229.04,222.18,222.18,13.3019,28.5432,44.1933,73.8097,124.274,177.192,172.851,168.502,164.966,160.92,156.08,149.671,109.046,68.1278,40.0046,21.9413,12.5677,7.93114,3.60666
33.406,-0.0001,0.6716,0.0000,6,249.38,-0.00,-2.00,-0.5762,-0.0064,15398.2,0.0,229.06,229.06,222.20,222.20,13.2895,28.5167,44.1522,73.741,124.159,175.709,171.387,167.062,163.549,159.534,154.743,148.43,109.425,68.3643,40.1436,22.0174,12.6113,7.95866,3.61917
33.425,-0.0001,0.6701,0.0000,6,249.40,-0.00,-2.00,-0.5748,-0.0064,15399.0,0.0,229.08,229.08,222.21,222.21,13.2772,28.4903,44.1114,73.6728,124.044,174.225,169.923,165.622,162.132,158.148,153.404,147.187,109.802,68.5995,40.2817,22.0932,12.6546,7.98604,3.63163
33.444,-0.0001,0.6690,0.0000,6,249.42,-0.00,-2.00,-0.5733,-0.0064,15399.4,0.0,229.10,229.10,222.21,222.21,13.2652,28.4645,44.0714,73.6059,123.931,172.739,168.457,164.18,160.714,156.762,152.065,145.941,110.171,68.8302,40.4171,22.1675,12.6972,8.0129,3.64384
33.463,-0.0001,0.6679,0.0000,6,249.44,-0.00,-1.99,-0.5719,-0.0064,15400.0,0.0,229.12,229.12,222.22,222.22,13.2528,28.4379,44.0302,73.5372,123.816,171.254,166.992,162.739,159.296,155.375,150.726,144.695,110.55,69.0671,40.5562,22.2438,12.7409,8.04047,3.65638
33.488,-0.0001,0.6670,0.0000,6,249.45,-0.00,-1.97,-0.5703,-0.0064,15400.5,0.0,229.13,229.13,222.23,222.23,13.2399,28.4102,43.9874,73.4657,123.695,169.768,165.527,161.299,157.879,153.99,149.389,143.449,110.945,69.3138,40.7011,22.3232,12.7864,8.06919,3.66944
33.506,-0.0001,0.6672,0.0000,6,249.47,-0.00,-1.95,-0.5688,-0.0064,15399.5,0.0,229.15,229.15,222.22,222.22,13.227,28.3826,43.9446,73.3943,123.575,168.282,164.061,159.858,156.462,152.605,148.051,142.202,111.339,69.5599,40.8456,22.4025,12.8318,8.09785,3.68247
33.525,-0.0001,0.6668,0.0000,6,249.48,-0.00,-1.92,-0.5673,-0.0064,15400.2,0.0,229.16,229.16,222.22,222.22,13.2142,28.355,43.9019,73.3229,123.455,166.796,162.595,158.417,155.045,151.22,146.714,140.952,111.733,69.8061,40.9902,22.4818,12.8772,8.1265,3.6955
33.544,-0.0001,0.6657,0.0000,6,249.50,-0.00,-1.90,-0.5658,-0.0064,15401.4,0.0,229.18,229.18,222.24,222.24,13.2013,28.3274,43.8592,73.2515,123.335,165.309,161.129,156.976,153.627,149.835,145.376,139.702,112.127,70.0522,41.1347,22.5611,12.9226,8.15516,3.70853
33.563,-0.0001,0.6640,0.0000,6,249.51,-0.00,-1.88,-0.5642,-0.0064,15402.8,0.0,229.19,229.19,222.26,222.26,13.1885,28.2998,43.8164,73.1802,123.214,163.822,159.663,155.535,152.21,148.449,144.037,138.45,112.521,70.2984,41.2792,22.6403,12.968,8.18382,3.72156
33.588,-0.0000,0.6627,0.0000,6,249.52,-0.00,-1.84,-0.5627,-0.0064,15403.3,0.0,229.20,229.20,222.27,222.27,13.1758,28.2727,43.7745,73.1101,123.096,162.333,158.195,154.092,150.792,147.063,142.698,137.195,112.908,70.5401,41.4212,22.7182,13.0126,8.21195,3.73436
33.606,-0.0000,0.6617,0.0000,6,249.53,-0.00,-1.81,-0.5613,-0.0064,15403.7,0.0,229.21,229.21,222.28,222.28,13.1633,28.2457,43.7327,73.0403,122.979,160.844,156.727,152.65,149.373,145.677,141.358,135.938,113.293,70.7806,41.5624,22.7956,13.057,8.23996,3.74709
33.625,-0.0000,0.6641,0.0000,6,249.54,-0.00,-1.74,-0.5598,-0.0064,15399.8,0.0,229.22,229.22,222.22,222.22,13.1507,28.2187,43.6909,72.9706,123.022,159.354,155.259,151.207,147.955,144.29,140.018,134.68,113.678,71.0212,41.7037,22.8731,13.1014,8.26796,3.75983
33.644,-0.0000,0.6641,0.0000,6,249.56,-0.00,-1.69,-0.5583,-0.0064,15401.5,0.0,229.23,229.23,222.24,222.24,13.1381,28.1918,43.6492,72.9008,124.221,157.864,153.79,149.764,146.536,142.904,138.678,133.421,114.063,71.2618,41.8449,22.9506,13.1458,8.29597,3.77257
33.663,-0.0000,0.6624,0.0000,6,249.56,-0.00,-1.65,-0.5568,-0.0064,15403.8,0.0,229.24,229.24,222.28,222.28,13.1255,28.1648,43.6074,72.831,162.879,156.373,152.321,148.321,145.118,141.518,137.338,132.161,114.448,71.5023,41.9862,23.0281,13.1901,8.32397,3.7853
33.688,-0.0000,0.6603,0.0000,6,249.57,-0.00,-1.61,-0.5553,-0.0064,15405.3,0.0,229.25,229.25,222.30,222.30,13.113,28.1378,43.5656,72.7613,161.361,154.882,150.852,146.878,143.699,140.131,135.998,130.9,114.833,71.7429,42.1275,23.1055,13.2345,8.35198,3.79804
33.706,-0.0000,0.6589,0.0000,6,249.58,-0.00,-1.56,-0.5538,-0.0064,15405.7,0.0,229.25,229.25,222.30,222.30,13.1003,28.1106,43.5235,72.6909,159.843,153.39,149.383,145.435,142.28,138.745,134.658,129.638,115.222,71.9855,42.27,23.1837,13.2793,8.38023,3.81088
33.725,-0.0000,0.6620,0.0000,6,249.59,-0.00,-1.49,-0.5523,-0.0064,15400.5,0.0,229.26,229.26,222.24,222.24,13.0877,28.0836,43.4817,72.6211,158.323,151.898,147.913,143.991,140.862,137.359,133.317,128.374,115.387,72.2261,42.4112,23.2612,13.3237,8.40823,3.82362
33.744,-0.0000,0.6637,0.0000,6,249.60,-0.00,-1.39,-0.5508,-0.0064,15400.6,0.0,229.27,229.27,222.23,222.23,13.0751,28.0566,43.4399,72.5514,156.803,150.405,146.442,142.548,139.443,135.972,131.977,127.109,115.002,72.4667,42.5525,23.3387,13.368,8.43624,3.83635
33.763,-0.0000,0.6626,0.0000,6,249.60,-0.00,-1.31,-0.5493,-0.0064,15403.2,0.0,229.28,229.28,222.27,222.27,13.0626,28.0297,43.3982,72.4816,155.282,148.912,144.972,141.104,138.024,134.586,130.636,125.843,114.398,72.7072,42.6937,23.4161,13.4124,8.46424,3.84909
33.788,-0.0000,0.6596,0.0000,6,249.61,-0.00,-1.28,-0.5478,-0.0064,15406.4,0.0,229.28,229.28,222.31,222.31,13.05,28.0027,43.3564,72.4118,153.76,147.418,143.501,139.66,136.605,133.199,129.295,124.576,113.677,72.9478,42.835,23.4936,13.4568,8.49225,3.86182
33.806,-0.0000,0.6571,0.0000,6,249.62,-0.00,-1.20,-0.5463,-0.0064,15407.6,0.0,229.29,229.29,222.33,222.33,13.0374,27.9757,43.3146,72.3421,152.237,145.924,142.03,138.216,135.186,131.813,127.954,123.308,112.879,73.1881,42.9762,23.5711,13.5012,8.52025,3.87456
33.825,-0.0000,0.6558,0.0000,6,249.62,-0.00,-1.14,-0.5448,-0.0064,15407.5,0.0,229.29,229.29,222.33,222.33,13.025,27.949,43.2733,72.2731,150.713,144.429,140.558,136.771,133.766,130.426,126.612,122.039,112.024,73.4261,43.116,23.6478,13.5451,8.548,3.88718
33.844,-0.0000,0.6619,0.0000,6,249.63,-0.00,-1.01,-0.5434,-0.0064,15398.3,0.0,229.30,229.30,222.20,222.20,13.0124,27.922,43.2315,72.2033,149.188,142.934,139.087,135.327,132.347,129.04,125.271,120.769,111.128,73.6669,43.2574,23.7253,13.5895,8.57601,3.89992
33.863,-0.0000,0.6633,0.0000,6,249.63,-0.00,-0.89,-0.5419,-0.0064,15401.0,0.0,229.31,229.31,222.24,222.24,13.0,27.8954,43.1903,72.1345,147.662,141.437,137.614,133.882,130.927,127.652,123.929,119.497,110.196,73.9041,43.3967,23.8017,13.6333,8.60363,3.91247
33.888,-0.0000,0.6612,0.0000,6,249.64,-0.00,-0.81,-0.5404,-0.0064,15404.8,0.0,229.31,229.31,222.29,222.29,12.9877,27.869,43.1495,72.0664,146.134,139.94,136.14,132.436,129.507,126.265,122.586,118.224,109.236,74.1391,43.5346,23.8774,13.6766,8.63099,3.92492
33.906,-0.0000,0.6576,0.0000,6,249.64,-0.00,-0.75,-0.5390,-0.0064,15408.1,0.0,229.31,229.31,222.34,222.34,12.9754,27.8427,43.1087,71.9982,144.606,138.442,134.666,130.99,128.086,124.877,121.243,116.949,108.252,74.374,43.6726,23.9531,13.72,8.65834,3.93735
33.925,-0.0000,0.6551,0.0000,6,249.64,-0.00,-0.65,-0.5375,-0.0064,15408.8,0.0,229.31,229.31,222.35,222.35,12.963,27.8161,43.0676,71.9296,143.077,136.943,133.192,129.544,126.666,123.49,119.901,115.675,107.249,74.6109,43.8116,24.0294,13.7637,8.68593,3.9499
33.944,-0.0000,0.6585,0.0000,6,249.65,0.00,-0.56,-0.5360,-0.0064,15402.4,0.0,229.31,229.31,222.28,222.28,12.9508,27.7898,43.0268,71.8615,141.547,135.444,131.718,128.097,125.246,122.102,118.557,114.399,106.228,74.8454,43.9495,24.105,13.807,8.71328,3.96234
33.963,-0.0000,0.6638,0.0000,6,249.65,-0.00,-0.39,-0.5346,-0.0064,15397.8,0.0,229.32,229.32,222.19,222.19,12.9385,27.7634,42.986,71.7933,140.015,133.945,130.243,126.651,123.825,120.714,117.214,113.122,105.193,75.0808,44.0876,24.1807,13.8504,8.74064,3.97478
33.988,-0.0000,0.6637,0.0000,6,249.65,-0.00,-0.25,-0.5331,-0.0064,15401.8,0.0,229.32,229.32,222.25,222.25,12.9262,27.7371,42.9452,71.7251,138.483,132.444,128.768,125.204,122.404,119.327,115.871,111.844,104.144,75.3158,44.2256,24.2564,13.8937,8.768,3.98722
34.006,-0.0000,0.6598,0.0000,6,249.66,-0.00,-0.17,-0.5317,-0.0064,15407.0,0.0,229.33,229.33,222.32,222.32,12.9139,27.7107,42.9044,71.657,136.95,130.943,127.292,123.757,120.984,117.939,114.527,110.566,103.083,75.5508,44.3636,24.3321,13.9371,8.79535,3.99966
34.025,-0.0000,0.6557,0.0000,6,249.66,-0.00,-0.11,-0.5302,-0.0064,15409.6,0.0,229.33,229.33,222.36,222.36,12.9016,27.6844,42.8636,71.5889,135.415,129.442,125.816,122.31,119.563,116.551,113.184,109.287,102.011,75.7857,44.5015,24.4077,13.9804,8.8227,4.0121
34.044,-0.0000,0.6531,0.0000,6,249.66,0.00,-0.06,-0.5288,-0.0064,15410.0,0.0,229.33,229.33,222.37,222.37,12.8895,27.6583,42.8232,71.5214,133.88,127.94,124.339,120.863,118.142,115.163,111.839,108.007,100.928,76.0181,44.6381,24.4827,14.0234,8.84981,4.02443
34.063,-0.0000,0.6588,0.0000,6,249.66,0.00,0.03,-0.5273,-0.0064,15400.5,0.0,229.33,229.33,222.23,222.23,12.8772,27.6319,42.7824,71.4532,132.344,126.437,122.863,119.416,116.721,113.776,110.496,106.726,99.8375,76.2534,44.7762,24.5584,14.0667,8.87717,4.03687
34.088,-0.0000,0.6604,0.0000,6,249.66,-0.00,0.14,-0.5259,-0.0064,15402.6,0.0,229.33,229.33,222.26,222.26,12.8649,27.6056,42.7416,71.3851,130.806,124.934,121.385,117.968,115.3,112.388,109.152,105.445,98.7382,76.4883,44.9142,24.6341,14.1101,8.90453,4.04931
34.107,-0.0000,0.6586,0.0000,6,249.66,-0.00,0.21,-0.5244,-0.0064,15406.1,0.0,229.33,229.33,222.31,222.31,12.8526,27.5792,42.7008,71.3169,129.268,123.43,119.908,116.52,113.879,111.0,107.808,104.162,97.6312,76.7233,45.0522,24.7098,14.1534,8.93188,4.06175
34.125,-0.0000,0.6554,0.0000,6,249.66,-0.00,0.23,-0.5230,-0.0064,15409.1,0.0,229.33,229.33,222.35,222.35,12.8403,27.5528,42.66,71.2488,127.729,121.926,118.43,115.072,112.458,109.613,106.464,102.879,96.517,76.9583,45.1902,24.7854,14.1968,8.95923,4.07419
34.144,-0.0000,0.6534,0.0000,6,249.66,-0.00,0.25,-0.5215,-0.0064,15409.5,0.0,229.33,229.33,222.36,222.36,12.828,27.5263,42.6188,71.18,126.188,120.421,116.952,113.624,111.037,108.225,105.12,101.596,95.3967,77.1954,45.3294,24.8618,14.2405,8.98683,4.08674
34.163,-0.0000,0.6524,0.0000,6,249.65,-0.00,0.26,-0.5200,-0.0064,15409.3,0.0,229.33,229.33,222.36,222.36,12.8157,27.4999,42.578,71.1119,124.647,118.915,115.473,112.176,109.616,106.838,103.775,100.312,94.2698,77.4303,45.4674,24.9375,14.2838,9.01419,4.09918
34.188,-0.0000,0.6557,0.0000,6,249.65,-0.00,0.31,-0.5186,-0.0064,15404.1,0.0,229.33,229.33,222.28,222.28,12.8034,27.4736,42.5372,71.0438,123.104,117.408,113.994,110.728,108.195,105.45,102.431,99.0271,93.137,77.6653,45.6054,25.0131,14.3272,9.04154,4.11162
34.207,-0.0000,0.6559,0.0000,6,249.65,-0.00,0.35,-0.5171,-0.0064,15406.3,0.0,229.32,229.32,222.31,222.31,12.7911,27.4472,42.4964,70.9756,121.56,115.901,112.515,109.279,106.773,104.062,101.086,97.7415,91.9989,77.9003,45.7433,25.0888,14.3705,9.0689,4.12406
34.225,-0.0000,0.6549,0.0000,6,249.65,-0.00,0.36,-0.5157,-0.0064,15407.8,0.0,229.32,229.32,222.33,222.33,12.7788,27.4209,42.4556,70.9075,120.015,114.394,111.035,107.83,105.352,102.675,99.7416,96.4552,90.8557,78.1352,45.8813,25.1645,14.4139,9.09625,4.1365
34.244,-0.0000,0.6539,0.0000,6,249.64,0.00,0.38,-0.5142,-0.0064,15408.4,0.0,229.32,229.32,222.34,222.34,12.7665,27.3945,42.4148,70.8393,118.469,112.885,109.555,106.381,103.93,101.287,98.3968,95.1684,89.7077,78.3702,46.0193,25.2402,14.4572,9.12361,4.14894
34.269,-0.0000,0.6535,0.0000,6,249.64,0.00,0.41,-0.5128,-0.0064,15408.2,0.0,229.31,229.31,222.34,222.34,12.7544,27.3684,42.3744,70.7718,116.921,111.376,108.074,104.932,102.509,99.8991,97.0516,93.8804,88.5547,78.3295,46.156,25.3152,14.5002,9.15072,4.16126
34.287,-0.0000,0.6563,0.0000,6,249.64,0.00,0.45,-0.5113,-0.0064,15404.2,0.0,229.31,229.31,222.29,222.29,12.7421,27.342,42.3336,70.7037,115.373,109.866,106.593,103.483,101.087,98.5114,95.7066,92.5922,87.3978,77.951,46.294,25.3909,14.5435,9.17807,4.1737
34.307,-0.0000,0.6579,0.0000,6,249.64,0.00,0.51,-0.5098,-0.0064,15404.1,0.0,229.31,229.31,222.28,222.28,12.7298,27.3157,42.2928,70.6355,113.823,108.356,105.111,102.033,99.6656,97.1237,94.3616,91.3035,86.237,77.4053,46.432,25.4665,14.5869,9.20543,4.18614
34.325,-0.0000,0.6577,0.0000,6,249.63,0.00,0.55,-0.5084,-0.0064,15405.5,0.0,229.31,229.31,222.30,222.30,12.7175,27.2893,42.252,70.5674,112.272,106.844,103.629,100.583,98.244,95.7361,93.0164,90.0141,85.0722,76.7551,46.57,25.5422,14.6302,9.23278,4.19858
34.344,-0.0000,0.6563,0.0000,6,249.63,0.00,0.58,-0.5069,-0.0064,15407.3,0.0,229.31,229.31,222.33,222.33,12.7053,27.263,42.2112,70.4992,110.72,105.333,102.147,99.1333,96.8223,94.3484,91.6711,88.7241,83.9036,76.0312,46.7079,25.6179,14.6736,9.26014,4.21102
34.369,-0.0000,0.6552,0.0000,6,249.63,0.00,0.61,-0.5055,-0.0064,15407.6,0.0,229.31,229.31,222.33,222.33,12.693,27.2366,42.1704,70.4311,109.166,103.82,100.664,97.6832,95.4005,92.9608,90.3258,87.4335,82.7315,75.2514,46.8459,25.6936,14.7169,9.28749,4.22346
34.388,-0.0000,0.6547,0.0000,6,249.63,0.00,0.64,-0.5040,-0.0064,15407.6,0.0,229.30,229.30,222.33,222.33,12.6803,27.2094,42.1282,70.4409,107.613,102.308,99.1823,96.2343,93.9801,91.5746,88.9819,86.1441,81.5579,74.4306,46.9884,25.7717,14.7617,9.31574,4.23631
34.407,-0.0000,0.6577,0.0000,6,249.63,0.00,0.69,-0.5025,-0.0064,15403.2,0.0,229.30,229.30,222.27,222.27,12.6677,27.1824,42.0864,70.7858,106.057,100.795,97.6998,94.7849,92.5594,90.1882,87.6376,84.8538,80.3806,73.573,47.1297,25.8492,14.8061,9.34375,4.24904
34.425,-0.0000,0.6584,0.0000,6,249.63,0.00,0.75,-0.5010,-0.0064,15404.4,0.0,229.30,229.30,222.28,222.28,12.6551,27.1555,42.0447,72.0251,104.501,99.2812,96.2169,93.3352,91.1386,88.8017,86.2933,83.5629,79.2001,72.6857,47.2709,25.9267,14.8504,9.37175,4.26178
34.444,-0.0000,0.6577,0.0000,6,249.62,0.00,0.78,-0.4995,-0.0064,15405.9,0.0,229.30,229.30,222.31,222.31,12.6426,27.1285,42.0029,111.779,102.943,97.7668,94.7334,91.8855,89.7178,87.4153,84.9487,82.2714,78.0167,71.773,47.4122,26.0041,14.8948,9.39976,4.27451
34.462,-0.0000,0.6562,0.0000,6,249.62,0.00,0.80,-0.4980,-0.0064,15407.4,0.0,229.30,229.30,222.33,222.33,12.63,27.1015,41.9611,110.171,101.384,96.2515,93.2496,90.4356,88.297,86.0289,83.6041,80.9794,76.8303,70.8384,47.5534,26.0816,14.9392,9.42776,4.28725
34.487,-0.0000,0.6553,0.0000,6,249.62,0.00,0.83,-0.4965,-0.0064,15407.4,0.0,229.30,229.30,222.33,222.33,12.6175,27.0748,41.9197,108.56,99.823,94.7353,91.7651,88.9851,86.8758,84.6422,82.2592,79.6865,75.6408,69.8841,47.6935,26.1584,14.9832,9.45552,4.29987
34.507,-0.0000,0.6568,0.0000,6,249.62,0.00,0.86,-0.4950,-0.0064,15404.9,0.0,229.29,229.29,222.30,222.30,12.605,27.0478,41.8779,106.947,98.261,93.2185,90.2803,87.5348,85.4548,83.2558,80.9144,78.3936,74.449,68.9132,47.8347,26.2359,15.0276,9.48353,4.31261
34.525,-0.0000,0.6588,0.0000,6,249.62,0.00,0.92,-0.4935,-0.0064,15403.2,0.0,229.29,229.29,222.27,222.27,12.5924,27.0208,41.8362,105.331,96.6975,91.7009,88.7951,86.0842,84.0337,81.8694,79.5695,77.1,73.2546,67.9268,47.976,26.3134,15.0719,9.51154,4.32535
34.544,-0.0000,0.6589,0.0000,6,249.62,0.00,0.97,-0.4921,-0.0064,15404.6,0.0,229.29,229.29,222.29,222.29,12.5798,26.9938,41.7944,103.712,95.1326,90.1824,87.3094,84.6335,82.6125,80.4829,78.2246,75.8058,72.0578,66.9266,48.1172,26.3908,15.1163,9.53954,4.33808
34.569,-0.0000,0.6576,0.0000,6,249.62,0.00,0.99,-0.4906,-0.0064,15406.4,0.0,229.29,229.29,222.31,222.31,12.5673,26.9668,41.7526,102.091,93.5662,88.6631,85.8233,83.1825,81.1914,79.0965,76.8795,74.5113,70.8585,65.9139,48.2585,26.4683,15.1607,9.56755,4.35082
34.588,-0.0000,0.6563,0.0000,6,249.61,0.00,1.02,-0.4891,-0.0064,15407.2,0.0,229.29,229.29,222.32,222.32,12.5547,26.9399,41.7109,100.467,91.9983,87.143,84.3367,81.7313,79.7701,77.71,75.5343,73.2162,69.657,64.8897,48.3997,26.5458,15.2051,9.59555,4.36355
34.607,-0.0000,0.6558,0.0000,6,249.61,0.00,1.05,-0.4876,-0.0064,15406.9,0.0,229.29,229.29,222.32,222.32,12.542,26.9127,41.6687,98.8399,90.4291,85.6223,82.8498,80.2802,78.3491,76.3239,74.1894,71.921,68.4535,63.8556,48.5422,26.6239,15.2498,9.6238,4.3764
34.625,-0.0000,0.3607,0.0000,6,249.61,0.00,1.09,-0.4861,-0.0064,15402.7,0.0,229.29,229.29,222.26,222.26,12.5294,26.8857,41.6269,97.2099,88.858,84.1005,81.3622,78.8286,76.9277,74.9375,72.844,70.625,67.2477,62.8113,48.6836,26.7014,15.2942,9.65181,4.38913
34.644,-0.0000,0.1984,0.0000,6,249.44,0.00,1.15,-0.4846,-0.0064,15303.5,0.0,229.23,229.23,220.84,220.84,12.5168,26.8585,41.5849,95.5773,87.2857,82.5781,79.8745,77.3771,75.5066,73.5514,71.4989,69.3287,66.0401,61.7587,48.8258,26.7795,15.3389,9.68001,4.40196
34.663,-0.0000,0.1091,0.0000,6,249.09,0.00,1.18,-0.4831,-0.0064,15233.8,0.0,228.98,228.98,219.84,219.84,12.5043,26.8318,41.5435,93.9432,85.7133,81.0563,78.3875,75.9268,74.0867,72.1665,70.1548,68.0331,64.8313,60.6981,48.9657,26.8562,15.3828,9.70773,4.41456
34.688,-0.0000,0.0600,0.0000,6,248.65,-0.00,1.20,-0.4816,-0.0064,15179.7,0.0,228.62,228.62,219.13,219.00,12.4917,26.8041,41.4998,92.3107,84.1439,79.5384,76.9051,74.4811,72.6717,70.7867,68.8158,66.7423,63.6259,59.6358,49.0119,26.9357,15.4276,9.73577,4.4272
34.707,-0.0000,0.0330,0.0000,6,248.15,-0.01,1.23,-0.4802,-0.0065,15134.2,0.0,228.18,228.17,218.52,218.30,12.4787,26.7734,41.4483,90.6841,82.5828,78.0299,75.4328,73.0464,71.268,69.4184,67.4885,65.4633,62.4317,58.5802,48.811,27.0248,15.4755,9.76493,4.43998
34.725,-0.0000,0.0182,0.0000,6,247.63,-0.03,1.26,-0.4787,-0.0066,15093.8,0.0,227.72,227.70,217.97,217.68,12.465,26.739,41.3879,89.0642,81.0307,76.5319,73.9715,71.6231,69.8763,68.0625,66.1738,64.1968,61.2491,57.5324,48.4631,27.1252,15.5271,9.79566,4.45308
34.744,-0.0000,0.0100,0.5000,6,247.09,-0.05,1.33,-0.4772,-0.0067,15057.5,0.0,227.24,227.20,217.46,217.15,12.4508,26.702,41.3212,87.4492,79.4853,75.0416,72.5185,70.2088,68.4935,66.7156,64.8681,62.939,60.074,56.4874,48.0129,27.2338,15.5814,9.82743,4.46635
34.769,-0.0000,0.0055,0.7500,6,245.72,-0.07,1.38,-0.4757,-0.0069,14808.2,0.0,217.77,217.73,213.95,213.60,12.4364,26.6637,41.2513,85.8385,77.9459,73.558,71.0726,68.8015,67.1179,65.3759,63.5694,61.6877,58.9036,55.4422,47.4829,27.3468,15.6373,9.85988,4.47979
34.788,-0.0000,0.0030,0.8750,6,243.48,-0.08,1.40,-0.4742,-0.0070,14565.0,0.0,209.02,208.97,210.50,210.10,12.4218,26.6248,41.1803,84.2378,76.4174,72.0856,69.6379,67.4054,65.7534,64.0469,62.2808,60.4457,57.7405,54.3987,46.8919,27.462,15.6941,9.8928,4.4934
34.807,-0.0000,0.0017,0.9375,6,240.79,-0.10,1.41,-0.4727,-0.0072,14327.0,0.0,201.11,201.05,207.11,206.66,12.4072,26.586,41.117,82.65,74.9024,70.6269,68.2168,66.0227,64.402,62.7308,61.0045,59.2148,56.5862,53.3586,46.2539,27.5772,15.7508,9.92564,4.50696
34.825,-0.0000,0.0009,0.9687,6,237.83,-0.11,1.43,-0.4712,-0.0073,14095.6,0.0,194.15,194.08,203.80,203.30,12.3925,26.547,41.1555,81.0779,73.4038,69.1846,66.8121,64.6561,63.0664,61.4299,59.7426,57.9977,55.4431,52.3247,45.5818,27.6936,15.8082,9.95892,4.52073
34.844,-0.0000,0.0005,0.9844,6,234.75,-0.12,1.47,-0.4697,-0.0075,13882.4,0.0,187.48,187.39,200.71,200.18,12.378,26.5086,41.36,79.5216,71.9215,67.7586,65.4234,63.3052,61.7461,60.1438,58.4949,56.7935,54.3107,51.2966,44.8819,27.8082,15.8646,9.99165,4.53426
34.869,-0.0000,0.0003,0.9922,6,231.60,-0.13,1.55,-0.4682,-0.0076,13681.0,0.0,180.93,180.83,197.83,197.30,12.3638,26.4713,41.8067,77.9815,70.4557,66.349,64.0508,61.9703,60.4414,58.8726,57.2614,55.6025,53.1892,50.2749,44.1598,27.9203,15.92,10.0238,4.54761
34.887,-0.0000,0.0002,0.9961,6,228.46,-0.13,1.60,-0.4666,-0.0078,13470.8,0.0,174.19,174.08,194.81,194.26,12.3492,26.4337,42.6644,76.4578,69.0069,64.9563,62.695,60.6516,59.1527,57.6171,56.0429,54.4255,52.0798,49.261,43.4216,28.0331,15.9764,10.0569,4.56142
34.907,-0.0000,0.0001,0.9980,6,225.34,-0.13,1.63,-0.4651,-0.0079,13265.4,0.0,167.10,166.97,191.84,191.29,12.335,26.3976,44.6103,74.9498,67.574,63.5794,61.3546,59.348,57.8787,56.3757,54.8377,53.2609,50.9806,48.2533,42.6687,28.1415,16.0311,10.089,4.57497
34.925,-0.0000,0.0000,0.9990,6,222.23,-0.13,1.65,-0.4636,-0.0080,13064.9,0.0,159.81,159.66,188.95,188.39,12.3212,26.3631,84.1085,73.4572,66.1565,62.2177,60.0294,58.0593,56.619,55.1481,53.6456,52.1084,49.8916,47.2521,41.9039,28.245,16.0838,10.1202,4.58817
34.944,-0.0000,0.0000,0.9995,6,219.15,-0.13,1.68,-0.4621,-0.0081,12867.4,0.0,152.36,152.19,186.10,185.53,12.3072,26.3288,82.5779,71.9808,64.756,60.8729,58.7207,56.7868,55.3753,53.9362,52.4686,50.9701,48.8149,46.26,41.1329,28.3479,16.1368,10.1518,4.60167
34.962,-0.0000,0.0000,0.9997,6,216.10,-0.13,1.69,-0.4606,-0.0082,12675.2,0.0,144.27,144.08,183.31,182.74,12.2936,26.2958,81.062,70.5202,63.3714,59.544,57.4278,55.5298,54.1468,52.7388,51.3055,49.8449,47.7497,45.2761,40.3562,28.4469,16.1882,10.1825,4.61489
34.988,-0.0000,0.0000,0.9999,6,213.09,-0.12,1.73,-0.4591,-0.0082,12504.8,0.0,135.44,135.23,180.85,180.31,12.2799,26.2631,79.5607,69.0756,62.0035,58.2317,56.1513,54.2889,52.934,51.5568,50.1572,48.7336,46.6969,44.3018,39.577,28.5449,16.2396,10.2135,4.6283
35.007,-0.0000,0.0000,0.9999,6,210.16,-0.11,1.74,-0.4576,-0.0083,12312.2,0.0,125.93,125.70,178.08,177.53,12.2666,26.2316,78.0736,67.6464,60.6513,56.9351,54.8903,53.0632,51.7362,50.3893,49.0229,47.6356,45.6557,43.3363,38.7957,28.5597,16.2895,10.2437,4.64143
35.025,-0.0000,0.0000,1.0000,6,207.29,-0.11,1.72,-0.4560,-0.0083,12117.6,0.0,115.81,115.58,175.28,174.72,12.2532,26.2005,76.6007,66.2329,59.3154,55.6548,53.6454,51.8534,50.5539,49.2371,47.9032,46.5515,44.6271,42.3806,38.0148,28.4496,16.3391,10.2738,4.65458
35.044,-0.0000,0.0000,1.0000,6,204.45,-0.10,1.68,-0.4546,-0.0084,11925.7,0.0,105.22,104.97,172.51,171.94,12.2401,26.17,75.1418,64.8349,57.9955,54.3904,52.4164,50.6592,49.387,48.0997,46.7978,45.481,43.6105,41.4348,37.2347,28.2509,16.3878,10.3035,4.66754
35.062,-0.0000,0.0000,1.0000,6,201.61,-0.10,1.65,-0.4531,-0.0084,11736.5,0.0,94.81,94.54,169.79,169.20,12.227,26.1582,73.6973,63.4528,56.6921,53.1427,51.2039,49.4812,48.2361,46.9779,45.7076,44.425,42.6072,40.4998,36.4575,27.9874,16.4363,10.333,4.68049
35.087,-0.0000,0.0000,1.0000,6,198.78,-0.10,1.63,-0.4516,-0.0085,11549.6,0.0,84.36,84.07,167.10,166.49,12.2139,26.2055,72.2677,62.0871,55.4058,51.912,50.0083,48.32,47.1016,45.8722,44.6331,43.3839,41.6176,39.5763,35.6841,27.6742,16.4851,10.3627,4.69345
35.107,-0.0000,0.0000,1.0000,6,195.96,-0.09,1.62,-0.4501,-0.0085,11376.8,0.0,73.77,73.47,164.59,163.96,12.2009,26.3209,70.8527,60.7376,54.1363,50.6982,48.8293,47.1752,45.9832,44.7823,43.5737,42.3573,40.6412,38.6641,34.9151,27.3212,16.5335,10.3921,4.70628
35.125,-0.0000,0.0000,1.0000,6,193.14,-0.09,1.65,-0.4486,-0.0086,11211.0,0.0,63.03,62.73,162.21,161.59,12.1879,26.5149,69.4527,59.4046,52.8838,49.5014,47.6673,46.047,44.8812,43.7085,42.5298,41.3457,39.6786,37.7635,34.1516,26.9371,16.582,10.4215,4.71909
35.144,-0.0000,0.0000,1.0000,6,190.37,-0.09,1.65,-0.4472,-0.0087,11026.6,0.0,52.14,51.82,159.56,158.94,12.175,26.8038,68.0675,58.0876,51.648,48.3212,46.5218,44.9351,43.7953,42.6502,41.5011,40.3485,38.7292,36.8743,33.3933,26.5277,16.6303,10.4506,4.73176
35.162,-0.0000,0.0000,1.0000,6,187.62,-0.09,1.65,-0.4458,-0.0087,10838.3,0.0,41.03,40.71,156.85,156.22,12.1623,27.2095,66.6964,56.7861,50.4281,47.1571,45.3921,43.8387,42.7245,41.6067,40.4867,39.365,37.7924,35.9959,32.6403,26.0975,16.678,10.4794,4.74427
35.188,-0.0000,0.0000,1.0000,6,184.90,-0.09,1.63,-0.4443,-0.0088,10650.8,0.0,29.68,29.36,154.16,153.50,12.1496,27.7684,65.3394,55.5001,49.2243,46.0089,44.2783,42.7579,41.6691,40.5782,39.4869,38.3956,36.8685,35.1285,31.8934,25.6506,16.7256,10.5083,4.7568
35.207,-0.0000,0.0000,1.0000,6,182.18,-0.09,1.62,-0.4429,-0.0088,10465.0,0.0,18.47,18.13,151.49,150.80,12.1372,28.5414,63.9961,54.2293,48.0361,44.8762,43.1798,41.6921,40.6284,39.5642,38.5009,37.4394,35.9568,34.2716,31.1522,25.1894,16.7717,10.5365,4.7691
35.225,0.0265,0.0000,0.5000,6,179.47,-0.09,1.62,-0.4415,-0.0089,10280.6,0.0,7.32,6.97,148.84,148.12,12.1249,29.6566,62.6665,52.9737,46.8635,43.7592,42.0967,40.6416,39.6026,38.5646,37.5291,36.4966,35.0575,33.4257,30.4173,24.7167,16.7763,10.5644,4.78125
35.244,0.1175,0.0000,0.2500,6,176.91,-0.08,1.61,-0.4402,-0.0089,10458.4,0.0,13.10,12.74,151.18,150.59,12.1126,31.4738,61.3514,51.7339,45.7073,42.6585,41.0299,39.607,38.5926,37.5804,36.5721,35.5682,34.1715,32.5915,29.6901,24.2358,16.7253,10.5924,4.79341
35.262,0.2006,0.0000,0.1250,6,174.76,-0.08,1.64,-0.4388,-0.0090,10549.4,0.0,27.02,26.65,152.43,152.10,12.0998,72.1617,60.0527,50.5125,44.5701,41.577,39.9821,38.5911,37.601,36.6144,35.6328,34.657,33.3019,31.7721,28.9736,23.7513,16.6313,10.6216,4.80569
35.287,0.2630,0.2250,0.0625,6,172.98,-0.08,1.67,-0.4374,-0.0092,10514.4,0.0,44.18,43.80,151.93,151.65,12.0855,70.8612,58.7758,49.3155,43.4583,40.521,38.9596,37.6004,36.6343,35.6728,34.7176,33.7693,32.4546,30.9737,28.2744,23.2707,16.5073,10.655,4.81865
35.307,0.3097,0.5737,0.0312,6,171.51,-0.08,1.67,-0.4360,-0.0097,10527.6,0.0,62.17,61.75,151.96,151.96,12.0675,69.5901,57.5328,48.1557,42.3849,39.5033,37.9754,36.6475,35.7052,34.7685,33.839,32.9176,31.6422,30.2086,27.6041,22.8056,16.3667,10.698,4.83337
35.325,0.3448,0.7656,0.0156,6,170.39,-0.09,1.67,-0.4344,-0.0107,10589.2,0.0,79.77,79.28,152.83,152.83,12.0435,68.364,56.3413,47.0511,41.3676,38.5414,37.0465,35.7495,34.8303,33.9178,33.0133,32.1179,30.8805,29.492,26.9774,22.3696,16.223,10.7576,4.85111
35.344,0.3711,0.8710,0.0078,6,169.58,-0.14,1.64,-0.4327,-0.0124,10617.5,0.0,96.39,95.76,153.23,153.23,12.0091,67.2097,55.2307,46.0318,40.4359,37.6644,36.2017,34.9345,34.0378,33.1485,32.2679,31.3971,30.1956,28.8497,26.4184,21.9841,16.0954,10.8339,4.87418
35.362,0.3908,0.9291,0.0039,6,168.97,-0.25,1.62,-0.4308,-0.0153,10624.2,0.0,112.06,111.17,153.33,153.33,11.9594,66.1595,54.2363,45.1329,39.624,36.9051,35.4732,34.2344,33.3587,32.4912,31.6329,30.7849,29.6163,28.3094,25.9533,21.672,16.0033,10.9122,4.90534
35.388,0.4056,0.9610,0.0020,6,168.51,-0.43,1.60,-0.4284,-0.0198,10620.3,0.0,126.27,124.98,153.27,153.27,11.8909,65.263,53.4112,44.4077,38.9832,36.3137,34.9102,33.6971,32.8405,31.9926,31.1543,30.3265,29.1869,27.914,25.6222,21.4682,15.9747,11.0116,4.94917
35.407,0.4167,0.9785,0.0010,6,168.22,-0.72,1.59,-0.4254,-0.0268,10617.1,0.0,137.98,136.10,153.21,153.21,11.8046,64.5823,52.8219,43.9222,38.5773,35.9519,34.5735,33.3824,32.5419,31.7106,30.8891,30.0779,28.9617,27.7162,25.4747,21.4161,16.0434,11.1559,5.01157
35.425,0.4250,0.5382,0.0005,6,168.14,-1.19,1.59,-0.4214,-0.0367,10616.2,0.0,146.02,143.49,153.19,153.19,11.6913,64.1691,52.5223,43.7298,38.4575,35.8698,34.512,33.3391,32.5109,31.6923,30.8835,30.0851,28.986,27.7596,25.553,21.5532,16.2401,11.3677,5.09983
35.444,0.4313,0.2960,0.0002,6,168.08,-1.83,1.60,-0.4163,-0.0493,10449.5,0.0,150.53,147.45,150.82,150.82,11.5538,63.9869,52.4696,43.7867,38.5801,36.0248,34.6832,33.5246,32.7066,31.897,31.0973,30.3081,29.2213,28.0073,25.822,21.8518,16.5491,11.6414,5.21621
35.462,0.4360,0.1628,0.0001,6,167.85,-2.54,1.61,-0.4097,-0.0633,10346.4,0.0,152.68,149.26,149.32,149.32,11.404,63.9304,52.547,43.9741,38.8296,36.3032,34.9758,33.8289,33.0192,32.218,31.4255,30.6429,29.5653,28.3612,26.1896,22.2338,16.9176,11.9489,5.35861
35.487,0.4395,0.0895,0.0001,6,167.54,-3.29,1.61,-0.4016,-0.0785,10276.7,0.0,153.56,149.93,149.86,146.77,11.2467,63.9607,52.7116,44.2477,39.1632,36.6628,35.3489,34.2126,33.4096,32.6151,31.8293,31.0527,29.9821,28.7851,26.6238,22.6732,17.3274,12.2816,5.5137
35.507,0.4421,0.0492,0.0000,6,167.15,-4.17,1.61,-0.3918,-0.0951,10225.5,0.0,153.84,149.99,149.49,145.66,11.0771,64.1139,52.9988,44.6458,39.6178,37.142,35.8392,34.7124,33.9156,33.126,32.3449,31.5728,30.5079,29.3152,27.1585,23.2011,17.8044,12.656,5.67672
35.525,0.4441,0.0271,0.0000,6,166.71,-5.17,1.62,-0.3802,-0.1132,10182.2,0.0,153.80,149.69,149.10,144.81,10.8962,64.385,53.4,45.1606,40.1882,37.7347,36.4423,35.3228,34.5311,33.7465,32.9693,32.2001,31.1385,29.9487,27.7917,23.8171,18.3512,13.0759,5.84913
35.544,0.4456,0.4649,0.0000,6,166.22,-6.30,1.65,-0.3668,-0.1327,10142.6,0.0,153.59,149.19,148.74,144.03,10.7034,64.7813,53.9206,45.7977,40.8803,38.448,37.1651,36.0531,35.2653,34.484,33.7099,32.9434,31.8839,30.6942,28.5342,24.533,18.9779,13.5501,6.03353
35.562,0.4467,0.7057,0.0000,6,165.97,-7.56,1.68,-0.3520,-0.1435,10362.4,0.0,153.28,148.63,149.53,149.53,10.5067,65.2402,54.4905,46.4859,41.624,39.2137,37.94,36.8347,36.0516,35.2742,34.5028,33.7382,32.6807,31.4922,29.3274,25.2984,19.6503,14.0579,6.22633
35.588,0.4475,0.8381,0.0000,6,165.84,-8.75,1.71,-0.3371,-0.1511,10472.0,0.0,152.95,148.21,151.08,151.08,10.3174,65.6603,55.0043,47.114,42.3102,39.9226,38.6599,37.5628,36.7844,36.0113,35.2441,34.4831,33.4289,32.2423,30.0778,26.0294,20.3021,14.5593,6.41966
35.607,0.4481,0.9110,0.0000,6,165.83,-9.73,1.79,-0.3222,-0.1577,10559.1,0.0,152.60,147.91,152.33,152.33,10.1407,28.3782,55.4058,47.6235,42.8781,40.516,39.2645,38.177,37.4051,36.6376,35.8751,35.1186,34.0702,32.8888,30.7289,26.6743,20.8924,15.0266,6.60843
35.625,0.4486,0.9510,0.0000,6,165.90,-10.53,1.88,-0.3071,-0.1633,10625.9,0.0,152.31,147.74,153.30,153.30,9.97572,25.7132,55.697,48.0123,43.3268,40.9905,39.7523,38.6747,37.9096,37.149,36.3931,35.6422,34.6006,33.4265,31.2766,27.2275,21.4144,15.4539,6.7913
35.644,0.4489,0.5231,0.0000,6,166.02,-11.16,1.95,-0.2918,-0.1673,10675.9,0.0,152.06,147.67,154.03,154.03,9.82313,24.3256,55.8655,48.2683,43.6425,41.3333,40.1088,39.0431,38.2856,37.5321,36.7832,36.0394,35.0071,33.8417,31.7069,27.675,21.8538,15.831,6.96561
35.662,0.4492,0.2877,0.0000,6,166.07,-11.53,1.99,-0.2765,-0.1696,10478.7,0.0,151.84,147.68,151.29,151.29,9.68575,23.4775,55.8795,48.3606,43.7931,41.5126,40.3019,39.2485,38.4999,37.755,37.0139,36.2778,35.2563,34.1029,31.9871,27.9853,22.1843,16.1371,7.12653
35.687,0.4494,0.1582,0.0000,6,165.94,-11.38,2.06,-0.2612,-0.1691,10300.2,0.0,151.52,147.73,148.70,148.70,9.57143,23.1387,55.6538,48.2043,43.6936,41.4419,40.2471,39.2068,38.4678,37.7326,37.0014,36.2746,35.2658,34.1273,32.0382,28.0846,22.3428,16.3279,7.26391
35.707,0.4496,0.0870,0.0000,6,165.65,-10.81,2.11,-0.2457,-0.1662,10190.8,0.0,151.10,147.78,147.92,146.27,9.47688,23.2053,55.2197,47.8347,43.3794,41.1573,39.9792,38.9534,38.2248,37.5002,36.7799,36.0641,35.0702,33.9488,31.8927,28.0022,22.3512,16.4165,7.3791
35.725,0.4497,0.0479,0.0000,6,165.27,-10.14,2.10,-0.2303,-0.1621,10121.5,0.0,150.68,147.77,147.08,145.09,9.39062,23.4818,54.7042,47.3821,42.9813,40.7894,39.6281,38.6176,37.8997,37.1859,36.4766,35.7721,34.7945,33.691,31.6696,27.8476,22.2989,16.4616,7.48373
35.744,0.4497,0.0263,0.0000,6,164.84,-9.50,2.08,-0.2150,-0.1580,10071.0,0.0,150.31,147.66,146.44,144.27,9.30479,23.8332,54.192,46.9317,42.5849,40.4232,39.2785,38.2831,37.5761,36.873,36.1746,35.4812,34.5195,33.4341,31.4466,27.6921,22.2441,16.5022,7.58623
35.762,0.4498,0.0145,0.0000,6,164.39,-8.86,2.10,-0.1997,-0.1540,10030.5,0.0,149.98,147.46,145.91,143.62,9.21801,24.246,53.6987,46.4991,42.2057,40.0741,38.9455,37.9649,37.2687,36.5764,35.8886,35.206,34.2596,33.1923,31.2376,27.5483,22.1971,16.5458,7.68832
35.788,0.4499,0.0080,0.0000,6,163.92,-8.34,2.11,-0.1846,-0.1508,9995.09,0.0,149.68,147.18,145.49,143.01,9.12596,24.5807,53.2713,46.1304,41.8891,39.7871,38.6742,37.7075,37.0216,36.3398,35.6623,34.9898,34.0578,33.0072,31.0833,27.4536,22.1878,16.6137,7.79455
35.807,0.4499,0.0044,0.0000,6,163.44,-8.06,2.11,-0.1695,-0.1488,9962.3,0.0,149.43,146.82,145.16,142.40,9.02527,24.622,52.9438,45.8578,41.6669,39.5928,38.4953,37.5416,36.8651,36.1929,35.5252,34.8623,33.9432,32.9074,31.0115,27.4336,22.2376,16.7206,7.9089
35.825,0.4499,0.0024,0.0000,6,162.95,-7.98,2.08,-0.1546,-0.1476,9930.44,0.0,149.19,146.41,144.84,141.80,8.91686,24.3077,52.709,45.6735,41.5296,39.4818,38.399,37.4579,36.7899,36.1264,35.4675,34.8135,33.9066,32.884,31.0129,27.4794,22.3401,16.8622,8.03078
35.844,0.4499,0.0013,0.0000,6,162.46,-7.99,2.08,-0.1399,-0.1472,9900.26,0.0,148.91,145.96,144.50,141.26,8.80434,23.7937,52.5326,45.5426,41.4422,39.4193,38.3502,37.4213,36.762,36.1065,35.4558,34.8099,33.9146,32.9047,31.0556,27.5623,22.472,17.0231,8.15662
35.862,0.4500,0.0007,0.0000,6,161.97,-8.06,2.09,-0.1253,-0.1474,9869.63,0.0,148.58,145.50,144.13,140.75,8.68953,23.1877,52.3971,45.4479,41.3873,39.3879,38.3317,37.4144,36.7634,36.1163,35.4732,34.835,33.9503,32.9526,31.1245,27.6684,22.6215,17.196,8.28465
35.887,0.4500,0.0004,0.0000,6,161.47,-8.25,2.08,-0.1109,-0.1481,9838.95,0.0,148.23,145.01,143.76,140.24,8.57169,22.4975,52.3115,45.3977,41.3728,39.3954,38.3514,37.4448,36.8016,36.1623,35.527,34.8961,34.0212,33.0346,31.2267,27.8044,22.7944,17.3846,8.41615
35.907,0.4500,0.0002,0.0000,6,160.98,-8.54,2.04,-0.0966,-0.1490,9807.76,0.0,147.86,144.52,143.38,139.72,8.45188,21.7822,52.2667,45.3827,41.3892,39.4324,38.3997,37.5031,36.8671,36.235,35.6071,34.9836,34.1185,33.142,31.3528,27.9617,22.985,17.5847,8.55033
35.925,0.4500,0.0001,0.0000,6,160.48,-8.84,2.02,-0.0825,-0.1502,9777.59,0.0,147.45,144.03,142.98,139.25,8.33263,21.1146,52.2375,45.3789,41.4129,39.4745,38.4524,37.5653,36.9361,36.3109,35.6899,35.0732,34.2178,33.252,31.4805,28.1198,23.1754,17.7847,8.68402
35.944,0.4500,0.0001,0.0000,6,159.98,-9.09,2.01,-0.0686,-0.1513,9747.02,0.0,146.99,143.54,142.53,138.81,8.21611,20.5291,52.2008,45.3642,41.4233,39.5006,38.4888,37.6108,36.9882,36.3696,35.7552,35.1453,34.2992,33.3441,31.5908,28.2617,23.3511,17.9741,8.81442
35.962,0.4500,0.0000,0.0000,6,159.47,-9.36,1.98,-0.0548,-0.1525,9715.96,0.0,146.53,143.05,142.10,138.35,8.10089,19.9774,52.1741,45.3554,41.4367,39.528,38.525,37.6557,37.0393,36.427,35.8189,35.2152,34.378,33.4331,31.6985,28.4003,23.5236,18.1602,8.9437
35.988,0.4500,0.0000,0.0000,6,158.97,-9.67,1.93,-0.0411,-0.1535,9684.8,0.0,146.06,142.55,141.66,137.88,7.98678,19.4517,52.1593,45.3543,41.4547,39.5593,38.5634,37.7015,37.0911,36.4847,35.8826,35.2849,34.4561,33.5208,31.804,28.5362,23.6937,18.344,9.07216
36.007,0.4500,0.0000,0.0000,6,158.46,-9.96,1.90,-0.0277,-0.1546,9654.13,0.0,145.59,142.06,141.23,137.43,7.87467,18.9646,52.147,45.3525,41.4692,39.5855,38.5965,37.7406,37.1349,36.5341,35.9377,35.3458,34.525,33.5988,31.8992,28.6622,23.8543,18.5211,9.19809
36.026,0.4500,0.0000,0.0000,6,157.95,-10.16,1.89,-0.0144,-0.1554,9623.41,0.0,145.08,141.57,140.76,137.01,7.76614,18.54,52.1159,45.3299,41.4616,39.5877,38.6056,37.7557,37.1543,36.5579,35.9667,35.3804,34.5675,33.6504,31.9677,28.763,23.9926,18.6812,9.31899
36.044,0.4500,0.0000,0.0000,6,157.44,-10.36,1.87,-0.0012,-0.1562,9592.15,0.0,144.57,141.08,140.31,136.57,7.65959,18.1397,52.0879,45.3073,41.4519,39.5868,38.6104,37.7662,37.169,36.5768,35.9897,35.4079,34.6024,33.694,32.0275,28.8544,24.1228,18.8342,9.4376
36.063,0.4500,0.0000,0.0000,6,156.93,-10.59,1.83,0.0118,-0.1568,9560.78,0.0,144.09,140.59,139.86,136.11,7.55454,17.7562,52.0668,45.2884,41.4436,39.5869,38.615,37.7757,37.1824,36.5941,36.011,35.4332,34.6335,33.7332,32.0821,28.9391,24.2468,18.9824,9.55462
36.088,0.4500,0.0000,0.0000,6,156.42,-10.80,1.80,0.0245,-0.1573,9529.73,0.0,143.60,140.10,139.41,135.66,7.45166,17.3956,52.0486,45.2697,41.4333,39.5838,38.6162,37.7806,37.1905,36.606,36.0266,35.4526,34.6583,33.7643,32.1279,29.0139,24.3609,19.1232,9.66857
36.107,0.4500,0.0000,0.0000,6,155.91,-10.92,1.79,0.0371,-0.1576,9499.14,0.0,143.09,139.62,138.94,135.25,7.35269,17.0839,52.0087,45.2283,41.3997,39.5564,38.5931,37.7615,37.1741,36.5925,36.0167,35.4466,34.6577,33.7698,32.1465,29.0617,24.4509,19.2447,9.7764
36.126,0.4500,0.0000,0.0000,6,155.40,-11.02,1.79,0.0496,-0.1578,9468.05,0.0,142.58,139.14,138.48,134.81,7.25604,16.7957,51.9654,45.1815,41.3593,39.5212,38.5618,37.734,37.1494,36.5705,35.9975,35.4305,34.6468,33.765,32.1531,29.0965,24.5287,19.3559,9.88082
36.144,0.4500,0.0000,0.0000,6,154.89,-11.14,1.76,0.0619,-0.1577,9436.83,0.0,142.09,138.66,138.03,134.37,7.16115,16.5204,51.9266,45.1366,41.3194,39.4861,38.5295,37.705,37.123,36.5468,35.9764,35.4121,34.6325,33.7564,32.1554,29.1244,24.5984,19.4608,9.98292
36.162,0.4500,0.0000,0.0000,6,154.39,-11.26,1.73,0.0740,-0.1575,9405.85,0.0,141.62,138.19,137.58,133.92,7.06822,16.2593,51.8913,45.093,41.2789,39.45,38.4959,37.6737,37.094,36.5203,35.9525,35.3907,34.6147,33.7431,32.1525,29.1445,24.6592,19.5585,10.0819
36.188,0.4500,0.0000,0.0000,6,153.88,-11.30,1.72,0.0860,-0.1570,9375.85,0.0,141.12,137.73,137.12,133.51,6.9788,16.0342,51.8375,45.0305,41.2192,39.3939,38.4425,37.6228,37.0447,36.4732,35.908,35.3489,34.5766,33.7093,32.1283,29.142,24.6983,19.6385,10.1749
36.207,0.4500,0.0000,0.0000,6,153.38,-11.28,1.73,0.0978,-0.1564,9345.52,0.0,140.62,137.26,136.65,133.10,6.89217,15.835,51.774,44.9571,41.1481,39.3256,38.3769,37.5597,36.9835,36.4137,35.8505,35.2939,34.5254,33.6624,32.0899,29.1248,24.7218,19.7052,10.2631
36.225,0.4500,0.0000,0.0000,6,152.88,-11.28,1.72,0.1094,-0.1556,9315.01,0.0,140.14,136.80,136.21,132.67,6.80729,15.6454,51.7168,44.888,41.0799,39.2598,38.3129,37.498,36.9236,36.3555,35.794,35.2392,34.4739,33.6151,32.0504,29.1046,24.7394,19.7663,10.3488
36.244,0.4500,0.0000,0.0000,6,152.38,-11.30,1.69,0.1208,-0.1546,9284.66,0.0,139.68,136.35,135.77,132.23,6.72414,15.4642,51.6676,44.8246,41.0157,39.1979,38.2522,37.4388,36.866,36.2996,35.7397,35.1865,34.4236,33.5683,32.0111,29.0826,24.7521,19.822,10.4317
36.263,0.4500,0.0000,0.0000,6,151.88,-11.28,1.69,0.1320,-0.1535,9255.23,0.0,139.22,135.90,135.33,131.82,6.64399,15.3064,51.6114,44.7532,40.943,39.1268,38.1824,37.3703,36.7985,36.2336,35.6755,35.124,34.3635,33.5109,31.961,29.0485,24.7514,19.8651,10.5096
36.288,0.4500,0.0000,0.0000,6,151.39,-11.16,1.72,0.1430,-0.1521,9225.76,0.0,138.74,135.45,134.88,131.42,6.56682,15.1776,51.5407,44.6673,40.8557,39.0407,38.0979,37.2872,36.7164,36.1526,35.596,35.0464,34.2885,33.439,31.8954,28.9987,24.7341,19.8932,10.582
36.307,0.4500,0.0000,0.0000,6,150.89,-11.08,1.73,0.1538,-0.1509,9195.95,0.0,138.28,135.00,134.44,130.99,6.49085,15.0524,51.4827,44.5917,40.7772,38.9625,38.0208,37.2113,36.6414,36.0786,35.523,34.9746,34.2191,33.3724,31.8341,28.952,24.7162,19.9183,10.6525
36.326,0.4500,0.0000,0.0000,6,150.41,-11.03,1.72,0.1645,-0.1492,9166.2,0.0,137.85,134.56,134.02,130.56,6.41638,14.9305,51.44,44.5288,40.7098,38.895,37.9533,37.1447,36.5756,36.0136,35.4588,34.9113,34.1571,33.3129,31.7795,28.9098,24.6999,19.9413,10.7209
36.344,0.4500,0.0000,0.0000,6,149.92,-10.98,1.72,0.1749,-0.1477,9137.1,0.0,137.42,134.12,133.61,130.13,6.34398,14.819,51.4065,44.4727,40.6477,38.8324,37.8906,37.082,36.5135,35.9522,35.3982,34.8514,34.0983,33.2557,31.7268,28.8678,24.6815,19.9596,10.7861
36.363,0.4500,0.0000,0.0000,6,149.44,-10.83,1.77,0.1850,-0.1459,9108.49,0.0,136.96,133.69,133.17,129.75,6.275,14.7414,51.3566,44.4008,40.5701,38.7539,37.8124,37.004,36.4357,35.875,35.3219,34.776,34.0243,33.1833,31.6587,28.8103,24.6479,19.9632,10.8453
36.388,0.4500,0.0000,0.0000,6,148.95,-10.69,1.81,0.1951,-0.1442,9079.34,0.0,136.52,133.25,132.75,129.33,6.20699,14.6663,51.323,44.3426,40.5047,38.6865,37.7449,36.9366,36.3684,35.8078,35.2549,34.7098,33.9593,33.1196,31.598,28.7589,24.617,19.966,10.9029
36.407,0.4500,0.0000,0.0000,6,148.47,-10.61,1.83,0.2049,-0.1424,9050.1,0.0,136.11,132.81,132.34,128.89,6.14014,14.5879,51.3127,44.3044,40.4572,38.6362,37.6936,36.8851,36.3167,35.7559,35.203,34.6578,33.908,33.0693,31.5496,28.7178,24.593,19.9704,10.9591
36.425,0.4500,0.0000,0.0000,6,147.99,-10.57,1.83,0.2144,-0.1406,9021.1,0.0,135.71,132.38,131.94,128.44,6.07463,14.5072,51.3249,44.2852,40.4266,38.6022,37.6579,36.8484,36.2797,35.7186,35.1653,34.6199,33.8697,33.0315,31.5132,28.6864,24.5754,19.977,11.0138
36.444,0.4500,0.0000,0.0000,6,147.52,-10.45,1.88,0.2238,-0.1387,8993.19,0.0,135.28,131.96,131.52,128.06,6.01244,14.455,51.3287,44.2573,40.3872,38.5593,37.6134,36.8027,36.2333,35.672,35.1186,34.573,33.8226,32.9843,31.4676,28.6454,24.5483,19.9742,11.063
36.463,0.4500,0.0000,0.0000,6,147.04,-10.28,1.96,0.2329,-0.1368,8964.67,0.0,134.85,131.51,131.11,127.65,5.95184,14.4109,51.3442,44.2393,40.3563,38.5239,37.5764,36.7643,36.194,35.6319,35.0781,34.5323,33.7816,32.943,31.4267,28.6078,24.5224,19.9705,11.1098
36.488,0.4500,0.0000,0.0000,6,146.57,-10.19,2.01,0.2418,-0.1350,8935.8,0.0,134.45,131.08,130.72,127.21,5.89179,14.3549,51.3911,44.2484,40.3502,38.5117,37.5619,36.7481,36.1765,35.6132,35.0582,34.5116,33.7603,32.9209,31.4034,28.586,24.5079,19.973,11.1562
36.507,0.4500,0.4500,0.0000,6,146.09,-10.16,2.03,0.2505,-0.1331,8907.01,0.0,134.06,130.65,130.33,126.77,5.83275,14.2831,51.4704,44.2854,40.3694,38.524,37.5707,36.7545,36.1815,35.6167,35.0602,34.5122,33.7591,32.9186,31.399,28.5801,24.5056,19.9823,11.202
36.526,0.4500,0.6975,0.0000,6,145.84,-10.12,2.07,0.2589,-0.1310,9119.37,0.0,133.69,130.26,131.58,131.58,5.77749,14.2364,51.5421,44.3146,40.3804,38.5284,37.5717,36.7527,36.1781,35.6119,35.0542,34.5048,33.75,32.9078,31.3865,28.5661,24.4952,19.9839,11.2418
36.544,0.4500,0.8336,0.0000,6,145.77,-9.91,2.18,0.2671,-0.1282,9234.3,0.0,133.36,129.99,133.21,133.21,5.7287,14.2697,51.5501,44.2863,40.3377,38.4805,37.5218,36.701,36.1252,35.5582,34.9998,34.4499,33.6944,32.8515,31.3302,28.5117,24.4504,19.9582,11.2698
36.563,0.4500,0.9085,0.0000,6,145.82,-9.72,2.27,0.2750,-0.1250,9331.68,0.0,133.19,129.86,134.62,134.62,5.68351,14.3404,51.5403,44.2414,40.2795,38.4172,37.4568,36.6346,36.0578,35.4899,34.9309,34.3807,33.6248,32.7816,31.2602,28.4448,24.394,19.9226,11.2916
36.588,0.4500,0.9497,0.0000,6,145.98,-9.57,2.35,0.2827,-0.1210,9403.85,0.0,133.14,129.85,135.66,135.66,5.64292,14.4475,51.5162,44.1832,40.2084,38.3416,37.3793,36.556,35.9785,35.4098,34.8502,34.2994,33.5434,32.7002,31.1791,28.3675,24.328,19.8778,11.3073
36.607,0.4500,0.9723,0.0000,6,146.21,-9.43,2.41,0.2899,-0.1167,9447.95,0.0,133.19,129.93,136.34,136.34,5.60777,14.602,51.4717,44.1057,40.119,38.2486,37.2844,36.4602,35.8822,35.3132,34.7531,34.202,33.4457,32.6029,31.0829,28.2759,24.2495,19.8221,11.3159
36.625,0.4500,0.9848,0.0000,6,146.51,-9.14,2.55,0.2967,-0.1116,9454.11,0.0,133.29,130.11,136.42,136.42,5.58089,14.8678,51.362,43.9699,39.9753,38.1034,37.1387,36.3141,35.7363,35.1677,34.6081,34.0575,33.3019,32.4601,30.9435,28.145,24.1377,19.7406,11.3123
36.644,0.4500,0.9916,0.0000,6,146.81,-8.76,2.70,0.3032,-0.1060,9466.6,0.0,133.46,130.38,136.59,136.59,5.56021,15.2285,51.2179,43.8033,39.8032,37.9306,36.9661,36.1419,35.5645,34.9964,34.4376,33.888,33.1338,32.2937,30.7814,27.9933,24.0083,19.645,11.3007
36.663,0.4500,0.9954,0.0000,6,147.11,-8.40,2.82,0.3092,-0.0997,9485.81,0.0,133.69,130.67,136.87,136.87,5.54519,15.6838,51.0559,43.6205,39.6161,37.7431,36.7794,35.9559,35.379,34.8116,34.2537,33.7053,32.9528,32.1149,30.607,27.8304,23.8688,19.5409,11.2836
36.688,0.4500,0.9975,0.0000,6,147.41,-8.10,2.91,0.3146,-0.0931,9508.85,0.0,133.96,130.98,137.20,137.20,5.53518,16.2429,50.8945,43.438,39.429,37.5555,36.5923,35.7696,35.1934,34.6266,34.0695,33.5219,32.7713,31.9355,30.4319,27.6669,23.7282,19.4346,11.2631
36.707,0.4500,0.5486,0.0000,6,147.76,-7.72,3.08,0.3195,-0.0863,9492.97,0.0,134.25,131.31,136.99,136.99,5.53146,16.9959,50.7176,43.2412,39.2287,37.3556,36.3928,35.5712,34.9957,34.43,33.8738,33.3273,32.5783,31.7451,30.2464,27.4937,23.5793,19.321,11.2373
36.726,0.4500,0.3017,0.0000,6,147.94,-7.19,3.30,0.3239,-0.0793,9288.8,0.0,134.57,131.69,134.10,134.10,5.53295,18.0897,50.5353,43.0395,39.0235,37.1511,36.189,35.3681,34.7937,34.2291,33.674,33.1286,32.3814,31.5506,30.0573,27.317,23.4271,19.2046,11.208
36.744,0.4500,0.1660,0.0000,6,147.85,-6.65,3.47,0.3278,-0.0721,9156.0,0.0,134.78,131.95,132.16,132.16,5.53971,62.529,50.338,42.8249,38.8067,36.9354,35.9744,35.1546,34.5812,34.0178,33.4641,32.9202,32.175,31.3466,29.8593,27.1322,23.2682,19.0827,11.1747
36.763,0.4500,0.0913,0.0000,6,147.60,-6.18,3.57,0.3312,-0.0651,9076.03,0.0,134.85,132.05,131.95,130.04,5.54919,62.4097,50.1603,42.6273,38.6055,36.7345,35.7743,34.9554,34.3827,33.8201,33.2675,32.7249,31.9815,31.1554,29.673,26.9576,23.1172,18.9661,11.1413
36.788,0.4500,0.0502,0.0000,6,147.27,-5.78,3.72,0.3341,-0.0587,9018.87,0.0,134.82,131.98,131.43,128.90,5.55876,62.3677,50.0481,42.487,38.4565,36.583,35.6224,34.8032,34.2304,33.6678,33.1154,32.5731,31.8306,31.0055,29.5254,26.8177,22.9938,18.8688,11.1123
36.807,0.4500,0.0276,0.0000,6,146.90,-5.39,3.91,0.3365,-0.0528,8979.04,0.0,134.71,131.80,130.99,128.19,5.56882,62.384,49.9852,42.3893,38.3464,36.4686,35.5063,34.6862,34.1127,33.5495,32.9966,32.454,31.7114,30.8865,29.4071,26.7035,22.891,18.786,11.0864
36.826,0.4500,0.0152,0.0000,6,146.50,-5.22,4.03,0.3383,-0.0480,8946.43,0.0,134.57,131.51,130.67,127.56,5.57533,62.5336,50.0353,42.3893,38.3246,36.4386,35.4719,34.6486,34.0732,33.5082,32.9534,32.4089,31.6639,30.837,29.3545,26.6471,22.8346,18.7367,11.0693
36.845,0.4500,0.0084,0.0000,6,146.09,-5.28,4.11,0.3397,-0.0456,8916.29,0.0,134.42,131.15,130.40,126.97,5.57683,62.8369,50.2149,42.5009,38.4039,36.5041,35.5307,34.7015,34.1222,33.5537,32.9955,32.4477,31.6981,30.8662,29.3759,26.6556,22.8299,18.7245,11.0622
36.863,0.4500,0.0046,0.0000,6,145.67,-5.51,4.17,0.3407,-0.0443,8887.98,0.0,134.24,130.73,130.13,126.41,5.57402,63.2831,50.5142,42.7157,38.5763,36.6574,35.6748,34.8378,34.2529,33.6789,33.1157,32.5632,31.8071,30.9679,29.4649,26.7233,22.8718,18.7454,11.0643
36.888,0.4500,0.0025,0.0000,6,145.25,-5.79,4.25,0.3412,-0.0436,8860.83,0.0,133.98,130.28,129.82,125.94,5.56977,63.8162,50.8861,42.9922,38.8042,36.8633,35.8696,35.0235,34.4323,33.8519,33.2825,32.7239,31.96,31.1122,29.5938,26.826,22.9411,18.785,11.0709
36.907,0.4500,0.0014,0.0000,6,144.82,-6.16,4.31,0.3414,-0.0437,8833.44,0.0,133.68,129.82,129.52,125.45,5.56301,64.4549,51.3465,43.3444,39.1,37.1337,36.1268,35.2696,34.6709,34.0833,33.5065,32.9408,32.167,31.3088,29.772,26.9716,23.0443,18.8486,11.0836
36.926,0.4500,0.0008,0.0000,6,144.38,-6.63,4.34,0.3413,-0.0450,8805.61,0.0,133.37,129.34,129.20,124.97,5.55354,65.196,51.8926,43.7702,39.462,37.4663,36.4446,35.5746,34.9669,34.3707,33.7858,33.2119,32.4269,31.556,29.9976,27.1581,23.1797,18.9349,11.102
36.944,0.4500,0.0004,0.0000,6,143.93,-7.17,4.35,0.3409,-0.0472,8778.12,0.0,133.01,128.85,128.86,124.51,5.54238,19.5268,52.5093,44.2561,39.8782,37.8499,36.8118,35.9279,35.3104,34.7044,34.1099,33.5269,32.7296,31.8449,30.2615,27.3782,23.3408,19.039,11.1248
36.964,0.4500,0.0002,0.0000,6,143.47,-7.68,4.40,0.3403,-0.0495,8750.47,0.0,132.61,128.37,128.49,124.09,5.53137,18.103,53.1611,44.7718,40.3206,38.2587,37.2029,36.3042,35.6766,35.0606,34.4562,33.8633,33.0526,32.1535,30.5441,27.6143,23.5142,19.1508,11.1493
36.988,0.4500,0.0001,0.0000,6,143.01,-8.14,4.45,0.3396,-0.0519,8722.32,0.0,132.16,127.88,128.08,123.68,5.52079,17.197,53.8362,45.3076,40.7811,38.6841,37.6105,36.6964,36.0579,35.4315,34.817,34.2141,33.3896,32.4752,30.8391,27.8608,23.6955,19.268,11.1745
37.006,0.4500,0.0001,0.0000,6,142.54,-8.63,4.48,0.3387,-0.0545,8693.72,0.0,131.70,127.39,127.69,123.25,5.50954,16.4696,54.5558,45.8812,41.2758,39.1416,38.0491,37.1191,36.4693,35.8316,35.2061,34.5927,33.7539,32.8233,31.1582,28.128,23.8927,19.3964,11.2022
37.026,0.4500,0.0000,0.0000,6,142.07,-9.15,4.49,0.3378,-0.0580,8664.78,0.0,131.25,126.91,127.29,122.82,5.49699,15.8481,55.3181,46.492,41.8036,39.6309,38.5183,37.5712,36.9097,36.2605,35.6234,34.9986,34.1443,33.1969,31.5013,28.4163,24.1061,19.5356,11.233
37.045,0.4500,0.0000,0.0000,6,141.59,-9.65,4.50,0.3368,-0.0615,8635.79,0.0,130.78,126.41,126.87,122.40,5.48402,15.3123,56.1107,47.1288,42.3551,40.1422,39.0092,38.0444,37.3704,36.7091,36.0604,35.424,34.5536,33.5882,31.8613,28.719,24.3307,19.6821,11.2657
37.064,0.4500,0.0000,0.0000,6,141.10,-10.05,4.54,0.3358,-0.0647,8606.6,0.0,130.26,125.93,126.42,122.01,5.47212,14.8694,56.895,47.7585,42.9002,40.6475,39.494,38.5119,37.8256,37.1522,36.4916,35.8436,34.9576,33.9747,32.2161,29.0169,24.5513,19.8258,11.2973
37.089,0.4500,0.0000,0.0000,6,140.61,-10.44,4.57,0.3348,-0.0679,8576.94,0.0,129.75,125.44,125.97,121.60,5.4598,14.4726,57.6973,48.4043,43.4597,41.1667,39.9921,38.9921,38.2936,37.608,36.9352,36.2753,35.373,34.3723,32.5814,29.3241,24.7788,19.9743,11.3301
37.107,0.4500,0.0000,0.0000,6,140.12,-10.83,4.57,0.3339,-0.0714,8547.09,0.0,129.25,124.96,125.54,121.18,5.44664,14.1076,58.525,49.0719,44.0396,41.7048,40.5091,39.4906,38.7791,38.0809,37.396,36.7239,35.8049,34.7855,32.9617,29.6443,25.0164,20.1296,11.365
37.125,0.4500,0.0000,0.0000,6,139.62,-11.22,4.56,0.3331,-0.0752,8517.13,0.0,128.75,124.48,125.09,120.75,5.43232,13.7696,59.3745,49.7595,44.6372,42.2602,41.0424,40.0055,39.2809,38.5697,37.8718,37.1875,36.2515,35.213,33.3552,29.9758,25.2633,20.2911,11.402
37.144,0.4500,0.0000,0.0000,6,139.13,-11.54,4.57,0.3324,-0.0787,8487.38,0.0,128.24,124.00,124.64,120.35,5.41815,13.4697,60.2177,50.4416,45.2304,42.8113,41.5718,40.5161,39.7786,39.0547,38.3443,37.6474,36.6943,35.6373,33.7453,30.3045,25.5075,20.4512,11.4388
37.162,0.4500,0.0000,0.0000,6,138.63,-11.77,4.59,0.3318,-0.0818,8457.5,0.0,127.70,123.53,124.16,119.97,5.40432,13.2059,61.0418,51.108,45.8095,43.349,42.0884,41.0145,40.2641,39.5275,38.8049,38.096,37.1262,36.0505,34.1257,30.6247,25.7449,20.6064,11.4745
37.188,0.4500,0.0000,0.0000,6,138.14,-11.99,4.59,0.3314,-0.0848,8427.58,0.0,127.18,123.07,123.70,119.57,5.38958,12.9581,61.8748,51.7825,46.3961,43.8943,42.612,41.52,40.7568,40.0076,39.2723,38.5511,37.5648,36.4704,34.512,30.9501,25.987,20.7646,11.5116
37.207,0.4500,0.0000,0.0000,6,137.64,-12.20,4.57,0.3311,-0.0882,8397.72,0.0,126.68,122.61,123.24,119.16,5.37343,12.7217,62.7204,52.4688,46.9941,44.4503,43.1464,42.0356,41.2594,40.4976,39.7497,39.016,38.0125,36.8995,34.907,31.2834,26.2354,20.9277,11.5508
37.226,0.4500,0.0000,0.0000,6,137.15,-12.39,4.55,0.3311,-0.0916,8368.01,0.0,126.18,122.15,122.79,118.75,5.35594,12.4976,63.5729,53.1619,47.5984,45.0126,43.687,42.5577,41.7683,40.9934,40.233,39.487,38.4664,37.334,35.3078,31.6219,26.4876,21.094,11.5917
37.245,0.4500,0.0000,0.0000,6,136.67,-12.48,4.56,0.3313,-0.0944,8338.65,0.0,125.67,121.71,122.32,118.38,5.33842,12.2981,64.3948,53.8289,48.1795,45.553,44.2063,43.059,42.2571,41.4697,40.697,39.9388,38.902,37.7513,35.6919,31.946,26.7292,21.2529,11.6313
37.264,0.4500,0.0000,0.0000,6,136.18,-12.52,4.56,0.3317,-0.0970,8309.37,0.0,125.15,121.27,121.85,118.00,5.31989,12.1111,65.2383,54.4868,48.753,46.0862,44.7189,43.5536,42.7392,41.9398,41.1551,40.385,39.3317,38.1632,36.0711,32.2661,26.9681,21.4102,11.6713
37.289,0.4500,0.0000,0.0000,6,135.70,-12.55,4.54,0.3325,-0.0997,8280.26,0.0,124.66,120.84,121.41,117.61,5.29943,11.9275,66.1517,55.152,49.3332,46.6264,45.2383,44.0555,43.2285,42.4166,41.6198,40.838,39.7683,38.5813,36.4569,32.5923,27.2121,21.572,11.7139
37.307,0.4500,0.0000,0.0000,6,135.23,-12.58,4.51,0.3334,-0.1025,8251.39,0.0,124.19,120.41,120.97,117.21,5.27708,11.747,67.1431,55.8258,49.9222,47.1751,45.766,44.5652,43.7259,42.9016,42.0925,41.2986,40.2127,39.0073,36.85,32.9253,27.4618,21.7383,11.7589
37.326,0.4500,0.0000,0.0000,6,134.75,-12.56,4.49,0.3347,-0.1052,8222.86,0.0,123.72,119.99,120.53,116.83,5.25284,11.5718,68.2071,56.4994,50.5114,47.7241,46.2945,45.0758,44.2237,43.3873,42.5662,41.7604,40.6579,39.4346,37.2442,33.2597,27.7136,21.9066,11.8057
37.345,0.4500,0.4500,0.0000,6,134.29,-12.46,4.49,0.3363,-0.1075,8194.68,0.0,123.24,119.58,120.07,116.47,5.22768,11.4096,69.3127,57.1455,51.0761,48.2504,46.8006,45.565,44.701,43.8527,43.0199,42.2028,41.0845,39.8435,37.622,33.5799,27.9547,22.0679,11.8518
37.363,0.4500,0.6975,0.0000,6,134.00,-12.34,4.47,0.3383,-0.1094,8420.48,0.0,122.79,119.21,121.48,121.48,5.20101,11.2558,70.4705,57.7705,51.6224,48.7592,47.2901,46.0379,45.1624,44.3026,43.4586,42.6302,41.4971,40.2391,37.9873,33.89,28.1882,22.2252,11.8983
37.389,0.4500,0.8336,0.0000,6,133.87,-12.18,4.46,0.3406,-0.1111,8549.56,0.0,122.43,118.94,123.32,123.32,5.17408,11.1177,71.6452,58.3483,52.126,49.2278,47.7408,46.473,45.5866,44.7163,43.8618,43.0231,41.8756,40.6022,38.322,34.1738,28.4019,22.3693,11.9428
37.407,0.4500,0.9085,0.0000,6,133.88,-12.01,4.43,0.3432,-0.1125,8659.59,0.0,122.18,118.78,124.91,124.91,5.14603,10.9893,72.8531,58.8921,52.5972,49.6659,48.1617,46.8795,45.9829,45.1024,44.238,43.3898,42.229,40.9407,38.6342,34.4379,28.601,22.504,11.9862
37.426,0.4500,0.9497,0.0000,6,133.99,-11.81,4.43,0.3462,-0.1135,8731.05,0.0,122.04,118.74,125.96,125.96,5.11723,10.8712,74.0876,59.4256,53.0316,50.0692,48.5489,47.253,46.3469,45.4571,44.5833,43.726,42.5531,41.251,38.9201,34.6797,28.7829,22.6273,12.0279
37.445,0.4500,0.9723,0.0000,6,134.18,-11.54,4.44,0.3494,-0.1138,8775.59,0.0,121.99,118.80,126.61,126.61,5.0884,10.7685,75.3079,59.9316,53.4079,50.4174,48.8829,47.5746,46.6599,45.7617,44.8799,44.0145,42.8305,41.5164,39.1639,34.885,28.9367,22.732,12.0657
37.464,0.4500,0.9848,0.0000,6,134.42,-11.22,4.45,0.3530,-0.1135,8803.55,0.0,122.02,118.94,127.02,127.02,5.05939,10.6783,76.5185,60.4129,53.7313,50.7155,49.1681,47.849,46.9266,46.0209,45.1319,44.2593,43.0655,41.7409,39.3694,35.0572,29.0653,22.82,12.1004
37.489,0.4500,0.9916,0.0000,6,134.68,-10.86,4.45,0.3569,-0.1130,8822.62,0.0,122.12,119.15,127.30,127.30,5.03009,10.5994,77.7143,60.8668,54.0022,50.9639,49.4049,48.0761,47.1472,46.2349,45.3394,44.4608,43.2586,41.9245,39.5371,35.1964,29.169,22.8914,12.1322
37.507,0.4500,0.9954,0.0000,6,134.97,-10.45,4.45,0.3611,-0.1121,8836.04,0.0,122.27,119.41,127.50,127.50,5.0002,10.5294,78.9046,61.2989,54.2271,51.1686,49.5996,48.2622,47.3275,46.4096,45.5085,44.6243,43.4151,42.073,39.6718,35.3076,29.2509,22.9485,12.1614
37.526,0.4500,0.9975,0.0000,6,135.28,-9.99,4.46,0.3655,-0.1108,8835.97,0.0,122.46,119.72,127.50,127.50,4.96971,10.4666,80.0926,61.711,54.4112,51.3332,49.7554,48.4105,47.4706,46.5478,45.642,44.7532,43.5375,42.1889,39.776,35.3925,29.3128,22.9926,12.1883
37.545,0.4500,0.9986,0.0000,6,135.59,-9.48,4.49,0.3703,-0.1091,8838.23,0.0,122.71,120.06,127.53,127.53,4.93764,10.4051,81.3168,62.1252,54.5883,51.4748,49.8888,48.5373,47.5927,46.6653,45.7553,44.8624,43.6412,42.2866,39.8634,35.4632,29.3646,23.0308,12.215
37.564,0.4500,0.9992,0.0000,6,135.90,-8.99,4.50,0.3754,-0.1074,8845.75,0.0,123.00,120.41,127.64,127.64,4.90291,10.3361,82.6585,62.5859,54.7957,51.6237,50.0295,48.6714,47.7221,46.7902,45.8757,44.9789,43.752,42.3912,39.9578,35.5406,29.4227,23.0742,12.2449
37.589,0.4500,0.9996,0.0000,6,136.20,-8.55,4.51,0.3807,-0.1063,8855.13,0.0,123.32,120.77,127.77,127.77,4.86522,10.2557,22.3792,63.1234,55.0552,51.7972,50.1943,48.8287,47.8746,46.9379,46.0188,45.1172,43.8845,42.5171,40.0725,35.6361,29.4958,23.1289,12.2793
37.607,0.4500,0.9998,0.0000,6,136.52,-8.15,4.51,0.3863,-0.1053,8863.13,0.0,123.67,121.11,127.89,127.89,4.82412,10.1615,21.3194,63.761,55.3827,52.0174,50.3931,49.0195,48.0597,47.1177,46.1935,45.2868,44.0472,42.6725,40.2149,35.7566,29.5889,23.1985,12.3191
37.626,0.4500,0.9999,0.0000,6,136.84,-7.76,4.53,0.3922,-0.1044,8863.31,0.0,124.04,121.46,127.89,127.89,4.77988,10.0556,20.4521,64.4954,55.7741,52.2911,50.6193,49.2359,48.2701,47.3223,46.3925,45.4804,44.2333,42.8507,40.3789,35.8964,29.6981,23.2801,12.3635
37.645,0.4500,0.9999,0.0000,6,137.16,-7.40,4.56,0.3983,-0.1038,8870.48,0.0,124.42,121.81,127.99,127.99,4.7321,9.93537,19.6429,65.356,56.2491,52.6347,50.9043,49.4887,48.5166,47.5624,46.6262,45.7083,44.4531,43.0614,40.5739,36.0636,29.8296,23.3781,12.4138
37.664,0.4500,0.9999,0.0000,6,137.47,-7.11,4.58,0.4048,-0.1035,8883.41,0.0,124.79,122.14,128.18,128.18,4.68045,9.79916,18.8551,66.372,56.826,53.0634,51.2671,49.8,48.8068,47.8457,46.9027,45.9778,44.7135,43.3116,40.8063,36.2641,29.9878,23.4956,12.4712
37.689,0.4500,1.0000,0.0000,6,137.78,-6.88,4.59,0.4115,-0.1039,8899.63,0.0,125.17,122.46,128.41,128.41,4.62536,9.64825,18.0866,67.5688,57.5198,53.5886,51.7178,50.1925,49.1615,48.1755,47.2244,46.2919,45.0171,43.604,41.0781,36.4997,30.1739,23.633,12.5354
37.707,0.4500,1.0000,0.0000,6,138.09,-6.70,4.60,0.4184,-0.1045,8912.71,0.0,125.54,122.77,128.60,128.60,4.56663,9.4836,17.3389,68.9722,58.344,54.2208,52.2654,50.6744,49.6004,48.5747,47.594,46.6515,45.3653,43.9393,41.3907,36.7709,30.3888,23.7913,12.6064
37.726,0.4500,1.0000,0.0000,6,138.40,-6.54,4.63,0.4257,-0.1054,8925.37,0.0,125.91,123.08,128.78,128.78,4.50462,9.30819,16.6258,70.5882,59.298,54.9578,52.9073,51.2424,50.1205,49.0503,48.0283,47.0517,45.7487,44.3089,41.7358,37.071,30.627,23.9666,12.6833
37.745,0.4500,1.0000,0.0000,6,138.71,-6.43,4.65,0.4332,-0.1065,8943.62,0.0,126.27,123.37,129.04,129.04,4.43908,9.1206,15.9312,72.4725,60.4136,55.8249,53.6659,51.9171,50.7409,49.6204,48.5518,47.5319,46.1797,44.7219,42.1216,37.4074,30.8943,24.1628,12.7676
37.764,0.4500,1.0000,0.0000,6,139.01,-6.38,4.66,0.4410,-0.1082,8966.13,0.0,126.62,123.66,129.36,129.36,4.37028,8.92182,15.2545,74.674,61.7156,56.8405,54.5571,52.7127,51.4744,50.2967,49.1753,48.1064,46.6915,45.1811,42.5502,37.7815,31.1916,24.3805,12.8592
37.789,0.4500,1.0000,0.0000,6,139.32,-6.39,4.67,0.4491,-0.1103,8990.44,0.0,126.96,123.93,129.71,129.71,4.29815,8.71288,14.5957,77.2526,63.2332,58.0259,55.5993,53.6449,52.3357,51.0926,49.9109,48.7863,47.3003,45.7171,43.0234,38.1949,31.5205,24.6211,12.9582
37.808,0.4500,1.0000,0.0000,6,139.63,-6.42,4.69,0.4575,-0.1126,9008.02,0.0,127.28,124.19,129.97,129.97,4.22285,8.49647,13.9609,80.2586,64.9849,59.3926,56.8014,54.7211,53.3308,52.0133,50.7631,49.5752,48.0087,46.3436,43.5354,38.6427,31.8772,24.8818,13.0641
37.826,0.4500,1.0000,0.0000,6,139.93,-6.47,4.71,0.4662,-0.1151,9029.19,0.0,127.61,124.46,130.28,130.28,4.14467,8.27476,13.353,83.7578,66.9954,60.9563,58.1755,55.9511,54.4684,53.0663,51.7383,50.4789,48.8215,47.064,44.1102,39.1206,32.2583,25.1602,13.1764
37.845,0.4500,1.0000,0.0000,6,140.23,-6.55,4.73,0.4752,-0.1178,9054.21,0.0,127.92,124.71,130.63,130.63,4.0635,8.04734,12.7658,87.8747,69.3193,62.7557,59.7548,57.3637,55.7746,54.2752,52.8582,51.5171,49.7562,47.8941,44.7758,39.6329,32.6671,25.4589,13.2958
37.864,0.4500,1.0000,0.0000,6,140.53,-6.67,4.73,0.4845,-0.1210,9081.32,0.0,128.21,124.96,131.02,131.02,3.97957,7.81523,12.1992,92.7498,72.0107,64.8272,61.5685,58.9837,57.2714,55.6598,54.1405,52.7058,50.8267,48.8454,45.541,40.179,33.1035,25.7778,13.4221
37.889,0.4500,1.0000,0.0000,6,140.82,-6.82,4.74,0.4941,-0.1244,9106.78,0.0,128.50,125.20,131.40,131.40,3.89296,7.57947,11.6526,98.5677,75.1359,67.2132,63.6512,60.8397,58.984,57.2425,55.605,54.0625,52.048,49.9306,46.4151,40.7609,33.5663,26.1159,13.5552
37.908,0.4500,1.0000,0.0000,6,141.13,-6.96,4.76,0.5041,-0.1279,9127.97,0.0,128.78,125.44,131.70,131.70,3.8039,7.34261,11.1301,105.523,78.7463,69.9413,66.0223,62.9462,60.9241,59.0324,57.2587,55.5927,53.4233,51.1515,47.3975,41.407,34.0486,26.4686,13.6939
37.927,0.4500,1.0000,0.0000,6,141.42,-7.11,4.78,0.5145,-0.1313,9152.4,0.0,129.05,125.69,132.05,132.05,3.71242,7.10481,10.6286,113.958,82.9494,73.0786,68.7352,65.3473,63.1304,61.0634,59.1318,57.323,54.9757,52.5271,48.5025,42.1344,34.5509,26.8366,13.8384
37.945,0.4500,1.0000,0.0000,6,141.72,-7.27,4.79,0.5252,-0.1350,9179.4,0.0,129.31,125.93,132.44,132.44,3.61847,6.86605,10.1452,124.36,87.8821,76.7071,71.8538,68.095,65.6478,63.3752,61.2591,59.2842,56.7309,54.079,49.7455,42.9522,35.0735,27.2198,13.9888
37.965,0.4500,1.0000,0.0000,6,142.01,-7.45,4.79,0.5363,-0.1389,9206.86,0.0,129.57,126.16,132.84,132.84,3.52211,6.62659,9.67826,18.0982,93.7247,80.9306,75.4578,71.253,68.5314,66.0151,63.6816,61.512,58.7188,55.8315,51.1437,43.8694,35.6162,27.6183,14.1452
37.989,0.4243,1.0000,0.0000,6,142.30,-7.62,4.80,0.5477,-0.1427,9229.46,0.0,129.81,126.40,133.16,133.16,3.42353,6.38719,9.22786,15.9112,100.7,85.8688,79.6351,74.8898,71.8389,69.0317,66.4406,64.0415,60.9676,57.807,52.7115,44.8924,36.1757,28.0299,14.307
38.008,0.3299,1.0000,0.0000,6,142.60,-7.77,4.81,0.5596,-0.1465,9252.41,0.0,130.15,126.75,133.50,133.50,3.32273,6.14879,8.79449,14.4116,109.086,91.6565,84.4807,79.0762,75.6274,72.4721,69.5745,66.9047,63.5015,60.023,54.4588,46.0234,36.764,28.4504,14.4732
38.026,0.2969,1.0000,0.0000,6,142.90,-7.93,4.82,0.5718,-0.1501,9276.74,0.0,130.76,127.43,133.85,133.85,3.2199,5.91202,8.37766,13.2281,119.274,98.4782,90.1226,83.9064,79.9734,76.3985,73.1347,70.1436,66.3527,62.5036,56.3994,47.2672,37.408,28.8765,14.6427
38.045,0.2672,1.0000,0.0000,6,143.22,-8.06,4.83,0.5845,-0.1537,9301.15,0.0,131.34,128.10,134.20,134.20,3.11511,5.67759,7.9778,12.2396,131.752,106.53,96.6853,89.465,84.942,80.8599,77.1579,73.7854,69.539,65.2588,58.5347,48.6189,38.1021,29.3017,14.8142
38.064,0.2405,1.0000,0.0000,6,143.55,-8.15,4.83,0.5975,-0.1570,9323.41,0.0,131.85,128.71,134.52,134.52,3.00899,5.44673,7.5951,11.3872,147.266,116.102,104.353,95.8781,90.6292,85.9313,81.7024,77.8759,73.0926,68.3101,60.8744,50.0788,38.8435,29.721,14.986
38.089,0.2164,1.0000,0.0000,6,143.91,-8.20,4.84,0.6110,-0.1599,9341.79,0.0,132.31,129.28,134.79,134.79,2.90134,5.21942,7.22863,10.6369,166.823,127.521,113.314,103.264,97.1202,91.6729,86.8105,82.4439,77.0293,71.6635,63.4149,51.6378,39.6243,30.1278,15.1566
38.108,0.1948,1.0000,0.0000,6,144.28,-8.18,4.86,0.6248,-0.1622,9359.99,0.0,132.74,129.84,135.05,135.05,2.79219,4.99571,6.87755,9.96606,15.9561,141.243,123.822,111.777,104.524,98.1614,92.5356,87.5262,81.3698,75.3283,66.154,53.2881,40.4375,30.5168,15.3243
38.126,0.1753,1.0000,0.0000,6,144.66,-8.11,4.87,0.6390,-0.1641,9377.55,0.0,133.15,130.38,135.31,135.31,2.68149,4.77513,6.54007,9.35794,14.0892,157.877,136.194,121.6,112.964,105.481,98.935,93.1605,86.1333,79.3107,69.0871,55.0204,41.276,30.8831,15.4881
38.145,0.1578,1.0000,0.0000,6,145.05,-7.97,4.88,0.6536,-0.1656,9393.64,0.0,133.55,130.92,135.54,135.54,2.56939,4.55757,6.2151,8.80065,12.7679,178.263,150.833,132.953,122.585,113.725,106.066,99.3815,91.3346,83.6126,72.2052,56.8225,42.1316,31.2377,15.6468
38.164,0.1420,1.0000,0.0000,6,145.46,-7.77,4.89,0.6686,-0.1664,9406.29,0.0,133.94,131.47,135.72,135.72,2.45617,4.34316,5.9015,8.28602,11.7199,200.0,168.237,146.083,133.534,122.98,113.98,106.214,96.9773,88.2248,75.4908,58.6782,42.9942,31.5908,15.7988
38.182,0.1278,1.0000,0.0000,6,145.89,-7.49,4.90,0.6840,-0.1665,9418.0,0.0,134.34,132.03,135.89,135.89,2.34153,4.13107,5.59727,7.80564,10.8395,14.9892,189.029,161.265,145.965,133.326,122.71,113.668,103.051,93.1262,78.9183,60.5679,43.8537,31.9378,15.9432
38.207,0.1150,1.0000,0.0000,6,146.33,-7.14,4.92,0.6996,-0.1659,9428.8,0.0,134.73,132.59,136.05,136.05,2.22557,3.92115,5.30111,7.35337,10.0729,13.2962,200.0,178.86,160.071,144.864,132.305,121.758,109.547,98.298,82.4652,62.475,44.7018,32.2751,16.0794
38.226,0.1035,1.0000,0.0000,6,146.78,-6.74,4.94,0.7156,-0.1648,9438.18,0.0,135.13,133.15,136.19,136.19,2.10821,3.71233,5.01101,6.92269,9.3859,12.067,16.0634,199.331,176.089,157.712,142.818,130.504,116.46,103.723,86.1114,64.3861,45.5329,32.6011,16.2073
38.245,0.0932,1.0000,0.0000,6,147.24,-6.29,4.96,0.7318,-0.1631,9446.6,0.0,135.53,133.72,136.31,136.31,1.98976,3.50447,4.72611,6.50954,8.75762,11.0673,13.6974,200.0,194.299,172.0,154.303,139.918,123.778,109.379,89.8334,66.2873,46.3416,32.9138,16.3264
38.264,0.0838,1.0000,0.0000,6,147.71,-5.80,4.98,0.7483,-0.1607,9455.06,0.0,135.95,134.29,136.43,136.43,1.87026,3.29701,4.44493,6.10981,8.17271,10.2055,12.2667,200.0,200.0,187.833,166.783,149.985,131.466,115.227,93.5997,68.1616,47.1218,33.2113,16.4364
38.282,0.0755,1.0000,0.0000,6,148.19,-5.28,5.00,0.7650,-0.1577,9463.99,0.0,136.36,134.86,136.56,136.56,1.74982,3.08988,4.16679,5.72096,7.62155,9.43693,11.1546,14.9846,200.0,200.0,180.228,160.648,139.456,121.205,97.3656,69.9878,47.8656,33.4911,16.5374
38.308,0.0679,1.0000,0.0000,6,148.68,-4.74,5.03,0.7817,-0.1543,9473.83,0.0,136.78,135.43,136.70,136.70,1.62856,2.88277,3.89036,5.33973,7.0943,8.73113,10.2092,12.7433,200.0,200.0,194.657,171.884,147.711,127.278,101.108,71.7572,48.572,33.7534,16.6294
38.327,0.0611,1.0000,0.0000,6,149.17,-4.21,5.06,0.7985,-0.1503,9485.15,0.0,137.21,135.99,136.86,136.86,1.50711,2.67618,3.61575,4.96502,6.58591,8.07091,9.36778,11.3629,200.0,200.0,200.0,183.685,156.206,133.419,104.809,73.4644,49.2406,33.999,16.7123
38.345,0.0550,1.0000,0.0000,6,149.66,-3.70,5.10,0.8153,-0.1459,9499.95,0.0,137.65,136.53,137.07,137.07,1.38569,2.46963,3.34206,4.59423,6.08981,7.44051,8.59102,10.2494,13.1114,200.0,200.0,196.085,164.944,139.627,108.47,75.1141,49.8758,34.2306,16.7869
38.364,0.0495,1.0000,0.0000,6,150.16,-3.22,5.14,0.8320,-0.1409,9516.11,0.0,138.08,137.07,137.31,137.31,1.26487,2.26377,3.06973,4.22725,5.60389,6.83393,7.86146,9.27878,11.2265,200.0,200.0,200.0,173.845,145.84,112.056,76.6927,50.4738,34.4471,16.8529
38.389,-0.0318,1.0000,0.0000,6,150.66,-2.78,5.18,0.8484,-0.1357,9534.05,0.0,138.51,137.60,137.56,137.56,1.14531,2.05949,2.79968,3.86417,5.1269,6.24594,7.16655,8.39665,9.91862,200.0,200.0,200.0,182.913,152.057,115.567,78.2056,51.0384,34.6501,16.9104
38.408,-0.0868,1.0000,0.0000,6,151.16,-2.53,5.31,0.8645,-0.1287,9550.41,0.0,138.85,138.47,137.80,137.80,1.02947,1.86497,2.54652,3.5328,4.71003,5.75703,6.61811,7.76381,9.15635,200.0,200.0,200.0,187.577,155.163,117.241,78.8666,51.2456,34.6971,16.9317
38.427,-0.0913,1.0000,0.0000,6,151.67,-2.13,5.44,0.8796,-0.1175,9568.58,0.0,138.87,139.42,138.06,138.06,0.922462,1.69338,2.33247,3.27439,4.42794,5.48638,6.38724,7.65736,9.47205,200.0,200.0,200.0,181.095,150.614,114.533,77.5493,50.6311,34.3823,16.8769
38.445,-0.0821,1.0000,0.0000,6,152.19,-1.41,5.56,0.8935,-0.1030,9587.47,0.0,138.98,140.23,138.33,138.33,0.82505,1.54213,2.15123,3.07607,4.26125,5.4173,6.48641,8.30565,200.0,200.0,200.0,200.0,167.547,141.054,108.843,74.8315,49.4168,33.798,16.7637
38.464,-0.0739,1.0000,0.0000,6,152.72,-0.65,5.73,0.9061,-0.0876,9592.55,0.0,139.29,140.82,138.42,138.42,0.736816,1.40566,1.99065,2.91246,4.16651,5.51031,6.97525,200.0,200.0,200.0,200.0,181.071,153.663,131.022,102.704,71.8185,48.0483,33.1362,16.6275
38.482,-0.0665,1.0000,0.0000,6,153.22,-0.05,5.96,0.9172,-0.0723,9614.03,0.0,139.74,141.26,138.71,138.71,0.658333,1.2832,1.84746,2.7749,4.13213,5.80742,8.8753,200.0,200.0,200.0,186.839,165.051,141.903,122.32,97.2171,69.0341,46.7494,32.4964,16.4868
38.508,-0.0599,1.0000,0.0000,6,153.70,0.38,6.15,0.9266,-0.0575,9651.17,0.0,140.24,141.63,139.24,139.24,0.590714,1.1769,1.72435,2.66621,4.17457,6.55159,200.0,200.0,200.0,194.69,171.06,152.555,132.505,115.22,92.6171,66.6236,45.5923,31.9133,16.3478
38.527,-0.0539,1.0000,0.0000,6,154.17,0.68,6.27,0.9344,-0.0433,9694.76,0.0,140.74,141.98,139.86,139.86,0.535332,1.09041,1.62711,2.59894,4.34716,200.0,200.0,200.0,200.0,179.194,158.909,142.76,124.993,109.446,88.7873,64.5574,44.5723,31.3868,16.2104
38.545,-0.0485,1.0000,0.0000,6,154.64,0.88,6.34,0.9403,-0.0297,9737.2,0.0,141.24,142.33,140.48,140.48,0.492676,1.02602,1.56116,2.58853,4.76393,200.0,200.0,200.0,189.833,167.123,149.276,134.883,118.854,104.659,85.5486,62.7643,43.664,30.907,16.0731
38.564,-0.0437,1.0000,0.0000,6,155.11,1.01,6.39,0.9446,-0.0168,9775.35,0.0,141.73,142.70,141.03,141.03,0.463226,0.986881,1.53368,2.65854,5.85222,200.0,200.0,200.0,177.44,157.362,141.375,128.345,113.691,100.584,82.7433,61.175,42.8396,30.4622,15.9382
38.583,-0.0393,1.0000,0.0000,6,155.58,1.10,6.40,0.9471,-0.0041,9816.02,0.0,142.22,143.09,141.62,141.62,0.447853,0.976925,1.55402,2.84444,200.0,200.0,200.0,190.268,167.257,149.222,134.707,122.774,109.241,97.0341,80.2619,59.7397,42.0787,30.0432,15.8053
38.608,-0.0354,1.0000,0.0000,6,156.07,1.15,6.40,0.9479,0.0082,9846.86,0.0,142.69,143.48,142.07,142.07,0.446716,0.998688,1.6301,3.20171,200.0,200.0,200.0,179.454,158.749,142.337,129.009,117.972,105.366,93.914,78.0505,58.4359,41.373,29.6471,15.6742
38.626,-0.0318,1.0000,0.0000,6,156.55,1.16,6.41,0.9469,0.0202,9873.5,0.0,143.19,143.89,142.46,142.46,0.460762,1.0564,1.77471,3.85297,200.0,200.0,200.0,170.508,151.616,136.502,124.137,113.834,101.996,91.1762,76.0841,57.2543,40.7197,29.2729,15.5445
38.645,-0.0286,1.0000,0.0000,6,157.04,1.14,6.44,0.9442,0.0317,9899.69,0.0,143.67,144.30,142.83,142.83,0.490067,1.15366,2.00362,5.16013,200.0,200.0,195.798,162.945,145.517,131.466,119.898,110.209,99.0194,88.7388,74.3125,56.1708,40.1088,28.9163,15.4158
38.665,-0.0258,1.0000,0.0000,6,157.52,1.11,6.47,0.9398,0.0430,9932.23,0.0,144.15,144.72,143.30,143.30,0.535011,1.2953,2.33931,8.00463,200.0,200.0,186.624,156.388,140.178,127.022,116.131,106.968,96.3387,86.528,72.6882,55.1617,39.5297,28.5726,15.2874
38.683,-0.0232,1.0000,0.0000,6,158.00,1.07,6.48,0.9338,0.0542,9959.64,0.0,144.62,145.13,143.70,143.70,0.596344,1.48742,2.81524,11.5231,200.0,200.0,178.664,150.61,135.433,123.043,112.737,104.032,93.8943,84.4989,71.1824,54.2125,38.9759,28.2389,15.1586
38.708,-0.0209,1.0000,0.0000,6,158.49,1.03,6.51,0.9261,0.0650,9984.7,0.0,145.10,145.55,144.06,144.06,0.674454,1.73597,3.48498,15.6776,200.0,200.0,171.818,145.57,131.259,119.518,109.713,101.401,91.6891,82.6564,69.8008,53.328,38.4506,27.9169,15.0301
38.727,-0.0188,1.0000,0.0000,6,158.97,0.97,6.55,0.9167,0.0755,10010.3,0.0,145.57,145.97,144.43,144.43,0.769707,2.04949,4.2826,20.5432,200.0,200.0,165.84,141.112,127.54,116.358,106.986,99.0176,89.6787,80.9662,68.5214,52.4969,37.9487,27.6045,14.9014
38.745,-0.0169,1.0000,0.0000,6,159.44,0.91,6.60,0.9057,0.0859,10044.7,0.0,146.04,146.40,144.92,144.92,0.882668,2.42516,5.12319,26.2405,200.0,199.451,160.485,137.074,124.15,113.46,104.473,96.8117,87.8083,79.3854,67.3147,51.7032,37.4626,27.298,14.772
38.764,-0.0152,1.0000,0.0000,6,159.92,0.87,6.72,0.8930,0.0962,10071.8,0.0,146.48,146.89,145.32,145.32,1.01378,2.8198,6.01037,33.0836,200.0,191.982,155.396,133.205,120.886,110.66,102.036,94.6662,85.9826,77.837,66.1267,50.9162,36.9771,26.99,14.6405
38.783,0.0018,1.0000,0.0000,6,160.40,0.83,6.84,0.8789,0.1045,10097.3,0.0,146.93,147.31,145.69,145.69,1.15465,3.22802,6.93893,41.1256,200.0,185.33,150.795,129.673,117.889,108.075,99.7772,92.6691,84.2747,76.3813,65.0011,50.1619,36.5056,26.6872,14.5084
38.808,0.0175,1.0000,0.0000,6,160.88,0.81,6.94,0.8640,0.1054,10122.0,0.0,147.44,147.67,146.04,146.04,1.29748,3.63784,7.85792,48.7323,200.0,181.094,147.766,127.289,115.833,106.277,98.1841,91.243,83.0355,75.3076,64.1482,49.5655,36.1137,26.4237,14.3831
38.826,0.0296,1.0000,0.0000,6,161.37,0.71,7.05,0.8490,0.1051,10136.6,0.0,148.01,147.98,146.29,146.29,1.43998,4.03377,8.70006,53.1908,200.0,180.476,147.135,126.678,115.243,105.709,97.6394,90.7205,82.5424,74.8454,63.7359,49.2281,35.855,26.2274,14.2708
38.845,0.0391,1.0000,0.0000,6,161.87,0.54,7.22,0.8340,0.1037,10144.1,0.0,148.58,148.30,146.36,146.36,1.58067,4.40821,9.43723,53.9295,200.0,183.296,148.773,127.741,116.034,106.301,98.0806,91.0471,82.7499,74.957,63.7369,49.1336,35.7214,26.0946,14.1712
38.865,0.0466,1.0000,0.0000,6,162.34,0.34,7.35,0.8190,0.1014,10178.7,0.0,149.12,148.63,146.85,146.85,1.71849,4.75836,10.0676,52.1873,200.0,189.16,152.365,130.222,117.985,107.858,99.3386,92.0732,83.531,75.5358,64.0717,49.2336,35.6875,26.0122,14.0821
38.883,0.0434,1.0000,0.0000,6,162.79,0.12,7.41,0.8042,0.0983,10225.4,0.0,149.63,148.95,147.52,147.52,1.85236,5.0817,10.5924,49.1925,200.0,198.169,157.889,134.065,121.032,110.316,101.35,93.7389,84.8308,76.5328,64.7011,49.5023,35.739,25.9731,14.0025
38.908,0.0390,1.0000,0.0000,6,163.24,-0.14,7.40,0.7896,0.0948,10272.5,0.0,150.09,149.31,148.20,148.20,1.98197,5.38151,11.0374,46.1353,200.0,200.0,164.97,138.954,124.896,113.429,103.898,95.8517,86.4855,77.8103,65.5225,49.8771,35.8428,25.9604,13.9291
38.927,0.0351,1.0000,0.0000,6,163.69,-0.36,7.47,0.7753,0.0912,10312.8,0.0,150.57,149.75,148.79,148.79,2.10773,5.66348,11.4318,43.5541,200.0,200.0,173.201,144.55,129.286,116.945,106.763,98.2186,88.3329,79.2333,66.4368,50.2989,35.9681,25.9582,13.8589
38.945,0.0316,1.0000,0.0000,6,164.16,-0.56,7.61,0.7613,0.0875,10343.1,0.0,151.02,150.16,149.23,149.23,2.22911,5.92613,11.7738,41.2862,200.0,200.0,182.935,151.053,134.342,120.968,110.024,100.902,90.4193,80.8363,67.4659,50.7784,36.1201,25.9694,13.7926
38.964,0.0285,1.0000,0.0000,6,164.62,-0.72,7.71,0.7476,0.0839,10369.8,0.0,151.41,150.59,149.62,149.62,2.34653,6.17599,12.0929,39.5562,200.0,200.0,193.526,157.971,139.656,125.155,113.391,103.655,92.5425,82.4554,68.494,51.25,36.266,25.9776,13.7271
38.983,0.0256,1.0000,0.0000,6,165.12,-0.81,7.84,0.7343,0.0807,10361.1,0.0,151.79,151.05,149.56,149.56,2.46068,6.41972,12.4143,38.4263,200.0,200.0,200.0,164.698,144.751,129.122,116.548,106.212,94.4929,83.9252,69.4085,51.6521,36.3762,25.9688,13.6598
39.008,0.0230,1.0000,0.0000,6,165.61,-0.76,8.11,0.7214,0.0782,10359.5,0.0,152.17,151.60,149.47,149.47,2.57267,6.66736,12.7743,38.0395,200.0,200.0,200.0,170.078,148.748,132.181,118.943,108.122,95.9185,84.973,70.0278,51.8883,36.4056,25.9215,13.5867
39.026,0.0207,1.0000,0.0000,6,166.07,-0.67,8.32,0.7089,0.0763,10393.3,0.0,152.53,152.08,149.95,149.95,2.68239,6.91641,13.1592,38.1032,200.0,200.0,200.0,174.286,151.812,134.481,120.71,109.505,96.9217,85.6849,70.4159,51.9974,36.3745,25.846,13.5098
39.045,0.0187,1.0000,0.0000,6,166.50,-0.59,8.42,0.6967,0.0747,10442.3,0.0,152.90,152.52,150.65,150.65,2.7896,7.16179,13.5463,38.3398,200.0,200.0,200.0,177.962,154.445,136.428,122.183,110.64,97.7263,86.2388,70.6957,52.0477,36.3161,25.7585,13.4321
39.064,0.0168,1.0000,0.0000,6,166.94,-0.54,8.43,0.6848,0.0731,10492.9,0.0,153.28,152.93,151.38,151.38,2.8942,7.40025,13.9213,38.5978,200.0,200.0,200.0,181.59,157.02,138.315,123.6,111.723,98.4869,86.7561,70.9493,52.0837,36.2518,25.6692,13.3553
39.083,0.0151,1.0000,0.0000,6,167.38,-0.52,8.39,0.6731,0.0717,10536.6,0.0,153.68,153.35,152.01,152.01,2.99635,7.63159,14.282,38.8469,200.0,200.0,200.0,185.293,159.625,140.212,125.018,112.802,99.2398,87.2649,71.1956,52.1157,36.1864,25.5803,13.2797
39.108,0.0136,1.0000,0.0000,6,167.83,-0.51,8.37,0.6616,0.0702,10571.3,0.0,154.10,153.77,152.52,152.52,3.09633,7.85622,14.6286,39.076,200.0,200.0,200.0,189.143,162.313,142.159,126.466,113.901,100.004,87.7795,71.444,52.1484,36.1218,25.4925,13.2054
39.127,0.0122,1.0000,0.0000,6,168.29,-0.49,8.35,0.6503,0.0688,10599.3,0.0,154.51,154.19,152.93,152.93,3.19433,8.07551,14.9658,39.3147,200.0,200.0,200.0,193.005,164.985,144.079,127.884,114.969,100.74,88.2705,71.6749,52.1715,36.0534,25.4037,13.1319
39.145,0.0110,1.0000,0.0000,6,168.76,-0.48,8.34,0.6392,0.0675,10616.9,0.0,154.92,154.63,153.21,153.21,3.29073,8.29188,15.3013,39.6081,200.0,200.0,200.0,196.63,167.458,145.833,129.163,115.921,101.383,88.6878,71.8559,52.1681,35.9732,25.31,13.0583
39.164,0.0099,1.0000,0.0000,6,169.23,-0.44,8.39,0.6283,0.0664,10627.6,0.0,155.33,155.09,153.34,153.34,3.38588,8.50782,15.6433,40.002,200.0,200.0,200.0,199.702,169.508,147.256,130.176,116.655,101.857,88.9739,71.95,52.1194,35.8727,25.2074,12.9839
39.183,0.0089,1.0000,0.0000,6,169.69,-0.40,8.43,0.6176,0.0654,10654.3,0.0,155.74,155.53,153.72,153.72,3.47989,8.72311,15.99,40.4714,200.0,200.0,200.0,200.0,171.197,148.397,130.965,117.206,102.189,89.1509,71.9726,52.0339,35.7558,25.0977,12.9091
39.208,0.0080,1.0000,0.0000,6,170.14,-0.35,8.46,0.6070,0.0646,10685.0,0.0,156.14,155.96,154.16,154.16,3.57269,8.93677,16.3375,40.984,200.0,200.0,200.0,200.0,172.633,149.342,131.597,117.629,102.423,89.2531,71.9465,51.9236,35.6282,24.9837,12.8341
39.227,0.0072,1.0000,0.0000,6,170.59,-0.31,8.48,0.5966,0.0638,10718.2,0.0,156.55,156.38,154.64,154.64,3.66433,9.14846,16.6839,41.5226,200.0,200.0,200.0,200.0,173.881,150.141,132.113,117.959,102.585,89.3,71.8846,51.7955,35.4932,24.8669,12.7594
39.245,0.0065,1.0000,0.0000,6,171.04,-0.28,8.45,0.5863,0.0632,10749.8,0.0,156.94,156.79,155.10,155.10,3.75513,9.35892,17.0304,42.0863,200.0,200.0,200.0,200.0,174.951,150.802,132.52,118.2,102.679,89.2954,71.7893,51.6505,35.351,24.7471,12.6846
39.265,0.0059,1.0000,0.0000,6,171.49,-0.25,8.38,0.5761,0.0625,10780.5,0.0,157.34,157.19,155.54,155.54,3.84507,9.56837,17.3779,42.6799,200.0,200.0,200.0,200.0,175.811,151.304,132.803,118.341,102.698,89.2331,71.6571,51.4873,35.2011,24.6243,12.6099
39.283,0.0053,1.0000,0.0000,6,171.94,-0.22,8.31,0.5659,0.0620,10809.7,0.0,157.74,157.62,155.97,155.97,3.93436,9.77721,17.7268,43.3006,200.0,200.0,200.0,200.0,176.478,151.661,132.971,118.391,102.647,89.1189,71.4916,51.3074,35.0441,24.4986,12.535
39.308,0.0047,1.0000,0.0000,6,172.37,-0.20,8.21,0.5559,0.0615,10856.7,0.0,158.15,158.04,156.59,156.59,4.02316,9.98591,18.0781,43.9502,200.0,200.0,200.0,200.0,176.948,151.869,133.025,118.349,102.527,88.9523,71.2927,51.1108,34.8799,24.3698,12.46
39.327,0.0043,1.0000,0.0000,6,172.80,-0.18,8.06,0.5459,0.0610,10900.5,0.0,158.55,158.44,157.28,157.28,4.11118,10.1918,18.4223,44.5704,200.0,200.0,200.0,200.0,177.493,152.13,133.118,118.338,102.43,88.8028,71.1049,50.9202,34.7188,24.2429,12.3856
39.345,0.0038,1.0000,0.0000,6,173.27,-0.17,7.98,0.5360,0.0605,10913.0,0.0,158.97,158.86,157.47,157.47,4.19856,10.3962,18.7642,45.191,200.0,200.0,200.0,200.0,177.975,152.343,133.173,118.296,102.309,88.6357,70.906,50.7244,34.5558,24.1153,12.3114
39.364,0.0035,1.0000,0.0000,6,173.73,-0.16,7.95,0.5262,0.0601,10928.1,0.0,159.39,159.30,157.68,157.68,4.28549,10.6002,19.1073,45.83,200.0,200.0,200.0,200.0,178.313,152.448,133.145,118.189,102.139,88.4316,70.6836,50.5171,34.3879,23.9858,12.2373
39.383,0.0031,1.0000,0.0000,6,174.19,-0.14,7.95,0.5164,0.0597,10944.8,0.0,159.81,159.73,157.92,157.92,4.37217,10.8048,19.4542,46.5009,200.0,200.0,200.0,200.0,178.448,152.403,133.002,117.99,101.902,88.1766,70.429,50.2937,34.213,23.8533,12.1628
39.408,0.0028,1.0000,0.0000,6,174.65,-0.11,7.95,0.5067,0.0594,10964.2,0.0,160.22,160.15,158.20,158.20,4.45876,11.0104,19.8058,47.2048,200.0,200.0,200.0,200.0,178.381,152.211,132.746,117.702,101.597,87.8717,70.1428,50.0546,34.0312,23.7178,12.0879
39.427,0.0025,1.0000,0.0000,6,175.10,-0.09,7.93,0.4970,0.0592,10987.5,0.0,160.62,160.56,158.53,158.53,4.54497,11.2159,20.1592,47.9283,200.0,200.0,200.0,200.0,178.172,151.914,132.41,117.352,101.246,87.5326,69.8351,49.8051,33.8452,23.5805,12.013
39.446,0.0023,1.0000,0.0000,6,175.55,-0.07,7.93,0.4873,0.0589,11013.9,0.0,161.03,160.98,158.91,158.91,4.63087,11.421,20.5126,48.6579,200.0,200.0,200.0,200.0,177.89,151.564,132.034,116.971,100.872,87.1763,69.5169,49.5505,33.6571,23.4425,11.9382
39.465,0.0020,1.0000,0.0000,6,175.96,-0.06,7.87,0.4777,0.0587,11066.8,0.0,161.44,161.39,159.65,159.65,4.71668,11.6263,20.8672,49.3978,200.0,200.0,200.0,200.0,177.528,151.155,131.613,116.553,100.472,86.8002,69.1861,49.2898,33.4663,23.3033,11.8632
39.484,0.0018,1.0000,0.0000,6,176.40,-0.05,7.79,0.4681,0.0585,11099.7,0.0,161.83,161.78,160.15,160.15,4.80223,11.8309,21.2207,50.1361,200.0,200.0,200.0,200.0,177.137,150.725,131.176,116.124,100.062,86.4174,68.8513,49.0273,33.275,23.164,11.7884
39.508,0.0158,1.0000,0.0000,6,176.85,-0.03,7.75,0.4585,0.0583,11117.2,0.0,162.24,162.20,160.41,160.41,4.88758,12.0351,21.5737,50.8745,200.0,200.0,200.0,200.0,176.713,150.271,130.721,115.68,99.6417,86.0267,68.5116,48.7624,33.0827,23.0244,11.7136
39.527,0.0400,1.0000,0.0000,6,177.31,-0.00,7.74,0.4490,0.0577,11137.2,0.0,162.70,162.57,160.69,160.69,4.97007,12.2198,21.8645,51.2749,200.0,200.0,200.0,200.0,177.771,150.885,131.072,115.867,99.6886,85.9838,68.3919,48.6085,32.9408,22.9085,11.6436
39.546,0.0618,1.0000,0.0000,6,177.75,-0.01,7.75,0.4396,0.0558,11158.1,0.0,163.23,162.84,161.00,161.00,5.04412,12.3474,21.9748,50.7203,200.0,200.0,200.0,200.0,183.422,154.779,133.882,117.964,101.142,86.9823,68.9267,48.7819,32.9469,22.8619,11.5872
39.565,0.0781,1.0000,0.0000,6,178.19,-0.15,7.78,0.4306,0.0523,11181.1,0.0,163.81,163.04,161.33,161.33,5.10556,12.3937,21.8366,48.9639,195.568,200.0,200.0,200.0,196.86,164.062,140.642,123.081,104.778,89.5722,70.4427,49.4359,33.1667,22.9147,11.5506
39.583,0.0726,1.0000,0.0000,6,178.62,-0.43,7.82,0.4221,0.0472,11207.6,0.0,164.37,163.24,161.71,161.71,5.15293,12.3593,21.4713,46.3135,153.568,200.0,200.0,200.0,200.0,180.72,152.559,132.0,111.062,94.0322,73.0658,50.609,33.6105,23.0702,11.5349
39.608,0.0653,1.0000,0.0000,6,179.04,-0.81,7.85,0.4141,0.0413,11236.5,0.0,164.88,163.52,162.12,162.12,5.1899,12.2788,21.0009,43.4923,123.126,200.0,200.0,200.0,200.0,200.0,169.814,144.597,119.722,100.067,76.5465,52.1476,34.2013,23.291,11.5333
39.627,0.0588,1.0000,0.0000,6,179.47,-1.16,7.88,0.4068,0.0353,11262.1,0.0,165.28,163.90,162.49,162.49,5.22115,12.1893,20.542,41.0182,103.117,200.0,200.0,200.0,200.0,200.0,191.827,160.11,130.029,107.06,80.4571,53.8265,34.8366,23.5296,11.537
39.645,0.0529,1.0000,0.0000,6,179.88,-1.41,7.90,0.4001,0.0297,11291.8,0.0,165.62,164.32,162.92,162.92,5.24839,12.1055,20.1357,38.9878,89.8057,200.0,200.0,200.0,200.0,200.0,200.0,178.133,141.522,114.621,84.5375,55.5187,35.4626,23.7628,11.5425
39.665,0.0476,1.0000,0.0000,6,180.30,-1.57,7.91,0.3942,0.0246,11322.7,0.0,165.95,164.76,163.37,163.37,5.27228,12.0299,19.7833,37.3313,80.5068,191.455,200.0,200.0,200.0,200.0,200.0,198.756,154.08,122.607,88.6884,57.1798,36.0631,23.9841,11.5487
39.683,0.0429,1.0000,0.0000,6,180.72,-1.66,7.89,0.3889,0.0200,11351.6,0.0,166.28,165.20,163.78,163.78,5.29264,11.9611,19.4764,35.9655,73.7064,155.462,200.0,200.0,200.0,200.0,200.0,200.0,167.688,130.954,92.863,58.7932,36.6338,24.1927,11.5558
39.708,0.0386,1.0000,0.0000,6,181.14,-1.69,7.88,0.3843,0.0159,11378.2,0.0,166.62,165.65,164.17,164.17,5.30959,11.8981,19.2079,34.8286,68.5598,133.24,200.0,200.0,200.0,200.0,200.0,200.0,182.311,139.589,97.0166,60.3448,37.172,24.3882,11.5637
39.727,0.0347,1.0000,0.0000,6,181.56,-1.66,7.87,0.3804,0.0122,11403.1,0.0,166.97,166.09,164.53,164.53,5.32299,11.8387,18.9688,33.8643,64.527,118.163,200.0,200.0,200.0,200.0,200.0,200.0,198.031,148.51,101.143,61.8377,37.6813,24.5728,11.5728
39.746,0.0313,1.0000,0.0000,6,181.99,-1.60,7.86,0.3771,0.0088,11427.1,0.0,167.31,166.53,164.88,164.88,5.33297,11.7821,18.7548,33.0402,61.3041,107.343,179.156,200.0,200.0,200.0,200.0,200.0,200.0,157.631,105.201,63.262,38.1603,24.7464,11.5832
39.765,0.0281,1.0000,0.0000,6,182.42,-1.52,7.86,0.3744,0.0058,11449.0,0.0,167.66,166.97,165.19,165.19,5.33994,11.7289,18.5644,32.338,58.7087,99.3218,157.468,200.0,200.0,200.0,200.0,200.0,200.0,166.782,109.119,64.5981,38.6038,24.9073,11.5944
39.783,0.0253,1.0000,0.0000,6,182.85,-1.41,7.86,0.3722,0.0032,11470.9,0.0,168.02,167.41,165.51,165.51,5.34411,11.6789,18.3956,31.7405,56.6058,93.2337,142.431,200.0,200.0,200.0,200.0,200.0,200.0,175.783,112.831,65.8316,39.009,25.0548,11.6064
39.808,0.0228,1.0000,0.0000,6,183.27,-1.28,7.87,0.3706,0.0009,11494.9,0.0,168.38,167.84,165.85,165.85,5.34546,11.6305,18.2428,31.223,54.8652,88.4582,131.411,200.0,200.0,200.0,200.0,200.0,200.0,184.601,116.344,66.9724,39.3815,25.1915,11.6193
39.827,0.0205,1.0000,0.0000,6,183.70,-1.16,7.88,0.3695,-0.0011,11519.7,0.0,168.74,168.26,166.21,166.21,5.34399,11.5821,18.1001,30.7616,53.3791,84.5648,122.895,200.0,200.0,200.0,200.0,200.0,200.0,193.324,119.707,68.0435,39.7304,25.3211,11.6336
39.845,0.0185,1.0000,0.0000,6,184.12,-1.05,7.89,0.3688,-0.0030,11544.8,0.0,169.11,168.68,166.57,166.57,5.33994,11.5327,17.9636,30.34,52.0746,81.2819,116.024,185.389,200.0,200.0,200.0,200.0,200.0,200.0,122.971,69.0652,40.0629,25.4463,11.6495
39.864,0.0166,1.0000,0.0000,6,184.54,-0.94,7.90,0.3685,-0.0047,11570.1,0.0,169.49,169.10,166.94,166.94,5.33354,11.4827,17.8334,29.9551,50.9281,78.4986,110.411,171.412,200.0,200.0,200.0,200.0,200.0,200.0,126.103,70.0306,40.3775,25.5666,11.6667
39.883,0.0149,1.0000,0.0000,6,184.97,-0.85,7.91,0.3686,-0.0062,11595.3,0.0,169.86,169.50,167.30,167.30,5.32482,11.4314,17.7068,29.5968,49.9002,76.0842,105.696,160.316,200.0,200.0,200.0,200.0,200.0,200.0,129.132,70.9527,40.679,25.6838,11.6854
39.908,0.0135,1.0000,0.0000,6,185.39,-0.77,7.92,0.3690,-0.0076,11620.5,0.0,170.23,169.91,167.67,167.67,5.31383,11.3783,17.5826,29.26,48.9682,73.9612,101.666,151.274,200.0,200.0,200.0,200.0,200.0,200.0,132.066,71.8358,40.9694,25.7987,11.7056
39.927,0.0121,1.0000,0.0000,6,185.82,-0.69,7.94,0.3698,-0.0088,11643.2,0.0,170.60,170.32,167.99,167.99,5.30127,11.3255,17.4644,28.9518,48.1435,72.1342,98.2848,143.981,200.0,200.0,200.0,200.0,200.0,200.0,134.814,72.6552,41.2406,25.9078,11.7266
39.945,0.0109,1.0000,0.0000,6,186.24,-0.61,7.96,0.3708,-0.0099,11668.2,0.0,170.98,170.72,168.35,168.35,5.28705,11.2724,17.3504,28.6664,47.4055,70.5428,95.4064,137.983,200.0,200.0,200.0,200.0,200.0,200.0,137.384,73.417,41.4951,26.0124,11.7484
39.965,0.0098,1.0000,0.0000,6,186.66,-0.55,7.98,0.3720,-0.0109,11693.7,0.0,171.35,171.12,168.72,168.72,5.27132,11.2183,17.2385,28.3958,46.7271,69.115,92.8755,132.864,191.899,200.0,200.0,200.0,200.0,200.0,139.836,74.1407,41.7392,26.1145,11.7712
39.984,0.0088,1.0000,0.0000,6,187.07,-0.49,8.00,0.3735,-0.0118,11719.4,0.0,171.73,171.52,169.09,169.09,5.25411,11.1631,17.1276,28.136,46.0946,67.8139,90.612,128.405,182.916,200.0,200.0,200.0,200.0,200.0,142.196,74.8344,41.9756,26.2151,11.795
40.008,0.0079,1.0000,0.0000,6,187.49,-0.44,8.02,0.3752,-0.0127,11745.0,0.0,172.10,171.91,169.46,169.46,5.23568,11.1069,17.018,27.8865,45.5035,66.6234,88.5763,124.489,175.262,200.0,200.0,200.0,200.0,200.0,144.46,75.4986,42.2041,26.314,11.8196
40.027,0.0071,1.0000,0.0000,6,187.91,-0.39,8.03,0.3771,-0.0134,11770.5,0.0,172.48,172.31,169.83,169.83,5.21597,11.0497,16.9091,27.6458,44.9484,65.529,86.7357,121.026,168.675,200.0,200.0,200.0,200.0,200.0,146.628,76.1343,42.4255,26.4116,11.8452
40.045,0.0064,1.0000,0.0000,6,188.33,-0.35,8.05,0.3791,-0.0141,11795.7,0.0,172.85,172.70,170.19,170.19,5.19539,10.9924,16.8024,27.4161,44.4325,64.5322,85.0857,117.986,163.029,200.0,200.0,200.0,200.0,200.0,148.669,76.7337,42.6371,26.5064,11.8712
40.064,0.0058,1.0000,0.0000,6,188.74,-0.31,8.07,0.3813,-0.0147,11819.3,0.0,173.23,173.09,170.53,170.53,5.17379,10.9347,16.6977,27.1975,43.9555,63.6312,83.619,115.339,158.227,200.0,200.0,200.0,200.0,200.0,150.554,77.2914,42.8376,26.5983,11.8977
40.084,0.0052,1.0000,0.0000,6,189.16,-0.28,8.10,0.3837,-0.0153,11844.0,0.0,173.60,173.48,170.89,170.89,5.15142,10.8765,16.5942,26.986,43.5048,62.7951,82.277,112.96,153.995,200.0,200.0,200.0,200.0,200.0,152.34,77.822,43.0311,26.6885,11.9247
40.108,0.0047,1.0000,0.0000,6,189.57,-0.25,8.12,0.3862,-0.0158,11869.1,0.0,173.98,173.87,171.25,171.25,5.12816,10.8176,16.4909,26.7796,43.0748,62.0119,81.0369,110.798,150.219,200.0,200.0,200.0,200.0,200.0,154.037,78.33,43.2192,26.7777,11.9523
40.127,0.0042,1.0000,0.0000,6,189.98,-0.22,8.14,0.3888,-0.0163,11894.4,0.0,174.35,174.25,171.62,171.62,5.10419,10.7581,16.3879,26.5772,42.6608,61.2693,79.8752,108.803,146.791,200.0,200.0,200.0,200.0,200.0,155.669,78.821,43.4033,26.8661,11.9804
40.145,0.0038,1.0000,0.0000,6,190.40,-0.20,8.16,0.3915,-0.0167,11919.6,0.0,174.73,174.63,171.98,171.98,5.07943,10.6978,16.2849,26.3786,42.263,60.5675,78.7912,106.971,143.693,200.0,200.0,200.0,200.0,200.0,157.221,79.2924,43.5829,26.9538,12.0091
40.165,0.0034,1.0000,0.0000,6,190.81,-0.17,8.18,0.3943,-0.0171,11944.7,0.0,175.10,175.01,172.34,172.34,5.05397,10.6367,16.182,26.1832,41.8785,59.8996,77.7716,105.272,140.864,200.0,200.0,200.0,200.0,200.0,158.704,79.7471,43.7588,27.0409,12.0383
40.183,0.0031,1.0000,0.0000,6,191.22,-0.16,8.20,0.3972,-0.0174,11969.6,0.0,175.47,175.40,172.70,172.70,5.02816,10.5758,16.0804,25.9936,41.5127,59.274,76.8283,103.724,138.325,200.0,200.0,200.0,200.0,200.0,160.09,80.1772,43.9281,27.126,12.0676
40.208,0.0028,1.0000,0.0000,6,191.62,-0.14,8.22,0.4002,-0.0177,11993.7,0.0,175.84,175.78,173.05,173.05,5.00188,10.5148,15.9798,25.8086,41.1624,58.6848,75.951,102.305,136.034,200.0,200.0,200.0,200.0,200.0,161.382,80.5849,44.0917,27.2096,12.0972
40.227,0.0025,1.0000,0.0000,6,192.03,-0.12,8.24,0.4032,-0.0180,12018.1,0.0,176.22,176.15,173.40,173.40,4.97496,10.4527,15.878,25.6234,40.8154,58.1067,75.0969,100.938,133.848,198.625,200.0,200.0,200.0,200.0,162.655,80.9888,44.2553,27.2938,12.1273
40.245,0.0022,1.0000,0.0000,6,192.44,-0.11,8.27,0.4063,-0.0183,12042.8,0.0,176.59,176.53,173.76,173.76,4.94773,10.3907,15.7774,25.4427,40.4826,57.5607,74.2997,99.68,131.868,194.778,200.0,200.0,200.0,200.0,163.839,81.3712,44.4132,27.3764,12.1575
40.264,0.0020,1.0000,0.0000,6,192.84,-0.09,8.29,0.4095,-0.0185,12067.5,0.0,176.95,176.91,174.12,174.12,4.92014,10.3286,15.6776,25.2663,40.1639,57.0462,73.5585,98.5292,130.084,191.393,200.0,200.0,200.0,200.0,164.925,81.7307,44.5652,27.4573,12.1879
40.283,0.0018,1.0000,0.0000,6,193.25,-0.08,8.31,0.4128,-0.0187,12092.1,0.0,177.32,177.28,174.47,174.47,4.89213,10.266,15.5774,25.0901,39.8484,56.5413,72.8359,97.417,128.375,188.197,200.0,200.0,200.0,200.0,165.986,82.0852,44.7166,27.5384,12.2186
40.308,0.0016,1.0000,0.0000,6,193.65,-0.07,8.33,0.4161,-0.0189,12116.7,0.0,177.69,177.65,174.83,174.83,4.86368,10.2025,15.476,24.9127,39.532,56.0371,72.1173,96.3166,126.695,185.085,200.0,200.0,200.0,200.0,167.053,82.442,44.8693,27.6205,12.2498
40.327,0.0015,1.0000,0.0000,6,194.05,-0.06,8.35,0.4194,-0.0191,12141.1,0.0,178.06,178.02,175.18,175.18,4.83478,10.1381,15.3733,24.7331,39.2125,55.5294,71.3952,95.2147,125.019,182.006,200.0,200.0,200.0,200.0,168.141,82.8048,45.0245,27.7039,12.2814
40.346,0.0013,1.0000,0.0000,6,194.45,-0.06,8.37,0.4228,-0.0193,12165.6,0.0,178.43,178.40,175.53,175.53,4.8056,10.0737,15.2714,24.5571,38.9044,55.0467,70.717,94.195,123.492,179.26,200.0,200.0,200.0,200.0,169.143,83.1477,45.1746,27.7857,12.3132
40.365,0.0012,1.0000,0.0000,6,194.85,-0.05,8.39,0.4263,-0.0195,12189.7,0.0,178.79,178.77,175.88,175.88,4.77628,10.0098,15.171,24.3863,38.6108,54.595,70.0915,93.2719,122.135,176.886,200.0,200.0,200.0,200.0,170.032,83.4641,45.3174,27.8652,12.3448
40.383,0.0011,1.0000,0.0000,6,195.25,-0.05,8.41,0.4297,-0.0196,12213.9,0.0,179.16,179.14,176.23,176.23,4.74673,9.94557,15.0707,24.2166,38.3217,54.154,69.4852,92.3854,120.844,174.662,200.0,200.0,200.0,200.0,170.881,83.7719,45.4583,27.9443,12.3766
40.408,0.0010,1.0000,0.0000,6,195.65,-0.04,8.43,0.4333,-0.0197,12237.9,0.0,179.53,179.50,176.58,176.58,4.71684,9.88077,14.9696,24.0461,38.0323,53.7142,68.8826,91.5084,119.574,172.491,200.0,200.0,200.0,200.0,171.726,84.0797,45.5997,28.024,12.4087
40.427,0.0009,1.0000,0.0000,6,196.05,-0.03,8.45,0.4368,-0.0198,12262.0,0.0,179.89,179.87,176.92,176.92,4.68671,9.81551,14.8679,23.8747,37.7421,53.274,68.2806,90.6347,118.313,170.347,200.0,200.0,200.0,200.0,172.575,84.3891,45.7421,28.1042,12.441
40.446,0.0008,1.0000,0.0000,6,196.45,-0.03,8.47,0.4404,-0.0200,12286.0,0.0,180.26,180.23,177.27,177.27,4.6564,9.74992,14.7657,23.7027,37.4509,52.8328,67.6779,89.7611,117.054,168.214,200.0,200.0,200.0,200.0,173.434,84.7013,45.8856,28.185,12.4736
40.465,0.0007,1.0000,0.0000,6,196.84,-0.03,8.49,0.4440,-0.0201,12309.9,0.0,180.62,180.60,177.62,177.62,4.62578,9.68367,14.6625,23.5292,37.1578,52.3896,67.0734,88.887,115.798,166.096,200.0,200.0,200.0,200.0,174.303,85.0166,46.0305,28.2666,12.5065
40.483,0.0006,1.0000,0.0000,6,197.24,-0.03,8.51,0.4477,-0.0202,12334.7,0.0,180.98,180.96,177.97,177.97,4.59485,9.61682,14.5585,23.3544,36.8631,51.9445,66.4674,88.0126,114.544,163.993,200.0,200.0,200.0,200.0,175.18,85.3349,46.1767,28.349,12.5398
40.508,0.0006,1.0000,0.0000,6,197.63,-0.03,8.53,0.4513,-0.0203,12358.6,0.0,181.34,181.32,178.32,178.32,4.56366,9.54943,14.4537,23.1783,36.5662,51.4966,65.8579,87.1342,113.287,161.89,200.0,200.0,200.0,200.0,176.073,85.6575,46.3247,28.4322,12.5733
40.527,0.0005,1.0000,0.0000,6,198.02,-0.03,8.54,0.4550,-0.0205,12382.2,0.0,181.71,181.68,178.66,178.66,4.53229,9.48167,14.3483,23.0015,36.2686,51.0482,65.2484,86.2575,112.035,159.804,200.0,200.0,200.0,200.0,176.974,85.9826,46.4737,28.516,12.6071
40.546,0.0005,1.0000,0.0000,6,198.41,-0.03,8.56,0.4588,-0.0206,12405.6,0.0,182.07,182.04,179.00,179.00,4.50062,9.41331,14.2421,22.8235,35.9693,50.5979,64.6375,85.3807,110.786,157.732,200.0,200.0,200.0,200.0,177.884,86.3106,46.624,28.6006,12.6412
40.564,0.0004,1.0000,0.0000,6,198.80,-0.03,8.58,0.4626,-0.0207,12428.9,0.0,182.42,182.40,179.33,179.33,4.46885,9.34535,14.1372,22.6498,35.6822,50.1732,64.0693,84.5804,109.669,155.934,200.0,200.0,200.0,200.0,178.679,86.6122,46.7672,28.6828,12.6751
40.584,0.0004,1.0000,0.0000,6,199.19,-0.03,8.60,0.4663,-0.0207,12452.4,0.0,182.77,182.77,179.67,179.67,4.43715,9.2782,14.0345,22.4822,35.4107,49.7798,63.5527,83.8708,108.705,154.449,200.0,200.0,200.0,200.0,179.33,86.8806,46.9009,28.7617,12.7086
40.608,0.0003,1.0000,0.0000,6,199.58,-0.02,8.61,0.4702,-0.0208,12475.8,0.0,183.13,183.13,180.01,180.01,4.40537,9.21122,13.9325,22.3167,35.1453,49.3993,63.0579,83.2001,107.808,153.101,200.0,200.0,200.0,200.0,179.918,87.1345,47.0308,28.8393,12.742
40.627,0.0003,1.0000,0.0000,6,199.97,-0.01,8.62,0.4740,-0.0208,12501.2,0.0,183.48,183.48,180.38,180.38,4.37336,9.14383,13.8299,22.1508,34.8799,49.02,62.566,82.5361,106.924,151.784,200.0,200.0,200.0,200.0,180.492,87.3864,47.1606,28.9171,12.7756
40.645,0.0003,1.0000,0.0000,6,200.35,-0.01,8.64,0.4778,-0.0208,12524.6,0.0,183.84,183.84,180.71,180.71,4.34129,9.07635,13.7273,21.9848,34.6149,48.6418,62.0762,81.8764,106.047,150.483,200.0,200.0,200.0,200.0,181.061,87.6372,47.2901,28.9949,12.8093
40.665,0.0002,1.0000,0.0000,6,200.74,-0.01,8.65,0.4817,-0.0208,12547.5,0.0,184.19,184.19,181.04,181.04,4.30909,9.00862,13.6243,21.8184,34.3491,48.2626,61.5854,81.2155,105.17,149.183,200.0,200.0,200.0,200.0,181.631,87.8887,47.4202,29.073,12.8431
40.684,0.0002,1.0000,0.0000,6,201.12,-0.00,8.67,0.4856,-0.0209,12570.2,0.0,184.55,184.55,181.37,181.37,4.2767,8.94049,13.5207,21.651,34.0819,47.8816,61.0923,80.5519,104.29,147.879,200.0,200.0,200.0,200.0,182.204,88.1418,47.551,29.1516,12.8771
40.708,-0.0074,1.0000,0.0000,6,201.51,-0.00,8.68,0.4895,-0.0209,12593.0,0.0,184.90,184.90,181.70,181.70,4.2443,8.87234,13.4171,21.4835,33.8148,47.5007,60.5995,79.8889,103.411,146.578,200.0,200.0,200.0,200.0,182.779,88.3951,47.6819,29.2302,12.9111
40.727,-0.0066,1.0000,0.0000,6,201.89,-0.01,8.70,0.4934,-0.0207,12616.0,0.0,185.23,185.27,182.03,182.03,4.21279,8.80969,13.3267,21.3506,33.6338,47.2905,60.3852,79.711,103.346,146.919,200.0,200.0,200.0,200.0,182.483,88.4455,47.7545,29.2876,12.9421
40.746,-0.0060,1.0000,0.0000,6,202.27,0.03,8.71,0.4972,-0.0202,12640.9,0.0,185.55,185.66,182.39,182.39,4.18283,8.75454,13.2532,21.2607,33.5589,47.2893,60.5117,80.1284,104.287,149.316,200.0,200.0,200.0,200.0,181.16,88.2513,47.7557,29.3185,12.9687
40.764,-0.0054,1.0000,0.0000,6,202.65,0.09,8.71,0.5010,-0.0196,12665.5,0.0,185.88,186.02,182.75,182.75,4.15351,8.70188,13.1851,21.1839,33.5159,47.3519,60.7442,80.7374,105.566,152.462,200.0,200.0,200.0,200.0,179.57,87.9879,47.7356,29.3412,12.994
40.784,-0.0048,1.0000,0.0000,6,203.03,0.13,8.72,0.5047,-0.0191,12688.2,0.0,186.24,186.37,183.07,183.07,4.1245,8.64924,13.1163,21.104,33.4636,47.396,60.9476,81.3007,106.782,155.543,200.0,200.0,200.0,200.0,178.126,87.7523,47.722,29.3658,13.0191
40.808,-0.0043,1.0000,0.0000,6,203.41,0.15,8.73,0.5084,-0.0186,12710.5,0.0,186.59,186.71,183.40,183.40,4.09567,8.5962,13.0458,21.0185,33.3963,47.4096,61.1018,81.7817,107.869,158.414,200.0,200.0,200.0,200.0,176.869,87.5561,47.7187,29.3936,13.0445
40.827,-0.0039,1.0000,0.0000,6,203.79,0.17,8.75,0.5120,-0.0182,12732.7,0.0,186.95,187.05,183.72,183.72,4.06717,8.54285,12.9735,20.9267,33.3106,47.3846,61.1917,82.1502,108.771,160.933,200.0,200.0,200.0,200.0,175.829,87.4076,47.7279,29.4254,13.07
40.846,-0.0035,1.0000,0.0000,6,204.17,0.17,8.76,0.5156,-0.0178,12755.1,0.0,187.30,187.39,184.04,184.04,4.03901,8.48927,12.8997,20.8288,33.2071,47.3219,61.2181,82.4052,109.48,163.069,200.0,200.0,200.0,200.0,174.992,87.3041,47.749,29.461,13.0957
40.864,-0.0032,1.0000,0.0000,6,204.55,0.16,8.76,0.5191,-0.0175,12777.8,0.0,187.65,187.74,184.37,184.37,4.01117,8.43592,12.8256,20.729,33.0969,47.2444,61.2193,82.6158,110.116,165.08,200.0,200.0,200.0,200.0,174.244,87.219,47.7744,29.4977,13.1213
40.883,-0.0029,1.0000,0.0000,6,204.92,0.16,8.76,0.5225,-0.0172,12805.1,0.0,188.00,188.08,184.76,184.76,3.98364,8.38256,12.7506,20.6251,32.9742,47.1396,61.1738,82.7413,110.606,166.786,200.0,200.0,200.0,200.0,173.635,87.1654,47.8082,29.537,13.1468
40.908,-0.0026,1.0000,0.0000,6,205.30,0.15,8.76,0.5259,-0.0169,12827.7,0.0,188.35,188.42,185.09,185.09,3.95642,8.32915,12.6746,20.5173,32.8391,47.0077,61.0813,82.7805,110.943,168.166,200.0,200.0,200.0,200.0,173.161,87.1427,47.8501,29.5788,13.1725
40.927,-0.0023,1.0000,0.0000,6,205.67,0.14,8.77,0.5292,-0.0167,12849.6,0.0,188.70,188.76,185.40,185.40,3.92953,8.27622,12.5991,20.4092,32.7015,46.8691,60.9766,82.7965,111.24,169.472,200.0,200.0,200.0,200.0,172.729,87.1282,47.8936,29.6208,13.1979
40.946,-0.0021,1.0000,0.0000,6,206.05,0.13,8.78,0.5325,-0.0165,12871.3,0.0,189.05,189.10,185.72,185.72,3.90296,8.22337,12.5228,20.2978,32.5533,46.7064,60.8297,82.7329,111.394,170.457,200.0,200.0,200.0,200.0,172.413,87.1408,47.9443,29.6651,13.2233
40.965,-0.0019,1.0000,0.0000,6,206.42,0.12,8.78,0.5358,-0.0163,12893.0,0.0,189.40,189.44,186.03,186.03,3.87652,8.17017,12.4452,20.1817,32.3917,46.5151,60.6332,82.5772,111.381,171.06,200.0,200.0,200.0,200.0,172.224,87.1841,48.0036,29.7122,13.2489
40.984,-0.0017,1.0000,0.0000,6,206.80,0.11,8.78,0.5390,-0.0161,12915.0,0.0,189.74,189.78,186.35,186.35,3.85037,8.11734,12.3679,20.0652,32.2269,46.3154,60.421,82.3902,111.31,171.531,200.0,200.0,200.0,200.0,172.079,87.2372,48.0651,29.7598,13.2744
41.008,-0.0015,1.0000,0.0000,6,207.17,0.10,8.79,0.5421,-0.0160,12938.1,0.0,190.09,190.12,186.68,186.68,3.82448,8.06501,12.2912,19.9495,32.0632,46.1169,60.2099,82.2043,111.24,172.01,200.0,200.0,200.0,200.0,171.936,87.2894,48.1259,29.8069,13.2996
41.027,-0.0014,1.0000,0.0000,6,207.53,0.09,8.77,0.5453,-0.0158,12966.2,0.0,190.43,190.46,187.09,187.09,3.79882,8.01314,12.2152,19.8351,31.9015,45.9215,60.0035,82.0262,111.185,172.529,200.0,200.0,200.0,200.0,171.785,87.3383,48.1852,29.8533,13.3245
41.046,-0.0012,1.0000,0.0000,6,207.91,0.09,8.76,0.5484,-0.0157,12987.2,0.0,190.77,190.80,187.39,187.39,3.77332,7.96116,12.1384,19.7175,31.7304,45.705,59.7599,81.7772,110.999,172.735,200.0,200.0,200.0,200.0,171.728,87.4101,48.2509,29.9017,13.3496
41.065,-0.0011,1.0000,0.0000,6,208.28,0.08,8.77,0.5515,-0.0156,13008.5,0.0,191.12,191.14,187.70,187.70,3.74784,7.9087,12.0602,19.5955,31.5468,45.462,59.4702,81.4412,110.651,172.553,200.0,200.0,200.0,200.0,171.782,87.5101,48.3248,29.953,13.3749
41.084,-0.0010,1.0000,0.0000,6,208.65,0.07,8.78,0.5545,-0.0155,13029.5,0.0,191.46,191.48,188.00,188.00,3.72249,7.85633,11.9819,19.4726,31.3601,45.2115,59.1671,81.0787,110.254,172.249,200.0,200.0,200.0,200.0,171.87,87.6181,48.4008,30.005,13.4003
41.108,-0.0009,1.0000,0.0000,6,209.02,0.06,8.81,0.5576,-0.0154,13050.5,0.0,191.80,191.82,188.30,188.30,3.69723,7.80413,11.9038,19.35,31.1736,44.9611,58.8636,80.7151,109.854,171.939,200.0,200.0,200.0,200.0,171.959,87.7259,48.4765,30.0567,13.4256
41.127,-0.0008,1.0000,0.0000,6,209.39,0.05,8.84,0.5606,-0.0154,13071.7,0.0,192.14,192.16,188.61,188.61,3.67218,7.75238,11.8264,19.2287,30.9897,44.7149,58.5665,80.362,109.472,171.672,200.0,200.0,200.0,200.0,172.035,87.8295,48.5507,30.1077,13.4506
41.145,-0.0007,1.0000,0.0000,6,209.76,0.05,8.88,0.5637,-0.0153,13090.8,0.0,192.48,192.50,188.89,188.89,3.64727,7.70096,11.7495,19.1084,30.8074,44.4715,58.2736,80.0161,109.103,171.436,200.0,200.0,200.0,199.331,172.101,87.93,48.6236,30.1581,13.4754
41.164,-0.0120,1.0000,0.0000,6,210.12,0.04,8.93,0.5667,-0.0152,13112.4,0.0,192.82,192.84,189.20,189.20,3.62246,7.64972,11.6729,18.9883,30.6253,44.2279,57.9801,79.6684,108.73,171.191,200.0,200.0,200.0,198.235,172.168,88.0305,48.6963,30.2083,13.5001
41.183,-0.0276,1.0000,0.0000,6,210.49,0.03,8.97,0.5696,-0.0147,13135.5,0.0,193.11,193.21,189.53,189.53,3.59945,7.60757,11.6174,18.9235,30.5856,44.2804,58.1949,80.2818,110.155,175.455,200.0,200.0,200.0,196.985,171.023,87.8119,48.6717,30.2218,13.519
41.209,-0.0249,1.0000,0.0000,6,210.85,0.08,8.99,0.5724,-0.0132,13159.7,0.0,193.33,193.65,189.88,189.88,3.58118,7.58915,11.6171,19.0041,30.9256,45.133,59.8041,83.5943,116.791,200.0,200.0,200.0,200.0,195.335,166.861,86.7809,48.3963,30.1401,13.5225
41.227,-0.0224,1.0000,0.0000,6,211.21,0.28,9.05,0.5750,-0.0110,13183.4,0.0,193.58,194.08,190.22,190.22,3.56742,7.59072,11.6623,19.2045,31.5867,46.6925,62.7046,89.6065,129.217,200.0,200.0,200.0,198.379,193.361,160.796,85.1842,47.9371,29.9863,13.5137
41.246,-0.0201,1.0000,0.0000,6,211.57,0.48,9.10,0.5773,-0.0087,13206.2,0.0,193.88,194.43,190.55,190.55,3.55612,7.59947,11.7219,19.4418,32.3563,48.5301,66.1981,97.167,145.952,200.0,200.0,200.0,196.515,191.298,154.83,83.5447,47.4514,29.8188,13.5011
41.264,-0.0181,1.0000,0.0000,6,211.93,0.62,9.15,0.5793,-0.0064,13222.0,0.0,194.23,194.74,190.79,190.79,3.54682,7.61058,11.7832,19.6789,33.1312,50.4236,69.9037,105.626,166.371,200.0,200.0,198.358,194.679,189.261,149.638,82.0642,47.0028,29.6616,13.4882
41.282,-0.0163,1.0000,0.0000,6,212.29,0.69,9.22,0.5810,-0.0045,13240.7,0.0,194.59,195.05,191.05,191.05,3.53932,7.62195,11.8403,19.8975,33.8557,52.2382,73.5633,114.471,200.0,200.0,198.969,196.679,192.915,187.31,145.365,80.8068,46.6149,29.5239,13.4762
41.308,-0.0147,1.0000,0.0000,6,212.65,0.71,9.29,0.5824,-0.0028,13263.7,0.0,194.95,195.34,191.38,191.38,3.53353,7.63329,11.8925,20.0948,34.5161,53.9299,77.0738,123.45,200.0,199.464,197.392,195.066,191.23,185.46,141.88,79.7542,46.2849,29.4054,13.4654
41.327,-0.0132,1.0000,0.0000,6,213.00,0.70,9.33,0.5835,-0.0014,13288.7,0.0,195.30,195.64,191.74,191.74,3.52931,7.64522,11.942,20.2773,35.1296,55.5307,80.4832,132.666,199.839,197.956,195.86,193.502,189.606,183.687,138.954,78.8496,45.9968,29.3006,13.455
41.345,-0.0119,1.0000,0.0000,6,213.35,0.68,9.36,0.5843,-0.0001,13313.9,0.0,195.65,195.95,192.10,192.10,3.52713,7.65941,11.992,20.4528,35.7142,57.0737,83.8424,142.24,198.38,196.479,194.362,191.979,188.029,181.978,136.433,78.0523,45.738,29.2044,13.4443
41.364,-0.0107,1.0000,0.0000,6,213.71,0.64,9.39,0.5848,0.0011,13337.2,0.0,195.99,196.26,192.44,192.44,3.52695,7.67622,12.0439,20.6251,36.2796,58.578,87.1834,152.273,196.942,195.026,192.891,190.486,186.491,180.32,134.217,77.3365,45.501,29.1144,13.4328
41.383,-0.0096,1.0000,0.0000,6,214.07,0.61,9.41,0.5851,0.0022,13355.9,0.0,196.32,196.57,192.72,192.72,3.52842,7.69513,12.0971,20.7938,36.8263,60.0432,90.5007,162.776,195.524,193.594,191.445,189.021,184.988,178.71,132.256,76.69,45.2829,29.0299,13.4208
41.409,-0.0087,1.0000,0.0000,6,214.43,0.56,9.46,0.5851,0.0031,13375.1,0.0,196.67,196.89,192.99,192.99,3.53149,7.71585,12.1507,20.9565,37.3447,61.4389,93.715,195.882,194.127,192.187,190.026,187.588,183.524,177.157,130.546,76.1156,45.0854,28.9515,13.4085
41.427,-0.0078,1.0000,0.0000,6,214.78,0.52,9.49,0.5849,0.0039,13397.4,0.0,197.01,197.20,193.31,193.31,3.53618,7.73862,12.2055,21.1146,37.8375,62.7662,96.8146,194.511,192.749,190.802,188.632,186.183,182.096,175.658,129.048,75.6027,44.9052,28.8783,13.3956
41.446,-0.0070,1.0000,0.0000,6,215.13,0.47,9.51,0.5845,0.0047,13420.6,0.0,197.34,197.52,193.64,193.64,3.54225,7.76309,12.2611,21.2683,38.3064,64.0273,99.7955,193.155,191.388,189.436,187.26,184.804,180.701,174.209,127.729,75.1423,44.7402,28.8095,13.3824
41.465,-0.0063,1.0000,0.0000,6,215.48,0.43,9.53,0.5839,0.0053,13443.5,0.0,197.68,197.83,193.97,193.97,3.54961,7.78917,12.3175,21.4179,38.752,65.2205,102.643,191.813,190.043,188.087,185.908,183.448,179.336,172.808,126.564,74.7285,44.5885,28.7446,13.3687
41.484,-0.0057,1.0000,0.0000,6,215.83,0.39,9.55,0.5832,0.0059,13465.6,0.0,198.01,198.14,194.29,194.29,3.55809,7.81655,12.3742,21.5625,39.1719,66.3369,105.325,190.485,188.713,186.755,184.575,182.114,177.999,171.454,125.543,74.3586,44.4499,28.6838,13.3547
41.508,-0.0051,1.0000,0.0000,6,216.18,0.35,9.56,0.5823,0.0064,13486.6,0.0,198.34,198.46,194.60,194.60,3.56765,7.84561,12.4325,21.7067,39.5818,67.4201,107.943,189.164,187.391,185.434,183.254,180.794,176.681,170.129,124.607,74.0141,44.3181,28.6246,13.3402
41.527,-0.0450,1.0000,0.0000,6,216.53,0.32,9.58,0.5813,0.0069,13507.2,0.0,198.67,198.78,194.89,194.89,3.57807,7.87585,12.4917,21.8491,39.9782,68.4606,110.471,187.85,186.078,184.122,181.944,179.487,175.379,168.833,123.756,73.6952,44.1936,28.5675,13.3254
41.546,-0.0991,1.0000,0.0000,6,216.88,0.24,9.59,0.5800,0.0087,13528.9,0.0,198.83,199.21,195.21,195.21,3.59556,7.94222,12.6402,22.2603,41.2741,72.1895,120.274,186.277,184.479,182.494,180.281,177.778,173.569,166.703,120.842,72.6339,43.8011,28.4,13.2911
41.565,-0.1556,1.0000,0.0000,6,217.21,0.43,9.61,0.5781,0.0137,13552.8,0.0,198.74,199.78,195.55,195.55,3.62971,8.09681,13.0118,23.3711,45.0947,84.4377,186.419,184.058,182.169,180.076,177.726,175.042,170.413,161.835,113.579,69.9281,42.7975,27.9771,13.2116
41.584,-0.1693,1.0000,0.0000,6,217.51,1.04,9.62,0.5753,0.0224,13580.8,0.0,198.51,200.32,195.95,195.95,3.68694,8.3726,13.7009,25.5737,53.729,119.848,183.53,180.95,178.869,176.537,173.876,170.743,164.862,143.307,102.679,65.6197,41.1419,27.2675,13.0778
41.608,-0.1524,1.0000,0.0000,6,217.79,2.03,9.62,0.5712,0.0339,13611.2,0.0,198.37,200.85,196.39,196.39,3.76799,8.76999,14.7306,29.181,71.6484,182.758,179.871,176.934,174.524,171.755,168.454,164.2,148.398,121.714,91.0621,60.6499,39.1269,26.3758,12.9025
41.627,-0.1372,1.0000,0.0000,6,218.05,3.11,9.61,0.5657,0.0464,13641.9,0.0,198.45,201.28,196.83,196.83,3.86875,9.26166,16.0547,34.4282,111.372,178.945,175.627,172.166,169.219,165.624,160.687,147.19,123.59,104.467,81.0088,55.9882,37.121,25.4527,12.7095
41.646,-0.1235,1.0000,0.0000,6,218.31,4.05,9.60,0.5586,0.0587,13669.2,0.0,198.68,201.53,197.23,197.23,3.98624,9.82505,17.6327,41.7292,180.501,174.82,170.932,166.674,162.719,156.64,138.879,122.982,106.007,91.578,72.9898,51.996,35.3018,24.5805,12.5128
41.664,-0.1111,1.0000,0.0000,6,218.57,4.72,9.60,0.5497,0.0700,13689.6,0.0,199.00,201.69,197.53,197.53,4.11862,10.4444,19.4344,51.7837,176.971,170.481,165.802,160.095,151.897,132.982,118.263,106.485,93.4656,82.0197,66.7331,48.6901,33.7148,23.7883,12.3188
41.684,-0.1000,1.0000,0.0000,6,218.85,5.10,9.60,0.5392,0.0801,13706.3,0.0,199.38,201.82,197.77,197.77,4.2647,11.1084,21.433,65.7115,173.431,165.97,160.053,147.545,129.527,115.439,104.121,94.8318,84.3116,74.8372,61.8409,45.9733,32.348,23.0786,12.1292
41.708,-0.0900,1.0000,0.0000,6,219.13,5.22,9.59,0.5270,0.0889,13720.3,0.0,199.79,201.93,197.97,197.97,4.42404,11.8086,23.5998,85.2727,169.944,161.264,152.584,128.372,114.422,103.213,94.0108,86.3213,77.4611,69.3399,57.9746,43.7332,31.1713,22.4436,11.9437
41.727,-0.0810,1.0000,0.0000,6,219.42,5.10,9.57,0.5130,0.0963,13732.5,0.0,200.23,202.06,198.15,198.15,4.59566,12.535,25.8912,113.135,166.562,156.23,136.26,115.192,103.744,94.3721,86.5593,79.9469,72.2311,65.0664,54.8878,41.8765,30.1556,21.8742,11.7614
41.746,-0.0729,1.0000,0.0000,6,219.72,4.82,9.54,0.4974,0.1027,13750.3,0.0,200.66,202.23,198.40,198.40,4.78018,13.2912,28.3135,175.46,163.261,150.035,123.086,105.486,95.718,87.6119,80.7772,74.9371,68.0571,61.6046,52.3301,40.2868,29.2534,21.35,11.5794
41.765,-0.0656,1.0000,0.0000,6,220.02,4.49,9.49,0.4803,0.1085,13765.9,0.0,201.06,202.45,198.63,198.63,4.97834,14.0923,30.941,173.099,159.922,137.053,112.81,97.7033,89.181,82.0319,75.9493,70.7115,64.493,58.6128,50.0787,38.8494,28.4126,20.8476,11.3939
41.784,-0.0590,1.0000,0.0000,6,220.34,4.14,9.47,0.4617,0.1137,13776.6,0.0,201.44,202.70,198.79,198.79,5.19059,14.9432,33.8028,170.761,156.48,125.2,104.443,91.2243,83.6679,77.273,71.7914,67.0407,61.3637,55.9585,48.0487,37.5219,27.6149,20.3586,11.2035
41.808,-0.0531,1.0000,0.0000,6,220.66,3.78,9.45,0.4417,0.1185,13788.5,0.0,201.82,202.96,198.96,198.96,5.41601,15.8407,36.8984,168.45,152.875,115.608,97.4787,85.7289,78.9395,73.1517,68.1595,63.8097,58.5831,53.5776,46.2008,36.2866,26.8537,19.881,11.0085
41.827,-0.0478,1.0000,0.0000,6,220.98,3.43,9.43,0.4204,0.1228,13801.4,0.0,202.20,203.22,199.14,199.14,5.65298,16.7749,40.1843,166.187,149.026,107.777,91.6533,81.0559,74.8785,69.5809,64.988,60.9683,56.1161,51.4463,44.5233,35.141,26.1302,19.4165,10.8099
41.846,-0.0430,1.0000,0.0000,6,221.31,3.06,9.40,0.3979,0.1265,13815.6,0.0,202.58,203.47,199.35,199.35,5.90035,17.7358,43.6021,163.99,144.677,101.341,86.7632,77.0742,71.3865,66.4852,62.2182,58.47,53.9287,49.5403,43.0023,34.0801,25.4437,18.9655,10.6082
41.864,-0.0206,1.0000,0.0000,6,221.63,2.72,9.35,0.3744,0.1298,13842.4,0.0,202.95,203.74,199.72,199.72,6.15756,18.7288,47.1953,161.83,137.508,95.7989,82.4784,73.5425,68.2657,63.7,59.7111,56.1962,51.9239,47.7812,41.5829,33.0732,24.7793,18.5213,10.4028
41.883,0.0259,1.0000,0.0000,6,221.96,2.48,9.28,0.3499,0.1325,13861.2,0.0,203.36,204.00,200.01,200.01,6.42063,19.7179,50.7334,159.781,129.331,91.2821,78.9201,70.5691,65.6156,61.3163,57.5498,54.2232,50.1696,46.2285,40.3125,32.1521,24.156,18.0948,10.1967
41.908,0.0821,1.0000,0.0000,6,222.31,2.17,9.25,0.3248,0.1328,13872.9,0.0,203.97,204.09,200.18,200.18,6.67134,20.5114,52.9092,158.271,126.29,89.2681,77.2161,69.0679,64.2323,60.0337,56.3543,53.1038,49.1417,45.2884,39.5019,31.5159,23.6858,17.747,10.0047
41.927,0.1178,1.0000,0.0000,6,222.65,1.54,9.24,0.2995,0.1289,13886.7,0.0,204.73,203.94,200.37,200.37,6.88613,20.8769,52.2469,157.75,132.015,91.5441,78.6979,70.1016,65.0334,60.6529,56.8293,53.4631,49.3749,45.4144,39.4956,31.3827,23.4902,17.5447,9.84311
41.946,0.1290,1.0000,0.0000,6,222.98,0.44,9.20,0.2746,0.1208,13906.7,0.0,205.44,203.73,200.66,200.66,7.05686,20.7956,49.1421,158.122,140.758,99.2618,84.0782,74.1636,68.4079,63.4857,59.2284,55.5103,51.0318,46.7315,40.3742,31.7924,23.5869,17.4961,9.71557
41.965,0.1161,1.0000,0.0000,6,223.29,-0.86,9.17,0.2504,0.1101,13932.4,0.0,206.00,203.66,201.03,201.03,7.19486,20.4723,45.3549,158.843,144.701,112.939,93.3673,81.0849,74.1264,68.2726,63.2802,58.9723,53.8473,48.9905,41.9232,32.5905,23.8822,17.5494,9.61189
41.984,0.1045,1.0000,0.0000,6,223.56,-2.12,9.10,0.2273,0.0988,13976.5,0.0,206.37,203.79,201.65,201.65,7.31416,20.0972,41.9969,159.487,147.36,133.244,106.581,90.6046,81.8483,74.6405,68.6042,63.4757,57.4687,51.8684,43.8753,33.5939,24.2705,17.6475,9.52083
42.008,0.0940,1.0000,0.0000,6,223.84,-3.17,9.02,0.2053,0.0878,14001.3,0.0,206.59,204.03,202.03,202.03,7.42259,19.7528,39.3016,159.903,149.171,139.925,124.435,102.858,91.5296,82.4545,75.0219,68.8233,61.6948,55.1738,46.0687,34.6934,24.6908,17.7584,9.43632
42.027,0.0846,1.0000,0.0000,6,224.13,-3.88,8.99,0.1848,0.0778,14016.7,0.0,206.75,204.37,202.25,202.25,7.52503,19.4801,37.265,110.272,150.301,142.684,136.244,117.866,102.994,91.4615,82.2569,74.7408,66.2718,58.6831,48.3322,35.7859,25.0917,17.8577,9.35441
42.046,0.0761,1.0000,0.0000,6,224.41,-4.25,8.98,0.1657,0.0690,14030.1,0.0,206.87,204.76,202.45,202.45,7.62319,19.2831,35.7629,94.1934,150.895,144.201,139.219,132.211,116.104,101.44,90.0704,80.9983,70.9962,62.2259,50.546,36.8083,25.4461,17.9342,9.27378
42.064,0.0685,1.0000,0.0000,6,224.71,-4.34,8.93,0.1480,0.0617,14041.2,0.0,206.97,205.19,202.61,202.61,7.72006,19.173,34.7346,84.6342,151.016,144.904,140.598,135.485,129.113,111.643,97.8354,87.0732,75.4617,65.4924,52.5132,37.6664,25.7154,17.9717,9.19191
42.084,0.0617,1.0000,0.0000,6,225.02,-4.14,8.89,0.1318,0.0560,14052.1,0.0,207.09,205.65,202.76,202.76,7.81599,19.138,34.0714,78.7187,150.761,145.037,141.123,136.751,132.42,121.435,105.069,92.5965,79.4099,68.3055,54.1399,38.3271,25.8914,17.9687,9.10876
42.109,0.0555,1.0000,0.0000,6,225.30,-3.86,8.78,0.1170,0.0510,14090.8,0.0,207.27,206.06,203.31,203.31,7.90621,19.1314,33.5815,74.5095,150.301,144.871,141.231,137.299,133.692,128.261,112.265,97.9724,83.1609,70.9205,55.6051,38.8928,26.0252,17.9503,9.02912
42.127,0.0500,1.0000,0.0000,6,225.62,-3.61,8.68,0.1033,0.0463,14102.9,0.0,207.53,206.40,203.50,203.50,7.98647,19.1122,33.1162,70.9347,149.772,144.598,141.183,137.58,134.417,130.251,120.465,103.981,87.274,73.7458,57.1631,39.4905,26.1742,17.943,8.95733
42.146,0.0450,1.0000,0.0000,6,225.94,-3.34,8.63,0.0909,0.0418,14111.0,0.0,207.80,206.76,203.62,203.62,8.05834,19.0906,32.7001,67.9787,149.155,144.2,140.968,137.616,134.755,131.208,125.933,110.444,91.6006,76.6658,58.7408,40.0853,26.3234,17.9402,8.89218
42.165,0.0405,1.0000,0.0000,6,226.26,-3.07,8.59,0.0795,0.0379,14121.5,0.0,208.06,207.12,203.77,203.77,8.12378,19.0743,32.3474,65.585,148.444,143.673,140.591,137.434,134.79,131.623,127.423,117.15,95.981,79.5647,60.2697,40.6462,26.4601,17.936,8.83212
42.184,0.0364,1.0000,0.0000,6,226.59,-2.76,8.52,0.0692,0.0346,14133.5,0.0,208.29,207.49,203.94,203.94,8.18608,19.083,32.1076,63.8639,147.599,142.971,140.003,136.991,134.498,131.574,127.89,121.97,99.863,82.0707,61.5449,41.0854,26.5493,17.9152,8.77428
42.209,0.0328,1.0000,0.0000,6,226.92,-2.41,8.47,0.0598,0.0320,14147.8,0.0,208.53,207.88,204.14,204.14,8.24525,19.1099,31.9518,62.6163,146.649,142.136,139.258,136.355,133.975,131.22,127.85,123.082,103.24,84.1986,62.5886,41.4198,26.5996,17.8816,8.71884
42.227,0.0295,1.0000,0.0000,6,227.21,-2.16,8.29,0.0513,0.0294,14195.9,0.0,208.80,208.20,204.83,204.83,8.29783,19.1259,31.7898,61.4493,145.678,141.271,138.476,135.672,133.391,130.779,127.655,123.519,106.835,86.4378,63.6779,41.7728,26.6616,17.8571,8.66915
42.246,0.0266,1.0000,0.0000,6,227.54,-1.98,8.18,0.0434,0.0268,14205.5,0.0,209.11,208.50,204.98,204.98,8.34317,19.1223,31.5947,60.2484,144.711,140.411,137.695,134.987,132.799,130.318,127.403,123.714,110.992,89.0043,64.9245,42.1902,26.7527,17.8486,8.6259
42.264,0.0239,1.0000,0.0000,6,227.88,-1.82,8.13,0.0363,0.0243,14216.1,0.0,209.42,208.83,205.13,205.13,8.38335,19.1126,31.4037,59.1456,143.718,139.515,136.873,134.252,132.146,129.777,127.032,123.665,115.266,91.6617,66.197,42.615,26.8497,17.8461,8.58726
42.282,0.0215,1.0000,0.0000,6,228.21,-1.67,8.08,0.0298,0.0220,14228.4,0.0,209.69,209.16,205.31,205.31,8.42007,19.1063,31.2408,58.2129,142.679,138.563,135.985,133.438,131.402,129.126,126.517,123.386,116.758,94.2012,67.3874,43.0031,26.9357,17.842,8.5517
42.309,0.0194,1.0000,0.0000,6,228.55,-1.49,8.01,0.0238,0.0202,14242.6,0.0,209.95,209.51,205.51,205.51,8.45537,19.1138,31.1316,57.522,141.576,137.53,135.006,132.519,130.539,128.337,125.832,122.87,117.024,96.3394,68.3572,43.301,26.9901,17.8277,8.5174
42.327,0.0174,1.0000,0.0000,6,228.86,-1.30,7.94,0.0184,0.0186,14273.2,0.0,210.23,209.86,205.90,205.90,8.48862,19.1287,31.0559,56.9888,140.426,136.442,133.962,131.527,129.594,127.453,125.033,122.202,116.846,98.1809,69.169,43.5373,27.0246,17.8079,8.48496
42.346,0.0157,1.0000,0.0000,6,229.18,-1.18,7.80,0.0135,0.0172,14303.7,0.0,210.51,210.16,206.39,206.39,8.51811,19.1366,30.9728,56.4645,139.269,135.343,132.906,130.52,128.632,126.549,124.207,121.493,116.519,100.101,70.0119,43.7873,27.0677,17.7943,8.45601
42.365,0.0141,1.0000,0.0000,6,229.51,-1.07,7.72,0.0090,0.0157,14314.2,0.0,210.81,210.47,206.54,206.54,8.54429,19.1384,30.8829,55.9471,138.103,134.234,131.84,129.501,127.656,125.626,123.356,120.748,116.087,102.109,70.8889,44.0513,27.1189,17.7864,8.43015
42.382,0.0027,1.0000,0.0000,6,229.85,-0.98,7.69,0.0048,0.0143,14327.5,0.0,211.11,210.79,206.74,206.74,8.56805,19.139,30.7991,55.4767,108.042,133.104,130.749,128.453,126.647,124.667,122.462,119.947,115.54,104.068,71.7336,44.3038,27.1685,17.78,8.40657
42.409,0.0024,1.0000,0.0000,6,230.18,-0.89,7.66,0.0010,0.0135,14341.4,0.0,211.36,211.15,206.94,206.94,8.59374,19.1644,30.7887,55.2676,135.664,131.886,129.56,127.296,125.519,123.575,121.416,118.966,114.727,105.172,72.1688,44.4025,27.1637,17.7529,8.38124
42.427,0.0022,1.0000,0.0000,6,230.51,-0.71,7.62,-0.0026,0.0133,14357.2,0.0,211.60,211.52,207.16,207.16,8.62254,19.22,30.8641,55.3517,134.326,130.571,128.262,126.02,124.261,122.339,120.21,117.799,113.656,105.108,72.1045,44.3166,27.0934,17.7005,8.3531
42.445,0.0019,1.0000,0.0000,6,230.82,-0.53,7.56,-0.0060,0.0133,14389.3,0.0,211.87,211.86,207.60,207.60,8.65181,19.2857,30.9703,55.5448,132.955,129.218,126.923,124.697,122.952,121.048,118.942,116.563,112.491,104.454,71.8495,44.1622,26.9999,17.6397,8.3246
42.464,0.0017,1.0000,0.0000,6,231.15,-0.38,7.48,-0.0092,0.0133,14411.9,0.0,212.16,212.15,207.95,207.95,8.67994,19.3489,31.0724,55.7307,131.583,127.863,125.583,123.373,121.643,119.758,117.674,115.326,111.325,103.711,71.6039,44.0136,26.91,17.5813,8.29722
42.482,0.0016,1.0000,0.0000,6,231.48,-0.28,7.44,-0.0124,0.0133,14425.8,0.0,212.46,212.45,208.15,208.15,8.70678,19.4076,31.1652,55.8909,130.214,126.513,124.248,122.056,120.342,118.475,116.416,114.1,110.173,102.943,71.3992,43.8824,26.8276,17.5268,8.27106
42.509,0.0014,1.0000,0.0000,6,231.81,-0.21,7.42,-0.0155,0.0132,14441.5,0.0,212.77,212.75,208.38,208.38,8.7325,19.4624,31.249,56.026,128.847,125.167,122.919,120.744,119.047,117.2,115.167,112.884,109.034,102.156,71.2345,43.7676,26.7523,17.4757,8.24597
42.527,0.0013,1.0000,0.0000,6,232.13,-0.16,7.39,-0.0184,0.0132,14457.7,0.0,213.07,213.05,208.61,208.61,8.75776,19.5166,31.3326,56.1634,127.477,123.818,121.585,119.429,117.748,115.922,113.913,111.664,107.888,101.315,71.0639,43.6518,26.6774,17.4252,8.22133
42.546,0.0011,1.0000,0.0000,6,232.46,-0.12,7.36,-0.0214,0.0131,14475.0,0.0,213.36,213.35,208.86,208.86,8.78294,19.5718,31.4198,56.3145,126.101,122.462,120.245,118.107,116.442,114.635,112.65,110.433,106.728,100.421,70.8696,43.5278,26.5998,17.3738,8.19678
42.565,0.0010,1.0000,0.0000,6,232.76,-0.08,7.29,-0.0243,0.0131,14509.4,0.0,213.66,213.65,209.35,209.35,8.80786,19.6264,31.506,56.4633,124.723,121.104,118.903,116.783,115.134,113.346,111.386,109.201,105.565,99.501,70.6783,43.4054,26.5231,17.3231,8.17249
42.584,0.0009,1.0000,0.0000,6,233.09,-0.06,7.21,-0.0272,0.0131,14527.6,0.0,213.95,213.93,209.62,209.62,8.83226,19.679,31.5876,56.5992,123.344,119.747,117.563,115.462,113.829,112.061,110.126,107.973,104.407,98.5722,70.5074,43.2913,26.45,17.2741,8.14868
42.609,0.0008,1.0000,0.0000,6,233.42,-0.05,7.18,-0.0301,0.0130,14542.0,0.0,214.25,214.23,209.83,209.83,8.85639,19.7305,31.6666,56.7273,121.965,118.39,116.223,114.14,112.524,110.776,108.867,106.746,103.25,97.6299,70.3484,43.1821,26.3787,17.2259,8.12512
42.628,-0.0485,1.0000,0.0000,6,233.74,-0.04,7.16,-0.0329,0.0129,14557.8,0.0,214.55,214.53,210.06,210.06,8.88024,19.781,31.7434,56.8496,120.585,117.032,114.882,112.819,111.219,109.492,107.607,105.519,102.092,96.6733,70.198,43.0764,26.3091,17.1786,8.10182
42.646,-0.1069,1.0000,0.0000,6,234.06,-0.07,7.13,-0.0359,0.0146,14574.6,0.0,214.64,214.97,210.30,210.30,8.92119,19.9374,32.0991,57.8757,118.989,115.422,113.265,111.195,109.59,107.855,105.962,103.86,100.398,94.8306,68.6309,42.4333,26.0392,17.0474,8.06367
42.664,-0.1709,1.0000,0.0000,6,234.36,0.28,7.11,-0.0395,0.0200,14594.5,0.0,214.46,215.55,210.58,210.58,9.00223,20.3428,33.1212,61.1501,116.9,113.237,111.016,108.878,107.213,105.406,103.418,101.187,97.4057,90.2771,64.2525,40.672,25.3395,16.7329,7.99194
42.684,-0.2066,1.0000,0.0000,6,234.60,1.16,7.05,-0.0441,0.0298,14635.2,0.0,214.09,216.10,211.16,211.16,9.136,21.0779,35.0699,67.9487,114.195,110.325,107.962,105.666,103.86,101.871,99.6375,97.0376,92.1227,78.1248,57.6458,37.8743,24.1995,16.2186,7.87964
42.709,-0.1859,1.0000,0.0000,6,234.83,2.51,7.01,-0.0501,0.0434,14663.5,0.0,213.72,216.57,211.57,211.57,9.32352,22.1653,38.1175,80.0499,110.879,106.674,104.064,101.481,99.3958,97.0203,94.1802,90.36,78.086,65.5808,50.4574,34.5835,22.785,15.5607,7.73211
42.727,-0.1673,1.0000,0.0000,6,235.02,4.03,7.00,-0.0579,0.0585,14688.7,0.0,213.65,217.00,211.94,211.94,9.55114,23.5309,42.2078,114.364,107.151,102.479,99.4913,96.411,93.7689,90.4031,84.1678,74.5107,64.2056,55.4511,44.1803,31.4603,21.3525,14.8645,7.56479
42.746,-0.1506,1.0000,0.0000,6,235.21,5.34,7.02,-0.0677,0.0733,14709.3,0.0,213.78,217.22,212.24,212.24,9.80369,25.0769,47.1988,111.098,103.23,97.9404,94.3632,90.2961,85.8323,76.3895,68.2776,61.7274,54.4247,47.9503,39.2229,28.8015,20.0514,14.2003,7.3898
42.765,-0.1355,1.0000,0.0000,6,235.41,6.24,7.03,-0.0795,0.0866,14723.8,0.0,214.07,217.27,212.46,212.46,10.0684,26.7,52.8517,107.886,99.3103,93.2046,88.5711,79.9614,71.0133,63.8707,58.0376,53.1845,47.6163,42.5348,35.4588,26.6498,18.9324,13.5994,7.21371
42.784,-0.1220,1.0000,0.0000,6,235.62,6.64,7.07,-0.0935,0.0980,14733.5,0.0,214.46,217.26,212.59,212.59,10.3399,28.3387,58.9798,104.806,95.4817,88.2095,79.701,67.627,61.0287,55.6073,51.0741,47.2277,42.7282,38.539,32.5693,24.907,17.9744,13.0587,7.03705
42.809,-0.1098,1.0000,0.0000,6,235.82,6.74,7.06,-0.1097,0.1079,14753.3,0.0,214.87,217.30,212.88,212.88,10.621,30.0054,65.6543,101.833,91.6797,82.1523,68.3955,59.1723,53.9779,49.6254,45.9257,42.7423,38.9661,35.3984,30.2257,23.429,17.1217,12.5557,6.85636
42.828,-0.0988,1.0000,0.0000,6,236.06,6.58,7.09,-0.1279,0.1166,14758.0,0.0,215.26,217.40,212.96,212.96,10.9148,31.7192,72.9994,98.9358,87.8004,71.7744,60.268,52.8613,48.5996,44.9769,41.8598,39.1495,35.9,32.795,28.232,22.1232,16.3361,12.074,6.66905
42.845,-0.0889,1.0000,0.0000,6,236.30,6.23,7.15,-0.1483,0.1243,14761.5,0.0,215.67,217.53,213.01,213.01,11.2211,33.4718,107.861,96.1129,83.7271,63.4229,54.0866,47.9215,44.3174,41.2204,38.5306,36.173,33.3228,30.5751,26.4933,20.9457,15.6006,11.6072,6.47445
42.864,-0.0800,1.0000,0.0000,6,236.56,5.76,7.21,-0.1706,0.1311,14765.0,0.0,216.06,217.70,213.06,213.06,11.5399,35.2564,105.594,93.3599,79.1183,56.9967,49.1686,43.9,40.7822,38.0806,35.7173,33.6326,31.0956,28.6326,24.9417,19.8633,14.9013,11.1493,6.27179
42.883,-0.0720,1.0000,0.0000,6,236.83,5.19,7.27,-0.1948,0.1368,14769.7,0.0,216.47,217.87,213.12,213.12,11.8685,37.0415,103.393,90.6943,72.1251,51.9039,45.1629,40.5601,37.811,35.4134,33.3042,31.4343,29.147,26.9138,23.5442,18.8615,14.2338,10.6997,6.06182
42.909,-0.0648,1.0000,0.0000,6,237.10,4.60,7.34,-0.2208,0.1420,14782.8,0.0,216.85,218.08,213.30,213.30,12.2096,38.8599,101.23,88.0663,64.8351,47.6121,41.7134,37.6392,35.1875,33.0381,31.1383,29.4473,27.3699,25.3321,22.2395,17.9058,13.5812,10.2504,5.84351
42.927,-0.0052,1.0000,0.0000,6,237.38,4.11,7.39,-0.2484,0.1469,14796.4,0.0,217.18,218.34,213.51,213.51,12.5688,40.7893,99.0553,85.3836,58.5385,43.7356,38.5472,34.9273,32.7345,30.8029,29.0888,27.5573,25.6686,23.8082,20.9697,16.9615,12.9258,9.79278,5.61562
42.946,0.0660,1.0000,0.0000,6,237.68,3.74,7.47,-0.2774,0.1501,14804.2,0.0,217.77,218.53,213.62,213.62,12.9149,42.449,97.0668,83.0039,54.0851,40.8144,36.1,32.791,30.7786,29.001,27.4196,26.0035,24.2531,22.5244,19.8785,16.1246,12.3239,9.35895,5.38678
42.965,0.1463,1.0000,0.0000,6,238.00,3.02,7.55,-0.3071,0.1482,14809.9,0.0,218.66,218.30,213.70,213.70,13.1824,43.0026,95.6714,81.7169,53.0841,39.8266,35.1537,31.8852,29.9021,28.1532,26.5995,25.2102,23.4951,21.8039,19.2201,15.5646,11.8755,9.00587,5.17224
42.984,0.2018,1.0000,0.0000,6,238.30,1.66,7.63,-0.3368,0.1396,14823.5,0.0,219.57,217.80,213.89,213.89,13.3276,42.0342,95.0721,81.8582,57.0502,41.5198,36.2644,32.6532,30.4874,28.5931,26.9223,25.4379,23.6178,21.8362,19.1394,15.3747,11.6345,8.76497,4.98246
43.009,0.1770,1.0000,0.0000,6,238.55,-0.28,7.69,-0.3656,0.1254,14851.2,0.0,220.25,217.28,214.28,214.28,13.3642,40.0186,95.0718,82.9108,68.0554,46.5986,39.8188,35.3271,32.6956,30.4311,28.462,26.7342,24.643,22.6245,19.6217,15.532,11.5824,8.62557,4.81805
43.028,0.1593,1.0000,0.0000,6,238.76,-2.41,7.71,-0.3930,0.1091,14891.2,0.0,220.76,217.12,214.85,214.85,13.3533,37.8737,95.2092,84.0276,73.0705,55.6709,45.9002,39.7952,36.3455,33.4485,30.9815,28.8554,26.3292,23.9385,20.4653,15.8889,11.6291,8.53761,4.66987
43.046,0.1434,1.0000,0.0000,6,238.95,-4.20,7.71,-0.4187,0.0933,14921.1,0.0,220.91,217.23,215.29,215.29,13.3386,36.0587,95.201,84.8039,75.4646,67.3643,54.8514,46.0294,41.2897,37.4375,34.2452,31.5568,28.4352,25.5513,21.4785,16.3132,11.6991,8.46094,4.53035
43.065,0.1291,1.0000,0.0000,6,239.14,-5.46,7.70,-0.4424,0.0791,14943.9,0.0,220.91,217.50,215.63,215.63,13.3343,34.6379,94.9666,85.1752,76.7975,70.7431,65.5771,54.3193,47.591,42.3487,38.1492,34.71,30.8236,27.3312,22.5524,16.7363,11.758,8.37973,4.3977
43.084,0.1161,1.0000,0.0000,6,239.33,-6.20,7.69,-0.4641,0.0668,14960.5,0.0,220.87,217.85,215.87,215.87,13.3432,33.5593,61.7795,85.1784,77.4406,72.2421,68.5827,63.7525,55.4341,48.197,42.6342,38.2253,33.3947,29.1851,23.6161,17.12,11.7907,8.28874,4.27177
43.109,0.1045,1.0000,0.0000,6,239.54,-6.48,7.66,-0.4837,0.0564,14972.2,0.0,220.84,218.26,216.04,216.04,13.3648,32.761,58.4033,84.8623,77.5744,72.8696,69.771,66.3506,62.8513,54.9383,47.5866,41.9731,36.0278,31.0131,24.605,17.4374,11.7898,8.18673,4.15303
43.127,0.0941,1.0000,0.0000,6,239.77,-6.38,7.62,-0.5013,0.0478,14980.8,0.0,220.85,218.69,216.17,216.17,13.3951,32.173,55.9834,84.2902,77.3331,72.9532,70.1658,67.2654,64.7013,61.0724,52.9287,45.8618,38.6435,32.7572,25.4909,17.6843,11.7588,8.07752,4.04259
43.146,0.0847,1.0000,0.0000,6,240.00,-6.06,7.55,-0.5170,0.0405,14995.9,0.0,220.93,219.11,216.39,216.39,13.427,31.7151,54.1437,83.543,76.8452,72.7033,70.1232,67.5199,65.3393,62.66,58.5157,50.0089,41.3167,34.4749,26.318,17.8913,11.7157,7.9705,3.94216
43.165,0.0762,1.0000,0.0000,6,240.26,-5.61,7.50,-0.5307,0.0341,15001.6,0.0,221.08,219.50,216.47,216.47,13.4553,31.3321,52.6543,82.6792,76.1969,72.2434,69.818,67.4181,65.4659,63.1932,60.3007,54.6242,44.1722,36.2516,27.1413,18.0896,11.676,7.87327,3.85285
43.184,0.0686,1.0000,0.0000,6,240.52,-5.10,7.45,-0.5427,0.0284,15007.9,0.0,221.26,219.88,216.56,216.56,13.4787,31.003,51.4176,81.7222,75.4236,71.6254,69.322,67.0737,65.2789,63.2497,60.8344,57.55,47.2495,38.1069,27.9734,18.288,11.6446,7.78817,3.77469
43.209,0.0617,1.0000,0.0000,6,240.79,-4.58,7.41,-0.5529,0.0233,15016.2,0.0,221.47,220.24,216.68,216.68,13.4957,30.7086,50.3559,80.6944,74.5568,70.8913,68.6889,66.5614,64.8853,63.0254,60.8894,58.2563,50.6327,40.0863,28.8394,18.4999,11.6282,7.71807,3.70788
43.228,0.0556,1.0000,0.0000,6,241.06,-4.07,7.36,-0.5617,0.0187,15026.0,0.0,221.69,220.58,216.82,216.82,13.5068,30.4432,49.4358,79.6042,73.6098,70.0597,67.9429,65.9148,64.3328,62.6002,60.6546,58.3677,53.6442,42.1881,29.7361,18.7248,11.6262,7.6623,3.65153
43.246,0.0500,1.0000,0.0000,6,241.34,-3.61,7.31,-0.5690,0.0146,15040.7,0.0,221.93,220.92,217.02,217.02,13.5111,30.1939,48.6104,78.4678,72.6038,69.1571,67.1156,65.1728,63.6692,62.0389,60.2367,58.1791,54.4326,44.4744,30.6922,18.975,11.6434,7.62254,3.60545
43.265,0.0450,1.0000,0.0000,6,241.62,-3.23,7.25,-0.5749,0.0106,15055.6,0.0,222.18,221.23,217.24,217.24,13.5077,29.9479,47.8363,77.3018,71.5601,68.2091,66.236,64.3692,62.9341,61.3904,59.7043,57.8179,54.5884,47.057,31.7534,19.2661,11.6848,7.60009,3.56908
43.284,0.0405,1.0000,0.0000,6,241.91,-2.90,7.19,-0.5797,0.0069,15069.0,0.0,222.43,221.54,217.44,217.44,13.4974,29.7059,47.11,76.1071,70.4805,67.2182,65.3077,63.5095,62.1349,60.6661,59.077,57.3254,54.4382,49.4358,32.9201,19.5967,11.7494,7.59414,3.54188
43.309,0.0364,1.0000,0.0000,6,242.19,-2.61,7.15,-0.5835,0.0034,15083.0,0.0,222.68,221.85,217.64,217.64,13.482,29.4732,46.4391,74.8801,69.3612,66.1812,64.3279,62.5915,61.2706,59.867,58.3601,56.718,54.08,50.0393,34.1673,19.9553,11.8316,7.60163,3.52255
43.327,0.0328,1.0000,0.0000,6,242.48,-2.34,7.11,-0.5862,0.0003,15097.7,0.0,222.91,222.16,217.85,217.85,13.4627,29.254,45.8299,73.6173,68.1988,65.0947,63.2938,61.6132,60.3403,58.9939,57.5575,56.0063,53.5602,50.0426,35.464,20.331,11.9276,7.62062,3.51041
43.346,0.0295,1.0000,0.0000,6,242.78,-2.10,7.07,-0.5880,-0.0026,15113.1,0.0,223.16,222.47,218.07,218.07,13.4397,29.0467,45.2869,72.3217,66.9975,63.9643,62.2117,60.5822,59.3525,58.0572,56.6827,55.2091,52.9182,49.753,36.805,20.7226,12.0369,7.65067,3.50508
43.365,0.0266,1.0000,0.0000,6,243.06,-1.88,7.01,-0.5890,-0.0052,15133.0,0.0,223.40,222.78,218.36,218.36,13.4128,28.8453,44.9058,71.0013,65.7672,62.8012,61.0942,59.5123,58.3226,57.074,55.7551,54.35,52.1903,49.2902,38.217,21.1382,12.1615,7.69211,3.50612
43.384,0.0239,1.0000,0.0000,6,243.35,-1.70,6.97,-0.5892,-0.0077,15149.1,0.0,223.65,223.07,218.59,218.59,13.3821,28.6479,44.8233,69.6595,64.5124,61.6108,59.9468,58.4099,57.2577,56.0522,54.7842,53.4407,51.395,48.7069,39.7091,21.5794,12.3013,7.74435,3.51298
43.409,0.0215,1.0000,0.0000,6,243.65,-1.54,6.93,-0.5887,-0.0100,15165.1,0.0,223.90,223.37,218.82,218.82,13.3485,28.4577,45.7471,68.2936,63.2301,60.39,58.7671,57.2725,56.1553,54.9899,53.7687,52.4807,50.5354,48.0224,40.9977,22.0364,12.4529,7.80579,3.52516
43.428,0.0796,1.0000,0.0000,6,243.94,-1.39,6.89,-0.5876,-0.0120,15181.2,0.0,224.15,223.66,219.05,219.05,13.3124,28.2747,74.0825,66.9044,61.9217,59.1407,57.557,56.1025,55.0182,53.8905,52.7125,51.4753,49.6198,47.2556,41.2392,22.5056,12.6146,7.87542,3.54213
43.446,0.1570,1.0000,0.0000,6,244.22,-1.21,6.85,-0.5857,-0.0157,15198.3,0.0,224.50,223.69,219.30,219.30,13.2485,27.9501,72.7401,65.6585,60.7779,58.0693,56.5329,55.1267,54.0817,52.9983,51.8712,50.6933,48.9406,46.7413,41.5385,23.3972,12.9127,8.00138,3.57186
43.464,0.2302,0.9849,0.0000,6,244.47,-1.53,6.80,-0.5827,-0.0234,15220.1,0.0,224.92,223.38,219.60,219.60,13.1266,27.3219,71.7149,64.7401,60.0042,57.3941,55.9211,54.5785,53.585,52.5592,51.4973,50.3943,48.7687,46.7643,42.319,25.3808,13.5337,8.25271,3.62662
43.484,0.2852,0.9597,0.0000,6,244.65,-2.45,6.71,-0.5781,-0.0350,15242.6,0.0,225.23,222.92,219.93,219.93,12.9463,26.4181,71.0168,64.1329,59.5744,57.0809,55.6814,54.4116,53.4761,52.5143,51.5237,50.501,49.0078,47.1957,43.3626,29.0611,14.5811,8.65895,3.7116
43.509,0.3264,0.9322,0.0000,6,244.78,-3.75,6.60,-0.5717,-0.0492,15260.9,0.0,225.35,222.43,220.20,220.20,12.7261,25.3735,37.6917,63.7002,59.3289,56.955,55.6293,54.4315,53.5524,52.6521,51.7289,50.7808,49.4067,47.7594,44.3808,34.7738,16.1039,9.22077,3.82694
43.528,0.3573,0.9059,0.0000,6,244.84,-5.15,6.45,-0.5632,-0.0645,15275.7,0.0,225.29,221.97,220.41,220.41,12.4852,24.3073,34.9158,63.3108,59.1193,56.8574,55.5999,54.4676,53.6392,52.7935,51.9293,51.0452,49.7713,48.2574,45.2136,37.6956,18.1488,9.9301,3.97059
43.546,0.3805,0.8835,0.0000,6,244.86,-6.45,6.27,-0.5524,-0.0800,15286.3,0.0,225.07,221.55,220.57,220.57,12.2346,23.2831,32.7044,62.8833,58.8565,56.6955,55.4985,54.4238,53.6396,52.8409,52.027,51.197,50.0059,48.5993,45.8086,39.3198,20.7994,10.7848,4.14179
43.565,0.3978,0.8669,0.0000,6,244.83,-7.54,6.07,-0.5393,-0.0949,15292.0,0.0,224.75,221.17,220.66,220.66,11.9804,22.3258,30.8342,62.3776,58.4987,56.4272,55.2832,54.2587,53.5127,52.7544,51.9832,51.1987,50.0765,48.7575,46.1649,40.3409,24.1827,11.7861,4.33965
43.584,0.4109,0.8550,0.0000,6,244.77,-8.41,5.84,-0.5238,-0.1091,15295.8,0.0,224.38,220.83,220.71,220.71,11.7233,21.4332,29.1955,61.8007,58.0402,56.0481,54.9511,53.9704,53.2577,52.5344,51.8002,51.0546,49.9909,48.7451,46.3134,40.9725,28.4569,12.9464,4.56477
43.609,0.4207,0.8498,0.0000,6,244.69,-9.04,5.61,-0.5058,-0.1226,15293.9,0.0,224.00,220.52,220.69,220.69,11.4622,20.5942,27.7206,61.179,57.491,55.5702,54.5149,53.5734,52.8901,52.1976,51.4958,50.7842,49.7711,48.5882,46.2916,41.328,31.0178,14.2866,4.81831
43.628,0.4280,0.8497,0.0000,6,244.61,-9.46,5.38,-0.4854,-0.1353,15290.2,0.0,223.62,220.25,220.64,220.64,11.1964,19.8011,26.3748,60.5068,56.8556,54.9992,53.9816,53.0751,52.4181,51.7532,51.0801,50.3986,49.4301,48.302,46.1217,41.4667,32.3497,15.8265,5.10117
43.646,0.4335,0.8529,0.0000,6,244.52,-9.66,5.16,-0.4624,-0.1472,15285.9,0.0,223.28,220.02,220.58,220.58,10.9249,19.0457,25.134,59.7821,56.1417,54.3439,53.3605,52.4858,51.8527,51.2126,50.5653,49.9109,48.9823,47.9029,45.8246,41.4309,33.1406,17.5884,5.41412
43.665,0.4376,0.8580,0.0000,6,244.44,-9.70,4.93,-0.4369,-0.1584,15281.5,0.0,222.97,219.83,220.52,220.52,10.6466,18.3189,23.9769,59.0078,55.3596,53.616,52.664,51.8184,51.2071,50.5897,49.9661,49.3362,48.4438,47.4084,45.4214,41.2551,33.6005,19.6026,5.75826
43.683,0.4407,0.8640,0.0000,6,244.37,-9.60,4.70,-0.4090,-0.1691,15277.2,0.0,222.71,219.68,220.45,220.45,10.36,17.6117,22.8862,58.1923,54.5231,52.8294,51.9068,51.0883,50.4972,49.9008,49.299,48.6918,47.8327,46.8377,44.9337,40.9697,33.8345,21.8695,6.13478
43.709,0.4430,0.8712,0.0000,6,244.31,-9.41,4.47,-0.3785,-0.1793,15272.0,0.0,222.50,219.57,220.38,220.38,10.0639,16.916,21.848,57.3453,53.6553,51.9978,51.1027,50.3097,49.7376,49.1609,48.5795,47.9935,47.1654,46.2078,44.3804,40.5997,33.9063,23.4477,6.54541
43.727,0.4448,0.8784,0.0000,6,244.25,-9.17,4.24,-0.3457,-0.1892,15267.7,0.0,222.33,219.49,220.32,220.32,9.75733,16.2263,20.8528,56.4747,52.7681,51.131,50.2621,49.4932,48.9392,48.381,47.8189,47.2529,46.4539,45.5314,43.7753,40.1629,33.8556,24.4224,6.99205
43.745,0.4461,0.8849,0.0000,6,244.21,-8.90,4.01,-0.3104,-0.1989,15264.2,0.0,222.21,219.43,220.27,220.27,9.43957,15.5379,19.893,55.5899,51.8695,50.239,49.3951,48.6493,48.1123,47.572,47.0282,46.4811,45.7097,44.8203,43.1314,39.6748,33.7118,25.0645,7.4767
43.765,0.4471,0.8902,0.0000,6,244.17,-8.65,3.78,-0.2727,-0.2086,15262.0,0.0,222.13,219.38,220.23,220.23,9.1097,14.846,18.9604,54.7023,50.969,49.3357,48.5121,47.7885,47.268,46.7446,46.2184,45.6894,44.9443,44.0865,42.461,39.1503,33.4984,25.4921,8.00265
43.784,0.4473,0.4896,0.0000,6,244.13,-8.44,3.56,-0.2326,-0.2185,15260.4,0.0,222.09,219.35,220.21,220.21,8.76673,14.1456,18.0453,53.8292,50.0812,48.4439,47.6267,46.9245,46.4199,45.9129,45.4036,44.892,44.1721,43.3444,41.7793,38.6057,33.2383,25.7743,8.57464
43.809,0.4358,0.2693,0.0000,6,243.92,-8.26,3.34,-0.1901,-0.2286,15075.2,0.0,222.06,219.31,217.58,217.58,8.41153,13.4393,17.1537,52.9655,49.2015,47.5599,46.7412,46.053,45.5637,45.0725,44.5794,44.0846,43.3889,42.59,41.0824,38.038,32.932,25.9385,9.19429
43.828,0.4222,0.1481,0.0000,6,243.46,-8.04,3.12,-0.1454,-0.2386,14943.0,0.0,221.97,219.24,216.60,214.74,8.04529,12.7309,16.2946,52.1026,48.3231,46.6775,45.8574,45.1702,44.694,44.2179,43.7404,43.2616,42.589,41.8177,40.3647,37.4422,32.578,26.0003,9.86185
43.846,0.4117,0.0815,0.0000,6,242.83,-7.98,2.89,-0.0983,-0.2493,14851.1,0.0,221.82,219.06,215.58,213.10,7.66502,12.0075,15.4368,51.2991,47.4945,45.8412,45.018,44.3285,43.8527,43.3891,42.9266,42.4632,41.813,41.0681,39.6673,36.8601,32.2198,26.0122,10.5924
43.865,0.4038,0.0448,0.0000,6,242.13,-8.15,2.66,-0.0490,-0.2612,14778.0,0.0,221.59,218.73,214.75,211.81,7.2703,11.2744,14.5694,50.5877,46.7425,45.0752,44.2457,43.5515,43.0727,42.6075,42.1552,41.7066,41.0778,40.3581,39.0072,36.3087,31.8754,25.9979,11.3742
43.884,0.3976,0.0246,0.0000,6,241.37,-8.56,2.45,0.0026,-0.2743,14714.8,0.0,221.26,218.21,214.06,210.69,6.86094,10.5477,13.6873,49.9955,46.0885,44.3987,43.5591,42.8568,42.3727,41.9026,41.4459,41.0021,40.3934,39.6978,38.3941,35.7977,31.555,25.9725,12.069
43.909,0.3928,0.0136,0.0000,6,240.58,-9.23,2.24,0.0565,-0.2888,14656.4,0.0,220.84,217.56,213.41,209.65,6.43853,9.83329,12.8029,49.5232,45.5321,43.8111,42.9572,42.2435,41.7518,41.2745,40.8111,40.361,39.7523,39.0783,37.819,35.3181,31.2508,25.9331,12.6679
43.928,0.3893,0.0075,0.0000,6,239.78,-9.99,2.07,0.1127,-0.3040,14601.7,0.0,220.31,216.85,212.72,208.76,6.0062,9.14512,11.9495,49.1227,45.0328,43.2751,42.4043,41.677,41.1764,40.6907,40.2193,39.7618,39.1433,38.4666,37.2473,34.8357,30.9309,25.8544,13.175
43.946,0.3867,0.0041,0.0000,6,238.96,-10.71,1.89,0.1714,-0.3191,14547.2,0.0,219.66,216.11,211.96,207.95,5.56611,8.49489,11.1537,48.7426,44.548,42.7518,41.8632,41.1219,40.612,40.1175,39.6379,39.1727,38.5442,37.8569,36.649,34.3216,30.569,25.7163,13.5916
43.965,0.3850,0.0023,0.0000,6,238.14,-11.37,1.68,0.2323,-0.3341,14494.0,0.0,218.94,215.36,211.19,207.18,5.11861,7.88681,10.423,48.3676,44.0651,42.2296,41.3231,40.5676,40.0482,39.545,39.0572,38.5842,37.9456,37.248,36.0251,33.7706,30.1615,25.5184,13.9246
43.984,0.3838,0.0012,0.0000,6,237.32,-11.96,1.46,0.2956,-0.3487,14441.6,0.0,218.16,214.61,210.41,206.44,4.67851,7.32464,9.76403,47.9845,43.573,41.6985,40.7743,40.0049,39.4764,38.9646,38.4688,37.9883,37.3402,36.6325,35.3937,33.1795,29.7067,25.2616,14.1802
44.008,0.3829,0.0007,0.0000,6,236.49,-12.40,1.30,0.3613,-0.3589,14389.9,0.0,217.32,213.81,209.66,205.71,4.27157,6.80695,9.1717,47.6189,43.0925,41.1771,40.2345,39.4506,38.9127,38.392,37.888,37.3999,36.7419,36.0241,34.7689,32.5628,29.2193,24.961,14.3699
44.028,0.3822,0.0004,0.0000,6,235.62,-12.92,1.26,0.4243,-0.3346,14337.3,0.0,216.51,212.88,209.02,204.83,3.89545,6.31835,8.60666,47.4128,42.7355,40.7659,39.7987,38.9954,38.4446,37.912,37.3968,36.8982,36.2266,35.4948,34.2168,31.9804,28.7522,24.6647,14.521
44.046,0.3817,0.0002,0.0000,6,234.70,-13.68,1.38,0.4816,-0.3117,14283.8,0.0,215.80,211.83,208.48,203.83,3.54897,5.85281,8.05118,47.4711,42.5817,40.5351,39.5327,38.7015,38.1323,37.5825,37.051,36.5371,35.8456,35.093,33.781,31.4919,28.3314,24.3965,14.6486
44.064,0.3813,0.0001,0.0000,6,233.75,-14.52,1.62,0.5331,-0.2893,14229.9,0.0,215.10,210.79,207.85,202.91,3.23453,5.42587,7.54391,47.7139,42.5637,40.4229,39.3776,38.5123,37.9206,37.3495,36.7982,36.2656,35.5499,34.772,33.4185,31.0648,27.9169,24.1224,14.7407
44.084,0.3810,0.0001,0.0000,6,232.85,-14.84,1.89,0.5788,-0.2639,14176.9,0.0,214.16,210.01,206.83,202.39,2.96028,5.08013,7.19731,47.7514,42.3771,40.1578,39.0772,38.1843,37.5744,36.9865,36.4194,35.8721,35.1374,34.3399,32.9549,30.5539,27.3929,23.7429,14.7532
44.109,0.3808,0.0000,0.0000,6,232.00,-14.28,2.22,0.6187,-0.2347,14126.5,0.0,212.99,209.35,205.68,202.09,2.72792,4.82698,7.06099,47.4535,41.9268,39.6575,38.5552,37.6456,37.0251,36.4274,35.8514,35.296,34.5511,33.7433,32.3427,29.9211,26.7488,23.2483,14.6838
44.128,0.3807,0.0000,0.0000,6,231.16,-13.80,2.36,0.6527,-0.2048,14069.9,0.0,211.97,208.67,204.83,201.30,2.5343,4.64583,7.11237,47.1499,41.4686,39.1494,38.0258,37.1,36.4691,35.862,35.2774,34.7142,33.9595,33.1421,31.727,29.2871,26.1031,22.7253,14.5748
44.146,0.3805,0.0000,0.0000,6,230.32,-13.45,2.54,0.6805,-0.1752,14020.7,0.0,211.19,207.96,204.15,200.56,2.38033,4.54102,7.44779,46.9535,41.0871,38.7079,37.5585,36.613,35.9694,35.3508,34.7557,34.1828,33.4161,32.5866,31.1532,28.6891,25.4871,22.1976,14.4382
44.165,0.3804,0.0000,0.0000,6,229.49,-12.88,2.79,0.7022,-0.1445,13972.8,0.0,210.39,207.27,203.36,199.97,2.27052,4.54686,8.79339,46.7043,40.6609,38.2263,37.0533,36.09,35.4352,34.8064,34.2021,33.6209,32.8437,32.0041,30.5557,28.0733,24.861,21.635,14.2622
44.184,0.3804,0.0000,0.0000,6,228.67,-12.24,3.04,0.7179,-0.1137,13922.4,0.0,209.60,206.57,202.60,199.27,2.20589,4.68625,63.169,46.4929,40.2582,37.7641,36.566,35.5839,34.9172,34.2776,33.6636,33.0736,32.2855,31.4353,29.9713,27.4699,24.2474,21.0567,14.057
44.209,0.3803,0.0000,0.0000,6,227.83,-11.92,3.34,0.7275,-0.0844,13872.9,0.0,208.97,205.78,202.05,198.39,2.18648,4.98373,64.3694,46.5613,40.0537,37.4727,36.2373,35.2268,34.5419,33.8857,33.2564,32.6525,31.847,30.9793,29.4883,26.9506,23.6984,20.5011,13.8399
44.227,0.3803,0.0000,0.0000,6,226.96,-11.75,3.77,0.7313,-0.0567,13822.9,0.0,208.39,204.90,201.50,197.50,2.21415,5.51719,66.3251,46.9525,40.0708,37.3697,36.0825,35.0323,34.3218,33.6421,32.9913,32.3676,31.5369,30.6438,29.1132,26.5195,23.2164,19.9903,13.6109
44.246,0.3803,0.0000,0.0000,6,226.08,-11.75,4.30,0.7293,-0.0303,13771.3,0.0,207.79,204.00,200.90,196.61,2.29153,6.50065,69.1458,47.6711,40.3023,37.4457,36.0914,34.9896,34.246,33.5359,32.857,32.2076,31.3441,30.4178,28.8352,26.167,22.7935,19.5233,13.3671
44.264,0.3802,0.0000,0.0000,6,225.19,-11.75,4.91,0.7219,-0.0048,13719.3,0.0,207.10,203.11,200.21,195.80,2.4226,119.085,72.8669,48.6708,40.7035,37.6588,36.2237,35.0602,34.277,33.5305,32.8182,32.138,31.2356,30.2698,28.6254,25.8689,22.4114,19.0879,13.1038
44.284,0.3802,0.0000,0.0000,6,224.30,-11.60,5.66,0.7093,0.0202,13666.3,0.0,206.33,202.21,199.48,195.01,2.61107,123.242,77.724,49.9772,41.2791,38.0095,36.4785,35.2421,34.4122,33.6229,32.8714,32.1552,31.2073,30.1956,28.4794,25.6208,22.0666,18.6815,12.8207
44.309,0.3802,0.0000,0.0000,6,223.37,-11.69,6.49,0.6917,0.0431,13610.5,0.0,205.67,201.23,198.88,194.00,2.85468,128.84,84.3144,52.0116,42.2897,38.7104,37.0483,35.7123,34.8186,33.9711,33.1663,32.4012,31.3914,30.3171,28.5032,25.5048,21.8159,18.3408,12.5308
44.328,0.3802,0.0000,0.0000,6,222.44,-12.06,7.28,0.6694,0.0645,13553.9,0.0,204.99,200.29,198.19,193.06,3.15964,135.817,90.0606,54.8188,43.7189,39.7354,37.904,36.4402,35.4651,34.5434,33.6709,32.8439,31.7559,30.6029,28.6667,25.4942,21.638,18.0508,12.2276
44.346,0.3802,0.0000,0.0000,6,221.52,-12.10,8.18,0.6426,0.0865,13499.6,0.0,204.12,199.46,197.28,192.40,3.54025,54.1994,94.5852,58.0686,45.3123,40.8643,38.8415,37.2348,36.1693,35.1657,34.2189,33.3242,32.1514,30.9137,28.8468,25.4916,21.4647,17.7672,11.8984
44.365,0.3802,0.0000,0.0000,6,220.59,-11.79,9.17,0.6115,0.1086,13443.5,0.0,203.15,198.59,196.40,191.66,4.00508,41.2113,98.4285,61.9949,47.1709,42.1707,39.9246,38.1526,36.9835,35.8866,34.8554,33.8844,32.6164,31.2843,29.0733,25.5198,21.3116,17.5001,11.5489
44.384,0.3802,0.0000,0.0000,6,219.65,-12.00,10.05,0.5763,0.1282,13384.7,0.0,202.45,197.66,195.77,190.60,4.54817,34.4113,102.574,67.986,49.9877,44.1827,41.6167,39.6101,38.2947,37.0665,35.9174,34.84,33.4399,31.9771,29.5677,25.7427,21.2865,17.3163,11.2233
44.409,0.3802,0.0000,0.0000,6,218.70,-12.54,10.86,0.5370,0.1464,13328.4,0.0,201.76,196.73,195.05,189.68,5.11228,30.2924,107.444,76.3958,53.8648,46.9257,43.9201,41.5956,40.0839,38.6811,37.3759,36.1586,34.586,32.954,30.2903,26.1224,21.3583,17.1934,10.9274
44.428,0.3802,0.4500,0.0000,6,217.80,-12.44,11.76,0.4939,0.1666,13273.5,0.0,200.77,196.00,193.95,189.20,5.61976,28.2658,112.142,82.3574,58.0097,49.7505,46.2511,43.5761,41.851,40.2602,38.7888,37.4239,35.6712,33.8647,30.9432,26.4375,21.3826,17.0436,10.6396
44.446,0.3802,0.6975,0.0000,6,217.32,-12.00,12.41,0.4470,0.1895,13428.7,0.0,199.74,195.52,193.81,193.81,6.09064,27.4283,116.121,85.9989,61.9234,52.2837,48.2879,45.2679,43.3359,41.5651,39.9363,38.4331,36.5137,34.5482,31.3961,26.5988,21.3068,16.8377,10.3523
44.466,0.3802,0.8336,0.0000,6,217.03,-11.31,12.75,0.3966,0.1987,13500.0,0.0,198.94,195.32,194.80,194.80,6.53912,27.3151,119.086,88.0991,65.2043,54.2621,49.817,46.4919,44.3801,42.4549,40.6927,39.0739,37.017,34.9224,31.5879,26.5703,21.1136,16.5677,10.0626
44.484,0.3802,0.9085,0.0000,6,216.98,-10.31,12.86,0.3480,0.1902,13545.9,0.0,198.35,195.31,195.47,195.47,6.97804,27.7651,120.71,88.9249,67.3226,55.3651,50.587,47.042,44.8035,42.7715,40.9187,39.2227,37.076,34.8995,31.4541,26.3143,20.7848,16.2248,9.76721
44.503,0.3802,0.9497,0.0000,6,217.05,-9.08,12.69,0.3017,0.1851,13601.7,0.0,197.93,195.46,196.24,196.24,7.41692,28.6985,120.841,88.6602,67.8966,55.3949,50.4534,46.8074,44.5137,42.4374,40.5491,38.8245,36.6472,34.4457,30.9736,25.8226,20.3191,15.8095,9.46507
44.528,0.3859,0.9723,0.0000,6,217.19,-7.92,12.23,0.2574,0.1816,13660.4,0.0,197.68,195.66,197.09,197.09,7.84771,29.8109,120.2,87.886,67.5865,54.8628,49.8538,46.1725,43.863,41.7765,39.8825,38.1555,35.9789,33.7827,30.3279,25.2226,19.7941,15.3661,9.16471
44.546,0.3666,0.9848,0.0000,6,217.39,-6.89,11.68,0.2146,0.1785,13699.2,0.0,197.59,195.88,197.66,197.66,8.26246,30.8951,119.363,86.9874,67.0495,54.205,49.1517,45.4514,43.1357,41.0476,39.1551,37.4321,35.2642,33.0807,29.6539,24.6079,19.2657,14.9256,8.87208
44.565,0.3299,0.9916,0.0000,6,217.62,-6.04,11.14,0.1733,0.1749,13717.6,0.0,197.71,196.21,197.94,197.94,8.65181,31.7752,118.803,86.2562,66.7865,53.7961,48.6544,44.9061,42.5675,40.4634,38.5602,36.8308,34.659,32.4763,29.0604,24.052,18.7771,14.5121,8.59213
44.584,0.2969,0.9954,0.0000,6,217.86,-5.43,10.65,0.1335,0.1702,13722.1,0.0,198.10,196.69,198.01,198.01,9.00912,32.3536,118.791,85.843,67.0062,53.8712,48.5493,44.6931,42.2973,40.1481,38.2096,36.4523,34.2513,32.0458,28.6073,23.5943,18.3508,14.138,8.32745
44.603,0.2673,0.9975,0.0000,6,218.10,-5.04,10.24,0.0950,0.1642,13722.8,0.0,198.69,197.27,198.02,198.02,9.32931,32.5861,119.495,85.8207,67.7548,54.625,48.9848,44.9326,42.4293,40.193,38.1835,36.3681,34.1024,31.8412,28.3339,23.2593,18.0002,13.8104,8.0797
44.628,0.2405,0.9986,0.0000,6,218.31,-4.96,9.88,0.0581,0.1565,13744.8,0.0,199.42,197.81,198.32,198.32,9.60735,32.4452,121.102,86.2523,69.048,56.3491,50.1757,45.793,43.1076,40.7225,38.5903,36.673,34.2921,31.9289,28.2888,23.0764,17.7406,13.5369,7.85057
44.647,0.2165,0.9992,0.0000,6,218.52,-5.19,9.55,0.0228,0.1471,13762.7,0.0,200.17,198.24,198.59,198.59,9.84081,31.9615,123.706,87.189,70.8082,59.4048,52.3705,47.4599,44.4846,41.8633,39.5366,37.4576,34.8933,32.3669,28.5116,23.0661,17.5811,13.3217,7.64106
44.666,0.1948,0.9996,0.0000,6,218.74,-5.62,9.27,-0.0109,0.1365,13777.5,0.0,200.84,198.58,198.80,198.80,10.037,31.2836,127.06,88.6012,72.7566,62.7926,55.6628,49.9727,46.5761,43.615,41.0108,38.7028,35.8805,33.1258,28.9711,23.2009,17.5022,13.1529,7.44842
44.684,0.1753,0.9998,0.0000,6,218.97,-6.12,9.01,-0.0429,0.1253,13793.6,0.0,201.36,198.87,199.03,199.03,10.2046,30.5461,130.84,90.3544,74.6644,65.6429,59.7098,53.351,49.3733,45.9506,42.975,40.3642,37.2047,34.1554,29.6196,23.4434,17.48,13.0164,7.2697
44.703,0.1578,0.9999,0.0000,6,219.20,-6.59,8.77,-0.0731,0.1142,13808.6,0.0,201.74,199.18,199.25,199.25,10.3523,29.844,134.719,92.2915,76.3717,68.0083,62.8288,57.4285,52.8464,48.8222,45.3707,42.378,38.8,35.3915,30.4005,23.7524,17.4895,12.8987,7.10209
44.728,0.1420,0.9999,0.0000,6,219.44,-6.92,8.53,-0.1015,0.1036,13822.3,0.0,202.02,199.51,199.45,199.45,10.4876,29.2396,138.372,94.2283,77.7613,69.8739,65.1511,60.4956,56.6376,52.1239,48.0899,44.6386,40.5677,36.7448,31.2416,24.0806,17.5051,12.7864,6.94305
44.747,0.1278,0.9999,0.0000,6,219.69,-7.07,8.29,-0.1281,0.0940,13835.0,0.0,202.23,199.89,199.63,199.63,10.6149,28.7501,141.606,96.0304,78.7979,71.2678,66.8524,62.6236,59.2792,55.4817,51.0387,47.0554,42.4253,38.143,32.0876,24.3948,17.5103,12.6718,6.79111
44.766,0.1150,1.0000,0.0000,6,219.94,-7.06,8.03,-0.1529,0.0852,13850.9,0.0,202.42,200.29,199.86,199.86,10.7357,28.3619,56.8126,97.6382,79.5453,72.2579,68.0661,64.1207,61.075,57.7472,53.9627,49.5862,44.3332,39.5518,32.9139,24.6824,17.5005,12.5533,6.64607
44.784,0.1035,1.0000,0.0000,6,220.22,-6.90,7.77,-0.1760,0.0773,13863.5,0.0,202.63,200.70,200.04,200.04,10.8493,28.051,53.9476,99.044,80.1297,72.9223,68.9034,65.1644,62.3207,59.277,55.9429,52.1304,46.289,40.9682,33.7192,24.9456,17.4784,12.4332,6.50852
44.802,0.0932,1.0000,0.0000,6,220.51,-6.63,7.51,-0.1973,0.0702,13873.3,0.0,202.84,201.11,200.19,200.19,10.9555,27.7995,51.9627,100.244,80.5594,73.3176,69.4385,65.8597,63.1653,60.3182,57.2635,53.9024,48.2912,42.3901,34.5035,25.1866,17.4472,12.3136,6.37893
44.828,0.0839,1.0000,0.0000,6,220.81,-6.26,7.27,-0.2170,0.0638,13880.8,0.0,203.08,201.53,200.29,200.29,11.0539,27.5931,50.4436,101.243,80.8414,73.4894,69.7273,66.2789,63.7015,61.0022,58.144,55.0667,50.1546,43.8186,35.269,25.4091,17.4098,12.1966,6.25757
44.846,0.0755,1.0000,0.0000,6,221.11,-5.83,7.09,-0.2351,0.0576,13887.3,0.0,203.37,201.93,200.39,200.39,11.1402,27.3887,49.1118,102.202,81.0859,73.5581,69.8985,66.5634,64.0854,61.5078,58.8048,55.9365,51.5063,45.3996,36.1096,25.6632,17.3907,12.094,6.14673
44.866,0.0679,1.0000,0.0000,6,221.42,-5.43,6.91,-0.2515,0.0518,13893.3,0.0,203.67,202.30,200.47,200.47,11.215,27.1881,47.9348,103.06,81.282,73.5646,69.9565,66.7217,64.3297,61.8549,59.2786,56.5733,52.4821,47.058,37.024,25.9468,17.3888,12.0054,6.04618
44.884,0.0611,1.0000,0.0000,6,221.76,-4.96,6.79,-0.2664,0.0465,13885.0,0.0,203.94,202.70,200.36,200.36,11.2833,27.0195,46.9894,103.642,81.3224,73.4412,69.8321,66.6843,64.3658,61.9774,59.5048,56.9279,53.0857,48.17,37.9135,26.2122,17.3835,11.9212,5.95389
44.902,0.0550,1.0000,0.0000,6,222.09,-4.40,6.70,-0.2799,0.0421,13890.1,0.0,204.19,203.13,200.43,200.43,11.3482,26.9016,46.328,103.822,81.1175,73.1169,69.481,66.4085,64.1528,61.8367,59.4494,56.9754,53.3232,48.753,38.6791,26.4162,17.3575,11.8342,5.86837
44.928,0.0495,1.0000,0.0000,6,222.42,-3.84,6.60,-0.2920,0.0383,13903.3,0.0,204.45,203.54,200.61,200.61,11.4078,26.8104,45.8671,103.723,80.7398,72.6523,68.9859,65.9733,63.7735,61.5215,59.2082,56.822,53.3263,49.0203,39.3746,26.5886,17.3251,11.7507,5.79037
44.947,0.0446,1.0000,0.0000,6,222.75,-3.35,6.49,-0.3028,0.0347,13920.6,0.0,204.74,203.91,200.86,200.86,11.46,26.7227,45.5309,103.483,80.2757,72.1175,68.4275,65.4535,63.3059,61.1128,58.867,56.5596,53.2008,49.1138,40.078,26.7663,17.3017,11.6772,5.72038
44.966,0.0401,1.0000,0.0000,6,223.08,-2.94,6.49,-0.3126,0.0311,13939.0,0.0,205.10,204.26,201.13,201.13,11.5003,26.6027,45.1793,103.324,79.8738,71.632,67.9132,64.9563,62.8594,60.7233,58.5423,56.3093,53.0769,49.1847,40.8791,27.0209,17.3159,11.6257,5.66
44.984,0.0361,1.0000,0.0000,6,223.41,-2.70,6.50,-0.3212,0.0271,13956.6,0.0,205.45,204.55,201.38,201.38,11.5269,26.4365,44.7423,103.344,79.6024,71.2494,67.4908,64.5227,62.4758,60.3952,58.2769,56.115,53.0019,49.2866,41.5865,27.3915,17.3822,11.6022,5.6101
45.003,0.0325,1.0000,0.0000,6,223.76,-2.49,6.55,-0.3289,0.0233,13950.1,0.0,205.75,204.88,201.32,201.32,11.5477,26.2735,44.4311,103.259,79.2686,70.8152,67.0216,64.0305,62.0224,59.9939,57.9333,55.8368,52.8306,49.2697,42.0457,27.7822,17.4605,11.5884,5.56679
45.028,0.0292,1.0000,0.0000,6,224.11,-2.19,6.68,-0.3355,0.0203,13956.1,0.0,206.00,205.30,201.38,201.38,11.5693,26.1581,44.5078,102.773,78.6662,70.1671,66.3614,63.3644,61.3785,59.3972,57.389,55.3507,52.439,49.0106,42.1652,28.0839,17.5094,11.5671,5.52723
45.046,0.0263,1.0000,0.0000,6,224.44,-1.87,6.78,-0.3414,0.0178,13977.5,0.0,206.25,205.68,201.68,201.68,11.5905,26.0749,45.0418,101.984,77.8568,69.355,65.5552,62.5657,60.5957,58.6588,56.6993,54.715,51.8894,48.5799,42.0548,28.3188,17.5385,11.5421,5.4915
45.066,0.0237,1.0000,0.0000,6,224.77,-1.60,6.81,-0.3465,0.0157,14006.3,0.0,206.52,206.03,202.09,202.09,11.6086,26.0018,46.2321,101.039,76.9408,68.4592,64.6747,61.7,59.7427,57.8482,55.9354,54.0025,51.2583,48.0589,41.819,28.5349,17.5662,11.5209,5.46043
45.084,0.0213,1.0000,0.0000,6,225.09,-1.39,6.91,-0.3509,0.0135,14035.2,0.0,206.84,206.36,202.51,202.51,11.621,25.9164,151.105,100.093,76.0264,67.5649,63.7956,60.8357,58.8894,57.0322,55.1651,53.282,50.616,47.5212,41.5425,28.7891,17.6129,11.5113,5.43475
45.102,0.0192,1.0000,0.0000,6,225.42,-1.30,7.06,-0.3547,0.0110,14057.7,0.0,207.19,206.63,202.84,202.84,11.6243,25.7957,150.325,99.3085,75.2246,66.7588,62.9951,60.0428,58.103,56.2741,54.4518,52.6176,50.0278,47.0334,41.2977,29.1484,17.7027,11.523,5.41586
45.128,0.0173,1.0000,0.0000,6,225.77,-1.25,7.22,-0.3580,0.0087,14057.4,0.0,207.48,206.94,202.92,202.92,11.624,25.6732,149.482,98.4703,74.3861,65.9236,62.1687,59.2263,57.2946,55.4859,53.7072,51.92,49.4029,46.5035,40.9912,29.5277,17.8031,11.5421,5.40111
45.147,0.0155,1.0000,0.0000,6,226.13,-1.09,7.55,-0.3607,0.0068,14048.7,0.0,207.76,207.34,202.71,202.71,11.6254,25.5838,148.282,97.3344,73.3401,64.9264,61.1987,58.2801,56.3652,54.5761,52.8395,51.0976,48.65,45.8402,40.5348,29.7554,17.8764,11.5534,5.38806
45.166,0.0140,1.0000,0.0000,6,226.46,-0.91,7.83,-0.3629,0.0054,14073.0,0.0,208.01,207.69,203.05,203.05,11.6277,25.5189,146.797,95.9622,72.1299,63.8015,60.1159,57.2323,55.3412,53.5751,51.8787,50.1809,47.8009,45.0774,39.9668,29.7835,17.9293,11.5598,5.37701
45.184,0.0126,1.0000,0.0000,6,226.77,-0.77,8.00,-0.3647,0.0042,14107.9,0.0,208.28,208.01,203.55,203.55,11.6288,25.4617,145.176,94.4783,70.8431,62.6174,58.9812,56.1376,54.2736,52.5332,50.8749,49.2206,46.9065,44.2669,39.3421,29.6914,17.9784,11.5672,5.36829
45.203,0.0113,1.0000,0.0000,6,227.08,-0.67,8.13,-0.3661,0.0030,14144.2,0.0,208.58,208.32,204.08,204.08,11.6271,25.3999,143.527,92.9699,69.5402,61.4215,57.836,55.0338,53.1976,51.4839,49.8614,48.25,46.0008,43.4425,38.6957,29.5279,18.0362,11.5804,5.3625
45.228,0.0102,1.0000,0.0000,6,227.40,-0.64,8.40,-0.3672,0.0016,14170.6,0.0,208.92,208.60,204.47,204.47,11.6201,25.3268,142.005,91.5633,68.3076,60.2801,56.7394,53.974,52.1629,50.4729,48.8828,47.3134,45.1276,42.6484,38.0714,29.3424,18.123,11.6072,5.36066
45.246,0.0092,1.0000,0.0000,6,227.72,-0.64,8.60,-0.3680,0.0002,14190.6,0.0,209.20,208.88,204.77,204.77,11.6104,25.2964,140.467,90.1418,67.0645,59.1308,55.6358,52.9079,51.1222,49.4568,47.8962,46.3682,44.2442,41.8419,37.4276,29.103,18.2201,11.64,5.3615
45.266,0.0083,1.0000,0.0000,6,228.11,-0.56,9.12,-0.3685,-0.0009,14149.6,0.0,209.50,209.26,204.17,204.17,11.6018,25.3433,138.717,88.5456,65.7036,57.8906,54.4521,51.7698,50.0145,48.378,46.8477,45.361,43.2982,40.9714,36.7154,28.7711,18.3002,11.6681,5.36323
45.284,0.0074,1.0000,0.0000,6,228.43,-0.46,9.57,-0.3687,-0.0016,14174.0,0.0,209.76,209.59,204.51,204.51,11.5948,25.4817,136.736,86.7632,64.2201,56.556,53.1854,50.557,48.8375,47.2347,45.7369,44.2914,42.2897,40.0379,35.9369,28.3549,18.3599,11.6901,5.36559
45.302,0.0067,1.0000,0.0000,6,228.73,-0.38,9.86,-0.3687,-0.0022,14211.9,0.0,210.02,209.89,205.05,205.05,11.5876,25.7107,134.644,84.8924,62.681,55.179,51.8815,49.3109,47.6295,46.0625,44.5985,43.194,41.2531,39.0751,35.1257,27.8883,18.4137,11.7114,5.36907
45.328,0.0315,1.0000,0.0000,6,229.02,-0.32,10.02,-0.3685,-0.0028,14254.0,0.0,210.30,210.17,205.66,205.66,11.5788,26.0343,132.53,83.0037,61.1345,53.7965,50.5729,48.0607,46.4179,44.887,43.457,42.0925,40.2116,38.1064,34.3043,27.3937,18.4375,11.7361,5.37418
45.346,0.0586,1.0000,0.0000,6,229.32,-0.28,10.38,-0.3679,-0.0049,14285.1,0.0,210.79,210.26,206.12,206.12,11.5501,26.3018,131.336,81.8369,60.0576,52.7757,49.583,47.0976,45.4735,43.9608,42.5489,41.2164,39.3904,37.3509,33.6804,27.0514,18.5157,11.8189,5.39014
45.366,0.0793,1.0000,0.0000,6,229.62,-0.57,10.66,-0.3668,-0.0098,14310.3,0.0,211.35,210.20,206.48,206.48,11.4858,26.3416,131.863,82.0189,59.8556,52.4242,49.1811,46.6627,45.0202,43.4925,42.0683,40.7374,38.9564,36.9703,33.404,26.9881,18.7436,12.0118,5.42618
45.384,0.0864,1.0000,0.0000,6,229.99,-0.98,11.28,-0.3648,-0.0167,14257.7,0.0,211.84,210.26,205.73,205.73,11.3923,26.1981,133.688,83.2312,60.3562,52.5995,49.2382,46.6378,44.9464,43.3764,41.9156,40.553,38.7844,36.8415,33.3578,27.1038,19.0627,12.3044,5.48188
45.404,0.0778,1.0000,0.0000,6,230.26,-1.34,11.89,-0.3617,-0.0241,14280.3,0.0,212.15,210.46,206.04,206.04,11.286,26.0407,135.833,84.7208,61.102,52.9448,49.4383,46.7372,44.9858,43.364,41.8582,40.4565,38.6494,36.741,33.332,27.2225,19.3592,12.6496,5.55149
45.428,0.0700,1.0000,0.0000,6,230.52,-1.70,12.30,-0.3573,-0.0312,14320.1,0.0,212.37,210.72,206.60,206.60,11.1743,25.9544,137.85,86.1315,61.8633,53.2841,49.6271,46.8226,45.0099,43.3356,41.7844,40.3434,38.4899,36.5745,33.2389,27.2712,19.5864,12.9673,5.63175
45.447,0.0630,1.0000,0.0000,6,230.78,-2.03,12.47,-0.3517,-0.0378,14367.1,0.0,212.56,211.00,207.28,207.28,11.0596,25.9692,139.644,87.3604,62.565,53.5611,49.7559,46.851,44.9792,43.2545,41.6601,40.1821,38.2855,36.3322,33.0597,27.235,19.7354,13.2248,5.72111
45.466,0.0567,1.0000,0.0000,6,231.03,-2.33,12.90,-0.3450,-0.0454,14403.9,0.0,212.95,211.18,207.83,207.83,10.928,25.9205,142.214,89.1136,63.7476,54.1764,50.168,47.1247,45.1716,43.3769,41.7225,40.1927,38.2349,36.2249,32.9564,27.2528,19.9044,13.4774,5.8285
45.484,0.0510,1.0000,0.0000,6,231.28,-2.84,13.26,-0.3369,-0.0537,14429.5,0.0,213.27,211.34,208.20,208.20,10.7831,25.8132,145.621,91.3641,65.3527,55.1568,50.8808,47.6558,45.5956,43.7094,41.9759,40.3778,38.3392,36.254,32.9146,27.3131,20.0885,13.7249,5.95525
45.504,0.0459,1.0000,0.0000,6,231.65,-2.89,13.98,-0.3274,-0.0607,14357.1,0.0,213.40,211.78,207.18,207.18,10.6598,25.9332,148.311,92.9433,66.4494,55.8219,51.3137,47.9341,45.7843,43.8225,42.0247,40.3718,38.2692,36.1256,32.7081,27.2111,20.146,13.8888,6.08836
45.528,0.0413,1.0000,0.0000,6,231.93,-2.40,14.76,-0.3163,-0.0650,14368.6,0.0,213.37,212.35,207.32,207.32,10.5733,26.5308,148.964,93.0218,66.3651,55.598,50.9916,47.5518,45.3699,43.3825,41.5649,39.8965,37.7784,35.6233,32.197,26.8277,19.9948,13.9218,6.21514
45.546,0.0511,1.0000,0.0000,6,232.19,-1.92,15.30,-0.3040,-0.0680,14404.9,0.0,213.47,212.76,207.83,207.83,10.5124,27.5372,148.604,92.3875,65.717,54.9361,50.3008,46.8495,44.6645,42.6774,40.8624,39.1984,37.0888,34.9458,31.5451,26.3128,19.739,13.8805,6.32083
45.566,0.0833,1.0000,0.0000,6,232.44,-1.63,15.51,-0.2908,-0.0711,14454.3,0.0,213.70,212.97,208.54,208.54,10.4647,28.7265,148.439,91.8752,65.1687,54.3632,49.6842,46.2114,44.0177,42.0259,40.2094,38.5464,36.441,34.3058,30.9249,25.8037,19.4746,13.8194,6.41009
45.584,0.1416,1.0000,0.0000,6,232.68,-1.58,15.93,-0.2763,-0.0774,14496.5,0.0,214.31,212.81,209.16,209.16,10.3999,29.2201,151.009,93.1214,66.0219,54.9772,50.0514,46.4196,44.136,42.0695,40.1908,38.4756,36.3108,34.1229,30.6737,25.5408,19.3706,13.8394,6.50437
45.604,0.1942,1.0000,0.0000,6,232.88,-2.23,16.24,-0.2615,-0.0771,14534.5,0.0,214.91,212.34,209.71,209.71,10.2942,28.686,158.756,97.3395,69.2949,57.6884,52.2668,48.1947,45.658,43.3782,41.3181,39.4476,37.1012,34.7455,31.064,25.6772,19.5356,14.0085,6.62099
45.628,0.2067,1.0000,0.0000,6,233.14,-3.15,16.88,-0.2474,-0.0785,14471.1,0.0,215.27,211.98,208.83,208.83,10.1616,27.617,171.765,103.743,74.4676,62.0824,56.2129,51.5209,48.5398,45.8881,43.5141,41.3768,38.7193,36.0776,32.0012,26.1478,19.8773,14.2774,6.75332
45.647,0.1691,1.0000,0.0000,6,233.31,-3.67,17.63,-0.2338,-0.0790,14482.7,0.0,215.30,212.05,208.97,208.97,10.0416,26.7645,189.332,109.866,79.5569,66.4851,60.2197,55.1707,51.8172,48.7206,45.9703,43.5171,40.4968,37.527,33.0064,26.644,20.1578,14.5087,6.87616
45.666,0.1522,1.0000,0.0000,6,233.41,-4.04,18.49,-0.2203,-0.0799,14519.1,0.0,215.61,212.30,209.47,209.47,9.91953,25.896,200.0,116.504,85.2283,71.4836,64.8179,59.4044,55.7868,52.3808,49.1891,46.3078,42.8031,39.4023,34.3096,27.3087,20.459,14.7514,7.00019
45.685,0.1370,1.0000,0.0000,6,233.52,-4.93,19.01,-0.2072,-0.0819,14569.3,0.0,215.88,212.35,210.20,210.20,9.79027,24.9553,58.469,124.04,91.8174,77.3993,70.3204,64.521,60.6182,56.9227,53.4389,50.1683,45.9959,41.9837,36.0991,28.2426,20.8226,15.0266,7.12962
45.704,0.1233,1.0000,0.0000,6,233.74,-5.39,19.73,-0.1944,-0.0824,14520.7,0.0,215.90,212.63,209.54,209.54,9.67834,24.2254,51.5396,131.524,97.8745,82.9227,75.507,69.3876,65.2435,61.299,57.5608,54.0344,49.4552,44.777,37.9843,29.1905,21.161,15.2433,7.24522
45.729,0.1110,1.0000,0.0000,6,233.92,-5.11,20.34,-0.1819,-0.0789,14538.8,0.0,215.68,213.21,209.77,209.77,9.60652,23.8999,48.4073,137.0,101.763,86.509,78.8999,72.5921,68.3053,64.2117,60.3194,56.6354,51.8339,46.8577,39.3181,29.7846,21.3097,15.3084,7.32733
45.747,0.0999,1.0000,0.0000,6,234.09,-4.76,20.74,-0.1699,-0.0741,14579.8,0.0,215.68,213.63,210.36,210.36,9.55146,23.6655,46.2149,142.088,104.98,89.5041,81.7499,75.3007,70.9041,66.6947,62.6825,58.8744,53.8957,48.7161,40.5777,30.3176,21.426,15.3168,7.39386
45.766,0.0899,1.0000,0.0000,6,234.27,-4.71,20.92,-0.1588,-0.0694,14618.5,0.0,215.87,213.85,210.92,210.92,9.50243,23.3913,44.2003,147.971,108.339,92.6535,84.7616,78.175,73.6723,69.3505,65.2193,61.2876,56.1301,50.7442,42.1029,30.9768,21.6018,15.316,7.45335
45.785,0.0809,1.0000,0.0000,6,234.53,-4.51,21.21,-0.1487,-0.0638,14591.8,0.0,216.02,214.17,210.55,210.55,9.47024,23.1689,42.628,153.692,111.214,95.3702,87.3708,80.6788,76.0927,71.681,67.4544,63.4232,58.1209,52.5635,43.5951,31.6114,21.7633,15.2956,7.49699
45.804,0.0728,1.0000,0.0000,6,234.75,-4.15,21.35,-0.1397,-0.0565,14620.1,0.0,216.08,214.57,210.95,210.95,9.46354,23.0563,41.6092,158.172,113.107,97.1768,89.1184,82.365,77.7306,73.2674,68.9851,64.8947,59.5038,53.8412,44.6717,32.0725,21.8445,15.2425,7.51849
45.828,0.0655,1.0000,0.0000,6,234.97,-3.82,21.33,-0.1320,-0.0483,14648.4,0.0,216.19,214.91,211.36,211.36,9.47734,22.9825,40.8363,162.131,114.518,98.5264,90.4317,83.641,78.976,74.4793,70.161,66.0313,60.5815,54.847,45.5366,32.468,21.8987,15.182,7.52243
45.847,0.0590,1.0000,0.0000,6,235.22,-3.54,21.24,-0.1259,-0.0397,14671.5,0.0,216.37,215.21,211.70,211.70,9.51029,22.918,40.1837,166.342,115.751,99.6352,91.5169,84.701,80.0154,75.4951,71.1503,66.9927,61.5001,55.7115,46.2929,32.8521,21.9506,15.1256,7.51046
45.866,0.0531,1.0000,0.0000,6,235.46,-3.32,21.10,-0.1214,-0.0308,14695.1,0.0,216.58,215.50,212.04,212.04,9.56227,22.849,39.5937,171.369,116.925,100.612,92.4775,85.6431,80.9423,76.4043,72.0403,67.8608,62.3342,56.502,46.9938,33.2547,22.0135,15.0789,7.48344
45.885,0.0478,1.0000,0.0000,6,235.73,-3.15,20.92,-0.1187,-0.0216,14707.5,0.0,216.79,215.77,212.22,212.22,9.62709,22.7804,39.0732,177.71,118.001,101.43,93.2864,86.442,81.7315,77.1822,72.8051,68.6101,63.0596,57.1959,47.619,33.6646,22.0824,15.0394,7.44073
45.904,0.0430,1.0000,0.0000,6,236.00,-2.91,20.65,-0.1179,-0.0114,14718.9,0.0,216.94,216.10,212.39,212.39,9.69371,22.7671,38.7891,184.113,118.445,101.667,93.5384,86.7064,82.0042,77.4629,73.0932,68.905,63.3616,57.5038,47.9293,33.9269,22.0924,14.9781,7.37717
45.929,0.0387,1.0000,0.0000,6,236.27,-2.57,20.37,-0.1191,-0.0004,14746.0,0.0,217.11,216.46,212.67,212.67,9.75985,22.7922,38.6823,190.35,118.372,101.457,93.3619,86.56,81.8799,77.3614,73.0146,68.8487,63.3363,57.5123,47.9933,34.0571,22.0584,14.9017,7.30825
45.947,0.0348,1.0000,0.0000,6,236.46,-2.45,19.84,-0.1226,0.0102,14828.5,0.0,217.35,216.67,213.97,213.97,9.81483,22.7724,38.4792,196.99,118.622,101.48,93.4079,86.6263,81.9622,77.4581,73.126,68.975,63.4819,57.677,48.1852,34.2686,22.0781,14.8526,7.24804
45.966,0.0313,1.0000,0.0000,6,236.78,-2.45,19.40,-0.1282,0.0205,14812.4,0.0,217.62,216.87,213.76,213.76,9.85985,22.7158,38.2032,200.0,119.148,101.68,93.624,86.8572,82.2023,77.7078,73.3843,69.2412,63.7572,57.9604,48.4748,34.5421,22.1451,14.8275,7.19574
45.985,0.0282,1.0000,0.0000,6,237.09,-2.30,18.91,-0.1360,0.0270,14804.3,0.0,217.79,217.19,213.63,213.63,9.91049,22.7274,38.1947,200.0,118.84,101.225,93.211,86.4831,81.8572,77.3934,73.1012,68.9882,63.5476,57.7996,48.3964,34.5785,22.1288,14.7696,7.14115
46.004,0.0254,1.0000,0.0000,6,237.34,-1.98,18.39,-0.1437,0.0257,14863.0,0.0,217.99,217.59,214.30,214.30,9.96426,22.7868,38.3949,200.0,117.878,100.279,92.3264,85.6574,81.0767,76.659,72.4143,68.3507,62.9787,57.3088,48.0446,34.4366,22.0512,14.6888,7.08593
46.029,0.0228,1.0000,0.0000,6,237.53,-1.90,17.65,-0.1510,0.0238,14961.1,0.0,218.23,217.79,215.89,215.89,10.0071,22.7921,38.4603,200.0,117.402,99.6823,91.7784,85.1542,80.6072,76.2234,72.0136,67.9857,62.6645,57.0507,47.882,34.4124,22.0419,14.6401,7.03882
46.047,0.0206,1.0000,0.0000,6,237.88,-1.89,17.26,-0.1577,0.0213,14915.2,0.0,218.58,218.02,215.26,215.26,10.0396,22.7478,38.3973,200.0,117.383,99.4044,91.5318,84.9399,80.4151,76.0555,71.8695,67.8647,62.5764,56.9975,47.8874,34.4925,22.0983,14.6218,6.99951
46.066,0.0185,1.0000,0.0000,6,238.22,-1.84,17.08,-0.1639,0.0188,14879.3,0.0,218.92,218.34,214.73,214.73,10.0671,22.6931,38.3412,200.0,117.386,99.1347,91.2791,84.7179,80.2163,75.8803,71.7178,67.7368,62.48,56.9365,47.8846,34.565,22.1711,14.6133,6.96483
46.085,0.0167,1.0000,0.0000,6,238.55,-1.70,16.82,-0.1695,0.0170,14860.9,0.0,219.13,218.67,214.45,214.45,10.0967,22.6768,38.4691,200.0,116.826,98.4622,90.6379,84.1254,79.6595,75.3602,71.2351,67.2923,62.0892,56.6057,47.6569,34.49,22.1937,14.587,6.93019
46.104,0.0150,1.0000,0.0000,6,238.85,-1.40,16.70,-0.1746,0.0160,14858.5,0.0,219.33,219.05,214.41,214.41,10.1303,22.7133,38.8234,200.0,115.589,97.3104,89.551,83.1062,78.6917,74.4452,70.3747,66.4874,61.3626,55.9672,47.1744,34.2469,22.1435,14.5368,6.89437
46.129,0.0135,1.0000,0.0000,6,239.06,-1.17,16.34,-0.1792,0.0152,14948.8,0.0,219.55,219.34,215.68,215.68,10.1614,22.7654,39.2387,200.0,114.254,96.0908,88.403,82.0287,77.6675,73.4771,69.463,65.6335,60.5898,55.2867,46.6552,33.9756,22.0752,14.4893,6.86129
46.147,0.0121,1.0000,0.0000,6,239.36,-1.06,16.08,-0.1835,0.0140,14949.7,0.0,219.83,219.57,215.73,215.73,10.1862,22.8056,39.6095,200.0,113.155,95.0373,87.4069,81.0963,76.7838,72.6425,68.6796,64.9013,59.9299,54.7077,46.2171,33.7525,22.0246,14.4595,6.83313
46.166,0.0179,1.0000,0.0000,6,239.67,-0.96,15.97,-0.1874,0.0129,14944.6,0.0,220.13,219.85,215.65,215.65,10.2075,22.8516,40.0014,200.0,112.088,94.0067,86.4296,80.1824,75.9173,71.8244,67.9113,64.1839,59.2825,54.1387,45.7854,33.5281,21.9684,14.4377,6.80814
46.185,0.0577,1.0000,0.0000,6,239.97,-0.87,15.91,-0.1910,0.0115,14945.7,0.0,220.42,220.11,215.66,215.66,10.2236,22.8921,40.3695,200.0,111.178,93.0862,85.5496,79.3613,75.1396,71.0918,67.2243,63.5417,58.7048,53.6335,45.4029,33.331,21.9211,14.4302,6.7875
46.204,0.1128,1.0000,0.0000,6,240.25,-0.81,15.91,-0.1940,0.0085,14951.7,0.0,220.82,220.17,215.75,215.75,10.2189,22.8228,40.2834,200.0,111.587,93.0812,85.4791,79.309,75.1002,71.065,67.2096,63.5402,58.7188,53.6639,45.459,33.415,22.0097,14.4959,6.78158
46.228,0.1557,1.0000,0.0000,6,240.50,-1.08,15.93,-0.1962,0.0022,14974.2,0.0,221.31,219.99,216.05,216.05,10.1728,22.512,39.2263,200.0,115.032,95.1475,87.1381,80.901,76.6409,72.5512,68.6397,64.9112,60.0057,54.8523,46.4676,34.1173,22.4059,14.7095,6.8053
46.247,0.1670,1.0000,0.0000,6,240.71,-1.88,15.94,-0.1971,-0.0079,14999.5,0.0,221.80,219.67,216.43,216.43,10.0791,21.9374,37.2425,200.0,122.847,100.068,91.0847,84.4543,80.0736,75.8568,71.8129,67.9473,62.8443,57.4623,48.6572,35.5985,23.1916,15.1001,6.86678
46.266,0.1530,1.0000,0.0000,6,240.90,-3.03,15.96,-0.1965,-0.0205,15022.4,0.0,222.23,219.47,216.76,216.76,9.95065,21.2133,34.917,200.0,135.8,107.911,97.349,89.6835,84.9147,80.5269,76.3062,72.257,66.8876,61.1922,51.8025,37.7286,24.3038,15.6375,6.96228
46.284,0.1377,1.0000,0.0000,6,241.08,-4.17,16.03,-0.1940,-0.0338,15043.5,0.0,222.53,219.49,217.06,217.06,9.80506,20.4709,32.7402,200.0,173.669,118.333,105.533,96.4206,90.8285,85.8548,81.3855,77.1472,71.4996,65.4738,55.4503,40.2294,25.6088,16.2607,7.08309
46.304,0.1239,1.0000,0.0000,6,241.23,-5.16,16.24,-0.1894,-0.0477,15062.3,0.0,222.79,219.59,217.34,217.34,9.64325,19.7246,30.7298,200.0,200.0,132.493,116.243,105.096,98.368,92.4553,87.2201,82.551,76.6199,70.2587,59.5766,43.1067,27.1156,16.9742,7.23149
46.329,0.1115,1.0000,0.0000,6,241.38,-6.02,16.42,-0.1826,-0.0612,15076.7,0.0,222.91,219.77,217.55,217.55,9.47397,19.0239,28.9862,58.3694,200.0,170.626,129.563,115.587,107.362,100.238,94.0071,88.5121,81.8261,75.14,63.8439,46.1478,28.7275,17.7365,7.40207
46.347,0.1004,1.0000,0.0000,6,241.60,-6.25,16.75,-0.1735,-0.0724,15048.6,0.0,222.87,220.14,217.16,217.16,9.31323,18.4414,27.6531,50.2533,200.0,199.865,151.115,126.321,116.406,107.945,100.638,94.2637,86.5973,79.2454,67.488,48.822,30.1902,18.4452,7.57817
46.366,0.0903,1.0000,0.0000,6,241.80,-5.90,17.04,-0.1620,-0.0809,15051.8,0.0,222.76,220.64,217.19,217.19,9.16527,17.9877,26.7079,46.4045,200.0,200.0,184.033,137.683,124.109,114.399,106.104,98.9387,90.4032,82.303,70.0923,50.8119,31.3433,19.0377,7.74678
46.385,0.0813,1.0000,0.0000,6,242.00,-5.29,17.24,-0.1484,-0.0873,15067.0,0.0,222.74,221.11,217.40,217.40,9.02328,17.6111,25.9873,44.0507,200.0,200.0,197.444,159.874,131.419,119.758,110.576,102.709,93.4159,84.6758,71.9341,52.2856,32.2625,19.5463,7.9119
46.404,0.0732,1.0000,0.0000,6,242.22,-4.70,17.34,-0.1328,-0.0930,15089.7,0.0,222.85,221.48,217.73,217.73,8.87909,17.2576,25.3461,42.2155,200.0,200.0,200.0,179.197,141.738,125.042,114.827,106.257,96.2159,86.8518,73.4676,53.558,33.0995,20.0318,8.08108
46.428,0.0658,1.0000,0.0000,6,242.44,-4.27,17.37,-0.1157,-0.0960,15109.8,0.0,223.06,221.75,218.02,218.02,8.7287,16.8975,24.7061,40.5106,200.0,200.0,200.0,191.21,166.58,132.342,119.54,110.167,99.2818,89.2223,75.0125,54.8406,33.9575,20.5364,8.25908
46.447,0.0593,1.0000,0.0000,6,242.69,-3.92,17.41,-0.0978,-0.0978,15111.4,0.0,223.28,222.02,218.05,218.05,8.57411,16.5374,24.0811,38.9545,200.0,200.0,200.0,200.0,181.215,145.456,125.056,114.362,102.542,91.7249,76.6137,56.0892,34.8126,21.048,8.44329
46.466,0.0533,1.0000,0.0000,6,242.93,-3.57,17.44,-0.0792,-0.0992,15126.3,0.0,223.47,222.33,218.26,218.26,8.41838,16.1919,23.5027,37.6273,200.0,200.0,200.0,200.0,190.792,167.935,132.102,118.455,105.679,94.1044,78.1066,57.1821,35.5988,21.5388,8.62925
46.485,0.0480,1.0000,0.0000,6,243.17,-3.26,17.44,-0.0600,-0.1001,15142.6,0.0,223.67,222.63,218.50,218.50,8.2614,15.8563,22.9571,36.4523,156.798,200.0,200.0,200.0,198.151,179.011,144.127,123.019,108.757,96.4131,79.5322,58.1532,36.3306,22.0127,8.81676
46.504,0.0432,1.0000,0.0000,6,243.42,-2.99,17.38,-0.0403,-0.1006,15157.8,0.0,223.86,222.91,218.72,218.72,8.10368,15.5293,22.4388,35.3976,146.554,200.0,200.0,200.0,200.0,186.896,163.699,128.765,111.778,98.6559,80.8935,59.0124,37.0092,22.4695,9.00481
46.529,0.0389,1.0000,0.0000,6,243.68,-2.71,17.23,-0.0204,-0.1004,15172.9,0.0,224.01,223.22,218.93,218.93,7.94913,15.2274,21.984,34.5575,138.935,200.0,200.0,200.0,200.0,192.177,172.253,135.815,114.239,100.439,81.9328,59.6138,37.5542,22.872,9.18726
46.547,0.0350,0.9959,0.0000,6,243.93,-2.40,17.02,-0.0002,-0.0995,15205.4,0.0,224.19,223.53,219.32,219.32,7.79657,14.9433,21.5729,33.8633,132.225,200.0,200.0,200.0,200.0,195.892,177.66,148.852,116.429,101.854,82.7191,60.02,37.9945,23.2318,9.36528
46.567,0.0315,0.9588,0.0000,6,244.15,-2.27,16.64,0.0200,-0.0989,15251.9,0.0,224.42,223.75,220.08,220.08,7.64236,14.6516,21.1458,33.1249,124.03,200.0,200.0,200.0,200.0,199.933,182.738,160.176,119.445,103.551,83.6824,60.4796,38.462,23.6032,9.54513
46.585,0.0283,0.9547,0.0000,6,244.42,-2.16,16.42,0.0402,-0.0984,15230.2,0.0,224.68,223.99,219.78,219.78,7.48747,14.3559,20.7099,32.3642,111.909,200.0,200.0,200.0,200.0,200.0,187.497,167.879,123.66,105.495,84.7945,60.97,38.9437,23.9804,9.72583
46.604,0.0255,0.9550,0.0000,6,244.66,-2.02,16.32,0.0604,-0.0976,15226.8,0.0,224.91,224.26,219.72,219.72,7.33371,14.0668,20.2896,31.6555,90.3818,200.0,200.0,200.0,200.0,200.0,191.449,173.57,129.381,107.386,85.8601,61.3846,39.3829,24.3386,9.90377
46.628,0.0230,0.9533,0.0000,6,244.90,-1.86,16.21,0.0805,-0.0965,15229.3,0.0,225.09,224.51,219.76,219.76,7.18225,13.7896,19.8973,31.0291,79.7033,200.0,200.0,200.0,200.0,200.0,194.639,177.73,139.163,109.104,86.7649,61.6927,39.7493,24.664,10.0769
46.647,0.0207,0.9490,0.0000,6,245.13,-1.64,16.17,0.1006,-0.0950,15233.7,0.0,225.26,224.79,219.82,219.82,7.03391,13.5273,19.538,30.5012,74.6017,200.0,200.0,200.0,200.0,200.0,197.158,180.607,149.338,110.638,87.434,61.8817,40.0275,24.9488,10.2433
46.666,0.0186,0.9269,0.0000,6,245.34,-1.45,16.10,0.1205,-0.0932,15260.0,0.0,225.45,225.03,220.19,220.19,6.88763,13.2723,19.1946,30.0167,71.4172,200.0,200.0,200.0,200.0,200.0,199.421,182.883,154.827,112.246,88.017,62.029,40.2606,25.2104,10.4052
46.685,0.0167,0.9147,0.0000,6,245.56,-1.31,16.05,0.1402,-0.0915,15260.1,0.0,225.65,225.23,220.20,220.20,6.74294,13.0193,18.8534,29.535,68.6955,200.0,200.0,200.0,200.0,200.0,200.0,185.004,159.114,114.243,88.6438,62.197,40.4828,25.4638,10.5642
46.704,0.0151,0.9058,0.0000,6,245.76,-1.20,16.04,0.1596,-0.0896,15263.1,0.0,225.83,225.44,220.24,220.24,6.60069,12.7726,18.5235,29.0807,66.6852,200.0,200.0,200.0,200.0,200.0,200.0,186.834,162.473,116.592,89.2372,62.3495,40.6738,25.6992,10.7186
46.729,0.0136,0.8978,0.0000,6,245.95,-1.08,16.05,0.1786,-0.0876,15267.1,0.0,226.00,225.64,220.30,220.30,6.46144,12.5341,18.2095,28.6687,65.3952,154.619,200.0,200.0,200.0,200.0,200.0,188.413,165.037,119.321,89.7428,62.4595,40.8216,25.9113,10.8674
46.748,0.0122,0.8897,0.0000,6,246.13,-0.97,16.07,0.1973,-0.0853,15272.2,0.0,226.15,225.84,220.37,220.37,6.32565,12.3053,17.9141,28.3037,64.7207,147.937,200.0,200.0,200.0,200.0,200.0,189.709,166.946,122.62,90.1389,62.5176,40.9235,26.0979,11.0098
46.766,0.0110,0.8789,0.0000,6,246.30,-0.86,16.10,0.2157,-0.0829,15280.6,0.0,226.29,226.02,220.49,220.49,6.19354,12.0857,17.6361,27.9828,64.4837,143.627,200.0,200.0,200.0,200.0,200.0,190.74,168.353,127.202,90.435,62.5292,40.9833,26.2601,11.1457
46.786,0.0099,0.8674,0.0000,6,246.47,-0.76,16.11,0.2335,-0.0804,15287.9,0.0,226.43,226.19,220.60,220.60,6.06519,11.8748,17.3731,27.6995,64.5019,140.263,200.0,200.0,200.0,200.0,200.0,191.583,169.413,133.729,90.6606,62.5086,41.0092,26.4013,11.2752
46.804,0.0089,0.8573,0.0000,6,246.62,-0.68,16.13,0.2509,-0.0778,15293.0,0.0,226.57,226.35,220.67,220.67,5.9406,11.6719,17.124,27.4481,64.669,137.418,200.0,200.0,200.0,200.0,200.0,192.293,170.226,137.725,90.8372,62.4675,41.0068,26.5236,11.3985
46.829,0.0080,0.8480,0.0000,6,246.76,-0.61,16.15,0.2677,-0.0751,15298.1,0.0,226.70,226.50,220.75,220.75,5.82025,11.4779,16.8896,27.2315,64.9674,134.946,200.0,200.0,200.0,200.0,200.0,192.862,170.82,140.444,90.9651,62.404,40.9762,26.6274,11.5153
46.847,0.0072,0.8393,0.0000,6,246.90,-0.55,16.22,0.2840,-0.0723,15302.8,0.0,226.82,226.63,220.81,220.81,5.70402,11.2923,16.6687,27.0468,65.3323,132.716,200.0,200.0,200.0,200.0,200.0,193.343,171.257,142.488,91.061,62.3268,40.9232,26.7145,11.6258
46.866,0.0065,0.8313,0.0000,6,247.03,-0.50,16.28,0.2997,-0.0695,15307.0,0.0,226.94,226.76,220.88,220.88,5.59235,11.1157,16.4628,26.8995,65.8032,130.722,200.0,200.0,200.0,200.0,200.0,193.694,171.525,144.022,91.1172,62.2305,40.8446,26.7835,11.7295
46.885,0.0058,0.8290,0.0000,6,247.15,-0.44,16.39,0.3148,-0.0665,15304.3,0.0,227.04,226.89,220.84,220.84,5.48557,10.9503,16.2764,26.8025,66.4705,129.02,200.0,200.0,200.0,200.0,200.0,193.831,171.57,145.083,91.1279,62.0979,40.7342,26.8313,11.8258
46.904,0.0053,0.8228,0.0000,6,247.26,-0.38,16.48,0.3293,-0.0635,15310.9,0.0,227.14,227.01,220.93,220.93,5.38356,10.795,16.1075,26.7519,67.2565,127.514,200.0,200.0,200.0,200.0,200.0,193.815,171.452,145.819,91.1176,61.9409,40.5984,26.861,11.9151
46.929,0.0047,0.8140,0.0000,6,247.37,-0.34,16.55,0.3432,-0.0604,15318.0,0.0,227.24,227.12,221.03,221.03,5.28674,10.6501,15.9562,26.7479,68.1175,126.147,200.0,200.0,200.0,200.0,200.0,193.685,171.233,146.328,91.102,61.7664,40.443,26.874,11.9973
46.947,0.0043,0.8045,0.0000,6,247.47,-0.30,16.68,0.3564,-0.0573,15324.3,0.0,227.33,227.22,221.12,221.12,5.19486,10.515,15.8202,26.7845,68.9605,124.818,200.0,200.0,200.0,200.0,200.0,193.53,170.996,146.724,91.1219,61.5907,40.2863,26.8735,12.073
46.966,0.0038,0.7965,0.0000,6,247.56,-0.28,16.80,0.3689,-0.0542,15327.9,0.0,227.42,227.31,221.18,221.18,5.10803,10.3894,15.6992,26.8633,69.7513,123.502,200.0,200.0,200.0,200.0,200.0,193.379,170.76,147.047,91.1921,61.4181,40.1323,26.8607,12.1423
46.986,0.0034,0.8006,0.0000,6,247.66,-0.25,16.97,0.3807,-0.0510,15316.6,0.0,227.50,227.40,221.02,221.02,5.02673,10.2753,15.5978,27.0003,70.5998,122.284,200.0,200.0,200.0,200.0,200.0,193.141,170.458,147.227,91.2777,61.2323,39.9735,26.8326,12.2046
47.004,0.0031,0.7988,0.0000,6,247.75,-0.22,17.18,0.3918,-0.0477,15322.0,0.0,227.57,227.50,221.09,221.09,4.95123,10.174,15.5198,27.2157,71.6156,121.258,200.0,200.0,200.0,200.0,200.0,192.713,170.005,147.19,91.3252,61.0146,39.8025,26.7862,12.2591
47.029,0.0028,0.7914,0.0000,6,247.83,-0.19,17.34,0.4021,-0.0444,15330.6,0.0,227.64,227.58,221.21,221.21,4.88162,10.0857,15.4651,27.513,72.7376,120.369,200.0,200.0,200.0,200.0,200.0,192.155,169.452,147.004,91.3629,60.7761,39.6231,26.7233,12.3063
47.047,0.0025,0.7803,0.0000,6,247.90,-0.17,17.48,0.4118,-0.0411,15340.0,0.0,227.72,227.65,221.35,221.35,4.81759,10.009,15.4304,27.8849,73.8346,119.495,200.0,200.0,200.0,200.0,200.0,191.591,168.896,146.78,91.4558,60.5384,39.4449,26.6489,12.3469
47.066,0.0023,0.7711,0.0000,6,247.97,-0.15,17.68,0.4207,-0.0378,15344.1,0.0,227.78,227.71,221.41,221.41,4.75909,9.94271,15.4123,28.3256,74.7757,118.523,200.0,200.0,200.0,200.0,200.0,191.136,168.427,146.618,91.6781,60.3222,39.2764,26.5671,12.3817
47.085,0.0020,0.7748,0.0000,6,248.04,-0.15,17.86,0.4288,-0.0344,15332.4,0.0,227.84,227.77,221.29,221.29,4.70663,9.88953,15.4181,28.8486,75.7092,117.613,200.0,200.0,200.0,200.0,200.0,190.63,167.915,146.383,91.9522,60.0987,39.1051,26.472,12.4095
47.104,0.0018,0.7806,0.0000,6,248.11,-0.13,18.19,0.4362,-0.0311,15327.3,0.0,227.90,227.85,221.17,221.17,4.66061,9.85153,15.4532,29.3973,76.5308,116.877,200.0,200.0,200.0,200.0,200.0,189.96,167.278,145.997,92.2122,59.8478,38.9235,26.3606,12.4298
47.129,0.0016,0.7765,0.0000,6,248.16,-0.11,18.46,0.4428,-0.0276,15337.1,0.0,227.95,227.91,221.31,221.31,4.62106,9.82808,15.5165,29.9527,77.1747,116.231,200.0,200.0,200.0,200.0,200.0,189.214,166.581,145.534,92.5163,59.5843,38.7368,26.2357,12.4429
47.147,0.0015,0.7647,0.0000,6,248.21,-0.10,18.60,0.4487,-0.0242,15349.9,0.0,228.00,227.96,221.49,221.49,4.5874,9.81821,15.6059,30.501,77.6331,115.614,200.0,200.0,200.0,200.0,200.0,188.462,165.878,145.053,92.9199,59.3219,38.5511,26.104,12.4498
47.166,0.0013,0.7536,0.0000,6,248.26,-0.09,18.89,0.4537,-0.0207,15355.9,0.0,228.04,228.01,221.58,221.58,4.56035,9.82341,15.7253,31.0502,77.9735,115.054,200.0,200.0,200.0,200.0,200.0,187.675,165.153,144.53,93.4253,59.0549,38.3637,25.9716,12.4498
47.186,0.0012,0.7458,0.0000,6,248.29,-0.09,19.08,0.4580,-0.0172,15358.2,0.0,228.08,228.05,221.62,221.62,4.53986,9.84417,15.877,31.6036,78.2281,114.578,200.0,200.0,200.0,200.0,200.0,186.841,164.389,143.959,94.0387,58.7803,38.1738,25.8381,12.443
47.204,0.0011,0.7650,0.0000,6,248.36,-0.07,19.51,0.4615,-0.0137,15327.0,0.0,228.13,228.10,221.17,221.17,4.52603,9.88165,16.0634,32.1612,78.4157,114.19,200.0,200.0,200.0,200.0,200.0,185.958,163.587,143.34,94.79,58.498,37.9811,25.7036,12.4295
47.229,0.0010,0.7671,0.0000,6,248.39,-0.06,19.90,0.4642,-0.0102,15338.2,0.0,228.16,228.14,221.32,221.32,4.51923,9.93615,16.2879,32.7252,78.5487,113.91,200.0,200.0,200.0,200.0,200.0,185.023,162.746,142.677,95.7192,58.2069,37.7847,25.5678,12.4091
47.248,0.0009,0.7571,0.0000,6,248.43,-0.05,20.12,0.4661,-0.0067,15353.1,0.0,228.19,228.18,221.53,221.53,4.51895,10.0072,16.5495,33.2854,78.6071,113.691,200.0,200.0,200.0,200.0,200.0,184.082,161.9,141.999,96.9483,57.9165,37.5892,25.4326,12.3825
47.267,0.0008,0.7441,0.0000,6,248.46,-0.05,20.43,0.4672,-0.0032,15363.0,0.0,228.23,228.20,221.68,221.68,4.52562,10.0956,16.8336,33.8371,78.5823,113.492,200.0,200.0,200.0,200.0,200.0,183.174,161.08,141.334,98.299,57.6325,37.3964,25.2987,12.3497
47.285,0.0007,0.7349,0.0000,6,248.48,-0.05,20.70,0.4675,0.0003,15365.8,0.0,228.25,228.22,221.72,221.72,4.53937,10.2019,17.1147,34.377,78.4732,113.298,200.0,200.0,200.0,200.0,200.0,182.318,160.299,140.692,99.3829,57.3574,37.2073,25.1665,12.3105
47.304,0.0006,0.7575,0.0000,6,248.53,-0.05,21.13,0.4670,0.0038,15328.9,0.0,228.29,228.26,221.21,221.21,4.56,10.3265,17.3935,34.9116,78.3142,113.176,200.0,200.0,200.0,200.0,200.0,181.463,159.519,140.041,100.235,57.0841,37.0196,25.035,12.2655
47.329,0.0006,0.7631,0.0000,6,248.56,-0.05,21.65,0.4656,0.0073,15338.0,0.0,228.32,228.29,221.32,221.32,4.58813,10.472,17.6745,35.4543,78.1395,113.243,200.0,200.0,200.0,200.0,200.0,180.556,158.7,139.346,100.861,56.8016,36.8279,24.9019,12.2137
47.347,0.0005,0.7555,0.0000,6,248.58,-0.04,22.00,0.4635,0.0109,15352.3,0.0,228.34,228.32,221.52,221.52,4.62336,10.6362,17.9548,35.997,77.9324,113.484,200.0,200.0,200.0,200.0,199.27,179.629,157.867,138.633,101.337,56.5169,36.6356,24.7688,12.1557
47.366,0.0005,0.7404,0.0000,6,248.60,-0.04,22.29,0.4606,0.0144,15366.8,0.0,228.36,228.34,221.73,221.73,4.66582,10.8034,18.2326,36.5331,77.6811,113.907,200.0,200.0,200.0,200.0,198.282,178.718,157.044,137.921,101.717,56.236,36.4453,24.6368,12.0919
47.385,0.0004,0.7288,0.0000,6,248.61,-0.05,22.66,0.4568,0.0179,15371.2,0.0,228.37,228.35,221.80,221.80,4.71606,10.9715,18.5132,37.0801,77.4252,114.79,200.0,200.0,200.0,200.0,197.225,177.749,156.177,137.163,101.955,55.957,36.2509,24.5028,12.0247
47.404,0.0004,0.7465,0.0000,6,248.64,-0.04,23.04,0.4522,0.0215,15339.1,0.0,228.37,228.37,221.40,221.40,4.77429,11.1414,18.7987,37.6466,77.1816,116.756,200.0,200.0,200.0,200.0,196.051,176.685,155.237,136.344,102.046,55.6768,36.0493,24.3658,11.957
47.429,0.0003,0.7600,0.0000,6,248.67,-0.03,23.70,0.4468,0.0252,15334.1,0.0,228.41,228.41,221.27,221.27,4.84045,11.3119,19.0867,38.2248,76.9313,200.0,200.0,200.0,200.0,200.0,194.805,175.563,154.252,135.483,102.034,55.4039,35.8439,24.2272,11.8891
47.448,0.0003,0.7574,0.0000,6,248.68,-0.02,24.21,0.4406,0.0288,15347.5,0.0,228.42,228.43,221.45,221.45,4.91249,11.4818,19.374,38.8029,76.654,200.0,200.0,200.0,200.0,200.0,193.545,174.431,153.261,134.614,101.965,55.1479,35.6388,24.0889,11.8215
47.466,0.0003,0.7415,0.0000,6,248.69,-0.01,24.47,0.4336,0.0324,15366.7,0.0,228.44,228.44,221.73,221.73,4.98501,11.6516,19.6607,39.379,76.3467,200.0,200.0,200.0,200.0,200.0,192.295,173.308,152.275,133.749,101.855,54.9121,35.4342,23.9509,11.7539
47.485,0.0002,0.7259,0.0000,6,248.69,-0.01,24.76,0.4257,0.0358,15375.9,0.0,228.44,228.44,221.87,221.87,5.05753,11.8211,19.9469,39.9526,76.008,200.0,200.0,200.0,200.0,200.0,191.062,172.195,151.299,132.893,101.712,54.6981,35.2305,23.8133,11.6864
47.504,0.0002,0.7165,0.0000,6,248.69,-0.01,24.91,0.4175,0.0358,15377.0,0.0,228.44,228.44,221.90,221.90,5.13002,11.9905,20.2329,40.5254,75.6449,200.0,200.0,200.0,200.0,200.0,189.832,171.088,150.326,132.037,101.529,54.5054,35.027,23.6757,11.6189
47.529,0.0002,0.7395,0.0000,6,248.72,-0.01,25.39,0.4092,0.0358,15339.4,0.0,228.46,228.47,221.35,221.35,5.20268,12.1605,20.52,41.1021,75.2659,200.0,200.0,200.0,200.0,200.0,188.588,169.967,149.342,131.174,101.305,54.3313,34.8223,23.5376,11.5513
47.548,0.0002,0.7422,0.0000,6,248.71,-0.01,25.75,0.4010,0.0358,15352.7,0.0,228.46,228.46,221.53,221.53,5.27517,12.33,20.806,41.6754,74.86,200.0,200.0,200.0,200.0,200.0,187.357,168.857,148.365,130.319,101.056,54.1827,34.6188,23.4,11.4838
47.566,0.0002,0.7324,0.0000,6,248.71,-0.01,25.91,0.3927,0.0358,15367.8,0.0,228.46,228.46,221.75,221.75,5.34766,12.4994,21.0919,42.2437,74.4348,200.0,200.0,200.0,200.0,200.0,186.127,167.749,147.393,129.463,100.778,54.0587,34.4153,23.2626,11.4163
47.585,0.0001,0.7211,0.0000,6,248.70,-0.01,25.98,0.3845,0.0358,15375.6,0.0,228.45,228.45,221.87,221.87,5.42016,12.669,21.3781,42.7484,73.9923,200.0,200.0,200.0,200.0,200.0,184.893,166.637,146.417,128.605,100.471,53.9594,34.2117,23.125,11.3488
47.604,0.0001,0.7140,0.0000,6,248.69,-0.01,26.07,0.3763,0.0358,15376.8,0.0,228.45,228.45,221.88,221.88,5.49267,12.8385,21.6643,43.1765,73.5472,200.0,200.0,200.0,200.0,200.0,183.658,165.525,145.44,127.749,100.137,53.8878,34.008,22.9873,11.2813
47.629,0.0001,0.7250,0.0000,6,248.70,-0.01,26.20,0.3681,0.0358,15356.9,0.0,228.44,228.44,221.63,221.63,5.56518,13.0081,21.9508,43.5374,73.1225,200.0,200.0,200.0,200.0,200.0,182.42,164.409,144.462,126.889,99.7769,53.8443,33.804,22.8496,11.2138
47.647,0.0001,0.7335,0.0000,6,248.70,-0.01,26.46,0.3598,0.0358,15353.7,0.0,228.45,228.45,221.55,221.55,5.63771,13.1778,22.2375,43.8379,72.7173,200.0,200.0,200.0,200.0,200.0,181.177,163.292,143.479,126.028,99.3939,53.8311,33.5998,22.7117,11.1463
47.666,0.0001,0.7325,0.0000,6,248.69,-0.01,26.65,0.3516,0.0358,15361.2,0.0,228.44,228.44,221.66,221.66,5.71023,13.3475,22.524,44.0833,72.3338,200.0,200.0,200.0,200.0,200.0,179.939,162.175,142.5,125.167,98.9904,53.8519,33.3958,22.574,11.0787
47.686,0.0001,0.7254,0.0000,6,248.68,-0.01,26.73,0.3434,0.0358,15369.9,0.0,228.44,228.44,221.78,221.78,5.78273,13.517,22.8102,44.2771,71.9704,200.0,200.0,200.0,200.0,200.0,178.704,161.064,141.524,124.31,98.5704,53.9089,33.192,22.4364,11.0112
47.704,0.0001,0.7195,0.0000,6,248.67,-0.01,26.84,0.3351,0.0358,15372.6,0.0,228.43,228.43,221.82,221.82,5.85524,13.6866,23.0965,44.4256,71.6307,200.0,200.0,200.0,200.0,200.0,177.47,159.952,140.546,123.453,98.1324,54.0062,32.9886,22.2987,10.9437
47.729,0.0001,0.7163,0.0000,6,248.66,-0.01,26.93,0.3269,0.0359,15372.6,0.0,228.42,228.42,221.83,221.83,5.92773,13.8561,23.3826,44.5317,71.3159,200.0,200.0,200.0,200.0,200.0,176.24,158.844,139.573,122.598,97.6775,54.1446,32.7931,22.1612,10.8763
47.748,0.0001,0.7295,0.0000,6,248.67,-0.01,27.12,0.3187,0.0359,15352.6,0.0,228.42,228.42,221.54,221.54,6.00025,14.0256,23.669,44.5995,71.0302,200.0,200.0,200.0,200.0,200.0,175.004,157.731,138.596,121.739,97.2043,54.329,32.6097,22.0236,10.8088
47.766,0.0001,0.7338,0.0000,6,248.66,-0.01,27.34,0.3104,0.0359,15356.5,0.0,228.42,228.42,221.59,221.59,6.07277,14.1953,23.9556,44.6328,70.7766,200.0,200.0,200.0,200.0,200.0,173.766,156.615,137.616,120.88,96.7137,54.5625,32.4394,21.8858,10.7412
47.785,0.0001,0.7312,0.0000,6,248.66,-0.01,27.48,0.3022,0.0359,15363.2,0.0,228.41,228.41,221.69,221.69,6.14528,14.3649,24.2419,44.6314,70.5528,200.0,200.0,200.0,200.0,200.0,172.531,155.503,136.64,120.023,96.211,54.8529,32.2825,21.7482,10.6737
47.804,0.0000,0.7251,0.0000,6,248.65,-0.01,27.54,0.2939,0.0359,15369.4,0.0,228.41,228.41,221.78,221.78,6.21837,14.5358,24.5305,44.6028,70.3701,200.0,200.0,200.0,200.0,200.0,171.292,154.387,135.66,119.162,95.6905,55.1998,32.1379,21.6095,10.6057
47.829,0.0000,0.7203,0.0000,6,248.64,-0.01,27.63,0.2856,0.0359,15371.3,0.0,228.40,228.40,221.81,221.81,6.29136,14.7065,24.8138,44.5437,70.2273,200.0,200.0,200.0,200.0,200.0,170.056,153.272,134.681,118.303,95.156,55.6159,32.0078,21.471,10.5378
47.847,0.0000,0.7182,0.0000,6,248.63,-0.01,27.68,0.2773,0.0359,15370.7,0.0,228.39,228.39,221.80,221.80,6.36434,14.8772,25.0687,44.458,70.1262,200.0,200.0,200.0,200.0,200.0,168.818,152.157,133.702,117.443,94.6099,56.1084,31.8923,21.3325,10.4698
47.866,0.0000,0.7292,0.0000,6,248.63,-0.01,27.85,0.2691,0.0359,15354.4,0.0,228.39,228.39,221.56,221.56,6.43732,15.0479,25.2938,44.3465,70.0759,200.0,200.0,200.0,200.0,200.0,167.577,151.039,132.72,116.581,94.0489,56.589,31.7922,21.1939,10.4019
47.885,0.0000,0.7317,0.0000,6,248.62,-0.01,27.99,0.2608,0.0359,15359.1,0.0,228.38,228.38,221.63,221.63,6.51031,15.2187,25.49,44.2112,70.0804,200.0,200.0,200.0,200.0,200.0,166.335,149.92,131.738,115.72,93.4768,56.9948,31.7075,21.0554,10.3339
47.904,0.0000,0.7285,0.0000,6,248.61,-0.01,28.07,0.2525,0.0359,15365.3,0.0,228.37,228.37,221.72,221.72,6.58329,15.3894,25.6586,44.0522,70.1447,200.0,200.0,200.0,200.0,200.0,165.098,148.806,130.76,114.86,92.8949,57.3354,31.6396,20.9235,10.266
47.929,0.0000,0.7244,0.0000,6,248.60,-0.01,28.11,0.2442,0.0359,15368.4,0.0,228.36,228.36,221.76,221.76,6.65626,15.5601,25.8018,43.8711,70.2793,199.779,200.0,200.0,200.0,200.0,163.861,147.694,129.781,114.0,92.3025,57.6178,31.5891,20.8009,10.1981
47.948,0.0000,0.7218,0.0000,6,248.59,-0.01,28.16,0.2359,0.0359,15368.8,0.0,228.35,228.36,221.77,221.77,6.72923,15.7307,25.92,43.6699,70.4967,198.634,200.0,200.0,200.0,200.0,162.625,146.578,128.802,113.141,91.7,57.8463,31.5557,20.6879,10.1302
47.966,0.0000,0.7256,0.0000,6,248.59,-0.01,28.21,0.2276,0.0359,15361.9,0.0,228.35,228.35,221.69,221.69,6.80221,15.8954,26.0152,43.4484,70.8113,197.488,200.0,200.0,200.0,200.0,161.388,145.464,127.823,112.282,91.087,58.0262,31.541,20.5847,10.0622
47.985,0.0000,0.7299,0.0000,6,248.58,-0.01,28.32,0.2193,0.0359,15358.8,0.0,228.35,228.35,221.63,221.63,6.8752,16.0436,26.0879,43.2097,71.2464,196.341,200.0,200.0,200.0,200.0,160.146,144.347,126.842,111.42,90.4629,58.1604,31.5449,20.4915,9.9943
48.004,0.0000,0.7300,0.0000,6,248.57,-0.01,28.40,0.2111,0.0359,15362.0,0.0,228.34,228.34,221.67,221.67,6.94819,16.1761,26.1395,42.9524,71.8256,195.192,200.0,200.0,200.0,200.0,158.907,143.229,125.859,110.559,89.8302,58.255,31.569,20.4085,9.92636
48.029,0.0000,0.7272,0.0000,6,248.57,-0.01,28.44,0.2028,0.0359,15365.7,0.0,228.33,228.33,221.72,221.72,7.02093,16.2926,26.1691,42.6773,72.5893,194.04,200.0,200.0,200.0,200.0,157.671,142.117,124.883,109.701,89.1903,58.3123,31.6149,20.3367,9.85866
48.048,0.0000,0.7248,0.0000,6,248.56,-0.01,28.46,0.1946,0.0359,15366.9,0.0,228.32,228.32,221.74,221.74,7.09365,16.394,26.1793,42.3848,73.6074,192.888,200.0,200.0,200.0,200.0,156.438,141.006,123.907,108.844,88.5427,58.3361,31.6826,20.2755,9.79098
48.066,0.0000,0.7234,0.0000,6,248.55,-0.01,28.47,0.1863,0.0359,15366.9,0.0,228.32,228.32,221.75,221.75,7.16636,16.4808,26.1706,42.0914,74.9976,191.733,200.0,200.0,200.0,200.0,155.204,139.893,122.931,107.987,87.8864,58.3262,31.7732,20.2254,9.72331
48.085,0.0000,0.7273,0.0000,6,248.55,-0.01,28.50,0.1780,0.0359,15360.8,0.0,228.31,228.31,221.66,221.66,7.23909,16.5538,26.144,41.8143,77.0313,190.578,200.0,200.0,200.0,200.0,153.968,138.779,121.953,107.128,87.2215,58.2858,31.8873,20.1865,9.65704
48.104,0.0000,0.7288,0.0000,6,248.54,-0.01,28.55,0.1698,0.0359,15361.6,0.0,228.31,228.31,221.67,221.67,7.30994,16.613,26.0999,41.5555,80.6165,189.422,199.527,200.0,200.0,200.0,152.73,137.664,120.974,106.268,86.5483,58.2163,32.0261,20.1592,9.59563
48.129,0.0000,0.7281,0.0000,6,248.53,-0.01,28.58,0.1615,0.0359,15363.7,0.0,228.30,228.30,221.70,221.70,7.37468,16.6587,26.0389,41.3149,162.722,188.265,198.307,200.0,200.0,200.0,151.492,136.549,119.995,105.409,85.8673,58.1195,32.1916,20.1433,9.53951
48.147,0.0000,0.7269,0.0000,6,248.53,-0.01,28.59,0.1533,0.0359,15364.7,0.0,228.29,228.29,221.71,221.71,7.4334,16.6912,25.9615,41.0921,162.766,187.105,197.086,200.0,200.0,200.0,150.257,135.435,119.017,104.551,85.1798,57.999,32.3846,20.1399,9.48861
48.166,0.0000,0.7273,0.0000,6,248.51,-0.01,28.81,0.1450,0.0359,15363.3,0.0,228.28,228.28,221.69,221.69,7.486,16.7113,25.8684,40.8903,162.535,185.945,195.865,200.0,200.0,200.0,149.024,134.325,118.04,103.693,84.4858,57.8542,32.6073,20.1489,9.44298
48.185,0.0000,0.7287,0.0000,6,248.50,-0.01,29.01,0.1371,0.0332,15361.8,0.0,228.28,228.28,221.67,221.67,7.5326,16.7187,25.7603,40.7094,162.148,184.786,194.643,200.0,200.0,200.0,147.789,133.213,117.064,102.836,83.7868,57.6873,32.8605,20.1705,9.40271
48.204,0.0000,0.7483,0.0000,6,248.52,-0.01,29.39,0.1298,0.0304,15336.6,0.0,228.28,228.28,221.31,221.31,7.5733,16.7144,25.6378,40.5514,161.663,183.629,193.425,200.0,200.0,200.0,146.548,132.096,116.083,101.975,83.0866,57.4977,33.1107,20.2053,9.36785
48.229,0.0000,0.7546,0.0000,6,248.52,-0.01,29.77,0.1231,0.0275,15342.6,0.0,228.28,228.28,221.39,221.39,7.60816,16.6981,25.5011,40.417,161.104,182.47,192.204,200.0,200.0,200.0,145.311,130.981,115.104,101.116,82.387,57.2883,33.3307,20.2533,9.33824
48.248,0.0000,0.7507,0.0000,6,248.52,-0.01,30.08,0.1171,0.0246,15352.5,0.0,228.28,228.29,221.53,221.53,7.63719,16.6706,25.3509,40.3075,160.489,181.311,190.984,200.0,200.0,200.0,144.073,129.866,114.126,100.257,81.6877,57.0597,33.5229,20.3151,9.31412
48.266,0.0000,0.7418,0.0000,6,248.52,-0.00,30.45,0.1118,0.0218,15361.4,0.0,228.28,228.28,221.66,221.66,7.66049,16.6313,25.1871,40.2243,159.827,180.153,189.764,199.09,200.0,200.0,142.835,128.752,113.147,99.3983,80.9891,56.813,33.6875,20.3913,9.29556
48.285,0.0000,0.7351,0.0000,6,248.51,-0.00,30.70,0.1072,0.0189,15363.8,0.0,228.28,228.28,221.71,221.71,7.67807,16.5816,25.011,40.17,159.127,178.994,188.544,197.81,200.0,200.0,141.597,127.636,112.168,98.5379,80.2885,56.5476,33.8263,20.482,9.28251
48.304,0.0000,0.7545,0.0000,6,248.53,-0.00,31.19,0.1032,0.0160,15333.1,0.0,228.29,228.30,221.26,221.26,7.68997,16.5211,24.8224,40.147,158.399,177.839,187.327,196.533,200.0,200.0,140.352,126.516,111.184,97.6754,79.5871,56.2647,33.9404,20.5872,9.27509
48.329,0.0000,0.7566,0.0000,6,248.53,-0.00,31.57,0.0998,0.0132,15344.5,0.0,228.29,228.29,221.41,221.41,7.69625,16.4501,24.6361,40.1557,157.642,176.681,186.108,195.255,200.0,200.0,139.111,125.399,110.204,96.8146,78.8871,55.9666,34.0318,20.7082,9.27322
48.348,0.0000,0.7461,0.0000,6,248.52,-0.00,31.75,0.0971,0.0103,15360.0,0.0,228.29,228.29,221.64,221.64,7.69693,16.3685,24.4624,40.1983,156.863,175.523,184.888,193.975,200.0,200.0,137.874,124.284,109.225,95.9553,78.1875,55.6535,34.1006,20.8453,9.27711
48.366,0.0000,0.7344,0.0000,6,248.51,-0.00,31.77,0.0951,0.0075,15367.9,0.0,228.28,228.28,221.75,221.75,7.69211,16.2772,24.3017,40.2791,156.061,174.365,183.669,192.696,199.726,200.0,136.635,123.168,108.246,95.096,77.4878,55.326,34.1481,20.9981,9.28672
48.385,0.0000,0.7256,0.0000,6,248.50,0.00,31.68,0.0938,0.0046,15371.1,0.0,228.28,228.28,221.80,221.80,7.6818,16.1759,24.1554,40.4012,155.241,173.208,182.45,191.417,198.401,200.0,135.395,122.051,107.265,94.2351,76.7875,54.9836,34.1749,21.1469,9.30211
48.404,0.0000,0.7208,0.0000,6,248.49,0.00,31.55,0.0930,0.0017,15371.1,0.0,228.26,228.27,221.81,221.81,7.66609,16.0654,24.0228,40.5681,154.404,172.05,181.231,190.139,197.076,200.0,134.156,120.935,106.284,93.3749,76.0871,54.6285,34.1827,21.2795,9.32331
48.429,0.0000,0.7196,0.0000,6,248.48,0.00,31.42,0.0930,-0.0011,15369.1,0.0,228.25,228.25,221.78,221.78,7.64546,15.946,23.9063,40.7858,153.554,170.894,180.014,188.862,195.753,200.0,132.912,119.816,105.301,92.5117,75.3849,54.2577,34.1697,21.3958,9.34997
48.448,0.0000,0.7205,0.0000,6,248.46,0.00,31.22,0.0935,-0.0040,15367.0,0.0,228.24,228.24,221.75,221.75,7.61943,15.8187,23.8053,41.056,152.69,169.738,178.796,187.585,194.429,200.0,131.67,118.697,104.32,91.6493,74.683,53.8744,34.139,21.497,9.38255
48.466,0.0000,0.7213,0.0000,6,248.45,0.00,30.91,0.0947,-0.0069,15366.6,0.0,228.23,228.23,221.74,221.74,7.58807,15.6968,23.7193,41.3862,151.813,168.581,177.577,186.307,193.105,200.0,130.432,117.58,103.339,90.7884,73.9818,53.48,34.091,21.5842,9.42122
48.485,0.0000,0.6977,0.0000,6,248.41,0.00,30.48,0.0966,-0.0097,15398.7,0.0,228.22,228.22,222.13,222.13,7.55154,15.5846,23.65,41.7814,150.924,167.423,176.358,185.028,191.779,199.058,129.193,116.464,102.359,89.9282,73.2817,53.0743,34.0266,21.6568,9.46588
48.505,0.0000,0.6744,0.0000,6,248.37,0.01,29.85,0.0992,-0.0126,15412.5,0.0,228.16,228.16,222.42,222.42,7.50951,15.4816,23.5969,42.2495,150.025,166.267,175.14,183.749,190.454,197.683,127.953,115.348,101.38,89.068,72.5816,52.6571,33.9467,21.7165,9.51693
48.523,0.0000,0.6905,0.0000,6,248.36,0.01,29.48,0.1025,-0.0155,15373.8,0.0,228.14,228.15,221.86,221.86,7.46228,15.3886,23.5613,42.801,149.116,165.11,173.921,182.471,189.13,196.309,126.714,114.232,100.4,88.2081,71.8813,52.2304,33.8511,21.7625,9.57417
48.547,0.0000,0.7080,0.0000,6,248.34,0.01,29.08,0.1064,-0.0183,15362.4,0.0,228.13,228.13,221.69,221.69,7.40974,15.3055,23.5432,43.4482,148.196,163.952,172.702,181.193,187.805,194.933,125.478,113.119,99.4215,87.3498,71.1829,51.7924,33.7415,21.7961,9.63775
48.566,0.0000,0.7206,0.0000,6,248.33,0.01,28.53,0.1110,-0.0212,15358.4,0.0,228.12,228.12,221.63,221.63,7.35211,15.2327,23.5436,44.2069,147.265,162.792,171.481,179.911,186.477,193.555,124.249,112.011,98.4477,86.4943,70.4864,51.3466,33.6177,21.8171,9.70443
48.585,0.0000,0.6773,0.0000,6,248.26,0.01,27.79,0.1162,-0.0240,15425.3,0.0,228.11,228.11,222.47,222.47,7.2898,15.1709,23.564,45.0982,146.327,161.633,170.259,178.629,185.148,192.176,123.018,110.902,97.4742,85.6388,69.7887,50.8902,33.4797,21.8255,9.76537
48.605,0.0000,0.6158,0.0000,6,248.17,0.01,26.76,0.1220,-0.0269,15475.6,0.0,228.02,228.02,223.32,223.32,7.22993,15.1207,23.6066,46.1595,145.386,160.478,169.043,177.354,183.827,190.805,121.777,109.784,96.4919,84.7774,69.0882,50.4216,33.3264,21.8212,9.82002
48.629,0.0000,0.6474,0.0000,6,248.18,0.01,26.13,0.1286,-0.0298,15388.4,0.0,227.97,227.98,222.10,222.10,7.17505,15.0814,23.6699,47.4213,144.436,159.321,167.825,176.076,182.502,189.43,120.542,108.671,95.5142,83.919,68.3885,49.945,33.1608,21.8054,9.86867
48.647,0.0000,0.6894,0.0000,6,248.16,0.01,25.42,0.1358,-0.0326,15355.6,0.0,227.97,227.97,221.60,221.60,7.12526,15.0532,23.7551,48.9445,143.478,158.163,166.605,174.796,181.176,188.053,119.312,107.562,94.5407,83.0628,67.6918,49.4607,32.9831,21.7784,9.91169
48.667,0.0000,0.7180,0.0000,6,248.15,0.01,24.62,0.1434,-0.0320,15348.2,0.0,227.96,227.96,221.49,221.49,7.0806,15.0362,23.8619,50.7754,142.507,156.998,165.377,173.509,179.841,186.667,118.098,106.467,93.5767,82.2156,67.001,48.971,32.7948,21.7412,9.94896
48.686,0.0000,0.6436,0.0000,6,248.04,0.01,23.47,0.1504,-0.0292,15468.4,0.0,227.94,227.94,223.09,223.09,7.04147,15.0313,23.994,52.6735,141.531,155.835,164.152,172.222,178.507,185.283,116.88,105.368,92.6112,81.3667,66.3079,48.4718,32.594,21.6927,9.9802
48.704,0.0000,0.5325,0.0000,6,247.89,0.01,22.07,0.1568,-0.0263,15562.0,0.0,227.82,227.82,224.53,224.53,7.00775,15.0401,24.1548,54.5979,140.564,154.685,162.941,170.953,177.191,183.918,115.632,104.245,91.6253,80.5029,65.6051,47.9602,32.3786,21.6321,10.0055
48.729,0.0000,0.5696,0.0000,6,247.88,0.01,21.11,0.1625,-0.0234,15431.0,0.0,227.71,227.72,222.77,222.77,6.97977,15.0616,24.3436,56.5159,139.587,153.532,161.727,169.679,175.872,182.548,114.391,103.129,90.6453,79.6425,64.9053,47.4489,32.1522,21.5609,10.0248
48.747,0.0000,0.6578,0.0000,6,247.87,0.01,20.37,0.1675,-0.0205,15340.6,0.0,227.70,227.70,221.41,221.41,6.95716,15.0958,24.5589,58.4193,138.598,152.371,160.504,168.396,174.541,181.168,113.172,102.028,89.6776,78.7913,64.2111,46.9413,31.9164,21.4802,10.0386
48.767,0.0000,0.7171,0.0000,6,247.86,0.01,19.56,0.1719,-0.0177,15326.3,0.0,227.69,227.69,221.18,221.18,6.93982,15.1421,24.8023,60.3037,137.596,151.202,159.272,167.102,173.2,179.775,111.974,100.946,88.7236,77.9514,63.5246,46.437,31.6722,21.3906,10.047
48.785,0.0000,0.6972,0.0000,6,247.82,0.00,18.73,0.1756,-0.0148,15396.2,0.0,227.69,227.68,222.03,222.03,6.92801,15.2024,25.0773,62.1837,136.587,150.032,158.038,165.808,171.858,178.381,110.778,99.8644,87.7704,77.1117,62.8381,45.9334,31.4173,21.2915,10.0498
48.805,0.0000,0.5960,0.0000,6,247.69,-0.00,17.49,0.1787,-0.0120,15516.6,0.0,227.60,227.60,223.86,223.86,6.92164,15.2765,25.3863,64.0693,135.58,148.866,156.81,164.518,170.521,176.992,109.573,98.7765,86.8123,76.2692,62.1494,45.4288,31.1524,21.1825,10.0473
48.823,0.0000,0.6234,0.0000,6,247.73,-0.01,16.70,0.1811,-0.0091,15405.9,0.0,227.55,227.55,222.38,222.38,6.92076,15.3643,25.7293,65.9343,134.561,147.693,155.573,163.22,169.174,175.594,108.388,97.7044,85.8664,75.4352,61.4673,44.9273,30.8791,21.0649,10.0394
48.847,0.0000,0.6892,0.0000,6,247.75,-0.01,16.19,0.1829,-0.0063,15338.2,0.0,227.57,227.57,221.37,221.37,6.92533,15.4665,26.1099,67.8006,133.539,146.521,154.338,161.923,167.83,174.198,107.198,96.6291,84.9182,74.5999,60.7839,44.4263,30.5962,20.9387,10.0264
48.866,0.0000,0.7357,0.0000,6,247.77,-0.01,15.60,0.1840,-0.0034,15324.5,0.0,227.58,227.58,221.15,221.15,6.93573,15.5847,26.5336,69.6786,132.52,145.356,153.11,160.634,166.493,172.81,105.992,95.5409,83.9601,73.7564,60.0957,43.9215,30.3024,20.8024,10.0078
48.885,0.0000,0.7489,0.0000,6,247.81,-0.01,15.17,0.1845,-0.0005,15341.0,0.0,227.61,227.61,221.25,221.25,6.95221,15.7199,27.0044,71.5752,131.503,144.196,151.889,159.353,165.166,171.432,104.769,94.4378,82.9904,72.9043,59.4013,43.414,29.9976,20.6564,9.98345
48.905,0.0000,0.6702,0.0000,6,247.75,-0.01,14.25,0.1843,0.0023,15455.5,0.0,227.59,227.59,223.01,223.01,6.97431,15.8708,27.5224,73.4755,130.483,143.039,150.67,158.074,163.84,170.056,103.542,93.3313,82.0195,72.0519,58.7061,42.906,29.6839,20.5019,9.95412
48.923,0.0000,0.6842,0.0000,6,247.82,-0.01,13.70,0.1834,0.0052,15379.2,0.0,227.61,227.61,221.97,221.97,7.00245,16.0388,28.092,75.3743,129.46,141.881,149.45,156.795,162.514,168.679,102.316,92.2259,81.0479,71.1984,58.0112,42.3979,29.3609,20.3387,9.91935
48.948,0.0000,0.7173,0.0000,6,247.86,-0.00,13.42,0.1819,0.0081,15345.3,0.0,227.66,227.66,221.45,221.45,7.03674,16.2249,28.7189,77.2745,128.433,140.723,148.23,155.515,161.187,167.302,101.09,91.1207,80.0759,70.344,57.3155,41.8894,29.0294,20.1668,9.87915
48.967,0.0000,0.7432,0.0000,6,247.91,-0.00,13.02,0.1797,0.0109,15335.1,0.0,227.69,227.69,221.30,221.30,7.07672,16.4283,29.4044,79.1761,127.402,139.565,147.01,154.234,159.86,165.925,99.8641,90.0157,79.1046,69.4909,56.6199,41.3812,28.69,19.9871,9.83407
48.985,0.0000,0.7593,0.0000,6,247.97,-0.00,12.78,0.1768,0.0138,15332.6,0.0,227.74,227.74,221.25,221.25,7.12262,16.6498,30.1092,81.0731,126.368,138.406,145.789,152.953,158.532,164.547,98.638,88.9109,78.134,68.6386,55.9254,40.8733,28.3426,19.7997,9.784
49.005,0.0000,0.7058,0.0000,6,247.95,-0.00,12.16,0.1734,0.0167,15415.8,0.0,227.76,227.76,222.44,222.44,7.17462,16.8904,30.8135,82.9684,125.33,137.245,144.567,151.671,157.203,163.167,97.4157,87.8091,77.1652,67.7869,55.2316,40.366,27.9906,19.6045,9.72884
49.023,0.0000,0.7083,0.0000,6,248.03,-0.00,11.77,0.1692,0.0196,15373.1,0.0,227.80,227.80,221.86,221.86,7.23293,17.1514,31.5196,84.8659,124.289,136.086,143.345,150.389,155.875,161.788,96.1906,86.7042,76.1948,66.9341,54.5362,39.8579,27.6382,19.4011,9.66841
49.048,0.0000,0.7239,0.0000,6,248.07,-0.00,11.57,0.1643,0.0224,15354.3,0.0,227.85,227.85,221.57,221.57,7.29782,17.4337,32.2267,86.7665,123.246,134.926,142.124,149.108,154.547,160.41,94.9643,85.5984,75.2222,66.0795,53.8399,39.3489,27.2851,19.1895,9.60271
49.066,0.0000,0.7373,0.0000,6,248.12,-0.00,11.37,0.1589,0.0253,15347.7,0.0,227.89,227.89,221.47,221.47,7.36843,17.7365,32.9314,88.6632,122.199,133.766,140.902,147.825,153.217,159.03,93.7389,84.4946,74.252,65.2276,53.1453,38.8411,26.9327,18.9713,9.53256
49.085,0.0000,0.7466,0.0000,6,248.18,-0.00,11.26,0.1527,0.0282,15345.2,0.0,227.94,227.94,221.44,221.44,7.44565,18.0615,33.6371,90.5636,121.15,132.606,139.68,146.544,151.889,157.651,92.5123,83.3885,73.2798,64.3738,52.4495,38.3325,26.5803,18.7455,9.45726
49.105,0.0000,0.7277,0.0000,6,248.21,-0.00,11.05,0.1459,0.0310,15377.2,0.0,227.98,227.98,221.89,221.89,7.52947,18.4104,34.344,92.3174,120.097,131.446,138.458,145.262,150.56,156.272,91.2842,82.2816,72.3068,63.5187,51.7531,37.8234,26.2271,18.5121,9.37683
49.123,0.0000,0.7260,0.0000,6,248.26,-0.00,10.88,0.1384,0.0339,15365.7,0.0,228.02,228.02,221.73,221.73,7.61979,18.7828,35.0515,93.0111,119.043,130.287,137.237,143.981,149.232,154.894,90.0548,81.1732,71.3329,62.663,51.056,37.3139,25.8739,18.2715,9.29161
49.148,0.0000,0.7291,0.0000,6,248.31,-0.00,10.80,0.1303,0.0368,15360.2,0.0,228.07,228.07,221.65,221.65,7.7163,19.1612,35.7576,93.1984,117.985,129.126,136.014,142.698,147.902,153.514,88.8289,80.0665,70.3606,61.809,50.36,36.8051,25.5212,18.0244,9.20169
49.167,0.0000,0.7327,0.0000,6,248.35,-0.00,10.80,0.1215,0.0397,15357.7,0.0,228.11,228.11,221.61,221.61,7.81952,19.5396,36.4638,93.1554,116.925,127.965,134.792,141.415,146.573,152.134,87.6082,78.9597,69.3883,60.9548,49.6642,36.2964,25.1685,17.7753,9.10699
49.185,0.0000,0.7355,0.0000,6,248.40,-0.00,10.86,0.1121,0.0425,15356.7,0.0,228.15,228.15,221.60,221.60,7.92969,19.9186,37.1715,92.9641,115.865,126.805,133.569,140.133,145.244,150.754,86.3922,77.8511,68.4139,60.0989,48.9664,35.7871,24.8151,17.5258,9.00723
49.205,0.0000,0.7381,0.0000,6,248.45,-0.00,10.95,0.1019,0.0454,15355.2,0.0,228.20,228.20,221.58,221.58,8.04669,20.298,37.8793,92.6656,114.805,125.645,132.347,138.851,143.915,149.375,85.181,76.7418,67.439,59.2425,48.2689,35.2769,24.4615,17.276,8.90273
49.223,0.0000,0.7380,0.0000,6,248.50,-0.00,11.05,0.0912,0.0483,15357.3,0.0,228.24,228.24,221.60,221.60,8.17033,20.6769,38.5862,92.2904,113.743,124.484,131.124,137.567,142.585,147.994,83.9808,75.6342,66.4656,58.3875,47.5723,34.7678,24.1085,17.0267,8.79371
49.248,0.0000,0.7352,0.0000,6,248.54,-0.00,11.14,0.0797,0.0512,15360.9,0.0,228.28,228.28,221.65,221.65,8.3008,21.0557,39.293,91.8543,112.682,123.322,129.9,136.283,141.254,146.613,82.7895,74.5262,65.4922,57.5323,46.8754,34.2585,23.7554,16.7773,8.67999
49.266,0.0000,0.7308,0.0000,6,248.58,-0.00,11.31,0.0676,0.0540,15364.8,0.0,228.32,228.32,221.71,221.71,8.4383,21.4345,40.0002,91.3672,111.62,122.16,128.677,135.0,139.924,145.232,81.6098,73.4188,64.5188,56.6771,46.1786,33.7493,23.4023,16.5279,8.56166
49.286,0.0000,0.7267,0.0000,6,248.62,-0.01,11.57,0.0548,0.0569,15366.9,0.0,228.36,228.36,221.74,221.74,8.58313,21.8137,40.7074,90.836,110.558,120.997,127.452,133.715,138.592,143.849,80.4448,72.3118,63.5456,55.8219,45.4817,33.2398,23.0487,16.2782,8.43851
49.305,0.0000,0.7365,0.0000,6,248.66,-0.01,11.83,0.0414,0.0598,15351.0,0.0,228.39,228.39,221.55,221.55,8.73246,22.1934,41.4155,90.2711,109.497,119.835,126.228,132.43,137.261,142.468,79.2919,71.2027,62.5706,54.9654,44.7837,32.7295,22.6948,16.0282,8.31068
49.323,0.0000,0.7441,0.0000,6,248.71,-0.01,12.25,0.0273,0.0627,15347.9,0.0,228.44,228.44,221.47,221.47,8.88147,22.5722,42.1228,89.6759,108.435,118.673,125.004,131.147,135.93,141.087,78.1585,70.0935,61.5961,54.1095,44.0865,32.2202,22.3417,15.7788,8.18142
49.347,0.0000,0.7417,0.0000,6,248.74,-0.01,12.58,0.0126,0.0655,15356.8,0.0,228.47,228.47,221.59,221.59,9.03065,22.9515,42.8308,89.0533,107.373,117.512,123.78,129.863,134.599,139.706,77.0501,68.9835,60.6212,53.2531,43.3888,31.7103,21.9882,15.5292,8.05201
49.366,0.0000,0.7303,0.0000,6,248.78,-0.01,12.78,-0.0028,0.0684,15370.2,0.0,228.50,228.50,221.78,221.78,9.17986,23.3307,43.5385,88.4055,106.311,116.349,122.556,128.578,133.268,138.324,75.9812,67.8746,59.6466,52.397,42.6913,31.2005,21.6348,15.2796,7.92257
49.385,0.0000,0.7181,0.0000,6,248.80,-0.01,12.88,-0.0189,0.0708,15378.0,0.0,228.53,228.53,221.90,221.90,9.32927,23.7104,44.2471,87.7361,105.249,115.187,121.332,127.293,131.936,136.942,74.9668,66.7641,58.6708,51.5398,41.9929,30.6901,21.2808,15.0296,7.79296
49.405,0.0000,0.7113,0.0000,6,248.83,-0.01,12.92,-0.0352,0.0708,15378.2,0.0,228.55,228.55,221.92,221.92,9.47871,24.0903,44.956,87.0483,104.187,114.025,120.108,126.01,130.606,135.56,74.0595,65.6531,57.6943,50.682,41.294,30.1795,20.9268,14.7796,7.66332
49.423,0.0000,0.7142,0.0000,6,248.85,-0.01,13.03,-0.0516,0.0708,15369.3,0.0,228.58,228.58,221.77,221.77,9.62845,24.4711,45.6672,86.3446,103.127,112.865,118.885,124.727,129.277,134.181,73.4036,64.5379,56.7145,49.8215,40.5932,29.6675,20.5719,14.529,7.53344
49.448,0.0000,0.7102,0.0000,6,248.87,-0.01,13.07,-0.0679,0.0708,15376.9,0.0,228.60,228.60,221.88,221.88,9.77817,24.8516,46.3773,85.6234,102.065,111.703,117.661,123.444,127.946,132.8,138.048,63.4252,55.7367,48.9626,39.8934,29.156,20.2172,14.2785,7.40355
49.466,0.0000,0.7052,0.0000,6,248.88,-0.01,13.05,-0.0842,0.0708,15380.5,0.0,228.61,228.61,221.94,221.94,9.92761,25.2315,47.0865,84.8865,101.003,110.541,116.437,122.159,126.615,131.419,136.612,62.3137,54.7603,48.1049,39.1946,28.6453,19.8632,14.0285,7.27392
49.485,0.0000,0.7009,0.0000,6,248.90,-0.01,12.89,-0.1005,0.0708,15382.6,0.0,228.62,228.62,221.97,221.97,10.0766,25.6105,47.7945,84.135,99.9411,109.378,115.213,120.875,125.284,130.037,135.176,61.2039,53.7853,47.2486,38.4972,28.1358,19.51,13.7791,7.14465
49.505,0.0000,0.6976,0.0000,6,248.91,-0.01,12.69,-0.1168,0.0708,15383.8,0.0,228.63,228.63,221.99,221.99,10.226,25.9906,48.5051,83.3726,98.8801,108.217,113.991,119.592,123.955,128.658,133.742,60.0898,52.8065,46.3892,37.7974,27.6248,19.1558,13.5291,7.01509
49.522,0.0000,0.6728,0.0000,6,248.89,-0.01,12.28,-0.1331,0.0708,15414.5,0.0,228.63,228.63,222.43,222.43,10.3751,26.3696,49.2126,82.5965,97.817,107.054,112.765,118.307,122.622,127.274,132.304,58.9814,51.8326,45.5337,37.1004,27.1154,18.8027,13.2796,6.88577
49.547,0.0000,0.3701,0.0000,6,248.90,-0.01,11.97,-0.1494,0.0709,15394.4,0.0,228.63,228.63,222.15,222.15,10.5243,26.7493,49.9221,81.8108,96.7554,105.892,111.541,117.023,121.292,125.894,130.869,57.8694,50.8557,44.6758,36.4017,26.6051,18.449,13.0299,6.75634
49.567,0.0000,0.2035,0.0000,6,248.74,-0.01,11.80,-0.1657,0.0709,15273.3,0.0,228.59,228.59,220.41,220.41,10.6738,27.1297,50.633,81.0158,95.695,104.732,110.319,115.741,119.963,124.515,129.436,56.7553,49.8772,43.8166,35.702,26.0939,18.0947,12.7798,6.62669
49.586,0.0000,0.1119,0.0000,6,248.39,-0.01,11.64,-0.1820,0.0709,15194.8,0.0,228.35,228.36,219.29,219.28,10.8231,27.5094,51.3426,80.2113,94.6351,103.572,109.098,114.46,118.635,123.136,128.003,55.644,48.9007,42.9589,35.0034,25.5836,17.7409,12.53,6.49723
49.605,0.0000,0.0616,0.0000,6,247.93,-0.01,11.53,-0.1983,0.0709,15137.1,0.0,227.98,227.98,218.51,218.39,10.9719,27.8869,52.0454,79.395,93.5725,102.409,107.872,113.174,117.302,121.752,126.564,54.5437,47.9331,42.1084,34.3099,25.0763,17.3888,12.2812,6.36812
49.623,0.0000,0.0339,0.0000,6,247.42,-0.02,11.38,-0.2145,0.0708,15088.1,0.0,227.53,227.52,217.87,217.63,11.12,28.2599,52.733,78.5625,92.5009,101.234,106.634,111.873,115.953,120.352,125.107,53.4672,46.984,41.2723,33.626,24.5742,17.0393,12.0337,6.23934
49.648,0.0000,0.0186,0.0000,6,246.88,-0.04,11.25,-0.2307,0.0707,15046.4,0.0,227.04,227.02,217.29,216.99,11.2671,28.6266,53.3993,77.7122,91.4169,100.045,105.379,110.555,114.585,118.929,123.626,52.4215,46.059,40.455,32.9548,24.0791,16.6934,11.7881,6.11114
49.666,0.0000,0.0102,0.0000,6,246.32,-0.06,11.18,-0.2469,0.0706,15008.4,0.0,226.54,226.51,216.76,216.43,11.4133,28.9876,54.0079,76.8479,90.3244,98.8444,104.112,109.222,113.201,117.491,122.128,51.3994,45.1525,39.6521,32.2937,23.5898,16.3505,11.5443,5.98351
49.686,0.0000,0.0056,0.0000,6,245.75,-0.08,11.14,-0.2630,0.0704,14971.8,0.0,226.03,225.99,216.24,215.89,11.5586,29.345,54.3395,75.9749,89.2289,97.6404,102.84,107.885,111.813,116.047,120.623,50.3894,44.2556,38.857,31.638,23.1038,16.0095,11.3015,5.85633
49.704,0.0000,0.0031,0.0000,6,245.18,-0.09,11.09,-0.2790,0.0703,14936.5,0.0,225.51,225.47,215.74,215.38,11.7034,29.6999,54.4578,75.0967,88.1345,96.4377,101.57,106.549,110.425,114.603,119.12,49.3832,43.3618,38.0647,30.9845,22.6193,15.6695,11.0595,5.72951
49.723,0.0000,0.0017,0.0000,6,244.62,-0.11,11.04,-0.2950,0.0701,14899.8,0.0,224.99,224.95,215.22,214.85,11.8475,30.053,54.439,74.215,87.0433,95.2384,100.304,105.217,109.042,113.165,117.621,48.3775,42.4693,37.2736,30.3324,22.1361,15.3307,10.8183,5.60322
49.748,0.0000,0.0009,0.0000,6,244.05,-0.12,10.96,-0.3110,0.0699,14865.0,0.0,224.47,224.43,214.71,214.34,11.991,30.4039,54.3215,73.3298,85.9545,94.0419,99.04,103.888,107.662,111.729,116.126,47.3736,41.5784,36.4842,29.6818,21.6542,14.9929,10.5779,5.47736
49.767,0.0000,0.0005,0.0000,6,243.48,-0.12,10.91,-0.3268,0.0698,14830.9,0.0,223.95,223.91,214.22,213.85,12.1338,30.7526,54.1245,72.4415,84.8684,92.8484,97.7797,102.563,106.286,110.298,114.634,46.3856,40.6888,35.6963,29.0327,21.1738,14.6562,10.3384,5.35203
49.785,0.0000,0.0003,0.0000,6,242.92,-0.13,10.87,-0.3426,0.0696,14796.9,0.0,223.43,223.39,213.72,213.36,12.2759,31.0998,53.867,71.5513,83.7861,91.6594,96.5244,101.242,104.915,108.873,113.15,45.4283,39.7994,34.9089,28.3846,20.6944,14.3205,10.0998,5.22719
49.805,0.0000,0.0002,0.0000,6,242.36,-0.13,10.85,-0.3583,0.0694,14762.7,0.0,222.91,222.87,213.23,212.87,12.4174,31.4453,53.5609,70.6597,82.7079,90.4751,95.2741,99.9277,103.55,107.454,111.672,44.5112,38.9097,34.1218,27.7372,20.2161,13.9858,9.86194,5.10291
49.823,0.0000,0.0001,0.0000,6,241.80,-0.13,10.83,-0.3740,0.0693,14728.8,0.0,222.39,222.36,212.74,212.38,12.5582,31.7891,53.2124,69.7663,81.6333,89.2949,94.0283,98.6183,102.191,106.04,110.2,43.6496,38.0201,33.3351,27.0907,19.7388,13.6521,9.62492,4.97911
49.848,0.0000,0.0000,0.0000,6,241.24,-0.13,10.82,-0.3896,0.0691,14694.8,0.0,221.88,221.84,212.25,211.89,12.6985,32.1317,52.8273,68.8715,80.5627,88.1192,92.7874,97.3138,100.837,104.632,108.734,42.8719,37.1303,32.5487,26.4448,19.2623,13.3191,9.38856,4.85573
49.866,0.0000,0.0000,0.0000,6,240.69,-0.13,10.80,-0.4051,0.0690,14661.0,0.0,221.37,221.33,211.76,211.41,12.8381,32.4722,52.4116,67.9751,79.495,86.9472,91.5503,96.0136,99.4872,103.23,107.273,42.2536,36.2414,31.7635,25.8003,18.7873,12.9874,9.15313,4.73291
49.885,0.0000,0.0000,0.0000,6,240.13,-0.13,10.79,-0.4205,0.0688,14627.3,0.0,220.86,220.82,211.27,210.92,12.977,32.8108,51.9688,67.0767,78.4303,85.7782,90.3169,94.7173,98.1415,101.831,105.817,42.103,35.3542,30.98,25.1576,18.3138,12.6568,8.91866,4.61064
49.904,0.0000,0.0000,0.0000,6,239.58,-0.13,10.81,-0.4359,0.0687,14593.8,0.0,220.34,220.31,210.79,210.44,13.1151,33.1474,51.5014,66.1763,77.3681,84.6122,89.0863,93.424,96.7993,100.436,104.364,108.621,34.4688,30.1983,24.5166,17.8417,12.3275,8.6851,4.48888
49.923,0.0000,0.0000,0.0000,6,239.03,-0.13,10.83,-0.4512,0.0685,14560.4,0.0,219.84,219.80,210.31,209.96,13.2527,33.4819,51.0115,65.2752,76.3083,83.4491,87.859,92.1341,95.4605,99.0441,102.915,107.11,33.5849,29.4182,23.877,17.371,11.9992,8.45234,4.36758
49.949,0.0000,0.0000,0.0000,6,238.48,-0.13,10.88,-0.4665,0.0684,14528.5,0.0,219.34,219.30,209.84,209.50,13.3895,33.8142,50.502,64.3758,75.2511,82.2887,86.6347,90.8473,94.1251,97.6562,101.47,105.603,32.7033,28.6404,23.2397,16.9021,11.6724,8.22067,4.2469
49.967,0.0000,0.0000,0.0000,6,237.94,-0.13,10.94,-0.4816,0.0682,14495.3,0.0,218.83,218.80,209.36,209.02,13.5257,34.1393,49.9764,63.4799,74.1981,81.1333,85.4157,89.5665,92.796,96.2748,100.033,104.104,31.8209,27.8624,22.6028,16.4342,11.3464,7.98974,4.1267
49.985,0.0000,0.0000,0.0000,6,237.39,-0.12,10.98,-0.4967,0.0681,14461.8,0.0,218.34,218.30,208.88,208.54,13.6613,34.3632,49.4357,62.5867,73.1488,79.9822,84.2013,88.2908,91.4723,94.8994,98.6008,102.611,30.9387,27.0851,21.9669,15.9672,11.0214,7.75963,4.007
50.005,0.0000,0.0000,0.0000,6,236.85,-0.12,11.01,-0.5118,0.0679,14428.2,0.0,217.83,217.80,208.40,208.05,13.7962,34.4754,48.88,61.6957,72.1022,78.834,82.9903,87.0183,90.1522,93.5275,97.1733,101.123,30.0585,26.3095,21.3327,15.5017,10.6975,7.53042,3.88781
50.023,0.0000,0.0000,0.5000,6,236.31,-0.12,11.08,-0.5267,0.0678,14395.2,0.0,217.33,217.29,207.92,207.57,13.9304,34.4983,48.3097,60.8056,71.0564,77.6869,81.7802,85.7472,88.8332,92.1568,95.7465,99.635,29.2053,25.537,20.7011,15.0383,10.3751,7.30221,3.76916
50.047,0.0000,0.0000,0.7500,6,234.95,-0.12,11.13,-0.5416,0.0676,14145.3,0.0,207.93,207.89,204.35,204.02,14.0637,34.455,47.7282,59.9186,70.0145,76.5439,80.5745,84.4803,87.5187,90.7913,94.3251,98.1531,28.4027,24.7677,20.0722,14.577,10.0543,7.07516,3.65113
50.067,0.0000,0.0000,0.8750,6,232.72,-0.12,11.26,-0.5563,0.0675,13920.6,0.0,198.87,198.80,201.19,200.81,14.1958,34.3569,47.141,59.0412,68.9845,75.4143,79.3833,83.2291,86.2207,89.4425,92.922,96.6906,27.666,24.0016,19.4468,14.1189,9.73613,6.85023,3.53434
50.086,0.0000,0.0000,0.9375,6,230.13,-0.12,11.27,-0.5709,0.0674,13674.1,0.0,189.77,189.66,197.69,197.25,14.3267,34.2143,46.5517,58.1773,67.9712,74.304,78.2128,82.0004,84.9465,88.119,91.5451,95.2558,27.0178,23.2371,18.8239,13.6637,9.42047,6.62732,3.41878
50.104,0.0000,0.0000,0.9687,6,227.34,-0.12,11.20,-0.5852,0.0673,13429.2,0.0,180.61,180.48,194.20,193.70,14.456,34.0357,45.9595,57.3248,66.9717,73.2091,77.0586,80.7885,83.6899,86.8144,90.1881,93.842,26.5298,22.4799,18.2073,13.2134,9.10846,6.40708,3.30466
50.123,0.0000,0.0000,0.9844,6,224.31,-0.13,11.19,-0.5994,0.0672,13190.1,0.0,173.63,173.75,190.80,190.20,14.583,33.8239,45.3621,56.4794,65.9796,72.1216,75.9122,79.5847,82.4411,85.5172,88.8384,92.4355,26.4224,21.7369,17.6018,12.7707,8.80142,6.1902,3.1922
50.148,0.0000,0.0000,0.9922,6,221.21,-0.14,11.16,-0.6133,0.0670,12959.0,0.0,167.15,167.28,187.49,186.82,14.7081,33.5851,44.7639,55.6455,65.0014,71.0495,74.7818,78.3977,81.2099,84.2383,87.5082,91.0492,96.53,21.0038,17.0044,12.3341,8.49873,5.97646,3.0814
50.167,0.0000,0.0000,0.9961,6,218.08,-0.14,11.18,-0.6271,0.0669,12799.2,0.0,159.60,159.74,185.02,184.49,14.831,33.3233,44.165,54.8217,64.0346,69.9895,73.6641,77.2239,79.9926,82.9735,86.1922,89.6777,95.0723,20.3005,16.4164,11.9043,8.20065,5.76594,2.97225
50.186,0.0000,0.0000,0.9980,6,214.99,-0.14,11.28,-0.6406,0.0668,12641.7,0.0,151.25,151.32,182.84,182.28,14.9524,33.0452,43.5697,54.0135,63.0871,68.9513,72.5697,76.075,78.801,81.7364,84.9052,88.337,93.6477,19.6518,15.8338,11.4793,7.90638,5.55832,2.86475
50.204,0.0000,0.0000,0.9990,6,212.04,-0.14,11.28,-0.6539,0.0667,12428.8,0.0,141.92,141.92,179.79,179.22,15.0726,32.7542,42.9799,53.223,62.1617,67.9384,71.5027,74.9557,77.6409,80.532,83.6534,87.0333,92.2641,19.067,15.2546,11.0579,7.61531,5.3533,2.75882
50.223,0.0000,0.0000,0.9995,6,209.18,-0.13,11.18,-0.6670,0.0667,12212.0,0.0,131.44,131.39,176.68,176.07,15.1914,32.4502,42.3937,52.4465,61.2535,66.945,70.4567,73.8584,76.5037,79.352,82.4273,85.7571,90.9099,18.5739,14.6809,10.6412,7.32782,5.15097,2.65438
50.248,0.0000,0.0000,0.9997,6,206.22,-0.13,11.15,-0.6800,0.0666,11999.3,0.0,122.35,122.61,173.65,172.96,15.3082,32.1328,41.8069,51.6777,60.3537,65.9603,69.4195,72.7702,75.376,78.1813,81.2104,84.49,89.5652,18.2352,14.1171,10.2312,7.04476,4.95164,2.55143
50.267,0.0000,0.0000,0.9999,6,203.27,-0.12,11.10,-0.6927,0.0666,11788.7,0.0,113.37,113.69,170.64,169.88,15.4231,31.8057,41.223,50.92,59.467,64.9898,68.3972,71.6978,74.2645,77.0278,80.0112,83.2414,88.2401,18.1656,13.5615,9.82731,6.76596,4.75534,2.45006
50.286,0.0000,0.0000,0.9999,6,200.34,-0.12,11.07,-0.7052,0.0665,11623.9,0.0,103.42,103.79,168.02,167.47,15.536,31.4692,40.6407,50.1713,58.5903,64.0304,67.3864,70.6372,73.1651,75.8867,78.8249,82.006,86.9287,19.1677,13.0169,9.43022,6.49177,4.56225,2.35032
50.304,0.0000,0.0000,1.0000,6,197.39,-0.12,11.18,-0.7175,0.0664,11533.9,0.0,92.55,92.87,166.82,166.25,15.6466,31.1248,40.0612,49.4323,57.7249,63.0827,66.3882,69.5899,72.0794,74.7596,77.653,80.7857,85.6333,91.9558,12.5156,9.03983,6.22218,4.37238,2.25223
50.323,0.0000,0.0000,1.0000,6,194.62,-0.12,11.21,-0.7297,0.0664,11353.5,0.0,80.78,81.01,164.27,163.69,15.7386,30.7769,39.4892,48.7102,56.8809,62.1598,65.4164,68.5708,71.0235,73.664,76.5145,79.601,84.3765,90.6054,12.0729,8.65286,5.95549,4.18482,2.15552
50.348,0.0000,0.0000,1.0000,6,191.96,-0.10,11.13,-0.7417,0.0664,11133.7,0.0,68.11,68.27,161.13,160.52,15.802,30.4256,38.9233,48.0022,56.0539,61.2561,64.4653,67.5737,69.9908,72.593,75.402,78.4434,83.1494,89.2876,11.7057,8.26972,5.69177,3.9995,2.06005
50.367,0.0000,0.0000,1.0000,6,189.30,-0.10,11.02,-0.7534,0.0664,10910.1,0.0,55.35,55.89,157.93,157.25,15.8386,30.0695,38.36,47.3028,55.237,60.3631,63.5254,66.5883,68.97,71.5342,74.3022,77.2992,81.9362,87.9845,11.4464,7.89245,5.43202,3.81693,1.96599
50.385,0.0000,0.0000,1.0000,6,186.47,-0.10,11.00,-0.7651,0.0663,10685.5,0.0,45.83,46.43,154.77,153.93,15.8509,29.7079,37.7988,46.6091,54.4258,59.4759,62.591,65.6085,67.9547,70.4807,73.2073,76.1595,80.7272,86.6849,11.3487,7.52245,5.17699,3.63756,1.87348
50.404,0.0000,0.0000,1.0000,6,183.69,-0.10,10.94,-0.7765,0.0663,10466.0,0.0,35.45,36.14,151.66,150.70,15.844,29.3441,37.2461,45.9265,53.6276,58.6028,61.672,64.6445,66.956,69.4442,72.1303,75.0384,79.5383,85.4069,11.4885,7.17949,4.92546,3.46066,1.78227
50.423,0.0000,0.0000,1.0000,6,180.87,-0.10,10.96,-0.7878,0.0662,10346.6,0.0,24.17,24.91,149.66,148.95,15.819,28.9763,36.6991,45.2502,52.8359,57.7364,60.7592,63.6871,65.9635,68.4141,71.0596,73.9236,78.3549,84.1341,12.2666,6.89344,4.67841,3.28682,1.69256
50.448,0.0000,0.0000,1.0000,6,178.03,-0.10,11.08,-0.7988,0.0661,10280.1,0.0,12.22,12.88,148.78,148.07,15.7779,28.6073,36.1602,44.5837,52.0557,56.8825,59.8596,62.7431,64.9851,67.3986,70.0036,72.8242,77.1877,82.8784,112.976,6.67356,4.43534,3.11578,1.6043
50.467,0.0000,0.0000,1.0000,6,175.37,-0.10,11.12,-0.8097,0.0661,10110.0,0.0,0.09,0.37,146.39,145.69,15.723,28.2396,35.6326,43.9323,51.2942,56.0496,58.9829,61.8238,64.0325,66.4102,68.9768,71.7554,76.0542,81.6602,112.057,6.53325,4.20992,2.94723,1.51743
50.485,0.0000,0.0000,1.0000,6,172.85,-0.09,11.03,-0.8205,0.0661,9882.79,0.0,0.00,0.00,143.14,142.42,15.6564,27.8727,35.1146,43.2934,50.548,55.2343,58.1246,60.9241,63.1007,65.4436,67.9728,70.7108,74.9469,80.4712,111.149,6.49042,4.02786,2.7816,1.4319
50.505,0.0000,0.0000,1.0000,6,170.38,-0.09,10.90,-0.8310,0.0661,9642.88,0.0,0.00,0.00,139.72,138.92,15.5789,27.5057,34.6043,42.6642,49.8132,54.4313,57.2796,60.0383,62.1833,64.4921,66.9843,69.6826,73.857,79.3008,110.252,6.56384,3.89444,2.6384,1.34755
50.523,0.0000,0.0000,1.0000,6,167.18,-0.10,11.21,-0.8414,0.0660,9392.34,0.0,0.02,0.00,136.26,135.18,15.4902,27.1357,34.0966,42.0363,49.0781,53.6265,56.4319,59.1486,61.2609,63.5349,65.9893,68.6463,72.7568,78.1171,109.378,6.8108,3.81806,2.53042,1.26574
50.548,0.0000,0.0000,1.0000,6,163.85,-0.08,11.58,-0.8514,0.0595,9131.93,0.0,0.92,0.00,132.50,131.43,15.3946,26.7747,33.6094,41.4372,48.3803,52.8652,55.6314,58.3105,60.3934,62.6357,65.0561,67.6764,71.7301,77.0166,108.507,7.30964,3.79889,2.45873,1.19954
50.567,0.0000,0.0000,1.0000,6,160.76,-0.05,11.82,-0.8592,0.0440,8879.13,0.0,0.00,0.00,128.57,128.04,15.2941,26.4235,33.1435,40.8684,47.7219,52.1496,54.881,57.5267,59.5837,61.7982,64.1889,66.7771,70.782,76.0053,107.639,8.26481,3.83689,2.42465,1.15245
50.586,0.0000,0.0000,1.0000,6,157.23,-0.02,12.56,-0.8646,0.0289,9116.97,0.0,0.00,0.00,131.02,131.73,15.1868,26.0744,32.6858,40.3093,47.0744,51.4458,54.1428,56.7551,58.7865,60.9736,63.3349,65.8914,69.8475,75.0081,106.788,101.31,3.94449,2.42663,1.12436
50.605,0.0000,0.0000,1.0000,6,153.99,0.04,13.45,-0.8677,0.0143,9106.69,0.0,0.00,0.00,131.36,131.71,15.0778,25.7415,32.2581,39.794,46.4847,50.8097,53.4787,56.0646,58.0758,60.2414,62.5797,65.112,69.0316,74.1463,105.932,100.521,4.12431,2.46205,1.11376
50.622,0.0000,0.0000,1.0000,6,151.27,0.09,14.02,-0.8687,0.0019,8872.57,0.0,0.00,0.00,128.02,128.44,14.9645,25.4146,31.8447,39.2977,45.9191,50.2012,52.8447,55.4064,57.399,59.5453,61.863,64.3735,68.2603,73.3344,105.085,99.7358,4.38402,2.53415,1.11805
50.648,0.0000,0.0000,1.0000,6,148.88,0.14,14.16,-0.8681,-0.0096,8580.08,0.0,0.00,0.00,123.56,124.39,14.8456,25.0871,31.4342,38.8036,45.3543,49.5928,52.2098,54.7464,56.72,58.846,61.1423,63.6302,67.4828,72.5138,104.256,98.9699,4.74567,2.64569,1.13711
50.667,0.0000,0.0000,1.0000,6,146.46,0.17,14.36,-0.8658,-0.0211,8467.7,0.0,0.00,0.00,121.80,122.91,14.7212,24.7562,31.0218,38.3039,44.7798,48.9711,51.5596,54.0691,56.0217,58.1254,60.3979,62.8604,66.6746,71.6567,103.451,98.2312,5.23937,2.79543,1.17072
50.686,0.0000,0.0000,1.0000,6,144.34,0.19,14.26,-0.8621,-0.0325,8187.3,0.0,0.00,0.00,117.63,119.10,14.5918,24.423,30.6083,37.8,44.1974,48.339,50.8972,53.3773,55.3076,57.3872,59.6341,62.0689,65.8407,70.7686,102.667,97.5168,5.89657,2.98657,1.21812
50.705,0.0000,0.0000,1.0000,6,142.41,0.20,13.98,-0.8569,-0.0427,7853.26,0.0,0.00,0.00,112.55,114.58,14.4578,24.0905,30.1949,37.294,43.6104,47.7002,50.2267,52.6764,54.5829,56.6373,58.8568,61.2622,64.9889,69.8586,101.901,96.8219,6.79379,3.22305,1.27774
50.722,0.0000,0.0000,1.0000,5,140.58,0.21,13.59,-0.8505,-0.0523,7488.71,0.0,0.00,0.00,106.91,109.75,14.3192,23.7588,29.7811,36.7857,43.0185,47.0546,49.548,51.966,53.8477,55.8755,58.0663,60.4408,64.12,68.9278,101.152,96.145,8.06917,3.50624,1.34986
50.748,0.0000,0.0000,1.0000,5,138.62,0.21,13.33,-0.8429,-0.0618,8118.57,0.0,0.00,0.00,103.63,107.01,14.1767,23.4291,29.3688,36.2775,42.4255,46.407,48.8666,51.2516,53.1081,55.1084,57.2699,59.6127,63.2422,67.9855,100.418,95.4833,10.1458,3.83954,1.43433
50.767,0.0000,0.0000,1.0000,5,136.71,0.20,13.03,-0.8343,-0.0713,8104.12,0.0,0.00,0.00,99.77,103.72,14.0311,23.1014,28.9576,35.7691,41.8305,45.7557,48.1807,50.532,52.3623,54.3345,56.4651,58.7747,62.353,67.029,99.7,94.8382,79.5736,4.22903,1.53041
50.786,0.0000,0.0000,1.0000,5,134.80,0.18,12.73,-0.8246,-0.0802,7341.18,0.0,0.00,0.00,95.06,99.63,13.883,22.777,28.5502,35.2646,41.2391,45.1079,47.498,49.8155,51.6194,53.5628,55.6628,57.9387,61.4651,66.0731,98.9943,94.2048,79.4754,4.6765,1.63674
50.805,0.0000,0.0000,1.0000,5,132.87,0.17,12.47,-0.8140,-0.0883,6977.75,0.0,0.00,0.00,89.93,95.15,13.7326,22.4566,28.1473,34.7653,40.6538,44.4666,46.8221,49.1058,50.8833,52.7984,54.8678,57.1105,60.585,65.1251,98.2995,93.5809,79.338,5.18896,1.75359
50.823,0.0000,0.0000,1.0000,5,130.92,0.16,12.22,-0.8026,-0.0963,6591.4,0.0,0.00,0.00,84.44,90.47,13.5801,22.1397,27.7488,34.2713,40.0742,43.8314,46.1523,48.4024,50.1537,52.0408,54.0796,56.289,59.7119,64.1842,97.6158,92.9667,79.1711,5.77684,1.88094
50.848,0.0000,0.0000,1.0000,5,129.10,0.14,11.90,-0.7904,-0.1042,6202.16,0.0,0.00,0.00,79.00,85.58,13.4254,21.8248,27.3514,33.7768,39.4922,43.1923,45.4776,47.6933,49.4176,51.2754,53.2823,55.4573,58.8267,63.2284,96.9482,92.3693,78.9978,6.44686,2.01787
50.867,0.0000,0.0000,1.0000,5,127.29,0.12,11.59,-0.7775,-0.1120,5843.6,0.0,0.00,0.00,74.05,81.00,13.2693,21.5143,26.9598,33.2897,38.9192,42.563,44.8135,46.9953,48.6929,50.5219,52.4978,54.639,57.9555,62.2879,96.2893,91.7784,78.7985,7.21348,2.1636
50.885,0.0000,0.0000,1.0000,5,125.44,0.11,11.31,-0.7639,-0.1191,5502.66,0.0,0.00,0.00,69.36,76.66,13.1126,21.2092,26.5752,32.8119,38.3575,41.9466,44.163,46.3118,47.9836,49.7848,51.7304,53.8387,57.1041,61.3692,95.6378,91.1926,78.5735,8.09106,2.31791
50.904,0.0000,0.0000,1.0000,5,123.56,0.09,11.08,-0.7498,-0.1258,5235.99,0.0,0.00,0.00,64.76,72.40,12.9552,20.9094,26.1976,32.3431,37.807,41.3427,43.5261,45.6425,47.2894,49.0633,50.9798,53.0559,56.2716,60.4714,94.9943,90.6123,78.327,9.10188,2.48048
50.924,0.0000,0.0000,1.0000,5,121.87,0.07,10.73,-0.7351,-0.1325,5235.99,0.0,0.00,0.00,56.80,66.15,12.796,20.6091,25.8175,31.8685,37.2468,40.7264,42.8748,44.9571,46.5771,48.3223,50.2072,52.2492,55.4114,59.5406,94.3701,90.0535,78.0969,10.2954,2.65172
50.949,0.0000,0.0000,1.0000,5,120.37,0.02,10.27,-0.7199,-0.1393,5235.99,0.0,0.00,0.00,49.91,59.08,12.6346,20.3075,25.4337,31.3865,36.6751,40.0955,42.2068,44.2529,45.8446,47.5589,49.4101,51.4154,54.5201,58.5729,93.7644,89.5158,77.8839,11.7355,2.83131
50.967,0.0000,0.0000,1.0000,5,118.83,-0.01,9.85,-0.7041,-0.1459,5235.99,0.0,0.00,0.00,44.50,53.54,12.4731,20.0128,25.06,30.919,36.1224,39.4867,41.5631,43.5751,45.14,46.8253,48.6451,50.616,53.6669,57.6489,93.1592,88.9743,77.6385,13.2534,3.01829
50.985,0.0000,0.0000,1.0000,5,117.20,-0.03,9.50,-0.6879,-0.1520,5235.99,0.0,0.00,0.00,39.76,48.67,12.3118,19.7246,24.6957,30.4649,35.5872,38.8985,40.9418,42.9215,44.4614,46.1193,47.9095,49.8484,52.8491,56.7649,92.5558,88.4309,77.3669,14.751,3.21265
51.005,0.0000,0.0000,1.0000,5,115.45,-0.05,9.24,-0.6714,-0.1576,5235.99,0.0,0.00,0.00,35.43,44.20,12.1512,19.4435,24.3415,30.0249,35.0701,38.3311,40.3433,42.2927,43.8088,45.441,47.2036,49.1122,52.066,55.9201,66.5787,87.8865,77.0728,16.2208,3.41339
51.022,0.0000,0.0000,1.0000,5,113.85,-0.07,8.91,-0.6545,-0.1633,5235.99,0.0,0.00,0.00,26.68,38.23,11.9895,19.1617,23.9844,29.5786,34.543,37.7509,39.73,41.6471,43.1378,44.7428,46.4757,48.3517,51.2549,55.0421,64.522,87.3636,76.8006,17.7016,3.62113
51.048,0.0000,0.0000,0.5000,5,112.62,-0.14,8.39,-0.6372,-0.1693,5235.99,0.0,0.00,0.00,17.67,26.63,11.8245,18.872,23.6129,29.1083,33.9815,37.1287,39.0696,40.9492,42.4105,43.9835,45.6812,47.519,50.3618,54.0687,62.9536,86.8786,76.5825,19.2473,3.83777
51.067,0.0000,0.0000,0.2500,5,111.32,-0.19,7.87,-0.6197,-0.1751,5235.99,0.0,0.00,0.00,18.42,26.22,11.6609,18.5916,23.2555,28.659,33.4481,36.5398,38.4459,40.2915,41.7262,43.2702,44.9364,46.7396,49.5285,53.1637,61.7356,86.3809,76.3247,20.7596,4.06028
51.086,0.0000,0.0000,0.1250,5,109.88,-0.22,7.47,-0.6018,-0.1805,5235.99,0.0,1.25,1.27,23.86,30.82,11.4986,18.3203,22.9122,28.2305,32.9425,35.9836,37.8583,39.6733,41.0838,42.6018,44.2398,46.0123,48.7533,52.3253,60.7001,85.8718,76.0309,22.2282,4.28831
51.104,0.0000,0.0000,0.0625,5,108.25,-0.22,7.19,-0.5836,-0.1853,5235.99,0.0,8.76,8.88,31.80,38.02,11.3377,18.0575,22.5816,27.8206,32.4616,35.4564,37.3025,39.0897,40.4785,41.9731,43.5856,45.3307,48.0289,51.5447,59.7804,85.3551,75.709,23.6481,4.52095
51.122,0.0000,0.0000,0.0312,5,106.47,-0.22,7.03,-0.5653,-0.1899,5235.99,0.0,20.50,20.94,40.88,46.52,11.1781,17.8018,22.2612,27.4249,31.999,34.9506,36.7699,38.531,39.8998,41.3726,42.9617,44.6813,47.34,50.8044,58.9191,84.8373,75.3712,25.0253,4.7575
51.148,-0.0392,0.0000,0.0156,5,105.10,-0.26,6.67,-0.5468,-0.1950,5235.99,0.0,34.96,35.06,41.68,52.09,11.0165,17.5333,21.9179,26.9917,31.4831,34.3799,36.1649,37.8924,39.2347,40.6788,42.2365,43.9217,46.5268,49.9197,57.8605,84.3751,75.117,26.5415,5.00353
51.167,-0.1328,0.0000,0.0078,5,104.22,-0.38,6.05,-0.5281,-0.2005,5235.99,0.0,43.93,46.91,43.15,51.86,10.8534,17.2554,21.5579,26.5312,30.9287,33.7625,35.5077,37.196,38.5074,39.9177,41.4385,43.0832,45.6243,48.9315,56.6616,83.9521,74.9189,28.1949,5.25997
51.186,-0.2121,0.0000,0.0039,5,103.11,-0.44,5.52,-0.5091,-0.2054,5235.99,0.0,50.87,54.69,50.81,56.72,10.6961,16.9975,21.2302,26.1205,30.4426,33.2267,34.9409,36.5989,37.8865,39.2712,40.7641,42.3782,44.8715,48.1157,55.694,83.4823,74.63,29.6832,5.51458
51.205,-0.2716,0.0000,0.0020,5,101.81,-0.46,5.11,-0.4900,-0.2094,5235.99,0.0,58.69,62.78,60.09,64.31,10.5457,16.7625,20.9395,25.7666,30.034,32.7834,34.4764,36.1141,37.386,38.7539,40.2289,41.8238,44.2876,47.4939,54.9861,82.96,74.2431,30.9345,5.75957
51.223,-0.3166,0.0000,0.0010,4,100.31,-0.44,4.87,-0.4708,-0.2118,5450.2,0.0,68.52,73.06,70.17,73.06,10.4056,16.5631,20.7065,25.5018,29.7472,32.4856,34.1731,35.8064,37.0754,38.4408,39.9137,41.5073,43.9707,47.1794,54.6903,82.3515,73.7043,31.7652,5.98834
51.248,-0.3526,0.0000,0.0005,4,98.74,-0.43,4.77,-0.4518,-0.2117,6154.58,0.0,79.45,84.08,80.75,82.57,10.2849,16.4335,20.588,25.4151,29.706,32.4824,34.1967,35.8584,37.1513,38.5439,40.0482,41.678,44.202,47.498,55.2511,81.5605,72.8558,31.761,6.18514
51.267,-0.3807,0.4500,0.0002,4,97.90,-0.38,4.54,-0.4333,-0.2066,6151.16,0.0,86.65,89.75,83.41,86.93,10.2013,16.443,20.7009,25.694,30.1747,33.0954,34.9074,36.6699,38.0456,39.5316,41.1418,42.892,45.6145,49.192,84.0608,80.3807,71.3568,30.3141,6.32069
51.285,-0.4021,0.6975,0.0001,4,97.64,0.47,4.02,-0.4151,-0.1940,7195.36,0.0,87.51,91.23,83.77,87.18,10.1723,16.6692,21.1846,26.5758,31.5055,34.7668,36.8096,38.8111,40.3832,42.0915,43.9543,45.9931,49.1939,53.4553,82.5088,78.5537,68.7481,27.3689,6.37159
51.305,-0.4184,0.8336,0.0001,4,97.50,1.68,3.55,-0.3973,-0.1771,7557.13,0.0,87.16,91.58,89.63,89.63,10.1804,17.0506,21.9497,27.948,33.5814,37.3893,39.8082,42.2041,44.1041,46.1869,48.4801,51.0169,55.1725,82.3539,80.5768,76.2273,65.165,24.3396,6.37427
51.324,-0.4049,0.9085,0.0000,4,97.71,2.73,3.24,-0.3800,-0.1602,7794.72,0.0,86.94,91.59,92.56,92.56,10.1985,17.4757,22.8132,29.5341,36.0417,40.5527,43.4667,46.3909,48.7374,51.338,54.2815,82.1842,81.4125,80.4722,78.5247,73.7406,60.9394,22.0365,6.37186
51.348,-0.3644,0.9497,0.0000,4,98.10,3.54,3.09,-0.3632,-0.1427,7874.13,0.0,86.98,91.59,93.57,93.57,10.2181,17.9085,23.7143,31.2435,38.7785,44.1495,47.6857,51.2884,54.4379,81.5454,80.9989,80.4288,79.589,78.566,76.4444,71.2079,55.5762,20.3458,6.37451
51.367,-0.3280,0.9723,0.0000,4,98.58,4.02,3.08,-0.3475,-0.1255,7875.19,0.0,87.35,91.69,93.60,93.60,10.2336,18.3192,24.5976,32.9831,41.6646,48.0381,52.3219,81.0247,80.4833,79.9188,79.3302,78.7165,77.8124,76.7104,74.4191,68.7389,46.682,19.1276,6.38615
51.385,-0.2952,0.9848,0.0000,4,99.07,4.15,3.16,-0.3329,-0.1105,7889.76,0.0,87.97,91.86,93.63,93.63,10.2431,18.693,25.43,34.6875,44.6001,52.1008,80.3133,79.5449,78.9682,78.3671,77.7405,77.087,76.124,74.9484,72.5046,66.3924,40.5112,18.2486,6.40589
51.405,-0.2656,0.9916,0.0000,4,99.32,4.54,2.94,-0.3194,-0.0953,8205.57,0.0,88.57,92.22,97.34,97.34,10.2653,19.1194,26.3852,36.6927,48.1682,79.6899,78.8097,77.9909,77.3765,76.7362,76.0685,75.3718,74.3438,73.0882,70.4776,63.8561,35.8506,17.4415,6.41458
51.422,-0.2391,0.9954,0.0000,4,99.68,5.19,2.77,-0.3068,-0.0779,8413.45,0.0,88.85,92.80,99.89,99.89,10.3176,19.6951,27.6719,39.4628,79.6547,78.0355,77.0882,76.207,75.5458,74.8561,74.1361,73.3837,72.2746,70.9211,68.0909,60.7146,31.6976,16.5668,6.39879
51.448,-0.2152,0.9975,0.0000,4,100.12,5.98,2.65,-0.2952,-0.0590,8528.68,0.0,89.13,93.38,101.30,101.30,10.395,20.4081,29.2959,43.1195,77.9542,76.201,75.1754,74.2208,73.5034,72.7541,71.9724,71.1569,69.9525,68.4758,65.3676,56.8131,28.2235,15.708,6.36709
51.467,-0.1937,0.9986,0.0000,4,100.60,6.79,2.59,-0.2846,-0.0394,8600.32,0.0,89.47,93.95,102.17,102.17,10.4947,21.2572,31.2923,47.9025,76.1044,74.2005,73.0851,72.0448,71.2636,70.4489,69.5976,68.7061,67.3869,65.7635,62.2921,51.3377,25.3702,14.902,6.32458
51.485,-0.1743,0.9992,0.0000,4,101.10,7.59,2.58,-0.2751,-0.0195,8639.55,0.0,89.87,94.47,102.65,102.65,10.6146,22.2444,33.713,77.5893,74.1201,72.0473,70.831,69.6988,68.8469,67.955,67.022,66.0436,64.5861,62.7749,58.7988,42.4307,23.036,14.164,6.27466
51.505,-0.1569,0.9996,0.0000,4,101.61,8.31,2.62,-0.2667,0.0003,8657.34,0.0,90.33,94.94,102.87,102.87,10.7514,23.3648,36.6069,75.7927,72.0252,69.7691,68.4464,67.2094,66.2772,65.2999,64.2714,63.1857,61.5572,59.4971,54.7285,36.0141,21.1321,13.5026,6.22053
51.522,-0.1412,0.9998,0.0000,4,102.11,8.94,2.67,-0.2595,0.0195,8683.64,0.0,90.84,95.36,103.14,103.14,10.9022,24.6117,40.0308,73.9301,69.8467,67.4004,65.9591,64.6089,63.5847,62.5045,61.3619,60.1452,58.2877,55.869,49.3944,31.4615,19.5755,12.9169,6.16408
51.548,-0.1271,0.9999,0.0000,4,102.55,9.56,2.67,-0.2536,0.0383,8778.62,0.0,91.33,95.75,104.27,104.27,11.0692,26.0161,44.1688,71.9921,67.5764,64.92,63.3474,61.8611,60.7273,59.5209,58.2271,56.829,54.6291,51.5529,41.499,28.0255,18.2625,12.3869,6.10417
51.567,-0.1143,0.9999,0.0000,4,103.01,10.18,2.64,-0.2489,0.0568,8868.54,0.0,91.77,96.11,105.34,105.34,11.2535,27.6086,75.8144,69.9721,65.2013,62.311,60.5813,58.9302,57.6515,56.2721,54.7603,53.0681,50.2005,44.9686,35.7026,25.3225,17.132,11.9013,6.04063
51.586,-0.1029,0.9999,0.0000,4,103.48,10.76,2.59,-0.2453,0.0744,8953.9,0.0,92.24,96.44,106.36,106.36,11.4504,29.3775,74.1817,67.9029,62.7615,59.6038,57.6835,55.817,54.3395,52.6938,50.8032,48.4761,43.57,38.4376,31.4978,23.1787,16.1665,11.4635,5.97561
51.605,-0.0926,1.0000,0.0000,4,103.96,11.27,2.55,-0.2430,0.0914,9036.43,0.0,92.74,96.79,107.34,107.34,11.6604,31.3493,72.5134,65.7914,60.2466,56.7722,54.6057,52.4255,50.6196,48.4479,45.4349,41.8053,37.6045,33.7364,28.2946,21.4282,15.3273,11.0639,5.90855
51.622,-0.0834,1.0000,0.0000,4,104.44,11.71,2.53,-0.2419,0.1078,9115.88,0.0,93.26,97.17,108.28,108.28,11.8863,33.577,70.8034,63.6212,57.6285,53.7489,51.2139,48.4744,45.8494,42.2655,39.1137,36.4019,33.1851,30.1461,25.7403,19.9515,14.5798,10.6914,5.83811
51.648,-0.0750,1.0000,0.0000,4,104.94,12.09,2.52,-0.2421,0.1239,9192.23,0.0,93.78,97.59,109.19,109.19,12.1326,36.1461,69.0366,61.3699,54.8417,50.3779,47.1505,42.7835,39.5558,36.7835,34.3768,32.268,29.7194,27.2636,23.6171,18.6644,13.896,10.3358,5.76271
51.667,-0.0675,1.0000,0.0000,4,105.38,12.52,2.46,-0.2436,0.1401,9342.36,0.0,94.26,98.04,110.91,110.91,12.406,39.2,67.1848,58.9861,51.7682,46.236,41.1824,37.0979,34.6465,32.5012,30.6083,28.926,26.8623,24.8415,21.7808,17.5048,13.2527,9.98786,5.68094
51.685,-0.0608,1.0000,0.0000,4,105.81,13.06,2.39,-0.2462,0.1570,9496.54,0.0,94.64,98.51,112.77,112.77,12.7198,43.0404,65.1855,56.3642,48.0914,39.9803,35.616,32.5154,30.6145,28.9257,27.4154,26.0569,24.3694,22.6939,20.1121,16.4126,12.6228,9.63492,5.5906
51.704,-0.0547,1.0000,0.0000,4,106.28,13.68,2.31,-0.2501,0.1742,9604.58,0.0,94.99,98.95,114.08,114.08,13.0701,71.5538,63.0645,53.4984,43.1446,34.5651,31.2453,28.8274,27.3197,25.9638,24.7378,23.6242,22.2263,20.822,18.6254,15.4075,12.0218,9.28689,5.49423
51.723,-0.0492,1.0000,0.0000,5,106.76,14.29,2.25,-0.2552,0.1913,9685.68,0.0,95.40,99.38,115.06,115.06,13.4542,69.9171,60.8379,50.3577,36.8765,30.3741,27.7701,25.8362,24.614,23.5039,22.4913,21.5639,20.3896,19.1982,17.3109,14.4922,11.4557,8.94836,5.39289
51.748,-0.0443,0.5500,0.0000,5,107.17,14.76,2.21,-0.2616,0.2081,8701.15,0.0,95.85,99.79,105.82,106.24,13.8689,68.2245,58.527,46.8342,32.1479,27.0655,24.9671,23.3844,22.3735,21.4479,20.5973,19.8131,18.8127,17.7894,16.1509,13.663,10.9265,8.62199,5.28751
51.766,-0.0399,0.3025,0.0000,5,107.31,14.80,2.21,-0.2694,0.2230,8710.03,0.0,96.31,100.00,98.69,100.30,14.2841,66.5739,56.2811,42.9114,28.7246,24.5684,22.8141,21.4757,20.6138,19.8199,19.0862,18.4063,17.5341,16.6362,15.1861,12.9551,10.4598,8.32419,5.18187
51.785,-0.0359,0.1664,0.0000,5,107.23,14.51,2.17,-0.2787,0.2356,7309.92,0.0,96.69,99.91,95.60,97.92,14.6834,65.0203,54.1867,38.231,26.2221,22.6819,21.1638,19.9959,19.2394,18.5393,17.8897,17.2854,16.5068,15.7015,14.3925,12.3582,10.053,8.05497,5.07593
51.805,-0.0129,0.0915,0.0000,5,107.07,14.18,2.08,-0.2895,0.2472,7274.93,0.0,96.85,99.72,95.21,97.29,15.0939,63.4863,52.1104,34.1821,24.1575,21.0861,19.7522,18.719,18.0464,17.4217,16.8401,16.2973,15.5955,14.8665,13.6753,11.808,9.66834,7.79326,4.96514
51.822,0.0338,0.0503,0.0000,5,106.91,13.78,1.97,-0.3016,0.2580,7213.62,0.0,96.93,99.56,94.40,96.49,15.5167,61.9687,50.0367,30.953,22.4025,19.7007,18.5148,17.5912,16.9874,16.4249,15.8996,15.408,14.7705,14.1062,13.0154,11.2928,9.29969,7.53611,4.84912
51.848,0.1378,0.0277,0.0000,5,106.74,13.23,1.89,-0.3152,0.2672,7159.98,0.0,97.09,99.38,93.71,95.76,15.9323,60.5223,48.0556,28.4274,20.9497,18.5308,17.4603,16.6228,16.0736,15.5606,15.0804,14.6301,14.0448,13.433,12.4249,10.8231,8.95514,7.28913,4.72959
51.867,0.2159,0.0152,0.0000,5,106.59,12.55,1.83,-0.3301,0.2744,7121.54,0.0,97.43,99.19,93.31,95.13,16.3201,59.2027,46.2611,26.4982,19.7795,17.5694,16.5856,15.8134,15.3057,14.8307,14.3854,13.9671,13.4223,12.8518,11.9091,10.4046,8.63952,7.05593,4.60778
51.885,0.2744,0.0084,0.0000,5,106.47,11.70,1.81,-0.3463,0.2781,7095.92,0.0,97.89,98.76,93.26,94.48,16.6282,58.1439,44.9177,25.25,18.9644,16.88,15.9495,15.2178,14.7363,14.2854,13.8623,13.4646,12.9461,12.4027,11.5033,10.0649,8.37239,6.84937,4.48749
51.904,0.3183,0.0046,0.0000,5,106.39,10.55,1.78,-0.3634,0.2766,7082.33,0.0,98.52,98.12,93.62,93.75,16.7937,57.5006,44.3459,24.8299,18.6019,16.5434,15.6255,14.9043,14.4299,13.9858,13.5692,13.1777,12.6676,12.1331,11.2491,9.83645,8.17634,6.6843,4.37344
51.923,0.3512,0.0025,0.0000,5,106.34,9.07,1.70,-0.3813,0.2691,7074.57,0.0,99.20,97.41,94.30,92.86,16.7873,57.3334,44.6414,25.3635,18.7548,16.6075,15.6558,14.9106,14.4215,13.9646,13.5367,13.1352,12.6131,12.0672,11.1668,9.7347,8.06196,6.5678,4.26857
51.948,0.3759,0.0014,0.0000,5,106.31,7.17,1.61,-0.3997,0.2551,7073.19,0.0,99.91,96.68,95.18,91.94,16.6038,57.6428,45.7183,27.1791,19.552,17.1609,16.1143,15.3003,14.7688,14.2739,13.8122,13.3804,12.821,12.2384,11.2831,9.77728,8.03948,6.50573,4.17509
51.966,0.3944,0.0008,0.0000,5,106.27,5.11,1.52,-0.4183,0.2354,7072.87,0.0,100.45,95.96,95.94,91.18,16.2811,58.3206,47.3066,30.8914,21.1743,18.312,17.085,16.1412,15.5298,14.9642,14.4394,13.9511,13.3222,12.6716,11.6144,9.9716,8.1105,6.49776,4.09373
51.986,0.4083,0.0004,0.0000,5,106.19,3.26,1.44,-0.4366,0.2123,7069.57,0.0,100.67,95.40,96.29,90.74,15.8957,59.147,49.0258,36.6645,23.81,20.1409,18.6159,17.4619,16.7229,16.0451,15.4213,14.8452,14.1091,13.3548,12.1439,10.2982,8.25834,6.53245,4.02313
52.004,0.4187,0.0002,0.0000,5,106.07,1.66,1.39,-0.4541,0.1876,7062.21,0.0,100.61,94.97,96.37,90.47,15.5019,59.9691,50.6601,40.3985,27.8695,22.8279,20.8244,19.3421,18.4079,17.561,16.7898,16.0847,15.1934,14.291,12.8651,10.7439,8.46988,6.60067,3.96243
52.024,0.4266,0.0001,0.0000,5,105.91,0.26,1.38,-0.4705,0.1623,7051.91,0.0,100.39,94.58,96.31,90.26,15.1197,60.73,52.1441,43.1484,34.1981,26.8335,24.0227,22.009,20.7674,19.6598,18.6657,17.7687,16.6505,15.536,13.8102,11.3195,8.74591,6.70115,3.91203
52.048,0.4324,0.0001,0.0000,5,105.71,-1.07,1.33,-0.4857,0.1365,7038.5,0.0,100.12,94.20,96.19,90.03,14.7514,61.4236,53.4895,45.4164,38.5697,33.1856,28.9328,25.9763,24.2114,22.6727,21.3194,20.12,18.6532,17.2215,15.062,12.0627,9.10027,6.83908,3.87317
52.067,0.4047,0.0000,0.0000,5,105.46,-2.44,1.25,-0.4995,0.1099,7023.27,0.0,99.88,93.76,96.09,89.74,14.3876,62.0727,54.7437,47.4202,41.6093,37.8792,35.3883,32.4886,29.7467,27.3922,25.3848,23.6532,21.5938,19.6428,16.8051,13.0598,9.56724,7.02869,3.84835
52.086,0.3417,0.0000,0.0000,5,105.20,-3.80,1.16,-0.5119,0.0831,7006.51,0.0,99.61,93.42,95.90,89.49,14.0433,62.6218,55.8566,49.1577,44.0237,40.9406,39.0684,37.2326,35.7513,34.038,31.8817,29.1726,26.0233,23.169,19.2257,14.3665,10.1543,7.26768,3.83609
52.105,0.3075,0.0000,0.0000,5,104.92,-5.05,1.07,-0.5230,0.0572,6988.6,0.0,99.27,93.21,95.59,89.31,13.7304,34.085,56.7844,50.6111,45.9671,43.2676,41.6823,40.1898,39.0457,37.8183,36.4861,35.0035,32.492,28.4388,22.5978,16.0431,10.8622,7.54961,3.8343
52.124,0.2768,0.0000,0.0000,5,104.63,-6.13,1.01,-0.5327,0.0324,6969.82,0.0,98.86,93.02,95.23,89.18,13.4474,31.1932,57.5398,51.8109,47.5511,45.1154,43.7117,42.41,41.4304,40.4047,39.3238,38.1744,36.4187,34.0963,27.4917,18.217,11.7096,7.87615,3.84282
52.148,0.2491,0.0000,0.0000,5,104.32,-7.03,0.99,-0.5409,0.0086,6950.28,0.0,98.43,92.84,94.85,89.05,13.1899,29.1314,58.1476,52.8003,48.853,46.621,45.3449,44.1726,43.3005,42.3951,41.4516,40.4662,39.005,37.1815,33.0258,21.1143,12.7301,8.25308,3.86195
52.166,0.2242,0.0000,0.0000,5,104.01,-7.77,0.99,-0.5477,-0.0140,6930.18,0.0,98.01,92.67,94.46,88.90,12.9522,27.409,58.6319,53.6142,49.9333,47.8634,46.6885,45.615,44.8189,43.997,43.1483,42.2693,40.9799,39.4093,36.0802,25.1435,13.9767,8.69066,3.89297
52.186,0.2018,0.0000,0.0000,5,103.69,-8.58,0.88,-0.5530,-0.0364,6909.75,0.0,97.66,92.45,94.14,88.69,12.7229,25.9005,59.0349,54.3187,50.8752,48.948,47.8561,46.8619,46.1287,45.3745,44.5973,43.7953,42.6299,41.2279,38.3433,30.5536,15.5773,9.21866,3.93908
52.205,0.1816,0.0000,0.0000,5,103.37,-9.37,0.79,-0.5569,-0.0587,6888.85,0.0,97.38,92.19,93.84,88.43,12.4981,24.5483,59.3704,54.9441,51.7176,49.9142,48.8972,47.9729,47.2911,46.5915,45.8737,45.1363,44.0677,42.7896,40.208,33.8945,17.7114,9.86629,4.00211
52.224,0.1634,0.4500,0.0000,5,103.04,-10.06,0.68,-0.5593,-0.0800,6867.52,0.0,97.02,92.00,93.47,88.24,12.2888,23.3853,59.5994,55.4395,52.3983,50.7057,49.7502,48.8841,48.2474,47.5945,46.9244,46.2368,45.245,44.0655,41.7007,36.1653,20.4825,10.6195,4.07803
52.248,0.0532,0.6975,0.0000,5,102.91,-10.58,0.60,-0.5604,-0.0996,7147.33,0.0,96.62,91.91,94.53,94.53,12.0973,22.398,31.6221,55.7949,52.9099,51.3111,50.4104,49.5925,48.9918,48.3772,47.7478,47.103,46.1723,45.0685,42.8725,37.8442,24.0691,11.4722,4.16481
52.267,-0.0726,0.8336,0.0000,5,102.91,-10.92,0.55,-0.5601,-0.1171,7272.68,0.0,96.45,92.24,96.15,96.15,11.9261,21.5766,29.4015,55.9984,53.2425,51.7199,50.8641,50.0885,49.5183,48.9342,48.3369,47.7261,46.8467,45.8045,43.7378,39.0748,28.0565,12.4003,4.25942
52.286,-0.1669,0.9085,0.0000,5,103.06,-11.09,0.53,-0.5585,-0.1317,7381.36,0.0,96.40,92.93,97.60,97.60,11.7795,20.9243,28.0147,56.024,53.373,51.9097,51.0887,50.3457,49.8002,49.2419,48.6701,48.0853,47.2448,46.2512,44.2838,39.8861,30.2116,13.3385,4.35609
52.305,-0.2377,0.9497,0.0000,5,103.33,-11.08,0.49,-0.5557,-0.1417,7476.61,0.0,96.23,93.88,98.83,98.83,11.6691,20.4759,27.1644,55.8187,53.2399,51.8165,51.0191,50.2981,49.7694,49.2286,48.6754,48.1092,47.2953,46.3349,44.4379,40.2203,31.2564,14.124,4.44214
52.324,-0.2840,0.9723,0.0000,5,103.71,-10.81,0.40,-0.5520,-0.1466,7549.78,0.0,96.05,94.91,99.85,99.85,11.599,20.235,26.7582,55.3691,52.8252,51.4227,50.6379,49.929,49.4094,48.8784,48.3355,47.7802,46.982,46.0409,44.1861,40.0784,31.5114,14.6123,4.50867
52.349,-0.2356,0.9848,0.0000,5,104.23,-10.05,0.29,-0.5474,-0.1457,7552.38,0.0,95.93,96.02,99.92,99.92,11.5732,20.212,26.8361,54.6567,52.1084,50.7078,49.9247,49.2179,48.7002,48.1712,47.6307,47.0782,46.2846,45.3499,43.51,39.4488,31.0644,14.6873,4.54841
52.367,-0.2120,0.5416,0.0000,5,104.87,-8.66,0.19,-0.5421,-0.1402,7509.87,0.0,95.94,97.02,99.38,99.38,11.5802,20.356,27.4308,53.737,51.1572,49.7448,48.956,48.2443,47.7231,47.1909,46.6472,46.0917,45.2957,44.3585,42.5148,38.4585,30.1308,14.4443,4.56878
52.386,-0.1908,0.2979,0.0000,5,105.44,-6.94,0.11,-0.5359,-0.1319,7243.95,0.0,96.09,97.89,95.91,95.91,11.6072,20.6129,28.8662,52.6737,50.0494,48.6173,47.8182,47.0974,46.5699,46.0312,45.4812,44.9208,44.1181,43.1732,41.3166,37.2435,28.9098,14.0341,4.57976
52.404,-0.1718,0.1638,0.0000,5,105.71,-5.07,0.07,-0.5289,-0.1213,7116.23,0.0,96.12,98.51,94.14,94.14,11.6497,20.9655,55.2283,51.4938,48.8181,47.3609,46.5483,45.8157,45.2795,44.7327,44.1759,43.6087,42.7964,41.8404,39.9663,35.8639,27.4873,13.5365,4.58546
52.424,-0.1546,0.5401,0.0000,5,105.79,-3.44,0.05,-0.5214,-0.1098,7079.71,0.0,96.07,98.70,92.37,94.92,11.6978,21.3658,54.1219,50.2652,47.5371,46.0539,45.2272,44.4822,43.9381,43.3844,42.8207,42.2465,41.4242,40.4572,38.5673,34.438,26.0267,13.0546,4.5921
52.449,-0.1391,0.7471,0.0000,5,105.85,-2.19,-0.07,-0.5136,-0.0987,7189.33,0.0,96.06,98.61,95.05,95.05,11.7436,21.7707,53.0083,49.044,46.2683,44.7617,43.9223,43.168,42.6181,42.0585,41.4889,40.9088,40.0783,39.1047,37.2033,33.0605,24.6601,12.6432,4.60289
52.467,-0.1252,0.8609,0.0000,5,106.13,-1.28,-0.19,-0.5059,-0.0887,7284.04,0.0,96.28,98.61,96.33,96.33,11.7813,22.1456,51.9214,47.8689,45.0547,43.5294,42.6819,41.9218,41.3678,40.8042,40.2305,39.6466,38.813,37.8366,35.9307,31.7956,23.4792,12.323,4.61956
52.486,-0.1127,0.9235,0.0000,5,106.51,-0.62,-0.30,-0.4984,-0.0796,7344.43,0.0,96.66,98.76,97.13,97.13,11.8126,22.5557,50.8602,46.7365,43.8919,42.3534,41.5014,40.7377,40.1813,39.6154,39.0397,38.4551,37.6214,36.6455,34.7433,30.6352,22.468,12.0697,4.63956
52.505,-0.1014,0.9579,0.0000,5,106.94,-0.14,-0.39,-0.4913,-0.0715,7390.49,0.0,97.10,99.00,97.74,97.74,11.8383,23.0689,49.8242,45.6444,42.7772,41.2313,40.3771,39.6119,39.0547,38.4882,37.9134,37.3301,36.4988,35.5263,33.6355,29.5716,21.6095,11.8685,4.6617
52.524,-0.0913,0.9768,0.0000,5,107.40,0.18,-0.43,-0.4845,-0.0643,7426.01,0.0,97.59,99.29,98.21,98.21,11.8592,23.7484,48.8132,44.5907,41.7079,40.1598,39.3056,38.5409,37.9844,37.4198,36.8474,36.2671,35.4404,34.4742,32.6015,28.5968,20.883,11.7081,4.68483
52.549,-0.0821,0.9873,0.0000,5,107.88,0.38,-0.44,-0.4781,-0.0578,7456.49,0.0,98.11,99.62,98.61,98.61,11.8759,24.7669,47.8262,43.5731,40.6817,39.1354,38.2832,37.5208,36.9668,36.4058,35.8373,35.2613,34.4414,33.4841,31.6351,27.7024,20.2671,11.5805,4.70835
52.567,-0.0739,0.9930,0.0000,5,108.33,0.52,-0.51,-0.4722,-0.0519,7533.32,0.0,98.61,99.98,99.59,99.59,11.8904,27.6036,46.8568,42.5817,39.6877,38.146,37.2973,36.539,35.9892,35.4326,34.8692,34.2986,33.4871,32.5414,30.7201,26.8691,19.7277,11.4733,4.73088
52.586,-0.0665,0.5461,0.0000,5,108.81,0.68,-0.62,-0.4666,-0.0463,7582.59,0.0,99.05,100.37,100.28,100.28,11.9063,50.7618,45.8898,41.5971,38.7045,37.1692,36.3251,35.5724,35.0275,34.4762,33.9185,33.3541,32.5522,31.6199,29.829,26.0661,19.2229,11.3707,4.75087
52.605,-0.0599,0.3004,0.0000,5,109.19,0.76,-0.75,-0.4615,-0.0414,7428.45,0.0,99.50,100.68,98.28,98.28,11.9186,49.8902,44.9468,40.6439,37.7587,36.2325,35.3948,34.6496,34.1105,33.5655,33.0146,32.4574,31.6668,30.75,28.9929,25.3255,18.7834,11.2895,4.77067
52.624,-0.0539,0.1652,0.0000,5,109.32,0.72,-0.87,-0.4568,-0.0374,7354.88,0.0,99.86,100.80,97.29,97.29,11.9236,49.0428,44.0454,39.7418,36.8706,35.3569,34.5277,33.7913,33.2591,32.7215,32.1785,31.6298,30.8523,29.9526,28.2327,24.6669,18.4227,11.2401,4.79178
52.648,-0.0288,0.0909,0.0000,5,109.34,0.63,-0.95,-0.4525,-0.0341,7319.72,0.0,100.03,100.81,96.53,97.12,11.9252,48.2085,43.1686,38.8703,36.0176,34.5183,33.699,32.9725,32.4478,31.9183,31.3839,30.8444,30.0813,29.1997,27.5187,24.057,18.0999,11.2063,4.81238
52.667,0.0548,0.0500,0.0000,5,109.30,0.59,-0.99,-0.4487,-0.0314,7298.56,0.0,100.10,100.73,96.26,96.83,11.9242,47.3864,42.3138,38.026,35.1954,33.7124,32.904,32.188,31.6714,31.1506,30.6253,30.0955,29.3475,28.4847,26.844,23.4872,17.8036,11.1851,4.83225
52.686,0.1488,0.0275,0.0000,5,109.23,0.73,-1.05,-0.4449,-0.0307,7284.37,0.0,100.30,100.41,96.30,96.41,11.9006,46.6365,41.5547,37.292,34.492,33.0296,32.2341,31.5303,31.023,30.512,29.9971,29.4783,28.7467,27.9041,26.3061,23.056,17.6302,11.2376,4.86175
52.705,0.2241,0.0151,0.0000,5,109.13,0.83,-1.18,-0.4409,-0.0341,7271.93,0.0,100.63,99.86,96.60,95.79,11.8306,46.032,40.9793,36.7657,34.0095,32.5741,31.7942,31.1048,30.6085,30.109,29.6061,29.0999,28.3862,27.5654,26.0127,22.8691,17.6773,11.4419,4.91404
52.724,0.2805,0.0083,0.0000,5,109.01,0.68,-1.33,-0.4365,-0.0417,7260.93,0.0,100.92,99.31,96.97,95.13,11.711,45.5804,40.5938,36.4515,33.7506,32.3476,31.5854,30.9123,30.4281,29.9411,29.4513,28.9587,28.2645,27.4661,25.9589,22.9178,17.9298,11.827,4.99419
52.748,0.3229,0.0046,0.0000,5,108.87,0.37,-1.45,-0.4313,-0.0525,7250.21,0.0,101.12,98.79,97.22,94.59,11.554,45.2435,40.3493,36.2919,33.6535,32.2855,31.543,30.8867,30.4149,29.9407,29.4642,28.9854,28.3112,27.5354,26.0719,23.1275,18.315,12.3853,5.10054
52.767,0.3298,0.0025,0.0000,5,108.72,-0.02,-1.52,-0.4253,-0.0660,7239.39,0.0,101.24,98.30,97.39,94.15,11.3687,44.9904,40.2095,36.245,33.6739,32.3416,31.6196,30.9813,30.5219,30.0603,29.5968,29.1313,28.4765,27.7239,26.3023,23.4486,18.7884,13.0262,5.23333
52.786,0.2927,0.0014,0.0000,5,108.55,-0.47,-1.54,-0.4182,-0.0814,7227.76,0.0,101.33,97.88,97.46,93.76,11.1628,44.7934,40.1425,36.2746,33.7737,32.4768,31.7749,31.1549,30.7088,30.26,29.8089,29.3562,28.7198,27.9889,26.6094,23.8389,19.3157,13.6868,5.39328
52.805,0.2635,0.0008,0.0000,5,108.37,-0.99,-1.55,-0.4100,-0.0981,7215.23,0.0,101.39,97.60,97.44,93.46,10.9449,44.6229,40.1132,36.3419,33.9111,32.6496,31.9669,31.3644,30.9312,30.4956,30.0577,29.6174,28.9982,28.2877,26.9482,24.2556,19.8568,14.3455,5.57969
52.824,0.2371,0.0004,0.0000,5,108.20,-1.72,-1.67,-0.4007,-0.1159,7202.42,0.0,101.42,97.33,97.40,93.15,10.7174,44.4736,40.1142,36.4406,34.078,32.8535,32.1893,31.6034,31.1824,30.7592,30.334,29.9068,29.3055,28.614,27.3115,24.6936,20.4087,15.0015,5.7946
52.848,0.2134,0.0002,0.0000,5,108.03,-2.47,-1.80,-0.3902,-0.1341,7190.39,0.0,101.33,97.12,97.31,92.93,10.4881,44.3202,40.1108,36.5358,34.2378,33.0489,32.4042,31.8342,31.4246,31.013,30.5996,30.1845,29.6004,28.929,27.6611,25.1152,20.9376,15.6271,6.03545
52.867,0.1921,0.0001,0.0000,5,107.86,-3.11,-1.92,-0.3787,-0.1514,7178.82,0.0,101.07,97.03,97.06,92.87,10.2675,44.1224,40.0504,36.5691,34.3297,33.1732,32.5466,31.9929,31.5943,31.1934,30.7908,30.3866,29.8183,29.1654,27.9325,25.4531,21.3807,16.173,6.29311
52.886,0.1729,0.0001,0.0000,5,107.68,-3.55,-2.02,-0.3660,-0.1673,7167.37,0.0,100.75,97.00,96.76,92.87,10.0569,43.874,39.9243,36.5299,34.3435,33.216,32.6057,32.0668,31.6791,31.2891,30.8968,30.5027,29.9487,29.3127,28.1128,25.697,21.727,16.6301,6.56416
52.905,0.1556,0.0000,0.0000,5,107.51,-3.79,-2.07,-0.3521,-0.1818,7156.1,0.0,100.41,96.99,96.44,92.89,9.85417,43.5784,39.7362,36.4219,34.2833,33.1822,32.5868,32.0613,31.6834,31.3035,30.9215,30.5376,29.9971,29.3767,28.2073,25.8533,21.9836,17.0012,6.84815
52.924,0.1400,0.0000,0.0000,5,107.34,-3.86,-2.08,-0.3370,-0.1950,7145.08,0.0,100.10,96.98,96.14,92.89,9.65684,43.2411,39.4952,36.2547,34.1599,33.083,32.5012,31.988,31.6191,31.2485,30.876,30.5018,29.975,29.3694,28.2284,25.9347,22.1632,17.2978,7.1456
52.949,0.1291,0.0000,0.0000,5,107.18,-3.97,-2.19,-0.3208,-0.2077,7133.15,0.0,99.87,96.92,95.91,92.81,9.45993,42.8817,39.2264,36.0562,34.0025,32.9484,32.3794,31.8778,31.5175,31.1555,30.7919,30.4268,29.9131,29.3227,28.2087,25.973,22.2971,17.5481,7.45588
52.967,0.1953,0.0000,0.0000,5,107.02,-4.10,-2.30,-0.3034,-0.2203,7122.3,0.0,99.73,96.80,95.75,92.68,9.26038,42.515,38.9489,35.8471,33.8338,32.8015,32.2447,31.7541,31.4019,31.0482,30.693,30.3365,29.8353,29.2595,28.1725,25.9917,22.4079,17.7729,7.75531
52.986,0.2590,0.0000,0.0000,5,106.85,-4.09,-2.44,-0.2850,-0.2323,7111.99,0.0,99.44,96.62,95.55,92.61,9.06193,42.1287,38.6444,35.6073,33.6338,32.6221,32.0769,31.5967,31.2521,30.9062,30.5591,30.2107,29.7212,29.1591,28.099,25.9705,22.4763,17.9543,8.03504
53.005,0.3067,0.0000,0.0000,5,106.68,-3.98,-2.55,-0.2653,-0.2439,7101.22,0.0,99.11,96.37,95.36,92.52,8.86752,41.7289,38.3212,35.3464,33.4125,32.4205,31.8863,31.4161,31.0788,30.7404,30.4008,30.0603,29.5818,29.033,27.9986,25.9213,22.5144,18.1032,8.29877
53.024,0.3425,0.0000,0.0000,5,106.49,-3.79,-2.61,-0.2445,-0.2555,7089.7,0.0,98.80,96.08,95.19,92.38,8.67609,41.325,37.9919,35.0785,33.1844,32.2114,31.6878,31.2272,30.8969,30.5657,30.2335,29.9004,29.4327,28.8964,27.8867,25.8595,22.5374,18.2335,8.55075
53.048,0.3694,0.0000,0.0000,5,106.29,-3.57,-2.62,-0.2224,-0.2675,7077.23,0.0,98.53,95.75,95.06,92.18,8.48447,40.9267,37.6701,34.8192,32.9659,32.0114,31.4982,31.047,30.7236,30.3993,30.0742,29.7483,29.291,28.7668,27.7809,25.8032,22.5632,18.3616,8.79704
53.068,0.3896,0.0000,0.0000,5,106.08,-3.46,-2.66,-0.1990,-0.2804,7062.99,0.0,98.35,95.41,94.97,91.90,8.28935,40.5459,37.3723,34.5872,32.7764,31.8408,31.3378,30.8958,30.5791,30.2617,29.9435,29.6247,29.1775,28.6651,27.7021,25.773,22.6109,18.506,9.04444
53.086,0.4047,0.0000,0.0000,5,105.85,-3.60,-2.77,-0.1744,-0.2953,7048.44,0.0,98.30,94.99,94.99,91.50,8.08636,40.2026,37.1259,34.414,32.6475,31.7333,31.2405,30.8076,30.4975,30.1868,29.8754,29.5636,29.1261,28.6252,27.6843,25.8017,22.7127,18.6946,9.30468
53.105,0.4159,0.0000,0.0000,5,105.63,-3.93,-2.92,-0.1485,-0.3116,7033.56,0.0,98.24,94.59,94.97,91.12,7.87945,39.8808,36.9095,34.2758,32.5536,31.6633,31.1812,30.7572,30.4535,30.1493,29.8446,29.5394,29.1114,28.6215,27.7017,25.8632,22.8443,18.9061,9.57133
53.124,0.4243,0.0000,0.0000,5,105.42,-4.29,-3.11,-0.1215,-0.3274,7018.88,0.0,98.04,94.35,94.77,90.94,7.67898,39.541,36.6687,34.1105,32.4297,31.562,31.0922,30.6774,30.3799,30.0818,29.7834,29.4845,29.0655,28.5861,27.6864,25.8898,22.9403,19.0827,9.82176
53.148,0.4296,0.0000,0.0000,5,105.21,-4.49,-3.29,-0.0934,-0.3415,7005.05,0.0,97.71,94.15,94.45,90.89,7.48858,39.1701,36.3847,33.8949,32.2528,31.4058,30.9476,30.5431,30.2523,29.9601,29.6676,29.3748,28.9644,28.495,27.6144,25.858,22.9779,19.204,10.0459
53.167,0.4309,0.0000,0.0000,5,105.00,-4.52,-3.42,-0.0650,-0.3375,6991.69,0.0,97.32,93.97,94.13,90.85,7.30761,38.7729,36.0635,33.6344,32.0301,31.2022,30.7547,30.3599,30.0761,29.7908,29.5042,29.2171,28.8149,28.355,27.4929,25.7753,22.964,19.2763,10.2446
53.186,0.4307,0.0000,0.0000,5,104.79,-4.41,-3.51,-0.0370,-0.3328,6978.16,0.0,96.96,93.79,93.86,90.76,7.1326,38.3613,35.7216,33.3489,31.7817,30.9719,30.5345,30.1488,29.8717,29.5932,29.3135,29.0326,28.6383,28.1876,27.3434,25.6632,22.9186,19.3173,10.4259
53.205,0.4300,0.0000,0.0000,5,104.56,-4.48,-3.70,-0.0095,-0.3289,6962.47,0.0,96.74,93.57,93.71,90.50,6.9568,37.9665,35.3966,33.0827,31.5548,30.7628,30.3354,29.9586,29.6881,29.4163,29.1434,28.8694,28.484,28.0422,27.2151,25.5706,22.8892,19.3698,10.608
53.224,0.4295,0.0000,0.0000,5,104.34,-4.97,-4.07,0.0174,-0.3269,6947.76,0.0,96.71,93.27,93.71,90.12,6.77672,37.6127,35.1112,32.8627,31.3781,30.6042,30.1867,29.8189,29.5548,29.2897,29.0235,28.7563,28.3806,27.9492,27.1384,25.5276,22.9044,19.4596,10.8024
53.248,0.4291,0.0000,0.0000,5,104.15,-5.54,-4.49,0.0436,-0.3244,6933.43,0.0,96.58,93.13,93.56,89.88,6.60474,15.0955,34.8051,32.6192,31.1754,30.4206,30.0125,29.653,29.3951,29.1362,28.8763,28.6155,28.249,27.8283,27.0351,25.4566,22.8894,19.5193,10.9781
53.268,0.4288,0.0000,0.0000,5,103.97,-5.83,-4.85,0.0690,-0.3195,6921.1,0.0,96.27,93.03,93.20,89.91,6.44835,15.1015,34.4398,32.3072,30.8981,30.1622,29.7626,29.4109,29.1585,28.9053,28.6512,28.3963,28.0383,27.6274,26.8531,25.3066,22.7956,19.5047,11.1138
53.286,0.4286,0.0000,0.0000,5,103.79,-5.77,-5.12,0.0937,-0.3116,6910.13,0.0,95.83,92.91,92.80,90.02,6.30618,36.4207,34.0243,31.9365,30.5576,29.8389,29.448,29.1033,28.8561,28.6082,28.3595,28.1101,27.7599,27.3584,26.6021,25.0887,22.6344,19.4262,11.2138
53.305,0.4284,0.0000,0.0000,5,103.61,-5.45,-5.29,0.1177,-0.3024,6898.92,0.0,95.39,92.79,92.49,90.04,6.1734,35.9637,33.5839,31.5363,30.1852,29.4824,29.1005,28.7627,28.5205,28.2776,28.0341,27.79,27.4473,27.0547,26.3158,24.8362,22.438,19.3126,11.2919
53.324,0.4283,0.0000,0.0000,5,103.41,-5.33,-5.57,0.1410,-0.2940,6883.27,0.0,95.15,92.62,92.31,89.82,6.04145,35.527,33.1617,31.1575,29.8346,29.1479,28.775,28.4452,28.2078,27.9699,27.7315,27.4926,27.1574,26.7734,26.0516,24.6059,22.2611,19.2134,11.3717
53.349,0.4282,0.0000,0.0000,5,103.21,-5.86,-6.09,0.1635,-0.2889,6868.25,0.0,95.21,92.37,92.31,89.41,5.90233,35.1598,32.804,30.8537,29.562,28.8926,28.5295,28.2084,27.9772,27.7445,27.5112,27.2774,26.9496,26.5741,25.8689,24.4573,22.1599,19.1787,11.4767
53.368,0.4282,0.0000,0.0000,5,103.01,-6.46,-6.57,0.1849,-0.2845,6855.83,0.0,95.21,92.22,92.36,89.03,5.76744,34.8147,32.4582,30.5636,29.3026,28.65,28.2964,27.9838,27.7589,27.5325,27.3048,27.076,26.7552,26.388,25.6985,24.3201,22.0687,19.1492,11.5778
53.386,0.4281,0.0000,0.0000,5,102.81,-6.79,-6.93,0.2054,-0.2790,6844.32,0.0,95.00,92.05,92.22,88.86,5.64368,34.4509,32.0864,30.2418,29.0099,28.3728,28.0279,27.7232,27.504,27.2835,27.0618,26.8389,26.525,26.1656,25.4912,24.1447,21.941,19.0836,11.6555
53.405,0.4283,0.0000,0.0000,5,102.61,-6.85,-7.18,0.2251,-0.2714,6832.84,0.0,94.69,91.83,91.99,88.79,5.53029,34.0678,31.6913,29.891,28.6873,28.0647,27.7278,27.4304,27.2166,27.0016,26.7855,26.5682,26.2624,25.9107,25.2508,23.935,21.7805,18.9856,11.7119
53.424,0.4285,0.0000,0.0000,5,102.41,-6.67,-7.30,0.2441,-0.2630,6820.41,0.0,94.39,91.59,91.74,88.71,5.42517,33.6738,31.2824,29.5227,28.3468,27.7377,27.4085,27.1181,26.9093,26.6995,26.4887,26.2769,25.9788,25.636,24.9903,23.7042,21.5998,18.867,11.7534
53.448,0.4284,0.0000,0.0000,5,102.20,-6.64,-7.52,0.2623,-0.2551,6805.2,0.0,94.18,91.34,91.55,88.50,5.32319,33.2952,30.8817,29.1627,28.0158,27.4201,27.0984,26.8147,26.6109,26.4062,26.2006,25.9941,25.7035,25.3696,24.739,23.4817,21.4271,18.7532,11.793
53.468,0.4285,0.0000,0.0000,5,101.98,-7.05,-7.92,0.2797,-0.2492,6789.38,0.0,94.17,91.11,91.49,88.14,5.22019,32.9654,30.5135,28.8386,27.7239,27.1417,26.8276,26.5507,26.3519,26.1523,25.9518,25.7505,25.4675,25.1423,24.5284,23.2984,21.2918,18.6707,11.8431
53.486,0.4286,0.0000,0.0000,5,101.77,-7.42,-8.24,0.2961,-0.2434,6775.8,0.0,94.06,90.91,91.41,87.86,5.12357,32.6472,30.1466,28.5141,27.4313,26.8633,26.5563,26.286,26.092,25.8972,25.7016,25.5054,25.2295,24.9128,24.3151,23.1133,21.1525,18.5842,11.8852
53.505,0.4287,0.0000,0.0000,5,101.55,-7.63,-8.48,0.3117,-0.2371,6762.96,0.0,93.83,90.69,91.25,87.68,5.03561,32.3231,29.7698,28.1753,27.1221,26.5695,26.2695,26.0053,25.8158,25.6256,25.4347,25.2432,24.9741,24.6654,24.0832,22.9107,20.9943,18.4803,11.913
53.524,0.4285,0.0000,0.0000,5,101.33,-7.66,-8.63,0.3264,-0.2291,6749.55,0.0,93.57,90.43,91.05,87.53,4.95592,31.9937,29.3894,27.8242,26.7988,26.2618,25.9691,25.7108,25.5256,25.3397,25.1533,24.9664,24.7038,24.4026,23.8352,22.6931,20.8198,18.3616,11.9283
53.549,0.4284,0.0000,0.0000,5,101.10,-7.56,-8.71,0.3403,-0.2208,6735.37,0.0,93.32,90.17,90.83,87.37,4.88371,31.6617,29.0083,27.4643,26.465,25.9428,25.6584,25.4064,25.2252,25.0436,24.8615,24.6789,24.4225,24.1286,23.5754,22.4636,20.6334,18.2319,11.9336
53.567,0.4283,0.0000,0.0000,5,100.87,-7.61,-8.87,0.3536,-0.2130,6719.7,0.0,93.14,89.92,90.65,87.14,4.81594,31.3476,28.6406,27.1102,26.1367,25.6289,25.3527,25.1079,24.9314,24.7538,24.5759,24.3975,24.1472,23.8603,23.3208,22.2381,20.4513,18.1062,11.9366
53.586,0.4282,0.0000,0.0000,5,100.64,-7.83,-9.08,0.3659,-0.2064,6703.41,0.0,93.05,89.67,90.54,86.82,4.75082,31.0699,28.2995,26.7731,25.8253,25.3319,25.0637,24.8262,24.6551,24.4826,24.3089,24.1346,23.8902,23.6102,23.0838,22.0291,20.2856,17.9946,11.9425
53.605,0.4285,0.0000,0.0000,5,100.39,-8.02,-9.21,0.3774,-0.2004,6687.77,0.0,92.93,89.39,90.42,86.52,4.69046,30.8146,27.9749,26.4415,25.5187,25.0392,24.7787,24.5483,24.3823,24.2151,24.0467,23.8773,23.6385,23.3651,22.8514,21.8234,20.124,17.8841,11.9448
53.624,0.4290,0.0000,0.0000,5,100.14,-8.17,-9.30,0.3882,-0.1939,6672.1,0.0,92.75,89.10,90.28,86.25,4.63571,30.5748,27.6618,26.11,25.2112,24.745,24.4921,24.2684,24.1073,23.9451,23.7819,23.6177,23.3861,23.1193,22.6178,21.6153,19.9607,17.7698,11.9415
53.643,0.4297,0.0000,0.0000,5,99.89,-8.26,-9.34,0.3981,-0.1865,6656.09,0.0,92.54,88.81,90.10,86.01,4.58802,30.345,27.3563,25.7752,24.8994,24.4459,24.2,23.9828,23.8263,23.669,23.5106,23.3514,23.1269,22.8683,22.379,21.4011,19.7905,17.6487,11.9311
53.668,0.4306,0.0000,0.0000,5,99.63,-8.29,-9.35,0.4073,-0.1791,6639.77,0.0,92.29,88.53,89.89,85.79,4.54817,30.1213,27.0555,25.4364,24.5808,24.1394,23.9003,23.6892,23.5372,23.3844,23.2307,23.0762,22.8585,22.6078,22.1327,21.1784,19.61,17.5186,11.9129
53.686,0.4316,0.0000,0.0000,5,99.36,-8.30,-9.32,0.4157,-0.1720,6622.57,0.0,92.06,88.23,89.68,85.54,4.5142,29.9155,26.7677,25.1077,24.2624,23.8326,23.6,23.3947,23.2471,23.0986,22.9494,22.7994,22.5882,22.3451,21.8849,20.9547,19.4267,17.3864,11.8907
53.706,0.4328,0.0000,0.0000,5,99.07,-8.36,-9.26,0.4235,-0.1660,6603.78,0.0,91.94,87.88,89.54,85.19,4.48205,29.7566,26.5128,24.8056,23.958,23.5396,23.3134,23.1139,22.9704,22.8262,22.6813,22.5358,22.3309,22.0952,21.6493,20.7453,19.2555,17.2661,11.872
53.724,0.4340,0.0000,0.0000,5,98.78,-8.50,-9.20,0.4306,-0.1610,6584.9,0.0,91.81,87.53,89.40,84.83,4.45258,29.639,26.2867,24.5268,23.6619,23.2547,23.0347,22.8407,22.7013,22.5612,22.4206,22.2793,22.0804,21.8519,21.4198,20.5441,19.0908,17.1526,11.8545
53.742,0.4353,0.0000,0.0000,5,98.49,-8.68,-9.14,0.4370,-0.1548,6566.14,0.0,91.61,87.20,89.22,84.51,4.42869,29.5515,26.0808,24.2645,23.3725,22.9702,22.7561,22.5675,22.432,22.2959,22.1592,22.022,21.829,21.6072,21.1883,20.3405,18.9246,17.0369,11.8344
53.768,0.4367,0.0000,0.0000,5,98.19,-8.88,-9.09,0.4426,-0.1484,6547.31,0.0,91.36,86.89,89.01,84.22,4.41289,29.4849,25.8885,24.0133,23.0932,22.6818,22.4727,22.2891,22.1573,22.0249,21.8921,21.7587,21.5713,21.356,20.9496,20.1283,18.7516,16.9124,11.8091
53.786,0.4381,0.0000,0.0000,5,97.89,-9.02,-8.99,0.4474,-0.1418,6528.23,0.0,91.05,86.59,88.75,83.98,4.40655,29.4301,25.7033,23.768,22.8196,22.3957,22.1821,22.0017,21.8734,21.7446,21.6153,21.4856,21.3034,21.0942,20.6997,19.9036,18.5679,16.7754,11.7766
53.805,0.4396,0.0000,0.0000,5,97.56,-8.89,-8.68,0.4517,-0.1361,6506.91,0.0,90.81,86.16,88.53,83.64,4.40359,29.4253,25.5508,23.5485,22.5689,22.1312,21.9107,21.7248,21.5959,21.4698,21.3441,21.2179,21.0407,20.8374,20.4543,19.6823,18.3893,16.6412,11.7459
53.824,0.4411,0.0000,0.0000,4,97.21,-8.91,-8.39,0.4554,-0.1315,6484.48,0.0,90.66,85.75,88.35,83.23,4.40131,29.4907,25.444,23.3646,22.3495,21.8962,21.6679,21.4754,21.3419,21.2116,21.0846,20.9606,20.7882,20.5906,20.2184,19.4695,18.218,16.5146,11.7203
53.842,0.4427,0.0000,0.0000,4,96.87,-9.06,-8.17,0.4587,-0.1270,7206.88,0.0,90.45,85.39,88.23,82.97,4.40252,29.6117,25.3715,23.2071,22.1532,21.683,21.4462,21.2466,21.1081,20.9731,20.8414,20.7128,20.5381,20.3448,19.9831,19.2562,18.0442,16.3874,11.6939
53.868,0.4444,0.0000,0.0000,4,96.54,-9.32,-8.01,0.4612,-0.1211,7198.18,0.0,90.18,85.04,88.03,82.68,4.40909,29.7847,25.3279,23.0711,21.9757,21.4874,21.2417,21.0346,20.891,20.7509,20.6142,20.4809,20.2997,20.1001,19.7439,19.038,17.8634,16.2554,11.6622
53.887,0.4460,0.0000,0.0000,4,96.21,-9.66,-7.92,0.4629,-0.1153,7144.16,0.0,89.88,84.71,87.65,82.20,4.42292,30.1357,25.3081,22.9525,21.8131,21.306,21.0509,20.8359,20.6869,20.5415,20.3997,20.2614,20.0735,19.8665,19.4998,18.8115,17.6726,16.1152,11.6233
53.906,0.4478,0.0000,0.0000,4,95.84,-9.68,-7.58,0.4638,-0.1093,7108.38,0.0,89.49,84.30,87.20,81.78,4.44495,30.9591,25.3047,22.8452,21.6602,21.1337,20.8689,20.6459,20.4914,20.3407,20.1937,20.0503,19.8555,19.6411,19.2611,18.5739,17.4687,15.9623,11.5755
53.925,0.4496,0.0000,0.0000,4,95.45,-9.50,-7.10,0.4643,-0.1037,7078.21,0.0,89.16,83.88,86.86,81.41,4.46945,58.3011,25.3373,22.764,21.5297,20.9822,20.7072,20.4756,20.3151,20.1587,20.0062,19.8575,19.6555,19.433,19.0391,18.3338,17.2607,15.803,11.5251
53.942,0.4514,0.0000,0.0000,4,95.07,-9.42,-6.73,0.4644,-0.0981,7049.36,0.0,88.82,83.53,86.51,81.06,4.49841,56.7747,25.3987,22.7028,21.416,20.8465,20.5606,20.32,20.1534,19.9911,19.8328,19.6785,19.4689,19.2382,18.8299,18.099,17.0449,15.6338,11.4699
53.968,0.4533,0.0000,0.0000,4,94.69,-9.52,-6.48,0.4639,-0.0927,7021.27,0.0,88.49,83.20,86.18,80.73,4.537,55.2615,25.4938,22.6645,21.3215,20.7285,20.4311,20.181,20.0079,19.8392,19.6749,19.5147,19.2972,19.0579,18.6345,17.8772,16.8222,15.4555,11.4098
53.987,0.4549,0.0000,0.0000,4,94.32,-9.76,-6.34,0.4628,-0.0875,6993.8,0.0,88.17,82.85,85.87,80.38,4.58778,53.7527,25.6316,22.6548,21.2505,20.632,20.3222,20.0619,19.8817,19.7063,19.5354,19.3689,19.143,18.8945,18.4552,17.67,16.5939,15.2695,11.3426
54.006,0.4566,0.0000,0.0000,4,93.96,-10.08,-6.24,0.4609,-0.0825,6966.58,0.0,87.83,82.50,85.56,80.05,4.65343,52.2629,25.8072,22.669,21.1986,20.5529,20.2299,19.9586,19.7711,19.5885,19.4107,19.2376,19.0028,18.7447,18.2886,17.4744,16.3611,15.0735,11.2655
54.026,0.4583,0.0000,0.0000,4,93.59,-9.94,-5.89,0.4584,-0.0760,6940.83,0.0,87.35,82.17,85.09,79.90,4.74333,50.874,25.9698,22.6608,21.1268,20.4553,20.1198,19.8383,19.6438,19.4545,19.2703,19.0909,18.8478,18.5807,18.1092,17.2686,16.1204,14.8536,11.1703
54.044,0.4600,0.0000,0.0000,4,93.25,-9.58,-5.54,0.4556,-0.0677,6914.67,0.0,86.79,81.93,84.57,79.81,4.86244,49.5995,26.2226,22.6162,21.024,20.329,19.9823,19.6916,19.4908,19.2956,19.1056,18.9208,18.6703,18.3954,17.9104,17.0468,15.8691,14.6097,11.0577
54.069,0.4618,0.0000,0.0000,4,92.91,-9.26,-5.30,0.4523,-0.0586,6889.2,0.0,86.30,81.73,84.13,79.64,5.02399,48.3924,26.7948,22.5594,20.9103,20.1927,19.8352,19.5357,19.329,19.1281,18.9327,18.7427,18.4853,18.203,17.7053,16.8204,15.6158,14.3518,10.9335
54.088,0.4635,0.0000,0.0000,4,92.59,-9.06,-5.16,0.4482,-0.0454,6864.87,0.0,85.94,81.50,83.80,79.38,5.2345,47.2028,53.3854,22.5213,20.8113,20.0697,19.7009,19.3921,19.1791,18.9722,18.7711,18.5756,18.311,18.0209,17.5101,16.6032,15.371,14.0887,10.8029
54.106,0.4652,0.0000,0.0000,4,92.27,-8.98,-5.08,0.4431,-0.0310,6841.12,0.0,85.67,81.22,83.55,79.08,5.50423,46.0075,52.1209,22.5195,20.7411,19.9728,19.5912,19.272,19.0521,18.8386,18.6312,18.4297,18.1571,17.8584,17.3331,16.4021,15.1401,13.8289,10.668
54.126,0.4669,0.0000,0.0000,4,91.95,-8.98,-5.03,0.4367,-0.0172,6817.59,0.0,85.43,80.93,83.31,78.75,5.91423,44.8077,50.8498,22.5574,20.702,19.9036,19.5078,19.1772,18.9495,18.7286,18.5141,18.3059,18.0245,17.7164,17.175,16.2176,14.9231,13.5808,10.5285
54.144,0.4686,0.0000,0.0000,4,91.65,-8.86,-4.94,0.4292,-0.0026,6794.9,0.0,85.13,80.70,82.96,78.56,6.9075,43.673,49.6385,22.5843,20.6521,19.8242,19.4145,19.0726,18.8374,18.6094,18.3881,18.1735,17.8835,17.5664,17.0098,16.0274,14.7029,13.3325,10.3761
54.162,0.4702,0.0000,0.0000,4,91.38,-8.58,-4.89,0.4206,0.0141,6774.1,0.0,84.68,80.55,82.47,78.56,8.21531,42.6748,48.5557,22.5547,20.5385,19.6866,19.2658,18.915,18.6739,18.4402,18.2137,17.994,17.6974,17.3733,16.8052,15.8044,14.4585,13.0692,10.2035
54.187,0.4717,0.0000,0.0000,4,91.14,-8.18,-4.88,0.4109,0.0323,6754.91,0.0,84.20,80.45,82.03,78.54,9.35289,41.7731,47.5641,22.5411,20.3794,19.5078,19.078,18.72,18.4741,18.2359,18.0052,17.7816,17.4798,17.1504,16.5735,15.5591,14.1983,12.7967,10.0158
54.207,0.4731,0.0000,0.0000,4,90.89,-7.70,-4.86,0.3998,0.0567,6736.74,0.0,83.79,80.33,81.69,78.44,10.3335,40.9159,46.6141,22.6238,20.2073,19.3172,18.8789,18.5143,18.264,18.0218,17.7872,17.56,17.2536,16.9194,16.3346,15.3084,13.9352,12.5244,9.8187
54.226,0.4746,0.0000,0.0000,4,90.64,-7.20,-4.81,0.3870,0.0834,6718.67,0.0,83.50,80.18,81.46,78.25,11.154,40.0633,45.6677,23.022,20.0509,19.1407,18.6933,18.3215,18.0665,17.8198,17.5811,17.35,17.0386,16.6992,16.1061,15.0671,13.6807,12.26,9.61617
54.244,0.4763,0.0000,0.0000,4,90.38,-6.71,-4.74,0.3725,0.1090,6700.28,0.0,83.33,80.00,81.28,77.99,11.8175,39.1948,44.7047,48.5731,19.9289,18.9949,18.5367,18.1564,17.8958,17.6439,17.4003,17.1646,16.8472,16.5016,15.8984,14.8441,13.4416,12.0084,9.4102
54.263,0.4778,0.0000,0.0000,4,90.16,-6.66,-4.97,0.3562,0.1334,6681.72,0.0,83.22,79.87,81.13,77.69,12.3449,38.3088,43.7233,47.5351,19.8495,18.8839,18.4129,18.0225,17.7552,17.497,17.2475,17.0063,16.6819,16.3288,15.7136,14.6408,13.2184,11.7699,9.20004
54.288,0.4826,0.0000,0.0000,4,89.97,-6.65,-5.23,0.3380,0.1584,6667.26,0.0,83.01,79.79,80.88,77.60,12.8471,37.4873,42.8031,46.5563,19.7858,18.7441,18.2617,17.8623,17.5892,17.3255,17.0709,16.825,16.4944,16.1351,15.5097,14.4218,12.9842,11.525,8.97845
54.306,0.4834,0.4500,0.0000,4,89.78,-6.33,-5.39,0.3178,0.1844,6654.54,0.0,82.65,79.68,80.54,77.64,13.3604,36.7513,41.9654,45.6586,19.7261,18.5531,18.0622,17.6561,17.3787,17.1111,16.8529,16.6037,16.2688,15.9052,15.2732,14.1761,12.7308,11.2683,8.74509
54.326,0.4471,0.6975,0.0000,4,89.79,-5.77,-5.40,0.2958,0.2164,6870.78,0.0,82.36,79.58,81.65,81.65,13.8433,36.0541,41.1649,44.7978,19.7427,18.3475,17.8462,17.4345,17.1534,16.8824,16.6212,16.3691,16.0308,15.6637,15.0265,13.9227,12.4728,11.0102,8.50463
54.344,0.3435,0.8336,0.0000,4,89.94,-5.11,-5.30,0.2715,0.2543,6983.93,0.0,82.46,79.71,82.97,82.97,14.2674,35.3615,40.368,43.9405,20.0205,18.181,17.6391,17.2213,16.9363,16.6618,16.3973,16.1423,15.8002,15.4294,14.7866,13.6756,12.2209,10.7582,8.25948
54.362,0.3092,0.9085,0.0000,4,90.21,-4.48,-5.12,0.2448,0.2905,7064.55,0.0,83.13,80.24,83.93,83.93,14.6092,34.648,39.5496,43.0608,45.1793,18.1113,17.475,17.0384,16.7484,16.4693,16.2006,15.9418,15.5949,15.2192,14.5688,13.4475,11.9845,10.5186,8.01754
54.389,0.2782,0.9497,0.0000,4,90.36,-4.34,-5.20,0.2156,0.3232,7385.12,0.0,83.90,80.66,87.59,87.59,14.7988,33.8471,38.6424,42.0906,44.175,18.3519,17.4819,16.9563,16.6482,16.3612,16.0851,15.8194,15.4638,15.0791,14.4144,13.2721,11.788,10.3081,7.78794
54.408,0.2504,0.9723,0.0000,4,90.67,-4.75,-5.29,0.1838,0.3502,7578.47,0.0,84.80,80.67,90.02,90.02,14.7705,32.8919,37.5779,40.9593,43.0076,44.0388,18.0098,17.1775,16.76,16.4158,16.1193,15.8409,15.4688,15.0671,14.3748,13.1903,11.661,10.1458,7.57498
54.427,0.2254,0.9848,0.0000,4,91.16,-5.34,-5.35,0.1495,0.3746,7607.76,0.0,85.37,80.88,90.42,90.42,14.6802,31.9054,36.4785,39.7895,41.8002,42.8124,43.3549,18.0675,17.2219,16.6848,16.2739,15.935,15.5337,15.1108,14.384,13.1469,11.5613,10.0023,7.37072
54.445,0.2028,0.9916,0.0000,4,91.73,-5.85,-5.39,0.1127,0.3990,7565.78,0.0,85.70,81.34,89.95,89.95,14.6376,30.9874,35.4438,38.6829,40.6539,41.6475,42.1799,42.6475,42.9823,17.4252,16.6493,16.1403,15.6085,15.1365,14.3758,13.0877,11.4491,9.85038,7.16777
54.464,0.1826,0.9954,0.0000,4,92.35,-6.09,-5.44,0.0741,0.3981,7495.25,0.0,85.85,81.96,89.11,89.11,14.6991,30.2075,34.5458,37.713,39.6442,40.6199,41.1424,41.6014,41.9303,42.2601,17.634,16.5019,15.7061,15.1026,14.2878,12.9631,11.2888,9.66651,6.95979
54.489,0.1643,0.9975,0.0000,4,92.99,-5.92,-5.48,0.0360,0.3876,7432.0,0.0,85.91,82.74,88.35,88.35,14.8693,29.5976,33.8198,36.9167,38.8099,39.7678,40.2814,40.7322,41.0554,41.3796,41.7047,17.1853,15.7505,14.982,14.0764,12.7392,11.0574,9.43601,6.74274
54.507,0.1479,0.9986,0.0000,4,93.64,-5.32,-5.51,-0.0012,0.3816,7385.38,0.0,85.97,83.73,87.78,87.78,15.12,29.1422,33.2535,36.2834,38.1407,39.0818,39.5868,40.0303,40.3481,40.6671,40.9871,41.3081,15.6384,14.7164,13.7397,12.415,10.7552,9.15981,6.51689
54.527,0.1331,0.9992,0.0000,4,94.20,-4.54,-5.63,-0.0377,0.3786,7455.0,0.0,86.11,84.88,88.48,88.48,15.3931,28.7806,32.7864,35.7526,37.5758,38.501,38.9979,39.4345,39.7474,40.0615,40.3767,40.693,15.3369,14.3294,13.3249,12.0266,10.4086,8.85583,6.28695
54.546,0.1198,0.9996,0.0000,4,94.71,-4.02,-6.03,-0.0736,0.3766,7645.22,0.0,86.44,85.36,90.73,90.73,15.6338,28.4424,32.3462,35.2503,37.0405,37.9502,38.4391,38.8689,39.177,39.4863,39.7969,40.1087,14.9758,13.9067,12.8887,11.6204,10.0504,8.54531,6.05763
54.564,0.1078,0.9998,0.0000,4,95.26,-3.70,-6.55,-0.1092,0.3754,7834.61,0.0,86.56,85.79,93.00,93.00,15.8463,28.1236,31.9285,34.7722,36.5299,37.4245,37.9057,38.3288,38.6322,38.937,39.243,39.5504,14.541,13.4473,12.4313,11.1975,9.68105,8.22802,5.82775
54.589,0.0970,0.9999,0.0000,4,95.85,-3.40,-7.09,-0.1447,0.3756,8007.47,0.0,86.56,86.21,95.06,95.06,16.0474,27.8388,31.549,34.3346,36.0612,36.9413,37.4149,37.8316,38.1305,38.4309,38.7326,39.0357,13.9526,12.9191,11.9359,10.7471,9.29227,7.89815,5.59498
54.607,0.0873,0.9999,0.0000,4,96.49,-3.03,-7.61,-0.1802,0.3766,8143.54,0.0,86.56,86.93,96.70,96.70,16.2245,27.5663,31.185,33.9144,35.6106,36.4765,36.9428,37.3532,37.6478,37.9439,38.2414,38.5403,13.3057,12.3605,11.4228,10.2841,8.89462,7.56252,5.36085
54.627,0.0786,0.9999,0.0000,4,97.18,-2.65,-8.08,-0.2156,0.3774,8235.9,0.0,86.56,87.95,97.83,97.83,16.3662,27.2819,30.811,33.4846,35.1508,36.0025,36.4615,36.8656,37.1559,37.4477,37.741,38.0358,12.692,11.8139,10.9158,9.82469,8.49961,7.22869,5.12732
54.645,0.0707,1.0000,0.0000,4,97.77,-2.34,-8.58,-0.2510,0.3773,8460.0,0.0,86.56,88.96,100.26,100.26,16.4604,26.9634,30.4027,33.0199,34.6553,35.4925,35.944,36.3417,36.6275,36.9149,37.2038,37.4943,12.1752,11.3155,10.4362,9.38292,8.11716,6.90319,4.89608
54.664,0.0637,1.0000,0.0000,4,98.06,-2.35,-9.22,-0.2863,0.3743,9104.77,0.0,86.56,89.48,107.58,107.58,16.4755,26.5617,29.9067,32.4633,34.0653,34.8866,35.3298,35.7205,36.0013,36.2837,36.5677,36.8533,11.9504,10.9583,10.0359,8.99014,7.76964,6.6009,4.67133
54.683,0.0573,1.0000,0.0000,5,98.12,-2.66,-10.05,-0.3215,0.3697,10095.8,0.0,86.56,89.50,119.43,119.43,16.4443,26.1187,29.367,31.8608,33.4276,34.2321,34.6667,35.05,35.3254,35.6025,35.8813,36.1618,12.3014,10.7098,9.68439,8.62033,7.4385,6.30954,4.44988
54.707,0.0516,1.0000,0.0000,5,98.47,-2.98,-10.75,-0.3567,0.3646,9131.7,0.0,86.56,89.60,116.75,115.75,16.3921,25.6675,28.8193,31.2497,32.7809,33.5683,33.994,34.3696,34.6397,34.9113,35.1848,35.4599,35.8479,10.549,9.35465,8.2519,7.10836,6.01893,4.22895
54.727,0.0464,1.0000,0.0000,5,98.98,-3.31,-11.35,-0.3918,0.3589,9138.83,0.0,86.56,89.88,109.58,109.34,16.317,25.2022,28.2569,30.6227,32.1174,32.8871,33.3036,33.6714,33.9359,34.202,34.4698,34.7394,35.1199,10.6103,9.06056,7.88965,6.78034,5.72961,4.0084
54.745,0.0418,1.0000,0.0000,5,99.57,-3.64,-11.87,-0.4269,0.3527,7665.53,0.0,86.56,90.31,101.25,102.32,16.2231,24.7274,27.6847,29.9849,31.4424,32.194,32.6011,32.9608,33.2196,33.48,33.7421,34.006,34.3786,34.8086,8.81314,7.53936,6.45201,5.44004,3.78791
54.765,0.0376,1.0000,0.0000,5,100.20,-3.87,-12.34,-0.4619,0.3465,7657.18,0.0,86.56,90.86,101.29,101.29,16.1184,24.2548,27.1155,29.3504,30.7705,31.5039,31.9015,32.2529,32.506,32.7607,33.0171,33.2752,33.6397,34.0609,8.62385,7.19614,6.11842,5.14715,3.56698
54.783,0.0338,1.0000,0.0000,5,100.67,-4.17,-12.87,-0.4967,0.3398,7839.06,0.0,86.56,91.38,103.53,103.53,15.9964,23.7728,26.5367,28.7054,30.0875,30.8021,31.19,31.533,31.7801,32.029,32.2795,32.5317,32.888,33.2998,8.57158,6.87228,5.78471,4.85433,3.34662
54.808,0.0304,1.0000,0.0000,5,100.98,-4.71,-13.44,-0.5314,0.3309,8187.46,0.0,86.56,91.56,108.05,108.05,15.8379,23.2482,25.9109,28.0093,29.3508,30.0452,30.4224,30.7563,30.997,31.2394,31.4836,31.7295,32.0768,32.4784,33.2449,6.60799,5.46594,4.57131,3.12948
54.827,0.0274,1.0000,0.0000,5,101.30,-5.39,-13.84,-0.5658,0.3198,8447.81,0.0,89.58,91.63,111.61,111.61,15.6484,22.6871,25.2442,27.2683,28.5665,29.2392,29.6049,29.929,30.1626,30.3981,30.6354,30.8746,31.2123,31.6028,32.3487,6.4299,5.16431,4.29636,2.91524
54.846,0.0247,0.5500,0.0000,5,101.67,-6.14,-14.09,-0.6000,0.3066,8620.85,0.0,94.00,91.68,113.94,113.94,15.4322,22.0951,24.5425,26.4886,27.7409,28.3906,28.7441,29.0575,29.2836,29.5116,29.7415,29.9732,30.3008,30.6796,31.4031,6.41754,4.89803,4.02871,2.70425
54.864,0.0222,0.3025,0.0000,5,102.19,-7.08,-14.30,-0.6337,0.2911,8360.68,0.0,95.25,91.84,110.77,110.77,15.1905,21.4722,23.8054,25.6694,26.8727,27.4983,27.8385,28.1404,28.3583,28.5782,28.8001,29.0238,29.3403,29.7065,30.4061,6.94242,4.68212,3.76812,2.49651
54.884,0.0200,0.1664,0.0000,5,102.69,-8.05,-14.52,-0.6670,0.2741,7903.72,0.0,95.93,92.14,104.83,104.83,14.9357,20.8382,23.0554,24.8351,25.9874,26.5879,26.9147,27.2045,27.4139,27.6252,27.8386,28.0539,28.3586,28.7115,29.3865,30.7906,4.53053,3.51413,2.29073
54.908,0.0180,0.0915,0.0000,5,103.09,-8.87,-14.73,-0.6997,0.2571,7447.36,0.0,96.36,92.52,98.87,98.70,14.682,20.2187,22.3219,24.0183,25.1196,25.6949,26.0084,26.2865,26.4873,26.69,26.8947,27.1015,27.3943,27.7337,28.3837,29.7372,4.47388,3.2837,2.08597
54.926,0.0162,0.0503,0.0000,5,103.34,-9.20,-14.85,-0.7316,0.2421,7101.03,0.0,96.51,92.97,94.80,93.39,14.4447,19.6429,21.6396,23.2578,24.311,24.8623,25.1631,25.4301,25.623,25.8177,26.0143,26.2129,26.4944,26.8209,27.447,28.7529,4.57347,3.07801,1.88149
54.946,0.0146,0.0277,0.0000,5,103.43,-9.06,-15.04,-0.7623,0.2322,6945.04,0.0,96.35,93.14,92.77,91.07,14.2425,19.1487,21.0538,22.6046,23.6166,24.1474,24.4372,24.6947,24.8808,25.0687,25.2584,25.4501,25.7219,26.0374,26.6429,27.9085,5.04365,2.89128,1.67639
54.964,0.0131,0.0152,0.0000,5,103.49,-8.35,-15.34,-0.7921,0.2305,6896.02,0.0,96.34,93.14,91.50,90.96,14.0923,18.7708,20.6063,22.1062,23.0879,23.6034,23.8852,24.1356,24.3167,24.4996,24.6844,24.8711,25.1359,25.4435,26.0343,27.2711,29.5049,2.70875,1.47378
54.982,-0.0175,0.0084,0.0000,5,103.57,-7.06,-15.70,-0.8210,0.2298,6885.74,0.0,96.34,93.14,90.52,91.64,13.9795,18.4863,20.2717,21.7358,22.6969,23.2023,23.4786,23.7243,23.902,24.0815,24.263,24.4465,24.7069,25.0095,25.591,26.8097,29.0167,2.54155,1.29683
55.009,-0.1256,0.0046,0.0000,5,103.67,-5.49,-16.14,-0.8462,0.1815,6891.08,0.0,96.34,93.14,89.92,92.37,13.8835,18.2582,20.0079,21.447,22.3946,22.8932,23.1659,23.4085,23.584,23.7615,23.9411,24.1227,24.3805,24.6801,25.2561,26.4647,28.6589,2.40552,1.15222
55.026,-0.2067,0.0025,0.0000,5,103.77,-3.89,-16.65,-0.8654,0.1343,6899.77,0.0,96.34,93.14,89.67,92.86,13.7866,18.0525,19.7746,21.1953,22.1331,22.6269,22.8972,23.1377,23.3119,23.4882,23.6666,23.847,24.1032,24.4009,24.9737,26.177,28.3665,2.33177,1.04526
55.045,-0.2675,0.0014,0.0000,5,103.87,-2.39,-17.37,-0.8788,0.0865,6890.34,0.0,96.34,93.14,89.60,92.71,13.6771,17.843,19.5402,20.9451,21.8742,22.3638,22.6321,22.8711,23.0443,23.2196,23.397,23.5765,23.8313,24.1276,24.6977,25.8975,28.0851,2.3632,0.979972
55.064,-0.3131,0.0008,0.0000,5,103.97,-0.92,-18.24,-0.8862,0.0420,6870.98,0.0,96.34,93.14,89.30,92.50,13.5516,17.6215,19.2942,20.6843,21.6051,22.0909,22.3575,22.5951,22.7674,22.9417,23.1181,23.2967,23.5502,23.8451,24.4128,25.6099,27.7965,2.57263,0.952759
55.083,-0.3474,0.0004,0.0000,5,104.04,0.56,-19.12,-0.8886,0.0082,6851.85,0.0,96.34,93.14,88.99,92.30,13.4106,17.3884,19.0375,20.4135,21.3261,21.8087,22.0737,22.31,22.4813,22.6547,22.8302,23.0079,23.2602,23.5538,24.1194,25.3142,27.5007,3.1078,0.965973
55.109,-0.3730,0.0002,0.0000,5,104.09,2.03,-19.99,-0.8864,-0.0257,6832.39,0.0,96.34,93.14,88.68,92.09,13.2544,17.1438,18.7705,20.1325,21.0377,21.5173,21.7807,22.0157,22.1861,22.3586,22.5332,22.7101,22.9613,23.2535,23.8175,25.0103,27.1975,30.7175,1.02485
55.127,-0.3923,0.0001,0.0000,5,104.11,3.50,-20.87,-0.8797,-0.0593,6813.25,0.0,96.34,93.14,88.38,91.89,13.0834,16.8883,18.4935,19.8419,20.7401,21.2168,21.4788,21.7125,21.882,22.0536,22.2274,22.4034,22.6535,22.9448,23.5074,24.6984,26.8873,30.4208,1.13311
55.146,-0.4067,0.0001,0.0000,5,104.06,4.86,-21.66,-0.8683,-0.0904,6794.39,0.0,96.34,93.88,88.08,91.69,12.8991,16.6237,18.2088,19.5441,20.4362,20.9101,21.1707,21.4032,21.5719,21.7428,21.9158,22.0911,22.3403,22.6308,23.1923,24.382,26.5737,30.1227,1.28772
55.164,-0.4175,0.0000,0.0000,5,103.81,5.94,-22.00,-0.8536,-0.1093,6775.82,0.0,96.34,96.59,87.79,91.49,12.728,16.4045,17.982,19.3142,20.2069,20.6815,20.9425,21.1754,21.3444,21.5157,21.6892,21.8651,22.1154,22.4074,22.9717,24.1682,26.3778,29.9667,1.47929
55.184,-0.4256,0.0000,0.0000,5,103.46,7.65,-22.12,-0.8362,-0.1181,6757.51,0.0,96.34,97.89,87.50,91.30,12.5989,16.2927,17.8888,19.2399,20.1471,20.6296,20.895,21.1319,21.304,21.4786,21.6555,21.8349,22.0902,22.388,22.9637,24.185,26.4454,30.1451,1.68848
55.208,-0.4317,0.0000,0.0000,5,102.91,10.42,-22.13,-0.8165,-0.1142,6739.48,0.0,96.34,99.04,87.21,91.11,12.5268,16.3245,17.9729,19.3729,20.3134,20.8139,21.0896,21.3361,21.5151,21.6966,21.8806,22.0671,22.3326,22.6422,23.2406,24.5129,26.8689,30.8212,1.88839
55.227,-0.4363,0.0000,0.0000,5,102.24,14.14,-21.81,-0.7948,-0.0949,6721.72,0.0,87.77,100.35,86.93,90.92,12.5338,16.5514,18.3003,19.7885,20.7892,21.3228,21.6167,21.8793,22.07,22.2632,22.4592,22.6578,22.9405,23.2706,23.9093,25.2667,27.7816,32.2821,2.05266
55.245,-0.4397,0.0000,0.0000,5,100.84,19.61,-21.46,-0.7716,-0.0520,6704.21,0.0,83.56,101.50,86.65,90.73,12.662,17.0682,18.9898,20.6257,21.7271,22.3136,22.6368,22.9257,23.1356,23.3485,23.5643,23.7831,24.0945,24.4577,25.1599,26.6533,29.504,35.1585,2.15976
55.264,-0.4448,0.0000,0.0000,5,98.78,26.06,-20.66,-0.7477,0.0101,6502.01,0.0,79.71,101.69,81.91,90.56,12.9393,17.9333,20.1117,21.9672,23.2163,23.8816,24.2478,24.575,24.8127,25.0537,25.2981,25.5459,25.8985,26.3097,27.1045,28.8697,32.604,40.4339,2.21902
55.288,-0.4522,0.0000,0.0000,4,96.23,31.40,-19.28,-0.7241,0.0732,6283.77,0.0,77.41,100.40,75.99,90.42,13.2898,18.9685,21.448,23.5597,24.9791,25.7351,26.1511,26.5225,26.7934,27.0719,27.3584,27.6531,28.0802,28.59,29.6137,31.9678,37.1059,6.98008,2.27155
55.307,-0.4613,0.0000,0.0000,4,93.55,34.40,-16.88,-0.7018,0.1247,6972.66,0.0,75.78,97.16,74.21,91.57,13.6192,19.9563,22.7275,25.086,26.6804,27.5715,28.0796,28.5444,28.8886,29.2435,29.6095,29.9871,30.5362,31.1946,32.5267,35.643,42.7189,5.50946,2.33883
55.325,-0.4710,0.0000,0.0000,4,91.52,35.36,-14.84,-0.6815,0.1556,6965.26,0.0,75.24,92.26,74.40,89.19,13.82,20.6427,23.6356,26.1952,28.0524,29.1147,29.7234,30.2823,30.6973,31.1263,31.5699,32.0288,32.6984,33.5051,35.1492,39.0619,48.3118,5.22816,2.43029
55.344,-0.4800,0.0000,0.0000,4,90.19,34.88,-13.16,-0.6630,0.1704,6728.99,0.0,75.00,87.19,74.79,85.31,13.8722,20.9831,24.1159,26.8742,28.9533,30.1509,30.84,31.4745,31.9468,32.4361,32.9431,33.4689,34.2382,35.1685,37.0767,41.6845,52.9695,5.30683,2.54203
55.362,-0.4879,0.0000,0.0000,4,89.35,34.01,-12.13,-0.6457,0.1720,6632.58,0.0,75.00,83.29,75.12,82.60,13.7961,21.0192,24.2191,27.1253,29.346,30.6319,31.3739,32.0585,32.5692,33.0989,33.6488,34.2198,35.0573,36.0728,38.1656,43.2739,56.1259,5.61117,2.6725
55.388,-0.4947,0.0000,0.0000,4,88.75,33.62,-11.84,-0.6287,0.1670,6569.71,0.0,75.00,80.91,75.02,81.16,13.6584,20.9068,24.1391,27.1546,29.4732,30.8212,31.6009,32.3216,32.8599,33.419,34.0,34.6044,35.4921,36.571,38.8028,44.2988,58.4387,6.04119,2.81587
55.406,-0.5005,0.0000,0.0000,4,88.21,33.64,-11.98,-0.6113,0.1600,6528.14,0.0,75.00,79.46,74.82,80.37,13.5006,20.747,24.0075,27.1171,29.5212,30.9243,31.7377,32.4908,33.054,33.6397,34.2491,34.8838,35.8176,36.9549,39.3161,45.1806,60.5234,6.54936,2.96706
55.425,-0.5057,0.0000,0.0000,4,87.63,34.35,-12.47,-0.5929,0.1546,6501.22,0.0,75.00,78.62,74.54,80.00,13.3541,20.6197,23.9276,27.1527,29.6619,31.1329,31.988,32.781,33.3751,33.9938,34.6385,35.3109,36.3021,37.5123,40.0358,46.3672,62.9819,7.07197,3.12206
55.444,-0.5105,0.0000,0.0000,4,86.93,35.74,-13.18,-0.5730,0.1532,6481.93,0.0,75.00,78.11,74.27,79.81,13.2355,20.5702,23.9655,27.3551,30.0138,31.5817,32.4961,33.3464,33.9846,34.6504,35.3456,36.0721,37.1457,38.4609,41.2188,48.2328,66.2576,7.53014,3.27772
55.468,-0.5153,0.0000,0.0000,4,86.06,37.07,-13.67,-0.5519,0.1578,6456.49,0.0,74.14,77.73,73.86,79.63,13.1478,20.6087,24.147,27.7655,30.634,32.3383,33.3369,34.2684,34.9694,35.7026,36.4699,37.2739,38.466,39.9328,43.0321,51.0597,70.4277,7.88062,3.43201
55.488,-0.5203,0.0000,0.0000,4,85.03,37.95,-13.75,-0.5302,0.1658,6412.59,0.0,72.13,77.32,73.01,79.46,13.0923,20.7353,24.4865,28.411,31.564,33.4556,34.5702,35.6142,36.4028,37.2299,38.0985,39.0117,40.3715,42.0545,45.646,55.1812,75.3957,8.1004,3.57887
55.507,-0.5257,0.0000,0.0000,4,83.83,38.74,-13.58,-0.5083,0.1776,6355.65,0.0,70.06,76.70,71.84,79.29,13.079,20.9715,25.0369,29.3782,32.927,35.0827,36.3627,37.568,38.4827,39.4462,40.4622,41.5352,43.1425,45.1473,49.4846,60.9414,81.2367,8.16582,3.7117
55.525,-0.5317,0.4500,0.0000,4,82.42,39.64,-13.27,-0.4867,0.1942,6287.01,0.0,68.19,75.87,70.37,79.14,13.1243,21.3863,25.9009,30.8382,34.9687,37.5209,39.0521,40.505,41.6147,42.7903,44.0376,45.3634,47.3659,49.892,55.4671,67.9243,88.1484,8.06597,3.8248
55.544,-0.5133,0.6975,0.0000,4,80.83,40.67,-12.87,-0.4654,0.2147,6150.16,0.0,66.69,74.85,72.96,72.96,13.2258,22.0114,27.1371,32.9203,37.9103,41.0658,42.9864,44.828,46.2474,47.7635,49.3862,51.127,53.7884,57.1357,63.4423,75.8424,96.0293,7.87175,3.92058
55.569,-0.4619,0.8336,0.0000,4,79.34,41.21,-12.25,-0.4447,0.2345,6452.79,0.0,65.56,73.53,76.55,76.55,13.3365,22.7382,28.5955,35.45,41.5883,45.583,48.0586,50.4648,52.3415,54.3675,56.5074,58.6422,61.6138,64.9871,71.2506,83.5501,107.546,7.71724,4.01105
55.586,-0.4157,0.9085,0.0000,4,78.14,41.52,-11.65,-0.4250,0.2532,6700.53,0.0,64.84,72.30,79.52,79.52,13.4301,23.4925,30.1691,38.3044,45.9054,51.0219,54.263,57.2934,59.4437,61.5825,63.7105,65.828,68.7762,72.1223,78.3334,90.5177,15.9637,7.63305,4.1018
55.606,-0.3742,0.9497,0.0000,4,77.23,41.71,-11.19,-0.4062,0.2681,6896.96,0.0,64.41,71.25,81.86,81.86,13.4922,24.2207,31.7738,41.3806,50.7869,57.1521,60.6162,63.6208,65.7532,67.8746,69.9854,72.0861,75.0102,78.329,84.4873,97.0388,12.9163,7.61887,4.19581
55.625,-0.3368,0.9723,0.0000,4,76.54,41.87,-10.88,-0.3881,0.2795,7084.33,0.0,64.13,70.41,84.08,84.08,13.5206,24.9038,33.3781,44.6523,56.1275,62.6612,66.0969,69.0781,71.194,73.2994,75.3942,77.4788,80.3806,83.6736,89.7821,105.516,12.2781,7.66033,4.29314
55.644,-0.3031,0.9848,0.0000,4,76.00,41.98,-10.70,-0.3705,0.2883,7273.36,0.0,63.89,69.75,86.32,86.32,13.5238,25.563,35.0233,48.2281,61.0538,67.5341,70.9439,73.9033,76.0039,78.0941,80.1737,82.2432,85.1236,88.3919,94.67,177.776,12.0153,7.73627,4.39228
55.668,-0.2728,0.9916,0.0000,4,75.55,42.11,-10.61,-0.3533,0.2956,7486.55,0.0,63.69,69.28,88.84,88.84,13.5144,26.2432,36.8066,52.3565,65.6143,72.0437,75.4283,78.3662,80.4517,82.5265,84.591,86.6454,89.5045,92.8099,100.727,35.4545,11.8871,7.82636,4.49103
55.687,-0.2455,0.9954,0.0000,4,75.15,42.30,-10.60,-0.3364,0.3022,7714.74,0.0,63.55,68.96,91.54,91.54,13.4993,26.9788,38.8201,56.8333,69.9648,76.3438,79.7029,82.6188,84.6887,86.7482,88.7972,90.836,93.8994,98.073,110.9,27.2976,11.8148,7.91978,4.58855
55.706,-0.2209,0.9975,0.0000,4,74.82,42.51,-10.62,-0.3197,0.3087,7934.06,0.0,63.47,68.73,94.16,94.16,13.4807,27.7857,41.1328,61.1374,74.1473,80.4759,83.8091,86.7027,88.7567,90.8048,92.9963,95.4464,99.4963,105.768,172.872,23.4209,11.7757,8.01399,4.68485
55.724,-0.1988,0.9986,0.0000,4,74.55,42.71,-10.65,-0.3033,0.3155,8135.25,0.0,63.42,68.56,96.56,96.56,13.4584,28.673,43.8142,65.2737,78.1674,84.4458,87.7531,90.6355,92.8619,95.3595,98.2271,101.65,108.419,174.852,41.0665,21.1596,11.7631,8.10958,4.78032
55.743,-0.1790,0.9992,0.0000,4,74.35,42.87,-10.67,-0.2872,0.3217,8309.02,0.0,63.41,68.44,98.66,98.66,13.4323,29.6517,46.9566,69.2472,82.0294,88.258,91.6464,95.0995,98.0081,101.499,106.076,115.672,172.672,50.6754,33.1952,19.6805,11.7718,8.20657,4.87476
55.768,-0.1611,0.9996,0.0000,4,74.24,42.97,-10.65,-0.2714,0.3272,8435.82,0.0,63.44,68.37,100.19,100.19,13.4018,30.7303,50.6705,73.0502,85.725,92.1199,96.345,101.077,105.695,176.162,173.194,170.014,49.5453,39.6022,28.7862,18.644,11.7952,8.30546,4.96776
55.787,-0.1450,0.9998,0.0000,4,74.20,42.94,-10.56,-0.2559,0.3322,8514.65,0.0,63.51,68.35,101.14,101.14,13.3684,31.9309,54.5942,76.7049,89.2835,96.9374,102.961,114.332,172.662,169.492,166.059,47.6237,39.8468,33.5852,25.9527,17.8701,11.8144,8.40433,5.05875
55.806,-0.1305,0.9999,0.0000,4,74.18,42.88,-10.46,-0.2409,0.3372,8593.02,0.0,63.63,68.39,102.07,102.07,13.3394,33.3288,58.465,80.324,93.4087,104.223,173.355,168.996,165.578,49.8781,43.8425,39.1599,34.0701,29.6685,23.8935,17.2254,11.809,8.49437,5.14599
55.824,-0.1174,0.9999,0.0000,4,74.15,42.87,-10.39,-0.2262,0.3421,8682.57,0.0,63.75,68.48,103.12,103.12,13.3177,34.9828,62.3145,83.9333,99.0733,171.626,166.472,53.6355,45.6874,40.9028,37.0276,33.8257,30.1764,26.8685,22.2976,16.664,11.7795,8.57366,5.22934
55.843,-0.1057,0.9999,0.0000,4,74.13,42.91,-10.35,-0.2120,0.3477,8790.1,0.0,63.88,68.59,104.39,104.39,13.3116,36.9582,66.1455,87.5334,110.612,164.546,49.8129,42.4739,38.5206,35.2428,32.4815,30.1236,27.3478,24.7463,21.0102,16.1642,11.7301,8.64281,5.30899
55.868,0.0148,1.0000,0.0000,4,74.11,42.99,-10.33,-0.1982,0.3539,8910.86,0.0,64.00,68.71,105.82,105.82,13.3231,39.3408,69.9561,91.6444,167.375,48.9043,41.3861,36.5337,33.7134,31.2996,29.2104,27.3846,25.1841,23.0696,19.9412,15.7133,11.6655,8.7031,5.38541
55.887,0.1598,1.0000,0.0000,4,74.11,43.11,-10.32,-0.1847,0.3600,9026.78,0.0,64.35,69.22,107.21,107.21,13.3523,42.2383,73.7291,97.2608,159.734,41.1179,35.9504,32.3934,30.2578,28.3883,26.7383,25.2714,23.4717,21.7088,19.038,15.3049,11.5906,8.75637,5.45871
55.906,0.2686,1.0000,0.0000,4,74.15,43.22,-10.30,-0.1717,0.3660,9118.2,0.0,64.99,70.17,108.33,108.33,13.398,45.7847,77.4329,108.082,46.4346,35.9548,32.0997,29.3507,27.6612,26.1574,24.8106,23.5973,22.088,20.5869,18.2688,14.9368,11.5107,8.80506,5.52915
55.924,0.3500,1.0000,0.0000,4,74.25,43.26,-10.24,-0.1590,0.3716,9179.8,0.0,65.84,71.40,109.05,109.05,13.4599,49.903,81.0468,165.857,40.0195,32.2498,29.231,27.0221,25.6404,24.3949,23.2665,22.2395,20.9477,19.647,17.6067,14.6043,11.4285,8.85047,5.59677
55.942,0.4109,1.0000,0.0000,4,74.34,43.31,-10.17,-0.1468,0.3775,9262.48,0.0,66.92,72.58,110.02,110.02,13.5481,54.0211,84.674,158.377,35.3859,29.368,26.9325,25.1141,23.9608,22.9104,21.9498,21.0681,19.9488,18.8101,16.9998,14.2812,11.3323,8.88136,5.66022
55.968,0.4565,1.0000,0.0000,4,74.43,43.43,-10.14,-0.1350,0.3837,9375.62,0.0,67.84,73.60,111.34,111.34,13.6692,58.1554,88.7631,51.0517,31.8166,27.016,25.0102,23.4882,22.5116,21.6146,20.7878,20.0234,19.0455,18.0417,16.4272,13.9584,11.219,8.89229,5.71907
55.987,0.4906,1.0000,0.0000,5,74.50,43.64,-10.15,-0.1236,0.3908,9512.12,0.0,68.61,74.41,112.95,112.95,13.8261,62.3104,94.5065,42.2763,28.9698,25.0517,23.3722,22.0805,21.2438,20.4697,19.7514,19.0833,18.2226,17.3325,15.8859,13.6382,11.0921,8.88603,5.77382
56.006,0.5161,1.0000,0.0000,5,74.55,43.88,-10.18,-0.1127,0.3985,8551.42,0.0,69.23,75.04,103.21,105.09,14.0193,66.4542,106.68,37.0598,26.6551,23.3941,21.9668,20.8568,20.1319,19.4572,18.8276,18.2388,17.476,16.6816,15.3791,13.3262,10.9571,8.86638,5.82508
56.024,0.5353,1.0000,0.0000,5,74.53,44.02,-10.21,-0.1021,0.4057,8560.84,0.0,69.75,75.49,93.54,96.68,14.2363,70.4265,162.193,33.2436,24.806,22.0318,20.797,19.8279,19.1909,18.5949,18.036,17.5112,16.8277,16.112,14.9294,13.0422,10.8287,8.84299,5.87454
56.043,0.5497,1.0000,0.0000,5,74.48,43.97,-10.22,-0.0921,0.4117,6592.32,0.0,70.23,75.77,85.75,89.33,14.4577,74.0413,154.899,30.4643,23.3723,20.9539,19.8633,19.0009,18.431,17.8957,17.3918,16.9168,16.2958,15.6424,14.5559,12.804,10.7206,8.82531,5.92394
56.068,0.4705,1.0000,0.0000,5,74.45,43.63,-10.16,-0.0826,0.4159,6504.61,0.0,70.68,75.91,86.01,86.01,14.6682,77.1922,146.925,28.439,22.2807,20.122,19.1383,18.3561,17.837,17.3477,16.8858,16.4491,15.8762,15.2712,14.2599,12.6156,10.6376,8.81719,5.97391
56.087,0.3683,1.0000,0.0000,5,74.49,43.15,-10.08,-0.0738,0.4189,6546.96,0.0,70.97,75.63,86.57,86.57,14.8815,80.0323,48.5635,26.8519,21.3923,19.4358,18.5367,17.8183,17.3399,16.8877,16.4598,16.0542,15.5207,14.9555,14.0066,12.4525,10.5647,8.80978,6.02223
56.106,0.3048,1.0000,0.0000,5,74.55,42.68,-10.03,-0.0656,0.4214,6596.9,0.0,70.94,75.08,87.23,87.23,15.1164,82.773,42.6347,25.5067,20.6106,18.8228,17.9953,17.3313,16.8878,16.4676,16.069,15.6905,15.1914,14.6611,13.7673,12.2941,10.4888,8.79532,6.0672
56.124,0.3428,1.0000,0.0000,5,74.63,42.21,-10.01,-0.0581,0.4240,6649.38,0.0,70.75,74.50,87.92,87.92,15.3761,85.9032,39.046,24.339,19.9088,18.2647,17.4988,16.8822,16.4691,16.0769,15.7042,15.3495,14.8808,14.3816,13.5373,12.1377,10.4088,8.77346,6.10895
56.144,0.4050,1.0000,0.0000,5,74.73,41.76,-10.02,-0.0511,0.4264,6699.41,0.0,70.73,74.28,88.58,88.58,15.6596,89.776,36.1615,23.3168,19.2759,17.7551,17.0427,16.4671,16.0807,15.7132,15.3632,15.0297,14.5881,14.1166,13.3168,11.9839,10.3256,8.74525,6.14788
56.168,0.4515,0.5500,0.0000,5,74.88,41.27,-10.03,-0.0448,0.4282,6730.2,0.0,70.89,74.38,89.01,89.01,15.9623,95.1086,33.8142,22.4244,18.7087,17.2932,16.6269,16.0872,15.724,15.378,15.048,14.7329,14.3152,13.8684,13.1082,11.8354,10.2416,8.71243,6.18313
56.187,0.4860,0.3025,0.0000,5,75.07,40.69,-10.01,-0.0391,0.4290,6488.09,0.0,71.19,74.62,85.98,85.98,16.2703,162.688,31.9273,21.6646,18.2153,16.8878,16.2603,15.7507,15.4072,15.0795,14.7665,14.4674,14.0701,13.6445,12.9185,11.6981,10.1615,8.67828,6.21202
56.206,0.5117,0.1664,0.0000,5,75.28,39.81,-9.84,-0.0342,0.4294,6154.49,0.0,71.52,75.03,81.60,81.60,16.6076,158.538,30.2881,20.9654,17.7496,16.5007,15.9081,15.4258,15.1002,14.7892,14.4918,14.2071,13.8287,13.4225,12.7282,11.5569,10.0743,8.63554,6.23193
56.224,0.5308,0.0915,0.0000,5,75.39,38.77,-9.54,-0.0302,0.4308,5848.87,0.0,71.98,75.35,76.62,78.46,17.0374,153.692,28.6506,20.2213,17.2388,16.0698,15.513,15.0589,14.7518,14.4581,14.1769,13.9074,13.5486,13.163,12.5023,11.3834,9.95967,8.57033,6.23858
56.243,0.5451,0.0503,0.0000,5,75.38,37.88,-9.30,-0.0272,0.4336,5602.88,0.0,72.10,75.51,72.77,75.73,17.5923,147.697,26.9858,19.419,16.6727,15.5862,15.0667,14.6421,14.3544,14.0788,13.8147,13.5613,13.2235,12.8597,12.235,11.1729,9.8139,8.47996,6.23112
56.268,0.5560,0.0277,0.0000,5,75.26,37.13,-9.17,-0.0252,0.4413,5423.43,0.0,72.07,75.50,70.17,73.50,18.2338,140.436,25.4529,18.6426,16.1126,15.103,14.6186,14.2216,13.9523,13.6941,13.4462,13.2081,12.8902,12.5474,11.9574,10.9506,9.65541,8.37701,6.21329
56.286,0.5644,0.0152,0.0000,5,75.10,36.47,-9.13,-0.0246,0.4546,5295.58,0.0,72.01,75.36,68.46,71.78,18.929,131.82,24.1095,17.9321,15.5904,14.6486,14.1953,13.8231,13.5702,13.3275,13.0942,12.8699,12.5701,12.2463,11.6879,10.7317,9.49582,8.26976,6.18801
56.306,0.5709,0.0084,0.0000,5,74.94,35.74,-9.10,-0.0255,0.4665,5235.99,0.0,71.97,75.14,67.32,70.21,19.6278,45.5956,22.9946,17.3194,15.1321,14.2468,13.8195,13.4681,13.2291,12.9993,12.7784,12.5658,12.2813,11.9737,11.4424,10.5298,9.34549,8.1656,6.15753
56.324,0.5759,0.0046,0.0000,5,74.87,34.72,-9.03,-0.0279,0.4752,5235.99,0.0,72.06,74.84,66.65,68.75,20.2059,41.2752,22.2056,16.8691,14.7889,13.9433,13.5343,13.1977,12.9685,12.748,12.5359,12.3316,12.0581,11.7621,11.2503,10.3694,9.22296,8.07742,6.12502
56.343,0.5796,0.0025,0.0000,5,74.93,33.17,-8.82,-0.0319,0.4790,5235.99,0.0,72.37,74.47,66.17,67.67,20.5289,39.8314,21.8089,16.6278,14.5986,13.7721,13.372,13.0426,12.8182,12.6024,12.3946,12.1945,11.9264,11.6362,11.1341,10.2694,9.14248,8.01506,6.09251
56.368,0.5820,0.0014,0.0000,5,75.14,31.33,-8.70,-0.0374,0.4779,5235.99,0.0,72.86,74.02,66.23,66.89,20.5662,40.0514,21.7725,16.5824,14.5525,13.7262,13.3263,12.9971,12.7729,12.5572,12.3496,12.1497,11.8819,11.592,11.0906,10.2271,9.10239,7.97753,6.05963
56.387,0.5835,0.0008,0.0000,5,75.42,29.45,-8.71,-0.0445,0.4740,5235.99,0.0,73.34,73.61,66.48,66.43,20.4516,41.3936,21.9281,16.6381,14.5793,13.7429,13.3385,13.0057,12.7791,12.5612,12.3516,12.1497,11.8795,11.587,11.0813,10.2114,9.0796,7.94918,6.02294
56.406,0.5842,0.0004,0.0000,5,75.73,27.58,-8.79,-0.0528,0.4690,5235.99,0.0,73.69,73.31,66.77,66.24,20.3039,43.8807,22.1404,16.7177,14.6208,13.771,13.3606,13.023,12.7933,12.5725,12.3601,12.1557,11.8821,11.5862,11.075,10.1963,9.05514,7.91723,5.97976
56.424,0.5843,0.0002,0.0000,5,76.02,25.75,-8.90,-0.0625,0.4639,5235.99,0.0,73.85,73.11,67.05,66.22,20.1771,124.013,22.3428,16.7836,14.6485,13.7855,13.3692,13.027,12.7943,12.5707,12.3556,12.1488,11.872,11.5728,11.0562,10.1696,9.01983,7.87546,5.92875
56.442,0.5840,0.0001,0.0000,5,76.30,23.94,-9.01,-0.0734,0.4589,5235.99,0.0,73.87,72.98,67.33,66.33,20.0803,126.395,22.5197,16.8271,14.656,13.7808,13.3591,13.0127,12.7773,12.5511,12.3337,12.1247,11.8451,11.543,11.0218,10.1283,8.97176,7.82262,5.86973
56.468,0.5834,0.0001,0.0000,5,76.57,22.13,-9.12,-0.0855,0.4537,5235.99,0.0,73.84,72.84,67.63,66.50,20.0001,128.96,22.6888,16.8577,14.6503,13.7631,13.336,12.9855,12.7474,12.5188,12.2991,12.088,11.8057,11.5009,10.9754,10.0757,8.91311,7.76022,5.80312
56.486,0.5826,0.0000,0.0000,4,76.83,20.29,-9.21,-0.0989,0.4479,5235.99,0.0,73.84,72.68,67.95,66.69,19.9125,131.987,22.8884,16.8952,14.6459,13.7448,13.3117,12.9565,12.7154,12.4839,12.2617,12.0481,11.7628,11.4549,10.9245,10.0177,8.84839,7.69133,5.72974
56.506,0.5816,0.0000,0.0000,4,77.09,18.40,-9.29,-0.1135,0.4410,5667.02,0.0,73.91,72.48,68.33,66.86,19.7884,135.449,23.176,16.9686,14.6639,13.7442,13.303,12.9415,12.6962,12.461,12.2353,12.0185,11.729,11.4169,10.8797,9.96297,8.78388,7.62022,5.65083
56.524,0.5805,0.0000,0.0000,4,77.35,16.44,-9.36,-0.1292,0.4323,5665.56,0.0,74.10,72.21,68.79,66.96,19.5952,139.169,23.6343,17.1175,14.7321,13.7854,13.3322,12.9614,12.7101,12.4692,12.2382,12.0166,11.7209,11.4023,10.8548,9.92262,8.72762,7.55231,5.56797
56.542,0.5794,0.0000,0.0000,4,77.62,14.37,-9.36,-0.1461,0.4213,5733.89,0.0,74.38,71.88,69.32,66.94,19.3105,143.313,24.3651,17.386,14.8808,13.8938,13.4227,13.0379,12.7775,12.5282,12.2893,12.0603,11.7552,11.4268,10.8636,9.90762,8.68741,7.49279,5.48271
56.568,0.5782,0.0000,0.0000,4,77.86,12.18,-9.32,-0.1640,0.4069,5756.07,0.0,74.84,71.48,69.99,66.78,18.8986,148.11,25.5718,17.8589,15.1673,14.1175,13.6186,13.2122,12.9376,12.6751,12.4239,12.1835,11.8636,11.5199,10.932,9.93845,8.67782,7.45139,5.39818
56.587,0.5769,0.0000,0.0000,4,78.09,9.86,-9.27,-0.1827,0.3880,5779.2,0.0,75.43,70.98,70.87,66.46,18.3335,153.707,27.6167,18.6695,15.677,14.5273,13.9841,13.5433,13.2462,12.9628,12.6923,12.4337,12.0904,11.7227,11.0958,10.0428,8.71794,7.44053,5.31827
56.606,0.5757,0.0000,0.0000,4,78.29,7.52,-9.23,-0.2020,0.3640,5799.24,0.0,76.03,70.43,71.81,66.00,17.6323,81.1402,31.1004,19.9925,16.5117,15.2033,14.5908,14.096,13.764,13.4482,13.1475,12.861,12.4817,12.0769,11.3903,10.2467,8.82492,7.47085,5.24673
56.624,0.5747,0.0000,0.0000,4,78.43,5.53,-9.20,-0.2215,0.3364,5812.6,0.0,76.35,69.99,72.39,65.75,16.8858,73.0104,40.2574,21.9685,17.7287,16.1832,15.4683,14.8949,14.512,14.1493,13.8054,13.4787,13.0482,12.5909,11.8204,10.5512,8.99713,7.54049,5.18479
56.643,0.5738,0.0000,0.0000,4,78.51,4.01,-9.16,-0.2405,0.3074,5819.48,0.0,76.37,69.70,72.62,65.69,16.1796,66.9928,136.483,24.7468,19.364,17.4802,16.6224,15.9404,15.4879,15.0616,14.6591,14.2787,13.7798,13.253,12.3728,10.9422,9.22254,7.64102,5.13226
56.667,0.5730,0.0000,0.0000,4,78.52,2.78,-9.09,-0.2587,0.2779,5822.01,0.0,76.24,69.48,72.69,65.68,15.5384,61.3666,147.352,28.6845,21.5341,19.1644,18.1067,17.2752,16.728,16.2156,15.7348,15.2829,14.6939,14.0765,13.0549,11.4212,9.49935,7.77033,5.08963
56.687,0.5725,0.4500,0.0000,4,78.50,1.83,-8.92,-0.2757,0.2487,5820.96,0.0,76.00,69.30,72.64,65.71,14.9695,56.057,84.721,36.1466,24.426,21.3432,20.0024,18.9629,18.2859,17.6568,17.0709,16.5238,15.8161,15.0808,13.8784,11.9915,9.8264,7.92652,5.05694
56.706,0.5718,0.6975,0.0000,4,78.75,1.00,-8.70,-0.2915,0.2208,6038.42,0.0,75.76,69.29,71.79,71.79,14.4811,51.2563,74.3201,134.254,28.2687,24.1253,22.3818,21.0538,20.1996,19.4134,18.6875,18.0152,17.1535,16.2672,14.8377,12.6425,10.1932,8.10183,5.03224
56.724,0.5354,0.8336,0.0000,4,78.99,0.35,-8.50,-0.3061,0.1950,6117.9,0.0,75.52,69.46,72.68,72.68,14.0762,47.1005,68.3501,144.088,34.8826,27.6163,25.3024,23.5776,22.4848,21.4903,20.5817,19.7482,18.6909,17.6162,15.9096,13.351,10.5815,8.28442,5.01218
56.744,0.4127,0.9085,0.0000,4,79.30,-0.20,-8.35,-0.3194,0.1710,6199.65,0.0,75.44,69.76,73.64,73.64,13.7332,43.5058,63.7701,151.266,131.814,33.0773,29.0194,26.6961,25.2723,23.9943,22.841,21.7951,20.4845,19.1706,17.1207,14.1292,10.9964,8.47657,4.99727
56.768,0.3714,0.9497,0.0000,4,79.67,-0.74,-8.25,-0.3317,0.1486,6273.71,0.0,75.62,70.34,74.52,74.52,13.4368,40.3893,59.6334,78.6602,140.829,129.309,38.1134,31.1123,28.8175,27.0877,25.5964,24.2625,22.6155,20.9908,18.5078,14.9928,11.4433,8.6805,4.98757
56.787,0.3343,0.9723,0.0000,4,80.09,-1.25,-8.20,-0.3429,0.1277,6340.26,0.0,75.77,70.87,75.31,75.31,13.1804,37.7123,55.9219,72.1162,147.427,138.277,132.282,125.698,37.0066,31.731,29.128,27.2602,25.1588,23.1262,20.0932,15.945,11.9196,8.89368,4.98209
56.806,0.3009,0.9848,0.0000,4,80.54,-1.70,-8.18,-0.3531,0.1082,6398.41,0.0,75.96,71.38,76.01,76.01,12.9562,35.413,52.5979,67.5799,84.2505,144.746,139.868,135.027,131.07,126.423,121.137,32.021,28.3323,25.661,21.919,16.9982,12.4276,9.11646,4.98067
56.825,0.2708,0.9916,0.0000,4,81.01,-2.07,-8.18,-0.3623,0.0901,6448.75,0.0,76.19,71.92,76.61,76.61,12.7594,33.4445,49.6387,64.0354,75.8649,149.851,145.581,141.489,138.297,134.805,130.893,126.319,34.9515,28.9502,24.0272,18.1601,12.9663,9.34751,4.98297
56.842,0.2437,0.9954,0.0000,4,81.49,-2.36,-8.19,-0.3705,0.0734,6489.79,0.0,76.44,72.49,77.10,77.10,12.5863,31.7655,47.0223,60.8933,70.853,79.1934,150.145,146.497,143.711,140.737,137.53,134.016,128.321,120.187,26.4783,19.4352,13.5329,9.58501,4.98874
56.868,0.2193,0.9975,0.0000,4,81.99,-2.55,-8.19,-0.3779,0.0581,6522.48,0.0,76.72,73.08,77.49,77.49,12.434,30.3385,44.7254,58.0731,67.16,73.4526,78.3173,85.5914,148.005,145.343,142.52,139.502,134.845,128.576,30.0959,20.8233,14.1222,9.82618,4.99748
56.887,0.1974,0.9986,0.0000,4,82.50,-2.64,-8.19,-0.3842,0.0441,6549.52,0.0,77.03,73.71,77.82,77.82,12.2996,29.1272,42.7186,55.5564,64.2429,69.4734,73.1234,77.2796,81.4456,149.044,146.472,143.755,139.654,134.393,121.216,22.3234,14.7299,10.0692,5.00923
56.906,0.1777,0.9992,0.0000,4,83.02,-2.61,-8.13,-0.3896,0.0312,6575.11,0.0,77.41,74.37,78.12,78.12,12.1763,28.0735,40.9334,53.2744,61.7211,66.3487,69.3666,72.561,75.348,78.8888,84.3788,147.245,143.511,138.832,128.095,23.9773,15.3695,10.3206,5.02552
56.924,0.1599,0.9996,0.0000,4,83.54,-2.54,-8.06,-0.3939,0.0191,6597.93,0.0,77.81,74.98,78.39,78.39,12.0607,27.1428,39.3289,51.1882,59.3944,63.7513,66.3622,69.0289,71.2424,73.8318,77.0214,81.4517,146.728,142.445,133.053,25.9546,16.0495,10.5838,5.04715
56.942,0.1439,0.9998,0.0000,4,84.08,-2.42,-7.99,-0.3973,0.0081,6618.83,0.0,78.19,75.60,78.64,78.64,11.9538,26.3327,37.909,49.3111,57.2814,61.5285,63.8884,66.2149,68.0969,70.2238,72.6904,75.6771,81.8205,145.4,136.86,28.87,16.7549,10.8522,5.07304
56.968,0.1295,0.9999,0.0000,4,84.63,-2.26,-7.93,-0.3997,-0.0018,6638.82,0.0,78.57,76.24,78.88,78.88,11.8564,25.6375,36.6716,47.649,55.3932,59.5409,61.8187,63.913,65.5769,67.4232,69.5045,71.9077,76.1596,85.2708,139.844,116.242,17.467,11.1191,5.10232
56.987,0.1166,0.9999,0.0000,4,85.18,-2.05,-7.88,-0.4013,-0.0104,6660.06,0.0,78.94,76.90,79.13,79.13,11.7683,25.0465,35.6034,46.1926,53.7239,57.7765,60.0071,61.9964,63.5074,65.164,67.0021,69.0739,72.5458,78.0893,142.188,120.966,18.169,11.3788,5.13414
57.006,0.1049,0.9999,0.0000,4,85.74,-1.82,-7.84,-0.4020,-0.0179,6684.56,0.0,79.33,77.55,79.42,79.42,11.6887,24.5453,34.6841,44.9217,52.255,56.2176,58.4034,60.3542,61.7735,63.2946,64.9642,66.8201,69.8427,74.2902,144.022,124.784,18.8483,11.6276,5.16786
57.024,0.0944,1.0000,0.0000,4,86.33,-1.56,-7.77,-0.4019,-0.0243,6686.7,0.0,79.73,78.22,79.46,79.46,11.6168,24.1223,33.8973,43.8195,50.9706,54.8497,56.9934,58.9089,60.2987,61.7255,63.2738,64.9779,67.7071,71.5642,145.426,127.458,19.4909,11.8623,5.20315
57.043,0.0537,1.0000,0.0000,4,86.90,-1.26,-7.70,-0.4010,-0.0294,6710.31,0.0,80.14,78.90,79.72,79.72,11.5531,23.7738,33.2371,42.8819,49.8691,53.6718,55.7769,57.6601,59.0276,60.413,61.872,63.468,65.9965,69.486,80.8161,129.335,20.0728,12.076,5.23904
57.068,-0.0176,1.0000,0.0000,4,87.47,-1.06,-7.66,-0.3995,-0.0333,6751.57,0.0,80.55,79.62,80.20,80.20,11.4986,23.4987,32.7014,42.1081,48.9517,52.6867,54.7573,56.6114,57.9588,59.3246,60.7263,62.2461,64.6361,67.8881,77.3952,130.563,20.5642,12.2595,5.27378
57.087,-0.0717,1.0000,0.0000,4,88.04,-1.02,-7.65,-0.3977,-0.0352,6799.91,0.0,80.85,80.41,80.78,80.78,11.4634,23.3401,32.3559,41.5857,48.3194,52.0016,54.0452,55.8763,57.2077,58.558,59.9339,61.4128,63.7311,66.8651,75.7025,130.947,20.8592,12.3726,5.30055
57.106,-0.1105,1.0000,0.0000,4,88.62,-1.00,-7.68,-0.3958,-0.0344,6850.89,0.0,81.07,81.23,81.38,81.38,11.4563,23.3324,32.2531,41.3839,48.0522,51.7022,53.7288,55.5454,56.8667,58.2069,59.5772,61.056,63.3756,66.516,75.4288,130.314,20.8537,12.3794,5.31287
57.124,-0.1352,1.0000,0.0000,4,89.19,-0.94,-7.75,-0.3940,-0.0312,6907.74,0.0,81.32,82.02,82.05,82.05,11.4759,23.4591,32.3642,41.4645,48.1077,51.7438,53.763,55.5727,56.8891,58.2245,59.6149,61.1309,63.5196,66.7818,76.5154,128.763,20.5541,12.2874,5.31056
57.142,-0.1440,1.0000,0.0000,4,89.77,-0.82,-7.84,-0.3924,-0.0261,6969.59,0.0,81.63,82.75,82.79,82.79,11.5179,23.6889,32.6377,41.759,48.407,52.0432,54.0617,55.8707,57.1863,58.5307,59.9791,61.5663,64.0892,67.5941,79.6883,126.453,20.0424,12.1214,5.29598
57.168,-0.1296,1.0000,0.0000,4,90.35,-0.66,-7.95,-0.3911,-0.0198,7033.69,0.0,82.01,83.42,83.55,83.55,11.577,23.9899,33.0219,42.1976,48.8701,52.5155,54.538,56.35,57.6693,59.0722,60.6055,62.2993,65.0261,68.9245,141.193,123.519,19.4142,11.9085,5.27207
57.187,-0.1167,1.0000,0.0000,4,90.94,-0.44,-8.07,-0.3902,-0.0129,7096.72,0.0,82.49,84.04,84.30,84.30,11.6466,24.3238,33.4557,42.6997,49.4046,53.0627,55.091,56.9075,58.2747,59.7661,61.4085,63.2411,66.2473,70.7488,138.807,120.132,18.7638,11.6777,5.24258
57.206,-0.1050,1.0000,0.0000,4,91.53,-0.22,-8.19,-0.3897,-0.0061,7156.26,0.0,83.03,84.60,85.01,85.01,11.7208,24.6589,33.8894,43.2,49.9361,53.6065,55.6404,57.4911,58.9427,60.5369,62.3098,64.3143,67.69,73.1579,136.357,116.413,18.1491,11.4499,5.21062
57.225,-0.0945,1.0000,0.0000,4,92.14,-0.02,-8.33,-0.3895,0.0005,7212.32,0.0,83.60,85.10,85.67,85.67,11.7961,24.976,34.2933,43.6602,50.4214,54.1013,56.1411,58.0815,59.6249,61.3353,63.2587,65.4703,69.3372,76.7556,133.933,112.634,17.5928,11.235,5.17777
57.244,-0.0850,1.0000,0.0000,4,92.75,0.14,-8.46,-0.3897,0.0066,7264.8,0.0,84.21,85.61,86.30,86.30,11.8708,25.2662,34.6542,44.0636,50.8421,54.5277,56.606,58.6539,60.2974,62.1349,64.2313,66.6954,71.2509,139.316,131.58,109.279,17.0967,11.0357,5.14465
57.269,-0.0765,1.0000,0.0000,4,93.37,0.25,-8.58,-0.3903,0.0123,7313.24,0.0,84.83,86.13,86.88,86.88,11.9447,25.5288,34.9714,44.4097,51.1978,54.8857,57.044,59.2051,60.9547,62.9346,65.2313,68.0107,73.6772,137.274,129.305,106.307,16.6523,10.8501,5.11108
57.287,-0.0689,1.0000,0.0000,4,94.00,0.33,-8.68,-0.3913,0.0175,7360.93,0.0,85.45,86.66,87.45,87.45,12.0182,25.765,35.247,44.7017,51.4921,55.1976,57.4543,59.7346,61.5997,63.738,66.2728,69.4693,77.9804,135.312,127.105,103.658,16.2509,10.6758,5.07677
57.306,-0.0620,1.0000,0.0000,4,94.63,0.38,-8.77,-0.3927,0.0224,7407.25,0.0,86.08,87.20,88.00,88.00,12.0911,25.9746,35.4812,44.9403,51.7262,55.4775,57.8343,60.2387,62.2295,64.5473,67.3717,71.1665,137.381,133.431,124.987,101.292,15.8871,10.5115,5.04161
57.324,-0.0558,1.0000,0.0000,4,95.25,0.41,-8.88,-0.3945,0.0268,7475.51,0.0,86.71,87.73,88.78,88.78,12.1633,26.1576,35.6744,45.1263,51.9011,55.7216,58.1804,60.7146,62.8401,65.363,68.5522,73.3481,135.665,131.636,122.955,99.1752,15.5569,10.356,5.0056
57.342,-0.0502,1.0000,0.0000,4,95.88,0.45,-9.00,-0.3966,0.0310,7540.22,0.0,87.31,88.26,89.58,89.58,12.2361,26.3212,35.8383,45.2747,52.034,55.9467,58.5114,61.1851,63.4627,66.2308,69.9233,78.7797,134.002,129.893,120.97,97.234,15.2497,10.2055,4.96825
57.369,-0.0452,1.0000,0.0000,4,96.53,0.47,-9.10,-0.3991,0.0349,7583.4,0.0,87.93,88.82,90.09,90.09,12.3089,26.463,35.9694,45.3817,52.1205,56.1448,58.8177,61.6401,64.0879,67.1537,71.6125,135.795,132.401,128.217,119.049,95.4652,14.9661,10.0605,4.92977
57.387,-0.0407,1.0000,0.0000,4,97.19,0.48,-9.20,-0.4019,0.0384,7621.89,0.0,88.57,89.38,90.55,90.55,12.3808,26.5796,36.0626,45.4408,52.1593,56.303,59.0848,62.0622,64.6977,68.1322,74.0767,134.325,130.884,126.627,117.221,93.8734,14.7081,9.92188,4.89044
57.406,-0.0366,1.0000,0.0000,4,97.85,0.46,-9.28,-0.4051,0.0416,7660.13,0.0,89.21,89.94,91.01,91.01,12.4513,26.6703,36.1175,45.4517,52.1582,56.4157,59.3049,62.4424,65.2862,69.191,135.293,132.939,129.454,125.132,115.496,92.4461,14.4753,9.78952,4.8504
57.424,-0.0329,1.0000,0.0000,4,98.51,0.43,-9.36,-0.4086,0.0444,7700.89,0.0,89.86,90.51,91.49,91.49,12.5209,26.7365,36.1365,45.4174,52.118,56.4821,59.476,62.7775,65.8521,70.4067,134.011,131.634,128.109,123.728,113.877,91.1641,14.265,9.66224,4.80945
57.443,-0.0297,1.0000,0.0000,4,99.18,0.39,-9.43,-0.4124,0.0470,7746.32,0.0,90.51,91.08,92.03,92.03,12.5893,26.7797,36.122,45.3412,52.0395,56.5029,59.5982,63.0677,66.4016,71.9855,132.801,130.405,126.846,122.412,112.363,90.0093,14.0755,9.53937,4.76761
57.469,-0.0267,1.0000,0.0000,4,99.84,0.35,-9.50,-0.4165,0.0492,7796.01,0.0,91.15,91.66,92.61,92.61,12.6571,26.8026,36.0784,45.2287,51.9274,56.4836,59.6776,63.3196,66.9501,133.965,131.655,129.241,125.653,121.174,110.942,88.9586,13.9043,9.4197,4.72477
57.487,-0.0573,1.0000,0.0000,4,100.51,0.31,-9.57,-0.4208,0.0513,7849.66,0.0,91.79,92.25,93.25,93.25,12.7246,26.8079,36.0101,45.0858,51.7868,56.4301,59.7207,63.5414,67.5233,132.883,130.561,128.132,124.519,119.999,109.6,87.9911,13.749,9.30222,4.68093
57.506,-0.1036,1.0000,0.0000,4,101.18,0.22,-9.71,-0.4255,0.0536,7906.65,0.0,92.29,92.79,93.92,93.92,12.7966,26.8277,35.965,44.9735,51.6974,56.4527,59.8692,63.937,68.5111,131.715,129.377,126.929,123.283,118.711,108.087,86.9338,13.5779,9.17444,4.63362
57.525,-0.1502,1.0000,0.0000,4,101.85,0.15,-9.91,-0.4304,0.0567,7970.81,0.0,92.73,93.37,94.68,94.68,12.8783,26.8919,35.9877,44.9489,51.7417,56.6705,60.2881,64.7926,71.0646,130.329,127.964,125.486,121.786,117.128,106.162,85.6363,13.3611,9.02521,4.58051
57.542,-0.1447,1.0000,0.0000,4,102.52,0.11,-10.11,-0.4359,0.0611,8040.56,0.0,93.14,94.02,95.51,95.51,12.9774,27.0299,36.1214,45.0661,52.0124,57.2307,61.2092,66.679,130.893,128.589,126.18,123.651,119.861,115.056,103.679,83.9729,13.0714,8.8465,4.51906
57.568,-0.1302,1.0000,0.0000,4,103.18,0.17,-10.30,-0.4418,0.0667,8110.67,0.0,93.64,94.82,96.34,96.34,13.0939,27.2404,36.3634,45.3218,52.537,58.2142,62.852,131.102,128.841,126.481,124.009,121.404,117.479,112.446,100.729,81.9907,12.7162,8.64185,4.44954
57.587,-0.1172,1.0000,0.0000,4,103.85,0.30,-10.44,-0.4482,0.0732,8179.82,0.0,94.21,95.65,97.17,97.17,13.2231,27.5025,36.6821,45.6746,53.299,59.6748,65.7181,128.835,126.512,124.082,121.526,118.82,114.709,109.345,97.5434,23.4216,12.3221,8.42056,4.37353
57.606,-0.1055,1.0000,0.0000,4,104.42,0.52,-10.69,-0.4552,0.0803,8383.54,0.0,94.79,96.40,99.44,99.44,13.3615,27.7999,37.0518,46.0993,54.2997,61.8005,129.552,126.365,123.967,121.448,118.787,115.951,111.593,105.747,94.2919,21.3067,11.9092,8.18967,4.2921
57.624,-0.0950,1.0000,0.0000,4,105.01,0.89,-10.96,-0.4627,0.0884,8597.97,0.0,95.21,97.06,102.09,102.09,13.5148,28.1578,37.5102,46.6916,55.7179,65.7838,126.864,123.561,121.064,118.428,115.623,112.604,107.875,101.499,90.8595,19.5423,11.4645,7.94361,4.2044
57.642,-0.0855,1.0000,0.0000,4,105.71,1.30,-11.15,-0.4707,0.0971,8689.31,0.0,95.74,97.74,103.22,103.22,13.6779,28.5547,38.0246,47.4388,57.656,127.611,123.933,120.487,117.864,115.076,112.078,108.801,103.496,97.2584,87.4256,18.0496,11.0118,7.69166,4.11232
57.669,-0.0769,1.0000,0.0000,4,106.46,1.70,-11.29,-0.4792,0.1059,8724.24,0.0,96.38,98.41,103.67,103.67,13.8438,28.9602,38.5499,48.302,60.3317,124.701,120.869,117.254,114.479,111.497,108.241,104.593,99.0102,93.2721,84.171,16.8031,10.5737,7.44306,4.01736
57.687,-0.0692,1.0000,0.0000,4,107.24,2.02,-11.40,-0.4883,0.1144,8721.66,0.0,97.09,99.07,103.65,103.65,14.0071,29.3503,39.0499,49.2465,64.8277,121.772,117.77,113.958,110.998,107.772,104.165,100.16,94.959,89.6543,81.1934,15.7637,10.1622,7.20297,3.92022
57.706,-0.0623,1.0000,0.0000,4,108.03,2.23,-11.49,-0.4980,0.1223,8706.45,0.0,97.86,99.71,103.47,103.47,14.1624,29.7018,39.4912,50.23,125.927,118.918,114.732,110.698,107.521,103.984,100.018,96.2368,91.4102,86.4699,78.5518,14.9036,9.78521,6.97556,3.82159
57.725,-0.0561,1.0000,0.0000,4,108.81,2.32,-11.56,-0.5085,0.1294,8703.37,0.0,98.66,100.33,103.42,103.42,14.3059,29.9984,39.8502,51.2106,123.466,116.218,111.841,107.565,104.132,100.242,96.4232,92.8915,88.3715,83.7302,76.2341,14.1935,9.44429,6.76198,3.72138
57.742,-0.0505,1.0000,0.0000,4,109.57,2.31,-11.64,-0.5197,0.1356,8724.08,0.0,99.46,100.93,103.65,103.65,14.4363,30.235,40.12,52.1679,121.188,113.709,109.137,104.599,100.869,96.9806,93.3875,90.0576,85.7864,81.3895,74.0887,13.6026,9.13638,6.56152,3.62013
57.769,-0.0454,1.0000,0.0000,4,110.32,2.25,-11.79,-0.5316,0.1408,8768.76,0.0,100.20,101.43,104.17,104.17,14.553,30.4109,40.3006,53.0867,119.103,111.407,106.642,101.828,97.9261,94.2403,90.8287,87.662,83.5924,79.3948,72.117,13.1063,8.85723,6.37278,3.51994
57.787,-0.0409,1.0000,0.0000,4,111.07,2.18,-12.07,-0.5442,0.1447,8837.93,0.0,100.78,101.86,104.98,104.98,14.6472,30.4936,40.3464,53.8144,117.355,109.488,104.564,99.5027,95.6734,92.1347,88.8552,85.8074,81.8857,77.8343,70.5156,12.7292,8.61971,6.20252,3.42304
57.806,-0.0368,1.0000,0.0000,4,111.81,2.02,-12.36,-0.5572,0.1475,8917.65,0.0,101.52,102.40,105.93,105.93,14.7228,30.5015,40.2945,54.3614,115.884,107.892,102.844,97.6326,93.9234,90.4924,87.3096,84.3494,80.5366,76.5941,69.2419,12.4379,8.41318,6.04623,3.32872
57.824,-0.0331,1.0000,0.0000,4,112.56,1.81,-12.60,-0.5706,0.1445,8993.17,0.0,102.41,103.10,106.83,106.83,14.7901,30.4779,40.2103,54.8855,114.519,106.418,101.257,95.9831,92.3754,89.0354,85.9351,83.0493,79.3302,75.4808,68.1004,12.1781,8.21783,5.89485,3.23531
57.842,-0.0298,1.0000,0.0000,4,113.32,1.62,-12.78,-0.5839,0.1413,9058.07,0.0,103.27,103.89,107.61,107.61,14.8563,30.4535,40.1402,55.5619,113.128,104.906,99.618,94.3372,90.8292,87.5795,84.5603,81.7483,78.1214,74.3643,66.9352,11.9146,8.02102,5.74296,3.1421
57.869,-0.0268,1.0000,0.0000,4,113.85,1.53,-13.15,-0.5972,0.1384,9438.6,0.0,103.96,104.61,111.90,111.90,14.9246,30.4414,40.1061,56.5518,111.65,103.283,97.8326,92.6144,89.2107,86.0547,83.1204,80.3854,76.8552,73.195,65.6761,11.6333,7.81771,5.58831,3.04878
57.887,-0.0241,1.0000,0.0000,5,114.47,1.61,-13.46,-0.6102,0.1364,9728.8,0.0,104.39,105.25,115.51,115.51,15.0069,30.4903,40.1932,58.6373,109.854,101.253,95.5521,90.5207,87.247,84.2079,81.3796,78.7409,75.3309,71.7861,20.4945,11.2828,7.58941,5.42297,2.9543
57.906,-0.0217,1.0000,0.0000,5,115.19,1.71,-13.64,-0.6230,0.1348,8745.77,0.0,104.98,105.96,106.44,106.78,15.0944,30.5647,40.3532,121.679,107.881,98.9728,93.1113,88.2983,85.162,82.2468,79.5303,76.9934,73.7108,70.2423,18.8808,10.9068,7.35212,5.25415,2.85996
57.925,-0.0195,1.0000,0.0000,5,115.47,1.55,-13.74,-0.6357,0.1324,8754.47,0.0,105.57,106.36,101.68,102.44,15.1672,30.584,40.4479,120.125,106.118,96.9301,91.0685,86.4299,83.4034,80.5876,77.961,75.506,72.3269,68.8828,18.0385,10.5892,7.1367,5.09563,2.76799
57.944,-0.0176,1.0000,0.0000,5,115.46,1.26,-13.78,-0.6484,0.1289,7707.71,0.0,105.79,106.31,101.72,102.17,15.2207,30.5313,40.4364,118.824,104.677,95.2872,89.5051,84.9901,82.0416,79.2966,76.735,74.3391,71.2347,67.8012,17.7286,10.3423,6.94811,4.94947,2.67876
57.969,-0.0158,1.0000,0.0000,5,115.81,0.98,-13.75,-0.6609,0.1248,7995.23,0.0,106.00,106.37,105.70,105.70,15.2625,30.4374,40.3671,117.667,103.423,93.8784,88.2026,83.7836,80.896,78.2067,75.6958,73.3466,70.3012,66.8806,17.7139,10.1342,6.77421,4.81032,2.5914
57.987,-0.0143,1.0000,0.0000,5,116.40,0.77,-13.71,-0.6733,0.1203,8049.12,0.0,106.51,106.82,106.44,106.44,15.2986,30.3265,40.2834,116.557,102.23,92.5569,86.9945,82.6608,79.8276,77.188,74.7229,72.4156,69.4235,66.0168,17.8895,9.94062,6.60589,4.67412,2.50526
58.006,-0.0128,1.0000,0.0000,5,117.01,0.60,-13.67,-0.6854,0.1157,8088.03,0.0,107.08,107.35,106.96,106.96,15.3288,30.201,40.1898,115.481,101.082,91.3153,85.8558,81.5998,78.8164,76.2222,73.7988,71.5299,68.5867,65.1965,18.4238,9.76266,6.44428,4.54188,2.42109
58.024,-0.0115,1.0000,0.0000,5,117.61,0.46,-13.67,-0.6972,0.1108,8144.17,0.0,107.64,107.88,107.68,107.68,15.3534,30.0624,40.0885,114.436,99.9748,90.1416,84.7759,80.5913,77.8534,75.301,72.9159,70.6828,67.7847,64.4145,56.2608,9.60021,6.28933,4.41373,2.33905
58.044,-0.0104,1.0000,0.0000,5,118.21,0.36,-13.71,-0.7086,0.1059,8198.71,0.0,108.19,108.40,108.42,108.42,15.3728,29.9139,39.986,113.407,98.8886,89.0083,83.731,79.6135,76.9187,74.4059,72.0574,69.8578,67.0029,63.6551,55.597,9.45295,6.1414,4.29013,2.25959
58.069,-0.0094,1.0000,0.0000,5,118.82,0.29,-13.77,-0.7196,0.1008,8242.9,0.0,108.76,108.95,109.00,109.00,15.387,29.7559,39.883,112.392,97.8219,87.9109,82.7172,78.6633,76.0097,73.5343,71.2204,69.0527,66.2387,62.9163,54.9651,9.32215,6.00093,4.17141,2.18294
58.087,-0.0084,1.0000,0.0000,5,119.44,0.22,-13.82,-0.7302,0.0955,8285.27,0.0,109.33,109.50,109.56,109.56,15.3957,29.5878,39.7781,111.393,96.7774,86.8511,81.736,77.742,75.1268,72.687,70.406,68.2688,65.4929,62.2,54.367,9.21158,5.86934,4.05846,2.10947
58.106,-0.0076,1.0000,0.0000,5,120.06,0.17,-13.89,-0.7403,0.0902,8327.54,0.0,109.91,110.05,110.12,110.12,15.399,29.4104,39.6741,110.406,95.7509,85.8211,80.7806,76.8438,74.2653,71.8594,69.6098,67.5017,64.7622,61.5016,53.7949,9.12325,5.74723,3.95156,2.03935
58.125,-0.0068,1.0000,0.0000,5,120.69,0.12,-13.95,-0.7499,0.0847,8370.61,0.0,110.48,110.61,110.69,110.69,15.3971,29.2257,39.5752,109.424,94.7313,84.808,79.8395,75.9581,73.4152,71.0421,68.8231,66.7434,64.0389,60.813,53.2372,9.05783,5.63476,3.85097,1.97281
58.142,-0.0061,1.0000,0.0000,5,121.32,0.09,-14.01,-0.7590,0.0792,8413.38,0.0,111.07,111.19,111.26,111.26,15.3903,29.0344,39.4842,108.443,93.714,83.8053,78.9073,75.0798,72.5719,70.2312,68.0419,65.9899,63.3202,60.1301,52.6873,9.01858,5.53276,3.75718,1.91001
58.169,-0.0055,1.0000,0.0000,5,121.94,0.06,-14.05,-0.7675,0.0736,8456.23,0.0,111.65,111.76,111.83,111.83,15.3784,28.8412,39.4008,107.465,92.7012,82.8149,77.9852,74.2106,71.7368,69.4276,67.2675,65.2427,62.6069,59.4546,52.1474,9.00956,5.442,3.67046,1.85109
58.187,-0.0050,1.0000,0.0000,5,122.58,0.04,-14.09,-0.7755,0.0680,8501.76,0.0,112.24,112.34,112.43,112.43,15.3614,28.6499,39.3269,106.486,91.6891,81.8324,77.0703,73.3472,70.9069,68.6287,66.4974,64.4992,61.897,58.7834,51.6132,9.03699,5.3639,3.59167,1.79641
58.206,-0.0045,1.0000,0.0000,5,123.21,0.02,-14.12,-0.7828,0.0623,8546.5,0.0,112.83,112.92,113.02,113.02,15.3393,28.4603,39.2626,105.51,90.6816,80.8615,76.1649,72.4922,70.0847,67.8368,65.7335,63.7617,61.1925,58.119,51.0875,9.10774,5.29948,3.52115,1.74599
58.224,-0.0040,1.0000,0.0000,5,123.84,0.01,-14.15,-0.7896,0.0564,8589.88,0.0,113.42,113.50,113.59,113.59,15.3116,28.2711,39.2066,104.539,89.6841,79.9076,75.274,71.65,69.2742,67.0558,64.9797,63.0333,60.4964,57.4649,50.5743,9.23518,5.25107,3.45999,1.70023
58.244,-0.0036,1.0000,0.0000,5,124.48,-0.01,-14.17,-0.7958,0.0506,8633.26,0.0,114.01,114.08,114.17,114.17,15.2785,28.0836,39.1624,103.572,88.6914,78.9639,74.392,70.8157,68.4708,66.2812,64.2319,62.3102,59.8056,56.8168,50.0683,9.43184,5.21968,3.40857,1.65928
58.269,-0.0033,1.0000,0.0000,5,125.13,-0.02,-14.17,-0.8013,0.0446,8676.42,0.0,114.60,114.67,114.74,114.74,15.2404,27.8993,39.1357,102.601,87.6942,78.0216,73.511,69.982,67.6679,65.5067,63.4839,61.5868,59.1143,56.1691,49.5607,9.71562,5.20632,3.3672,1.62316
58.287,-0.0029,1.0000,0.0000,5,125.77,-0.03,-14.18,-0.8061,0.0386,8720.67,0.0,115.19,115.26,115.32,115.32,15.1972,27.7177,39.1258,101.628,86.6977,77.085,72.6345,69.1522,66.8683,64.7351,62.7386,60.866,58.4253,55.5243,49.0556,10.1244,5.21339,3.33691,1.59222
58.305,-0.0026,1.0000,0.0000,5,126.42,-0.04,-14.19,-0.8103,0.0326,8765.7,0.0,115.78,115.84,115.92,115.92,15.1486,27.5391,39.1363,100.656,85.7017,76.1541,71.7628,68.3264,66.0724,63.9669,61.9962,60.1477,57.7386,54.8822,48.5527,10.7234,5.24359,3.31861,1.56669
58.325,-0.0024,1.0000,0.0000,5,127.06,-0.04,-14.20,-0.8138,0.0265,8811.87,0.0,116.38,116.43,116.53,116.53,15.095,27.3645,39.1738,99.6778,84.7001,75.2229,70.8905,67.4996,65.2754,63.1977,61.2528,59.4283,57.0506,54.2391,48.0466,11.6644,5.29906,3.31287,1.54669
58.344,-0.0021,1.0000,0.0000,5,127.72,-0.05,-14.21,-0.8166,0.0203,8849.59,0.0,116.98,117.02,117.03,117.03,15.036,27.1934,39.2387,98.6994,83.6989,74.2967,70.0224,66.6767,64.4818,62.4313,60.5117,58.7111,56.3647,53.5985,47.5424,13.6609,5.38346,3.32084,1.53249
58.369,-0.0019,1.0000,0.0000,5,128.37,-0.05,-14.21,-0.8187,0.0141,8894.93,0.0,117.58,117.62,117.63,117.63,14.9717,27.0253,39.3335,97.7221,82.7008,73.3781,69.1606,65.8589,63.693,61.6693,59.7747,57.9975,55.6822,52.9619,47.0411,29.0709,5.50107,3.34361,1.52426
58.387,-0.0017,1.0000,0.0000,5,129.02,-0.06,-14.23,-0.8201,0.0078,8944.52,0.0,118.17,118.21,118.28,118.28,14.9021,26.8616,39.4714,96.7411,81.6987,72.4603,68.2994,65.0416,62.9041,60.9073,59.0375,57.2835,54.999,52.3247,46.5376,29.7787,5.65622,3.38223,1.52227
58.406,-0.0016,1.0000,0.0000,5,129.67,-0.07,-14.23,-0.8207,0.0015,8995.88,0.0,118.79,118.83,118.96,118.96,14.8275,26.7034,39.664,95.7539,80.6895,71.5404,67.4358,64.2219,62.1132,60.143,58.2981,56.5673,54.3136,51.6854,46.0298,30.2602,5.85485,3.43794,1.52675
58.425,-0.0014,1.0000,0.0000,5,130.33,-0.07,-14.23,-0.8206,-0.0048,9045.8,0.0,119.39,119.43,119.62,119.62,14.7478,26.5514,39.9249,94.7602,79.6722,70.6178,66.5697,63.3996,61.3196,59.376,57.5561,55.8485,53.6257,51.0432,45.5171,30.5911,6.10421,3.512,1.53786
58.444,-0.0013,1.0000,0.0000,5,130.99,-0.07,-14.23,-0.8196,-0.0112,9094.64,0.0,119.99,120.02,120.27,120.27,14.6626,26.4042,40.2718,93.7656,78.655,69.6998,65.7073,62.5806,60.5287,58.6116,56.8163,55.1317,52.9394,50.4029,45.0052,30.8212,6.41611,3.60663,1.55602
58.469,-0.0011,1.0000,0.0000,5,131.65,-0.07,-14.25,-0.8179,-0.0177,9143.03,0.0,120.60,120.62,120.91,120.91,14.572,26.2621,40.7429,92.7709,77.639,68.787,64.8491,61.7652,59.7413,57.8502,56.079,54.4173,52.255,49.7647,44.4941,30.977,6.8044,3.72354,1.58144
58.487,-0.0010,1.0000,0.0000,5,132.34,-0.08,-14.25,-0.8155,-0.0242,9173.59,0.0,121.21,121.23,121.33,121.33,14.4761,26.1264,41.4113,91.7715,76.6179,67.8737,63.9904,60.9489,58.9528,57.0874,55.3407,53.7016,51.5693,49.1251,43.9797,31.0692,7.28867,3.86475,1.61435
58.505,-0.0009,1.0000,0.0000,5,133.01,-0.08,-14.24,-0.8121,-0.0308,9212.7,0.0,121.83,121.85,121.83,121.83,14.3751,25.9986,42.4977,90.7644,75.5867,66.9565,63.1278,60.1291,58.1609,56.3216,54.599,52.9827,50.8803,48.4817,43.4598,31.1037,7.89881,4.03258,1.65506
58.525,-0.0008,1.0000,0.0000,5,133.68,-0.08,-14.24,-0.8080,-0.0373,9262.81,0.0,122.44,122.47,122.49,122.49,14.2689,25.8796,108.287,89.7492,74.5451,66.035,62.2613,59.3052,57.3651,55.5517,53.8537,52.2602,50.1876,47.8348,42.9339,31.089,8.68439,4.22979,1.70386
58.544,-0.0007,1.0000,0.0000,5,134.34,-0.08,-14.22,-0.8031,-0.0439,9319.2,0.0,123.08,123.10,123.23,123.23,14.1575,25.7695,107.263,88.7272,73.4962,65.1107,61.3918,58.4786,56.5665,54.7795,53.1058,51.5351,49.4923,47.1846,42.4034,31.0339,9.74042,4.45976,1.76106
58.569,-0.0007,1.0000,0.0000,5,135.01,-0.09,-14.20,-0.7972,-0.0506,9374.99,0.0,123.69,123.72,123.97,123.97,14.0408,25.6687,106.233,87.6996,72.4464,64.1852,60.5212,57.6507,55.7665,54.0055,52.3563,50.8085,48.7954,46.5326,41.869,30.9454,11.2769,4.72658,1.82701
58.588,-0.0006,1.0000,0.0000,5,135.69,-0.09,-14.19,-0.7906,-0.0573,9427.72,0.0,124.31,124.33,124.67,124.67,13.9188,25.5774,105.198,86.6667,71.3967,63.2593,59.6497,56.822,54.9656,53.2306,51.6056,50.0807,48.0972,45.879,41.3313,30.8284,12.729,5.03515,1.90211
58.605,-0.0005,1.0000,0.0000,5,136.36,-0.09,-14.20,-0.7830,-0.0640,9477.1,0.0,124.92,124.94,125.33,125.33,13.7913,25.4972,104.156,85.6286,70.3466,62.3324,58.7772,55.9918,54.1634,52.4545,50.8538,49.3516,47.3976,45.2236,40.7896,30.6836,13.8297,5.39135,1.9867
58.625,-0.0005,1.0000,0.0000,5,137.07,-0.10,-14.18,-0.7746,-0.0708,9495.69,0.0,125.54,125.57,125.60,125.60,13.6587,25.4296,103.109,84.5842,69.2948,61.4036,57.9028,55.1597,53.3592,51.6762,50.0998,48.6203,46.6958,44.5654,40.2435,30.5128,14.6979,5.80188,2.08106
58.642,-0.0004,1.0000,0.0000,5,137.76,-0.09,-14.13,-0.7653,-0.0776,9528.14,0.0,126.18,126.20,126.00,126.00,13.521,25.3754,102.054,83.5324,68.2401,60.4719,57.0255,54.3251,52.5522,50.8951,49.3431,47.8864,45.9916,43.9044,39.6924,30.3182,15.4021,6.27629,2.18565
58.669,-0.0004,1.0000,0.0000,5,138.44,-0.10,-14.11,-0.7550,-0.0844,9577.53,0.0,126.81,126.83,126.65,126.65,13.3842,25.3347,100.994,82.4764,67.1869,59.5408,56.1484,53.4902,51.7451,50.1139,48.5861,47.1521,45.2867,43.2422,39.1386,30.1047,15.9798,6.82751,2.30115
58.688,-0.0004,1.0000,0.0000,5,139.10,-0.10,-14.06,-0.7438,-0.0913,9635.49,0.0,127.46,127.47,127.42,127.42,13.2509,25.3097,99.9286,81.4151,66.1338,58.6094,55.2708,52.6547,50.9372,49.3317,47.828,46.4167,44.5807,42.5785,38.5815,29.8733,16.4578,7.42827,2.42787
58.705,-0.0003,1.0000,0.0000,5,139.76,-0.10,-14.00,-0.7317,-0.0982,9690.95,0.0,128.07,128.09,128.15,128.15,13.121,25.302,98.8599,80.3516,65.0843,57.6802,54.3948,51.8205,50.1304,48.5505,47.0708,45.682,43.8752,41.9143,38.0224,29.6268,16.8542,7.97579,2.56627
58.725,-0.0003,1.0000,0.0000,5,140.42,-0.11,-13.97,-0.7186,-0.1052,9741.66,0.0,128.68,128.69,128.83,128.83,12.9947,25.3131,97.7881,79.2859,64.0388,56.7536,53.5209,50.988,49.3249,47.7705,46.3145,44.9478,43.1702,41.2501,37.4618,29.3651,17.1806,8.47111,2.71695
58.744,-0.0003,1.0000,0.0000,5,141.09,-0.12,-13.96,-0.7046,-0.1122,9789.18,0.0,129.28,129.29,129.46,129.46,12.8722,25.345,96.7122,78.2168,62.9956,55.8281,52.6478,50.1558,48.5197,46.9906,45.5582,44.2138,42.4649,40.585,36.8985,29.0884,17.448,8.9178,2.88036
58.768,-0.0002,1.0000,0.0000,5,141.80,-0.13,-13.87,-0.6895,-0.1193,9788.03,0.0,129.91,129.91,129.46,129.46,12.7537,25.4012,95.6316,77.1438,61.954,54.9035,51.7751,49.3238,47.7147,46.2106,44.8017,43.4794,41.7593,39.9185,36.3326,28.7975,17.6642,9.32026,3.05725
58.788,-0.0002,1.0000,0.0000,5,142.48,-0.13,-13.78,-0.6735,-0.1264,9822.71,0.0,130.53,130.55,129.90,129.90,12.6402,25.4922,94.5336,76.0497,60.8927,53.9627,50.8879,48.4787,46.8971,45.4186,44.0339,42.7343,41.0435,39.2415,35.7539,28.4836,17.8256,9.67959,3.24763
58.805,-0.0002,1.0000,0.0000,5,143.14,-0.12,-13.71,-0.6565,-0.1334,9875.0,0.0,131.13,131.16,130.58,130.58,12.5315,25.6202,93.4221,74.9402,59.8194,53.0122,49.9919,47.6254,46.0717,44.6194,43.259,41.9824,40.3216,38.5576,35.1666,28.1517,17.9419,9.99905,3.43727
58.825,-0.0002,1.0000,0.0000,5,143.78,-0.13,-13.74,-0.6385,-0.1405,9939.3,0.0,131.71,131.71,131.43,131.43,12.4276,25.7889,92.3017,73.821,58.742,52.0579,49.0922,46.7684,45.2428,43.8167,42.4809,41.2273,39.5966,37.8699,34.5743,27.8062,18.0203,10.2823,3.6181
58.844,0.0224,1.0000,0.0000,5,144.43,-0.13,-13.85,-0.6195,-0.1476,10002.4,0.0,132.29,132.27,132.27,132.27,12.329,26.0105,91.1705,72.6892,57.6571,51.0975,48.1869,45.9061,44.4087,43.0092,41.6982,40.4678,38.8672,37.1774,33.9754,27.4464,18.0622,10.5317,3.79015
58.869,0.0602,1.0000,0.0000,5,145.08,-0.09,-13.99,-0.6000,-0.1441,10060.1,0.0,132.91,132.81,133.03,133.03,12.2313,26.2483,90.1094,71.6509,56.6861,50.2253,47.3594,45.1142,43.6404,42.263,40.9728,39.7621,38.1871,36.5307,33.4231,27.1241,18.1074,10.7665,3.95585
58.887,0.0893,1.0000,0.0000,5,145.73,-0.07,-14.14,-0.5810,-0.1404,10120.3,0.0,133.62,133.25,133.81,133.81,12.1252,26.4067,89.2772,70.9144,56.0603,49.6223,46.7705,44.5379,43.0732,41.7048,40.4238,39.222,37.6593,36.0238,33.0132,26.9314,18.2278,11.0232,4.1205
58.905,0.1084,1.0000,0.0000,5,146.31,-0.19,-14.37,-0.5624,-0.1386,10237.7,0.0,134.41,133.59,135.37,135.37,12.002,26.3827,88.8109,70.6534,55.9902,49.4506,46.5628,44.3059,42.8271,41.4469,40.1559,38.9457,37.3735,35.7317,32.8167,26.9384,18.4807,11.3356,4.29008
58.924,0.1034,1.0000,0.0000,5,146.94,-0.50,-14.55,-0.5440,-0.1390,10293.8,0.0,135.22,133.90,136.13,136.13,11.8589,26.1207,88.7503,70.9062,56.5864,49.79,46.8047,44.4782,42.9571,41.5395,40.2156,38.9762,37.3689,35.693,32.8406,27.1556,18.8792,11.7182,4.4683
58.944,0.0930,1.0000,0.0000,5,147.59,-0.98,-14.69,-0.5257,-0.1406,10326.6,0.0,136.00,134.31,136.57,136.57,11.7038,25.709,88.9392,71.4576,57.692,50.5097,47.377,44.9449,43.3592,41.8844,40.5099,39.2256,37.5629,35.8337,32.9806,27.4843,19.3579,12.1428,4.6525
58.969,0.0837,1.0000,0.0000,5,148.25,-1.47,-14.80,-0.5076,-0.1425,10354.1,0.0,136.67,134.83,136.95,136.95,11.5469,25.2699,89.1876,72.0609,58.9551,51.4135,48.1041,45.5462,43.8834,42.3408,40.9061,39.5683,37.8406,36.0483,33.1243,27.8085,19.838,12.5726,4.83779
58.987,0.0754,1.0000,0.0000,5,148.91,-1.85,-14.83,-0.4895,-0.1441,10363.0,0.0,137.27,135.44,137.07,137.07,11.3948,24.8856,89.3652,72.5573,59.9854,52.3363,48.8403,46.1504,44.4073,42.7944,41.2974,39.9047,38.1103,36.2535,33.2355,28.0583,20.259,12.9759,5.02027
59.005,0.0678,1.0000,0.0000,5,149.57,-2.10,-14.84,-0.4715,-0.1451,10387.7,0.0,137.80,136.11,137.38,137.38,11.2508,24.5956,89.4099,72.8767,60.7268,53.1713,49.4928,46.675,44.8548,43.1745,41.6185,40.1737,38.3166,36.4001,33.2953,28.2049,20.5954,13.3353,5.19763
59.025,0.0610,1.0000,0.0000,5,150.21,-2.22,-14.87,-0.4534,-0.1449,10423.1,0.0,138.30,136.78,137.85,137.85,11.1162,24.4219,89.2951,72.9944,61.1778,53.8466,50.0009,47.067,45.1777,43.4373,41.8292,40.3389,38.427,36.4588,33.2806,28.2352,20.8373,13.6436,5.36797
59.044,0.0549,1.0000,0.0000,5,150.84,-2.25,-14.90,-0.4355,-0.1437,10464.1,0.0,138.79,137.45,138.39,138.39,10.9912,24.3724,89.0288,72.9249,61.3766,54.3348,50.3471,47.3129,45.3641,43.5727,41.9205,40.392,38.435,36.4246,33.1877,28.1597,20.9862,13.8979,5.53033
59.068,0.0494,1.0000,0.0000,5,151.49,-2.18,-14.92,-0.4176,-0.1417,10493.0,0.0,139.31,138.13,138.77,138.77,10.8751,24.4564,88.628,72.6926,61.3651,54.5703,50.534,47.4156,45.4177,43.5847,41.8968,40.3378,38.3452,36.3023,33.0214,27.9945,21.0537,14.1012,5.68461
59.088,0.0445,1.0000,0.0000,6,152.12,-2.08,-14.95,-0.3999,-0.1391,10540.0,0.0,139.83,138.81,139.38,139.38,10.7664,24.6913,88.1234,72.3363,61.1978,54.6014,50.5927,47.4038,45.3655,43.4985,41.782,40.1989,38.1786,36.111,32.7982,27.7613,21.0571,14.2621,5.83105
59.105,0.0401,1.0000,0.0000,6,152.42,-1.92,-15.02,-0.3825,-0.1357,9661.6,0.0,140.28,139.38,135.19,134.36,10.6655,25.1546,87.5285,71.8733,60.8993,54.467,50.5316,47.2858,45.2153,43.3219,41.5836,39.9823,37.9418,35.857,32.5236,27.4736,21.0027,14.3822,5.96866
59.125,0.0360,1.0000,0.0000,6,152.33,-1.73,-15.10,-0.3653,-0.1316,9666.17,0.0,140.30,139.55,134.72,133.98,10.5721,25.9114,86.8679,71.333,60.5061,54.2154,50.3799,47.088,44.9921,43.0782,41.3233,39.7088,37.654,35.5577,32.2122,27.1593,20.9012,14.4663,6.09773
59.144,0.0324,1.0000,0.0000,6,152.23,-1.54,-15.10,-0.3486,-0.1274,9307.67,0.0,140.20,139.52,134.64,133.98,10.4847,26.688,86.1761,70.7561,60.0678,53.9063,50.1847,46.8583,44.7398,42.8076,41.0384,39.4126,37.3459,35.2406,31.8871,26.8365,20.7693,14.5242,6.21921
59.169,0.0292,1.0000,0.0000,6,152.53,-1.42,-15.09,-0.3324,-0.1231,9627.45,0.0,140.25,139.58,138.85,138.85,10.4029,27.4242,85.4683,70.1604,59.6056,53.5657,49.9496,46.6184,44.4778,42.5283,40.7455,39.109,37.0315,34.918,31.5579,26.5117,20.6141,14.5605,6.33285
59.188,0.0263,1.0000,0.0000,6,153.08,-1.35,-15.12,-0.3166,-0.1182,9690.24,0.0,140.67,140.00,139.80,139.80,10.3282,28.143,84.7299,69.5298,59.1022,53.1751,49.6542,46.3461,44.1861,42.2216,40.4274,38.7821,36.6961,34.5769,31.2139,26.1772,20.4316,14.5705,6.43763
59.205,0.0237,1.0000,0.0000,6,153.66,-1.30,-15.19,-0.3015,-0.1128,9726.49,0.0,141.14,140.52,140.34,140.34,10.2632,28.8744,83.9415,68.8428,58.5331,52.7085,49.2715,46.0083,43.8346,41.8601,40.0587,38.4088,36.3193,34.1992,30.8402,25.8225,20.2136,14.5492,6.53216
59.225,0.0213,1.0000,0.0000,6,154.25,-1.21,-15.22,-0.2870,-0.1070,9743.79,0.0,141.65,141.09,140.58,140.58,10.2091,29.6413,83.0889,68.0833,57.8818,52.1486,48.7846,45.5789,43.3999,41.4228,39.6208,37.9719,35.8856,33.7712,30.4261,25.4404,19.9567,14.4951,6.61533
59.244,0.0192,1.0000,0.0000,6,154.84,-1.10,-15.26,-0.2733,-0.1007,9776.43,0.0,142.14,141.66,141.05,141.05,10.1664,30.4483,82.1723,67.2525,57.1502,51.4994,48.1996,45.0567,42.8811,40.909,39.113,37.4709,35.395,33.2931,29.972,25.0313,19.6639,14.41,6.68628
59.269,0.0172,1.0000,0.0000,6,155.41,-0.99,-15.34,-0.2603,-0.0935,9816.13,0.0,142.63,142.22,141.62,141.62,10.1369,31.2938,81.198,66.3582,56.3481,50.7724,47.5298,44.4501,42.286,40.3258,38.542,36.912,34.853,32.77,29.4818,24.5978,19.3396,14.2953,6.74477
59.288,0.0155,1.0000,0.0000,6,155.98,-0.89,-15.45,-0.2482,-0.0859,9852.91,0.0,143.12,142.76,142.17,142.17,10.1212,32.168,80.1771,65.4133,55.4906,49.9852,46.7953,43.7768,41.6308,39.6881,37.9214,36.308,34.271,32.2116,28.9637,24.1457,18.9893,14.153,6.79133
59.306,0.0140,1.0000,0.0000,6,156.57,-0.77,-15.49,-0.2371,-0.0781,9875.25,0.0,143.65,143.34,142.48,142.48,10.1195,33.0609,79.1207,64.4305,54.5924,49.1541,46.0138,43.0536,40.9314,39.0105,37.2646,35.6709,33.6597,31.6276,28.4252,23.6802,18.6176,13.9869,6.82572
59.325,0.0126,1.0000,0.0000,6,157.14,-0.68,-15.53,-0.2271,-0.0700,9914.02,0.0,144.17,143.90,143.03,143.03,10.1324,33.9589,78.0401,63.4228,53.6682,48.2961,45.2043,42.3002,40.2058,38.3092,36.5862,35.0142,33.0313,31.0288,27.8751,23.2071,18.2332,13.8005,6.84782
59.344,0.0113,1.0000,0.0000,6,157.71,-0.60,-15.61,-0.2181,-0.0610,9957.94,0.0,144.68,144.43,143.66,143.66,10.163,34.8624,76.9375,62.3925,52.7211,47.4139,44.3693,41.5194,39.456,37.5862,35.8881,34.3394,32.3869,30.4161,27.314,22.7267,17.8445,13.5946,6.85733
59.369,0.0185,1.0000,0.0000,6,158.29,-0.53,-15.68,-0.2104,-0.0517,9984.31,0.0,145.19,144.96,144.07,144.07,10.2123,35.7724,75.8131,61.3402,51.7515,46.5087,43.5105,40.7133,38.6834,36.8425,35.1714,33.6477,31.7276,29.7901,26.7425,22.2395,17.452,13.3693,6.85454
59.388,0.0605,1.0000,0.0000,6,158.87,-0.44,-15.64,-0.2039,-0.0426,10008.0,0.0,145.77,145.51,144.39,144.39,10.2787,36.6312,74.7054,60.3086,50.8067,45.6316,42.6823,39.9403,37.9425,36.1274,34.4808,32.98,31.0896,29.1832,26.1865,21.7632,17.0663,13.1306,6.84072
59.406,0.1052,1.0000,0.0000,6,159.43,-0.33,-15.62,-0.1986,-0.0344,10045.4,0.0,146.40,145.87,144.93,144.93,10.3516,37.1562,73.7941,59.4956,50.103,45.0145,42.1286,39.4595,37.4834,35.6677,34.0223,32.5244,30.6398,28.7416,25.763,21.3774,16.7352,12.9084,6.8232
59.424,0.1497,1.0000,0.0000,6,159.98,-0.39,-15.64,-0.1944,-0.0276,10088.9,0.0,147.10,146.08,145.55,145.55,10.4161,37.0943,73.242,59.0767,49.8283,44.854,42.0522,39.4796,37.5495,35.682,33.9939,32.4607,30.5363,28.6037,25.5817,21.1564,16.5027,12.7273,6.80994
59.444,0.1749,1.0000,0.0000,6,160.53,-0.62,-15.61,-0.1912,-0.0233,10110.5,0.0,147.79,146.22,145.88,145.88,10.4661,36.4413,73.0789,59.079,50.0029,45.1629,42.4583,39.9955,38.1648,36.266,34.4789,32.8621,30.8413,28.8211,25.6808,21.1229,16.3809,12.5891,6.80308
59.469,0.1585,1.0000,0.0000,6,161.05,-1.02,-15.51,-0.1887,-0.0215,10146.2,0.0,148.53,146.38,146.38,146.38,10.5022,35.3139,73.2786,59.468,50.5811,45.8837,43.2795,40.927,39.1938,37.4056,35.5523,33.7914,31.6042,29.4322,26.085,21.2883,16.3739,12.4989,6.80245
59.487,0.1427,1.0000,0.0000,6,161.55,-1.61,-15.44,-0.1869,-0.0201,10193.7,0.0,149.20,146.68,147.06,147.06,10.5385,34.0265,73.6644,60.0477,51.3469,46.7845,44.2725,42.0179,40.3685,38.68,36.9444,35.151,32.7325,30.3499,26.7177,21.5951,16.4445,12.4511,6.80034
59.506,0.1284,1.0000,0.0000,6,162.04,-2.24,-15.42,-0.1859,-0.0181,10244.6,0.0,149.71,147.09,147.79,147.79,10.5904,32.8204,74.059,60.6263,52.096,47.6531,45.2205,43.048,41.4667,39.8568,38.2137,36.5309,34.0921,31.452,27.4771,21.9707,16.5488,12.4212,6.78972
59.525,0.1156,1.0000,0.0000,6,162.57,-2.67,-15.29,-0.1858,-0.0155,10255.4,0.0,150.15,147.62,147.97,147.97,10.6582,31.8009,74.3478,61.0834,52.7052,48.3658,46.0,43.8954,42.3694,40.8218,39.2498,37.6497,35.3522,32.6322,28.2775,22.3583,16.6541,12.3917,6.76638
59.544,0.1040,1.0000,0.0000,6,163.08,-2.95,-15.15,-0.1864,-0.0121,10288.7,0.0,150.56,148.18,148.44,148.44,10.7245,30.9539,74.5106,61.3994,53.1578,48.9091,46.601,44.5537,43.0739,41.5774,40.0626,38.5271,36.3369,33.7621,29.0947,22.7423,16.7529,12.3594,6.7281
59.569,0.0936,1.0000,0.0000,6,163.58,-3.15,-15.08,-0.1879,-0.0061,10331.4,0.0,150.93,148.74,149.05,149.05,10.7904,30.2607,74.537,61.5659,53.4477,49.2796,47.0223,45.0248,43.5843,42.131,40.6639,39.1813,37.0764,34.6208,29.9044,23.1086,16.8385,12.3213,6.6733
59.587,0.0842,1.0000,0.0000,6,164.10,-3.26,-15.02,-0.1905,0.0012,10357.0,0.0,151.30,149.29,149.47,149.47,10.856,29.6949,74.4323,61.5902,53.5851,49.49,47.278,45.3247,43.9187,42.5031,41.0769,39.6393,37.6054,35.2462,30.6914,23.4509,16.9088,12.2767,6.60216
59.606,0.0758,1.0000,0.0000,6,164.64,-3.14,-14.83,-0.1944,0.0096,10366.6,0.0,151.71,149.95,149.57,149.57,10.9238,29.2612,74.1705,61.4469,53.5459,49.5177,47.3467,45.4334,44.0583,42.676,41.2859,39.8877,37.9151,35.6366,31.2794,23.7404,16.9508,12.2201,6.51434
59.625,0.0682,1.0000,0.0000,6,165.16,-2.98,-14.68,-0.1994,0.0193,10400.3,0.0,152.12,150.54,150.05,150.05,10.9898,28.9075,73.7975,61.1857,53.3833,49.418,47.2854,45.409,44.0625,42.7108,41.3537,39.991,38.0732,35.8659,31.6764,24.0017,16.9789,12.1594,6.42327
59.644,0.0614,1.0000,0.0000,6,165.67,-2.83,-14.61,-0.2061,0.0321,10442.7,0.0,152.53,151.10,150.66,150.66,11.0537,28.6226,73.3289,60.8237,53.1154,49.2099,47.1135,45.272,43.9524,42.6294,41.3029,39.973,38.1055,35.9627,31.9203,24.2376,16.995,12.0956,6.33622
59.668,0.0553,1.0000,0.0000,6,166.22,-2.60,-14.41,-0.2146,0.0455,10445.5,0.0,152.97,151.74,150.73,150.73,11.1157,28.417,72.7697,60.3669,52.7497,48.9017,46.8402,45.0319,43.7379,42.442,41.1444,39.8454,38.0248,35.9415,32.0319,24.4457,16.9991,12.029,6.25316
59.687,0.0497,1.0000,0.0000,6,166.73,-2.27,-13.84,-0.2249,0.0584,10468.5,0.0,153.64,152.26,151.04,151.04,11.1603,28.1594,72.2811,59.9825,52.4564,48.6651,46.6378,44.8618,43.5927,42.3231,41.0533,39.7837,38.0074,35.98,32.1922,24.772,17.0607,11.9935,6.18113
59.706,0.0448,1.0000,0.0000,6,167.24,-2.17,-13.32,-0.2365,0.0605,10502.4,0.0,154.15,152.69,151.52,151.52,11.1887,27.8575,71.8516,59.6581,52.222,48.4863,46.4924,44.7477,43.5022,42.2577,41.0145,39.7729,38.0383,36.063,32.3868,25.2174,17.1798,11.9885,6.11989
59.725,0.0403,1.0000,0.0000,6,167.76,-2.14,-12.94,-0.2474,0.0547,10532.7,0.0,154.54,153.19,152.02,152.02,11.2145,27.6268,71.3473,59.2556,51.9071,48.2252,46.2633,44.5489,43.3262,42.1057,40.8879,39.6729,37.9779,36.0515,32.4788,25.5713,17.2967,11.985,6.0634
59.744,0.0363,1.0000,0.0000,6,168.39,-1.72,-12.18,-0.2574,0.0508,10464.4,0.0,154.85,153.93,150.99,150.99,11.2561,27.6508,70.5671,58.5711,51.3079,47.6793,45.7491,44.0647,42.8647,41.6682,40.4753,39.2869,37.6311,35.753,32.2823,25.6272,17.3133,11.9388,6.00358
59.769,0.0409,1.0000,0.0000,6,168.90,-1.20,-11.50,-0.2666,0.0490,10499.0,0.0,155.11,154.61,151.47,151.47,11.3143,27.9749,69.5126,57.6093,50.432,46.8576,44.96,43.3063,42.1297,40.9575,39.7905,38.6292,37.0139,35.1854,31.8186,25.417,17.2215,11.8472,5.93993
59.788,0.0769,1.0000,0.0000,6,169.39,-0.84,-11.11,-0.2750,0.0474,10565.5,0.0,155.50,155.10,152.40,152.40,11.371,28.4502,68.4062,56.5972,49.5077,45.9884,44.1238,42.5011,41.3481,40.2007,39.0597,37.9255,36.3505,34.5714,31.307,25.1496,17.1208,11.7549,5.8794
59.806,0.1147,1.0000,0.0000,6,169.84,-0.58,-10.91,-0.2829,0.0445,10645.3,0.0,156.10,155.40,153.56,153.56,11.4051,28.8355,67.4801,55.7686,48.7664,45.3012,43.4686,41.876,40.7455,39.6218,38.5054,37.397,35.8599,34.1267,30.9565,25.0155,17.1235,11.7122,5.83073
59.824,0.1515,1.0000,0.0000,6,170.30,-0.66,-10.74,-0.2901,0.0381,10716.5,0.0,156.90,155.41,154.59,154.59,11.3885,28.6946,67.0193,55.4069,48.4866,45.0701,43.2658,41.6994,40.5885,39.4849,38.3895,37.3026,35.7971,34.1015,31.0061,25.2277,17.3855,11.7884,5.80708
59.844,0.1751,1.0000,0.0000,6,170.75,-1.15,-10.69,-0.2962,0.0283,10777.9,0.0,157.61,155.38,155.48,155.48,11.3234,28.0103,66.993,55.4772,48.6303,45.2557,43.4751,41.9303,40.8354,39.7481,38.6692,37.5994,36.1183,34.4515,31.4113,25.7441,17.9324,11.9906,5.80985
59.869,0.1675,1.0000,0.0000,6,171.27,-1.85,-10.54,-0.3013,0.0162,10750.1,0.0,158.20,155.44,155.21,155.21,11.2246,27.0303,67.2516,55.8272,49.0457,45.7067,43.946,42.419,41.337,40.263,39.1974,38.141,36.6787,35.0336,32.0342,26.4425,18.6963,12.3011,5.83526
59.888,0.1393,1.0000,0.0000,6,171.78,-2.21,-10.17,-0.3049,0.0049,10742.5,0.0,158.60,155.88,154.99,154.99,11.1277,26.2488,67.3818,56.0456,49.328,46.0243,44.2834,42.7741,41.7049,40.6439,39.5917,38.5487,37.1055,35.4823,32.5244,27.0113,19.3527,12.6292,5.86896
59.906,0.1254,1.0000,0.0000,6,172.23,-2.40,-9.92,-0.3072,-0.0045,10784.6,0.0,158.88,156.49,155.58,155.58,11.0422,25.7492,67.2631,56.0136,49.3617,46.0949,44.3749,42.8845,41.8292,40.7823,39.7444,38.7162,37.2939,35.6952,32.7839,27.3641,19.8296,12.9375,5.90539
59.925,0.1128,1.0000,0.0000,6,172.66,-2.53,-9.85,-0.3082,-0.0127,10846.8,0.0,159.15,157.06,156.47,156.47,10.9613,25.4258,66.9802,55.8162,49.2308,46.002,44.3034,42.8327,41.7919,40.7597,39.7369,38.7239,37.3237,35.7508,32.8891,27.5698,20.1789,13.2412,5.94675
59.944,0.1015,1.0000,0.0000,6,173.10,-2.67,-9.85,-0.3079,-0.0207,10907.3,0.0,159.54,157.58,157.35,157.35,10.8755,25.1588,66.6521,55.5721,49.052,45.8607,44.1833,42.7318,41.7052,40.6875,39.6794,38.6815,37.3029,35.7552,32.9421,27.7213,20.472,13.573,5.99773
59.968,0.0914,1.0000,0.0000,6,173.55,-2.89,-9.92,-0.3066,-0.0288,10959.3,0.0,159.97,158.03,158.11,158.11,10.7815,24.9034,66.3256,55.3272,48.8706,45.7154,44.0584,42.6253,41.6122,40.6085,39.6146,38.6312,37.2729,35.7492,32.9822,27.8542,20.7372,13.9227,6.06029
59.987,0.0822,1.0000,0.0000,6,174.01,-3.11,-10.02,-0.3042,-0.0366,11001.1,0.0,160.38,158.48,158.72,158.72,10.6827,24.6993,65.9634,55.0451,48.6508,45.531,43.8941,42.4793,41.4795,40.4894,39.5093,38.54,37.2019,35.7017,32.9798,27.9423,20.9558,14.2321,6.13252
60.006,0.0740,1.0000,0.0000,6,174.53,-3.19,-10.04,-0.3007,-0.0438,10994.8,0.0,160.76,159.00,158.65,158.65,10.5841,24.62,65.4974,54.6592,48.3285,45.245,43.6287,42.2325,41.2465,40.2705,39.3048,38.3501,37.033,35.5571,32.8822,27.9397,21.0939,14.4801,6.21126
60.025,0.0666,1.0000,0.0000,6,175.02,-3.10,-10.08,-0.2961,-0.0497,11022.0,0.0,161.10,159.58,159.02,159.02,10.4895,24.7376,64.876,54.1203,47.8564,44.8115,43.2172,41.8411,40.8699,39.9089,38.9587,38.0198,36.7252,35.2759,32.652,27.814,21.1274,14.6517,6.29323
60.044,0.0697,1.0000,0.0000,6,175.50,-2.95,-10.16,-0.2905,-0.0549,11059.0,0.0,161.46,160.13,159.56,159.56,10.3955,25.0397,64.144,53.473,47.2787,44.2742,42.7032,41.3481,40.3925,39.4473,38.5133,37.5911,36.3203,34.8988,32.3287,27.6012,21.0846,14.7641,6.38014
60.069,0.1647,1.0000,0.0000,6,175.99,-2.79,-10.34,-0.2838,-0.0595,11095.0,0.0,161.81,160.61,160.07,160.07,10.299,25.5252,63.3456,52.7612,46.6384,43.6755,42.1281,40.7948,39.8549,38.926,38.0088,37.1035,35.8572,34.4642,31.9492,27.3345,20.9915,14.8333,6.4737
60.087,0.2361,1.0000,0.0000,6,176.47,-2.58,-10.62,-0.2762,-0.0642,11132.2,0.0,161.97,160.82,160.61,160.61,10.1976,26.1806,62.5366,52.0391,45.9879,43.0664,41.5427,40.2309,39.3069,38.3943,37.4934,36.605,35.3828,34.0181,31.5573,27.0529,20.8784,14.8787,6.57681
60.106,0.2895,1.0000,0.0000,6,176.93,-2.48,-10.91,-0.2677,-0.0700,11169.7,0.0,162.18,160.91,161.15,161.15,10.092,26.7992,61.8588,51.4433,45.4582,42.5746,41.0722,39.7798,38.8701,37.9719,37.086,36.2125,35.0116,33.6717,31.2584,26.8493,20.8169,14.9462,6.69913
60.125,0.3297,1.0000,0.0000,6,177.30,-2.65,-11.32,-0.2580,-0.0776,11276.8,0.0,162.44,160.92,162.61,162.61,9.97855,27.1526,61.3852,51.0425,45.1139,42.2622,40.7776,39.5013,38.6033,37.717,36.843,35.9817,34.7981,33.4783,31.1025,26.7672,20.8403,15.0588,6.84083
60.144,0.3597,1.0000,0.0000,6,177.66,-3.25,-11.77,-0.2472,-0.0881,11360.4,0.0,162.79,160.80,163.91,163.91,9.84663,26.7796,61.2549,50.968,45.0795,42.2493,40.7764,39.5105,38.62,37.7412,36.8749,36.0211,34.848,33.54,31.1863,26.8911,21.0135,15.2589,6.99496
60.169,0.3823,1.0000,0.0000,6,178.06,-4.12,-12.06,-0.2352,-0.1011,11375.6,0.0,163.20,160.66,164.14,164.14,9.69954,25.839,61.415,51.1684,45.305,42.4873,41.0209,39.7604,38.8737,37.9988,37.1361,36.2859,35.1175,33.8146,31.4695,27.1866,21.3122,15.5338,7.15972
60.187,0.3414,1.0000,0.0000,6,178.44,-5.11,-12.28,-0.2218,-0.1157,11389.0,0.0,163.57,160.55,164.33,164.33,9.54557,24.732,61.7469,51.53,45.6824,42.8712,41.4081,40.1502,39.2651,38.3916,37.5302,36.6812,35.5142,34.2124,31.8678,27.5805,21.6827,15.8512,7.32965
60.206,0.2717,1.0000,0.0000,6,178.81,-6.09,-12.51,-0.2068,-0.1303,11404.5,0.0,164.00,160.71,164.56,164.56,9.39827,23.8038,62.0614,51.8725,46.0396,43.2348,41.7746,40.5191,39.6356,38.7635,37.9033,37.0555,35.8897,34.589,32.2452,27.954,22.0347,16.1541,7.49292
60.225,0.2445,1.0000,0.0000,6,179.17,-6.79,-12.67,-0.1906,-0.1363,11420.4,0.0,164.55,161.20,164.78,164.78,9.26499,23.1416,62.2468,52.0892,46.2751,43.4793,42.0237,40.7722,39.8913,39.0219,38.1642,37.3187,36.1561,34.8588,32.5203,28.2355,22.3134,16.4067,7.64184
60.244,0.2201,1.0000,0.0000,6,179.52,-7.26,-12.78,-0.1746,-0.1355,11447.1,0.0,165.02,161.79,165.14,165.14,9.14364,22.6633,62.3198,52.1965,46.4047,43.6204,42.1708,40.9243,40.0472,39.1814,38.3273,37.4854,36.3276,35.0355,32.7064,28.4367,22.5272,16.6144,7.77783
60.269,0.1981,1.0000,0.0000,6,179.82,-7.78,-12.97,-0.1593,-0.1348,11514.3,0.0,165.49,162.32,166.13,166.13,9.02557,22.2012,62.4026,52.3114,46.5403,43.7663,42.3222,41.0805,40.2067,39.3441,38.4934,37.6546,36.5012,35.2137,32.8929,28.6365,22.7374,16.8169,7.90961
60.287,0.2032,1.0000,0.0000,6,180.18,-8.26,-13.06,-0.1444,-0.1343,11531.9,0.0,165.95,162.78,166.40,166.40,8.90956,21.7375,62.5107,52.4487,46.6959,43.9309,42.4916,41.254,40.383,39.5233,38.6752,37.8392,36.6894,35.406,33.0917,28.8455,22.9522,17.02,8.03866
60.306,0.2372,1.0000,0.0000,6,180.55,-8.62,-13.10,-0.1300,-0.1335,11537.8,0.0,166.27,163.14,166.49,166.49,8.79945,21.3373,62.5805,52.548,46.8142,44.0587,42.6245,41.3913,40.5233,39.6667,38.8216,37.9885,36.8427,35.5637,33.2572,29.0236,23.141,17.2037,8.16079
60.325,0.2904,1.0000,0.0000,6,180.92,-8.80,-13.10,-0.1159,-0.1322,11539.0,0.0,166.41,163.36,166.51,166.51,8.69661,21.0227,62.5811,52.5803,46.8675,44.1231,42.6947,41.4667,40.6025,39.7495,38.908,38.0785,36.9377,35.6643,33.3679,29.1519,23.2892,17.3587,8.27418
60.344,0.3303,1.0000,0.0000,6,181.28,-8.79,-13.07,-0.1022,-0.1301,11541.0,0.0,166.38,163.45,166.53,166.53,8.60226,20.8123,62.4851,52.5195,46.8315,44.1003,42.6792,41.4574,40.5979,39.7496,38.9127,38.0878,36.9535,35.6874,33.4045,29.2136,23.3837,17.4763,8.37709
60.369,0.3602,1.0000,0.0000,6,181.64,-8.61,-13.04,-0.0887,-0.1270,11543.3,0.0,166.32,163.52,166.57,166.57,8.51699,20.7139,62.2812,52.3555,46.6965,43.9812,42.5689,41.355,40.501,39.6583,38.8274,38.0082,36.882,35.6253,33.3597,29.2024,23.4196,17.5529,8.46855
60.387,0.3827,1.0000,0.0000,6,181.99,-8.28,-13.00,-0.0755,-0.1231,11550.7,0.0,166.28,163.61,166.67,166.67,8.44055,20.7274,61.9729,52.0916,46.4661,43.7694,42.3674,41.1628,40.3155,39.4796,38.6554,37.8433,36.727,35.4814,33.2371,29.1213,23.3994,17.5902,8.54866
60.406,0.3995,1.0000,0.0000,6,182.33,-7.88,-12.99,-0.0627,-0.1186,11565.2,0.0,166.29,163.73,166.87,166.87,8.37109,20.8287,61.5931,51.7597,46.1708,43.4944,42.1039,40.9095,40.0696,39.2413,38.4247,37.6203,36.5148,35.2819,33.0613,28.9923,23.3401,17.5993,8.61971
60.425,0.4121,1.0000,0.0000,6,182.66,-7.49,-13.00,-0.0502,-0.1138,11585.1,0.0,166.39,163.88,167.16,167.16,8.30589,20.9766,61.1901,51.4056,45.8542,43.1987,41.8198,40.6359,39.8038,38.9831,38.1744,37.3777,36.2835,35.0636,32.8672,28.8462,23.2656,17.5958,8.68506
60.444,0.4216,1.0000,0.0000,6,182.99,-7.18,-13.04,-0.0382,-0.1091,11604.5,0.0,166.56,164.05,167.44,167.44,8.24305,21.1378,60.7993,51.0627,45.5479,42.9128,41.5452,40.3715,39.5467,38.7336,37.9324,37.1435,36.0599,34.8525,32.6796,28.7048,23.1928,17.591,8.74717
60.469,0.4287,0.5500,0.0000,6,183.31,-6.93,-13.08,-0.0266,-0.1048,11622.1,0.0,166.78,164.23,167.69,167.69,8.18173,21.2935,60.4369,50.7463,45.2662,42.6505,41.2935,40.1294,39.3117,38.5056,37.7115,36.9298,35.8563,34.6605,32.5097,28.5778,23.1292,17.5899,8.8072
60.488,0.4340,0.3025,0.0000,6,183.47,-6.70,-13.13,-0.0156,-0.1006,11435.4,0.0,167.02,164.42,165.06,165.06,8.12267,21.456,60.092,50.4458,44.9991,42.4019,41.0552,39.9003,39.0892,38.2898,37.5026,36.7277,35.6639,34.4791,32.3492,28.458,23.0694,17.589,8.86432
60.506,0.4380,0.1664,0.0000,6,183.36,-6.41,-13.17,-0.0050,-0.0964,11305.1,0.0,167.15,164.54,163.17,163.17,8.06776,21.6637,59.7378,50.136,44.7229,42.1442,40.8078,39.662,38.8575,38.0649,37.2845,36.5164,35.4624,34.2887,32.1796,28.3292,23.0007,17.5797,8.91642
60.525,0.4410,0.5415,0.0000,6,183.08,-6.14,-13.19,0.0051,-0.0925,11224.7,0.0,167.16,164.54,163.01,160.99,8.01294,21.8377,59.4296,49.8689,44.4865,41.9246,40.5975,39.4601,38.6615,37.875,37.1007,36.3388,35.2935,34.1297,32.0392,28.2251,22.9495,17.5801,8.96831
60.544,0.4433,0.7478,0.0000,6,182.94,-6.05,-13.20,0.0149,-0.0897,11364.6,0.0,167.12,164.41,163.99,163.99,7.95382,21.8677,59.2297,49.7027,44.3447,41.7958,40.476,39.3449,38.551,37.7691,36.9994,36.2423,35.2034,34.0473,31.9706,28.1831,22.945,17.6101,9.02514
60.569,0.4449,0.8613,0.0000,6,182.95,-6.10,-13.20,0.0241,-0.0876,11453.2,0.0,167.13,164.27,165.25,165.25,7.89186,21.7758,59.1148,49.615,44.2763,41.7374,40.423,39.2968,38.5065,37.728,36.9618,36.208,35.1741,34.0235,31.957,28.1884,22.9757,17.6623,9.08539
60.587,0.4462,0.9237,0.0000,6,183.07,-6.29,-13.20,0.0330,-0.0863,11523.0,0.0,167.20,164.18,166.25,166.25,7.82791,21.58,59.0722,49.594,44.2699,41.7385,40.428,39.3053,38.5174,37.7415,36.9777,36.2264,35.1958,34.049,31.9894,28.2331,23.0358,17.7326,9.14815
60.607,0.4472,0.9580,0.0000,6,183.26,-6.59,-13.22,0.0415,-0.0854,11577.7,0.0,167.32,164.16,167.04,167.04,7.76354,21.3179,59.0818,49.6205,44.3075,41.7815,40.4738,39.3535,38.5673,37.7931,37.0311,36.2815,35.2532,34.1088,32.0537,28.3048,23.1156,17.8147,9.21175
60.625,0.4479,0.9769,0.0000,6,183.49,-6.94,-13.23,0.0496,-0.0847,11618.2,0.0,167.47,164.18,167.63,167.63,7.70095,21.0442,59.1105,49.6637,44.3603,41.8386,40.5334,39.415,38.6302,37.8573,37.0966,36.3483,35.3218,34.1794,32.1276,28.3843,23.1999,17.8984,9.27368
60.644,0.4484,0.9873,0.0000,6,183.74,-7.27,-13.26,0.0572,-0.0838,11649.0,0.0,167.61,164.26,168.08,168.08,7.64327,20.8217,59.1168,49.6848,44.3913,41.8746,40.5718,39.4556,38.6724,37.901,37.1418,36.395,35.3705,34.2303,32.1825,28.4461,23.2692,17.9703,9.33022
60.669,0.4488,0.5430,0.0000,6,184.01,-7.53,-13.30,0.0644,-0.0824,11674.1,0.0,167.74,164.39,168.44,168.44,7.59329,20.7084,59.0568,49.643,44.3622,41.8523,40.5531,39.4401,38.6591,37.8899,37.1329,36.3883,35.3669,34.2303,32.1889,28.4642,23.3029,18.0165,9.37795
60.688,0.4490,0.2987,0.0000,6,184.14,-7.60,-13.34,0.0711,-0.0802,11486.0,0.0,167.84,164.55,165.80,165.80,7.55295,20.7447,58.9017,49.5113,44.248,41.7476,40.4536,39.3452,38.5674,37.8016,37.0479,36.3066,35.2899,34.1586,32.1271,28.4217,23.2878,18.0278,9.41434
60.707,0.4486,0.1643,0.0000,6,184.01,-7.44,-13.39,0.0775,-0.0770,11353.2,0.0,167.82,164.69,163.86,163.86,7.52328,20.9707,58.6328,49.2726,44.0327,41.5453,40.2585,39.1564,38.3833,37.6221,36.8731,36.1365,35.1264,34.0027,31.9857,28.3082,23.2161,17.999,9.43809
60.725,0.4481,0.0903,0.0000,6,183.71,-7.19,-13.42,0.0835,-0.0736,11267.2,0.0,167.70,164.73,163.65,161.59,7.49811,21.2699,58.3409,49.012,43.7965,41.3227,40.0433,38.9479,38.1796,37.4233,36.6793,35.9476,34.9444,33.8287,31.8266,28.1786,23.1307,17.9594,9.4569
60.744,0.4476,0.0497,0.0000,6,183.32,-7.02,-13.42,0.0891,-0.0710,11208.0,0.0,167.56,164.63,163.09,160.43,7.46976,21.457,58.1357,48.8315,43.635,41.1715,39.898,38.8078,38.0432,37.2906,36.5503,35.8224,34.8245,33.7148,31.724,28.098,23.0824,17.9438,9.48013
60.762,0.4471,0.0273,0.0000,6,182.87,-7.01,-13.41,0.0944,-0.0695,11162.2,0.0,167.38,164.38,162.60,159.59,7.43595,21.4548,58.0459,48.7575,43.5728,41.1158,39.8458,38.7586,37.9962,37.2458,36.5077,35.7821,34.7872,33.681,31.6965,28.0827,23.0842,17.9613,9.5105
60.788,0.4467,0.0150,0.0000,6,182.39,-7.15,-13.37,0.0994,-0.0691,11122.5,0.0,167.15,164.02,162.18,158.86,7.39606,21.2447,58.0767,48.7948,43.6143,41.1593,39.8905,38.8043,38.0426,37.2929,36.5554,35.8303,34.8362,33.7308,31.7477,28.1358,23.1384,18.0137,9.54877
60.807,0.4464,0.0083,0.0000,6,181.89,-7.44,-13.34,0.1043,-0.0698,11085.9,0.0,166.88,163.57,161.79,158.19,7.34982,20.8468,58.2268,48.9422,43.7586,41.3014,40.0313,38.9441,38.1816,37.4309,36.6925,35.9664,34.9709,33.8637,31.8769,28.2569,23.2452,18.1013,9.59538
60.825,0.4462,0.0045,0.0000,6,181.37,-7.91,-13.32,0.1089,-0.0716,11050.4,0.0,166.57,163.06,161.42,157.54,7.29711,20.2974,58.4988,49.2022,44.008,41.5447,40.271,39.1804,38.4154,37.6624,36.9215,36.1928,35.1936,34.082,32.0866,28.4484,23.4065,18.2258,9.65084
60.844,0.4460,0.0025,0.0000,6,180.84,-8.48,-13.29,0.1134,-0.0742,11016.1,0.0,166.21,162.51,161.03,156.94,7.23995,19.6837,58.8601,49.5448,44.3348,41.8623,40.5834,39.488,38.7195,37.9628,37.2183,36.4859,35.4814,34.3635,32.3559,28.6922,23.6086,18.3779,9.71295
60.863,0.4459,0.0014,0.0000,6,180.30,-9.11,-13.27,0.1177,-0.0773,10981.8,0.0,165.78,161.95,160.60,156.38,7.18119,19.0803,59.2675,49.9307,44.7021,42.2189,40.9339,39.833,39.0604,38.2996,37.5507,36.814,35.8033,34.6783,32.6567,28.964,23.8325,18.5447,9.77845
60.888,0.4458,0.0008,0.0000,6,179.75,-9.71,-13.25,0.1220,-0.0804,10947.0,0.0,165.28,161.39,160.11,155.87,7.12369,18.5371,59.6746,50.3163,45.0696,42.5756,41.2845,40.1781,39.4015,38.6366,37.8834,37.1424,36.1255,34.9933,32.958,29.2364,24.0569,18.7117,9.8436
60.907,0.4458,0.0004,0.0000,6,179.21,-10.26,-13.24,0.1262,-0.0833,10912.9,0.0,164.74,160.84,159.61,155.39,7.06838,18.0586,60.0639,50.6854,45.4214,42.9175,41.6207,40.5091,39.7288,38.9599,38.2027,37.4577,36.435,35.2959,33.2475,29.4987,24.2736,18.8735,9.90706
60.925,0.4457,0.0002,0.0000,6,178.65,-10.79,-13.26,0.1303,-0.0861,10877.5,0.0,164.17,160.29,159.08,154.89,7.01468,17.6284,60.4392,51.0418,45.7615,43.2482,41.946,40.8294,40.0454,39.2728,38.512,37.7631,36.7349,35.5893,33.5283,29.7535,24.4848,19.0315,9.96934
60.944,0.4457,0.0001,0.0000,6,178.09,-11.29,-13.27,0.1344,-0.0889,10843.0,0.0,163.60,159.73,158.58,154.40,6.9616,17.2246,60.8179,51.4015,46.105,43.5822,42.2745,41.153,40.3653,39.589,38.8244,38.0715,37.0378,35.8858,33.8121,30.0112,24.6985,19.1912,10.0318
60.964,0.4456,0.0001,0.0000,6,177.53,-11.73,-13.26,0.1385,-0.0916,10808.6,0.0,163.02,159.17,158.07,153.92,6.91005,16.8576,61.1812,51.7471,46.4353,43.9034,42.5907,41.4645,40.6734,39.8936,39.1253,38.3688,37.3298,36.1716,34.086,30.2602,24.9056,19.3466,10.093
60.988,0.4456,0.0000,0.0000,6,176.97,-12.09,-13.27,0.1426,-0.0939,10774.2,0.0,162.43,158.63,157.53,153.46,6.86127,16.5403,61.5026,52.0537,46.7289,44.1895,42.8723,41.7422,40.9483,40.1654,39.3941,38.6344,37.5909,36.4274,34.3316,30.4843,25.0934,19.4888,10.1508
61.007,0.4456,0.0000,0.0000,6,176.41,-12.35,-13.27,0.1467,-0.0957,10740.0,0.0,161.82,158.11,156.98,153.02,6.81598,16.2762,61.7669,52.3068,46.9723,44.4271,43.1067,41.9735,41.1772,40.3921,39.6184,38.8564,37.8093,36.6417,34.538,30.6737,25.2541,19.6125,10.2037
61.025,0.4456,0.0000,0.0000,6,175.86,-12.50,-13.27,0.1508,-0.0971,10706.2,0.0,161.21,157.59,156.44,152.59,6.77356,16.0548,61.9797,52.5118,47.1703,44.6211,43.2982,42.1627,41.3648,40.578,39.8026,39.0387,37.9892,36.8185,34.7087,30.8319,25.3901,19.7193,10.2525
61.045,0.4456,0.0000,0.0000,6,175.31,-12.63,-13.29,0.1549,-0.0983,10671.9,0.0,160.62,157.08,155.91,152.13,6.73193,15.8488,62.1767,52.7022,47.3546,44.8016,43.4766,42.3392,41.5399,40.7515,39.9745,39.2091,38.1574,36.984,34.8688,30.9806,25.5188,19.8215,10.3001
61.064,0.4456,0.0000,0.0000,6,174.76,-12.72,-13.30,0.1591,-0.0994,10638.6,0.0,160.06,156.57,155.41,151.67,6.69052,15.6517,62.3662,52.8855,47.5324,44.9758,43.6489,42.5098,41.709,40.9192,40.1409,39.3739,38.32,37.1441,35.024,31.1251,25.6443,19.9216,10.3474
61.088,0.4456,0.0000,0.0000,6,174.21,-12.76,-13.30,0.1634,-0.1003,10605.6,0.0,159.52,156.07,154.90,151.22,6.64998,15.4716,62.5323,53.0472,47.6897,45.1305,43.802,42.6614,41.8597,41.0688,40.2893,39.5211,38.4654,37.2875,35.1634,31.2555,25.7589,20.0146,10.3931
61.107,0.4456,0.0000,0.0000,6,173.68,-12.72,-13.30,0.1677,-0.1008,10572.9,0.0,158.97,155.59,154.38,150.80,6.61161,15.3217,62.6506,53.164,47.8047,45.2445,43.9152,42.7738,41.9715,41.1802,40.4001,39.6314,38.5747,37.3957,35.2694,31.3566,25.8503,20.0917,10.435
61.125,0.4456,0.0000,0.0000,6,173.15,-12.59,-13.30,0.1721,-0.1008,10540.8,0.0,158.42,155.12,153.86,150.39,6.57542,15.201,62.719,53.2339,47.8755,45.3156,43.9865,42.8452,42.0429,41.2517,40.4716,39.7029,38.6462,37.4672,35.3406,31.4268,25.9172,20.1521,10.4729
61.145,0.4456,0.0000,0.0000,6,172.63,-12.41,-13.31,0.1766,-0.1006,10508.9,0.0,157.88,154.67,153.35,149.98,6.54059,15.1005,62.7509,53.2699,47.9143,45.3559,44.0275,42.887,42.0851,41.2942,40.5146,39.7464,38.6904,37.512,35.3866,31.4746,25.9666,20.2004,10.508
61.164,0.4456,0.0000,0.0000,6,172.11,-12.25,-13.34,0.1811,-0.1003,10477.4,0.0,157.38,154.22,152.88,149.54,6.50495,14.9959,62.7881,53.311,47.9581,45.4008,44.0732,42.9333,42.1319,41.3414,40.5621,39.7943,38.7389,37.5611,35.4366,31.5262,26.0191,20.2511,10.544
61.188,0.4456,0.0000,0.0000,6,171.59,-12.06,-13.34,0.1857,-0.1001,10446.6,0.0,156.91,153.77,152.43,149.11,6.46859,14.8893,62.827,53.3537,48.0034,45.4475,44.1205,42.9812,42.1802,41.3902,40.6113,39.8438,38.7889,37.6117,35.4883,31.5793,26.073,20.303,10.5808
61.207,0.4456,0.0000,0.0000,6,171.09,-11.85,-13.35,0.1905,-0.0997,10416.2,0.0,156.44,153.33,151.97,148.68,6.43205,14.7873,62.855,53.3864,48.0394,45.4852,44.1591,43.0205,42.2202,41.4307,40.6524,39.8854,38.8312,37.6548,35.5329,31.6262,26.1221,20.3518,10.6173
61.226,0.4456,0.0000,0.0000,6,170.59,-11.60,-13.35,0.1953,-0.0991,10386.1,0.0,155.98,152.91,151.51,148.28,6.39629,14.6993,62.8545,53.3926,48.0504,45.4989,44.1742,43.0369,42.2373,41.4488,40.6714,39.9054,38.8524,37.6773,35.5579,31.6559,26.1577,20.3914,10.6518
61.245,0.4456,0.0000,0.0000,6,170.10,-11.30,-13.36,0.2002,-0.0983,10356.6,0.0,155.51,152.49,151.05,147.88,6.36092,14.6217,62.8314,53.3777,48.0416,45.4935,44.1707,43.0349,42.2365,41.4492,40.6729,39.9081,38.8568,37.6835,35.5676,31.6721,26.1828,20.4239,10.6849
61.264,0.4456,0.0000,0.0000,6,169.61,-11.02,-13.37,0.2052,-0.0975,10326.9,0.0,155.07,152.08,150.60,147.47,6.32494,14.5437,62.8053,53.3603,48.0308,45.486,44.1651,43.0311,42.234,41.4478,40.6727,39.9091,38.8595,37.6883,35.5758,31.6871,26.2072,20.4562,10.7184
61.289,0.4456,0.0000,0.0000,6,169.13,-10.78,-13.39,0.2103,-0.0969,10297.7,0.0,154.66,151.66,150.20,147.04,6.28656,14.4464,62.8121,53.3741,48.0493,45.507,44.1876,43.0548,42.2584,41.4731,40.6989,39.9361,38.8877,37.7178,35.6077,31.7234,26.2486,20.5006,10.7556
61.308,0.4456,0.0000,0.0000,6,168.64,-10.56,-13.40,0.2154,-0.0966,10269.0,0.0,154.26,151.24,149.80,146.60,6.24615,14.3345,62.8429,53.4105,48.0895,45.549,44.2306,43.0986,42.303,41.5182,40.7446,39.9824,38.9347,37.7657,35.6572,31.7753,26.3027,20.554,10.7958
61.326,0.4456,0.0000,0.0000,6,168.17,-10.36,-13.40,0.2207,-0.0963,10240.4,0.0,153.86,150.83,149.40,146.18,6.20422,14.2144,62.8861,53.4586,48.1408,45.602,44.2843,43.1531,42.358,41.5737,40.8006,40.0388,38.9917,37.8234,35.716,31.8356,26.3638,20.6128,10.8379
61.346,0.4456,0.0000,0.0000,6,167.69,-10.15,-13.41,0.2261,-0.0961,10212.0,0.0,153.46,150.42,148.99,145.78,6.16148,14.093,62.9284,53.5063,48.1919,45.6548,44.338,43.2075,42.4128,41.6291,40.8565,40.0952,39.0488,37.8811,35.7748,31.8963,26.4254,20.6721,10.8807
61.364,0.4456,0.0000,0.0000,6,167.23,-9.95,-13.41,0.2316,-0.0959,10183.8,0.0,153.06,150.01,148.58,145.37,6.11764,13.9676,62.9758,53.5589,48.2478,45.7123,44.3963,43.2666,42.4724,41.6891,40.9169,40.1561,39.1103,37.9432,35.838,31.9609,26.4905,20.7342,10.9248
61.382,0.4456,0.0000,0.0000,6,166.76,-9.78,-13.42,0.2373,-0.0959,10155.3,0.0,152.67,149.60,148.18,144.95,6.07175,13.8287,63.0467,53.6338,48.3249,45.7904,44.4749,43.3453,42.5514,41.7684,40.9964,40.2358,39.1903,38.0233,35.9183,32.0409,26.5681,20.8054,10.9719
61.408,0.4456,0.0000,0.0000,6,166.30,-9.68,-13.44,0.2430,-0.0963,10127.3,0.0,152.30,149.18,147.81,144.50,6.02271,13.6656,63.1656,53.7539,48.4449,45.9099,44.5941,43.4643,42.6701,41.8867,41.1144,40.3534,39.3072,38.1397,36.0331,32.1519,26.6707,20.8946,11.0244
61.426,0.4456,0.0000,0.0000,6,165.83,-9.62,-13.44,0.2488,-0.0970,10099.3,0.0,151.93,148.75,147.44,144.07,5.97108,13.4852,63.3201,53.9078,48.597,46.0606,44.7439,43.6133,42.8185,42.0344,41.2614,40.4996,39.4523,38.2834,36.174,32.2863,26.7923,20.9974,11.0813
61.445,0.4456,0.0000,0.0000,6,165.37,-9.60,-13.47,0.2548,-0.0978,10071.4,0.0,151.55,148.34,147.05,143.65,5.9183,13.302,63.4815,54.0683,48.7554,46.2177,44.8999,43.7684,42.9729,42.1882,41.4143,40.6517,39.6032,38.4329,36.3205,32.4258,26.9185,21.1039,11.1397
61.465,0.4456,0.0000,0.0000,6,164.93,-9.53,-13.51,0.2608,-0.0982,10044.0,0.0,151.14,147.95,146.62,143.29,5.86684,13.1375,63.604,54.1924,48.8797,46.3416,45.0236,43.8918,43.096,42.311,41.537,40.774,39.725,38.5539,36.44,32.5415,27.0258,21.1973,11.1951
61.489,0.4456,0.0000,0.0000,6,164.48,-9.42,-13.54,0.2670,-0.0984,10017.1,0.0,150.72,147.56,146.20,142.93,5.81607,12.9851,63.7,54.2917,48.9804,46.4429,45.1251,43.9934,43.1977,42.4127,41.6386,40.8757,39.8266,38.6554,36.5411,32.6409,27.1202,21.282,11.2485
61.508,0.4456,0.0000,0.0000,6,164.04,-9.36,-13.62,0.2732,-0.0988,9988.76,0.0,150.30,147.17,145.80,142.52,5.76365,12.8226,63.8391,54.412,49.1013,46.5637,45.2458,44.114,43.318,42.5328,41.7586,40.9953,39.9459,38.7742,36.6585,32.755,27.2267,21.3755,11.3047
61.526,0.4456,0.0000,0.0000,6,163.59,-9.43,-13.69,0.2795,-0.1000,9961.46,0.0,149.95,146.73,145.48,142.04,5.70617,12.6183,64.1217,54.6279,49.3127,46.772,45.4524,44.3189,43.5217,42.7352,41.9596,41.1949,40.1433,38.9691,36.8486,32.934,27.3855,21.5062,11.3715
61.545,0.4456,0.0000,0.0000,6,163.13,-9.54,-13.72,0.2859,-0.1018,9934.46,0.0,149.61,146.28,145.16,141.59,5.64504,12.3898,64.5217,54.9053,49.5824,47.037,45.7145,44.5784,43.7794,42.9908,42.2131,41.4464,40.3917,39.2138,37.0859,33.1556,27.5789,21.6618,11.4459
61.564,0.4456,0.0000,0.0000,6,162.68,-9.70,-13.76,0.2924,-0.1039,9907.04,0.0,149.25,145.84,144.80,141.15,5.58193,12.1546,65.0052,55.2068,49.8752,47.3246,45.999,44.8599,44.0587,43.268,42.4879,41.7188,40.6607,39.4786,37.3427,33.395,27.7873,21.8286,11.5242
61.582,0.4456,0.0000,0.0000,6,162.24,-9.79,-13.82,0.2990,-0.1053,9880.13,0.0,148.84,145.45,144.36,140.82,5.52136,11.9492,65.4659,55.4439,50.1074,47.5535,46.2259,45.085,44.2824,43.4901,42.7086,41.938,40.8776,39.6928,37.5514,33.5916,27.9616,21.9716,11.5964
61.608,0.4456,0.0000,0.0000,6,161.80,-9.75,-13.87,0.3058,-0.1061,9853.79,0.0,148.37,145.07,143.91,140.51,5.46338,11.7724,65.8928,55.6126,50.2749,47.7197,46.3914,45.2499,44.4466,43.6538,42.8716,42.1002,41.0388,39.8528,37.7086,33.7423,28.0992,22.0891,11.6621
61.627,0.4456,0.0000,0.0000,6,161.37,-9.66,-13.94,0.3126,-0.1066,9826.53,0.0,147.90,144.69,143.46,140.18,5.40575,11.6058,66.3375,55.7545,50.4172,47.8617,46.5332,45.3913,44.5879,43.7948,43.0122,42.2405,41.1784,39.9917,37.846,33.8754,28.2229,22.1971,11.7259
61.645,0.4456,0.0000,0.0000,6,160.93,-9.78,-14.07,0.3195,-0.1081,9798.42,0.0,147.52,144.28,143.14,139.68,5.34303,11.4016,66.9932,56.0014,50.659,48.1003,46.7697,45.6259,44.8211,44.0265,43.2425,42.4691,41.4048,40.2152,38.0639,34.0809,28.4053,22.3472,11.8018
61.664,0.4456,0.4500,0.0000,6,160.48,-9.95,-14.13,0.3266,-0.1105,9772.06,0.0,147.19,143.82,142.85,139.21,5.27573,11.1681,67.8633,56.3461,50.9859,48.4214,47.0875,45.9406,45.1333,44.3363,43.5497,42.7738,41.7057,40.5116,38.3514,34.3491,28.6391,22.5344,11.8887
61.683,0.4456,0.6975,0.0000,6,160.25,-10.14,-14.16,0.3338,-0.1130,10000.6,0.0,146.85,143.39,144.29,144.29,5.20665,10.9316,68.8634,56.7577,51.3315,48.7608,47.4233,46.2729,45.4631,44.6635,43.8742,43.0956,42.0235,40.8247,38.6549,34.6323,28.8857,22.7316,11.9795
61.708,0.4456,0.8336,0.0000,6,160.22,-10.26,-14.22,0.3411,-0.1145,10127.0,0.0,146.57,143.12,146.09,146.09,5.14085,10.7295,69.8125,57.1194,51.5867,49.0128,47.6732,46.521,45.7099,44.9088,44.1179,43.3376,42.2632,41.0616,38.8862,34.8509,29.0804,22.8923,12.0608
61.727,0.4456,0.9085,0.0000,6,160.33,-10.24,-14.28,0.3486,-0.1150,10226.0,0.0,146.35,143.01,147.52,147.52,5.07944,10.5673,70.65,57.3935,51.7268,49.1532,47.8137,46.6615,45.8503,45.0491,44.2581,43.4777,42.4029,41.2008,39.0244,34.986,29.2077,23.0052,12.1294
61.746,0.4456,0.9497,0.0000,6,160.56,-10.09,-14.34,0.3562,-0.1144,10292.7,0.0,146.23,143.02,148.50,148.50,5.02187,10.4383,71.3785,57.5841,51.7643,49.194,47.8564,46.7058,45.8957,45.0957,44.3059,43.5265,42.4532,41.2528,39.0795,35.0463,29.2742,23.0748,12.1861
61.765,0.4456,0.9723,0.0000,6,160.81,-9.96,-14.47,0.3638,-0.1133,10372.7,0.0,146.22,143.13,149.64,149.64,4.96621,10.3251,72.0893,57.7497,51.7567,49.1867,47.8516,46.7034,45.895,45.0967,44.3086,43.5309,42.4601,41.2624,39.094,35.0701,29.311,23.123,12.2369
61.784,0.4456,0.9848,0.0000,6,161.12,-9.85,-14.58,0.3714,-0.1121,10411.4,0.0,146.34,143.30,150.22,150.22,4.9108,10.2125,22.3031,57.9526,51.7727,49.1783,47.846,46.7001,45.8934,45.0968,44.3104,43.5345,42.4659,41.271,39.1075,35.093,29.3469,23.1703,12.2872
61.808,0.4456,0.9916,0.0000,6,161.47,-9.71,-14.66,0.3789,-0.1108,10431.5,0.0,146.53,143.53,150.52,150.52,4.85653,10.1074,21.5167,58.1657,51.7923,49.1479,47.8187,46.6756,45.8708,45.0761,44.2916,43.5177,42.4519,41.2601,39.1024,35.099,29.3689,23.2074,12.3344
61.827,0.4456,0.9954,0.0000,6,161.84,-9.51,-14.75,0.3864,-0.1089,10441.5,0.0,146.75,143.80,150.67,150.67,4.80457,10.0186,21.3156,58.3479,51.7835,49.0726,47.7425,46.6029,45.8006,45.0085,44.2266,43.4551,42.393,41.2053,39.0555,35.0673,29.3599,23.2221,12.3749
61.846,0.4456,0.9975,0.0000,6,162.23,-9.19,-14.83,0.3938,-0.1062,10446.3,0.0,146.98,144.13,150.74,150.74,4.7565,9.95651,22.0405,58.4473,51.7071,48.9348,47.5872,46.4524,45.6536,44.865,44.0866,43.3188,42.2618,41.0799,38.941,34.9747,29.3011,23.2006,12.4046
61.865,0.4456,0.9986,0.0000,6,162.62,-8.75,-14.89,0.4012,-0.1028,10450.2,0.0,147.25,144.51,150.79,150.79,4.71151,9.91588,75.8521,58.4813,51.5771,48.7487,47.3762,46.2404,45.4459,44.6615,43.8875,43.1241,42.0732,40.8985,38.7733,34.8341,29.203,23.1504,12.4255
61.883,0.4458,0.9992,0.0000,6,163.00,-8.30,-14.97,0.4085,-0.0992,10475.9,0.0,147.57,144.92,151.15,151.15,4.66783,9.88312,76.4871,58.5138,51.443,48.558,47.1606,46.0093,45.2188,44.439,43.6696,42.9108,41.8665,40.6995,38.5886,34.6783,29.0924,23.0909,12.4432
61.909,0.4468,0.9996,0.0000,6,163.37,-7.93,-15.04,0.4157,-0.0961,10493.0,0.0,147.96,145.33,151.41,151.41,4.62298,9.83744,77.3375,58.6528,51.3858,48.434,47.007,45.8327,45.0332,44.2573,43.492,42.7373,41.6988,40.5384,38.4401,34.5547,29.0078,23.0496,12.4654
61.927,0.4476,0.9998,0.0000,6,163.75,-7.63,-15.09,0.4228,-0.0934,10501.9,0.0,148.39,145.73,151.54,151.54,4.57685,9.77846,78.4321,58.9082,51.4112,48.3813,46.9196,45.7182,44.9011,44.116,43.3541,42.6029,41.5694,40.4147,38.3272,34.463,28.9487,23.0263,12.4922
61.946,0.4482,0.9999,0.0000,6,164.13,-7.39,-15.14,0.4298,-0.0910,10510.4,0.0,148.82,146.10,151.66,151.66,4.53017,9.71119,79.7585,59.2654,51.5068,48.3881,46.887,45.655,44.818,44.0143,43.2423,42.4939,41.4648,40.3152,38.2371,34.3918,28.9059,23.0143,12.5217
61.965,0.3968,0.9999,0.0000,6,164.52,-7.16,-15.17,0.4367,-0.0886,10520.1,0.0,149.23,146.48,151.80,151.80,4.48413,9.64469,81.2567,59.6852,51.6416,48.4271,46.8837,45.6187,44.7603,43.9367,43.1462,42.3868,41.3615,40.2168,38.1482,34.3213,28.8634,23.0021,12.5504
61.984,0.3572,0.9999,0.0000,6,164.90,-6.94,-15.20,0.4434,-0.0862,10532.1,0.0,149.84,147.08,151.97,151.97,4.43907,9.58058,82.9388,60.1674,51.8144,48.4967,46.9079,45.6077,44.7263,43.8815,43.0714,42.2937,41.2562,40.1165,38.0573,34.2488,28.819,22.988,12.5778
62.009,0.3214,1.0000,0.0000,6,165.28,-6.74,-15.23,0.4501,-0.0839,10552.7,0.0,150.54,147.80,152.25,152.25,4.39477,9.51731,84.8484,60.7274,52.0349,48.6049,46.9669,45.6287,44.7225,43.8549,43.0236,42.2263,41.1637,40.0181,37.9681,34.1776,28.7752,22.9739,12.6045
62.028,0.2893,1.0000,0.0000,6,165.66,-6.60,-15.27,0.4565,-0.0818,10576.3,0.0,151.26,148.53,152.60,152.60,4.35072,9.44926,87.1061,61.4146,52.3365,48.7803,47.0868,45.7058,44.772,43.8787,43.0236,42.2044,41.1137,39.9414,37.8953,34.1209,28.7427,22.9675,12.6325
62.046,0.2604,1.0000,0.0000,6,166.06,-6.51,-15.30,0.4628,-0.0798,10596.0,0.0,151.96,149.24,152.89,152.89,4.30725,9.37832,89.754,62.2342,52.7202,49.0222,47.267,45.8383,44.8735,43.9519,43.0705,42.2269,41.1051,39.9009,37.8349,34.0749,28.7186,22.9664,12.6613
62.065,0.2343,1.0000,0.0000,6,166.47,-6.43,-15.32,0.4689,-0.0779,10615.5,0.0,152.62,149.91,153.17,153.17,4.26505,9.30952,92.7987,63.1711,53.1718,49.3179,47.495,46.0143,45.0159,44.0632,43.1532,42.2832,41.1276,39.889,37.776,34.0297,28.6944,22.9647,12.6888
62.084,0.2109,1.0000,0.0000,6,166.90,-6.36,-15.33,0.4747,-0.0759,10635.0,0.0,153.22,150.56,153.45,153.45,4.22478,9.24716,96.2466,64.2102,53.6775,49.6546,47.7589,46.2221,45.1877,44.2018,43.2613,42.3631,41.1716,39.8966,37.7259,33.9762,28.6632,22.9572,12.7136
62.102,0.1898,1.0000,0.0000,6,167.33,-6.28,-15.34,0.4804,-0.0737,10654.7,0.0,153.77,151.17,153.73,153.73,4.18694,9.19571,100.086,65.3266,54.2178,50.0152,48.0424,46.4468,45.3745,44.3539,43.3815,42.4538,41.2251,39.9122,37.682,33.9053,28.6172,22.9385,12.7341
62.128,0.1841,1.0000,0.0000,6,167.77,-6.16,-15.35,0.4858,-0.0712,10674.2,0.0,154.28,151.77,154.02,154.02,4.15248,9.16026,104.3,66.4939,54.7722,50.3818,48.3291,46.6726,45.5614,44.5051,43.5,42.5424,41.2756,39.9243,37.634,33.8082,28.5495,22.9033,12.7483
62.146,0.2305,1.0000,0.0000,6,168.22,-6.00,-15.35,0.4910,-0.0682,10693.4,0.0,154.73,152.31,154.29,154.29,4.12151,9.14194,108.913,67.7042,55.3342,50.7487,48.6137,46.8948,45.7437,44.6511,43.6127,42.6246,41.3194,39.9294,37.579,33.6833,28.4586,22.8506,12.756
62.165,0.2822,1.0000,0.0000,6,168.67,-5.79,-15.35,0.4959,-0.0651,10714.2,0.0,154.98,152.61,154.59,154.59,4.0932,9.13352,114.198,69.0357,55.9527,51.1564,48.9328,47.1472,45.9536,44.8222,43.7485,42.7282,41.3824,39.9514,37.5378,33.5538,28.3583,22.7904,12.76
62.184,0.3241,1.0000,0.0000,6,169.11,-5.60,-15.34,0.5005,-0.0623,10736.5,0.0,155.16,152.77,154.91,154.91,4.06585,9.12223,120.679,70.6324,56.716,51.6765,49.3514,47.4894,46.2473,45.0718,43.9578,42.9008,41.5088,40.0315,37.5462,33.4614,28.2696,22.7377,12.7651
62.209,0.3556,1.0000,0.0000,6,169.52,-5.49,-15.32,0.5049,-0.0601,10760.5,0.0,155.37,152.86,155.26,155.26,4.03781,9.09474,129.187,72.685,57.7335,52.3963,49.9476,47.9926,46.6915,45.4624,44.2997,43.1983,41.7502,40.2169,37.6447,33.4376,28.2132,22.7078,12.7758
62.228,0.3684,1.0000,0.0000,6,169.92,-5.49,-15.31,0.5090,-0.0585,10786.1,0.0,155.58,152.94,155.62,155.62,4.00933,9.05274,140.455,75.2695,59.0335,53.3341,50.7357,48.6687,47.2967,46.0034,44.7821,43.6273,42.1124,40.512,37.8363,33.4835,28.1856,22.6979,12.7914
62.246,0.3229,1.0000,0.0000,6,170.31,-5.55,-15.29,0.5130,-0.0574,10808.4,0.0,155.86,153.07,155.96,155.96,3.98114,9.00224,155.466,78.4376,60.6225,54.4887,51.7123,49.5127,48.057,46.688,45.3981,44.1809,42.5877,40.9093,38.1131,33.5917,28.1769,22.701,12.8098
62.265,0.2582,1.0000,0.0000,6,170.70,-5.63,-15.26,0.5167,-0.0562,10827.6,0.0,156.36,153.49,156.22,156.22,3.95471,8.95589,175.296,82.1436,62.4454,55.809,52.8292,50.4789,48.9285,47.4741,46.107,44.8198,43.1392,41.3738,38.4443,33.7378,28.1665,22.7023,12.8266
62.284,0.2324,1.0000,0.0000,6,171.09,-5.69,-15.23,0.5201,-0.0548,10853.5,0.0,157.04,154.17,156.60,156.60,3.93126,8.92332,200.0,86.3539,64.4546,57.2514,54.0451,51.5282,49.8737,48.3258,46.8745,45.5112,43.7359,41.8767,38.8046,33.9017,28.15,22.6907,12.8384
62.302,0.2092,1.0000,0.0000,6,171.49,-5.72,-15.20,0.5233,-0.0532,10883.0,0.0,157.64,154.84,157.02,157.02,3.91088,8.90383,200.0,91.1978,66.6896,58.8411,55.3802,52.6776,50.9077,49.2566,47.7126,46.2659,44.3874,42.4265,39.2003,34.0879,28.1463,22.6678,12.8455
62.328,0.1882,1.0000,0.0000,6,171.89,-5.78,-15.15,0.5262,-0.0517,10911.3,0.0,158.21,155.42,157.43,157.43,3.89168,8.8823,200.0,97.1577,69.3575,60.7286,56.9645,54.0422,52.1364,50.3643,48.7122,47.1686,45.1703,43.0919,39.689,34.3381,28.1823,22.6509,12.8532
62.346,0.1694,1.0000,0.0000,6,172.30,-5.87,-15.11,0.5289,-0.0503,10938.5,0.0,158.72,155.94,157.82,157.82,3.87502,8.86889,200.0,104.349,72.4371,62.8832,58.7655,55.5893,53.5277,51.6173,49.8423,48.1889,46.0557,43.8458,40.246,34.6326,28.2441,22.6288,12.858
62.365,0.1525,1.0000,0.0000,6,172.74,-5.92,-15.06,0.5312,-0.0484,10952.6,0.0,159.16,156.47,158.05,158.05,3.86264,8.87697,200.0,112.759,75.8348,65.2195,60.7044,57.2457,55.0119,52.9498,51.0405,49.2676,46.9886,44.6371,40.8279,34.9386,28.3103,22.5871,12.8554
62.385,0.1372,1.0000,0.0000,6,173.20,-5.80,-14.99,0.5332,-0.0455,10962.6,0.0,159.55,157.04,158.18,158.18,3.85675,8.92641,193.897,121.974,79.287,67.535,62.6031,58.852,56.4414,54.2246,52.1792,50.2861,47.8612,45.3692,41.3542,35.1986,28.3449,22.5045,12.839
62.404,0.1235,1.0000,0.0000,6,173.65,-5.57,-14.93,0.5349,-0.0415,10982.8,0.0,159.92,157.65,158.47,158.47,3.85795,9.02236,185.101,131.875,82.6988,69.7593,64.4027,60.3569,57.7701,55.3999,53.2203,51.2096,48.6428,46.0154,41.804,35.3993,28.3409,22.3856,12.8081
62.428,0.1112,1.0000,0.0000,6,174.11,-5.23,-14.84,0.5361,-0.0368,11007.5,0.0,160.34,158.26,158.82,158.82,3.8652,9.1551,84.9382,143.067,86.2545,72.023,66.2146,61.8593,59.0884,56.5593,54.2418,52.1106,49.3995,46.6352,42.2273,35.5773,28.3221,22.2592,12.7671
62.448,0.1000,1.0000,0.0000,6,174.57,-4.95,-14.74,0.5369,-0.0321,11031.2,0.0,160.81,158.79,159.16,159.16,3.87656,9.30674,54.8211,157.042,90.3669,74.6012,68.2679,63.5566,60.5762,57.8669,55.3937,53.1271,50.2546,47.3382,42.7134,35.7951,28.327,22.1484,12.7228
62.466,0.0900,1.0000,0.0000,6,175.04,-4.71,-14.67,0.5372,-0.0271,11053.7,0.0,161.26,159.31,159.49,159.49,3.89394,9.49302,45.2557,174.06,94.9014,77.3793,70.4604,65.3572,62.1478,59.2432,56.602,54.1902,51.1458,48.0683,43.2158,36.0199,28.3353,22.0415,12.6713
62.485,0.0810,1.0000,0.0000,6,175.54,-4.39,-14.55,0.5369,-0.0214,11053.1,0.0,161.66,159.86,159.50,159.50,3.91967,9.7359,41.0186,200.0,99.5755,80.1558,72.6217,67.113,63.6689,60.5656,57.7549,55.1973,51.9816,48.7449,43.6699,36.2076,28.3208,21.9234,12.6081
62.503,0.0729,1.0000,0.0000,6,176.04,-3.94,-14.40,0.5359,-0.0145,11064.5,0.0,162.03,160.48,159.65,159.65,3.95632,10.0678,39.3115,200.0,103.838,82.5771,74.4659,68.5821,64.9238,61.6405,58.6776,55.9905,52.6234,49.2478,43.9815,36.2961,28.248,21.7748,12.5286
62.529,0.0656,1.0000,0.0000,6,176.54,-3.46,-14.27,0.5342,-0.0066,11087.8,0.0,162.41,161.08,159.98,159.98,4.00434,10.5008,38.6915,200.0,107.73,84.6892,76.0365,69.8069,65.9533,62.5074,59.4081,56.6056,53.1053,49.6085,44.1779,36.3064,28.1306,21.604,12.4351
62.548,0.0591,1.0000,0.0000,6,177.02,-2.98,-14.07,0.5316,0.0015,11115.9,0.0,162.89,161.65,160.38,160.38,4.06206,11.0267,38.2319,200.0,111.895,86.896,77.6635,71.0675,67.0087,63.393,60.1519,57.2302,53.5927,49.972,44.3746,36.3164,28.015,21.4369,12.3343
62.566,0.0532,1.0000,0.0000,6,177.52,-2.65,-13.88,0.5281,0.0095,11143.8,0.0,163.37,162.14,160.78,160.78,4.12938,11.6397,37.6873,200.0,116.737,89.4247,79.523,72.5093,68.218,64.4109,61.0107,57.9556,54.1653,50.407,44.6254,36.3617,27.9212,21.2845,12.2285
62.584,0.0479,1.0000,0.0000,6,178.01,-2.39,-13.71,0.5235,0.0178,11170.7,0.0,163.81,162.63,161.17,161.17,4.20961,12.2358,37.3113,198.792,121.87,92.0216,81.4098,73.9585,69.4261,65.4217,61.8586,58.6678,54.7229,50.8264,44.8612,36.3958,27.8221,21.1315,12.1133
62.603,0.0431,1.0000,0.0000,6,178.55,-2.08,-13.45,0.5177,0.0268,11167.8,0.0,164.22,163.19,161.14,161.14,4.30573,12.8127,37.2699,196.374,126.7,94.3481,83.0591,75.1983,70.4426,66.2572,62.5459,59.2326,55.1497,51.131,45.0061,36.3703,27.6906,20.9631,11.9852
62.628,0.0388,1.0000,0.0000,6,179.05,-1.75,-13.19,0.5107,0.0366,11193.4,0.0,164.62,163.75,161.50,161.50,4.41999,13.3885,37.5757,194.207,130.809,96.1932,84.3158,76.1056,71.1625,66.8267,62.9938,59.581,55.3872,51.2719,45.0239,36.2632,27.5149,20.773,11.8429
62.647,0.0349,1.0000,0.0000,6,179.54,-1.44,-12.91,0.5023,0.0468,11225.8,0.0,165.04,164.30,161.96,161.96,4.55293,13.9497,38.0151,192.179,134.578,97.788,85.3646,76.8358,71.7237,67.2541,63.3136,59.8133,55.5234,51.3256,44.9744,36.1139,27.3176,20.5735,11.6894
62.666,0.0314,1.0000,0.0000,6,180.03,-1.21,-12.57,0.4924,0.0570,11260.4,0.0,165.53,164.77,162.46,162.46,4.70372,14.4672,38.3288,190.09,138.893,99.6015,86.5641,77.6795,72.3799,67.762,63.7026,60.1064,55.7105,51.4219,44.9572,35.986,27.1341,20.3835,11.5364
62.685,0.0283,1.0000,0.0000,6,180.52,-1.07,-12.28,0.4810,0.0672,11292.9,0.0,165.97,165.24,162.94,162.94,4.8749,14.9549,38.6053,187.996,143.535,101.502,87.8109,78.5525,73.0567,68.2848,64.1026,60.4075,55.9032,51.5221,44.9423,35.8598,26.953,20.1966,11.3869
62.703,0.0254,1.0000,0.0000,6,181.03,-0.95,-11.97,0.4679,0.0777,11305.5,0.0,166.39,165.72,163.16,163.16,5.06969,15.4321,38.9529,185.993,148.042,103.252,88.9267,79.3112,73.6309,68.7148,64.4184,60.6323,56.0292,51.5646,44.8831,35.7062,26.7582,20.004,11.2386
62.728,0.0229,1.0000,0.0000,6,181.54,-0.79,-11.57,0.4532,0.0887,11320.6,0.0,166.81,166.25,163.34,163.34,5.27401,15.9204,39.4834,184.204,151.708,104.524,89.6738,79.7694,73.9427,68.9142,64.5307,60.6758,55.9995,51.4751,44.7241,35.4908,26.531,19.7958,11.0892
62.747,0.0206,1.0000,0.0000,6,182.03,-0.63,-11.19,0.4366,0.1001,11353.5,0.0,167.22,166.75,163.81,163.81,5.47521,16.4128,40.1236,182.572,154.729,105.439,90.147,80.0067,74.0628,68.9458,64.4948,60.588,55.858,51.2914,44.4945,35.2326,26.2819,19.5775,10.9397
62.766,0.0185,1.0000,0.0000,6,182.50,-0.49,-10.71,0.4183,0.1116,11391.0,0.0,167.69,167.26,164.35,164.35,5.67196,16.8901,40.7415,180.966,157.798,106.33,90.5947,80.2203,74.1608,68.9573,64.4405,60.4836,55.7023,51.0954,44.2563,34.97,26.032,19.3602,10.7923
62.785,0.0167,1.0000,0.0000,6,182.98,-0.43,-10.23,0.3980,0.1217,11426.0,0.0,168.14,167.67,164.85,164.85,5.86312,17.3358,41.2344,179.269,198.096,107.508,91.2397,80.5826,74.3837,69.0752,64.4785,60.4597,55.614,50.956,44.0604,34.7342,25.7977,19.1522,10.6485
62.804,0.0150,1.0000,0.0000,6,183.46,-0.40,-9.88,0.3772,0.1198,11459.7,0.0,168.54,168.11,165.34,165.34,6.05116,17.775,41.7459,177.629,196.657,108.583,91.7986,80.8728,74.5426,69.1363,64.4657,60.3905,55.487,50.7838,43.84,34.4839,25.5567,18.9418,10.5057
62.829,0.0135,1.0000,0.0000,6,184.00,-0.34,-9.42,0.3567,0.1183,11439.6,0.0,168.94,168.60,165.06,165.06,6.23859,18.2306,42.3948,176.181,195.318,109.172,92.0009,80.8822,74.4613,68.9897,64.2717,60.1621,55.2254,50.4991,43.5361,34.1833,25.2896,18.7188,10.3615
62.847,0.0122,1.0000,0.0000,6,184.47,-0.24,-9.02,0.3364,0.1172,11482.0,0.0,169.33,169.08,165.65,165.65,6.42649,18.711,43.2134,174.965,194.099,109.142,91.7592,80.5468,74.0872,68.5916,63.8595,59.7425,54.803,50.0803,43.1337,33.8234,24.992,18.4808,10.2153
62.866,0.0109,1.0000,0.0000,6,184.91,-0.17,-8.90,0.3163,0.1162,11549.4,0.0,169.71,169.49,166.61,166.61,6.61318,19.1942,44.0708,173.829,192.919,108.902,91.3661,80.094,73.6137,68.1083,63.3736,59.2586,54.3269,49.617,42.6989,33.4446,24.6852,18.2387,10.0692
62.885,0.0099,1.0000,0.0000,6,185.35,-0.14,-9.00,0.2963,0.1153,11617.0,0.0,170.09,169.89,167.59,167.59,6.79808,19.6703,44.9091,172.702,191.741,108.643,90.9585,79.6292,73.1297,67.6159,62.8798,58.7679,53.8451,49.1491,42.2611,33.0645,24.3784,17.9973,9.92391
62.903,0.0089,1.0000,0.0000,6,185.80,-0.12,-9.06,0.2765,0.1143,11673.2,0.0,170.54,170.34,168.41,168.41,6.98063,20.1325,45.6896,171.54,190.544,108.494,90.6236,79.2192,72.6916,67.1625,62.4193,58.3062,53.388,48.7018,41.8387,32.6944,24.0774,17.7593,9.78004
62.928,0.0080,1.0000,0.0000,6,186.27,-0.14,-9.13,0.2568,0.1132,11712.9,0.0,170.98,170.76,168.99,168.99,7.16069,20.5782,46.4001,170.329,189.319,108.501,90.3939,78.8875,72.3182,66.7639,62.0063,57.8857,52.9651,48.283,41.4374,32.3372,23.7838,17.5256,9.6376
62.948,0.0072,1.0000,0.0000,6,186.75,-0.16,-9.22,0.2373,0.1121,11737.8,0.0,171.41,171.19,169.39,169.39,7.33901,21.0155,47.0842,169.116,188.09,108.528,90.1736,78.5605,71.9486,66.3679,61.595,57.4666,52.543,47.8651,41.0366,31.9809,23.491,17.2928,9.49594
62.966,0.0065,1.0000,0.0000,6,187.31,-0.14,-9.09,0.2178,0.1112,11698.0,0.0,171.86,171.69,168.79,168.79,7.51773,21.4659,47.8499,168.017,186.919,108.222,89.7198,78.0557,71.429,65.8441,61.0732,56.9513,52.0408,47.3805,40.5876,31.5957,23.1836,17.0529,9.35333
62.985,0.0058,1.0000,0.0000,6,187.78,-0.10,-8.98,0.1985,0.1105,11729.9,0.0,172.29,172.16,169.24,169.24,7.6969,21.929,48.6921,167.021,185.799,107.6,89.0465,77.3837,70.7693,65.2012,60.4496,56.3474,51.4648,46.8352,40.0942,31.1846,22.863,16.8066,9.20993
63.002,0.0052,1.0000,0.0000,6,188.23,-0.07,-8.96,0.1793,0.1099,11777.5,0.0,172.71,172.59,169.91,169.91,7.87542,22.393,49.5491,166.058,184.696,106.868,88.2976,76.6541,70.0614,64.5175,59.7908,55.7134,50.8638,46.2694,39.5863,30.7652,22.5386,16.5588,9.06669
63.028,0.0047,1.0000,0.0000,6,188.68,-0.05,-9.02,0.1601,0.1093,11827.6,0.0,173.12,173.02,170.64,170.64,8.05289,22.8527,50.3933,165.097,183.593,106.12,87.5359,75.9148,69.3455,63.827,59.1263,55.0744,50.2588,45.7006,39.0764,30.345,22.2143,16.3113,8.92394
63.047,0.0042,1.0000,0.0000,6,189.14,-0.03,-9.05,0.1411,0.1086,11868.7,0.0,173.57,173.45,171.24,171.24,8.22902,23.3045,51.2068,164.12,182.479,105.417,86.803,75.1973,68.6476,63.1517,58.4748,54.4465,49.6634,45.1396,38.5726,29.9288,21.8922,16.0654,8.78187
63.066,0.0038,1.0000,0.0000,6,189.61,-0.04,-9.12,0.1221,0.1080,11902.6,0.0,173.99,173.87,171.73,171.73,8.40405,23.7506,51.9995,163.137,181.362,104.725,86.0769,74.4839,67.9525,62.4788,57.8253,53.8208,49.0697,44.5802,38.07,29.5136,21.5712,15.8202,8.6403
63.084,0.0034,1.0000,0.0000,6,190.11,-0.04,-9.15,0.1031,0.1073,11904.6,0.0,174.41,174.30,171.80,171.80,8.57856,24.1958,52.7942,162.169,180.251,103.974,85.3095,73.739,67.2316,61.784,57.1568,53.1784,48.4622,44.0095,37.5594,29.0939,21.248,15.5741,8.49882
63.104,0.0403,1.0000,0.0000,6,190.59,-0.03,-9.12,0.0843,0.1068,11918.2,0.0,174.85,174.77,171.96,171.96,8.75345,24.6489,53.6338,161.254,179.167,103.033,84.4128,72.8966,66.4295,61.0205,56.43,52.4856,47.8128,43.4044,37.024,28.6597,20.9175,15.3246,8.35691
63.128,0.1034,1.0000,0.0000,6,191.05,0.04,-9.15,0.0655,0.1053,11953.9,0.0,175.34,175.08,172.47,172.47,8.91574,24.9888,53.9446,159.87,177.825,103.712,84.5963,72.8578,66.293,60.8178,56.182,52.2063,47.5063,43.0815,36.6933,28.3475,20.6512,15.1085,8.22264
63.147,0.1511,1.0000,0.0000,6,191.49,-0.04,-9.25,0.0472,0.1012,11999.6,0.0,175.91,175.15,173.12,173.12,9.04435,25.0299,52.9121,157.18,175.779,109.231,87.9322,75.1266,68.0536,62.2021,57.2813,53.0855,48.1539,43.5392,36.9244,28.3664,20.5571,14.9814,8.10849
63.166,0.1808,1.0000,0.0000,6,191.91,-0.49,-9.41,0.0296,0.0938,12048.0,0.0,176.53,175.10,173.82,173.82,9.12867,24.7104,50.4414,152.475,172.789,123.307,96.4664,81.0432,72.7426,65.989,60.3871,55.6657,50.1795,45.1072,37.9374,28.8336,20.691,14.9706,8.02092
63.185,0.1665,1.0000,0.0000,6,192.31,-1.27,-9.61,0.0129,0.0834,12098.7,0.0,177.12,175.05,174.55,174.55,9.17204,24.1117,47.1312,144.309,168.84,176.019,113.069,92.1592,81.4126,72.9155,66.0291,60.3354,53.8422,47.9532,39.8106,29.7664,21.0501,15.0716,7.95922
63.203,0.1499,1.0000,0.0000,6,192.70,-2.29,-9.84,-0.0027,0.0716,12150.4,0.0,177.70,175.18,175.29,175.29,9.18853,23.3971,43.7723,118.921,164.121,171.974,175.529,110.644,95.2937,83.6896,74.6099,67.3121,59.2114,52.0607,42.4677,31.0811,21.5778,15.2518,7.91675
63.228,0.1349,1.0000,0.0000,6,193.11,-3.23,-10.02,-0.0171,0.0596,12168.8,0.0,178.16,175.48,175.57,175.57,9.19382,22.7105,40.8688,97.5266,158.92,167.651,171.508,174.567,116.067,99.0768,86.4314,76.6537,66.1806,57.2518,45.7126,32.6308,22.1905,15.4679,7.88493
63.247,0.1214,1.0000,0.0000,6,193.50,-3.98,-10.23,-0.0302,0.0483,12211.1,0.0,178.50,175.88,176.17,176.17,9.19604,22.1104,38.52,83.7213,153.388,163.253,167.452,170.747,172.925,120.582,102.137,88.5921,74.7276,63.4,49.3897,34.3041,22.8303,15.6918,7.85891
63.266,0.1093,1.0000,0.0000,6,193.88,-4.58,-10.46,-0.0420,0.0377,12253.7,0.0,178.80,176.32,176.79,176.79,9.19468,21.5808,36.5831,74.0986,147.294,158.764,163.364,166.919,169.252,171.441,123.857,104.274,85.3857,70.7515,53.5673,36.1076,23.4968,15.9237,7.83908
63.285,0.0983,1.0000,0.0000,6,194.26,-5.02,-10.69,-0.0524,0.0278,12288.4,0.0,179.09,176.76,177.30,177.30,9.18902,21.1069,34.9541,67.0021,139.892,154.143,159.229,163.081,165.583,167.917,170.107,125.71,99.0011,79.6712,58.3437,38.055,24.1923,16.1649,7.82598
63.304,0.0885,1.0000,0.0000,6,194.66,-5.32,-10.90,-0.0615,0.0185,12314.9,0.0,179.40,177.22,177.69,177.69,9.17822,20.676,33.5568,61.5348,124.14,149.308,155.021,159.219,161.91,164.401,166.726,168.908,116.976,90.7075,63.8553,40.1658,24.921,16.4176,7.82034
63.328,0.0797,1.0000,0.0000,6,195.07,-5.48,-11.09,-0.0691,0.0099,12335.4,0.0,179.71,177.69,177.99,177.99,9.16292,20.2867,32.3598,57.2478,107.103,144.183,150.756,155.365,158.266,160.928,163.395,165.7,168.696,104.413,70.1546,42.417,25.6709,16.6773,7.82172
63.347,0.0717,1.0000,0.0000,6,195.49,-5.49,-11.27,-0.0754,0.0021,12348.5,0.0,180.02,178.18,178.18,178.18,9.14406,19.9401,31.3435,53.8661,95.3638,138.59,146.463,151.57,154.707,157.55,160.165,162.594,165.736,121.344,77.2098,44.7562,26.4221,16.9369,7.82931
63.366,0.0645,1.0000,0.0000,6,195.92,-5.33,-11.41,-0.0802,-0.0047,12358.5,0.0,180.33,178.70,178.32,178.32,9.12276,19.6383,30.496,51.2137,87.039,131.853,142.199,147.91,151.304,154.336,157.099,159.649,162.931,166.347,84.8416,47.0953,27.1472,17.1872,7.84195
63.385,0.0581,1.0000,0.0000,6,196.36,-5.02,-11.54,-0.0836,-0.0106,12369.6,0.0,180.64,179.23,178.49,178.49,9.09893,19.3752,29.7882,49.1141,80.9446,119.95,137.947,144.414,148.087,151.312,154.221,156.887,160.299,163.835,92.905,49.3805,27.8344,17.4255,7.85945
63.404,0.0523,1.0000,0.0000,6,196.80,-4.62,-11.66,-0.0857,-0.0156,12381.8,0.0,180.97,179.77,178.66,178.66,9.07188,19.1421,29.1884,47.42,76.3278,109.972,133.603,141.08,145.054,148.476,151.526,154.302,157.834,161.478,101.306,51.5892,28.4836,17.6534,7.88215
63.428,0.0470,1.0000,0.0000,6,197.25,-4.17,-11.78,-0.0866,-0.0199,12395.7,0.0,181.31,180.28,178.86,178.86,9.04152,18.9335,28.6761,46.0389,72.7583,102.667,128.928,137.914,142.215,145.832,149.017,151.894,155.535,159.273,109.871,53.687,29.091,17.871,7.90987
63.447,0.0423,1.0000,0.0000,6,197.70,-3.68,-11.89,-0.0862,-0.0235,12411.4,0.0,181.66,180.80,179.09,179.09,9.00753,18.7432,28.2304,44.8907,69.9272,97.1186,122.576,134.903,139.556,143.366,146.678,149.647,153.384,157.206,118.487,55.6678,29.6607,18.0804,7.94267
63.466,0.0381,1.0000,0.0000,6,198.15,-3.21,-12.00,-0.0848,-0.0267,12432.4,0.0,182.04,181.30,179.38,179.38,8.96881,18.5605,27.8228,43.8859,67.5524,92.6331,115.548,131.955,137.009,141.016,144.452,147.508,151.333,155.229,161.561,57.5962,30.2151,18.2903,7.98143
63.485,0.0343,1.0000,0.0000,6,198.59,-2.81,-12.10,-0.0824,-0.0297,12456.9,0.0,182.45,181.76,179.74,179.74,8.92404,18.374,27.423,42.9385,65.3955,88.686,109.522,128.887,134.457,138.686,142.252,145.397,149.312,153.281,159.711,59.5967,30.7892,18.5128,8.02739
63.504,0.0309,1.0000,0.0000,6,199.04,-2.47,-12.18,-0.0792,-0.0325,12477.3,0.0,182.86,182.21,180.03,180.03,8.87344,18.1824,27.0265,42.0316,63.4004,85.137,104.226,125.573,131.87,136.356,140.064,143.302,147.308,151.351,157.876,61.6913,31.3879,18.7493,8.08031
63.528,0.0278,1.0000,0.0000,6,199.50,-2.17,-12.24,-0.0751,-0.0351,12497.3,0.0,183.27,182.67,180.32,180.32,8.81796,17.9883,26.6377,41.1717,61.5687,81.9632,99.585,121.801,129.257,134.041,137.901,141.237,145.333,149.449,156.067,63.8497,32.0022,18.996,8.13923
63.547,0.0250,1.0000,0.0000,6,199.95,-1.92,-12.32,-0.0703,-0.0375,12518.0,0.0,183.66,183.10,180.62,180.62,8.75883,17.7965,26.2659,40.3767,59.9287,79.1901,95.607,116.815,126.664,131.786,135.803,139.234,143.417,147.599,154.302,65.997,32.6134,19.2462,8.20281
63.566,0.0225,1.0000,0.0000,6,200.41,-1.68,-12.42,-0.0648,-0.0396,12540.5,0.0,184.04,183.56,180.94,180.94,8.69786,17.6142,25.9253,39.6761,58.5328,76.8893,92.3657,112.133,124.199,129.673,133.835,137.349,141.607,145.845,152.617,67.9936,33.189,19.4887,8.26901
63.585,0.0202,1.0000,0.0000,6,200.86,-1.45,-12.50,-0.0587,-0.0413,12566.0,0.0,184.43,184.02,181.30,181.30,8.63481,17.4377,25.6062,39.0424,57.3098,74.9196,89.6355,108.259,121.824,127.671,131.968,135.557,139.879,144.164,150.992,69.8731,33.7394,19.7268,8.33795
63.604,0.0182,1.0000,0.0000,6,201.28,-1.28,-12.66,-0.0522,-0.0429,12616.7,0.0,184.83,184.43,182.04,182.04,8.56809,17.2559,25.2827,38.4118,56.1153,73.0239,87.0367,104.619,119.314,125.644,130.093,133.762,138.149,142.482,149.367,71.838,34.3118,19.976,8.41139
63.628,0.0164,1.0000,0.0000,6,201.74,-1.16,-12.77,-0.0451,-0.0446,12636.3,0.0,185.24,184.85,182.33,182.33,8.49777,17.0678,24.9513,37.7744,54.9256,71.1586,84.5034,101.111,116.531,123.559,128.186,131.943,136.403,140.786,147.73,73.9348,34.9153,20.2386,8.48931
63.647,0.0148,1.0000,0.0000,6,202.19,-1.05,-12.84,-0.0377,-0.0462,12656.0,0.0,185.65,185.29,182.61,182.61,8.42515,16.8793,24.6253,37.1603,53.8027,69.4255,82.1759,97.929,113.402,121.489,126.306,130.153,134.683,139.115,146.113,76.0402,35.5214,20.5051,8.57022
63.666,0.0133,1.0000,0.0000,6,202.65,-0.95,-12.92,-0.0298,-0.0476,12676.8,0.0,186.05,185.72,182.91,182.91,8.35069,16.6925,24.3083,36.5769,52.7597,67.8423,80.0745,95.0916,109.812,119.463,124.477,128.409,133.004,137.48,144.526,78.1007,36.1192,20.7719,8.6535
63.685,0.0120,1.0000,0.0000,6,203.10,-0.84,-13.01,-0.0216,-0.0487,12699.1,0.0,186.44,186.16,183.23,183.23,8.27538,16.5113,24.0082,36.0405,51.8275,66.4555,78.259,92.6772,106.733,117.548,122.745,126.751,131.399,135.908,142.991,80.008,36.6864,21.0315,8.73791
63.704,0.0108,1.0000,0.0000,6,203.55,-0.73,-13.08,-0.0131,-0.0497,12723.1,0.0,186.83,186.60,183.58,183.58,8.19886,16.3331,23.7194,35.5373,50.9747,65.21,76.6486,90.5629,104.067,115.721,121.088,125.157,129.848,134.383,141.494,81.7961,37.2319,21.287,8.82379
63.729,0.0097,1.0000,0.0000,6,203.97,-0.64,-13.22,-0.0042,-0.0506,12773.7,0.0,187.23,187.01,184.30,184.30,8.12057,16.1533,23.4305,35.0399,50.1419,64.0057,75.102,88.5492,101.545,113.889,119.441,123.574,128.307,132.867,140.003,83.5993,37.7832,21.5467,8.91189
63.747,0.0087,1.0000,0.0000,6,204.43,-0.58,-13.32,0.0049,-0.0516,12794.7,0.0,187.64,187.42,184.62,184.62,8.0402,15.9697,23.1366,34.5368,49.3056,62.8027,73.5644,86.5567,99.0625,112.003,117.775,121.978,126.756,131.342,138.504,85.4827,38.3531,21.8144,9.00266
63.766,0.0078,1.0000,0.0000,6,204.88,-0.53,-13.39,0.0142,-0.0525,12815.6,0.0,188.05,187.85,184.91,184.91,7.9584,15.7852,22.844,34.0414,48.492,61.6435,72.0926,84.6631,96.7181,110.107,116.122,120.395,125.217,129.828,137.013,87.3679,38.9255,22.085,9.09525
63.785,0.0071,1.0000,0.0000,6,205.33,-0.48,-13.43,0.0238,-0.0533,12837.1,0.0,188.46,188.28,185.22,185.22,7.8755,15.6012,22.555,33.559,47.7108,60.5429,70.7058,82.8945,94.545,108.226,114.5,118.839,123.7,128.332,135.538,89.2144,39.4923,22.3557,9.18921
63.804,0.0064,1.0000,0.0000,6,205.78,-0.43,-13.47,0.0335,-0.0540,12859.3,0.0,188.86,188.70,185.54,185.54,7.79169,15.4182,22.271,33.0919,46.9667,59.5072,69.4122,81.2599,92.5533,106.38,112.919,117.319,122.213,126.862,134.081,90.9908,40.0479,22.6248,9.28424
63.828,0.0057,1.0000,0.0000,6,206.22,-0.37,-13.48,0.0435,-0.0546,12883.0,0.0,189.26,189.13,185.88,185.88,7.7071,15.2364,21.9918,32.6394,46.2569,58.5311,68.2032,79.7469,90.7231,104.572,111.382,115.833,120.754,125.415,132.643,92.6906,40.591,22.8917,9.38016
63.847,0.0051,1.0000,0.0000,6,206.66,-0.33,-13.49,0.0537,-0.0551,12910.5,0.0,189.66,189.54,186.28,186.28,7.62147,15.054,21.7136,32.1926,45.563,57.5847,67.0373,78.2963,88.9787,102.752,109.863,114.363,119.307,123.978,131.212,94.3676,41.1327,23.1599,9.47733
63.866,0.0046,1.0000,0.0000,6,207.10,-0.29,-13.51,0.0640,-0.0556,12937.7,0.0,190.06,189.96,186.67,186.67,7.53496,14.8714,21.4368,31.7519,44.8854,56.6673,65.9142,76.9076,87.3178,100.917,108.363,112.909,117.873,122.552,129.789,96.0158,41.6711,23.4284,9.57554
63.884,0.0042,1.0000,0.0000,6,207.54,-0.25,-13.52,0.0745,-0.0561,12963.8,0.0,190.46,190.36,187.05,187.05,7.44757,14.6881,21.1604,31.3148,44.2182,55.7696,64.8197,75.561,85.7142,99.0284,106.875,111.465,116.447,121.132,128.369,97.6514,42.2094,23.6983,9.67483
63.902,0.0038,1.0000,0.0000,6,207.98,-0.23,-13.52,0.0851,-0.0565,12989.7,0.0,190.86,190.77,187.42,187.42,7.35936,14.5043,20.8844,30.8813,43.5616,54.8917,63.754,74.2564,84.1675,97.1406,105.399,110.031,115.029,119.718,126.954,99.7714,42.7464,23.9692,9.77511
63.928,0.0034,1.0000,0.0000,6,208.42,-0.20,-13.53,0.0958,-0.0569,13015.7,0.0,191.26,191.18,187.80,187.80,7.27037,14.32,20.6088,30.4507,42.914,54.0304,62.7128,72.9873,82.669,95.3205,103.935,108.606,113.618,118.309,125.542,136.813,43.283,24.2411,9.8763
63.947,0.0030,1.0000,0.0000,6,208.86,-0.18,-13.53,0.1066,-0.0573,13041.9,0.0,191.66,191.58,188.18,188.18,7.18083,14.1356,20.3345,30.0251,42.2784,53.1903,61.7017,71.7611,81.2275,93.5791,102.488,107.195,112.217,116.908,124.135,135.4,43.8152,24.5127,9.97812
63.966,0.0027,1.0000,0.0000,6,209.29,-0.16,-13.54,0.1176,-0.0576,13068.2,0.0,192.05,191.99,188.56,188.56,7.09066,13.951,20.0607,29.6028,41.6518,52.3665,60.7142,70.5687,79.8311,91.9004,101.055,105.793,110.824,115.512,122.732,133.989,44.3448,24.7846,10.0807
63.984,0.0025,1.0000,0.0000,6,209.72,-0.15,-13.55,0.1287,-0.0580,13096.1,0.0,192.45,192.39,188.96,188.96,6.99976,13.7653,19.786,29.1801,41.0269,51.5472,59.734,69.3875,78.4509,90.2464,99.6205,104.392,109.429,114.116,121.327,132.574,44.878,25.0586,10.1841
64.002,0.0022,1.0000,0.0000,6,210.16,-0.14,-13.56,0.1398,-0.0582,13122.1,0.0,192.84,192.79,189.33,189.33,6.90841,13.5797,19.5126,28.7619,40.4129,50.7468,58.7804,68.2442,77.1206,88.659,98.2046,103.004,108.045,112.727,119.928,131.162,45.4056,25.3317,10.288
64.028,0.0020,1.0000,0.0000,6,210.59,-0.12,-13.56,0.1511,-0.0585,13147.7,0.0,193.24,193.20,189.70,189.70,6.81665,13.3943,19.2404,28.348,39.8091,49.9641,57.8517,67.1363,75.8367,87.1356,96.808,101.629,106.671,111.346,118.533,129.751,45.9271,25.6038,10.3924
64.047,0.0018,1.0000,0.0000,6,211.02,-0.11,-13.56,0.1624,-0.0587,13173.1,0.0,193.64,193.59,190.07,190.07,6.72436,13.2082,18.9678,27.9344,39.2076,49.1861,56.9304,66.0387,74.5677,85.6334,95.4131,100.256,105.296,109.964,117.137,128.339,46.4498,25.8771,10.4973
64.066,0.0016,1.0000,0.0000,6,211.45,-0.10,-13.56,0.1738,-0.0590,13198.7,0.0,194.03,193.99,190.44,190.44,6.63146,13.0211,18.6939,27.5194,38.6049,48.4078,56.0095,64.9433,73.3022,84.1373,94.0132,98.8789,103.918,108.579,115.736,126.921,46.9769,26.1526,10.603
64.085,0.0015,1.0000,0.0000,6,211.88,-0.10,-13.56,0.1853,-0.0592,13224.4,0.0,194.43,194.39,190.81,190.81,6.53795,12.8329,18.4185,27.1026,38.0002,47.6276,55.0872,63.8475,72.0367,82.6429,92.6059,97.4966,102.536,107.188,114.331,125.498,47.5091,26.4303,10.7096
64.104,0.0013,1.0000,0.0000,6,212.31,-0.09,-13.56,0.1968,-0.0594,13251.4,0.0,194.82,194.78,191.20,191.20,6.44418,12.645,18.1445,26.6897,37.4044,46.8623,54.1855,62.78,70.8086,81.1989,91.2157,96.1259,101.162,105.804,112.93,124.077,48.0351,26.7068,10.8163
64.128,0.0012,1.0000,0.0000,6,212.74,-0.09,-13.56,0.2084,-0.0595,13277.9,0.0,195.21,195.18,191.58,191.58,6.35009,12.4573,17.8717,26.2807,36.818,46.113,53.306,61.7433,69.6207,79.809,89.8466,94.7691,99.7972,104.427,111.533,122.657,48.5528,26.9815,10.9232
64.147,0.0011,1.0000,0.0000,6,213.16,-0.08,-13.56,0.2201,-0.0597,13303.7,0.0,195.60,195.57,191.95,191.95,6.25566,12.2692,17.5988,25.8726,36.2343,45.3692,52.4343,60.7178,68.4477,78.4397,88.4824,93.4151,98.4339,103.051,110.136,121.236,49.0692,27.2564,11.0305
64.166,0.0010,1.0000,0.0000,6,213.59,-0.07,-13.56,0.2318,-0.0598,13329.1,0.0,195.99,195.97,192.32,192.32,6.16075,12.0805,17.3251,25.4637,35.6504,44.6255,51.564,59.6947,67.2791,77.0773,87.1164,92.0592,97.0681,101.672,108.735,119.81,49.5877,27.5325,11.1384
64.185,0.0009,1.0000,0.0000,6,214.01,-0.07,-13.56,0.2436,-0.0600,13354.3,0.0,196.38,196.36,192.69,192.69,6.06547,11.8911,17.0507,25.054,35.0659,43.8818,50.694,58.673,66.1123,75.7181,85.7463,90.7001,95.6992,100.289,107.33,118.379,50.1086,27.8099,11.2468
64.204,0.0008,1.0000,0.0000,6,214.44,-0.06,-13.57,0.2555,-0.0601,13379.8,0.0,196.77,196.74,193.05,193.05,5.96981,11.7011,16.7755,24.6436,34.4809,43.1384,49.8246,57.6533,64.9484,74.3635,84.3731,89.3382,94.3274,98.9029,105.922,116.944,50.6315,28.0884,11.3556
64.228,0.0007,1.0000,0.0000,6,214.86,-0.06,-13.57,0.2674,-0.0602,13406.0,0.0,197.16,197.13,193.43,193.43,5.87376,11.5105,16.4997,24.2326,33.8959,42.3955,48.9571,56.6364,63.7891,73.0159,82.998,87.9747,92.9531,97.5139,104.51,115.504,51.156,28.3679,11.4649
64.247,0.0006,1.0000,0.0000,6,215.28,-0.06,-13.60,0.2793,-0.0604,13435.9,0.0,197.54,197.52,193.86,193.86,5.7773,11.3191,16.2227,23.8199,33.3086,41.6498,48.0862,55.6156,62.6254,71.6634,81.6138,86.6046,91.573,96.1193,103.092,114.058,51.6851,28.6493,11.5747
64.266,0.0006,1.0000,0.0000,6,215.70,-0.06,-13.62,0.2913,-0.0605,13460.6,0.0,197.93,197.90,194.22,194.22,5.68043,11.127,15.9445,23.4056,32.7191,40.9016,47.2126,54.5917,61.4586,70.3076,80.221,85.2286,90.1874,94.7191,101.669,112.607,52.2185,28.9325,11.6851
64.285,0.0005,1.0000,0.0000,6,216.12,-0.06,-13.63,0.3033,-0.0607,13485.4,0.0,198.31,198.29,194.58,194.58,5.58318,10.9342,15.6657,22.9906,32.1292,40.1535,46.3396,53.5692,60.294,68.9561,78.824,83.8496,88.7984,93.3155,100.241,111.15,52.754,29.217,11.7959
64.304,0.0005,1.0000,0.0000,6,216.54,-0.07,-13.65,0.3154,-0.0608,13509.8,0.0,198.70,198.68,194.93,194.93,5.48562,10.7409,15.3864,22.5753,31.5395,39.4064,45.4683,52.5499,59.1341,67.6104,77.4242,82.4684,87.407,91.9088,98.8101,109.689,53.2908,29.5022,11.9072
64.329,-0.0096,1.0000,0.0000,6,216.96,-0.07,-13.68,0.3276,-0.0609,13534.6,0.0,199.08,199.06,195.29,195.29,5.38795,10.5482,15.1087,22.1644,30.9593,38.6748,44.6183,51.5595,58.0112,66.3143,76.0512,81.1035,86.0269,90.5107,97.3846,108.23,53.8146,29.784,12.0182
64.347,-0.0171,1.0000,0.0000,6,217.38,-0.07,-13.71,0.3397,-0.0606,13559.6,0.0,199.42,199.48,195.65,195.65,5.29204,10.3654,14.8523,21.8004,30.4718,38.0886,43.9623,50.8291,57.218,65.4497,74.9767,79.9217,84.7839,89.2256,96.0492,106.84,54.1948,30.023,12.124
64.366,-0.0154,1.0000,0.0000,6,217.78,0.01,-13.78,0.3518,-0.0596,13595.7,0.0,199.72,199.93,196.17,196.17,5.1998,10.2001,14.6328,21.5165,30.1412,37.748,43.6338,50.5369,56.9812,65.3148,74.3667,79.0415,83.7705,88.1317,94.8677,105.567,54.3261,30.1865,12.2197
64.385,-0.0138,1.0000,0.0000,6,218.20,0.15,-13.84,0.3638,-0.0582,13619.5,0.0,200.06,200.36,196.51,196.51,5.11,10.0452,14.4346,21.2783,29.9005,37.5492,43.4962,50.5028,57.0753,65.6204,73.9424,78.3103,82.8769,87.1396,93.7692,104.358,54.3128,30.3046,12.3088
64.404,-0.0124,1.0000,0.0000,6,218.62,0.29,-13.89,0.3756,-0.0568,13642.5,0.0,200.43,200.76,196.84,196.84,5.02129,9.89287,14.2406,21.0483,29.6756,37.3766,43.3954,50.5223,57.2424,66.0304,73.4743,77.5771,81.989,86.1542,92.6772,103.154,54.2719,30.4117,12.3957
64.428,-0.0112,1.0000,0.0000,6,219.03,0.39,-13.92,0.3873,-0.0554,13665.7,0.0,200.82,201.13,197.18,197.18,4.93323,9.73972,14.0434,20.8092,29.4315,37.1738,43.2552,50.4906,57.3479,66.3664,72.8903,76.7802,81.0559,85.1326,91.5558,101.927,54.2583,30.5244,12.4822
64.447,-0.0101,1.0000,0.0000,6,219.45,0.44,-14.00,0.3988,-0.0543,13689.3,0.0,201.21,201.49,197.52,197.52,4.84549,9.58399,13.8388,20.5516,29.1485,36.9087,43.0311,50.347,57.3122,66.4566,72.1711,75.8938,80.0548,84.0537,90.3875,100.662,54.3002,30.6516,12.5695
64.465,-0.0091,1.0000,0.0000,6,219.86,0.46,-14.07,0.4102,-0.0533,13713.6,0.0,201.60,201.84,197.87,197.87,4.75827,9.42622,13.628,20.2772,28.8292,36.584,42.7263,50.0935,57.1356,66.1299,71.3408,74.9293,78.9921,82.9222,89.1753,99.3607,54.3935,30.7922,12.6574
64.484,-0.0082,1.0000,0.0000,6,220.25,0.46,-14.20,0.4214,-0.0524,13758.3,0.0,201.99,202.21,198.51,198.51,4.67174,9.26771,13.4137,19.9925,28.4864,36.2202,42.3674,49.7653,56.8634,65.5805,70.438,73.9121,77.8873,81.7547,87.9324,98.0342,54.5185,30.9406,12.7453
64.503,-0.0073,1.0000,0.0000,6,220.67,0.45,-14.32,0.4324,-0.0516,13780.4,0.0,202.38,202.57,198.84,198.84,4.58606,9.10943,13.1981,19.7025,28.1301,35.8332,41.976,49.3926,56.5326,64.9079,69.4887,72.861,76.7553,80.5634,86.669,96.69,54.6602,31.0924,12.8326
64.529,-0.0066,1.0000,0.0000,6,221.08,0.43,-14.40,0.4433,-0.0508,13799.0,0.0,202.77,202.94,199.11,199.11,4.50108,8.95082,12.9802,19.4045,27.7547,35.4133,41.5387,48.9559,56.1186,64.1253,68.4863,71.7689,75.5896,79.3423,85.3799,95.3236,54.8275,31.2503,12.9197
64.547,-0.0060,1.0000,0.0000,6,221.50,0.40,-14.45,0.4540,-0.0502,13819.3,0.0,203.16,203.32,199.40,199.40,4.41683,8.79236,12.761,19.1014,27.3663,34.9706,41.069,48.4733,55.6441,63.2697,67.446,70.6472,74.399,78.0992,84.0713,93.9399,55.0114,31.4119,13.0065
64.566,-0.0054,1.0000,0.0000,6,221.91,0.37,-14.52,0.4646,-0.0496,13840.2,0.0,203.54,203.69,199.70,199.70,4.33329,8.63385,12.54,18.7918,26.962,34.4999,40.5596,47.9342,55.0945,62.3441,66.3644,69.4922,73.1801,76.8307,82.7402,92.5365,55.2172,31.5789,13.0931
64.584,-0.0048,1.0000,0.0000,6,222.32,0.34,-14.57,0.4751,-0.0491,13862.2,0.0,203.94,204.05,200.02,200.02,4.25022,8.47456,12.3159,18.473,26.5363,33.9925,39.998,47.3212,54.4465,61.3446,65.235,68.2977,71.9272,75.5317,81.3821,91.1096,55.4533,31.7543,13.1801
64.604,-0.0043,1.0000,0.0000,6,222.72,0.30,-14.65,0.4855,-0.0487,13898.3,0.0,204.32,204.42,200.53,200.53,4.16773,8.31556,12.0913,18.1512,26.1019,33.4693,39.4137,46.6753,53.7541,60.3094,64.0824,67.0837,70.6571,74.2168,80.0093,89.6687,55.7008,31.9322,13.2668
64.628,-0.0039,1.0000,0.0000,6,223.13,0.27,-14.71,0.4958,-0.0483,13920.2,0.0,204.69,204.79,200.85,200.85,4.08585,8.15728,11.8671,17.8285,25.6641,32.9386,38.8183,46.0123,53.0387,59.2529,62.916,65.8579,69.3762,72.8916,78.6264,88.2178,55.974,32.1102,13.3529
64.647,-0.0035,1.0000,0.0000,6,223.53,0.24,-14.75,0.5060,-0.0480,13941.6,0.0,205.07,205.16,201.16,201.16,4.0045,7.99935,11.6426,17.5038,25.2199,32.3962,38.2054,45.3241,52.2881,58.1704,61.7317,64.6168,68.0817,71.5534,77.2312,86.7548,56.565,32.2901,13.4388
64.666,-0.0032,1.0000,0.0000,6,223.94,0.22,-14.78,0.5161,-0.0477,13963.0,0.0,205.45,205.54,201.47,201.47,3.9237,7.8422,11.4189,17.1792,24.7743,31.8503,37.5866,44.6268,51.5249,57.0751,60.5387,63.3676,66.7796,70.2078,75.8284,85.2836,58.0637,32.4693,13.524
64.684,-0.0028,1.0000,0.0000,6,224.35,0.19,-14.80,0.5261,-0.0474,13985.0,0.0,205.83,205.91,201.79,201.79,3.84323,7.68497,11.1942,16.8511,24.3202,31.2888,36.9457,43.8973,50.7183,55.9527,59.3256,62.1011,65.4615,68.8469,74.4112,83.7984,96.6008,32.6517,13.6093
64.703,-0.0026,1.0000,0.0000,6,224.75,0.17,-14.81,0.5361,-0.0471,14007.7,0.0,206.21,206.27,202.11,202.11,3.76309,7.52768,10.9686,16.5198,23.8576,30.7123,36.2829,43.1356,49.866,54.8044,58.0927,60.8171,64.1273,67.471,72.9793,82.2991,95.0541,32.8377,13.6946
64.729,-0.0023,1.0000,0.0000,6,225.15,0.15,-14.83,0.5461,-0.0469,14034.2,0.0,206.58,206.64,202.50,202.50,3.68329,7.37083,10.7433,16.1883,23.3935,30.1326,35.6147,42.3661,48.975,53.6473,56.8531,59.5264,62.7866,66.0883,71.5403,80.7916,93.4981,33.0235,13.7796
64.747,-0.0021,1.0000,0.0000,6,225.55,0.13,-14.84,0.5559,-0.0467,14058.4,0.0,206.95,207.01,202.84,202.84,3.60372,7.21398,10.5175,15.8547,22.924,29.5429,34.9324,41.5754,48.03,52.4733,55.6001,58.2236,61.4343,64.6941,70.0898,79.2724,91.9299,33.2115,13.8646
64.766,-0.0019,1.0000,0.0000,6,225.95,0.11,-14.86,0.5658,-0.0465,14082.1,0.0,207.32,207.37,203.19,203.19,3.52434,7.05698,10.2909,15.5184,22.4478,28.9414,34.2327,40.76,47.0376,51.2807,54.3318,56.9069,60.0689,63.2872,68.6268,77.7404,90.3482,33.4025,13.9498
64.785,-0.0017,1.0000,0.0000,6,226.35,0.09,-14.86,0.5756,-0.0464,14105.7,0.0,207.69,207.74,203.53,203.53,3.44515,6.90014,10.0642,15.1814,21.9696,28.3358,33.5272,39.9357,46.021,50.0801,53.0569,55.5835,58.6965,61.8729,67.1557,76.1992,88.7563,33.5941,14.0349
64.803,-0.0015,1.0000,0.0000,6,226.75,0.08,-14.85,0.5854,-0.0462,14129.1,0.0,208.06,208.10,203.87,203.87,3.3662,6.74371,9.83803,14.845,21.4918,27.7304,32.8214,39.1102,44.9903,48.8763,51.7789,54.2568,57.32,60.454,65.679,74.6509,87.1555,33.7848,14.1196
64.828,-0.0014,1.0000,0.0000,6,227.14,0.07,-14.83,0.5951,-0.0460,14152.4,0.0,208.42,208.47,204.21,204.21,3.28746,6.5876,9.61229,14.5091,21.0142,27.1251,32.1151,38.284,43.9477,47.6692,50.498,52.9267,55.9398,59.0305,64.1965,73.0952,85.5456,33.9745,14.204
64.846,-0.0012,1.0000,0.0000,6,227.54,0.06,-14.81,0.6049,-0.0459,14172.4,0.0,208.79,208.83,204.49,204.49,3.20877,6.43118,9.38553,14.1703,20.5304,26.5085,31.3931,37.4349,42.8753,46.4463,49.2036,51.5837,54.547,57.5945,62.7014,71.5262,83.9216,34.1678,14.2888
64.866,-0.0011,1.0000,0.0000,6,227.94,0.04,-14.78,0.6146,-0.0458,14196.4,0.0,209.16,209.19,204.84,204.84,3.13008,6.2743,9.15755,13.8285,20.0395,25.8802,30.654,36.5612,41.7747,45.2069,47.8948,50.2272,53.1408,56.1452,61.1927,69.9431,82.2827,34.3651,14.3741
64.884,-0.0010,1.0000,0.0000,6,228.33,0.03,-14.77,0.6243,-0.0458,14221.4,0.0,209.52,209.54,205.20,205.20,3.05147,6.11738,8.92932,13.4857,19.5465,25.2478,29.9094,35.679,40.6614,43.9607,46.5796,48.8643,51.7276,54.6883,59.6754,68.3499,80.632,34.5636,14.4594
64.903,-0.0009,1.0000,0.0000,6,228.72,0.02,-14.73,0.6340,-0.0457,14246.7,0.0,209.89,209.91,205.56,205.56,2.97287,5.96046,8.70103,13.1427,19.0528,24.6142,29.1628,34.7947,39.5412,42.7115,45.2613,47.4973,50.3098,53.2258,58.1513,66.7479,78.9707,34.7621,14.5446
64.928,-0.0008,1.0000,0.0000,6,229.10,0.01,-14.69,0.6437,-0.0456,14271.3,0.0,210.25,210.27,205.92,205.92,2.89435,5.80368,8.47294,12.8001,18.5596,23.9814,28.4172,33.9113,38.4168,41.4611,43.9412,46.1279,48.8884,51.7589,56.6212,65.1379,77.2992,34.9599,14.6298
64.947,-0.0007,1.0000,0.0000,6,229.50,0.00,-14.65,0.6534,-0.0456,14289.7,0.0,210.60,210.62,206.19,206.19,2.81587,5.64699,8.24497,12.4575,18.0665,23.3486,27.6715,33.0276,37.2875,40.2089,42.6189,44.7556,47.463,50.2869,55.0846,63.5193,75.6168,35.1572,14.7148
64.966,-0.0007,1.0000,0.0000,6,229.89,-0.00,-14.58,0.6631,-0.0455,14308.7,0.0,210.96,210.99,206.46,206.46,2.73744,5.49036,8.01706,12.1151,17.5734,22.7157,26.9257,32.1435,36.1533,38.9547,41.2943,43.3802,46.0335,48.8098,53.5412,61.8918,73.9231,35.3687,14.7997
64.991,-0.0006,1.0000,0.0000,6,230.31,-0.01,-14.52,0.6737,-0.0454,14336.1,0.0,211.35,211.38,206.85,206.85,2.65118,5.31808,7.7664,11.7384,17.031,22.0195,26.1051,31.1709,34.9004,37.573,39.8347,41.8638,44.4564,47.1791,51.8355,60.0908,72.0467,35.7759,14.893
65.010,-0.0005,1.0000,0.0000,6,230.73,-0.01,-14.48,0.6843,-0.0453,14366.1,0.0,211.74,211.76,207.28,207.28,2.56495,5.14587,7.51576,11.3617,16.4885,21.3228,25.284,30.1974,33.6418,36.1887,38.3721,40.3435,42.8739,45.5415,50.1211,58.2781,70.1555,36.4958,14.9862
65.035,-0.0005,1.0000,0.0000,6,231.15,-0.01,-14.40,0.6950,-0.0452,14394.8,0.0,212.13,212.16,207.70,207.70,2.47877,4.97372,7.26524,10.9851,15.946,20.6263,24.4629,29.2225,32.3782,34.8024,36.9069,38.8196,41.2865,43.8976,48.3978,56.4534,68.2492,37.783,15.0793
65.054,-0.0004,1.0000,0.0000,6,231.57,-0.01,-14.35,0.7056,-0.0452,14421.0,0.0,212.52,212.54,208.08,208.08,2.39249,4.80098,7.01338,10.6054,15.3969,19.9187,23.6261,28.1964,31.0954,33.4015,35.428,37.2819,39.6844,42.2381,46.6573,54.6092,66.3209,40.9018,15.173
65.078,-0.0004,1.0000,0.0000,6,232.01,-0.03,-14.22,0.7162,-0.0452,14431.2,0.0,212.92,212.93,208.23,208.23,2.30599,4.62739,6.75978,10.2218,14.84,19.1981,22.7712,27.118,29.7926,31.9851,33.9342,35.7289,38.0663,40.5613,44.8977,52.7432,64.3683,78.6348,15.2677
65.097,-0.0605,1.0000,0.0000,6,232.42,-0.04,-14.11,0.7269,-0.0452,14458.8,0.0,213.31,213.31,208.62,208.62,2.21945,4.45362,6.50582,9.83755,14.2816,18.4751,21.913,26.0128,28.4838,30.5644,32.4354,34.1698,36.4403,38.875,43.1259,50.861,62.396,76.6442,15.3627
65.122,-0.1579,1.0000,0.0000,6,232.82,-0.07,-14.06,0.7373,-0.0427,14490.3,0.0,213.39,213.90,209.07,209.07,2.1397,4.31058,6.31723,9.60144,14.0338,18.2715,21.7865,25.5922,27.761,29.6705,31.4232,33.0681,35.2418,37.5908,41.7232,49.3074,60.7112,74.9003,15.4141
65.141,-0.2309,1.0000,0.0000,6,233.19,0.43,-13.97,0.7468,-0.0343,14523.8,0.0,213.00,214.63,209.56,209.56,2.07858,4.24602,6.29489,9.74782,14.6153,19.5075,23.4876,26.4037,28.2116,29.8881,31.4717,32.986,35.017,37.2388,41.1958,48.5537,59.7447,73.7875,15.3581
65.166,-0.2857,0.5500,0.0000,6,233.49,1.83,-13.93,0.7546,-0.0196,14563.8,0.0,212.46,215.24,210.13,210.13,2.04274,4.27994,6.48533,10.4206,16.4893,22.7282,25.6953,27.9879,29.5215,30.9928,32.4149,33.7969,35.6756,37.7573,41.5129,48.5989,59.5144,73.3339,15.1888
65.184,-0.3267,0.3025,0.0000,6,233.50,3.50,-13.81,0.7602,-0.0019,14406.2,0.0,211.96,215.44,207.89,207.89,2.03131,4.39613,6.8608,11.6302,20.0111,25.2213,27.6067,29.5796,30.9408,32.27,33.5713,34.8486,36.602,38.5632,42.1363,48.9619,59.5962,73.1711,14.9636
65.210,-0.3576,0.1664,0.0000,6,233.15,4.94,-13.74,0.7631,0.0160,14310.3,0.0,211.41,215.11,206.51,206.51,2.0435,4.57996,7.39487,13.4131,22.7372,26.9461,29.0485,30.8338,32.0832,33.3141,34.5285,35.7282,37.3854,39.2498,42.6721,49.2711,59.6493,72.9953,14.7265
65.228,-0.3807,0.0915,0.0000,6,232.61,6.22,-13.74,0.7631,0.0339,14230.8,0.0,210.73,214.50,203.57,207.18,2.08201,4.8457,8.13881,16.1213,24.5454,28.2733,30.1985,31.8545,33.023,34.181,35.3291,36.4677,38.0467,39.8316,43.1259,49.5251,59.6698,72.8017,14.4781
65.252,-0.3980,0.0503,0.0000,6,231.93,7.59,-13.68,0.7601,0.0536,14161.5,0.0,209.78,213.81,202.21,206.55,2.15427,5.24473,9.27299,19.0298,26.1544,29.5744,31.3705,32.9283,34.0335,35.1326,36.2256,37.3129,38.8258,40.5418,43.7213,49.9358,59.855,72.7686,14.1951
65.272,-0.4110,0.0277,0.0000,6,231.13,9.38,-13.64,0.7538,0.0758,14095.0,0.0,208.69,213.15,200.94,205.92,2.26726,5.83739,11.0839,21.3158,27.7732,30.9753,32.6741,34.1544,35.2081,36.2586,37.306,38.3501,39.8059,41.4609,44.5379,50.5802,60.2787,72.9641,13.8713
65.297,-0.4207,0.0152,0.0000,6,230.27,11.12,-13.49,0.7441,0.0986,14033.4,0.0,207.60,212.33,199.94,205.14,2.42151,6.64845,13.6956,23.1841,29.2218,32.2645,33.8874,35.3062,36.3186,37.3297,38.3393,39.3469,40.7542,42.3572,45.3445,51.232,60.7267,32.4482,13.5331
65.315,-0.4281,0.0084,0.0000,6,229.38,12.43,-13.35,0.7308,0.1197,13971.5,0.0,206.60,211.27,199.17,204.13,2.61519,7.67934,15.7566,24.5753,30.3086,33.2249,34.7869,36.1556,37.1336,38.1114,39.0889,40.0658,41.432,42.9903,45.8994,51.651,60.966,29.8806,13.2041
65.340,-0.4335,0.0046,0.0000,6,228.49,13.44,-13.30,0.7140,0.1392,13910.4,0.0,205.68,210.15,198.42,203.11,2.8497,8.97411,17.2576,25.6025,31.0921,33.9032,35.4131,36.7382,37.6864,38.6355,39.5853,40.5354,41.8652,43.3836,46.2238,51.8541,61.0089,28.3251,12.881
65.360,-0.4376,0.0025,0.0000,6,227.57,14.17,-13.24,0.6938,0.1580,13851.3,0.0,204.70,208.98,197.64,202.19,3.12972,10.3756,18.4425,26.4201,31.7055,34.4255,35.8895,37.1763,38.0981,39.0217,39.9465,40.8723,42.1692,43.6519,46.4292,51.9489,60.9565,27.1215,12.5534
65.384,-0.4407,0.0014,0.0000,6,226.62,15.06,-13.17,0.6701,0.1777,13791.2,0.0,203.66,207.98,196.69,201.40,3.46713,11.6138,19.5263,27.2217,32.3381,34.9792,36.4034,37.6566,38.555,39.4554,40.3578,41.2616,42.5289,43.979,46.6979,52.1144,60.9803,25.9191,12.2087
65.403,-0.4430,0.0008,0.0000,6,225.66,15.84,-13.03,0.6429,0.1972,13734.1,0.0,202.67,207.01,195.88,200.56,3.86193,12.6812,20.4515,27.9091,32.8778,35.4492,36.8378,38.0604,38.9374,39.8171,40.6991,41.5831,42.8233,44.243,46.9084,52.2296,60.9624,24.8745,11.8752
65.428,-0.4448,0.0004,0.0000,6,224.73,15.95,-12.84,0.6121,0.2140,13678.2,0.0,201.80,205.91,195.34,199.49,4.30356,13.4904,21.0605,28.2751,33.0985,35.6024,36.9561,38.1493,39.0059,39.8657,40.7284,41.5933,42.8075,44.1987,46.814,52.0471,60.6605,24.2325,11.5749
65.452,-0.4461,0.0002,0.0000,6,223.87,15.58,-12.75,0.5778,0.2279,13622.6,0.0,201.07,204.78,194.82,198.40,4.74584,14.0654,21.3857,28.3456,33.0218,35.4574,36.7765,37.9407,38.7772,39.6173,40.4606,41.3069,42.4956,43.8592,46.4262,51.5756,60.0806,23.9489,11.3075
65.472,-0.4471,0.0001,0.0000,6,223.02,14.84,-12.64,0.5402,0.2404,13570.3,0.0,200.38,203.62,194.25,197.46,5.14468,14.4888,21.5466,28.2542,32.7853,35.1534,36.4386,37.5741,38.3907,39.2114,40.0357,40.8635,42.0275,43.364,45.8839,50.9518,59.3538,23.8855,11.0628
65.497,-0.4478,0.0001,0.0000,6,222.07,14.45,-12.32,0.4993,0.2506,13515.7,0.0,199.42,202.80,193.20,196.94,5.54295,15.0095,21.9054,28.4285,32.8438,35.1561,36.4126,37.5233,38.3224,39.126,39.9338,40.7452,41.887,43.199,45.6755,50.6655,58.9615,23.4178,10.798
65.515,-0.4483,0.0000,0.0000,6,221.09,14.90,-11.99,0.4583,0.2480,13459.9,0.0,198.41,202.28,191.99,196.52,5.94726,15.6308,22.45,28.8496,33.1776,35.4459,36.6787,37.7689,38.5537,39.343,40.1366,40.9342,42.0568,43.3474,45.7854,50.7028,58.8926,22.5681,10.5137
65.540,-0.4488,0.0000,0.0000,6,220.14,14.56,-11.34,0.4184,0.2432,13408.9,0.0,197.56,201.44,191.49,195.56,6.31475,16.1025,22.8018,29.0583,33.2924,35.5141,36.7223,37.7916,38.5615,39.3363,40.1157,40.8992,42.0026,43.2719,45.6713,50.5177,58.6074,22.0118,10.2541
65.559,-0.4491,0.0000,0.0000,6,219.30,13.44,-10.82,0.3795,0.2337,13356.6,0.0,196.94,200.35,191.22,194.32,6.62399,16.3321,22.8277,28.8931,33.0121,35.1787,36.3587,37.4039,38.1571,38.9155,39.6788,40.4467,41.5288,42.7747,45.1327,49.9058,57.9005,21.9718,10.0355
65.584,-0.4493,0.0000,0.0000,6,218.47,12.07,-10.38,0.3417,0.2230,13304.5,0.0,196.36,199.29,190.61,193.43,6.90128,16.475,22.7556,28.6248,32.626,34.7363,35.8875,36.9081,37.6443,38.386,39.133,39.8849,40.9454,42.1675,44.4832,49.1824,57.0827,22.1301,9.83362
65.603,-0.4495,0.0000,0.0000,6,217.64,11.52,-10.16,0.3053,0.2145,13250.9,0.0,195.71,198.69,189.63,192.86,7.17782,16.6824,22.8013,28.5125,32.4144,34.4764,35.6025,36.6016,37.3227,38.0496,38.7821,39.5197,40.5607,41.7611,44.0379,48.6671,56.4742,22.0641,9.62276
65.628,-0.4496,0.0000,0.0000,6,216.81,11.08,-9.82,0.2705,0.2066,13206.4,0.0,195.03,198.14,188.91,192.29,7.43881,16.8825,22.8589,28.4283,32.2395,34.2569,35.3598,36.339,37.0461,37.7592,38.4781,39.2024,40.225,41.4047,43.6445,48.2069,55.923,21.9616,9.41696
65.646,-0.4497,0.0000,0.0000,6,216.04,10.33,-9.57,0.2371,0.1964,13158.3,0.0,194.47,197.40,188.45,191.36,7.65858,16.9601,22.7616,28.1691,31.8797,33.8485,34.9261,35.8837,36.5757,37.2739,37.9781,38.688,39.6908,40.8486,43.0496,47.5424,55.1676,22.2716,9.23833
65.671,-0.4498,0.0000,0.0000,6,215.30,9.66,-9.50,0.2055,0.1855,13110.1,0.0,193.93,196.66,187.83,190.60,7.85043,16.9835,22.6072,27.8526,31.4628,33.3828,34.4351,35.371,36.0478,36.731,37.4205,38.1159,39.0988,40.2346,42.3966,46.8195,54.3543,22.9024,9.07679
65.691,-0.4498,0.0000,0.0000,6,214.53,9.47,-9.48,0.1758,0.1766,13061.6,0.0,193.27,196.12,186.92,190.10,8.04004,17.0587,22.5451,27.6594,31.1859,33.0647,34.0954,35.0127,35.6763,36.3465,37.023,37.7056,38.671,39.7874,41.9144,46.2738,53.7224,23.3886,8.91228
65.716,-0.4499,0.0000,0.0000,6,213.75,9.73,-9.47,0.1481,0.1697,13015.7,0.0,192.55,195.66,186.02,189.67,8.22695,17.1786,22.5627,27.5738,31.0327,32.8775,33.8902,34.7918,35.4442,36.1033,36.7689,37.4406,38.391,39.4906,41.5869,45.8895,53.2582,23.5939,8.74626
65.734,-0.4499,0.0000,0.0000,6,212.99,9.76,-9.30,0.1221,0.1623,12972.1,0.0,191.84,195.05,185.45,188.99,8.39033,17.2531,22.5306,27.4376,30.829,32.64,33.6347,34.5207,35.1619,35.81,36.4646,37.1256,38.0612,39.1441,41.21,45.4567,52.7476,24.2717,8.59673
65.759,-0.4499,0.0000,0.0000,6,212.24,9.70,-9.22,0.0979,0.1541,12925.0,0.0,191.19,194.33,184.85,188.23,8.52709,17.2705,22.4315,27.2291,30.5504,32.3264,33.3025,34.1722,34.8021,35.4389,36.0824,36.7324,37.6528,38.7186,40.7537,44.944,52.1577,62.3669,8.46684
65.778,-0.4499,0.0000,0.0000,6,211.48,9.74,-9.13,0.0755,0.1468,12877.1,0.0,190.45,193.65,184.07,187.63,8.65458,17.2968,22.3574,27.0597,30.3194,32.0638,33.0233,33.8785,34.4981,35.1248,35.7583,36.3983,37.3048,38.355,40.362,44.5001,51.6415,61.7805,8.34323
65.802,-0.4499,0.0000,0.0000,6,210.70,10.19,-9.08,0.0549,0.1411,12828.3,0.0,189.66,193.09,183.19,187.10,8.78126,17.3609,22.3475,26.9767,30.1873,31.9063,32.8522,33.6957,34.3069,34.9252,35.5503,36.1819,37.0767,38.1139,40.097,44.1899,51.2661,61.3557,8.21953
65.822,-0.4500,0.0000,0.0000,6,209.91,10.66,-8.93,0.0360,0.1361,12783.0,0.0,188.87,192.47,182.46,186.52,8.89684,17.4215,22.3429,26.9075,30.0742,31.7705,32.7042,33.5371,34.1407,34.7513,35.3687,35.9927,36.877,37.9023,39.8636,43.915,50.9304,61.0049,8.10473
65.846,-0.4500,0.0000,0.0000,6,209.13,10.90,-8.78,0.0188,0.1301,12735.5,0.0,188.13,191.72,181.85,185.75,8.9888,17.4295,22.2744,26.7671,29.8857,31.5577,32.4784,33.2998,33.8952,34.4977,35.1071,35.7231,36.5965,37.6095,39.5478,43.5567,50.5114,60.5965,8.00933
65.865,-0.4500,0.0000,0.0000,6,208.35,11.05,-8.65,0.0031,0.1237,12687.0,0.0,187.39,190.92,181.20,185.01,9.06219,17.4034,22.1679,26.5862,29.6559,31.3031,32.2105,33.0203,33.6075,34.2019,34.8032,35.4112,36.2735,37.2739,39.1895,43.1561,50.0512,60.1713,7.92973
65.890,-0.4500,0.0000,0.0000,6,207.56,11.33,-8.53,-0.0109,0.1182,12638.0,0.0,186.62,190.21,180.42,184.38,9.12913,17.3863,22.0822,26.4363,29.4635,31.0888,31.9845,32.7841,33.3641,33.9513,34.5455,35.1465,35.9988,36.988,38.8832,42.8115,49.6521,59.8492,7.8563
65.909,-0.4500,0.0000,0.0000,6,206.77,11.75,-8.41,-0.0234,0.1131,12589.8,0.0,185.83,189.53,179.65,183.76,9.18785,17.3707,22.0067,26.304,29.2935,30.8993,31.7846,32.5751,33.1487,33.7295,34.3172,34.9117,35.7551,36.7342,38.6111,42.5045,49.2951,59.6171,7.7909
65.934,-0.4500,0.0000,0.0000,6,205.97,11.95,-8.22,-0.0344,0.1076,12542.9,0.0,185.08,188.77,179.03,183.02,9.22827,17.3191,21.8887,26.1246,29.0737,30.659,31.5335,32.3146,32.8814,33.4553,34.0364,34.6242,35.4584,36.4271,38.2852,42.1432,48.8839,59.358,7.74212
65.959,-0.4500,0.0000,0.0000,6,205.20,12.00,-8.07,-0.0439,0.1011,12494.9,0.0,184.38,187.96,178.43,182.24,9.24859,17.2248,21.7179,25.8852,28.79,30.353,31.2157,31.9865,32.5459,33.1126,33.6864,34.2671,35.0914,36.0492,37.8871,41.7081,48.3976,59.0379,7.71205
65.977,-0.4500,0.0000,0.0000,6,204.42,11.99,-7.90,-0.0520,0.0947,12446.8,0.0,183.64,187.19,177.74,181.54,9.25724,17.1165,21.534,25.6342,28.4956,30.0369,30.8879,31.6486,32.2009,32.7605,33.3273,33.901,34.7159,35.6629,37.4812,41.2662,47.9062,58.7472,7.69408
66.003,-0.4500,0.0000,0.0000,6,203.63,12.09,-7.75,-0.0586,0.0887,12398.7,0.0,182.90,186.48,177.00,180.88,9.25824,17.008,21.3557,25.3939,28.2155,29.7367,30.577,31.3283,31.874,32.4271,32.9874,33.5548,34.3608,35.2978,37.0979,40.8495,47.4434,58.5376,7.68489
66.021,-0.4500,0.0000,0.0000,6,202.85,12.15,-7.57,-0.0639,0.0827,12352.5,0.0,182.17,185.78,176.34,180.21,9.24835,16.8869,21.1655,25.1429,27.9256,29.427,30.2569,30.9992,31.5385,32.0852,32.6393,33.2004,33.9977,34.9249,36.7075,40.4267,46.9763,58.3673,7.68779
66.046,-0.4500,0.0000,0.0000,6,202.08,12.07,-7.37,-0.0678,0.0761,12305.8,0.0,181.48,185.03,175.73,179.47,9.22261,16.7349,20.9379,24.8492,27.5901,29.0704,29.8891,30.6218,31.1543,31.6943,32.2417,32.7961,33.5842,34.5012,36.2652,39.9506,46.4547,58.1584,7.70778
66.065,-0.4500,0.0000,0.0000,6,201.32,11.91,-7.18,-0.0704,0.0692,12259.1,0.0,180.79,184.28,175.10,178.76,9.18371,16.5605,20.6843,24.5272,27.2245,28.6831,29.4904,30.2132,30.7387,31.2717,31.812,32.3597,33.1383,34.0447,35.79,39.4406,45.8989,57.9381,7.74319
66.090,-0.4500,0.0000,0.0000,6,200.56,11.79,-7.00,-0.0717,0.0625,12212.5,0.0,180.09,183.59,174.41,178.10,9.1373,16.3823,20.4301,24.2077,26.8634,28.3013,29.0977,29.811,30.3297,30.856,31.3897,31.9308,32.7005,33.5969,35.324,38.9417,45.3614,57.7872,7.789
66.108,-0.4500,0.0000,0.0000,6,199.80,11.72,-6.83,-0.0716,0.0559,12166.3,0.0,179.40,182.93,173.72,177.46,9.08361,16.2004,20.1754,23.8906,26.5067,27.925,28.7108,29.415,29.9273,30.4472,30.9747,31.5095,32.2707,33.1576,34.8674,38.4538,44.8566,57.7139,7.84518
66.134,-0.4500,0.0000,0.0000,6,199.04,11.61,-6.63,-0.0703,0.0494,12121.6,0.0,178.72,182.26,173.10,176.79,9.01997,16.0049,19.906,23.5581,26.1344,27.5328,28.3081,29.0032,29.509,30.0225,30.5437,31.0724,31.825,32.7024,34.3948,37.95,44.3567,57.6722,7.91485
66.152,-0.4500,0.0000,0.0000,6,198.30,11.45,-6.45,-0.0677,0.0425,12076.2,0.0,178.07,181.56,172.47,176.11,8.94555,15.7921,19.617,23.2041,25.7396,27.1174,27.8819,28.5676,29.0668,29.5738,30.0886,30.6109,31.3548,32.2223,33.897,37.4204,43.8492,57.6429,7.99959
66.177,-0.4500,0.0000,0.0000,6,197.56,11.29,-6.26,-0.0639,0.0358,12031.1,0.0,177.40,180.90,171.82,175.46,8.86304,15.5707,19.3201,22.8429,25.3379,26.6955,27.4493,28.1258,28.6186,29.1192,29.6276,30.1436,30.8787,31.7365,33.3939,36.886,43.3591,57.6742,8.09698
66.196,-0.4500,0.0000,0.0000,6,196.83,11.19,-6.09,-0.0589,0.0293,11986.2,0.0,176.73,180.26,171.15,174.83,8.77395,15.3456,19.0219,22.4828,24.9388,26.2769,27.0205,27.6881,28.1746,28.6691,29.1714,29.6813,30.408,31.2565,32.8973,36.3595,42.9036,57.8049,8.20562
66.221,-0.4500,0.0000,0.0000,6,196.10,11.11,-5.93,-0.0526,0.0230,11942.2,0.0,176.07,179.63,170.51,174.20,8.67737,15.1135,18.7179,22.118,24.5356,25.8547,26.5884,27.2474,27.7278,28.2161,28.7123,29.2163,29.9349,30.7743,32.399,35.8321,42.4742,58.0275,8.32691
66.239,-0.4500,0.0000,0.0000,6,195.38,11.01,-5.77,-0.0452,0.0167,11898.4,0.0,175.43,178.98,169.90,173.55,8.57207,14.8699,18.4011,21.7397,24.1186,25.4185,26.1421,26.7923,27.2665,27.7487,28.2388,28.7368,29.4473,30.2776,31.886,35.2898,42.0538,58.3171,8.463
66.265,-0.4500,0.0000,0.0000,6,194.66,10.91,-5.62,-0.0366,0.0103,11854.5,0.0,174.78,178.33,169.27,172.91,8.4587,14.6165,18.0743,21.3512,23.6914,24.9721,25.6855,26.3269,26.7948,27.2709,27.755,28.2471,28.9493,29.7706,31.3627,34.7375,41.6497,58.6969,8.61366
66.284,-0.4500,0.0000,0.0000,6,193.95,10.86,-5.47,-0.0268,0.0043,11810.7,0.0,174.13,177.70,168.60,172.31,8.34001,14.3616,17.7491,20.9668,23.2701,24.5325,25.2361,25.8692,26.3312,26.8014,27.2798,27.7663,28.4608,29.2735,30.8501,34.1978,41.2972,59.2542,8.77548
66.308,-0.4500,0.0000,0.0000,6,193.24,10.86,-5.34,-0.0159,-0.0015,11767.0,0.0,173.47,177.09,167.94,171.71,8.21536,14.1031,17.4223,20.5827,22.8504,24.095,24.7893,25.4143,25.8707,26.3353,26.8082,27.2893,27.9764,28.7808,30.3426,33.6715,40.9932,60.0041,8.94941
66.327,-0.4500,0.0000,0.0000,6,192.53,10.84,-5.20,-0.0038,-0.0074,11724.7,0.0,172.83,176.46,167.36,171.07,8.0828,13.8343,17.0841,20.1865,22.418,23.6446,24.3295,24.9464,25.397,25.856,26.3234,26.799,27.4786,28.2746,29.8216,33.1506,40.71,60.9095,9.13908
66.352,-0.4500,0.0000,0.0000,6,191.83,10.81,-5.08,0.0094,-0.0134,11681.7,0.0,172.21,175.81,166.76,170.43,7.94148,13.5518,16.7296,19.7719,21.9658,23.1736,23.8487,24.4572,24.9019,25.3551,25.8167,26.2866,26.9583,27.7456,29.2772,32.6239,40.4314,61.9555,9.34705
66.371,-0.4500,0.0000,0.0000,6,191.13,10.77,-4.97,0.0237,-0.0193,11638.9,0.0,171.58,175.17,166.14,169.82,7.7937,13.2631,16.3694,19.3521,21.5085,22.6979,23.3634,23.9635,24.4024,24.8497,25.3056,25.7698,26.4337,27.2125,28.729,32.1143,40.1959,63.2664,9.57009
66.396,-0.4500,0.0000,0.0000,6,190.44,10.82,-4.88,0.0391,-0.0247,11596.2,0.0,170.93,174.56,165.48,169.24,7.64152,12.9745,16.0124,18.9385,21.0595,22.2316,22.888,23.4803,23.9136,24.3555,24.8059,25.2648,25.9216,26.6925,28.1951,31.6461,40.0473,65.0099,9.80423
66.415,-0.4500,0.0000,0.0000,6,189.75,10.91,-4.79,0.0556,-0.0300,11554.2,0.0,170.29,173.96,164.86,168.65,7.48354,12.6814,15.652,18.5224,20.6089,21.7641,22.4116,22.9963,23.4242,23.8607,24.306,24.7598,25.4097,26.1728,27.6648,31.2062,39.9705,67.2324,10.0523
66.439,-0.4500,0.0000,0.0000,6,189.06,10.91,-4.69,0.0732,-0.0356,11512.7,0.0,169.68,173.33,164.31,168.01,7.31662,12.3723,15.2718,18.0826,20.1322,21.2691,21.907,22.4833,22.9054,23.3363,23.7759,24.2242,24.8665,25.6215,27.1174,30.7511,39.8969,69.8287,10.3228
66.458,-0.4500,0.0000,0.0000,6,188.39,10.90,-4.63,0.0918,-0.0415,11470.8,0.0,169.09,172.68,163.74,167.36,7.14095,12.0478,14.8723,17.6199,19.6301,20.7473,21.3749,21.9423,22.3581,22.7829,23.2164,23.6588,24.2931,25.0391,26.5542,30.2795,39.8268,72.8973,10.6179
66.483,-0.4500,0.0000,0.0000,6,187.71,10.88,-4.56,0.1115,-0.0471,11429.3,0.0,168.46,172.04,163.12,166.79,6.96075,11.722,14.4734,17.1597,19.1317,20.23,20.8476,21.4065,21.8164,22.2352,22.663,23.0997,23.7263,24.4722,26.0181,29.8492,39.8683,76.9837,10.927
66.508,-0.4500,0.0000,0.0000,6,187.03,11.00,-4.51,0.1322,-0.0520,11387.5,0.0,167.82,171.45,162.46,166.24,6.77731,11.3988,14.0809,16.7097,18.646,19.7267,20.3351,20.8862,21.2906,21.704,22.1265,22.5581,23.1824,23.9429,25.5263,29.4855,40.0827,82.7005,11.2457
66.527,-0.4500,0.0000,0.0000,6,186.35,11.13,-4.45,0.1539,-0.0568,11347.1,0.0,167.19,170.86,161.86,165.67,6.58848,11.0706,13.6836,16.2554,18.1562,19.2196,19.819,20.3624,20.7614,21.1695,21.5869,22.0177,22.6534,23.4309,25.0563,29.1607,40.4378,90.5726,11.5804
66.552,-0.4500,0.0000,0.0000,6,185.69,11.12,-4.38,0.1767,-0.0622,11306.6,0.0,166.60,170.22,161.35,165.01,6.39021,10.7222,13.2593,15.7672,17.6277,18.6712,19.2602,19.7947,20.1874,20.5898,21.0079,21.4451,22.0915,22.884,24.548,28.7931,40.7873,100.774,11.9495
66.571,-0.4500,0.0000,0.0000,6,185.04,11.04,-4.35,0.2003,-0.0681,11265.8,0.0,166.03,169.56,160.83,164.36,6.18321,10.3565,12.812,15.2501,17.0662,18.0875,18.665,19.1894,19.5765,19.9805,20.4031,20.8456,21.5012,22.3071,24.0066,28.3893,41.1505,114.727,12.3543
66.596,-0.4500,0.0000,0.0000,6,184.37,11.00,-4.29,0.2250,-0.0733,11225.4,0.0,165.41,168.93,160.20,163.82,5.97423,9.99579,12.3742,14.7467,16.5214,17.5223,18.089,18.6082,18.9992,19.4085,19.8374,20.2872,20.9552,21.7786,23.5241,28.0815,41.8322,138.28,12.768
66.615,-0.4500,0.0000,0.0000,6,183.70,11.17,-4.26,0.2505,-0.0775,11184.2,0.0,164.77,168.38,159.51,163.32,5.76434,9.64365,11.9512,14.2642,16.002,16.9849,17.5477,18.0745,18.4723,18.8895,19.3274,19.7877,20.4729,21.3204,23.1278,27.9166,43.0087,185.95,13.1819
66.639,-0.4500,0.0000,0.0000,6,183.02,11.38,-4.19,0.2769,-0.0813,11144.9,0.0,164.13,167.83,158.91,162.78,5.5503,9.28855,11.526,13.7802,15.4819,16.4533,17.0244,17.5605,17.9662,18.3926,18.8412,19.3137,20.0191,20.8952,22.7757,27.8429,44.6622,200.0,13.6104
66.658,-0.4500,0.0000,0.0000,6,182.37,11.34,-4.10,0.3041,-0.0861,11105.2,0.0,163.56,167.18,158.44,162.10,5.32692,8.91008,11.0674,13.2528,14.9108,15.882,16.4584,17.001,17.4127,17.8461,18.3031,18.7856,19.5081,20.4089,22.3559,27.6953,46.4556,200.0,14.0925
66.684,-0.4500,0.0000,0.0000,6,181.74,11.18,-4.06,0.3321,-0.0919,11065.3,0.0,163.02,166.51,157.98,161.42,5.09498,8.5111,10.5795,12.6867,14.3021,15.2732,15.8517,16.3979,16.8131,17.2514,17.7144,18.2044,18.9403,19.8616,21.8671,27.4691,48.4222,200.0,14.6277
66.702,-0.4500,0.0000,0.0000,6,181.07,11.02,-3.94,0.3609,-0.0966,11025.5,0.0,162.39,165.85,157.34,160.91,4.86275,8.1207,10.1059,12.1403,13.7325,14.7086,15.2928,15.8459,16.2677,16.7139,17.1865,17.6881,18.444,19.3948,21.4824,27.4449,51.6174,200.0,15.0914
66.727,-0.4500,0.0000,0.0000,6,180.40,11.25,-3.88,0.3903,-0.0996,10984.3,0.0,161.73,165.36,156.59,160.47,4.63288,7.7476,9.65975,11.6326,13.2305,14.2222,14.8188,15.3861,15.8201,16.2806,16.77,17.291,18.0799,19.078,21.2932,27.805,57.3736,180.199,15.4459
66.746,-0.4500,0.0000,0.0000,6,179.72,11.61,-3.78,0.4205,-0.1015,10944.9,0.0,161.06,164.87,155.92,160.00,4.40136,7.37769,9.22021,11.1482,12.7658,13.78,14.394,14.9805,15.431,15.9107,16.4225,16.9696,17.8022,18.8633,21.2491,28.5195,67.2437,132.34,15.7251
66.771,-0.4500,0.0000,0.0000,6,179.06,11.60,-3.59,0.4512,-0.1049,10905.6,0.0,160.47,164.22,155.48,159.31,4.1617,6.98365,8.7445,10.6313,12.2562,13.2855,13.9126,14.5144,14.9785,15.4746,16.0059,16.5763,17.449,18.5698,21.1247,29.2238,82.217,108.672,15.9997
66.789,-0.4500,0.4500,0.0000,6,178.43,11.37,-3.48,0.4825,-0.1101,10866.0,0.0,159.97,163.50,155.10,158.55,3.91365,6.56435,8.23027,10.0738,11.6887,12.7219,13.3552,13.9659,14.4388,14.946,15.4913,16.0792,16.9838,18.1543,20.8607,29.8057,106.513,95.1815,16.2801
66.815,-0.4500,0.6975,0.0000,6,177.85,10.97,-3.27,0.5143,-0.1150,11015.1,0.0,159.37,162.76,158.88,158.88,3.66327,6.14262,7.72012,9.52682,11.1319,12.1699,12.8107,13.4316,13.9146,14.4348,14.9966,15.6052,16.5473,17.7771,20.6679,30.7179,166.821,85.2236,16.5172
66.834,-0.4500,0.8336,0.0000,6,177.58,11.02,-3.11,0.5465,-0.1177,11180.2,0.0,158.83,162.38,161.28,161.28,3.41661,5.7402,7.25845,9.0488,10.6679,11.7297,12.391,13.0361,13.5409,14.0876,14.6814,15.3286,16.3392,17.6741,20.8839,32.8959,200.0,76.0845,16.6564
66.858,-0.4500,0.9085,0.0000,6,177.50,11.45,-2.98,0.5794,-0.1189,11276.2,0.0,158.44,162.24,162.74,162.74,3.16922,5.34503,6.82733,8.61455,10.2658,11.3673,12.0609,12.7434,13.2814,13.8679,14.5098,15.2152,16.3287,17.8225,21.526,36.9547,200.0,68.3518,16.7289
66.877,-0.4500,0.9497,0.0000,6,177.66,11.37,-2.62,0.6128,-0.1221,11258.8,0.0,158.30,162.06,162.48,162.48,2.91371,4.94061,6.37457,8.13811,9.80238,10.9318,11.6511,12.365,12.9321,13.5549,14.2418,15.0033,16.2195,17.879,22.1372,42.4272,200.0,63.1019,16.8213
66.902,-0.4500,0.9723,0.0000,6,177.88,10.69,-2.35,0.6467,-0.1294,11267.2,0.0,158.43,161.81,162.58,162.58,2.64707,4.51448,5.87043,7.56437,9.19043,10.3095,11.0288,11.748,12.3231,12.9585,13.664,14.4519,15.7232,17.4842,22.1462,47.6409,200.0,60.2404,16.9847
66.921,-0.4500,0.9848,0.0000,6,178.15,9.62,-2.18,0.6813,-0.1399,11294.8,0.0,158.75,161.61,162.96,162.96,2.37299,4.07935,5.33593,6.92467,8.46999,9.54522,10.2416,10.9417,11.5046,12.1295,12.8273,13.6112,14.8869,16.6762,21.5417,51.9568,200.0,58.7351,17.1944
66.946,-0.4500,0.9916,0.0000,6,178.41,8.62,-2.08,0.7168,-0.1505,11330.9,0.0,159.14,161.66,163.49,163.49,2.10983,3.66151,4.8181,6.29847,7.75824,8.78573,9.45638,10.1349,10.6835,11.2958,11.9834,12.7613,14.0388,15.8559,20.9507,58.9304,176.403,57.3473,17.3797
66.970,-0.4500,0.9954,0.0000,6,178.69,7.94,-2.08,0.7517,-0.1420,11360.7,0.0,159.49,161.92,163.92,163.92,1.86215,3.26659,4.3281,5.7064,7.08766,8.07339,8.72291,9.38509,9.92411,10.5297,11.2149,11.9964,13.2952,15.1756,20.667,75.2904,155.876,55.7522,17.5185
66.990,-0.4500,0.9975,0.0000,6,179.04,7.34,-2.00,0.7844,-0.1325,11329.4,0.0,159.82,162.25,163.50,163.50,1.62854,2.88979,3.85765,5.13436,6.43718,7.38162,8.01074,8.65777,9.18875,9.78991,10.4761,11.2667,12.5993,14.5719,20.6413,124.96,139.337,54.1343,17.6245
67.015,-0.4500,0.9986,0.0000,6,179.38,6.63,-1.93,0.8148,-0.1241,11333.4,0.0,160.21,162.56,163.52,163.52,1.40785,2.52471,3.39405,4.55814,5.76694,6.65677,7.25595,7.87768,8.39206,8.97905,9.65511,10.4421,11.789,13.8302,20.4935,200.0,127.681,52.8406,17.7293
67.034,-0.4500,0.9992,0.0000,6,179.70,6.05,-1.98,0.8431,-0.1157,11370.0,0.0,160.61,162.88,164.04,164.04,1.20041,2.17581,2.94618,3.994,5.10232,5.93171,6.49683,7.08891,7.58324,8.15234,8.81452,9.59458,10.953,13.0703,20.5165,200.0,118.149,51.6197,17.8154
67.059,-0.4500,0.9996,0.0000,6,180.01,5.74,-2.11,0.8695,-0.1066,11407.9,0.0,160.97,163.25,164.59,164.59,1.00621,1.84578,2.52003,3.45388,4.46342,5.23397,5.76659,6.33134,6.80824,7.36344,8.01793,8.80082,10.1958,12.4543,21.3191,200.0,109.217,50.2633,17.8643
67.078,-0.3755,0.9998,0.0000,6,180.33,5.64,-2.25,0.8939,-0.0965,11441.8,0.0,161.30,163.64,165.09,165.09,0.824497,1.53311,2.11322,2.93401,3.8448,4.55702,5.05822,5.59784,6.06018,6.60632,7.26126,8.06102,9.53207,12.0466,23.8601,200.0,100.823,48.7787,17.8758
67.102,-0.3380,0.9999,0.0000,6,180.60,5.85,-2.45,0.9165,-0.0849,11498.0,0.0,161.94,164.40,166.01,166.01,0.655332,1.23833,1.72688,2.43662,3.2508,3.90794,4.3816,4.90229,5.35754,5.90654,6.58142,7.43105,9.07173,12.1364,33.1488,200.0,92.5918,47.0903,17.8396
67.121,-0.3042,0.9999,0.0000,6,180.90,6.30,-2.69,0.9372,-0.0719,11550.6,0.0,162.53,165.23,166.47,166.47,0.498199,0.959297,1.35665,1.95302,2.66671,3.26724,3.71444,4.22058,4.67615,5.24246,5.9653,6.91998,8.9195,13.321,179.266,200.0,84.7847,45.2641,17.7598
67.146,-0.2738,0.9999,0.0000,6,181.27,6.74,-2.76,0.9560,-0.0585,11528.1,0.0,163.09,165.94,166.37,166.37,0.353139,0.693934,0.996854,1.46881,2.06281,2.5892,2.99811,3.47949,3.93064,4.51661,5.30837,6.43731,9.1683,17.8028,200.0,184.315,78.0271,43.5037,17.6592
67.164,-0.2464,1.0000,0.0000,6,181.62,7.04,-2.74,0.9728,-0.0454,11529.6,0.0,163.65,166.56,166.56,166.56,0.221317,0.443956,0.648351,0.979961,1.42185,1.83837,2.17953,2.60254,3.02173,3.60224,4.45921,5.8518,10.4,93.2482,200.0,154.299,72.4753,41.924,17.5539
67.189,-0.2217,1.0000,0.0000,6,181.96,7.17,-2.81,0.9873,-0.0329,11564.4,0.0,164.22,167.10,166.69,166.69,0.104098,0.213165,0.316675,0.492041,0.741239,0.994073,1.21557,1.51025,1.82674,2.3113,3.14601,4.925,23.6523,200.0,200.0,133.72,67.8888,40.5157,17.4461
67.208,-0.1996,1.0000,0.0000,6,182.33,7.17,-2.74,0.9997,-0.0209,11568.5,0.0,164.78,167.58,166.87,166.87,0.00229792,0.0048038,0.00726479,0.0116331,0.0183121,0.0257262,0.0328239,0.0432786,0.0560312,0.0794473,0.136505,0.484494,200.0,200.0,200.0,118.65,64.009,39.2411,17.3338
67.234,-0.1796,1.0000,0.0000,6,182.73,7.04,-2.67,1.0099,-0.0099,11557.6,0.0,165.36,167.95,166.79,166.79,-1.0,-1.0,-1.0,-1.0,-1.0,-1.0,-1.0,-1.0,-1.0,-1.0,-1.0,-1.0,-1.0,-1.0,-1.0,-1.0,-1.0,-1.0,-1.0
67.252,-0.1616,1.0000,0.0000,6,183.12,6.74,-2.62,1.0179,-0.0003,11575.1,0.0,166.01,168.28,167.17,167.17,-1.0,-1.0,-1.0,-1.0,-1.0,-1.0,-1.0,-1.0,-1.0,-1.0,-1.0,-1.0,-1.0,-1.0,-1.0,-1.0,-1.0,-1.0,-1.0
67.277,-0.1455,1.0000,0.0000,6,183.50,6.41,-2.79,1.0240,0.0080,11641.8,0.0,166.66,168.59,167.82,167.82,-1.0,-1.0,-1.0,-1.0,-1.0,-1.0,-1.0,-1.0,-1.0,-1.0,-1.0,-1.0,-1.0,-1.0,-1.0,-1.0,-1.0,-1.0,-1.0
67.296,-0.1309,1.0000,0.0000,6,183.90,6.13,-2.85,1.0281,0.0169,11665.2,0.0,167.16,169.12,168.31,168.31,-1.0,-1.0,-1.0,-1.0,-1.0,-1.0,-1.0,-1.0,-1.0,-1.0,-1.0,-1.0,-1.0,-1.0,-1.0,-1.0,-1.0,-1.0,-1.0
67.321,-0.1178,1.0000,0.0000,6,184.37,5.97,-2.89,1.0303,0.0259,11648.6,0.0,167.61,169.59,168.13,168.13,-1.0,-1.0,-1.0,-1.0,-1.0,-1.0,-1.0,-1.0,-1.0,-1.0,-1.0,-1.0,-1.0,-1.0,-1.0,-1.0,-1.0,-1.0,-1.0
67.340,-0.1061,1.0000,0.0000,6,184.82,5.63,-2.93,1.0307,0.0334,11658.7,0.0,168.22,169.91,168.39,168.39,-1.0,-1.0,-1.0,-1.0,-1.0,-1.0,-1.0,-1.0,-1.0,-1.0,-1.0,-1.0,-1.0,-1.0,-1.0,-1.0,-1.0,-1.0,-1.0
67.364,-0.0955,1.0000,0.0000,6,185.22,5.21,-3.11,1.0293,0.0402,11728.9,0.0,168.79,170.34,169.11,169.11,-1.0,-1.0,-1.0,-1.0,-1.0,-1.0,-1.0,-1.0,-1.0,-1.0,-1.0,-1.0,-1.0,-1.0,-1.0,-1.0,-1.0,-1.0,-1.0
67.384,-0.0859,1.0000,0.0000,6,185.72,4.83,-3.12,1.0263,0.0471,11722.7,0.0,169.28,170.82,168.91,168.91,-1.0,-1.0,-1.0,-1.0,-1.0,-1.0,-1.0,-1.0,-1.0,-1.0,-1.0,-1.0,-1.0,-1.0,-1.0,-1.0,-1.0,-1.0,-1.0
67.408,-0.0773,1.0000,0.0000,6,186.19,4.38,-3.13,1.0215,0.0530,11721.3,0.0,169.88,171.18,169.12,169.12,-1.0,-1.0,-1.0,-1.0,-1.0,-1.0,-1.0,-1.0,-1.0,-1.0,-1.0,-1.0,-1.0,-1.0,-1.0,-1.0,-1.0,-1.0,-1.0
67.427,-0.0696,1.0000,0.0000,6,186.65,4.01,-3.16,1.0152,0.0589,11744.1,0.0,170.35,171.67,169.51,169.51,-1.0,-1.0,-1.0,-1.0,-1.0,-1.0,-1.0,-1.0,-1.0,-1.0,-1.0,-1.0,-1.0,-1.0,-1.0,-1.0,-1.0,-1.0,-1.0
67.452,-0.0626,1.0000,0.0000,6,187.14,3.66,-3.12,1.0073,0.0646,11744.9,0.0,170.87,172.10,169.66,169.66,-1.0,-1.0,-1.0,-1.0,-1.0,-1.0,-1.0,-1.0,-1.0,-1.0,-1.0,-1.0,-1.0,-1.0,-1.0,-1.0,-1.0,-1.0,-1.0
67.471,-0.0564,1.0000,0.0000,6,187.59,3.30,-3.20,0.9981,0.0695,11802.8,0.0,171.41,172.51,170.29,170.29,0.0173502,0.0439442,0.0816361,0.216282,36.3673,200.0,200.0,200.0,197.388,172.637,153.411,138.048,121.087,106.195,86.334,62.9319,43.5416,30.7052,15.8894
67.496,-0.0507,1.0000,0.0000,6,188.09,2.96,-3.20,0.9876,0.0742,11813.9,0.0,171.91,172.94,170.23,170.23,0.114368,0.293245,0.553707,1.55688,200.0,200.0,200.0,200.0,182.259,160.858,143.963,130.29,115.012,101.436,83.0918,61.1187,42.6125,30.2084,15.7413
67.521,-0.0457,1.0000,0.0000,6,188.54,2.64,-3.23,0.9758,0.0783,11855.8,0.0,172.43,173.35,171.04,171.04,0.223505,0.579337,1.11024,3.30925,200.0,200.0,200.0,195.008,170.574,151.592,136.42,124.018,110.028,97.4792,80.3418,59.5373,41.7763,29.7476,15.5935
67.540,-0.0411,1.0000,0.0000,6,189.07,2.34,-3.18,0.9629,0.0822,11841.2,0.0,172.92,173.77,170.87,170.87,0.343898,0.900909,1.75231,5.56277,200.0,200.0,200.0,182.075,160.477,143.468,129.73,118.4,105.514,93.8561,77.7849,58.0355,40.9645,29.2911,15.4406
67.564,-0.0370,1.0000,0.0000,6,189.53,2.12,-3.23,0.9491,0.0858,11888.4,0.0,173.41,174.19,171.56,171.56,0.474707,1.25602,2.47809,8.39928,200.0,200.0,200.0,171.308,151.937,136.51,123.936,113.491,101.526,90.6228,75.4679,56.645,40.1947,28.8485,15.285
67.584,-0.0333,1.0000,0.0000,6,190.01,1.92,-3.21,0.9342,0.0891,11910.5,0.0,173.90,174.63,171.98,171.98,0.615304,1.64361,3.2885,11.9517,200.0,200.0,195.234,162.009,144.461,130.352,118.762,109.073,97.9026,87.659,73.3157,55.3289,39.4511,28.4128,15.1259
67.608,-0.0300,1.0000,0.0000,6,190.50,1.74,-3.23,0.9185,0.0922,11931.2,0.0,174.38,175.04,172.37,172.37,0.764768,2.06064,4.17692,16.291,200.0,200.0,184.303,154.209,138.114,125.069,114.284,105.219,94.7125,85.0255,71.3765,54.1185,38.7511,27.9936,14.9655
67.627,-0.0270,1.0000,0.0000,6,190.98,1.54,-3.25,0.9021,0.0949,11974.4,0.0,174.87,175.47,172.63,172.63,0.922514,2.50525,5.13961,21.5175,200.0,200.0,175.185,147.578,132.658,120.486,110.368,101.825,91.8794,82.667,69.6168,52.9984,38.0888,27.5886,14.8039
67.652,-0.0243,1.0000,0.0000,6,191.47,1.36,-3.27,0.8849,0.0972,12006.8,0.0,175.36,175.89,173.03,173.03,1.0878,2.97502,6.17097,27.7228,200.0,198.452,167.473,141.875,127.92,116.473,106.913,98.8111,89.3438,80.5393,68.0098,51.9562,37.4593,27.1961,14.6411
67.671,-0.0218,1.0000,0.0000,6,191.96,1.19,-3.23,0.8670,0.0994,12027.0,0.0,175.84,176.32,173.43,173.43,1.25991,3.46781,7.26655,35.0261,200.0,195.435,160.813,136.875,123.731,112.898,103.816,96.0938,87.0404,78.5925,66.5227,50.9757,36.8558,26.8131,14.4769
67.696,-0.0197,1.0000,0.0000,6,192.45,1.05,-3.17,0.8485,0.1014,12043.5,0.0,176.32,176.75,173.76,173.76,1.43841,3.98286,8.42689,43.6855,200.0,191.614,154.832,132.331,119.896,109.605,100.948,93.5648,84.8845,76.7598,65.1101,50.0316,36.266,26.434,14.3105
67.714,-0.0177,1.0000,0.0000,6,192.93,0.94,-3.15,0.8295,0.1033,12079.4,0.0,176.78,177.19,174.28,174.28,1.62295,4.52032,9.65672,54.179,200.0,184.118,149.243,128.042,116.256,106.464,98.2005,91.1339,82.8027,74.9823,63.731,49.1013,35.6792,26.0535,14.141
67.740,-0.0159,1.0000,0.0000,6,193.41,0.87,-3.16,0.8099,0.1051,12111.6,0.0,177.23,177.61,174.76,174.76,1.81298,5.07815,10.9507,66.8451,200.0,176.751,144.084,124.044,112.843,103.505,95.6009,88.8248,80.8158,73.278,62.3992,48.1935,35.1001,25.6744,13.9693
67.759,-0.0143,1.0000,0.0000,6,193.90,0.79,-3.14,0.7899,0.1068,12134.8,0.0,177.70,178.04,175.09,175.09,2.00802,5.65355,12.2984,81.8216,199.345,170.22,139.437,120.405,109.717,100.779,93.1947,86.6779,78.9585,71.6761,61.1367,47.322,34.5362,25.3008,13.7963
67.783,-0.0129,1.0000,0.0000,6,194.38,0.72,-3.13,0.7695,0.1082,12164.5,0.0,178.16,178.47,175.51,175.51,2.20738,6.24324,13.6877,99.1145,197.556,164.503,135.305,117.133,106.888,98.2985,90.9931,84.7044,77.2407,70.1858,59.9512,46.4923,33.9912,24.9348,13.6228
67.802,-0.0116,1.0000,0.0000,6,194.86,0.65,-3.14,0.7486,0.1095,12194.3,0.0,178.62,178.89,175.94,175.94,2.41083,6.84675,15.1182,119.148,195.783,159.37,131.544,114.127,104.275,95.9949,88.9396,82.8563,75.6243,68.7763,58.8212,45.6921,33.4589,24.5734,13.4484
67.827,-0.0104,1.0000,0.0000,6,195.34,0.58,-3.14,0.7274,0.1107,12223.5,0.0,179.07,179.32,176.37,176.37,2.61815,7.464,16.5918,142.674,194.011,154.634,128.035,111.301,101.806,93.8107,86.9852,81.0917,74.0749,67.42,57.7271,44.9103,32.9338,24.214,13.2726
67.846,-0.0094,1.0000,0.0000,6,195.81,0.53,-3.13,0.7059,0.1118,12252.1,0.0,179.53,179.76,176.78,176.78,2.82898,8.09317,18.1016,170.023,192.246,150.282,124.774,108.654,99.4832,91.7463,85.1319,79.4127,72.5943,66.1185,56.6705,44.1484,32.4171,23.8574,13.0956
67.871,-0.0085,1.0000,0.0000,6,196.29,0.48,-3.11,0.6840,0.1128,12280.2,0.0,179.98,180.18,177.19,177.19,3.04298,8.73264,19.6413,200.0,190.491,146.282,121.743,106.176,97.2981,89.7961,83.3744,77.8154,71.1803,64.8705,55.651,43.4063,31.9088,23.5037,12.9178
67.890,-0.0076,1.0000,0.0000,6,196.77,0.43,-3.09,0.6619,0.1136,12303.9,0.0,180.43,180.61,177.53,177.53,3.25985,9.38121,21.2066,200.0,188.746,142.584,118.912,103.844,95.2326,87.946,81.7013,76.29,69.8246,63.6694,54.6639,42.6817,31.408,23.1527,12.7391
67.915,0.0084,1.0000,0.0000,6,197.25,0.37,-3.05,0.6394,0.1144,12330.1,0.0,180.88,181.04,177.91,177.91,3.47944,10.0388,22.7987,199.36,187.0,139.107,116.226,101.618,93.2538,86.1682,80.089,74.8164,68.5105,62.5016,53.6996,41.9691,30.912,22.8028,12.5594
67.934,0.0292,1.0000,0.0000,6,197.72,0.35,-3.01,0.6168,0.1145,12359.2,0.0,181.39,181.41,178.32,178.32,3.69825,10.6749,24.2633,198.048,185.527,136.921,114.437,100.074,91.8485,84.8778,78.8964,73.7078,67.5016,61.5864,52.92,41.3666,30.4731,22.4819,12.3849
67.959,0.0560,1.0000,0.0000,6,198.19,0.24,-2.98,0.5942,0.1132,12389.6,0.0,181.97,181.69,178.76,178.76,3.91003,11.2362,25.334,196.929,184.74,137.645,114.672,100.074,91.7397,84.6927,78.657,73.4296,67.1871,61.2475,52.5632,41.0192,30.1689,22.2305,12.2247
67.977,0.0681,1.0000,0.0000,6,198.65,-0.02,-2.95,0.5718,0.1097,12421.0,0.0,182.60,181.88,179.21,179.21,4.1078,11.6713,25.791,196.076,184.81,142.952,118.036,102.431,93.6005,86.1778,79.8515,74.3957,67.9087,61.765,52.8317,41.0467,30.0623,22.0815,12.0869
68.002,0.0613,1.0000,0.0000,6,199.11,-0.47,-2.92,0.5498,0.1041,12452.2,0.0,183.23,182.08,179.67,179.67,4.28859,11.9743,25.6855,149.356,185.404,153.912,125.073,107.471,97.6616,89.4997,82.6023,76.6977,69.7286,63.1792,53.7435,41.4513,30.1508,22.0332,11.9717
68.021,0.0552,1.0000,0.0000,6,199.56,-1.01,-2.88,0.5285,0.0977,12482.2,0.0,183.73,182.40,180.10,180.10,4.45659,12.2054,25.3731,115.69,185.943,169.651,134.879,114.383,103.192,94.0024,86.3216,79.8067,72.1884,65.0984,54.9999,42.0458,30.333,22.0322,11.8687
68.046,0.0497,1.0000,0.0000,6,200.02,-1.42,-2.82,0.5080,0.0916,12505.8,0.0,184.13,182.83,180.44,180.44,4.61656,12.4186,25.1096,96.5667,186.169,176.545,146.2,122.143,109.306,98.9172,90.3382,83.1343,74.7938,67.1113,56.2992,42.6494,30.5145,22.031,11.7685
68.071,0.0447,1.0000,0.0000,6,200.47,-1.67,-2.77,0.4882,0.0861,12533.1,0.0,184.48,183.30,180.83,180.83,4.77017,12.6323,24.955,85.1021,186.085,178.137,158.369,130.21,115.546,103.857,94.323,86.398,77.3136,69.031,57.5104,43.1886,30.66,22.0124,11.6682
68.090,0.0402,1.0000,0.0000,6,200.91,-1.78,-2.72,0.4694,0.0812,12561.0,0.0,184.82,183.78,181.24,181.24,4.91781,12.8494,24.9001,77.7755,185.753,178.779,170.192,138.339,121.711,108.659,98.1421,89.4875,79.6626,70.793,58.5929,43.6448,30.7624,21.974,11.5676
68.115,0.0362,1.0000,0.0000,6,201.36,-1.79,-2.68,0.4513,0.0770,12589.3,0.0,185.17,184.26,181.65,181.65,5.05979,13.0696,24.9268,72.8745,185.231,178.91,172.672,146.365,127.676,113.227,101.722,92.3464,81.8018,72.3706,59.5335,44.0145,30.8221,21.9166,11.467
68.134,0.0326,1.0000,0.0000,6,201.81,-1.74,-2.64,0.4341,0.0732,12617.5,0.0,185.54,184.73,182.05,182.05,5.19603,13.289,25.0069,69.4157,184.57,178.729,173.454,154.324,133.472,117.592,105.096,95.0071,83.7607,73.7916,60.3555,44.3145,30.8486,21.8455,11.3674
68.159,0.0293,1.0000,0.0000,6,202.26,-1.66,-2.61,0.4176,0.0699,12645.0,0.0,185.91,185.19,182.45,182.45,5.32651,13.5039,25.1184,66.8461,183.81,178.345,173.66,162.327,139.185,121.826,108.324,97.5227,85.5862,75.0955,61.089,44.563,30.8517,21.7656,11.2696
68.177,0.0264,1.0000,0.0000,6,202.72,-1.55,-2.57,0.4019,0.0669,12668.7,0.0,186.29,185.65,182.79,182.79,5.45184,13.7165,25.2618,64.9559,182.963,177.796,173.515,166.7,144.681,125.83,111.332,99.8374,87.2387,76.255,61.7188,44.754,30.8295,21.6761,11.1734
68.202,0.0238,1.0000,0.0000,6,203.17,-1.43,-2.54,0.3868,0.0643,12694.7,0.0,186.67,186.11,183.17,183.17,5.57286,13.9294,25.44,63.6179,182.037,177.108,173.117,167.423,149.783,129.48,114.032,101.883,88.67,77.2363,62.2259,44.8798,30.7788,21.5756,11.0783
68.221,0.0255,1.0000,0.0000,6,203.62,-1.30,-2.51,0.3723,0.0620,12722.5,0.0,187.06,186.56,183.57,183.57,5.6896,14.1397,25.6377,62.6344,181.055,176.322,172.555,167.494,154.609,132.871,116.502,103.73,89.9383,78.0869,62.6438,44.9591,30.709,21.4684,10.9849
68.246,0.0283,1.0000,0.0000,6,204.07,-1.18,-2.49,0.3584,0.0598,12750.9,0.0,187.46,186.98,183.98,183.98,5.8012,14.3387,25.8225,61.7627,180.049,175.493,171.917,167.311,159.639,136.367,119.024,105.602,91.2136,78.9364,63.0572,45.0365,30.6404,21.3643,10.8948
68.265,0.0255,1.0000,0.0000,6,204.51,-1.09,-2.46,0.3450,0.0574,12779.2,0.0,187.88,187.38,184.39,184.39,5.90636,14.5146,25.9546,60.7558,179.052,174.676,171.285,167.067,161.852,140.56,122.045,107.848,92.7539,79.9763,63.587,45.1722,30.6005,21.2757,10.8102
68.290,0.0229,1.0000,0.0000,6,204.96,-1.06,-2.44,0.3322,0.0550,12806.9,0.0,188.31,187.79,184.79,184.79,6.0057,14.6718,26.0484,59.6986,178.054,173.853,170.635,166.745,162.433,145.39,125.503,110.41,94.5102,81.1666,64.2051,45.3508,30.5816,21.1989,10.7304
68.309,0.0207,1.0000,0.0000,6,205.41,-1.04,-2.43,0.3199,0.0527,12832.7,0.0,188.71,188.21,185.16,185.16,6.10081,14.8215,26.1393,58.7706,177.03,172.986,169.919,166.291,162.513,150.392,129.041,113.007,96.272,82.3497,64.8116,45.5219,30.5608,21.1233,10.6533
68.334,0.0186,1.0000,0.0000,6,205.86,-1.00,-2.40,0.3080,0.0505,12858.4,0.0,189.10,188.65,185.53,185.53,6.19253,14.9686,26.2411,58.0184,175.971,172.065,169.125,165.705,162.288,155.286,132.476,115.497,97.9369,83.4514,65.3613,45.6641,30.5289,21.0445,10.5779
68.352,0.0167,1.0000,0.0000,6,206.31,-0.95,-2.38,0.2966,0.0486,12885.5,0.0,189.49,189.08,185.92,185.92,6.28131,15.1148,26.3577,57.4363,174.879,171.091,168.26,165.006,161.85,156.642,135.718,117.816,99.4612,84.4421,65.8377,45.7703,30.483,20.9612,10.5038
68.377,0.0151,1.0000,0.0000,6,206.75,-0.89,-2.36,0.2856,0.0469,12913.1,0.0,189.88,189.51,186.32,186.32,6.3674,15.2608,26.4888,57.0038,173.756,170.069,167.33,164.213,161.254,156.768,138.721,119.933,100.827,85.3115,66.2365,45.8393,30.4227,20.8733,10.4311
68.396,0.0136,1.0000,0.0000,6,207.19,-0.82,-2.35,0.2750,0.0454,12940.7,0.0,190.27,189.94,186.72,186.72,6.45114,15.4072,26.6348,56.7048,172.605,169.004,166.344,163.339,160.534,156.487,141.444,121.821,102.021,86.0514,66.5547,45.8703,30.3481,20.7807,10.3594
68.421,0.0122,1.0000,0.0000,6,207.64,-0.76,-2.34,0.2647,0.0440,12968.2,0.0,190.66,190.37,187.11,187.11,6.53256,15.5525,26.7891,56.4975,171.433,167.907,165.315,162.406,159.726,155.99,143.96,123.541,103.085,86.6946,66.8132,45.8742,30.2638,20.6854,10.289
68.440,0.0110,1.0000,0.0000,6,208.08,-0.70,-2.33,0.2548,0.0428,12995.1,0.0,191.06,190.79,187.50,187.50,6.61196,15.6975,26.9529,56.3774,170.24,166.78,164.247,161.42,158.843,155.339,146.231,125.066,104.005,87.2322,67.008,45.8496,30.1691,20.587,10.2197
68.464,0.0099,1.0000,0.0000,6,208.53,-0.63,-2.31,0.2452,0.0417,13020.9,0.0,191.45,191.22,187.87,187.87,6.68967,15.843,27.1275,56.3419,169.027,165.623,163.141,160.385,157.893,154.57,148.045,126.369,104.765,87.6551,67.1345,45.7944,30.0633,20.4852,10.1512
68.484,0.0089,1.0000,0.0000,6,208.97,-0.57,-2.30,0.2358,0.0407,13047.8,0.0,191.84,191.63,188.26,188.26,6.76572,15.9882,27.3088,56.3664,167.798,164.444,162.007,159.312,156.893,153.716,148.221,127.498,105.401,87.9892,67.209,45.7167,29.9496,20.3811,10.0837
68.509,0.0080,1.0000,0.0000,6,209.41,-0.52,-2.30,0.2266,0.0399,13074.8,0.0,192.24,192.05,188.65,188.65,6.84029,16.1328,27.4955,56.44,166.556,163.245,160.849,158.208,155.853,152.797,147.856,128.471,105.927,88.2452,67.2381,45.6194,29.8293,20.2753,10.0171
68.528,0.0072,1.0000,0.0000,6,209.85,-0.47,-2.29,0.2177,0.0391,13101.9,0.0,192.63,192.47,189.04,189.04,6.91348,16.277,27.6872,56.5584,165.301,162.029,159.668,157.076,154.776,151.823,147.256,129.289,106.344,88.4248,67.2235,45.5038,29.7029,20.168,9.95126
68.552,0.0065,1.0000,0.0000,6,210.29,-0.42,-2.29,0.2090,0.0384,13128.9,0.0,193.03,192.88,189.43,189.43,6.98558,16.4215,27.8854,56.7228,164.033,160.795,158.465,155.916,153.665,150.8,146.508,129.938,106.644,88.5233,67.1628,45.3686,29.5696,20.0586,9.88606
68.571,0.0058,1.0000,0.0000,6,210.72,-0.38,-2.28,0.2004,0.0378,13155.6,0.0,193.42,193.29,189.82,189.82,7.05685,16.567,28.0912,56.9348,162.753,159.543,157.242,154.731,152.522,149.731,145.649,130.403,106.819,88.5357,67.0533,45.2127,29.4289,19.9468,9.82129
68.596,0.0053,1.0000,0.0000,6,211.16,-0.34,-2.28,0.1919,0.0373,13182.3,0.0,193.82,193.70,190.20,190.20,7.12711,16.7118,28.2991,57.1694,161.464,158.281,156.005,153.529,151.358,148.634,144.727,130.768,106.925,88.5005,66.9175,45.0462,29.285,19.8344,9.75719
68.621,0.0047,1.0000,0.0000,6,211.60,-0.31,-2.28,0.1836,0.0368,13208.8,0.0,194.22,194.11,190.59,190.59,7.19652,16.8562,28.5094,57.4259,160.168,157.008,154.756,152.311,150.176,147.511,143.751,131.03,106.963,88.4188,66.7559,44.8693,29.1377,19.7212,9.69366
68.640,0.0043,1.0000,0.0000,6,212.03,-0.27,-2.28,0.1755,0.0363,13235.2,0.0,194.61,194.51,190.97,190.97,7.26511,16.9999,28.7209,57.6976,158.864,155.726,153.496,151.081,148.978,146.368,142.735,131.212,106.948,88.3016,66.5749,44.6847,28.9883,19.6078,9.63069
68.664,0.0038,1.0000,0.0000,6,212.47,-0.25,-2.28,0.1674,0.0359,13261.5,0.0,195.01,194.92,191.35,191.35,7.3331,17.1437,28.9355,57.9913,157.552,154.434,152.224,149.837,147.764,145.203,141.681,131.294,106.864,88.138,66.3685,44.4898,28.8354,19.4935,9.5681
68.683,0.0034,1.0000,0.0000,6,212.90,-0.22,-2.28,0.1594,0.0356,13287.8,0.0,195.40,195.32,191.73,191.73,7.40056,17.2877,29.1532,58.3047,156.233,153.133,150.942,148.58,146.535,144.018,140.594,131.28,106.718,87.9322,66.1389,44.2855,28.6794,19.3783,9.50584
68.709,0.0031,1.0000,0.0000,6,213.33,-0.20,-2.28,0.1515,0.0352,13314.1,0.0,195.79,195.72,192.10,192.10,7.46765,17.4325,29.3753,58.6435,154.906,151.822,149.647,147.309,145.29,142.813,139.474,131.153,106.496,87.6752,65.8811,44.0697,28.5193,19.2617,9.44377
68.728,0.0028,1.0000,0.0000,6,213.76,-0.18,-2.29,0.1437,0.0350,13341.8,0.0,196.18,196.12,192.50,192.50,7.53444,17.5781,29.6016,59.0036,153.572,150.501,148.343,146.026,144.03,141.591,138.326,130.924,106.209,87.3749,65.5995,43.8437,28.3557,19.144,9.38185
68.752,0.0025,1.0000,0.0000,6,214.19,-0.16,-2.30,0.1359,0.0347,13367.9,0.0,196.58,196.52,192.88,192.88,7.60069,17.7225,29.8262,59.3627,152.234,149.177,147.034,144.739,142.765,140.362,137.169,130.679,105.912,87.0681,65.315,43.6174,28.1924,19.0268,9.32038
68.771,0.0023,1.0000,0.0000,6,214.62,-0.15,-2.30,0.1282,0.0345,13393.6,0.0,196.97,196.91,193.25,193.25,7.66635,17.8653,30.0478,59.7141,150.893,147.85,145.722,143.449,141.498,139.13,136.006,130.161,105.622,86.7664,65.0339,43.3931,28.0305,18.9106,9.25938
68.796,0.0020,1.0000,0.0000,6,215.05,-0.14,-2.30,0.1205,0.0342,13419.1,0.0,197.36,197.31,193.62,193.62,7.73182,18.009,30.2731,60.0845,149.545,146.515,144.402,142.148,140.218,137.883,134.822,129.381,105.275,86.4265,64.732,43.1602,27.8655,18.7932,9.19846
68.815,0.0018,1.0000,0.0000,6,215.48,-0.12,-2.32,0.1129,0.0341,13444.7,0.0,197.75,197.71,193.99,193.99,7.79729,18.1542,30.504,60.4798,148.19,145.171,143.071,140.835,138.925,136.62,133.615,128.465,104.858,86.0402,64.4044,42.9163,27.6963,18.6743,9.13747
68.840,0.0016,1.0000,0.0000,6,215.91,-0.11,-2.32,0.1053,0.0339,13470.5,0.0,198.14,198.10,194.36,194.36,7.86247,18.2991,30.735,60.8789,146.831,143.823,141.735,139.518,137.627,135.35,132.399,127.49,104.424,85.642,64.0707,42.6704,27.5267,18.5554,9.07669
68.859,0.0015,1.0000,0.0000,6,216.33,-0.10,-2.34,0.0978,0.0337,13499.5,0.0,198.53,198.49,194.78,194.78,7.92733,18.4432,30.9644,61.2742,145.469,142.471,140.397,138.197,136.325,134.077,131.178,126.481,103.99,85.2447,63.7379,42.4251,27.3576,18.437,9.01616
68.884,0.0013,1.0000,0.0000,6,216.75,-0.09,-2.36,0.0903,0.0336,13524.7,0.0,198.92,198.89,195.15,195.15,7.99225,18.5889,31.1991,61.6925,144.1,141.112,139.049,136.866,135.012,132.79,129.939,125.415,103.494,84.806,63.3823,42.1701,27.1847,18.3171,8.95553
68.903,0.0012,1.0000,0.0000,6,217.18,-0.08,-2.37,0.0828,0.0335,13549.7,0.0,199.30,199.28,195.50,195.50,8.05731,18.7365,31.4401,62.1374,142.723,139.743,137.692,135.524,133.686,131.489,128.68,124.299,102.93,84.3218,63.0016,41.9043,27.0077,18.1955,8.89471
68.928,0.0011,1.0000,0.0000,6,217.60,-0.07,-2.38,0.0753,0.0334,13574.4,0.0,199.69,199.67,195.86,195.86,8.12234,18.8845,31.6825,62.589,141.342,138.37,136.329,134.177,132.355,130.181,127.413,123.162,102.345,83.8242,62.6136,41.6356,26.8296,18.0735,8.83392
68.946,0.0010,1.0000,0.0000,6,218.02,-0.06,-2.39,0.0678,0.0333,13599.5,0.0,200.08,200.06,196.22,196.22,8.18727,19.0323,31.9247,63.0408,139.958,136.994,134.964,132.826,131.02,128.87,126.142,122.012,101.756,83.3238,62.2243,41.3666,26.6514,17.9515,8.77319
68.971,0.0009,1.0000,0.0000,6,218.44,-0.05,-2.41,0.0604,0.0333,13625.9,0.0,200.46,200.45,196.60,196.60,8.25202,19.1795,32.1657,63.4883,138.57,135.615,133.596,131.474,129.683,127.557,124.869,120.855,101.173,82.8274,61.8374,41.0985,26.4739,17.8299,8.71261
68.990,0.0008,1.0000,0.0000,6,218.86,-0.04,-2.44,0.0529,0.0332,13655.1,0.0,200.85,200.83,197.03,197.03,8.31668,19.3263,32.4057,63.9327,137.18,134.234,132.226,130.119,128.345,126.242,123.594,119.691,100.594,82.3333,61.4518,40.8313,26.2967,17.7085,8.65209
69.015,0.0007,1.0000,0.0000,6,219.28,-0.04,-2.47,0.0455,0.0331,13679.3,0.0,201.23,201.22,197.38,197.38,8.38124,19.4727,32.6445,64.3732,135.787,132.85,130.853,128.762,127.004,124.925,122.318,118.521,100.019,81.8425,61.0681,40.5651,26.12,17.5874,8.59166
69.034,0.0006,1.0000,0.0000,6,219.70,-0.04,-2.48,0.0380,0.0330,13703.5,0.0,201.62,201.60,197.72,197.72,8.44566,19.6185,32.8821,64.8092,134.391,131.464,129.478,127.403,125.662,123.606,121.039,117.344,99.4499,81.3558,60.6869,40.2999,25.9438,17.4665,8.53132
69.059,0.0006,1.0000,0.0000,6,220.12,-0.04,-2.50,0.0306,0.0329,13727.5,0.0,202.00,201.98,198.07,198.07,8.50999,19.764,33.1187,65.2421,132.992,130.074,128.101,126.042,124.317,122.285,119.757,116.161,98.8838,80.8709,60.3067,40.0352,25.7678,17.3458,8.47104
69.077,0.0005,1.0000,0.0000,6,220.53,-0.04,-2.52,0.0232,0.0328,13752.0,0.0,202.38,202.36,198.43,198.43,8.57424,19.9093,33.3548,65.6736,131.589,128.682,126.72,124.677,122.969,120.962,118.473,114.97,98.3168,80.3857,59.9264,39.7706,25.5919,17.2251,8.41083
69.103,0.0005,1.0000,0.0000,6,220.94,-0.04,-2.55,0.0158,0.0327,13781.5,0.0,202.77,202.75,198.84,198.84,8.63839,20.054,33.5898,66.1017,130.184,127.287,125.337,123.311,121.62,119.636,117.186,113.774,97.7533,79.9026,59.5474,39.5067,25.4164,17.1047,8.35068
69.121,0.0004,1.0000,0.0000,6,221.35,-0.04,-2.59,0.0084,0.0327,13808.5,0.0,203.14,203.13,199.24,199.24,8.70288,20.2015,33.8326,66.5599,128.771,125.884,123.945,121.934,120.258,118.297,115.883,112.55,97.1224,79.3747,59.1436,39.2319,25.2365,16.9824,8.29023
69.146,0.0004,1.0000,0.0000,6,221.77,-0.03,-2.62,0.0010,0.0327,13831.7,0.0,203.52,203.51,199.58,199.58,8.76784,20.352,34.0842,67.0529,127.351,124.472,122.543,120.546,118.885,116.944,114.562,111.299,96.4178,78.7976,58.7124,38.9452,25.0518,16.8579,8.22938
69.171,0.0003,1.0000,0.0000,6,222.18,-0.02,-2.64,-0.0064,0.0327,13855.0,0.0,203.90,203.90,199.91,199.91,8.83294,20.5035,34.3387,67.5566,125.926,123.055,121.136,119.153,117.506,115.585,113.234,110.037,95.691,78.2056,58.2729,38.6547,24.8655,16.7327,8.1684
69.190,0.0003,1.0000,0.0000,6,222.60,-0.01,-2.66,-0.0138,0.0327,13878.4,0.0,204.27,204.28,200.25,200.25,8.89814,20.6553,34.5938,68.0624,124.497,121.634,119.726,117.757,116.124,114.223,111.904,108.771,94.9607,77.6111,57.832,38.3636,24.6788,16.6074,8.10734
69.215,0.0003,1.0000,0.0000,6,223.01,-0.01,-2.68,-0.0213,0.0327,13902.2,0.0,204.65,204.65,200.59,200.59,8.96343,20.8073,34.8491,68.5685,123.065,120.211,118.313,116.358,114.74,112.859,110.571,107.502,94.231,77.0169,57.3911,38.0723,24.4919,16.4818,8.0462
69.234,0.0002,1.0000,0.0000,6,223.41,-0.00,-2.70,-0.0287,0.0327,13931.1,0.0,205.03,205.03,201.01,201.01,9.02876,20.9593,35.1041,69.0726,121.63,118.785,116.898,114.958,113.354,111.493,109.236,106.23,93.5057,76.4255,56.9516,37.7815,24.3052,16.3563,7.98501
69.259,0.0002,1.0000,0.0000,6,223.82,-0.00,-2.73,-0.0361,0.0327,13955.6,0.0,205.40,205.40,201.37,201.37,9.0942,21.1114,35.3594,69.5768,120.191,117.356,115.48,113.554,111.965,110.125,107.9,104.955,92.7808,75.8342,56.5119,37.4905,24.1183,16.2307,7.92373
69.277,0.0002,1.0000,0.0000,6,224.23,-0.00,-2.75,-0.0436,0.0327,13979.4,0.0,205.78,205.78,201.71,201.71,9.15974,21.2637,35.6148,70.081,118.75,115.925,114.059,112.149,110.575,108.755,106.561,103.677,92.0567,75.2432,56.0722,37.1993,23.9312,16.1048,7.86235
69.303,0.0002,1.0000,0.0000,6,224.63,0.00,-2.76,-0.0511,0.0327,14002.9,0.0,206.15,206.15,202.05,202.05,9.22538,21.4162,35.8704,70.5852,117.305,114.49,112.636,110.741,109.182,107.383,105.221,102.396,91.3331,74.6523,55.6324,36.908,23.7439,15.9788,7.80088
69.321,0.0002,1.0000,0.0000,6,225.04,0.00,-2.77,-0.0586,0.0327,14026.5,0.0,206.53,206.53,202.39,202.39,9.29111,21.5688,36.126,71.0881,115.857,113.053,111.21,109.33,107.787,106.009,103.878,101.113,90.6122,74.0631,55.1934,36.6167,23.5565,15.8527,7.73931
69.346,0.0001,1.0000,0.0000,6,225.44,0.00,-2.77,-0.0661,0.0327,14050.3,0.0,206.90,206.90,202.73,202.73,9.35696,21.7216,36.382,71.5919,114.406,111.613,109.782,107.917,106.389,104.632,102.533,99.8257,89.8901,73.4729,54.7535,36.3249,23.3687,15.7264,7.67763
69.365,0.0001,1.0000,0.0000,6,225.85,0.00,-2.78,-0.0736,0.0327,14075.8,0.0,207.27,207.27,203.10,203.10,9.42293,21.8748,36.6385,72.0967,112.951,110.169,108.35,106.502,104.989,103.253,101.185,98.5349,89.1667,72.8816,54.3129,36.0325,23.1807,15.5998,7.61584
69.390,0.0001,1.0000,0.0000,6,226.25,0.00,-2.79,-0.0811,0.0327,14100.2,0.0,207.64,207.64,203.45,203.45,9.48901,22.0282,36.8955,72.6022,111.492,108.723,106.916,105.084,103.586,101.871,99.8353,97.2407,88.4421,72.2893,53.8715,35.7397,22.9923,15.4731,7.55395
69.409,0.0001,1.0000,0.0000,6,226.65,0.00,-2.80,-0.0887,0.0327,14124.3,0.0,208.01,208.01,203.80,203.80,9.55519,22.1818,37.1528,73.1086,110.031,107.273,105.479,103.663,102.181,100.488,98.4826,95.9431,87.7163,71.6961,53.4294,35.4464,22.8036,15.3461,7.49196
69.434,0.0001,1.0000,0.0000,6,227.05,0.00,-2.80,-0.0962,0.0327,14148.3,0.0,208.37,208.37,204.15,204.15,9.62149,22.3358,37.4106,73.6159,108.566,105.821,104.039,102.239,100.773,99.1012,97.1275,94.642,86.9892,71.1018,52.9865,35.1526,22.6146,15.2189,7.42986
69.452,0.0001,1.0000,0.0000,6,227.45,0.00,-2.81,-0.1038,0.0327,14172.4,0.0,208.74,208.74,204.49,204.49,9.68795,22.49,37.669,74.1244,107.097,104.365,102.596,100.813,99.3628,97.7123,95.7697,93.3375,86.2604,70.5061,52.5426,34.8581,22.4251,15.0914,7.36762
69.477,0.0001,1.0000,0.0000,6,227.84,0.00,-2.82,-0.1114,0.0327,14197.0,0.0,209.11,209.11,204.85,204.85,9.75449,22.6445,37.9277,74.6335,105.625,102.906,101.151,99.3838,97.95,96.321,94.4096,92.0297,85.5307,69.9097,52.0982,34.5632,22.2354,14.9637,7.30529
69.496,0.0001,1.0000,0.0000,6,228.24,0.00,-2.83,-0.1190,0.0327,14221.4,0.0,209.47,209.47,205.20,205.20,9.82116,22.7993,38.187,75.1436,104.149,101.444,99.7022,97.9523,96.5347,94.9273,93.0469,90.7186,84.7901,69.3121,51.6528,34.2678,22.0454,14.8358,7.24284
69.521,0.0001,1.0000,0.0000,6,228.64,0.00,-2.84,-0.1266,0.0327,14245.3,0.0,209.83,209.83,205.54,205.54,9.88795,22.9543,38.4466,75.6546,102.67,99.9795,98.2509,96.5181,95.1169,93.5312,91.6817,89.4042,83.9168,68.7135,51.2067,33.9718,21.855,14.7077,7.18029
69.540,0.0001,0.5500,0.0000,6,229.03,0.00,-2.84,-0.1342,0.0327,14269.0,0.0,210.20,210.20,205.89,205.89,9.95484,23.1096,38.7067,76.1664,101.188,98.5116,96.7968,95.0813,93.6965,92.1327,90.3141,88.0866,82.9435,68.1139,50.7599,33.6754,21.6643,14.5793,7.11764
69.565,0.0001,0.3025,0.0000,6,229.16,0.00,-2.85,-0.1418,0.0327,14129.1,0.0,210.46,210.46,203.89,203.89,10.0219,23.2652,38.9673,76.6792,99.7025,97.0412,95.3405,93.6425,92.2743,90.7323,88.9445,86.7664,81.9107,67.5132,50.3122,33.3784,21.4732,14.4508,7.05487
69.584,0.0000,0.1664,0.0000,6,228.99,0.00,-2.85,-0.1495,0.0327,14042.1,0.0,210.43,210.43,202.64,202.64,10.0889,23.4207,39.2278,77.1918,98.2166,95.5706,93.8842,92.2039,90.8524,89.3323,87.5752,85.4455,80.8388,66.9127,49.8647,33.0815,21.2822,14.3222,6.99212
69.609,0.0000,0.0915,0.0000,6,228.66,0.00,-2.85,-0.1571,0.0327,13980.6,0.0,210.19,210.19,201.75,201.76,10.1558,23.576,39.488,77.7037,96.7314,94.1012,92.4293,90.7668,89.4321,87.934,86.2074,84.1254,79.7392,66.313,49.4178,32.785,21.0915,14.1939,6.92945
69.628,0.0000,0.0503,0.0000,6,228.25,0.00,-2.84,-0.1647,0.0327,13932.6,0.0,209.84,209.85,201.00,201.13,10.2227,23.7322,39.751,99.1107,95.2462,92.632,90.9745,89.3298,88.0118,86.5353,84.8385,82.8027,78.6115,65.7016,48.9647,32.4859,20.8998,14.0652,6.8668
69.652,0.0000,0.0277,0.0000,6,227.79,0.01,-2.83,-0.1723,0.0328,13891.6,0.0,209.44,209.45,200.37,200.58,10.29,23.8916,40.0237,97.6205,93.7589,91.16,89.5166,87.889,86.587,85.1312,83.463,81.4705,77.4476,65.0529,48.491,32.1782,20.7048,13.9351,6.80399
69.671,0.0000,0.0152,0.0000,6,227.31,0.03,-2.81,-0.1799,0.0329,13855.5,0.0,209.00,209.02,199.82,200.09,10.3577,24.0544,40.3065,96.1287,92.2697,89.6855,88.0558,86.4448,85.1583,83.7225,82.0814,80.1296,76.255,64.3683,47.9976,31.8619,20.5064,13.8036,6.74099
69.696,0.0000,0.0084,0.0000,6,226.82,0.05,-2.79,-0.1875,0.0330,13821.4,0.0,208.55,208.58,199.32,199.61,10.4258,24.2197,40.5963,94.6362,90.7798,88.2104,86.5941,84.9995,83.7282,82.3118,80.697,78.7844,75.0444,63.6605,47.4914,31.5399,20.3056,13.6712,6.67784
69.715,0.0000,0.0046,0.0000,6,226.32,0.06,-2.77,-0.1950,0.0332,13788.9,0.0,208.09,208.12,198.84,199.15,10.494,24.3864,40.8908,93.1437,89.2906,86.7359,85.1332,83.555,82.2987,80.9017,79.3127,77.4383,73.8237,62.9403,46.9782,31.215,20.1038,13.5383,6.61464
69.740,0.0000,0.0025,0.0000,6,225.82,0.08,-2.74,-0.2026,0.0333,13757.5,0.0,207.63,207.66,198.38,198.70,10.5624,24.5541,41.1878,91.652,87.8029,85.2634,83.6745,82.1126,80.8715,79.4937,77.9307,76.0939,72.5983,62.216,46.4627,30.889,19.9014,13.4051,6.55134
69.765,0.0000,0.0014,0.5000,6,225.32,0.09,-2.73,-0.2102,0.0335,13726.4,0.0,207.17,207.20,197.93,198.25,10.631,24.7223,41.4863,90.1612,86.3172,83.7933,82.2184,80.6732,79.4473,78.0891,76.5519,74.7526,71.3707,61.4919,45.947,30.5628,19.6988,13.2717,6.48798
69.784,0.0000,0.0008,0.7500,6,223.89,0.10,-2.72,-0.2178,0.0337,13464.5,0.0,197.06,197.10,194.21,194.55,10.6995,24.8904,41.7842,88.6743,84.8365,82.3289,80.7683,79.24,78.0297,76.6911,75.1799,73.418,70.1462,60.775,45.4352,30.2382,19.4969,13.1387,6.42467
69.809,0.0000,0.0004,0.8750,6,221.54,0.10,-2.71,-0.2253,0.0338,13207.0,0.0,187.31,187.36,190.51,190.89,10.7675,25.0568,42.0784,87.1992,83.3688,80.878,79.3321,77.8211,76.6265,75.3077,73.8226,72.098,68.9327,60.073,44.9323,29.9179,19.2971,13.0068,6.36178
69.828,0.0000,0.0002,0.9375,6,218.73,0.11,-2.69,-0.2328,0.0340,12954.1,0.0,177.80,177.87,186.85,187.29,10.8349,25.2213,42.3686,85.7399,81.9181,79.4446,77.9138,76.4201,75.2413,73.9425,72.4836,70.796,67.7332,59.3865,44.4389,29.6028,19.1,12.8764,6.29947
69.852,0.0000,0.0001,0.9687,6,215.66,0.11,-2.64,-0.2402,0.0341,12713.1,0.0,168.79,168.87,183.35,183.84,10.9015,25.3835,42.6542,84.2986,80.4866,78.0308,76.5152,75.039,73.8762,72.5972,71.1644,69.5134,66.5492,58.7156,43.9554,29.2929,18.9057,12.7478,6.2379
69.871,0.0000,0.0001,0.9844,6,212.46,0.11,-2.56,-0.2476,0.0342,12480.1,0.0,160.14,160.24,179.97,180.49,10.9674,25.5436,42.9358,82.8764,79.0751,76.6376,75.1372,73.6786,72.5317,71.2726,69.8657,68.2507,65.3807,58.0583,43.4805,28.988,18.7143,12.6209,6.17706
69.896,0.0000,0.0000,0.9922,6,209.20,0.12,-2.48,-0.2548,0.0343,12257.6,0.0,151.59,151.70,176.75,177.29,11.0323,25.7012,43.2126,81.4742,77.6846,75.2655,73.7806,72.3397,71.2087,69.9694,68.5881,67.0086,64.2292,57.4161,43.0156,28.6886,18.5259,12.4959,6.11705
69.915,0.0000,0.0000,0.9961,6,205.94,0.12,-2.40,-0.2619,0.0344,12043.2,0.0,142.74,142.87,173.64,174.20,11.0963,25.8563,43.4841,80.0921,76.3152,73.915,72.4457,71.0226,69.9075,68.6879,67.3321,65.7874,63.0951,56.7901,42.5609,28.3949,18.3407,12.3728,6.05785
69.940,0.0000,0.0000,0.9980,6,202.69,0.12,-2.31,-0.2690,0.0345,11834.8,0.0,133.51,133.66,170.63,171.19,11.1594,26.0086,43.75,78.7304,74.9671,72.5863,71.1326,69.7273,68.6281,67.4283,66.0977,64.5874,61.9788,56.1809,42.117,28.1072,18.1587,12.2516,5.99948
69.959,0.0000,0.0000,0.9990,6,199.48,0.11,-2.23,-0.2759,0.0346,11630.1,0.0,123.68,123.84,167.67,168.24,11.2215,26.1582,44.0103,77.3889,73.6402,71.279,69.8411,68.4537,67.3704,66.1901,64.8846,63.4082,60.88,55.5882,41.6837,27.8254,17.9801,12.1325,5.94194
69.984,0.0000,0.0000,0.9995,6,196.32,0.11,-2.16,-0.2828,0.0347,11432.2,0.0,113.08,113.27,164.81,165.38,11.2827,26.3048,44.2645,76.0673,72.3341,69.9929,68.571,67.2014,66.134,64.9732,63.6926,62.2494,59.7987,55.0119,41.261,27.5496,17.8047,12.0154,5.88528
70.003,0.0000,0.0000,0.9997,6,193.23,0.10,-2.10,-0.2896,0.0347,11232.5,0.0,101.71,101.91,161.93,162.50,11.343,26.449,44.5136,74.7652,71.0482,68.7273,67.3213,65.9697,64.9181,63.7767,62.5206,61.11,58.7338,54.3678,40.8476,27.2788,17.6323,11.9,5.82939
70.028,0.0000,0.0000,0.9999,6,190.19,0.10,-2.07,-0.2962,0.0348,11031.6,0.0,89.58,89.79,159.03,159.61,11.4024,26.5907,44.7579,73.482,69.7821,67.4817,66.0917,64.7579,63.7221,62.5999,61.368,59.9895,57.6848,53.6427,40.4426,27.0131,17.4627,11.7865,5.77429
70.046,0.0000,0.0000,0.9999,6,187.21,0.09,-2.06,-0.3028,0.0348,10832.4,0.0,76.88,77.11,156.14,156.74,11.4609,26.7301,44.9977,72.2175,68.5353,66.2556,64.8817,63.5657,62.5456,61.4424,60.2344,58.8871,56.6512,52.8747,40.0456,26.7521,17.2959,11.6747,5.72
70.071,0.0000,0.0000,1.0000,6,184.25,0.09,-2.04,-0.3093,0.0349,10634.8,0.0,63.91,64.15,153.28,153.90,11.5186,26.8673,45.2337,70.9712,67.3073,65.0485,63.6907,62.3925,61.3879,60.3036,59.119,57.8023,55.6323,52.0814,39.6555,26.4953,17.1317,11.5646,5.66647
70.090,0.0000,0.0000,1.0000,6,181.30,0.09,-2.03,-0.3157,0.0349,10438.4,0.0,50.83,51.09,150.44,151.07,11.5755,27.0026,45.4664,69.7429,66.098,63.8602,62.5183,61.2377,60.2485,59.1829,58.0214,56.7346,54.6277,51.2727,39.2712,26.2423,16.9699,11.4561,5.61371
70.114,0.0000,0.0000,1.0000,6,178.38,0.08,-2.01,-0.3220,0.0350,10243.3,0.0,37.71,37.98,147.61,148.27,11.6316,27.1361,45.6959,68.5326,64.907,62.6904,61.3645,60.1014,59.1275,58.0801,56.9413,55.6836,53.6375,50.4556,38.8926,25.993,16.8103,11.3491,5.56171
70.134,0.0000,0.0000,1.0000,6,175.45,0.08,-1.97,-0.3282,0.0350,10056.6,0.0,24.62,24.90,144.90,145.58,11.6868,27.2676,45.9222,67.3403,63.7346,61.5391,60.2292,58.9836,58.0247,56.9955,55.8789,54.6497,52.6618,49.635,38.5199,25.7476,16.6533,11.2437,5.51049
70.158,0.0000,0.0000,1.0000,6,172.54,0.08,-1.93,-0.3344,0.0351,9862.73,0.0,11.58,11.86,142.10,142.79,11.7413,27.3975,46.1462,66.1657,62.5803,60.4061,59.112,57.8837,56.9398,55.9283,54.8336,53.632,51.7002,48.8132,38.1519,25.5053,16.4984,11.1399,5.46003
70.178,0.0000,0.0000,1.0000,6,169.64,0.08,-1.90,-0.3404,0.0351,9666.32,0.0,0.00,0.00,139.26,139.97,11.7949,27.5255,46.6522,65.0089,61.4444,59.2915,58.0132,56.802,55.8729,54.879,53.8057,52.6311,50.7531,47.9937,37.7894,25.2668,16.3459,11.0377,5.41034
70.203,0.0000,0.0000,1.0000,6,166.76,0.08,-1.86,-0.3463,0.0352,9469.25,0.0,0.00,0.00,136.40,137.14,11.8477,27.6516,68.2506,63.8701,60.3268,58.1953,56.9327,55.7386,54.8241,53.8475,52.7953,51.647,49.8209,47.1786,37.4329,25.0322,16.1958,10.937,5.36143
70.221,0.0000,0.0000,1.0000,6,163.91,0.07,-1.82,-0.3522,0.0352,9273.01,0.0,0.00,0.00,133.56,134.32,11.8997,27.7755,67.1331,62.7491,59.2275,57.1175,55.8706,54.6934,53.7934,52.834,51.8023,50.6798,48.9037,46.3698,37.0832,24.8017,16.0483,10.8381,5.31331
70.246,0.0000,0.0000,1.0000,6,161.07,0.07,-1.77,-0.3579,0.0352,9078.3,0.0,0.00,0.00,130.74,131.52,11.9508,27.8972,66.0321,61.646,58.1466,56.0582,54.8269,53.6664,52.7807,51.8382,50.8269,49.7295,48.0017,45.5684,36.7401,24.5755,15.9033,10.7408,5.26597
70.265,0.0000,0.0000,1.0000,6,158.28,0.07,-1.73,-0.3636,0.0353,8884.7,0.0,0.00,0.00,127.93,128.73,12.0011,28.0169,64.9474,60.5605,57.0836,55.0168,53.8011,52.6573,51.7858,50.8599,49.8686,48.7958,47.1145,44.775,36.4033,24.3531,15.7609,10.6451,5.21939
70.290,0.0000,0.0000,1.0000,6,155.51,0.07,-1.68,-0.3691,0.0353,8698.94,0.0,0.00,0.00,125.23,126.06,12.0505,28.1343,63.8789,59.4926,56.0387,53.9936,52.7934,51.6661,50.8086,49.8992,48.9275,47.8786,46.2424,43.9907,36.0736,24.1352,15.621,10.5511,5.1736
70.314,0.0000,0.0000,1.0000,6,152.77,0.07,-1.64,-0.3746,0.0353,8512.23,0.0,0.00,0.00,122.54,123.37,12.099,28.2496,62.8266,58.4421,55.0114,52.9881,51.8033,50.6925,49.8489,48.9556,48.0031,46.9777,45.3849,43.2157,35.7503,23.9212,15.4835,10.4588,5.12858
70.334,0.0000,0.0000,1.0000,6,150.08,0.06,-1.61,-0.3800,0.0354,8319.01,0.0,0.00,0.00,119.75,120.59,12.1468,28.3628,61.7901,57.4085,54.0016,52.0,50.8305,49.736,48.9061,48.0288,47.0952,46.0927,44.542,42.4502,35.4331,23.7111,15.3486,10.368,5.08431
70.358,0.0000,0.0000,1.0000,6,147.43,0.06,-1.58,-0.3853,0.0354,8122.4,0.0,0.00,0.00,116.91,117.77,12.1936,28.4739,60.7693,56.392,53.009,51.0292,49.875,48.7967,47.9803,47.1188,46.2037,45.2235,43.7134,41.6949,35.1224,23.5051,15.2161,10.2789,5.04082
70.377,0.0000,0.0000,1.0000,6,144.81,0.06,-1.56,-0.3905,0.0354,7924.0,0.0,0.00,0.00,114.03,114.91,12.2397,28.5827,59.7642,55.3922,52.0336,50.0756,48.9366,47.8743,47.0713,46.2253,45.3285,44.3701,42.8993,40.9499,34.8184,23.3031,15.0861,10.1914,4.99808
70.403,0.0000,0.0000,1.0000,6,142.21,0.06,-1.54,-0.3956,0.0354,7724.31,0.0,0.00,0.00,111.14,112.04,12.2849,28.6893,58.7747,54.4091,51.0752,49.139,48.0152,46.9687,46.179,45.3483,44.4693,43.5322,42.0996,40.2157,34.5211,23.1054,14.9586,10.1055,4.95608
70.421,0.0000,0.0000,1.0000,6,139.62,0.05,-1.51,-0.4006,0.0354,7523.28,0.0,0.00,0.00,108.23,109.15,12.3293,28.7936,57.8008,53.4426,50.1337,48.2193,47.1105,46.0798,45.3033,44.4876,43.6261,42.7099,41.3142,39.4926,34.2308,22.9118,14.8337,10.0212,4.91485
70.446,0.0000,0.0000,1.0000,5,137.07,0.05,-1.48,-0.4056,0.0354,7320.67,0.0,0.00,0.00,105.30,106.24,12.3729,28.8958,56.8423,52.4925,49.2089,47.3163,46.2224,45.2073,44.4437,43.6428,42.7986,41.9027,40.5427,38.7802,33.94,22.7219,14.711,9.93841,4.87429
70.465,0.0000,0.0000,1.0000,5,134.53,0.05,-1.45,-0.4104,0.0355,7951.01,0.0,0.00,0.00,102.57,103.41,12.4156,28.9959,55.8991,51.5588,48.3006,46.4297,45.3507,44.3511,43.6002,42.8139,41.9865,41.1105,39.7851,38.0788,33.5874,22.536,14.5907,9.85722,4.83449
70.490,0.0000,0.0000,1.0000,5,132.01,0.04,-1.40,-0.4152,0.0354,7936.36,0.0,0.00,0.00,99.97,100.73,12.4575,29.0935,54.9713,50.6414,47.409,45.5598,44.4956,43.5112,42.7729,42.001,41.1902,40.3336,39.0417,37.389,33.1847,22.3543,14.4729,9.77757,4.79539
70.509,0.0000,0.0000,1.0000,5,129.53,0.04,-1.37,-0.4199,0.0354,7338.52,0.0,0.00,0.00,96.82,97.63,12.4986,29.1889,54.0589,49.7402,46.5339,44.7063,43.6567,42.6874,41.9616,41.2037,40.4092,39.5715,38.312,36.7105,32.7509,22.1766,14.3577,9.69961,4.7571
70.534,0.0000,0.0000,1.0000,5,127.07,0.04,-1.33,-0.4244,0.0354,7085.57,0.0,0.00,0.00,93.43,94.32,12.5388,29.2824,53.1614,48.8548,45.6747,43.8686,42.8335,41.8792,41.1656,40.4217,39.643,38.8237,37.5958,36.043,32.2965,22.0025,14.2447,9.62316,4.71953
70.552,0.0000,0.0000,1.0000,5,124.65,0.03,-1.31,-0.4289,0.0354,6827.4,0.0,0.00,0.00,89.99,90.95,12.5783,29.3739,52.2788,47.9851,44.8313,43.0466,42.0259,41.0864,40.3849,39.6546,38.8914,38.0902,36.8927,35.3865,31.8287,21.8319,14.1339,9.54817,4.68267
70.577,0.0000,0.0000,1.0000,5,122.25,0.03,-1.29,-0.4334,0.0354,6564.87,0.0,0.00,0.00,86.49,87.50,12.617,29.4637,51.4109,47.1308,44.0035,42.2401,41.2336,40.3087,39.6191,38.9021,38.1542,37.3705,36.2025,34.7409,31.3522,21.6645,14.0252,9.47459,4.64651
70.596,0.0000,0.0000,1.0000,5,119.89,0.03,-1.26,-0.4377,0.0354,6298.2,0.0,0.00,0.00,82.94,84.00,12.655,29.5557,50.5576,46.2918,43.1911,41.449,40.4566,39.546,38.8681,38.1644,37.4314,36.6647,35.5253,34.1063,30.8708,21.5007,13.9187,9.40251,4.61106
70.621,0.0000,0.0000,1.0000,5,117.52,0.02,-1.22,-0.4419,0.0354,6027.28,0.0,0.00,0.00,79.35,80.43,12.6921,29.796,49.719,45.4682,42.3944,40.6732,39.6949,38.7985,38.1322,37.4413,36.7229,35.9729,34.8612,33.4831,30.3875,21.3406,13.8145,9.33189,4.57631
70.640,0.0000,0.0000,1.0000,5,115.17,0.02,-1.18,-0.4461,0.0354,5751.71,0.0,0.00,0.00,75.71,76.78,12.7286,30.5103,48.8949,44.6598,41.6128,39.9126,38.9481,38.0657,37.4107,36.7326,36.0284,35.2947,34.2098,32.8708,29.9035,21.1834,13.7123,9.26264,4.54223
70.665,0.0000,0.0000,1.0000,5,112.84,0.02,-1.14,-0.4502,0.0354,5471.23,0.0,0.00,0.00,72.01,73.07,12.7643,52.6423,48.0853,43.8664,40.8463,39.1668,38.216,37.3474,36.7036,36.0379,35.3477,34.6297,33.5708,32.2694,29.4204,21.0292,13.612,9.19475,4.50883
70.684,0.0000,0.0000,1.0000,5,110.55,0.02,-1.10,-0.4542,0.0353,5235.99,0.0,0.00,0.00,68.25,69.28,12.7993,51.8633,47.29,43.0879,40.0947,38.4358,37.4984,36.6435,36.0107,35.3571,34.6806,33.978,32.9443,31.6789,28.9397,20.8779,13.5137,9.12819,4.4761
70.709,0.0000,0.0000,1.0000,5,108.26,0.02,-1.05,-0.4581,0.0353,5235.99,0.0,0.00,0.00,64.69,65.76,12.8336,51.0972,46.5092,42.3245,39.3582,37.7198,36.7958,35.9543,35.3322,34.6907,34.0275,33.3399,32.3307,31.0998,28.4628,20.7304,13.4177,9.0631,4.44405
70.727,0.0000,0.0000,1.0000,5,105.99,0.01,-0.99,-0.4619,0.0353,5235.99,0.0,0.00,0.00,61.26,62.29,12.8671,50.3441,45.7429,41.576,38.6367,37.0186,36.1078,35.2795,34.668,34.0382,33.388,32.7151,31.7295,30.5318,27.9904,20.5861,13.3237,8.99939,4.41268
70.752,0.0000,0.0000,1.0000,5,103.77,0.01,-0.95,-0.4657,0.0353,5235.99,0.0,0.00,0.00,57.39,58.40,12.8999,49.6035,44.9904,40.8418,37.9294,36.3313,35.4335,34.6183,34.0172,33.3988,32.7614,32.1027,31.1401,29.9743,27.5222,20.4439,13.2314,8.93688,4.38195
70.772,0.0000,0.0000,0.5000,5,101.60,0.01,-0.93,-0.4694,0.0353,5235.99,0.0,0.00,0.00,53.19,54.19,12.9322,48.8753,44.2515,40.1217,37.2361,35.658,34.773,33.9706,33.3797,32.7726,32.1476,31.5027,30.5623,29.4271,27.059,20.3042,13.1407,8.87557,4.35184
70.797,0.0000,0.0000,0.2500,5,99.46,0.01,-0.92,-0.4730,0.0353,5235.99,0.0,0.00,0.00,56.31,57.30,12.9638,48.1595,43.5263,39.4155,36.5569,34.9984,34.1261,33.3363,32.7555,32.1593,31.5465,30.9151,29.9963,28.8906,26.6014,20.1672,13.0519,8.81552,4.32236
70.814,0.0000,0.2250,0.1250,5,97.36,0.01,-0.91,-0.4765,0.0353,5235.99,0.0,9.08,9.08,63.11,64.08,12.9947,47.4559,42.8146,38.7234,35.8915,34.3525,33.4928,32.7154,32.1444,31.559,30.9581,30.3398,29.4419,28.3646,26.1501,20.0331,12.965,8.75675,4.29351
70.839,0.0000,0.3487,0.0625,5,95.29,0.01,-0.88,-0.4799,0.0353,5546.75,0.0,22.91,22.95,72.93,72.93,13.0249,46.7646,42.1163,38.045,35.2398,33.7202,32.8728,32.1077,31.5464,30.9716,30.3822,29.7768,28.8992,27.8493,25.7054,19.9021,12.88,8.69924,4.26525
70.859,0.0301,0.6418,0.0312,5,93.47,0.01,-0.85,-0.4833,0.0353,6218.02,0.0,38.88,38.93,82.08,82.08,13.0545,46.0849,41.4308,37.3798,34.6014,33.1009,32.2657,31.5126,30.9608,30.3964,29.8184,29.2255,28.3676,27.3441,25.2672,19.7741,12.7969,8.64297,4.23759
70.884,0.1034,0.8030,0.0156,5,92.52,0.01,-0.82,-0.4866,0.0352,6321.45,0.0,55.11,55.17,83.64,83.64,13.0827,45.4144,40.7562,36.7265,33.9753,32.4942,31.6712,30.9302,30.3879,29.8338,29.267,28.6865,27.8481,26.8505,24.8383,19.6565,12.7185,8.58915,4.21067
70.909,0.2019,0.8916,0.0078,5,91.94,0.07,-0.79,-0.4899,0.0346,6321.38,0.0,70.08,70.13,83.64,83.64,13.1032,44.7633,40.1063,36.1021,33.3809,31.9205,31.1107,30.3824,29.8502,29.307,28.7522,28.1846,27.3665,26.3957,24.4493,19.5985,12.6671,8.54754,4.18629
70.927,0.2762,0.9404,0.0039,5,91.69,0.28,-0.77,-0.4928,0.0319,6309.5,0.0,81.03,80.70,83.47,83.47,13.0914,44.1861,39.5493,35.586,32.9053,31.4714,30.678,29.9657,29.4459,28.9162,28.3759,27.8242,27.0308,26.0916,24.2222,19.7309,12.7318,8.5582,4.17245
70.953,0.3316,0.9672,0.0020,4,91.93,0.47,-0.76,-0.4951,0.0248,6317.08,0.0,84.29,82.93,83.55,83.55,13.0141,43.7545,39.1734,35.2799,32.6587,31.2617,30.4906,29.7998,29.2965,28.7845,28.2633,27.7322,26.9707,26.0721,24.2971,20.1936,13.0483,8.6805,4.18125
70.972,0.3730,0.9820,0.0010,4,91.99,0.49,-0.75,-0.4965,0.0145,7060.27,0.0,85.15,83.10,82.29,79.95,12.8864,43.4299,38.9291,35.1237,32.574,31.2193,30.4735,29.8068,29.322,28.8297,28.3294,27.8207,27.0936,26.239,24.5609,20.8025,13.6044,8.90511,4.21145
70.997,0.3269,0.9901,0.0005,4,91.85,0.42,-0.77,-0.4969,0.0017,7075.11,0.0,85.41,82.86,82.41,79.60,12.7239,43.1783,38.7721,35.0646,32.5922,31.2816,30.5619,29.9197,29.4536,28.9809,28.5015,28.0151,27.3215,26.5095,24.9241,21.4522,14.4003,9.22495,4.26147
71.015,0.2942,0.9945,0.0002,4,91.74,0.23,-0.80,-0.4961,-0.0126,6826.83,0.0,85.66,82.69,82.65,79.61,12.5378,42.9743,38.6706,35.0649,32.6717,31.4052,30.7111,30.0928,29.6447,29.191,28.7315,28.266,27.6037,26.831,25.3313,22.0955,15.4609,9.64028,4.33042
71.040,0.2648,0.9970,0.0001,4,92.11,-0.13,-0.84,-0.4943,-0.0281,7242.91,0.0,85.96,82.71,86.01,86.01,12.337,42.7962,38.598,35.0943,32.7786,31.5562,30.8866,30.291,29.8599,29.4238,28.9829,28.5367,27.9033,27.166,25.7423,22.7052,16.7777,10.1541,4.41735
71.059,0.2383,0.9983,0.0001,4,92.66,-0.59,-0.86,-0.4913,-0.0444,7326.08,0.0,86.53,83.10,87.02,87.02,12.1277,42.6284,38.5357,35.1319,32.8909,31.7115,31.0656,30.4913,30.076,29.6564,29.2325,28.8041,28.1969,27.4916,26.135,23.2689,17.8982,10.7748,4.5216
71.084,0.2145,0.9991,0.0000,4,93.23,-1.06,-0.87,-0.4873,-0.0607,7388.5,0.0,87.05,83.61,87.77,87.77,11.9185,42.4477,38.4555,35.1463,32.9751,31.8355,31.2125,30.6585,30.2577,29.8531,29.4447,29.0325,28.4487,27.772,26.4743,23.7554,18.7823,11.4968,4.64088
71.102,0.1930,0.9995,0.0000,4,93.82,-1.48,-0.88,-0.4821,-0.0764,7440.79,0.0,87.51,84.18,88.40,88.40,11.7157,42.2361,38.3361,35.114,33.0067,31.9033,31.301,30.7659,30.3792,29.9885,29.5941,29.1962,28.6335,27.9821,26.736,24.1424,19.4778,12.3107,4.77282
71.127,0.2109,0.5497,0.0000,4,94.41,-1.81,-0.88,-0.4758,-0.0912,7485.88,0.0,87.94,84.81,88.94,88.94,11.5215,41.9845,38.1668,35.0236,32.9742,31.9035,31.3199,30.8019,30.4278,30.0501,29.669,29.2843,28.7404,28.1115,26.9112,24.4258,20.0133,13.2084,4.91576
71.146,0.2786,0.3023,0.0000,4,94.85,-1.91,-0.89,-0.4684,-0.1049,7262.76,0.0,88.25,85.33,86.34,86.34,11.3354,41.6915,37.9465,34.8745,32.8776,31.8366,31.2699,30.7673,30.4046,30.0387,29.6697,29.2975,28.7711,28.1625,27.0032,24.6132,20.4152,14.1313,5.06949
71.171,0.3292,0.1663,0.0000,4,94.99,-1.74,-0.89,-0.4595,-0.1172,7150.63,0.0,88.24,85.55,84.98,84.98,11.1567,41.3553,37.6736,34.6654,32.7161,31.702,31.1505,30.662,30.3096,29.9544,29.5964,29.2355,28.7255,28.1359,27.0136,24.7089,20.6985,14.834,5.23373
71.191,0.3672,0.0915,0.0000,4,94.97,-1.49,-0.90,-0.4493,-0.1294,7093.64,0.0,88.16,85.54,85.38,83.23,10.9735,41.0124,37.3915,34.4448,32.5411,31.5528,31.0159,30.5407,30.1981,29.853,29.5053,29.1551,28.6606,28.0895,27.0023,24.7766,20.9353,15.4097,5.41705
71.215,0.3958,0.0503,0.0000,4,94.85,-1.35,-0.92,-0.4377,-0.1431,7060.52,0.0,88.17,85.32,85.33,82.49,10.773,40.7049,37.15,34.2674,32.4103,31.4479,30.9256,30.4637,30.1309,29.7958,29.4584,29.1187,28.6394,28.0862,27.0343,24.8837,21.1972,15.9576,5.6321
71.234,0.4175,0.0277,0.0000,4,94.68,-1.33,-0.92,-0.4246,-0.1587,7034.38,0.0,88.21,84.99,85.27,81.93,10.5529,40.4452,36.9629,34.1481,32.339,31.4029,30.8954,30.4467,30.1237,29.7986,29.4713,29.1421,28.6777,28.1423,27.1253,25.0472,21.5029,16.5091,5.88685
71.258,0.3628,0.4652,0.0000,4,94.49,-1.44,-0.91,-0.4100,-0.1763,7012.24,0.0,88.25,84.62,85.24,81.44,10.3153,40.2304,36.8266,34.0824,32.3221,31.4125,30.9197,30.4843,30.171,29.8557,29.5385,29.2195,28.7698,28.2516,27.2683,25.261,21.8472,17.0679,6.18705
71.278,0.3265,0.7059,0.0000,4,94.57,-1.72,-0.90,-0.3939,-0.1951,7232.5,0.0,88.45,84.52,85.95,85.95,10.0674,40.0392,36.7157,34.0423,32.3305,31.4469,30.9685,30.546,30.242,29.9363,29.6288,29.3196,28.884,28.3824,27.4313,25.4926,22.1986,17.6103,6.53294
71.302,0.2939,0.8382,0.0000,4,94.79,-2.06,-0.88,-0.3763,-0.2139,7368.13,0.0,88.66,84.68,87.53,87.53,9.81801,39.8395,36.5929,33.9874,32.3217,31.4629,30.9981,30.5878,30.2928,29.9961,29.6978,29.3979,28.9756,28.4894,27.5685,25.6944,22.5121,18.0971,6.91849
71.322,0.2645,0.9110,0.0000,4,95.14,-2.43,-0.87,-0.3572,-0.2325,7486.73,0.0,88.94,84.99,88.93,88.93,9.56899,39.6233,36.4491,33.9079,32.2859,31.4504,30.9986,30.5999,30.3132,30.025,29.7354,29.4443,29.0344,28.5628,27.6701,25.8562,22.7796,18.5218,7.34402
71.347,0.2380,0.9510,0.0000,4,95.59,-2.82,-0.88,-0.3367,-0.2505,7581.58,0.0,89.24,85.42,90.06,90.06,9.32216,39.3816,36.274,33.7927,32.2117,31.398,30.9583,30.5704,30.2916,30.0114,29.7299,29.447,29.0488,28.5909,27.7246,25.9668,22.9905,18.8779,7.80764
71.365,0.2142,0.9731,0.0000,4,96.10,-3.16,-0.91,-0.3147,-0.2673,7656.82,0.0,89.55,85.94,90.96,90.96,9.07981,39.1019,36.0536,33.6268,32.0834,31.2901,30.8616,30.4838,30.2123,29.9395,29.6655,29.3902,29.003,28.5578,27.7161,26.0107,23.13,19.1535,8.30294
71.391,0.1928,0.9852,0.0000,4,96.65,-3.41,-0.94,-0.2913,-0.2827,7719.36,0.0,89.89,86.55,91.71,91.71,8.8418,16.7612,35.7843,33.4065,31.8977,31.1232,30.7051,30.3365,30.0718,29.8059,29.5389,29.2708,28.8937,28.4604,27.6418,25.9854,23.1951,19.3489,8.78268
71.408,0.1735,0.9918,0.0000,4,97.23,-3.56,-0.98,-0.2666,-0.2968,7775.23,0.0,90.27,87.21,92.37,92.37,8.60647,16.0127,35.47,33.1366,31.6597,30.9025,30.4941,30.1343,29.8759,29.6165,29.3561,29.0947,28.7271,28.3049,27.508,25.898,23.1933,19.4731,9.20412
71.434,0.1513,0.9955,0.0000,4,97.82,-3.62,-1.01,-0.2405,-0.3099,7828.41,0.0,90.71,87.89,93.00,93.00,8.37165,15.5456,35.1187,32.826,31.3789,30.6381,30.2388,29.8872,29.6348,29.3815,29.1273,28.8722,28.5137,28.1021,27.3259,25.76,23.1369,19.5389,9.57429
71.459,0.2291,0.9975,0.0000,4,98.41,-3.67,-1.07,-0.2130,-0.3222,7911.11,0.0,91.22,88.58,93.95,93.95,8.13522,15.2381,34.7407,32.4861,31.0672,30.342,29.9514,29.6076,29.361,29.1135,28.8652,28.6162,28.2663,27.8649,27.1084,25.5849,23.04,19.5604,9.90123
71.478,0.2866,0.9986,0.0000,4,98.99,-3.68,-1.12,-0.1841,-0.3348,7992.28,0.0,91.60,88.91,94.94,94.94,7.89247,14.9433,34.3633,32.1461,30.7549,30.0448,29.6627,29.3266,29.0856,28.8438,28.6013,28.3582,28.0167,27.6252,26.8878,25.4052,22.9354,19.5695,10.2025
71.502,0.3289,0.5492,0.0000,4,99.58,-3.74,-1.15,-0.1539,-0.3487,8052.14,0.0,92.05,89.17,95.66,95.66,7.64031,14.5381,34.0056,31.8264,30.4628,29.768,29.3943,29.0657,28.8302,28.594,28.3572,28.1199,27.7867,27.4048,26.6862,25.2432,22.8454,19.5876,10.4914
71.521,0.3600,0.3021,0.0000,4,100.03,-3.78,-1.16,-0.1221,-0.3633,7761.78,0.0,92.49,89.41,92.31,92.31,7.38012,14.0764,33.6597,31.5184,30.1822,29.5022,29.1368,28.8156,28.5855,28.3548,28.1236,27.8919,27.5668,27.1943,26.4938,25.0891,22.7603,19.6054,10.7653
71.547,0.3832,0.1661,0.0000,4,100.17,-3.62,-1.15,-0.0887,-0.3775,7577.82,0.0,92.67,89.60,90.08,90.08,7.11818,13.7475,33.2939,31.1885,29.8783,29.2126,28.8551,28.5411,28.3161,28.0907,27.8649,27.6386,27.3212,26.9578,26.2748,24.9071,22.6448,19.5892,11.0076
71.565,0.4006,0.0914,0.0000,4,100.11,-3.34,-1.13,-0.0539,-0.3909,7490.78,0.0,92.64,89.67,90.09,87.97,6.86308,13.5691,32.9087,30.8375,29.5522,28.9002,28.5503,28.2432,28.0232,27.8029,27.5822,27.3612,27.0513,26.6966,26.0305,24.6986,22.5006,19.5411,11.2197
71.591,0.4078,0.0503,0.0000,4,99.95,-3.09,-1.12,-0.0174,-0.4049,7443.63,0.0,92.57,89.57,89.88,87.05,6.61265,13.3983,32.5321,30.4946,29.2337,28.5952,28.2528,27.9523,27.7372,27.5219,27.3062,27.0903,26.7876,26.4414,25.7918,24.4943,22.3582,19.49,11.4171
71.609,0.4180,0.0276,0.0000,4,99.75,-2.95,-1.13,0.0204,-0.4198,7410.39,0.0,92.53,89.38,89.66,86.49,6.3657,13.1259,32.1757,30.172,28.9351,28.3097,27.9746,27.6807,27.4704,27.2599,27.0491,26.8382,26.5426,26.2046,25.5708,24.3065,22.2292,19.4472,11.6061
71.634,0.4275,0.0152,0.0000,4,99.52,-2.92,-1.14,0.0597,-0.4357,7383.76,0.0,92.45,89.12,89.48,86.04,6.1227,12.7227,31.8384,29.8683,28.655,28.0424,27.7144,27.4269,27.2212,27.0153,26.8093,26.6031,26.3144,25.9843,25.3658,24.1334,22.1121,19.411,11.7869
71.653,0.4350,0.0084,0.0000,4,99.28,-2.96,-1.16,0.1003,-0.4415,7359.91,0.0,92.35,88.81,89.32,85.63,5.88374,12.2089,31.5205,29.5836,28.3933,27.7931,27.4721,27.1907,26.9895,26.7882,26.5867,26.3852,26.103,25.7806,25.1767,23.9747,22.0066,19.3817,11.9605
71.678,0.4410,0.0046,0.0000,4,99.02,-3.09,-1.17,0.1400,-0.4306,7337.77,0.0,92.23,88.48,89.17,85.25,5.64927,11.6506,31.2207,29.3164,28.1486,27.5603,27.2459,26.9704,26.7735,26.5765,26.3795,26.1825,25.9066,25.5916,25.0017,23.8287,21.911,19.3576,12.1269
71.697,0.4458,0.0025,0.0000,4,98.75,-3.30,-1.19,0.1786,-0.4203,7316.54,0.0,92.09,88.14,89.03,84.89,5.41966,11.0874,30.9376,29.0651,27.919,27.3423,27.0342,26.7644,26.5716,26.3788,26.186,25.9932,25.7234,25.4154,24.8389,23.6936,21.8236,19.3375,12.2861
71.722,0.4498,0.0014,0.0000,4,98.48,-3.60,-1.23,0.2158,-0.4106,7295.08,0.0,91.94,87.78,88.88,84.52,5.1952,10.5322,30.671,28.8295,27.7044,27.1389,26.8368,26.5724,26.3835,26.1947,26.0059,25.8172,25.5532,25.2518,24.6881,23.569,21.7441,19.3211,12.4385
71.741,0.4532,0.0008,0.0000,4,98.19,-4.00,-1.27,0.2517,-0.4015,7273.1,0.0,91.77,87.41,88.73,84.15,4.97637,9.99322,30.4206,28.6091,27.5042,26.9493,26.653,26.3938,26.2087,26.0236,25.8386,25.6537,25.3951,25.1001,24.5485,23.4543,21.6719,19.3081,12.5843
71.766,0.4562,0.0004,0.0000,4,97.90,-4.42,-1.31,0.2862,-0.3926,7251.47,0.0,91.56,87.03,88.55,83.82,4.76428,9.49265,30.1794,28.3965,27.3109,26.7662,26.4755,26.2212,26.0396,25.8581,25.6767,25.4955,25.2421,24.953,24.4129,23.3423,21.6001,19.2922,12.7205
71.784,0.4588,0.0002,0.0000,4,97.59,-4.86,-1.33,0.3194,-0.3838,7228.73,0.0,91.30,86.66,88.33,83.50,4.55983,9.03777,29.9421,28.1863,27.1191,26.584,26.2986,26.049,25.8708,25.6927,25.5148,25.337,25.0885,24.8051,24.2757,23.2275,21.5236,19.2688,12.8446
71.809,0.4612,0.0001,0.0000,4,97.28,-5.30,-1.35,0.3512,-0.3748,7205.78,0.0,91.01,86.28,88.09,83.19,4.3639,8.62904,29.7052,27.9749,26.9253,26.3994,26.119,25.8738,25.6989,25.524,25.3494,25.1749,24.931,24.653,24.1339,23.1068,21.4394,19.2353,12.9544
71.827,0.4635,0.0001,0.0000,4,96.95,-5.73,-1.37,0.3817,-0.3656,7182.25,0.0,90.68,85.92,87.83,82.90,4.17755,8.26539,29.4664,27.7602,26.7271,26.2099,25.9343,25.6934,25.5215,25.3497,25.1782,25.0069,24.7674,24.4945,23.9852,22.9781,21.3455,19.1901,13.0488
71.853,0.4656,0.0000,0.0000,4,96.62,-6.15,-1.38,0.4107,-0.3560,7158.14,0.0,90.34,85.55,87.55,82.61,4.0012,7.94604,29.2241,27.5404,26.5229,26.0141,25.743,25.5061,25.3371,25.1683,24.9997,24.8314,24.5962,24.3282,23.8281,22.8402,21.2408,19.1321,13.1274
71.872,0.4677,0.0000,0.0000,4,96.28,-6.54,-1.39,0.4383,-0.3461,7133.48,0.0,89.98,85.19,87.25,82.32,3.83516,7.66975,28.9779,27.3153,26.3125,25.8115,25.5448,25.3117,25.1455,24.9794,24.8137,24.6482,24.4171,24.1537,23.6625,22.6929,21.1251,19.0615,13.1906
71.896,0.4697,0.0000,0.0000,4,95.94,-6.92,-1.41,0.4644,-0.3344,7108.29,0.0,89.61,84.82,86.95,82.02,3.6796,7.43559,28.728,27.0853,26.0962,25.6027,25.34,25.1106,24.947,24.7836,24.6206,24.4578,24.2305,23.9716,23.4889,22.5367,20.9991,18.9788,13.239
71.915,0.4717,0.0000,0.0000,4,95.58,-7.28,-1.42,0.4889,-0.3220,7082.6,0.0,89.23,84.44,86.64,81.72,3.53469,7.24425,28.4751,26.851,25.8748,25.3883,25.1295,24.9036,24.7425,24.5817,24.4212,24.261,24.0373,23.7826,23.3081,22.3725,20.8637,18.8851,13.2733
71.940,0.4737,0.0000,0.0000,4,95.22,-7.63,-1.43,0.5117,-0.3093,7056.44,0.0,88.86,84.06,86.33,81.41,3.40062,7.09886,28.2197,26.6131,25.6491,25.1691,24.914,24.6913,24.5326,24.3742,24.2161,24.0584,23.8382,23.5875,23.1207,22.2011,20.7199,18.7811,13.2942
71.960,0.4757,0.0000,0.0000,4,94.85,-7.98,-1.45,0.5329,-0.2963,7029.81,0.0,88.47,83.68,86.02,81.09,3.27757,7.00598,27.9624,26.3721,25.4195,24.9457,24.694,24.4743,24.3179,24.1618,24.006,23.8506,23.6337,23.3869,22.9274,22.023,20.5683,18.6676,13.3024
71.984,0.4777,0.0000,0.0000,4,94.47,-8.31,-1.46,0.5523,-0.2830,7002.75,0.0,88.09,83.29,85.70,80.77,3.16581,6.97964,27.7032,26.128,25.1862,24.7182,24.4697,24.253,24.0986,23.9446,23.791,23.6378,23.4241,23.1809,22.7284,21.8385,20.4091,18.5449,13.2983
72.003,0.4797,0.0000,0.0000,4,94.09,-8.62,-1.47,0.5701,-0.2694,6975.29,0.0,87.69,82.90,85.37,80.44,3.06561,7.05028,27.4418,25.8806,24.949,24.4865,24.241,24.027,23.8746,23.7226,23.571,23.4199,23.2092,22.9695,22.5236,21.6476,20.2424,18.4131,13.2821
72.027,0.4818,0.0000,0.0000,4,93.71,-8.92,-1.48,0.5862,-0.2556,6947.45,0.0,87.30,82.50,85.03,80.12,2.97743,7.3101,27.178,25.6299,24.7078,24.2505,24.0079,23.7964,23.6459,23.4958,23.3461,23.197,22.989,22.7525,22.313,21.4502,20.0683,18.2727,13.2543
72.052,0.4839,0.0000,0.0000,4,93.32,-9.20,-1.49,0.6006,-0.2415,6919.28,0.0,86.89,82.11,84.69,79.79,2.90274,29.5352,26.9124,25.3753,24.4622,24.0097,23.7699,23.5608,23.4121,23.2638,23.1159,22.9686,22.7633,22.5299,22.0964,21.2462,19.8865,18.1235,13.2149
72.072,0.4859,0.0000,0.0000,4,92.92,-9.46,-1.49,0.6132,-0.2272,6890.85,0.0,86.48,81.71,84.34,79.47,2.84221,29.3791,26.6539,25.1166,24.2118,23.764,23.5267,23.3199,23.1729,23.0263,22.8802,22.7346,22.5318,22.3014,21.8734,21.0354,19.6972,17.9655,13.1642
72.097,0.4881,0.0000,0.0000,4,92.53,-9.69,-1.50,0.6242,-0.2119,6862.18,0.0,86.06,81.32,83.98,79.14,2.7962,29.2351,26.4045,24.8539,23.9569,23.5135,23.2786,23.0741,22.9286,22.7837,22.6392,22.4954,22.2949,22.0673,21.6447,20.8181,19.5006,17.7993,13.1029
72.115,0.4902,0.0000,0.0000,4,92.13,-9.90,-1.50,0.6333,-0.1949,6833.29,0.0,85.64,80.92,83.62,78.82,2.76519,29.1037,26.1645,24.5877,23.6982,23.2588,23.0263,22.8238,22.6799,22.5365,22.3936,22.2513,22.0532,21.8282,21.4108,20.595,19.2974,17.6255,13.0313
72.141,0.4923,0.0000,0.0000,4,91.72,-10.09,-1.51,0.6405,-0.1777,6804.2,0.0,85.22,80.53,83.26,78.48,2.74955,28.9859,25.9343,24.3187,23.4361,23.0006,22.7702,22.5698,22.4272,22.2853,22.1439,22.0032,21.8072,21.5847,21.1723,20.367,19.0883,17.4449,12.9503
72.160,0.4945,0.0000,0.0000,4,91.32,-10.26,-1.51,0.6459,-0.1606,6774.9,0.0,84.81,80.13,82.91,78.14,2.74971,28.8836,25.7148,24.0477,23.1715,22.7397,22.5114,22.3128,22.1716,22.0311,21.8911,21.7518,21.5579,21.3379,20.9302,20.1348,18.8743,17.2583,12.8605
72.185,0.4967,0.0000,0.0000,4,90.91,-10.42,-1.51,0.6494,-0.1434,6745.41,0.0,84.39,79.72,82.55,77.80,2.76611,28.7985,25.5069,23.7804,22.9052,22.4769,22.2505,22.0537,21.9138,21.7746,21.636,21.498,21.3061,21.0884,20.6851,19.8993,18.6561,17.0665,12.7626
72.202,0.4989,0.0000,0.0000,4,90.50,-10.56,-1.50,0.6512,-0.1263,6715.74,0.0,83.98,79.32,82.19,77.46,2.79946,28.731,25.3107,23.5229,22.6371,22.212,21.9875,21.7923,21.6537,21.5157,21.3784,21.2417,21.0516,20.8361,20.4372,19.6605,18.4338,16.8697,12.6569
72.227,0.5011,0.0000,0.0000,4,90.09,-10.69,-1.50,0.6511,-0.1092,6685.92,0.0,83.57,78.92,81.83,77.11,2.85047,28.6816,25.1259,23.275,22.3671,21.945,21.7222,21.5286,21.3911,21.2543,21.1182,20.9829,20.7945,20.5811,20.1863,19.4183,18.2076,16.668,12.5438
72.247,0.5033,0.0000,0.0000,4,89.67,-10.79,-1.49,0.6494,-0.0923,6655.99,0.0,83.16,78.52,81.46,76.76,2.91997,28.6512,24.9528,23.0366,22.0984,21.676,21.4548,21.2627,21.1263,20.9906,20.8557,20.7215,20.5349,20.3235,19.9325,19.173,17.9776,16.4616,12.4235
72.271,0.5055,0.0000,0.0000,4,89.26,-10.88,-1.48,0.6459,-0.0755,6625.98,0.0,82.75,78.12,81.09,76.42,3.00889,28.641,24.7917,22.8078,21.8383,21.4052,21.1853,20.9946,20.8593,20.7247,20.5909,20.4578,20.2728,20.0633,19.6761,18.9246,17.7441,16.2509,12.2966
72.291,0.5078,0.0000,0.0000,4,88.85,-10.95,-1.46,0.6408,-0.0589,6595.94,0.0,82.33,77.72,80.73,76.07,3.1184,28.6521,24.6428,22.5887,21.5871,21.14,20.9148,20.7245,20.5902,20.4566,20.3239,20.1919,20.0084,19.8007,19.4171,18.6734,17.5073,16.036,12.1634
72.315,0.5100,0.0000,0.0000,4,88.43,-11.00,-1.45,0.6341,-0.0424,6565.87,0.0,81.92,77.33,80.36,75.73,3.24987,28.6862,24.5068,22.3794,21.3448,20.8834,20.6511,20.4552,20.3195,20.1866,20.0548,19.9239,19.7419,19.536,19.1558,18.4196,17.2674,15.8174,12.0243
72.334,0.5123,0.0000,0.0000,4,88.02,-11.04,-1.44,0.6259,-0.0263,6535.81,0.0,81.51,76.94,79.99,75.38,3.4049,28.7453,24.3842,22.1803,21.1116,20.6356,20.396,20.194,20.054,19.9175,19.7843,19.654,19.4735,19.2692,18.8924,18.1635,17.0247,15.5954,11.8797
72.360,0.5145,0.0000,0.0000,4,87.61,-11.06,-1.42,0.6162,-0.0104,6505.78,0.0,81.11,76.55,79.62,75.04,3.58556,28.8316,24.2758,21.9916,20.8877,20.3966,20.1495,19.9414,19.7971,19.6564,19.5191,19.3853,19.2033,19.0007,18.6271,17.9051,16.7794,15.3703,11.73
72.378,0.5168,0.0000,0.0000,4,87.19,-11.06,-1.40,0.6051,0.0052,6475.8,0.0,80.70,76.16,79.25,74.69,3.79429,28.9476,24.1823,21.8136,20.6731,20.1665,19.9118,19.6973,19.5487,19.4037,19.2624,19.1245,18.9372,18.7309,18.3599,17.6447,16.5317,15.1422,11.5754
72.403,0.5190,0.0000,0.0000,4,86.78,-11.05,-1.39,0.5926,0.0205,6445.89,0.0,80.30,75.78,78.88,74.35,4.03366,29.0965,24.1049,21.6468,20.4683,19.9457,19.6831,19.4621,19.309,19.1597,19.0141,18.8722,18.6793,18.4671,18.0911,17.3825,16.2818,14.9115,11.4164
72.421,0.5213,0.0000,0.0000,4,86.38,-11.02,-1.37,0.5788,0.0354,6416.07,0.0,79.91,75.40,78.52,74.01,4.3078,29.282,24.0447,21.492,20.2737,19.7344,19.4638,19.236,19.0782,18.9245,18.7746,18.6285,18.4301,18.2117,17.8251,17.1188,16.0301,14.6785,11.2532
72.447,0.5235,0.0000,0.0000,4,85.97,-10.98,-1.35,0.5638,0.0500,6386.35,0.0,79.52,75.02,78.15,73.66,4.62241,29.5087,24.0034,21.3499,20.0898,19.5332,19.2541,19.0193,18.8568,18.6985,18.5442,18.3938,18.1896,17.9649,17.5674,16.8538,15.7768,14.4435,11.0862
72.465,0.5257,0.0000,0.0000,4,85.56,-10.92,-1.33,0.5476,0.0642,6356.75,0.0,79.13,74.64,77.79,73.32,4.9857,29.7821,23.9828,21.2215,19.9172,19.3425,19.0546,18.8126,18.6451,18.482,18.3231,18.1683,17.9582,17.7271,17.3185,16.588,15.5222,14.2067,10.9158
72.491,0.5280,0.0000,0.0000,4,85.16,-10.85,-1.31,0.5303,0.0779,6327.27,0.0,78.74,74.27,77.43,72.98,5.41038,30.1082,23.9848,21.1076,19.7567,19.1629,18.8658,18.6162,18.4436,18.2755,18.1119,17.9525,17.7362,17.4985,17.0784,16.3281,15.2664,13.9684,10.7422
72.509,0.5302,0.0000,0.0000,4,84.76,-10.77,-1.29,0.5119,0.0910,6297.95,0.0,78.37,73.91,77.07,72.64,5.91696,30.4945,24.0116,21.0093,19.6087,18.9949,18.6881,18.4306,18.2526,18.0793,17.9107,17.7466,17.524,17.2794,16.8474,16.0769,15.0097,13.7288,10.5657
72.534,0.5324,0.0000,0.0000,4,84.36,-10.68,-1.27,0.4926,0.1035,6268.78,0.0,77.99,73.55,76.72,72.31,6.54373,30.9494,24.0654,20.9277,19.4741,18.839,18.5221,18.2562,18.0725,17.8939,17.7201,17.551,17.3217,17.07,16.6258,15.8345,14.7522,13.488,10.3865
72.554,0.5346,0.0000,0.0000,4,83.97,-10.58,-1.25,0.4724,0.1156,6239.8,0.0,77.62,73.19,76.36,71.97,7.389,31.4836,24.1494,20.8641,19.3538,18.6961,18.3684,18.0937,17.9041,17.7197,17.5405,17.3661,17.1299,16.8708,16.4138,15.6011,14.4942,13.2463,10.2049
72.578,0.5368,0.0000,0.0000,4,83.58,-10.46,-1.23,0.4514,0.1273,6211.0,0.0,77.26,72.83,76.01,71.64,8.91139,32.1097,24.2667,20.82,19.2487,18.5669,18.2276,17.9436,17.7477,17.5574,17.3724,17.1925,16.949,16.6821,16.2119,15.3769,14.2421,13.0037,10.0212
72.604,0.5389,0.0000,0.0000,4,83.19,-10.34,-1.21,0.4295,0.1385,6182.42,0.0,76.89,72.49,75.66,71.31,10.4886,32.8439,24.4214,20.7973,19.16,18.4523,18.1008,17.8069,17.6043,17.4075,17.2165,17.0308,16.7796,16.5044,16.0203,15.1623,13.9988,12.7605,9.83574
72.622,0.5411,0.0000,0.0000,4,82.80,-10.20,-1.20,0.4070,0.1493,6154.05,0.0,76.54,72.14,75.32,70.98,11.5594,33.7071,24.6187,20.7983,19.0892,18.3537,17.9891,17.6845,17.4748,17.2712,17.0736,16.8818,16.6225,16.3386,15.8398,14.9576,13.7647,12.5169,9.64864
72.641,0.5432,0.0000,0.0000,4,82.42,-10.06,-1.18,0.3838,0.1597,6125.9,0.0,76.19,71.80,74.98,70.65,12.3138,34.7256,24.8647,20.8257,19.0383,18.2726,17.8938,17.5778,17.3603,17.1495,16.945,16.7466,16.4785,16.1855,15.6711,14.7635,13.5399,12.2731,9.4602
72.666,0.5453,0.0000,0.0000,4,82.04,-9.91,-1.16,0.3599,0.1696,6097.98,0.0,75.85,71.47,74.64,70.32,12.8568,35.9337,25.1668,20.8827,19.0091,18.2106,17.8164,17.488,17.2623,17.0436,16.8316,16.6262,16.3488,16.0459,15.515,14.5805,13.325,12.0302,9.27063
72.691,0.5474,0.0000,0.0000,4,81.67,-9.75,-1.14,0.3355,0.1791,6070.29,0.0,75.51,71.14,74.30,70.00,13.2514,37.3766,25.5339,20.9731,19.0042,18.1698,17.7588,17.4169,17.1822,16.955,16.735,16.5219,16.2345,15.9209,15.3723,14.4093,13.1203,11.7955,9.08015
72.709,0.5495,0.0000,0.0000,4,81.30,-9.59,-1.12,0.3106,0.1882,6042.82,0.0,75.18,70.81,73.97,69.68,13.5375,39.1146,25.9771,21.1013,19.0264,18.1523,17.723,17.3664,17.1218,16.8854,16.6566,16.4352,16.1369,15.8119,15.2442,14.2506,12.9263,11.5705,8.88896
72.735,0.5516,0.0000,0.0000,4,80.93,-9.42,-1.10,0.2853,0.1968,6015.6,0.0,74.85,70.48,73.65,69.36,13.7418,41.2304,26.5097,21.2725,19.0788,18.1608,17.7112,17.3384,17.0831,16.8365,16.5982,16.3677,16.0576,15.7201,15.1318,14.1054,12.7435,11.3554,8.69724
72.753,0.5536,0.0000,0.0000,4,80.56,-9.25,-1.08,0.2595,0.2048,5988.61,0.0,74.52,70.16,73.32,69.04,13.8828,43.8407,27.1487,21.4928,19.1653,18.1983,17.7262,17.3355,17.0683,16.8105,16.5616,16.3212,15.9982,15.6471,15.0363,13.9744,12.5724,11.1506,8.50516
72.778,0.5556,0.0000,0.0000,4,80.20,-9.07,-1.07,0.2333,0.2122,5961.86,0.0,74.21,69.85,73.00,68.72,13.9738,47.1159,27.9155,21.7699,19.2902,18.2683,17.7711,17.3604,17.0801,16.8099,16.5494,16.298,15.9607,15.5947,14.9593,13.8589,12.4139,10.9564,8.31291
72.798,0.5577,0.4500,0.0000,4,79.84,-8.89,-1.05,0.2069,0.2192,5935.36,0.0,73.90,69.54,72.69,68.41,14.0242,51.3154,28.838,22.1129,19.4591,18.3751,17.8496,17.4167,17.1216,16.8376,16.5641,16.3006,15.9475,15.5649,14.9025,13.7601,12.2685,10.7732,8.12063
72.822,0.5044,0.6975,0.0000,4,79.68,-8.74,-1.03,0.1802,0.2260,6207.75,0.0,73.61,69.27,73.76,73.76,14.0512,56.7646,29.9279,22.5197,19.668,18.5144,17.9577,17.5,17.1887,16.8895,16.6018,16.3249,15.9545,15.5539,14.8622,13.6745,12.1336,10.599,7.9275
72.841,0.4540,0.8336,0.0000,4,79.67,-8.57,-1.02,0.1531,0.2331,6349.37,0.0,73.57,69.30,75.41,75.41,14.075,63.8742,31.1747,22.9736,19.9024,18.673,18.0823,17.598,17.2692,16.9538,16.6509,16.3598,15.9711,15.5516,14.8291,13.5943,12.003,10.4292,7.73182
72.867,0.4086,0.9085,0.0000,4,79.78,-8.42,-1.00,0.1255,0.2404,6474.2,0.0,73.70,69.53,76.90,76.90,14.0965,73.5277,32.6112,23.481,20.1646,18.8522,18.2247,17.7117,17.3641,17.0311,16.712,16.4058,15.9975,15.5579,14.803,13.5192,11.8763,10.2634,7.53329
72.885,0.3677,0.9497,0.0000,4,80.00,-8.28,-0.99,0.0976,0.2480,6567.02,0.0,73.94,69.90,78.01,78.01,14.1172,87.3363,34.2748,24.0465,20.4556,19.0522,18.3846,17.8404,17.4726,17.1209,16.7844,16.462,16.033,15.5721,14.783,13.4482,11.7526,10.1008,7.33149
72.909,0.3310,0.9723,0.0000,4,80.29,-8.14,-0.98,0.0691,0.2560,6633.82,0.0,74.26,70.35,78.81,78.81,14.1411,108.49,36.1985,24.6684,20.7714,19.2687,18.5578,17.9802,17.5908,17.2191,16.8641,16.5247,16.0738,15.5905,14.7659,13.3786,11.6297,9.93991,7.12718
72.929,0.2979,0.9848,0.0000,4,80.64,-7.99,-0.98,0.0400,0.2645,6681.04,0.0,74.62,70.86,79.38,79.38,14.1716,144.543,38.4175,25.3423,21.106,19.496,18.7388,18.1257,17.7133,17.3206,16.9462,16.5889,16.1153,15.6088,14.7476,13.3069,11.5054,9.77901,6.92706
72.954,0.2681,0.9916,0.0000,4,81.03,-7.80,-0.98,0.0103,0.2735,6717.04,0.0,75.00,71.41,79.81,79.81,14.2098,200.0,40.9821,26.0657,21.4549,19.7296,18.9233,18.2728,17.8364,17.4217,17.0271,16.6512,16.1541,15.6238,14.7253,13.2312,11.3779,9.61713,6.73171
72.973,0.2413,0.9954,0.0000,4,81.46,-7.60,-1.01,-0.0200,0.2833,6745.85,0.0,75.39,71.98,80.15,80.15,14.2601,200.0,43.916,26.8207,21.8037,19.957,19.0996,18.4104,17.9494,17.5122,17.0971,16.7024,16.1816,15.6275,14.692,13.1458,11.2436,9.4519,6.54031
72.998,0.2171,0.9975,0.0000,4,81.92,-7.36,-1.06,-0.0511,0.2941,6769.35,0.0,75.76,72.59,80.43,80.43,14.3281,200.0,47.2035,27.574,22.129,20.1587,19.2499,18.5222,18.0369,17.5776,17.1424,16.7295,16.1857,15.6088,14.6382,13.0434,11.0976,9.28023,6.35184
73.017,0.1954,0.9986,0.0000,4,82.39,-7.05,-1.10,-0.0828,0.3058,6789.14,0.0,76.16,73.24,80.67,80.67,14.4106,200.0,50.9017,28.3189,22.4263,20.3312,19.3714,18.6058,18.0966,17.6158,17.1612,16.7307,16.165,15.5664,14.563,12.9239,10.94,9.10246,6.16631
73.041,0.1759,0.9992,0.0000,4,82.89,-6.68,-1.14,-0.1151,0.3057,6806.26,0.0,76.61,73.91,80.87,80.87,14.4984,200.0,55.2195,29.0865,22.7144,20.4903,19.4784,18.6745,18.1414,17.6391,17.1652,16.7173,16.1301,15.5104,14.4753,12.7944,10.7762,8.92219,5.98467
73.061,0.1583,0.9996,0.0000,4,83.39,-6.27,-1.16,-0.1465,0.2942,6819.15,0.0,77.11,74.57,81.03,81.03,14.5826,183.745,60.5155,29.9227,23.019,20.6565,19.5897,18.7455,18.1873,17.6628,17.1689,16.7031,16.0939,15.4526,14.3855,12.6632,10.6119,8.74327,5.80797
73.085,0.1425,0.9998,0.0000,4,83.91,-5.85,-1.17,-0.1767,0.2829,6837.4,0.0,77.64,75.20,81.22,81.22,14.6595,145.062,67.2855,30.8637,23.357,20.8428,19.7164,18.829,18.2441,17.6958,17.1808,16.6961,16.0637,15.3999,14.2996,12.5348,10.4505,8.56786,5.6368
73.105,0.1282,0.9999,0.0000,4,84.41,-5.49,-1.21,-0.2057,0.2717,6890.39,0.0,78.19,75.79,81.84,81.84,14.7203,120.718,76.6572,32.0022,23.7732,21.0833,19.8886,18.9519,18.3367,17.7615,17.2226,16.7166,16.0582,15.3693,14.2319,12.4199,10.299,8.40035,5.4722
73.129,0.1154,0.9999,0.0000,4,84.93,-5.22,-1.27,-0.2337,0.2601,6937.07,0.0,78.75,76.32,82.42,82.42,14.7614,103.649,90.7336,33.4337,24.3054,21.4045,20.1287,19.1339,18.483,17.8763,17.3095,16.7787,16.0901,15.3719,14.1916,12.325,10.1612,8.24295,5.31447
73.148,0.1039,0.9999,0.0000,4,85.48,-4.97,-1.31,-0.2606,0.2487,6954.13,0.0,79.29,76.87,82.63,82.63,14.7922,91.3169,113.056,35.1606,24.9352,21.7883,20.4195,19.3584,18.6673,18.0251,17.4269,16.8684,16.146,15.3954,14.1679,12.2416,10.0314,8.09194,5.1625
73.174,0.0935,1.0000,0.0000,4,86.06,-4.70,-1.34,-0.2864,0.2377,6960.19,0.0,79.80,77.47,82.71,82.71,14.8234,82.3404,151.329,37.132,25.6173,22.1973,20.7271,19.5947,18.8603,18.1804,17.5491,16.9614,16.2038,15.4195,14.1434,12.157,9.90135,7.94227,5.01502
73.192,0.0841,1.0000,0.0000,4,86.64,-4.38,-1.35,-0.3112,0.2276,6960.01,0.0,80.27,78.11,82.71,82.71,14.864,75.8043,200.0,39.2573,26.294,22.5867,21.0124,19.8075,19.0299,18.3123,17.6481,17.0317,16.2398,15.4229,14.1006,12.0585,9.76319,7.78944,4.87094
73.217,0.0757,1.0000,0.0000,4,87.24,-3.99,-1.36,-0.3350,0.2187,6958.76,0.0,80.72,78.80,82.69,82.69,14.9197,71.0744,200.0,41.4113,26.9031,22.9118,21.2372,19.9637,19.1454,18.3928,17.6985,17.0559,16.233,15.3872,14.0247,11.9361,9.61101,7.63019,4.72945
73.236,0.0681,1.0000,0.0000,4,87.85,-3.56,-1.39,-0.3578,0.2110,6960.61,0.0,81.15,79.48,82.71,82.71,14.9944,67.7216,200.0,43.4258,27.379,23.1281,21.3648,20.0318,19.1787,18.3967,17.6772,17.0132,16.1651,15.2965,13.9032,11.7817,9.44038,7.46213,4.58996
73.261,0.0613,1.0000,0.0000,4,88.46,-3.09,-1.44,-0.3796,0.2049,6968.12,0.0,81.55,80.20,82.80,82.80,15.094,65.5203,200.0,45.0267,27.6316,23.1768,21.3472,19.9709,19.0934,18.291,17.5547,16.8766,16.0126,15.1302,13.72,11.5849,9.24524,7.2819,4.45141
73.280,0.0552,1.0000,0.0000,4,89.07,-2.58,-1.50,-0.4006,0.2002,6984.44,0.0,81.99,80.94,82.99,82.99,15.2133,64.116,200.0,46.1583,27.6675,23.0689,21.1959,19.7928,18.9009,18.0872,17.3419,16.6568,15.7858,14.8982,13.4839,11.3524,9.03027,7.09231,4.31423
73.305,0.0497,1.0000,0.0000,4,89.68,-2.09,-1.55,-0.4209,0.1962,7008.37,0.0,82.49,81.64,83.27,83.27,15.3427,63.1725,200.0,46.952,27.5561,22.857,20.9566,19.5384,18.6391,17.8202,17.0715,16.3844,15.5123,14.6253,13.2154,11.0992,8.80471,6.8987,4.17937
73.323,0.0563,1.0000,0.0000,4,90.30,-1.65,-1.58,-0.4404,0.1928,7038.52,0.0,83.03,82.29,83.62,83.62,15.4744,62.464,200.0,47.5726,27.3662,22.5902,20.6718,19.2448,18.342,17.5215,16.7724,16.0859,15.216,14.3328,12.9322,10.8373,8.57592,6.70517,4.04745
73.348,0.1091,1.0000,0.0000,4,90.90,-1.27,-1.61,-0.4594,0.1894,7088.99,0.0,83.60,82.88,84.20,84.20,15.6006,61.8023,200.0,48.2484,27.1761,22.3227,20.3865,18.9512,18.0453,17.2234,16.4743,15.7888,14.9214,14.0424,12.6516,10.5787,8.35095,6.51557,3.91903
73.367,0.1533,1.0000,0.0000,4,91.48,-0.95,-1.70,-0.4778,0.1849,7175.74,0.0,84.21,83.24,85.24,85.24,15.6927,60.6639,200.0,49.9627,27.2783,22.2488,20.2618,18.796,17.8741,17.0395,16.2806,15.5876,14.7127,13.8282,12.4333,10.3644,8.15435,6.34389,3.79734
73.392,0.1722,1.0000,0.0000,4,92.08,-0.74,-1.76,-0.4956,0.1784,7220.11,0.0,84.92,83.55,85.78,85.78,15.7314,58.7923,200.0,53.8707,27.9309,22.5283,20.4266,18.8878,17.9249,17.0567,16.2698,15.5535,14.6522,13.7445,12.3201,10.2229,8.00297,6.19967,3.68479
73.411,0.1481,1.0000,0.0000,4,92.69,-0.65,-1.80,-0.5126,0.1701,7260.26,0.0,85.66,83.92,86.26,86.26,15.7232,56.4297,200.0,61.0662,29.2141,23.1884,20.8954,19.2343,18.2023,17.2767,16.4419,15.6851,14.7374,13.7879,12.3076,10.1498,7.89328,6.08065,3.58104
73.436,0.1333,1.0000,0.0000,4,93.31,-0.70,-1.82,-0.5290,0.1610,7299.83,0.0,86.36,84.45,86.73,86.73,15.6922,54.0333,189.485,72.7974,31.0349,24.1346,21.5813,19.7557,18.6316,17.6297,16.7314,15.9213,14.9124,13.9078,12.3538,10.1151,7.80666,5.97599,3.48353
73.461,0.1200,1.0000,0.0000,4,93.93,-0.76,-1.83,-0.5446,0.1521,7338.26,0.0,86.93,85.05,87.18,87.18,15.6599,51.9059,161.725,91.3056,33.2418,25.2397,22.3733,20.354,19.1229,18.0335,17.0628,16.1924,15.1149,14.0491,12.4144,10.0882,7.72478,5.8752,3.38972
73.480,0.1080,1.0000,0.0000,4,94.56,-0.80,-1.82,-0.5596,0.1438,7378.71,0.0,87.45,85.69,87.66,87.66,15.6347,50.1074,142.577,122.415,35.7675,26.4357,23.212,20.9772,19.629,18.4449,17.3968,16.4627,15.3134,14.1844,12.4675,10.0549,7.63955,5.7739,3.29858
73.498,0.0972,1.0000,0.0000,4,95.19,-0.81,-1.82,-0.5739,0.1361,7422.87,0.0,87.97,86.35,88.19,88.19,15.6188,48.6129,128.9,183.417,38.5897,27.6846,24.0641,21.5964,20.124,18.8411,17.7131,16.7138,15.4922,14.3003,12.5033,10.0092,7.54789,5.67052,3.20972
73.523,0.0875,1.0000,0.0000,4,95.83,-0.80,-1.82,-0.5876,0.1291,7470.79,0.0,88.48,87.01,88.75,88.75,15.612,47.3718,118.768,200.0,41.7247,28.9694,24.914,22.1985,20.5968,19.212,18.003,16.9384,15.6451,14.3919,12.5186,9.94961,7.44926,5.56489,3.12301
73.549,0.0787,1.0000,0.0000,4,96.47,-0.78,-1.83,-0.6008,0.1228,7521.79,0.0,89.01,87.67,89.36,89.36,15.613,46.3342,111.008,200.0,45.2213,30.2864,25.7565,22.7789,21.0432,19.5547,18.2642,17.1346,15.7711,14.4589,12.5134,9.87671,7.34431,5.45741,3.03842
73.567,0.0708,1.0000,0.0000,4,97.12,-0.76,-1.84,-0.6133,0.1170,7574.13,0.0,89.54,88.32,89.98,89.98,15.6202,45.4563,104.885,200.0,49.1667,31.6424,26.5942,23.3396,21.4653,19.871,18.4984,17.3045,15.8723,14.5031,12.4898,9.79215,7.23415,5.34873,2.95595
73.592,0.0638,1.0000,0.0000,4,97.77,-0.73,-1.86,-0.6255,0.1117,7625.79,0.0,90.09,88.97,90.59,90.59,15.6325,44.709,99.9492,200.0,53.6574,33.0378,27.4243,23.8782,21.861,20.1595,18.705,17.4476,15.9486,14.5251,12.4486,9.69683,7.11941,5.23913,2.8755
73.612,0.0574,1.0000,0.0000,4,98.43,-0.70,-1.87,-0.6371,0.1069,7676.73,0.0,90.65,89.63,91.20,91.20,15.6496,44.074,95.9236,200.0,58.7892,34.4613,28.2368,24.3866,22.2241,20.4153,18.88,17.5607,15.9979,14.5233,12.3889,9.59062,7.00017,5.12867,2.79697
73.637,0.0516,1.0000,0.0000,4,99.10,-0.67,-1.89,-0.6483,0.1025,7727.36,0.0,91.21,90.29,91.80,91.80,15.6715,43.5386,92.6225,200.0,64.6467,35.8907,29.0148,24.8528,22.5447,20.6304,19.0171,17.6391,16.0163,14.495,12.3093,9.47295,6.87621,5.0172,2.72015
73.655,0.0456,1.0000,0.0000,4,99.77,-0.63,-1.91,-0.6592,0.0985,7778.25,0.0,91.79,90.95,92.41,92.41,15.6976,43.0873,89.8896,200.0,71.3854,37.3158,29.7507,25.2717,22.8198,20.8031,19.1152,17.6819,16.004,14.4405,12.2105,9.34456,6.74804,4.90496,2.64498
73.680,0.0705,1.0000,0.0000,4,100.45,-0.59,-1.93,-0.6696,0.0949,7829.53,0.0,92.37,91.61,93.01,93.01,15.7276,42.7104,87.6194,200.0,79.1621,38.715,30.4307,25.6349,23.043,20.9286,19.171,17.6869,15.9593,14.3591,12.0922,9.20556,6.61578,4.79195,2.57131
73.699,0.1059,1.0000,0.0000,4,101.12,-0.49,-1.94,-0.6797,0.0910,7883.3,0.0,93.00,92.18,93.65,93.65,15.7494,42.2938,85.2952,200.0,90.6893,40.5814,31.3509,26.1507,23.3824,21.1455,19.3006,17.753,15.9631,14.3162,12.0011,9.0831,6.49338,4.68533,2.50075
73.724,0.1325,1.0000,0.0000,4,101.80,-0.40,-1.96,-0.6893,0.0860,7941.67,0.0,93.70,92.65,94.34,94.34,15.7451,41.6865,82.3236,200.0,115.142,44.0078,33.1074,27.2137,24.1456,21.7008,19.7068,18.0498,16.1506,14.4193,12.0116,9.01912,6.40202,4.59594,2.4359
73.742,0.1435,1.0000,0.0000,4,102.47,-0.38,-1.97,-0.6984,0.0795,8004.63,0.0,94.45,93.09,95.09,95.09,15.7076,40.8461,78.6276,200.0,187.335,50.5086,36.3555,29.2008,25.6038,22.7974,20.5467,18.7019,16.6155,14.739,12.1687,9.03668,6.3525,4.52921,2.37828
73.768,0.1292,1.0000,0.0000,4,103.14,-0.45,-1.99,-0.7067,0.0716,8070.69,0.0,95.20,93.55,95.87,95.87,15.641,39.8313,74.5281,200.0,200.0,62.9256,41.9794,32.5139,28.006,24.5975,21.9301,19.786,17.4058,15.3045,12.4852,9.13831,6.3446,4.48476,2.32803
73.786,0.1163,1.0000,0.0000,4,103.81,-0.62,-2.00,-0.7144,0.0631,8136.54,0.0,95.92,94.12,96.66,96.66,15.5585,38.7668,70.5218,174.103,200.0,88.2314,51.338,37.59,31.5567,27.1941,23.8928,21.3078,18.5068,16.0923,12.9351,9.30446,6.36712,4.45673,2.28404
73.812,0.1046,1.0000,0.0000,4,104.50,-0.80,-2.02,-0.7214,0.0545,8202.43,0.0,96.56,94.75,97.44,97.44,15.4725,37.7537,66.9311,152.753,200.0,153.74,67.3124,45.1233,36.5262,30.6828,26.4529,23.2495,19.8814,17.0601,13.4805,9.51051,6.40718,4.43866,2.245
73.830,0.0942,1.0000,0.0000,4,105.19,-0.97,-2.04,-0.7277,0.0463,8264.13,0.0,97.16,95.42,98.17,98.17,15.3885,36.8271,63.8132,136.7,200.0,200.0,98.4341,56.703,43.526,35.3206,29.7199,25.6542,21.533,18.1956,14.1046,9.74434,6.45868,4.42766,2.21038
73.855,0.0848,1.0000,0.0000,4,105.89,-1.10,-2.06,-0.7334,0.0385,8322.02,0.0,97.76,96.11,98.86,98.86,15.3092,35.9979,61.1463,124.471,200.0,200.0,180.795,75.9425,53.7014,41.5392,33.8708,28.5943,23.477,19.4936,14.795,9.99766,6.51782,4.42209,2.1799
73.874,0.0763,1.0000,0.0000,4,106.61,-1.19,-2.07,-0.7384,0.0313,8377.3,0.0,98.35,96.82,99.52,99.52,15.2355,35.2636,58.875,114.987,200.0,200.0,200.0,113.041,69.4215,50.0949,39.1881,32.1835,25.7445,20.9567,15.5446,10.2655,6.58271,4.42127,2.15348
73.899,0.0687,1.0000,0.0000,4,107.33,-1.24,-2.09,-0.7427,0.0248,8431.21,0.0,98.94,97.55,100.16,100.16,15.1675,34.6163,56.9408,107.507,200.0,200.0,200.0,200.0,96.3019,62.3608,46.1123,36.5827,28.3769,22.5899,16.348,10.5445,6.65228,4.42492,2.13108
73.918,0.0618,1.0000,0.0000,4,108.05,-1.25,-2.10,-0.7464,0.0188,8484.95,0.0,99.55,98.27,100.80,100.80,15.1046,34.0451,55.2858,101.502,200.0,200.0,200.0,200.0,151.735,81.1372,55.3764,42.0339,31.4345,24.4057,17.203,10.8331,6.72642,4.43315,2.11269
73.942,0.0556,1.0000,0.0000,4,108.78,-1.23,-2.11,-0.7494,0.0133,8539.32,0.0,100.16,99.00,101.45,101.45,15.0459,33.539,53.8596,96.5978,185.819,200.0,200.0,200.0,200.0,113.082,68.2726,48.8997,35.0001,26.4218,18.1096,11.1312,6.80548,4.44622,2.09829
73.961,0.0501,1.0000,0.0000,4,109.52,-1.20,-2.16,-0.7519,0.0084,8595.17,0.0,100.76,99.72,102.11,102.11,14.992,33.0955,52.6405,92.5926,171.279,200.0,200.0,200.0,200.0,177.123,86.8967,57.5732,39.104,28.6178,19.0499,11.432,6.88729,4.46327,2.0876
73.986,0.0450,1.0000,0.0000,4,110.27,-1.15,-2.21,-0.7538,0.0041,8653.28,0.0,101.38,100.46,102.80,102.80,14.943,32.711,51.6067,89.3242,160.232,200.0,200.0,200.0,200.0,200.0,115.224,68.5582,43.7546,30.9599,20.0033,11.7288,6.96991,4.48347,2.08031
74.006,0.0405,1.0000,0.0000,4,111.02,-1.09,-2.26,-0.7552,0.0002,8712.92,0.0,102.03,101.20,103.51,103.51,14.8971,32.3696,50.7086,86.5796,151.478,200.0,200.0,200.0,200.0,200.0,163.921,83.0433,49.1194,33.4908,20.9838,12.0281,7.056,4.50793,2.07647
74.030,0.0365,1.0000,0.0000,4,111.77,-1.01,-2.30,-0.7561,-0.0033,8772.89,0.0,102.69,101.94,104.22,104.22,14.8523,32.0567,49.9033,84.1932,144.232,200.0,200.0,200.0,200.0,200.0,200.0,103.434,55.5055,36.2929,22.0168,12.3385,7.14875,4.53784,2.07612
74.049,0.0328,1.0000,0.0000,4,112.50,-0.96,-2.37,-0.7566,-0.0066,8873.15,0.0,103.36,102.66,105.38,105.38,14.8076,31.764,49.1652,82.0679,138.05,200.0,200.0,200.0,200.0,200.0,200.0,134.653,63.3297,39.4533,23.1219,12.6657,7.24998,4.57377,2.0792
74.075,0.0296,1.0000,0.0000,4,113.26,-0.94,-2.44,-0.7566,-0.0098,8952.42,0.0,104.04,103.35,106.36,106.36,14.7611,31.4765,48.4552,80.0776,132.478,197.236,200.0,200.0,200.0,200.0,200.0,191.547,73.6012,43.2052,24.3583,13.0252,7.36415,4.61716,2.08566
74.092,0.0266,1.0000,0.0000,4,114.05,-0.92,-2.48,-0.7563,-0.0129,9001.24,0.0,104.74,104.08,106.94,106.94,14.7139,31.2002,47.786,78.2491,127.536,186.477,200.0,200.0,200.0,200.0,200.0,200.0,87.2298,47.5974,25.7105,13.4097,7.4887,4.66691,2.09525
74.118,0.0239,1.0000,0.0000,4,114.84,-0.89,-2.51,-0.7555,-0.0157,9042.67,0.0,105.44,104.84,107.44,107.44,14.6674,30.9437,47.1767,76.6238,123.283,177.539,200.0,200.0,200.0,200.0,200.0,200.0,105.221,52.5735,27.1335,13.8057,7.61942,4.72143,2.10769
74.142,0.0215,1.0000,0.0000,4,115.65,-0.84,-2.52,-0.7544,-0.0182,9083.8,0.0,106.14,105.61,107.92,107.92,14.6226,30.7115,46.6365,75.2164,119.705,170.243,200.0,200.0,200.0,200.0,200.0,200.0,128.891,58.0264,28.5807,14.2016,7.75304,4.77948,2.12273
74.162,0.0194,1.0000,0.0000,4,116.45,-0.77,-2.53,-0.7530,-0.0204,9131.04,0.0,106.84,106.37,108.48,108.48,14.5796,30.5024,46.1601,74.0036,116.701,164.276,200.0,200.0,200.0,200.0,200.0,200.0,160.508,63.8988,30.0289,14.5934,7.88867,4.84072,2.14022
74.187,0.0175,1.0000,0.0000,4,117.25,-0.70,-2.53,-0.7512,-0.0223,9186.76,0.0,107.54,107.13,109.14,109.14,14.5382,30.3138,45.7401,72.9588,114.174,159.369,200.0,200.0,200.0,200.0,200.0,200.0,200.0,70.1285,31.4611,14.979,8.02588,4.90489,2.16002
74.206,0.0157,1.0000,0.0000,4,118.05,-0.64,-2.56,-0.7491,-0.0240,9250.83,0.0,108.24,107.89,109.90,109.90,14.4982,30.1445,45.3716,72.0629,112.058,155.339,195.712,200.0,200.0,200.0,200.0,200.0,200.0,76.5946,32.8549,15.3553,8.16375,4.9715,2.18189
74.230,0.0141,1.0000,0.0000,4,118.84,-0.57,-2.59,-0.7467,-0.0254,9321.14,0.0,108.95,108.64,110.73,110.73,14.4586,29.9868,45.0358,71.2641,110.209,151.879,190.313,200.0,200.0,200.0,200.0,200.0,200.0,83.4688,34.2466,15.7313,8.30478,5.04131,2.20579
74.249,0.0127,1.0000,0.0000,4,119.65,-0.52,-2.62,-0.7441,-0.0267,9394.65,0.0,109.68,109.40,111.60,111.60,14.4189,29.8362,44.7213,70.5301,108.541,148.806,185.577,200.0,200.0,200.0,200.0,200.0,200.0,90.9359,35.6615,16.1132,8.45048,5.11471,2.23165
74.274,0.0114,1.0000,0.0000,4,120.45,-0.47,-2.66,-0.7413,-0.0280,9479.1,0.0,110.42,110.15,112.58,112.58,14.3787,29.69,44.4213,69.8422,107.004,146.014,181.321,200.0,200.0,200.0,200.0,200.0,200.0,99.1762,37.118,16.5042,8.60155,5.19177,2.25934
74.293,0.0103,1.0000,0.0000,5,121.25,-0.45,-2.72,-0.7382,-0.0292,9564.3,0.0,111.14,110.89,113.62,113.62,14.3376,29.546,44.1298,69.1838,105.556,143.414,177.401,200.0,200.0,200.0,200.0,200.0,200.0,108.471,38.6374,16.9083,8.75872,5.27257,2.28876
74.318,0.0093,1.0000,0.0000,5,121.66,-0.39,-2.77,-0.7350,-0.0302,8592.48,0.0,111.76,111.54,107.58,107.39,14.2972,29.4116,43.8641,68.5971,104.29,141.176,174.062,200.0,200.0,200.0,200.0,200.0,200.0,118.117,40.1188,17.3063,8.91684,5.35524,2.31956
74.337,0.0083,1.0000,0.0000,5,121.57,-0.32,-2.79,-0.7316,-0.0309,8602.69,0.0,111.78,111.62,107.28,107.12,14.2587,29.2938,43.6396,68.1191,103.289,139.441,171.507,200.0,200.0,200.0,200.0,200.0,200.0,126.925,41.4444,17.6778,9.07065,5.43791,2.35145
74.362,0.0075,1.0000,0.0000,5,121.48,-0.26,-2.80,-0.7280,-0.0316,8110.1,0.0,111.69,111.55,107.32,107.24,14.22,29.1802,43.4272,67.6758,102.376,137.879,169.227,200.0,200.0,200.0,200.0,200.0,200.0,136.013,42.7558,18.0496,9.22689,5.52271,2.38455
74.381,0.0068,1.0000,0.0000,5,121.83,-0.21,-2.79,-0.7243,-0.0323,8438.19,0.0,111.80,111.66,111.56,111.56,14.1805,29.0666,43.2171,67.2424,101.495,136.383,167.058,200.0,200.0,200.0,200.0,200.0,200.0,145.94,44.1062,18.4311,9.38769,5.61025,2.41886
74.406,0.0061,1.0000,0.0000,5,122.45,-0.19,-2.77,-0.7204,-0.0330,8499.64,0.0,112.30,112.17,112.40,112.40,14.1401,28.9515,43.0051,66.8082,100.618,134.904,164.926,200.0,200.0,200.0,200.0,200.0,200.0,157.16,45.5247,18.8267,9.55408,5.70079,2.45436
74.424,0.0055,1.0000,0.0000,5,123.09,-0.18,-2.77,-0.7165,-0.0336,8536.26,0.0,112.87,112.74,112.89,112.89,14.0997,28.8397,42.8028,66.4011,99.809,133.556,162.995,200.0,200.0,200.0,200.0,200.0,200.0,168.815,46.9296,19.2219,9.72212,5.79289,2.49077
74.449,0.0049,1.0000,0.0000,5,123.73,-0.16,-2.76,-0.7124,-0.0341,8571.89,0.0,113.44,113.33,113.36,113.36,14.0597,28.734,42.6159,66.0348,99.0984,132.389,161.345,199.57,200.0,200.0,200.0,200.0,200.0,180.112,48.2637,19.6075,9.88939,5.8856,2.52789
74.468,0.0044,1.0000,0.0000,5,124.38,-0.14,-2.77,-0.7082,-0.0345,8612.31,0.0,114.01,113.92,113.89,113.89,14.02,28.6327,42.4408,65.6999,98.4629,131.363,159.906,197.484,200.0,200.0,200.0,200.0,200.0,191.045,49.5422,19.9864,10.0565,5.97913,2.5657
74.492,0.0040,1.0000,0.0000,5,125.02,-0.13,-2.79,-0.7040,-0.0348,8659.75,0.0,114.58,114.51,114.52,114.52,13.9804,28.535,42.275,65.3899,97.8872,130.447,158.636,195.663,200.0,200.0,200.0,200.0,200.0,200.0,50.7728,20.36,10.2238,6.07348,2.60417
74.511,0.0036,1.0000,0.0000,5,125.66,-0.11,-2.83,-0.6996,-0.0351,8710.81,0.0,115.17,115.10,115.19,115.19,13.9407,28.4393,42.1147,65.0954,97.3491,129.602,157.472,194.011,200.0,200.0,200.0,200.0,200.0,200.0,51.9791,20.7323,10.3921,6.16884,2.64325
74.537,0.0032,1.0000,0.0000,5,126.30,-0.10,-2.86,-0.6952,-0.0354,8761.07,0.0,115.75,115.69,115.86,115.86,13.9006,28.3431,41.9545,64.8028,96.819,128.772,156.337,192.405,200.0,200.0,200.0,200.0,200.0,200.0,53.206,21.1103,10.5631,6.26578,2.68301
74.556,0.0029,1.0000,0.0000,5,126.95,-0.09,-2.90,-0.6907,-0.0357,8809.18,0.0,116.35,116.29,116.50,116.50,13.8601,28.2475,41.7968,64.5182,96.3086,127.982,155.26,190.891,200.0,200.0,200.0,200.0,200.0,200.0,54.4309,21.4902,10.7358,6.36393,2.72336
74.581,0.0026,1.0000,0.0000,5,127.60,-0.08,-2.92,-0.6862,-0.0360,8855.94,0.0,116.95,116.89,117.11,117.11,13.8195,28.1529,41.642,64.242,95.8199,127.231,154.244,189.474,200.0,200.0,200.0,200.0,200.0,200.0,55.6467,21.8708,10.9097,6.46305,2.76424
74.600,0.0024,1.0000,0.0000,5,128.26,-0.08,-2.94,-0.6815,-0.0362,8902.09,0.0,117.55,117.50,117.72,117.72,13.7785,28.0578,41.4871,63.9674,95.3364,126.492,153.248,188.091,200.0,200.0,200.0,200.0,200.0,200.0,56.8786,22.2562,11.0859,6.56353,2.80569
74.624,0.0021,1.0000,0.0000,5,128.92,-0.07,-2.94,-0.6769,-0.0364,8947.43,0.0,118.16,118.12,118.33,118.33,13.7373,27.9639,41.3357,63.7024,94.8771,125.798,152.319,186.811,200.0,200.0,200.0,200.0,200.0,200.0,58.0906,22.6405,11.2629,6.66479,2.8476
74.642,0.0019,1.0000,0.0000,5,129.59,-0.07,-2.93,-0.6721,-0.0366,8992.34,0.0,118.77,118.73,118.92,118.92,13.6961,27.8714,41.1883,63.4485,94.4439,125.152,151.462,185.639,200.0,200.0,200.0,200.0,200.0,200.0,59.2741,23.0224,11.4403,6.76667,2.88993
74.668,0.0017,1.0000,0.0000,5,130.25,-0.06,-2.93,-0.6673,-0.0368,9037.78,0.0,119.37,119.34,119.52,119.52,13.6547,27.7791,41.042,63.1985,94.0213,124.526,150.637,184.519,200.0,200.0,200.0,200.0,200.0,200.0,60.4547,23.4061,11.619,6.86947,2.93272
74.687,0.0015,1.0000,0.0000,5,130.92,-0.05,-2.93,-0.6625,-0.0370,9082.95,0.0,119.98,119.95,120.12,120.12,13.6129,27.6864,40.8958,62.9496,93.6029,123.909,149.825,183.422,200.0,200.0,200.0,200.0,200.0,200.0,61.645,23.7932,11.7995,6.97336,2.97597
74.712,0.0014,1.0000,0.0000,5,131.60,-0.05,-2.92,-0.6576,-0.0371,9122.56,0.0,120.60,120.57,120.64,120.64,13.5707,27.5932,40.7488,62.7004,93.1852,123.295,149.019,182.337,200.0,200.0,200.0,200.0,200.0,200.0,62.8508,24.1847,11.982,7.07837,3.0197
74.737,0.0013,1.0000,0.0000,5,132.28,-0.05,-2.91,-0.6526,-0.0372,9170.66,0.0,121.22,121.19,121.28,121.28,13.5286,27.5015,40.606,62.4623,92.7933,122.728,148.283,181.356,200.0,200.0,200.0,200.0,200.0,200.0,64.0165,24.5719,12.1642,7.18375,3.06376
74.755,0.0011,1.0000,0.0000,5,132.95,-0.04,-2.92,-0.6476,-0.0373,9222.57,0.0,121.83,121.81,121.96,121.96,13.4865,27.4114,40.4675,62.2354,92.4282,122.209,147.618,180.483,200.0,200.0,200.0,200.0,200.0,200.0,65.1338,24.9539,12.3461,7.28937,3.10812
74.781,0.0010,1.0000,0.0000,5,133.63,-0.04,-2.93,-0.6426,-0.0374,9276.29,0.0,122.45,122.43,122.67,122.67,13.4442,27.3215,40.33,62.012,92.0719,121.706,146.978,179.649,200.0,200.0,200.0,200.0,200.0,200.0,66.2406,25.3362,12.5287,7.39563,3.15282
74.800,0.0009,1.0000,0.0000,5,134.31,-0.03,-2.95,-0.6375,-0.0375,9328.45,0.0,123.07,123.05,123.36,123.36,13.4016,27.2312,40.1922,61.7884,91.7166,121.206,146.344,178.823,200.0,200.0,200.0,200.0,200.0,200.0,67.354,25.7213,12.7127,7.50274,3.19789
74.824,0.0008,1.0000,0.0000,5,134.99,-0.03,-2.94,-0.6324,-0.0376,9378.21,0.0,123.72,123.70,124.02,124.02,13.3587,27.1403,40.0534,61.5636,91.3596,120.704,145.707,177.996,200.0,200.0,200.0,200.0,200.0,200.0,68.4808,26.1099,12.8984,7.61074,3.24333
74.842,0.0007,1.0000,0.0000,5,135.68,-0.03,-2.93,-0.6272,-0.0377,9426.43,0.0,124.35,124.33,124.66,124.66,13.3154,27.0486,39.9134,61.3368,90.9993,120.197,145.062,177.161,200.0,200.0,200.0,200.0,200.0,200.0,69.6251,26.5029,13.0858,7.71972,3.28915
74.868,0.0007,1.0000,0.0000,5,136.38,-0.03,-2.92,-0.6221,-0.0378,9472.26,0.0,124.98,124.96,125.27,125.27,13.2719,26.9563,39.7725,61.1087,90.6377,119.688,144.418,176.324,200.0,200.0,200.0,200.0,200.0,200.0,70.783,26.8994,13.2748,7.82956,3.33532
74.887,0.0006,1.0000,0.0000,5,137.08,-0.03,-2.91,-0.6168,-0.0379,9511.06,0.0,125.61,125.59,125.80,125.80,13.228,26.8633,39.6307,60.8793,90.2736,119.178,143.77,175.485,200.0,200.0,200.0,200.0,200.0,200.0,71.9549,27.2997,13.4654,7.94033,3.38187
74.912,0.0005,1.0000,0.0000,5,137.79,-0.02,-2.87,-0.6115,-0.0379,9539.17,0.0,126.26,126.24,126.16,126.16,13.1837,26.7698,39.488,60.6485,89.9079,118.665,143.12,174.643,200.0,200.0,200.0,200.0,200.0,200.0,73.1412,27.7037,13.6576,8.05197,3.42877
74.931,0.0005,1.0000,0.0000,5,138.47,-0.02,-2.84,-0.6062,-0.0380,9585.63,0.0,126.89,126.88,126.76,126.76,13.1392,26.6759,39.3451,60.4183,89.5448,118.157,142.479,173.815,200.0,200.0,200.0,200.0,200.0,200.0,74.3295,28.1097,13.851,8.16439,3.47602
74.956,0.0004,1.0000,0.0000,5,139.15,-0.02,-2.83,-0.6009,-0.0381,9640.1,0.0,127.52,127.50,127.48,127.48,13.0948,26.5835,39.2062,60.1982,89.2051,117.691,141.9,173.08,200.0,200.0,200.0,200.0,200.0,200.0,75.459,28.5089,14.0434,8.27678,3.52347
74.975,0.0004,1.0000,0.0000,5,139.83,-0.02,-2.84,-0.5955,-0.0381,9696.56,0.0,128.13,128.13,128.23,128.23,13.0505,26.4928,39.0715,59.9889,88.89,117.269,141.384,172.441,200.0,200.0,200.0,200.0,200.0,200.0,76.521,28.8999,14.2344,8.38899,3.5711
75.000,0.0004,1.0000,0.0000,5,140.51,-0.02,-2.86,-0.5901,-0.0381,9748.79,0.0,128.76,128.75,128.92,128.92,13.0062,26.4025,38.9378,59.7829,88.5835,116.862,140.892,171.838,200.0,200.0,200.0,200.0,200.0,200.0,77.5599,29.2891,14.4256,8.50151,3.61895
75.018,0.0003,1.0000,0.0000,5,141.19,-0.01,-2.82,-0.5846,-0.0381,9794.95,0.0,129.41,129.41,129.54,129.54,12.9616,26.312,38.8045,59.5782,88.2799,116.463,140.41,171.249,200.0,200.0,200.0,200.0,200.0,200.0,78.5908,29.6782,14.6173,8.61451,3.66705
75.042,0.0003,1.0000,0.0000,5,141.87,-0.01,-2.78,-0.5791,-0.0381,9838.22,0.0,130.03,130.03,130.11,130.11,12.9168,26.2212,38.6707,59.3733,87.9774,116.064,139.931,170.667,200.0,200.0,200.0,200.0,200.0,200.0,79.6191,30.0686,14.8098,8.72803,3.71541
75.062,0.0003,1.0000,0.0000,5,142.56,-0.01,-2.77,-0.5736,-0.0381,9881.9,0.0,130.65,130.65,130.69,130.69,12.8718,26.1301,38.5365,59.1678,87.674,115.665,139.452,170.085,200.0,200.0,200.0,200.0,200.0,200.0,80.6501,30.4606,15.0033,8.84212,3.76401
75.087,0.0002,1.0000,0.0000,5,143.26,-0.01,-2.71,-0.5681,-0.0381,9898.56,0.0,131.28,131.28,130.92,130.92,12.8265,26.0381,38.4009,58.9594,87.3652,115.258,138.96,169.483,200.0,200.0,200.0,200.0,200.0,200.0,81.6998,30.8563,15.1981,8.95697,3.81289
75.106,0.0002,1.0000,0.0000,5,143.95,-0.01,-2.63,-0.5625,-0.0381,9934.13,0.0,131.91,131.91,131.38,131.38,12.781,25.9457,38.2646,58.7502,87.0551,114.849,138.467,168.882,200.0,200.0,200.0,200.0,200.0,200.0,82.7524,31.2538,15.3939,9.07237,3.86201
75.130,0.0002,1.0000,0.0000,5,144.62,-0.00,-2.58,-0.5569,-0.0381,9985.88,0.0,132.53,132.53,132.05,132.05,12.7353,25.853,38.1281,58.541,86.7459,114.442,137.977,168.286,199.628,200.0,200.0,200.0,200.0,200.0,83.8024,31.6522,15.5904,9.18824,3.91136
75.149,0.0002,1.0000,0.0000,5,145.27,-0.00,-2.57,-0.5513,-0.0381,10046.8,0.0,133.13,133.14,132.86,132.86,12.6894,25.76,37.9911,58.3311,86.4356,114.034,137.486,167.691,198.924,200.0,200.0,200.0,200.0,200.0,84.8548,32.0521,15.7878,9.30462,3.96094
75.175,0.0002,1.0000,0.0000,5,145.93,-0.00,-2.60,-0.5457,-0.0381,10104.4,0.0,133.74,133.74,133.62,133.62,12.6433,25.6665,37.8533,58.12,86.1234,113.623,136.992,167.089,198.213,200.0,200.0,200.0,200.0,200.0,85.9144,32.4541,15.9861,9.42156,4.01075
75.194,0.0001,1.0000,0.0000,5,146.60,-0.00,-2.56,-0.5400,-0.0381,10154.5,0.0,134.38,134.38,134.29,134.29,12.5969,25.5725,37.7149,57.9078,85.8101,113.21,136.496,166.485,197.5,200.0,200.0,200.0,200.0,200.0,86.9789,32.8581,16.1853,9.53904,4.06079
75.218,0.0001,1.0000,0.0000,5,147.27,-0.00,-2.50,-0.5343,-0.0381,10197.1,0.0,135.00,135.00,134.86,134.86,12.5504,25.4783,37.5762,57.6956,85.4971,112.799,136.002,165.886,196.791,200.0,200.0,200.0,200.0,200.0,88.04,33.2627,16.3852,9.65701,4.11105
75.237,0.0001,1.0000,0.0000,5,147.94,-0.00,-2.46,-0.5286,-0.0381,10238.7,0.0,135.60,135.60,135.41,135.41,12.5036,25.3836,37.437,57.4826,85.1828,112.387,135.507,165.286,196.083,200.0,200.0,200.0,200.0,200.0,89.1047,33.669,16.586,9.77548,4.16155
75.262,0.0001,1.0000,0.0000,5,148.63,-0.00,-2.39,-0.5228,-0.0381,10253.4,0.0,136.21,136.21,135.63,135.63,12.4566,25.2882,37.2963,57.2666,84.8632,111.965,134.999,164.667,195.35,200.0,200.0,200.0,200.0,200.0,90.1884,34.0793,16.7882,9.89464,4.21229
75.287,0.0001,1.0000,0.0000,5,149.31,-0.00,-2.27,-0.5171,-0.0381,10277.9,0.0,136.84,136.84,135.93,135.93,12.4094,25.1922,37.1545,57.0487,84.5392,111.537,134.481,164.034,194.597,200.0,200.0,200.0,200.0,200.0,91.2877,34.4926,16.9915,10.0145,4.26326
75.306,0.0001,1.0000,0.0000,5,149.97,-0.00,-2.18,-0.5113,-0.0381,10328.1,0.0,137.45,137.45,136.58,136.58,12.3619,25.0959,37.0126,56.8309,84.2168,111.112,133.97,163.41,193.857,200.0,200.0,200.0,200.0,200.0,92.3812,34.9065,17.1955,10.1347,4.31445
75.330,0.0001,1.0000,0.0000,5,150.61,-0.00,-2.15,-0.5054,-0.0381,10391.5,0.0,138.04,138.04,137.41,137.41,12.3143,24.9994,36.8704,56.6129,83.8948,110.688,133.459,162.788,193.124,200.0,200.0,200.0,200.0,200.0,93.4724,35.3213,17.4001,10.2554,4.36586
75.350,0.0001,1.0000,0.0000,5,151.25,-0.00,-2.17,-0.4996,-0.0381,10453.0,0.0,138.63,138.63,138.23,138.23,12.2665,24.9025,36.7275,56.3939,83.571,110.262,132.946,162.164,192.383,200.0,200.0,200.0,200.0,200.0,94.571,35.7379,17.6056,10.3766,4.41749
75.374,0.0001,1.0000,0.0000,6,151.90,-0.00,-2.12,-0.4937,-0.0381,10505.4,0.0,139.26,139.26,138.93,138.93,12.2185,24.8051,36.5841,56.1741,83.2462,109.834,132.432,161.539,191.645,200.0,200.0,200.0,200.0,200.0,95.6711,36.1559,17.812,10.4982,4.46932
75.393,0.0001,1.0000,0.0000,6,152.13,-0.00,-2.04,-0.4878,-0.0381,9629.3,0.0,139.72,139.72,134.33,134.33,12.1703,24.7075,36.4404,55.954,82.921,109.407,131.918,160.914,190.905,200.0,200.0,200.0,200.0,200.0,96.7717,36.5749,18.0189,10.6203,4.52133
75.418,0.0000,1.0000,0.0000,6,151.97,-0.00,-1.98,-0.4819,-0.0381,9634.51,0.0,139.66,139.66,134.03,134.03,12.1221,24.6097,36.2961,55.7325,82.5927,108.973,131.396,160.278,190.151,200.0,200.0,200.0,200.0,200.0,97.8831,36.9956,18.2261,10.7424,4.57332
75.436,0.0000,1.0000,0.0000,6,151.81,-0.00,-1.87,-0.4760,-0.0381,9282.89,0.0,139.51,139.51,133.96,133.96,12.074,24.512,36.1522,55.5115,82.2655,108.542,130.876,159.643,189.398,200.0,200.0,200.0,200.0,200.0,98.9933,37.4153,18.433,10.8644,4.62526
75.462,0.0000,1.0000,0.0000,6,152.13,-0.00,-1.69,-0.4702,-0.0380,9559.86,0.0,139.57,139.57,137.91,137.91,12.0259,24.4144,36.0082,55.2906,81.9385,108.111,130.357,159.011,188.65,200.0,200.0,200.0,200.0,200.0,100.099,37.835,18.6399,10.9864,4.67721
75.481,0.0000,1.0000,0.0000,6,152.71,-0.00,-1.56,-0.4642,-0.0380,9607.32,0.0,140.03,140.03,138.61,138.61,11.9776,24.3165,35.864,55.0695,81.6115,107.681,129.838,158.38,187.902,200.0,200.0,200.0,200.0,200.0,101.207,38.2554,18.8473,11.1088,4.72933
75.506,0.0000,1.0000,0.0000,6,153.28,-0.00,-1.49,-0.4583,-0.0380,9652.98,0.0,140.54,140.54,139.26,139.26,11.9292,24.2183,35.7192,54.8477,81.2836,107.249,129.319,157.75,187.156,200.0,200.0,200.0,200.0,200.0,102.315,38.6772,19.0555,11.2315,4.78164
75.524,0.0000,1.0000,0.0000,6,153.84,-0.00,-1.49,-0.4524,-0.0380,9699.16,0.0,141.05,141.05,139.93,139.93,11.8805,24.1197,35.5739,54.6249,80.9542,106.815,128.797,157.113,186.404,200.0,200.0,200.0,200.0,200.0,103.431,39.1006,19.2645,11.3548,4.83414
75.549,0.0000,1.0000,0.0000,6,154.41,0.00,-1.41,-0.4464,-0.0380,9739.93,0.0,141.61,141.61,140.52,140.52,11.8317,24.0207,35.4282,54.4016,80.6242,106.381,128.275,156.478,185.651,200.0,200.0,200.0,200.0,200.0,104.546,39.5251,19.4741,11.4785,4.88683
75.568,0.0000,1.0000,0.0000,6,154.99,0.00,-1.33,-0.4404,-0.0380,9775.03,0.0,142.13,142.13,141.03,141.03,11.7828,23.9216,35.2824,54.1785,80.2951,105.949,127.756,155.848,184.908,200.0,200.0,200.0,200.0,200.0,105.655,39.9498,19.6841,11.6025,4.93969
75.594,0.0000,1.0000,0.0000,6,155.56,0.00,-1.28,-0.4344,-0.0380,9809.11,0.0,142.65,142.65,141.52,141.52,11.7337,23.8222,35.136,53.9546,79.9651,105.516,127.236,155.219,184.166,200.0,200.0,200.0,200.0,200.0,106.765,40.3757,19.8949,11.7269,4.99274
75.611,0.0000,1.0000,0.0000,6,156.18,0.00,-1.12,-0.4284,-0.0380,9798.54,0.0,143.19,143.19,141.39,141.39,11.6842,23.7217,34.9877,53.7264,79.6261,105.067,126.694,154.555,183.376,200.0,200.0,200.0,200.0,200.0,107.918,40.8083,20.1076,11.8522,5.04605
75.637,0.0000,1.0000,0.0000,6,156.76,-0.00,-0.93,-0.4223,-0.0380,9828.2,0.0,143.73,143.73,141.79,141.79,11.6346,23.6209,34.8389,53.4977,79.2862,104.618,126.151,153.893,182.589,200.0,200.0,200.0,200.0,200.0,109.07,41.2423,20.3211,11.9779,5.09956
75.656,0.0000,1.0000,0.0000,6,157.31,-0.00,-0.80,-0.4162,-0.0380,9875.87,0.0,144.24,144.25,142.47,142.47,11.5849,23.52,34.6902,53.2694,78.9486,104.173,125.615,153.238,181.814,200.0,200.0,200.0,200.0,200.0,110.213,41.6755,20.5348,12.104,5.15323
75.681,0.0000,1.0000,0.0000,6,157.85,0.00,-0.77,-0.4101,-0.0380,9932.75,0.0,144.74,144.75,143.29,143.29,11.535,23.4189,34.5411,53.0411,78.6109,103.728,125.08,152.589,181.045,200.0,200.0,200.0,200.0,200.0,111.352,42.1095,20.749,12.2303,5.20708
75.699,0.0000,1.0000,0.0000,6,158.40,0.00,-0.77,-0.4040,-0.0380,9983.44,0.0,145.25,145.25,144.03,144.03,11.485,23.3174,34.3915,52.8116,78.2716,103.282,124.542,151.934,180.27,200.0,200.0,200.0,200.0,200.0,112.498,42.5451,20.9641,12.3572,5.26111
75.724,0.0000,1.0000,0.0000,6,158.96,0.00,-0.70,-0.3978,-0.0380,10023.3,0.0,145.79,145.79,144.61,144.61,11.4348,23.2156,34.2417,52.582,77.9321,102.836,124.006,151.281,179.497,200.0,200.0,200.0,200.0,200.0,113.642,42.9813,21.1796,12.4844,5.31533
75.743,0.0000,1.0000,0.0000,6,159.52,0.00,-0.64,-0.3917,-0.0380,10056.6,0.0,146.30,146.30,145.09,145.09,11.3844,23.1135,34.0914,52.3519,77.5924,102.389,123.47,150.629,178.727,200.0,200.0,200.0,200.0,200.0,114.785,43.4185,21.3958,12.612,5.36972
75.768,0.0000,1.0000,0.0000,6,160.09,0.00,-0.59,-0.3855,-0.0380,10080.3,0.0,146.81,146.81,145.48,145.48,11.3338,23.011,33.9403,52.1204,77.2502,101.939,122.927,149.969,177.947,200.0,200.0,200.0,200.0,200.0,115.939,43.8581,21.6129,12.7401,5.42431
75.786,0.0000,1.0000,0.0000,6,160.69,0.00,-0.43,-0.3793,-0.0380,10080.5,0.0,147.34,147.34,145.44,145.44,11.283,22.9076,33.7875,51.8851,76.9006,101.475,122.367,149.285,177.132,200.0,200.0,200.0,200.0,200.0,117.128,44.3041,21.832,12.869,5.47915
75.812,0.0000,1.0000,0.0000,6,161.25,0.00,-0.30,-0.3730,-0.0380,10116.9,0.0,147.86,147.86,145.96,145.96,11.232,22.804,33.6348,51.6506,76.5528,101.016,121.813,148.609,176.33,200.0,200.0,200.0,200.0,200.0,118.305,44.7491,22.0512,12.9982,5.53417
75.837,0.0000,1.0000,0.0000,6,161.78,0.00,-0.23,-0.3668,-0.0380,10164.6,0.0,148.36,148.36,146.64,146.64,11.1809,22.7003,33.482,51.4161,76.2056,100.559,121.262,147.937,175.534,200.0,200.0,200.0,200.0,200.0,119.478,45.1943,22.2708,13.1278,5.58934
75.855,0.0000,1.0000,0.0000,6,162.32,0.00,-0.22,-0.3605,-0.0380,10213.8,0.0,148.85,148.85,147.35,147.35,11.1296,22.5963,33.3286,51.1808,75.8575,100.1,120.71,147.264,174.737,200.0,200.0,200.0,200.0,200.0,120.653,45.6408,22.4912,13.2577,5.6447
75.881,0.0000,1.0000,0.0000,6,162.87,0.00,-0.24,-0.3542,-0.0380,10257.0,0.0,149.35,149.35,147.98,147.98,11.0781,22.4918,33.1746,50.9444,75.5075,99.6386,120.154,146.587,173.934,200.0,200.0,200.0,200.0,200.0,121.835,46.0893,22.7124,13.3882,5.70025
75.899,0.0000,1.0000,0.0000,6,163.42,0.00,-0.22,-0.3479,-0.0380,10293.1,0.0,149.87,149.87,148.51,148.51,11.0264,22.387,33.0202,50.7076,75.1568,99.1769,119.597,145.908,173.13,200.0,200.0,200.0,200.0,200.0,123.019,46.5387,22.9342,13.519,5.75598
75.924,0.0000,1.0000,0.0000,6,163.97,0.00,-0.21,-0.3416,-0.0380,10325.4,0.0,150.37,150.37,148.97,148.97,10.9746,22.2819,32.8653,50.47,74.8051,98.7135,119.039,145.229,172.325,200.0,200.0,200.0,200.0,200.0,124.205,46.9895,23.1567,13.6503,5.8119
75.944,0.0000,1.0000,0.0000,6,164.53,0.00,-0.18,-0.3352,-0.0380,10347.3,0.0,150.87,150.87,149.31,149.31,10.9226,22.1764,32.7096,50.231,74.4513,98.2463,118.477,144.542,171.51,200.0,200.0,200.0,200.0,200.0,125.403,47.443,23.3802,13.782,5.86801
75.968,0.0000,1.0000,0.0000,6,165.09,0.00,-0.11,-0.3288,-0.0380,10368.4,0.0,151.39,151.39,149.60,149.60,10.8704,22.0703,32.553,49.9904,74.0939,97.7746,117.907,143.846,170.684,200.0,200.0,200.0,200.0,200.0,126.614,47.8994,23.6049,13.9144,5.92434
75.986,0.0000,1.0000,0.0000,6,165.63,0.00,-0.05,-0.3224,-0.0380,10403.1,0.0,151.89,151.89,150.09,150.09,10.8181,21.964,32.3963,49.7496,73.737,97.3037,117.338,143.153,169.862,200.0,200.0,200.0,200.0,200.0,127.821,48.3561,23.83,14.0471,5.98083
76.012,0.0000,1.0000,0.0000,6,166.17,0.00,-0.02,-0.3160,-0.0380,10442.9,0.0,152.39,152.39,150.66,150.66,10.7656,21.8574,32.2391,49.5083,73.3797,96.8324,116.77,142.461,169.04,200.0,200.0,200.0,200.0,200.0,129.029,48.8139,24.0557,14.1802,6.03751
76.031,0.0000,1.0000,0.0000,6,166.71,0.00,-0.01,-0.3096,-0.0380,10483.2,0.0,152.88,152.88,151.25,151.25,10.7129,21.7505,32.0814,49.2663,73.0214,96.3595,116.201,141.766,168.216,200.0,200.0,200.0,200.0,200.0,130.24,49.273,24.2821,14.3137,6.09436
76.056,0.0000,1.0000,0.0000,6,167.25,0.00,0.01,-0.3031,-0.0380,10520.1,0.0,153.39,153.39,151.78,151.78,10.66,21.6432,31.9232,49.0235,72.6618,95.8852,115.629,141.069,167.39,200.0,200.0,200.0,200.0,200.0,131.455,49.7336,24.5092,14.4476,6.15139
76.074,0.0000,1.0000,0.0000,6,167.78,0.00,0.05,-0.2966,-0.0380,10553.2,0.0,153.88,153.88,152.26,152.26,10.607,21.5357,31.7646,48.7802,72.3016,95.4104,115.057,140.373,166.565,200.0,200.0,200.0,200.0,200.0,132.668,50.1952,24.737,14.5819,6.20861
76.099,0.0000,1.0000,0.0000,6,168.32,0.00,0.07,-0.2901,-0.0380,10585.1,0.0,154.38,154.38,152.72,152.72,10.5538,21.4278,31.6056,48.5362,71.9405,94.9345,114.484,139.674,165.738,200.0,200.0,200.0,200.0,200.0,133.884,50.6579,24.9654,14.7166,6.266
76.118,0.0000,1.0000,0.0000,6,168.88,0.00,0.13,-0.2836,-0.0380,10601.9,0.0,154.87,154.87,152.97,152.97,10.5004,21.3194,31.4456,48.2905,71.576,94.4533,113.904,138.965,164.897,200.0,200.0,200.0,200.0,200.0,135.121,51.124,25.195,14.8519,6.3236
76.143,0.0000,1.0000,0.0000,6,169.42,0.00,0.21,-0.2771,-0.0380,10630.8,0.0,155.37,155.37,153.38,153.38,10.4469,21.2106,31.2852,48.0439,71.2104,93.9706,113.321,138.254,164.053,200.0,200.0,200.0,200.0,200.0,136.358,51.5918,25.4253,14.9876,6.38138
76.163,0.0000,1.0000,0.0000,6,169.95,0.00,0.26,-0.2705,-0.0380,10667.1,0.0,155.86,155.86,153.90,153.90,10.3932,21.1015,31.1244,47.797,70.8445,93.4879,112.739,137.544,163.209,200.0,200.0,200.0,200.0,200.0,137.596,52.0601,25.6562,15.1238,6.43935
76.186,0.0000,1.0000,0.0000,6,170.47,0.00,0.28,-0.2639,-0.0380,10707.7,0.0,156.34,156.34,154.49,154.49,10.3393,20.9922,30.9631,47.5495,70.4779,93.0043,112.157,136.835,162.368,199.635,200.0,200.0,200.0,200.0,138.832,52.5295,25.8877,15.2603,6.49748
76.206,0.0000,1.0000,0.0000,6,171.00,0.00,0.28,-0.2573,-0.0380,10746.2,0.0,156.83,156.83,155.04,155.04,10.2853,20.8825,30.8014,47.3012,70.11,92.5192,111.572,136.12,161.521,198.594,200.0,200.0,200.0,200.0,140.076,53.0005,26.1199,15.3972,6.5558
76.231,0.0000,1.0000,0.0000,6,171.53,0.00,0.31,-0.2507,-0.0380,10780.5,0.0,157.32,157.32,155.54,155.54,10.2311,20.7725,30.6392,47.0523,69.7414,92.0331,110.986,135.406,160.674,197.554,200.0,200.0,200.0,200.0,141.32,53.4725,26.3528,15.5345,6.61428
76.248,0.0000,1.0000,0.0000,6,172.06,0.00,0.35,-0.2440,-0.0380,10812.3,0.0,157.81,157.81,156.00,156.00,10.1767,20.6622,30.4766,46.8027,69.3719,91.5461,110.399,134.692,159.828,196.517,200.0,200.0,200.0,200.0,142.563,53.9457,26.5863,15.6722,6.67295
76.275,0.0000,1.0000,0.0000,6,172.59,0.00,0.38,-0.2374,-0.0380,10837.5,0.0,158.29,158.29,156.39,156.39,10.1222,20.5515,30.3133,46.5522,69.0007,91.0564,109.809,133.973,158.975,195.468,200.0,200.0,200.0,200.0,143.816,54.4208,26.8206,15.8104,6.7318
76.293,0.0000,1.0000,0.0000,6,173.13,0.00,0.46,-0.2307,-0.0380,10857.5,0.0,158.78,158.78,156.66,156.66,10.0674,20.4403,30.1493,46.3001,68.6265,90.5626,109.213,133.244,158.109,194.402,200.0,200.0,200.0,200.0,145.086,54.8991,27.0561,15.9492,6.79085
76.318,0.0000,1.0000,0.0000,6,173.65,0.00,0.52,-0.2240,-0.0380,10890.7,0.0,159.27,159.27,157.13,157.13,10.0125,20.3289,29.9848,46.0477,68.2524,90.0684,108.617,132.518,157.247,193.342,200.0,200.0,200.0,200.0,146.351,55.3782,27.2921,16.0883,6.85008
76.337,0.0000,1.0000,0.0000,6,174.17,0.00,0.55,-0.2172,-0.0380,10928.7,0.0,159.74,159.74,157.68,157.68,9.95749,20.2171,29.8201,45.7946,67.8777,89.5742,108.021,131.79,156.384,192.281,200.0,200.0,200.0,200.0,147.618,55.8578,27.5286,16.2278,6.90947
76.363,0.0000,1.0000,0.0000,6,174.68,0.00,0.56,-0.2105,-0.0380,10967.3,0.0,160.22,160.22,158.23,158.23,9.90229,20.1051,29.6549,45.541,67.5017,89.0786,107.423,131.062,155.52,191.22,200.0,200.0,200.0,200.0,148.887,56.3387,27.7658,16.3676,6.96904
76.386,0.0000,1.0000,0.0000,6,175.20,0.00,0.58,-0.2037,-0.0380,11002.5,0.0,160.70,160.70,158.75,158.75,9.84693,19.9927,29.4892,45.2866,67.1248,88.5815,106.824,130.331,154.654,190.156,200.0,200.0,200.0,200.0,150.159,56.8211,28.0037,16.5079,7.02878
76.406,0.0000,1.0000,0.0000,6,175.72,0.00,0.62,-0.1969,-0.0380,11034.3,0.0,161.18,161.18,159.21,159.21,9.7914,19.88,29.323,45.0317,66.7473,88.0834,106.224,129.6,153.788,189.092,200.0,200.0,200.0,200.0,151.43,57.3046,28.2422,16.6485,7.0887
76.430,0.0000,1.0000,0.0000,6,176.24,0.00,0.64,-0.1901,-0.0380,11065.1,0.0,161.65,161.65,159.65,159.65,9.73572,19.767,29.1564,44.7761,66.3688,87.5844,105.623,128.868,152.919,188.026,200.0,200.0,200.0,200.0,152.705,57.7891,28.4814,16.7896,7.14878
76.450,0.0000,1.0000,0.0000,6,176.77,0.00,0.71,-0.1833,-0.0380,11080.5,0.0,162.13,162.13,159.88,159.88,9.67984,19.6535,28.9889,44.5186,65.9868,87.0803,105.014,128.124,152.035,186.938,200.0,200.0,200.0,200.0,154.001,58.2774,28.7218,16.9313,7.20907
76.475,0.0000,1.0000,0.0000,6,177.28,0.00,0.78,-0.1764,-0.0380,11111.2,0.0,162.61,162.61,160.31,160.31,9.6238,19.5397,28.8211,44.2608,65.6046,86.5758,104.405,127.381,151.154,185.854,200.0,200.0,200.0,200.0,155.295,58.7665,28.9627,17.0733,7.26954
76.494,0.0000,1.0000,0.0000,6,177.79,0.00,0.82,-0.1696,-0.0380,11146.9,0.0,163.07,163.08,160.82,160.82,9.56761,19.4257,28.6528,44.0023,65.2218,86.0702,103.796,126.638,150.273,184.771,200.0,200.0,200.0,200.0,156.588,59.2567,29.2043,17.2157,7.33017
76.518,0.0000,1.0000,0.0000,6,178.30,0.00,0.84,-0.1627,-0.0380,11185.0,0.0,163.54,163.54,161.38,161.38,9.51126,19.3113,28.4841,43.7434,64.8382,85.5643,103.187,125.893,149.389,183.687,200.0,200.0,200.0,200.0,157.885,59.7475,29.4464,17.3584,7.39096
76.537,0.0000,1.0000,0.0000,6,178.80,0.00,0.85,-0.1558,-0.0380,11220.2,0.0,164.01,164.01,161.89,161.89,9.45476,19.1966,28.315,43.4838,64.4532,85.0564,102.574,125.148,148.505,182.598,200.0,200.0,200.0,200.0,159.183,60.2401,29.6892,17.5016,7.45194
76.562,0.0000,1.0000,0.0000,6,179.31,0.00,0.89,-0.1488,-0.0380,11251.9,0.0,164.48,164.48,162.34,162.34,9.3981,19.0816,28.1455,43.2235,64.0678,84.5486,101.962,124.401,147.619,181.51,200.0,200.0,200.0,200.0,160.482,60.733,29.9325,17.6451,7.51307
76.580,0.0000,1.0000,0.0000,6,179.82,0.00,0.91,-0.1419,-0.0380,11282.3,0.0,164.94,164.94,162.78,162.78,9.34129,18.9663,27.9754,42.9626,63.6815,84.0388,101.348,123.653,146.732,180.422,200.0,200.0,200.0,200.0,161.782,61.2277,30.1766,17.789,7.57437
76.606,0.0000,1.0000,0.0000,6,180.34,0.00,0.97,-0.1349,-0.0380,11298.8,0.0,165.41,165.41,163.03,163.03,9.28429,18.8505,27.8046,42.7002,63.2922,83.5251,100.727,122.895,145.833,179.314,200.0,200.0,200.0,200.0,163.102,61.7254,30.4217,17.9335,7.63588
76.625,0.0000,1.0000,0.0000,6,180.84,0.00,1.04,-0.1279,-0.0380,11328.0,0.0,165.88,165.88,163.44,163.44,9.22713,18.7344,27.6334,42.4371,62.9023,83.01,100.107,122.137,144.932,178.206,200.0,200.0,200.0,200.0,164.425,62.2246,30.6676,18.0784,7.69755
76.650,0.0000,1.0000,0.0000,6,181.34,0.00,1.09,-0.1209,-0.0380,11362.2,0.0,166.34,166.34,163.93,163.93,9.16982,18.6181,27.4617,42.1736,62.5116,82.4944,99.4849,121.379,144.033,177.101,200.0,200.0,200.0,200.0,165.743,62.7245,30.914,18.2236,7.75939
76.668,0.0000,1.0000,0.0000,6,181.84,0.00,1.10,-0.1139,-0.0380,11399.2,0.0,166.80,166.80,164.47,164.47,9.11235,18.5014,27.2897,41.9094,62.1201,81.9783,98.8628,120.619,143.132,175.994,200.0,200.0,200.0,200.0,167.065,63.2251,31.1609,18.3692,7.8214
76.693,0.0000,1.0000,0.0000,6,182.33,0.00,1.12,-0.1069,-0.0380,11433.8,0.0,167.26,167.26,164.97,164.97,9.05473,18.3845,27.1172,41.6445,61.7277,81.4604,98.2383,119.858,142.228,174.885,200.0,200.0,200.0,200.0,168.391,63.7273,31.4085,18.5152,7.88357
76.711,0.0000,1.0000,0.0000,6,182.83,0.00,1.16,-0.0998,-0.0380,11465.1,0.0,167.72,167.72,165.42,165.42,8.99697,18.2672,26.9443,41.3792,61.3347,80.942,97.6135,119.096,141.325,173.773,200.0,200.0,200.0,200.0,169.715,64.2302,31.6566,18.6616,7.9459
76.737,0.0000,1.0000,0.0000,6,183.33,0.00,1.18,-0.0927,-0.0380,11495.0,0.0,168.17,168.17,165.85,165.85,8.93904,18.1496,26.7709,41.113,60.9405,80.4221,96.9869,118.332,140.419,172.663,200.0,200.0,200.0,200.0,171.043,64.7345,31.9054,18.8083,8.00841
76.756,0.0000,1.0000,0.0000,6,183.84,0.00,1.24,-0.0856,-0.0380,11511.9,0.0,168.63,168.63,166.10,166.10,8.88093,18.0316,26.5968,40.8456,60.5436,79.8985,96.3545,117.561,139.504,171.534,200.0,200.0,200.0,200.0,172.387,65.242,32.1554,18.9556,8.07111
76.780,0.0000,1.0000,0.0000,6,184.33,0.00,1.30,-0.0785,-0.0380,11540.7,0.0,169.09,169.09,166.51,166.51,8.82267,17.9133,26.4223,40.5774,60.1462,79.3734,95.7217,116.788,138.586,170.407,200.0,200.0,200.0,200.0,173.734,65.7509,32.406,19.1033,8.13397
76.798,0.0000,1.0000,0.0000,6,184.82,0.00,1.35,-0.0714,-0.0380,11574.1,0.0,169.54,169.54,166.99,166.99,8.76426,17.7947,26.2474,40.3088,59.748,78.8479,95.088,116.015,137.67,169.279,200.0,200.0,200.0,200.0,175.078,66.2603,32.6571,19.2513,8.197
76.824,0.0000,1.0000,0.0000,6,185.31,0.00,1.37,-0.0642,-0.0380,11609.9,0.0,169.99,169.99,167.51,167.51,8.70569,17.6758,26.072,40.0395,59.3489,78.3214,94.4532,115.241,136.751,168.15,200.0,200.0,200.0,200.0,176.425,66.7708,32.9088,19.3997,8.26019
76.843,0.0000,1.0000,0.0000,6,185.79,0.00,1.39,-0.0570,-0.0380,11643.5,0.0,170.44,170.44,168.00,168.00,8.64697,17.5566,25.8962,39.7696,58.9489,77.7936,93.8167,114.465,135.83,167.017,200.0,200.0,200.0,200.0,177.756,67.2826,33.1611,19.5485,8.32355
76.868,0.0000,1.0000,0.0000,6,186.28,0.00,1.42,-0.0498,-0.0380,11674.1,0.0,170.89,170.89,168.44,168.44,8.58811,17.4371,25.72,39.4991,58.5483,77.2653,93.18,113.687,134.908,165.887,200.0,200.0,200.0,200.0,178.565,67.7949,33.4139,19.6976,8.38706
76.893,0.0000,1.0000,0.0000,6,186.77,0.00,1.44,-0.0426,-0.0380,11703.4,0.0,171.34,171.34,168.86,168.86,8.52909,17.3173,25.5434,39.228,58.1466,76.7356,92.5415,112.909,133.985,164.75,200.0,200.0,200.0,200.0,178.962,68.3086,33.6674,19.8471,8.45074
76.912,0.0000,1.0000,0.0000,6,187.27,0.00,1.51,-0.0354,-0.0380,11720.1,0.0,171.79,171.79,169.10,169.10,8.46989,17.1971,25.366,38.9554,57.7421,76.2017,91.8967,112.122,133.051,163.601,200.0,200.0,200.0,200.0,179.142,68.8264,33.9221,19.9972,8.51462
76.937,0.0000,1.0000,0.0000,6,187.75,0.00,1.57,-0.0281,-0.0380,11749.4,0.0,172.24,172.24,169.52,169.52,8.41054,17.0766,25.1882,38.6822,57.3373,75.667,91.2522,111.336,132.117,162.453,200.0,200.0,200.0,200.0,179.167,69.3444,34.1774,20.1476,8.57866
76.956,0.0000,1.0000,0.0000,6,188.23,0.00,1.60,-0.0208,-0.0380,11782.4,0.0,172.68,172.68,170.00,170.00,8.35106,16.9558,25.01,38.4088,56.9318,75.1322,90.6068,110.548,131.183,161.304,200.0,200.0,200.0,200.0,179.083,69.8628,34.433,20.2983,8.64284
76.980,0.0000,1.0000,0.0000,6,188.71,0.00,1.62,-0.0136,-0.0380,11817.0,0.0,173.12,173.12,170.50,170.50,8.29142,16.8347,24.8315,38.1345,56.5254,74.5956,89.9603,109.76,130.247,160.154,200.0,200.0,200.0,200.0,178.913,70.383,34.6893,20.4494,8.7072
76.999,0.0000,1.0000,0.0000,6,189.19,0.00,1.64,-0.0062,-0.0380,11849.2,0.0,173.56,173.56,170.96,170.96,8.23163,16.7133,24.6525,37.8597,56.1181,74.0586,89.3122,108.969,129.31,159.001,200.0,200.0,200.0,200.0,178.676,70.9037,34.9462,20.6009,8.7717
77.024,0.0000,1.0000,0.0000,6,189.66,0.00,1.67,0.0011,-0.0380,11878.8,0.0,174.00,174.00,171.39,171.39,8.17169,16.5917,24.473,37.5842,55.7101,73.5201,88.6637,108.178,128.37,157.847,200.0,200.0,200.0,200.0,178.382,71.4257,35.2037,20.7528,8.83637
77.043,0.0000,1.0000,0.0000,6,190.15,0.00,1.70,0.0084,-0.0380,11903.6,0.0,174.44,174.44,171.77,171.77,8.1116,16.4697,24.2931,37.3079,55.3007,72.9798,88.0122,107.383,127.428,156.688,200.0,200.0,200.0,200.0,178.042,71.9494,35.4619,20.905,8.90121
77.068,0.0000,1.0000,0.0000,6,190.63,0.00,1.77,0.0158,-0.0380,11924.2,0.0,174.88,174.88,172.05,172.05,8.05135,16.3473,24.1125,37.0305,54.8892,72.4366,87.3568,106.583,126.477,155.519,200.0,200.0,200.0,200.0,177.664,72.4761,35.7212,21.0578,8.96622
77.086,0.0000,1.0000,0.0000,6,191.10,0.00,1.82,0.0232,-0.0380,11954.1,0.0,175.32,175.32,172.48,172.48,7.99094,16.2247,23.9316,36.7526,54.4772,71.8927,86.7008,105.782,125.529,154.352,200.0,200.0,200.0,200.0,177.249,73.0033,35.9809,21.2108,9.0314
77.112,0.0000,1.0000,0.0000,6,191.57,0.00,1.85,0.0306,-0.0380,11986.9,0.0,175.75,175.75,172.95,172.95,7.9304,16.1017,23.7503,36.4742,54.0644,71.3484,86.0438,104.982,124.577,153.182,200.0,200.0,200.0,200.0,176.8,73.5314,36.2411,21.3643,9.09674
77.130,0.0000,1.0000,0.0000,6,192.04,0.00,1.86,0.0380,-0.0380,12020.1,0.0,176.18,176.18,173.43,173.43,7.8697,15.9785,23.5685,36.195,53.6508,70.8023,85.3858,104.178,123.624,152.012,200.0,200.0,200.0,200.0,176.323,74.0604,36.5021,21.5181,9.16223
77.155,0.0000,1.0000,0.0000,6,192.51,0.00,1.89,0.0454,-0.0380,12050.6,0.0,176.62,176.62,173.87,173.87,7.80886,15.855,23.3864,35.9154,53.2363,70.2557,84.7263,103.374,122.671,150.838,200.0,200.0,200.0,200.0,175.819,74.5907,36.7634,21.6722,9.22787
77.175,0.0000,1.0000,0.0000,6,192.98,0.00,1.92,0.0529,-0.0380,12079.3,0.0,177.05,177.05,174.29,174.29,7.74787,15.7312,23.2038,35.6351,52.8209,69.7078,84.0657,102.569,121.715,149.664,200.0,200.0,200.0,200.0,175.292,75.1213,37.0254,21.8267,9.29367
77.199,0.0000,1.0000,0.0000,6,193.45,0.00,1.96,0.0604,-0.0380,12098.9,0.0,177.48,177.48,174.57,174.57,7.68672,15.607,23.0206,35.3536,52.4038,69.1568,83.4017,101.758,120.753,148.481,200.0,200.0,200.0,200.0,174.744,75.6555,37.2884,21.9817,9.35966
77.218,0.0000,1.0000,0.0000,6,193.92,0.00,2.02,0.0679,-0.0380,12124.7,0.0,177.91,177.91,174.94,174.94,7.62542,15.4825,22.8369,35.0715,51.9855,68.6046,82.7355,100.945,119.788,147.293,200.0,200.0,200.0,199.141,174.178,76.1909,37.5521,22.1371,9.4258
77.244,0.0000,1.0000,0.0000,6,194.38,0.00,2.06,0.0754,-0.0380,12155.0,0.0,178.34,178.34,175.38,175.38,7.56398,15.3578,22.653,34.789,51.5667,68.0518,82.0689,100.131,118.821,146.106,200.0,200.0,200.0,198.192,173.592,76.7268,37.8162,22.2928,9.49209
77.262,0.0000,1.0000,0.0000,6,194.84,0.00,2.08,0.0829,-0.0380,12187.5,0.0,178.76,178.76,175.84,175.84,7.5024,15.2327,22.4685,34.5057,51.1468,67.4977,81.4006,99.3165,117.855,144.917,200.0,200.0,200.0,197.241,172.987,77.2639,38.081,22.4488,9.55855
77.286,0.0000,1.0000,0.0000,6,195.30,0.00,2.10,0.0904,-0.0380,12218.9,0.0,179.19,179.19,176.30,176.30,7.44067,15.1074,22.2837,34.2219,50.7262,66.9428,80.7314,98.4994,116.885,143.724,200.0,200.0,200.0,196.288,172.367,77.8019,38.3462,22.6053,9.62515
77.306,0.0000,1.0000,0.0000,6,195.76,0.00,2.13,0.0980,-0.0380,12247.8,0.0,179.61,179.61,176.72,176.72,7.37879,14.9818,22.0984,33.9374,50.3045,66.3864,80.0606,97.6819,115.916,142.533,200.0,200.0,200.0,195.332,171.73,78.3412,38.6121,22.762,9.69191
77.330,0.0000,1.0000,0.0000,6,196.22,0.00,2.15,0.1056,-0.0380,12275.4,0.0,180.03,180.03,177.12,177.12,7.31678,14.8559,21.9127,33.6523,49.8822,65.8292,79.3888,96.8616,114.943,141.337,200.0,200.0,200.0,194.373,171.08,78.8812,38.8785,22.9191,9.75882
77.349,0.0000,1.0000,0.0000,6,196.69,0.00,2.21,0.1132,-0.0380,12293.6,0.0,180.46,180.46,177.38,177.38,7.25459,14.7296,21.7264,33.3661,49.4576,65.2687,78.7125,96.0361,113.962,140.13,200.0,200.0,200.0,193.415,170.417,79.4248,39.1461,23.0768,9.82592
77.374,0.0000,1.0000,0.0000,6,197.15,0.00,2.26,0.1208,-0.0380,12321.7,0.0,180.88,180.88,177.78,177.78,7.19228,14.6031,21.5398,33.0794,49.0324,64.7077,78.0359,95.2104,112.982,138.925,200.0,200.0,200.0,192.454,169.741,79.9687,39.4141,23.2347,9.89316
77.394,0.0000,1.0000,0.0000,6,197.60,0.00,2.29,0.1284,-0.0380,12352.3,0.0,181.29,181.29,178.22,178.22,7.12982,14.4762,21.3527,32.7921,48.6066,64.1457,77.3576,94.3836,112.001,137.718,200.0,200.0,200.0,191.489,169.052,80.5135,39.6826,23.393,9.96056
77.418,0.0000,1.0000,0.0000,6,198.05,0.00,2.30,0.1361,-0.0380,12383.8,0.0,181.71,181.71,178.68,178.68,7.06722,14.3491,21.1652,32.5042,48.18,63.5825,76.679,93.5549,111.018,136.509,200.0,200.0,200.0,190.523,168.351,81.0594,39.9517,23.5516,10.0281
77.437,0.0000,1.0000,0.0000,6,198.50,0.00,2.33,0.1438,-0.0380,12413.1,0.0,182.13,182.13,179.10,179.10,7.00447,14.2218,20.9773,32.2157,47.7523,63.0184,75.9982,92.725,110.033,135.299,200.0,200.0,200.0,189.554,167.638,81.6063,40.2213,23.7106,10.0958
77.462,0.0000,1.0000,0.0000,6,198.95,0.00,2.36,0.1515,-0.0380,12440.8,0.0,182.54,182.54,179.50,179.50,6.94159,14.0941,20.7891,31.9266,47.324,62.453,75.317,91.8934,109.047,134.086,200.0,200.0,200.0,188.582,166.914,82.1543,40.4915,23.8699,10.1636
77.486,0.0000,1.0000,0.0000,6,199.41,0.00,2.40,0.1592,-0.0380,12460.6,0.0,182.96,182.96,179.79,179.79,6.87856,13.9661,20.6002,31.6366,46.8938,61.8855,74.632,91.0581,108.055,132.867,200.0,200.0,200.0,187.61,166.181,82.7045,40.7626,24.0297,10.2317
77.506,0.0000,1.0000,0.0000,6,199.86,0.00,2.45,0.1669,-0.0380,12486.3,0.0,183.37,183.37,180.16,180.16,6.81538,13.8378,20.411,31.3458,46.4628,61.3164,73.9461,90.2203,107.061,131.643,200.0,200.0,199.398,186.635,165.438,83.2564,41.0344,24.1899,10.2998
77.530,0.0000,1.0000,0.0000,6,200.30,0.00,2.48,0.1746,-0.0380,12515.2,0.0,183.78,183.78,180.57,180.57,6.75206,13.7092,20.2213,31.0545,46.0311,60.7464,73.2585,89.3813,106.066,130.42,200.0,200.0,198.354,185.658,164.685,83.8092,41.3067,24.3503,10.3682
77.548,0.0000,1.0000,0.0000,6,200.74,0.00,2.50,0.1824,-0.0380,12545.7,0.0,184.19,184.19,181.01,181.01,6.6886,13.5804,20.0313,30.7627,45.5985,60.1755,72.5701,88.5413,105.068,129.194,200.0,200.0,197.307,184.678,163.923,84.3626,41.5794,24.5111,10.4366
77.574,0.0000,1.0000,0.0000,6,201.18,0.00,2.52,0.1902,-0.0380,12575.2,0.0,184.60,184.60,181.44,181.44,6.625,13.4513,19.8408,30.4701,45.1649,59.6033,71.88,87.7001,104.07,127.966,200.0,200.0,196.258,183.697,163.15,84.9173,41.8528,24.6723,10.5053
77.592,0.0000,1.0000,0.0000,6,201.63,0.00,2.55,0.1979,-0.0380,12602.9,0.0,185.00,185.00,181.84,181.84,6.56126,13.3219,19.6499,30.1771,44.7306,59.0302,71.1889,86.8572,103.07,126.736,200.0,200.0,195.206,182.712,162.369,85.4728,42.1267,24.8338,10.574
77.618,0.0000,1.0000,0.0000,6,202.07,0.00,2.57,0.2058,-0.0380,12626.1,0.0,185.41,185.41,182.19,182.19,6.49738,13.1922,19.4586,29.8833,44.2951,58.4555,70.4958,86.0107,102.066,125.502,200.0,200.0,194.153,181.726,161.581,86.0299,42.4013,24.9957,10.643
77.637,0.0000,1.0000,0.0000,6,202.52,0.00,2.62,0.2136,-0.0380,12648.7,0.0,185.82,185.82,182.50,182.50,6.43336,13.0621,19.2668,29.5887,43.8582,57.8789,69.8003,85.1619,101.058,124.261,200.0,200.0,193.098,180.739,160.784,86.5893,42.6768,25.158,10.712
77.662,0.0000,1.0000,0.0000,6,202.96,0.00,2.66,0.2214,-0.0380,12676.5,0.0,186.22,186.22,182.90,182.90,6.3692,12.9319,19.0746,29.2935,43.4207,57.3013,69.1037,84.3119,100.049,123.02,200.0,200.0,192.041,179.749,159.979,87.1493,42.9527,25.3206,10.7813
77.681,0.0000,1.0000,0.0000,6,203.39,0.00,2.68,0.2293,-0.0380,12705.9,0.0,186.62,186.62,183.33,183.33,6.3049,12.8013,18.8821,28.9978,42.9821,56.7225,68.4056,83.4607,99.0389,121.779,200.0,200.0,190.98,178.756,159.166,87.7106,43.2291,25.4836,10.8507
77.706,0.0000,1.0000,0.0000,6,203.83,0.00,2.70,0.2372,-0.0380,12735.4,0.0,187.03,187.03,183.75,183.75,6.24046,12.6705,18.6891,28.7013,42.5428,56.1428,67.7065,82.6077,98.0267,120.534,200.0,200.0,189.917,177.762,158.346,88.2727,43.5062,25.6469,10.9202
77.724,0.0000,1.0000,0.0000,6,204.26,0.00,2.72,0.2451,-0.0380,12763.0,0.0,187.43,187.43,184.15,184.15,6.17589,12.5394,18.4957,28.4044,42.1028,55.5622,67.0063,81.7529,97.0123,119.287,200.0,200.0,188.852,176.764,157.518,88.8354,43.7837,25.8105,10.9899
77.749,0.0000,1.0000,0.0000,6,204.70,0.00,2.74,0.2530,-0.0380,12789.5,0.0,187.83,187.83,184.54,184.54,6.11118,12.408,18.3019,28.1069,41.6617,54.98,66.3043,80.897,95.9968,118.038,200.0,199.77,187.785,175.765,156.682,89.3998,44.0618,25.9744,11.0597
77.768,0.0000,1.0000,0.0000,6,205.14,0.00,2.79,0.2609,-0.0380,12809.4,0.0,188.23,188.23,184.82,184.82,6.04632,12.2763,18.1076,27.8084,41.2192,54.3959,65.5997,80.0364,94.9752,116.783,200.0,198.633,186.716,174.765,155.841,89.9665,44.3409,26.1389,11.1297
77.792,0.0000,1.0000,0.0000,6,205.57,0.00,2.82,0.2688,-0.0380,12836.1,0.0,188.63,188.63,185.21,185.21,5.98133,12.1443,17.913,27.5094,40.7758,53.8109,64.8937,79.1755,93.9534,115.525,200.0,197.494,185.645,173.762,154.992,90.5339,44.6204,26.3036,11.1998
77.813,0.0000,1.0000,0.0000,6,206.00,0.00,2.85,0.2768,-0.0380,12864.3,0.0,189.03,189.03,185.61,185.61,5.91619,12.0121,17.7179,27.2097,40.3318,53.2247,64.187,78.3127,92.9303,114.267,200.0,196.351,184.571,172.757,154.137,91.1024,44.9005,26.4687,11.2701
77.836,0.0000,1.0000,0.0000,6,206.43,0.00,2.86,0.2848,-0.0380,12893.3,0.0,189.42,189.42,186.03,186.03,5.85093,11.8795,17.5224,26.9096,39.8867,52.6375,63.4785,77.4487,91.9042,113.005,200.0,195.207,183.495,171.75,153.274,91.6717,45.181,26.6341,11.3405
77.856,0.0000,1.0000,0.0000,6,206.86,0.00,2.89,0.2928,-0.0380,12920.7,0.0,189.82,189.82,186.43,186.43,5.78553,11.7468,17.3266,26.6088,39.441,52.0492,62.7694,76.5831,90.877,111.742,200.0,194.059,182.416,170.74,152.405,92.2421,45.4622,26.7999,11.4111
77.880,0.0000,1.0000,0.0000,6,207.29,0.00,2.90,0.3008,-0.0380,12947.2,0.0,190.21,190.21,186.81,186.81,5.71999,11.6137,17.1303,26.3074,38.9942,51.4595,62.0584,75.7162,89.8484,110.477,200.0,192.909,181.335,169.728,151.53,92.8137,45.7439,26.9659,11.4818
77.899,0.0000,1.0000,0.0000,6,207.72,0.00,2.94,0.3088,-0.0380,12967.7,0.0,190.61,190.61,187.11,187.11,5.65431,11.4803,16.9335,26.0052,38.5462,50.8681,61.345,74.8456,88.815,109.206,200.0,191.758,180.253,168.716,150.649,93.3876,46.0265,27.1324,11.5527
77.924,0.0000,1.0000,0.0000,6,208.15,0.00,2.97,0.3169,-0.0380,12993.6,0.0,191.00,191.00,187.48,187.48,5.5885,11.3467,16.7364,25.7024,38.0974,50.2758,60.6306,73.9732,87.7795,107.932,199.728,190.604,179.168,167.7,149.762,93.9621,46.3095,27.2993,11.6237
77.942,0.0000,1.0000,0.0000,6,208.58,0.00,3.00,0.3249,-0.0380,13020.9,0.0,191.39,191.39,187.87,187.87,5.52255,11.2128,16.5389,25.3991,37.6476,49.6822,59.9147,73.0997,86.7428,106.659,198.516,189.447,178.081,166.683,148.869,94.5379,46.5931,27.4664,11.6948
77.968,0.0000,1.0000,0.0000,6,209.00,0.00,3.01,0.3330,-0.0380,13049.1,0.0,191.78,191.78,188.28,188.28,5.45647,11.0786,16.341,25.0951,37.197,49.0875,59.1973,72.225,85.7049,105.381,197.301,188.288,176.991,165.663,147.969,95.1148,46.8773,27.6339,11.7661
77.992,0.0000,1.0000,0.0000,6,209.42,0.00,3.04,0.3411,-0.0380,13076.2,0.0,192.17,192.17,188.67,188.67,5.39025,10.9442,16.1427,24.7905,36.7456,48.4918,58.479,71.3485,84.6648,104.102,196.084,187.127,175.899,164.641,147.064,95.6924,47.162,27.8017,11.8376
78.012,0.0000,1.0000,0.0000,6,209.84,0.00,3.05,0.3492,-0.0380,13102.3,0.0,192.56,192.56,189.05,189.05,5.3239,10.8094,15.944,24.4854,36.2933,47.8948,57.7591,70.4702,83.6226,102.821,194.865,185.963,174.805,163.616,146.153,96.2712,47.4472,27.9698,11.9092
78.036,0.0000,1.0000,0.0000,6,210.27,0.00,3.08,0.3573,-0.0380,13123.6,0.0,192.95,192.95,189.36,189.36,5.25741,10.6744,15.7448,24.1795,35.8397,47.2965,57.0374,69.589,82.5767,101.534,193.643,184.797,173.71,162.591,145.238,96.8516,47.7332,28.1384,11.9809
78.055,0.0000,1.0000,0.0000,6,210.69,0.00,3.11,0.3655,-0.0380,13148.9,0.0,193.34,193.34,189.72,189.72,5.19079,10.5392,15.5452,23.873,35.3854,46.6966,56.3139,68.7066,81.5294,100.246,192.419,183.629,172.612,161.563,144.32,97.4338,48.0198,28.3073,12.0528
78.081,0.0000,1.0000,0.0000,6,211.11,0.00,3.13,0.3736,-0.0380,13175.6,0.0,193.72,193.72,190.11,190.11,5.12403,10.4036,15.3453,23.5659,34.9302,46.0958,55.5893,67.8224,80.4802,98.9558,191.192,182.458,171.511,160.533,143.399,98.0166,48.3069,28.4765,12.1249
78.098,0.0000,1.0000,0.0000,6,211.53,0.00,3.15,0.3818,-0.0380,13202.8,0.0,194.11,194.11,190.50,190.50,5.05715,10.2678,15.145,23.2583,34.4741,45.4941,54.8633,66.9366,79.4289,97.663,189.963,181.285,170.409,159.501,142.478,98.6,48.5945,28.646,12.197
78.125,0.0000,1.0000,0.0000,6,211.94,0.00,3.17,0.3900,-0.0380,13229.5,0.0,194.49,194.49,190.88,190.88,4.99012,10.1317,14.9443,22.95,34.0172,44.8909,54.1362,66.0495,78.3762,96.3686,188.731,180.11,169.303,158.467,141.554,99.1852,48.8827,28.8159,12.2694
78.142,0.0000,1.0000,0.0000,6,212.36,0.00,3.18,0.3982,-0.0380,13255.2,0.0,194.88,194.88,191.26,191.26,4.92297,9.99538,14.7431,22.6412,33.5595,44.2868,53.4077,65.1601,77.3214,95.0718,187.497,178.932,168.196,157.43,140.628,99.7709,49.1714,28.9861,12.3418
78.168,-0.0095,1.0000,0.0000,6,212.78,0.00,3.21,0.4064,-0.0380,13277.1,0.0,195.26,195.26,191.57,191.57,4.85569,9.85874,14.5416,22.3316,33.1005,43.6813,52.677,64.269,76.2631,93.7701,186.261,177.752,167.087,156.392,139.701,100.358,49.4608,29.1567,12.4144
78.187,-0.0086,1.0000,0.0000,6,213.19,-0.01,3.23,0.4146,-0.0376,13302.0,0.0,195.60,195.68,191.93,191.93,4.79048,9.73307,14.3645,22.0803,32.7699,43.2989,52.2717,63.8615,75.8872,93.5015,184.598,176.183,165.635,155.054,138.535,100.447,49.6295,29.2862,12.4812
78.212,-0.0077,1.0000,0.0000,6,213.61,0.07,3.25,0.4228,-0.0367,13328.1,0.0,195.93,196.10,192.31,192.31,4.72767,9.61883,14.2124,21.8877,32.5681,43.1421,52.1953,63.9479,76.2122,94.3058,182.517,174.235,163.848,153.423,137.136,100.035,49.6748,29.3731,12.5415
78.231,-0.0069,1.0000,0.0000,6,214.02,0.16,3.26,0.4308,-0.0358,13354.6,0.0,196.30,196.49,192.69,192.69,4.66584,9.50743,14.0656,21.7065,32.391,43.0286,52.1844,64.1356,76.6878,95.3579,180.377,172.233,162.012,151.748,135.702,99.5411,49.6956,29.4506,12.6
78.255,-0.0062,1.0000,0.0000,6,214.43,0.22,3.28,0.4387,-0.0350,13380.6,0.0,196.69,196.87,193.06,193.06,4.60453,9.3959,13.9173,21.5196,32.1992,42.8892,52.1363,64.2718,77.097,96.3255,178.308,170.294,160.232,150.122,134.305,99.1152,49.7289,29.531,12.6582
78.275,-0.0056,1.0000,0.0000,6,214.84,0.25,3.30,0.4465,-0.0342,13406.0,0.0,197.07,197.23,193.43,193.43,4.54363,9.28322,13.7648,21.3205,31.978,42.6969,52.0102,64.2909,77.3428,97.0545,176.354,168.459,158.542,148.574,132.97,98.7831,49.7882,29.6191,12.7167
78.300,-0.0051,1.0000,0.0000,6,215.25,0.26,3.32,0.4542,-0.0336,13428.2,0.0,197.46,197.60,193.75,193.75,4.48327,9.17004,13.6097,21.1126,31.7342,42.4626,51.8218,64.2171,77.4577,97.8331,174.489,166.705,156.924,147.088,131.683,98.4741,49.8671,29.7125,12.7753
78.318,-0.0045,1.0000,0.0000,6,215.66,0.26,3.34,0.4618,-0.0330,13452.9,0.0,197.85,197.97,194.11,194.11,4.42346,9.05646,13.4521,20.8964,31.4685,42.1878,51.5717,64.0482,77.4365,181.154,172.708,165.027,155.372,145.66,130.441,98.1796,49.9648,29.8114,12.8339
78.342,-0.0041,1.0000,0.0000,6,216.07,0.25,3.35,0.4692,-0.0325,13478.3,0.0,198.23,198.34,194.48,194.48,4.36428,8.94301,13.2933,20.6746,31.1876,41.8827,51.2762,63.8088,77.3132,179.326,170.989,163.405,153.869,144.274,129.232,97.8787,50.0758,29.9136,12.8923
78.362,-0.0037,1.0000,0.0000,6,216.47,0.23,3.36,0.4766,-0.0320,13503.9,0.0,198.61,198.70,194.84,194.84,4.30565,8.82958,13.1332,20.4473,30.891,41.5477,50.9341,63.4965,77.0832,177.565,169.33,161.837,152.414,142.929,128.056,97.5713,50.2001,30.0195,12.9506
78.387,-0.0033,1.0000,0.0000,6,216.88,0.21,3.38,0.4838,-0.0316,13529.3,0.0,198.99,199.07,195.21,195.21,4.24759,8.71646,12.9724,20.2164,30.5835,41.1909,50.5581,63.1297,76.7738,175.851,167.714,160.308,150.993,141.615,126.903,97.2459,50.3336,30.1277,13.0086
78.405,-0.0030,1.0000,0.0000,6,217.28,0.20,3.39,0.4910,-0.0313,13554.3,0.0,199.36,199.44,195.57,195.57,4.18998,8.6033,12.8104,19.9805,30.2623,40.8073,50.1405,62.6981,76.3661,174.193,166.148,158.825,149.611,140.334,125.777,96.9107,50.479,30.2392,13.0666
78.431,-0.0027,1.0000,0.0000,6,217.69,0.18,3.41,0.4981,-0.0310,13576.9,0.0,199.74,199.80,195.90,195.90,4.13277,8.49013,12.6473,19.7403,29.9288,40.3996,49.685,62.2054,75.8682,172.584,164.625,157.38,148.264,139.083,124.674,96.563,50.6351,30.3537,13.1246
78.449,-0.0024,1.0000,0.0000,6,218.09,0.16,3.42,0.5051,-0.0307,13601.4,0.0,200.11,200.17,196.25,196.25,4.07608,8.37769,12.4849,19.5001,29.5933,39.9863,49.22,61.6957,75.3447,170.988,163.116,155.948,146.928,137.841,123.577,96.1816,50.7925,30.4681,13.1821
78.475,-0.0022,1.0000,0.0000,6,218.49,0.15,3.43,0.5121,-0.0305,13626.2,0.0,200.49,200.54,196.61,196.61,4.01969,8.26516,12.3215,19.256,29.2468,39.5514,48.7212,61.1329,74.7394,169.434,161.643,154.549,145.62,136.624,122.501,95.7885,50.9597,30.5853,13.2396
78.493,-0.0020,1.0000,0.0000,6,218.89,0.13,3.44,0.5190,-0.0303,13651.2,0.0,200.86,200.90,196.97,196.97,3.96356,8.15246,12.157,19.0078,28.8894,39.0956,48.1896,60.516,74.0531,167.919,160.206,153.182,144.341,135.432,121.443,95.3836,51.1367,30.7055,13.2973
78.517,-0.0018,1.0000,0.0000,6,219.29,0.11,3.45,0.5258,-0.0301,13675.9,0.0,201.23,201.27,197.33,197.33,3.90775,8.04023,11.9929,18.7597,28.5308,38.6357,47.6508,59.8873,73.3483,166.411,158.776,151.821,143.067,134.244,120.389,94.9497,51.3147,30.8256,13.3546
78.537,-0.0016,1.0000,0.0000,6,219.69,0.10,3.46,0.5326,-0.0299,13700.2,0.0,201.59,201.63,197.68,197.68,3.85229,7.92863,11.8296,18.5128,28.1735,38.1775,47.1138,59.2604,72.6451,164.903,157.344,150.459,141.791,133.055,119.333,94.4832,51.4906,30.9446,13.4116
78.562,-0.0014,1.0000,0.0000,6,220.09,0.10,3.48,0.5394,-0.0297,13723.5,0.0,201.96,202.00,198.01,198.01,3.79713,7.81765,11.6673,18.2671,27.818,37.7216,46.5792,58.6369,71.9466,163.391,155.909,149.094,140.512,131.862,118.274,93.9862,51.664,31.0624,13.4682
78.587,-0.0013,1.0000,0.0000,6,220.48,0.09,3.49,0.5462,-0.0295,13747.7,0.0,202.33,202.36,198.36,198.36,3.74209,7.7063,11.5036,18.0174,27.4522,37.2454,46.0138,57.9633,71.1717,161.913,154.505,147.756,139.258,130.692,117.232,93.4835,51.8475,31.1833,13.525
78.605,-0.0012,1.0000,0.0000,6,220.88,0.08,3.49,0.5529,-0.0294,13772.0,0.0,202.70,202.72,198.71,198.71,3.68708,7.59439,11.3383,17.7631,27.0746,36.7471,45.4136,57.2339,70.3121,160.474,153.136,146.451,138.032,129.545,116.21,92.9773,52.0425,31.3082,13.5822
78.631,-0.0010,1.0000,0.0000,6,221.27,0.07,3.50,0.5596,-0.0293,13796.3,0.0,203.06,203.08,199.06,199.06,3.63221,7.48252,11.1727,17.5077,26.6938,36.2424,44.8032,56.4868,69.4261,159.045,151.776,145.153,136.813,128.404,115.192,92.4527,52.2406,31.4339,13.6394
78.649,-0.0009,1.0000,0.0000,6,221.67,0.06,3.51,0.5662,-0.0293,13820.5,0.0,203.42,203.44,199.41,199.41,3.57747,7.37089,11.0075,17.2525,26.313,35.737,44.1913,55.7375,68.5353,157.616,150.416,143.855,135.593,127.263,114.172,91.9055,52.4383,31.5593,13.6965
78.675,-0.0241,1.0000,0.0000,6,222.06,0.05,3.52,0.5729,-0.0292,13844.3,0.0,203.78,203.80,199.76,199.76,3.52286,7.2595,10.8426,16.9979,25.933,35.2326,43.5806,54.9902,67.6463,156.183,149.052,142.554,134.37,126.118,113.15,91.3357,52.6346,31.6842,13.7534
78.692,-0.0387,1.0000,0.0000,6,222.45,0.04,3.52,0.5794,-0.0281,13868.1,0.0,204.03,204.26,200.10,200.10,3.4725,7.16907,10.7247,16.8581,25.8193,35.2194,43.7222,55.4432,68.5818,153.902,146.917,140.548,132.522,124.425,111.689,90.3112,52.5395,31.7052,13.7946
78.718,-0.0348,1.0000,0.0000,6,222.84,0.23,3.53,0.5857,-0.0253,13892.4,0.0,204.21,204.78,200.45,200.45,3.43023,7.11633,10.6905,16.9241,26.1899,36.1174,45.2863,58.2307,74.5764,150.225,143.508,137.377,129.638,121.819,109.494,88.5506,51.9472,31.5461,13.8079
78.737,-0.0313,1.0000,0.0000,6,223.22,0.59,3.54,0.5915,-0.0215,13917.0,0.0,204.47,205.24,200.81,200.81,3.39434,7.08792,10.7085,17.1183,26.8772,37.652,47.91,62.9193,152.962,145.937,139.54,133.689,126.292,118.801,106.962,86.439,51.1121,31.2919,13.8042
78.762,-0.0282,1.0000,0.0000,6,223.60,0.89,3.54,0.5967,-0.0178,13941.1,0.0,204.81,205.59,201.15,201.15,3.3624,7.06736,10.7394,17.3414,27.6492,39.405,50.9807,68.6633,148.505,141.82,135.72,130.133,123.057,115.878,104.501,84.382,50.3013,31.0369,13.7967
78.780,-0.0254,1.0000,0.0000,6,223.99,1.07,3.54,0.6015,-0.0144,13964.7,0.0,205.20,205.91,201.50,201.50,3.33384,7.04964,10.7701,17.557,28.4123,41.1935,54.2179,151.492,144.471,138.082,132.244,126.889,120.096,113.191,102.226,82.5056,49.5915,30.8098,13.7896
78.805,-0.0228,1.0000,0.0000,6,224.37,1.15,3.54,0.6056,-0.0115,13988.4,0.0,205.59,206.22,201.84,201.84,3.30878,7.03413,10.7984,17.7562,29.1355,42.9459,57.4984,147.59,140.859,134.726,129.113,123.958,117.411,110.746,100.141,80.8231,48.9879,30.6143,13.7833
78.825,-0.0205,1.0000,0.0000,6,224.75,1.16,3.55,0.6091,-0.0089,14011.5,0.0,205.98,206.53,202.17,202.17,3.2874,7.0219,10.8263,17.9424,29.8219,44.6564,60.8059,144.072,137.592,131.68,126.264,121.285,114.953,108.5,98.2142,79.3038,48.4701,30.4441,13.7773
78.849,-0.0185,1.0000,0.0000,6,225.13,1.13,3.55,0.6121,-0.0066,14034.1,0.0,206.36,206.85,202.50,202.50,3.26984,7.01411,10.8566,18.1221,30.4834,46.3422,64.4932,140.851,134.593,128.877,123.635,118.812,112.673,106.409,96.4102,77.9119,48.0169,30.2922,13.7705
78.867,-0.0166,1.0000,0.0000,6,225.51,1.07,3.55,0.6145,-0.0046,14056.6,0.0,206.75,207.17,202.82,202.82,3.25584,7.01016,10.888,18.2914,31.1056,47.9601,147.414,137.904,131.841,126.298,121.211,116.526,110.559,104.463,94.7226,76.6401,47.6261,30.1588,13.7633
78.893,-0.0150,1.0000,0.0000,6,225.89,0.99,3.55,0.6164,-0.0029,14079.2,0.0,207.12,207.50,203.15,203.15,3.24528,7.01049,10.922,18.4544,31.6967,49.5209,144.401,135.174,129.285,123.897,118.948,114.389,108.575,102.633,93.1267,75.4617,47.2834,30.0392,13.7554
78.912,-0.0135,1.0000,0.0000,6,226.27,0.91,3.55,0.6179,-0.0013,14101.9,0.0,207.50,207.83,203.47,203.47,3.23803,7.0155,10.9601,18.6159,32.2692,51.0476,141.58,132.61,126.879,121.632,116.81,112.364,106.693,100.891,91.6002,74.3519,46.9758,29.9292,13.7461
78.936,-0.0121,1.0000,0.0000,6,226.65,0.83,3.55,0.6189,0.0001,14126.2,0.0,207.87,208.16,203.83,203.83,3.23372,7.02443,11.0011,18.7732,32.814,52.5118,138.937,130.198,124.611,119.493,114.786,110.445,104.903,99.2313,90.1398,73.3056,46.7025,29.829,13.736
78.956,-0.0109,1.0000,0.0000,6,227.03,0.75,3.54,0.6196,0.0013,14148.8,0.0,208.23,208.49,204.15,204.15,3.23219,7.03751,11.046,18.93,33.3421,53.9369,136.43,127.904,122.449,117.45,112.85,108.606,103.185,97.6341,88.7297,72.3045,46.4539,29.7353,13.7247
78.980,-0.0098,1.0000,0.0000,6,227.41,0.67,3.55,0.6199,0.0024,14171.1,0.0,208.59,208.83,204.47,204.47,3.23327,7.05496,11.096,19.0905,33.8667,55.4578,134.02,125.694,120.364,115.476,110.977,106.824,101.518,96.0815,87.3553,71.3327,46.2215,29.6452,13.712
78.999,-0.0088,1.0000,0.0000,6,227.79,0.61,3.54,0.6199,0.0034,14193.4,0.0,208.95,209.17,204.80,204.80,3.23676,7.07642,11.1506,19.2543,34.3867,142.444,131.696,123.558,118.345,113.563,109.16,105.093,99.8958,94.5685,86.0122,70.3855,46.0034,29.5582,13.698
79.024,-0.0080,1.0000,0.0000,6,228.16,0.55,3.54,0.6195,0.0043,14215.9,0.0,209.31,209.50,205.12,205.12,3.24238,7.10122,11.2087,19.4188,34.8945,139.964,129.457,121.496,116.393,111.711,107.398,103.413,98.3191,93.0951,84.7013,69.4623,45.801,29.4752,13.6829
79.043,-0.0072,1.0000,0.0000,6,228.54,0.50,3.53,0.6190,0.0052,14240.6,0.0,209.67,209.84,205.47,205.47,3.24991,7.12903,11.2697,19.5831,35.3881,137.576,127.295,119.5,114.502,109.913,105.686,101.779,96.783,91.6574,83.4189,68.5598,45.6131,29.396,13.6671
79.068,-0.0064,1.0000,0.0000,6,228.91,0.45,3.52,0.6182,0.0059,14263.4,0.0,210.02,210.18,205.81,205.81,3.25916,7.15951,11.3335,19.7472,35.8677,135.268,125.199,117.562,112.663,108.163,104.017,100.185,95.2822,90.2513,82.1609,67.6734,45.4381,29.3202,13.6504
79.092,-0.0058,1.0000,0.0000,6,229.29,0.40,3.52,0.6172,0.0065,14285.6,0.0,210.38,210.51,206.13,206.13,3.26991,7.19208,11.3988,19.9083,36.3251,133.039,123.172,115.683,110.877,106.463,102.394,98.6317,93.8182,88.877,80.9289,66.8039,45.2775,29.2487,13.6333
79.112,-0.0052,1.0000,0.0000,6,229.66,0.36,3.52,0.6160,0.0071,14307.5,0.0,210.72,210.85,206.44,206.44,3.28213,7.22722,11.4672,20.0719,36.7787,130.858,121.184,113.837,109.122,104.79,100.796,97.1019,92.3747,87.5211,79.711,65.9395,45.1236,29.1784,13.6153
79.136,-0.0047,1.0000,0.0000,6,230.04,0.33,3.51,0.6146,0.0076,14329.5,0.0,211.07,211.19,206.76,206.76,3.29566,7.26449,11.5379,20.2361,37.2226,128.726,119.236,112.028,107.399,103.146,99.224,95.5965,90.9526,86.184,78.5079,65.0808,44.9775,29.11,13.5966
79.156,-0.0042,1.0000,0.0000,6,230.41,0.29,3.50,0.6131,0.0081,14351.7,0.0,211.42,211.52,207.08,207.08,3.31037,7.3038,11.611,20.4015,37.6606,126.633,117.321,110.246,105.703,101.526,97.6737,94.1104,89.5481,84.862,77.3169,64.2249,44.8306,29.043,13.5773
79.181,-0.0038,1.0000,0.0000,6,230.78,0.27,3.48,0.6114,0.0086,14377.7,0.0,211.77,211.86,207.46,207.46,3.32615,7.34485,11.6859,20.5672,38.0896,124.577,115.438,108.492,104.03,99.9277,96.1438,92.643,88.16,83.5545,76.1374,63.3714,44.6504,28.9775,13.5575
79.199,-0.0034,1.0000,0.0000,6,231.15,0.24,3.47,0.6096,0.0090,14399.3,0.0,212.11,212.19,207.77,207.77,3.34291,7.3876,11.7629,20.7344,38.514,122.549,113.579,106.758,102.376,98.3466,94.6293,91.1895,86.7841,82.2576,74.9662,62.5172,44.4341,28.9128,13.5371
79.225,-0.0031,1.0000,0.0000,6,231.52,0.22,3.47,0.6077,0.0093,14420.8,0.0,212.46,212.53,208.08,208.08,3.36049,7.43151,11.8407,20.8993,38.923,120.559,111.751,105.052,100.747,96.7879,93.1353,89.7549,85.425,80.9756,73.8068,61.6657,44.1875,28.8504,13.5164
79.242,-0.0028,1.0000,0.0000,6,231.89,0.19,3.46,0.6056,0.0096,14442.2,0.0,212.80,212.86,208.39,208.39,3.37881,7.47642,11.9191,21.0623,39.5515,118.602,109.951,103.369,99.1392,95.2489,91.6595,88.337,84.0807,79.7064,72.6578,60.8151,43.9123,28.79,13.4955
79.267,-0.0025,1.0000,0.0000,6,232.25,0.17,3.45,0.6035,0.0099,14463.9,0.0,213.14,213.20,208.70,208.70,3.3979,7.52287,11.9997,21.2281,41.1732,116.655,108.159,101.694,97.5384,93.716,90.1887,86.9234,82.7403,78.4408,71.5111,59.9589,43.606,28.7293,13.474
79.286,-0.0022,1.0000,0.0000,6,232.62,0.16,3.43,0.6013,0.0101,14489.8,0.0,213.48,213.53,209.07,209.07,3.41756,7.56995,12.0804,21.3909,134.607,114.738,106.392,100.04,95.9572,92.2011,88.7345,85.5254,81.4137,77.1868,70.3738,59.103,43.2753,28.6707,13.4524
79.312,-0.0020,1.0000,0.0000,6,232.98,0.14,3.41,0.5991,0.0103,14512.0,0.0,213.82,213.86,209.40,209.40,3.43774,7.61764,12.1612,21.5509,132.36,112.846,104.645,98.4048,94.3925,90.7009,87.2936,84.1395,80.0976,75.9425,69.2442,58.246,42.9213,28.6141,13.4307
79.330,-0.0018,1.0000,0.0000,6,233.35,0.12,3.39,0.5967,0.0105,14533.0,0.0,214.16,214.20,209.70,209.70,3.45847,7.66649,12.2438,21.7135,130.12,110.957,102.903,96.7718,92.8297,89.2025,85.8544,82.7549,78.7828,74.699,68.115,57.3817,42.5409,28.5569,13.4085
79.355,-0.0016,1.0000,0.0000,6,233.71,0.11,3.39,0.5943,0.0107,14553.9,0.0,214.49,214.53,210.00,210.00,3.47976,7.71663,12.3285,21.8805,127.879,109.067,101.158,95.1371,91.2651,87.7024,84.4136,81.3683,77.4662,73.4536,66.9838,56.5087,42.1343,28.4985,13.3858
79.375,-0.0015,1.0000,0.0000,6,234.08,0.10,3.37,0.5919,0.0109,14575.0,0.0,214.83,214.87,210.30,210.30,3.50157,7.768,12.4153,22.0515,125.638,107.176,99.4123,93.5008,89.6989,86.2005,82.971,79.9804,76.1475,72.2064,65.851,55.6273,41.7036,28.439,13.3626
79.399,-0.0013,1.0000,0.0000,6,234.44,0.10,3.36,0.5893,0.0110,14596.4,0.0,215.16,215.20,210.61,210.61,3.52368,7.81937,12.5011,22.217,123.432,105.31,97.688,91.8836,88.1501,84.7145,81.5427,78.6055,74.8412,70.9697,64.7266,54.7456,41.2558,28.3822,13.3395
79.417,-0.0012,1.0000,0.0000,6,234.80,0.08,3.33,0.5868,0.0111,14623.8,0.0,215.50,215.52,211.01,211.01,3.54602,7.87059,12.5855,22.3764,121.263,103.47,95.985,90.2848,86.6183,83.2441,80.1286,77.2437,73.546,69.7434,63.6105,53.8638,40.7922,28.3243,13.3167
79.444,-0.0011,1.0000,0.0000,6,235.16,0.07,3.30,0.5842,0.0112,14644.0,0.0,215.83,215.85,211.30,211.30,3.56868,7.92236,12.6706,22.5361,119.1,101.634,94.2857,88.689,85.089,81.7755,78.7165,75.8835,72.2526,68.5181,62.4949,52.9757,40.3092,28.237,13.2937
79.461,-0.0010,1.0000,0.0000,6,235.52,0.06,3.29,0.5815,0.0113,14664.5,0.0,216.16,216.18,211.60,211.60,3.59166,7.97482,12.7569,22.698,116.936,99.7969,92.5848,87.0916,83.5578,80.3056,77.3028,74.5218,70.9574,67.2911,61.3778,52.0797,39.8065,28.1169,13.2703
79.486,-0.0009,1.0000,0.0000,6,235.88,0.06,3.28,0.5789,0.0114,14684.9,0.0,216.49,216.51,211.89,211.89,3.61494,8.02804,12.8444,22.8958,114.77,97.9567,90.881,85.4913,82.0243,78.8332,75.8867,73.1577,69.6599,66.0621,60.2587,51.1759,39.2848,27.9657,13.2467
79.505,-0.0008,1.0000,0.0000,6,236.24,0.05,3.26,0.5762,0.0115,14705.8,0.0,216.82,216.84,212.19,212.19,3.6385,8.0819,12.933,23.2813,112.6,96.1143,89.1753,83.8892,80.4887,77.3588,74.4685,71.7918,68.3605,64.8312,59.1381,50.2644,38.7449,27.7854,13.2228
79.530,-0.0007,1.0000,0.0000,6,236.59,0.05,3.23,0.5734,0.0116,14733.7,0.0,217.15,217.17,212.59,212.59,3.66235,8.13644,13.0227,23.9624,110.428,94.2694,87.467,82.2847,78.9509,75.882,73.0483,70.4236,67.0592,63.5983,58.0155,49.3453,38.1879,27.5775,13.1986
79.549,-0.0006,1.0000,0.0000,6,236.95,0.05,3.19,0.5707,0.0117,14754.0,0.0,217.47,217.50,212.89,212.89,3.68647,8.1917,13.1138,25.1565,108.251,92.4202,85.755,80.6771,77.4098,74.4024,71.6251,69.0529,65.7552,62.363,56.8906,48.4186,37.6141,27.3434,13.1741
79.574,-0.0006,1.0000,0.0000,6,237.30,0.05,3.17,0.5679,0.0118,14773.9,0.0,217.80,217.82,213.17,213.17,3.71086,8.24761,13.206,27.66,106.072,90.5691,84.0409,79.0667,75.8665,72.9204,70.1997,67.6797,64.4491,61.1257,55.7637,47.4846,37.0244,27.0844,13.1493
79.593,-0.0005,1.0000,0.0000,6,237.66,0.05,3.16,0.5650,0.0119,14793.7,0.0,218.13,218.15,213.46,213.46,3.73552,8.30417,13.2994,158.381,103.89,88.7152,82.3244,77.4548,74.3213,71.4366,68.7725,66.3049,63.1414,59.8867,54.6355,46.5438,36.4196,26.8018,13.1242
79.618,-0.0005,1.0000,0.0000,6,238.01,0.05,3.14,0.5622,0.0120,14813.9,0.0,218.45,218.47,213.75,213.75,3.76044,8.36128,13.3938,155.0,101.709,86.8614,80.6077,75.8419,72.775,69.9518,67.3444,64.9292,61.8324,58.6466,53.5061,45.5968,35.8006,26.4971,13.099
79.643,-0.0004,1.0000,0.0000,6,238.36,0.05,3.11,0.5593,0.0121,14839.2,0.0,218.78,218.80,214.10,214.10,3.78539,8.4177,13.5355,151.692,99.5579,85.029,78.9088,74.2448,71.2435,68.4803,65.9285,63.5644,60.5335,57.4154,52.3835,44.6493,35.1721,26.1735,13.0741
79.661,-0.0004,1.0000,0.0000,6,238.71,0.03,3.06,0.5564,0.0121,14863.1,0.0,219.11,219.11,214.46,214.46,3.81031,8.47323,13.7736,148.455,97.4355,83.2167,77.2274,72.663,69.7256,67.0213,64.5239,62.2105,59.2442,56.1924,51.2682,43.7011,34.5345,25.8324,13.0497
79.686,-0.0003,1.0000,0.0000,6,239.06,0.02,3.03,0.5535,0.0121,14882.0,0.0,219.44,219.43,214.73,214.73,3.8353,8.52866,14.1313,145.234,95.3191,81.4087,75.5491,71.0838,68.2102,65.5645,63.1213,60.8579,57.9562,54.9707,50.1533,42.7507,33.8848,25.4721,13.0245
79.705,-0.0003,1.0000,0.0000,6,239.42,0.02,3.02,0.5506,0.0121,14901.4,0.0,219.76,219.76,215.01,215.01,3.86038,8.5944,14.6389,142.011,93.2012,79.5984,73.8691,69.5027,66.6928,64.1061,61.7171,59.5041,56.6665,53.7474,49.0371,41.7989,33.2224,25.093,12.9855
79.730,-0.0003,1.0000,0.0000,6,239.77,0.01,2.96,0.5476,0.0121,14921.2,0.0,220.07,220.07,215.30,215.30,3.88555,8.70979,15.3417,138.782,91.0783,77.785,72.186,67.9186,65.1729,62.6449,60.3102,58.1475,55.3746,52.5219,47.9187,40.8454,32.5474,24.6954,12.9287
79.749,-0.0002,1.0000,0.0000,6,240.12,0.01,2.90,0.5447,0.0121,14941.9,0.0,220.39,220.39,215.60,215.60,3.91079,8.884,16.3123,135.543,88.9508,75.9674,70.4989,66.3312,63.6493,61.1805,58.9003,56.7882,54.0801,51.2939,46.7982,39.8904,31.8602,24.2802,12.8545
79.775,-0.0002,1.0000,0.0000,6,240.44,0.00,2.73,0.5418,0.0121,14984.4,0.0,220.70,220.70,216.21,216.21,3.93608,9.12386,17.6837,132.298,86.8189,74.1468,68.8087,64.7411,62.1236,59.7136,57.4882,55.4265,52.7834,50.0638,45.676,38.9335,31.1614,23.8479,12.7631
79.793,-0.0002,1.0000,0.0000,6,240.80,0.00,2.57,0.5388,0.0121,14997.4,0.0,221.02,221.01,216.40,216.40,3.97265,9.43798,19.7596,129.044,84.6824,72.3217,67.1154,63.1477,60.5942,58.2438,56.073,54.0622,51.484,48.8316,44.5516,37.9751,30.4509,23.3993,12.6551
79.817,0.0203,1.0000,0.0000,6,241.16,0.00,2.16,0.5351,0.0130,15016.6,0.0,221.29,221.29,216.68,216.68,4.03731,9.85012,23.791,125.772,82.5337,70.4861,65.4118,61.5446,59.0562,56.7651,54.6494,52.6897,50.1767,47.5916,43.4202,37.0105,29.7248,22.9293,12.5259
